specification,target_quarter,horizon,lag_mode,factor,variable,block,loading
DFM-1,2023Q2,H1,standard,1,industrial_production,PRODUCTION,-0.1957264251663732
DFM-1,2023Q2,H1,standard,1,ppi,PRICES,0.31780367672892801
DFM-1,2023Q2,H1,standard,1,usd_uzs,FINANCIAL,0.50254739673774984
DFM-1,2023Q2,H1,standard,1,rub_uzs,FINANCIAL,-0.16045931464676649
DFM-1,2023Q2,H1,standard,1,gold_price,EXTERNAL,0.45507266761635751
DFM-1,2023Q2,H1,standard,1,m2,FINANCIAL,-0.23255355498257729
DFM-1,2023Q2,H1,standard,1,fx_reserves_ex_gold,FINANCIAL,0.1172946118856133
DFM-1,2023Q2,H1,conservative,1,industrial_production,PRODUCTION,-0.19578731597296831
DFM-1,2023Q2,H1,conservative,1,ppi,PRICES,0.31792733261252543
DFM-1,2023Q2,H1,conservative,1,usd_uzs,FINANCIAL,0.50205611119789106
DFM-1,2023Q2,H1,conservative,1,rub_uzs,FINANCIAL,-0.16451163890825851
DFM-1,2023Q2,H1,conservative,1,gold_price,EXTERNAL,0.46134591117583651
DFM-1,2023Q2,H1,conservative,1,m2,FINANCIAL,-0.2302211527645949
DFM-1,2023Q2,H1,conservative,1,fx_reserves_ex_gold,FINANCIAL,0.1088694648012305
DFM-1,2023Q2,H2,standard,1,industrial_production,PRODUCTION,0.044391130455233199
DFM-1,2023Q2,H2,standard,1,ppi,PRICES,-0.00085379982868179997
DFM-1,2023Q2,H2,standard,1,usd_uzs,FINANCIAL,-0.065763474721590998
DFM-1,2023Q2,H2,standard,1,rub_uzs,FINANCIAL,0.039857453947298199
DFM-1,2023Q2,H2,standard,1,gold_price,EXTERNAL,-0.065183203485751295
DFM-1,2023Q2,H2,standard,1,m2,FINANCIAL,0.47683658432816201
DFM-1,2023Q2,H2,standard,1,fx_reserves_ex_gold,FINANCIAL,-0.2045451941280772
DFM-1,2023Q2,H2,conservative,1,industrial_production,PRODUCTION,0.044391130455233199
DFM-1,2023Q2,H2,conservative,1,ppi,PRICES,-0.00085379982868179997
DFM-1,2023Q2,H2,conservative,1,usd_uzs,FINANCIAL,-0.065763474721590998
DFM-1,2023Q2,H2,conservative,1,rub_uzs,FINANCIAL,0.039857453947298199
DFM-1,2023Q2,H2,conservative,1,gold_price,EXTERNAL,-0.065183203485751295
DFM-1,2023Q2,H2,conservative,1,m2,FINANCIAL,0.47683658432816201
DFM-1,2023Q2,H2,conservative,1,fx_reserves_ex_gold,FINANCIAL,-0.2045451941280772
DFM-1,2023Q2,H3,standard,1,industrial_production,PRODUCTION,0.044391130455233199
DFM-1,2023Q2,H3,standard,1,ppi,PRICES,-0.00085379982868179997
DFM-1,2023Q2,H3,standard,1,usd_uzs,FINANCIAL,-0.065763474721590998
DFM-1,2023Q2,H3,standard,1,rub_uzs,FINANCIAL,0.039857453947298199
DFM-1,2023Q2,H3,standard,1,gold_price,EXTERNAL,-0.065183203485751295
DFM-1,2023Q2,H3,standard,1,m2,FINANCIAL,0.47683658432816201
DFM-1,2023Q2,H3,standard,1,fx_reserves_ex_gold,FINANCIAL,-0.2045451941280772
DFM-1,2023Q2,H3,conservative,1,industrial_production,PRODUCTION,0.044391130455233199
DFM-1,2023Q2,H3,conservative,1,ppi,PRICES,-0.00085379982868179997
DFM-1,2023Q2,H3,conservative,1,usd_uzs,FINANCIAL,-0.065763474721590998
DFM-1,2023Q2,H3,conservative,1,rub_uzs,FINANCIAL,0.039857453947298199
DFM-1,2023Q2,H3,conservative,1,gold_price,EXTERNAL,-0.065183203485751295
DFM-1,2023Q2,H3,conservative,1,m2,FINANCIAL,0.47683658432816201
DFM-1,2023Q2,H3,conservative,1,fx_reserves_ex_gold,FINANCIAL,-0.2045451941280772
DFM-1,2023Q3,H1,standard,1,industrial_production,PRODUCTION,-0.1971579175854121
DFM-1,2023Q3,H1,standard,1,ppi,PRICES,0.33276402763605922
DFM-1,2023Q3,H1,standard,1,usd_uzs,FINANCIAL,0.523648243541458
DFM-1,2023Q3,H1,standard,1,rub_uzs,FINANCIAL,-0.13483001647446929
DFM-1,2023Q3,H1,standard,1,gold_price,EXTERNAL,0.427614803898688
DFM-1,2023Q3,H1,standard,1,m2,FINANCIAL,-0.2030392483642216
DFM-1,2023Q3,H1,standard,1,fx_reserves_ex_gold,FINANCIAL,0.1460625533869539
DFM-1,2023Q3,H1,conservative,1,industrial_production,PRODUCTION,-0.2049771001106922
DFM-1,2023Q3,H1,conservative,1,ppi,PRICES,0.32658097265704478
DFM-1,2023Q3,H1,conservative,1,usd_uzs,FINANCIAL,0.51509609987873783
DFM-1,2023Q3,H1,conservative,1,rub_uzs,FINANCIAL,-0.13299495744570661
DFM-1,2023Q3,H1,conservative,1,gold_price,EXTERNAL,0.42690600778861132
DFM-1,2023Q3,H1,conservative,1,m2,FINANCIAL,-0.22544855686330259
DFM-1,2023Q3,H1,conservative,1,fx_reserves_ex_gold,FINANCIAL,0.16054002441391521
DFM-1,2023Q3,H2,standard,1,industrial_production,PRODUCTION,-0.2062209232563742
DFM-1,2023Q3,H2,standard,1,ppi,PRICES,0.32843744374378969
DFM-1,2023Q3,H2,standard,1,usd_uzs,FINANCIAL,0.51964808499597415
DFM-1,2023Q3,H2,standard,1,rub_uzs,FINANCIAL,-0.13514977448829929
DFM-1,2023Q3,H2,standard,1,gold_price,EXTERNAL,0.42822067147324361
DFM-1,2023Q3,H2,standard,1,m2,FINANCIAL,-0.20606573355826349
DFM-1,2023Q3,H2,standard,1,fx_reserves_ex_gold,FINANCIAL,0.15163177001088901
DFM-1,2023Q3,H2,conservative,1,industrial_production,PRODUCTION,-0.2062209232563742
DFM-1,2023Q3,H2,conservative,1,ppi,PRICES,0.32843744374378969
DFM-1,2023Q3,H2,conservative,1,usd_uzs,FINANCIAL,0.51964808499597415
DFM-1,2023Q3,H2,conservative,1,rub_uzs,FINANCIAL,-0.13514977448829929
DFM-1,2023Q3,H2,conservative,1,gold_price,EXTERNAL,0.42822067147324361
DFM-1,2023Q3,H2,conservative,1,m2,FINANCIAL,-0.20606573355826349
DFM-1,2023Q3,H2,conservative,1,fx_reserves_ex_gold,FINANCIAL,0.15163177001088901
DFM-1,2023Q3,H3,standard,1,industrial_production,PRODUCTION,-0.2062209232563742
DFM-1,2023Q3,H3,standard,1,ppi,PRICES,0.32843744374378969
DFM-1,2023Q3,H3,standard,1,usd_uzs,FINANCIAL,0.51964808499597415
DFM-1,2023Q3,H3,standard,1,rub_uzs,FINANCIAL,-0.13514977448829929
DFM-1,2023Q3,H3,standard,1,gold_price,EXTERNAL,0.42822067147324361
DFM-1,2023Q3,H3,standard,1,m2,FINANCIAL,-0.20606573355826349
DFM-1,2023Q3,H3,standard,1,fx_reserves_ex_gold,FINANCIAL,0.15163177001088901
DFM-1,2023Q3,H3,conservative,1,industrial_production,PRODUCTION,-0.2062209232563742
DFM-1,2023Q3,H3,conservative,1,ppi,PRICES,0.32843744374378969
DFM-1,2023Q3,H3,conservative,1,usd_uzs,FINANCIAL,0.51964808499597415
DFM-1,2023Q3,H3,conservative,1,rub_uzs,FINANCIAL,-0.13514977448829929
DFM-1,2023Q3,H3,conservative,1,gold_price,EXTERNAL,0.42822067147324361
DFM-1,2023Q3,H3,conservative,1,m2,FINANCIAL,-0.20606573355826349
DFM-1,2023Q3,H3,conservative,1,fx_reserves_ex_gold,FINANCIAL,0.15163177001088901
DFM-1,2023Q4,H1,standard,1,industrial_production,PRODUCTION,-0.20990496388906429
DFM-1,2023Q4,H1,standard,1,ppi,PRICES,0.33633326829719479
DFM-1,2023Q4,H1,standard,1,usd_uzs,FINANCIAL,0.47706002653992308
DFM-1,2023Q4,H1,standard,1,rub_uzs,FINANCIAL,-0.15014837050165031
DFM-1,2023Q4,H1,standard,1,gold_price,EXTERNAL,0.45134158259380958
DFM-1,2023Q4,H1,standard,1,m2,FINANCIAL,-0.23763180741369011
DFM-1,2023Q4,H1,standard,1,fx_reserves_ex_gold,FINANCIAL,0.1019436439169632
DFM-1,2023Q4,H2,standard,1,industrial_production,PRODUCTION,-0.21459029285061609
DFM-1,2023Q4,H2,standard,1,ppi,PRICES,0.33461420819433868
DFM-1,2023Q4,H2,standard,1,usd_uzs,FINANCIAL,0.4703400121388116
DFM-1,2023Q4,H2,standard,1,rub_uzs,FINANCIAL,-0.14975519024115011
DFM-1,2023Q4,H2,standard,1,gold_price,EXTERNAL,0.45409281020265008
DFM-1,2023Q4,H2,standard,1,m2,FINANCIAL,-0.2410520471563635
DFM-1,2023Q4,H2,standard,1,fx_reserves_ex_gold,FINANCIAL,0.11171173869808471
DFM-1,2023Q4,H2,conservative,1,industrial_production,PRODUCTION,-0.21459029285061609
DFM-1,2023Q4,H2,conservative,1,ppi,PRICES,0.33461420819433868
DFM-1,2023Q4,H2,conservative,1,usd_uzs,FINANCIAL,0.4703400121388116
DFM-1,2023Q4,H2,conservative,1,rub_uzs,FINANCIAL,-0.14975519024115011
DFM-1,2023Q4,H2,conservative,1,gold_price,EXTERNAL,0.45409281020265008
DFM-1,2023Q4,H2,conservative,1,m2,FINANCIAL,-0.2410520471563635
DFM-1,2023Q4,H2,conservative,1,fx_reserves_ex_gold,FINANCIAL,0.11171173869808471
DFM-1,2023Q4,H3,standard,1,industrial_production,PRODUCTION,-0.21459029285061609
DFM-1,2023Q4,H3,standard,1,ppi,PRICES,0.33461420819433868
DFM-1,2023Q4,H3,standard,1,usd_uzs,FINANCIAL,0.4703400121388116
DFM-1,2023Q4,H3,standard,1,rub_uzs,FINANCIAL,-0.14975519024115011
DFM-1,2023Q4,H3,standard,1,gold_price,EXTERNAL,0.45409281020265008
DFM-1,2023Q4,H3,standard,1,m2,FINANCIAL,-0.2410520471563635
DFM-1,2023Q4,H3,standard,1,fx_reserves_ex_gold,FINANCIAL,0.11171173869808471
DFM-1,2023Q4,H3,conservative,1,industrial_production,PRODUCTION,-0.21459029285061609
DFM-1,2023Q4,H3,conservative,1,ppi,PRICES,0.33461420819433868
DFM-1,2023Q4,H3,conservative,1,usd_uzs,FINANCIAL,0.4703400121388116
DFM-1,2023Q4,H3,conservative,1,rub_uzs,FINANCIAL,-0.14975519024115011
DFM-1,2023Q4,H3,conservative,1,gold_price,EXTERNAL,0.45409281020265008
DFM-1,2023Q4,H3,conservative,1,m2,FINANCIAL,-0.2410520471563635
DFM-1,2023Q4,H3,conservative,1,fx_reserves_ex_gold,FINANCIAL,0.11171173869808471
DFM-1,2024Q2,H1,standard,1,industrial_production,PRODUCTION,-0.15466991852046841
DFM-1,2024Q2,H1,standard,1,ppi,PRICES,0.31437249400434653
DFM-1,2024Q2,H1,standard,1,usd_uzs,FINANCIAL,0.51290939926240076
DFM-1,2024Q2,H1,standard,1,rub_uzs,FINANCIAL,-0.14434715163177911
DFM-1,2024Q2,H1,standard,1,gold_price,EXTERNAL,0.4177109205395525
DFM-1,2024Q2,H1,standard,1,m2,FINANCIAL,-0.25130555160103257
DFM-1,2024Q2,H1,standard,1,fx_reserves_ex_gold,FINANCIAL,0.047863297420883397
DFM-1,2024Q2,H1,conservative,1,industrial_production,PRODUCTION,-0.15461378066945519
DFM-1,2024Q2,H1,conservative,1,ppi,PRICES,0.31668943984831138
DFM-1,2024Q2,H1,conservative,1,usd_uzs,FINANCIAL,0.515123139076063
DFM-1,2024Q2,H1,conservative,1,rub_uzs,FINANCIAL,-0.14463907526721159
DFM-1,2024Q2,H1,conservative,1,gold_price,EXTERNAL,0.4183309123246311
DFM-1,2024Q2,H1,conservative,1,m2,FINANCIAL,-0.2451161190620873
DFM-1,2024Q2,H1,conservative,1,fx_reserves_ex_gold,FINANCIAL,0.046652227348726302
DFM-1,2024Q2,H2,standard,1,industrial_production,PRODUCTION,-0.15624307123315589
DFM-1,2024Q2,H2,standard,1,ppi,PRICES,0.3074142367113607
DFM-1,2024Q2,H2,standard,1,usd_uzs,FINANCIAL,0.50397814543165598
DFM-1,2024Q2,H2,standard,1,rub_uzs,FINANCIAL,-0.14196660369289629
DFM-1,2024Q2,H2,standard,1,gold_price,EXTERNAL,0.41181712769987833
DFM-1,2024Q2,H2,standard,1,m2,FINANCIAL,-0.26117493428827881
DFM-1,2024Q2,H2,standard,1,fx_reserves_ex_gold,FINANCIAL,0.055232960630043203
DFM-1,2024Q2,H2,conservative,1,industrial_production,PRODUCTION,-0.15624307123315589
DFM-1,2024Q2,H2,conservative,1,ppi,PRICES,0.3074142367113607
DFM-1,2024Q2,H2,conservative,1,usd_uzs,FINANCIAL,0.50397814543165598
DFM-1,2024Q2,H2,conservative,1,rub_uzs,FINANCIAL,-0.14196660369289629
DFM-1,2024Q2,H2,conservative,1,gold_price,EXTERNAL,0.41181712769987833
DFM-1,2024Q2,H2,conservative,1,m2,FINANCIAL,-0.26117493428827881
DFM-1,2024Q2,H2,conservative,1,fx_reserves_ex_gold,FINANCIAL,0.055232960630043203
DFM-1,2024Q2,H3,standard,1,industrial_production,PRODUCTION,-0.15624307123315589
DFM-1,2024Q2,H3,standard,1,ppi,PRICES,0.3074142367113607
DFM-1,2024Q2,H3,standard,1,usd_uzs,FINANCIAL,0.50397814543165598
DFM-1,2024Q2,H3,standard,1,rub_uzs,FINANCIAL,-0.14196660369289629
DFM-1,2024Q2,H3,standard,1,gold_price,EXTERNAL,0.41181712769987833
DFM-1,2024Q2,H3,standard,1,m2,FINANCIAL,-0.26117493428827881
DFM-1,2024Q2,H3,standard,1,fx_reserves_ex_gold,FINANCIAL,0.055232960630043203
DFM-1,2024Q2,H3,conservative,1,industrial_production,PRODUCTION,-0.15624307123315589
DFM-1,2024Q2,H3,conservative,1,ppi,PRICES,0.3074142367113607
DFM-1,2024Q2,H3,conservative,1,usd_uzs,FINANCIAL,0.50397814543165598
DFM-1,2024Q2,H3,conservative,1,rub_uzs,FINANCIAL,-0.14196660369289629
DFM-1,2024Q2,H3,conservative,1,gold_price,EXTERNAL,0.41181712769987833
DFM-1,2024Q2,H3,conservative,1,m2,FINANCIAL,-0.26117493428827881
DFM-1,2024Q2,H3,conservative,1,fx_reserves_ex_gold,FINANCIAL,0.055232960630043203
DFM-1,2024Q3,H1,standard,1,industrial_production,PRODUCTION,-0.10313287393412331
DFM-1,2024Q3,H1,standard,1,ppi,PRICES,0.3265841248393232
DFM-1,2024Q3,H1,standard,1,usd_uzs,FINANCIAL,0.52673984660282647
DFM-1,2024Q3,H1,standard,1,rub_uzs,FINANCIAL,-0.1483518529319951
DFM-1,2024Q3,H1,standard,1,gold_price,EXTERNAL,0.41111501343628892
DFM-1,2024Q3,H1,standard,1,m2,FINANCIAL,-0.25100366626838683
DFM-1,2024Q3,H1,standard,1,fx_reserves_ex_gold,FINANCIAL,0.0066824567837028004
DFM-1,2024Q3,H1,conservative,1,industrial_production,PRODUCTION,-0.1025338402769685
DFM-1,2024Q3,H1,conservative,1,ppi,PRICES,0.33035027442508019
DFM-1,2024Q3,H1,conservative,1,usd_uzs,FINANCIAL,0.52936117869738408
DFM-1,2024Q3,H1,conservative,1,rub_uzs,FINANCIAL,-0.14876313896189119
DFM-1,2024Q3,H1,conservative,1,gold_price,EXTERNAL,0.41344396513789938
DFM-1,2024Q3,H1,conservative,1,m2,FINANCIAL,-0.2390614565477821
DFM-1,2024Q3,H1,conservative,1,fx_reserves_ex_gold,FINANCIAL,0.0040397207035348
DFM-1,2024Q3,H2,standard,1,industrial_production,PRODUCTION,-0.11761142400256221
DFM-1,2024Q3,H2,standard,1,ppi,PRICES,0.32329002246518901
DFM-1,2024Q3,H2,standard,1,usd_uzs,FINANCIAL,0.52673947061097814
DFM-1,2024Q3,H2,standard,1,rub_uzs,FINANCIAL,-0.1491141425740819
DFM-1,2024Q3,H2,standard,1,gold_price,EXTERNAL,0.41121184812026118
DFM-1,2024Q3,H2,standard,1,m2,FINANCIAL,-0.2513023642498341
DFM-1,2024Q3,H2,standard,1,fx_reserves_ex_gold,FINANCIAL,0.0136915739802162
DFM-1,2024Q3,H2,conservative,1,industrial_production,PRODUCTION,-0.11761142400256221
DFM-1,2024Q3,H2,conservative,1,ppi,PRICES,0.32329002246518901
DFM-1,2024Q3,H2,conservative,1,usd_uzs,FINANCIAL,0.52673947061097814
DFM-1,2024Q3,H2,conservative,1,rub_uzs,FINANCIAL,-0.1491141425740819
DFM-1,2024Q3,H2,conservative,1,gold_price,EXTERNAL,0.41121184812026118
DFM-1,2024Q3,H2,conservative,1,m2,FINANCIAL,-0.2513023642498341
DFM-1,2024Q3,H2,conservative,1,fx_reserves_ex_gold,FINANCIAL,0.0136915739802162
DFM-1,2024Q3,H3,standard,1,industrial_production,PRODUCTION,-0.11761142400256221
DFM-1,2024Q3,H3,standard,1,ppi,PRICES,0.32329002246518901
DFM-1,2024Q3,H3,standard,1,usd_uzs,FINANCIAL,0.52673947061097814
DFM-1,2024Q3,H3,standard,1,rub_uzs,FINANCIAL,-0.1491141425740819
DFM-1,2024Q3,H3,standard,1,gold_price,EXTERNAL,0.41121184812026118
DFM-1,2024Q3,H3,standard,1,m2,FINANCIAL,-0.2513023642498341
DFM-1,2024Q3,H3,standard,1,fx_reserves_ex_gold,FINANCIAL,0.0136915739802162
DFM-1,2024Q3,H3,conservative,1,industrial_production,PRODUCTION,-0.11761142400256221
DFM-1,2024Q3,H3,conservative,1,ppi,PRICES,0.32329002246518901
DFM-1,2024Q3,H3,conservative,1,usd_uzs,FINANCIAL,0.52673947061097814
DFM-1,2024Q3,H3,conservative,1,rub_uzs,FINANCIAL,-0.1491141425740819
DFM-1,2024Q3,H3,conservative,1,gold_price,EXTERNAL,0.41121184812026118
DFM-1,2024Q3,H3,conservative,1,m2,FINANCIAL,-0.2513023642498341
DFM-1,2024Q3,H3,conservative,1,fx_reserves_ex_gold,FINANCIAL,0.0136915739802162
DFM-1,2024Q4,H1,standard,1,industrial_production,PRODUCTION,-0.1283296946818222
DFM-1,2024Q4,H1,standard,1,ppi,PRICES,0.31915686018142547
DFM-1,2024Q4,H1,standard,1,usd_uzs,FINANCIAL,0.54666406794907951
DFM-1,2024Q4,H1,standard,1,rub_uzs,FINANCIAL,-0.14077788558105311
DFM-1,2024Q4,H1,standard,1,gold_price,EXTERNAL,0.36838033131463488
DFM-1,2024Q4,H1,standard,1,m2,FINANCIAL,-0.25035287929462019
DFM-1,2024Q4,H1,standard,1,fx_reserves_ex_gold,FINANCIAL,0.027990298674349001
DFM-1,2024Q4,H1,conservative,1,industrial_production,PRODUCTION,-0.1322338370299925
DFM-1,2024Q4,H1,conservative,1,ppi,PRICES,0.31508677382065842
DFM-1,2024Q4,H1,conservative,1,usd_uzs,FINANCIAL,0.53939096395390507
DFM-1,2024Q4,H1,conservative,1,rub_uzs,FINANCIAL,-0.14204822884468529
DFM-1,2024Q4,H1,conservative,1,gold_price,EXTERNAL,0.37314584931358891
DFM-1,2024Q4,H1,conservative,1,m2,FINANCIAL,-0.2603753050724335
DFM-1,2024Q4,H1,conservative,1,fx_reserves_ex_gold,FINANCIAL,0.036655715558713997
DFM-1,2024Q4,H2,standard,1,industrial_production,PRODUCTION,-0.12802753977815681
DFM-1,2024Q4,H2,standard,1,ppi,PRICES,0.31931037030211412
DFM-1,2024Q4,H2,standard,1,usd_uzs,FINANCIAL,0.54713171384226
DFM-1,2024Q4,H2,standard,1,rub_uzs,FINANCIAL,-0.14031417274998689
DFM-1,2024Q4,H2,standard,1,gold_price,EXTERNAL,0.36694696980682928
DFM-1,2024Q4,H2,standard,1,m2,FINANCIAL,-0.2508606169111624
DFM-1,2024Q4,H2,standard,1,fx_reserves_ex_gold,FINANCIAL,0.026948836071022601
DFM-1,2024Q4,H2,conservative,1,industrial_production,PRODUCTION,-0.12802753977815681
DFM-1,2024Q4,H2,conservative,1,ppi,PRICES,0.31931037030211412
DFM-1,2024Q4,H2,conservative,1,usd_uzs,FINANCIAL,0.54713171384226
DFM-1,2024Q4,H2,conservative,1,rub_uzs,FINANCIAL,-0.14031417274998689
DFM-1,2024Q4,H2,conservative,1,gold_price,EXTERNAL,0.36694696980682928
DFM-1,2024Q4,H2,conservative,1,m2,FINANCIAL,-0.2508606169111624
DFM-1,2024Q4,H2,conservative,1,fx_reserves_ex_gold,FINANCIAL,0.026948836071022601
DFM-1,2024Q4,H3,standard,1,industrial_production,PRODUCTION,-0.12802753977815681
DFM-1,2024Q4,H3,standard,1,ppi,PRICES,0.31931037030211412
DFM-1,2024Q4,H3,standard,1,usd_uzs,FINANCIAL,0.54713171384226
DFM-1,2024Q4,H3,standard,1,rub_uzs,FINANCIAL,-0.14031417274998689
DFM-1,2024Q4,H3,standard,1,gold_price,EXTERNAL,0.36694696980682928
DFM-1,2024Q4,H3,standard,1,m2,FINANCIAL,-0.2508606169111624
DFM-1,2024Q4,H3,standard,1,fx_reserves_ex_gold,FINANCIAL,0.026948836071022601
DFM-1,2024Q4,H3,conservative,1,industrial_production,PRODUCTION,-0.12802753977815681
DFM-1,2024Q4,H3,conservative,1,ppi,PRICES,0.31931037030211412
DFM-1,2024Q4,H3,conservative,1,usd_uzs,FINANCIAL,0.54713171384226
DFM-1,2024Q4,H3,conservative,1,rub_uzs,FINANCIAL,-0.14031417274998689
DFM-1,2024Q4,H3,conservative,1,gold_price,EXTERNAL,0.36694696980682928
DFM-1,2024Q4,H3,conservative,1,m2,FINANCIAL,-0.2508606169111624
DFM-1,2024Q4,H3,conservative,1,fx_reserves_ex_gold,FINANCIAL,0.026948836071022601
DFM-1,2025Q1,H1,standard,1,industrial_production,PRODUCTION,-0.1278150584543834
DFM-1,2025Q1,H1,standard,1,ppi,PRICES,0.32614472468590661
DFM-1,2025Q1,H1,standard,1,usd_uzs,FINANCIAL,0.55234499589747854
DFM-1,2025Q1,H1,standard,1,rub_uzs,FINANCIAL,-0.12556803851645409
DFM-1,2025Q1,H1,standard,1,gold_price,EXTERNAL,0.35913927005480778
DFM-1,2025Q1,H1,standard,1,m2,FINANCIAL,-0.25225494462391651
DFM-1,2025Q1,H1,standard,1,fx_reserves_ex_gold,FINANCIAL,0.0221633522311806
DFM-1,2025Q1,H1,conservative,1,industrial_production,PRODUCTION,-0.12699510637469419
DFM-1,2025Q1,H1,conservative,1,ppi,PRICES,0.32656076104534898
DFM-1,2025Q1,H1,conservative,1,usd_uzs,FINANCIAL,0.55740524472959851
DFM-1,2025Q1,H1,conservative,1,rub_uzs,FINANCIAL,-0.12790405276304101
DFM-1,2025Q1,H1,conservative,1,gold_price,EXTERNAL,0.35870068963335783
DFM-1,2025Q1,H1,conservative,1,m2,FINANCIAL,-0.23835680194842021
DFM-1,2025Q1,H1,conservative,1,fx_reserves_ex_gold,FINANCIAL,0.020081461764874301
DFM-1,2025Q1,H2,standard,1,industrial_production,PRODUCTION,-0.13400307791540361
DFM-1,2025Q1,H2,standard,1,ppi,PRICES,0.32470608660562311
DFM-1,2025Q1,H2,standard,1,usd_uzs,FINANCIAL,0.55101552670742737
DFM-1,2025Q1,H2,standard,1,rub_uzs,FINANCIAL,-0.1254102997690868
DFM-1,2025Q1,H2,standard,1,gold_price,EXTERNAL,0.3593005183863206
DFM-1,2025Q1,H2,standard,1,m2,FINANCIAL,-0.25428825738091138
DFM-1,2025Q1,H2,standard,1,fx_reserves_ex_gold,FINANCIAL,0.025417439298128602
DFM-1,2025Q1,H2,conservative,1,industrial_production,PRODUCTION,-0.13400307791540361
DFM-1,2025Q1,H2,conservative,1,ppi,PRICES,0.32470608660562311
DFM-1,2025Q1,H2,conservative,1,usd_uzs,FINANCIAL,0.55101552670742737
DFM-1,2025Q1,H2,conservative,1,rub_uzs,FINANCIAL,-0.1254102997690868
DFM-1,2025Q1,H2,conservative,1,gold_price,EXTERNAL,0.3593005183863206
DFM-1,2025Q1,H2,conservative,1,m2,FINANCIAL,-0.25428825738091138
DFM-1,2025Q1,H2,conservative,1,fx_reserves_ex_gold,FINANCIAL,0.025417439298128602
DFM-1,2025Q1,H3,standard,1,industrial_production,PRODUCTION,-0.13400307791540361
DFM-1,2025Q1,H3,standard,1,ppi,PRICES,0.32470608660562311
DFM-1,2025Q1,H3,standard,1,usd_uzs,FINANCIAL,0.55101552670742737
DFM-1,2025Q1,H3,standard,1,rub_uzs,FINANCIAL,-0.1254102997690868
DFM-1,2025Q1,H3,standard,1,gold_price,EXTERNAL,0.3593005183863206
DFM-1,2025Q1,H3,standard,1,m2,FINANCIAL,-0.25428825738091138
DFM-1,2025Q1,H3,standard,1,fx_reserves_ex_gold,FINANCIAL,0.025417439298128602
DFM-1,2025Q1,H3,conservative,1,industrial_production,PRODUCTION,-0.13400307791540361
DFM-1,2025Q1,H3,conservative,1,ppi,PRICES,0.32470608660562311
DFM-1,2025Q1,H3,conservative,1,usd_uzs,FINANCIAL,0.55101552670742737
DFM-1,2025Q1,H3,conservative,1,rub_uzs,FINANCIAL,-0.1254102997690868
DFM-1,2025Q1,H3,conservative,1,gold_price,EXTERNAL,0.3593005183863206
DFM-1,2025Q1,H3,conservative,1,m2,FINANCIAL,-0.25428825738091138
DFM-1,2025Q1,H3,conservative,1,fx_reserves_ex_gold,FINANCIAL,0.025417439298128602
DFM-1,2025Q2,H1,standard,1,industrial_production,PRODUCTION,-0.11287940285569981
DFM-1,2025Q2,H1,standard,1,ppi,PRICES,0.32341738114040441
DFM-1,2025Q2,H1,standard,1,usd_uzs,FINANCIAL,0.5833752629326312
DFM-1,2025Q2,H1,standard,1,rub_uzs,FINANCIAL,-0.14019160932898531
DFM-1,2025Q2,H1,standard,1,gold_price,EXTERNAL,0.29225372354796691
DFM-1,2025Q2,H1,standard,1,m2,FINANCIAL,-0.25516323433880311
DFM-1,2025Q2,H1,standard,1,fx_reserves_ex_gold,FINANCIAL,-0.035793016593735398
DFM-1,2025Q2,H1,conservative,1,industrial_production,PRODUCTION,-0.11434665946911821
DFM-1,2025Q2,H1,conservative,1,ppi,PRICES,0.32602409370740659
DFM-1,2025Q2,H1,conservative,1,usd_uzs,FINANCIAL,0.58436954183506717
DFM-1,2025Q2,H1,conservative,1,rub_uzs,FINANCIAL,-0.13754175960113649
DFM-1,2025Q2,H1,conservative,1,gold_price,EXTERNAL,0.2973816795765899
DFM-1,2025Q2,H1,conservative,1,m2,FINANCIAL,-0.24185115143081459
DFM-1,2025Q2,H1,conservative,1,fx_reserves_ex_gold,FINANCIAL,-0.029597150944089299
DFM-1,2025Q2,H2,standard,1,industrial_production,PRODUCTION,-0.117582614643832
DFM-1,2025Q2,H2,standard,1,ppi,PRICES,0.32218078440689779
DFM-1,2025Q2,H2,standard,1,usd_uzs,FINANCIAL,0.58372978273729992
DFM-1,2025Q2,H2,standard,1,rub_uzs,FINANCIAL,-0.14060005062500031
DFM-1,2025Q2,H2,standard,1,gold_price,EXTERNAL,0.29173535747663759
DFM-1,2025Q2,H2,standard,1,m2,FINANCIAL,-0.25507377103042878
DFM-1,2025Q2,H2,standard,1,fx_reserves_ex_gold,FINANCIAL,-0.034654534177772603
DFM-1,2025Q2,H2,conservative,1,industrial_production,PRODUCTION,-0.117582614643832
DFM-1,2025Q2,H2,conservative,1,ppi,PRICES,0.32218078440689779
DFM-1,2025Q2,H2,conservative,1,usd_uzs,FINANCIAL,0.58372978273729992
DFM-1,2025Q2,H2,conservative,1,rub_uzs,FINANCIAL,-0.14060005062500031
DFM-1,2025Q2,H2,conservative,1,gold_price,EXTERNAL,0.29173535747663759
DFM-1,2025Q2,H2,conservative,1,m2,FINANCIAL,-0.25507377103042878
DFM-1,2025Q2,H2,conservative,1,fx_reserves_ex_gold,FINANCIAL,-0.034654534177772603
DFM-1,2025Q2,H3,standard,1,industrial_production,PRODUCTION,-0.117582614643832
DFM-1,2025Q2,H3,standard,1,ppi,PRICES,0.32218078440689779
DFM-1,2025Q2,H3,standard,1,usd_uzs,FINANCIAL,0.58372978273729992
DFM-1,2025Q2,H3,standard,1,rub_uzs,FINANCIAL,-0.14060005062500031
DFM-1,2025Q2,H3,standard,1,gold_price,EXTERNAL,0.29173535747663759
DFM-1,2025Q2,H3,standard,1,m2,FINANCIAL,-0.25507377103042878
DFM-1,2025Q2,H3,standard,1,fx_reserves_ex_gold,FINANCIAL,-0.034654534177772603
DFM-1,2025Q2,H3,conservative,1,industrial_production,PRODUCTION,-0.117582614643832
DFM-1,2025Q2,H3,conservative,1,ppi,PRICES,0.32218078440689779
DFM-1,2025Q2,H3,conservative,1,usd_uzs,FINANCIAL,0.58372978273729992
DFM-1,2025Q2,H3,conservative,1,rub_uzs,FINANCIAL,-0.14060005062500031
DFM-1,2025Q2,H3,conservative,1,gold_price,EXTERNAL,0.29173535747663759
DFM-1,2025Q2,H3,conservative,1,m2,FINANCIAL,-0.25507377103042878
DFM-1,2025Q2,H3,conservative,1,fx_reserves_ex_gold,FINANCIAL,-0.034654534177772603
DFM-2_CORE,2023Q2,H1,standard,1,industrial_production,PRODUCTION,-0.1957264251663732
DFM-2_CORE,2023Q2,H1,standard,1,ppi,PRICES,0.31780367672892801
DFM-2_CORE,2023Q2,H1,standard,1,usd_uzs,FINANCIAL,0.50254739673774984
DFM-2_CORE,2023Q2,H1,standard,1,rub_uzs,FINANCIAL,-0.16045931464676649
DFM-2_CORE,2023Q2,H1,standard,1,gold_price,EXTERNAL,0.45507266761635751
DFM-2_CORE,2023Q2,H1,standard,1,m2,FINANCIAL,-0.23255355498257729
DFM-2_CORE,2023Q2,H1,standard,1,fx_reserves_ex_gold,FINANCIAL,0.1172946118856133
DFM-2_CORE,2023Q2,H1,conservative,1,industrial_production,PRODUCTION,-0.19578731597296831
DFM-2_CORE,2023Q2,H1,conservative,1,ppi,PRICES,0.31792733261252543
DFM-2_CORE,2023Q2,H1,conservative,1,usd_uzs,FINANCIAL,0.50205611119789106
DFM-2_CORE,2023Q2,H1,conservative,1,rub_uzs,FINANCIAL,-0.16451163890825851
DFM-2_CORE,2023Q2,H1,conservative,1,gold_price,EXTERNAL,0.46134591117583651
DFM-2_CORE,2023Q2,H1,conservative,1,m2,FINANCIAL,-0.2302211527645949
DFM-2_CORE,2023Q2,H1,conservative,1,fx_reserves_ex_gold,FINANCIAL,0.1088694648012305
DFM-2_CORE,2023Q2,H2,standard,1,industrial_production,PRODUCTION,0.044391130455233199
DFM-2_CORE,2023Q2,H2,standard,1,ppi,PRICES,-0.00085379982868179997
DFM-2_CORE,2023Q2,H2,standard,1,usd_uzs,FINANCIAL,-0.065763474721590998
DFM-2_CORE,2023Q2,H2,standard,1,rub_uzs,FINANCIAL,0.039857453947298199
DFM-2_CORE,2023Q2,H2,standard,1,gold_price,EXTERNAL,-0.065183203485751295
DFM-2_CORE,2023Q2,H2,standard,1,m2,FINANCIAL,0.47683658432816201
DFM-2_CORE,2023Q2,H2,standard,1,fx_reserves_ex_gold,FINANCIAL,-0.2045451941280772
DFM-2_CORE,2023Q2,H2,conservative,1,industrial_production,PRODUCTION,0.044391130455233199
DFM-2_CORE,2023Q2,H2,conservative,1,ppi,PRICES,-0.00085379982868179997
DFM-2_CORE,2023Q2,H2,conservative,1,usd_uzs,FINANCIAL,-0.065763474721590998
DFM-2_CORE,2023Q2,H2,conservative,1,rub_uzs,FINANCIAL,0.039857453947298199
DFM-2_CORE,2023Q2,H2,conservative,1,gold_price,EXTERNAL,-0.065183203485751295
DFM-2_CORE,2023Q2,H2,conservative,1,m2,FINANCIAL,0.47683658432816201
DFM-2_CORE,2023Q2,H2,conservative,1,fx_reserves_ex_gold,FINANCIAL,-0.2045451941280772
DFM-2_CORE,2023Q2,H3,standard,1,industrial_production,PRODUCTION,0.044391130455233199
DFM-2_CORE,2023Q2,H3,standard,1,ppi,PRICES,-0.00085379982868179997
DFM-2_CORE,2023Q2,H3,standard,1,usd_uzs,FINANCIAL,-0.065763474721590998
DFM-2_CORE,2023Q2,H3,standard,1,rub_uzs,FINANCIAL,0.039857453947298199
DFM-2_CORE,2023Q2,H3,standard,1,gold_price,EXTERNAL,-0.065183203485751295
DFM-2_CORE,2023Q2,H3,standard,1,m2,FINANCIAL,0.47683658432816201
DFM-2_CORE,2023Q2,H3,standard,1,fx_reserves_ex_gold,FINANCIAL,-0.2045451941280772
DFM-2_CORE,2023Q2,H3,conservative,1,industrial_production,PRODUCTION,0.044391130455233199
DFM-2_CORE,2023Q2,H3,conservative,1,ppi,PRICES,-0.00085379982868179997
DFM-2_CORE,2023Q2,H3,conservative,1,usd_uzs,FINANCIAL,-0.065763474721590998
DFM-2_CORE,2023Q2,H3,conservative,1,rub_uzs,FINANCIAL,0.039857453947298199
DFM-2_CORE,2023Q2,H3,conservative,1,gold_price,EXTERNAL,-0.065183203485751295
DFM-2_CORE,2023Q2,H3,conservative,1,m2,FINANCIAL,0.47683658432816201
DFM-2_CORE,2023Q2,H3,conservative,1,fx_reserves_ex_gold,FINANCIAL,-0.2045451941280772
DFM-2_CORE,2023Q3,H1,standard,1,industrial_production,PRODUCTION,-0.1971579175854121
DFM-2_CORE,2023Q3,H1,standard,1,ppi,PRICES,0.33276402763605922
DFM-2_CORE,2023Q3,H1,standard,1,usd_uzs,FINANCIAL,0.523648243541458
DFM-2_CORE,2023Q3,H1,standard,1,rub_uzs,FINANCIAL,-0.13483001647446929
DFM-2_CORE,2023Q3,H1,standard,1,gold_price,EXTERNAL,0.427614803898688
DFM-2_CORE,2023Q3,H1,standard,1,m2,FINANCIAL,-0.2030392483642216
DFM-2_CORE,2023Q3,H1,standard,1,fx_reserves_ex_gold,FINANCIAL,0.1460625533869539
DFM-2_CORE,2023Q3,H1,conservative,1,industrial_production,PRODUCTION,-0.2049771001106922
DFM-2_CORE,2023Q3,H1,conservative,1,ppi,PRICES,0.32658097265704478
DFM-2_CORE,2023Q3,H1,conservative,1,usd_uzs,FINANCIAL,0.51509609987873783
DFM-2_CORE,2023Q3,H1,conservative,1,rub_uzs,FINANCIAL,-0.13299495744570661
DFM-2_CORE,2023Q3,H1,conservative,1,gold_price,EXTERNAL,0.42690600778861132
DFM-2_CORE,2023Q3,H1,conservative,1,m2,FINANCIAL,-0.22544855686330259
DFM-2_CORE,2023Q3,H1,conservative,1,fx_reserves_ex_gold,FINANCIAL,0.16054002441391521
DFM-2_CORE,2023Q3,H2,standard,1,industrial_production,PRODUCTION,-0.2062209232563742
DFM-2_CORE,2023Q3,H2,standard,1,ppi,PRICES,0.32843744374378969
DFM-2_CORE,2023Q3,H2,standard,1,usd_uzs,FINANCIAL,0.51964808499597415
DFM-2_CORE,2023Q3,H2,standard,1,rub_uzs,FINANCIAL,-0.13514977448829929
DFM-2_CORE,2023Q3,H2,standard,1,gold_price,EXTERNAL,0.42822067147324361
DFM-2_CORE,2023Q3,H2,standard,1,m2,FINANCIAL,-0.20606573355826349
DFM-2_CORE,2023Q3,H2,standard,1,fx_reserves_ex_gold,FINANCIAL,0.15163177001088901
DFM-2_CORE,2023Q3,H2,conservative,1,industrial_production,PRODUCTION,-0.2062209232563742
DFM-2_CORE,2023Q3,H2,conservative,1,ppi,PRICES,0.32843744374378969
DFM-2_CORE,2023Q3,H2,conservative,1,usd_uzs,FINANCIAL,0.51964808499597415
DFM-2_CORE,2023Q3,H2,conservative,1,rub_uzs,FINANCIAL,-0.13514977448829929
DFM-2_CORE,2023Q3,H2,conservative,1,gold_price,EXTERNAL,0.42822067147324361
DFM-2_CORE,2023Q3,H2,conservative,1,m2,FINANCIAL,-0.20606573355826349
DFM-2_CORE,2023Q3,H2,conservative,1,fx_reserves_ex_gold,FINANCIAL,0.15163177001088901
DFM-2_CORE,2023Q3,H3,standard,1,industrial_production,PRODUCTION,-0.2062209232563742
DFM-2_CORE,2023Q3,H3,standard,1,ppi,PRICES,0.32843744374378969
DFM-2_CORE,2023Q3,H3,standard,1,usd_uzs,FINANCIAL,0.51964808499597415
DFM-2_CORE,2023Q3,H3,standard,1,rub_uzs,FINANCIAL,-0.13514977448829929
DFM-2_CORE,2023Q3,H3,standard,1,gold_price,EXTERNAL,0.42822067147324361
DFM-2_CORE,2023Q3,H3,standard,1,m2,FINANCIAL,-0.20606573355826349
DFM-2_CORE,2023Q3,H3,standard,1,fx_reserves_ex_gold,FINANCIAL,0.15163177001088901
DFM-2_CORE,2023Q3,H3,conservative,1,industrial_production,PRODUCTION,-0.2062209232563742
DFM-2_CORE,2023Q3,H3,conservative,1,ppi,PRICES,0.32843744374378969
DFM-2_CORE,2023Q3,H3,conservative,1,usd_uzs,FINANCIAL,0.51964808499597415
DFM-2_CORE,2023Q3,H3,conservative,1,rub_uzs,FINANCIAL,-0.13514977448829929
DFM-2_CORE,2023Q3,H3,conservative,1,gold_price,EXTERNAL,0.42822067147324361
DFM-2_CORE,2023Q3,H3,conservative,1,m2,FINANCIAL,-0.20606573355826349
DFM-2_CORE,2023Q3,H3,conservative,1,fx_reserves_ex_gold,FINANCIAL,0.15163177001088901
DFM-2_CORE,2023Q4,H1,standard,1,industrial_production,PRODUCTION,-0.20990496388906429
DFM-2_CORE,2023Q4,H1,standard,1,ppi,PRICES,0.33633326829719479
DFM-2_CORE,2023Q4,H1,standard,1,usd_uzs,FINANCIAL,0.47706002653992308
DFM-2_CORE,2023Q4,H1,standard,1,rub_uzs,FINANCIAL,-0.15014837050165031
DFM-2_CORE,2023Q4,H1,standard,1,gold_price,EXTERNAL,0.45134158259380958
DFM-2_CORE,2023Q4,H1,standard,1,m2,FINANCIAL,-0.23763180741369011
DFM-2_CORE,2023Q4,H1,standard,1,fx_reserves_ex_gold,FINANCIAL,0.1019436439169632
DFM-2_CORE,2023Q4,H2,standard,1,industrial_production,PRODUCTION,-0.21459029285061609
DFM-2_CORE,2023Q4,H2,standard,1,ppi,PRICES,0.33461420819433868
DFM-2_CORE,2023Q4,H2,standard,1,usd_uzs,FINANCIAL,0.4703400121388116
DFM-2_CORE,2023Q4,H2,standard,1,rub_uzs,FINANCIAL,-0.14975519024115011
DFM-2_CORE,2023Q4,H2,standard,1,gold_price,EXTERNAL,0.45409281020265008
DFM-2_CORE,2023Q4,H2,standard,1,m2,FINANCIAL,-0.2410520471563635
DFM-2_CORE,2023Q4,H2,standard,1,fx_reserves_ex_gold,FINANCIAL,0.11171173869808471
DFM-2_CORE,2023Q4,H2,conservative,1,industrial_production,PRODUCTION,-0.21459029285061609
DFM-2_CORE,2023Q4,H2,conservative,1,ppi,PRICES,0.33461420819433868
DFM-2_CORE,2023Q4,H2,conservative,1,usd_uzs,FINANCIAL,0.4703400121388116
DFM-2_CORE,2023Q4,H2,conservative,1,rub_uzs,FINANCIAL,-0.14975519024115011
DFM-2_CORE,2023Q4,H2,conservative,1,gold_price,EXTERNAL,0.45409281020265008
DFM-2_CORE,2023Q4,H2,conservative,1,m2,FINANCIAL,-0.2410520471563635
DFM-2_CORE,2023Q4,H2,conservative,1,fx_reserves_ex_gold,FINANCIAL,0.11171173869808471
DFM-2_CORE,2023Q4,H3,standard,1,industrial_production,PRODUCTION,-0.21459029285061609
DFM-2_CORE,2023Q4,H3,standard,1,ppi,PRICES,0.33461420819433868
DFM-2_CORE,2023Q4,H3,standard,1,usd_uzs,FINANCIAL,0.4703400121388116
DFM-2_CORE,2023Q4,H3,standard,1,rub_uzs,FINANCIAL,-0.14975519024115011
DFM-2_CORE,2023Q4,H3,standard,1,gold_price,EXTERNAL,0.45409281020265008
DFM-2_CORE,2023Q4,H3,standard,1,m2,FINANCIAL,-0.2410520471563635
DFM-2_CORE,2023Q4,H3,standard,1,fx_reserves_ex_gold,FINANCIAL,0.11171173869808471
DFM-2_CORE,2023Q4,H3,conservative,1,industrial_production,PRODUCTION,-0.21459029285061609
DFM-2_CORE,2023Q4,H3,conservative,1,ppi,PRICES,0.33461420819433868
DFM-2_CORE,2023Q4,H3,conservative,1,usd_uzs,FINANCIAL,0.4703400121388116
DFM-2_CORE,2023Q4,H3,conservative,1,rub_uzs,FINANCIAL,-0.14975519024115011
DFM-2_CORE,2023Q4,H3,conservative,1,gold_price,EXTERNAL,0.45409281020265008
DFM-2_CORE,2023Q4,H3,conservative,1,m2,FINANCIAL,-0.2410520471563635
DFM-2_CORE,2023Q4,H3,conservative,1,fx_reserves_ex_gold,FINANCIAL,0.11171173869808471
DFM-2_CORE,2024Q2,H1,standard,1,industrial_production,PRODUCTION,-0.15466991852046841
DFM-2_CORE,2024Q2,H1,standard,1,ppi,PRICES,0.31437249400434653
DFM-2_CORE,2024Q2,H1,standard,1,usd_uzs,FINANCIAL,0.51290939926240076
DFM-2_CORE,2024Q2,H1,standard,1,rub_uzs,FINANCIAL,-0.14434715163177911
DFM-2_CORE,2024Q2,H1,standard,1,gold_price,EXTERNAL,0.4177109205395525
DFM-2_CORE,2024Q2,H1,standard,1,m2,FINANCIAL,-0.25130555160103257
DFM-2_CORE,2024Q2,H1,standard,1,fx_reserves_ex_gold,FINANCIAL,0.047863297420883397
DFM-2_CORE,2024Q2,H1,conservative,1,industrial_production,PRODUCTION,-0.15461378066945519
DFM-2_CORE,2024Q2,H1,conservative,1,ppi,PRICES,0.31668943984831138
DFM-2_CORE,2024Q2,H1,conservative,1,usd_uzs,FINANCIAL,0.515123139076063
DFM-2_CORE,2024Q2,H1,conservative,1,rub_uzs,FINANCIAL,-0.14463907526721159
DFM-2_CORE,2024Q2,H1,conservative,1,gold_price,EXTERNAL,0.4183309123246311
DFM-2_CORE,2024Q2,H1,conservative,1,m2,FINANCIAL,-0.2451161190620873
DFM-2_CORE,2024Q2,H1,conservative,1,fx_reserves_ex_gold,FINANCIAL,0.046652227348726302
DFM-2_CORE,2024Q2,H2,standard,1,industrial_production,PRODUCTION,-0.15624307123315589
DFM-2_CORE,2024Q2,H2,standard,1,ppi,PRICES,0.3074142367113607
DFM-2_CORE,2024Q2,H2,standard,1,usd_uzs,FINANCIAL,0.50397814543165598
DFM-2_CORE,2024Q2,H2,standard,1,rub_uzs,FINANCIAL,-0.14196660369289629
DFM-2_CORE,2024Q2,H2,standard,1,gold_price,EXTERNAL,0.41181712769987833
DFM-2_CORE,2024Q2,H2,standard,1,m2,FINANCIAL,-0.26117493428827881
DFM-2_CORE,2024Q2,H2,standard,1,fx_reserves_ex_gold,FINANCIAL,0.055232960630043203
DFM-2_CORE,2024Q2,H2,conservative,1,industrial_production,PRODUCTION,-0.15624307123315589
DFM-2_CORE,2024Q2,H2,conservative,1,ppi,PRICES,0.3074142367113607
DFM-2_CORE,2024Q2,H2,conservative,1,usd_uzs,FINANCIAL,0.50397814543165598
DFM-2_CORE,2024Q2,H2,conservative,1,rub_uzs,FINANCIAL,-0.14196660369289629
DFM-2_CORE,2024Q2,H2,conservative,1,gold_price,EXTERNAL,0.41181712769987833
DFM-2_CORE,2024Q2,H2,conservative,1,m2,FINANCIAL,-0.26117493428827881
DFM-2_CORE,2024Q2,H2,conservative,1,fx_reserves_ex_gold,FINANCIAL,0.055232960630043203
DFM-2_CORE,2024Q2,H3,standard,1,industrial_production,PRODUCTION,-0.15624307123315589
DFM-2_CORE,2024Q2,H3,standard,1,ppi,PRICES,0.3074142367113607
DFM-2_CORE,2024Q2,H3,standard,1,usd_uzs,FINANCIAL,0.50397814543165598
DFM-2_CORE,2024Q2,H3,standard,1,rub_uzs,FINANCIAL,-0.14196660369289629
DFM-2_CORE,2024Q2,H3,standard,1,gold_price,EXTERNAL,0.41181712769987833
DFM-2_CORE,2024Q2,H3,standard,1,m2,FINANCIAL,-0.26117493428827881
DFM-2_CORE,2024Q2,H3,standard,1,fx_reserves_ex_gold,FINANCIAL,0.055232960630043203
DFM-2_CORE,2024Q2,H3,conservative,1,industrial_production,PRODUCTION,-0.15624307123315589
DFM-2_CORE,2024Q2,H3,conservative,1,ppi,PRICES,0.3074142367113607
DFM-2_CORE,2024Q2,H3,conservative,1,usd_uzs,FINANCIAL,0.50397814543165598
DFM-2_CORE,2024Q2,H3,conservative,1,rub_uzs,FINANCIAL,-0.14196660369289629
DFM-2_CORE,2024Q2,H3,conservative,1,gold_price,EXTERNAL,0.41181712769987833
DFM-2_CORE,2024Q2,H3,conservative,1,m2,FINANCIAL,-0.26117493428827881
DFM-2_CORE,2024Q2,H3,conservative,1,fx_reserves_ex_gold,FINANCIAL,0.055232960630043203
DFM-2_CORE,2024Q3,H1,standard,1,industrial_production,PRODUCTION,-0.10313287393412331
DFM-2_CORE,2024Q3,H1,standard,1,ppi,PRICES,0.3265841248393232
DFM-2_CORE,2024Q3,H1,standard,1,usd_uzs,FINANCIAL,0.52673984660282647
DFM-2_CORE,2024Q3,H1,standard,1,rub_uzs,FINANCIAL,-0.1483518529319951
DFM-2_CORE,2024Q3,H1,standard,1,gold_price,EXTERNAL,0.41111501343628892
DFM-2_CORE,2024Q3,H1,standard,1,m2,FINANCIAL,-0.25100366626838683
DFM-2_CORE,2024Q3,H1,standard,1,fx_reserves_ex_gold,FINANCIAL,0.0066824567837028004
DFM-2_CORE,2024Q3,H1,conservative,1,industrial_production,PRODUCTION,-0.1025338402769685
DFM-2_CORE,2024Q3,H1,conservative,1,ppi,PRICES,0.33035027442508019
DFM-2_CORE,2024Q3,H1,conservative,1,usd_uzs,FINANCIAL,0.52936117869738408
DFM-2_CORE,2024Q3,H1,conservative,1,rub_uzs,FINANCIAL,-0.14876313896189119
DFM-2_CORE,2024Q3,H1,conservative,1,gold_price,EXTERNAL,0.41344396513789938
DFM-2_CORE,2024Q3,H1,conservative,1,m2,FINANCIAL,-0.2390614565477821
DFM-2_CORE,2024Q3,H1,conservative,1,fx_reserves_ex_gold,FINANCIAL,0.0040397207035348
DFM-2_CORE,2024Q3,H2,standard,1,industrial_production,PRODUCTION,-0.11761142400256221
DFM-2_CORE,2024Q3,H2,standard,1,ppi,PRICES,0.32329002246518901
DFM-2_CORE,2024Q3,H2,standard,1,usd_uzs,FINANCIAL,0.52673947061097814
DFM-2_CORE,2024Q3,H2,standard,1,rub_uzs,FINANCIAL,-0.1491141425740819
DFM-2_CORE,2024Q3,H2,standard,1,gold_price,EXTERNAL,0.41121184812026118
DFM-2_CORE,2024Q3,H2,standard,1,m2,FINANCIAL,-0.2513023642498341
DFM-2_CORE,2024Q3,H2,standard,1,fx_reserves_ex_gold,FINANCIAL,0.0136915739802162
DFM-2_CORE,2024Q3,H2,conservative,1,industrial_production,PRODUCTION,-0.11761142400256221
DFM-2_CORE,2024Q3,H2,conservative,1,ppi,PRICES,0.32329002246518901
DFM-2_CORE,2024Q3,H2,conservative,1,usd_uzs,FINANCIAL,0.52673947061097814
DFM-2_CORE,2024Q3,H2,conservative,1,rub_uzs,FINANCIAL,-0.1491141425740819
DFM-2_CORE,2024Q3,H2,conservative,1,gold_price,EXTERNAL,0.41121184812026118
DFM-2_CORE,2024Q3,H2,conservative,1,m2,FINANCIAL,-0.2513023642498341
DFM-2_CORE,2024Q3,H2,conservative,1,fx_reserves_ex_gold,FINANCIAL,0.0136915739802162
DFM-2_CORE,2024Q3,H3,standard,1,industrial_production,PRODUCTION,-0.11761142400256221
DFM-2_CORE,2024Q3,H3,standard,1,ppi,PRICES,0.32329002246518901
DFM-2_CORE,2024Q3,H3,standard,1,usd_uzs,FINANCIAL,0.52673947061097814
DFM-2_CORE,2024Q3,H3,standard,1,rub_uzs,FINANCIAL,-0.1491141425740819
DFM-2_CORE,2024Q3,H3,standard,1,gold_price,EXTERNAL,0.41121184812026118
DFM-2_CORE,2024Q3,H3,standard,1,m2,FINANCIAL,-0.2513023642498341
DFM-2_CORE,2024Q3,H3,standard,1,fx_reserves_ex_gold,FINANCIAL,0.0136915739802162
DFM-2_CORE,2024Q3,H3,conservative,1,industrial_production,PRODUCTION,-0.11761142400256221
DFM-2_CORE,2024Q3,H3,conservative,1,ppi,PRICES,0.32329002246518901
DFM-2_CORE,2024Q3,H3,conservative,1,usd_uzs,FINANCIAL,0.52673947061097814
DFM-2_CORE,2024Q3,H3,conservative,1,rub_uzs,FINANCIAL,-0.1491141425740819
DFM-2_CORE,2024Q3,H3,conservative,1,gold_price,EXTERNAL,0.41121184812026118
DFM-2_CORE,2024Q3,H3,conservative,1,m2,FINANCIAL,-0.2513023642498341
DFM-2_CORE,2024Q3,H3,conservative,1,fx_reserves_ex_gold,FINANCIAL,0.0136915739802162
DFM-2_CORE,2024Q4,H1,standard,1,industrial_production,PRODUCTION,-0.1283296946818222
DFM-2_CORE,2024Q4,H1,standard,1,ppi,PRICES,0.31915686018142547
DFM-2_CORE,2024Q4,H1,standard,1,usd_uzs,FINANCIAL,0.54666406794907951
DFM-2_CORE,2024Q4,H1,standard,1,rub_uzs,FINANCIAL,-0.14077788558105311
DFM-2_CORE,2024Q4,H1,standard,1,gold_price,EXTERNAL,0.36838033131463488
DFM-2_CORE,2024Q4,H1,standard,1,m2,FINANCIAL,-0.25035287929462019
DFM-2_CORE,2024Q4,H1,standard,1,fx_reserves_ex_gold,FINANCIAL,0.027990298674349001
DFM-2_CORE,2024Q4,H1,conservative,1,industrial_production,PRODUCTION,-0.1322338370299925
DFM-2_CORE,2024Q4,H1,conservative,1,ppi,PRICES,0.31508677382065842
DFM-2_CORE,2024Q4,H1,conservative,1,usd_uzs,FINANCIAL,0.53939096395390507
DFM-2_CORE,2024Q4,H1,conservative,1,rub_uzs,FINANCIAL,-0.14204822884468529
DFM-2_CORE,2024Q4,H1,conservative,1,gold_price,EXTERNAL,0.37314584931358891
DFM-2_CORE,2024Q4,H1,conservative,1,m2,FINANCIAL,-0.2603753050724335
DFM-2_CORE,2024Q4,H1,conservative,1,fx_reserves_ex_gold,FINANCIAL,0.036655715558713997
DFM-2_CORE,2024Q4,H2,standard,1,industrial_production,PRODUCTION,-0.12802753977815681
DFM-2_CORE,2024Q4,H2,standard,1,ppi,PRICES,0.31931037030211412
DFM-2_CORE,2024Q4,H2,standard,1,usd_uzs,FINANCIAL,0.54713171384226
DFM-2_CORE,2024Q4,H2,standard,1,rub_uzs,FINANCIAL,-0.14031417274998689
DFM-2_CORE,2024Q4,H2,standard,1,gold_price,EXTERNAL,0.36694696980682928
DFM-2_CORE,2024Q4,H2,standard,1,m2,FINANCIAL,-0.2508606169111624
DFM-2_CORE,2024Q4,H2,standard,1,fx_reserves_ex_gold,FINANCIAL,0.026948836071022601
DFM-2_CORE,2024Q4,H2,conservative,1,industrial_production,PRODUCTION,-0.12802753977815681
DFM-2_CORE,2024Q4,H2,conservative,1,ppi,PRICES,0.31931037030211412
DFM-2_CORE,2024Q4,H2,conservative,1,usd_uzs,FINANCIAL,0.54713171384226
DFM-2_CORE,2024Q4,H2,conservative,1,rub_uzs,FINANCIAL,-0.14031417274998689
DFM-2_CORE,2024Q4,H2,conservative,1,gold_price,EXTERNAL,0.36694696980682928
DFM-2_CORE,2024Q4,H2,conservative,1,m2,FINANCIAL,-0.2508606169111624
DFM-2_CORE,2024Q4,H2,conservative,1,fx_reserves_ex_gold,FINANCIAL,0.026948836071022601
DFM-2_CORE,2024Q4,H3,standard,1,industrial_production,PRODUCTION,-0.12802753977815681
DFM-2_CORE,2024Q4,H3,standard,1,ppi,PRICES,0.31931037030211412
DFM-2_CORE,2024Q4,H3,standard,1,usd_uzs,FINANCIAL,0.54713171384226
DFM-2_CORE,2024Q4,H3,standard,1,rub_uzs,FINANCIAL,-0.14031417274998689
DFM-2_CORE,2024Q4,H3,standard,1,gold_price,EXTERNAL,0.36694696980682928
DFM-2_CORE,2024Q4,H3,standard,1,m2,FINANCIAL,-0.2508606169111624
DFM-2_CORE,2024Q4,H3,standard,1,fx_reserves_ex_gold,FINANCIAL,0.026948836071022601
DFM-2_CORE,2024Q4,H3,conservative,1,industrial_production,PRODUCTION,-0.12802753977815681
DFM-2_CORE,2024Q4,H3,conservative,1,ppi,PRICES,0.31931037030211412
DFM-2_CORE,2024Q4,H3,conservative,1,usd_uzs,FINANCIAL,0.54713171384226
DFM-2_CORE,2024Q4,H3,conservative,1,rub_uzs,FINANCIAL,-0.14031417274998689
DFM-2_CORE,2024Q4,H3,conservative,1,gold_price,EXTERNAL,0.36694696980682928
DFM-2_CORE,2024Q4,H3,conservative,1,m2,FINANCIAL,-0.2508606169111624
DFM-2_CORE,2024Q4,H3,conservative,1,fx_reserves_ex_gold,FINANCIAL,0.026948836071022601
DFM-2_CORE,2025Q1,H1,standard,1,industrial_production,PRODUCTION,-0.1278150584543834
DFM-2_CORE,2025Q1,H1,standard,1,ppi,PRICES,0.32614472468590661
DFM-2_CORE,2025Q1,H1,standard,1,usd_uzs,FINANCIAL,0.55234499589747854
DFM-2_CORE,2025Q1,H1,standard,1,rub_uzs,FINANCIAL,-0.12556803851645409
DFM-2_CORE,2025Q1,H1,standard,1,gold_price,EXTERNAL,0.35913927005480778
DFM-2_CORE,2025Q1,H1,standard,1,m2,FINANCIAL,-0.25225494462391651
DFM-2_CORE,2025Q1,H1,standard,1,fx_reserves_ex_gold,FINANCIAL,0.0221633522311806
DFM-2_CORE,2025Q1,H1,conservative,1,industrial_production,PRODUCTION,-0.12699510637469419
DFM-2_CORE,2025Q1,H1,conservative,1,ppi,PRICES,0.32656076104534898
DFM-2_CORE,2025Q1,H1,conservative,1,usd_uzs,FINANCIAL,0.55740524472959851
DFM-2_CORE,2025Q1,H1,conservative,1,rub_uzs,FINANCIAL,-0.12790405276304101
DFM-2_CORE,2025Q1,H1,conservative,1,gold_price,EXTERNAL,0.35870068963335783
DFM-2_CORE,2025Q1,H1,conservative,1,m2,FINANCIAL,-0.23835680194842021
DFM-2_CORE,2025Q1,H1,conservative,1,fx_reserves_ex_gold,FINANCIAL,0.020081461764874301
DFM-2_CORE,2025Q1,H2,standard,1,industrial_production,PRODUCTION,-0.13400307791540361
DFM-2_CORE,2025Q1,H2,standard,1,ppi,PRICES,0.32470608660562311
DFM-2_CORE,2025Q1,H2,standard,1,usd_uzs,FINANCIAL,0.55101552670742737
DFM-2_CORE,2025Q1,H2,standard,1,rub_uzs,FINANCIAL,-0.1254102997690868
DFM-2_CORE,2025Q1,H2,standard,1,gold_price,EXTERNAL,0.3593005183863206
DFM-2_CORE,2025Q1,H2,standard,1,m2,FINANCIAL,-0.25428825738091138
DFM-2_CORE,2025Q1,H2,standard,1,fx_reserves_ex_gold,FINANCIAL,0.025417439298128602
DFM-2_CORE,2025Q1,H2,conservative,1,industrial_production,PRODUCTION,-0.13400307791540361
DFM-2_CORE,2025Q1,H2,conservative,1,ppi,PRICES,0.32470608660562311
DFM-2_CORE,2025Q1,H2,conservative,1,usd_uzs,FINANCIAL,0.55101552670742737
DFM-2_CORE,2025Q1,H2,conservative,1,rub_uzs,FINANCIAL,-0.1254102997690868
DFM-2_CORE,2025Q1,H2,conservative,1,gold_price,EXTERNAL,0.3593005183863206
DFM-2_CORE,2025Q1,H2,conservative,1,m2,FINANCIAL,-0.25428825738091138
DFM-2_CORE,2025Q1,H2,conservative,1,fx_reserves_ex_gold,FINANCIAL,0.025417439298128602
DFM-2_CORE,2025Q1,H3,standard,1,industrial_production,PRODUCTION,-0.13400307791540361
DFM-2_CORE,2025Q1,H3,standard,1,ppi,PRICES,0.32470608660562311
DFM-2_CORE,2025Q1,H3,standard,1,usd_uzs,FINANCIAL,0.55101552670742737
DFM-2_CORE,2025Q1,H3,standard,1,rub_uzs,FINANCIAL,-0.1254102997690868
DFM-2_CORE,2025Q1,H3,standard,1,gold_price,EXTERNAL,0.3593005183863206
DFM-2_CORE,2025Q1,H3,standard,1,m2,FINANCIAL,-0.25428825738091138
DFM-2_CORE,2025Q1,H3,standard,1,fx_reserves_ex_gold,FINANCIAL,0.025417439298128602
DFM-2_CORE,2025Q1,H3,conservative,1,industrial_production,PRODUCTION,-0.13400307791540361
DFM-2_CORE,2025Q1,H3,conservative,1,ppi,PRICES,0.32470608660562311
DFM-2_CORE,2025Q1,H3,conservative,1,usd_uzs,FINANCIAL,0.55101552670742737
DFM-2_CORE,2025Q1,H3,conservative,1,rub_uzs,FINANCIAL,-0.1254102997690868
DFM-2_CORE,2025Q1,H3,conservative,1,gold_price,EXTERNAL,0.3593005183863206
DFM-2_CORE,2025Q1,H3,conservative,1,m2,FINANCIAL,-0.25428825738091138
DFM-2_CORE,2025Q1,H3,conservative,1,fx_reserves_ex_gold,FINANCIAL,0.025417439298128602
DFM-2_CORE,2025Q2,H1,standard,1,industrial_production,PRODUCTION,-0.11287940285569981
DFM-2_CORE,2025Q2,H1,standard,1,ppi,PRICES,0.32341738114040441
DFM-2_CORE,2025Q2,H1,standard,1,usd_uzs,FINANCIAL,0.5833752629326312
DFM-2_CORE,2025Q2,H1,standard,1,rub_uzs,FINANCIAL,-0.14019160932898531
DFM-2_CORE,2025Q2,H1,standard,1,gold_price,EXTERNAL,0.29225372354796691
DFM-2_CORE,2025Q2,H1,standard,1,m2,FINANCIAL,-0.25516323433880311
DFM-2_CORE,2025Q2,H1,standard,1,fx_reserves_ex_gold,FINANCIAL,-0.035793016593735398
DFM-2_CORE,2025Q2,H1,conservative,1,industrial_production,PRODUCTION,-0.11434665946911821
DFM-2_CORE,2025Q2,H1,conservative,1,ppi,PRICES,0.32602409370740659
DFM-2_CORE,2025Q2,H1,conservative,1,usd_uzs,FINANCIAL,0.58436954183506717
DFM-2_CORE,2025Q2,H1,conservative,1,rub_uzs,FINANCIAL,-0.13754175960113649
DFM-2_CORE,2025Q2,H1,conservative,1,gold_price,EXTERNAL,0.2973816795765899
DFM-2_CORE,2025Q2,H1,conservative,1,m2,FINANCIAL,-0.24185115143081459
DFM-2_CORE,2025Q2,H1,conservative,1,fx_reserves_ex_gold,FINANCIAL,-0.029597150944089299
DFM-2_CORE,2025Q2,H2,standard,1,industrial_production,PRODUCTION,-0.117582614643832
DFM-2_CORE,2025Q2,H2,standard,1,ppi,PRICES,0.32218078440689779
DFM-2_CORE,2025Q2,H2,standard,1,usd_uzs,FINANCIAL,0.58372978273729992
DFM-2_CORE,2025Q2,H2,standard,1,rub_uzs,FINANCIAL,-0.14060005062500031
DFM-2_CORE,2025Q2,H2,standard,1,gold_price,EXTERNAL,0.29173535747663759
DFM-2_CORE,2025Q2,H2,standard,1,m2,FINANCIAL,-0.25507377103042878
DFM-2_CORE,2025Q2,H2,standard,1,fx_reserves_ex_gold,FINANCIAL,-0.034654534177772603
DFM-2_CORE,2025Q2,H2,conservative,1,industrial_production,PRODUCTION,-0.117582614643832
DFM-2_CORE,2025Q2,H2,conservative,1,ppi,PRICES,0.32218078440689779
DFM-2_CORE,2025Q2,H2,conservative,1,usd_uzs,FINANCIAL,0.58372978273729992
DFM-2_CORE,2025Q2,H2,conservative,1,rub_uzs,FINANCIAL,-0.14060005062500031
DFM-2_CORE,2025Q2,H2,conservative,1,gold_price,EXTERNAL,0.29173535747663759
DFM-2_CORE,2025Q2,H2,conservative,1,m2,FINANCIAL,-0.25507377103042878
DFM-2_CORE,2025Q2,H2,conservative,1,fx_reserves_ex_gold,FINANCIAL,-0.034654534177772603
DFM-2_CORE,2025Q2,H3,standard,1,industrial_production,PRODUCTION,-0.117582614643832
DFM-2_CORE,2025Q2,H3,standard,1,ppi,PRICES,0.32218078440689779
DFM-2_CORE,2025Q2,H3,standard,1,usd_uzs,FINANCIAL,0.58372978273729992
DFM-2_CORE,2025Q2,H3,standard,1,rub_uzs,FINANCIAL,-0.14060005062500031
DFM-2_CORE,2025Q2,H3,standard,1,gold_price,EXTERNAL,0.29173535747663759
DFM-2_CORE,2025Q2,H3,standard,1,m2,FINANCIAL,-0.25507377103042878
DFM-2_CORE,2025Q2,H3,standard,1,fx_reserves_ex_gold,FINANCIAL,-0.034654534177772603
DFM-2_CORE,2025Q2,H3,conservative,1,industrial_production,PRODUCTION,-0.117582614643832
DFM-2_CORE,2025Q2,H3,conservative,1,ppi,PRICES,0.32218078440689779
DFM-2_CORE,2025Q2,H3,conservative,1,usd_uzs,FINANCIAL,0.58372978273729992
DFM-2_CORE,2025Q2,H3,conservative,1,rub_uzs,FINANCIAL,-0.14060005062500031
DFM-2_CORE,2025Q2,H3,conservative,1,gold_price,EXTERNAL,0.29173535747663759
DFM-2_CORE,2025Q2,H3,conservative,1,m2,FINANCIAL,-0.25507377103042878
DFM-2_CORE,2025Q2,H3,conservative,1,fx_reserves_ex_gold,FINANCIAL,-0.034654534177772603
DFM-2_PLUS_PAYMENTS,2023Q1,H1,standard,1,industrial_production,PRODUCTION,0.2104993187676818
DFM-2_PLUS_PAYMENTS,2023Q1,H1,standard,1,ppi,PRICES,0.010729201310409
DFM-2_PLUS_PAYMENTS,2023Q1,H1,standard,1,usd_uzs,FINANCIAL,-0.093849683439075807
DFM-2_PLUS_PAYMENTS,2023Q1,H1,standard,1,rub_uzs,FINANCIAL,0.070411692418644006
DFM-2_PLUS_PAYMENTS,2023Q1,H1,standard,1,gold_price,EXTERNAL,-0.1199974004840548
DFM-2_PLUS_PAYMENTS,2023Q1,H1,standard,1,m2,FINANCIAL,0.55827800325181798
DFM-2_PLUS_PAYMENTS,2023Q1,H1,standard,1,fx_reserves_ex_gold,FINANCIAL,-0.21293975311145219
DFM-2_PLUS_PAYMENTS,2023Q1,H1,standard,1,pos_turnover,PAYMENTS,0.46238105731978407
DFM-2_PLUS_PAYMENTS,2023Q1,H1,conservative,1,industrial_production,PRODUCTION,0.2004059898385617
DFM-2_PLUS_PAYMENTS,2023Q1,H1,conservative,1,ppi,PRICES,0.0088910332379742007
DFM-2_PLUS_PAYMENTS,2023Q1,H1,conservative,1,usd_uzs,FINANCIAL,-0.085557072980114099
DFM-2_PLUS_PAYMENTS,2023Q1,H1,conservative,1,rub_uzs,FINANCIAL,0.063400529783372794
DFM-2_PLUS_PAYMENTS,2023Q1,H1,conservative,1,gold_price,EXTERNAL,-0.1045649624510297
DFM-2_PLUS_PAYMENTS,2023Q1,H1,conservative,1,m2,FINANCIAL,0.55913407258240755
DFM-2_PLUS_PAYMENTS,2023Q1,H1,conservative,1,fx_reserves_ex_gold,FINANCIAL,-0.20713292958959631
DFM-2_PLUS_PAYMENTS,2023Q1,H1,conservative,1,pos_turnover,PAYMENTS,0.45177843606270029
DFM-2_PLUS_PAYMENTS,2023Q1,H2,standard,1,industrial_production,PRODUCTION,0.2064549423084065
DFM-2_PLUS_PAYMENTS,2023Q1,H2,standard,1,ppi,PRICES,0.010665936483120499
DFM-2_PLUS_PAYMENTS,2023Q1,H2,standard,1,usd_uzs,FINANCIAL,-0.093583817542475203
DFM-2_PLUS_PAYMENTS,2023Q1,H2,standard,1,rub_uzs,FINANCIAL,0.071011313166319298
DFM-2_PLUS_PAYMENTS,2023Q1,H2,standard,1,gold_price,EXTERNAL,-0.1199757456766402
DFM-2_PLUS_PAYMENTS,2023Q1,H2,standard,1,m2,FINANCIAL,0.5591401601396605
DFM-2_PLUS_PAYMENTS,2023Q1,H2,standard,1,fx_reserves_ex_gold,FINANCIAL,-0.2126244001652825
DFM-2_PLUS_PAYMENTS,2023Q1,H2,standard,1,pos_turnover,PAYMENTS,0.4623316612807718
DFM-2_PLUS_PAYMENTS,2023Q1,H2,conservative,1,industrial_production,PRODUCTION,0.2064549423084065
DFM-2_PLUS_PAYMENTS,2023Q1,H2,conservative,1,ppi,PRICES,0.010665936483120499
DFM-2_PLUS_PAYMENTS,2023Q1,H2,conservative,1,usd_uzs,FINANCIAL,-0.093583817542475203
DFM-2_PLUS_PAYMENTS,2023Q1,H2,conservative,1,rub_uzs,FINANCIAL,0.071011313166319298
DFM-2_PLUS_PAYMENTS,2023Q1,H2,conservative,1,gold_price,EXTERNAL,-0.1199757456766402
DFM-2_PLUS_PAYMENTS,2023Q1,H2,conservative,1,m2,FINANCIAL,0.5591401601396605
DFM-2_PLUS_PAYMENTS,2023Q1,H2,conservative,1,fx_reserves_ex_gold,FINANCIAL,-0.2126244001652825
DFM-2_PLUS_PAYMENTS,2023Q1,H2,conservative,1,pos_turnover,PAYMENTS,0.4623316612807718
DFM-2_PLUS_PAYMENTS,2023Q1,H3,standard,1,industrial_production,PRODUCTION,0.2064549423084065
DFM-2_PLUS_PAYMENTS,2023Q1,H3,standard,1,ppi,PRICES,0.010665936483120499
DFM-2_PLUS_PAYMENTS,2023Q1,H3,standard,1,usd_uzs,FINANCIAL,-0.093583817542475203
DFM-2_PLUS_PAYMENTS,2023Q1,H3,standard,1,rub_uzs,FINANCIAL,0.071011313166319298
DFM-2_PLUS_PAYMENTS,2023Q1,H3,standard,1,gold_price,EXTERNAL,-0.1199757456766402
DFM-2_PLUS_PAYMENTS,2023Q1,H3,standard,1,m2,FINANCIAL,0.5591401601396605
DFM-2_PLUS_PAYMENTS,2023Q1,H3,standard,1,fx_reserves_ex_gold,FINANCIAL,-0.2126244001652825
DFM-2_PLUS_PAYMENTS,2023Q1,H3,standard,1,pos_turnover,PAYMENTS,0.4623316612807718
DFM-2_PLUS_PAYMENTS,2023Q1,H3,conservative,1,industrial_production,PRODUCTION,0.2064549423084065
DFM-2_PLUS_PAYMENTS,2023Q1,H3,conservative,1,ppi,PRICES,0.010665936483120499
DFM-2_PLUS_PAYMENTS,2023Q1,H3,conservative,1,usd_uzs,FINANCIAL,-0.093583817542475203
DFM-2_PLUS_PAYMENTS,2023Q1,H3,conservative,1,rub_uzs,FINANCIAL,0.071011313166319298
DFM-2_PLUS_PAYMENTS,2023Q1,H3,conservative,1,gold_price,EXTERNAL,-0.1199757456766402
DFM-2_PLUS_PAYMENTS,2023Q1,H3,conservative,1,m2,FINANCIAL,0.5591401601396605
DFM-2_PLUS_PAYMENTS,2023Q1,H3,conservative,1,fx_reserves_ex_gold,FINANCIAL,-0.2126244001652825
DFM-2_PLUS_PAYMENTS,2023Q1,H3,conservative,1,pos_turnover,PAYMENTS,0.4623316612807718
DFM-2_PLUS_PAYMENTS,2023Q2,H1,standard,1,industrial_production,PRODUCTION,0.070401305069762193
DFM-2_PLUS_PAYMENTS,2023Q2,H1,standard,1,ppi,PRICES,-0.00038903486202609999
DFM-2_PLUS_PAYMENTS,2023Q2,H1,standard,1,usd_uzs,FINANCIAL,-0.090192810468697704
DFM-2_PLUS_PAYMENTS,2023Q2,H1,standard,1,rub_uzs,FINANCIAL,0.028058663822004701
DFM-2_PLUS_PAYMENTS,2023Q2,H1,standard,1,gold_price,EXTERNAL,-0.082555685470053694
DFM-2_PLUS_PAYMENTS,2023Q2,H1,standard,1,m2,FINANCIAL,0.54641092312392192
DFM-2_PLUS_PAYMENTS,2023Q2,H1,standard,1,fx_reserves_ex_gold,FINANCIAL,-0.24887058185958519
DFM-2_PLUS_PAYMENTS,2023Q2,H1,standard,1,pos_turnover,PAYMENTS,0.46135246075540831
DFM-2_PLUS_PAYMENTS,2023Q2,H1,conservative,1,industrial_production,PRODUCTION,0.0667839245565926
DFM-2_PLUS_PAYMENTS,2023Q2,H1,conservative,1,ppi,PRICES,-0.001444154317388
DFM-2_PLUS_PAYMENTS,2023Q2,H1,conservative,1,usd_uzs,FINANCIAL,-0.087562259949161197
DFM-2_PLUS_PAYMENTS,2023Q2,H1,conservative,1,rub_uzs,FINANCIAL,0.025480154285328901
DFM-2_PLUS_PAYMENTS,2023Q2,H1,conservative,1,gold_price,EXTERNAL,-0.078414285200398601
DFM-2_PLUS_PAYMENTS,2023Q2,H1,conservative,1,m2,FINANCIAL,0.54664434403440365
DFM-2_PLUS_PAYMENTS,2023Q2,H1,conservative,1,fx_reserves_ex_gold,FINANCIAL,-0.24911527404858391
DFM-2_PLUS_PAYMENTS,2023Q2,H1,conservative,1,pos_turnover,PAYMENTS,0.45758561752530558
DFM-2_PLUS_PAYMENTS,2023Q2,H2,standard,1,industrial_production,PRODUCTION,0.069483020441278506
DFM-2_PLUS_PAYMENTS,2023Q2,H2,standard,1,ppi,PRICES,-0.00039656972095170002
DFM-2_PLUS_PAYMENTS,2023Q2,H2,standard,1,usd_uzs,FINANCIAL,-0.090225463078334497
DFM-2_PLUS_PAYMENTS,2023Q2,H2,standard,1,rub_uzs,FINANCIAL,0.028114415105997301
DFM-2_PLUS_PAYMENTS,2023Q2,H2,standard,1,gold_price,EXTERNAL,-0.082599655621208995
DFM-2_PLUS_PAYMENTS,2023Q2,H2,standard,1,m2,FINANCIAL,0.54677514274447858
DFM-2_PLUS_PAYMENTS,2023Q2,H2,standard,1,fx_reserves_ex_gold,FINANCIAL,-0.24898689080817191
DFM-2_PLUS_PAYMENTS,2023Q2,H2,standard,1,pos_turnover,PAYMENTS,0.46160978728952518
DFM-2_PLUS_PAYMENTS,2023Q2,H2,conservative,1,industrial_production,PRODUCTION,0.069483020441278506
DFM-2_PLUS_PAYMENTS,2023Q2,H2,conservative,1,ppi,PRICES,-0.00039656972095170002
DFM-2_PLUS_PAYMENTS,2023Q2,H2,conservative,1,usd_uzs,FINANCIAL,-0.090225463078334497
DFM-2_PLUS_PAYMENTS,2023Q2,H2,conservative,1,rub_uzs,FINANCIAL,0.028114415105997301
DFM-2_PLUS_PAYMENTS,2023Q2,H2,conservative,1,gold_price,EXTERNAL,-0.082599655621208995
DFM-2_PLUS_PAYMENTS,2023Q2,H2,conservative,1,m2,FINANCIAL,0.54677514274447858
DFM-2_PLUS_PAYMENTS,2023Q2,H2,conservative,1,fx_reserves_ex_gold,FINANCIAL,-0.24898689080817191
DFM-2_PLUS_PAYMENTS,2023Q2,H2,conservative,1,pos_turnover,PAYMENTS,0.46160978728952518
DFM-2_PLUS_PAYMENTS,2023Q2,H3,standard,1,industrial_production,PRODUCTION,0.069483020441278506
DFM-2_PLUS_PAYMENTS,2023Q2,H3,standard,1,ppi,PRICES,-0.00039656972095170002
DFM-2_PLUS_PAYMENTS,2023Q2,H3,standard,1,usd_uzs,FINANCIAL,-0.090225463078334497
DFM-2_PLUS_PAYMENTS,2023Q2,H3,standard,1,rub_uzs,FINANCIAL,0.028114415105997301
DFM-2_PLUS_PAYMENTS,2023Q2,H3,standard,1,gold_price,EXTERNAL,-0.082599655621208995
DFM-2_PLUS_PAYMENTS,2023Q2,H3,standard,1,m2,FINANCIAL,0.54677514274447858
DFM-2_PLUS_PAYMENTS,2023Q2,H3,standard,1,fx_reserves_ex_gold,FINANCIAL,-0.24898689080817191
DFM-2_PLUS_PAYMENTS,2023Q2,H3,standard,1,pos_turnover,PAYMENTS,0.46160978728952518
DFM-2_PLUS_PAYMENTS,2023Q2,H3,conservative,1,industrial_production,PRODUCTION,0.069483020441278506
DFM-2_PLUS_PAYMENTS,2023Q2,H3,conservative,1,ppi,PRICES,-0.00039656972095170002
DFM-2_PLUS_PAYMENTS,2023Q2,H3,conservative,1,usd_uzs,FINANCIAL,-0.090225463078334497
DFM-2_PLUS_PAYMENTS,2023Q2,H3,conservative,1,rub_uzs,FINANCIAL,0.028114415105997301
DFM-2_PLUS_PAYMENTS,2023Q2,H3,conservative,1,gold_price,EXTERNAL,-0.082599655621208995
DFM-2_PLUS_PAYMENTS,2023Q2,H3,conservative,1,m2,FINANCIAL,0.54677514274447858
DFM-2_PLUS_PAYMENTS,2023Q2,H3,conservative,1,fx_reserves_ex_gold,FINANCIAL,-0.24898689080817191
DFM-2_PLUS_PAYMENTS,2023Q2,H3,conservative,1,pos_turnover,PAYMENTS,0.46160978728952518
DFM-2_PLUS_PAYMENTS,2023Q3,H1,standard,1,industrial_production,PRODUCTION,0.1201714203235725
DFM-2_PLUS_PAYMENTS,2023Q3,H1,standard,1,ppi,PRICES,-0.011909521003309101
DFM-2_PLUS_PAYMENTS,2023Q3,H1,standard,1,usd_uzs,FINANCIAL,-0.1280583084923976
DFM-2_PLUS_PAYMENTS,2023Q3,H1,standard,1,rub_uzs,FINANCIAL,0.0079476488826006001
DFM-2_PLUS_PAYMENTS,2023Q3,H1,standard,1,gold_price,EXTERNAL,-0.10014245222218079
DFM-2_PLUS_PAYMENTS,2023Q3,H1,standard,1,m2,FINANCIAL,0.49127382915842038
DFM-2_PLUS_PAYMENTS,2023Q3,H1,standard,1,fx_reserves_ex_gold,FINANCIAL,-0.245785573405671
DFM-2_PLUS_PAYMENTS,2023Q3,H1,standard,1,pos_turnover,PAYMENTS,0.47767385197499262
DFM-2_PLUS_PAYMENTS,2023Q3,H1,conservative,1,industrial_production,PRODUCTION,0.12863584519767299
DFM-2_PLUS_PAYMENTS,2023Q3,H1,conservative,1,ppi,PRICES,-0.021606241194179199
DFM-2_PLUS_PAYMENTS,2023Q3,H1,conservative,1,usd_uzs,FINANCIAL,-0.1343500699699513
DFM-2_PLUS_PAYMENTS,2023Q3,H1,conservative,1,rub_uzs,FINANCIAL,-0.0027477943387835
DFM-2_PLUS_PAYMENTS,2023Q3,H1,conservative,1,gold_price,EXTERNAL,-0.1056473774462339
DFM-2_PLUS_PAYMENTS,2023Q3,H1,conservative,1,m2,FINANCIAL,0.46354917969538129
DFM-2_PLUS_PAYMENTS,2023Q3,H1,conservative,1,fx_reserves_ex_gold,FINANCIAL,-0.26793184562292383
DFM-2_PLUS_PAYMENTS,2023Q3,H1,conservative,1,pos_turnover,PAYMENTS,0.47336134573494498
DFM-2_PLUS_PAYMENTS,2023Q3,H2,standard,1,industrial_production,PRODUCTION,0.1225986899743941
DFM-2_PLUS_PAYMENTS,2023Q3,H2,standard,1,ppi,PRICES,-0.012215637479348101
DFM-2_PLUS_PAYMENTS,2023Q3,H2,standard,1,usd_uzs,FINANCIAL,-0.12869420602707679
DFM-2_PLUS_PAYMENTS,2023Q3,H2,standard,1,rub_uzs,FINANCIAL,0.0075108886837358998
DFM-2_PLUS_PAYMENTS,2023Q3,H2,standard,1,gold_price,EXTERNAL,-0.1006053071568838
DFM-2_PLUS_PAYMENTS,2023Q3,H2,standard,1,m2,FINANCIAL,0.48938230361640672
DFM-2_PLUS_PAYMENTS,2023Q3,H2,standard,1,fx_reserves_ex_gold,FINANCIAL,-0.24656039200898841
DFM-2_PLUS_PAYMENTS,2023Q3,H2,standard,1,pos_turnover,PAYMENTS,0.47761433171556011
DFM-2_PLUS_PAYMENTS,2023Q3,H2,conservative,1,industrial_production,PRODUCTION,0.1225986899743941
DFM-2_PLUS_PAYMENTS,2023Q3,H2,conservative,1,ppi,PRICES,-0.012215637479348101
DFM-2_PLUS_PAYMENTS,2023Q3,H2,conservative,1,usd_uzs,FINANCIAL,-0.12869420602707679
DFM-2_PLUS_PAYMENTS,2023Q3,H2,conservative,1,rub_uzs,FINANCIAL,0.0075108886837358998
DFM-2_PLUS_PAYMENTS,2023Q3,H2,conservative,1,gold_price,EXTERNAL,-0.1006053071568838
DFM-2_PLUS_PAYMENTS,2023Q3,H2,conservative,1,m2,FINANCIAL,0.48938230361640672
DFM-2_PLUS_PAYMENTS,2023Q3,H2,conservative,1,fx_reserves_ex_gold,FINANCIAL,-0.24656039200898841
DFM-2_PLUS_PAYMENTS,2023Q3,H2,conservative,1,pos_turnover,PAYMENTS,0.47761433171556011
DFM-2_PLUS_PAYMENTS,2023Q3,H3,standard,1,industrial_production,PRODUCTION,0.1225986899743941
DFM-2_PLUS_PAYMENTS,2023Q3,H3,standard,1,ppi,PRICES,-0.012215637479348101
DFM-2_PLUS_PAYMENTS,2023Q3,H3,standard,1,usd_uzs,FINANCIAL,-0.12869420602707679
DFM-2_PLUS_PAYMENTS,2023Q3,H3,standard,1,rub_uzs,FINANCIAL,0.0075108886837358998
DFM-2_PLUS_PAYMENTS,2023Q3,H3,standard,1,gold_price,EXTERNAL,-0.1006053071568838
DFM-2_PLUS_PAYMENTS,2023Q3,H3,standard,1,m2,FINANCIAL,0.48938230361640672
DFM-2_PLUS_PAYMENTS,2023Q3,H3,standard,1,fx_reserves_ex_gold,FINANCIAL,-0.24656039200898841
DFM-2_PLUS_PAYMENTS,2023Q3,H3,standard,1,pos_turnover,PAYMENTS,0.47761433171556011
DFM-2_PLUS_PAYMENTS,2023Q3,H3,conservative,1,industrial_production,PRODUCTION,0.1225986899743941
DFM-2_PLUS_PAYMENTS,2023Q3,H3,conservative,1,ppi,PRICES,-0.012215637479348101
DFM-2_PLUS_PAYMENTS,2023Q3,H3,conservative,1,usd_uzs,FINANCIAL,-0.12869420602707679
DFM-2_PLUS_PAYMENTS,2023Q3,H3,conservative,1,rub_uzs,FINANCIAL,0.0075108886837358998
DFM-2_PLUS_PAYMENTS,2023Q3,H3,conservative,1,gold_price,EXTERNAL,-0.1006053071568838
DFM-2_PLUS_PAYMENTS,2023Q3,H3,conservative,1,m2,FINANCIAL,0.48938230361640672
DFM-2_PLUS_PAYMENTS,2023Q3,H3,conservative,1,fx_reserves_ex_gold,FINANCIAL,-0.24656039200898841
DFM-2_PLUS_PAYMENTS,2023Q3,H3,conservative,1,pos_turnover,PAYMENTS,0.47761433171556011
DFM-2_PLUS_PAYMENTS,2023Q4,H1,standard,1,industrial_production,PRODUCTION,0.1334665314514667
DFM-2_PLUS_PAYMENTS,2023Q4,H1,standard,1,ppi,PRICES,-0.018210743336863702
DFM-2_PLUS_PAYMENTS,2023Q4,H1,standard,1,usd_uzs,FINANCIAL,-0.12963323879987601
DFM-2_PLUS_PAYMENTS,2023Q4,H1,standard,1,rub_uzs,FINANCIAL,0.0011931400370444
DFM-2_PLUS_PAYMENTS,2023Q4,H1,standard,1,gold_price,EXTERNAL,-0.1096069758460429
DFM-2_PLUS_PAYMENTS,2023Q4,H1,standard,1,m2,FINANCIAL,0.47790753884317488
DFM-2_PLUS_PAYMENTS,2023Q4,H1,standard,1,fx_reserves_ex_gold,FINANCIAL,-0.22864838486958841
DFM-2_PLUS_PAYMENTS,2023Q4,H1,standard,1,pos_turnover,PAYMENTS,0.4888871561329412
DFM-2_PLUS_PAYMENTS,2023Q4,H1,conservative,1,industrial_production,PRODUCTION,0.13533809382241299
DFM-2_PLUS_PAYMENTS,2023Q4,H1,conservative,1,ppi,PRICES,-0.020432516201856901
DFM-2_PLUS_PAYMENTS,2023Q4,H1,conservative,1,usd_uzs,FINANCIAL,-0.11799211551836181
DFM-2_PLUS_PAYMENTS,2023Q4,H1,conservative,1,rub_uzs,FINANCIAL,-0.0013881862140272001
DFM-2_PLUS_PAYMENTS,2023Q4,H1,conservative,1,gold_price,EXTERNAL,-0.1114118759408759
DFM-2_PLUS_PAYMENTS,2023Q4,H1,conservative,1,m2,FINANCIAL,0.4772716964051707
DFM-2_PLUS_PAYMENTS,2023Q4,H1,conservative,1,fx_reserves_ex_gold,FINANCIAL,-0.2481413318972904
DFM-2_PLUS_PAYMENTS,2023Q4,H1,conservative,1,pos_turnover,PAYMENTS,0.486366782153759
DFM-2_PLUS_PAYMENTS,2023Q4,H2,standard,1,industrial_production,PRODUCTION,0.1348630904992591
DFM-2_PLUS_PAYMENTS,2023Q4,H2,standard,1,ppi,PRICES,-0.018440951705386101
DFM-2_PLUS_PAYMENTS,2023Q4,H2,standard,1,usd_uzs,FINANCIAL,-0.12956168387572151
DFM-2_PLUS_PAYMENTS,2023Q4,H2,standard,1,rub_uzs,FINANCIAL,0.00092508619632789999
DFM-2_PLUS_PAYMENTS,2023Q4,H2,standard,1,gold_price,EXTERNAL,-0.109946105334758
DFM-2_PLUS_PAYMENTS,2023Q4,H2,standard,1,m2,FINANCIAL,0.477043026821382
DFM-2_PLUS_PAYMENTS,2023Q4,H2,standard,1,fx_reserves_ex_gold,FINANCIAL,-0.22959062530862989
DFM-2_PLUS_PAYMENTS,2023Q4,H2,standard,1,pos_turnover,PAYMENTS,0.48909003953802621
DFM-2_PLUS_PAYMENTS,2023Q4,H2,conservative,1,industrial_production,PRODUCTION,0.1348630904992591
DFM-2_PLUS_PAYMENTS,2023Q4,H2,conservative,1,ppi,PRICES,-0.018440951705386101
DFM-2_PLUS_PAYMENTS,2023Q4,H2,conservative,1,usd_uzs,FINANCIAL,-0.12956168387572151
DFM-2_PLUS_PAYMENTS,2023Q4,H2,conservative,1,rub_uzs,FINANCIAL,0.00092508619632789999
DFM-2_PLUS_PAYMENTS,2023Q4,H2,conservative,1,gold_price,EXTERNAL,-0.109946105334758
DFM-2_PLUS_PAYMENTS,2023Q4,H2,conservative,1,m2,FINANCIAL,0.477043026821382
DFM-2_PLUS_PAYMENTS,2023Q4,H2,conservative,1,fx_reserves_ex_gold,FINANCIAL,-0.22959062530862989
DFM-2_PLUS_PAYMENTS,2023Q4,H2,conservative,1,pos_turnover,PAYMENTS,0.48909003953802621
DFM-2_PLUS_PAYMENTS,2023Q4,H3,standard,1,industrial_production,PRODUCTION,0.1348630904992591
DFM-2_PLUS_PAYMENTS,2023Q4,H3,standard,1,ppi,PRICES,-0.018440951705386101
DFM-2_PLUS_PAYMENTS,2023Q4,H3,standard,1,usd_uzs,FINANCIAL,-0.12956168387572151
DFM-2_PLUS_PAYMENTS,2023Q4,H3,standard,1,rub_uzs,FINANCIAL,0.00092508619632789999
DFM-2_PLUS_PAYMENTS,2023Q4,H3,standard,1,gold_price,EXTERNAL,-0.109946105334758
DFM-2_PLUS_PAYMENTS,2023Q4,H3,standard,1,m2,FINANCIAL,0.477043026821382
DFM-2_PLUS_PAYMENTS,2023Q4,H3,standard,1,fx_reserves_ex_gold,FINANCIAL,-0.22959062530862989
DFM-2_PLUS_PAYMENTS,2023Q4,H3,standard,1,pos_turnover,PAYMENTS,0.48909003953802621
DFM-2_PLUS_PAYMENTS,2023Q4,H3,conservative,1,industrial_production,PRODUCTION,0.1348630904992591
DFM-2_PLUS_PAYMENTS,2023Q4,H3,conservative,1,ppi,PRICES,-0.018440951705386101
DFM-2_PLUS_PAYMENTS,2023Q4,H3,conservative,1,usd_uzs,FINANCIAL,-0.12956168387572151
DFM-2_PLUS_PAYMENTS,2023Q4,H3,conservative,1,rub_uzs,FINANCIAL,0.00092508619632789999
DFM-2_PLUS_PAYMENTS,2023Q4,H3,conservative,1,gold_price,EXTERNAL,-0.109946105334758
DFM-2_PLUS_PAYMENTS,2023Q4,H3,conservative,1,m2,FINANCIAL,0.477043026821382
DFM-2_PLUS_PAYMENTS,2023Q4,H3,conservative,1,fx_reserves_ex_gold,FINANCIAL,-0.22959062530862989
DFM-2_PLUS_PAYMENTS,2023Q4,H3,conservative,1,pos_turnover,PAYMENTS,0.48909003953802621
DFM-2_PLUS_PAYMENTS,2024Q1,H1,standard,1,industrial_production,PRODUCTION,0.1351620939752482
DFM-2_PLUS_PAYMENTS,2024Q1,H1,standard,1,ppi,PRICES,-0.026234301306622802
DFM-2_PLUS_PAYMENTS,2024Q1,H1,standard,1,usd_uzs,FINANCIAL,-0.13599177727344269
DFM-2_PLUS_PAYMENTS,2024Q1,H1,standard,1,rub_uzs,FINANCIAL,-0.0036135644231811001
DFM-2_PLUS_PAYMENTS,2024Q1,H1,standard,1,gold_price,EXTERNAL,-0.1167593315011355
DFM-2_PLUS_PAYMENTS,2024Q1,H1,standard,1,m2,FINANCIAL,0.47508066759127437
DFM-2_PLUS_PAYMENTS,2024Q1,H1,standard,1,fx_reserves_ex_gold,FINANCIAL,-0.217712274033178
DFM-2_PLUS_PAYMENTS,2024Q1,H1,standard,1,pos_turnover,PAYMENTS,0.4974845458643774
DFM-2_PLUS_PAYMENTS,2024Q1,H1,conservative,1,industrial_production,PRODUCTION,0.13359528083234631
DFM-2_PLUS_PAYMENTS,2024Q1,H1,conservative,1,ppi,PRICES,-0.0262719620501
DFM-2_PLUS_PAYMENTS,2024Q1,H1,conservative,1,usd_uzs,FINANCIAL,-0.13591931390867831
DFM-2_PLUS_PAYMENTS,2024Q1,H1,conservative,1,rub_uzs,FINANCIAL,-0.0030499765293487999
DFM-2_PLUS_PAYMENTS,2024Q1,H1,conservative,1,gold_price,EXTERNAL,-0.1163910191391226
DFM-2_PLUS_PAYMENTS,2024Q1,H1,conservative,1,m2,FINANCIAL,0.47638378574637902
DFM-2_PLUS_PAYMENTS,2024Q1,H1,conservative,1,fx_reserves_ex_gold,FINANCIAL,-0.21545294844319299
DFM-2_PLUS_PAYMENTS,2024Q1,H1,conservative,1,pos_turnover,PAYMENTS,0.49608593318111288
DFM-2_PLUS_PAYMENTS,2024Q1,H2,standard,1,industrial_production,PRODUCTION,0.13505074611315179
DFM-2_PLUS_PAYMENTS,2024Q1,H2,standard,1,ppi,PRICES,-0.026244960250830202
DFM-2_PLUS_PAYMENTS,2024Q1,H2,standard,1,usd_uzs,FINANCIAL,-0.1362383470795005
DFM-2_PLUS_PAYMENTS,2024Q1,H2,standard,1,rub_uzs,FINANCIAL,-0.0037405807528272999
DFM-2_PLUS_PAYMENTS,2024Q1,H2,standard,1,gold_price,EXTERNAL,-0.116974437382351
DFM-2_PLUS_PAYMENTS,2024Q1,H2,standard,1,m2,FINANCIAL,0.47435818545225078
DFM-2_PLUS_PAYMENTS,2024Q1,H2,standard,1,fx_reserves_ex_gold,FINANCIAL,-0.2186613511414825
DFM-2_PLUS_PAYMENTS,2024Q1,H2,standard,1,pos_turnover,PAYMENTS,0.49801608932575758
DFM-2_PLUS_PAYMENTS,2024Q1,H2,conservative,1,industrial_production,PRODUCTION,0.13505074611315179
DFM-2_PLUS_PAYMENTS,2024Q1,H2,conservative,1,ppi,PRICES,-0.026244960250830202
DFM-2_PLUS_PAYMENTS,2024Q1,H2,conservative,1,usd_uzs,FINANCIAL,-0.1362383470795005
DFM-2_PLUS_PAYMENTS,2024Q1,H2,conservative,1,rub_uzs,FINANCIAL,-0.0037405807528272999
DFM-2_PLUS_PAYMENTS,2024Q1,H2,conservative,1,gold_price,EXTERNAL,-0.116974437382351
DFM-2_PLUS_PAYMENTS,2024Q1,H2,conservative,1,m2,FINANCIAL,0.47435818545225078
DFM-2_PLUS_PAYMENTS,2024Q1,H2,conservative,1,fx_reserves_ex_gold,FINANCIAL,-0.2186613511414825
DFM-2_PLUS_PAYMENTS,2024Q1,H2,conservative,1,pos_turnover,PAYMENTS,0.49801608932575758
DFM-2_PLUS_PAYMENTS,2024Q1,H3,standard,1,industrial_production,PRODUCTION,0.13505074611315179
DFM-2_PLUS_PAYMENTS,2024Q1,H3,standard,1,ppi,PRICES,-0.026244960250830202
DFM-2_PLUS_PAYMENTS,2024Q1,H3,standard,1,usd_uzs,FINANCIAL,-0.1362383470795005
DFM-2_PLUS_PAYMENTS,2024Q1,H3,standard,1,rub_uzs,FINANCIAL,-0.0037405807528272999
DFM-2_PLUS_PAYMENTS,2024Q1,H3,standard,1,gold_price,EXTERNAL,-0.116974437382351
DFM-2_PLUS_PAYMENTS,2024Q1,H3,standard,1,m2,FINANCIAL,0.47435818545225078
DFM-2_PLUS_PAYMENTS,2024Q1,H3,standard,1,fx_reserves_ex_gold,FINANCIAL,-0.2186613511414825
DFM-2_PLUS_PAYMENTS,2024Q1,H3,standard,1,pos_turnover,PAYMENTS,0.49801608932575758
DFM-2_PLUS_PAYMENTS,2024Q1,H3,conservative,1,industrial_production,PRODUCTION,0.13505074611315179
DFM-2_PLUS_PAYMENTS,2024Q1,H3,conservative,1,ppi,PRICES,-0.026244960250830202
DFM-2_PLUS_PAYMENTS,2024Q1,H3,conservative,1,usd_uzs,FINANCIAL,-0.1362383470795005
DFM-2_PLUS_PAYMENTS,2024Q1,H3,conservative,1,rub_uzs,FINANCIAL,-0.0037405807528272999
DFM-2_PLUS_PAYMENTS,2024Q1,H3,conservative,1,gold_price,EXTERNAL,-0.116974437382351
DFM-2_PLUS_PAYMENTS,2024Q1,H3,conservative,1,m2,FINANCIAL,0.47435818545225078
DFM-2_PLUS_PAYMENTS,2024Q1,H3,conservative,1,fx_reserves_ex_gold,FINANCIAL,-0.2186613511414825
DFM-2_PLUS_PAYMENTS,2024Q1,H3,conservative,1,pos_turnover,PAYMENTS,0.49801608932575758
DFM-2_PLUS_PAYMENTS,2024Q2,H1,standard,1,industrial_production,PRODUCTION,0.1186654840725988
DFM-2_PLUS_PAYMENTS,2024Q2,H1,standard,1,ppi,PRICES,-0.027882235104366802
DFM-2_PLUS_PAYMENTS,2024Q2,H1,standard,1,usd_uzs,FINANCIAL,-0.1412337863255573
DFM-2_PLUS_PAYMENTS,2024Q2,H1,standard,1,rub_uzs,FINANCIAL,-0.0054607149983438999
DFM-2_PLUS_PAYMENTS,2024Q2,H1,standard,1,gold_price,EXTERNAL,-0.1181307242130963
DFM-2_PLUS_PAYMENTS,2024Q2,H1,standard,1,m2,FINANCIAL,0.46930926259574057
DFM-2_PLUS_PAYMENTS,2024Q2,H1,standard,1,fx_reserves_ex_gold,FINANCIAL,-0.2133066435242168
DFM-2_PLUS_PAYMENTS,2024Q2,H1,standard,1,pos_turnover,PAYMENTS,0.50804060910688886
DFM-2_PLUS_PAYMENTS,2024Q2,H1,conservative,1,industrial_production,PRODUCTION,0.1251229517457878
DFM-2_PLUS_PAYMENTS,2024Q2,H1,conservative,1,ppi,PRICES,-0.0282079437408688
DFM-2_PLUS_PAYMENTS,2024Q2,H1,conservative,1,usd_uzs,FINANCIAL,-0.1423896270289472
DFM-2_PLUS_PAYMENTS,2024Q2,H1,conservative,1,rub_uzs,FINANCIAL,-0.0061844807841388997
DFM-2_PLUS_PAYMENTS,2024Q2,H1,conservative,1,gold_price,EXTERNAL,-0.1173182783320825
DFM-2_PLUS_PAYMENTS,2024Q2,H1,conservative,1,m2,FINANCIAL,0.4609444712515634
DFM-2_PLUS_PAYMENTS,2024Q2,H1,conservative,1,fx_reserves_ex_gold,FINANCIAL,-0.22035234744944521
DFM-2_PLUS_PAYMENTS,2024Q2,H1,conservative,1,pos_turnover,PAYMENTS,0.50664385379492671
DFM-2_PLUS_PAYMENTS,2024Q2,H2,standard,1,industrial_production,PRODUCTION,0.118120724534456
DFM-2_PLUS_PAYMENTS,2024Q2,H2,standard,1,ppi,PRICES,-0.0274919559165255
DFM-2_PLUS_PAYMENTS,2024Q2,H2,standard,1,usd_uzs,FINANCIAL,-0.13950575341676069
DFM-2_PLUS_PAYMENTS,2024Q2,H2,standard,1,rub_uzs,FINANCIAL,-0.0054445632232245997
DFM-2_PLUS_PAYMENTS,2024Q2,H2,standard,1,gold_price,EXTERNAL,-0.116579885227885
DFM-2_PLUS_PAYMENTS,2024Q2,H2,standard,1,m2,FINANCIAL,0.46269278113034601
DFM-2_PLUS_PAYMENTS,2024Q2,H2,standard,1,fx_reserves_ex_gold,FINANCIAL,-0.21117255479533131
DFM-2_PLUS_PAYMENTS,2024Q2,H2,standard,1,pos_turnover,PAYMENTS,0.50159786491243308
DFM-2_PLUS_PAYMENTS,2024Q2,H2,conservative,1,industrial_production,PRODUCTION,0.118120724534456
DFM-2_PLUS_PAYMENTS,2024Q2,H2,conservative,1,ppi,PRICES,-0.0274919559165255
DFM-2_PLUS_PAYMENTS,2024Q2,H2,conservative,1,usd_uzs,FINANCIAL,-0.13950575341676069
DFM-2_PLUS_PAYMENTS,2024Q2,H2,conservative,1,rub_uzs,FINANCIAL,-0.0054445632232245997
DFM-2_PLUS_PAYMENTS,2024Q2,H2,conservative,1,gold_price,EXTERNAL,-0.116579885227885
DFM-2_PLUS_PAYMENTS,2024Q2,H2,conservative,1,m2,FINANCIAL,0.46269278113034601
DFM-2_PLUS_PAYMENTS,2024Q2,H2,conservative,1,fx_reserves_ex_gold,FINANCIAL,-0.21117255479533131
DFM-2_PLUS_PAYMENTS,2024Q2,H2,conservative,1,pos_turnover,PAYMENTS,0.50159786491243308
DFM-2_PLUS_PAYMENTS,2024Q2,H3,standard,1,industrial_production,PRODUCTION,0.118120724534456
DFM-2_PLUS_PAYMENTS,2024Q2,H3,standard,1,ppi,PRICES,-0.0274919559165255
DFM-2_PLUS_PAYMENTS,2024Q2,H3,standard,1,usd_uzs,FINANCIAL,-0.13950575341676069
DFM-2_PLUS_PAYMENTS,2024Q2,H3,standard,1,rub_uzs,FINANCIAL,-0.0054445632232245997
DFM-2_PLUS_PAYMENTS,2024Q2,H3,standard,1,gold_price,EXTERNAL,-0.116579885227885
DFM-2_PLUS_PAYMENTS,2024Q2,H3,standard,1,m2,FINANCIAL,0.46269278113034601
DFM-2_PLUS_PAYMENTS,2024Q2,H3,standard,1,fx_reserves_ex_gold,FINANCIAL,-0.21117255479533131
DFM-2_PLUS_PAYMENTS,2024Q2,H3,standard,1,pos_turnover,PAYMENTS,0.50159786491243308
DFM-2_PLUS_PAYMENTS,2024Q2,H3,conservative,1,industrial_production,PRODUCTION,0.118120724534456
DFM-2_PLUS_PAYMENTS,2024Q2,H3,conservative,1,ppi,PRICES,-0.0274919559165255
DFM-2_PLUS_PAYMENTS,2024Q2,H3,conservative,1,usd_uzs,FINANCIAL,-0.13950575341676069
DFM-2_PLUS_PAYMENTS,2024Q2,H3,conservative,1,rub_uzs,FINANCIAL,-0.0054445632232245997
DFM-2_PLUS_PAYMENTS,2024Q2,H3,conservative,1,gold_price,EXTERNAL,-0.116579885227885
DFM-2_PLUS_PAYMENTS,2024Q2,H3,conservative,1,m2,FINANCIAL,0.46269278113034601
DFM-2_PLUS_PAYMENTS,2024Q2,H3,conservative,1,fx_reserves_ex_gold,FINANCIAL,-0.21117255479533131
DFM-2_PLUS_PAYMENTS,2024Q2,H3,conservative,1,pos_turnover,PAYMENTS,0.50159786491243308
DFM-2_PLUS_PAYMENTS,2024Q3,H1,standard,1,industrial_production,PRODUCTION,0.1216102737187795
DFM-2_PLUS_PAYMENTS,2024Q3,H1,standard,1,ppi,PRICES,-0.025117919422428501
DFM-2_PLUS_PAYMENTS,2024Q3,H1,standard,1,usd_uzs,FINANCIAL,-0.1388605936044266
DFM-2_PLUS_PAYMENTS,2024Q3,H1,standard,1,rub_uzs,FINANCIAL,-0.0041633388895121999
DFM-2_PLUS_PAYMENTS,2024Q3,H1,standard,1,gold_price,EXTERNAL,-0.10584410571227
DFM-2_PLUS_PAYMENTS,2024Q3,H1,standard,1,m2,FINANCIAL,0.46521379383731698
DFM-2_PLUS_PAYMENTS,2024Q3,H1,standard,1,fx_reserves_ex_gold,FINANCIAL,-0.21552208915086779
DFM-2_PLUS_PAYMENTS,2024Q3,H1,standard,1,pos_turnover,PAYMENTS,0.49934346519906631
DFM-2_PLUS_PAYMENTS,2024Q3,H1,conservative,1,industrial_production,PRODUCTION,0.1226850766728579
DFM-2_PLUS_PAYMENTS,2024Q3,H1,conservative,1,ppi,PRICES,-0.025294034265614999
DFM-2_PLUS_PAYMENTS,2024Q3,H1,conservative,1,usd_uzs,FINANCIAL,-0.1397875840260982
DFM-2_PLUS_PAYMENTS,2024Q3,H1,conservative,1,rub_uzs,FINANCIAL,-0.0042386678677798001
DFM-2_PLUS_PAYMENTS,2024Q3,H1,conservative,1,gold_price,EXTERNAL,-0.1066455103243745
DFM-2_PLUS_PAYMENTS,2024Q3,H1,conservative,1,m2,FINANCIAL,0.46592955743921982
DFM-2_PLUS_PAYMENTS,2024Q3,H1,conservative,1,fx_reserves_ex_gold,FINANCIAL,-0.21713428566758511
DFM-2_PLUS_PAYMENTS,2024Q3,H1,conservative,1,pos_turnover,PAYMENTS,0.50032042152828393
DFM-2_PLUS_PAYMENTS,2024Q3,H2,standard,1,industrial_production,PRODUCTION,0.1237774484928952
DFM-2_PLUS_PAYMENTS,2024Q3,H2,standard,1,ppi,PRICES,-0.025057897076906799
DFM-2_PLUS_PAYMENTS,2024Q3,H2,standard,1,usd_uzs,FINANCIAL,-0.13913210717861119
DFM-2_PLUS_PAYMENTS,2024Q3,H2,standard,1,rub_uzs,FINANCIAL,-0.0040974492525190998
DFM-2_PLUS_PAYMENTS,2024Q3,H2,standard,1,gold_price,EXTERNAL,-0.10595015626264
DFM-2_PLUS_PAYMENTS,2024Q3,H2,standard,1,m2,FINANCIAL,0.46548212127382171
DFM-2_PLUS_PAYMENTS,2024Q3,H2,standard,1,fx_reserves_ex_gold,FINANCIAL,-0.21610559240565089
DFM-2_PLUS_PAYMENTS,2024Q3,H2,standard,1,pos_turnover,PAYMENTS,0.49985461913357138
DFM-2_PLUS_PAYMENTS,2024Q3,H2,conservative,1,industrial_production,PRODUCTION,0.1237774484928952
DFM-2_PLUS_PAYMENTS,2024Q3,H2,conservative,1,ppi,PRICES,-0.025057897076906799
DFM-2_PLUS_PAYMENTS,2024Q3,H2,conservative,1,usd_uzs,FINANCIAL,-0.13913210717861119
DFM-2_PLUS_PAYMENTS,2024Q3,H2,conservative,1,rub_uzs,FINANCIAL,-0.0040974492525190998
DFM-2_PLUS_PAYMENTS,2024Q3,H2,conservative,1,gold_price,EXTERNAL,-0.10595015626264
DFM-2_PLUS_PAYMENTS,2024Q3,H2,conservative,1,m2,FINANCIAL,0.46548212127382171
DFM-2_PLUS_PAYMENTS,2024Q3,H2,conservative,1,fx_reserves_ex_gold,FINANCIAL,-0.21610559240565089
DFM-2_PLUS_PAYMENTS,2024Q3,H2,conservative,1,pos_turnover,PAYMENTS,0.49985461913357138
DFM-2_PLUS_PAYMENTS,2024Q3,H3,standard,1,industrial_production,PRODUCTION,0.1237774484928952
DFM-2_PLUS_PAYMENTS,2024Q3,H3,standard,1,ppi,PRICES,-0.025057897076906799
DFM-2_PLUS_PAYMENTS,2024Q3,H3,standard,1,usd_uzs,FINANCIAL,-0.13913210717861119
DFM-2_PLUS_PAYMENTS,2024Q3,H3,standard,1,rub_uzs,FINANCIAL,-0.0040974492525190998
DFM-2_PLUS_PAYMENTS,2024Q3,H3,standard,1,gold_price,EXTERNAL,-0.10595015626264
DFM-2_PLUS_PAYMENTS,2024Q3,H3,standard,1,m2,FINANCIAL,0.46548212127382171
DFM-2_PLUS_PAYMENTS,2024Q3,H3,standard,1,fx_reserves_ex_gold,FINANCIAL,-0.21610559240565089
DFM-2_PLUS_PAYMENTS,2024Q3,H3,standard,1,pos_turnover,PAYMENTS,0.49985461913357138
DFM-2_PLUS_PAYMENTS,2024Q3,H3,conservative,1,industrial_production,PRODUCTION,0.1237774484928952
DFM-2_PLUS_PAYMENTS,2024Q3,H3,conservative,1,ppi,PRICES,-0.025057897076906799
DFM-2_PLUS_PAYMENTS,2024Q3,H3,conservative,1,usd_uzs,FINANCIAL,-0.13913210717861119
DFM-2_PLUS_PAYMENTS,2024Q3,H3,conservative,1,rub_uzs,FINANCIAL,-0.0040974492525190998
DFM-2_PLUS_PAYMENTS,2024Q3,H3,conservative,1,gold_price,EXTERNAL,-0.10595015626264
DFM-2_PLUS_PAYMENTS,2024Q3,H3,conservative,1,m2,FINANCIAL,0.46548212127382171
DFM-2_PLUS_PAYMENTS,2024Q3,H3,conservative,1,fx_reserves_ex_gold,FINANCIAL,-0.21610559240565089
DFM-2_PLUS_PAYMENTS,2024Q3,H3,conservative,1,pos_turnover,PAYMENTS,0.49985461913357138
DFM-2_PLUS_PAYMENTS,2024Q4,H1,standard,1,industrial_production,PRODUCTION,0.1241201752090329
DFM-2_PLUS_PAYMENTS,2024Q4,H1,standard,1,ppi,PRICES,-0.024535537777602201
DFM-2_PLUS_PAYMENTS,2024Q4,H1,standard,1,usd_uzs,FINANCIAL,-0.13779221794341021
DFM-2_PLUS_PAYMENTS,2024Q4,H1,standard,1,rub_uzs,FINANCIAL,-0.0046966048135153003
DFM-2_PLUS_PAYMENTS,2024Q4,H1,standard,1,gold_price,EXTERNAL,-0.105165141564808
DFM-2_PLUS_PAYMENTS,2024Q4,H1,standard,1,m2,FINANCIAL,0.45591166664499261
DFM-2_PLUS_PAYMENTS,2024Q4,H1,standard,1,fx_reserves_ex_gold,FINANCIAL,-0.2137210376099038
DFM-2_PLUS_PAYMENTS,2024Q4,H1,standard,1,pos_turnover,PAYMENTS,0.49574508787403482
DFM-2_PLUS_PAYMENTS,2024Q4,H1,conservative,1,industrial_production,PRODUCTION,0.1212752156495896
DFM-2_PLUS_PAYMENTS,2024Q4,H1,conservative,1,ppi,PRICES,-0.023450679748517299
DFM-2_PLUS_PAYMENTS,2024Q4,H1,conservative,1,usd_uzs,FINANCIAL,-0.13724390887615831
DFM-2_PLUS_PAYMENTS,2024Q4,H1,conservative,1,rub_uzs,FINANCIAL,-0.0032319181052417999
DFM-2_PLUS_PAYMENTS,2024Q4,H1,conservative,1,gold_price,EXTERNAL,-0.10823363005029971
DFM-2_PLUS_PAYMENTS,2024Q4,H1,conservative,1,m2,FINANCIAL,0.46040004861445671
DFM-2_PLUS_PAYMENTS,2024Q4,H1,conservative,1,fx_reserves_ex_gold,FINANCIAL,-0.21434502868785249
DFM-2_PLUS_PAYMENTS,2024Q4,H1,conservative,1,pos_turnover,PAYMENTS,0.4958862251653931
DFM-2_PLUS_PAYMENTS,2024Q4,H2,standard,1,industrial_production,PRODUCTION,0.12463356523901691
DFM-2_PLUS_PAYMENTS,2024Q4,H2,standard,1,ppi,PRICES,-0.024567240081747099
DFM-2_PLUS_PAYMENTS,2024Q4,H2,standard,1,usd_uzs,FINANCIAL,-0.13777930558580501
DFM-2_PLUS_PAYMENTS,2024Q4,H2,standard,1,rub_uzs,FINANCIAL,-0.0046601160490626998
DFM-2_PLUS_PAYMENTS,2024Q4,H2,standard,1,gold_price,EXTERNAL,-0.10495522552094
DFM-2_PLUS_PAYMENTS,2024Q4,H2,standard,1,m2,FINANCIAL,0.45630851785086929
DFM-2_PLUS_PAYMENTS,2024Q4,H2,standard,1,fx_reserves_ex_gold,FINANCIAL,-0.2134225100073491
DFM-2_PLUS_PAYMENTS,2024Q4,H2,standard,1,pos_turnover,PAYMENTS,0.4955556230557342
DFM-2_PLUS_PAYMENTS,2024Q4,H2,conservative,1,industrial_production,PRODUCTION,0.12463356523901691
DFM-2_PLUS_PAYMENTS,2024Q4,H2,conservative,1,ppi,PRICES,-0.024567240081747099
DFM-2_PLUS_PAYMENTS,2024Q4,H2,conservative,1,usd_uzs,FINANCIAL,-0.13777930558580501
DFM-2_PLUS_PAYMENTS,2024Q4,H2,conservative,1,rub_uzs,FINANCIAL,-0.0046601160490626998
DFM-2_PLUS_PAYMENTS,2024Q4,H2,conservative,1,gold_price,EXTERNAL,-0.10495522552094
DFM-2_PLUS_PAYMENTS,2024Q4,H2,conservative,1,m2,FINANCIAL,0.45630851785086929
DFM-2_PLUS_PAYMENTS,2024Q4,H2,conservative,1,fx_reserves_ex_gold,FINANCIAL,-0.2134225100073491
DFM-2_PLUS_PAYMENTS,2024Q4,H2,conservative,1,pos_turnover,PAYMENTS,0.4955556230557342
DFM-2_PLUS_PAYMENTS,2024Q4,H3,standard,1,industrial_production,PRODUCTION,0.12463356523901691
DFM-2_PLUS_PAYMENTS,2024Q4,H3,standard,1,ppi,PRICES,-0.024567240081747099
DFM-2_PLUS_PAYMENTS,2024Q4,H3,standard,1,usd_uzs,FINANCIAL,-0.13777930558580501
DFM-2_PLUS_PAYMENTS,2024Q4,H3,standard,1,rub_uzs,FINANCIAL,-0.0046601160490626998
DFM-2_PLUS_PAYMENTS,2024Q4,H3,standard,1,gold_price,EXTERNAL,-0.10495522552094
DFM-2_PLUS_PAYMENTS,2024Q4,H3,standard,1,m2,FINANCIAL,0.45630851785086929
DFM-2_PLUS_PAYMENTS,2024Q4,H3,standard,1,fx_reserves_ex_gold,FINANCIAL,-0.2134225100073491
DFM-2_PLUS_PAYMENTS,2024Q4,H3,standard,1,pos_turnover,PAYMENTS,0.4955556230557342
DFM-2_PLUS_PAYMENTS,2024Q4,H3,conservative,1,industrial_production,PRODUCTION,0.12463356523901691
DFM-2_PLUS_PAYMENTS,2024Q4,H3,conservative,1,ppi,PRICES,-0.024567240081747099
DFM-2_PLUS_PAYMENTS,2024Q4,H3,conservative,1,usd_uzs,FINANCIAL,-0.13777930558580501
DFM-2_PLUS_PAYMENTS,2024Q4,H3,conservative,1,rub_uzs,FINANCIAL,-0.0046601160490626998
DFM-2_PLUS_PAYMENTS,2024Q4,H3,conservative,1,gold_price,EXTERNAL,-0.10495522552094
DFM-2_PLUS_PAYMENTS,2024Q4,H3,conservative,1,m2,FINANCIAL,0.45630851785086929
DFM-2_PLUS_PAYMENTS,2024Q4,H3,conservative,1,fx_reserves_ex_gold,FINANCIAL,-0.2134225100073491
DFM-2_PLUS_PAYMENTS,2024Q4,H3,conservative,1,pos_turnover,PAYMENTS,0.4955556230557342
DFM-2_PLUS_PAYMENTS,2025Q1,H1,standard,1,industrial_production,PRODUCTION,0.1372437625041453
DFM-2_PLUS_PAYMENTS,2025Q1,H1,standard,1,ppi,PRICES,-0.022942301885318199
DFM-2_PLUS_PAYMENTS,2025Q1,H1,standard,1,usd_uzs,FINANCIAL,-0.1363154885396568
DFM-2_PLUS_PAYMENTS,2025Q1,H1,standard,1,rub_uzs,FINANCIAL,-0.0080379327519543992
DFM-2_PLUS_PAYMENTS,2025Q1,H1,standard,1,gold_price,EXTERNAL,-0.1037039150185436
DFM-2_PLUS_PAYMENTS,2025Q1,H1,standard,1,m2,FINANCIAL,0.4103006113477573
DFM-2_PLUS_PAYMENTS,2025Q1,H1,standard,1,fx_reserves_ex_gold,FINANCIAL,-0.22592285223322789
DFM-2_PLUS_PAYMENTS,2025Q1,H1,standard,1,pos_turnover,PAYMENTS,0.4866056785127334
DFM-2_PLUS_PAYMENTS,2025Q1,H1,conservative,1,industrial_production,PRODUCTION,0.1346530121190371
DFM-2_PLUS_PAYMENTS,2025Q1,H1,conservative,1,ppi,PRICES,-0.0251584082757671
DFM-2_PLUS_PAYMENTS,2025Q1,H1,conservative,1,usd_uzs,FINANCIAL,-0.13860357850752131
DFM-2_PLUS_PAYMENTS,2025Q1,H1,conservative,1,rub_uzs,FINANCIAL,-0.0088955375675319002
DFM-2_PLUS_PAYMENTS,2025Q1,H1,conservative,1,gold_price,EXTERNAL,-0.10417919908276869
DFM-2_PLUS_PAYMENTS,2025Q1,H1,conservative,1,m2,FINANCIAL,0.42634221863248989
DFM-2_PLUS_PAYMENTS,2025Q1,H1,conservative,1,fx_reserves_ex_gold,FINANCIAL,-0.22007101297802489
DFM-2_PLUS_PAYMENTS,2025Q1,H1,conservative,1,pos_turnover,PAYMENTS,0.48942897544670971
DFM-2_PLUS_PAYMENTS,2025Q1,H2,standard,1,industrial_production,PRODUCTION,0.1378023477744072
DFM-2_PLUS_PAYMENTS,2025Q1,H2,standard,1,ppi,PRICES,-0.0229967953010537
DFM-2_PLUS_PAYMENTS,2025Q1,H2,standard,1,usd_uzs,FINANCIAL,-0.1362644658940533
DFM-2_PLUS_PAYMENTS,2025Q1,H2,standard,1,rub_uzs,FINANCIAL,-0.0080962160879089994
DFM-2_PLUS_PAYMENTS,2025Q1,H2,standard,1,gold_price,EXTERNAL,-0.10357940977873629
DFM-2_PLUS_PAYMENTS,2025Q1,H2,standard,1,m2,FINANCIAL,0.41085833951108652
DFM-2_PLUS_PAYMENTS,2025Q1,H2,standard,1,fx_reserves_ex_gold,FINANCIAL,-0.22563417540362971
DFM-2_PLUS_PAYMENTS,2025Q1,H2,standard,1,pos_turnover,PAYMENTS,0.48617928437594288
DFM-2_PLUS_PAYMENTS,2025Q1,H2,conservative,1,industrial_production,PRODUCTION,0.1378023477744072
DFM-2_PLUS_PAYMENTS,2025Q1,H2,conservative,1,ppi,PRICES,-0.0229967953010537
DFM-2_PLUS_PAYMENTS,2025Q1,H2,conservative,1,usd_uzs,FINANCIAL,-0.1362644658940533
DFM-2_PLUS_PAYMENTS,2025Q1,H2,conservative,1,rub_uzs,FINANCIAL,-0.0080962160879089994
DFM-2_PLUS_PAYMENTS,2025Q1,H2,conservative,1,gold_price,EXTERNAL,-0.10357940977873629
DFM-2_PLUS_PAYMENTS,2025Q1,H2,conservative,1,m2,FINANCIAL,0.41085833951108652
DFM-2_PLUS_PAYMENTS,2025Q1,H2,conservative,1,fx_reserves_ex_gold,FINANCIAL,-0.22563417540362971
DFM-2_PLUS_PAYMENTS,2025Q1,H2,conservative,1,pos_turnover,PAYMENTS,0.48617928437594288
DFM-2_PLUS_PAYMENTS,2025Q1,H3,standard,1,industrial_production,PRODUCTION,0.1378023477744072
DFM-2_PLUS_PAYMENTS,2025Q1,H3,standard,1,ppi,PRICES,-0.0229967953010537
DFM-2_PLUS_PAYMENTS,2025Q1,H3,standard,1,usd_uzs,FINANCIAL,-0.1362644658940533
DFM-2_PLUS_PAYMENTS,2025Q1,H3,standard,1,rub_uzs,FINANCIAL,-0.0080962160879089994
DFM-2_PLUS_PAYMENTS,2025Q1,H3,standard,1,gold_price,EXTERNAL,-0.10357940977873629
DFM-2_PLUS_PAYMENTS,2025Q1,H3,standard,1,m2,FINANCIAL,0.41085833951108652
DFM-2_PLUS_PAYMENTS,2025Q1,H3,standard,1,fx_reserves_ex_gold,FINANCIAL,-0.22563417540362971
DFM-2_PLUS_PAYMENTS,2025Q1,H3,standard,1,pos_turnover,PAYMENTS,0.48617928437594288
DFM-2_PLUS_PAYMENTS,2025Q1,H3,conservative,1,industrial_production,PRODUCTION,0.1378023477744072
DFM-2_PLUS_PAYMENTS,2025Q1,H3,conservative,1,ppi,PRICES,-0.0229967953010537
DFM-2_PLUS_PAYMENTS,2025Q1,H3,conservative,1,usd_uzs,FINANCIAL,-0.1362644658940533
DFM-2_PLUS_PAYMENTS,2025Q1,H3,conservative,1,rub_uzs,FINANCIAL,-0.0080962160879089994
DFM-2_PLUS_PAYMENTS,2025Q1,H3,conservative,1,gold_price,EXTERNAL,-0.10357940977873629
DFM-2_PLUS_PAYMENTS,2025Q1,H3,conservative,1,m2,FINANCIAL,0.41085833951108652
DFM-2_PLUS_PAYMENTS,2025Q1,H3,conservative,1,fx_reserves_ex_gold,FINANCIAL,-0.22563417540362971
DFM-2_PLUS_PAYMENTS,2025Q1,H3,conservative,1,pos_turnover,PAYMENTS,0.48617928437594288
DFM-2_PLUS_PAYMENTS,2025Q2,H1,standard,1,industrial_production,PRODUCTION,0.0105792502254425
DFM-2_PLUS_PAYMENTS,2025Q2,H1,standard,1,ppi,PRICES,-0.041344394560994098
DFM-2_PLUS_PAYMENTS,2025Q2,H1,standard,1,usd_uzs,FINANCIAL,-0.10730687213786599
DFM-2_PLUS_PAYMENTS,2025Q2,H1,standard,1,rub_uzs,FINANCIAL,0.048752193623730199
DFM-2_PLUS_PAYMENTS,2025Q2,H1,standard,1,gold_price,EXTERNAL,-0.018280604474526101
DFM-2_PLUS_PAYMENTS,2025Q2,H1,standard,1,m2,FINANCIAL,0.59151505317221664
DFM-2_PLUS_PAYMENTS,2025Q2,H1,standard,1,fx_reserves_ex_gold,FINANCIAL,0.0043982701445382999
DFM-2_PLUS_PAYMENTS,2025Q2,H1,standard,1,pos_turnover,PAYMENTS,0.36697799311045692
DFM-2_PLUS_PAYMENTS,2025Q2,H1,conservative,1,industrial_production,PRODUCTION,0.13741188907753241
DFM-2_PLUS_PAYMENTS,2025Q2,H1,conservative,1,ppi,PRICES,-0.026861508422142098
DFM-2_PLUS_PAYMENTS,2025Q2,H1,conservative,1,usd_uzs,FINANCIAL,-0.14000108049239071
DFM-2_PLUS_PAYMENTS,2025Q2,H1,conservative,1,rub_uzs,FINANCIAL,-0.0029246581264357001
DFM-2_PLUS_PAYMENTS,2025Q2,H1,conservative,1,gold_price,EXTERNAL,-0.095750666132766907
DFM-2_PLUS_PAYMENTS,2025Q2,H1,conservative,1,m2,FINANCIAL,0.41192764974844182
DFM-2_PLUS_PAYMENTS,2025Q2,H1,conservative,1,fx_reserves_ex_gold,FINANCIAL,-0.20103243206654961
DFM-2_PLUS_PAYMENTS,2025Q2,H1,conservative,1,pos_turnover,PAYMENTS,0.47858998735942082
DFM-2_PLUS_PAYMENTS,2025Q2,H2,standard,1,industrial_production,PRODUCTION,0.014395058900110801
DFM-2_PLUS_PAYMENTS,2025Q2,H2,standard,1,ppi,PRICES,-0.041308666060484299
DFM-2_PLUS_PAYMENTS,2025Q2,H2,standard,1,usd_uzs,FINANCIAL,-0.10725183002235091
DFM-2_PLUS_PAYMENTS,2025Q2,H2,standard,1,rub_uzs,FINANCIAL,0.0486517937741935
DFM-2_PLUS_PAYMENTS,2025Q2,H2,standard,1,gold_price,EXTERNAL,-0.018286005506277202
DFM-2_PLUS_PAYMENTS,2025Q2,H2,standard,1,m2,FINANCIAL,0.59084191695681265
DFM-2_PLUS_PAYMENTS,2025Q2,H2,standard,1,fx_reserves_ex_gold,FINANCIAL,0.0043276273031305004
DFM-2_PLUS_PAYMENTS,2025Q2,H2,standard,1,pos_turnover,PAYMENTS,0.36669805436207398
DFM-2_PLUS_PAYMENTS,2025Q2,H2,conservative,1,industrial_production,PRODUCTION,0.014395058900110801
DFM-2_PLUS_PAYMENTS,2025Q2,H2,conservative,1,ppi,PRICES,-0.041308666060484299
DFM-2_PLUS_PAYMENTS,2025Q2,H2,conservative,1,usd_uzs,FINANCIAL,-0.10725183002235091
DFM-2_PLUS_PAYMENTS,2025Q2,H2,conservative,1,rub_uzs,FINANCIAL,0.0486517937741935
DFM-2_PLUS_PAYMENTS,2025Q2,H2,conservative,1,gold_price,EXTERNAL,-0.018286005506277202
DFM-2_PLUS_PAYMENTS,2025Q2,H2,conservative,1,m2,FINANCIAL,0.59084191695681265
DFM-2_PLUS_PAYMENTS,2025Q2,H2,conservative,1,fx_reserves_ex_gold,FINANCIAL,0.0043276273031305004
DFM-2_PLUS_PAYMENTS,2025Q2,H2,conservative,1,pos_turnover,PAYMENTS,0.36669805436207398
DFM-2_PLUS_PAYMENTS,2025Q2,H3,standard,1,industrial_production,PRODUCTION,0.014395058900110801
DFM-2_PLUS_PAYMENTS,2025Q2,H3,standard,1,ppi,PRICES,-0.041308666060484299
DFM-2_PLUS_PAYMENTS,2025Q2,H3,standard,1,usd_uzs,FINANCIAL,-0.10725183002235091
DFM-2_PLUS_PAYMENTS,2025Q2,H3,standard,1,rub_uzs,FINANCIAL,0.0486517937741935
DFM-2_PLUS_PAYMENTS,2025Q2,H3,standard,1,gold_price,EXTERNAL,-0.018286005506277202
DFM-2_PLUS_PAYMENTS,2025Q2,H3,standard,1,m2,FINANCIAL,0.59084191695681265
DFM-2_PLUS_PAYMENTS,2025Q2,H3,standard,1,fx_reserves_ex_gold,FINANCIAL,0.0043276273031305004
DFM-2_PLUS_PAYMENTS,2025Q2,H3,standard,1,pos_turnover,PAYMENTS,0.36669805436207398
DFM-2_PLUS_PAYMENTS,2025Q2,H3,conservative,1,industrial_production,PRODUCTION,0.014395058900110801
DFM-2_PLUS_PAYMENTS,2025Q2,H3,conservative,1,ppi,PRICES,-0.041308666060484299
DFM-2_PLUS_PAYMENTS,2025Q2,H3,conservative,1,usd_uzs,FINANCIAL,-0.10725183002235091
DFM-2_PLUS_PAYMENTS,2025Q2,H3,conservative,1,rub_uzs,FINANCIAL,0.0486517937741935
DFM-2_PLUS_PAYMENTS,2025Q2,H3,conservative,1,gold_price,EXTERNAL,-0.018286005506277202
DFM-2_PLUS_PAYMENTS,2025Q2,H3,conservative,1,m2,FINANCIAL,0.59084191695681265
DFM-2_PLUS_PAYMENTS,2025Q2,H3,conservative,1,fx_reserves_ex_gold,FINANCIAL,0.0043276273031305004
DFM-2_PLUS_PAYMENTS,2025Q2,H3,conservative,1,pos_turnover,PAYMENTS,0.36669805436207398
DFM-3,2023Q1,H1,standard,1,industrial_production,PRODUCTION,0.2104993187676818
DFM-3,2023Q1,H1,standard,1,ppi,PRICES,0.010729201310409
DFM-3,2023Q1,H1,standard,1,usd_uzs,FINANCIAL,-0.093849683439075807
DFM-3,2023Q1,H1,standard,1,rub_uzs,FINANCIAL,0.070411692418644006
DFM-3,2023Q1,H1,standard,1,gold_price,EXTERNAL,-0.1199974004840548
DFM-3,2023Q1,H1,standard,1,m2,FINANCIAL,0.55827800325181798
DFM-3,2023Q1,H1,standard,1,fx_reserves_ex_gold,FINANCIAL,-0.21293975311145219
DFM-3,2023Q1,H1,standard,1,pos_turnover,PAYMENTS,0.46238105731978407
DFM-3,2023Q1,H1,conservative,1,industrial_production,PRODUCTION,0.2004059898385617
DFM-3,2023Q1,H1,conservative,1,ppi,PRICES,0.0088910332379742007
DFM-3,2023Q1,H1,conservative,1,usd_uzs,FINANCIAL,-0.085557072980114099
DFM-3,2023Q1,H1,conservative,1,rub_uzs,FINANCIAL,0.063400529783372794
DFM-3,2023Q1,H1,conservative,1,gold_price,EXTERNAL,-0.1045649624510297
DFM-3,2023Q1,H1,conservative,1,m2,FINANCIAL,0.55913407258240755
DFM-3,2023Q1,H1,conservative,1,fx_reserves_ex_gold,FINANCIAL,-0.20713292958959631
DFM-3,2023Q1,H1,conservative,1,pos_turnover,PAYMENTS,0.45177843606270029
DFM-3,2023Q1,H2,standard,1,industrial_production,PRODUCTION,0.2064549423084065
DFM-3,2023Q1,H2,standard,1,ppi,PRICES,0.010665936483120499
DFM-3,2023Q1,H2,standard,1,usd_uzs,FINANCIAL,-0.093583817542475203
DFM-3,2023Q1,H2,standard,1,rub_uzs,FINANCIAL,0.071011313166319298
DFM-3,2023Q1,H2,standard,1,gold_price,EXTERNAL,-0.1199757456766402
DFM-3,2023Q1,H2,standard,1,m2,FINANCIAL,0.5591401601396605
DFM-3,2023Q1,H2,standard,1,fx_reserves_ex_gold,FINANCIAL,-0.2126244001652825
DFM-3,2023Q1,H2,standard,1,pos_turnover,PAYMENTS,0.4623316612807718
DFM-3,2023Q1,H2,conservative,1,industrial_production,PRODUCTION,0.2064549423084065
DFM-3,2023Q1,H2,conservative,1,ppi,PRICES,0.010665936483120499
DFM-3,2023Q1,H2,conservative,1,usd_uzs,FINANCIAL,-0.093583817542475203
DFM-3,2023Q1,H2,conservative,1,rub_uzs,FINANCIAL,0.071011313166319298
DFM-3,2023Q1,H2,conservative,1,gold_price,EXTERNAL,-0.1199757456766402
DFM-3,2023Q1,H2,conservative,1,m2,FINANCIAL,0.5591401601396605
DFM-3,2023Q1,H2,conservative,1,fx_reserves_ex_gold,FINANCIAL,-0.2126244001652825
DFM-3,2023Q1,H2,conservative,1,pos_turnover,PAYMENTS,0.4623316612807718
DFM-3,2023Q1,H3,standard,1,industrial_production,PRODUCTION,0.2064549423084065
DFM-3,2023Q1,H3,standard,1,ppi,PRICES,0.010665936483120499
DFM-3,2023Q1,H3,standard,1,usd_uzs,FINANCIAL,-0.093583817542475203
DFM-3,2023Q1,H3,standard,1,rub_uzs,FINANCIAL,0.071011313166319298
DFM-3,2023Q1,H3,standard,1,gold_price,EXTERNAL,-0.1199757456766402
DFM-3,2023Q1,H3,standard,1,m2,FINANCIAL,0.5591401601396605
DFM-3,2023Q1,H3,standard,1,fx_reserves_ex_gold,FINANCIAL,-0.2126244001652825
DFM-3,2023Q1,H3,standard,1,pos_turnover,PAYMENTS,0.4623316612807718
DFM-3,2023Q1,H3,conservative,1,industrial_production,PRODUCTION,0.2064549423084065
DFM-3,2023Q1,H3,conservative,1,ppi,PRICES,0.010665936483120499
DFM-3,2023Q1,H3,conservative,1,usd_uzs,FINANCIAL,-0.093583817542475203
DFM-3,2023Q1,H3,conservative,1,rub_uzs,FINANCIAL,0.071011313166319298
DFM-3,2023Q1,H3,conservative,1,gold_price,EXTERNAL,-0.1199757456766402
DFM-3,2023Q1,H3,conservative,1,m2,FINANCIAL,0.5591401601396605
DFM-3,2023Q1,H3,conservative,1,fx_reserves_ex_gold,FINANCIAL,-0.2126244001652825
DFM-3,2023Q1,H3,conservative,1,pos_turnover,PAYMENTS,0.4623316612807718
DFM-3,2023Q2,H1,standard,1,industrial_production,PRODUCTION,0.070401305069762193
DFM-3,2023Q2,H1,standard,1,ppi,PRICES,-0.00038903486202609999
DFM-3,2023Q2,H1,standard,1,usd_uzs,FINANCIAL,-0.090192810468697704
DFM-3,2023Q2,H1,standard,1,rub_uzs,FINANCIAL,0.028058663822004701
DFM-3,2023Q2,H1,standard,1,gold_price,EXTERNAL,-0.082555685470053694
DFM-3,2023Q2,H1,standard,1,m2,FINANCIAL,0.54641092312392192
DFM-3,2023Q2,H1,standard,1,fx_reserves_ex_gold,FINANCIAL,-0.24887058185958519
DFM-3,2023Q2,H1,standard,1,pos_turnover,PAYMENTS,0.46135246075540831
DFM-3,2023Q2,H1,conservative,1,industrial_production,PRODUCTION,0.0667839245565926
DFM-3,2023Q2,H1,conservative,1,ppi,PRICES,-0.001444154317388
DFM-3,2023Q2,H1,conservative,1,usd_uzs,FINANCIAL,-0.087562259949161197
DFM-3,2023Q2,H1,conservative,1,rub_uzs,FINANCIAL,0.025480154285328901
DFM-3,2023Q2,H1,conservative,1,gold_price,EXTERNAL,-0.078414285200398601
DFM-3,2023Q2,H1,conservative,1,m2,FINANCIAL,0.54664434403440365
DFM-3,2023Q2,H1,conservative,1,fx_reserves_ex_gold,FINANCIAL,-0.24911527404858391
DFM-3,2023Q2,H1,conservative,1,pos_turnover,PAYMENTS,0.45758561752530558
DFM-3,2023Q2,H2,standard,1,industrial_production,PRODUCTION,0.069483020441278506
DFM-3,2023Q2,H2,standard,1,ppi,PRICES,-0.00039656972095170002
DFM-3,2023Q2,H2,standard,1,usd_uzs,FINANCIAL,-0.090225463078334497
DFM-3,2023Q2,H2,standard,1,rub_uzs,FINANCIAL,0.028114415105997301
DFM-3,2023Q2,H2,standard,1,gold_price,EXTERNAL,-0.082599655621208995
DFM-3,2023Q2,H2,standard,1,m2,FINANCIAL,0.54677514274447858
DFM-3,2023Q2,H2,standard,1,fx_reserves_ex_gold,FINANCIAL,-0.24898689080817191
DFM-3,2023Q2,H2,standard,1,pos_turnover,PAYMENTS,0.46160978728952518
DFM-3,2023Q2,H2,conservative,1,industrial_production,PRODUCTION,0.069483020441278506
DFM-3,2023Q2,H2,conservative,1,ppi,PRICES,-0.00039656972095170002
DFM-3,2023Q2,H2,conservative,1,usd_uzs,FINANCIAL,-0.090225463078334497
DFM-3,2023Q2,H2,conservative,1,rub_uzs,FINANCIAL,0.028114415105997301
DFM-3,2023Q2,H2,conservative,1,gold_price,EXTERNAL,-0.082599655621208995
DFM-3,2023Q2,H2,conservative,1,m2,FINANCIAL,0.54677514274447858
DFM-3,2023Q2,H2,conservative,1,fx_reserves_ex_gold,FINANCIAL,-0.24898689080817191
DFM-3,2023Q2,H2,conservative,1,pos_turnover,PAYMENTS,0.46160978728952518
DFM-3,2023Q2,H3,standard,1,industrial_production,PRODUCTION,0.069483020441278506
DFM-3,2023Q2,H3,standard,1,ppi,PRICES,-0.00039656972095170002
DFM-3,2023Q2,H3,standard,1,usd_uzs,FINANCIAL,-0.090225463078334497
DFM-3,2023Q2,H3,standard,1,rub_uzs,FINANCIAL,0.028114415105997301
DFM-3,2023Q2,H3,standard,1,gold_price,EXTERNAL,-0.082599655621208995
DFM-3,2023Q2,H3,standard,1,m2,FINANCIAL,0.54677514274447858
DFM-3,2023Q2,H3,standard,1,fx_reserves_ex_gold,FINANCIAL,-0.24898689080817191
DFM-3,2023Q2,H3,standard,1,pos_turnover,PAYMENTS,0.46160978728952518
DFM-3,2023Q2,H3,conservative,1,industrial_production,PRODUCTION,0.069483020441278506
DFM-3,2023Q2,H3,conservative,1,ppi,PRICES,-0.00039656972095170002
DFM-3,2023Q2,H3,conservative,1,usd_uzs,FINANCIAL,-0.090225463078334497
DFM-3,2023Q2,H3,conservative,1,rub_uzs,FINANCIAL,0.028114415105997301
DFM-3,2023Q2,H3,conservative,1,gold_price,EXTERNAL,-0.082599655621208995
DFM-3,2023Q2,H3,conservative,1,m2,FINANCIAL,0.54677514274447858
DFM-3,2023Q2,H3,conservative,1,fx_reserves_ex_gold,FINANCIAL,-0.24898689080817191
DFM-3,2023Q2,H3,conservative,1,pos_turnover,PAYMENTS,0.46160978728952518
DFM-3,2023Q3,H1,standard,1,industrial_production,PRODUCTION,0.1201714203235725
DFM-3,2023Q3,H1,standard,1,ppi,PRICES,-0.011909521003309101
DFM-3,2023Q3,H1,standard,1,usd_uzs,FINANCIAL,-0.1280583084923976
DFM-3,2023Q3,H1,standard,1,rub_uzs,FINANCIAL,0.0079476488826006001
DFM-3,2023Q3,H1,standard,1,gold_price,EXTERNAL,-0.10014245222218079
DFM-3,2023Q3,H1,standard,1,m2,FINANCIAL,0.49127382915842038
DFM-3,2023Q3,H1,standard,1,fx_reserves_ex_gold,FINANCIAL,-0.245785573405671
DFM-3,2023Q3,H1,standard,1,pos_turnover,PAYMENTS,0.47767385197499262
DFM-3,2023Q3,H1,conservative,1,industrial_production,PRODUCTION,0.12863584519767299
DFM-3,2023Q3,H1,conservative,1,ppi,PRICES,-0.021606241194179199
DFM-3,2023Q3,H1,conservative,1,usd_uzs,FINANCIAL,-0.1343500699699513
DFM-3,2023Q3,H1,conservative,1,rub_uzs,FINANCIAL,-0.0027477943387835
DFM-3,2023Q3,H1,conservative,1,gold_price,EXTERNAL,-0.1056473774462339
DFM-3,2023Q3,H1,conservative,1,m2,FINANCIAL,0.46354917969538129
DFM-3,2023Q3,H1,conservative,1,fx_reserves_ex_gold,FINANCIAL,-0.26793184562292383
DFM-3,2023Q3,H1,conservative,1,pos_turnover,PAYMENTS,0.47336134573494498
DFM-3,2023Q3,H2,standard,1,industrial_production,PRODUCTION,0.1225986899743941
DFM-3,2023Q3,H2,standard,1,ppi,PRICES,-0.012215637479348101
DFM-3,2023Q3,H2,standard,1,usd_uzs,FINANCIAL,-0.12869420602707679
DFM-3,2023Q3,H2,standard,1,rub_uzs,FINANCIAL,0.0075108886837358998
DFM-3,2023Q3,H2,standard,1,gold_price,EXTERNAL,-0.1006053071568838
DFM-3,2023Q3,H2,standard,1,m2,FINANCIAL,0.48938230361640672
DFM-3,2023Q3,H2,standard,1,fx_reserves_ex_gold,FINANCIAL,-0.24656039200898841
DFM-3,2023Q3,H2,standard,1,pos_turnover,PAYMENTS,0.47761433171556011
DFM-3,2023Q3,H2,conservative,1,industrial_production,PRODUCTION,0.1225986899743941
DFM-3,2023Q3,H2,conservative,1,ppi,PRICES,-0.012215637479348101
DFM-3,2023Q3,H2,conservative,1,usd_uzs,FINANCIAL,-0.12869420602707679
DFM-3,2023Q3,H2,conservative,1,rub_uzs,FINANCIAL,0.0075108886837358998
DFM-3,2023Q3,H2,conservative,1,gold_price,EXTERNAL,-0.1006053071568838
DFM-3,2023Q3,H2,conservative,1,m2,FINANCIAL,0.48938230361640672
DFM-3,2023Q3,H2,conservative,1,fx_reserves_ex_gold,FINANCIAL,-0.24656039200898841
DFM-3,2023Q3,H2,conservative,1,pos_turnover,PAYMENTS,0.47761433171556011
DFM-3,2023Q3,H3,standard,1,industrial_production,PRODUCTION,0.1225986899743941
DFM-3,2023Q3,H3,standard,1,ppi,PRICES,-0.012215637479348101
DFM-3,2023Q3,H3,standard,1,usd_uzs,FINANCIAL,-0.12869420602707679
DFM-3,2023Q3,H3,standard,1,rub_uzs,FINANCIAL,0.0075108886837358998
DFM-3,2023Q3,H3,standard,1,gold_price,EXTERNAL,-0.1006053071568838
DFM-3,2023Q3,H3,standard,1,m2,FINANCIAL,0.48938230361640672
DFM-3,2023Q3,H3,standard,1,fx_reserves_ex_gold,FINANCIAL,-0.24656039200898841
DFM-3,2023Q3,H3,standard,1,pos_turnover,PAYMENTS,0.47761433171556011
DFM-3,2023Q3,H3,conservative,1,industrial_production,PRODUCTION,0.1225986899743941
DFM-3,2023Q3,H3,conservative,1,ppi,PRICES,-0.012215637479348101
DFM-3,2023Q3,H3,conservative,1,usd_uzs,FINANCIAL,-0.12869420602707679
DFM-3,2023Q3,H3,conservative,1,rub_uzs,FINANCIAL,0.0075108886837358998
DFM-3,2023Q3,H3,conservative,1,gold_price,EXTERNAL,-0.1006053071568838
DFM-3,2023Q3,H3,conservative,1,m2,FINANCIAL,0.48938230361640672
DFM-3,2023Q3,H3,conservative,1,fx_reserves_ex_gold,FINANCIAL,-0.24656039200898841
DFM-3,2023Q3,H3,conservative,1,pos_turnover,PAYMENTS,0.47761433171556011
DFM-3,2023Q4,H1,standard,1,industrial_production,PRODUCTION,0.1334665314514667
DFM-3,2023Q4,H1,standard,1,ppi,PRICES,-0.018210743336863702
DFM-3,2023Q4,H1,standard,1,usd_uzs,FINANCIAL,-0.12963323879987601
DFM-3,2023Q4,H1,standard,1,rub_uzs,FINANCIAL,0.0011931400370444
DFM-3,2023Q4,H1,standard,1,gold_price,EXTERNAL,-0.1096069758460429
DFM-3,2023Q4,H1,standard,1,m2,FINANCIAL,0.47790753884317488
DFM-3,2023Q4,H1,standard,1,fx_reserves_ex_gold,FINANCIAL,-0.22864838486958841
DFM-3,2023Q4,H1,standard,1,pos_turnover,PAYMENTS,0.4888871561329412
DFM-3,2023Q4,H1,conservative,1,industrial_production,PRODUCTION,0.13533809382241299
DFM-3,2023Q4,H1,conservative,1,ppi,PRICES,-0.020432516201856901
DFM-3,2023Q4,H1,conservative,1,usd_uzs,FINANCIAL,-0.11799211551836181
DFM-3,2023Q4,H1,conservative,1,rub_uzs,FINANCIAL,-0.0013881862140272001
DFM-3,2023Q4,H1,conservative,1,gold_price,EXTERNAL,-0.1114118759408759
DFM-3,2023Q4,H1,conservative,1,m2,FINANCIAL,0.4772716964051707
DFM-3,2023Q4,H1,conservative,1,fx_reserves_ex_gold,FINANCIAL,-0.2481413318972904
DFM-3,2023Q4,H1,conservative,1,pos_turnover,PAYMENTS,0.486366782153759
DFM-3,2023Q4,H2,standard,1,industrial_production,PRODUCTION,0.1348630904992591
DFM-3,2023Q4,H2,standard,1,ppi,PRICES,-0.018440951705386101
DFM-3,2023Q4,H2,standard,1,usd_uzs,FINANCIAL,-0.12956168387572151
DFM-3,2023Q4,H2,standard,1,rub_uzs,FINANCIAL,0.00092508619632789999
DFM-3,2023Q4,H2,standard,1,gold_price,EXTERNAL,-0.109946105334758
DFM-3,2023Q4,H2,standard,1,m2,FINANCIAL,0.477043026821382
DFM-3,2023Q4,H2,standard,1,fx_reserves_ex_gold,FINANCIAL,-0.22959062530862989
DFM-3,2023Q4,H2,standard,1,pos_turnover,PAYMENTS,0.48909003953802621
DFM-3,2023Q4,H2,conservative,1,industrial_production,PRODUCTION,0.1348630904992591
DFM-3,2023Q4,H2,conservative,1,ppi,PRICES,-0.018440951705386101
DFM-3,2023Q4,H2,conservative,1,usd_uzs,FINANCIAL,-0.12956168387572151
DFM-3,2023Q4,H2,conservative,1,rub_uzs,FINANCIAL,0.00092508619632789999
DFM-3,2023Q4,H2,conservative,1,gold_price,EXTERNAL,-0.109946105334758
DFM-3,2023Q4,H2,conservative,1,m2,FINANCIAL,0.477043026821382
DFM-3,2023Q4,H2,conservative,1,fx_reserves_ex_gold,FINANCIAL,-0.22959062530862989
DFM-3,2023Q4,H2,conservative,1,pos_turnover,PAYMENTS,0.48909003953802621
DFM-3,2023Q4,H3,standard,1,industrial_production,PRODUCTION,0.1348630904992591
DFM-3,2023Q4,H3,standard,1,ppi,PRICES,-0.018440951705386101
DFM-3,2023Q4,H3,standard,1,usd_uzs,FINANCIAL,-0.12956168387572151
DFM-3,2023Q4,H3,standard,1,rub_uzs,FINANCIAL,0.00092508619632789999
DFM-3,2023Q4,H3,standard,1,gold_price,EXTERNAL,-0.109946105334758
DFM-3,2023Q4,H3,standard,1,m2,FINANCIAL,0.477043026821382
DFM-3,2023Q4,H3,standard,1,fx_reserves_ex_gold,FINANCIAL,-0.22959062530862989
DFM-3,2023Q4,H3,standard,1,pos_turnover,PAYMENTS,0.48909003953802621
DFM-3,2023Q4,H3,conservative,1,industrial_production,PRODUCTION,0.1348630904992591
DFM-3,2023Q4,H3,conservative,1,ppi,PRICES,-0.018440951705386101
DFM-3,2023Q4,H3,conservative,1,usd_uzs,FINANCIAL,-0.12956168387572151
DFM-3,2023Q4,H3,conservative,1,rub_uzs,FINANCIAL,0.00092508619632789999
DFM-3,2023Q4,H3,conservative,1,gold_price,EXTERNAL,-0.109946105334758
DFM-3,2023Q4,H3,conservative,1,m2,FINANCIAL,0.477043026821382
DFM-3,2023Q4,H3,conservative,1,fx_reserves_ex_gold,FINANCIAL,-0.22959062530862989
DFM-3,2023Q4,H3,conservative,1,pos_turnover,PAYMENTS,0.48909003953802621
DFM-3,2024Q1,H1,standard,1,industrial_production,PRODUCTION,0.1351620939752482
DFM-3,2024Q1,H1,standard,1,ppi,PRICES,-0.026234301306622802
DFM-3,2024Q1,H1,standard,1,usd_uzs,FINANCIAL,-0.13599177727344269
DFM-3,2024Q1,H1,standard,1,rub_uzs,FINANCIAL,-0.0036135644231811001
DFM-3,2024Q1,H1,standard,1,gold_price,EXTERNAL,-0.1167593315011355
DFM-3,2024Q1,H1,standard,1,m2,FINANCIAL,0.47508066759127437
DFM-3,2024Q1,H1,standard,1,fx_reserves_ex_gold,FINANCIAL,-0.217712274033178
DFM-3,2024Q1,H1,standard,1,pos_turnover,PAYMENTS,0.4974845458643774
DFM-3,2024Q1,H1,conservative,1,industrial_production,PRODUCTION,0.13359528083234631
DFM-3,2024Q1,H1,conservative,1,ppi,PRICES,-0.0262719620501
DFM-3,2024Q1,H1,conservative,1,usd_uzs,FINANCIAL,-0.13591931390867831
DFM-3,2024Q1,H1,conservative,1,rub_uzs,FINANCIAL,-0.0030499765293487999
DFM-3,2024Q1,H1,conservative,1,gold_price,EXTERNAL,-0.1163910191391226
DFM-3,2024Q1,H1,conservative,1,m2,FINANCIAL,0.47638378574637902
DFM-3,2024Q1,H1,conservative,1,fx_reserves_ex_gold,FINANCIAL,-0.21545294844319299
DFM-3,2024Q1,H1,conservative,1,pos_turnover,PAYMENTS,0.49608593318111288
DFM-3,2024Q1,H2,standard,1,industrial_production,PRODUCTION,0.13505074611315179
DFM-3,2024Q1,H2,standard,1,ppi,PRICES,-0.026244960250830202
DFM-3,2024Q1,H2,standard,1,usd_uzs,FINANCIAL,-0.1362383470795005
DFM-3,2024Q1,H2,standard,1,rub_uzs,FINANCIAL,-0.0037405807528272999
DFM-3,2024Q1,H2,standard,1,gold_price,EXTERNAL,-0.116974437382351
DFM-3,2024Q1,H2,standard,1,m2,FINANCIAL,0.47435818545225078
DFM-3,2024Q1,H2,standard,1,fx_reserves_ex_gold,FINANCIAL,-0.2186613511414825
DFM-3,2024Q1,H2,standard,1,pos_turnover,PAYMENTS,0.49801608932575758
DFM-3,2024Q1,H2,conservative,1,industrial_production,PRODUCTION,0.13505074611315179
DFM-3,2024Q1,H2,conservative,1,ppi,PRICES,-0.026244960250830202
DFM-3,2024Q1,H2,conservative,1,usd_uzs,FINANCIAL,-0.1362383470795005
DFM-3,2024Q1,H2,conservative,1,rub_uzs,FINANCIAL,-0.0037405807528272999
DFM-3,2024Q1,H2,conservative,1,gold_price,EXTERNAL,-0.116974437382351
DFM-3,2024Q1,H2,conservative,1,m2,FINANCIAL,0.47435818545225078
DFM-3,2024Q1,H2,conservative,1,fx_reserves_ex_gold,FINANCIAL,-0.2186613511414825
DFM-3,2024Q1,H2,conservative,1,pos_turnover,PAYMENTS,0.49801608932575758
DFM-3,2024Q1,H3,standard,1,industrial_production,PRODUCTION,0.13505074611315179
DFM-3,2024Q1,H3,standard,1,ppi,PRICES,-0.026244960250830202
DFM-3,2024Q1,H3,standard,1,usd_uzs,FINANCIAL,-0.1362383470795005
DFM-3,2024Q1,H3,standard,1,rub_uzs,FINANCIAL,-0.0037405807528272999
DFM-3,2024Q1,H3,standard,1,gold_price,EXTERNAL,-0.116974437382351
DFM-3,2024Q1,H3,standard,1,m2,FINANCIAL,0.47435818545225078
DFM-3,2024Q1,H3,standard,1,fx_reserves_ex_gold,FINANCIAL,-0.2186613511414825
DFM-3,2024Q1,H3,standard,1,pos_turnover,PAYMENTS,0.49801608932575758
DFM-3,2024Q1,H3,conservative,1,industrial_production,PRODUCTION,0.13505074611315179
DFM-3,2024Q1,H3,conservative,1,ppi,PRICES,-0.026244960250830202
DFM-3,2024Q1,H3,conservative,1,usd_uzs,FINANCIAL,-0.1362383470795005
DFM-3,2024Q1,H3,conservative,1,rub_uzs,FINANCIAL,-0.0037405807528272999
DFM-3,2024Q1,H3,conservative,1,gold_price,EXTERNAL,-0.116974437382351
DFM-3,2024Q1,H3,conservative,1,m2,FINANCIAL,0.47435818545225078
DFM-3,2024Q1,H3,conservative,1,fx_reserves_ex_gold,FINANCIAL,-0.2186613511414825
DFM-3,2024Q1,H3,conservative,1,pos_turnover,PAYMENTS,0.49801608932575758
DFM-3,2024Q2,H1,standard,1,industrial_production,PRODUCTION,0.1186654840725988
DFM-3,2024Q2,H1,standard,1,ppi,PRICES,-0.027882235104366802
DFM-3,2024Q2,H1,standard,1,usd_uzs,FINANCIAL,-0.1412337863255573
DFM-3,2024Q2,H1,standard,1,rub_uzs,FINANCIAL,-0.0054607149983438999
DFM-3,2024Q2,H1,standard,1,gold_price,EXTERNAL,-0.1181307242130963
DFM-3,2024Q2,H1,standard,1,m2,FINANCIAL,0.46930926259574057
DFM-3,2024Q2,H1,standard,1,fx_reserves_ex_gold,FINANCIAL,-0.2133066435242168
DFM-3,2024Q2,H1,standard,1,pos_turnover,PAYMENTS,0.50804060910688886
DFM-3,2024Q2,H1,conservative,1,industrial_production,PRODUCTION,0.1251229517457878
DFM-3,2024Q2,H1,conservative,1,ppi,PRICES,-0.0282079437408688
DFM-3,2024Q2,H1,conservative,1,usd_uzs,FINANCIAL,-0.1423896270289472
DFM-3,2024Q2,H1,conservative,1,rub_uzs,FINANCIAL,-0.0061844807841388997
DFM-3,2024Q2,H1,conservative,1,gold_price,EXTERNAL,-0.1173182783320825
DFM-3,2024Q2,H1,conservative,1,m2,FINANCIAL,0.4609444712515634
DFM-3,2024Q2,H1,conservative,1,fx_reserves_ex_gold,FINANCIAL,-0.22035234744944521
DFM-3,2024Q2,H1,conservative,1,pos_turnover,PAYMENTS,0.50664385379492671
DFM-3,2024Q2,H2,standard,1,industrial_production,PRODUCTION,0.118120724534456
DFM-3,2024Q2,H2,standard,1,ppi,PRICES,-0.0274919559165255
DFM-3,2024Q2,H2,standard,1,usd_uzs,FINANCIAL,-0.13950575341676069
DFM-3,2024Q2,H2,standard,1,rub_uzs,FINANCIAL,-0.0054445632232245997
DFM-3,2024Q2,H2,standard,1,gold_price,EXTERNAL,-0.116579885227885
DFM-3,2024Q2,H2,standard,1,m2,FINANCIAL,0.46269278113034601
DFM-3,2024Q2,H2,standard,1,fx_reserves_ex_gold,FINANCIAL,-0.21117255479533131
DFM-3,2024Q2,H2,standard,1,pos_turnover,PAYMENTS,0.50159786491243308
DFM-3,2024Q2,H2,conservative,1,industrial_production,PRODUCTION,0.118120724534456
DFM-3,2024Q2,H2,conservative,1,ppi,PRICES,-0.0274919559165255
DFM-3,2024Q2,H2,conservative,1,usd_uzs,FINANCIAL,-0.13950575341676069
DFM-3,2024Q2,H2,conservative,1,rub_uzs,FINANCIAL,-0.0054445632232245997
DFM-3,2024Q2,H2,conservative,1,gold_price,EXTERNAL,-0.116579885227885
DFM-3,2024Q2,H2,conservative,1,m2,FINANCIAL,0.46269278113034601
DFM-3,2024Q2,H2,conservative,1,fx_reserves_ex_gold,FINANCIAL,-0.21117255479533131
DFM-3,2024Q2,H2,conservative,1,pos_turnover,PAYMENTS,0.50159786491243308
DFM-3,2024Q2,H3,standard,1,industrial_production,PRODUCTION,0.118120724534456
DFM-3,2024Q2,H3,standard,1,ppi,PRICES,-0.0274919559165255
DFM-3,2024Q2,H3,standard,1,usd_uzs,FINANCIAL,-0.13950575341676069
DFM-3,2024Q2,H3,standard,1,rub_uzs,FINANCIAL,-0.0054445632232245997
DFM-3,2024Q2,H3,standard,1,gold_price,EXTERNAL,-0.116579885227885
DFM-3,2024Q2,H3,standard,1,m2,FINANCIAL,0.46269278113034601
DFM-3,2024Q2,H3,standard,1,fx_reserves_ex_gold,FINANCIAL,-0.21117255479533131
DFM-3,2024Q2,H3,standard,1,pos_turnover,PAYMENTS,0.50159786491243308
DFM-3,2024Q2,H3,conservative,1,industrial_production,PRODUCTION,0.118120724534456
DFM-3,2024Q2,H3,conservative,1,ppi,PRICES,-0.0274919559165255
DFM-3,2024Q2,H3,conservative,1,usd_uzs,FINANCIAL,-0.13950575341676069
DFM-3,2024Q2,H3,conservative,1,rub_uzs,FINANCIAL,-0.0054445632232245997
DFM-3,2024Q2,H3,conservative,1,gold_price,EXTERNAL,-0.116579885227885
DFM-3,2024Q2,H3,conservative,1,m2,FINANCIAL,0.46269278113034601
DFM-3,2024Q2,H3,conservative,1,fx_reserves_ex_gold,FINANCIAL,-0.21117255479533131
DFM-3,2024Q2,H3,conservative,1,pos_turnover,PAYMENTS,0.50159786491243308
DFM-3,2024Q3,H1,standard,1,industrial_production,PRODUCTION,0.1216102737187795
DFM-3,2024Q3,H1,standard,1,ppi,PRICES,-0.025117919422428501
DFM-3,2024Q3,H1,standard,1,usd_uzs,FINANCIAL,-0.1388605936044266
DFM-3,2024Q3,H1,standard,1,rub_uzs,FINANCIAL,-0.0041633388895121999
DFM-3,2024Q3,H1,standard,1,gold_price,EXTERNAL,-0.10584410571227
DFM-3,2024Q3,H1,standard,1,m2,FINANCIAL,0.46521379383731698
DFM-3,2024Q3,H1,standard,1,fx_reserves_ex_gold,FINANCIAL,-0.21552208915086779
DFM-3,2024Q3,H1,standard,1,pos_turnover,PAYMENTS,0.49934346519906631
DFM-3,2024Q3,H1,conservative,1,industrial_production,PRODUCTION,0.1226850766728579
DFM-3,2024Q3,H1,conservative,1,ppi,PRICES,-0.025294034265614999
DFM-3,2024Q3,H1,conservative,1,usd_uzs,FINANCIAL,-0.1397875840260982
DFM-3,2024Q3,H1,conservative,1,rub_uzs,FINANCIAL,-0.0042386678677798001
DFM-3,2024Q3,H1,conservative,1,gold_price,EXTERNAL,-0.1066455103243745
DFM-3,2024Q3,H1,conservative,1,m2,FINANCIAL,0.46592955743921982
DFM-3,2024Q3,H1,conservative,1,fx_reserves_ex_gold,FINANCIAL,-0.21713428566758511
DFM-3,2024Q3,H1,conservative,1,pos_turnover,PAYMENTS,0.50032042152828393
DFM-3,2024Q3,H2,standard,1,industrial_production,PRODUCTION,0.1237774484928952
DFM-3,2024Q3,H2,standard,1,ppi,PRICES,-0.025057897076906799
DFM-3,2024Q3,H2,standard,1,usd_uzs,FINANCIAL,-0.13913210717861119
DFM-3,2024Q3,H2,standard,1,rub_uzs,FINANCIAL,-0.0040974492525190998
DFM-3,2024Q3,H2,standard,1,gold_price,EXTERNAL,-0.10595015626264
DFM-3,2024Q3,H2,standard,1,m2,FINANCIAL,0.46548212127382171
DFM-3,2024Q3,H2,standard,1,fx_reserves_ex_gold,FINANCIAL,-0.21610559240565089
DFM-3,2024Q3,H2,standard,1,pos_turnover,PAYMENTS,0.49985461913357138
DFM-3,2024Q3,H2,conservative,1,industrial_production,PRODUCTION,0.1237774484928952
DFM-3,2024Q3,H2,conservative,1,ppi,PRICES,-0.025057897076906799
DFM-3,2024Q3,H2,conservative,1,usd_uzs,FINANCIAL,-0.13913210717861119
DFM-3,2024Q3,H2,conservative,1,rub_uzs,FINANCIAL,-0.0040974492525190998
DFM-3,2024Q3,H2,conservative,1,gold_price,EXTERNAL,-0.10595015626264
DFM-3,2024Q3,H2,conservative,1,m2,FINANCIAL,0.46548212127382171
DFM-3,2024Q3,H2,conservative,1,fx_reserves_ex_gold,FINANCIAL,-0.21610559240565089
DFM-3,2024Q3,H2,conservative,1,pos_turnover,PAYMENTS,0.49985461913357138
DFM-3,2024Q3,H3,standard,1,industrial_production,PRODUCTION,0.1237774484928952
DFM-3,2024Q3,H3,standard,1,ppi,PRICES,-0.025057897076906799
DFM-3,2024Q3,H3,standard,1,usd_uzs,FINANCIAL,-0.13913210717861119
DFM-3,2024Q3,H3,standard,1,rub_uzs,FINANCIAL,-0.0040974492525190998
DFM-3,2024Q3,H3,standard,1,gold_price,EXTERNAL,-0.10595015626264
DFM-3,2024Q3,H3,standard,1,m2,FINANCIAL,0.46548212127382171
DFM-3,2024Q3,H3,standard,1,fx_reserves_ex_gold,FINANCIAL,-0.21610559240565089
DFM-3,2024Q3,H3,standard,1,pos_turnover,PAYMENTS,0.49985461913357138
DFM-3,2024Q3,H3,conservative,1,industrial_production,PRODUCTION,0.1237774484928952
DFM-3,2024Q3,H3,conservative,1,ppi,PRICES,-0.025057897076906799
DFM-3,2024Q3,H3,conservative,1,usd_uzs,FINANCIAL,-0.13913210717861119
DFM-3,2024Q3,H3,conservative,1,rub_uzs,FINANCIAL,-0.0040974492525190998
DFM-3,2024Q3,H3,conservative,1,gold_price,EXTERNAL,-0.10595015626264
DFM-3,2024Q3,H3,conservative,1,m2,FINANCIAL,0.46548212127382171
DFM-3,2024Q3,H3,conservative,1,fx_reserves_ex_gold,FINANCIAL,-0.21610559240565089
DFM-3,2024Q3,H3,conservative,1,pos_turnover,PAYMENTS,0.49985461913357138
DFM-3,2024Q4,H1,standard,1,industrial_production,PRODUCTION,0.1241201752090329
DFM-3,2024Q4,H1,standard,1,ppi,PRICES,-0.024535537777602201
DFM-3,2024Q4,H1,standard,1,usd_uzs,FINANCIAL,-0.13779221794341021
DFM-3,2024Q4,H1,standard,1,rub_uzs,FINANCIAL,-0.0046966048135153003
DFM-3,2024Q4,H1,standard,1,gold_price,EXTERNAL,-0.105165141564808
DFM-3,2024Q4,H1,standard,1,m2,FINANCIAL,0.45591166664499261
DFM-3,2024Q4,H1,standard,1,fx_reserves_ex_gold,FINANCIAL,-0.2137210376099038
DFM-3,2024Q4,H1,standard,1,pos_turnover,PAYMENTS,0.49574508787403482
DFM-3,2024Q4,H1,conservative,1,industrial_production,PRODUCTION,0.1212752156495896
DFM-3,2024Q4,H1,conservative,1,ppi,PRICES,-0.023450679748517299
DFM-3,2024Q4,H1,conservative,1,usd_uzs,FINANCIAL,-0.13724390887615831
DFM-3,2024Q4,H1,conservative,1,rub_uzs,FINANCIAL,-0.0032319181052417999
DFM-3,2024Q4,H1,conservative,1,gold_price,EXTERNAL,-0.10823363005029971
DFM-3,2024Q4,H1,conservative,1,m2,FINANCIAL,0.46040004861445671
DFM-3,2024Q4,H1,conservative,1,fx_reserves_ex_gold,FINANCIAL,-0.21434502868785249
DFM-3,2024Q4,H1,conservative,1,pos_turnover,PAYMENTS,0.4958862251653931
DFM-3,2024Q4,H2,standard,1,industrial_production,PRODUCTION,0.12463356523901691
DFM-3,2024Q4,H2,standard,1,ppi,PRICES,-0.024567240081747099
DFM-3,2024Q4,H2,standard,1,usd_uzs,FINANCIAL,-0.13777930558580501
DFM-3,2024Q4,H2,standard,1,rub_uzs,FINANCIAL,-0.0046601160490626998
DFM-3,2024Q4,H2,standard,1,gold_price,EXTERNAL,-0.10495522552094
DFM-3,2024Q4,H2,standard,1,m2,FINANCIAL,0.45630851785086929
DFM-3,2024Q4,H2,standard,1,fx_reserves_ex_gold,FINANCIAL,-0.2134225100073491
DFM-3,2024Q4,H2,standard,1,pos_turnover,PAYMENTS,0.4955556230557342
DFM-3,2024Q4,H2,conservative,1,industrial_production,PRODUCTION,0.12463356523901691
DFM-3,2024Q4,H2,conservative,1,ppi,PRICES,-0.024567240081747099
DFM-3,2024Q4,H2,conservative,1,usd_uzs,FINANCIAL,-0.13777930558580501
DFM-3,2024Q4,H2,conservative,1,rub_uzs,FINANCIAL,-0.0046601160490626998
DFM-3,2024Q4,H2,conservative,1,gold_price,EXTERNAL,-0.10495522552094
DFM-3,2024Q4,H2,conservative,1,m2,FINANCIAL,0.45630851785086929
DFM-3,2024Q4,H2,conservative,1,fx_reserves_ex_gold,FINANCIAL,-0.2134225100073491
DFM-3,2024Q4,H2,conservative,1,pos_turnover,PAYMENTS,0.4955556230557342
DFM-3,2024Q4,H3,standard,1,industrial_production,PRODUCTION,0.12463356523901691
DFM-3,2024Q4,H3,standard,1,ppi,PRICES,-0.024567240081747099
DFM-3,2024Q4,H3,standard,1,usd_uzs,FINANCIAL,-0.13777930558580501
DFM-3,2024Q4,H3,standard,1,rub_uzs,FINANCIAL,-0.0046601160490626998
DFM-3,2024Q4,H3,standard,1,gold_price,EXTERNAL,-0.10495522552094
DFM-3,2024Q4,H3,standard,1,m2,FINANCIAL,0.45630851785086929
DFM-3,2024Q4,H3,standard,1,fx_reserves_ex_gold,FINANCIAL,-0.2134225100073491
DFM-3,2024Q4,H3,standard,1,pos_turnover,PAYMENTS,0.4955556230557342
DFM-3,2024Q4,H3,conservative,1,industrial_production,PRODUCTION,0.12463356523901691
DFM-3,2024Q4,H3,conservative,1,ppi,PRICES,-0.024567240081747099
DFM-3,2024Q4,H3,conservative,1,usd_uzs,FINANCIAL,-0.13777930558580501
DFM-3,2024Q4,H3,conservative,1,rub_uzs,FINANCIAL,-0.0046601160490626998
DFM-3,2024Q4,H3,conservative,1,gold_price,EXTERNAL,-0.10495522552094
DFM-3,2024Q4,H3,conservative,1,m2,FINANCIAL,0.45630851785086929
DFM-3,2024Q4,H3,conservative,1,fx_reserves_ex_gold,FINANCIAL,-0.2134225100073491
DFM-3,2024Q4,H3,conservative,1,pos_turnover,PAYMENTS,0.4955556230557342
DFM-3,2025Q1,H1,standard,1,industrial_production,PRODUCTION,0.1372437625041453
DFM-3,2025Q1,H1,standard,1,ppi,PRICES,-0.022942301885318199
DFM-3,2025Q1,H1,standard,1,usd_uzs,FINANCIAL,-0.1363154885396568
DFM-3,2025Q1,H1,standard,1,rub_uzs,FINANCIAL,-0.0080379327519543992
DFM-3,2025Q1,H1,standard,1,gold_price,EXTERNAL,-0.1037039150185436
DFM-3,2025Q1,H1,standard,1,m2,FINANCIAL,0.4103006113477573
DFM-3,2025Q1,H1,standard,1,fx_reserves_ex_gold,FINANCIAL,-0.22592285223322789
DFM-3,2025Q1,H1,standard,1,pos_turnover,PAYMENTS,0.4866056785127334
DFM-3,2025Q1,H1,conservative,1,industrial_production,PRODUCTION,0.1346530121190371
DFM-3,2025Q1,H1,conservative,1,ppi,PRICES,-0.0251584082757671
DFM-3,2025Q1,H1,conservative,1,usd_uzs,FINANCIAL,-0.13860357850752131
DFM-3,2025Q1,H1,conservative,1,rub_uzs,FINANCIAL,-0.0088955375675319002
DFM-3,2025Q1,H1,conservative,1,gold_price,EXTERNAL,-0.10417919908276869
DFM-3,2025Q1,H1,conservative,1,m2,FINANCIAL,0.42634221863248989
DFM-3,2025Q1,H1,conservative,1,fx_reserves_ex_gold,FINANCIAL,-0.22007101297802489
DFM-3,2025Q1,H1,conservative,1,pos_turnover,PAYMENTS,0.48942897544670971
DFM-3,2025Q1,H2,standard,1,industrial_production,PRODUCTION,0.1378023477744072
DFM-3,2025Q1,H2,standard,1,ppi,PRICES,-0.0229967953010537
DFM-3,2025Q1,H2,standard,1,usd_uzs,FINANCIAL,-0.1362644658940533
DFM-3,2025Q1,H2,standard,1,rub_uzs,FINANCIAL,-0.0080962160879089994
DFM-3,2025Q1,H2,standard,1,gold_price,EXTERNAL,-0.10357940977873629
DFM-3,2025Q1,H2,standard,1,m2,FINANCIAL,0.41085833951108652
DFM-3,2025Q1,H2,standard,1,fx_reserves_ex_gold,FINANCIAL,-0.22563417540362971
DFM-3,2025Q1,H2,standard,1,pos_turnover,PAYMENTS,0.48617928437594288
DFM-3,2025Q1,H2,conservative,1,industrial_production,PRODUCTION,0.1378023477744072
DFM-3,2025Q1,H2,conservative,1,ppi,PRICES,-0.0229967953010537
DFM-3,2025Q1,H2,conservative,1,usd_uzs,FINANCIAL,-0.1362644658940533
DFM-3,2025Q1,H2,conservative,1,rub_uzs,FINANCIAL,-0.0080962160879089994
DFM-3,2025Q1,H2,conservative,1,gold_price,EXTERNAL,-0.10357940977873629
DFM-3,2025Q1,H2,conservative,1,m2,FINANCIAL,0.41085833951108652
DFM-3,2025Q1,H2,conservative,1,fx_reserves_ex_gold,FINANCIAL,-0.22563417540362971
DFM-3,2025Q1,H2,conservative,1,pos_turnover,PAYMENTS,0.48617928437594288
DFM-3,2025Q1,H3,standard,1,industrial_production,PRODUCTION,0.1378023477744072
DFM-3,2025Q1,H3,standard,1,ppi,PRICES,-0.0229967953010537
DFM-3,2025Q1,H3,standard,1,usd_uzs,FINANCIAL,-0.1362644658940533
DFM-3,2025Q1,H3,standard,1,rub_uzs,FINANCIAL,-0.0080962160879089994
DFM-3,2025Q1,H3,standard,1,gold_price,EXTERNAL,-0.10357940977873629
DFM-3,2025Q1,H3,standard,1,m2,FINANCIAL,0.41085833951108652
DFM-3,2025Q1,H3,standard,1,fx_reserves_ex_gold,FINANCIAL,-0.22563417540362971
DFM-3,2025Q1,H3,standard,1,pos_turnover,PAYMENTS,0.48617928437594288
DFM-3,2025Q1,H3,conservative,1,industrial_production,PRODUCTION,0.1378023477744072
DFM-3,2025Q1,H3,conservative,1,ppi,PRICES,-0.0229967953010537
DFM-3,2025Q1,H3,conservative,1,usd_uzs,FINANCIAL,-0.1362644658940533
DFM-3,2025Q1,H3,conservative,1,rub_uzs,FINANCIAL,-0.0080962160879089994
DFM-3,2025Q1,H3,conservative,1,gold_price,EXTERNAL,-0.10357940977873629
DFM-3,2025Q1,H3,conservative,1,m2,FINANCIAL,0.41085833951108652
DFM-3,2025Q1,H3,conservative,1,fx_reserves_ex_gold,FINANCIAL,-0.22563417540362971
DFM-3,2025Q1,H3,conservative,1,pos_turnover,PAYMENTS,0.48617928437594288
DFM-3,2025Q2,H1,standard,1,industrial_production,PRODUCTION,0.0105792502254425
DFM-3,2025Q2,H1,standard,1,ppi,PRICES,-0.041344394560994098
DFM-3,2025Q2,H1,standard,1,usd_uzs,FINANCIAL,-0.10730687213786599
DFM-3,2025Q2,H1,standard,1,rub_uzs,FINANCIAL,0.048752193623730199
DFM-3,2025Q2,H1,standard,1,gold_price,EXTERNAL,-0.018280604474526101
DFM-3,2025Q2,H1,standard,1,m2,FINANCIAL,0.59151505317221664
DFM-3,2025Q2,H1,standard,1,fx_reserves_ex_gold,FINANCIAL,0.0043982701445382999
DFM-3,2025Q2,H1,standard,1,pos_turnover,PAYMENTS,0.36697799311045692
DFM-3,2025Q2,H1,conservative,1,industrial_production,PRODUCTION,0.13741188907753241
DFM-3,2025Q2,H1,conservative,1,ppi,PRICES,-0.026861508422142098
DFM-3,2025Q2,H1,conservative,1,usd_uzs,FINANCIAL,-0.14000108049239071
DFM-3,2025Q2,H1,conservative,1,rub_uzs,FINANCIAL,-0.0029246581264357001
DFM-3,2025Q2,H1,conservative,1,gold_price,EXTERNAL,-0.095750666132766907
DFM-3,2025Q2,H1,conservative,1,m2,FINANCIAL,0.41192764974844182
DFM-3,2025Q2,H1,conservative,1,fx_reserves_ex_gold,FINANCIAL,-0.20103243206654961
DFM-3,2025Q2,H1,conservative,1,pos_turnover,PAYMENTS,0.47858998735942082
DFM-3,2025Q2,H2,standard,1,industrial_production,PRODUCTION,0.014395058900110801
DFM-3,2025Q2,H2,standard,1,ppi,PRICES,-0.041308666060484299
DFM-3,2025Q2,H2,standard,1,usd_uzs,FINANCIAL,-0.10725183002235091
DFM-3,2025Q2,H2,standard,1,rub_uzs,FINANCIAL,0.0486517937741935
DFM-3,2025Q2,H2,standard,1,gold_price,EXTERNAL,-0.018286005506277202
DFM-3,2025Q2,H2,standard,1,m2,FINANCIAL,0.59084191695681265
DFM-3,2025Q2,H2,standard,1,fx_reserves_ex_gold,FINANCIAL,0.0043276273031305004
DFM-3,2025Q2,H2,standard,1,pos_turnover,PAYMENTS,0.36669805436207398
DFM-3,2025Q2,H2,conservative,1,industrial_production,PRODUCTION,0.014395058900110801
DFM-3,2025Q2,H2,conservative,1,ppi,PRICES,-0.041308666060484299
DFM-3,2025Q2,H2,conservative,1,usd_uzs,FINANCIAL,-0.10725183002235091
DFM-3,2025Q2,H2,conservative,1,rub_uzs,FINANCIAL,0.0486517937741935
DFM-3,2025Q2,H2,conservative,1,gold_price,EXTERNAL,-0.018286005506277202
DFM-3,2025Q2,H2,conservative,1,m2,FINANCIAL,0.59084191695681265
DFM-3,2025Q2,H2,conservative,1,fx_reserves_ex_gold,FINANCIAL,0.0043276273031305004
DFM-3,2025Q2,H2,conservative,1,pos_turnover,PAYMENTS,0.36669805436207398
DFM-3,2025Q2,H3,standard,1,industrial_production,PRODUCTION,0.014395058900110801
DFM-3,2025Q2,H3,standard,1,ppi,PRICES,-0.041308666060484299
DFM-3,2025Q2,H3,standard,1,usd_uzs,FINANCIAL,-0.10725183002235091
DFM-3,2025Q2,H3,standard,1,rub_uzs,FINANCIAL,0.0486517937741935
DFM-3,2025Q2,H3,standard,1,gold_price,EXTERNAL,-0.018286005506277202
DFM-3,2025Q2,H3,standard,1,m2,FINANCIAL,0.59084191695681265
DFM-3,2025Q2,H3,standard,1,fx_reserves_ex_gold,FINANCIAL,0.0043276273031305004
DFM-3,2025Q2,H3,standard,1,pos_turnover,PAYMENTS,0.36669805436207398
DFM-3,2025Q2,H3,conservative,1,industrial_production,PRODUCTION,0.014395058900110801
DFM-3,2025Q2,H3,conservative,1,ppi,PRICES,-0.041308666060484299
DFM-3,2025Q2,H3,conservative,1,usd_uzs,FINANCIAL,-0.10725183002235091
DFM-3,2025Q2,H3,conservative,1,rub_uzs,FINANCIAL,0.0486517937741935
DFM-3,2025Q2,H3,conservative,1,gold_price,EXTERNAL,-0.018286005506277202
DFM-3,2025Q2,H3,conservative,1,m2,FINANCIAL,0.59084191695681265
DFM-3,2025Q2,H3,conservative,1,fx_reserves_ex_gold,FINANCIAL,0.0043276273031305004
DFM-3,2025Q2,H3,conservative,1,pos_turnover,PAYMENTS,0.36669805436207398
DFM-3_COMBINED,2023Q1,H1,standard,1,industrial_production,PRODUCTION,0.42226006947845379
DFM-3_COMBINED,2023Q1,H1,standard,1,construction,DOMESTIC_DEMAND,0.25559613860072172
DFM-3_COMBINED,2023Q1,H1,standard,1,retail_trade,DOMESTIC_DEMAND,0.39528576638442681
DFM-3_COMBINED,2023Q1,H1,standard,1,cpi_headline,PRICES,0.048059189175568
DFM-3_COMBINED,2023Q1,H1,standard,1,ppi,PRICES,0.045101351757520503
DFM-3_COMBINED,2023Q1,H1,standard,1,exports_total,EXTERNAL,0.037760088075418599
DFM-3_COMBINED,2023Q1,H1,standard,1,imports_total,EXTERNAL,0.1310279179949321
DFM-3_COMBINED,2023Q1,H1,standard,1,usd_uzs,FINANCIAL,-0.080109938679895507
DFM-3_COMBINED,2023Q1,H1,standard,1,rub_uzs,FINANCIAL,0.0041569229608765003
DFM-3_COMBINED,2023Q1,H1,standard,1,gold_price,EXTERNAL,-0.061428727161524602
DFM-3_COMBINED,2023Q1,H1,standard,1,m2,FINANCIAL,0.27335112486343582
DFM-3_COMBINED,2023Q1,H1,standard,1,fx_reserves_ex_gold,FINANCIAL,-0.3168429302008865
DFM-3_COMBINED,2023Q1,H1,standard,1,pos_turnover,PAYMENTS,0.30213134459744789
DFM-3_COMBINED,2023Q1,H2,standard,1,industrial_production,PRODUCTION,0.41618240996686717
DFM-3_COMBINED,2023Q1,H2,standard,1,construction,DOMESTIC_DEMAND,0.25709427086147613
DFM-3_COMBINED,2023Q1,H2,standard,1,retail_trade,DOMESTIC_DEMAND,0.39586698719720981
DFM-3_COMBINED,2023Q1,H2,standard,1,cpi_headline,PRICES,0.0471086586969739
DFM-3_COMBINED,2023Q1,H2,standard,1,ppi,PRICES,0.0441405102937543
DFM-3_COMBINED,2023Q1,H2,standard,1,exports_total,EXTERNAL,0.036889396422612603
DFM-3_COMBINED,2023Q1,H2,standard,1,imports_total,EXTERNAL,0.13490890056844049
DFM-3_COMBINED,2023Q1,H2,standard,1,usd_uzs,FINANCIAL,-0.081364129142822095
DFM-3_COMBINED,2023Q1,H2,standard,1,rub_uzs,FINANCIAL,0.0052548606440712999
DFM-3_COMBINED,2023Q1,H2,standard,1,gold_price,EXTERNAL,-0.063759822189085005
DFM-3_COMBINED,2023Q1,H2,standard,1,m2,FINANCIAL,0.2752964469915577
DFM-3_COMBINED,2023Q1,H2,standard,1,fx_reserves_ex_gold,FINANCIAL,-0.314452391619372
DFM-3_COMBINED,2023Q1,H2,standard,1,pos_turnover,PAYMENTS,0.30355589069802019
DFM-3_COMBINED,2023Q1,H2,conservative,1,industrial_production,PRODUCTION,0.41618240996686717
DFM-3_COMBINED,2023Q1,H2,conservative,1,construction,DOMESTIC_DEMAND,0.25709427086147613
DFM-3_COMBINED,2023Q1,H2,conservative,1,retail_trade,DOMESTIC_DEMAND,0.39586698719720981
DFM-3_COMBINED,2023Q1,H2,conservative,1,cpi_headline,PRICES,0.0471086586969739
DFM-3_COMBINED,2023Q1,H2,conservative,1,ppi,PRICES,0.0441405102937543
DFM-3_COMBINED,2023Q1,H2,conservative,1,exports_total,EXTERNAL,0.036889396422612603
DFM-3_COMBINED,2023Q1,H2,conservative,1,imports_total,EXTERNAL,0.13490890056844049
DFM-3_COMBINED,2023Q1,H2,conservative,1,usd_uzs,FINANCIAL,-0.081364129142822095
DFM-3_COMBINED,2023Q1,H2,conservative,1,rub_uzs,FINANCIAL,0.0052548606440712999
DFM-3_COMBINED,2023Q1,H2,conservative,1,gold_price,EXTERNAL,-0.063759822189085005
DFM-3_COMBINED,2023Q1,H2,conservative,1,m2,FINANCIAL,0.2752964469915577
DFM-3_COMBINED,2023Q1,H2,conservative,1,fx_reserves_ex_gold,FINANCIAL,-0.314452391619372
DFM-3_COMBINED,2023Q1,H2,conservative,1,pos_turnover,PAYMENTS,0.30355589069802019
DFM-3_COMBINED,2023Q1,H3,standard,1,industrial_production,PRODUCTION,0.41618240996686717
DFM-3_COMBINED,2023Q1,H3,standard,1,construction,DOMESTIC_DEMAND,0.25709427086147613
DFM-3_COMBINED,2023Q1,H3,standard,1,retail_trade,DOMESTIC_DEMAND,0.39586698719720981
DFM-3_COMBINED,2023Q1,H3,standard,1,cpi_headline,PRICES,0.0471086586969739
DFM-3_COMBINED,2023Q1,H3,standard,1,ppi,PRICES,0.0441405102937543
DFM-3_COMBINED,2023Q1,H3,standard,1,exports_total,EXTERNAL,0.036889396422612603
DFM-3_COMBINED,2023Q1,H3,standard,1,imports_total,EXTERNAL,0.13490890056844049
DFM-3_COMBINED,2023Q1,H3,standard,1,usd_uzs,FINANCIAL,-0.081364129142822095
DFM-3_COMBINED,2023Q1,H3,standard,1,rub_uzs,FINANCIAL,0.0052548606440712999
DFM-3_COMBINED,2023Q1,H3,standard,1,gold_price,EXTERNAL,-0.063759822189085005
DFM-3_COMBINED,2023Q1,H3,standard,1,m2,FINANCIAL,0.2752964469915577
DFM-3_COMBINED,2023Q1,H3,standard,1,fx_reserves_ex_gold,FINANCIAL,-0.314452391619372
DFM-3_COMBINED,2023Q1,H3,standard,1,pos_turnover,PAYMENTS,0.30355589069802019
DFM-3_COMBINED,2023Q1,H3,conservative,1,industrial_production,PRODUCTION,0.41618240996686717
DFM-3_COMBINED,2023Q1,H3,conservative,1,construction,DOMESTIC_DEMAND,0.25709427086147613
DFM-3_COMBINED,2023Q1,H3,conservative,1,retail_trade,DOMESTIC_DEMAND,0.39586698719720981
DFM-3_COMBINED,2023Q1,H3,conservative,1,cpi_headline,PRICES,0.0471086586969739
DFM-3_COMBINED,2023Q1,H3,conservative,1,ppi,PRICES,0.0441405102937543
DFM-3_COMBINED,2023Q1,H3,conservative,1,exports_total,EXTERNAL,0.036889396422612603
DFM-3_COMBINED,2023Q1,H3,conservative,1,imports_total,EXTERNAL,0.13490890056844049
DFM-3_COMBINED,2023Q1,H3,conservative,1,usd_uzs,FINANCIAL,-0.081364129142822095
DFM-3_COMBINED,2023Q1,H3,conservative,1,rub_uzs,FINANCIAL,0.0052548606440712999
DFM-3_COMBINED,2023Q1,H3,conservative,1,gold_price,EXTERNAL,-0.063759822189085005
DFM-3_COMBINED,2023Q1,H3,conservative,1,m2,FINANCIAL,0.2752964469915577
DFM-3_COMBINED,2023Q1,H3,conservative,1,fx_reserves_ex_gold,FINANCIAL,-0.314452391619372
DFM-3_COMBINED,2023Q1,H3,conservative,1,pos_turnover,PAYMENTS,0.30355589069802019
DFM-3_COMBINED,2023Q2,H1,standard,1,industrial_production,PRODUCTION,0.068058256724350993
DFM-3_COMBINED,2023Q2,H1,standard,1,construction,DOMESTIC_DEMAND,0.032574648713964101
DFM-3_COMBINED,2023Q2,H1,standard,1,retail_trade,DOMESTIC_DEMAND,0.17647726845014861
DFM-3_COMBINED,2023Q2,H1,standard,1,cpi_headline,PRICES,0.079496061377048996
DFM-3_COMBINED,2023Q2,H1,standard,1,ppi,PRICES,0.00064231647133349999
DFM-3_COMBINED,2023Q2,H1,standard,1,exports_total,EXTERNAL,-0.048913366841290599
DFM-3_COMBINED,2023Q2,H1,standard,1,imports_total,EXTERNAL,-0.033462507414797497
DFM-3_COMBINED,2023Q2,H1,standard,1,usd_uzs,FINANCIAL,-0.077891517511974803
DFM-3_COMBINED,2023Q2,H1,standard,1,rub_uzs,FINANCIAL,0.021810012018854099
DFM-3_COMBINED,2023Q2,H1,standard,1,gold_price,EXTERNAL,-0.071003317703875801
DFM-3_COMBINED,2023Q2,H1,standard,1,m2,FINANCIAL,0.45441991840375112
DFM-3_COMBINED,2023Q2,H1,standard,1,fx_reserves_ex_gold,FINANCIAL,-0.2111037652296443
DFM-3_COMBINED,2023Q2,H1,standard,1,pos_turnover,PAYMENTS,0.38818035271323498
DFM-3_COMBINED,2023Q2,H1,conservative,1,industrial_production,PRODUCTION,0.065825053421080207
DFM-3_COMBINED,2023Q2,H1,conservative,1,construction,DOMESTIC_DEMAND,0.027685823240642501
DFM-3_COMBINED,2023Q2,H1,conservative,1,retail_trade,DOMESTIC_DEMAND,0.18189168577347961
DFM-3_COMBINED,2023Q2,H1,conservative,1,cpi_headline,PRICES,0.077189121955480097
DFM-3_COMBINED,2023Q2,H1,conservative,1,ppi,PRICES,-0.00013506248323290001
DFM-3_COMBINED,2023Q2,H1,conservative,1,exports_total,EXTERNAL,-0.050076796900931898
DFM-3_COMBINED,2023Q2,H1,conservative,1,imports_total,EXTERNAL,-0.034221953891393798
DFM-3_COMBINED,2023Q2,H1,conservative,1,usd_uzs,FINANCIAL,-0.076940671657691598
DFM-3_COMBINED,2023Q2,H1,conservative,1,rub_uzs,FINANCIAL,0.020244053748829299
DFM-3_COMBINED,2023Q2,H1,conservative,1,gold_price,EXTERNAL,-0.068808243838271305
DFM-3_COMBINED,2023Q2,H1,conservative,1,m2,FINANCIAL,0.46222626414928181
DFM-3_COMBINED,2023Q2,H1,conservative,1,fx_reserves_ex_gold,FINANCIAL,-0.2146508822892832
DFM-3_COMBINED,2023Q2,H1,conservative,1,pos_turnover,PAYMENTS,0.39146897742210579
DFM-3_COMBINED,2023Q2,H2,standard,1,industrial_production,PRODUCTION,0.066491123447422404
DFM-3_COMBINED,2023Q2,H2,standard,1,construction,DOMESTIC_DEMAND,0.032316190851678701
DFM-3_COMBINED,2023Q2,H2,standard,1,retail_trade,DOMESTIC_DEMAND,0.1751152771363709
DFM-3_COMBINED,2023Q2,H2,standard,1,cpi_headline,PRICES,0.078953061387176102
DFM-3_COMBINED,2023Q2,H2,standard,1,ppi,PRICES,0.00063155245460730001
DFM-3_COMBINED,2023Q2,H2,standard,1,exports_total,EXTERNAL,-0.048593037941217401
DFM-3_COMBINED,2023Q2,H2,standard,1,imports_total,EXTERNAL,-0.033243621534306302
DFM-3_COMBINED,2023Q2,H2,standard,1,usd_uzs,FINANCIAL,-0.077270035732970505
DFM-3_COMBINED,2023Q2,H2,standard,1,rub_uzs,FINANCIAL,0.021713056314525501
DFM-3_COMBINED,2023Q2,H2,standard,1,gold_price,EXTERNAL,-0.070456897643050395
DFM-3_COMBINED,2023Q2,H2,standard,1,m2,FINANCIAL,0.45112597045405178
DFM-3_COMBINED,2023Q2,H2,standard,1,fx_reserves_ex_gold,FINANCIAL,-0.20948449534479649
DFM-3_COMBINED,2023Q2,H2,standard,1,pos_turnover,PAYMENTS,0.38526785066771357
DFM-3_COMBINED,2023Q2,H2,conservative,1,industrial_production,PRODUCTION,0.066491123447422404
DFM-3_COMBINED,2023Q2,H2,conservative,1,construction,DOMESTIC_DEMAND,0.032316190851678701
DFM-3_COMBINED,2023Q2,H2,conservative,1,retail_trade,DOMESTIC_DEMAND,0.1751152771363709
DFM-3_COMBINED,2023Q2,H2,conservative,1,cpi_headline,PRICES,0.078953061387176102
DFM-3_COMBINED,2023Q2,H2,conservative,1,ppi,PRICES,0.00063155245460730001
DFM-3_COMBINED,2023Q2,H2,conservative,1,exports_total,EXTERNAL,-0.048593037941217401
DFM-3_COMBINED,2023Q2,H2,conservative,1,imports_total,EXTERNAL,-0.033243621534306302
DFM-3_COMBINED,2023Q2,H2,conservative,1,usd_uzs,FINANCIAL,-0.077270035732970505
DFM-3_COMBINED,2023Q2,H2,conservative,1,rub_uzs,FINANCIAL,0.021713056314525501
DFM-3_COMBINED,2023Q2,H2,conservative,1,gold_price,EXTERNAL,-0.070456897643050395
DFM-3_COMBINED,2023Q2,H2,conservative,1,m2,FINANCIAL,0.45112597045405178
DFM-3_COMBINED,2023Q2,H2,conservative,1,fx_reserves_ex_gold,FINANCIAL,-0.20948449534479649
DFM-3_COMBINED,2023Q2,H2,conservative,1,pos_turnover,PAYMENTS,0.38526785066771357
DFM-3_COMBINED,2023Q2,H3,standard,1,industrial_production,PRODUCTION,0.066491123447422404
DFM-3_COMBINED,2023Q2,H3,standard,1,construction,DOMESTIC_DEMAND,0.032316190851678701
DFM-3_COMBINED,2023Q2,H3,standard,1,retail_trade,DOMESTIC_DEMAND,0.1751152771363709
DFM-3_COMBINED,2023Q2,H3,standard,1,cpi_headline,PRICES,0.078953061387176102
DFM-3_COMBINED,2023Q2,H3,standard,1,ppi,PRICES,0.00063155245460730001
DFM-3_COMBINED,2023Q2,H3,standard,1,exports_total,EXTERNAL,-0.048593037941217401
DFM-3_COMBINED,2023Q2,H3,standard,1,imports_total,EXTERNAL,-0.033243621534306302
DFM-3_COMBINED,2023Q2,H3,standard,1,usd_uzs,FINANCIAL,-0.077270035732970505
DFM-3_COMBINED,2023Q2,H3,standard,1,rub_uzs,FINANCIAL,0.021713056314525501
DFM-3_COMBINED,2023Q2,H3,standard,1,gold_price,EXTERNAL,-0.070456897643050395
DFM-3_COMBINED,2023Q2,H3,standard,1,m2,FINANCIAL,0.45112597045405178
DFM-3_COMBINED,2023Q2,H3,standard,1,fx_reserves_ex_gold,FINANCIAL,-0.20948449534479649
DFM-3_COMBINED,2023Q2,H3,standard,1,pos_turnover,PAYMENTS,0.38526785066771357
DFM-3_COMBINED,2023Q2,H3,conservative,1,industrial_production,PRODUCTION,0.066491123447422404
DFM-3_COMBINED,2023Q2,H3,conservative,1,construction,DOMESTIC_DEMAND,0.032316190851678701
DFM-3_COMBINED,2023Q2,H3,conservative,1,retail_trade,DOMESTIC_DEMAND,0.1751152771363709
DFM-3_COMBINED,2023Q2,H3,conservative,1,cpi_headline,PRICES,0.078953061387176102
DFM-3_COMBINED,2023Q2,H3,conservative,1,ppi,PRICES,0.00063155245460730001
DFM-3_COMBINED,2023Q2,H3,conservative,1,exports_total,EXTERNAL,-0.048593037941217401
DFM-3_COMBINED,2023Q2,H3,conservative,1,imports_total,EXTERNAL,-0.033243621534306302
DFM-3_COMBINED,2023Q2,H3,conservative,1,usd_uzs,FINANCIAL,-0.077270035732970505
DFM-3_COMBINED,2023Q2,H3,conservative,1,rub_uzs,FINANCIAL,0.021713056314525501
DFM-3_COMBINED,2023Q2,H3,conservative,1,gold_price,EXTERNAL,-0.070456897643050395
DFM-3_COMBINED,2023Q2,H3,conservative,1,m2,FINANCIAL,0.45112597045405178
DFM-3_COMBINED,2023Q2,H3,conservative,1,fx_reserves_ex_gold,FINANCIAL,-0.20948449534479649
DFM-3_COMBINED,2023Q2,H3,conservative,1,pos_turnover,PAYMENTS,0.38526785066771357
DFM-3_COMBINED,2023Q3,H1,standard,1,industrial_production,PRODUCTION,0.1229438194301874
DFM-3_COMBINED,2023Q3,H1,standard,1,construction,DOMESTIC_DEMAND,0.043158566855891201
DFM-3_COMBINED,2023Q3,H1,standard,1,retail_trade,DOMESTIC_DEMAND,0.21693222146996841
DFM-3_COMBINED,2023Q3,H1,standard,1,cpi_headline,PRICES,0.075132197558605701
DFM-3_COMBINED,2023Q3,H1,standard,1,ppi,PRICES,-0.0076480963458170001
DFM-3_COMBINED,2023Q3,H1,standard,1,exports_total,EXTERNAL,-0.057119764201757101
DFM-3_COMBINED,2023Q3,H1,standard,1,imports_total,EXTERNAL,0.00024491634504999999
DFM-3_COMBINED,2023Q3,H1,standard,1,usd_uzs,FINANCIAL,-0.1098872636126267
DFM-3_COMBINED,2023Q3,H1,standard,1,rub_uzs,FINANCIAL,0.0074450851730587997
DFM-3_COMBINED,2023Q3,H1,standard,1,gold_price,EXTERNAL,-0.087604400000656196
DFM-3_COMBINED,2023Q3,H1,standard,1,m2,FINANCIAL,0.39501534315394571
DFM-3_COMBINED,2023Q3,H1,standard,1,fx_reserves_ex_gold,FINANCIAL,-0.2067948881588805
DFM-3_COMBINED,2023Q3,H1,standard,1,pos_turnover,PAYMENTS,0.39416183766272322
DFM-3_COMBINED,2023Q3,H1,conservative,1,industrial_production,PRODUCTION,0.12583767336576171
DFM-3_COMBINED,2023Q3,H1,conservative,1,construction,DOMESTIC_DEMAND,0.046316474682564598
DFM-3_COMBINED,2023Q3,H1,conservative,1,retail_trade,DOMESTIC_DEMAND,0.2131766391755196
DFM-3_COMBINED,2023Q3,H1,conservative,1,cpi_headline,PRICES,0.048943923488669203
DFM-3_COMBINED,2023Q3,H1,conservative,1,ppi,PRICES,-0.0140210571564214
DFM-3_COMBINED,2023Q3,H1,conservative,1,exports_total,EXTERNAL,-0.050293437388649699
DFM-3_COMBINED,2023Q3,H1,conservative,1,imports_total,EXTERNAL,-0.019024751894702902
DFM-3_COMBINED,2023Q3,H1,conservative,1,usd_uzs,FINANCIAL,-0.1133636878631361
DFM-3_COMBINED,2023Q3,H1,conservative,1,rub_uzs,FINANCIAL,0.0010111277828195001
DFM-3_COMBINED,2023Q3,H1,conservative,1,gold_price,EXTERNAL,-0.091210584721939506
DFM-3_COMBINED,2023Q3,H1,conservative,1,m2,FINANCIAL,0.38250737103282112
DFM-3_COMBINED,2023Q3,H1,conservative,1,fx_reserves_ex_gold,FINANCIAL,-0.22277896029162819
DFM-3_COMBINED,2023Q3,H1,conservative,1,pos_turnover,PAYMENTS,0.39285375300729652
DFM-3_COMBINED,2023Q3,H2,standard,1,industrial_production,PRODUCTION,0.12513441414900331
DFM-3_COMBINED,2023Q3,H2,standard,1,construction,DOMESTIC_DEMAND,0.043537808818241402
DFM-3_COMBINED,2023Q3,H2,standard,1,retail_trade,DOMESTIC_DEMAND,0.21739927254463909
DFM-3_COMBINED,2023Q3,H2,standard,1,cpi_headline,PRICES,0.0744302631078399
DFM-3_COMBINED,2023Q3,H2,standard,1,ppi,PRICES,-0.0077330775541510997
DFM-3_COMBINED,2023Q3,H2,standard,1,exports_total,EXTERNAL,-0.0568535725783973
DFM-3_COMBINED,2023Q3,H2,standard,1,imports_total,EXTERNAL,8.3611353655836275e-05
DFM-3_COMBINED,2023Q3,H2,standard,1,usd_uzs,FINANCIAL,-0.1102363043315439
DFM-3_COMBINED,2023Q3,H2,standard,1,rub_uzs,FINANCIAL,0.0072641866301944996
DFM-3_COMBINED,2023Q3,H2,standard,1,gold_price,EXTERNAL,-0.087899367688925201
DFM-3_COMBINED,2023Q3,H2,standard,1,m2,FINANCIAL,0.39424359355137401
DFM-3_COMBINED,2023Q3,H2,standard,1,fx_reserves_ex_gold,FINANCIAL,-0.2074255126966395
DFM-3_COMBINED,2023Q3,H2,standard,1,pos_turnover,PAYMENTS,0.39428757291899058
DFM-3_COMBINED,2023Q3,H2,conservative,1,industrial_production,PRODUCTION,0.12513441414900331
DFM-3_COMBINED,2023Q3,H2,conservative,1,construction,DOMESTIC_DEMAND,0.043537808818241402
DFM-3_COMBINED,2023Q3,H2,conservative,1,retail_trade,DOMESTIC_DEMAND,0.21739927254463909
DFM-3_COMBINED,2023Q3,H2,conservative,1,cpi_headline,PRICES,0.0744302631078399
DFM-3_COMBINED,2023Q3,H2,conservative,1,ppi,PRICES,-0.0077330775541510997
DFM-3_COMBINED,2023Q3,H2,conservative,1,exports_total,EXTERNAL,-0.0568535725783973
DFM-3_COMBINED,2023Q3,H2,conservative,1,imports_total,EXTERNAL,8.3611353655836275e-05
DFM-3_COMBINED,2023Q3,H2,conservative,1,usd_uzs,FINANCIAL,-0.1102363043315439
DFM-3_COMBINED,2023Q3,H2,conservative,1,rub_uzs,FINANCIAL,0.0072641866301944996
DFM-3_COMBINED,2023Q3,H2,conservative,1,gold_price,EXTERNAL,-0.087899367688925201
DFM-3_COMBINED,2023Q3,H2,conservative,1,m2,FINANCIAL,0.39424359355137401
DFM-3_COMBINED,2023Q3,H2,conservative,1,fx_reserves_ex_gold,FINANCIAL,-0.2074255126966395
DFM-3_COMBINED,2023Q3,H2,conservative,1,pos_turnover,PAYMENTS,0.39428757291899058
DFM-3_COMBINED,2023Q3,H3,standard,1,industrial_production,PRODUCTION,0.12513441414900331
DFM-3_COMBINED,2023Q3,H3,standard,1,construction,DOMESTIC_DEMAND,0.043537808818241402
DFM-3_COMBINED,2023Q3,H3,standard,1,retail_trade,DOMESTIC_DEMAND,0.21739927254463909
DFM-3_COMBINED,2023Q3,H3,standard,1,cpi_headline,PRICES,0.0744302631078399
DFM-3_COMBINED,2023Q3,H3,standard,1,ppi,PRICES,-0.0077330775541510997
DFM-3_COMBINED,2023Q3,H3,standard,1,exports_total,EXTERNAL,-0.0568535725783973
DFM-3_COMBINED,2023Q3,H3,standard,1,imports_total,EXTERNAL,8.3611353655836275e-05
DFM-3_COMBINED,2023Q3,H3,standard,1,usd_uzs,FINANCIAL,-0.1102363043315439
DFM-3_COMBINED,2023Q3,H3,standard,1,rub_uzs,FINANCIAL,0.0072641866301944996
DFM-3_COMBINED,2023Q3,H3,standard,1,gold_price,EXTERNAL,-0.087899367688925201
DFM-3_COMBINED,2023Q3,H3,standard,1,m2,FINANCIAL,0.39424359355137401
DFM-3_COMBINED,2023Q3,H3,standard,1,fx_reserves_ex_gold,FINANCIAL,-0.2074255126966395
DFM-3_COMBINED,2023Q3,H3,standard,1,pos_turnover,PAYMENTS,0.39428757291899058
DFM-3_COMBINED,2023Q3,H3,conservative,1,industrial_production,PRODUCTION,0.12513441414900331
DFM-3_COMBINED,2023Q3,H3,conservative,1,construction,DOMESTIC_DEMAND,0.043537808818241402
DFM-3_COMBINED,2023Q3,H3,conservative,1,retail_trade,DOMESTIC_DEMAND,0.21739927254463909
DFM-3_COMBINED,2023Q3,H3,conservative,1,cpi_headline,PRICES,0.0744302631078399
DFM-3_COMBINED,2023Q3,H3,conservative,1,ppi,PRICES,-0.0077330775541510997
DFM-3_COMBINED,2023Q3,H3,conservative,1,exports_total,EXTERNAL,-0.0568535725783973
DFM-3_COMBINED,2023Q3,H3,conservative,1,imports_total,EXTERNAL,8.3611353655836275e-05
DFM-3_COMBINED,2023Q3,H3,conservative,1,usd_uzs,FINANCIAL,-0.1102363043315439
DFM-3_COMBINED,2023Q3,H3,conservative,1,rub_uzs,FINANCIAL,0.0072641866301944996
DFM-3_COMBINED,2023Q3,H3,conservative,1,gold_price,EXTERNAL,-0.087899367688925201
DFM-3_COMBINED,2023Q3,H3,conservative,1,m2,FINANCIAL,0.39424359355137401
DFM-3_COMBINED,2023Q3,H3,conservative,1,fx_reserves_ex_gold,FINANCIAL,-0.2074255126966395
DFM-3_COMBINED,2023Q3,H3,conservative,1,pos_turnover,PAYMENTS,0.39428757291899058
DFM-3_COMBINED,2023Q4,H1,standard,1,industrial_production,PRODUCTION,0.1344732050794509
DFM-3_COMBINED,2023Q4,H1,standard,1,construction,DOMESTIC_DEMAND,0.032985619307906097
DFM-3_COMBINED,2023Q4,H1,standard,1,retail_trade,DOMESTIC_DEMAND,0.22856963459155041
DFM-3_COMBINED,2023Q4,H1,standard,1,cpi_headline,PRICES,0.074187256855132805
DFM-3_COMBINED,2023Q4,H1,standard,1,ppi,PRICES,-0.0110126644585477
DFM-3_COMBINED,2023Q4,H1,standard,1,exports_total,EXTERNAL,-0.046593576611016103
DFM-3_COMBINED,2023Q4,H1,standard,1,imports_total,EXTERNAL,-0.0146149472311701
DFM-3_COMBINED,2023Q4,H1,standard,1,usd_uzs,FINANCIAL,-0.1073220981814232
DFM-3_COMBINED,2023Q4,H1,standard,1,rub_uzs,FINANCIAL,0.0030917167121804999
DFM-3_COMBINED,2023Q4,H1,standard,1,gold_price,EXTERNAL,-0.094533025484210706
DFM-3_COMBINED,2023Q4,H1,standard,1,m2,FINANCIAL,0.38477671984027523
DFM-3_COMBINED,2023Q4,H1,standard,1,fx_reserves_ex_gold,FINANCIAL,-0.19292893867324129
DFM-3_COMBINED,2023Q4,H1,standard,1,pos_turnover,PAYMENTS,0.4007341961502609
DFM-3_COMBINED,2023Q4,H1,conservative,1,industrial_production,PRODUCTION,0.13378817135491461
DFM-3_COMBINED,2023Q4,H1,conservative,1,construction,DOMESTIC_DEMAND,0.041477153479975597
DFM-3_COMBINED,2023Q4,H1,conservative,1,retail_trade,DOMESTIC_DEMAND,0.22500899443561481
DFM-3_COMBINED,2023Q4,H1,conservative,1,cpi_headline,PRICES,0.074010246312151404
DFM-3_COMBINED,2023Q4,H1,conservative,1,ppi,PRICES,-0.012769705131631099
DFM-3_COMBINED,2023Q4,H1,conservative,1,exports_total,EXTERNAL,-0.058481501266875402
DFM-3_COMBINED,2023Q4,H1,conservative,1,imports_total,EXTERNAL,-0.0078213524701997005
DFM-3_COMBINED,2023Q4,H1,conservative,1,usd_uzs,FINANCIAL,-0.097818827350426504
DFM-3_COMBINED,2023Q4,H1,conservative,1,rub_uzs,FINANCIAL,0.0015415799756129001
DFM-3_COMBINED,2023Q4,H1,conservative,1,gold_price,EXTERNAL,-0.095070630284825097
DFM-3_COMBINED,2023Q4,H1,conservative,1,m2,FINANCIAL,0.38517148165159498
DFM-3_COMBINED,2023Q4,H1,conservative,1,fx_reserves_ex_gold,FINANCIAL,-0.20585262226371251
DFM-3_COMBINED,2023Q4,H1,conservative,1,pos_turnover,PAYMENTS,0.39717247540763778
DFM-3_COMBINED,2023Q4,H2,standard,1,industrial_production,PRODUCTION,0.1366288159853872
DFM-3_COMBINED,2023Q4,H2,standard,1,construction,DOMESTIC_DEMAND,0.033628838314033502
DFM-3_COMBINED,2023Q4,H2,standard,1,retail_trade,DOMESTIC_DEMAND,0.2296495612054891
DFM-3_COMBINED,2023Q4,H2,standard,1,cpi_headline,PRICES,0.073975787534400594
DFM-3_COMBINED,2023Q4,H2,standard,1,ppi,PRICES,-0.010992365887195399
DFM-3_COMBINED,2023Q4,H2,standard,1,exports_total,EXTERNAL,-0.046694203803359903
DFM-3_COMBINED,2023Q4,H2,standard,1,imports_total,EXTERNAL,-0.014393193372644299
DFM-3_COMBINED,2023Q4,H2,standard,1,usd_uzs,FINANCIAL,-0.1075544390467363
DFM-3_COMBINED,2023Q4,H2,standard,1,rub_uzs,FINANCIAL,0.0029274861723625001
DFM-3_COMBINED,2023Q4,H2,standard,1,gold_price,EXTERNAL,-0.095067109770475403
DFM-3_COMBINED,2023Q4,H2,standard,1,m2,FINANCIAL,0.38506689423812979
DFM-3_COMBINED,2023Q4,H2,standard,1,fx_reserves_ex_gold,FINANCIAL,-0.19441706121704291
DFM-3_COMBINED,2023Q4,H2,standard,1,pos_turnover,PAYMENTS,0.4019875555243298
DFM-3_COMBINED,2023Q4,H2,conservative,1,industrial_production,PRODUCTION,0.1366288159853872
DFM-3_COMBINED,2023Q4,H2,conservative,1,construction,DOMESTIC_DEMAND,0.033628838314033502
DFM-3_COMBINED,2023Q4,H2,conservative,1,retail_trade,DOMESTIC_DEMAND,0.2296495612054891
DFM-3_COMBINED,2023Q4,H2,conservative,1,cpi_headline,PRICES,0.073975787534400594
DFM-3_COMBINED,2023Q4,H2,conservative,1,ppi,PRICES,-0.010992365887195399
DFM-3_COMBINED,2023Q4,H2,conservative,1,exports_total,EXTERNAL,-0.046694203803359903
DFM-3_COMBINED,2023Q4,H2,conservative,1,imports_total,EXTERNAL,-0.014393193372644299
DFM-3_COMBINED,2023Q4,H2,conservative,1,usd_uzs,FINANCIAL,-0.1075544390467363
DFM-3_COMBINED,2023Q4,H2,conservative,1,rub_uzs,FINANCIAL,0.0029274861723625001
DFM-3_COMBINED,2023Q4,H2,conservative,1,gold_price,EXTERNAL,-0.095067109770475403
DFM-3_COMBINED,2023Q4,H2,conservative,1,m2,FINANCIAL,0.38506689423812979
DFM-3_COMBINED,2023Q4,H2,conservative,1,fx_reserves_ex_gold,FINANCIAL,-0.19441706121704291
DFM-3_COMBINED,2023Q4,H2,conservative,1,pos_turnover,PAYMENTS,0.4019875555243298
DFM-3_COMBINED,2023Q4,H3,standard,1,industrial_production,PRODUCTION,0.1366288159853872
DFM-3_COMBINED,2023Q4,H3,standard,1,construction,DOMESTIC_DEMAND,0.033628838314033502
DFM-3_COMBINED,2023Q4,H3,standard,1,retail_trade,DOMESTIC_DEMAND,0.2296495612054891
DFM-3_COMBINED,2023Q4,H3,standard,1,cpi_headline,PRICES,0.073975787534400594
DFM-3_COMBINED,2023Q4,H3,standard,1,ppi,PRICES,-0.010992365887195399
DFM-3_COMBINED,2023Q4,H3,standard,1,exports_total,EXTERNAL,-0.046694203803359903
DFM-3_COMBINED,2023Q4,H3,standard,1,imports_total,EXTERNAL,-0.014393193372644299
DFM-3_COMBINED,2023Q4,H3,standard,1,usd_uzs,FINANCIAL,-0.1075544390467363
DFM-3_COMBINED,2023Q4,H3,standard,1,rub_uzs,FINANCIAL,0.0029274861723625001
DFM-3_COMBINED,2023Q4,H3,standard,1,gold_price,EXTERNAL,-0.095067109770475403
DFM-3_COMBINED,2023Q4,H3,standard,1,m2,FINANCIAL,0.38506689423812979
DFM-3_COMBINED,2023Q4,H3,standard,1,fx_reserves_ex_gold,FINANCIAL,-0.19441706121704291
DFM-3_COMBINED,2023Q4,H3,standard,1,pos_turnover,PAYMENTS,0.4019875555243298
DFM-3_COMBINED,2023Q4,H3,conservative,1,industrial_production,PRODUCTION,0.1366288159853872
DFM-3_COMBINED,2023Q4,H3,conservative,1,construction,DOMESTIC_DEMAND,0.033628838314033502
DFM-3_COMBINED,2023Q4,H3,conservative,1,retail_trade,DOMESTIC_DEMAND,0.2296495612054891
DFM-3_COMBINED,2023Q4,H3,conservative,1,cpi_headline,PRICES,0.073975787534400594
DFM-3_COMBINED,2023Q4,H3,conservative,1,ppi,PRICES,-0.010992365887195399
DFM-3_COMBINED,2023Q4,H3,conservative,1,exports_total,EXTERNAL,-0.046694203803359903
DFM-3_COMBINED,2023Q4,H3,conservative,1,imports_total,EXTERNAL,-0.014393193372644299
DFM-3_COMBINED,2023Q4,H3,conservative,1,usd_uzs,FINANCIAL,-0.1075544390467363
DFM-3_COMBINED,2023Q4,H3,conservative,1,rub_uzs,FINANCIAL,0.0029274861723625001
DFM-3_COMBINED,2023Q4,H3,conservative,1,gold_price,EXTERNAL,-0.095067109770475403
DFM-3_COMBINED,2023Q4,H3,conservative,1,m2,FINANCIAL,0.38506689423812979
DFM-3_COMBINED,2023Q4,H3,conservative,1,fx_reserves_ex_gold,FINANCIAL,-0.19441706121704291
DFM-3_COMBINED,2023Q4,H3,conservative,1,pos_turnover,PAYMENTS,0.4019875555243298
DFM-3_COMBINED,2024Q1,H1,standard,1,industrial_production,PRODUCTION,0.50102832556486543
DFM-3_COMBINED,2024Q1,H1,standard,1,construction,DOMESTIC_DEMAND,0.37486363317625332
DFM-3_COMBINED,2024Q1,H1,standard,1,retail_trade,DOMESTIC_DEMAND,0.40522663705939271
DFM-3_COMBINED,2024Q1,H1,standard,1,cpi_headline,PRICES,0.0012102439915167001
DFM-3_COMBINED,2024Q1,H1,standard,1,ppi,PRICES,0.049805177700598002
DFM-3_COMBINED,2024Q1,H1,standard,1,exports_total,EXTERNAL,0.1383900251675014
DFM-3_COMBINED,2024Q1,H1,standard,1,imports_total,EXTERNAL,0.060193012967041097
DFM-3_COMBINED,2024Q1,H1,standard,1,usd_uzs,FINANCIAL,-0.066363246829735795
DFM-3_COMBINED,2024Q1,H1,standard,1,rub_uzs,FINANCIAL,0.0410627500810406
DFM-3_COMBINED,2024Q1,H1,standard,1,gold_price,EXTERNAL,-0.096888661236922594
DFM-3_COMBINED,2024Q1,H1,standard,1,m2,FINANCIAL,0.014785111980409899
DFM-3_COMBINED,2024Q1,H1,standard,1,fx_reserves_ex_gold,FINANCIAL,-0.19670684563156629
DFM-3_COMBINED,2024Q1,H1,standard,1,pos_turnover,PAYMENTS,0.13054425644196649
DFM-3_COMBINED,2024Q1,H1,conservative,1,industrial_production,PRODUCTION,0.5040348291083645
DFM-3_COMBINED,2024Q1,H1,conservative,1,construction,DOMESTIC_DEMAND,0.3762992744474184
DFM-3_COMBINED,2024Q1,H1,conservative,1,retail_trade,DOMESTIC_DEMAND,0.40476653289855052
DFM-3_COMBINED,2024Q1,H1,conservative,1,cpi_headline,PRICES,0.00022645056675210001
DFM-3_COMBINED,2024Q1,H1,conservative,1,ppi,PRICES,0.050056773354821699
DFM-3_COMBINED,2024Q1,H1,conservative,1,exports_total,EXTERNAL,0.14984172989318331
DFM-3_COMBINED,2024Q1,H1,conservative,1,imports_total,EXTERNAL,0.057562157199077799
DFM-3_COMBINED,2024Q1,H1,conservative,1,usd_uzs,FINANCIAL,-0.066479762578238302
DFM-3_COMBINED,2024Q1,H1,conservative,1,rub_uzs,FINANCIAL,0.0411946679772697
DFM-3_COMBINED,2024Q1,H1,conservative,1,gold_price,EXTERNAL,-0.097465035407072895
DFM-3_COMBINED,2024Q1,H1,conservative,1,m2,FINANCIAL,0.019425264919033899
DFM-3_COMBINED,2024Q1,H1,conservative,1,fx_reserves_ex_gold,FINANCIAL,-0.19659206278293501
DFM-3_COMBINED,2024Q1,H1,conservative,1,pos_turnover,PAYMENTS,0.1300393586466233
DFM-3_COMBINED,2024Q1,H2,standard,1,industrial_production,PRODUCTION,0.50258725134676208
DFM-3_COMBINED,2024Q1,H2,standard,1,construction,DOMESTIC_DEMAND,0.37711837162742251
DFM-3_COMBINED,2024Q1,H2,standard,1,retail_trade,DOMESTIC_DEMAND,0.40463689263507091
DFM-3_COMBINED,2024Q1,H2,standard,1,cpi_headline,PRICES,0.0002311300798844
DFM-3_COMBINED,2024Q1,H2,standard,1,ppi,PRICES,0.049928596207703999
DFM-3_COMBINED,2024Q1,H2,standard,1,exports_total,EXTERNAL,0.1413886863347813
DFM-3_COMBINED,2024Q1,H2,standard,1,imports_total,EXTERNAL,0.059297052588045802
DFM-3_COMBINED,2024Q1,H2,standard,1,usd_uzs,FINANCIAL,-0.066272890587826899
DFM-3_COMBINED,2024Q1,H2,standard,1,rub_uzs,FINANCIAL,0.041079854809004002
DFM-3_COMBINED,2024Q1,H2,standard,1,gold_price,EXTERNAL,-0.097189149204064504
DFM-3_COMBINED,2024Q1,H2,standard,1,m2,FINANCIAL,0.0154440213012739
DFM-3_COMBINED,2024Q1,H2,standard,1,fx_reserves_ex_gold,FINANCIAL,-0.19603334255559471
DFM-3_COMBINED,2024Q1,H2,standard,1,pos_turnover,PAYMENTS,0.1303856033288387
DFM-3_COMBINED,2024Q1,H2,conservative,1,industrial_production,PRODUCTION,0.50258725134676208
DFM-3_COMBINED,2024Q1,H2,conservative,1,construction,DOMESTIC_DEMAND,0.37711837162742251
DFM-3_COMBINED,2024Q1,H2,conservative,1,retail_trade,DOMESTIC_DEMAND,0.40463689263507091
DFM-3_COMBINED,2024Q1,H2,conservative,1,cpi_headline,PRICES,0.0002311300798844
DFM-3_COMBINED,2024Q1,H2,conservative,1,ppi,PRICES,0.049928596207703999
DFM-3_COMBINED,2024Q1,H2,conservative,1,exports_total,EXTERNAL,0.1413886863347813
DFM-3_COMBINED,2024Q1,H2,conservative,1,imports_total,EXTERNAL,0.059297052588045802
DFM-3_COMBINED,2024Q1,H2,conservative,1,usd_uzs,FINANCIAL,-0.066272890587826899
DFM-3_COMBINED,2024Q1,H2,conservative,1,rub_uzs,FINANCIAL,0.041079854809004002
DFM-3_COMBINED,2024Q1,H2,conservative,1,gold_price,EXTERNAL,-0.097189149204064504
DFM-3_COMBINED,2024Q1,H2,conservative,1,m2,FINANCIAL,0.0154440213012739
DFM-3_COMBINED,2024Q1,H2,conservative,1,fx_reserves_ex_gold,FINANCIAL,-0.19603334255559471
DFM-3_COMBINED,2024Q1,H2,conservative,1,pos_turnover,PAYMENTS,0.1303856033288387
DFM-3_COMBINED,2024Q1,H3,standard,1,industrial_production,PRODUCTION,0.50258725134676208
DFM-3_COMBINED,2024Q1,H3,standard,1,construction,DOMESTIC_DEMAND,0.37711837162742251
DFM-3_COMBINED,2024Q1,H3,standard,1,retail_trade,DOMESTIC_DEMAND,0.40463689263507091
DFM-3_COMBINED,2024Q1,H3,standard,1,cpi_headline,PRICES,0.0002311300798844
DFM-3_COMBINED,2024Q1,H3,standard,1,ppi,PRICES,0.049928596207703999
DFM-3_COMBINED,2024Q1,H3,standard,1,exports_total,EXTERNAL,0.1413886863347813
DFM-3_COMBINED,2024Q1,H3,standard,1,imports_total,EXTERNAL,0.059297052588045802
DFM-3_COMBINED,2024Q1,H3,standard,1,usd_uzs,FINANCIAL,-0.066272890587826899
DFM-3_COMBINED,2024Q1,H3,standard,1,rub_uzs,FINANCIAL,0.041079854809004002
DFM-3_COMBINED,2024Q1,H3,standard,1,gold_price,EXTERNAL,-0.097189149204064504
DFM-3_COMBINED,2024Q1,H3,standard,1,m2,FINANCIAL,0.0154440213012739
DFM-3_COMBINED,2024Q1,H3,standard,1,fx_reserves_ex_gold,FINANCIAL,-0.19603334255559471
DFM-3_COMBINED,2024Q1,H3,standard,1,pos_turnover,PAYMENTS,0.1303856033288387
DFM-3_COMBINED,2024Q1,H3,conservative,1,industrial_production,PRODUCTION,0.50258725134676208
DFM-3_COMBINED,2024Q1,H3,conservative,1,construction,DOMESTIC_DEMAND,0.37711837162742251
DFM-3_COMBINED,2024Q1,H3,conservative,1,retail_trade,DOMESTIC_DEMAND,0.40463689263507091
DFM-3_COMBINED,2024Q1,H3,conservative,1,cpi_headline,PRICES,0.0002311300798844
DFM-3_COMBINED,2024Q1,H3,conservative,1,ppi,PRICES,0.049928596207703999
DFM-3_COMBINED,2024Q1,H3,conservative,1,exports_total,EXTERNAL,0.1413886863347813
DFM-3_COMBINED,2024Q1,H3,conservative,1,imports_total,EXTERNAL,0.059297052588045802
DFM-3_COMBINED,2024Q1,H3,conservative,1,usd_uzs,FINANCIAL,-0.066272890587826899
DFM-3_COMBINED,2024Q1,H3,conservative,1,rub_uzs,FINANCIAL,0.041079854809004002
DFM-3_COMBINED,2024Q1,H3,conservative,1,gold_price,EXTERNAL,-0.097189149204064504
DFM-3_COMBINED,2024Q1,H3,conservative,1,m2,FINANCIAL,0.0154440213012739
DFM-3_COMBINED,2024Q1,H3,conservative,1,fx_reserves_ex_gold,FINANCIAL,-0.19603334255559471
DFM-3_COMBINED,2024Q1,H3,conservative,1,pos_turnover,PAYMENTS,0.1303856033288387
DFM-3_COMBINED,2024Q2,H1,standard,1,industrial_production,PRODUCTION,0.51203519204964465
DFM-3_COMBINED,2024Q2,H1,standard,1,construction,DOMESTIC_DEMAND,0.39212107613838232
DFM-3_COMBINED,2024Q2,H1,standard,1,retail_trade,DOMESTIC_DEMAND,0.38803322803326329
DFM-3_COMBINED,2024Q2,H1,standard,1,cpi_headline,PRICES,-0.042275983773152899
DFM-3_COMBINED,2024Q2,H1,standard,1,ppi,PRICES,0.046154331889767197
DFM-3_COMBINED,2024Q2,H1,standard,1,exports_total,EXTERNAL,0.058858090790984703
DFM-3_COMBINED,2024Q2,H1,standard,1,imports_total,EXTERNAL,-0.0116287780304108
DFM-3_COMBINED,2024Q2,H1,standard,1,usd_uzs,FINANCIAL,-0.063180573738864598
DFM-3_COMBINED,2024Q2,H1,standard,1,rub_uzs,FINANCIAL,0.036772047971237003
DFM-3_COMBINED,2024Q2,H1,standard,1,gold_price,EXTERNAL,-0.079692527331099494
DFM-3_COMBINED,2024Q2,H1,standard,1,m2,FINANCIAL,-0.020952396376241599
DFM-3_COMBINED,2024Q2,H1,standard,1,fx_reserves_ex_gold,FINANCIAL,-0.24274572826575819
DFM-3_COMBINED,2024Q2,H1,standard,1,pos_turnover,PAYMENTS,0.1274002119633689
DFM-3_COMBINED,2024Q2,H1,conservative,1,industrial_production,PRODUCTION,0.51701461616891287
DFM-3_COMBINED,2024Q2,H1,conservative,1,construction,DOMESTIC_DEMAND,0.40042547111331678
DFM-3_COMBINED,2024Q2,H1,conservative,1,retail_trade,DOMESTIC_DEMAND,0.39250920464992922
DFM-3_COMBINED,2024Q2,H1,conservative,1,cpi_headline,PRICES,-0.042708986151243598
DFM-3_COMBINED,2024Q2,H1,conservative,1,ppi,PRICES,0.0430694533493707
DFM-3_COMBINED,2024Q2,H1,conservative,1,exports_total,EXTERNAL,0.064207648830370501
DFM-3_COMBINED,2024Q2,H1,conservative,1,imports_total,EXTERNAL,0.0015078486235843001
DFM-3_COMBINED,2024Q2,H1,conservative,1,usd_uzs,FINANCIAL,-0.061415659778581801
DFM-3_COMBINED,2024Q2,H1,conservative,1,rub_uzs,FINANCIAL,0.035986244330522901
DFM-3_COMBINED,2024Q2,H1,conservative,1,gold_price,EXTERNAL,-0.064778661464402004
DFM-3_COMBINED,2024Q2,H1,conservative,1,m2,FINANCIAL,-0.019743758041153001
DFM-3_COMBINED,2024Q2,H1,conservative,1,fx_reserves_ex_gold,FINANCIAL,-0.24030727099487131
DFM-3_COMBINED,2024Q2,H1,conservative,1,pos_turnover,PAYMENTS,0.13159994505599121
DFM-3_COMBINED,2024Q2,H2,standard,1,industrial_production,PRODUCTION,0.50664144463953531
DFM-3_COMBINED,2024Q2,H2,standard,1,construction,DOMESTIC_DEMAND,0.39533697491870018
DFM-3_COMBINED,2024Q2,H2,standard,1,retail_trade,DOMESTIC_DEMAND,0.38615525897631969
DFM-3_COMBINED,2024Q2,H2,standard,1,cpi_headline,PRICES,-0.040546291868586402
DFM-3_COMBINED,2024Q2,H2,standard,1,ppi,PRICES,0.047436132925083703
DFM-3_COMBINED,2024Q2,H2,standard,1,exports_total,EXTERNAL,0.062420877414937001
DFM-3_COMBINED,2024Q2,H2,standard,1,imports_total,EXTERNAL,-0.00062621662276959996
DFM-3_COMBINED,2024Q2,H2,standard,1,usd_uzs,FINANCIAL,-0.062958854603908196
DFM-3_COMBINED,2024Q2,H2,standard,1,rub_uzs,FINANCIAL,0.036501132006550099
DFM-3_COMBINED,2024Q2,H2,standard,1,gold_price,EXTERNAL,-0.089102736334690902
DFM-3_COMBINED,2024Q2,H2,standard,1,m2,FINANCIAL,-0.019444624770770198
DFM-3_COMBINED,2024Q2,H2,standard,1,fx_reserves_ex_gold,FINANCIAL,-0.2390003571961519
DFM-3_COMBINED,2024Q2,H2,standard,1,pos_turnover,PAYMENTS,0.12863269378466241
DFM-3_COMBINED,2024Q2,H2,conservative,1,industrial_production,PRODUCTION,0.50664144463953531
DFM-3_COMBINED,2024Q2,H2,conservative,1,construction,DOMESTIC_DEMAND,0.39533697491870018
DFM-3_COMBINED,2024Q2,H2,conservative,1,retail_trade,DOMESTIC_DEMAND,0.38615525897631969
DFM-3_COMBINED,2024Q2,H2,conservative,1,cpi_headline,PRICES,-0.040546291868586402
DFM-3_COMBINED,2024Q2,H2,conservative,1,ppi,PRICES,0.047436132925083703
DFM-3_COMBINED,2024Q2,H2,conservative,1,exports_total,EXTERNAL,0.062420877414937001
DFM-3_COMBINED,2024Q2,H2,conservative,1,imports_total,EXTERNAL,-0.00062621662276959996
DFM-3_COMBINED,2024Q2,H2,conservative,1,usd_uzs,FINANCIAL,-0.062958854603908196
DFM-3_COMBINED,2024Q2,H2,conservative,1,rub_uzs,FINANCIAL,0.036501132006550099
DFM-3_COMBINED,2024Q2,H2,conservative,1,gold_price,EXTERNAL,-0.089102736334690902
DFM-3_COMBINED,2024Q2,H2,conservative,1,m2,FINANCIAL,-0.019444624770770198
DFM-3_COMBINED,2024Q2,H2,conservative,1,fx_reserves_ex_gold,FINANCIAL,-0.2390003571961519
DFM-3_COMBINED,2024Q2,H2,conservative,1,pos_turnover,PAYMENTS,0.12863269378466241
DFM-3_COMBINED,2024Q2,H3,standard,1,industrial_production,PRODUCTION,0.50664144463953531
DFM-3_COMBINED,2024Q2,H3,standard,1,construction,DOMESTIC_DEMAND,0.39533697491870018
DFM-3_COMBINED,2024Q2,H3,standard,1,retail_trade,DOMESTIC_DEMAND,0.38615525897631969
DFM-3_COMBINED,2024Q2,H3,standard,1,cpi_headline,PRICES,-0.040546291868586402
DFM-3_COMBINED,2024Q2,H3,standard,1,ppi,PRICES,0.047436132925083703
DFM-3_COMBINED,2024Q2,H3,standard,1,exports_total,EXTERNAL,0.062420877414937001
DFM-3_COMBINED,2024Q2,H3,standard,1,imports_total,EXTERNAL,-0.00062621662276959996
DFM-3_COMBINED,2024Q2,H3,standard,1,usd_uzs,FINANCIAL,-0.062958854603908196
DFM-3_COMBINED,2024Q2,H3,standard,1,rub_uzs,FINANCIAL,0.036501132006550099
DFM-3_COMBINED,2024Q2,H3,standard,1,gold_price,EXTERNAL,-0.089102736334690902
DFM-3_COMBINED,2024Q2,H3,standard,1,m2,FINANCIAL,-0.019444624770770198
DFM-3_COMBINED,2024Q2,H3,standard,1,fx_reserves_ex_gold,FINANCIAL,-0.2390003571961519
DFM-3_COMBINED,2024Q2,H3,standard,1,pos_turnover,PAYMENTS,0.12863269378466241
DFM-3_COMBINED,2024Q2,H3,conservative,1,industrial_production,PRODUCTION,0.50664144463953531
DFM-3_COMBINED,2024Q2,H3,conservative,1,construction,DOMESTIC_DEMAND,0.39533697491870018
DFM-3_COMBINED,2024Q2,H3,conservative,1,retail_trade,DOMESTIC_DEMAND,0.38615525897631969
DFM-3_COMBINED,2024Q2,H3,conservative,1,cpi_headline,PRICES,-0.040546291868586402
DFM-3_COMBINED,2024Q2,H3,conservative,1,ppi,PRICES,0.047436132925083703
DFM-3_COMBINED,2024Q2,H3,conservative,1,exports_total,EXTERNAL,0.062420877414937001
DFM-3_COMBINED,2024Q2,H3,conservative,1,imports_total,EXTERNAL,-0.00062621662276959996
DFM-3_COMBINED,2024Q2,H3,conservative,1,usd_uzs,FINANCIAL,-0.062958854603908196
DFM-3_COMBINED,2024Q2,H3,conservative,1,rub_uzs,FINANCIAL,0.036501132006550099
DFM-3_COMBINED,2024Q2,H3,conservative,1,gold_price,EXTERNAL,-0.089102736334690902
DFM-3_COMBINED,2024Q2,H3,conservative,1,m2,FINANCIAL,-0.019444624770770198
DFM-3_COMBINED,2024Q2,H3,conservative,1,fx_reserves_ex_gold,FINANCIAL,-0.2390003571961519
DFM-3_COMBINED,2024Q2,H3,conservative,1,pos_turnover,PAYMENTS,0.12863269378466241
DFM-3_COMBINED,2024Q3,H1,standard,1,industrial_production,PRODUCTION,0.50323254095471748
DFM-3_COMBINED,2024Q3,H1,standard,1,construction,DOMESTIC_DEMAND,0.39948663865787759
DFM-3_COMBINED,2024Q3,H1,standard,1,retail_trade,DOMESTIC_DEMAND,0.38775910906174099
DFM-3_COMBINED,2024Q3,H1,standard,1,cpi_headline,PRICES,-0.015716663266283699
DFM-3_COMBINED,2024Q3,H1,standard,1,ppi,PRICES,0.055178699614825903
DFM-3_COMBINED,2024Q3,H1,standard,1,exports_total,EXTERNAL,0.049476610537388298
DFM-3_COMBINED,2024Q3,H1,standard,1,imports_total,EXTERNAL,-0.0055170581519322004
DFM-3_COMBINED,2024Q3,H1,standard,1,usd_uzs,FINANCIAL,-0.066452802333308594
DFM-3_COMBINED,2024Q3,H1,standard,1,rub_uzs,FINANCIAL,0.0391460462081041
DFM-3_COMBINED,2024Q3,H1,standard,1,gold_price,EXTERNAL,-0.067583571412533405
DFM-3_COMBINED,2024Q3,H1,standard,1,m2,FINANCIAL,-0.0121989538056392
DFM-3_COMBINED,2024Q3,H1,standard,1,fx_reserves_ex_gold,FINANCIAL,-0.24423251245583019
DFM-3_COMBINED,2024Q3,H1,standard,1,pos_turnover,PAYMENTS,0.13337570588024009
DFM-3_COMBINED,2024Q3,H1,conservative,1,industrial_production,PRODUCTION,0.50970028749557428
DFM-3_COMBINED,2024Q3,H1,conservative,1,construction,DOMESTIC_DEMAND,0.4043179366919461
DFM-3_COMBINED,2024Q3,H1,conservative,1,retail_trade,DOMESTIC_DEMAND,0.39070438129331198
DFM-3_COMBINED,2024Q3,H1,conservative,1,cpi_headline,PRICES,-0.017637215888199099
DFM-3_COMBINED,2024Q3,H1,conservative,1,ppi,PRICES,0.0553635977956888
DFM-3_COMBINED,2024Q3,H1,conservative,1,exports_total,EXTERNAL,0.051836870761707697
DFM-3_COMBINED,2024Q3,H1,conservative,1,imports_total,EXTERNAL,-0.014377518011702299
DFM-3_COMBINED,2024Q3,H1,conservative,1,usd_uzs,FINANCIAL,-0.067620491360361606
DFM-3_COMBINED,2024Q3,H1,conservative,1,rub_uzs,FINANCIAL,0.039622813461402201
DFM-3_COMBINED,2024Q3,H1,conservative,1,gold_price,EXTERNAL,-0.068498496474580298
DFM-3_COMBINED,2024Q3,H1,conservative,1,m2,FINANCIAL,-0.015925142049993801
DFM-3_COMBINED,2024Q3,H1,conservative,1,fx_reserves_ex_gold,FINANCIAL,-0.24584402780389769
DFM-3_COMBINED,2024Q3,H1,conservative,1,pos_turnover,PAYMENTS,0.13511268696603829
DFM-3_COMBINED,2024Q3,H2,standard,1,industrial_production,PRODUCTION,0.50393871514364375
DFM-3_COMBINED,2024Q3,H2,standard,1,construction,DOMESTIC_DEMAND,0.4015374439581742
DFM-3_COMBINED,2024Q3,H2,standard,1,retail_trade,DOMESTIC_DEMAND,0.38650267762847917
DFM-3_COMBINED,2024Q3,H2,standard,1,cpi_headline,PRICES,-0.017242156575586701
DFM-3_COMBINED,2024Q3,H2,standard,1,ppi,PRICES,0.054892058486725799
DFM-3_COMBINED,2024Q3,H2,standard,1,exports_total,EXTERNAL,0.049685027828419499
DFM-3_COMBINED,2024Q3,H2,standard,1,imports_total,EXTERNAL,-0.0043514352202186999
DFM-3_COMBINED,2024Q3,H2,standard,1,usd_uzs,FINANCIAL,-0.0668427382172532
DFM-3_COMBINED,2024Q3,H2,standard,1,rub_uzs,FINANCIAL,0.039184613210877801
DFM-3_COMBINED,2024Q3,H2,standard,1,gold_price,EXTERNAL,-0.067764917305863301
DFM-3_COMBINED,2024Q3,H2,standard,1,m2,FINANCIAL,-0.0126712555236168
DFM-3_COMBINED,2024Q3,H2,standard,1,fx_reserves_ex_gold,FINANCIAL,-0.2434643976721077
DFM-3_COMBINED,2024Q3,H2,standard,1,pos_turnover,PAYMENTS,0.13261148588566671
DFM-3_COMBINED,2024Q3,H2,conservative,1,industrial_production,PRODUCTION,0.50393871514364375
DFM-3_COMBINED,2024Q3,H2,conservative,1,construction,DOMESTIC_DEMAND,0.4015374439581742
DFM-3_COMBINED,2024Q3,H2,conservative,1,retail_trade,DOMESTIC_DEMAND,0.38650267762847917
DFM-3_COMBINED,2024Q3,H2,conservative,1,cpi_headline,PRICES,-0.017242156575586701
DFM-3_COMBINED,2024Q3,H2,conservative,1,ppi,PRICES,0.054892058486725799
DFM-3_COMBINED,2024Q3,H2,conservative,1,exports_total,EXTERNAL,0.049685027828419499
DFM-3_COMBINED,2024Q3,H2,conservative,1,imports_total,EXTERNAL,-0.0043514352202186999
DFM-3_COMBINED,2024Q3,H2,conservative,1,usd_uzs,FINANCIAL,-0.0668427382172532
DFM-3_COMBINED,2024Q3,H2,conservative,1,rub_uzs,FINANCIAL,0.039184613210877801
DFM-3_COMBINED,2024Q3,H2,conservative,1,gold_price,EXTERNAL,-0.067764917305863301
DFM-3_COMBINED,2024Q3,H2,conservative,1,m2,FINANCIAL,-0.0126712555236168
DFM-3_COMBINED,2024Q3,H2,conservative,1,fx_reserves_ex_gold,FINANCIAL,-0.2434643976721077
DFM-3_COMBINED,2024Q3,H2,conservative,1,pos_turnover,PAYMENTS,0.13261148588566671
DFM-3_COMBINED,2024Q3,H3,standard,1,industrial_production,PRODUCTION,0.50393871514364375
DFM-3_COMBINED,2024Q3,H3,standard,1,construction,DOMESTIC_DEMAND,0.4015374439581742
DFM-3_COMBINED,2024Q3,H3,standard,1,retail_trade,DOMESTIC_DEMAND,0.38650267762847917
DFM-3_COMBINED,2024Q3,H3,standard,1,cpi_headline,PRICES,-0.017242156575586701
DFM-3_COMBINED,2024Q3,H3,standard,1,ppi,PRICES,0.054892058486725799
DFM-3_COMBINED,2024Q3,H3,standard,1,exports_total,EXTERNAL,0.049685027828419499
DFM-3_COMBINED,2024Q3,H3,standard,1,imports_total,EXTERNAL,-0.0043514352202186999
DFM-3_COMBINED,2024Q3,H3,standard,1,usd_uzs,FINANCIAL,-0.0668427382172532
DFM-3_COMBINED,2024Q3,H3,standard,1,rub_uzs,FINANCIAL,0.039184613210877801
DFM-3_COMBINED,2024Q3,H3,standard,1,gold_price,EXTERNAL,-0.067764917305863301
DFM-3_COMBINED,2024Q3,H3,standard,1,m2,FINANCIAL,-0.0126712555236168
DFM-3_COMBINED,2024Q3,H3,standard,1,fx_reserves_ex_gold,FINANCIAL,-0.2434643976721077
DFM-3_COMBINED,2024Q3,H3,standard,1,pos_turnover,PAYMENTS,0.13261148588566671
DFM-3_COMBINED,2024Q3,H3,conservative,1,industrial_production,PRODUCTION,0.50393871514364375
DFM-3_COMBINED,2024Q3,H3,conservative,1,construction,DOMESTIC_DEMAND,0.4015374439581742
DFM-3_COMBINED,2024Q3,H3,conservative,1,retail_trade,DOMESTIC_DEMAND,0.38650267762847917
DFM-3_COMBINED,2024Q3,H3,conservative,1,cpi_headline,PRICES,-0.017242156575586701
DFM-3_COMBINED,2024Q3,H3,conservative,1,ppi,PRICES,0.054892058486725799
DFM-3_COMBINED,2024Q3,H3,conservative,1,exports_total,EXTERNAL,0.049685027828419499
DFM-3_COMBINED,2024Q3,H3,conservative,1,imports_total,EXTERNAL,-0.0043514352202186999
DFM-3_COMBINED,2024Q3,H3,conservative,1,usd_uzs,FINANCIAL,-0.0668427382172532
DFM-3_COMBINED,2024Q3,H3,conservative,1,rub_uzs,FINANCIAL,0.039184613210877801
DFM-3_COMBINED,2024Q3,H3,conservative,1,gold_price,EXTERNAL,-0.067764917305863301
DFM-3_COMBINED,2024Q3,H3,conservative,1,m2,FINANCIAL,-0.0126712555236168
DFM-3_COMBINED,2024Q3,H3,conservative,1,fx_reserves_ex_gold,FINANCIAL,-0.2434643976721077
DFM-3_COMBINED,2024Q3,H3,conservative,1,pos_turnover,PAYMENTS,0.13261148588566671
DFM-3_COMBINED,2024Q4,H1,standard,1,industrial_production,PRODUCTION,0.50199990120710525
DFM-3_COMBINED,2024Q4,H1,standard,1,construction,DOMESTIC_DEMAND,0.40428546001420018
DFM-3_COMBINED,2024Q4,H1,standard,1,retail_trade,DOMESTIC_DEMAND,0.39000544292246297
DFM-3_COMBINED,2024Q4,H1,standard,1,cpi_headline,PRICES,-0.0217248099716674
DFM-3_COMBINED,2024Q4,H1,standard,1,ppi,PRICES,0.049917145880215098
DFM-3_COMBINED,2024Q4,H1,standard,1,exports_total,EXTERNAL,0.046665167480461699
DFM-3_COMBINED,2024Q4,H1,standard,1,imports_total,EXTERNAL,-0.0083739660927285992
DFM-3_COMBINED,2024Q4,H1,standard,1,usd_uzs,FINANCIAL,-0.070181694631886504
DFM-3_COMBINED,2024Q4,H1,standard,1,rub_uzs,FINANCIAL,0.037313649558631298
DFM-3_COMBINED,2024Q4,H1,standard,1,gold_price,EXTERNAL,-0.059185056553388703
DFM-3_COMBINED,2024Q4,H1,standard,1,m2,FINANCIAL,-0.0055403037236041999
DFM-3_COMBINED,2024Q4,H1,standard,1,fx_reserves_ex_gold,FINANCIAL,-0.23627924487590751
DFM-3_COMBINED,2024Q4,H1,standard,1,pos_turnover,PAYMENTS,0.1266150298423665
DFM-3_COMBINED,2024Q4,H1,conservative,1,industrial_production,PRODUCTION,0.50247795726859312
DFM-3_COMBINED,2024Q4,H1,conservative,1,construction,DOMESTIC_DEMAND,0.40349038462777692
DFM-3_COMBINED,2024Q4,H1,conservative,1,retail_trade,DOMESTIC_DEMAND,0.38740722921275328
DFM-3_COMBINED,2024Q4,H1,conservative,1,cpi_headline,PRICES,-0.026063685795206199
DFM-3_COMBINED,2024Q4,H1,conservative,1,ppi,PRICES,0.050702062890672202
DFM-3_COMBINED,2024Q4,H1,conservative,1,exports_total,EXTERNAL,0.046222489779573502
DFM-3_COMBINED,2024Q4,H1,conservative,1,imports_total,EXTERNAL,-0.0082782595547720005
DFM-3_COMBINED,2024Q4,H1,conservative,1,usd_uzs,FINANCIAL,-0.070306916215169393
DFM-3_COMBINED,2024Q4,H1,conservative,1,rub_uzs,FINANCIAL,0.038408408190236998
DFM-3_COMBINED,2024Q4,H1,conservative,1,gold_price,EXTERNAL,-0.062806950452533206
DFM-3_COMBINED,2024Q4,H1,conservative,1,m2,FINANCIAL,-0.0083248333868619004
DFM-3_COMBINED,2024Q4,H1,conservative,1,fx_reserves_ex_gold,FINANCIAL,-0.2415364166107154
DFM-3_COMBINED,2024Q4,H1,conservative,1,pos_turnover,PAYMENTS,0.12636832681430399
DFM-3_COMBINED,2024Q4,H2,standard,1,industrial_production,PRODUCTION,0.50409727480821986
DFM-3_COMBINED,2024Q4,H2,standard,1,construction,DOMESTIC_DEMAND,0.40638914611566651
DFM-3_COMBINED,2024Q4,H2,standard,1,retail_trade,DOMESTIC_DEMAND,0.38956316821666631
DFM-3_COMBINED,2024Q4,H2,standard,1,cpi_headline,PRICES,-0.020600348315094701
DFM-3_COMBINED,2024Q4,H2,standard,1,ppi,PRICES,0.049522756611931298
DFM-3_COMBINED,2024Q4,H2,standard,1,exports_total,EXTERNAL,0.049277090925234801
DFM-3_COMBINED,2024Q4,H2,standard,1,imports_total,EXTERNAL,-0.0110957156038407
DFM-3_COMBINED,2024Q4,H2,standard,1,usd_uzs,FINANCIAL,-0.070071187039294797
DFM-3_COMBINED,2024Q4,H2,standard,1,rub_uzs,FINANCIAL,0.036835970109389098
DFM-3_COMBINED,2024Q4,H2,standard,1,gold_price,EXTERNAL,-0.058013867645442599
DFM-3_COMBINED,2024Q4,H2,standard,1,m2,FINANCIAL,-0.0049832101985384999
DFM-3_COMBINED,2024Q4,H2,standard,1,fx_reserves_ex_gold,FINANCIAL,-0.23385831238486851
DFM-3_COMBINED,2024Q4,H2,standard,1,pos_turnover,PAYMENTS,0.12596166850653889
DFM-3_COMBINED,2024Q4,H2,conservative,1,industrial_production,PRODUCTION,0.50409727480821986
DFM-3_COMBINED,2024Q4,H2,conservative,1,construction,DOMESTIC_DEMAND,0.40638914611566651
DFM-3_COMBINED,2024Q4,H2,conservative,1,retail_trade,DOMESTIC_DEMAND,0.38956316821666631
DFM-3_COMBINED,2024Q4,H2,conservative,1,cpi_headline,PRICES,-0.020600348315094701
DFM-3_COMBINED,2024Q4,H2,conservative,1,ppi,PRICES,0.049522756611931298
DFM-3_COMBINED,2024Q4,H2,conservative,1,exports_total,EXTERNAL,0.049277090925234801
DFM-3_COMBINED,2024Q4,H2,conservative,1,imports_total,EXTERNAL,-0.0110957156038407
DFM-3_COMBINED,2024Q4,H2,conservative,1,usd_uzs,FINANCIAL,-0.070071187039294797
DFM-3_COMBINED,2024Q4,H2,conservative,1,rub_uzs,FINANCIAL,0.036835970109389098
DFM-3_COMBINED,2024Q4,H2,conservative,1,gold_price,EXTERNAL,-0.058013867645442599
DFM-3_COMBINED,2024Q4,H2,conservative,1,m2,FINANCIAL,-0.0049832101985384999
DFM-3_COMBINED,2024Q4,H2,conservative,1,fx_reserves_ex_gold,FINANCIAL,-0.23385831238486851
DFM-3_COMBINED,2024Q4,H2,conservative,1,pos_turnover,PAYMENTS,0.12596166850653889
DFM-3_COMBINED,2024Q4,H3,standard,1,industrial_production,PRODUCTION,0.50409727480821986
DFM-3_COMBINED,2024Q4,H3,standard,1,construction,DOMESTIC_DEMAND,0.40638914611566651
DFM-3_COMBINED,2024Q4,H3,standard,1,retail_trade,DOMESTIC_DEMAND,0.38956316821666631
DFM-3_COMBINED,2024Q4,H3,standard,1,cpi_headline,PRICES,-0.020600348315094701
DFM-3_COMBINED,2024Q4,H3,standard,1,ppi,PRICES,0.049522756611931298
DFM-3_COMBINED,2024Q4,H3,standard,1,exports_total,EXTERNAL,0.049277090925234801
DFM-3_COMBINED,2024Q4,H3,standard,1,imports_total,EXTERNAL,-0.0110957156038407
DFM-3_COMBINED,2024Q4,H3,standard,1,usd_uzs,FINANCIAL,-0.070071187039294797
DFM-3_COMBINED,2024Q4,H3,standard,1,rub_uzs,FINANCIAL,0.036835970109389098
DFM-3_COMBINED,2024Q4,H3,standard,1,gold_price,EXTERNAL,-0.058013867645442599
DFM-3_COMBINED,2024Q4,H3,standard,1,m2,FINANCIAL,-0.0049832101985384999
DFM-3_COMBINED,2024Q4,H3,standard,1,fx_reserves_ex_gold,FINANCIAL,-0.23385831238486851
DFM-3_COMBINED,2024Q4,H3,standard,1,pos_turnover,PAYMENTS,0.12596166850653889
DFM-3_COMBINED,2024Q4,H3,conservative,1,industrial_production,PRODUCTION,0.50409727480821986
DFM-3_COMBINED,2024Q4,H3,conservative,1,construction,DOMESTIC_DEMAND,0.40638914611566651
DFM-3_COMBINED,2024Q4,H3,conservative,1,retail_trade,DOMESTIC_DEMAND,0.38956316821666631
DFM-3_COMBINED,2024Q4,H3,conservative,1,cpi_headline,PRICES,-0.020600348315094701
DFM-3_COMBINED,2024Q4,H3,conservative,1,ppi,PRICES,0.049522756611931298
DFM-3_COMBINED,2024Q4,H3,conservative,1,exports_total,EXTERNAL,0.049277090925234801
DFM-3_COMBINED,2024Q4,H3,conservative,1,imports_total,EXTERNAL,-0.0110957156038407
DFM-3_COMBINED,2024Q4,H3,conservative,1,usd_uzs,FINANCIAL,-0.070071187039294797
DFM-3_COMBINED,2024Q4,H3,conservative,1,rub_uzs,FINANCIAL,0.036835970109389098
DFM-3_COMBINED,2024Q4,H3,conservative,1,gold_price,EXTERNAL,-0.058013867645442599
DFM-3_COMBINED,2024Q4,H3,conservative,1,m2,FINANCIAL,-0.0049832101985384999
DFM-3_COMBINED,2024Q4,H3,conservative,1,fx_reserves_ex_gold,FINANCIAL,-0.23385831238486851
DFM-3_COMBINED,2024Q4,H3,conservative,1,pos_turnover,PAYMENTS,0.12596166850653889
DFM-3_COMBINED,2025Q1,H1,standard,1,industrial_production,PRODUCTION,0.50506172480195843
DFM-3_COMBINED,2025Q1,H1,standard,1,construction,DOMESTIC_DEMAND,0.4122602807548979
DFM-3_COMBINED,2025Q1,H1,standard,1,retail_trade,DOMESTIC_DEMAND,0.3955986508162796
DFM-3_COMBINED,2025Q1,H1,standard,1,cpi_headline,PRICES,-0.018931759812659699
DFM-3_COMBINED,2025Q1,H1,standard,1,ppi,PRICES,0.046686579572178102
DFM-3_COMBINED,2025Q1,H1,standard,1,exports_total,EXTERNAL,0.0458465842931658
DFM-3_COMBINED,2025Q1,H1,standard,1,imports_total,EXTERNAL,-0.0168416824358231
DFM-3_COMBINED,2025Q1,H1,standard,1,usd_uzs,FINANCIAL,-0.071928866324984395
DFM-3_COMBINED,2025Q1,H1,standard,1,rub_uzs,FINANCIAL,0.031096167749995501
DFM-3_COMBINED,2025Q1,H1,standard,1,gold_price,EXTERNAL,-0.057342238935143702
DFM-3_COMBINED,2025Q1,H1,standard,1,m2,FINANCIAL,0.0104443636790677
DFM-3_COMBINED,2025Q1,H1,standard,1,fx_reserves_ex_gold,FINANCIAL,-0.22871396047886849
DFM-3_COMBINED,2025Q1,H1,standard,1,pos_turnover,PAYMENTS,0.1208969226174629
DFM-3_COMBINED,2025Q1,H1,conservative,1,industrial_production,PRODUCTION,0.50676957343019835
DFM-3_COMBINED,2025Q1,H1,conservative,1,construction,DOMESTIC_DEMAND,0.41220608506068951
DFM-3_COMBINED,2025Q1,H1,conservative,1,retail_trade,DOMESTIC_DEMAND,0.39411980361727378
DFM-3_COMBINED,2025Q1,H1,conservative,1,cpi_headline,PRICES,-0.020188519884745602
DFM-3_COMBINED,2025Q1,H1,conservative,1,ppi,PRICES,0.047750569766982498
DFM-3_COMBINED,2025Q1,H1,conservative,1,exports_total,EXTERNAL,0.044017635503417203
DFM-3_COMBINED,2025Q1,H1,conservative,1,imports_total,EXTERNAL,-0.0151570827027232
DFM-3_COMBINED,2025Q1,H1,conservative,1,usd_uzs,FINANCIAL,-0.071892104229906204
DFM-3_COMBINED,2025Q1,H1,conservative,1,rub_uzs,FINANCIAL,0.031663762207193698
DFM-3_COMBINED,2025Q1,H1,conservative,1,gold_price,EXTERNAL,-0.056906620627594502
DFM-3_COMBINED,2025Q1,H1,conservative,1,m2,FINANCIAL,0.0051018673136693999
DFM-3_COMBINED,2025Q1,H1,conservative,1,fx_reserves_ex_gold,FINANCIAL,-0.22874009587843341
DFM-3_COMBINED,2025Q1,H1,conservative,1,pos_turnover,PAYMENTS,0.1247456357423668
DFM-3_COMBINED,2025Q1,H2,standard,1,industrial_production,PRODUCTION,0.50677628408246367
DFM-3_COMBINED,2025Q1,H2,standard,1,construction,DOMESTIC_DEMAND,0.41393832574567713
DFM-3_COMBINED,2025Q1,H2,standard,1,retail_trade,DOMESTIC_DEMAND,0.3950690380166233
DFM-3_COMBINED,2025Q1,H2,standard,1,cpi_headline,PRICES,-0.0195462731038052
DFM-3_COMBINED,2025Q1,H2,standard,1,ppi,PRICES,0.047014385738503903
DFM-3_COMBINED,2025Q1,H2,standard,1,exports_total,EXTERNAL,0.045623745409228797
DFM-3_COMBINED,2025Q1,H2,standard,1,imports_total,EXTERNAL,-0.016341147333057301
DFM-3_COMBINED,2025Q1,H2,standard,1,usd_uzs,FINANCIAL,-0.071919867989811495
DFM-3_COMBINED,2025Q1,H2,standard,1,rub_uzs,FINANCIAL,0.031256302977609902
DFM-3_COMBINED,2025Q1,H2,standard,1,gold_price,EXTERNAL,-0.057203373384611997
DFM-3_COMBINED,2025Q1,H2,standard,1,m2,FINANCIAL,0.0092262809171524997
DFM-3_COMBINED,2025Q1,H2,standard,1,fx_reserves_ex_gold,FINANCIAL,-0.22852652580742111
DFM-3_COMBINED,2025Q1,H2,standard,1,pos_turnover,PAYMENTS,0.1211151179251817
DFM-3_COMBINED,2025Q1,H2,conservative,1,industrial_production,PRODUCTION,0.50677628408246367
DFM-3_COMBINED,2025Q1,H2,conservative,1,construction,DOMESTIC_DEMAND,0.41393832574567713
DFM-3_COMBINED,2025Q1,H2,conservative,1,retail_trade,DOMESTIC_DEMAND,0.3950690380166233
DFM-3_COMBINED,2025Q1,H2,conservative,1,cpi_headline,PRICES,-0.0195462731038052
DFM-3_COMBINED,2025Q1,H2,conservative,1,ppi,PRICES,0.047014385738503903
DFM-3_COMBINED,2025Q1,H2,conservative,1,exports_total,EXTERNAL,0.045623745409228797
DFM-3_COMBINED,2025Q1,H2,conservative,1,imports_total,EXTERNAL,-0.016341147333057301
DFM-3_COMBINED,2025Q1,H2,conservative,1,usd_uzs,FINANCIAL,-0.071919867989811495
DFM-3_COMBINED,2025Q1,H2,conservative,1,rub_uzs,FINANCIAL,0.031256302977609902
DFM-3_COMBINED,2025Q1,H2,conservative,1,gold_price,EXTERNAL,-0.057203373384611997
DFM-3_COMBINED,2025Q1,H2,conservative,1,m2,FINANCIAL,0.0092262809171524997
DFM-3_COMBINED,2025Q1,H2,conservative,1,fx_reserves_ex_gold,FINANCIAL,-0.22852652580742111
DFM-3_COMBINED,2025Q1,H2,conservative,1,pos_turnover,PAYMENTS,0.1211151179251817
DFM-3_COMBINED,2025Q1,H3,standard,1,industrial_production,PRODUCTION,0.50677628408246367
DFM-3_COMBINED,2025Q1,H3,standard,1,construction,DOMESTIC_DEMAND,0.41393832574567713
DFM-3_COMBINED,2025Q1,H3,standard,1,retail_trade,DOMESTIC_DEMAND,0.3950690380166233
DFM-3_COMBINED,2025Q1,H3,standard,1,cpi_headline,PRICES,-0.0195462731038052
DFM-3_COMBINED,2025Q1,H3,standard,1,ppi,PRICES,0.047014385738503903
DFM-3_COMBINED,2025Q1,H3,standard,1,exports_total,EXTERNAL,0.045623745409228797
DFM-3_COMBINED,2025Q1,H3,standard,1,imports_total,EXTERNAL,-0.016341147333057301
DFM-3_COMBINED,2025Q1,H3,standard,1,usd_uzs,FINANCIAL,-0.071919867989811495
DFM-3_COMBINED,2025Q1,H3,standard,1,rub_uzs,FINANCIAL,0.031256302977609902
DFM-3_COMBINED,2025Q1,H3,standard,1,gold_price,EXTERNAL,-0.057203373384611997
DFM-3_COMBINED,2025Q1,H3,standard,1,m2,FINANCIAL,0.0092262809171524997
DFM-3_COMBINED,2025Q1,H3,standard,1,fx_reserves_ex_gold,FINANCIAL,-0.22852652580742111
DFM-3_COMBINED,2025Q1,H3,standard,1,pos_turnover,PAYMENTS,0.1211151179251817
DFM-3_COMBINED,2025Q1,H3,conservative,1,industrial_production,PRODUCTION,0.50677628408246367
DFM-3_COMBINED,2025Q1,H3,conservative,1,construction,DOMESTIC_DEMAND,0.41393832574567713
DFM-3_COMBINED,2025Q1,H3,conservative,1,retail_trade,DOMESTIC_DEMAND,0.3950690380166233
DFM-3_COMBINED,2025Q1,H3,conservative,1,cpi_headline,PRICES,-0.0195462731038052
DFM-3_COMBINED,2025Q1,H3,conservative,1,ppi,PRICES,0.047014385738503903
DFM-3_COMBINED,2025Q1,H3,conservative,1,exports_total,EXTERNAL,0.045623745409228797
DFM-3_COMBINED,2025Q1,H3,conservative,1,imports_total,EXTERNAL,-0.016341147333057301
DFM-3_COMBINED,2025Q1,H3,conservative,1,usd_uzs,FINANCIAL,-0.071919867989811495
DFM-3_COMBINED,2025Q1,H3,conservative,1,rub_uzs,FINANCIAL,0.031256302977609902
DFM-3_COMBINED,2025Q1,H3,conservative,1,gold_price,EXTERNAL,-0.057203373384611997
DFM-3_COMBINED,2025Q1,H3,conservative,1,m2,FINANCIAL,0.0092262809171524997
DFM-3_COMBINED,2025Q1,H3,conservative,1,fx_reserves_ex_gold,FINANCIAL,-0.22852652580742111
DFM-3_COMBINED,2025Q1,H3,conservative,1,pos_turnover,PAYMENTS,0.1211151179251817
DFM-3_COMBINED,2025Q2,H1,standard,1,industrial_production,PRODUCTION,0.51251829824431028
DFM-3_COMBINED,2025Q2,H1,standard,1,construction,DOMESTIC_DEMAND,0.4101947124953837
DFM-3_COMBINED,2025Q2,H1,standard,1,retail_trade,DOMESTIC_DEMAND,0.41201934317161831
DFM-3_COMBINED,2025Q2,H1,standard,1,cpi_headline,PRICES,-0.015894498812791501
DFM-3_COMBINED,2025Q2,H1,standard,1,ppi,PRICES,0.047261676703764501
DFM-3_COMBINED,2025Q2,H1,standard,1,exports_total,EXTERNAL,0.0457503918460377
DFM-3_COMBINED,2025Q2,H1,standard,1,imports_total,EXTERNAL,-0.013035092544056499
DFM-3_COMBINED,2025Q2,H1,standard,1,usd_uzs,FINANCIAL,-0.075875574324932707
DFM-3_COMBINED,2025Q2,H1,standard,1,rub_uzs,FINANCIAL,0.0382407391626104
DFM-3_COMBINED,2025Q2,H1,standard,1,gold_price,EXTERNAL,-0.050527427516393698
DFM-3_COMBINED,2025Q2,H1,standard,1,m2,FINANCIAL,0.026899360764392199
DFM-3_COMBINED,2025Q2,H1,standard,1,fx_reserves_ex_gold,FINANCIAL,-0.21465319096417951
DFM-3_COMBINED,2025Q2,H1,standard,1,pos_turnover,PAYMENTS,0.12788125637060679
DFM-3_COMBINED,2025Q2,H1,conservative,1,industrial_production,PRODUCTION,0.51359368917491588
DFM-3_COMBINED,2025Q2,H1,conservative,1,construction,DOMESTIC_DEMAND,0.40700218506744901
DFM-3_COMBINED,2025Q2,H1,conservative,1,retail_trade,DOMESTIC_DEMAND,0.40725215506183071
DFM-3_COMBINED,2025Q2,H1,conservative,1,cpi_headline,PRICES,-0.017498675295546402
DFM-3_COMBINED,2025Q2,H1,conservative,1,ppi,PRICES,0.047245843824108499
DFM-3_COMBINED,2025Q2,H1,conservative,1,exports_total,EXTERNAL,0.045940976782774701
DFM-3_COMBINED,2025Q2,H1,conservative,1,imports_total,EXTERNAL,-0.0119039743497745
DFM-3_COMBINED,2025Q2,H1,conservative,1,usd_uzs,FINANCIAL,-0.072597784750694394
DFM-3_COMBINED,2025Q2,H1,conservative,1,rub_uzs,FINANCIAL,0.033256431179912699
DFM-3_COMBINED,2025Q2,H1,conservative,1,gold_price,EXTERNAL,-0.053566328054422803
DFM-3_COMBINED,2025Q2,H1,conservative,1,m2,FINANCIAL,0.019143032839903099
DFM-3_COMBINED,2025Q2,H1,conservative,1,fx_reserves_ex_gold,FINANCIAL,-0.22150639616827381
DFM-3_COMBINED,2025Q2,H1,conservative,1,pos_turnover,PAYMENTS,0.1259377776704719
DFM-3_COMBINED,2025Q2,H2,standard,1,industrial_production,PRODUCTION,0.51481026346761805
DFM-3_COMBINED,2025Q2,H2,standard,1,construction,DOMESTIC_DEMAND,0.41028437257184153
DFM-3_COMBINED,2025Q2,H2,standard,1,retail_trade,DOMESTIC_DEMAND,0.41058023095180968
DFM-3_COMBINED,2025Q2,H2,standard,1,cpi_headline,PRICES,-0.0165256549556736
DFM-3_COMBINED,2025Q2,H2,standard,1,ppi,PRICES,0.047257529404347402
DFM-3_COMBINED,2025Q2,H2,standard,1,exports_total,EXTERNAL,0.046310705669836
DFM-3_COMBINED,2025Q2,H2,standard,1,imports_total,EXTERNAL,-0.0130258926197887
DFM-3_COMBINED,2025Q2,H2,standard,1,usd_uzs,FINANCIAL,-0.075851177627613897
DFM-3_COMBINED,2025Q2,H2,standard,1,rub_uzs,FINANCIAL,0.0379149863045894
DFM-3_COMBINED,2025Q2,H2,standard,1,gold_price,EXTERNAL,-0.050787037452621003
DFM-3_COMBINED,2025Q2,H2,standard,1,m2,FINANCIAL,0.024716727884072899
DFM-3_COMBINED,2025Q2,H2,standard,1,fx_reserves_ex_gold,FINANCIAL,-0.2142815522895383
DFM-3_COMBINED,2025Q2,H2,standard,1,pos_turnover,PAYMENTS,0.12651904734317951
DFM-3_COMBINED,2025Q2,H2,conservative,1,industrial_production,PRODUCTION,0.51481026346761805
DFM-3_COMBINED,2025Q2,H2,conservative,1,construction,DOMESTIC_DEMAND,0.41028437257184153
DFM-3_COMBINED,2025Q2,H2,conservative,1,retail_trade,DOMESTIC_DEMAND,0.41058023095180968
DFM-3_COMBINED,2025Q2,H2,conservative,1,cpi_headline,PRICES,-0.0165256549556736
DFM-3_COMBINED,2025Q2,H2,conservative,1,ppi,PRICES,0.047257529404347402
DFM-3_COMBINED,2025Q2,H2,conservative,1,exports_total,EXTERNAL,0.046310705669836
DFM-3_COMBINED,2025Q2,H2,conservative,1,imports_total,EXTERNAL,-0.0130258926197887
DFM-3_COMBINED,2025Q2,H2,conservative,1,usd_uzs,FINANCIAL,-0.075851177627613897
DFM-3_COMBINED,2025Q2,H2,conservative,1,rub_uzs,FINANCIAL,0.0379149863045894
DFM-3_COMBINED,2025Q2,H2,conservative,1,gold_price,EXTERNAL,-0.050787037452621003
DFM-3_COMBINED,2025Q2,H2,conservative,1,m2,FINANCIAL,0.024716727884072899
DFM-3_COMBINED,2025Q2,H2,conservative,1,fx_reserves_ex_gold,FINANCIAL,-0.2142815522895383
DFM-3_COMBINED,2025Q2,H2,conservative,1,pos_turnover,PAYMENTS,0.12651904734317951
DFM-3_COMBINED,2025Q2,H3,standard,1,industrial_production,PRODUCTION,0.51481026346761805
DFM-3_COMBINED,2025Q2,H3,standard,1,construction,DOMESTIC_DEMAND,0.41028437257184153
DFM-3_COMBINED,2025Q2,H3,standard,1,retail_trade,DOMESTIC_DEMAND,0.41058023095180968
DFM-3_COMBINED,2025Q2,H3,standard,1,cpi_headline,PRICES,-0.0165256549556736
DFM-3_COMBINED,2025Q2,H3,standard,1,ppi,PRICES,0.047257529404347402
DFM-3_COMBINED,2025Q2,H3,standard,1,exports_total,EXTERNAL,0.046310705669836
DFM-3_COMBINED,2025Q2,H3,standard,1,imports_total,EXTERNAL,-0.0130258926197887
DFM-3_COMBINED,2025Q2,H3,standard,1,usd_uzs,FINANCIAL,-0.075851177627613897
DFM-3_COMBINED,2025Q2,H3,standard,1,rub_uzs,FINANCIAL,0.0379149863045894
DFM-3_COMBINED,2025Q2,H3,standard,1,gold_price,EXTERNAL,-0.050787037452621003
DFM-3_COMBINED,2025Q2,H3,standard,1,m2,FINANCIAL,0.024716727884072899
DFM-3_COMBINED,2025Q2,H3,standard,1,fx_reserves_ex_gold,FINANCIAL,-0.2142815522895383
DFM-3_COMBINED,2025Q2,H3,standard,1,pos_turnover,PAYMENTS,0.12651904734317951
DFM-3_COMBINED,2025Q2,H3,conservative,1,industrial_production,PRODUCTION,0.51481026346761805
DFM-3_COMBINED,2025Q2,H3,conservative,1,construction,DOMESTIC_DEMAND,0.41028437257184153
DFM-3_COMBINED,2025Q2,H3,conservative,1,retail_trade,DOMESTIC_DEMAND,0.41058023095180968
DFM-3_COMBINED,2025Q2,H3,conservative,1,cpi_headline,PRICES,-0.0165256549556736
DFM-3_COMBINED,2025Q2,H3,conservative,1,ppi,PRICES,0.047257529404347402
DFM-3_COMBINED,2025Q2,H3,conservative,1,exports_total,EXTERNAL,0.046310705669836
DFM-3_COMBINED,2025Q2,H3,conservative,1,imports_total,EXTERNAL,-0.0130258926197887
DFM-3_COMBINED,2025Q2,H3,conservative,1,usd_uzs,FINANCIAL,-0.075851177627613897
DFM-3_COMBINED,2025Q2,H3,conservative,1,rub_uzs,FINANCIAL,0.0379149863045894
DFM-3_COMBINED,2025Q2,H3,conservative,1,gold_price,EXTERNAL,-0.050787037452621003
DFM-3_COMBINED,2025Q2,H3,conservative,1,m2,FINANCIAL,0.024716727884072899
DFM-3_COMBINED,2025Q2,H3,conservative,1,fx_reserves_ex_gold,FINANCIAL,-0.2142815522895383
DFM-3_COMBINED,2025Q2,H3,conservative,1,pos_turnover,PAYMENTS,0.12651904734317951
DFM-4_R1_P1,2023Q1,H1,standard,1,industrial_production,PRODUCTION,0.2104993187676818
DFM-4_R1_P1,2023Q1,H1,standard,1,ppi,PRICES,0.010729201310409
DFM-4_R1_P1,2023Q1,H1,standard,1,usd_uzs,FINANCIAL,-0.093849683439075807
DFM-4_R1_P1,2023Q1,H1,standard,1,rub_uzs,FINANCIAL,0.070411692418644006
DFM-4_R1_P1,2023Q1,H1,standard,1,gold_price,EXTERNAL,-0.1199974004840548
DFM-4_R1_P1,2023Q1,H1,standard,1,m2,FINANCIAL,0.55827800325181798
DFM-4_R1_P1,2023Q1,H1,standard,1,fx_reserves_ex_gold,FINANCIAL,-0.21293975311145219
DFM-4_R1_P1,2023Q1,H1,standard,1,pos_turnover,PAYMENTS,0.46238105731978407
DFM-4_R1_P1,2023Q1,H1,conservative,1,industrial_production,PRODUCTION,0.2004059898385617
DFM-4_R1_P1,2023Q1,H1,conservative,1,ppi,PRICES,0.0088910332379742007
DFM-4_R1_P1,2023Q1,H1,conservative,1,usd_uzs,FINANCIAL,-0.085557072980114099
DFM-4_R1_P1,2023Q1,H1,conservative,1,rub_uzs,FINANCIAL,0.063400529783372794
DFM-4_R1_P1,2023Q1,H1,conservative,1,gold_price,EXTERNAL,-0.1045649624510297
DFM-4_R1_P1,2023Q1,H1,conservative,1,m2,FINANCIAL,0.55913407258240755
DFM-4_R1_P1,2023Q1,H1,conservative,1,fx_reserves_ex_gold,FINANCIAL,-0.20713292958959631
DFM-4_R1_P1,2023Q1,H1,conservative,1,pos_turnover,PAYMENTS,0.45177843606270029
DFM-4_R1_P1,2023Q1,H2,standard,1,industrial_production,PRODUCTION,0.2064549423084065
DFM-4_R1_P1,2023Q1,H2,standard,1,ppi,PRICES,0.010665936483120499
DFM-4_R1_P1,2023Q1,H2,standard,1,usd_uzs,FINANCIAL,-0.093583817542475203
DFM-4_R1_P1,2023Q1,H2,standard,1,rub_uzs,FINANCIAL,0.071011313166319298
DFM-4_R1_P1,2023Q1,H2,standard,1,gold_price,EXTERNAL,-0.1199757456766402
DFM-4_R1_P1,2023Q1,H2,standard,1,m2,FINANCIAL,0.5591401601396605
DFM-4_R1_P1,2023Q1,H2,standard,1,fx_reserves_ex_gold,FINANCIAL,-0.2126244001652825
DFM-4_R1_P1,2023Q1,H2,standard,1,pos_turnover,PAYMENTS,0.4623316612807718
DFM-4_R1_P1,2023Q1,H2,conservative,1,industrial_production,PRODUCTION,0.2064549423084065
DFM-4_R1_P1,2023Q1,H2,conservative,1,ppi,PRICES,0.010665936483120499
DFM-4_R1_P1,2023Q1,H2,conservative,1,usd_uzs,FINANCIAL,-0.093583817542475203
DFM-4_R1_P1,2023Q1,H2,conservative,1,rub_uzs,FINANCIAL,0.071011313166319298
DFM-4_R1_P1,2023Q1,H2,conservative,1,gold_price,EXTERNAL,-0.1199757456766402
DFM-4_R1_P1,2023Q1,H2,conservative,1,m2,FINANCIAL,0.5591401601396605
DFM-4_R1_P1,2023Q1,H2,conservative,1,fx_reserves_ex_gold,FINANCIAL,-0.2126244001652825
DFM-4_R1_P1,2023Q1,H2,conservative,1,pos_turnover,PAYMENTS,0.4623316612807718
DFM-4_R1_P1,2023Q1,H3,standard,1,industrial_production,PRODUCTION,0.2064549423084065
DFM-4_R1_P1,2023Q1,H3,standard,1,ppi,PRICES,0.010665936483120499
DFM-4_R1_P1,2023Q1,H3,standard,1,usd_uzs,FINANCIAL,-0.093583817542475203
DFM-4_R1_P1,2023Q1,H3,standard,1,rub_uzs,FINANCIAL,0.071011313166319298
DFM-4_R1_P1,2023Q1,H3,standard,1,gold_price,EXTERNAL,-0.1199757456766402
DFM-4_R1_P1,2023Q1,H3,standard,1,m2,FINANCIAL,0.5591401601396605
DFM-4_R1_P1,2023Q1,H3,standard,1,fx_reserves_ex_gold,FINANCIAL,-0.2126244001652825
DFM-4_R1_P1,2023Q1,H3,standard,1,pos_turnover,PAYMENTS,0.4623316612807718
DFM-4_R1_P1,2023Q1,H3,conservative,1,industrial_production,PRODUCTION,0.2064549423084065
DFM-4_R1_P1,2023Q1,H3,conservative,1,ppi,PRICES,0.010665936483120499
DFM-4_R1_P1,2023Q1,H3,conservative,1,usd_uzs,FINANCIAL,-0.093583817542475203
DFM-4_R1_P1,2023Q1,H3,conservative,1,rub_uzs,FINANCIAL,0.071011313166319298
DFM-4_R1_P1,2023Q1,H3,conservative,1,gold_price,EXTERNAL,-0.1199757456766402
DFM-4_R1_P1,2023Q1,H3,conservative,1,m2,FINANCIAL,0.5591401601396605
DFM-4_R1_P1,2023Q1,H3,conservative,1,fx_reserves_ex_gold,FINANCIAL,-0.2126244001652825
DFM-4_R1_P1,2023Q1,H3,conservative,1,pos_turnover,PAYMENTS,0.4623316612807718
DFM-4_R1_P1,2023Q2,H1,standard,1,industrial_production,PRODUCTION,0.070401305069762193
DFM-4_R1_P1,2023Q2,H1,standard,1,ppi,PRICES,-0.00038903486202609999
DFM-4_R1_P1,2023Q2,H1,standard,1,usd_uzs,FINANCIAL,-0.090192810468697704
DFM-4_R1_P1,2023Q2,H1,standard,1,rub_uzs,FINANCIAL,0.028058663822004701
DFM-4_R1_P1,2023Q2,H1,standard,1,gold_price,EXTERNAL,-0.082555685470053694
DFM-4_R1_P1,2023Q2,H1,standard,1,m2,FINANCIAL,0.54641092312392192
DFM-4_R1_P1,2023Q2,H1,standard,1,fx_reserves_ex_gold,FINANCIAL,-0.24887058185958519
DFM-4_R1_P1,2023Q2,H1,standard,1,pos_turnover,PAYMENTS,0.46135246075540831
DFM-4_R1_P1,2023Q2,H1,conservative,1,industrial_production,PRODUCTION,0.0667839245565926
DFM-4_R1_P1,2023Q2,H1,conservative,1,ppi,PRICES,-0.001444154317388
DFM-4_R1_P1,2023Q2,H1,conservative,1,usd_uzs,FINANCIAL,-0.087562259949161197
DFM-4_R1_P1,2023Q2,H1,conservative,1,rub_uzs,FINANCIAL,0.025480154285328901
DFM-4_R1_P1,2023Q2,H1,conservative,1,gold_price,EXTERNAL,-0.078414285200398601
DFM-4_R1_P1,2023Q2,H1,conservative,1,m2,FINANCIAL,0.54664434403440365
DFM-4_R1_P1,2023Q2,H1,conservative,1,fx_reserves_ex_gold,FINANCIAL,-0.24911527404858391
DFM-4_R1_P1,2023Q2,H1,conservative,1,pos_turnover,PAYMENTS,0.45758561752530558
DFM-4_R1_P1,2023Q2,H2,standard,1,industrial_production,PRODUCTION,0.069483020441278506
DFM-4_R1_P1,2023Q2,H2,standard,1,ppi,PRICES,-0.00039656972095170002
DFM-4_R1_P1,2023Q2,H2,standard,1,usd_uzs,FINANCIAL,-0.090225463078334497
DFM-4_R1_P1,2023Q2,H2,standard,1,rub_uzs,FINANCIAL,0.028114415105997301
DFM-4_R1_P1,2023Q2,H2,standard,1,gold_price,EXTERNAL,-0.082599655621208995
DFM-4_R1_P1,2023Q2,H2,standard,1,m2,FINANCIAL,0.54677514274447858
DFM-4_R1_P1,2023Q2,H2,standard,1,fx_reserves_ex_gold,FINANCIAL,-0.24898689080817191
DFM-4_R1_P1,2023Q2,H2,standard,1,pos_turnover,PAYMENTS,0.46160978728952518
DFM-4_R1_P1,2023Q2,H2,conservative,1,industrial_production,PRODUCTION,0.069483020441278506
DFM-4_R1_P1,2023Q2,H2,conservative,1,ppi,PRICES,-0.00039656972095170002
DFM-4_R1_P1,2023Q2,H2,conservative,1,usd_uzs,FINANCIAL,-0.090225463078334497
DFM-4_R1_P1,2023Q2,H2,conservative,1,rub_uzs,FINANCIAL,0.028114415105997301
DFM-4_R1_P1,2023Q2,H2,conservative,1,gold_price,EXTERNAL,-0.082599655621208995
DFM-4_R1_P1,2023Q2,H2,conservative,1,m2,FINANCIAL,0.54677514274447858
DFM-4_R1_P1,2023Q2,H2,conservative,1,fx_reserves_ex_gold,FINANCIAL,-0.24898689080817191
DFM-4_R1_P1,2023Q2,H2,conservative,1,pos_turnover,PAYMENTS,0.46160978728952518
DFM-4_R1_P1,2023Q2,H3,standard,1,industrial_production,PRODUCTION,0.069483020441278506
DFM-4_R1_P1,2023Q2,H3,standard,1,ppi,PRICES,-0.00039656972095170002
DFM-4_R1_P1,2023Q2,H3,standard,1,usd_uzs,FINANCIAL,-0.090225463078334497
DFM-4_R1_P1,2023Q2,H3,standard,1,rub_uzs,FINANCIAL,0.028114415105997301
DFM-4_R1_P1,2023Q2,H3,standard,1,gold_price,EXTERNAL,-0.082599655621208995
DFM-4_R1_P1,2023Q2,H3,standard,1,m2,FINANCIAL,0.54677514274447858
DFM-4_R1_P1,2023Q2,H3,standard,1,fx_reserves_ex_gold,FINANCIAL,-0.24898689080817191
DFM-4_R1_P1,2023Q2,H3,standard,1,pos_turnover,PAYMENTS,0.46160978728952518
DFM-4_R1_P1,2023Q2,H3,conservative,1,industrial_production,PRODUCTION,0.069483020441278506
DFM-4_R1_P1,2023Q2,H3,conservative,1,ppi,PRICES,-0.00039656972095170002
DFM-4_R1_P1,2023Q2,H3,conservative,1,usd_uzs,FINANCIAL,-0.090225463078334497
DFM-4_R1_P1,2023Q2,H3,conservative,1,rub_uzs,FINANCIAL,0.028114415105997301
DFM-4_R1_P1,2023Q2,H3,conservative,1,gold_price,EXTERNAL,-0.082599655621208995
DFM-4_R1_P1,2023Q2,H3,conservative,1,m2,FINANCIAL,0.54677514274447858
DFM-4_R1_P1,2023Q2,H3,conservative,1,fx_reserves_ex_gold,FINANCIAL,-0.24898689080817191
DFM-4_R1_P1,2023Q2,H3,conservative,1,pos_turnover,PAYMENTS,0.46160978728952518
DFM-4_R1_P1,2023Q3,H1,standard,1,industrial_production,PRODUCTION,0.1201714203235725
DFM-4_R1_P1,2023Q3,H1,standard,1,ppi,PRICES,-0.011909521003309101
DFM-4_R1_P1,2023Q3,H1,standard,1,usd_uzs,FINANCIAL,-0.1280583084923976
DFM-4_R1_P1,2023Q3,H1,standard,1,rub_uzs,FINANCIAL,0.0079476488826006001
DFM-4_R1_P1,2023Q3,H1,standard,1,gold_price,EXTERNAL,-0.10014245222218079
DFM-4_R1_P1,2023Q3,H1,standard,1,m2,FINANCIAL,0.49127382915842038
DFM-4_R1_P1,2023Q3,H1,standard,1,fx_reserves_ex_gold,FINANCIAL,-0.245785573405671
DFM-4_R1_P1,2023Q3,H1,standard,1,pos_turnover,PAYMENTS,0.47767385197499262
DFM-4_R1_P1,2023Q3,H1,conservative,1,industrial_production,PRODUCTION,0.12863584519767299
DFM-4_R1_P1,2023Q3,H1,conservative,1,ppi,PRICES,-0.021606241194179199
DFM-4_R1_P1,2023Q3,H1,conservative,1,usd_uzs,FINANCIAL,-0.1343500699699513
DFM-4_R1_P1,2023Q3,H1,conservative,1,rub_uzs,FINANCIAL,-0.0027477943387835
DFM-4_R1_P1,2023Q3,H1,conservative,1,gold_price,EXTERNAL,-0.1056473774462339
DFM-4_R1_P1,2023Q3,H1,conservative,1,m2,FINANCIAL,0.46354917969538129
DFM-4_R1_P1,2023Q3,H1,conservative,1,fx_reserves_ex_gold,FINANCIAL,-0.26793184562292383
DFM-4_R1_P1,2023Q3,H1,conservative,1,pos_turnover,PAYMENTS,0.47336134573494498
DFM-4_R1_P1,2023Q3,H2,standard,1,industrial_production,PRODUCTION,0.1225986899743941
DFM-4_R1_P1,2023Q3,H2,standard,1,ppi,PRICES,-0.012215637479348101
DFM-4_R1_P1,2023Q3,H2,standard,1,usd_uzs,FINANCIAL,-0.12869420602707679
DFM-4_R1_P1,2023Q3,H2,standard,1,rub_uzs,FINANCIAL,0.0075108886837358998
DFM-4_R1_P1,2023Q3,H2,standard,1,gold_price,EXTERNAL,-0.1006053071568838
DFM-4_R1_P1,2023Q3,H2,standard,1,m2,FINANCIAL,0.48938230361640672
DFM-4_R1_P1,2023Q3,H2,standard,1,fx_reserves_ex_gold,FINANCIAL,-0.24656039200898841
DFM-4_R1_P1,2023Q3,H2,standard,1,pos_turnover,PAYMENTS,0.47761433171556011
DFM-4_R1_P1,2023Q3,H2,conservative,1,industrial_production,PRODUCTION,0.1225986899743941
DFM-4_R1_P1,2023Q3,H2,conservative,1,ppi,PRICES,-0.012215637479348101
DFM-4_R1_P1,2023Q3,H2,conservative,1,usd_uzs,FINANCIAL,-0.12869420602707679
DFM-4_R1_P1,2023Q3,H2,conservative,1,rub_uzs,FINANCIAL,0.0075108886837358998
DFM-4_R1_P1,2023Q3,H2,conservative,1,gold_price,EXTERNAL,-0.1006053071568838
DFM-4_R1_P1,2023Q3,H2,conservative,1,m2,FINANCIAL,0.48938230361640672
DFM-4_R1_P1,2023Q3,H2,conservative,1,fx_reserves_ex_gold,FINANCIAL,-0.24656039200898841
DFM-4_R1_P1,2023Q3,H2,conservative,1,pos_turnover,PAYMENTS,0.47761433171556011
DFM-4_R1_P1,2023Q3,H3,standard,1,industrial_production,PRODUCTION,0.1225986899743941
DFM-4_R1_P1,2023Q3,H3,standard,1,ppi,PRICES,-0.012215637479348101
DFM-4_R1_P1,2023Q3,H3,standard,1,usd_uzs,FINANCIAL,-0.12869420602707679
DFM-4_R1_P1,2023Q3,H3,standard,1,rub_uzs,FINANCIAL,0.0075108886837358998
DFM-4_R1_P1,2023Q3,H3,standard,1,gold_price,EXTERNAL,-0.1006053071568838
DFM-4_R1_P1,2023Q3,H3,standard,1,m2,FINANCIAL,0.48938230361640672
DFM-4_R1_P1,2023Q3,H3,standard,1,fx_reserves_ex_gold,FINANCIAL,-0.24656039200898841
DFM-4_R1_P1,2023Q3,H3,standard,1,pos_turnover,PAYMENTS,0.47761433171556011
DFM-4_R1_P1,2023Q3,H3,conservative,1,industrial_production,PRODUCTION,0.1225986899743941
DFM-4_R1_P1,2023Q3,H3,conservative,1,ppi,PRICES,-0.012215637479348101
DFM-4_R1_P1,2023Q3,H3,conservative,1,usd_uzs,FINANCIAL,-0.12869420602707679
DFM-4_R1_P1,2023Q3,H3,conservative,1,rub_uzs,FINANCIAL,0.0075108886837358998
DFM-4_R1_P1,2023Q3,H3,conservative,1,gold_price,EXTERNAL,-0.1006053071568838
DFM-4_R1_P1,2023Q3,H3,conservative,1,m2,FINANCIAL,0.48938230361640672
DFM-4_R1_P1,2023Q3,H3,conservative,1,fx_reserves_ex_gold,FINANCIAL,-0.24656039200898841
DFM-4_R1_P1,2023Q3,H3,conservative,1,pos_turnover,PAYMENTS,0.47761433171556011
DFM-4_R1_P1,2023Q4,H1,standard,1,industrial_production,PRODUCTION,0.1334665314514667
DFM-4_R1_P1,2023Q4,H1,standard,1,ppi,PRICES,-0.018210743336863702
DFM-4_R1_P1,2023Q4,H1,standard,1,usd_uzs,FINANCIAL,-0.12963323879987601
DFM-4_R1_P1,2023Q4,H1,standard,1,rub_uzs,FINANCIAL,0.0011931400370444
DFM-4_R1_P1,2023Q4,H1,standard,1,gold_price,EXTERNAL,-0.1096069758460429
DFM-4_R1_P1,2023Q4,H1,standard,1,m2,FINANCIAL,0.47790753884317488
DFM-4_R1_P1,2023Q4,H1,standard,1,fx_reserves_ex_gold,FINANCIAL,-0.22864838486958841
DFM-4_R1_P1,2023Q4,H1,standard,1,pos_turnover,PAYMENTS,0.4888871561329412
DFM-4_R1_P1,2023Q4,H1,conservative,1,industrial_production,PRODUCTION,0.13533809382241299
DFM-4_R1_P1,2023Q4,H1,conservative,1,ppi,PRICES,-0.020432516201856901
DFM-4_R1_P1,2023Q4,H1,conservative,1,usd_uzs,FINANCIAL,-0.11799211551836181
DFM-4_R1_P1,2023Q4,H1,conservative,1,rub_uzs,FINANCIAL,-0.0013881862140272001
DFM-4_R1_P1,2023Q4,H1,conservative,1,gold_price,EXTERNAL,-0.1114118759408759
DFM-4_R1_P1,2023Q4,H1,conservative,1,m2,FINANCIAL,0.4772716964051707
DFM-4_R1_P1,2023Q4,H1,conservative,1,fx_reserves_ex_gold,FINANCIAL,-0.2481413318972904
DFM-4_R1_P1,2023Q4,H1,conservative,1,pos_turnover,PAYMENTS,0.486366782153759
DFM-4_R1_P1,2023Q4,H2,standard,1,industrial_production,PRODUCTION,0.1348630904992591
DFM-4_R1_P1,2023Q4,H2,standard,1,ppi,PRICES,-0.018440951705386101
DFM-4_R1_P1,2023Q4,H2,standard,1,usd_uzs,FINANCIAL,-0.12956168387572151
DFM-4_R1_P1,2023Q4,H2,standard,1,rub_uzs,FINANCIAL,0.00092508619632789999
DFM-4_R1_P1,2023Q4,H2,standard,1,gold_price,EXTERNAL,-0.109946105334758
DFM-4_R1_P1,2023Q4,H2,standard,1,m2,FINANCIAL,0.477043026821382
DFM-4_R1_P1,2023Q4,H2,standard,1,fx_reserves_ex_gold,FINANCIAL,-0.22959062530862989
DFM-4_R1_P1,2023Q4,H2,standard,1,pos_turnover,PAYMENTS,0.48909003953802621
DFM-4_R1_P1,2023Q4,H2,conservative,1,industrial_production,PRODUCTION,0.1348630904992591
DFM-4_R1_P1,2023Q4,H2,conservative,1,ppi,PRICES,-0.018440951705386101
DFM-4_R1_P1,2023Q4,H2,conservative,1,usd_uzs,FINANCIAL,-0.12956168387572151
DFM-4_R1_P1,2023Q4,H2,conservative,1,rub_uzs,FINANCIAL,0.00092508619632789999
DFM-4_R1_P1,2023Q4,H2,conservative,1,gold_price,EXTERNAL,-0.109946105334758
DFM-4_R1_P1,2023Q4,H2,conservative,1,m2,FINANCIAL,0.477043026821382
DFM-4_R1_P1,2023Q4,H2,conservative,1,fx_reserves_ex_gold,FINANCIAL,-0.22959062530862989
DFM-4_R1_P1,2023Q4,H2,conservative,1,pos_turnover,PAYMENTS,0.48909003953802621
DFM-4_R1_P1,2023Q4,H3,standard,1,industrial_production,PRODUCTION,0.1348630904992591
DFM-4_R1_P1,2023Q4,H3,standard,1,ppi,PRICES,-0.018440951705386101
DFM-4_R1_P1,2023Q4,H3,standard,1,usd_uzs,FINANCIAL,-0.12956168387572151
DFM-4_R1_P1,2023Q4,H3,standard,1,rub_uzs,FINANCIAL,0.00092508619632789999
DFM-4_R1_P1,2023Q4,H3,standard,1,gold_price,EXTERNAL,-0.109946105334758
DFM-4_R1_P1,2023Q4,H3,standard,1,m2,FINANCIAL,0.477043026821382
DFM-4_R1_P1,2023Q4,H3,standard,1,fx_reserves_ex_gold,FINANCIAL,-0.22959062530862989
DFM-4_R1_P1,2023Q4,H3,standard,1,pos_turnover,PAYMENTS,0.48909003953802621
DFM-4_R1_P1,2023Q4,H3,conservative,1,industrial_production,PRODUCTION,0.1348630904992591
DFM-4_R1_P1,2023Q4,H3,conservative,1,ppi,PRICES,-0.018440951705386101
DFM-4_R1_P1,2023Q4,H3,conservative,1,usd_uzs,FINANCIAL,-0.12956168387572151
DFM-4_R1_P1,2023Q4,H3,conservative,1,rub_uzs,FINANCIAL,0.00092508619632789999
DFM-4_R1_P1,2023Q4,H3,conservative,1,gold_price,EXTERNAL,-0.109946105334758
DFM-4_R1_P1,2023Q4,H3,conservative,1,m2,FINANCIAL,0.477043026821382
DFM-4_R1_P1,2023Q4,H3,conservative,1,fx_reserves_ex_gold,FINANCIAL,-0.22959062530862989
DFM-4_R1_P1,2023Q4,H3,conservative,1,pos_turnover,PAYMENTS,0.48909003953802621
DFM-4_R1_P1,2024Q1,H1,standard,1,industrial_production,PRODUCTION,0.1351620939752482
DFM-4_R1_P1,2024Q1,H1,standard,1,ppi,PRICES,-0.026234301306622802
DFM-4_R1_P1,2024Q1,H1,standard,1,usd_uzs,FINANCIAL,-0.13599177727344269
DFM-4_R1_P1,2024Q1,H1,standard,1,rub_uzs,FINANCIAL,-0.0036135644231811001
DFM-4_R1_P1,2024Q1,H1,standard,1,gold_price,EXTERNAL,-0.1167593315011355
DFM-4_R1_P1,2024Q1,H1,standard,1,m2,FINANCIAL,0.47508066759127437
DFM-4_R1_P1,2024Q1,H1,standard,1,fx_reserves_ex_gold,FINANCIAL,-0.217712274033178
DFM-4_R1_P1,2024Q1,H1,standard,1,pos_turnover,PAYMENTS,0.4974845458643774
DFM-4_R1_P1,2024Q1,H1,conservative,1,industrial_production,PRODUCTION,0.13359528083234631
DFM-4_R1_P1,2024Q1,H1,conservative,1,ppi,PRICES,-0.0262719620501
DFM-4_R1_P1,2024Q1,H1,conservative,1,usd_uzs,FINANCIAL,-0.13591931390867831
DFM-4_R1_P1,2024Q1,H1,conservative,1,rub_uzs,FINANCIAL,-0.0030499765293487999
DFM-4_R1_P1,2024Q1,H1,conservative,1,gold_price,EXTERNAL,-0.1163910191391226
DFM-4_R1_P1,2024Q1,H1,conservative,1,m2,FINANCIAL,0.47638378574637902
DFM-4_R1_P1,2024Q1,H1,conservative,1,fx_reserves_ex_gold,FINANCIAL,-0.21545294844319299
DFM-4_R1_P1,2024Q1,H1,conservative,1,pos_turnover,PAYMENTS,0.49608593318111288
DFM-4_R1_P1,2024Q1,H2,standard,1,industrial_production,PRODUCTION,0.13505074611315179
DFM-4_R1_P1,2024Q1,H2,standard,1,ppi,PRICES,-0.026244960250830202
DFM-4_R1_P1,2024Q1,H2,standard,1,usd_uzs,FINANCIAL,-0.1362383470795005
DFM-4_R1_P1,2024Q1,H2,standard,1,rub_uzs,FINANCIAL,-0.0037405807528272999
DFM-4_R1_P1,2024Q1,H2,standard,1,gold_price,EXTERNAL,-0.116974437382351
DFM-4_R1_P1,2024Q1,H2,standard,1,m2,FINANCIAL,0.47435818545225078
DFM-4_R1_P1,2024Q1,H2,standard,1,fx_reserves_ex_gold,FINANCIAL,-0.2186613511414825
DFM-4_R1_P1,2024Q1,H2,standard,1,pos_turnover,PAYMENTS,0.49801608932575758
DFM-4_R1_P1,2024Q1,H2,conservative,1,industrial_production,PRODUCTION,0.13505074611315179
DFM-4_R1_P1,2024Q1,H2,conservative,1,ppi,PRICES,-0.026244960250830202
DFM-4_R1_P1,2024Q1,H2,conservative,1,usd_uzs,FINANCIAL,-0.1362383470795005
DFM-4_R1_P1,2024Q1,H2,conservative,1,rub_uzs,FINANCIAL,-0.0037405807528272999
DFM-4_R1_P1,2024Q1,H2,conservative,1,gold_price,EXTERNAL,-0.116974437382351
DFM-4_R1_P1,2024Q1,H2,conservative,1,m2,FINANCIAL,0.47435818545225078
DFM-4_R1_P1,2024Q1,H2,conservative,1,fx_reserves_ex_gold,FINANCIAL,-0.2186613511414825
DFM-4_R1_P1,2024Q1,H2,conservative,1,pos_turnover,PAYMENTS,0.49801608932575758
DFM-4_R1_P1,2024Q1,H3,standard,1,industrial_production,PRODUCTION,0.13505074611315179
DFM-4_R1_P1,2024Q1,H3,standard,1,ppi,PRICES,-0.026244960250830202
DFM-4_R1_P1,2024Q1,H3,standard,1,usd_uzs,FINANCIAL,-0.1362383470795005
DFM-4_R1_P1,2024Q1,H3,standard,1,rub_uzs,FINANCIAL,-0.0037405807528272999
DFM-4_R1_P1,2024Q1,H3,standard,1,gold_price,EXTERNAL,-0.116974437382351
DFM-4_R1_P1,2024Q1,H3,standard,1,m2,FINANCIAL,0.47435818545225078
DFM-4_R1_P1,2024Q1,H3,standard,1,fx_reserves_ex_gold,FINANCIAL,-0.2186613511414825
DFM-4_R1_P1,2024Q1,H3,standard,1,pos_turnover,PAYMENTS,0.49801608932575758
DFM-4_R1_P1,2024Q1,H3,conservative,1,industrial_production,PRODUCTION,0.13505074611315179
DFM-4_R1_P1,2024Q1,H3,conservative,1,ppi,PRICES,-0.026244960250830202
DFM-4_R1_P1,2024Q1,H3,conservative,1,usd_uzs,FINANCIAL,-0.1362383470795005
DFM-4_R1_P1,2024Q1,H3,conservative,1,rub_uzs,FINANCIAL,-0.0037405807528272999
DFM-4_R1_P1,2024Q1,H3,conservative,1,gold_price,EXTERNAL,-0.116974437382351
DFM-4_R1_P1,2024Q1,H3,conservative,1,m2,FINANCIAL,0.47435818545225078
DFM-4_R1_P1,2024Q1,H3,conservative,1,fx_reserves_ex_gold,FINANCIAL,-0.2186613511414825
DFM-4_R1_P1,2024Q1,H3,conservative,1,pos_turnover,PAYMENTS,0.49801608932575758
DFM-4_R1_P1,2024Q2,H1,standard,1,industrial_production,PRODUCTION,0.1186654840725988
DFM-4_R1_P1,2024Q2,H1,standard,1,ppi,PRICES,-0.027882235104366802
DFM-4_R1_P1,2024Q2,H1,standard,1,usd_uzs,FINANCIAL,-0.1412337863255573
DFM-4_R1_P1,2024Q2,H1,standard,1,rub_uzs,FINANCIAL,-0.0054607149983438999
DFM-4_R1_P1,2024Q2,H1,standard,1,gold_price,EXTERNAL,-0.1181307242130963
DFM-4_R1_P1,2024Q2,H1,standard,1,m2,FINANCIAL,0.46930926259574057
DFM-4_R1_P1,2024Q2,H1,standard,1,fx_reserves_ex_gold,FINANCIAL,-0.2133066435242168
DFM-4_R1_P1,2024Q2,H1,standard,1,pos_turnover,PAYMENTS,0.50804060910688886
DFM-4_R1_P1,2024Q2,H1,conservative,1,industrial_production,PRODUCTION,0.1251229517457878
DFM-4_R1_P1,2024Q2,H1,conservative,1,ppi,PRICES,-0.0282079437408688
DFM-4_R1_P1,2024Q2,H1,conservative,1,usd_uzs,FINANCIAL,-0.1423896270289472
DFM-4_R1_P1,2024Q2,H1,conservative,1,rub_uzs,FINANCIAL,-0.0061844807841388997
DFM-4_R1_P1,2024Q2,H1,conservative,1,gold_price,EXTERNAL,-0.1173182783320825
DFM-4_R1_P1,2024Q2,H1,conservative,1,m2,FINANCIAL,0.4609444712515634
DFM-4_R1_P1,2024Q2,H1,conservative,1,fx_reserves_ex_gold,FINANCIAL,-0.22035234744944521
DFM-4_R1_P1,2024Q2,H1,conservative,1,pos_turnover,PAYMENTS,0.50664385379492671
DFM-4_R1_P1,2024Q2,H2,standard,1,industrial_production,PRODUCTION,0.118120724534456
DFM-4_R1_P1,2024Q2,H2,standard,1,ppi,PRICES,-0.0274919559165255
DFM-4_R1_P1,2024Q2,H2,standard,1,usd_uzs,FINANCIAL,-0.13950575341676069
DFM-4_R1_P1,2024Q2,H2,standard,1,rub_uzs,FINANCIAL,-0.0054445632232245997
DFM-4_R1_P1,2024Q2,H2,standard,1,gold_price,EXTERNAL,-0.116579885227885
DFM-4_R1_P1,2024Q2,H2,standard,1,m2,FINANCIAL,0.46269278113034601
DFM-4_R1_P1,2024Q2,H2,standard,1,fx_reserves_ex_gold,FINANCIAL,-0.21117255479533131
DFM-4_R1_P1,2024Q2,H2,standard,1,pos_turnover,PAYMENTS,0.50159786491243308
DFM-4_R1_P1,2024Q2,H2,conservative,1,industrial_production,PRODUCTION,0.118120724534456
DFM-4_R1_P1,2024Q2,H2,conservative,1,ppi,PRICES,-0.0274919559165255
DFM-4_R1_P1,2024Q2,H2,conservative,1,usd_uzs,FINANCIAL,-0.13950575341676069
DFM-4_R1_P1,2024Q2,H2,conservative,1,rub_uzs,FINANCIAL,-0.0054445632232245997
DFM-4_R1_P1,2024Q2,H2,conservative,1,gold_price,EXTERNAL,-0.116579885227885
DFM-4_R1_P1,2024Q2,H2,conservative,1,m2,FINANCIAL,0.46269278113034601
DFM-4_R1_P1,2024Q2,H2,conservative,1,fx_reserves_ex_gold,FINANCIAL,-0.21117255479533131
DFM-4_R1_P1,2024Q2,H2,conservative,1,pos_turnover,PAYMENTS,0.50159786491243308
DFM-4_R1_P1,2024Q2,H3,standard,1,industrial_production,PRODUCTION,0.118120724534456
DFM-4_R1_P1,2024Q2,H3,standard,1,ppi,PRICES,-0.0274919559165255
DFM-4_R1_P1,2024Q2,H3,standard,1,usd_uzs,FINANCIAL,-0.13950575341676069
DFM-4_R1_P1,2024Q2,H3,standard,1,rub_uzs,FINANCIAL,-0.0054445632232245997
DFM-4_R1_P1,2024Q2,H3,standard,1,gold_price,EXTERNAL,-0.116579885227885
DFM-4_R1_P1,2024Q2,H3,standard,1,m2,FINANCIAL,0.46269278113034601
DFM-4_R1_P1,2024Q2,H3,standard,1,fx_reserves_ex_gold,FINANCIAL,-0.21117255479533131
DFM-4_R1_P1,2024Q2,H3,standard,1,pos_turnover,PAYMENTS,0.50159786491243308
DFM-4_R1_P1,2024Q2,H3,conservative,1,industrial_production,PRODUCTION,0.118120724534456
DFM-4_R1_P1,2024Q2,H3,conservative,1,ppi,PRICES,-0.0274919559165255
DFM-4_R1_P1,2024Q2,H3,conservative,1,usd_uzs,FINANCIAL,-0.13950575341676069
DFM-4_R1_P1,2024Q2,H3,conservative,1,rub_uzs,FINANCIAL,-0.0054445632232245997
DFM-4_R1_P1,2024Q2,H3,conservative,1,gold_price,EXTERNAL,-0.116579885227885
DFM-4_R1_P1,2024Q2,H3,conservative,1,m2,FINANCIAL,0.46269278113034601
DFM-4_R1_P1,2024Q2,H3,conservative,1,fx_reserves_ex_gold,FINANCIAL,-0.21117255479533131
DFM-4_R1_P1,2024Q2,H3,conservative,1,pos_turnover,PAYMENTS,0.50159786491243308
DFM-4_R1_P1,2024Q3,H1,standard,1,industrial_production,PRODUCTION,0.1216102737187795
DFM-4_R1_P1,2024Q3,H1,standard,1,ppi,PRICES,-0.025117919422428501
DFM-4_R1_P1,2024Q3,H1,standard,1,usd_uzs,FINANCIAL,-0.1388605936044266
DFM-4_R1_P1,2024Q3,H1,standard,1,rub_uzs,FINANCIAL,-0.0041633388895121999
DFM-4_R1_P1,2024Q3,H1,standard,1,gold_price,EXTERNAL,-0.10584410571227
DFM-4_R1_P1,2024Q3,H1,standard,1,m2,FINANCIAL,0.46521379383731698
DFM-4_R1_P1,2024Q3,H1,standard,1,fx_reserves_ex_gold,FINANCIAL,-0.21552208915086779
DFM-4_R1_P1,2024Q3,H1,standard,1,pos_turnover,PAYMENTS,0.49934346519906631
DFM-4_R1_P1,2024Q3,H1,conservative,1,industrial_production,PRODUCTION,0.1226850766728579
DFM-4_R1_P1,2024Q3,H1,conservative,1,ppi,PRICES,-0.025294034265614999
DFM-4_R1_P1,2024Q3,H1,conservative,1,usd_uzs,FINANCIAL,-0.1397875840260982
DFM-4_R1_P1,2024Q3,H1,conservative,1,rub_uzs,FINANCIAL,-0.0042386678677798001
DFM-4_R1_P1,2024Q3,H1,conservative,1,gold_price,EXTERNAL,-0.1066455103243745
DFM-4_R1_P1,2024Q3,H1,conservative,1,m2,FINANCIAL,0.46592955743921982
DFM-4_R1_P1,2024Q3,H1,conservative,1,fx_reserves_ex_gold,FINANCIAL,-0.21713428566758511
DFM-4_R1_P1,2024Q3,H1,conservative,1,pos_turnover,PAYMENTS,0.50032042152828393
DFM-4_R1_P1,2024Q3,H2,standard,1,industrial_production,PRODUCTION,0.1237774484928952
DFM-4_R1_P1,2024Q3,H2,standard,1,ppi,PRICES,-0.025057897076906799
DFM-4_R1_P1,2024Q3,H2,standard,1,usd_uzs,FINANCIAL,-0.13913210717861119
DFM-4_R1_P1,2024Q3,H2,standard,1,rub_uzs,FINANCIAL,-0.0040974492525190998
DFM-4_R1_P1,2024Q3,H2,standard,1,gold_price,EXTERNAL,-0.10595015626264
DFM-4_R1_P1,2024Q3,H2,standard,1,m2,FINANCIAL,0.46548212127382171
DFM-4_R1_P1,2024Q3,H2,standard,1,fx_reserves_ex_gold,FINANCIAL,-0.21610559240565089
DFM-4_R1_P1,2024Q3,H2,standard,1,pos_turnover,PAYMENTS,0.49985461913357138
DFM-4_R1_P1,2024Q3,H2,conservative,1,industrial_production,PRODUCTION,0.1237774484928952
DFM-4_R1_P1,2024Q3,H2,conservative,1,ppi,PRICES,-0.025057897076906799
DFM-4_R1_P1,2024Q3,H2,conservative,1,usd_uzs,FINANCIAL,-0.13913210717861119
DFM-4_R1_P1,2024Q3,H2,conservative,1,rub_uzs,FINANCIAL,-0.0040974492525190998
DFM-4_R1_P1,2024Q3,H2,conservative,1,gold_price,EXTERNAL,-0.10595015626264
DFM-4_R1_P1,2024Q3,H2,conservative,1,m2,FINANCIAL,0.46548212127382171
DFM-4_R1_P1,2024Q3,H2,conservative,1,fx_reserves_ex_gold,FINANCIAL,-0.21610559240565089
DFM-4_R1_P1,2024Q3,H2,conservative,1,pos_turnover,PAYMENTS,0.49985461913357138
DFM-4_R1_P1,2024Q3,H3,standard,1,industrial_production,PRODUCTION,0.1237774484928952
DFM-4_R1_P1,2024Q3,H3,standard,1,ppi,PRICES,-0.025057897076906799
DFM-4_R1_P1,2024Q3,H3,standard,1,usd_uzs,FINANCIAL,-0.13913210717861119
DFM-4_R1_P1,2024Q3,H3,standard,1,rub_uzs,FINANCIAL,-0.0040974492525190998
DFM-4_R1_P1,2024Q3,H3,standard,1,gold_price,EXTERNAL,-0.10595015626264
DFM-4_R1_P1,2024Q3,H3,standard,1,m2,FINANCIAL,0.46548212127382171
DFM-4_R1_P1,2024Q3,H3,standard,1,fx_reserves_ex_gold,FINANCIAL,-0.21610559240565089
DFM-4_R1_P1,2024Q3,H3,standard,1,pos_turnover,PAYMENTS,0.49985461913357138
DFM-4_R1_P1,2024Q3,H3,conservative,1,industrial_production,PRODUCTION,0.1237774484928952
DFM-4_R1_P1,2024Q3,H3,conservative,1,ppi,PRICES,-0.025057897076906799
DFM-4_R1_P1,2024Q3,H3,conservative,1,usd_uzs,FINANCIAL,-0.13913210717861119
DFM-4_R1_P1,2024Q3,H3,conservative,1,rub_uzs,FINANCIAL,-0.0040974492525190998
DFM-4_R1_P1,2024Q3,H3,conservative,1,gold_price,EXTERNAL,-0.10595015626264
DFM-4_R1_P1,2024Q3,H3,conservative,1,m2,FINANCIAL,0.46548212127382171
DFM-4_R1_P1,2024Q3,H3,conservative,1,fx_reserves_ex_gold,FINANCIAL,-0.21610559240565089
DFM-4_R1_P1,2024Q3,H3,conservative,1,pos_turnover,PAYMENTS,0.49985461913357138
DFM-4_R1_P1,2024Q4,H1,standard,1,industrial_production,PRODUCTION,0.1241201752090329
DFM-4_R1_P1,2024Q4,H1,standard,1,ppi,PRICES,-0.024535537777602201
DFM-4_R1_P1,2024Q4,H1,standard,1,usd_uzs,FINANCIAL,-0.13779221794341021
DFM-4_R1_P1,2024Q4,H1,standard,1,rub_uzs,FINANCIAL,-0.0046966048135153003
DFM-4_R1_P1,2024Q4,H1,standard,1,gold_price,EXTERNAL,-0.105165141564808
DFM-4_R1_P1,2024Q4,H1,standard,1,m2,FINANCIAL,0.45591166664499261
DFM-4_R1_P1,2024Q4,H1,standard,1,fx_reserves_ex_gold,FINANCIAL,-0.2137210376099038
DFM-4_R1_P1,2024Q4,H1,standard,1,pos_turnover,PAYMENTS,0.49574508787403482
DFM-4_R1_P1,2024Q4,H1,conservative,1,industrial_production,PRODUCTION,0.1212752156495896
DFM-4_R1_P1,2024Q4,H1,conservative,1,ppi,PRICES,-0.023450679748517299
DFM-4_R1_P1,2024Q4,H1,conservative,1,usd_uzs,FINANCIAL,-0.13724390887615831
DFM-4_R1_P1,2024Q4,H1,conservative,1,rub_uzs,FINANCIAL,-0.0032319181052417999
DFM-4_R1_P1,2024Q4,H1,conservative,1,gold_price,EXTERNAL,-0.10823363005029971
DFM-4_R1_P1,2024Q4,H1,conservative,1,m2,FINANCIAL,0.46040004861445671
DFM-4_R1_P1,2024Q4,H1,conservative,1,fx_reserves_ex_gold,FINANCIAL,-0.21434502868785249
DFM-4_R1_P1,2024Q4,H1,conservative,1,pos_turnover,PAYMENTS,0.4958862251653931
DFM-4_R1_P1,2024Q4,H2,standard,1,industrial_production,PRODUCTION,0.12463356523901691
DFM-4_R1_P1,2024Q4,H2,standard,1,ppi,PRICES,-0.024567240081747099
DFM-4_R1_P1,2024Q4,H2,standard,1,usd_uzs,FINANCIAL,-0.13777930558580501
DFM-4_R1_P1,2024Q4,H2,standard,1,rub_uzs,FINANCIAL,-0.0046601160490626998
DFM-4_R1_P1,2024Q4,H2,standard,1,gold_price,EXTERNAL,-0.10495522552094
DFM-4_R1_P1,2024Q4,H2,standard,1,m2,FINANCIAL,0.45630851785086929
DFM-4_R1_P1,2024Q4,H2,standard,1,fx_reserves_ex_gold,FINANCIAL,-0.2134225100073491
DFM-4_R1_P1,2024Q4,H2,standard,1,pos_turnover,PAYMENTS,0.4955556230557342
DFM-4_R1_P1,2024Q4,H2,conservative,1,industrial_production,PRODUCTION,0.12463356523901691
DFM-4_R1_P1,2024Q4,H2,conservative,1,ppi,PRICES,-0.024567240081747099
DFM-4_R1_P1,2024Q4,H2,conservative,1,usd_uzs,FINANCIAL,-0.13777930558580501
DFM-4_R1_P1,2024Q4,H2,conservative,1,rub_uzs,FINANCIAL,-0.0046601160490626998
DFM-4_R1_P1,2024Q4,H2,conservative,1,gold_price,EXTERNAL,-0.10495522552094
DFM-4_R1_P1,2024Q4,H2,conservative,1,m2,FINANCIAL,0.45630851785086929
DFM-4_R1_P1,2024Q4,H2,conservative,1,fx_reserves_ex_gold,FINANCIAL,-0.2134225100073491
DFM-4_R1_P1,2024Q4,H2,conservative,1,pos_turnover,PAYMENTS,0.4955556230557342
DFM-4_R1_P1,2024Q4,H3,standard,1,industrial_production,PRODUCTION,0.12463356523901691
DFM-4_R1_P1,2024Q4,H3,standard,1,ppi,PRICES,-0.024567240081747099
DFM-4_R1_P1,2024Q4,H3,standard,1,usd_uzs,FINANCIAL,-0.13777930558580501
DFM-4_R1_P1,2024Q4,H3,standard,1,rub_uzs,FINANCIAL,-0.0046601160490626998
DFM-4_R1_P1,2024Q4,H3,standard,1,gold_price,EXTERNAL,-0.10495522552094
DFM-4_R1_P1,2024Q4,H3,standard,1,m2,FINANCIAL,0.45630851785086929
DFM-4_R1_P1,2024Q4,H3,standard,1,fx_reserves_ex_gold,FINANCIAL,-0.2134225100073491
DFM-4_R1_P1,2024Q4,H3,standard,1,pos_turnover,PAYMENTS,0.4955556230557342
DFM-4_R1_P1,2024Q4,H3,conservative,1,industrial_production,PRODUCTION,0.12463356523901691
DFM-4_R1_P1,2024Q4,H3,conservative,1,ppi,PRICES,-0.024567240081747099
DFM-4_R1_P1,2024Q4,H3,conservative,1,usd_uzs,FINANCIAL,-0.13777930558580501
DFM-4_R1_P1,2024Q4,H3,conservative,1,rub_uzs,FINANCIAL,-0.0046601160490626998
DFM-4_R1_P1,2024Q4,H3,conservative,1,gold_price,EXTERNAL,-0.10495522552094
DFM-4_R1_P1,2024Q4,H3,conservative,1,m2,FINANCIAL,0.45630851785086929
DFM-4_R1_P1,2024Q4,H3,conservative,1,fx_reserves_ex_gold,FINANCIAL,-0.2134225100073491
DFM-4_R1_P1,2024Q4,H3,conservative,1,pos_turnover,PAYMENTS,0.4955556230557342
DFM-4_R1_P1,2025Q1,H1,standard,1,industrial_production,PRODUCTION,0.1372437625041453
DFM-4_R1_P1,2025Q1,H1,standard,1,ppi,PRICES,-0.022942301885318199
DFM-4_R1_P1,2025Q1,H1,standard,1,usd_uzs,FINANCIAL,-0.1363154885396568
DFM-4_R1_P1,2025Q1,H1,standard,1,rub_uzs,FINANCIAL,-0.0080379327519543992
DFM-4_R1_P1,2025Q1,H1,standard,1,gold_price,EXTERNAL,-0.1037039150185436
DFM-4_R1_P1,2025Q1,H1,standard,1,m2,FINANCIAL,0.4103006113477573
DFM-4_R1_P1,2025Q1,H1,standard,1,fx_reserves_ex_gold,FINANCIAL,-0.22592285223322789
DFM-4_R1_P1,2025Q1,H1,standard,1,pos_turnover,PAYMENTS,0.4866056785127334
DFM-4_R1_P1,2025Q1,H1,conservative,1,industrial_production,PRODUCTION,0.1346530121190371
DFM-4_R1_P1,2025Q1,H1,conservative,1,ppi,PRICES,-0.0251584082757671
DFM-4_R1_P1,2025Q1,H1,conservative,1,usd_uzs,FINANCIAL,-0.13860357850752131
DFM-4_R1_P1,2025Q1,H1,conservative,1,rub_uzs,FINANCIAL,-0.0088955375675319002
DFM-4_R1_P1,2025Q1,H1,conservative,1,gold_price,EXTERNAL,-0.10417919908276869
DFM-4_R1_P1,2025Q1,H1,conservative,1,m2,FINANCIAL,0.42634221863248989
DFM-4_R1_P1,2025Q1,H1,conservative,1,fx_reserves_ex_gold,FINANCIAL,-0.22007101297802489
DFM-4_R1_P1,2025Q1,H1,conservative,1,pos_turnover,PAYMENTS,0.48942897544670971
DFM-4_R1_P1,2025Q1,H2,standard,1,industrial_production,PRODUCTION,0.1378023477744072
DFM-4_R1_P1,2025Q1,H2,standard,1,ppi,PRICES,-0.0229967953010537
DFM-4_R1_P1,2025Q1,H2,standard,1,usd_uzs,FINANCIAL,-0.1362644658940533
DFM-4_R1_P1,2025Q1,H2,standard,1,rub_uzs,FINANCIAL,-0.0080962160879089994
DFM-4_R1_P1,2025Q1,H2,standard,1,gold_price,EXTERNAL,-0.10357940977873629
DFM-4_R1_P1,2025Q1,H2,standard,1,m2,FINANCIAL,0.41085833951108652
DFM-4_R1_P1,2025Q1,H2,standard,1,fx_reserves_ex_gold,FINANCIAL,-0.22563417540362971
DFM-4_R1_P1,2025Q1,H2,standard,1,pos_turnover,PAYMENTS,0.48617928437594288
DFM-4_R1_P1,2025Q1,H2,conservative,1,industrial_production,PRODUCTION,0.1378023477744072
DFM-4_R1_P1,2025Q1,H2,conservative,1,ppi,PRICES,-0.0229967953010537
DFM-4_R1_P1,2025Q1,H2,conservative,1,usd_uzs,FINANCIAL,-0.1362644658940533
DFM-4_R1_P1,2025Q1,H2,conservative,1,rub_uzs,FINANCIAL,-0.0080962160879089994
DFM-4_R1_P1,2025Q1,H2,conservative,1,gold_price,EXTERNAL,-0.10357940977873629
DFM-4_R1_P1,2025Q1,H2,conservative,1,m2,FINANCIAL,0.41085833951108652
DFM-4_R1_P1,2025Q1,H2,conservative,1,fx_reserves_ex_gold,FINANCIAL,-0.22563417540362971
DFM-4_R1_P1,2025Q1,H2,conservative,1,pos_turnover,PAYMENTS,0.48617928437594288
DFM-4_R1_P1,2025Q1,H3,standard,1,industrial_production,PRODUCTION,0.1378023477744072
DFM-4_R1_P1,2025Q1,H3,standard,1,ppi,PRICES,-0.0229967953010537
DFM-4_R1_P1,2025Q1,H3,standard,1,usd_uzs,FINANCIAL,-0.1362644658940533
DFM-4_R1_P1,2025Q1,H3,standard,1,rub_uzs,FINANCIAL,-0.0080962160879089994
DFM-4_R1_P1,2025Q1,H3,standard,1,gold_price,EXTERNAL,-0.10357940977873629
DFM-4_R1_P1,2025Q1,H3,standard,1,m2,FINANCIAL,0.41085833951108652
DFM-4_R1_P1,2025Q1,H3,standard,1,fx_reserves_ex_gold,FINANCIAL,-0.22563417540362971
DFM-4_R1_P1,2025Q1,H3,standard,1,pos_turnover,PAYMENTS,0.48617928437594288
DFM-4_R1_P1,2025Q1,H3,conservative,1,industrial_production,PRODUCTION,0.1378023477744072
DFM-4_R1_P1,2025Q1,H3,conservative,1,ppi,PRICES,-0.0229967953010537
DFM-4_R1_P1,2025Q1,H3,conservative,1,usd_uzs,FINANCIAL,-0.1362644658940533
DFM-4_R1_P1,2025Q1,H3,conservative,1,rub_uzs,FINANCIAL,-0.0080962160879089994
DFM-4_R1_P1,2025Q1,H3,conservative,1,gold_price,EXTERNAL,-0.10357940977873629
DFM-4_R1_P1,2025Q1,H3,conservative,1,m2,FINANCIAL,0.41085833951108652
DFM-4_R1_P1,2025Q1,H3,conservative,1,fx_reserves_ex_gold,FINANCIAL,-0.22563417540362971
DFM-4_R1_P1,2025Q1,H3,conservative,1,pos_turnover,PAYMENTS,0.48617928437594288
DFM-4_R1_P1,2025Q2,H1,standard,1,industrial_production,PRODUCTION,0.0105792502254425
DFM-4_R1_P1,2025Q2,H1,standard,1,ppi,PRICES,-0.041344394560994098
DFM-4_R1_P1,2025Q2,H1,standard,1,usd_uzs,FINANCIAL,-0.10730687213786599
DFM-4_R1_P1,2025Q2,H1,standard,1,rub_uzs,FINANCIAL,0.048752193623730199
DFM-4_R1_P1,2025Q2,H1,standard,1,gold_price,EXTERNAL,-0.018280604474526101
DFM-4_R1_P1,2025Q2,H1,standard,1,m2,FINANCIAL,0.59151505317221664
DFM-4_R1_P1,2025Q2,H1,standard,1,fx_reserves_ex_gold,FINANCIAL,0.0043982701445382999
DFM-4_R1_P1,2025Q2,H1,standard,1,pos_turnover,PAYMENTS,0.36697799311045692
DFM-4_R1_P1,2025Q2,H1,conservative,1,industrial_production,PRODUCTION,0.13741188907753241
DFM-4_R1_P1,2025Q2,H1,conservative,1,ppi,PRICES,-0.026861508422142098
DFM-4_R1_P1,2025Q2,H1,conservative,1,usd_uzs,FINANCIAL,-0.14000108049239071
DFM-4_R1_P1,2025Q2,H1,conservative,1,rub_uzs,FINANCIAL,-0.0029246581264357001
DFM-4_R1_P1,2025Q2,H1,conservative,1,gold_price,EXTERNAL,-0.095750666132766907
DFM-4_R1_P1,2025Q2,H1,conservative,1,m2,FINANCIAL,0.41192764974844182
DFM-4_R1_P1,2025Q2,H1,conservative,1,fx_reserves_ex_gold,FINANCIAL,-0.20103243206654961
DFM-4_R1_P1,2025Q2,H1,conservative,1,pos_turnover,PAYMENTS,0.47858998735942082
DFM-4_R1_P1,2025Q2,H2,standard,1,industrial_production,PRODUCTION,0.014395058900110801
DFM-4_R1_P1,2025Q2,H2,standard,1,ppi,PRICES,-0.041308666060484299
DFM-4_R1_P1,2025Q2,H2,standard,1,usd_uzs,FINANCIAL,-0.10725183002235091
DFM-4_R1_P1,2025Q2,H2,standard,1,rub_uzs,FINANCIAL,0.0486517937741935
DFM-4_R1_P1,2025Q2,H2,standard,1,gold_price,EXTERNAL,-0.018286005506277202
DFM-4_R1_P1,2025Q2,H2,standard,1,m2,FINANCIAL,0.59084191695681265
DFM-4_R1_P1,2025Q2,H2,standard,1,fx_reserves_ex_gold,FINANCIAL,0.0043276273031305004
DFM-4_R1_P1,2025Q2,H2,standard,1,pos_turnover,PAYMENTS,0.36669805436207398
DFM-4_R1_P1,2025Q2,H2,conservative,1,industrial_production,PRODUCTION,0.014395058900110801
DFM-4_R1_P1,2025Q2,H2,conservative,1,ppi,PRICES,-0.041308666060484299
DFM-4_R1_P1,2025Q2,H2,conservative,1,usd_uzs,FINANCIAL,-0.10725183002235091
DFM-4_R1_P1,2025Q2,H2,conservative,1,rub_uzs,FINANCIAL,0.0486517937741935
DFM-4_R1_P1,2025Q2,H2,conservative,1,gold_price,EXTERNAL,-0.018286005506277202
DFM-4_R1_P1,2025Q2,H2,conservative,1,m2,FINANCIAL,0.59084191695681265
DFM-4_R1_P1,2025Q2,H2,conservative,1,fx_reserves_ex_gold,FINANCIAL,0.0043276273031305004
DFM-4_R1_P1,2025Q2,H2,conservative,1,pos_turnover,PAYMENTS,0.36669805436207398
DFM-4_R1_P1,2025Q2,H3,standard,1,industrial_production,PRODUCTION,0.014395058900110801
DFM-4_R1_P1,2025Q2,H3,standard,1,ppi,PRICES,-0.041308666060484299
DFM-4_R1_P1,2025Q2,H3,standard,1,usd_uzs,FINANCIAL,-0.10725183002235091
DFM-4_R1_P1,2025Q2,H3,standard,1,rub_uzs,FINANCIAL,0.0486517937741935
DFM-4_R1_P1,2025Q2,H3,standard,1,gold_price,EXTERNAL,-0.018286005506277202
DFM-4_R1_P1,2025Q2,H3,standard,1,m2,FINANCIAL,0.59084191695681265
DFM-4_R1_P1,2025Q2,H3,standard,1,fx_reserves_ex_gold,FINANCIAL,0.0043276273031305004
DFM-4_R1_P1,2025Q2,H3,standard,1,pos_turnover,PAYMENTS,0.36669805436207398
DFM-4_R1_P1,2025Q2,H3,conservative,1,industrial_production,PRODUCTION,0.014395058900110801
DFM-4_R1_P1,2025Q2,H3,conservative,1,ppi,PRICES,-0.041308666060484299
DFM-4_R1_P1,2025Q2,H3,conservative,1,usd_uzs,FINANCIAL,-0.10725183002235091
DFM-4_R1_P1,2025Q2,H3,conservative,1,rub_uzs,FINANCIAL,0.0486517937741935
DFM-4_R1_P1,2025Q2,H3,conservative,1,gold_price,EXTERNAL,-0.018286005506277202
DFM-4_R1_P1,2025Q2,H3,conservative,1,m2,FINANCIAL,0.59084191695681265
DFM-4_R1_P1,2025Q2,H3,conservative,1,fx_reserves_ex_gold,FINANCIAL,0.0043276273031305004
DFM-4_R1_P1,2025Q2,H3,conservative,1,pos_turnover,PAYMENTS,0.36669805436207398
DFM-4_R1_P2,2022Q1,H1,standard,1,industrial_production,PRODUCTION,0.54546935418191955
DFM-4_R1_P2,2022Q1,H1,standard,1,ppi,PRICES,0.072527723452797802
DFM-4_R1_P2,2022Q1,H1,standard,1,usd_uzs,FINANCIAL,-0.084940148057096099
DFM-4_R1_P2,2022Q1,H1,standard,1,rub_uzs,FINANCIAL,0.041358534916646601
DFM-4_R1_P2,2022Q1,H1,standard,1,gold_price,EXTERNAL,-0.089513789051475695
DFM-4_R1_P2,2022Q1,H1,standard,1,m2,FINANCIAL,0.18716927346671261
DFM-4_R1_P2,2022Q1,H1,standard,1,fx_reserves_ex_gold,FINANCIAL,-0.39915069243917922
DFM-4_R1_P2,2022Q1,H1,standard,1,pos_turnover,PAYMENTS,0.29292835886748742
DFM-4_R1_P2,2022Q1,H1,conservative,1,industrial_production,PRODUCTION,0.55335322479080973
DFM-4_R1_P2,2022Q1,H1,conservative,1,ppi,PRICES,0.076899967465352603
DFM-4_R1_P2,2022Q1,H1,conservative,1,usd_uzs,FINANCIAL,-0.088623048066780605
DFM-4_R1_P2,2022Q1,H1,conservative,1,rub_uzs,FINANCIAL,0.043926903025825997
DFM-4_R1_P2,2022Q1,H1,conservative,1,gold_price,EXTERNAL,-0.089708395619500003
DFM-4_R1_P2,2022Q1,H1,conservative,1,m2,FINANCIAL,0.13793073707993231
DFM-4_R1_P2,2022Q1,H1,conservative,1,fx_reserves_ex_gold,FINANCIAL,-0.40927497395526791
DFM-4_R1_P2,2022Q1,H1,conservative,1,pos_turnover,PAYMENTS,0.28826279699303742
DFM-4_R1_P2,2022Q1,H2,standard,1,industrial_production,PRODUCTION,0.53205899673945112
DFM-4_R1_P2,2022Q1,H2,standard,1,ppi,PRICES,0.074209939365506697
DFM-4_R1_P2,2022Q1,H2,standard,1,usd_uzs,FINANCIAL,-0.084863054574595601
DFM-4_R1_P2,2022Q1,H2,standard,1,rub_uzs,FINANCIAL,0.043238014798194502
DFM-4_R1_P2,2022Q1,H2,standard,1,gold_price,EXTERNAL,-0.087184292087967893
DFM-4_R1_P2,2022Q1,H2,standard,1,m2,FINANCIAL,0.1748500694742639
DFM-4_R1_P2,2022Q1,H2,standard,1,fx_reserves_ex_gold,FINANCIAL,-0.3983790520998125
DFM-4_R1_P2,2022Q1,H2,standard,1,pos_turnover,PAYMENTS,0.28843178773267181
DFM-4_R1_P2,2022Q1,H2,conservative,1,industrial_production,PRODUCTION,0.53205899673945112
DFM-4_R1_P2,2022Q1,H2,conservative,1,ppi,PRICES,0.074209939365506697
DFM-4_R1_P2,2022Q1,H2,conservative,1,usd_uzs,FINANCIAL,-0.084863054574595601
DFM-4_R1_P2,2022Q1,H2,conservative,1,rub_uzs,FINANCIAL,0.043238014798194502
DFM-4_R1_P2,2022Q1,H2,conservative,1,gold_price,EXTERNAL,-0.087184292087967893
DFM-4_R1_P2,2022Q1,H2,conservative,1,m2,FINANCIAL,0.1748500694742639
DFM-4_R1_P2,2022Q1,H2,conservative,1,fx_reserves_ex_gold,FINANCIAL,-0.3983790520998125
DFM-4_R1_P2,2022Q1,H2,conservative,1,pos_turnover,PAYMENTS,0.28843178773267181
DFM-4_R1_P2,2022Q1,H3,standard,1,industrial_production,PRODUCTION,0.53205899673945112
DFM-4_R1_P2,2022Q1,H3,standard,1,ppi,PRICES,0.074209939365506697
DFM-4_R1_P2,2022Q1,H3,standard,1,usd_uzs,FINANCIAL,-0.084863054574595601
DFM-4_R1_P2,2022Q1,H3,standard,1,rub_uzs,FINANCIAL,0.043238014798194502
DFM-4_R1_P2,2022Q1,H3,standard,1,gold_price,EXTERNAL,-0.087184292087967893
DFM-4_R1_P2,2022Q1,H3,standard,1,m2,FINANCIAL,0.1748500694742639
DFM-4_R1_P2,2022Q1,H3,standard,1,fx_reserves_ex_gold,FINANCIAL,-0.3983790520998125
DFM-4_R1_P2,2022Q1,H3,standard,1,pos_turnover,PAYMENTS,0.28843178773267181
DFM-4_R1_P2,2022Q1,H3,conservative,1,industrial_production,PRODUCTION,0.53205899673945112
DFM-4_R1_P2,2022Q1,H3,conservative,1,ppi,PRICES,0.074209939365506697
DFM-4_R1_P2,2022Q1,H3,conservative,1,usd_uzs,FINANCIAL,-0.084863054574595601
DFM-4_R1_P2,2022Q1,H3,conservative,1,rub_uzs,FINANCIAL,0.043238014798194502
DFM-4_R1_P2,2022Q1,H3,conservative,1,gold_price,EXTERNAL,-0.087184292087967893
DFM-4_R1_P2,2022Q1,H3,conservative,1,m2,FINANCIAL,0.1748500694742639
DFM-4_R1_P2,2022Q1,H3,conservative,1,fx_reserves_ex_gold,FINANCIAL,-0.3983790520998125
DFM-4_R1_P2,2022Q1,H3,conservative,1,pos_turnover,PAYMENTS,0.28843178773267181
DFM-4_R1_P2,2022Q2,H1,standard,1,industrial_production,PRODUCTION,0.58072516214412262
DFM-4_R1_P2,2022Q2,H1,standard,1,ppi,PRICES,0.086871355891852006
DFM-4_R1_P2,2022Q2,H1,standard,1,usd_uzs,FINANCIAL,-0.077831282177372493
DFM-4_R1_P2,2022Q2,H1,standard,1,rub_uzs,FINANCIAL,-0.050960242448638698
DFM-4_R1_P2,2022Q2,H1,standard,1,gold_price,EXTERNAL,-0.065672180823916501
DFM-4_R1_P2,2022Q2,H1,standard,1,m2,FINANCIAL,0.24253605491348651
DFM-4_R1_P2,2022Q2,H1,standard,1,fx_reserves_ex_gold,FINANCIAL,-0.422878369405709
DFM-4_R1_P2,2022Q2,H1,standard,1,pos_turnover,PAYMENTS,0.3401367212323535
DFM-4_R1_P2,2022Q2,H1,conservative,1,industrial_production,PRODUCTION,0.58487277149999117
DFM-4_R1_P2,2022Q2,H1,conservative,1,ppi,PRICES,0.086106474312510894
DFM-4_R1_P2,2022Q2,H1,conservative,1,usd_uzs,FINANCIAL,-0.083761681791292203
DFM-4_R1_P2,2022Q2,H1,conservative,1,rub_uzs,FINANCIAL,-0.038030294409924802
DFM-4_R1_P2,2022Q2,H1,conservative,1,gold_price,EXTERNAL,-0.070377289645387198
DFM-4_R1_P2,2022Q2,H1,conservative,1,m2,FINANCIAL,0.2322443684046491
DFM-4_R1_P2,2022Q2,H1,conservative,1,fx_reserves_ex_gold,FINANCIAL,-0.4291437972621569
DFM-4_R1_P2,2022Q2,H1,conservative,1,pos_turnover,PAYMENTS,0.33750114553292337
DFM-4_R1_P2,2022Q2,H2,standard,1,industrial_production,PRODUCTION,0.57612366560595896
DFM-4_R1_P2,2022Q2,H2,standard,1,ppi,PRICES,0.083235997394630598
DFM-4_R1_P2,2022Q2,H2,standard,1,usd_uzs,FINANCIAL,-0.085334241327105001
DFM-4_R1_P2,2022Q2,H2,standard,1,rub_uzs,FINANCIAL,-0.0293452672743124
DFM-4_R1_P2,2022Q2,H2,standard,1,gold_price,EXTERNAL,-0.071551714111627404
DFM-4_R1_P2,2022Q2,H2,standard,1,m2,FINANCIAL,0.2300417715401665
DFM-4_R1_P2,2022Q2,H2,standard,1,fx_reserves_ex_gold,FINANCIAL,-0.42145541546886889
DFM-4_R1_P2,2022Q2,H2,standard,1,pos_turnover,PAYMENTS,0.3342979953959358
DFM-4_R1_P2,2022Q2,H2,conservative,1,industrial_production,PRODUCTION,0.57612366560595896
DFM-4_R1_P2,2022Q2,H2,conservative,1,ppi,PRICES,0.083235997394630598
DFM-4_R1_P2,2022Q2,H2,conservative,1,usd_uzs,FINANCIAL,-0.085334241327105001
DFM-4_R1_P2,2022Q2,H2,conservative,1,rub_uzs,FINANCIAL,-0.0293452672743124
DFM-4_R1_P2,2022Q2,H2,conservative,1,gold_price,EXTERNAL,-0.071551714111627404
DFM-4_R1_P2,2022Q2,H2,conservative,1,m2,FINANCIAL,0.2300417715401665
DFM-4_R1_P2,2022Q2,H2,conservative,1,fx_reserves_ex_gold,FINANCIAL,-0.42145541546886889
DFM-4_R1_P2,2022Q2,H2,conservative,1,pos_turnover,PAYMENTS,0.3342979953959358
DFM-4_R1_P2,2022Q2,H3,standard,1,industrial_production,PRODUCTION,0.57612366560595896
DFM-4_R1_P2,2022Q2,H3,standard,1,ppi,PRICES,0.083235997394630598
DFM-4_R1_P2,2022Q2,H3,standard,1,usd_uzs,FINANCIAL,-0.085334241327105001
DFM-4_R1_P2,2022Q2,H3,standard,1,rub_uzs,FINANCIAL,-0.0293452672743124
DFM-4_R1_P2,2022Q2,H3,standard,1,gold_price,EXTERNAL,-0.071551714111627404
DFM-4_R1_P2,2022Q2,H3,standard,1,m2,FINANCIAL,0.2300417715401665
DFM-4_R1_P2,2022Q2,H3,standard,1,fx_reserves_ex_gold,FINANCIAL,-0.42145541546886889
DFM-4_R1_P2,2022Q2,H3,standard,1,pos_turnover,PAYMENTS,0.3342979953959358
DFM-4_R1_P2,2022Q2,H3,conservative,1,industrial_production,PRODUCTION,0.57612366560595896
DFM-4_R1_P2,2022Q2,H3,conservative,1,ppi,PRICES,0.083235997394630598
DFM-4_R1_P2,2022Q2,H3,conservative,1,usd_uzs,FINANCIAL,-0.085334241327105001
DFM-4_R1_P2,2022Q2,H3,conservative,1,rub_uzs,FINANCIAL,-0.0293452672743124
DFM-4_R1_P2,2022Q2,H3,conservative,1,gold_price,EXTERNAL,-0.071551714111627404
DFM-4_R1_P2,2022Q2,H3,conservative,1,m2,FINANCIAL,0.2300417715401665
DFM-4_R1_P2,2022Q2,H3,conservative,1,fx_reserves_ex_gold,FINANCIAL,-0.42145541546886889
DFM-4_R1_P2,2022Q2,H3,conservative,1,pos_turnover,PAYMENTS,0.3342979953959358
DFM-4_R1_P2,2022Q3,H1,standard,1,industrial_production,PRODUCTION,0.4070953684789439
DFM-4_R1_P2,2022Q3,H1,standard,1,ppi,PRICES,0.075882705713626306
DFM-4_R1_P2,2022Q3,H1,standard,1,usd_uzs,FINANCIAL,-0.038738817325294397
DFM-4_R1_P2,2022Q3,H1,standard,1,rub_uzs,FINANCIAL,0.034327545487993001
DFM-4_R1_P2,2022Q3,H1,standard,1,gold_price,EXTERNAL,-0.057007548092071397
DFM-4_R1_P2,2022Q3,H1,standard,1,m2,FINANCIAL,0.17809194340178949
DFM-4_R1_P2,2022Q3,H1,standard,1,fx_reserves_ex_gold,FINANCIAL,-0.31729682993692387
DFM-4_R1_P2,2022Q3,H1,standard,1,pos_turnover,PAYMENTS,0.23294158930544109
DFM-4_R1_P2,2022Q3,H1,conservative,1,industrial_production,PRODUCTION,0.48751694953068331
DFM-4_R1_P2,2022Q3,H1,conservative,1,ppi,PRICES,0.076350447848351904
DFM-4_R1_P2,2022Q3,H1,conservative,1,usd_uzs,FINANCIAL,-0.086037080096904098
DFM-4_R1_P2,2022Q3,H1,conservative,1,rub_uzs,FINANCIAL,0.034416878804777999
DFM-4_R1_P2,2022Q3,H1,conservative,1,gold_price,EXTERNAL,-0.077576739770140901
DFM-4_R1_P2,2022Q3,H1,conservative,1,m2,FINANCIAL,0.18638020796419391
DFM-4_R1_P2,2022Q3,H1,conservative,1,fx_reserves_ex_gold,FINANCIAL,-0.3571976397792751
DFM-4_R1_P2,2022Q3,H1,conservative,1,pos_turnover,PAYMENTS,0.28272140720993538
DFM-4_R1_P2,2022Q3,H2,standard,1,industrial_production,PRODUCTION,0.36616839133837331
DFM-4_R1_P2,2022Q3,H2,standard,1,ppi,PRICES,0.066239275602368294
DFM-4_R1_P2,2022Q3,H2,standard,1,usd_uzs,FINANCIAL,-0.028737580153489001
DFM-4_R1_P2,2022Q3,H2,standard,1,rub_uzs,FINANCIAL,0.025675605179149599
DFM-4_R1_P2,2022Q3,H2,standard,1,gold_price,EXTERNAL,-0.047650894531804003
DFM-4_R1_P2,2022Q3,H2,standard,1,m2,FINANCIAL,0.15310582715969359
DFM-4_R1_P2,2022Q3,H2,standard,1,fx_reserves_ex_gold,FINANCIAL,-0.28469031246839849
DFM-4_R1_P2,2022Q3,H2,standard,1,pos_turnover,PAYMENTS,0.2026667276090712
DFM-4_R1_P2,2022Q3,H2,conservative,1,industrial_production,PRODUCTION,0.36616839133837331
DFM-4_R1_P2,2022Q3,H2,conservative,1,ppi,PRICES,0.066239275602368294
DFM-4_R1_P2,2022Q3,H2,conservative,1,usd_uzs,FINANCIAL,-0.028737580153489001
DFM-4_R1_P2,2022Q3,H2,conservative,1,rub_uzs,FINANCIAL,0.025675605179149599
DFM-4_R1_P2,2022Q3,H2,conservative,1,gold_price,EXTERNAL,-0.047650894531804003
DFM-4_R1_P2,2022Q3,H2,conservative,1,m2,FINANCIAL,0.15310582715969359
DFM-4_R1_P2,2022Q3,H2,conservative,1,fx_reserves_ex_gold,FINANCIAL,-0.28469031246839849
DFM-4_R1_P2,2022Q3,H2,conservative,1,pos_turnover,PAYMENTS,0.2026667276090712
DFM-4_R1_P2,2022Q3,H3,standard,1,industrial_production,PRODUCTION,0.36616839133837331
DFM-4_R1_P2,2022Q3,H3,standard,1,ppi,PRICES,0.066239275602368294
DFM-4_R1_P2,2022Q3,H3,standard,1,usd_uzs,FINANCIAL,-0.028737580153489001
DFM-4_R1_P2,2022Q3,H3,standard,1,rub_uzs,FINANCIAL,0.025675605179149599
DFM-4_R1_P2,2022Q3,H3,standard,1,gold_price,EXTERNAL,-0.047650894531804003
DFM-4_R1_P2,2022Q3,H3,standard,1,m2,FINANCIAL,0.15310582715969359
DFM-4_R1_P2,2022Q3,H3,standard,1,fx_reserves_ex_gold,FINANCIAL,-0.28469031246839849
DFM-4_R1_P2,2022Q3,H3,standard,1,pos_turnover,PAYMENTS,0.2026667276090712
DFM-4_R1_P2,2022Q3,H3,conservative,1,industrial_production,PRODUCTION,0.36616839133837331
DFM-4_R1_P2,2022Q3,H3,conservative,1,ppi,PRICES,0.066239275602368294
DFM-4_R1_P2,2022Q3,H3,conservative,1,usd_uzs,FINANCIAL,-0.028737580153489001
DFM-4_R1_P2,2022Q3,H3,conservative,1,rub_uzs,FINANCIAL,0.025675605179149599
DFM-4_R1_P2,2022Q3,H3,conservative,1,gold_price,EXTERNAL,-0.047650894531804003
DFM-4_R1_P2,2022Q3,H3,conservative,1,m2,FINANCIAL,0.15310582715969359
DFM-4_R1_P2,2022Q3,H3,conservative,1,fx_reserves_ex_gold,FINANCIAL,-0.28469031246839849
DFM-4_R1_P2,2022Q3,H3,conservative,1,pos_turnover,PAYMENTS,0.2026667276090712
DFM-4_R1_P2,2023Q1,H1,standard,1,industrial_production,PRODUCTION,0.20863834251662169
DFM-4_R1_P2,2023Q1,H1,standard,1,ppi,PRICES,0.0093126138031057997
DFM-4_R1_P2,2023Q1,H1,standard,1,usd_uzs,FINANCIAL,-0.090039168270910797
DFM-4_R1_P2,2023Q1,H1,standard,1,rub_uzs,FINANCIAL,0.054746653141232102
DFM-4_R1_P2,2023Q1,H1,standard,1,gold_price,EXTERNAL,-0.11767095316859599
DFM-4_R1_P2,2023Q1,H1,standard,1,m2,FINANCIAL,0.53559528523525535
DFM-4_R1_P2,2023Q1,H1,standard,1,fx_reserves_ex_gold,FINANCIAL,-0.208371978508608
DFM-4_R1_P2,2023Q1,H1,standard,1,pos_turnover,PAYMENTS,0.4491686533621172
DFM-4_R1_P2,2023Q1,H1,conservative,1,industrial_production,PRODUCTION,0.20256306164339771
DFM-4_R1_P2,2023Q1,H1,conservative,1,ppi,PRICES,0.0079692898534279993
DFM-4_R1_P2,2023Q1,H1,conservative,1,usd_uzs,FINANCIAL,-0.084616397919285699
DFM-4_R1_P2,2023Q1,H1,conservative,1,rub_uzs,FINANCIAL,0.050068372148128398
DFM-4_R1_P2,2023Q1,H1,conservative,1,gold_price,EXTERNAL,-0.1056108860433792
DFM-4_R1_P2,2023Q1,H1,conservative,1,m2,FINANCIAL,0.53831124809681186
DFM-4_R1_P2,2023Q1,H1,conservative,1,fx_reserves_ex_gold,FINANCIAL,-0.20616454714976001
DFM-4_R1_P2,2023Q1,H1,conservative,1,pos_turnover,PAYMENTS,0.44315553935748192
DFM-4_R1_P2,2023Q1,H2,standard,1,industrial_production,PRODUCTION,0.20463999569175459
DFM-4_R1_P2,2023Q1,H2,standard,1,ppi,PRICES,0.0093431575196089005
DFM-4_R1_P2,2023Q1,H2,standard,1,usd_uzs,FINANCIAL,-0.090045895755276606
DFM-4_R1_P2,2023Q1,H2,standard,1,rub_uzs,FINANCIAL,0.055125028386433898
DFM-4_R1_P2,2023Q1,H2,standard,1,gold_price,EXTERNAL,-0.1177837738395562
DFM-4_R1_P2,2023Q1,H2,standard,1,m2,FINANCIAL,0.53630519332636606
DFM-4_R1_P2,2023Q1,H2,standard,1,fx_reserves_ex_gold,FINANCIAL,-0.2082188579198217
DFM-4_R1_P2,2023Q1,H2,standard,1,pos_turnover,PAYMENTS,0.44942467111458467
DFM-4_R1_P2,2023Q1,H2,conservative,1,industrial_production,PRODUCTION,0.20463999569175459
DFM-4_R1_P2,2023Q1,H2,conservative,1,ppi,PRICES,0.0093431575196089005
DFM-4_R1_P2,2023Q1,H2,conservative,1,usd_uzs,FINANCIAL,-0.090045895755276606
DFM-4_R1_P2,2023Q1,H2,conservative,1,rub_uzs,FINANCIAL,0.055125028386433898
DFM-4_R1_P2,2023Q1,H2,conservative,1,gold_price,EXTERNAL,-0.1177837738395562
DFM-4_R1_P2,2023Q1,H2,conservative,1,m2,FINANCIAL,0.53630519332636606
DFM-4_R1_P2,2023Q1,H2,conservative,1,fx_reserves_ex_gold,FINANCIAL,-0.2082188579198217
DFM-4_R1_P2,2023Q1,H2,conservative,1,pos_turnover,PAYMENTS,0.44942467111458467
DFM-4_R1_P2,2023Q1,H3,standard,1,industrial_production,PRODUCTION,0.20463999569175459
DFM-4_R1_P2,2023Q1,H3,standard,1,ppi,PRICES,0.0093431575196089005
DFM-4_R1_P2,2023Q1,H3,standard,1,usd_uzs,FINANCIAL,-0.090045895755276606
DFM-4_R1_P2,2023Q1,H3,standard,1,rub_uzs,FINANCIAL,0.055125028386433898
DFM-4_R1_P2,2023Q1,H3,standard,1,gold_price,EXTERNAL,-0.1177837738395562
DFM-4_R1_P2,2023Q1,H3,standard,1,m2,FINANCIAL,0.53630519332636606
DFM-4_R1_P2,2023Q1,H3,standard,1,fx_reserves_ex_gold,FINANCIAL,-0.2082188579198217
DFM-4_R1_P2,2023Q1,H3,standard,1,pos_turnover,PAYMENTS,0.44942467111458467
DFM-4_R1_P2,2023Q1,H3,conservative,1,industrial_production,PRODUCTION,0.20463999569175459
DFM-4_R1_P2,2023Q1,H3,conservative,1,ppi,PRICES,0.0093431575196089005
DFM-4_R1_P2,2023Q1,H3,conservative,1,usd_uzs,FINANCIAL,-0.090045895755276606
DFM-4_R1_P2,2023Q1,H3,conservative,1,rub_uzs,FINANCIAL,0.055125028386433898
DFM-4_R1_P2,2023Q1,H3,conservative,1,gold_price,EXTERNAL,-0.1177837738395562
DFM-4_R1_P2,2023Q1,H3,conservative,1,m2,FINANCIAL,0.53630519332636606
DFM-4_R1_P2,2023Q1,H3,conservative,1,fx_reserves_ex_gold,FINANCIAL,-0.2082188579198217
DFM-4_R1_P2,2023Q1,H3,conservative,1,pos_turnover,PAYMENTS,0.44942467111458467
DFM-4_R1_P2,2023Q2,H1,standard,1,industrial_production,PRODUCTION,0.0750784382722232
DFM-4_R1_P2,2023Q2,H1,standard,1,ppi,PRICES,-0.0019571341539404001
DFM-4_R1_P2,2023Q2,H1,standard,1,usd_uzs,FINANCIAL,-0.088935987219063595
DFM-4_R1_P2,2023Q2,H1,standard,1,rub_uzs,FINANCIAL,0.015470279230982001
DFM-4_R1_P2,2023Q2,H1,standard,1,gold_price,EXTERNAL,-0.0814928939469792
DFM-4_R1_P2,2023Q2,H1,standard,1,m2,FINANCIAL,0.53287546718981016
DFM-4_R1_P2,2023Q2,H1,standard,1,fx_reserves_ex_gold,FINANCIAL,-0.24693352941166441
DFM-4_R1_P2,2023Q2,H1,standard,1,pos_turnover,PAYMENTS,0.45574756435540847
DFM-4_R1_P2,2023Q2,H1,conservative,1,industrial_production,PRODUCTION,0.070407576771003899
DFM-4_R1_P2,2023Q2,H1,conservative,1,ppi,PRICES,-0.0026685793967818
DFM-4_R1_P2,2023Q2,H1,conservative,1,usd_uzs,FINANCIAL,-0.086890205280610699
DFM-4_R1_P2,2023Q2,H1,conservative,1,rub_uzs,FINANCIAL,0.014377738844560501
DFM-4_R1_P2,2023Q2,H1,conservative,1,gold_price,EXTERNAL,-0.078117146330730594
DFM-4_R1_P2,2023Q2,H1,conservative,1,m2,FINANCIAL,0.53387122745509963
DFM-4_R1_P2,2023Q2,H1,conservative,1,fx_reserves_ex_gold,FINANCIAL,-0.2469339672601488
DFM-4_R1_P2,2023Q2,H1,conservative,1,pos_turnover,PAYMENTS,0.45252809650189368
DFM-4_R1_P2,2023Q2,H2,standard,1,industrial_production,PRODUCTION,0.073981668433586098
DFM-4_R1_P2,2023Q2,H2,standard,1,ppi,PRICES,-0.0019888935493656001
DFM-4_R1_P2,2023Q2,H2,standard,1,usd_uzs,FINANCIAL,-0.088996900760896405
DFM-4_R1_P2,2023Q2,H2,standard,1,rub_uzs,FINANCIAL,0.015468151954262399
DFM-4_R1_P2,2023Q2,H2,standard,1,gold_price,EXTERNAL,-0.081561611930343406
DFM-4_R1_P2,2023Q2,H2,standard,1,m2,FINANCIAL,0.53328941181430267
DFM-4_R1_P2,2023Q2,H2,standard,1,fx_reserves_ex_gold,FINANCIAL,-0.24710218513117349
DFM-4_R1_P2,2023Q2,H2,standard,1,pos_turnover,PAYMENTS,0.45609406887963572
DFM-4_R1_P2,2023Q2,H2,conservative,1,industrial_production,PRODUCTION,0.073981668433586098
DFM-4_R1_P2,2023Q2,H2,conservative,1,ppi,PRICES,-0.0019888935493656001
DFM-4_R1_P2,2023Q2,H2,conservative,1,usd_uzs,FINANCIAL,-0.088996900760896405
DFM-4_R1_P2,2023Q2,H2,conservative,1,rub_uzs,FINANCIAL,0.015468151954262399
DFM-4_R1_P2,2023Q2,H2,conservative,1,gold_price,EXTERNAL,-0.081561611930343406
DFM-4_R1_P2,2023Q2,H2,conservative,1,m2,FINANCIAL,0.53328941181430267
DFM-4_R1_P2,2023Q2,H2,conservative,1,fx_reserves_ex_gold,FINANCIAL,-0.24710218513117349
DFM-4_R1_P2,2023Q2,H2,conservative,1,pos_turnover,PAYMENTS,0.45609406887963572
DFM-4_R1_P2,2023Q2,H3,standard,1,industrial_production,PRODUCTION,0.073981668433586098
DFM-4_R1_P2,2023Q2,H3,standard,1,ppi,PRICES,-0.0019888935493656001
DFM-4_R1_P2,2023Q2,H3,standard,1,usd_uzs,FINANCIAL,-0.088996900760896405
DFM-4_R1_P2,2023Q2,H3,standard,1,rub_uzs,FINANCIAL,0.015468151954262399
DFM-4_R1_P2,2023Q2,H3,standard,1,gold_price,EXTERNAL,-0.081561611930343406
DFM-4_R1_P2,2023Q2,H3,standard,1,m2,FINANCIAL,0.53328941181430267
DFM-4_R1_P2,2023Q2,H3,standard,1,fx_reserves_ex_gold,FINANCIAL,-0.24710218513117349
DFM-4_R1_P2,2023Q2,H3,standard,1,pos_turnover,PAYMENTS,0.45609406887963572
DFM-4_R1_P2,2023Q2,H3,conservative,1,industrial_production,PRODUCTION,0.073981668433586098
DFM-4_R1_P2,2023Q2,H3,conservative,1,ppi,PRICES,-0.0019888935493656001
DFM-4_R1_P2,2023Q2,H3,conservative,1,usd_uzs,FINANCIAL,-0.088996900760896405
DFM-4_R1_P2,2023Q2,H3,conservative,1,rub_uzs,FINANCIAL,0.015468151954262399
DFM-4_R1_P2,2023Q2,H3,conservative,1,gold_price,EXTERNAL,-0.081561611930343406
DFM-4_R1_P2,2023Q2,H3,conservative,1,m2,FINANCIAL,0.53328941181430267
DFM-4_R1_P2,2023Q2,H3,conservative,1,fx_reserves_ex_gold,FINANCIAL,-0.24710218513117349
DFM-4_R1_P2,2023Q2,H3,conservative,1,pos_turnover,PAYMENTS,0.45609406887963572
DFM-4_R1_P2,2023Q3,H1,standard,1,industrial_production,PRODUCTION,0.093967685005880597
DFM-4_R1_P2,2023Q3,H1,standard,1,ppi,PRICES,-0.0019163059015611
DFM-4_R1_P2,2023Q3,H1,standard,1,usd_uzs,FINANCIAL,-0.089034156622076796
DFM-4_R1_P2,2023Q3,H1,standard,1,rub_uzs,FINANCIAL,0.0062129976506037996
DFM-4_R1_P2,2023Q3,H1,standard,1,gold_price,EXTERNAL,-0.073941343710196894
DFM-4_R1_P2,2023Q3,H1,standard,1,m2,FINANCIAL,0.45091735625639767
DFM-4_R1_P2,2023Q3,H1,standard,1,fx_reserves_ex_gold,FINANCIAL,-0.19921263786959309
DFM-4_R1_P2,2023Q3,H1,standard,1,pos_turnover,PAYMENTS,0.4067324595614622
DFM-4_R1_P2,2023Q3,H1,conservative,1,industrial_production,PRODUCTION,0.1013950818464224
DFM-4_R1_P2,2023Q3,H1,conservative,1,ppi,PRICES,-0.0066283438275379003
DFM-4_R1_P2,2023Q3,H1,conservative,1,usd_uzs,FINANCIAL,-0.0935355030158036
DFM-4_R1_P2,2023Q3,H1,conservative,1,rub_uzs,FINANCIAL,-0.0022029240723725999
DFM-4_R1_P2,2023Q3,H1,conservative,1,gold_price,EXTERNAL,-0.072811514784480405
DFM-4_R1_P2,2023Q3,H1,conservative,1,m2,FINANCIAL,0.38719406037863741
DFM-4_R1_P2,2023Q3,H1,conservative,1,fx_reserves_ex_gold,FINANCIAL,-0.21037549893677771
DFM-4_R1_P2,2023Q3,H1,conservative,1,pos_turnover,PAYMENTS,0.3750710301774825
DFM-4_R1_P2,2023Q3,H2,standard,1,industrial_production,PRODUCTION,0.094023455566884601
DFM-4_R1_P2,2023Q3,H2,standard,1,ppi,PRICES,-0.0019974490683295001
DFM-4_R1_P2,2023Q3,H2,standard,1,usd_uzs,FINANCIAL,-0.089230927421828199
DFM-4_R1_P2,2023Q3,H2,standard,1,rub_uzs,FINANCIAL,0.0060881268976289002
DFM-4_R1_P2,2023Q3,H2,standard,1,gold_price,EXTERNAL,-0.074050631758316401
DFM-4_R1_P2,2023Q3,H2,standard,1,m2,FINANCIAL,0.44991196547302831
DFM-4_R1_P2,2023Q3,H2,standard,1,fx_reserves_ex_gold,FINANCIAL,-0.1995261961939569
DFM-4_R1_P2,2023Q3,H2,standard,1,pos_turnover,PAYMENTS,0.40644290436938513
DFM-4_R1_P2,2023Q3,H2,conservative,1,industrial_production,PRODUCTION,0.094023455566884601
DFM-4_R1_P2,2023Q3,H2,conservative,1,ppi,PRICES,-0.0019974490683295001
DFM-4_R1_P2,2023Q3,H2,conservative,1,usd_uzs,FINANCIAL,-0.089230927421828199
DFM-4_R1_P2,2023Q3,H2,conservative,1,rub_uzs,FINANCIAL,0.0060881268976289002
DFM-4_R1_P2,2023Q3,H2,conservative,1,gold_price,EXTERNAL,-0.074050631758316401
DFM-4_R1_P2,2023Q3,H2,conservative,1,m2,FINANCIAL,0.44991196547302831
DFM-4_R1_P2,2023Q3,H2,conservative,1,fx_reserves_ex_gold,FINANCIAL,-0.1995261961939569
DFM-4_R1_P2,2023Q3,H2,conservative,1,pos_turnover,PAYMENTS,0.40644290436938513
DFM-4_R1_P2,2023Q3,H3,standard,1,industrial_production,PRODUCTION,0.094023455566884601
DFM-4_R1_P2,2023Q3,H3,standard,1,ppi,PRICES,-0.0019974490683295001
DFM-4_R1_P2,2023Q3,H3,standard,1,usd_uzs,FINANCIAL,-0.089230927421828199
DFM-4_R1_P2,2023Q3,H3,standard,1,rub_uzs,FINANCIAL,0.0060881268976289002
DFM-4_R1_P2,2023Q3,H3,standard,1,gold_price,EXTERNAL,-0.074050631758316401
DFM-4_R1_P2,2023Q3,H3,standard,1,m2,FINANCIAL,0.44991196547302831
DFM-4_R1_P2,2023Q3,H3,standard,1,fx_reserves_ex_gold,FINANCIAL,-0.1995261961939569
DFM-4_R1_P2,2023Q3,H3,standard,1,pos_turnover,PAYMENTS,0.40644290436938513
DFM-4_R1_P2,2023Q3,H3,conservative,1,industrial_production,PRODUCTION,0.094023455566884601
DFM-4_R1_P2,2023Q3,H3,conservative,1,ppi,PRICES,-0.0019974490683295001
DFM-4_R1_P2,2023Q3,H3,conservative,1,usd_uzs,FINANCIAL,-0.089230927421828199
DFM-4_R1_P2,2023Q3,H3,conservative,1,rub_uzs,FINANCIAL,0.0060881268976289002
DFM-4_R1_P2,2023Q3,H3,conservative,1,gold_price,EXTERNAL,-0.074050631758316401
DFM-4_R1_P2,2023Q3,H3,conservative,1,m2,FINANCIAL,0.44991196547302831
DFM-4_R1_P2,2023Q3,H3,conservative,1,fx_reserves_ex_gold,FINANCIAL,-0.1995261961939569
DFM-4_R1_P2,2023Q3,H3,conservative,1,pos_turnover,PAYMENTS,0.40644290436938513
DFM-4_R1_P2,2023Q4,H1,standard,1,industrial_production,PRODUCTION,0.1016784522556901
DFM-4_R1_P2,2023Q4,H1,standard,1,ppi,PRICES,-0.0044060912540321998
DFM-4_R1_P2,2023Q4,H1,standard,1,usd_uzs,FINANCIAL,-0.1033436831527963
DFM-4_R1_P2,2023Q4,H1,standard,1,rub_uzs,FINANCIAL,0.0057926003633563998
DFM-4_R1_P2,2023Q4,H1,standard,1,gold_price,EXTERNAL,-0.077892806909067497
DFM-4_R1_P2,2023Q4,H1,standard,1,m2,FINANCIAL,0.4458819244202335
DFM-4_R1_P2,2023Q4,H1,standard,1,fx_reserves_ex_gold,FINANCIAL,-0.17163338824355201
DFM-4_R1_P2,2023Q4,H1,standard,1,pos_turnover,PAYMENTS,0.41068906882830503
DFM-4_R1_P2,2023Q4,H1,conservative,1,industrial_production,PRODUCTION,0.087612903591830701
DFM-4_R1_P2,2023Q4,H1,conservative,1,ppi,PRICES,0.00016074096469479999
DFM-4_R1_P2,2023Q4,H1,conservative,1,usd_uzs,FINANCIAL,-0.10054689183114821
DFM-4_R1_P2,2023Q4,H1,conservative,1,rub_uzs,FINANCIAL,0.016062865289764298
DFM-4_R1_P2,2023Q4,H1,conservative,1,gold_price,EXTERNAL,-0.081007559303678103
DFM-4_R1_P2,2023Q4,H1,conservative,1,m2,FINANCIAL,0.53784110951137043
DFM-4_R1_P2,2023Q4,H1,conservative,1,fx_reserves_ex_gold,FINANCIAL,-0.19119815952605621
DFM-4_R1_P2,2023Q4,H1,conservative,1,pos_turnover,PAYMENTS,0.4615190972123091
DFM-4_R1_P2,2023Q4,H2,standard,1,industrial_production,PRODUCTION,0.1005931069184232
DFM-4_R1_P2,2023Q4,H2,standard,1,ppi,PRICES,-0.0045438159489103996
DFM-4_R1_P2,2023Q4,H2,standard,1,usd_uzs,FINANCIAL,-0.1032513112915783
DFM-4_R1_P2,2023Q4,H2,standard,1,rub_uzs,FINANCIAL,0.0055762551352964004
DFM-4_R1_P2,2023Q4,H2,standard,1,gold_price,EXTERNAL,-0.078117712063347902
DFM-4_R1_P2,2023Q4,H2,standard,1,m2,FINANCIAL,0.4450422441054912
DFM-4_R1_P2,2023Q4,H2,standard,1,fx_reserves_ex_gold,FINANCIAL,-0.1723532508966529
DFM-4_R1_P2,2023Q4,H2,standard,1,pos_turnover,PAYMENTS,0.41072614200808438
DFM-4_R1_P2,2023Q4,H2,conservative,1,industrial_production,PRODUCTION,0.1005931069184232
DFM-4_R1_P2,2023Q4,H2,conservative,1,ppi,PRICES,-0.0045438159489103996
DFM-4_R1_P2,2023Q4,H2,conservative,1,usd_uzs,FINANCIAL,-0.1032513112915783
DFM-4_R1_P2,2023Q4,H2,conservative,1,rub_uzs,FINANCIAL,0.0055762551352964004
DFM-4_R1_P2,2023Q4,H2,conservative,1,gold_price,EXTERNAL,-0.078117712063347902
DFM-4_R1_P2,2023Q4,H2,conservative,1,m2,FINANCIAL,0.4450422441054912
DFM-4_R1_P2,2023Q4,H2,conservative,1,fx_reserves_ex_gold,FINANCIAL,-0.1723532508966529
DFM-4_R1_P2,2023Q4,H2,conservative,1,pos_turnover,PAYMENTS,0.41072614200808438
DFM-4_R1_P2,2023Q4,H3,standard,1,industrial_production,PRODUCTION,0.1005931069184232
DFM-4_R1_P2,2023Q4,H3,standard,1,ppi,PRICES,-0.0045438159489103996
DFM-4_R1_P2,2023Q4,H3,standard,1,usd_uzs,FINANCIAL,-0.1032513112915783
DFM-4_R1_P2,2023Q4,H3,standard,1,rub_uzs,FINANCIAL,0.0055762551352964004
DFM-4_R1_P2,2023Q4,H3,standard,1,gold_price,EXTERNAL,-0.078117712063347902
DFM-4_R1_P2,2023Q4,H3,standard,1,m2,FINANCIAL,0.4450422441054912
DFM-4_R1_P2,2023Q4,H3,standard,1,fx_reserves_ex_gold,FINANCIAL,-0.1723532508966529
DFM-4_R1_P2,2023Q4,H3,standard,1,pos_turnover,PAYMENTS,0.41072614200808438
DFM-4_R1_P2,2023Q4,H3,conservative,1,industrial_production,PRODUCTION,0.1005931069184232
DFM-4_R1_P2,2023Q4,H3,conservative,1,ppi,PRICES,-0.0045438159489103996
DFM-4_R1_P2,2023Q4,H3,conservative,1,usd_uzs,FINANCIAL,-0.1032513112915783
DFM-4_R1_P2,2023Q4,H3,conservative,1,rub_uzs,FINANCIAL,0.0055762551352964004
DFM-4_R1_P2,2023Q4,H3,conservative,1,gold_price,EXTERNAL,-0.078117712063347902
DFM-4_R1_P2,2023Q4,H3,conservative,1,m2,FINANCIAL,0.4450422441054912
DFM-4_R1_P2,2023Q4,H3,conservative,1,fx_reserves_ex_gold,FINANCIAL,-0.1723532508966529
DFM-4_R1_P2,2023Q4,H3,conservative,1,pos_turnover,PAYMENTS,0.41072614200808438
DFM-4_R1_P2,2024Q1,H1,standard,1,industrial_production,PRODUCTION,0.083053783604492906
DFM-4_R1_P2,2024Q1,H1,standard,1,ppi,PRICES,-0.0215313939641644
DFM-4_R1_P2,2024Q1,H1,standard,1,usd_uzs,FINANCIAL,-0.10156944066851691
DFM-4_R1_P2,2024Q1,H1,standard,1,rub_uzs,FINANCIAL,0.0036323993555849999
DFM-4_R1_P2,2024Q1,H1,standard,1,gold_price,EXTERNAL,-0.0829876254222639
DFM-4_R1_P2,2024Q1,H1,standard,1,m2,FINANCIAL,0.49107386170964412
DFM-4_R1_P2,2024Q1,H1,standard,1,fx_reserves_ex_gold,FINANCIAL,-0.13883851531981031
DFM-4_R1_P2,2024Q1,H1,standard,1,pos_turnover,PAYMENTS,0.42182726431233031
DFM-4_R1_P2,2024Q1,H1,conservative,1,industrial_production,PRODUCTION,0.086612442607272702
DFM-4_R1_P2,2024Q1,H1,conservative,1,ppi,PRICES,-0.0215036981059171
DFM-4_R1_P2,2024Q1,H1,conservative,1,usd_uzs,FINANCIAL,-0.1002643603040452
DFM-4_R1_P2,2024Q1,H1,conservative,1,rub_uzs,FINANCIAL,0.0010009771323184001
DFM-4_R1_P2,2024Q1,H1,conservative,1,gold_price,EXTERNAL,-0.083423799914522603
DFM-4_R1_P2,2024Q1,H1,conservative,1,m2,FINANCIAL,0.46762609373770442
DFM-4_R1_P2,2024Q1,H1,conservative,1,fx_reserves_ex_gold,FINANCIAL,-0.1400496825516484
DFM-4_R1_P2,2024Q1,H1,conservative,1,pos_turnover,PAYMENTS,0.41593200941614139
DFM-4_R1_P2,2024Q1,H2,standard,1,industrial_production,PRODUCTION,0.078616503812649799
DFM-4_R1_P2,2024Q1,H2,standard,1,ppi,PRICES,-0.0215385225440804
DFM-4_R1_P2,2024Q1,H2,standard,1,usd_uzs,FINANCIAL,-0.1017305474233063
DFM-4_R1_P2,2024Q1,H2,standard,1,rub_uzs,FINANCIAL,0.0036558033133411
DFM-4_R1_P2,2024Q1,H2,standard,1,gold_price,EXTERNAL,-0.082996866070762704
DFM-4_R1_P2,2024Q1,H2,standard,1,m2,FINANCIAL,0.49195840473249541
DFM-4_R1_P2,2024Q1,H2,standard,1,fx_reserves_ex_gold,FINANCIAL,-0.1389129302856584
DFM-4_R1_P2,2024Q1,H2,standard,1,pos_turnover,PAYMENTS,0.42247976714595742
DFM-4_R1_P2,2024Q1,H2,conservative,1,industrial_production,PRODUCTION,0.078616503812649799
DFM-4_R1_P2,2024Q1,H2,conservative,1,ppi,PRICES,-0.0215385225440804
DFM-4_R1_P2,2024Q1,H2,conservative,1,usd_uzs,FINANCIAL,-0.1017305474233063
DFM-4_R1_P2,2024Q1,H2,conservative,1,rub_uzs,FINANCIAL,0.0036558033133411
DFM-4_R1_P2,2024Q1,H2,conservative,1,gold_price,EXTERNAL,-0.082996866070762704
DFM-4_R1_P2,2024Q1,H2,conservative,1,m2,FINANCIAL,0.49195840473249541
DFM-4_R1_P2,2024Q1,H2,conservative,1,fx_reserves_ex_gold,FINANCIAL,-0.1389129302856584
DFM-4_R1_P2,2024Q1,H2,conservative,1,pos_turnover,PAYMENTS,0.42247976714595742
DFM-4_R1_P2,2024Q1,H3,standard,1,industrial_production,PRODUCTION,0.078616503812649799
DFM-4_R1_P2,2024Q1,H3,standard,1,ppi,PRICES,-0.0215385225440804
DFM-4_R1_P2,2024Q1,H3,standard,1,usd_uzs,FINANCIAL,-0.1017305474233063
DFM-4_R1_P2,2024Q1,H3,standard,1,rub_uzs,FINANCIAL,0.0036558033133411
DFM-4_R1_P2,2024Q1,H3,standard,1,gold_price,EXTERNAL,-0.082996866070762704
DFM-4_R1_P2,2024Q1,H3,standard,1,m2,FINANCIAL,0.49195840473249541
DFM-4_R1_P2,2024Q1,H3,standard,1,fx_reserves_ex_gold,FINANCIAL,-0.1389129302856584
DFM-4_R1_P2,2024Q1,H3,standard,1,pos_turnover,PAYMENTS,0.42247976714595742
DFM-4_R1_P2,2024Q1,H3,conservative,1,industrial_production,PRODUCTION,0.078616503812649799
DFM-4_R1_P2,2024Q1,H3,conservative,1,ppi,PRICES,-0.0215385225440804
DFM-4_R1_P2,2024Q1,H3,conservative,1,usd_uzs,FINANCIAL,-0.1017305474233063
DFM-4_R1_P2,2024Q1,H3,conservative,1,rub_uzs,FINANCIAL,0.0036558033133411
DFM-4_R1_P2,2024Q1,H3,conservative,1,gold_price,EXTERNAL,-0.082996866070762704
DFM-4_R1_P2,2024Q1,H3,conservative,1,m2,FINANCIAL,0.49195840473249541
DFM-4_R1_P2,2024Q1,H3,conservative,1,fx_reserves_ex_gold,FINANCIAL,-0.1389129302856584
DFM-4_R1_P2,2024Q1,H3,conservative,1,pos_turnover,PAYMENTS,0.42247976714595742
DFM-4_R1_P2,2024Q2,H1,standard,1,industrial_production,PRODUCTION,0.016253542094556098
DFM-4_R1_P2,2024Q2,H1,standard,1,ppi,PRICES,-0.0211083764673205
DFM-4_R1_P2,2024Q2,H1,standard,1,usd_uzs,FINANCIAL,-0.0998022216491984
DFM-4_R1_P2,2024Q2,H1,standard,1,rub_uzs,FINANCIAL,0.0099973151747364992
DFM-4_R1_P2,2024Q2,H1,standard,1,gold_price,EXTERNAL,-0.076224813887522502
DFM-4_R1_P2,2024Q2,H1,standard,1,m2,FINANCIAL,0.54282706049092411
DFM-4_R1_P2,2024Q2,H1,standard,1,fx_reserves_ex_gold,FINANCIAL,-0.094743129519762798
DFM-4_R1_P2,2024Q2,H1,standard,1,pos_turnover,PAYMENTS,0.42960206917212851
DFM-4_R1_P2,2024Q2,H1,conservative,1,industrial_production,PRODUCTION,0.0191724951939003
DFM-4_R1_P2,2024Q2,H1,conservative,1,ppi,PRICES,-0.020773226938438898
DFM-4_R1_P2,2024Q2,H1,conservative,1,usd_uzs,FINANCIAL,-0.1000597385541144
DFM-4_R1_P2,2024Q2,H1,conservative,1,rub_uzs,FINANCIAL,0.0078739435240737995
DFM-4_R1_P2,2024Q2,H1,conservative,1,gold_price,EXTERNAL,-0.079059544080684593
DFM-4_R1_P2,2024Q2,H1,conservative,1,m2,FINANCIAL,0.52844636800471467
DFM-4_R1_P2,2024Q2,H1,conservative,1,fx_reserves_ex_gold,FINANCIAL,-0.094645874760964102
DFM-4_R1_P2,2024Q2,H1,conservative,1,pos_turnover,PAYMENTS,0.4235696318761869
DFM-4_R1_P2,2024Q2,H2,standard,1,industrial_production,PRODUCTION,0.0152479077980495
DFM-4_R1_P2,2024Q2,H2,standard,1,ppi,PRICES,-0.020842241067551299
DFM-4_R1_P2,2024Q2,H2,standard,1,usd_uzs,FINANCIAL,-0.098612444838486399
DFM-4_R1_P2,2024Q2,H2,standard,1,rub_uzs,FINANCIAL,0.0096721625880686005
DFM-4_R1_P2,2024Q2,H2,standard,1,gold_price,EXTERNAL,-0.075305050457297795
DFM-4_R1_P2,2024Q2,H2,standard,1,m2,FINANCIAL,0.53514427446573265
DFM-4_R1_P2,2024Q2,H2,standard,1,fx_reserves_ex_gold,FINANCIAL,-0.093760154496983994
DFM-4_R1_P2,2024Q2,H2,standard,1,pos_turnover,PAYMENTS,0.42399253461001568
DFM-4_R1_P2,2024Q2,H2,conservative,1,industrial_production,PRODUCTION,0.0152479077980495
DFM-4_R1_P2,2024Q2,H2,conservative,1,ppi,PRICES,-0.020842241067551299
DFM-4_R1_P2,2024Q2,H2,conservative,1,usd_uzs,FINANCIAL,-0.098612444838486399
DFM-4_R1_P2,2024Q2,H2,conservative,1,rub_uzs,FINANCIAL,0.0096721625880686005
DFM-4_R1_P2,2024Q2,H2,conservative,1,gold_price,EXTERNAL,-0.075305050457297795
DFM-4_R1_P2,2024Q2,H2,conservative,1,m2,FINANCIAL,0.53514427446573265
DFM-4_R1_P2,2024Q2,H2,conservative,1,fx_reserves_ex_gold,FINANCIAL,-0.093760154496983994
DFM-4_R1_P2,2024Q2,H2,conservative,1,pos_turnover,PAYMENTS,0.42399253461001568
DFM-4_R1_P2,2024Q2,H3,standard,1,industrial_production,PRODUCTION,0.0152479077980495
DFM-4_R1_P2,2024Q2,H3,standard,1,ppi,PRICES,-0.020842241067551299
DFM-4_R1_P2,2024Q2,H3,standard,1,usd_uzs,FINANCIAL,-0.098612444838486399
DFM-4_R1_P2,2024Q2,H3,standard,1,rub_uzs,FINANCIAL,0.0096721625880686005
DFM-4_R1_P2,2024Q2,H3,standard,1,gold_price,EXTERNAL,-0.075305050457297795
DFM-4_R1_P2,2024Q2,H3,standard,1,m2,FINANCIAL,0.53514427446573265
DFM-4_R1_P2,2024Q2,H3,standard,1,fx_reserves_ex_gold,FINANCIAL,-0.093760154496983994
DFM-4_R1_P2,2024Q2,H3,standard,1,pos_turnover,PAYMENTS,0.42399253461001568
DFM-4_R1_P2,2024Q2,H3,conservative,1,industrial_production,PRODUCTION,0.0152479077980495
DFM-4_R1_P2,2024Q2,H3,conservative,1,ppi,PRICES,-0.020842241067551299
DFM-4_R1_P2,2024Q2,H3,conservative,1,usd_uzs,FINANCIAL,-0.098612444838486399
DFM-4_R1_P2,2024Q2,H3,conservative,1,rub_uzs,FINANCIAL,0.0096721625880686005
DFM-4_R1_P2,2024Q2,H3,conservative,1,gold_price,EXTERNAL,-0.075305050457297795
DFM-4_R1_P2,2024Q2,H3,conservative,1,m2,FINANCIAL,0.53514427446573265
DFM-4_R1_P2,2024Q2,H3,conservative,1,fx_reserves_ex_gold,FINANCIAL,-0.093760154496983994
DFM-4_R1_P2,2024Q2,H3,conservative,1,pos_turnover,PAYMENTS,0.42399253461001568
DFM-4_R1_P2,2024Q3,H1,standard,1,industrial_production,PRODUCTION,0.012943509009611999
DFM-4_R1_P2,2024Q3,H1,standard,1,ppi,PRICES,-0.0201157002272681
DFM-4_R1_P2,2024Q3,H1,standard,1,usd_uzs,FINANCIAL,-0.100918548875828
DFM-4_R1_P2,2024Q3,H1,standard,1,rub_uzs,FINANCIAL,0.013189488119607301
DFM-4_R1_P2,2024Q3,H1,standard,1,gold_price,EXTERNAL,-0.072128141747188096
DFM-4_R1_P2,2024Q3,H1,standard,1,m2,FINANCIAL,0.53755519035309507
DFM-4_R1_P2,2024Q3,H1,standard,1,fx_reserves_ex_gold,FINANCIAL,-0.090752993679631105
DFM-4_R1_P2,2024Q3,H1,standard,1,pos_turnover,PAYMENTS,0.41579512143058062
DFM-4_R1_P2,2024Q3,H1,conservative,1,industrial_production,PRODUCTION,0.0129422315663851
DFM-4_R1_P2,2024Q3,H1,conservative,1,ppi,PRICES,-0.020505528739165401
DFM-4_R1_P2,2024Q3,H1,conservative,1,usd_uzs,FINANCIAL,-0.10071700366147469
DFM-4_R1_P2,2024Q3,H1,conservative,1,rub_uzs,FINANCIAL,0.0127689666569323
DFM-4_R1_P2,2024Q3,H1,conservative,1,gold_price,EXTERNAL,-0.072717181303951606
DFM-4_R1_P2,2024Q3,H1,conservative,1,m2,FINANCIAL,0.53865768495591337
DFM-4_R1_P2,2024Q3,H1,conservative,1,fx_reserves_ex_gold,FINANCIAL,-0.091683028757337998
DFM-4_R1_P2,2024Q3,H1,conservative,1,pos_turnover,PAYMENTS,0.418366083573812
DFM-4_R1_P2,2024Q3,H2,standard,1,industrial_production,PRODUCTION,0.016312043299657498
DFM-4_R1_P2,2024Q3,H2,standard,1,ppi,PRICES,-0.020072151504373598
DFM-4_R1_P2,2024Q3,H2,standard,1,usd_uzs,FINANCIAL,-0.1010742194200691
DFM-4_R1_P2,2024Q3,H2,standard,1,rub_uzs,FINANCIAL,0.013009645065397301
DFM-4_R1_P2,2024Q3,H2,standard,1,gold_price,EXTERNAL,-0.072208331909815501
DFM-4_R1_P2,2024Q3,H2,standard,1,m2,FINANCIAL,0.5370450243723679
DFM-4_R1_P2,2024Q3,H2,standard,1,fx_reserves_ex_gold,FINANCIAL,-0.091190573919821993
DFM-4_R1_P2,2024Q3,H2,standard,1,pos_turnover,PAYMENTS,0.41596145733793932
DFM-4_R1_P2,2024Q3,H2,conservative,1,industrial_production,PRODUCTION,0.016312043299657498
DFM-4_R1_P2,2024Q3,H2,conservative,1,ppi,PRICES,-0.020072151504373598
DFM-4_R1_P2,2024Q3,H2,conservative,1,usd_uzs,FINANCIAL,-0.1010742194200691
DFM-4_R1_P2,2024Q3,H2,conservative,1,rub_uzs,FINANCIAL,0.013009645065397301
DFM-4_R1_P2,2024Q3,H2,conservative,1,gold_price,EXTERNAL,-0.072208331909815501
DFM-4_R1_P2,2024Q3,H2,conservative,1,m2,FINANCIAL,0.5370450243723679
DFM-4_R1_P2,2024Q3,H2,conservative,1,fx_reserves_ex_gold,FINANCIAL,-0.091190573919821993
DFM-4_R1_P2,2024Q3,H2,conservative,1,pos_turnover,PAYMENTS,0.41596145733793932
DFM-4_R1_P2,2024Q3,H3,standard,1,industrial_production,PRODUCTION,0.016312043299657498
DFM-4_R1_P2,2024Q3,H3,standard,1,ppi,PRICES,-0.020072151504373598
DFM-4_R1_P2,2024Q3,H3,standard,1,usd_uzs,FINANCIAL,-0.1010742194200691
DFM-4_R1_P2,2024Q3,H3,standard,1,rub_uzs,FINANCIAL,0.013009645065397301
DFM-4_R1_P2,2024Q3,H3,standard,1,gold_price,EXTERNAL,-0.072208331909815501
DFM-4_R1_P2,2024Q3,H3,standard,1,m2,FINANCIAL,0.5370450243723679
DFM-4_R1_P2,2024Q3,H3,standard,1,fx_reserves_ex_gold,FINANCIAL,-0.091190573919821993
DFM-4_R1_P2,2024Q3,H3,standard,1,pos_turnover,PAYMENTS,0.41596145733793932
DFM-4_R1_P2,2024Q3,H3,conservative,1,industrial_production,PRODUCTION,0.016312043299657498
DFM-4_R1_P2,2024Q3,H3,conservative,1,ppi,PRICES,-0.020072151504373598
DFM-4_R1_P2,2024Q3,H3,conservative,1,usd_uzs,FINANCIAL,-0.1010742194200691
DFM-4_R1_P2,2024Q3,H3,conservative,1,rub_uzs,FINANCIAL,0.013009645065397301
DFM-4_R1_P2,2024Q3,H3,conservative,1,gold_price,EXTERNAL,-0.072208331909815501
DFM-4_R1_P2,2024Q3,H3,conservative,1,m2,FINANCIAL,0.5370450243723679
DFM-4_R1_P2,2024Q3,H3,conservative,1,fx_reserves_ex_gold,FINANCIAL,-0.091190573919821993
DFM-4_R1_P2,2024Q3,H3,conservative,1,pos_turnover,PAYMENTS,0.41596145733793932
DFM-4_R1_P2,2024Q4,H1,standard,1,industrial_production,PRODUCTION,0.0219038193804591
DFM-4_R1_P2,2024Q4,H1,standard,1,ppi,PRICES,-0.025816195911115801
DFM-4_R1_P2,2024Q4,H1,standard,1,usd_uzs,FINANCIAL,-0.1042960008737002
DFM-4_R1_P2,2024Q4,H1,standard,1,rub_uzs,FINANCIAL,0.0088201785471244999
DFM-4_R1_P2,2024Q4,H1,standard,1,gold_price,EXTERNAL,-0.0601774823405734
DFM-4_R1_P2,2024Q4,H1,standard,1,m2,FINANCIAL,0.5337605887094079
DFM-4_R1_P2,2024Q4,H1,standard,1,fx_reserves_ex_gold,FINANCIAL,-0.084257417658192002
DFM-4_R1_P2,2024Q4,H1,standard,1,pos_turnover,PAYMENTS,0.40339447128491412
DFM-4_R1_P2,2024Q4,H1,conservative,1,industrial_production,PRODUCTION,0.012376667313373099
DFM-4_R1_P2,2024Q4,H1,conservative,1,ppi,PRICES,-0.024722052733024
DFM-4_R1_P2,2024Q4,H1,conservative,1,usd_uzs,FINANCIAL,-0.1040169293895148
DFM-4_R1_P2,2024Q4,H1,conservative,1,rub_uzs,FINANCIAL,0.016456740705651798
DFM-4_R1_P2,2024Q4,H1,conservative,1,gold_price,EXTERNAL,-0.065357645622197702
DFM-4_R1_P2,2024Q4,H1,conservative,1,m2,FINANCIAL,0.55518965580850155
DFM-4_R1_P2,2024Q4,H1,conservative,1,fx_reserves_ex_gold,FINANCIAL,-0.085812125028437894
DFM-4_R1_P2,2024Q4,H1,conservative,1,pos_turnover,PAYMENTS,0.4124616988439464
DFM-4_R1_P2,2024Q4,H2,standard,1,industrial_production,PRODUCTION,0.024297856364880001
DFM-4_R1_P2,2024Q4,H2,standard,1,ppi,PRICES,-0.025711745653359801
DFM-4_R1_P2,2024Q4,H2,standard,1,usd_uzs,FINANCIAL,-0.1042231593403625
DFM-4_R1_P2,2024Q4,H2,standard,1,rub_uzs,FINANCIAL,0.0088741273568272005
DFM-4_R1_P2,2024Q4,H2,standard,1,gold_price,EXTERNAL,-0.060113280261852101
DFM-4_R1_P2,2024Q4,H2,standard,1,m2,FINANCIAL,0.53340083968592655
DFM-4_R1_P2,2024Q4,H2,standard,1,fx_reserves_ex_gold,FINANCIAL,-0.084260275826766096
DFM-4_R1_P2,2024Q4,H2,standard,1,pos_turnover,PAYMENTS,0.40310130910832642
DFM-4_R1_P2,2024Q4,H2,conservative,1,industrial_production,PRODUCTION,0.024297856364880001
DFM-4_R1_P2,2024Q4,H2,conservative,1,ppi,PRICES,-0.025711745653359801
DFM-4_R1_P2,2024Q4,H2,conservative,1,usd_uzs,FINANCIAL,-0.1042231593403625
DFM-4_R1_P2,2024Q4,H2,conservative,1,rub_uzs,FINANCIAL,0.0088741273568272005
DFM-4_R1_P2,2024Q4,H2,conservative,1,gold_price,EXTERNAL,-0.060113280261852101
DFM-4_R1_P2,2024Q4,H2,conservative,1,m2,FINANCIAL,0.53340083968592655
DFM-4_R1_P2,2024Q4,H2,conservative,1,fx_reserves_ex_gold,FINANCIAL,-0.084260275826766096
DFM-4_R1_P2,2024Q4,H2,conservative,1,pos_turnover,PAYMENTS,0.40310130910832642
DFM-4_R1_P2,2024Q4,H3,standard,1,industrial_production,PRODUCTION,0.024297856364880001
DFM-4_R1_P2,2024Q4,H3,standard,1,ppi,PRICES,-0.025711745653359801
DFM-4_R1_P2,2024Q4,H3,standard,1,usd_uzs,FINANCIAL,-0.1042231593403625
DFM-4_R1_P2,2024Q4,H3,standard,1,rub_uzs,FINANCIAL,0.0088741273568272005
DFM-4_R1_P2,2024Q4,H3,standard,1,gold_price,EXTERNAL,-0.060113280261852101
DFM-4_R1_P2,2024Q4,H3,standard,1,m2,FINANCIAL,0.53340083968592655
DFM-4_R1_P2,2024Q4,H3,standard,1,fx_reserves_ex_gold,FINANCIAL,-0.084260275826766096
DFM-4_R1_P2,2024Q4,H3,standard,1,pos_turnover,PAYMENTS,0.40310130910832642
DFM-4_R1_P2,2024Q4,H3,conservative,1,industrial_production,PRODUCTION,0.024297856364880001
DFM-4_R1_P2,2024Q4,H3,conservative,1,ppi,PRICES,-0.025711745653359801
DFM-4_R1_P2,2024Q4,H3,conservative,1,usd_uzs,FINANCIAL,-0.1042231593403625
DFM-4_R1_P2,2024Q4,H3,conservative,1,rub_uzs,FINANCIAL,0.0088741273568272005
DFM-4_R1_P2,2024Q4,H3,conservative,1,gold_price,EXTERNAL,-0.060113280261852101
DFM-4_R1_P2,2024Q4,H3,conservative,1,m2,FINANCIAL,0.53340083968592655
DFM-4_R1_P2,2024Q4,H3,conservative,1,fx_reserves_ex_gold,FINANCIAL,-0.084260275826766096
DFM-4_R1_P2,2024Q4,H3,conservative,1,pos_turnover,PAYMENTS,0.40310130910832642
DFM-4_R1_P2,2025Q1,H1,standard,1,industrial_production,PRODUCTION,0.034756701431689199
DFM-4_R1_P2,2025Q1,H1,standard,1,ppi,PRICES,-0.031036872304176101
DFM-4_R1_P2,2025Q1,H1,standard,1,usd_uzs,FINANCIAL,-0.1006482336348149
DFM-4_R1_P2,2025Q1,H1,standard,1,rub_uzs,FINANCIAL,-0.0076485950308794
DFM-4_R1_P2,2025Q1,H1,standard,1,gold_price,EXTERNAL,-0.053854609216108199
DFM-4_R1_P2,2025Q1,H1,standard,1,m2,FINANCIAL,0.49080943420477657
DFM-4_R1_P2,2025Q1,H1,standard,1,fx_reserves_ex_gold,FINANCIAL,-0.060275874050246599
DFM-4_R1_P2,2025Q1,H1,standard,1,pos_turnover,PAYMENTS,0.34488576151547062
DFM-4_R1_P2,2025Q1,H1,conservative,1,industrial_production,PRODUCTION,0.037511068244494399
DFM-4_R1_P2,2025Q1,H1,conservative,1,ppi,PRICES,-0.031509119705598401
DFM-4_R1_P2,2025Q1,H1,conservative,1,usd_uzs,FINANCIAL,-0.10195055250830171
DFM-4_R1_P2,2025Q1,H1,conservative,1,rub_uzs,FINANCIAL,-0.0079648867518221002
DFM-4_R1_P2,2025Q1,H1,conservative,1,gold_price,EXTERNAL,-0.055580967560732698
DFM-4_R1_P2,2025Q1,H1,conservative,1,m2,FINANCIAL,0.49226579380454327
DFM-4_R1_P2,2025Q1,H1,conservative,1,fx_reserves_ex_gold,FINANCIAL,-0.064620272055245898
DFM-4_R1_P2,2025Q1,H1,conservative,1,pos_turnover,PAYMENTS,0.3636197980343307
DFM-4_R1_P2,2025Q1,H2,standard,1,industrial_production,PRODUCTION,0.038176687150300301
DFM-4_R1_P2,2025Q1,H2,standard,1,ppi,PRICES,-0.030996862523370701
DFM-4_R1_P2,2025Q1,H2,standard,1,usd_uzs,FINANCIAL,-0.10057057616062989
DFM-4_R1_P2,2025Q1,H2,standard,1,rub_uzs,FINANCIAL,-0.0076137604612499998
DFM-4_R1_P2,2025Q1,H2,standard,1,gold_price,EXTERNAL,-0.053838379624444203
DFM-4_R1_P2,2025Q1,H2,standard,1,m2,FINANCIAL,0.49021393999197022
DFM-4_R1_P2,2025Q1,H2,standard,1,fx_reserves_ex_gold,FINANCIAL,-0.060418904357169401
DFM-4_R1_P2,2025Q1,H2,standard,1,pos_turnover,PAYMENTS,0.34456200857940272
DFM-4_R1_P2,2025Q1,H2,conservative,1,industrial_production,PRODUCTION,0.038176687150300301
DFM-4_R1_P2,2025Q1,H2,conservative,1,ppi,PRICES,-0.030996862523370701
DFM-4_R1_P2,2025Q1,H2,conservative,1,usd_uzs,FINANCIAL,-0.10057057616062989
DFM-4_R1_P2,2025Q1,H2,conservative,1,rub_uzs,FINANCIAL,-0.0076137604612499998
DFM-4_R1_P2,2025Q1,H2,conservative,1,gold_price,EXTERNAL,-0.053838379624444203
DFM-4_R1_P2,2025Q1,H2,conservative,1,m2,FINANCIAL,0.49021393999197022
DFM-4_R1_P2,2025Q1,H2,conservative,1,fx_reserves_ex_gold,FINANCIAL,-0.060418904357169401
DFM-4_R1_P2,2025Q1,H2,conservative,1,pos_turnover,PAYMENTS,0.34456200857940272
DFM-4_R1_P2,2025Q1,H3,standard,1,industrial_production,PRODUCTION,0.038176687150300301
DFM-4_R1_P2,2025Q1,H3,standard,1,ppi,PRICES,-0.030996862523370701
DFM-4_R1_P2,2025Q1,H3,standard,1,usd_uzs,FINANCIAL,-0.10057057616062989
DFM-4_R1_P2,2025Q1,H3,standard,1,rub_uzs,FINANCIAL,-0.0076137604612499998
DFM-4_R1_P2,2025Q1,H3,standard,1,gold_price,EXTERNAL,-0.053838379624444203
DFM-4_R1_P2,2025Q1,H3,standard,1,m2,FINANCIAL,0.49021393999197022
DFM-4_R1_P2,2025Q1,H3,standard,1,fx_reserves_ex_gold,FINANCIAL,-0.060418904357169401
DFM-4_R1_P2,2025Q1,H3,standard,1,pos_turnover,PAYMENTS,0.34456200857940272
DFM-4_R1_P2,2025Q1,H3,conservative,1,industrial_production,PRODUCTION,0.038176687150300301
DFM-4_R1_P2,2025Q1,H3,conservative,1,ppi,PRICES,-0.030996862523370701
DFM-4_R1_P2,2025Q1,H3,conservative,1,usd_uzs,FINANCIAL,-0.10057057616062989
DFM-4_R1_P2,2025Q1,H3,conservative,1,rub_uzs,FINANCIAL,-0.0076137604612499998
DFM-4_R1_P2,2025Q1,H3,conservative,1,gold_price,EXTERNAL,-0.053838379624444203
DFM-4_R1_P2,2025Q1,H3,conservative,1,m2,FINANCIAL,0.49021393999197022
DFM-4_R1_P2,2025Q1,H3,conservative,1,fx_reserves_ex_gold,FINANCIAL,-0.060418904357169401
DFM-4_R1_P2,2025Q1,H3,conservative,1,pos_turnover,PAYMENTS,0.34456200857940272
DFM-4_R1_P2,2025Q2,H1,standard,1,industrial_production,PRODUCTION,0.0199229897403225
DFM-4_R1_P2,2025Q2,H1,standard,1,ppi,PRICES,-0.040521600858142999
DFM-4_R1_P2,2025Q2,H1,standard,1,usd_uzs,FINANCIAL,-0.10827791889323771
DFM-4_R1_P2,2025Q2,H1,standard,1,rub_uzs,FINANCIAL,0.0311808127069199
DFM-4_R1_P2,2025Q2,H1,standard,1,gold_price,EXTERNAL,-0.0194348165303357
DFM-4_R1_P2,2025Q2,H1,standard,1,m2,FINANCIAL,0.54303233274175022
DFM-4_R1_P2,2025Q2,H1,standard,1,fx_reserves_ex_gold,FINANCIAL,-0.0047974637311205002
DFM-4_R1_P2,2025Q2,H1,standard,1,pos_turnover,PAYMENTS,0.35926607326468368
DFM-4_R1_P2,2025Q2,H1,conservative,1,industrial_production,PRODUCTION,0.022695792214293801
DFM-4_R1_P2,2025Q2,H1,conservative,1,ppi,PRICES,-0.042358961562625599
DFM-4_R1_P2,2025Q2,H1,conservative,1,usd_uzs,FINANCIAL,-0.11130606283179351
DFM-4_R1_P2,2025Q2,H1,conservative,1,rub_uzs,FINANCIAL,0.0287098900788712
DFM-4_R1_P2,2025Q2,H1,conservative,1,gold_price,EXTERNAL,-0.020177401896066999
DFM-4_R1_P2,2025Q2,H1,conservative,1,m2,FINANCIAL,0.55316232044340785
DFM-4_R1_P2,2025Q2,H1,conservative,1,fx_reserves_ex_gold,FINANCIAL,-0.0068402913912969003
DFM-4_R1_P2,2025Q2,H1,conservative,1,pos_turnover,PAYMENTS,0.36839963375780871
DFM-4_R1_P2,2025Q2,H2,standard,1,industrial_production,PRODUCTION,0.023453547515664599
DFM-4_R1_P2,2025Q2,H2,standard,1,ppi,PRICES,-0.040409942339815298
DFM-4_R1_P2,2025Q2,H2,standard,1,usd_uzs,FINANCIAL,-0.1081872156565528
DFM-4_R1_P2,2025Q2,H2,standard,1,rub_uzs,FINANCIAL,0.031070230623495499
DFM-4_R1_P2,2025Q2,H2,standard,1,gold_price,EXTERNAL,-0.019413014389265799
DFM-4_R1_P2,2025Q2,H2,standard,1,m2,FINANCIAL,0.54215669011529455
DFM-4_R1_P2,2025Q2,H2,standard,1,fx_reserves_ex_gold,FINANCIAL,-0.0049250464541697996
DFM-4_R1_P2,2025Q2,H2,standard,1,pos_turnover,PAYMENTS,0.35886337801098372
DFM-4_R1_P2,2025Q2,H2,conservative,1,industrial_production,PRODUCTION,0.023453547515664599
DFM-4_R1_P2,2025Q2,H2,conservative,1,ppi,PRICES,-0.040409942339815298
DFM-4_R1_P2,2025Q2,H2,conservative,1,usd_uzs,FINANCIAL,-0.1081872156565528
DFM-4_R1_P2,2025Q2,H2,conservative,1,rub_uzs,FINANCIAL,0.031070230623495499
DFM-4_R1_P2,2025Q2,H2,conservative,1,gold_price,EXTERNAL,-0.019413014389265799
DFM-4_R1_P2,2025Q2,H2,conservative,1,m2,FINANCIAL,0.54215669011529455
DFM-4_R1_P2,2025Q2,H2,conservative,1,fx_reserves_ex_gold,FINANCIAL,-0.0049250464541697996
DFM-4_R1_P2,2025Q2,H2,conservative,1,pos_turnover,PAYMENTS,0.35886337801098372
DFM-4_R1_P2,2025Q2,H3,standard,1,industrial_production,PRODUCTION,0.023453547515664599
DFM-4_R1_P2,2025Q2,H3,standard,1,ppi,PRICES,-0.040409942339815298
DFM-4_R1_P2,2025Q2,H3,standard,1,usd_uzs,FINANCIAL,-0.1081872156565528
DFM-4_R1_P2,2025Q2,H3,standard,1,rub_uzs,FINANCIAL,0.031070230623495499
DFM-4_R1_P2,2025Q2,H3,standard,1,gold_price,EXTERNAL,-0.019413014389265799
DFM-4_R1_P2,2025Q2,H3,standard,1,m2,FINANCIAL,0.54215669011529455
DFM-4_R1_P2,2025Q2,H3,standard,1,fx_reserves_ex_gold,FINANCIAL,-0.0049250464541697996
DFM-4_R1_P2,2025Q2,H3,standard,1,pos_turnover,PAYMENTS,0.35886337801098372
DFM-4_R1_P2,2025Q2,H3,conservative,1,industrial_production,PRODUCTION,0.023453547515664599
DFM-4_R1_P2,2025Q2,H3,conservative,1,ppi,PRICES,-0.040409942339815298
DFM-4_R1_P2,2025Q2,H3,conservative,1,usd_uzs,FINANCIAL,-0.1081872156565528
DFM-4_R1_P2,2025Q2,H3,conservative,1,rub_uzs,FINANCIAL,0.031070230623495499
DFM-4_R1_P2,2025Q2,H3,conservative,1,gold_price,EXTERNAL,-0.019413014389265799
DFM-4_R1_P2,2025Q2,H3,conservative,1,m2,FINANCIAL,0.54215669011529455
DFM-4_R1_P2,2025Q2,H3,conservative,1,fx_reserves_ex_gold,FINANCIAL,-0.0049250464541697996
DFM-4_R1_P2,2025Q2,H3,conservative,1,pos_turnover,PAYMENTS,0.35886337801098372
DFM-4_R2_P1,2022Q2,H1,standard,1,industrial_production,PRODUCTION,0.60094581300422845
DFM-4_R2_P1,2022Q2,H1,standard,1,ppi,PRICES,0.058519220592022497
DFM-4_R2_P1,2022Q2,H1,standard,1,usd_uzs,FINANCIAL,-0.13349231985486509
DFM-4_R2_P1,2022Q2,H1,standard,1,rub_uzs,FINANCIAL,-0.084870434977656103
DFM-4_R2_P1,2022Q2,H1,standard,1,gold_price,EXTERNAL,-0.110938509583941
DFM-4_R2_P1,2022Q2,H1,standard,1,m2,FINANCIAL,0.2743102266504282
DFM-4_R2_P1,2022Q2,H1,standard,1,fx_reserves_ex_gold,FINANCIAL,-0.37540719088735419
DFM-4_R2_P1,2022Q2,H1,standard,1,pos_turnover,PAYMENTS,0.4267083369176346
DFM-4_R2_P1,2022Q2,H1,standard,2,industrial_production,PRODUCTION,-0.046155422675995997
DFM-4_R2_P1,2022Q2,H1,standard,2,ppi,PRICES,-0.13924952119513659
DFM-4_R2_P1,2022Q2,H1,standard,2,usd_uzs,FINANCIAL,-0.14589662705304321
DFM-4_R2_P1,2022Q2,H1,standard,2,rub_uzs,FINANCIAL,-0.1270118024357261
DFM-4_R2_P1,2022Q2,H1,standard,2,gold_price,EXTERNAL,-0.1301389846122977
DFM-4_R2_P1,2022Q2,H1,standard,2,m2,FINANCIAL,0.14002297989492041
DFM-4_R2_P1,2022Q2,H1,standard,2,fx_reserves_ex_gold,FINANCIAL,0.27356256380485711
DFM-4_R2_P1,2022Q2,H1,standard,2,pos_turnover,PAYMENTS,0.29906009095459563
DFM-4_R2_P1,2022Q3,H1,conservative,1,industrial_production,PRODUCTION,0.46669728296861918
DFM-4_R2_P1,2022Q3,H1,conservative,1,ppi,PRICES,0.049954697890129802
DFM-4_R2_P1,2022Q3,H1,conservative,1,usd_uzs,FINANCIAL,-0.1760306532671729
DFM-4_R2_P1,2022Q3,H1,conservative,1,rub_uzs,FINANCIAL,0.079198719596409201
DFM-4_R2_P1,2022Q3,H1,conservative,1,gold_price,EXTERNAL,-0.15279740985283391
DFM-4_R2_P1,2022Q3,H1,conservative,1,m2,FINANCIAL,0.32661987042674828
DFM-4_R2_P1,2022Q3,H1,conservative,1,fx_reserves_ex_gold,FINANCIAL,-0.2503299719107962
DFM-4_R2_P1,2022Q3,H1,conservative,1,pos_turnover,PAYMENTS,0.4516969365391208
DFM-4_R2_P1,2022Q3,H1,conservative,2,industrial_production,PRODUCTION,-0.24759404490181741
DFM-4_R2_P1,2022Q3,H1,conservative,2,ppi,PRICES,-0.088316235303349699
DFM-4_R2_P1,2022Q3,H1,conservative,2,usd_uzs,FINANCIAL,-0.092602900665481505
DFM-4_R2_P1,2022Q3,H1,conservative,2,rub_uzs,FINANCIAL,0.0663161376314544
DFM-4_R2_P1,2022Q3,H1,conservative,2,gold_price,EXTERNAL,-0.086460642253633105
DFM-4_R2_P1,2022Q3,H1,conservative,2,m2,FINANCIAL,0.1644644651497762
DFM-4_R2_P1,2022Q3,H1,conservative,2,fx_reserves_ex_gold,FINANCIAL,0.3360310594832529
DFM-4_R2_P1,2022Q3,H1,conservative,2,pos_turnover,PAYMENTS,0.1513644848584198
DFM-4_R2_P1,2023Q2,H1,conservative,1,industrial_production,PRODUCTION,0.20445941754568189
DFM-4_R2_P1,2023Q2,H1,conservative,1,ppi,PRICES,0.0204792592938659
DFM-4_R2_P1,2023Q2,H1,conservative,1,usd_uzs,FINANCIAL,-0.1082534114040746
DFM-4_R2_P1,2023Q2,H1,conservative,1,rub_uzs,FINANCIAL,0.052929797810858402
DFM-4_R2_P1,2023Q2,H1,conservative,1,gold_price,EXTERNAL,-0.1117937975524908
DFM-4_R2_P1,2023Q2,H1,conservative,1,m2,FINANCIAL,0.55969464471452846
DFM-4_R2_P1,2023Q2,H1,conservative,1,fx_reserves_ex_gold,FINANCIAL,-0.30405386533719958
DFM-4_R2_P1,2023Q2,H1,conservative,1,pos_turnover,PAYMENTS,0.4877335375255395
DFM-4_R2_P1,2023Q2,H1,conservative,2,industrial_production,PRODUCTION,0.5964021002716674
DFM-4_R2_P1,2023Q2,H1,conservative,2,ppi,PRICES,0.080607698048982601
DFM-4_R2_P1,2023Q2,H1,conservative,2,usd_uzs,FINANCIAL,-0.072597877146089895
DFM-4_R2_P1,2023Q2,H1,conservative,2,rub_uzs,FINANCIAL,0.059566863363020597
DFM-4_R2_P1,2023Q2,H1,conservative,2,gold_price,EXTERNAL,-0.10955762671552249
DFM-4_R2_P1,2023Q2,H1,conservative,2,m2,FINANCIAL,-0.10062565440054599
DFM-4_R2_P1,2023Q2,H1,conservative,2,fx_reserves_ex_gold,FINANCIAL,-0.1555100418555346
DFM-4_R2_P1,2023Q2,H1,conservative,2,pos_turnover,PAYMENTS,0.038852902717337601
DFM-4_R2_P1,2024Q1,H1,standard,1,industrial_production,PRODUCTION,0.017531402992555501
DFM-4_R2_P1,2024Q1,H1,standard,1,ppi,PRICES,-0.018208472615446399
DFM-4_R2_P1,2024Q1,H1,standard,1,usd_uzs,FINANCIAL,-0.096199861734314496
DFM-4_R2_P1,2024Q1,H1,standard,1,rub_uzs,FINANCIAL,0.045098891548764099
DFM-4_R2_P1,2024Q1,H1,standard,1,gold_price,EXTERNAL,-0.075881898123763003
DFM-4_R2_P1,2024Q1,H1,standard,1,m2,FINANCIAL,0.62970014926437901
DFM-4_R2_P1,2024Q1,H1,standard,1,fx_reserves_ex_gold,FINANCIAL,-0.085324414446657004
DFM-4_R2_P1,2024Q1,H1,standard,1,pos_turnover,PAYMENTS,0.4504152653229509
DFM-4_R2_P1,2024Q1,H1,standard,2,industrial_production,PRODUCTION,-0.2211322398596702
DFM-4_R2_P1,2024Q1,H1,standard,2,ppi,PRICES,-0.021852083487376599
DFM-4_R2_P1,2024Q1,H1,standard,2,usd_uzs,FINANCIAL,-0.045629533275276898
DFM-4_R2_P1,2024Q1,H1,standard,2,rub_uzs,FINANCIAL,0.080227059454038796
DFM-4_R2_P1,2024Q1,H1,standard,2,gold_price,EXTERNAL,0.0050932801953740003
DFM-4_R2_P1,2024Q1,H1,standard,2,m2,FINANCIAL,0.079356772721728502
DFM-4_R2_P1,2024Q1,H1,standard,2,fx_reserves_ex_gold,FINANCIAL,0.52406386566034635
DFM-4_R2_P1,2024Q1,H1,standard,2,pos_turnover,PAYMENTS,-0.10332346673914029
DFM-4_R2_P1,2024Q1,H1,conservative,1,industrial_production,PRODUCTION,0.091324322191198903
DFM-4_R2_P1,2024Q1,H1,conservative,1,ppi,PRICES,-0.0081382442849678993
DFM-4_R2_P1,2024Q1,H1,conservative,1,usd_uzs,FINANCIAL,-0.0701139851109326
DFM-4_R2_P1,2024Q1,H1,conservative,1,rub_uzs,FINANCIAL,0.01250223793186
DFM-4_R2_P1,2024Q1,H1,conservative,1,gold_price,EXTERNAL,-0.069874121345229995
DFM-4_R2_P1,2024Q1,H1,conservative,1,m2,FINANCIAL,0.53677196195878762
DFM-4_R2_P1,2024Q1,H1,conservative,1,fx_reserves_ex_gold,FINANCIAL,-0.25488194139059522
DFM-4_R2_P1,2024Q1,H1,conservative,1,pos_turnover,PAYMENTS,0.43934949774109988
DFM-4_R2_P1,2024Q1,H1,conservative,2,industrial_production,PRODUCTION,-0.21249616792489551
DFM-4_R2_P1,2024Q1,H1,conservative,2,ppi,PRICES,-0.026824565845324898
DFM-4_R2_P1,2024Q1,H1,conservative,2,usd_uzs,FINANCIAL,-0.064031660686240596
DFM-4_R2_P1,2024Q1,H1,conservative,2,rub_uzs,FINANCIAL,0.087102930753147401
DFM-4_R2_P1,2024Q1,H1,conservative,2,gold_price,EXTERNAL,-0.0114685806333503
DFM-4_R2_P1,2024Q1,H1,conservative,2,m2,FINANCIAL,0.207433599435938
DFM-4_R2_P1,2024Q1,H1,conservative,2,fx_reserves_ex_gold,FINANCIAL,0.49364849284839762
DFM-4_R2_P1,2024Q1,H1,conservative,2,pos_turnover,PAYMENTS,0.0011543342687804999
DFM-4_R2_P1,2024Q1,H2,standard,1,industrial_production,PRODUCTION,0.0398444138653129
DFM-4_R2_P1,2024Q1,H2,standard,1,ppi,PRICES,-0.0153900671116113
DFM-4_R2_P1,2024Q1,H2,standard,1,usd_uzs,FINANCIAL,-0.088884905783673196
DFM-4_R2_P1,2024Q1,H2,standard,1,rub_uzs,FINANCIAL,0.0358590723429748
DFM-4_R2_P1,2024Q1,H2,standard,1,gold_price,EXTERNAL,-0.074443983431266805
DFM-4_R2_P1,2024Q1,H2,standard,1,m2,FINANCIAL,0.60628449033411358
DFM-4_R2_P1,2024Q1,H2,standard,1,fx_reserves_ex_gold,FINANCIAL,-0.13774076810011229
DFM-4_R2_P1,2024Q1,H2,standard,1,pos_turnover,PAYMENTS,0.44992387473293127
DFM-4_R2_P1,2024Q1,H2,standard,2,industrial_production,PRODUCTION,-0.2235826110708565
DFM-4_R2_P1,2024Q1,H2,standard,2,ppi,PRICES,-0.023651365475013501
DFM-4_R2_P1,2024Q1,H2,standard,2,usd_uzs,FINANCIAL,-0.051243704383467002
DFM-4_R2_P1,2024Q1,H2,standard,2,rub_uzs,FINANCIAL,0.083213020975092603
DFM-4_R2_P1,2024Q1,H2,standard,2,gold_price,EXTERNAL,0.0005148015318959
DFM-4_R2_P1,2024Q1,H2,standard,2,m2,FINANCIAL,0.11642725774878281
DFM-4_R2_P1,2024Q1,H2,standard,2,fx_reserves_ex_gold,FINANCIAL,0.52129076297685595
DFM-4_R2_P1,2024Q1,H2,standard,2,pos_turnover,PAYMENTS,-0.078177360930980794
DFM-4_R2_P1,2024Q1,H2,conservative,1,industrial_production,PRODUCTION,0.0398444138653129
DFM-4_R2_P1,2024Q1,H2,conservative,1,ppi,PRICES,-0.0153900671116113
DFM-4_R2_P1,2024Q1,H2,conservative,1,usd_uzs,FINANCIAL,-0.088884905783673196
DFM-4_R2_P1,2024Q1,H2,conservative,1,rub_uzs,FINANCIAL,0.0358590723429748
DFM-4_R2_P1,2024Q1,H2,conservative,1,gold_price,EXTERNAL,-0.074443983431266805
DFM-4_R2_P1,2024Q1,H2,conservative,1,m2,FINANCIAL,0.60628449033411358
DFM-4_R2_P1,2024Q1,H2,conservative,1,fx_reserves_ex_gold,FINANCIAL,-0.13774076810011229
DFM-4_R2_P1,2024Q1,H2,conservative,1,pos_turnover,PAYMENTS,0.44992387473293127
DFM-4_R2_P1,2024Q1,H2,conservative,2,industrial_production,PRODUCTION,-0.2235826110708565
DFM-4_R2_P1,2024Q1,H2,conservative,2,ppi,PRICES,-0.023651365475013501
DFM-4_R2_P1,2024Q1,H2,conservative,2,usd_uzs,FINANCIAL,-0.051243704383467002
DFM-4_R2_P1,2024Q1,H2,conservative,2,rub_uzs,FINANCIAL,0.083213020975092603
DFM-4_R2_P1,2024Q1,H2,conservative,2,gold_price,EXTERNAL,0.0005148015318959
DFM-4_R2_P1,2024Q1,H2,conservative,2,m2,FINANCIAL,0.11642725774878281
DFM-4_R2_P1,2024Q1,H2,conservative,2,fx_reserves_ex_gold,FINANCIAL,0.52129076297685595
DFM-4_R2_P1,2024Q1,H2,conservative,2,pos_turnover,PAYMENTS,-0.078177360930980794
DFM-4_R2_P1,2024Q1,H3,standard,1,industrial_production,PRODUCTION,0.0398444138653129
DFM-4_R2_P1,2024Q1,H3,standard,1,ppi,PRICES,-0.0153900671116113
DFM-4_R2_P1,2024Q1,H3,standard,1,usd_uzs,FINANCIAL,-0.088884905783673196
DFM-4_R2_P1,2024Q1,H3,standard,1,rub_uzs,FINANCIAL,0.0358590723429748
DFM-4_R2_P1,2024Q1,H3,standard,1,gold_price,EXTERNAL,-0.074443983431266805
DFM-4_R2_P1,2024Q1,H3,standard,1,m2,FINANCIAL,0.60628449033411358
DFM-4_R2_P1,2024Q1,H3,standard,1,fx_reserves_ex_gold,FINANCIAL,-0.13774076810011229
DFM-4_R2_P1,2024Q1,H3,standard,1,pos_turnover,PAYMENTS,0.44992387473293127
DFM-4_R2_P1,2024Q1,H3,standard,2,industrial_production,PRODUCTION,-0.2235826110708565
DFM-4_R2_P1,2024Q1,H3,standard,2,ppi,PRICES,-0.023651365475013501
DFM-4_R2_P1,2024Q1,H3,standard,2,usd_uzs,FINANCIAL,-0.051243704383467002
DFM-4_R2_P1,2024Q1,H3,standard,2,rub_uzs,FINANCIAL,0.083213020975092603
DFM-4_R2_P1,2024Q1,H3,standard,2,gold_price,EXTERNAL,0.0005148015318959
DFM-4_R2_P1,2024Q1,H3,standard,2,m2,FINANCIAL,0.11642725774878281
DFM-4_R2_P1,2024Q1,H3,standard,2,fx_reserves_ex_gold,FINANCIAL,0.52129076297685595
DFM-4_R2_P1,2024Q1,H3,standard,2,pos_turnover,PAYMENTS,-0.078177360930980794
DFM-4_R2_P1,2024Q1,H3,conservative,1,industrial_production,PRODUCTION,0.0398444138653129
DFM-4_R2_P1,2024Q1,H3,conservative,1,ppi,PRICES,-0.0153900671116113
DFM-4_R2_P1,2024Q1,H3,conservative,1,usd_uzs,FINANCIAL,-0.088884905783673196
DFM-4_R2_P1,2024Q1,H3,conservative,1,rub_uzs,FINANCIAL,0.0358590723429748
DFM-4_R2_P1,2024Q1,H3,conservative,1,gold_price,EXTERNAL,-0.074443983431266805
DFM-4_R2_P1,2024Q1,H3,conservative,1,m2,FINANCIAL,0.60628449033411358
DFM-4_R2_P1,2024Q1,H3,conservative,1,fx_reserves_ex_gold,FINANCIAL,-0.13774076810011229
DFM-4_R2_P1,2024Q1,H3,conservative,1,pos_turnover,PAYMENTS,0.44992387473293127
DFM-4_R2_P1,2024Q1,H3,conservative,2,industrial_production,PRODUCTION,-0.2235826110708565
DFM-4_R2_P1,2024Q1,H3,conservative,2,ppi,PRICES,-0.023651365475013501
DFM-4_R2_P1,2024Q1,H3,conservative,2,usd_uzs,FINANCIAL,-0.051243704383467002
DFM-4_R2_P1,2024Q1,H3,conservative,2,rub_uzs,FINANCIAL,0.083213020975092603
DFM-4_R2_P1,2024Q1,H3,conservative,2,gold_price,EXTERNAL,0.0005148015318959
DFM-4_R2_P1,2024Q1,H3,conservative,2,m2,FINANCIAL,0.11642725774878281
DFM-4_R2_P1,2024Q1,H3,conservative,2,fx_reserves_ex_gold,FINANCIAL,0.52129076297685595
DFM-4_R2_P1,2024Q1,H3,conservative,2,pos_turnover,PAYMENTS,-0.078177360930980794
DFM-4_R2_P1,2024Q2,H1,conservative,1,industrial_production,PRODUCTION,0.013935891442688199
DFM-4_R2_P1,2024Q2,H1,conservative,1,ppi,PRICES,-0.016033926313153101
DFM-4_R2_P1,2024Q2,H1,conservative,1,usd_uzs,FINANCIAL,-0.083655487208661797
DFM-4_R2_P1,2024Q2,H1,conservative,1,rub_uzs,FINANCIAL,0.029624455253254901
DFM-4_R2_P1,2024Q2,H1,conservative,1,gold_price,EXTERNAL,-0.076975708400889506
DFM-4_R2_P1,2024Q2,H1,conservative,1,m2,FINANCIAL,0.59715773420971197
DFM-4_R2_P1,2024Q2,H1,conservative,1,fx_reserves_ex_gold,FINANCIAL,-0.13702437545462559
DFM-4_R2_P1,2024Q2,H1,conservative,1,pos_turnover,PAYMENTS,0.44377559610132528
DFM-4_R2_P1,2024Q2,H1,conservative,2,industrial_production,PRODUCTION,-0.25317472493712651
DFM-4_R2_P1,2024Q2,H1,conservative,2,ppi,PRICES,-0.0201606030817605
DFM-4_R2_P1,2024Q2,H1,conservative,2,usd_uzs,FINANCIAL,-0.034518144309606501
DFM-4_R2_P1,2024Q2,H1,conservative,2,rub_uzs,FINANCIAL,0.067229760374030806
DFM-4_R2_P1,2024Q2,H1,conservative,2,gold_price,EXTERNAL,-0.0016000413151498001
DFM-4_R2_P1,2024Q2,H1,conservative,2,m2,FINANCIAL,0.091290693016898905
DFM-4_R2_P1,2024Q2,H1,conservative,2,fx_reserves_ex_gold,FINANCIAL,0.49489077973243101
DFM-4_R2_P1,2024Q2,H1,conservative,2,pos_turnover,PAYMENTS,-0.099198139354940096
DFM-4_R2_P1,2024Q2,H2,standard,1,industrial_production,PRODUCTION,0.092224677466882204
DFM-4_R2_P1,2024Q2,H2,standard,1,ppi,PRICES,-0.0084591168068389993
DFM-4_R2_P1,2024Q2,H2,standard,1,usd_uzs,FINANCIAL,-0.066954839407700403
DFM-4_R2_P1,2024Q2,H2,standard,1,rub_uzs,FINANCIAL,0.0084363516192492993
DFM-4_R2_P1,2024Q2,H2,standard,1,gold_price,EXTERNAL,-0.065775538986064599
DFM-4_R2_P1,2024Q2,H2,standard,1,m2,FINANCIAL,0.53311697380564504
DFM-4_R2_P1,2024Q2,H2,standard,1,fx_reserves_ex_gold,FINANCIAL,-0.27963652442356002
DFM-4_R2_P1,2024Q2,H2,standard,1,pos_turnover,PAYMENTS,0.44701424343986168
DFM-4_R2_P1,2024Q2,H2,standard,2,industrial_production,PRODUCTION,-0.27806374847369503
DFM-4_R2_P1,2024Q2,H2,standard,2,ppi,PRICES,-0.027164098114476998
DFM-4_R2_P1,2024Q2,H2,standard,2,usd_uzs,FINANCIAL,-0.055307495222298803
DFM-4_R2_P1,2024Q2,H2,standard,2,rub_uzs,FINANCIAL,0.081096772567165396
DFM-4_R2_P1,2024Q2,H2,standard,2,gold_price,EXTERNAL,-0.017007551584454099
DFM-4_R2_P1,2024Q2,H2,standard,2,m2,FINANCIAL,0.2303401570246518
DFM-4_R2_P1,2024Q2,H2,standard,2,fx_reserves_ex_gold,FINANCIAL,0.51139542558946183
DFM-4_R2_P1,2024Q2,H2,standard,2,pos_turnover,PAYMENTS,-0.0146083057023128
DFM-4_R2_P1,2024Q2,H2,conservative,1,industrial_production,PRODUCTION,0.092224677466882204
DFM-4_R2_P1,2024Q2,H2,conservative,1,ppi,PRICES,-0.0084591168068389993
DFM-4_R2_P1,2024Q2,H2,conservative,1,usd_uzs,FINANCIAL,-0.066954839407700403
DFM-4_R2_P1,2024Q2,H2,conservative,1,rub_uzs,FINANCIAL,0.0084363516192492993
DFM-4_R2_P1,2024Q2,H2,conservative,1,gold_price,EXTERNAL,-0.065775538986064599
DFM-4_R2_P1,2024Q2,H2,conservative,1,m2,FINANCIAL,0.53311697380564504
DFM-4_R2_P1,2024Q2,H2,conservative,1,fx_reserves_ex_gold,FINANCIAL,-0.27963652442356002
DFM-4_R2_P1,2024Q2,H2,conservative,1,pos_turnover,PAYMENTS,0.44701424343986168
DFM-4_R2_P1,2024Q2,H2,conservative,2,industrial_production,PRODUCTION,-0.27806374847369503
DFM-4_R2_P1,2024Q2,H2,conservative,2,ppi,PRICES,-0.027164098114476998
DFM-4_R2_P1,2024Q2,H2,conservative,2,usd_uzs,FINANCIAL,-0.055307495222298803
DFM-4_R2_P1,2024Q2,H2,conservative,2,rub_uzs,FINANCIAL,0.081096772567165396
DFM-4_R2_P1,2024Q2,H2,conservative,2,gold_price,EXTERNAL,-0.017007551584454099
DFM-4_R2_P1,2024Q2,H2,conservative,2,m2,FINANCIAL,0.2303401570246518
DFM-4_R2_P1,2024Q2,H2,conservative,2,fx_reserves_ex_gold,FINANCIAL,0.51139542558946183
DFM-4_R2_P1,2024Q2,H2,conservative,2,pos_turnover,PAYMENTS,-0.0146083057023128
DFM-4_R2_P1,2024Q2,H3,standard,1,industrial_production,PRODUCTION,0.092224677466882204
DFM-4_R2_P1,2024Q2,H3,standard,1,ppi,PRICES,-0.0084591168068389993
DFM-4_R2_P1,2024Q2,H3,standard,1,usd_uzs,FINANCIAL,-0.066954839407700403
DFM-4_R2_P1,2024Q2,H3,standard,1,rub_uzs,FINANCIAL,0.0084363516192492993
DFM-4_R2_P1,2024Q2,H3,standard,1,gold_price,EXTERNAL,-0.065775538986064599
DFM-4_R2_P1,2024Q2,H3,standard,1,m2,FINANCIAL,0.53311697380564504
DFM-4_R2_P1,2024Q2,H3,standard,1,fx_reserves_ex_gold,FINANCIAL,-0.27963652442356002
DFM-4_R2_P1,2024Q2,H3,standard,1,pos_turnover,PAYMENTS,0.44701424343986168
DFM-4_R2_P1,2024Q2,H3,standard,2,industrial_production,PRODUCTION,-0.27806374847369503
DFM-4_R2_P1,2024Q2,H3,standard,2,ppi,PRICES,-0.027164098114476998
DFM-4_R2_P1,2024Q2,H3,standard,2,usd_uzs,FINANCIAL,-0.055307495222298803
DFM-4_R2_P1,2024Q2,H3,standard,2,rub_uzs,FINANCIAL,0.081096772567165396
DFM-4_R2_P1,2024Q2,H3,standard,2,gold_price,EXTERNAL,-0.017007551584454099
DFM-4_R2_P1,2024Q2,H3,standard,2,m2,FINANCIAL,0.2303401570246518
DFM-4_R2_P1,2024Q2,H3,standard,2,fx_reserves_ex_gold,FINANCIAL,0.51139542558946183
DFM-4_R2_P1,2024Q2,H3,standard,2,pos_turnover,PAYMENTS,-0.0146083057023128
DFM-4_R2_P1,2024Q2,H3,conservative,1,industrial_production,PRODUCTION,0.092224677466882204
DFM-4_R2_P1,2024Q2,H3,conservative,1,ppi,PRICES,-0.0084591168068389993
DFM-4_R2_P1,2024Q2,H3,conservative,1,usd_uzs,FINANCIAL,-0.066954839407700403
DFM-4_R2_P1,2024Q2,H3,conservative,1,rub_uzs,FINANCIAL,0.0084363516192492993
DFM-4_R2_P1,2024Q2,H3,conservative,1,gold_price,EXTERNAL,-0.065775538986064599
DFM-4_R2_P1,2024Q2,H3,conservative,1,m2,FINANCIAL,0.53311697380564504
DFM-4_R2_P1,2024Q2,H3,conservative,1,fx_reserves_ex_gold,FINANCIAL,-0.27963652442356002
DFM-4_R2_P1,2024Q2,H3,conservative,1,pos_turnover,PAYMENTS,0.44701424343986168
DFM-4_R2_P1,2024Q2,H3,conservative,2,industrial_production,PRODUCTION,-0.27806374847369503
DFM-4_R2_P1,2024Q2,H3,conservative,2,ppi,PRICES,-0.027164098114476998
DFM-4_R2_P1,2024Q2,H3,conservative,2,usd_uzs,FINANCIAL,-0.055307495222298803
DFM-4_R2_P1,2024Q2,H3,conservative,2,rub_uzs,FINANCIAL,0.081096772567165396
DFM-4_R2_P1,2024Q2,H3,conservative,2,gold_price,EXTERNAL,-0.017007551584454099
DFM-4_R2_P1,2024Q2,H3,conservative,2,m2,FINANCIAL,0.2303401570246518
DFM-4_R2_P1,2024Q2,H3,conservative,2,fx_reserves_ex_gold,FINANCIAL,0.51139542558946183
DFM-4_R2_P1,2024Q2,H3,conservative,2,pos_turnover,PAYMENTS,-0.0146083057023128
DFM-4_R2_P1,2024Q3,H1,standard,1,industrial_production,PRODUCTION,0.012723889194725
DFM-4_R2_P1,2024Q3,H1,standard,1,ppi,PRICES,-0.016977720334179901
DFM-4_R2_P1,2024Q3,H1,standard,1,usd_uzs,FINANCIAL,-0.089858917910893898
DFM-4_R2_P1,2024Q3,H1,standard,1,rub_uzs,FINANCIAL,0.033446179445903203
DFM-4_R2_P1,2024Q3,H1,standard,1,gold_price,EXTERNAL,-0.072291291845406502
DFM-4_R2_P1,2024Q3,H1,standard,1,m2,FINANCIAL,0.58865919870198524
DFM-4_R2_P1,2024Q3,H1,standard,1,fx_reserves_ex_gold,FINANCIAL,-0.1249624089765919
DFM-4_R2_P1,2024Q3,H1,standard,1,pos_turnover,PAYMENTS,0.43016939205345078
DFM-4_R2_P1,2024Q3,H1,standard,2,industrial_production,PRODUCTION,-0.24915314355277321
DFM-4_R2_P1,2024Q3,H1,standard,2,ppi,PRICES,-0.0263655850759838
DFM-4_R2_P1,2024Q3,H1,standard,2,usd_uzs,FINANCIAL,-0.0363510306626618
DFM-4_R2_P1,2024Q3,H1,standard,2,rub_uzs,FINANCIAL,0.066096024839092701
DFM-4_R2_P1,2024Q3,H1,standard,2,gold_price,EXTERNAL,-0.018537170037510799
DFM-4_R2_P1,2024Q3,H1,standard,2,m2,FINANCIAL,0.104756551249837
DFM-4_R2_P1,2024Q3,H1,standard,2,fx_reserves_ex_gold,FINANCIAL,0.47514256558423112
DFM-4_R2_P1,2024Q3,H1,standard,2,pos_turnover,PAYMENTS,-0.089923951676364897
DFM-4_R2_P1,2024Q3,H1,conservative,1,industrial_production,PRODUCTION,0.0146463844377147
DFM-4_R2_P1,2024Q3,H1,conservative,1,ppi,PRICES,-0.016737402976735101
DFM-4_R2_P1,2024Q3,H1,conservative,1,usd_uzs,FINANCIAL,-0.088591893813911596
DFM-4_R2_P1,2024Q3,H1,conservative,1,rub_uzs,FINANCIAL,0.031355776851672297
DFM-4_R2_P1,2024Q3,H1,conservative,1,gold_price,EXTERNAL,-0.071440958936519597
DFM-4_R2_P1,2024Q3,H1,conservative,1,m2,FINANCIAL,0.58548762908522278
DFM-4_R2_P1,2024Q3,H1,conservative,1,fx_reserves_ex_gold,FINANCIAL,-0.12788087493675249
DFM-4_R2_P1,2024Q3,H1,conservative,1,pos_turnover,PAYMENTS,0.43263667708929432
DFM-4_R2_P1,2024Q3,H1,conservative,2,industrial_production,PRODUCTION,-0.24800082849300509
DFM-4_R2_P1,2024Q3,H1,conservative,2,ppi,PRICES,-0.026352678871551599
DFM-4_R2_P1,2024Q3,H1,conservative,2,usd_uzs,FINANCIAL,-0.035855834250381899
DFM-4_R2_P1,2024Q3,H1,conservative,2,rub_uzs,FINANCIAL,0.0652723310310524
DFM-4_R2_P1,2024Q3,H1,conservative,2,gold_price,EXTERNAL,-0.018446219061160399
DFM-4_R2_P1,2024Q3,H1,conservative,2,m2,FINANCIAL,0.1058115954039083
DFM-4_R2_P1,2024Q3,H1,conservative,2,fx_reserves_ex_gold,FINANCIAL,0.47209194716810238
DFM-4_R2_P1,2024Q3,H1,conservative,2,pos_turnover,PAYMENTS,-0.087436175101067007
DFM-4_R2_P1,2024Q3,H2,standard,1,industrial_production,PRODUCTION,0.0180624677547108
DFM-4_R2_P1,2024Q3,H2,standard,1,ppi,PRICES,-0.0167509293117836
DFM-4_R2_P1,2024Q3,H2,standard,1,usd_uzs,FINANCIAL,-0.089636108093053002
DFM-4_R2_P1,2024Q3,H2,standard,1,rub_uzs,FINANCIAL,0.032931318677488199
DFM-4_R2_P1,2024Q3,H2,standard,1,gold_price,EXTERNAL,-0.072198168769952206
DFM-4_R2_P1,2024Q3,H2,standard,1,m2,FINANCIAL,0.58822531600103845
DFM-4_R2_P1,2024Q3,H2,standard,1,fx_reserves_ex_gold,FINANCIAL,-0.1290354361109016
DFM-4_R2_P1,2024Q3,H2,standard,1,pos_turnover,PAYMENTS,0.43125720569683929
DFM-4_R2_P1,2024Q3,H2,standard,2,industrial_production,PRODUCTION,-0.25020599172649088
DFM-4_R2_P1,2024Q3,H2,standard,2,ppi,PRICES,-0.026379595068752801
DFM-4_R2_P1,2024Q3,H2,standard,2,usd_uzs,FINANCIAL,-0.036537046211598603
DFM-4_R2_P1,2024Q3,H2,standard,2,rub_uzs,FINANCIAL,0.066074820598561401
DFM-4_R2_P1,2024Q3,H2,standard,2,gold_price,EXTERNAL,-0.0187240414548028
DFM-4_R2_P1,2024Q3,H2,standard,2,m2,FINANCIAL,0.10694760407317599
DFM-4_R2_P1,2024Q3,H2,standard,2,fx_reserves_ex_gold,FINANCIAL,0.4739957127555815
DFM-4_R2_P1,2024Q3,H2,standard,2,pos_turnover,PAYMENTS,-0.088047767834925295
DFM-4_R2_P1,2024Q3,H2,conservative,1,industrial_production,PRODUCTION,0.0180624677547108
DFM-4_R2_P1,2024Q3,H2,conservative,1,ppi,PRICES,-0.0167509293117836
DFM-4_R2_P1,2024Q3,H2,conservative,1,usd_uzs,FINANCIAL,-0.089636108093053002
DFM-4_R2_P1,2024Q3,H2,conservative,1,rub_uzs,FINANCIAL,0.032931318677488199
DFM-4_R2_P1,2024Q3,H2,conservative,1,gold_price,EXTERNAL,-0.072198168769952206
DFM-4_R2_P1,2024Q3,H2,conservative,1,m2,FINANCIAL,0.58822531600103845
DFM-4_R2_P1,2024Q3,H2,conservative,1,fx_reserves_ex_gold,FINANCIAL,-0.1290354361109016
DFM-4_R2_P1,2024Q3,H2,conservative,1,pos_turnover,PAYMENTS,0.43125720569683929
DFM-4_R2_P1,2024Q3,H2,conservative,2,industrial_production,PRODUCTION,-0.25020599172649088
DFM-4_R2_P1,2024Q3,H2,conservative,2,ppi,PRICES,-0.026379595068752801
DFM-4_R2_P1,2024Q3,H2,conservative,2,usd_uzs,FINANCIAL,-0.036537046211598603
DFM-4_R2_P1,2024Q3,H2,conservative,2,rub_uzs,FINANCIAL,0.066074820598561401
DFM-4_R2_P1,2024Q3,H2,conservative,2,gold_price,EXTERNAL,-0.0187240414548028
DFM-4_R2_P1,2024Q3,H2,conservative,2,m2,FINANCIAL,0.10694760407317599
DFM-4_R2_P1,2024Q3,H2,conservative,2,fx_reserves_ex_gold,FINANCIAL,0.4739957127555815
DFM-4_R2_P1,2024Q3,H2,conservative,2,pos_turnover,PAYMENTS,-0.088047767834925295
DFM-4_R2_P1,2024Q3,H3,standard,1,industrial_production,PRODUCTION,0.0180624677547108
DFM-4_R2_P1,2024Q3,H3,standard,1,ppi,PRICES,-0.0167509293117836
DFM-4_R2_P1,2024Q3,H3,standard,1,usd_uzs,FINANCIAL,-0.089636108093053002
DFM-4_R2_P1,2024Q3,H3,standard,1,rub_uzs,FINANCIAL,0.032931318677488199
DFM-4_R2_P1,2024Q3,H3,standard,1,gold_price,EXTERNAL,-0.072198168769952206
DFM-4_R2_P1,2024Q3,H3,standard,1,m2,FINANCIAL,0.58822531600103845
DFM-4_R2_P1,2024Q3,H3,standard,1,fx_reserves_ex_gold,FINANCIAL,-0.1290354361109016
DFM-4_R2_P1,2024Q3,H3,standard,1,pos_turnover,PAYMENTS,0.43125720569683929
DFM-4_R2_P1,2024Q3,H3,standard,2,industrial_production,PRODUCTION,-0.25020599172649088
DFM-4_R2_P1,2024Q3,H3,standard,2,ppi,PRICES,-0.026379595068752801
DFM-4_R2_P1,2024Q3,H3,standard,2,usd_uzs,FINANCIAL,-0.036537046211598603
DFM-4_R2_P1,2024Q3,H3,standard,2,rub_uzs,FINANCIAL,0.066074820598561401
DFM-4_R2_P1,2024Q3,H3,standard,2,gold_price,EXTERNAL,-0.0187240414548028
DFM-4_R2_P1,2024Q3,H3,standard,2,m2,FINANCIAL,0.10694760407317599
DFM-4_R2_P1,2024Q3,H3,standard,2,fx_reserves_ex_gold,FINANCIAL,0.4739957127555815
DFM-4_R2_P1,2024Q3,H3,standard,2,pos_turnover,PAYMENTS,-0.088047767834925295
DFM-4_R2_P1,2024Q3,H3,conservative,1,industrial_production,PRODUCTION,0.0180624677547108
DFM-4_R2_P1,2024Q3,H3,conservative,1,ppi,PRICES,-0.0167509293117836
DFM-4_R2_P1,2024Q3,H3,conservative,1,usd_uzs,FINANCIAL,-0.089636108093053002
DFM-4_R2_P1,2024Q3,H3,conservative,1,rub_uzs,FINANCIAL,0.032931318677488199
DFM-4_R2_P1,2024Q3,H3,conservative,1,gold_price,EXTERNAL,-0.072198168769952206
DFM-4_R2_P1,2024Q3,H3,conservative,1,m2,FINANCIAL,0.58822531600103845
DFM-4_R2_P1,2024Q3,H3,conservative,1,fx_reserves_ex_gold,FINANCIAL,-0.1290354361109016
DFM-4_R2_P1,2024Q3,H3,conservative,1,pos_turnover,PAYMENTS,0.43125720569683929
DFM-4_R2_P1,2024Q3,H3,conservative,2,industrial_production,PRODUCTION,-0.25020599172649088
DFM-4_R2_P1,2024Q3,H3,conservative,2,ppi,PRICES,-0.026379595068752801
DFM-4_R2_P1,2024Q3,H3,conservative,2,usd_uzs,FINANCIAL,-0.036537046211598603
DFM-4_R2_P1,2024Q3,H3,conservative,2,rub_uzs,FINANCIAL,0.066074820598561401
DFM-4_R2_P1,2024Q3,H3,conservative,2,gold_price,EXTERNAL,-0.0187240414548028
DFM-4_R2_P1,2024Q3,H3,conservative,2,m2,FINANCIAL,0.10694760407317599
DFM-4_R2_P1,2024Q3,H3,conservative,2,fx_reserves_ex_gold,FINANCIAL,0.4739957127555815
DFM-4_R2_P1,2024Q3,H3,conservative,2,pos_turnover,PAYMENTS,-0.088047767834925295
DFM-4_R2_P1,2024Q4,H1,standard,1,industrial_production,PRODUCTION,0.031652231274319598
DFM-4_R2_P1,2024Q4,H1,standard,1,ppi,PRICES,-0.020793599795270401
DFM-4_R2_P1,2024Q4,H1,standard,1,usd_uzs,FINANCIAL,-0.092967020286451499
DFM-4_R2_P1,2024Q4,H1,standard,1,rub_uzs,FINANCIAL,0.027361958057618301
DFM-4_R2_P1,2024Q4,H1,standard,1,gold_price,EXTERNAL,-0.058974795590848499
DFM-4_R2_P1,2024Q4,H1,standard,1,m2,FINANCIAL,0.58676317122902155
DFM-4_R2_P1,2024Q4,H1,standard,1,fx_reserves_ex_gold,FINANCIAL,-0.1462248210786157
DFM-4_R2_P1,2024Q4,H1,standard,1,pos_turnover,PAYMENTS,0.42729760145564838
DFM-4_R2_P1,2024Q4,H1,standard,2,industrial_production,PRODUCTION,-0.26103276273985943
DFM-4_R2_P1,2024Q4,H1,standard,2,ppi,PRICES,-0.030481832583364
DFM-4_R2_P1,2024Q4,H1,standard,2,usd_uzs,FINANCIAL,-0.033702098154685597
DFM-4_R2_P1,2024Q4,H1,standard,2,rub_uzs,FINANCIAL,0.061244937632754397
DFM-4_R2_P1,2024Q4,H1,standard,2,gold_price,EXTERNAL,-0.0078462136517667008
DFM-4_R2_P1,2024Q4,H1,standard,2,m2,FINANCIAL,0.1257482579617733
DFM-4_R2_P1,2024Q4,H1,standard,2,fx_reserves_ex_gold,FINANCIAL,0.4814034358462646
DFM-4_R2_P1,2024Q4,H1,standard,2,pos_turnover,PAYMENTS,-0.085405036911063395
DFM-4_R2_P1,2024Q4,H2,standard,1,industrial_production,PRODUCTION,0.035416939092888497
DFM-4_R2_P1,2024Q4,H2,standard,1,ppi,PRICES,-0.0213999561561041
DFM-4_R2_P1,2024Q4,H2,standard,1,usd_uzs,FINANCIAL,-0.094820693797965094
DFM-4_R2_P1,2024Q4,H2,standard,1,rub_uzs,FINANCIAL,0.027358061718596099
DFM-4_R2_P1,2024Q4,H2,standard,1,gold_price,EXTERNAL,-0.059350140104850499
DFM-4_R2_P1,2024Q4,H2,standard,1,m2,FINANCIAL,0.58724022715656465
DFM-4_R2_P1,2024Q4,H2,standard,1,fx_reserves_ex_gold,FINANCIAL,-0.13679435594689279
DFM-4_R2_P1,2024Q4,H2,standard,1,pos_turnover,PAYMENTS,0.42795190454423693
DFM-4_R2_P1,2024Q4,H2,standard,2,industrial_production,PRODUCTION,-0.24764822696308489
DFM-4_R2_P1,2024Q4,H2,standard,2,ppi,PRICES,-0.033097215886141597
DFM-4_R2_P1,2024Q4,H2,standard,2,usd_uzs,FINANCIAL,-0.0341344639519916
DFM-4_R2_P1,2024Q4,H2,standard,2,rub_uzs,FINANCIAL,0.060733448292289403
DFM-4_R2_P1,2024Q4,H2,standard,2,gold_price,EXTERNAL,-0.0108598376101406
DFM-4_R2_P1,2024Q4,H2,standard,2,m2,FINANCIAL,0.1318813007317429
DFM-4_R2_P1,2024Q4,H2,standard,2,fx_reserves_ex_gold,FINANCIAL,0.4699033388786002
DFM-4_R2_P1,2024Q4,H2,standard,2,pos_turnover,PAYMENTS,-0.083507497810945602
DFM-4_R2_P1,2024Q4,H2,conservative,1,industrial_production,PRODUCTION,0.035416939092888497
DFM-4_R2_P1,2024Q4,H2,conservative,1,ppi,PRICES,-0.0213999561561041
DFM-4_R2_P1,2024Q4,H2,conservative,1,usd_uzs,FINANCIAL,-0.094820693797965094
DFM-4_R2_P1,2024Q4,H2,conservative,1,rub_uzs,FINANCIAL,0.027358061718596099
DFM-4_R2_P1,2024Q4,H2,conservative,1,gold_price,EXTERNAL,-0.059350140104850499
DFM-4_R2_P1,2024Q4,H2,conservative,1,m2,FINANCIAL,0.58724022715656465
DFM-4_R2_P1,2024Q4,H2,conservative,1,fx_reserves_ex_gold,FINANCIAL,-0.13679435594689279
DFM-4_R2_P1,2024Q4,H2,conservative,1,pos_turnover,PAYMENTS,0.42795190454423693
DFM-4_R2_P1,2024Q4,H2,conservative,2,industrial_production,PRODUCTION,-0.24764822696308489
DFM-4_R2_P1,2024Q4,H2,conservative,2,ppi,PRICES,-0.033097215886141597
DFM-4_R2_P1,2024Q4,H2,conservative,2,usd_uzs,FINANCIAL,-0.0341344639519916
DFM-4_R2_P1,2024Q4,H2,conservative,2,rub_uzs,FINANCIAL,0.060733448292289403
DFM-4_R2_P1,2024Q4,H2,conservative,2,gold_price,EXTERNAL,-0.0108598376101406
DFM-4_R2_P1,2024Q4,H2,conservative,2,m2,FINANCIAL,0.1318813007317429
DFM-4_R2_P1,2024Q4,H2,conservative,2,fx_reserves_ex_gold,FINANCIAL,0.4699033388786002
DFM-4_R2_P1,2024Q4,H2,conservative,2,pos_turnover,PAYMENTS,-0.083507497810945602
DFM-4_R2_P1,2024Q4,H3,standard,1,industrial_production,PRODUCTION,0.035416939092888497
DFM-4_R2_P1,2024Q4,H3,standard,1,ppi,PRICES,-0.0213999561561041
DFM-4_R2_P1,2024Q4,H3,standard,1,usd_uzs,FINANCIAL,-0.094820693797965094
DFM-4_R2_P1,2024Q4,H3,standard,1,rub_uzs,FINANCIAL,0.027358061718596099
DFM-4_R2_P1,2024Q4,H3,standard,1,gold_price,EXTERNAL,-0.059350140104850499
DFM-4_R2_P1,2024Q4,H3,standard,1,m2,FINANCIAL,0.58724022715656465
DFM-4_R2_P1,2024Q4,H3,standard,1,fx_reserves_ex_gold,FINANCIAL,-0.13679435594689279
DFM-4_R2_P1,2024Q4,H3,standard,1,pos_turnover,PAYMENTS,0.42795190454423693
DFM-4_R2_P1,2024Q4,H3,standard,2,industrial_production,PRODUCTION,-0.24764822696308489
DFM-4_R2_P1,2024Q4,H3,standard,2,ppi,PRICES,-0.033097215886141597
DFM-4_R2_P1,2024Q4,H3,standard,2,usd_uzs,FINANCIAL,-0.0341344639519916
DFM-4_R2_P1,2024Q4,H3,standard,2,rub_uzs,FINANCIAL,0.060733448292289403
DFM-4_R2_P1,2024Q4,H3,standard,2,gold_price,EXTERNAL,-0.0108598376101406
DFM-4_R2_P1,2024Q4,H3,standard,2,m2,FINANCIAL,0.1318813007317429
DFM-4_R2_P1,2024Q4,H3,standard,2,fx_reserves_ex_gold,FINANCIAL,0.4699033388786002
DFM-4_R2_P1,2024Q4,H3,standard,2,pos_turnover,PAYMENTS,-0.083507497810945602
DFM-4_R2_P1,2024Q4,H3,conservative,1,industrial_production,PRODUCTION,0.035416939092888497
DFM-4_R2_P1,2024Q4,H3,conservative,1,ppi,PRICES,-0.0213999561561041
DFM-4_R2_P1,2024Q4,H3,conservative,1,usd_uzs,FINANCIAL,-0.094820693797965094
DFM-4_R2_P1,2024Q4,H3,conservative,1,rub_uzs,FINANCIAL,0.027358061718596099
DFM-4_R2_P1,2024Q4,H3,conservative,1,gold_price,EXTERNAL,-0.059350140104850499
DFM-4_R2_P1,2024Q4,H3,conservative,1,m2,FINANCIAL,0.58724022715656465
DFM-4_R2_P1,2024Q4,H3,conservative,1,fx_reserves_ex_gold,FINANCIAL,-0.13679435594689279
DFM-4_R2_P1,2024Q4,H3,conservative,1,pos_turnover,PAYMENTS,0.42795190454423693
DFM-4_R2_P1,2024Q4,H3,conservative,2,industrial_production,PRODUCTION,-0.24764822696308489
DFM-4_R2_P1,2024Q4,H3,conservative,2,ppi,PRICES,-0.033097215886141597
DFM-4_R2_P1,2024Q4,H3,conservative,2,usd_uzs,FINANCIAL,-0.0341344639519916
DFM-4_R2_P1,2024Q4,H3,conservative,2,rub_uzs,FINANCIAL,0.060733448292289403
DFM-4_R2_P1,2024Q4,H3,conservative,2,gold_price,EXTERNAL,-0.0108598376101406
DFM-4_R2_P1,2024Q4,H3,conservative,2,m2,FINANCIAL,0.1318813007317429
DFM-4_R2_P1,2024Q4,H3,conservative,2,fx_reserves_ex_gold,FINANCIAL,0.4699033388786002
DFM-4_R2_P1,2024Q4,H3,conservative,2,pos_turnover,PAYMENTS,-0.083507497810945602
DFM-4_R2_P1,2025Q1,H1,standard,1,industrial_production,PRODUCTION,0.071362590586155294
DFM-4_R2_P1,2025Q1,H1,standard,1,ppi,PRICES,-0.022996996798692701
DFM-4_R2_P1,2025Q1,H1,standard,1,usd_uzs,FINANCIAL,-0.088761889255217094
DFM-4_R2_P1,2025Q1,H1,standard,1,rub_uzs,FINANCIAL,0.0057970488779468003
DFM-4_R2_P1,2025Q1,H1,standard,1,gold_price,EXTERNAL,-0.054402265268919503
DFM-4_R2_P1,2025Q1,H1,standard,1,m2,FINANCIAL,0.56864464798246417
DFM-4_R2_P1,2025Q1,H1,standard,1,fx_reserves_ex_gold,FINANCIAL,-0.1812161966471082
DFM-4_R2_P1,2025Q1,H1,standard,1,pos_turnover,PAYMENTS,0.40057758876095129
DFM-4_R2_P1,2025Q1,H1,standard,2,industrial_production,PRODUCTION,-0.2317171644523188
DFM-4_R2_P1,2025Q1,H1,standard,2,ppi,PRICES,-0.034178168932465197
DFM-4_R2_P1,2025Q1,H1,standard,2,usd_uzs,FINANCIAL,-0.035578645511788902
DFM-4_R2_P1,2025Q1,H1,standard,2,rub_uzs,FINANCIAL,0.047274351445344101
DFM-4_R2_P1,2025Q1,H1,standard,2,gold_price,EXTERNAL,-0.0028221055767027
DFM-4_R2_P1,2025Q1,H1,standard,2,m2,FINANCIAL,0.1517090100076009
DFM-4_R2_P1,2025Q1,H1,standard,2,fx_reserves_ex_gold,FINANCIAL,0.4688935378863715
DFM-4_R2_P1,2025Q1,H1,standard,2,pos_turnover,PAYMENTS,-0.088837983283710203
DFM-4_R2_P1,2025Q1,H1,conservative,1,industrial_production,PRODUCTION,0.065359620552758804
DFM-4_R2_P1,2025Q1,H1,conservative,1,ppi,PRICES,-0.024027379584251
DFM-4_R2_P1,2025Q1,H1,conservative,1,usd_uzs,FINANCIAL,-0.090602945912945806
DFM-4_R2_P1,2025Q1,H1,conservative,1,rub_uzs,FINANCIAL,0.0065613029233083002
DFM-4_R2_P1,2025Q1,H1,conservative,1,gold_price,EXTERNAL,-0.0549060248254674
DFM-4_R2_P1,2025Q1,H1,conservative,1,m2,FINANCIAL,0.57259122366246085
DFM-4_R2_P1,2025Q1,H1,conservative,1,fx_reserves_ex_gold,FINANCIAL,-0.16832220626621669
DFM-4_R2_P1,2025Q1,H1,conservative,1,pos_turnover,PAYMENTS,0.41415810562819638
DFM-4_R2_P1,2025Q1,H1,conservative,2,industrial_production,PRODUCTION,-0.23224302525338511
DFM-4_R2_P1,2025Q1,H1,conservative,2,ppi,PRICES,-0.032170729905117802
DFM-4_R2_P1,2025Q1,H1,conservative,2,usd_uzs,FINANCIAL,-0.0341968647370538
DFM-4_R2_P1,2025Q1,H1,conservative,2,rub_uzs,FINANCIAL,0.047621476724471201
DFM-4_R2_P1,2025Q1,H1,conservative,2,gold_price,EXTERNAL,-0.0002737364284636
DFM-4_R2_P1,2025Q1,H1,conservative,2,m2,FINANCIAL,0.13928194693216389
DFM-4_R2_P1,2025Q1,H1,conservative,2,fx_reserves_ex_gold,FINANCIAL,0.4770194651468706
DFM-4_R2_P1,2025Q1,H1,conservative,2,pos_turnover,PAYMENTS,-0.090261757496490305
DFM-4_R2_P1,2025Q1,H2,standard,1,industrial_production,PRODUCTION,0.078825879813806801
DFM-4_R2_P1,2025Q1,H2,standard,1,ppi,PRICES,-0.0228908764701472
DFM-4_R2_P1,2025Q1,H2,standard,1,usd_uzs,FINANCIAL,-0.087600851756711201
DFM-4_R2_P1,2025Q1,H2,standard,1,rub_uzs,FINANCIAL,0.0057521677101480999
DFM-4_R2_P1,2025Q1,H2,standard,1,gold_price,EXTERNAL,-0.054808668835695303
DFM-4_R2_P1,2025Q1,H2,standard,1,m2,FINANCIAL,0.56912408400802716
DFM-4_R2_P1,2025Q1,H2,standard,1,fx_reserves_ex_gold,FINANCIAL,-0.1897914485018308
DFM-4_R2_P1,2025Q1,H2,standard,1,pos_turnover,PAYMENTS,0.40059492344024761
DFM-4_R2_P1,2025Q1,H2,standard,2,industrial_production,PRODUCTION,-0.23236094526762191
DFM-4_R2_P1,2025Q1,H2,standard,2,ppi,PRICES,-0.032175420976057703
DFM-4_R2_P1,2025Q1,H2,standard,2,usd_uzs,FINANCIAL,-0.035497702459935297
DFM-4_R2_P1,2025Q1,H2,standard,2,rub_uzs,FINANCIAL,0.048441410075769499
DFM-4_R2_P1,2025Q1,H2,standard,2,gold_price,EXTERNAL,-0.00037954217088419998
DFM-4_R2_P1,2025Q1,H2,standard,2,m2,FINANCIAL,0.14725810380376969
DFM-4_R2_P1,2025Q1,H2,standard,2,fx_reserves_ex_gold,FINANCIAL,0.48090826080262161
DFM-4_R2_P1,2025Q1,H2,standard,2,pos_turnover,PAYMENTS,-0.090435453441373104
DFM-4_R2_P1,2025Q1,H2,conservative,1,industrial_production,PRODUCTION,0.078825879813806801
DFM-4_R2_P1,2025Q1,H2,conservative,1,ppi,PRICES,-0.0228908764701472
DFM-4_R2_P1,2025Q1,H2,conservative,1,usd_uzs,FINANCIAL,-0.087600851756711201
DFM-4_R2_P1,2025Q1,H2,conservative,1,rub_uzs,FINANCIAL,0.0057521677101480999
DFM-4_R2_P1,2025Q1,H2,conservative,1,gold_price,EXTERNAL,-0.054808668835695303
DFM-4_R2_P1,2025Q1,H2,conservative,1,m2,FINANCIAL,0.56912408400802716
DFM-4_R2_P1,2025Q1,H2,conservative,1,fx_reserves_ex_gold,FINANCIAL,-0.1897914485018308
DFM-4_R2_P1,2025Q1,H2,conservative,1,pos_turnover,PAYMENTS,0.40059492344024761
DFM-4_R2_P1,2025Q1,H2,conservative,2,industrial_production,PRODUCTION,-0.23236094526762191
DFM-4_R2_P1,2025Q1,H2,conservative,2,ppi,PRICES,-0.032175420976057703
DFM-4_R2_P1,2025Q1,H2,conservative,2,usd_uzs,FINANCIAL,-0.035497702459935297
DFM-4_R2_P1,2025Q1,H2,conservative,2,rub_uzs,FINANCIAL,0.048441410075769499
DFM-4_R2_P1,2025Q1,H2,conservative,2,gold_price,EXTERNAL,-0.00037954217088419998
DFM-4_R2_P1,2025Q1,H2,conservative,2,m2,FINANCIAL,0.14725810380376969
DFM-4_R2_P1,2025Q1,H2,conservative,2,fx_reserves_ex_gold,FINANCIAL,0.48090826080262161
DFM-4_R2_P1,2025Q1,H2,conservative,2,pos_turnover,PAYMENTS,-0.090435453441373104
DFM-4_R2_P1,2025Q1,H3,standard,1,industrial_production,PRODUCTION,0.078825879813806801
DFM-4_R2_P1,2025Q1,H3,standard,1,ppi,PRICES,-0.0228908764701472
DFM-4_R2_P1,2025Q1,H3,standard,1,usd_uzs,FINANCIAL,-0.087600851756711201
DFM-4_R2_P1,2025Q1,H3,standard,1,rub_uzs,FINANCIAL,0.0057521677101480999
DFM-4_R2_P1,2025Q1,H3,standard,1,gold_price,EXTERNAL,-0.054808668835695303
DFM-4_R2_P1,2025Q1,H3,standard,1,m2,FINANCIAL,0.56912408400802716
DFM-4_R2_P1,2025Q1,H3,standard,1,fx_reserves_ex_gold,FINANCIAL,-0.1897914485018308
DFM-4_R2_P1,2025Q1,H3,standard,1,pos_turnover,PAYMENTS,0.40059492344024761
DFM-4_R2_P1,2025Q1,H3,standard,2,industrial_production,PRODUCTION,-0.23236094526762191
DFM-4_R2_P1,2025Q1,H3,standard,2,ppi,PRICES,-0.032175420976057703
DFM-4_R2_P1,2025Q1,H3,standard,2,usd_uzs,FINANCIAL,-0.035497702459935297
DFM-4_R2_P1,2025Q1,H3,standard,2,rub_uzs,FINANCIAL,0.048441410075769499
DFM-4_R2_P1,2025Q1,H3,standard,2,gold_price,EXTERNAL,-0.00037954217088419998
DFM-4_R2_P1,2025Q1,H3,standard,2,m2,FINANCIAL,0.14725810380376969
DFM-4_R2_P1,2025Q1,H3,standard,2,fx_reserves_ex_gold,FINANCIAL,0.48090826080262161
DFM-4_R2_P1,2025Q1,H3,standard,2,pos_turnover,PAYMENTS,-0.090435453441373104
DFM-4_R2_P1,2025Q1,H3,conservative,1,industrial_production,PRODUCTION,0.078825879813806801
DFM-4_R2_P1,2025Q1,H3,conservative,1,ppi,PRICES,-0.0228908764701472
DFM-4_R2_P1,2025Q1,H3,conservative,1,usd_uzs,FINANCIAL,-0.087600851756711201
DFM-4_R2_P1,2025Q1,H3,conservative,1,rub_uzs,FINANCIAL,0.0057521677101480999
DFM-4_R2_P1,2025Q1,H3,conservative,1,gold_price,EXTERNAL,-0.054808668835695303
DFM-4_R2_P1,2025Q1,H3,conservative,1,m2,FINANCIAL,0.56912408400802716
DFM-4_R2_P1,2025Q1,H3,conservative,1,fx_reserves_ex_gold,FINANCIAL,-0.1897914485018308
DFM-4_R2_P1,2025Q1,H3,conservative,1,pos_turnover,PAYMENTS,0.40059492344024761
DFM-4_R2_P1,2025Q1,H3,conservative,2,industrial_production,PRODUCTION,-0.23236094526762191
DFM-4_R2_P1,2025Q1,H3,conservative,2,ppi,PRICES,-0.032175420976057703
DFM-4_R2_P1,2025Q1,H3,conservative,2,usd_uzs,FINANCIAL,-0.035497702459935297
DFM-4_R2_P1,2025Q1,H3,conservative,2,rub_uzs,FINANCIAL,0.048441410075769499
DFM-4_R2_P1,2025Q1,H3,conservative,2,gold_price,EXTERNAL,-0.00037954217088419998
DFM-4_R2_P1,2025Q1,H3,conservative,2,m2,FINANCIAL,0.14725810380376969
DFM-4_R2_P1,2025Q1,H3,conservative,2,fx_reserves_ex_gold,FINANCIAL,0.48090826080262161
DFM-4_R2_P1,2025Q1,H3,conservative,2,pos_turnover,PAYMENTS,-0.090435453441373104
DFM-4_R2_P1,2025Q2,H1,standard,1,industrial_production,PRODUCTION,0.084235678410199896
DFM-4_R2_P1,2025Q2,H1,standard,1,ppi,PRICES,-0.027482322389206899
DFM-4_R2_P1,2025Q2,H1,standard,1,usd_uzs,FINANCIAL,-0.096090434277453798
DFM-4_R2_P1,2025Q2,H1,standard,1,rub_uzs,FINANCIAL,0.022795087372975201
DFM-4_R2_P1,2025Q2,H1,standard,1,gold_price,EXTERNAL,-0.030868564480669401
DFM-4_R2_P1,2025Q2,H1,standard,1,m2,FINANCIAL,0.56256192053758047
DFM-4_R2_P1,2025Q2,H1,standard,1,fx_reserves_ex_gold,FINANCIAL,-0.16034934368585671
DFM-4_R2_P1,2025Q2,H1,standard,1,pos_turnover,PAYMENTS,0.40382903522271008
DFM-4_R2_P1,2025Q2,H1,standard,2,industrial_production,PRODUCTION,-0.23073402171778831
DFM-4_R2_P1,2025Q2,H1,standard,2,ppi,PRICES,-0.0448879153133067
DFM-4_R2_P1,2025Q2,H1,standard,2,usd_uzs,FINANCIAL,-0.0485575197115823
DFM-4_R2_P1,2025Q2,H1,standard,2,rub_uzs,FINANCIAL,0.080484240345517294
DFM-4_R2_P1,2025Q2,H1,standard,2,gold_price,EXTERNAL,0.032540063324013199
DFM-4_R2_P1,2025Q2,H1,standard,2,m2,FINANCIAL,0.17624035775623551
DFM-4_R2_P1,2025Q2,H1,standard,2,fx_reserves_ex_gold,FINANCIAL,0.459437519555841
DFM-4_R2_P1,2025Q2,H1,standard,2,pos_turnover,PAYMENTS,-0.090765811440095406
DFM-4_R2_P1,2025Q2,H1,conservative,1,industrial_production,PRODUCTION,0.081566695725550198
DFM-4_R2_P1,2025Q2,H1,conservative,1,ppi,PRICES,-0.027411817790073199
DFM-4_R2_P1,2025Q2,H1,conservative,1,usd_uzs,FINANCIAL,-0.096167372615493504
DFM-4_R2_P1,2025Q2,H1,conservative,1,rub_uzs,FINANCIAL,0.023650487217905102
DFM-4_R2_P1,2025Q2,H1,conservative,1,gold_price,EXTERNAL,-0.0297873396733929
DFM-4_R2_P1,2025Q2,H1,conservative,1,m2,FINANCIAL,0.56283260685397285
DFM-4_R2_P1,2025Q2,H1,conservative,1,fx_reserves_ex_gold,FINANCIAL,-0.15433176500594201
DFM-4_R2_P1,2025Q2,H1,conservative,1,pos_turnover,PAYMENTS,0.40074024607868769
DFM-4_R2_P1,2025Q2,H1,conservative,2,industrial_production,PRODUCTION,-0.22949729122256621
DFM-4_R2_P1,2025Q2,H1,conservative,2,ppi,PRICES,-0.044833212110540699
DFM-4_R2_P1,2025Q2,H1,conservative,2,usd_uzs,FINANCIAL,-0.048167924709178599
DFM-4_R2_P1,2025Q2,H1,conservative,2,rub_uzs,FINANCIAL,0.079879889437320703
DFM-4_R2_P1,2025Q2,H1,conservative,2,gold_price,EXTERNAL,0.032177141213307302
DFM-4_R2_P1,2025Q2,H1,conservative,2,m2,FINANCIAL,0.17761410029599189
DFM-4_R2_P1,2025Q2,H1,conservative,2,fx_reserves_ex_gold,FINANCIAL,0.45569648098360838
DFM-4_R2_P1,2025Q2,H1,conservative,2,pos_turnover,PAYMENTS,-0.089104432231118899
DFM-4_R2_P1,2025Q2,H2,standard,1,industrial_production,PRODUCTION,0.087635038044933805
DFM-4_R2_P1,2025Q2,H2,standard,1,ppi,PRICES,-0.0282069156844637
DFM-4_R2_P1,2025Q2,H2,standard,1,usd_uzs,FINANCIAL,-0.097455131851654497
DFM-4_R2_P1,2025Q2,H2,standard,1,rub_uzs,FINANCIAL,0.024450236442112201
DFM-4_R2_P1,2025Q2,H2,standard,1,gold_price,EXTERNAL,-0.029808112490849199
DFM-4_R2_P1,2025Q2,H2,standard,1,m2,FINANCIAL,0.56514497225431937
DFM-4_R2_P1,2025Q2,H2,standard,1,fx_reserves_ex_gold,FINANCIAL,-0.14966849302815249
DFM-4_R2_P1,2025Q2,H2,standard,1,pos_turnover,PAYMENTS,0.40246417396763151
DFM-4_R2_P1,2025Q2,H2,standard,2,industrial_production,PRODUCTION,-0.2128793451914702
DFM-4_R2_P1,2025Q2,H2,standard,2,ppi,PRICES,-0.045518780310245699
DFM-4_R2_P1,2025Q2,H2,standard,2,usd_uzs,FINANCIAL,-0.047927885782162102
DFM-4_R2_P1,2025Q2,H2,standard,2,rub_uzs,FINANCIAL,0.079438040122333894
DFM-4_R2_P1,2025Q2,H2,standard,2,gold_price,EXTERNAL,0.031112705537576099
DFM-4_R2_P1,2025Q2,H2,standard,2,m2,FINANCIAL,0.17545902685073589
DFM-4_R2_P1,2025Q2,H2,standard,2,fx_reserves_ex_gold,FINANCIAL,0.455043815482085
DFM-4_R2_P1,2025Q2,H2,standard,2,pos_turnover,PAYMENTS,-0.0913698228744073
DFM-4_R2_P1,2025Q2,H2,conservative,1,industrial_production,PRODUCTION,0.087635038044933805
DFM-4_R2_P1,2025Q2,H2,conservative,1,ppi,PRICES,-0.0282069156844637
DFM-4_R2_P1,2025Q2,H2,conservative,1,usd_uzs,FINANCIAL,-0.097455131851654497
DFM-4_R2_P1,2025Q2,H2,conservative,1,rub_uzs,FINANCIAL,0.024450236442112201
DFM-4_R2_P1,2025Q2,H2,conservative,1,gold_price,EXTERNAL,-0.029808112490849199
DFM-4_R2_P1,2025Q2,H2,conservative,1,m2,FINANCIAL,0.56514497225431937
DFM-4_R2_P1,2025Q2,H2,conservative,1,fx_reserves_ex_gold,FINANCIAL,-0.14966849302815249
DFM-4_R2_P1,2025Q2,H2,conservative,1,pos_turnover,PAYMENTS,0.40246417396763151
DFM-4_R2_P1,2025Q2,H2,conservative,2,industrial_production,PRODUCTION,-0.2128793451914702
DFM-4_R2_P1,2025Q2,H2,conservative,2,ppi,PRICES,-0.045518780310245699
DFM-4_R2_P1,2025Q2,H2,conservative,2,usd_uzs,FINANCIAL,-0.047927885782162102
DFM-4_R2_P1,2025Q2,H2,conservative,2,rub_uzs,FINANCIAL,0.079438040122333894
DFM-4_R2_P1,2025Q2,H2,conservative,2,gold_price,EXTERNAL,0.031112705537576099
DFM-4_R2_P1,2025Q2,H2,conservative,2,m2,FINANCIAL,0.17545902685073589
DFM-4_R2_P1,2025Q2,H2,conservative,2,fx_reserves_ex_gold,FINANCIAL,0.455043815482085
DFM-4_R2_P1,2025Q2,H2,conservative,2,pos_turnover,PAYMENTS,-0.0913698228744073
DFM-4_R2_P1,2025Q2,H3,standard,1,industrial_production,PRODUCTION,0.087635038044933805
DFM-4_R2_P1,2025Q2,H3,standard,1,ppi,PRICES,-0.0282069156844637
DFM-4_R2_P1,2025Q2,H3,standard,1,usd_uzs,FINANCIAL,-0.097455131851654497
DFM-4_R2_P1,2025Q2,H3,standard,1,rub_uzs,FINANCIAL,0.024450236442112201
DFM-4_R2_P1,2025Q2,H3,standard,1,gold_price,EXTERNAL,-0.029808112490849199
DFM-4_R2_P1,2025Q2,H3,standard,1,m2,FINANCIAL,0.56514497225431937
DFM-4_R2_P1,2025Q2,H3,standard,1,fx_reserves_ex_gold,FINANCIAL,-0.14966849302815249
DFM-4_R2_P1,2025Q2,H3,standard,1,pos_turnover,PAYMENTS,0.40246417396763151
DFM-4_R2_P1,2025Q2,H3,standard,2,industrial_production,PRODUCTION,-0.2128793451914702
DFM-4_R2_P1,2025Q2,H3,standard,2,ppi,PRICES,-0.045518780310245699
DFM-4_R2_P1,2025Q2,H3,standard,2,usd_uzs,FINANCIAL,-0.047927885782162102
DFM-4_R2_P1,2025Q2,H3,standard,2,rub_uzs,FINANCIAL,0.079438040122333894
DFM-4_R2_P1,2025Q2,H3,standard,2,gold_price,EXTERNAL,0.031112705537576099
DFM-4_R2_P1,2025Q2,H3,standard,2,m2,FINANCIAL,0.17545902685073589
DFM-4_R2_P1,2025Q2,H3,standard,2,fx_reserves_ex_gold,FINANCIAL,0.455043815482085
DFM-4_R2_P1,2025Q2,H3,standard,2,pos_turnover,PAYMENTS,-0.0913698228744073
DFM-4_R2_P1,2025Q2,H3,conservative,1,industrial_production,PRODUCTION,0.087635038044933805
DFM-4_R2_P1,2025Q2,H3,conservative,1,ppi,PRICES,-0.0282069156844637
DFM-4_R2_P1,2025Q2,H3,conservative,1,usd_uzs,FINANCIAL,-0.097455131851654497
DFM-4_R2_P1,2025Q2,H3,conservative,1,rub_uzs,FINANCIAL,0.024450236442112201
DFM-4_R2_P1,2025Q2,H3,conservative,1,gold_price,EXTERNAL,-0.029808112490849199
DFM-4_R2_P1,2025Q2,H3,conservative,1,m2,FINANCIAL,0.56514497225431937
DFM-4_R2_P1,2025Q2,H3,conservative,1,fx_reserves_ex_gold,FINANCIAL,-0.14966849302815249
DFM-4_R2_P1,2025Q2,H3,conservative,1,pos_turnover,PAYMENTS,0.40246417396763151
DFM-4_R2_P1,2025Q2,H3,conservative,2,industrial_production,PRODUCTION,-0.2128793451914702
DFM-4_R2_P1,2025Q2,H3,conservative,2,ppi,PRICES,-0.045518780310245699
DFM-4_R2_P1,2025Q2,H3,conservative,2,usd_uzs,FINANCIAL,-0.047927885782162102
DFM-4_R2_P1,2025Q2,H3,conservative,2,rub_uzs,FINANCIAL,0.079438040122333894
DFM-4_R2_P1,2025Q2,H3,conservative,2,gold_price,EXTERNAL,0.031112705537576099
DFM-4_R2_P1,2025Q2,H3,conservative,2,m2,FINANCIAL,0.17545902685073589
DFM-4_R2_P1,2025Q2,H3,conservative,2,fx_reserves_ex_gold,FINANCIAL,0.455043815482085
DFM-4_R2_P1,2025Q2,H3,conservative,2,pos_turnover,PAYMENTS,-0.0913698228744073
DFM-4_R2_P2,2022Q2,H1,standard,1,industrial_production,PRODUCTION,0.35764058025109308
DFM-4_R2_P2,2022Q2,H1,standard,1,ppi,PRICES,-0.068932563797076102
DFM-4_R2_P2,2022Q2,H1,standard,1,usd_uzs,FINANCIAL,-0.3485824032076103
DFM-4_R2_P2,2022Q2,H1,standard,1,rub_uzs,FINANCIAL,-0.1875797018685865
DFM-4_R2_P2,2022Q2,H1,standard,1,gold_price,EXTERNAL,-0.2372679531341616
DFM-4_R2_P2,2022Q2,H1,standard,1,m2,FINANCIAL,0.2490624960381691
DFM-4_R2_P2,2022Q2,H1,standard,1,fx_reserves_ex_gold,FINANCIAL,-0.0021356865151369001
DFM-4_R2_P2,2022Q2,H1,standard,1,pos_turnover,PAYMENTS,0.65574664474105271
DFM-4_R2_P2,2022Q2,H1,standard,2,industrial_production,PRODUCTION,-0.13667409819063331
DFM-4_R2_P2,2022Q2,H1,standard,2,ppi,PRICES,-0.040689280529646002
DFM-4_R2_P2,2022Q2,H1,standard,2,usd_uzs,FINANCIAL,-0.0252846733552483
DFM-4_R2_P2,2022Q2,H1,standard,2,rub_uzs,FINANCIAL,-0.017842740818268199
DFM-4_R2_P2,2022Q2,H1,standard,2,gold_price,EXTERNAL,-0.011422885577611
DFM-4_R2_P2,2022Q2,H1,standard,2,m2,FINANCIAL,-0.045086060122949197
DFM-4_R2_P2,2022Q2,H1,standard,2,fx_reserves_ex_gold,FINANCIAL,0.1436144710714517
DFM-4_R2_P2,2022Q2,H1,standard,2,pos_turnover,PAYMENTS,-0.018405782158492302
DFM-4_R2_P2,2022Q2,H1,conservative,1,industrial_production,PRODUCTION,0.43510768058456861
DFM-4_R2_P2,2022Q2,H1,conservative,1,ppi,PRICES,-0.1128037940001394
DFM-4_R2_P2,2022Q2,H1,conservative,1,usd_uzs,FINANCIAL,-0.46560466709736409
DFM-4_R2_P2,2022Q2,H1,conservative,1,rub_uzs,FINANCIAL,-0.16974307392860041
DFM-4_R2_P2,2022Q2,H1,conservative,1,gold_price,EXTERNAL,-0.31920065543055259
DFM-4_R2_P2,2022Q2,H1,conservative,1,m2,FINANCIAL,0.22782253871603381
DFM-4_R2_P2,2022Q2,H1,conservative,1,fx_reserves_ex_gold,FINANCIAL,0.0010140666924439001
DFM-4_R2_P2,2022Q2,H1,conservative,1,pos_turnover,PAYMENTS,0.76328130534337335
DFM-4_R2_P2,2022Q2,H1,conservative,2,industrial_production,PRODUCTION,-0.1390537631419195
DFM-4_R2_P2,2022Q2,H1,conservative,2,ppi,PRICES,-0.039595234428724597
DFM-4_R2_P2,2022Q2,H1,conservative,2,usd_uzs,FINANCIAL,-0.0211959012231774
DFM-4_R2_P2,2022Q2,H1,conservative,2,rub_uzs,FINANCIAL,-0.012651337335295601
DFM-4_R2_P2,2022Q2,H1,conservative,2,gold_price,EXTERNAL,-0.0089382512344588008
DFM-4_R2_P2,2022Q2,H1,conservative,2,m2,FINANCIAL,-0.052192360657067401
DFM-4_R2_P2,2022Q2,H1,conservative,2,fx_reserves_ex_gold,FINANCIAL,0.1406038772669046
DFM-4_R2_P2,2022Q2,H1,conservative,2,pos_turnover,PAYMENTS,-0.0280237073232113
DFM-4_R2_P2,2022Q2,H2,standard,1,industrial_production,PRODUCTION,0.39878686901445032
DFM-4_R2_P2,2022Q2,H2,standard,1,ppi,PRICES,-0.079577682057535001
DFM-4_R2_P2,2022Q2,H2,standard,1,usd_uzs,FINANCIAL,-0.39073566999341358
DFM-4_R2_P2,2022Q2,H2,standard,1,rub_uzs,FINANCIAL,-0.19556332968334711
DFM-4_R2_P2,2022Q2,H2,standard,1,gold_price,EXTERNAL,-0.26482604250739239
DFM-4_R2_P2,2022Q2,H2,standard,1,m2,FINANCIAL,0.2698287226342766
DFM-4_R2_P2,2022Q2,H2,standard,1,fx_reserves_ex_gold,FINANCIAL,-0.0068948181589637003
DFM-4_R2_P2,2022Q2,H2,standard,1,pos_turnover,PAYMENTS,0.71688077774425707
DFM-4_R2_P2,2022Q2,H2,standard,2,industrial_production,PRODUCTION,-0.1298044064002985
DFM-4_R2_P2,2022Q2,H2,standard,2,ppi,PRICES,-0.037723850079706599
DFM-4_R2_P2,2022Q2,H2,standard,2,usd_uzs,FINANCIAL,-0.022737250707764299
DFM-4_R2_P2,2022Q2,H2,standard,2,rub_uzs,FINANCIAL,-0.017217517990612798
DFM-4_R2_P2,2022Q2,H2,standard,2,gold_price,EXTERNAL,-0.0098486685131022999
DFM-4_R2_P2,2022Q2,H2,standard,2,m2,FINANCIAL,-0.041253463538901101
DFM-4_R2_P2,2022Q2,H2,standard,2,fx_reserves_ex_gold,FINANCIAL,0.13406162990794671
DFM-4_R2_P2,2022Q2,H2,standard,2,pos_turnover,PAYMENTS,-0.018241249016802401
DFM-4_R2_P2,2022Q2,H2,conservative,1,industrial_production,PRODUCTION,0.39878686901445032
DFM-4_R2_P2,2022Q2,H2,conservative,1,ppi,PRICES,-0.079577682057535001
DFM-4_R2_P2,2022Q2,H2,conservative,1,usd_uzs,FINANCIAL,-0.39073566999341358
DFM-4_R2_P2,2022Q2,H2,conservative,1,rub_uzs,FINANCIAL,-0.19556332968334711
DFM-4_R2_P2,2022Q2,H2,conservative,1,gold_price,EXTERNAL,-0.26482604250739239
DFM-4_R2_P2,2022Q2,H2,conservative,1,m2,FINANCIAL,0.2698287226342766
DFM-4_R2_P2,2022Q2,H2,conservative,1,fx_reserves_ex_gold,FINANCIAL,-0.0068948181589637003
DFM-4_R2_P2,2022Q2,H2,conservative,1,pos_turnover,PAYMENTS,0.71688077774425707
DFM-4_R2_P2,2022Q2,H2,conservative,2,industrial_production,PRODUCTION,-0.1298044064002985
DFM-4_R2_P2,2022Q2,H2,conservative,2,ppi,PRICES,-0.037723850079706599
DFM-4_R2_P2,2022Q2,H2,conservative,2,usd_uzs,FINANCIAL,-0.022737250707764299
DFM-4_R2_P2,2022Q2,H2,conservative,2,rub_uzs,FINANCIAL,-0.017217517990612798
DFM-4_R2_P2,2022Q2,H2,conservative,2,gold_price,EXTERNAL,-0.0098486685131022999
DFM-4_R2_P2,2022Q2,H2,conservative,2,m2,FINANCIAL,-0.041253463538901101
DFM-4_R2_P2,2022Q2,H2,conservative,2,fx_reserves_ex_gold,FINANCIAL,0.13406162990794671
DFM-4_R2_P2,2022Q2,H2,conservative,2,pos_turnover,PAYMENTS,-0.018241249016802401
DFM-4_R2_P2,2022Q2,H3,standard,1,industrial_production,PRODUCTION,0.39878686901445032
DFM-4_R2_P2,2022Q2,H3,standard,1,ppi,PRICES,-0.079577682057535001
DFM-4_R2_P2,2022Q2,H3,standard,1,usd_uzs,FINANCIAL,-0.39073566999341358
DFM-4_R2_P2,2022Q2,H3,standard,1,rub_uzs,FINANCIAL,-0.19556332968334711
DFM-4_R2_P2,2022Q2,H3,standard,1,gold_price,EXTERNAL,-0.26482604250739239
DFM-4_R2_P2,2022Q2,H3,standard,1,m2,FINANCIAL,0.2698287226342766
DFM-4_R2_P2,2022Q2,H3,standard,1,fx_reserves_ex_gold,FINANCIAL,-0.0068948181589637003
DFM-4_R2_P2,2022Q2,H3,standard,1,pos_turnover,PAYMENTS,0.71688077774425707
DFM-4_R2_P2,2022Q2,H3,standard,2,industrial_production,PRODUCTION,-0.1298044064002985
DFM-4_R2_P2,2022Q2,H3,standard,2,ppi,PRICES,-0.037723850079706599
DFM-4_R2_P2,2022Q2,H3,standard,2,usd_uzs,FINANCIAL,-0.022737250707764299
DFM-4_R2_P2,2022Q2,H3,standard,2,rub_uzs,FINANCIAL,-0.017217517990612798
DFM-4_R2_P2,2022Q2,H3,standard,2,gold_price,EXTERNAL,-0.0098486685131022999
DFM-4_R2_P2,2022Q2,H3,standard,2,m2,FINANCIAL,-0.041253463538901101
DFM-4_R2_P2,2022Q2,H3,standard,2,fx_reserves_ex_gold,FINANCIAL,0.13406162990794671
DFM-4_R2_P2,2022Q2,H3,standard,2,pos_turnover,PAYMENTS,-0.018241249016802401
DFM-4_R2_P2,2022Q2,H3,conservative,1,industrial_production,PRODUCTION,0.39878686901445032
DFM-4_R2_P2,2022Q2,H3,conservative,1,ppi,PRICES,-0.079577682057535001
DFM-4_R2_P2,2022Q2,H3,conservative,1,usd_uzs,FINANCIAL,-0.39073566999341358
DFM-4_R2_P2,2022Q2,H3,conservative,1,rub_uzs,FINANCIAL,-0.19556332968334711
DFM-4_R2_P2,2022Q2,H3,conservative,1,gold_price,EXTERNAL,-0.26482604250739239
DFM-4_R2_P2,2022Q2,H3,conservative,1,m2,FINANCIAL,0.2698287226342766
DFM-4_R2_P2,2022Q2,H3,conservative,1,fx_reserves_ex_gold,FINANCIAL,-0.0068948181589637003
DFM-4_R2_P2,2022Q2,H3,conservative,1,pos_turnover,PAYMENTS,0.71688077774425707
DFM-4_R2_P2,2022Q2,H3,conservative,2,industrial_production,PRODUCTION,-0.1298044064002985
DFM-4_R2_P2,2022Q2,H3,conservative,2,ppi,PRICES,-0.037723850079706599
DFM-4_R2_P2,2022Q2,H3,conservative,2,usd_uzs,FINANCIAL,-0.022737250707764299
DFM-4_R2_P2,2022Q2,H3,conservative,2,rub_uzs,FINANCIAL,-0.017217517990612798
DFM-4_R2_P2,2022Q2,H3,conservative,2,gold_price,EXTERNAL,-0.0098486685131022999
DFM-4_R2_P2,2022Q2,H3,conservative,2,m2,FINANCIAL,-0.041253463538901101
DFM-4_R2_P2,2022Q2,H3,conservative,2,fx_reserves_ex_gold,FINANCIAL,0.13406162990794671
DFM-4_R2_P2,2022Q2,H3,conservative,2,pos_turnover,PAYMENTS,-0.018241249016802401
DFM-4_R2_P2,2022Q3,H1,standard,1,industrial_production,PRODUCTION,0.25386168905332362
DFM-4_R2_P2,2022Q3,H1,standard,1,ppi,PRICES,0.077987879317362299
DFM-4_R2_P2,2022Q3,H1,standard,1,usd_uzs,FINANCIAL,-0.1004790697690162
DFM-4_R2_P2,2022Q3,H1,standard,1,rub_uzs,FINANCIAL,0.18769760481168671
DFM-4_R2_P2,2022Q3,H1,standard,1,gold_price,EXTERNAL,-0.085646562113012095
DFM-4_R2_P2,2022Q3,H1,standard,1,m2,FINANCIAL,0.58235934285527435
DFM-4_R2_P2,2022Q3,H1,standard,1,fx_reserves_ex_gold,FINANCIAL,-0.14287176428787471
DFM-4_R2_P2,2022Q3,H1,standard,1,pos_turnover,PAYMENTS,0.39834580386475038
DFM-4_R2_P2,2022Q3,H1,standard,2,industrial_production,PRODUCTION,0.2402905786999644
DFM-4_R2_P2,2022Q3,H1,standard,2,ppi,PRICES,0.0245169871188484
DFM-4_R2_P2,2022Q3,H1,standard,2,usd_uzs,FINANCIAL,0.012622685616578699
DFM-4_R2_P2,2022Q3,H1,standard,2,rub_uzs,FINANCIAL,-0.0737557761463042
DFM-4_R2_P2,2022Q3,H1,standard,2,gold_price,EXTERNAL,-0.0035215255363666999
DFM-4_R2_P2,2022Q3,H1,standard,2,m2,FINANCIAL,-0.19048380342910309
DFM-4_R2_P2,2022Q3,H1,standard,2,fx_reserves_ex_gold,FINANCIAL,-0.2263556700702869
DFM-4_R2_P2,2022Q3,H1,standard,2,pos_turnover,PAYMENTS,-0.0203724960202879
DFM-4_R2_P2,2022Q3,H1,conservative,1,industrial_production,PRODUCTION,0.38880305957615918
DFM-4_R2_P2,2022Q3,H1,conservative,1,ppi,PRICES,0.0039862085828252002
DFM-4_R2_P2,2022Q3,H1,conservative,1,usd_uzs,FINANCIAL,-0.3232903901259086
DFM-4_R2_P2,2022Q3,H1,conservative,1,rub_uzs,FINANCIAL,0.14318589970843509
DFM-4_R2_P2,2022Q3,H1,conservative,1,gold_price,EXTERNAL,-0.26080115992647901
DFM-4_R2_P2,2022Q3,H1,conservative,1,m2,FINANCIAL,0.45947067830704502
DFM-4_R2_P2,2022Q3,H1,conservative,1,fx_reserves_ex_gold,FINANCIAL,-0.085563871340700495
DFM-4_R2_P2,2022Q3,H1,conservative,1,pos_turnover,PAYMENTS,0.6653542548658371
DFM-4_R2_P2,2022Q3,H1,conservative,2,industrial_production,PRODUCTION,-0.21478665619333909
DFM-4_R2_P2,2022Q3,H1,conservative,2,ppi,PRICES,-0.051586700912953198
DFM-4_R2_P2,2022Q3,H1,conservative,2,usd_uzs,FINANCIAL,-0.039836781258154201
DFM-4_R2_P2,2022Q3,H1,conservative,2,rub_uzs,FINANCIAL,0.012464460848207499
DFM-4_R2_P2,2022Q3,H1,conservative,2,gold_price,EXTERNAL,-0.022037139427187501
DFM-4_R2_P2,2022Q3,H1,conservative,2,m2,FINANCIAL,-0.0032665758250205999
DFM-4_R2_P2,2022Q3,H1,conservative,2,fx_reserves_ex_gold,FINANCIAL,0.22387739936610929
DFM-4_R2_P2,2022Q3,H1,conservative,2,pos_turnover,PAYMENTS,-0.0106162105179285
DFM-4_R2_P2,2022Q3,H2,standard,1,industrial_production,PRODUCTION,0.22256714137125461
DFM-4_R2_P2,2022Q3,H2,standard,1,ppi,PRICES,0.072843531872084699
DFM-4_R2_P2,2022Q3,H2,standard,1,usd_uzs,FINANCIAL,-0.094986923129058307
DFM-4_R2_P2,2022Q3,H2,standard,1,rub_uzs,FINANCIAL,0.18515155257698601
DFM-4_R2_P2,2022Q3,H2,standard,1,gold_price,EXTERNAL,-0.080758887462173704
DFM-4_R2_P2,2022Q3,H2,standard,1,m2,FINANCIAL,0.56552551926687966
DFM-4_R2_P2,2022Q3,H2,standard,1,fx_reserves_ex_gold,FINANCIAL,-0.12345035096027331
DFM-4_R2_P2,2022Q3,H2,standard,1,pos_turnover,PAYMENTS,0.37821269658428752
DFM-4_R2_P2,2022Q3,H2,standard,2,industrial_production,PRODUCTION,0.25393186501601828
DFM-4_R2_P2,2022Q3,H2,standard,2,ppi,PRICES,0.025131962833874099
DFM-4_R2_P2,2022Q3,H2,standard,2,usd_uzs,FINANCIAL,0.016754052873538601
DFM-4_R2_P2,2022Q3,H2,standard,2,rub_uzs,FINANCIAL,-0.081607728546637601
DFM-4_R2_P2,2022Q3,H2,standard,2,gold_price,EXTERNAL,-0.0014885951988896
DFM-4_R2_P2,2022Q3,H2,standard,2,m2,FINANCIAL,-0.2038567307378695
DFM-4_R2_P2,2022Q3,H2,standard,2,fx_reserves_ex_gold,FINANCIAL,-0.23438118973006369
DFM-4_R2_P2,2022Q3,H2,standard,2,pos_turnover,PAYMENTS,-0.024871321086617
DFM-4_R2_P2,2022Q3,H2,conservative,1,industrial_production,PRODUCTION,0.22256714137125461
DFM-4_R2_P2,2022Q3,H2,conservative,1,ppi,PRICES,0.072843531872084699
DFM-4_R2_P2,2022Q3,H2,conservative,1,usd_uzs,FINANCIAL,-0.094986923129058307
DFM-4_R2_P2,2022Q3,H2,conservative,1,rub_uzs,FINANCIAL,0.18515155257698601
DFM-4_R2_P2,2022Q3,H2,conservative,1,gold_price,EXTERNAL,-0.080758887462173704
DFM-4_R2_P2,2022Q3,H2,conservative,1,m2,FINANCIAL,0.56552551926687966
DFM-4_R2_P2,2022Q3,H2,conservative,1,fx_reserves_ex_gold,FINANCIAL,-0.12345035096027331
DFM-4_R2_P2,2022Q3,H2,conservative,1,pos_turnover,PAYMENTS,0.37821269658428752
DFM-4_R2_P2,2022Q3,H2,conservative,2,industrial_production,PRODUCTION,0.25393186501601828
DFM-4_R2_P2,2022Q3,H2,conservative,2,ppi,PRICES,0.025131962833874099
DFM-4_R2_P2,2022Q3,H2,conservative,2,usd_uzs,FINANCIAL,0.016754052873538601
DFM-4_R2_P2,2022Q3,H2,conservative,2,rub_uzs,FINANCIAL,-0.081607728546637601
DFM-4_R2_P2,2022Q3,H2,conservative,2,gold_price,EXTERNAL,-0.0014885951988896
DFM-4_R2_P2,2022Q3,H2,conservative,2,m2,FINANCIAL,-0.2038567307378695
DFM-4_R2_P2,2022Q3,H2,conservative,2,fx_reserves_ex_gold,FINANCIAL,-0.23438118973006369
DFM-4_R2_P2,2022Q3,H2,conservative,2,pos_turnover,PAYMENTS,-0.024871321086617
DFM-4_R2_P2,2022Q3,H3,standard,1,industrial_production,PRODUCTION,0.22256714137125461
DFM-4_R2_P2,2022Q3,H3,standard,1,ppi,PRICES,0.072843531872084699
DFM-4_R2_P2,2022Q3,H3,standard,1,usd_uzs,FINANCIAL,-0.094986923129058307
DFM-4_R2_P2,2022Q3,H3,standard,1,rub_uzs,FINANCIAL,0.18515155257698601
DFM-4_R2_P2,2022Q3,H3,standard,1,gold_price,EXTERNAL,-0.080758887462173704
DFM-4_R2_P2,2022Q3,H3,standard,1,m2,FINANCIAL,0.56552551926687966
DFM-4_R2_P2,2022Q3,H3,standard,1,fx_reserves_ex_gold,FINANCIAL,-0.12345035096027331
DFM-4_R2_P2,2022Q3,H3,standard,1,pos_turnover,PAYMENTS,0.37821269658428752
DFM-4_R2_P2,2022Q3,H3,standard,2,industrial_production,PRODUCTION,0.25393186501601828
DFM-4_R2_P2,2022Q3,H3,standard,2,ppi,PRICES,0.025131962833874099
DFM-4_R2_P2,2022Q3,H3,standard,2,usd_uzs,FINANCIAL,0.016754052873538601
DFM-4_R2_P2,2022Q3,H3,standard,2,rub_uzs,FINANCIAL,-0.081607728546637601
DFM-4_R2_P2,2022Q3,H3,standard,2,gold_price,EXTERNAL,-0.0014885951988896
DFM-4_R2_P2,2022Q3,H3,standard,2,m2,FINANCIAL,-0.2038567307378695
DFM-4_R2_P2,2022Q3,H3,standard,2,fx_reserves_ex_gold,FINANCIAL,-0.23438118973006369
DFM-4_R2_P2,2022Q3,H3,standard,2,pos_turnover,PAYMENTS,-0.024871321086617
DFM-4_R2_P2,2022Q3,H3,conservative,1,industrial_production,PRODUCTION,0.22256714137125461
DFM-4_R2_P2,2022Q3,H3,conservative,1,ppi,PRICES,0.072843531872084699
DFM-4_R2_P2,2022Q3,H3,conservative,1,usd_uzs,FINANCIAL,-0.094986923129058307
DFM-4_R2_P2,2022Q3,H3,conservative,1,rub_uzs,FINANCIAL,0.18515155257698601
DFM-4_R2_P2,2022Q3,H3,conservative,1,gold_price,EXTERNAL,-0.080758887462173704
DFM-4_R2_P2,2022Q3,H3,conservative,1,m2,FINANCIAL,0.56552551926687966
DFM-4_R2_P2,2022Q3,H3,conservative,1,fx_reserves_ex_gold,FINANCIAL,-0.12345035096027331
DFM-4_R2_P2,2022Q3,H3,conservative,1,pos_turnover,PAYMENTS,0.37821269658428752
DFM-4_R2_P2,2022Q3,H3,conservative,2,industrial_production,PRODUCTION,0.25393186501601828
DFM-4_R2_P2,2022Q3,H3,conservative,2,ppi,PRICES,0.025131962833874099
DFM-4_R2_P2,2022Q3,H3,conservative,2,usd_uzs,FINANCIAL,0.016754052873538601
DFM-4_R2_P2,2022Q3,H3,conservative,2,rub_uzs,FINANCIAL,-0.081607728546637601
DFM-4_R2_P2,2022Q3,H3,conservative,2,gold_price,EXTERNAL,-0.0014885951988896
DFM-4_R2_P2,2022Q3,H3,conservative,2,m2,FINANCIAL,-0.2038567307378695
DFM-4_R2_P2,2022Q3,H3,conservative,2,fx_reserves_ex_gold,FINANCIAL,-0.23438118973006369
DFM-4_R2_P2,2022Q3,H3,conservative,2,pos_turnover,PAYMENTS,-0.024871321086617
DFM-4_R2_P2,2023Q1,H1,standard,1,industrial_production,PRODUCTION,0.33316455811122198
DFM-4_R2_P2,2023Q1,H1,standard,1,ppi,PRICES,0.032414924567407299
DFM-4_R2_P2,2023Q1,H1,standard,1,usd_uzs,FINANCIAL,-0.094380601332682806
DFM-4_R2_P2,2023Q1,H1,standard,1,rub_uzs,FINANCIAL,0.054413973490460801
DFM-4_R2_P2,2023Q1,H1,standard,1,gold_price,EXTERNAL,-0.1152134434962102
DFM-4_R2_P2,2023Q1,H1,standard,1,m2,FINANCIAL,0.49648065370695171
DFM-4_R2_P2,2023Q1,H1,standard,1,fx_reserves_ex_gold,FINANCIAL,-0.29155682617828921
DFM-4_R2_P2,2023Q1,H1,standard,1,pos_turnover,PAYMENTS,0.4487869510694848
DFM-4_R2_P2,2023Q1,H1,standard,2,industrial_production,PRODUCTION,0.25970989334978872
DFM-4_R2_P2,2023Q1,H1,standard,2,ppi,PRICES,0.051891502373379798
DFM-4_R2_P2,2023Q1,H1,standard,2,usd_uzs,FINANCIAL,0.0076413639813690997
DFM-4_R2_P2,2023Q1,H1,standard,2,rub_uzs,FINANCIAL,-0.015757392462401199
DFM-4_R2_P2,2023Q1,H1,standard,2,gold_price,EXTERNAL,0.016637381640728598
DFM-4_R2_P2,2023Q1,H1,standard,2,m2,FINANCIAL,-0.15134464539472869
DFM-4_R2_P2,2023Q1,H1,standard,2,fx_reserves_ex_gold,FINANCIAL,-0.17274806935415959
DFM-4_R2_P2,2023Q1,H1,standard,2,pos_turnover,PAYMENTS,-0.047981774540174701
DFM-4_R2_P2,2023Q1,H1,conservative,1,industrial_production,PRODUCTION,0.31603155837108171
DFM-4_R2_P2,2023Q1,H1,conservative,1,ppi,PRICES,0.029761832923188999
DFM-4_R2_P2,2023Q1,H1,conservative,1,usd_uzs,FINANCIAL,-0.0905167771639388
DFM-4_R2_P2,2023Q1,H1,conservative,1,rub_uzs,FINANCIAL,0.051781706096265603
DFM-4_R2_P2,2023Q1,H1,conservative,1,gold_price,EXTERNAL,-0.10675458963303799
DFM-4_R2_P2,2023Q1,H1,conservative,1,m2,FINANCIAL,0.5075278781653666
DFM-4_R2_P2,2023Q1,H1,conservative,1,fx_reserves_ex_gold,FINANCIAL,-0.28264016640958989
DFM-4_R2_P2,2023Q1,H1,conservative,1,pos_turnover,PAYMENTS,0.44746318976787458
DFM-4_R2_P2,2023Q1,H1,conservative,2,industrial_production,PRODUCTION,0.2665071805674874
DFM-4_R2_P2,2023Q1,H1,conservative,2,ppi,PRICES,0.053839905432777897
DFM-4_R2_P2,2023Q1,H1,conservative,2,usd_uzs,FINANCIAL,0.0047823681651916004
DFM-4_R2_P2,2023Q1,H1,conservative,2,rub_uzs,FINANCIAL,-0.0129328695294341
DFM-4_R2_P2,2023Q1,H1,conservative,2,gold_price,EXTERNAL,0.0112134450397405
DFM-4_R2_P2,2023Q1,H1,conservative,2,m2,FINANCIAL,-0.14774417196827749
DFM-4_R2_P2,2023Q1,H1,conservative,2,fx_reserves_ex_gold,FINANCIAL,-0.1763255934432213
DFM-4_R2_P2,2023Q1,H1,conservative,2,pos_turnover,PAYMENTS,-0.041195442997937898
DFM-4_R2_P2,2023Q1,H2,standard,1,industrial_production,PRODUCTION,0.32465007222812597
DFM-4_R2_P2,2023Q1,H2,standard,1,ppi,PRICES,0.031512372176523799
DFM-4_R2_P2,2023Q1,H2,standard,1,usd_uzs,FINANCIAL,-0.0950950917264584
DFM-4_R2_P2,2023Q1,H2,standard,1,rub_uzs,FINANCIAL,0.056880607463970098
DFM-4_R2_P2,2023Q1,H2,standard,1,gold_price,EXTERNAL,-0.1172514678110366
DFM-4_R2_P2,2023Q1,H2,standard,1,m2,FINANCIAL,0.50017399148790254
DFM-4_R2_P2,2023Q1,H2,standard,1,fx_reserves_ex_gold,FINANCIAL,-0.28632755698428541
DFM-4_R2_P2,2023Q1,H2,standard,1,pos_turnover,PAYMENTS,0.4496953877006481
DFM-4_R2_P2,2023Q1,H2,standard,2,industrial_production,PRODUCTION,0.26345290061517851
DFM-4_R2_P2,2023Q1,H2,standard,2,ppi,PRICES,0.052482168799559102
DFM-4_R2_P2,2023Q1,H2,standard,2,usd_uzs,FINANCIAL,0.0061275715399105
DFM-4_R2_P2,2023Q1,H2,standard,2,rub_uzs,FINANCIAL,-0.013232871228776101
DFM-4_R2_P2,2023Q1,H2,standard,2,gold_price,EXTERNAL,0.012703892170828301
DFM-4_R2_P2,2023Q1,H2,standard,2,m2,FINANCIAL,-0.14973556807541899
DFM-4_R2_P2,2023Q1,H2,standard,2,fx_reserves_ex_gold,FINANCIAL,-0.16912027891019679
DFM-4_R2_P2,2023Q1,H2,standard,2,pos_turnover,PAYMENTS,-0.046658127858751897
DFM-4_R2_P2,2023Q1,H2,conservative,1,industrial_production,PRODUCTION,0.32465007222812597
DFM-4_R2_P2,2023Q1,H2,conservative,1,ppi,PRICES,0.031512372176523799
DFM-4_R2_P2,2023Q1,H2,conservative,1,usd_uzs,FINANCIAL,-0.0950950917264584
DFM-4_R2_P2,2023Q1,H2,conservative,1,rub_uzs,FINANCIAL,0.056880607463970098
DFM-4_R2_P2,2023Q1,H2,conservative,1,gold_price,EXTERNAL,-0.1172514678110366
DFM-4_R2_P2,2023Q1,H2,conservative,1,m2,FINANCIAL,0.50017399148790254
DFM-4_R2_P2,2023Q1,H2,conservative,1,fx_reserves_ex_gold,FINANCIAL,-0.28632755698428541
DFM-4_R2_P2,2023Q1,H2,conservative,1,pos_turnover,PAYMENTS,0.4496953877006481
DFM-4_R2_P2,2023Q1,H2,conservative,2,industrial_production,PRODUCTION,0.26345290061517851
DFM-4_R2_P2,2023Q1,H2,conservative,2,ppi,PRICES,0.052482168799559102
DFM-4_R2_P2,2023Q1,H2,conservative,2,usd_uzs,FINANCIAL,0.0061275715399105
DFM-4_R2_P2,2023Q1,H2,conservative,2,rub_uzs,FINANCIAL,-0.013232871228776101
DFM-4_R2_P2,2023Q1,H2,conservative,2,gold_price,EXTERNAL,0.012703892170828301
DFM-4_R2_P2,2023Q1,H2,conservative,2,m2,FINANCIAL,-0.14973556807541899
DFM-4_R2_P2,2023Q1,H2,conservative,2,fx_reserves_ex_gold,FINANCIAL,-0.16912027891019679
DFM-4_R2_P2,2023Q1,H2,conservative,2,pos_turnover,PAYMENTS,-0.046658127858751897
DFM-4_R2_P2,2023Q1,H3,standard,1,industrial_production,PRODUCTION,0.32465007222812597
DFM-4_R2_P2,2023Q1,H3,standard,1,ppi,PRICES,0.031512372176523799
DFM-4_R2_P2,2023Q1,H3,standard,1,usd_uzs,FINANCIAL,-0.0950950917264584
DFM-4_R2_P2,2023Q1,H3,standard,1,rub_uzs,FINANCIAL,0.056880607463970098
DFM-4_R2_P2,2023Q1,H3,standard,1,gold_price,EXTERNAL,-0.1172514678110366
DFM-4_R2_P2,2023Q1,H3,standard,1,m2,FINANCIAL,0.50017399148790254
DFM-4_R2_P2,2023Q1,H3,standard,1,fx_reserves_ex_gold,FINANCIAL,-0.28632755698428541
DFM-4_R2_P2,2023Q1,H3,standard,1,pos_turnover,PAYMENTS,0.4496953877006481
DFM-4_R2_P2,2023Q1,H3,standard,2,industrial_production,PRODUCTION,0.26345290061517851
DFM-4_R2_P2,2023Q1,H3,standard,2,ppi,PRICES,0.052482168799559102
DFM-4_R2_P2,2023Q1,H3,standard,2,usd_uzs,FINANCIAL,0.0061275715399105
DFM-4_R2_P2,2023Q1,H3,standard,2,rub_uzs,FINANCIAL,-0.013232871228776101
DFM-4_R2_P2,2023Q1,H3,standard,2,gold_price,EXTERNAL,0.012703892170828301
DFM-4_R2_P2,2023Q1,H3,standard,2,m2,FINANCIAL,-0.14973556807541899
DFM-4_R2_P2,2023Q1,H3,standard,2,fx_reserves_ex_gold,FINANCIAL,-0.16912027891019679
DFM-4_R2_P2,2023Q1,H3,standard,2,pos_turnover,PAYMENTS,-0.046658127858751897
DFM-4_R2_P2,2023Q1,H3,conservative,1,industrial_production,PRODUCTION,0.32465007222812597
DFM-4_R2_P2,2023Q1,H3,conservative,1,ppi,PRICES,0.031512372176523799
DFM-4_R2_P2,2023Q1,H3,conservative,1,usd_uzs,FINANCIAL,-0.0950950917264584
DFM-4_R2_P2,2023Q1,H3,conservative,1,rub_uzs,FINANCIAL,0.056880607463970098
DFM-4_R2_P2,2023Q1,H3,conservative,1,gold_price,EXTERNAL,-0.1172514678110366
DFM-4_R2_P2,2023Q1,H3,conservative,1,m2,FINANCIAL,0.50017399148790254
DFM-4_R2_P2,2023Q1,H3,conservative,1,fx_reserves_ex_gold,FINANCIAL,-0.28632755698428541
DFM-4_R2_P2,2023Q1,H3,conservative,1,pos_turnover,PAYMENTS,0.4496953877006481
DFM-4_R2_P2,2023Q1,H3,conservative,2,industrial_production,PRODUCTION,0.26345290061517851
DFM-4_R2_P2,2023Q1,H3,conservative,2,ppi,PRICES,0.052482168799559102
DFM-4_R2_P2,2023Q1,H3,conservative,2,usd_uzs,FINANCIAL,0.0061275715399105
DFM-4_R2_P2,2023Q1,H3,conservative,2,rub_uzs,FINANCIAL,-0.013232871228776101
DFM-4_R2_P2,2023Q1,H3,conservative,2,gold_price,EXTERNAL,0.012703892170828301
DFM-4_R2_P2,2023Q1,H3,conservative,2,m2,FINANCIAL,-0.14973556807541899
DFM-4_R2_P2,2023Q1,H3,conservative,2,fx_reserves_ex_gold,FINANCIAL,-0.16912027891019679
DFM-4_R2_P2,2023Q1,H3,conservative,2,pos_turnover,PAYMENTS,-0.046658127858751897
DFM-4_R2_P2,2023Q3,H1,standard,1,industrial_production,PRODUCTION,0.22520248677397539
DFM-4_R2_P2,2023Q3,H1,standard,1,ppi,PRICES,0.018748270270711902
DFM-4_R2_P2,2023Q3,H1,standard,1,usd_uzs,FINANCIAL,-0.093694184911836495
DFM-4_R2_P2,2023Q3,H1,standard,1,rub_uzs,FINANCIAL,0.016741666134406599
DFM-4_R2_P2,2023Q3,H1,standard,1,gold_price,EXTERNAL,-0.091873938936169602
DFM-4_R2_P2,2023Q3,H1,standard,1,m2,FINANCIAL,0.43384057858478708
DFM-4_R2_P2,2023Q3,H1,standard,1,fx_reserves_ex_gold,FINANCIAL,-0.28137495595652351
DFM-4_R2_P2,2023Q3,H1,standard,1,pos_turnover,PAYMENTS,0.42032233653927192
DFM-4_R2_P2,2023Q3,H1,standard,2,industrial_production,PRODUCTION,0.38938423941785338
DFM-4_R2_P2,2023Q3,H1,standard,2,ppi,PRICES,0.030612407333148399
DFM-4_R2_P2,2023Q3,H1,standard,2,usd_uzs,FINANCIAL,-0.025683284787216501
DFM-4_R2_P2,2023Q3,H1,standard,2,rub_uzs,FINANCIAL,0.0071679801674561002
DFM-4_R2_P2,2023Q3,H1,standard,2,gold_price,EXTERNAL,-0.060145555506686897
DFM-4_R2_P2,2023Q3,H1,standard,2,m2,FINANCIAL,-0.2446116771024319
DFM-4_R2_P2,2023Q3,H1,standard,2,fx_reserves_ex_gold,FINANCIAL,-0.17265987266377561
DFM-4_R2_P2,2023Q3,H1,standard,2,pos_turnover,PAYMENTS,-0.0727840481423154
DFM-4_R2_P2,2023Q3,H1,conservative,1,industrial_production,PRODUCTION,0.2208947249737272
DFM-4_R2_P2,2023Q3,H1,conservative,1,ppi,PRICES,0.018468133287358801
DFM-4_R2_P2,2023Q3,H1,conservative,1,usd_uzs,FINANCIAL,-0.097399775834253202
DFM-4_R2_P2,2023Q3,H1,conservative,1,rub_uzs,FINANCIAL,0.019735965538983501
DFM-4_R2_P2,2023Q3,H1,conservative,1,gold_price,EXTERNAL,-0.094973038998663301
DFM-4_R2_P2,2023Q3,H1,conservative,1,m2,FINANCIAL,0.47690403029883899
DFM-4_R2_P2,2023Q3,H1,conservative,1,fx_reserves_ex_gold,FINANCIAL,-0.28766581117181628
DFM-4_R2_P2,2023Q3,H1,conservative,1,pos_turnover,PAYMENTS,0.44821627939196268
DFM-4_R2_P2,2023Q3,H1,conservative,2,industrial_production,PRODUCTION,0.3267075085599026
DFM-4_R2_P2,2023Q3,H1,conservative,2,ppi,PRICES,0.017704608744291601
DFM-4_R2_P2,2023Q3,H1,conservative,2,usd_uzs,FINANCIAL,-0.022395115418167199
DFM-4_R2_P2,2023Q3,H1,conservative,2,rub_uzs,FINANCIAL,0.0027723313282737999
DFM-4_R2_P2,2023Q3,H1,conservative,2,gold_price,EXTERNAL,-0.053653402350147497
DFM-4_R2_P2,2023Q3,H1,conservative,2,m2,FINANCIAL,-0.2137731815321868
DFM-4_R2_P2,2023Q3,H1,conservative,2,fx_reserves_ex_gold,FINANCIAL,-0.14512358300916081
DFM-4_R2_P2,2023Q3,H1,conservative,2,pos_turnover,PAYMENTS,-0.062465430072192997
DFM-4_R2_P2,2023Q3,H2,standard,1,industrial_production,PRODUCTION,0.2091428103453607
DFM-4_R2_P2,2023Q3,H2,standard,1,ppi,PRICES,0.0244903817407373
DFM-4_R2_P2,2023Q3,H2,standard,1,usd_uzs,FINANCIAL,-0.086287135150397598
DFM-4_R2_P2,2023Q3,H2,standard,1,rub_uzs,FINANCIAL,0.019549474392058799
DFM-4_R2_P2,2023Q3,H2,standard,1,gold_price,EXTERNAL,-0.085298574389545995
DFM-4_R2_P2,2023Q3,H2,standard,1,m2,FINANCIAL,0.42601265253011861
DFM-4_R2_P2,2023Q3,H2,standard,1,fx_reserves_ex_gold,FINANCIAL,-0.25591036105718512
DFM-4_R2_P2,2023Q3,H2,standard,1,pos_turnover,PAYMENTS,0.40327325526362218
DFM-4_R2_P2,2023Q3,H2,standard,2,industrial_production,PRODUCTION,0.3866946442739525
DFM-4_R2_P2,2023Q3,H2,standard,2,ppi,PRICES,0.046718353814737199
DFM-4_R2_P2,2023Q3,H2,standard,2,usd_uzs,FINANCIAL,-0.019590558537305
DFM-4_R2_P2,2023Q3,H2,standard,2,rub_uzs,FINANCIAL,0.0146872861506601
DFM-4_R2_P2,2023Q3,H2,standard,2,gold_price,EXTERNAL,-0.056257879943428998
DFM-4_R2_P2,2023Q3,H2,standard,2,m2,FINANCIAL,-0.2461842728982018
DFM-4_R2_P2,2023Q3,H2,standard,2,fx_reserves_ex_gold,FINANCIAL,-0.15158834491859929
DFM-4_R2_P2,2023Q3,H2,standard,2,pos_turnover,PAYMENTS,-0.081159049660294802
DFM-4_R2_P2,2023Q3,H2,conservative,1,industrial_production,PRODUCTION,0.2091428103453607
DFM-4_R2_P2,2023Q3,H2,conservative,1,ppi,PRICES,0.0244903817407373
DFM-4_R2_P2,2023Q3,H2,conservative,1,usd_uzs,FINANCIAL,-0.086287135150397598
DFM-4_R2_P2,2023Q3,H2,conservative,1,rub_uzs,FINANCIAL,0.019549474392058799
DFM-4_R2_P2,2023Q3,H2,conservative,1,gold_price,EXTERNAL,-0.085298574389545995
DFM-4_R2_P2,2023Q3,H2,conservative,1,m2,FINANCIAL,0.42601265253011861
DFM-4_R2_P2,2023Q3,H2,conservative,1,fx_reserves_ex_gold,FINANCIAL,-0.25591036105718512
DFM-4_R2_P2,2023Q3,H2,conservative,1,pos_turnover,PAYMENTS,0.40327325526362218
DFM-4_R2_P2,2023Q3,H2,conservative,2,industrial_production,PRODUCTION,0.3866946442739525
DFM-4_R2_P2,2023Q3,H2,conservative,2,ppi,PRICES,0.046718353814737199
DFM-4_R2_P2,2023Q3,H2,conservative,2,usd_uzs,FINANCIAL,-0.019590558537305
DFM-4_R2_P2,2023Q3,H2,conservative,2,rub_uzs,FINANCIAL,0.0146872861506601
DFM-4_R2_P2,2023Q3,H2,conservative,2,gold_price,EXTERNAL,-0.056257879943428998
DFM-4_R2_P2,2023Q3,H2,conservative,2,m2,FINANCIAL,-0.2461842728982018
DFM-4_R2_P2,2023Q3,H2,conservative,2,fx_reserves_ex_gold,FINANCIAL,-0.15158834491859929
DFM-4_R2_P2,2023Q3,H2,conservative,2,pos_turnover,PAYMENTS,-0.081159049660294802
DFM-4_R2_P2,2023Q3,H3,standard,1,industrial_production,PRODUCTION,0.2091428103453607
DFM-4_R2_P2,2023Q3,H3,standard,1,ppi,PRICES,0.0244903817407373
DFM-4_R2_P2,2023Q3,H3,standard,1,usd_uzs,FINANCIAL,-0.086287135150397598
DFM-4_R2_P2,2023Q3,H3,standard,1,rub_uzs,FINANCIAL,0.019549474392058799
DFM-4_R2_P2,2023Q3,H3,standard,1,gold_price,EXTERNAL,-0.085298574389545995
DFM-4_R2_P2,2023Q3,H3,standard,1,m2,FINANCIAL,0.42601265253011861
DFM-4_R2_P2,2023Q3,H3,standard,1,fx_reserves_ex_gold,FINANCIAL,-0.25591036105718512
DFM-4_R2_P2,2023Q3,H3,standard,1,pos_turnover,PAYMENTS,0.40327325526362218
DFM-4_R2_P2,2023Q3,H3,standard,2,industrial_production,PRODUCTION,0.3866946442739525
DFM-4_R2_P2,2023Q3,H3,standard,2,ppi,PRICES,0.046718353814737199
DFM-4_R2_P2,2023Q3,H3,standard,2,usd_uzs,FINANCIAL,-0.019590558537305
DFM-4_R2_P2,2023Q3,H3,standard,2,rub_uzs,FINANCIAL,0.0146872861506601
DFM-4_R2_P2,2023Q3,H3,standard,2,gold_price,EXTERNAL,-0.056257879943428998
DFM-4_R2_P2,2023Q3,H3,standard,2,m2,FINANCIAL,-0.2461842728982018
DFM-4_R2_P2,2023Q3,H3,standard,2,fx_reserves_ex_gold,FINANCIAL,-0.15158834491859929
DFM-4_R2_P2,2023Q3,H3,standard,2,pos_turnover,PAYMENTS,-0.081159049660294802
DFM-4_R2_P2,2023Q3,H3,conservative,1,industrial_production,PRODUCTION,0.2091428103453607
DFM-4_R2_P2,2023Q3,H3,conservative,1,ppi,PRICES,0.0244903817407373
DFM-4_R2_P2,2023Q3,H3,conservative,1,usd_uzs,FINANCIAL,-0.086287135150397598
DFM-4_R2_P2,2023Q3,H3,conservative,1,rub_uzs,FINANCIAL,0.019549474392058799
DFM-4_R2_P2,2023Q3,H3,conservative,1,gold_price,EXTERNAL,-0.085298574389545995
DFM-4_R2_P2,2023Q3,H3,conservative,1,m2,FINANCIAL,0.42601265253011861
DFM-4_R2_P2,2023Q3,H3,conservative,1,fx_reserves_ex_gold,FINANCIAL,-0.25591036105718512
DFM-4_R2_P2,2023Q3,H3,conservative,1,pos_turnover,PAYMENTS,0.40327325526362218
DFM-4_R2_P2,2023Q3,H3,conservative,2,industrial_production,PRODUCTION,0.3866946442739525
DFM-4_R2_P2,2023Q3,H3,conservative,2,ppi,PRICES,0.046718353814737199
DFM-4_R2_P2,2023Q3,H3,conservative,2,usd_uzs,FINANCIAL,-0.019590558537305
DFM-4_R2_P2,2023Q3,H3,conservative,2,rub_uzs,FINANCIAL,0.0146872861506601
DFM-4_R2_P2,2023Q3,H3,conservative,2,gold_price,EXTERNAL,-0.056257879943428998
DFM-4_R2_P2,2023Q3,H3,conservative,2,m2,FINANCIAL,-0.2461842728982018
DFM-4_R2_P2,2023Q3,H3,conservative,2,fx_reserves_ex_gold,FINANCIAL,-0.15158834491859929
DFM-4_R2_P2,2023Q3,H3,conservative,2,pos_turnover,PAYMENTS,-0.081159049660294802
DFM-4_R2_P2,2023Q4,H1,standard,1,industrial_production,PRODUCTION,0.1145994306054119
DFM-4_R2_P2,2023Q4,H1,standard,1,ppi,PRICES,0.0022847776725087002
DFM-4_R2_P2,2023Q4,H1,standard,1,usd_uzs,FINANCIAL,-0.072939700183179398
DFM-4_R2_P2,2023Q4,H1,standard,1,rub_uzs,FINANCIAL,0.0084870334239803003
DFM-4_R2_P2,2023Q4,H1,standard,1,gold_price,EXTERNAL,-0.063864598558153393
DFM-4_R2_P2,2023Q4,H1,standard,1,m2,FINANCIAL,0.50433819211163056
DFM-4_R2_P2,2023Q4,H1,standard,1,fx_reserves_ex_gold,FINANCIAL,-0.30058804430123398
DFM-4_R2_P2,2023Q4,H1,standard,1,pos_turnover,PAYMENTS,0.43784236586439251
DFM-4_R2_P2,2023Q4,H1,standard,2,industrial_production,PRODUCTION,-0.2021693579308726
DFM-4_R2_P2,2023Q4,H1,standard,2,ppi,PRICES,0.021332253229740101
DFM-4_R2_P2,2023Q4,H1,standard,2,usd_uzs,FINANCIAL,-0.083325410976135994
DFM-4_R2_P2,2023Q4,H1,standard,2,rub_uzs,FINANCIAL,0.096427214613311801
DFM-4_R2_P2,2023Q4,H1,standard,2,gold_price,EXTERNAL,-0.0034938228507630001
DFM-4_R2_P2,2023Q4,H1,standard,2,m2,FINANCIAL,0.1994844487727776
DFM-4_R2_P2,2023Q4,H1,standard,2,fx_reserves_ex_gold,FINANCIAL,0.45760167110642541
DFM-4_R2_P2,2023Q4,H1,standard,2,pos_turnover,PAYMENTS,0.026571045311853701
DFM-4_R2_P2,2023Q4,H2,standard,1,industrial_production,PRODUCTION,0.1192626313730137
DFM-4_R2_P2,2023Q4,H2,standard,1,ppi,PRICES,0.0016280544251614001
DFM-4_R2_P2,2023Q4,H2,standard,1,usd_uzs,FINANCIAL,-0.070172910634494406
DFM-4_R2_P2,2023Q4,H2,standard,1,rub_uzs,FINANCIAL,0.0056519542157949
DFM-4_R2_P2,2023Q4,H2,standard,1,gold_price,EXTERNAL,-0.063391108042936906
DFM-4_R2_P2,2023Q4,H2,standard,1,m2,FINANCIAL,0.49555307388544068
DFM-4_R2_P2,2023Q4,H2,standard,1,fx_reserves_ex_gold,FINANCIAL,-0.31163333017544048
DFM-4_R2_P2,2023Q4,H2,standard,1,pos_turnover,PAYMENTS,0.43458821319558077
DFM-4_R2_P2,2023Q4,H2,standard,2,industrial_production,PRODUCTION,-0.1844234347888023
DFM-4_R2_P2,2023Q4,H2,standard,2,ppi,PRICES,0.021565658599466599
DFM-4_R2_P2,2023Q4,H2,standard,2,usd_uzs,FINANCIAL,-0.085469353756305599
DFM-4_R2_P2,2023Q4,H2,standard,2,rub_uzs,FINANCIAL,0.097560862504635901
DFM-4_R2_P2,2023Q4,H2,standard,2,gold_price,EXTERNAL,-0.0050413936041137997
DFM-4_R2_P2,2023Q4,H2,standard,2,m2,FINANCIAL,0.2096239990647861
DFM-4_R2_P2,2023Q4,H2,standard,2,fx_reserves_ex_gold,FINANCIAL,0.4564081283342582
DFM-4_R2_P2,2023Q4,H2,standard,2,pos_turnover,PAYMENTS,0.033812155440687303
DFM-4_R2_P2,2023Q4,H2,conservative,1,industrial_production,PRODUCTION,0.1192626313730137
DFM-4_R2_P2,2023Q4,H2,conservative,1,ppi,PRICES,0.0016280544251614001
DFM-4_R2_P2,2023Q4,H2,conservative,1,usd_uzs,FINANCIAL,-0.070172910634494406
DFM-4_R2_P2,2023Q4,H2,conservative,1,rub_uzs,FINANCIAL,0.0056519542157949
DFM-4_R2_P2,2023Q4,H2,conservative,1,gold_price,EXTERNAL,-0.063391108042936906
DFM-4_R2_P2,2023Q4,H2,conservative,1,m2,FINANCIAL,0.49555307388544068
DFM-4_R2_P2,2023Q4,H2,conservative,1,fx_reserves_ex_gold,FINANCIAL,-0.31163333017544048
DFM-4_R2_P2,2023Q4,H2,conservative,1,pos_turnover,PAYMENTS,0.43458821319558077
DFM-4_R2_P2,2023Q4,H2,conservative,2,industrial_production,PRODUCTION,-0.1844234347888023
DFM-4_R2_P2,2023Q4,H2,conservative,2,ppi,PRICES,0.021565658599466599
DFM-4_R2_P2,2023Q4,H2,conservative,2,usd_uzs,FINANCIAL,-0.085469353756305599
DFM-4_R2_P2,2023Q4,H2,conservative,2,rub_uzs,FINANCIAL,0.097560862504635901
DFM-4_R2_P2,2023Q4,H2,conservative,2,gold_price,EXTERNAL,-0.0050413936041137997
DFM-4_R2_P2,2023Q4,H2,conservative,2,m2,FINANCIAL,0.2096239990647861
DFM-4_R2_P2,2023Q4,H2,conservative,2,fx_reserves_ex_gold,FINANCIAL,0.4564081283342582
DFM-4_R2_P2,2023Q4,H2,conservative,2,pos_turnover,PAYMENTS,0.033812155440687303
DFM-4_R2_P2,2023Q4,H3,standard,1,industrial_production,PRODUCTION,0.1192626313730137
DFM-4_R2_P2,2023Q4,H3,standard,1,ppi,PRICES,0.0016280544251614001
DFM-4_R2_P2,2023Q4,H3,standard,1,usd_uzs,FINANCIAL,-0.070172910634494406
DFM-4_R2_P2,2023Q4,H3,standard,1,rub_uzs,FINANCIAL,0.0056519542157949
DFM-4_R2_P2,2023Q4,H3,standard,1,gold_price,EXTERNAL,-0.063391108042936906
DFM-4_R2_P2,2023Q4,H3,standard,1,m2,FINANCIAL,0.49555307388544068
DFM-4_R2_P2,2023Q4,H3,standard,1,fx_reserves_ex_gold,FINANCIAL,-0.31163333017544048
DFM-4_R2_P2,2023Q4,H3,standard,1,pos_turnover,PAYMENTS,0.43458821319558077
DFM-4_R2_P2,2023Q4,H3,standard,2,industrial_production,PRODUCTION,-0.1844234347888023
DFM-4_R2_P2,2023Q4,H3,standard,2,ppi,PRICES,0.021565658599466599
DFM-4_R2_P2,2023Q4,H3,standard,2,usd_uzs,FINANCIAL,-0.085469353756305599
DFM-4_R2_P2,2023Q4,H3,standard,2,rub_uzs,FINANCIAL,0.097560862504635901
DFM-4_R2_P2,2023Q4,H3,standard,2,gold_price,EXTERNAL,-0.0050413936041137997
DFM-4_R2_P2,2023Q4,H3,standard,2,m2,FINANCIAL,0.2096239990647861
DFM-4_R2_P2,2023Q4,H3,standard,2,fx_reserves_ex_gold,FINANCIAL,0.4564081283342582
DFM-4_R2_P2,2023Q4,H3,standard,2,pos_turnover,PAYMENTS,0.033812155440687303
DFM-4_R2_P2,2023Q4,H3,conservative,1,industrial_production,PRODUCTION,0.1192626313730137
DFM-4_R2_P2,2023Q4,H3,conservative,1,ppi,PRICES,0.0016280544251614001
DFM-4_R2_P2,2023Q4,H3,conservative,1,usd_uzs,FINANCIAL,-0.070172910634494406
DFM-4_R2_P2,2023Q4,H3,conservative,1,rub_uzs,FINANCIAL,0.0056519542157949
DFM-4_R2_P2,2023Q4,H3,conservative,1,gold_price,EXTERNAL,-0.063391108042936906
DFM-4_R2_P2,2023Q4,H3,conservative,1,m2,FINANCIAL,0.49555307388544068
DFM-4_R2_P2,2023Q4,H3,conservative,1,fx_reserves_ex_gold,FINANCIAL,-0.31163333017544048
DFM-4_R2_P2,2023Q4,H3,conservative,1,pos_turnover,PAYMENTS,0.43458821319558077
DFM-4_R2_P2,2023Q4,H3,conservative,2,industrial_production,PRODUCTION,-0.1844234347888023
DFM-4_R2_P2,2023Q4,H3,conservative,2,ppi,PRICES,0.021565658599466599
DFM-4_R2_P2,2023Q4,H3,conservative,2,usd_uzs,FINANCIAL,-0.085469353756305599
DFM-4_R2_P2,2023Q4,H3,conservative,2,rub_uzs,FINANCIAL,0.097560862504635901
DFM-4_R2_P2,2023Q4,H3,conservative,2,gold_price,EXTERNAL,-0.0050413936041137997
DFM-4_R2_P2,2023Q4,H3,conservative,2,m2,FINANCIAL,0.2096239990647861
DFM-4_R2_P2,2023Q4,H3,conservative,2,fx_reserves_ex_gold,FINANCIAL,0.4564081283342582
DFM-4_R2_P2,2023Q4,H3,conservative,2,pos_turnover,PAYMENTS,0.033812155440687303
DFM-4_R2_P2,2024Q1,H1,standard,1,industrial_production,PRODUCTION,0.074301701042039703
DFM-4_R2_P2,2024Q1,H1,standard,1,ppi,PRICES,-0.014578928628596799
DFM-4_R2_P2,2024Q1,H1,standard,1,usd_uzs,FINANCIAL,-0.090223115486503594
DFM-4_R2_P2,2024Q1,H1,standard,1,rub_uzs,FINANCIAL,0.012886541983912699
DFM-4_R2_P2,2024Q1,H1,standard,1,gold_price,EXTERNAL,-0.075330497279487693
DFM-4_R2_P2,2024Q1,H1,standard,1,m2,FINANCIAL,0.55967144434476501
DFM-4_R2_P2,2024Q1,H1,standard,1,fx_reserves_ex_gold,FINANCIAL,-0.1935029213363765
DFM-4_R2_P2,2024Q1,H1,standard,1,pos_turnover,PAYMENTS,0.45782907768390868
DFM-4_R2_P2,2024Q1,H1,standard,2,industrial_production,PRODUCTION,-0.20047086888695539
DFM-4_R2_P2,2024Q1,H1,standard,2,ppi,PRICES,-0.033428074350506903
DFM-4_R2_P2,2024Q1,H1,standard,2,usd_uzs,FINANCIAL,-0.058242066777698102
DFM-4_R2_P2,2024Q1,H1,standard,2,rub_uzs,FINANCIAL,0.072092520725283202
DFM-4_R2_P2,2024Q1,H1,standard,2,gold_price,EXTERNAL,-0.014088369073347101
DFM-4_R2_P2,2024Q1,H1,standard,2,m2,FINANCIAL,0.15441015066090341
DFM-4_R2_P2,2024Q1,H1,standard,2,fx_reserves_ex_gold,FINANCIAL,0.44865385026852073
DFM-4_R2_P2,2024Q1,H1,standard,2,pos_turnover,PAYMENTS,-0.035724035057774203
DFM-4_R2_P2,2024Q1,H1,conservative,1,industrial_production,PRODUCTION,0.083572061294408403
DFM-4_R2_P2,2024Q1,H1,conservative,1,ppi,PRICES,-0.013261634874116799
DFM-4_R2_P2,2024Q1,H1,conservative,1,usd_uzs,FINANCIAL,-0.087212773482394201
DFM-4_R2_P2,2024Q1,H1,conservative,1,rub_uzs,FINANCIAL,0.0073469108537118997
DFM-4_R2_P2,2024Q1,H1,conservative,1,gold_price,EXTERNAL,-0.074543635497648905
DFM-4_R2_P2,2024Q1,H1,conservative,1,m2,FINANCIAL,0.54122505947012733
DFM-4_R2_P2,2024Q1,H1,conservative,1,fx_reserves_ex_gold,FINANCIAL,-0.20673706587420959
DFM-4_R2_P2,2024Q1,H1,conservative,1,pos_turnover,PAYMENTS,0.45492895242900983
DFM-4_R2_P2,2024Q1,H1,conservative,2,industrial_production,PRODUCTION,-0.1813377461972028
DFM-4_R2_P2,2024Q1,H1,conservative,2,ppi,PRICES,-0.030656164977197899
DFM-4_R2_P2,2024Q1,H1,conservative,2,usd_uzs,FINANCIAL,-0.061736411268493802
DFM-4_R2_P2,2024Q1,H1,conservative,2,rub_uzs,FINANCIAL,0.064475916638147099
DFM-4_R2_P2,2024Q1,H1,conservative,2,gold_price,EXTERNAL,-0.021885679345101001
DFM-4_R2_P2,2024Q1,H1,conservative,2,m2,FINANCIAL,0.1903927700606782
DFM-4_R2_P2,2024Q1,H1,conservative,2,fx_reserves_ex_gold,FINANCIAL,0.38500890103639668
DFM-4_R2_P2,2024Q1,H1,conservative,2,pos_turnover,PAYMENTS,0.010983963142693801
DFM-4_R2_P2,2024Q1,H2,standard,1,industrial_production,PRODUCTION,0.053411999955791802
DFM-4_R2_P2,2024Q1,H2,standard,1,ppi,PRICES,-0.019617290887334701
DFM-4_R2_P2,2024Q1,H2,standard,1,usd_uzs,FINANCIAL,-0.10855869821607859
DFM-4_R2_P2,2024Q1,H2,standard,1,rub_uzs,FINANCIAL,0.017271352874229099
DFM-4_R2_P2,2024Q1,H2,standard,1,gold_price,EXTERNAL,-0.083309407788288395
DFM-4_R2_P2,2024Q1,H2,standard,1,m2,FINANCIAL,0.6125213685940103
DFM-4_R2_P2,2024Q1,H2,standard,1,fx_reserves_ex_gold,FINANCIAL,-0.134804998066333
DFM-4_R2_P2,2024Q1,H2,standard,1,pos_turnover,PAYMENTS,0.4847311320345426
DFM-4_R2_P2,2024Q1,H2,standard,2,industrial_production,PRODUCTION,-0.0904305265779662
DFM-4_R2_P2,2024Q1,H2,standard,2,ppi,PRICES,0.22137114607955921
DFM-4_R2_P2,2024Q1,H2,standard,2,usd_uzs,FINANCIAL,0.54299004055864164
DFM-4_R2_P2,2024Q1,H2,standard,2,rub_uzs,FINANCIAL,-0.091694590197316406
DFM-4_R2_P2,2024Q1,H2,standard,2,gold_price,EXTERNAL,0.2294826753332487
DFM-4_R2_P2,2024Q1,H2,standard,2,m2,FINANCIAL,0.0243564727726941
DFM-4_R2_P2,2024Q1,H2,standard,2,fx_reserves_ex_gold,FINANCIAL,-0.025733250794853599
DFM-4_R2_P2,2024Q1,H2,standard,2,pos_turnover,PAYMENTS,-0.1262606313579745
DFM-4_R2_P2,2024Q1,H2,conservative,1,industrial_production,PRODUCTION,0.053411999955791802
DFM-4_R2_P2,2024Q1,H2,conservative,1,ppi,PRICES,-0.019617290887334701
DFM-4_R2_P2,2024Q1,H2,conservative,1,usd_uzs,FINANCIAL,-0.10855869821607859
DFM-4_R2_P2,2024Q1,H2,conservative,1,rub_uzs,FINANCIAL,0.017271352874229099
DFM-4_R2_P2,2024Q1,H2,conservative,1,gold_price,EXTERNAL,-0.083309407788288395
DFM-4_R2_P2,2024Q1,H2,conservative,1,m2,FINANCIAL,0.6125213685940103
DFM-4_R2_P2,2024Q1,H2,conservative,1,fx_reserves_ex_gold,FINANCIAL,-0.134804998066333
DFM-4_R2_P2,2024Q1,H2,conservative,1,pos_turnover,PAYMENTS,0.4847311320345426
DFM-4_R2_P2,2024Q1,H2,conservative,2,industrial_production,PRODUCTION,-0.0904305265779662
DFM-4_R2_P2,2024Q1,H2,conservative,2,ppi,PRICES,0.22137114607955921
DFM-4_R2_P2,2024Q1,H2,conservative,2,usd_uzs,FINANCIAL,0.54299004055864164
DFM-4_R2_P2,2024Q1,H2,conservative,2,rub_uzs,FINANCIAL,-0.091694590197316406
DFM-4_R2_P2,2024Q1,H2,conservative,2,gold_price,EXTERNAL,0.2294826753332487
DFM-4_R2_P2,2024Q1,H2,conservative,2,m2,FINANCIAL,0.0243564727726941
DFM-4_R2_P2,2024Q1,H2,conservative,2,fx_reserves_ex_gold,FINANCIAL,-0.025733250794853599
DFM-4_R2_P2,2024Q1,H2,conservative,2,pos_turnover,PAYMENTS,-0.1262606313579745
DFM-4_R2_P2,2024Q1,H3,standard,1,industrial_production,PRODUCTION,0.053411999955791802
DFM-4_R2_P2,2024Q1,H3,standard,1,ppi,PRICES,-0.019617290887334701
DFM-4_R2_P2,2024Q1,H3,standard,1,usd_uzs,FINANCIAL,-0.10855869821607859
DFM-4_R2_P2,2024Q1,H3,standard,1,rub_uzs,FINANCIAL,0.017271352874229099
DFM-4_R2_P2,2024Q1,H3,standard,1,gold_price,EXTERNAL,-0.083309407788288395
DFM-4_R2_P2,2024Q1,H3,standard,1,m2,FINANCIAL,0.6125213685940103
DFM-4_R2_P2,2024Q1,H3,standard,1,fx_reserves_ex_gold,FINANCIAL,-0.134804998066333
DFM-4_R2_P2,2024Q1,H3,standard,1,pos_turnover,PAYMENTS,0.4847311320345426
DFM-4_R2_P2,2024Q1,H3,standard,2,industrial_production,PRODUCTION,-0.0904305265779662
DFM-4_R2_P2,2024Q1,H3,standard,2,ppi,PRICES,0.22137114607955921
DFM-4_R2_P2,2024Q1,H3,standard,2,usd_uzs,FINANCIAL,0.54299004055864164
DFM-4_R2_P2,2024Q1,H3,standard,2,rub_uzs,FINANCIAL,-0.091694590197316406
DFM-4_R2_P2,2024Q1,H3,standard,2,gold_price,EXTERNAL,0.2294826753332487
DFM-4_R2_P2,2024Q1,H3,standard,2,m2,FINANCIAL,0.0243564727726941
DFM-4_R2_P2,2024Q1,H3,standard,2,fx_reserves_ex_gold,FINANCIAL,-0.025733250794853599
DFM-4_R2_P2,2024Q1,H3,standard,2,pos_turnover,PAYMENTS,-0.1262606313579745
DFM-4_R2_P2,2024Q1,H3,conservative,1,industrial_production,PRODUCTION,0.053411999955791802
DFM-4_R2_P2,2024Q1,H3,conservative,1,ppi,PRICES,-0.019617290887334701
DFM-4_R2_P2,2024Q1,H3,conservative,1,usd_uzs,FINANCIAL,-0.10855869821607859
DFM-4_R2_P2,2024Q1,H3,conservative,1,rub_uzs,FINANCIAL,0.017271352874229099
DFM-4_R2_P2,2024Q1,H3,conservative,1,gold_price,EXTERNAL,-0.083309407788288395
DFM-4_R2_P2,2024Q1,H3,conservative,1,m2,FINANCIAL,0.6125213685940103
DFM-4_R2_P2,2024Q1,H3,conservative,1,fx_reserves_ex_gold,FINANCIAL,-0.134804998066333
DFM-4_R2_P2,2024Q1,H3,conservative,1,pos_turnover,PAYMENTS,0.4847311320345426
DFM-4_R2_P2,2024Q1,H3,conservative,2,industrial_production,PRODUCTION,-0.0904305265779662
DFM-4_R2_P2,2024Q1,H3,conservative,2,ppi,PRICES,0.22137114607955921
DFM-4_R2_P2,2024Q1,H3,conservative,2,usd_uzs,FINANCIAL,0.54299004055864164
DFM-4_R2_P2,2024Q1,H3,conservative,2,rub_uzs,FINANCIAL,-0.091694590197316406
DFM-4_R2_P2,2024Q1,H3,conservative,2,gold_price,EXTERNAL,0.2294826753332487
DFM-4_R2_P2,2024Q1,H3,conservative,2,m2,FINANCIAL,0.0243564727726941
DFM-4_R2_P2,2024Q1,H3,conservative,2,fx_reserves_ex_gold,FINANCIAL,-0.025733250794853599
DFM-4_R2_P2,2024Q1,H3,conservative,2,pos_turnover,PAYMENTS,-0.1262606313579745
DFM-4_R2_P2,2024Q2,H1,standard,1,industrial_production,PRODUCTION,-0.0066388292856940003
DFM-4_R2_P2,2024Q2,H1,standard,1,ppi,PRICES,-0.024082149269008001
DFM-4_R2_P2,2024Q2,H1,standard,1,usd_uzs,FINANCIAL,-0.10244650895993559
DFM-4_R2_P2,2024Q2,H1,standard,1,rub_uzs,FINANCIAL,0.0235421887001863
DFM-4_R2_P2,2024Q2,H1,standard,1,gold_price,EXTERNAL,-0.079616740452266202
DFM-4_R2_P2,2024Q2,H1,standard,1,m2,FINANCIAL,0.61064549643415966
DFM-4_R2_P2,2024Q2,H1,standard,1,fx_reserves_ex_gold,FINANCIAL,-0.081412807347908706
DFM-4_R2_P2,2024Q2,H1,standard,1,pos_turnover,PAYMENTS,0.45936445617555932
DFM-4_R2_P2,2024Q2,H1,standard,2,industrial_production,PRODUCTION,-0.245926576957927
DFM-4_R2_P2,2024Q2,H1,standard,2,ppi,PRICES,-0.019745376406676101
DFM-4_R2_P2,2024Q2,H1,standard,2,usd_uzs,FINANCIAL,-0.0291070777162655
DFM-4_R2_P2,2024Q2,H1,standard,2,rub_uzs,FINANCIAL,0.061110268525138602
DFM-4_R2_P2,2024Q2,H1,standard,2,gold_price,EXTERNAL,0.0063245641298733998
DFM-4_R2_P2,2024Q2,H1,standard,2,m2,FINANCIAL,0.033327027953057801
DFM-4_R2_P2,2024Q2,H1,standard,2,fx_reserves_ex_gold,FINANCIAL,0.49945592455562232
DFM-4_R2_P2,2024Q2,H1,standard,2,pos_turnover,PAYMENTS,-0.13118997048562431
DFM-4_R2_P2,2024Q2,H1,conservative,1,industrial_production,PRODUCTION,-0.0018688699907687999
DFM-4_R2_P2,2024Q2,H1,conservative,1,ppi,PRICES,-0.0224995848079395
DFM-4_R2_P2,2024Q2,H1,conservative,1,usd_uzs,FINANCIAL,-0.1005418155713645
DFM-4_R2_P2,2024Q2,H1,conservative,1,rub_uzs,FINANCIAL,0.021927224345949899
DFM-4_R2_P2,2024Q2,H1,conservative,1,gold_price,EXTERNAL,-0.082646647471956297
DFM-4_R2_P2,2024Q2,H1,conservative,1,m2,FINANCIAL,0.60458011464057648
DFM-4_R2_P2,2024Q2,H1,conservative,1,fx_reserves_ex_gold,FINANCIAL,-0.094362879653047196
DFM-4_R2_P2,2024Q2,H1,conservative,1,pos_turnover,PAYMENTS,0.4573254929570239
DFM-4_R2_P2,2024Q2,H1,conservative,2,industrial_production,PRODUCTION,-0.24604622417535041
DFM-4_R2_P2,2024Q2,H1,conservative,2,ppi,PRICES,-0.020008578115555301
DFM-4_R2_P2,2024Q2,H1,conservative,2,usd_uzs,FINANCIAL,-0.0286465384294366
DFM-4_R2_P2,2024Q2,H1,conservative,2,rub_uzs,FINANCIAL,0.060715338948866403
DFM-4_R2_P2,2024Q2,H1,conservative,2,gold_price,EXTERNAL,0.0053632312068227998
DFM-4_R2_P2,2024Q2,H1,conservative,2,m2,FINANCIAL,0.034962565788718203
DFM-4_R2_P2,2024Q2,H1,conservative,2,fx_reserves_ex_gold,FINANCIAL,0.49702579982876488
DFM-4_R2_P2,2024Q2,H1,conservative,2,pos_turnover,PAYMENTS,-0.1315160272632297
DFM-4_R2_P2,2024Q2,H2,standard,1,industrial_production,PRODUCTION,-0.0128175869775121
DFM-4_R2_P2,2024Q2,H2,standard,1,ppi,PRICES,-0.0258501458524933
DFM-4_R2_P2,2024Q2,H2,standard,1,usd_uzs,FINANCIAL,-0.11040034345296131
DFM-4_R2_P2,2024Q2,H2,standard,1,rub_uzs,FINANCIAL,0.026555350262904301
DFM-4_R2_P2,2024Q2,H2,standard,1,gold_price,EXTERNAL,-0.085023378164986493
DFM-4_R2_P2,2024Q2,H2,standard,1,m2,FINANCIAL,0.65456968495211454
DFM-4_R2_P2,2024Q2,H2,standard,1,fx_reserves_ex_gold,FINANCIAL,-0.075761168639940396
DFM-4_R2_P2,2024Q2,H2,standard,1,pos_turnover,PAYMENTS,0.4888656385558105
DFM-4_R2_P2,2024Q2,H2,standard,2,industrial_production,PRODUCTION,-0.25486620102004881
DFM-4_R2_P2,2024Q2,H2,standard,2,ppi,PRICES,-0.019827863325345599
DFM-4_R2_P2,2024Q2,H2,standard,2,usd_uzs,FINANCIAL,-0.029498228063920801
DFM-4_R2_P2,2024Q2,H2,standard,2,rub_uzs,FINANCIAL,0.062725740835899199
DFM-4_R2_P2,2024Q2,H2,standard,2,gold_price,EXTERNAL,0.0068584496912287001
DFM-4_R2_P2,2024Q2,H2,standard,2,m2,FINANCIAL,0.0318018848713221
DFM-4_R2_P2,2024Q2,H2,standard,2,fx_reserves_ex_gold,FINANCIAL,0.51420002842105494
DFM-4_R2_P2,2024Q2,H2,standard,2,pos_turnover,PAYMENTS,-0.13709054340249141
DFM-4_R2_P2,2024Q2,H2,conservative,1,industrial_production,PRODUCTION,-0.0128175869775121
DFM-4_R2_P2,2024Q2,H2,conservative,1,ppi,PRICES,-0.0258501458524933
DFM-4_R2_P2,2024Q2,H2,conservative,1,usd_uzs,FINANCIAL,-0.11040034345296131
DFM-4_R2_P2,2024Q2,H2,conservative,1,rub_uzs,FINANCIAL,0.026555350262904301
DFM-4_R2_P2,2024Q2,H2,conservative,1,gold_price,EXTERNAL,-0.085023378164986493
DFM-4_R2_P2,2024Q2,H2,conservative,1,m2,FINANCIAL,0.65456968495211454
DFM-4_R2_P2,2024Q2,H2,conservative,1,fx_reserves_ex_gold,FINANCIAL,-0.075761168639940396
DFM-4_R2_P2,2024Q2,H2,conservative,1,pos_turnover,PAYMENTS,0.4888656385558105
DFM-4_R2_P2,2024Q2,H2,conservative,2,industrial_production,PRODUCTION,-0.25486620102004881
DFM-4_R2_P2,2024Q2,H2,conservative,2,ppi,PRICES,-0.019827863325345599
DFM-4_R2_P2,2024Q2,H2,conservative,2,usd_uzs,FINANCIAL,-0.029498228063920801
DFM-4_R2_P2,2024Q2,H2,conservative,2,rub_uzs,FINANCIAL,0.062725740835899199
DFM-4_R2_P2,2024Q2,H2,conservative,2,gold_price,EXTERNAL,0.0068584496912287001
DFM-4_R2_P2,2024Q2,H2,conservative,2,m2,FINANCIAL,0.0318018848713221
DFM-4_R2_P2,2024Q2,H2,conservative,2,fx_reserves_ex_gold,FINANCIAL,0.51420002842105494
DFM-4_R2_P2,2024Q2,H2,conservative,2,pos_turnover,PAYMENTS,-0.13709054340249141
DFM-4_R2_P2,2024Q2,H3,standard,1,industrial_production,PRODUCTION,-0.0128175869775121
DFM-4_R2_P2,2024Q2,H3,standard,1,ppi,PRICES,-0.0258501458524933
DFM-4_R2_P2,2024Q2,H3,standard,1,usd_uzs,FINANCIAL,-0.11040034345296131
DFM-4_R2_P2,2024Q2,H3,standard,1,rub_uzs,FINANCIAL,0.026555350262904301
DFM-4_R2_P2,2024Q2,H3,standard,1,gold_price,EXTERNAL,-0.085023378164986493
DFM-4_R2_P2,2024Q2,H3,standard,1,m2,FINANCIAL,0.65456968495211454
DFM-4_R2_P2,2024Q2,H3,standard,1,fx_reserves_ex_gold,FINANCIAL,-0.075761168639940396
DFM-4_R2_P2,2024Q2,H3,standard,1,pos_turnover,PAYMENTS,0.4888656385558105
DFM-4_R2_P2,2024Q2,H3,standard,2,industrial_production,PRODUCTION,-0.25486620102004881
DFM-4_R2_P2,2024Q2,H3,standard,2,ppi,PRICES,-0.019827863325345599
DFM-4_R2_P2,2024Q2,H3,standard,2,usd_uzs,FINANCIAL,-0.029498228063920801
DFM-4_R2_P2,2024Q2,H3,standard,2,rub_uzs,FINANCIAL,0.062725740835899199
DFM-4_R2_P2,2024Q2,H3,standard,2,gold_price,EXTERNAL,0.0068584496912287001
DFM-4_R2_P2,2024Q2,H3,standard,2,m2,FINANCIAL,0.0318018848713221
DFM-4_R2_P2,2024Q2,H3,standard,2,fx_reserves_ex_gold,FINANCIAL,0.51420002842105494
DFM-4_R2_P2,2024Q2,H3,standard,2,pos_turnover,PAYMENTS,-0.13709054340249141
DFM-4_R2_P2,2024Q2,H3,conservative,1,industrial_production,PRODUCTION,-0.0128175869775121
DFM-4_R2_P2,2024Q2,H3,conservative,1,ppi,PRICES,-0.0258501458524933
DFM-4_R2_P2,2024Q2,H3,conservative,1,usd_uzs,FINANCIAL,-0.11040034345296131
DFM-4_R2_P2,2024Q2,H3,conservative,1,rub_uzs,FINANCIAL,0.026555350262904301
DFM-4_R2_P2,2024Q2,H3,conservative,1,gold_price,EXTERNAL,-0.085023378164986493
DFM-4_R2_P2,2024Q2,H3,conservative,1,m2,FINANCIAL,0.65456968495211454
DFM-4_R2_P2,2024Q2,H3,conservative,1,fx_reserves_ex_gold,FINANCIAL,-0.075761168639940396
DFM-4_R2_P2,2024Q2,H3,conservative,1,pos_turnover,PAYMENTS,0.4888656385558105
DFM-4_R2_P2,2024Q2,H3,conservative,2,industrial_production,PRODUCTION,-0.25486620102004881
DFM-4_R2_P2,2024Q2,H3,conservative,2,ppi,PRICES,-0.019827863325345599
DFM-4_R2_P2,2024Q2,H3,conservative,2,usd_uzs,FINANCIAL,-0.029498228063920801
DFM-4_R2_P2,2024Q2,H3,conservative,2,rub_uzs,FINANCIAL,0.062725740835899199
DFM-4_R2_P2,2024Q2,H3,conservative,2,gold_price,EXTERNAL,0.0068584496912287001
DFM-4_R2_P2,2024Q2,H3,conservative,2,m2,FINANCIAL,0.0318018848713221
DFM-4_R2_P2,2024Q2,H3,conservative,2,fx_reserves_ex_gold,FINANCIAL,0.51420002842105494
DFM-4_R2_P2,2024Q2,H3,conservative,2,pos_turnover,PAYMENTS,-0.13709054340249141
DFM-4_R2_P2,2024Q3,H1,standard,1,industrial_production,PRODUCTION,0.011580865850699101
DFM-4_R2_P2,2024Q3,H1,standard,1,ppi,PRICES,-0.020215683332123702
DFM-4_R2_P2,2024Q3,H1,standard,1,usd_uzs,FINANCIAL,-0.099426480600238801
DFM-4_R2_P2,2024Q3,H1,standard,1,rub_uzs,FINANCIAL,0.0218791393621246
DFM-4_R2_P2,2024Q3,H1,standard,1,gold_price,EXTERNAL,-0.074043239415157197
DFM-4_R2_P2,2024Q3,H1,standard,1,m2,FINANCIAL,0.5764196397455138
DFM-4_R2_P2,2024Q3,H1,standard,1,fx_reserves_ex_gold,FINANCIAL,-0.10943207338929389
DFM-4_R2_P2,2024Q3,H1,standard,1,pos_turnover,PAYMENTS,0.4378800559683968
DFM-4_R2_P2,2024Q3,H1,standard,2,industrial_production,PRODUCTION,-0.25025308141901892
DFM-4_R2_P2,2024Q3,H1,standard,2,ppi,PRICES,-0.030042936970622099
DFM-4_R2_P2,2024Q3,H1,standard,2,usd_uzs,FINANCIAL,-0.033768921010895597
DFM-4_R2_P2,2024Q3,H1,standard,2,rub_uzs,FINANCIAL,0.060778172482090297
DFM-4_R2_P2,2024Q3,H1,standard,2,gold_price,EXTERNAL,-0.017684844115774201
DFM-4_R2_P2,2024Q3,H1,standard,2,m2,FINANCIAL,0.075617281631931099
DFM-4_R2_P2,2024Q3,H1,standard,2,fx_reserves_ex_gold,FINANCIAL,0.47804876149055719
DFM-4_R2_P2,2024Q3,H1,standard,2,pos_turnover,PAYMENTS,-0.1093300408761137
DFM-4_R2_P2,2024Q3,H1,conservative,1,industrial_production,PRODUCTION,0.016156833126847701
DFM-4_R2_P2,2024Q3,H1,conservative,1,ppi,PRICES,-0.019761473449166199
DFM-4_R2_P2,2024Q3,H1,conservative,1,usd_uzs,FINANCIAL,-0.097707568956996005
DFM-4_R2_P2,2024Q3,H1,conservative,1,rub_uzs,FINANCIAL,0.019835276174007401
DFM-4_R2_P2,2024Q3,H1,conservative,1,gold_price,EXTERNAL,-0.073253193305581304
DFM-4_R2_P2,2024Q3,H1,conservative,1,m2,FINANCIAL,0.57278928190449274
DFM-4_R2_P2,2024Q3,H1,conservative,1,fx_reserves_ex_gold,FINANCIAL,-0.11847015623593971
DFM-4_R2_P2,2024Q3,H1,conservative,1,pos_turnover,PAYMENTS,0.44062025259677512
DFM-4_R2_P2,2024Q3,H1,conservative,2,industrial_production,PRODUCTION,-0.2494548271900536
DFM-4_R2_P2,2024Q3,H1,conservative,2,ppi,PRICES,-0.0300894717242687
DFM-4_R2_P2,2024Q3,H1,conservative,2,usd_uzs,FINANCIAL,-0.033962775967508803
DFM-4_R2_P2,2024Q3,H1,conservative,2,rub_uzs,FINANCIAL,0.060475991651725597
DFM-4_R2_P2,2024Q3,H1,conservative,2,gold_price,EXTERNAL,-0.018002013348575999
DFM-4_R2_P2,2024Q3,H1,conservative,2,m2,FINANCIAL,0.080052096315152102
DFM-4_R2_P2,2024Q3,H1,conservative,2,fx_reserves_ex_gold,FINANCIAL,0.47555887759506588
DFM-4_R2_P2,2024Q3,H1,conservative,2,pos_turnover,PAYMENTS,-0.1047030866637957
DFM-4_R2_P2,2024Q3,H2,standard,1,industrial_production,PRODUCTION,0.016970740872371801
DFM-4_R2_P2,2024Q3,H2,standard,1,ppi,PRICES,-0.019905994541039099
DFM-4_R2_P2,2024Q3,H2,standard,1,usd_uzs,FINANCIAL,-0.099181466597295001
DFM-4_R2_P2,2024Q3,H2,standard,1,rub_uzs,FINANCIAL,0.021383193860289799
DFM-4_R2_P2,2024Q3,H2,standard,1,gold_price,EXTERNAL,-0.073949909374164305
DFM-4_R2_P2,2024Q3,H2,standard,1,m2,FINANCIAL,0.57629173260461275
DFM-4_R2_P2,2024Q3,H2,standard,1,fx_reserves_ex_gold,FINANCIAL,-0.1142339873958244
DFM-4_R2_P2,2024Q3,H2,standard,1,pos_turnover,PAYMENTS,0.43939673492591302
DFM-4_R2_P2,2024Q3,H2,standard,2,industrial_production,PRODUCTION,-0.25137821808688432
DFM-4_R2_P2,2024Q3,H2,standard,2,ppi,PRICES,-0.030025783965271498
DFM-4_R2_P2,2024Q3,H2,standard,2,usd_uzs,FINANCIAL,-0.033902360736152201
DFM-4_R2_P2,2024Q3,H2,standard,2,rub_uzs,FINANCIAL,0.060713189353222001
DFM-4_R2_P2,2024Q3,H2,standard,2,gold_price,EXTERNAL,-0.017773163726963599
DFM-4_R2_P2,2024Q3,H2,standard,2,m2,FINANCIAL,0.077405280682293395
DFM-4_R2_P2,2024Q3,H2,standard,2,fx_reserves_ex_gold,FINANCIAL,0.47707869277980341
DFM-4_R2_P2,2024Q3,H2,standard,2,pos_turnover,PAYMENTS,-0.10760628173219659
DFM-4_R2_P2,2024Q3,H2,conservative,1,industrial_production,PRODUCTION,0.016970740872371801
DFM-4_R2_P2,2024Q3,H2,conservative,1,ppi,PRICES,-0.019905994541039099
DFM-4_R2_P2,2024Q3,H2,conservative,1,usd_uzs,FINANCIAL,-0.099181466597295001
DFM-4_R2_P2,2024Q3,H2,conservative,1,rub_uzs,FINANCIAL,0.021383193860289799
DFM-4_R2_P2,2024Q3,H2,conservative,1,gold_price,EXTERNAL,-0.073949909374164305
DFM-4_R2_P2,2024Q3,H2,conservative,1,m2,FINANCIAL,0.57629173260461275
DFM-4_R2_P2,2024Q3,H2,conservative,1,fx_reserves_ex_gold,FINANCIAL,-0.1142339873958244
DFM-4_R2_P2,2024Q3,H2,conservative,1,pos_turnover,PAYMENTS,0.43939673492591302
DFM-4_R2_P2,2024Q3,H2,conservative,2,industrial_production,PRODUCTION,-0.25137821808688432
DFM-4_R2_P2,2024Q3,H2,conservative,2,ppi,PRICES,-0.030025783965271498
DFM-4_R2_P2,2024Q3,H2,conservative,2,usd_uzs,FINANCIAL,-0.033902360736152201
DFM-4_R2_P2,2024Q3,H2,conservative,2,rub_uzs,FINANCIAL,0.060713189353222001
DFM-4_R2_P2,2024Q3,H2,conservative,2,gold_price,EXTERNAL,-0.017773163726963599
DFM-4_R2_P2,2024Q3,H2,conservative,2,m2,FINANCIAL,0.077405280682293395
DFM-4_R2_P2,2024Q3,H2,conservative,2,fx_reserves_ex_gold,FINANCIAL,0.47707869277980341
DFM-4_R2_P2,2024Q3,H2,conservative,2,pos_turnover,PAYMENTS,-0.10760628173219659
DFM-4_R2_P2,2024Q3,H3,standard,1,industrial_production,PRODUCTION,0.016970740872371801
DFM-4_R2_P2,2024Q3,H3,standard,1,ppi,PRICES,-0.019905994541039099
DFM-4_R2_P2,2024Q3,H3,standard,1,usd_uzs,FINANCIAL,-0.099181466597295001
DFM-4_R2_P2,2024Q3,H3,standard,1,rub_uzs,FINANCIAL,0.021383193860289799
DFM-4_R2_P2,2024Q3,H3,standard,1,gold_price,EXTERNAL,-0.073949909374164305
DFM-4_R2_P2,2024Q3,H3,standard,1,m2,FINANCIAL,0.57629173260461275
DFM-4_R2_P2,2024Q3,H3,standard,1,fx_reserves_ex_gold,FINANCIAL,-0.1142339873958244
DFM-4_R2_P2,2024Q3,H3,standard,1,pos_turnover,PAYMENTS,0.43939673492591302
DFM-4_R2_P2,2024Q3,H3,standard,2,industrial_production,PRODUCTION,-0.25137821808688432
DFM-4_R2_P2,2024Q3,H3,standard,2,ppi,PRICES,-0.030025783965271498
DFM-4_R2_P2,2024Q3,H3,standard,2,usd_uzs,FINANCIAL,-0.033902360736152201
DFM-4_R2_P2,2024Q3,H3,standard,2,rub_uzs,FINANCIAL,0.060713189353222001
DFM-4_R2_P2,2024Q3,H3,standard,2,gold_price,EXTERNAL,-0.017773163726963599
DFM-4_R2_P2,2024Q3,H3,standard,2,m2,FINANCIAL,0.077405280682293395
DFM-4_R2_P2,2024Q3,H3,standard,2,fx_reserves_ex_gold,FINANCIAL,0.47707869277980341
DFM-4_R2_P2,2024Q3,H3,standard,2,pos_turnover,PAYMENTS,-0.10760628173219659
DFM-4_R2_P2,2024Q3,H3,conservative,1,industrial_production,PRODUCTION,0.016970740872371801
DFM-4_R2_P2,2024Q3,H3,conservative,1,ppi,PRICES,-0.019905994541039099
DFM-4_R2_P2,2024Q3,H3,conservative,1,usd_uzs,FINANCIAL,-0.099181466597295001
DFM-4_R2_P2,2024Q3,H3,conservative,1,rub_uzs,FINANCIAL,0.021383193860289799
DFM-4_R2_P2,2024Q3,H3,conservative,1,gold_price,EXTERNAL,-0.073949909374164305
DFM-4_R2_P2,2024Q3,H3,conservative,1,m2,FINANCIAL,0.57629173260461275
DFM-4_R2_P2,2024Q3,H3,conservative,1,fx_reserves_ex_gold,FINANCIAL,-0.1142339873958244
DFM-4_R2_P2,2024Q3,H3,conservative,1,pos_turnover,PAYMENTS,0.43939673492591302
DFM-4_R2_P2,2024Q3,H3,conservative,2,industrial_production,PRODUCTION,-0.25137821808688432
DFM-4_R2_P2,2024Q3,H3,conservative,2,ppi,PRICES,-0.030025783965271498
DFM-4_R2_P2,2024Q3,H3,conservative,2,usd_uzs,FINANCIAL,-0.033902360736152201
DFM-4_R2_P2,2024Q3,H3,conservative,2,rub_uzs,FINANCIAL,0.060713189353222001
DFM-4_R2_P2,2024Q3,H3,conservative,2,gold_price,EXTERNAL,-0.017773163726963599
DFM-4_R2_P2,2024Q3,H3,conservative,2,m2,FINANCIAL,0.077405280682293395
DFM-4_R2_P2,2024Q3,H3,conservative,2,fx_reserves_ex_gold,FINANCIAL,0.47707869277980341
DFM-4_R2_P2,2024Q3,H3,conservative,2,pos_turnover,PAYMENTS,-0.10760628173219659
DFM-4_R2_P2,2024Q4,H2,standard,1,industrial_production,PRODUCTION,0.036727522594910703
DFM-4_R2_P2,2024Q4,H2,standard,1,ppi,PRICES,-0.023597637168396898
DFM-4_R2_P2,2024Q4,H2,standard,1,usd_uzs,FINANCIAL,-0.1016978955184618
DFM-4_R2_P2,2024Q4,H2,standard,1,rub_uzs,FINANCIAL,0.0160743796879315
DFM-4_R2_P2,2024Q4,H2,standard,1,gold_price,EXTERNAL,-0.060997927809081302
DFM-4_R2_P2,2024Q4,H2,standard,1,m2,FINANCIAL,0.57330300117597477
DFM-4_R2_P2,2024Q4,H2,standard,1,fx_reserves_ex_gold,FINANCIAL,-0.13028550086530519
DFM-4_R2_P2,2024Q4,H2,standard,1,pos_turnover,PAYMENTS,0.43421460819078972
DFM-4_R2_P2,2024Q4,H2,standard,2,industrial_production,PRODUCTION,-0.24841880086337381
DFM-4_R2_P2,2024Q4,H2,standard,2,ppi,PRICES,-0.035241825772845299
DFM-4_R2_P2,2024Q4,H2,standard,2,usd_uzs,FINANCIAL,-0.032170732469923399
DFM-4_R2_P2,2024Q4,H2,standard,2,rub_uzs,FINANCIAL,0.055922248858374199
DFM-4_R2_P2,2024Q4,H2,standard,2,gold_price,EXTERNAL,-0.0092378519274918004
DFM-4_R2_P2,2024Q4,H2,standard,2,m2,FINANCIAL,0.1027373213200405
DFM-4_R2_P2,2024Q4,H2,standard,2,fx_reserves_ex_gold,FINANCIAL,0.47778696499624362
DFM-4_R2_P2,2024Q4,H2,standard,2,pos_turnover,PAYMENTS,-0.10011648421077229
DFM-4_R2_P2,2024Q4,H2,conservative,1,industrial_production,PRODUCTION,0.036727522594910703
DFM-4_R2_P2,2024Q4,H2,conservative,1,ppi,PRICES,-0.023597637168396898
DFM-4_R2_P2,2024Q4,H2,conservative,1,usd_uzs,FINANCIAL,-0.1016978955184618
DFM-4_R2_P2,2024Q4,H2,conservative,1,rub_uzs,FINANCIAL,0.0160743796879315
DFM-4_R2_P2,2024Q4,H2,conservative,1,gold_price,EXTERNAL,-0.060997927809081302
DFM-4_R2_P2,2024Q4,H2,conservative,1,m2,FINANCIAL,0.57330300117597477
DFM-4_R2_P2,2024Q4,H2,conservative,1,fx_reserves_ex_gold,FINANCIAL,-0.13028550086530519
DFM-4_R2_P2,2024Q4,H2,conservative,1,pos_turnover,PAYMENTS,0.43421460819078972
DFM-4_R2_P2,2024Q4,H2,conservative,2,industrial_production,PRODUCTION,-0.24841880086337381
DFM-4_R2_P2,2024Q4,H2,conservative,2,ppi,PRICES,-0.035241825772845299
DFM-4_R2_P2,2024Q4,H2,conservative,2,usd_uzs,FINANCIAL,-0.032170732469923399
DFM-4_R2_P2,2024Q4,H2,conservative,2,rub_uzs,FINANCIAL,0.055922248858374199
DFM-4_R2_P2,2024Q4,H2,conservative,2,gold_price,EXTERNAL,-0.0092378519274918004
DFM-4_R2_P2,2024Q4,H2,conservative,2,m2,FINANCIAL,0.1027373213200405
DFM-4_R2_P2,2024Q4,H2,conservative,2,fx_reserves_ex_gold,FINANCIAL,0.47778696499624362
DFM-4_R2_P2,2024Q4,H2,conservative,2,pos_turnover,PAYMENTS,-0.10011648421077229
DFM-4_R2_P2,2024Q4,H3,standard,1,industrial_production,PRODUCTION,0.036727522594910703
DFM-4_R2_P2,2024Q4,H3,standard,1,ppi,PRICES,-0.023597637168396898
DFM-4_R2_P2,2024Q4,H3,standard,1,usd_uzs,FINANCIAL,-0.1016978955184618
DFM-4_R2_P2,2024Q4,H3,standard,1,rub_uzs,FINANCIAL,0.0160743796879315
DFM-4_R2_P2,2024Q4,H3,standard,1,gold_price,EXTERNAL,-0.060997927809081302
DFM-4_R2_P2,2024Q4,H3,standard,1,m2,FINANCIAL,0.57330300117597477
DFM-4_R2_P2,2024Q4,H3,standard,1,fx_reserves_ex_gold,FINANCIAL,-0.13028550086530519
DFM-4_R2_P2,2024Q4,H3,standard,1,pos_turnover,PAYMENTS,0.43421460819078972
DFM-4_R2_P2,2024Q4,H3,standard,2,industrial_production,PRODUCTION,-0.24841880086337381
DFM-4_R2_P2,2024Q4,H3,standard,2,ppi,PRICES,-0.035241825772845299
DFM-4_R2_P2,2024Q4,H3,standard,2,usd_uzs,FINANCIAL,-0.032170732469923399
DFM-4_R2_P2,2024Q4,H3,standard,2,rub_uzs,FINANCIAL,0.055922248858374199
DFM-4_R2_P2,2024Q4,H3,standard,2,gold_price,EXTERNAL,-0.0092378519274918004
DFM-4_R2_P2,2024Q4,H3,standard,2,m2,FINANCIAL,0.1027373213200405
DFM-4_R2_P2,2024Q4,H3,standard,2,fx_reserves_ex_gold,FINANCIAL,0.47778696499624362
DFM-4_R2_P2,2024Q4,H3,standard,2,pos_turnover,PAYMENTS,-0.10011648421077229
DFM-4_R2_P2,2024Q4,H3,conservative,1,industrial_production,PRODUCTION,0.036727522594910703
DFM-4_R2_P2,2024Q4,H3,conservative,1,ppi,PRICES,-0.023597637168396898
DFM-4_R2_P2,2024Q4,H3,conservative,1,usd_uzs,FINANCIAL,-0.1016978955184618
DFM-4_R2_P2,2024Q4,H3,conservative,1,rub_uzs,FINANCIAL,0.0160743796879315
DFM-4_R2_P2,2024Q4,H3,conservative,1,gold_price,EXTERNAL,-0.060997927809081302
DFM-4_R2_P2,2024Q4,H3,conservative,1,m2,FINANCIAL,0.57330300117597477
DFM-4_R2_P2,2024Q4,H3,conservative,1,fx_reserves_ex_gold,FINANCIAL,-0.13028550086530519
DFM-4_R2_P2,2024Q4,H3,conservative,1,pos_turnover,PAYMENTS,0.43421460819078972
DFM-4_R2_P2,2024Q4,H3,conservative,2,industrial_production,PRODUCTION,-0.24841880086337381
DFM-4_R2_P2,2024Q4,H3,conservative,2,ppi,PRICES,-0.035241825772845299
DFM-4_R2_P2,2024Q4,H3,conservative,2,usd_uzs,FINANCIAL,-0.032170732469923399
DFM-4_R2_P2,2024Q4,H3,conservative,2,rub_uzs,FINANCIAL,0.055922248858374199
DFM-4_R2_P2,2024Q4,H3,conservative,2,gold_price,EXTERNAL,-0.0092378519274918004
DFM-4_R2_P2,2024Q4,H3,conservative,2,m2,FINANCIAL,0.1027373213200405
DFM-4_R2_P2,2024Q4,H3,conservative,2,fx_reserves_ex_gold,FINANCIAL,0.47778696499624362
DFM-4_R2_P2,2024Q4,H3,conservative,2,pos_turnover,PAYMENTS,-0.10011648421077229
DFM-4_R2_P2,2025Q1,H1,standard,1,industrial_production,PRODUCTION,0.066101258298307403
DFM-4_R2_P2,2025Q1,H1,standard,1,ppi,PRICES,-0.025221202014629199
DFM-4_R2_P2,2025Q1,H1,standard,1,usd_uzs,FINANCIAL,-0.096073403801971602
DFM-4_R2_P2,2025Q1,H1,standard,1,rub_uzs,FINANCIAL,-0.0022144584333479
DFM-4_R2_P2,2025Q1,H1,standard,1,gold_price,EXTERNAL,-0.0545375413357643
DFM-4_R2_P2,2025Q1,H1,standard,1,m2,FINANCIAL,0.55421110107818661
DFM-4_R2_P2,2025Q1,H1,standard,1,fx_reserves_ex_gold,FINANCIAL,-0.15581667458223791
DFM-4_R2_P2,2025Q1,H1,standard,1,pos_turnover,PAYMENTS,0.40387170775828812
DFM-4_R2_P2,2025Q1,H1,standard,2,industrial_production,PRODUCTION,-0.23069423662189761
DFM-4_R2_P2,2025Q1,H1,standard,2,ppi,PRICES,-0.040781979432740298
DFM-4_R2_P2,2025Q1,H1,standard,2,usd_uzs,FINANCIAL,-0.035433403062087497
DFM-4_R2_P2,2025Q1,H1,standard,2,rub_uzs,FINANCIAL,0.041009071030962498
DFM-4_R2_P2,2025Q1,H1,standard,2,gold_price,EXTERNAL,-0.0080526781306094006
DFM-4_R2_P2,2025Q1,H1,standard,2,m2,FINANCIAL,0.14276462438128079
DFM-4_R2_P2,2025Q1,H1,standard,2,fx_reserves_ex_gold,FINANCIAL,0.44730989170114299
DFM-4_R2_P2,2025Q1,H1,standard,2,pos_turnover,PAYMENTS,-0.093830073579019999
DFM-4_R2_P2,2025Q1,H2,standard,1,industrial_production,PRODUCTION,0.074599861820136407
DFM-4_R2_P2,2025Q1,H2,standard,1,ppi,PRICES,-0.025101565976776201
DFM-4_R2_P2,2025Q1,H2,standard,1,usd_uzs,FINANCIAL,-0.095548313218070502
DFM-4_R2_P2,2025Q1,H2,standard,1,rub_uzs,FINANCIAL,-0.0024351600237562999
DFM-4_R2_P2,2025Q1,H2,standard,1,gold_price,EXTERNAL,-0.055148010797071399
DFM-4_R2_P2,2025Q1,H2,standard,1,m2,FINANCIAL,0.55564566187835074
DFM-4_R2_P2,2025Q1,H2,standard,1,fx_reserves_ex_gold,FINANCIAL,-0.1649896633214529
DFM-4_R2_P2,2025Q1,H2,standard,1,pos_turnover,PAYMENTS,0.40590938385856068
DFM-4_R2_P2,2025Q1,H2,standard,2,industrial_production,PRODUCTION,-0.2313895361994919
DFM-4_R2_P2,2025Q1,H2,standard,2,ppi,PRICES,-0.038599319969352501
DFM-4_R2_P2,2025Q1,H2,standard,2,usd_uzs,FINANCIAL,-0.034616451695909899
DFM-4_R2_P2,2025Q1,H2,standard,2,rub_uzs,FINANCIAL,0.042365927841157697
DFM-4_R2_P2,2025Q1,H2,standard,2,gold_price,EXTERNAL,-0.0049950586991637999
DFM-4_R2_P2,2025Q1,H2,standard,2,m2,FINANCIAL,0.13443731859728991
DFM-4_R2_P2,2025Q1,H2,standard,2,fx_reserves_ex_gold,FINANCIAL,0.4603022058370474
DFM-4_R2_P2,2025Q1,H2,standard,2,pos_turnover,PAYMENTS,-0.0979051468541242
DFM-4_R2_P2,2025Q1,H2,conservative,1,industrial_production,PRODUCTION,0.074599861820136407
DFM-4_R2_P2,2025Q1,H2,conservative,1,ppi,PRICES,-0.025101565976776201
DFM-4_R2_P2,2025Q1,H2,conservative,1,usd_uzs,FINANCIAL,-0.095548313218070502
DFM-4_R2_P2,2025Q1,H2,conservative,1,rub_uzs,FINANCIAL,-0.0024351600237562999
DFM-4_R2_P2,2025Q1,H2,conservative,1,gold_price,EXTERNAL,-0.055148010797071399
DFM-4_R2_P2,2025Q1,H2,conservative,1,m2,FINANCIAL,0.55564566187835074
DFM-4_R2_P2,2025Q1,H2,conservative,1,fx_reserves_ex_gold,FINANCIAL,-0.1649896633214529
DFM-4_R2_P2,2025Q1,H2,conservative,1,pos_turnover,PAYMENTS,0.40590938385856068
DFM-4_R2_P2,2025Q1,H2,conservative,2,industrial_production,PRODUCTION,-0.2313895361994919
DFM-4_R2_P2,2025Q1,H2,conservative,2,ppi,PRICES,-0.038599319969352501
DFM-4_R2_P2,2025Q1,H2,conservative,2,usd_uzs,FINANCIAL,-0.034616451695909899
DFM-4_R2_P2,2025Q1,H2,conservative,2,rub_uzs,FINANCIAL,0.042365927841157697
DFM-4_R2_P2,2025Q1,H2,conservative,2,gold_price,EXTERNAL,-0.0049950586991637999
DFM-4_R2_P2,2025Q1,H2,conservative,2,m2,FINANCIAL,0.13443731859728991
DFM-4_R2_P2,2025Q1,H2,conservative,2,fx_reserves_ex_gold,FINANCIAL,0.4603022058370474
DFM-4_R2_P2,2025Q1,H2,conservative,2,pos_turnover,PAYMENTS,-0.0979051468541242
DFM-4_R2_P2,2025Q1,H3,standard,1,industrial_production,PRODUCTION,0.074599861820136407
DFM-4_R2_P2,2025Q1,H3,standard,1,ppi,PRICES,-0.025101565976776201
DFM-4_R2_P2,2025Q1,H3,standard,1,usd_uzs,FINANCIAL,-0.095548313218070502
DFM-4_R2_P2,2025Q1,H3,standard,1,rub_uzs,FINANCIAL,-0.0024351600237562999
DFM-4_R2_P2,2025Q1,H3,standard,1,gold_price,EXTERNAL,-0.055148010797071399
DFM-4_R2_P2,2025Q1,H3,standard,1,m2,FINANCIAL,0.55564566187835074
DFM-4_R2_P2,2025Q1,H3,standard,1,fx_reserves_ex_gold,FINANCIAL,-0.1649896633214529
DFM-4_R2_P2,2025Q1,H3,standard,1,pos_turnover,PAYMENTS,0.40590938385856068
DFM-4_R2_P2,2025Q1,H3,standard,2,industrial_production,PRODUCTION,-0.2313895361994919
DFM-4_R2_P2,2025Q1,H3,standard,2,ppi,PRICES,-0.038599319969352501
DFM-4_R2_P2,2025Q1,H3,standard,2,usd_uzs,FINANCIAL,-0.034616451695909899
DFM-4_R2_P2,2025Q1,H3,standard,2,rub_uzs,FINANCIAL,0.042365927841157697
DFM-4_R2_P2,2025Q1,H3,standard,2,gold_price,EXTERNAL,-0.0049950586991637999
DFM-4_R2_P2,2025Q1,H3,standard,2,m2,FINANCIAL,0.13443731859728991
DFM-4_R2_P2,2025Q1,H3,standard,2,fx_reserves_ex_gold,FINANCIAL,0.4603022058370474
DFM-4_R2_P2,2025Q1,H3,standard,2,pos_turnover,PAYMENTS,-0.0979051468541242
DFM-4_R2_P2,2025Q1,H3,conservative,1,industrial_production,PRODUCTION,0.074599861820136407
DFM-4_R2_P2,2025Q1,H3,conservative,1,ppi,PRICES,-0.025101565976776201
DFM-4_R2_P2,2025Q1,H3,conservative,1,usd_uzs,FINANCIAL,-0.095548313218070502
DFM-4_R2_P2,2025Q1,H3,conservative,1,rub_uzs,FINANCIAL,-0.0024351600237562999
DFM-4_R2_P2,2025Q1,H3,conservative,1,gold_price,EXTERNAL,-0.055148010797071399
DFM-4_R2_P2,2025Q1,H3,conservative,1,m2,FINANCIAL,0.55564566187835074
DFM-4_R2_P2,2025Q1,H3,conservative,1,fx_reserves_ex_gold,FINANCIAL,-0.1649896633214529
DFM-4_R2_P2,2025Q1,H3,conservative,1,pos_turnover,PAYMENTS,0.40590938385856068
DFM-4_R2_P2,2025Q1,H3,conservative,2,industrial_production,PRODUCTION,-0.2313895361994919
DFM-4_R2_P2,2025Q1,H3,conservative,2,ppi,PRICES,-0.038599319969352501
DFM-4_R2_P2,2025Q1,H3,conservative,2,usd_uzs,FINANCIAL,-0.034616451695909899
DFM-4_R2_P2,2025Q1,H3,conservative,2,rub_uzs,FINANCIAL,0.042365927841157697
DFM-4_R2_P2,2025Q1,H3,conservative,2,gold_price,EXTERNAL,-0.0049950586991637999
DFM-4_R2_P2,2025Q1,H3,conservative,2,m2,FINANCIAL,0.13443731859728991
DFM-4_R2_P2,2025Q1,H3,conservative,2,fx_reserves_ex_gold,FINANCIAL,0.4603022058370474
DFM-4_R2_P2,2025Q1,H3,conservative,2,pos_turnover,PAYMENTS,-0.0979051468541242
DFM-4_R2_P2,2025Q2,H1,standard,1,industrial_production,PRODUCTION,0.079387240617840693
DFM-4_R2_P2,2025Q2,H1,standard,1,ppi,PRICES,-0.029330363515780999
DFM-4_R2_P2,2025Q2,H1,standard,1,usd_uzs,FINANCIAL,-0.10253995872675289
DFM-4_R2_P2,2025Q2,H1,standard,1,rub_uzs,FINANCIAL,0.0172406284356625
DFM-4_R2_P2,2025Q2,H1,standard,1,gold_price,EXTERNAL,-0.029603723836763102
DFM-4_R2_P2,2025Q2,H1,standard,1,m2,FINANCIAL,0.55109718917954953
DFM-4_R2_P2,2025Q2,H1,standard,1,fx_reserves_ex_gold,FINANCIAL,-0.1390090193972513
DFM-4_R2_P2,2025Q2,H1,standard,1,pos_turnover,PAYMENTS,0.4056680529953583
DFM-4_R2_P2,2025Q2,H1,standard,2,industrial_production,PRODUCTION,-0.22822496185538921
DFM-4_R2_P2,2025Q2,H1,standard,2,ppi,PRICES,-0.049061285126825602
DFM-4_R2_P2,2025Q2,H1,standard,2,usd_uzs,FINANCIAL,-0.048192573912515399
DFM-4_R2_P2,2025Q2,H1,standard,2,rub_uzs,FINANCIAL,0.074079563818216704
DFM-4_R2_P2,2025Q2,H1,standard,2,gold_price,EXTERNAL,0.027595880779168101
DFM-4_R2_P2,2025Q2,H1,standard,2,m2,FINANCIAL,0.17110216311316981
DFM-4_R2_P2,2025Q2,H1,standard,2,fx_reserves_ex_gold,FINANCIAL,0.44153172774501642
DFM-4_R2_P2,2025Q2,H1,standard,2,pos_turnover,PAYMENTS,-0.089755269263334506
DFM-4_R2_P2,2025Q2,H1,conservative,1,industrial_production,PRODUCTION,0.077359609414806005
DFM-4_R2_P2,2025Q2,H1,conservative,1,ppi,PRICES,-0.029272096876302701
DFM-4_R2_P2,2025Q2,H1,conservative,1,usd_uzs,FINANCIAL,-0.10223261913138899
DFM-4_R2_P2,2025Q2,H1,conservative,1,rub_uzs,FINANCIAL,0.018038210234583098
DFM-4_R2_P2,2025Q2,H1,conservative,1,gold_price,EXTERNAL,-0.028463845605612999
DFM-4_R2_P2,2025Q2,H1,conservative,1,m2,FINANCIAL,0.55094273330658605
DFM-4_R2_P2,2025Q2,H1,conservative,1,fx_reserves_ex_gold,FINANCIAL,-0.1349222197041875
DFM-4_R2_P2,2025Q2,H1,conservative,1,pos_turnover,PAYMENTS,0.4025348711301856
DFM-4_R2_P2,2025Q2,H1,conservative,2,industrial_production,PRODUCTION,-0.2272398835975856
DFM-4_R2_P2,2025Q2,H1,conservative,2,ppi,PRICES,-0.048495763731784602
DFM-4_R2_P2,2025Q2,H1,conservative,2,usd_uzs,FINANCIAL,-0.0478452613026151
DFM-4_R2_P2,2025Q2,H1,conservative,2,rub_uzs,FINANCIAL,0.073955074076859403
DFM-4_R2_P2,2025Q2,H1,conservative,2,gold_price,EXTERNAL,0.027805338504353901
DFM-4_R2_P2,2025Q2,H1,conservative,2,m2,FINANCIAL,0.1711025450941249
DFM-4_R2_P2,2025Q2,H1,conservative,2,fx_reserves_ex_gold,FINANCIAL,0.44026706926095449
DFM-4_R2_P2,2025Q2,H1,conservative,2,pos_turnover,PAYMENTS,-0.088671765077402598
DFM-4_R2_P2,2025Q2,H2,standard,1,industrial_production,PRODUCTION,0.083958186888636196
DFM-4_R2_P2,2025Q2,H2,standard,1,ppi,PRICES,-0.030087508979647501
DFM-4_R2_P2,2025Q2,H2,standard,1,usd_uzs,FINANCIAL,-0.1036311189275039
DFM-4_R2_P2,2025Q2,H2,standard,1,rub_uzs,FINANCIAL,0.018683744149569002
DFM-4_R2_P2,2025Q2,H2,standard,1,gold_price,EXTERNAL,-0.028713445632445499
DFM-4_R2_P2,2025Q2,H2,standard,1,m2,FINANCIAL,0.55328373564542566
DFM-4_R2_P2,2025Q2,H2,standard,1,fx_reserves_ex_gold,FINANCIAL,-0.12976069762836209
DFM-4_R2_P2,2025Q2,H2,standard,1,pos_turnover,PAYMENTS,0.40408594662130642
DFM-4_R2_P2,2025Q2,H2,standard,2,industrial_production,PRODUCTION,-0.21040728140058221
DFM-4_R2_P2,2025Q2,H2,standard,2,ppi,PRICES,-0.049323746325109802
DFM-4_R2_P2,2025Q2,H2,standard,2,usd_uzs,FINANCIAL,-0.047877353456874799
DFM-4_R2_P2,2025Q2,H2,standard,2,rub_uzs,FINANCIAL,0.073258460570073902
DFM-4_R2_P2,2025Q2,H2,standard,2,gold_price,EXTERNAL,0.026286211647298701
DFM-4_R2_P2,2025Q2,H2,standard,2,m2,FINANCIAL,0.1704205320407603
DFM-4_R2_P2,2025Q2,H2,standard,2,fx_reserves_ex_gold,FINANCIAL,0.4386646770650684
DFM-4_R2_P2,2025Q2,H2,standard,2,pos_turnover,PAYMENTS,-0.089988713113523203
DFM-4_R2_P2,2025Q2,H2,conservative,1,industrial_production,PRODUCTION,0.083958186888636196
DFM-4_R2_P2,2025Q2,H2,conservative,1,ppi,PRICES,-0.030087508979647501
DFM-4_R2_P2,2025Q2,H2,conservative,1,usd_uzs,FINANCIAL,-0.1036311189275039
DFM-4_R2_P2,2025Q2,H2,conservative,1,rub_uzs,FINANCIAL,0.018683744149569002
DFM-4_R2_P2,2025Q2,H2,conservative,1,gold_price,EXTERNAL,-0.028713445632445499
DFM-4_R2_P2,2025Q2,H2,conservative,1,m2,FINANCIAL,0.55328373564542566
DFM-4_R2_P2,2025Q2,H2,conservative,1,fx_reserves_ex_gold,FINANCIAL,-0.12976069762836209
DFM-4_R2_P2,2025Q2,H2,conservative,1,pos_turnover,PAYMENTS,0.40408594662130642
DFM-4_R2_P2,2025Q2,H2,conservative,2,industrial_production,PRODUCTION,-0.21040728140058221
DFM-4_R2_P2,2025Q2,H2,conservative,2,ppi,PRICES,-0.049323746325109802
DFM-4_R2_P2,2025Q2,H2,conservative,2,usd_uzs,FINANCIAL,-0.047877353456874799
DFM-4_R2_P2,2025Q2,H2,conservative,2,rub_uzs,FINANCIAL,0.073258460570073902
DFM-4_R2_P2,2025Q2,H2,conservative,2,gold_price,EXTERNAL,0.026286211647298701
DFM-4_R2_P2,2025Q2,H2,conservative,2,m2,FINANCIAL,0.1704205320407603
DFM-4_R2_P2,2025Q2,H2,conservative,2,fx_reserves_ex_gold,FINANCIAL,0.4386646770650684
DFM-4_R2_P2,2025Q2,H2,conservative,2,pos_turnover,PAYMENTS,-0.089988713113523203
DFM-4_R2_P2,2025Q2,H3,standard,1,industrial_production,PRODUCTION,0.083958186888636196
DFM-4_R2_P2,2025Q2,H3,standard,1,ppi,PRICES,-0.030087508979647501
DFM-4_R2_P2,2025Q2,H3,standard,1,usd_uzs,FINANCIAL,-0.1036311189275039
DFM-4_R2_P2,2025Q2,H3,standard,1,rub_uzs,FINANCIAL,0.018683744149569002
DFM-4_R2_P2,2025Q2,H3,standard,1,gold_price,EXTERNAL,-0.028713445632445499
DFM-4_R2_P2,2025Q2,H3,standard,1,m2,FINANCIAL,0.55328373564542566
DFM-4_R2_P2,2025Q2,H3,standard,1,fx_reserves_ex_gold,FINANCIAL,-0.12976069762836209
DFM-4_R2_P2,2025Q2,H3,standard,1,pos_turnover,PAYMENTS,0.40408594662130642
DFM-4_R2_P2,2025Q2,H3,standard,2,industrial_production,PRODUCTION,-0.21040728140058221
DFM-4_R2_P2,2025Q2,H3,standard,2,ppi,PRICES,-0.049323746325109802
DFM-4_R2_P2,2025Q2,H3,standard,2,usd_uzs,FINANCIAL,-0.047877353456874799
DFM-4_R2_P2,2025Q2,H3,standard,2,rub_uzs,FINANCIAL,0.073258460570073902
DFM-4_R2_P2,2025Q2,H3,standard,2,gold_price,EXTERNAL,0.026286211647298701
DFM-4_R2_P2,2025Q2,H3,standard,2,m2,FINANCIAL,0.1704205320407603
DFM-4_R2_P2,2025Q2,H3,standard,2,fx_reserves_ex_gold,FINANCIAL,0.4386646770650684
DFM-4_R2_P2,2025Q2,H3,standard,2,pos_turnover,PAYMENTS,-0.089988713113523203
DFM-4_R2_P2,2025Q2,H3,conservative,1,industrial_production,PRODUCTION,0.083958186888636196
DFM-4_R2_P2,2025Q2,H3,conservative,1,ppi,PRICES,-0.030087508979647501
DFM-4_R2_P2,2025Q2,H3,conservative,1,usd_uzs,FINANCIAL,-0.1036311189275039
DFM-4_R2_P2,2025Q2,H3,conservative,1,rub_uzs,FINANCIAL,0.018683744149569002
DFM-4_R2_P2,2025Q2,H3,conservative,1,gold_price,EXTERNAL,-0.028713445632445499
DFM-4_R2_P2,2025Q2,H3,conservative,1,m2,FINANCIAL,0.55328373564542566
DFM-4_R2_P2,2025Q2,H3,conservative,1,fx_reserves_ex_gold,FINANCIAL,-0.12976069762836209
DFM-4_R2_P2,2025Q2,H3,conservative,1,pos_turnover,PAYMENTS,0.40408594662130642
DFM-4_R2_P2,2025Q2,H3,conservative,2,industrial_production,PRODUCTION,-0.21040728140058221
DFM-4_R2_P2,2025Q2,H3,conservative,2,ppi,PRICES,-0.049323746325109802
DFM-4_R2_P2,2025Q2,H3,conservative,2,usd_uzs,FINANCIAL,-0.047877353456874799
DFM-4_R2_P2,2025Q2,H3,conservative,2,rub_uzs,FINANCIAL,0.073258460570073902
DFM-4_R2_P2,2025Q2,H3,conservative,2,gold_price,EXTERNAL,0.026286211647298701
DFM-4_R2_P2,2025Q2,H3,conservative,2,m2,FINANCIAL,0.1704205320407603
DFM-4_R2_P2,2025Q2,H3,conservative,2,fx_reserves_ex_gold,FINANCIAL,0.4386646770650684
DFM-4_R2_P2,2025Q2,H3,conservative,2,pos_turnover,PAYMENTS,-0.089988713113523203
DFM-4_R3_P2,2022Q2,H1,standard,1,industrial_production,PRODUCTION,0.5856963836071164
DFM-4_R3_P2,2022Q2,H1,standard,1,ppi,PRICES,0.15307209114672629
DFM-4_R3_P2,2022Q2,H1,standard,1,usd_uzs,FINANCIAL,0.078809865395720602
DFM-4_R3_P2,2022Q2,H1,standard,1,rub_uzs,FINANCIAL,-0.036564240962958398
DFM-4_R3_P2,2022Q2,H1,standard,1,gold_price,EXTERNAL,0.041997428891891599
DFM-4_R3_P2,2022Q2,H1,standard,1,m2,FINANCIAL,0.323168422500825
DFM-4_R3_P2,2022Q2,H1,standard,1,fx_reserves_ex_gold,FINANCIAL,-0.54644862779400383
DFM-4_R3_P2,2022Q2,H1,standard,1,pos_turnover,PAYMENTS,0.18449878686576379
DFM-4_R3_P2,2022Q2,H1,standard,2,industrial_production,PRODUCTION,0.15776829063937281
DFM-4_R3_P2,2022Q2,H1,standard,2,ppi,PRICES,-0.044439801569899698
DFM-4_R3_P2,2022Q2,H1,standard,2,usd_uzs,FINANCIAL,-0.15730398658717271
DFM-4_R3_P2,2022Q2,H1,standard,2,rub_uzs,FINANCIAL,-0.041132402719898098
DFM-4_R3_P2,2022Q2,H1,standard,2,gold_price,EXTERNAL,-0.11465671871076159
DFM-4_R3_P2,2022Q2,H1,standard,2,m2,FINANCIAL,0.059870832419015599
DFM-4_R3_P2,2022Q2,H1,standard,2,fx_reserves_ex_gold,FINANCIAL,-0.0088846643723354997
DFM-4_R3_P2,2022Q2,H1,standard,2,pos_turnover,PAYMENTS,0.25282707854259873
DFM-4_R3_P2,2022Q2,H1,standard,3,industrial_production,PRODUCTION,-0.1314709354128597
DFM-4_R3_P2,2022Q2,H1,standard,3,ppi,PRICES,0.0076843189493132
DFM-4_R3_P2,2022Q2,H1,standard,3,usd_uzs,FINANCIAL,0.14565689979168861
DFM-4_R3_P2,2022Q2,H1,standard,3,rub_uzs,FINANCIAL,-0.1240723120656741
DFM-4_R3_P2,2022Q2,H1,standard,3,gold_price,EXTERNAL,0.1200903379028531
DFM-4_R3_P2,2022Q2,H1,standard,3,m2,FINANCIAL,0.36070541196597511
DFM-4_R3_P2,2022Q2,H1,standard,3,fx_reserves_ex_gold,FINANCIAL,0.096947828596800498
DFM-4_R3_P2,2022Q2,H1,standard,3,pos_turnover,PAYMENTS,0.011647592632791101
DFM-4_R3_P2,2022Q2,H2,standard,1,industrial_production,PRODUCTION,0.61269033614244406
DFM-4_R3_P2,2022Q2,H2,standard,1,ppi,PRICES,0.15828188011366839
DFM-4_R3_P2,2022Q2,H2,standard,1,usd_uzs,FINANCIAL,0.082417300563506005
DFM-4_R3_P2,2022Q2,H2,standard,1,rub_uzs,FINANCIAL,-0.034539222317492797
DFM-4_R3_P2,2022Q2,H2,standard,1,gold_price,EXTERNAL,0.041459232537613598
DFM-4_R3_P2,2022Q2,H2,standard,1,m2,FINANCIAL,0.3429332083343587
DFM-4_R3_P2,2022Q2,H2,standard,1,fx_reserves_ex_gold,FINANCIAL,-0.567218055806474
DFM-4_R3_P2,2022Q2,H2,standard,1,pos_turnover,PAYMENTS,0.19950459122476691
DFM-4_R3_P2,2022Q2,H2,standard,2,industrial_production,PRODUCTION,0.14853162132056641
DFM-4_R3_P2,2022Q2,H2,standard,2,ppi,PRICES,-0.0479438652957766
DFM-4_R3_P2,2022Q2,H2,standard,2,usd_uzs,FINANCIAL,-0.16122285332120001
DFM-4_R3_P2,2022Q2,H2,standard,2,rub_uzs,FINANCIAL,-0.030825887635902001
DFM-4_R3_P2,2022Q2,H2,standard,2,gold_price,EXTERNAL,-0.1155066928213587
DFM-4_R3_P2,2022Q2,H2,standard,2,m2,FINANCIAL,0.0473094589822197
DFM-4_R3_P2,2022Q2,H2,standard,2,fx_reserves_ex_gold,FINANCIAL,-0.0037528211881016999
DFM-4_R3_P2,2022Q2,H2,standard,2,pos_turnover,PAYMENTS,0.2406957063617671
DFM-4_R3_P2,2022Q2,H2,standard,3,industrial_production,PRODUCTION,-0.13094850015678861
DFM-4_R3_P2,2022Q2,H2,standard,3,ppi,PRICES,0.0098110305140342996
DFM-4_R3_P2,2022Q2,H2,standard,3,usd_uzs,FINANCIAL,0.15195017063280111
DFM-4_R3_P2,2022Q2,H2,standard,3,rub_uzs,FINANCIAL,-0.1354099899940715
DFM-4_R3_P2,2022Q2,H2,standard,3,gold_price,EXTERNAL,0.1239259773719842
DFM-4_R3_P2,2022Q2,H2,standard,3,m2,FINANCIAL,0.3722669351927837
DFM-4_R3_P2,2022Q2,H2,standard,3,fx_reserves_ex_gold,FINANCIAL,0.093458287783124497
DFM-4_R3_P2,2022Q2,H2,standard,3,pos_turnover,PAYMENTS,0.016835201764481
DFM-4_R3_P2,2022Q2,H2,conservative,1,industrial_production,PRODUCTION,0.61269033614244406
DFM-4_R3_P2,2022Q2,H2,conservative,1,ppi,PRICES,0.15828188011366839
DFM-4_R3_P2,2022Q2,H2,conservative,1,usd_uzs,FINANCIAL,0.082417300563506005
DFM-4_R3_P2,2022Q2,H2,conservative,1,rub_uzs,FINANCIAL,-0.034539222317492797
DFM-4_R3_P2,2022Q2,H2,conservative,1,gold_price,EXTERNAL,0.041459232537613598
DFM-4_R3_P2,2022Q2,H2,conservative,1,m2,FINANCIAL,0.3429332083343587
DFM-4_R3_P2,2022Q2,H2,conservative,1,fx_reserves_ex_gold,FINANCIAL,-0.567218055806474
DFM-4_R3_P2,2022Q2,H2,conservative,1,pos_turnover,PAYMENTS,0.19950459122476691
DFM-4_R3_P2,2022Q2,H2,conservative,2,industrial_production,PRODUCTION,0.14853162132056641
DFM-4_R3_P2,2022Q2,H2,conservative,2,ppi,PRICES,-0.0479438652957766
DFM-4_R3_P2,2022Q2,H2,conservative,2,usd_uzs,FINANCIAL,-0.16122285332120001
DFM-4_R3_P2,2022Q2,H2,conservative,2,rub_uzs,FINANCIAL,-0.030825887635902001
DFM-4_R3_P2,2022Q2,H2,conservative,2,gold_price,EXTERNAL,-0.1155066928213587
DFM-4_R3_P2,2022Q2,H2,conservative,2,m2,FINANCIAL,0.0473094589822197
DFM-4_R3_P2,2022Q2,H2,conservative,2,fx_reserves_ex_gold,FINANCIAL,-0.0037528211881016999
DFM-4_R3_P2,2022Q2,H2,conservative,2,pos_turnover,PAYMENTS,0.2406957063617671
DFM-4_R3_P2,2022Q2,H2,conservative,3,industrial_production,PRODUCTION,-0.13094850015678861
DFM-4_R3_P2,2022Q2,H2,conservative,3,ppi,PRICES,0.0098110305140342996
DFM-4_R3_P2,2022Q2,H2,conservative,3,usd_uzs,FINANCIAL,0.15195017063280111
DFM-4_R3_P2,2022Q2,H2,conservative,3,rub_uzs,FINANCIAL,-0.1354099899940715
DFM-4_R3_P2,2022Q2,H2,conservative,3,gold_price,EXTERNAL,0.1239259773719842
DFM-4_R3_P2,2022Q2,H2,conservative,3,m2,FINANCIAL,0.3722669351927837
DFM-4_R3_P2,2022Q2,H2,conservative,3,fx_reserves_ex_gold,FINANCIAL,0.093458287783124497
DFM-4_R3_P2,2022Q2,H2,conservative,3,pos_turnover,PAYMENTS,0.016835201764481
DFM-4_R3_P2,2022Q2,H3,standard,1,industrial_production,PRODUCTION,0.61269033614244406
DFM-4_R3_P2,2022Q2,H3,standard,1,ppi,PRICES,0.15828188011366839
DFM-4_R3_P2,2022Q2,H3,standard,1,usd_uzs,FINANCIAL,0.082417300563506005
DFM-4_R3_P2,2022Q2,H3,standard,1,rub_uzs,FINANCIAL,-0.034539222317492797
DFM-4_R3_P2,2022Q2,H3,standard,1,gold_price,EXTERNAL,0.041459232537613598
DFM-4_R3_P2,2022Q2,H3,standard,1,m2,FINANCIAL,0.3429332083343587
DFM-4_R3_P2,2022Q2,H3,standard,1,fx_reserves_ex_gold,FINANCIAL,-0.567218055806474
DFM-4_R3_P2,2022Q2,H3,standard,1,pos_turnover,PAYMENTS,0.19950459122476691
DFM-4_R3_P2,2022Q2,H3,standard,2,industrial_production,PRODUCTION,0.14853162132056641
DFM-4_R3_P2,2022Q2,H3,standard,2,ppi,PRICES,-0.0479438652957766
DFM-4_R3_P2,2022Q2,H3,standard,2,usd_uzs,FINANCIAL,-0.16122285332120001
DFM-4_R3_P2,2022Q2,H3,standard,2,rub_uzs,FINANCIAL,-0.030825887635902001
DFM-4_R3_P2,2022Q2,H3,standard,2,gold_price,EXTERNAL,-0.1155066928213587
DFM-4_R3_P2,2022Q2,H3,standard,2,m2,FINANCIAL,0.0473094589822197
DFM-4_R3_P2,2022Q2,H3,standard,2,fx_reserves_ex_gold,FINANCIAL,-0.0037528211881016999
DFM-4_R3_P2,2022Q2,H3,standard,2,pos_turnover,PAYMENTS,0.2406957063617671
DFM-4_R3_P2,2022Q2,H3,standard,3,industrial_production,PRODUCTION,-0.13094850015678861
DFM-4_R3_P2,2022Q2,H3,standard,3,ppi,PRICES,0.0098110305140342996
DFM-4_R3_P2,2022Q2,H3,standard,3,usd_uzs,FINANCIAL,0.15195017063280111
DFM-4_R3_P2,2022Q2,H3,standard,3,rub_uzs,FINANCIAL,-0.1354099899940715
DFM-4_R3_P2,2022Q2,H3,standard,3,gold_price,EXTERNAL,0.1239259773719842
DFM-4_R3_P2,2022Q2,H3,standard,3,m2,FINANCIAL,0.3722669351927837
DFM-4_R3_P2,2022Q2,H3,standard,3,fx_reserves_ex_gold,FINANCIAL,0.093458287783124497
DFM-4_R3_P2,2022Q2,H3,standard,3,pos_turnover,PAYMENTS,0.016835201764481
DFM-4_R3_P2,2022Q2,H3,conservative,1,industrial_production,PRODUCTION,0.61269033614244406
DFM-4_R3_P2,2022Q2,H3,conservative,1,ppi,PRICES,0.15828188011366839
DFM-4_R3_P2,2022Q2,H3,conservative,1,usd_uzs,FINANCIAL,0.082417300563506005
DFM-4_R3_P2,2022Q2,H3,conservative,1,rub_uzs,FINANCIAL,-0.034539222317492797
DFM-4_R3_P2,2022Q2,H3,conservative,1,gold_price,EXTERNAL,0.041459232537613598
DFM-4_R3_P2,2022Q2,H3,conservative,1,m2,FINANCIAL,0.3429332083343587
DFM-4_R3_P2,2022Q2,H3,conservative,1,fx_reserves_ex_gold,FINANCIAL,-0.567218055806474
DFM-4_R3_P2,2022Q2,H3,conservative,1,pos_turnover,PAYMENTS,0.19950459122476691
DFM-4_R3_P2,2022Q2,H3,conservative,2,industrial_production,PRODUCTION,0.14853162132056641
DFM-4_R3_P2,2022Q2,H3,conservative,2,ppi,PRICES,-0.0479438652957766
DFM-4_R3_P2,2022Q2,H3,conservative,2,usd_uzs,FINANCIAL,-0.16122285332120001
DFM-4_R3_P2,2022Q2,H3,conservative,2,rub_uzs,FINANCIAL,-0.030825887635902001
DFM-4_R3_P2,2022Q2,H3,conservative,2,gold_price,EXTERNAL,-0.1155066928213587
DFM-4_R3_P2,2022Q2,H3,conservative,2,m2,FINANCIAL,0.0473094589822197
DFM-4_R3_P2,2022Q2,H3,conservative,2,fx_reserves_ex_gold,FINANCIAL,-0.0037528211881016999
DFM-4_R3_P2,2022Q2,H3,conservative,2,pos_turnover,PAYMENTS,0.2406957063617671
DFM-4_R3_P2,2022Q2,H3,conservative,3,industrial_production,PRODUCTION,-0.13094850015678861
DFM-4_R3_P2,2022Q2,H3,conservative,3,ppi,PRICES,0.0098110305140342996
DFM-4_R3_P2,2022Q2,H3,conservative,3,usd_uzs,FINANCIAL,0.15195017063280111
DFM-4_R3_P2,2022Q2,H3,conservative,3,rub_uzs,FINANCIAL,-0.1354099899940715
DFM-4_R3_P2,2022Q2,H3,conservative,3,gold_price,EXTERNAL,0.1239259773719842
DFM-4_R3_P2,2022Q2,H3,conservative,3,m2,FINANCIAL,0.3722669351927837
DFM-4_R3_P2,2022Q2,H3,conservative,3,fx_reserves_ex_gold,FINANCIAL,0.093458287783124497
DFM-4_R3_P2,2022Q2,H3,conservative,3,pos_turnover,PAYMENTS,0.016835201764481
DFM-4_R3_P2,2023Q1,H1,standard,1,industrial_production,PRODUCTION,0.39541948200787191
DFM-4_R3_P2,2023Q1,H1,standard,1,ppi,PRICES,0.053070825267661499
DFM-4_R3_P2,2023Q1,H1,standard,1,usd_uzs,FINANCIAL,-0.093148361542116906
DFM-4_R3_P2,2023Q1,H1,standard,1,rub_uzs,FINANCIAL,0.0912987703412977
DFM-4_R3_P2,2023Q1,H1,standard,1,gold_price,EXTERNAL,-0.12819074632584709
DFM-4_R3_P2,2023Q1,H1,standard,1,m2,FINANCIAL,0.69656494458149021
DFM-4_R3_P2,2023Q1,H1,standard,1,fx_reserves_ex_gold,FINANCIAL,-0.37686007009031841
DFM-4_R3_P2,2023Q1,H1,standard,1,pos_turnover,PAYMENTS,0.58116991052246647
DFM-4_R3_P2,2023Q1,H1,standard,2,industrial_production,PRODUCTION,-0.1098366018136526
DFM-4_R3_P2,2023Q1,H1,standard,2,ppi,PRICES,0.054344607344266299
DFM-4_R3_P2,2023Q1,H1,standard,2,usd_uzs,FINANCIAL,0.15597075265920979
DFM-4_R3_P2,2023Q1,H1,standard,2,rub_uzs,FINANCIAL,0.0147117303559303
DFM-4_R3_P2,2023Q1,H1,standard,2,gold_price,EXTERNAL,0.1111642884448079
DFM-4_R3_P2,2023Q1,H1,standard,2,m2,FINANCIAL,0.028209448586368299
DFM-4_R3_P2,2023Q1,H1,standard,2,fx_reserves_ex_gold,FINANCIAL,-0.0267995791733249
DFM-4_R3_P2,2023Q1,H1,standard,2,pos_turnover,PAYMENTS,-0.11150474890385501
DFM-4_R3_P2,2023Q1,H1,standard,3,industrial_production,PRODUCTION,0.32379967324327708
DFM-4_R3_P2,2023Q1,H1,standard,3,ppi,PRICES,0.078635705844044307
DFM-4_R3_P2,2023Q1,H1,standard,3,usd_uzs,FINANCIAL,0.0339976549357556
DFM-4_R3_P2,2023Q1,H1,standard,3,rub_uzs,FINANCIAL,-0.018501118934271799
DFM-4_R3_P2,2023Q1,H1,standard,3,gold_price,EXTERNAL,0.043201047849634001
DFM-4_R3_P2,2023Q1,H1,standard,3,m2,FINANCIAL,-0.13568152353128801
DFM-4_R3_P2,2023Q1,H1,standard,3,fx_reserves_ex_gold,FINANCIAL,-0.2436729136091525
DFM-4_R3_P2,2023Q1,H1,standard,3,pos_turnover,PAYMENTS,-0.058862110932462401
ROBUST_START_2020,2023Q1,H1,standard,1,industrial_production,PRODUCTION,0.2402014926491258
ROBUST_START_2020,2023Q1,H1,standard,1,ppi,PRICES,0.10259052584863081
ROBUST_START_2020,2023Q1,H1,standard,1,usd_uzs,FINANCIAL,-0.072292063972089898
ROBUST_START_2020,2023Q1,H1,standard,1,rub_uzs,FINANCIAL,0.030979156299479501
ROBUST_START_2020,2023Q1,H1,standard,1,gold_price,EXTERNAL,-0.079008658282223906
ROBUST_START_2020,2023Q1,H1,standard,1,m2,FINANCIAL,0.2808935303326423
ROBUST_START_2020,2023Q1,H1,standard,1,fx_reserves_ex_gold,FINANCIAL,-0.2331209431335817
ROBUST_START_2020,2023Q1,H1,standard,1,pos_turnover,PAYMENTS,0.2889238331266808
ROBUST_START_2020,2023Q1,H2,standard,1,industrial_production,PRODUCTION,0.23869112610375909
ROBUST_START_2020,2023Q1,H2,standard,1,ppi,PRICES,0.1049805813538451
ROBUST_START_2020,2023Q1,H2,standard,1,usd_uzs,FINANCIAL,-0.074966295496761606
ROBUST_START_2020,2023Q1,H2,standard,1,rub_uzs,FINANCIAL,0.032678576573677197
ROBUST_START_2020,2023Q1,H2,standard,1,gold_price,EXTERNAL,-0.082189706567939003
ROBUST_START_2020,2023Q1,H2,standard,1,m2,FINANCIAL,0.28774518209281591
ROBUST_START_2020,2023Q1,H2,standard,1,fx_reserves_ex_gold,FINANCIAL,-0.23600702535779061
ROBUST_START_2020,2023Q1,H2,standard,1,pos_turnover,PAYMENTS,0.29550626983977818
ROBUST_START_2020,2023Q1,H3,standard,1,industrial_production,PRODUCTION,0.23869112610375909
ROBUST_START_2020,2023Q1,H3,standard,1,ppi,PRICES,0.1049805813538451
ROBUST_START_2020,2023Q1,H3,standard,1,usd_uzs,FINANCIAL,-0.074966295496761606
ROBUST_START_2020,2023Q1,H3,standard,1,rub_uzs,FINANCIAL,0.032678576573677197
ROBUST_START_2020,2023Q1,H3,standard,1,gold_price,EXTERNAL,-0.082189706567939003
ROBUST_START_2020,2023Q1,H3,standard,1,m2,FINANCIAL,0.28774518209281591
ROBUST_START_2020,2023Q1,H3,standard,1,fx_reserves_ex_gold,FINANCIAL,-0.23600702535779061
ROBUST_START_2020,2023Q1,H3,standard,1,pos_turnover,PAYMENTS,0.29550626983977818
ROBUST_START_2020,2023Q2,H1,standard,1,industrial_production,PRODUCTION,0.13031529285976851
ROBUST_START_2020,2023Q2,H1,standard,1,ppi,PRICES,0.1388905910817628
ROBUST_START_2020,2023Q2,H1,standard,1,usd_uzs,FINANCIAL,-0.090095314996065004
ROBUST_START_2020,2023Q2,H1,standard,1,rub_uzs,FINANCIAL,0.030654771203400499
ROBUST_START_2020,2023Q2,H1,standard,1,gold_price,EXTERNAL,-0.081522515587798702
ROBUST_START_2020,2023Q2,H1,standard,1,m2,FINANCIAL,0.49220177392240982
ROBUST_START_2020,2023Q2,H1,standard,1,fx_reserves_ex_gold,FINANCIAL,-0.32548990987302062
ROBUST_START_2020,2023Q2,H1,standard,1,pos_turnover,PAYMENTS,0.43929653438780891
ROBUST_START_2020,2023Q2,H2,standard,1,industrial_production,PRODUCTION,0.12935895737159731
ROBUST_START_2020,2023Q2,H2,standard,1,ppi,PRICES,0.138319293306849
ROBUST_START_2020,2023Q2,H2,standard,1,usd_uzs,FINANCIAL,-0.089747276047014699
ROBUST_START_2020,2023Q2,H2,standard,1,rub_uzs,FINANCIAL,0.030494747450396899
ROBUST_START_2020,2023Q2,H2,standard,1,gold_price,EXTERNAL,-0.081177818380794298
ROBUST_START_2020,2023Q2,H2,standard,1,m2,FINANCIAL,0.48993100715645937
ROBUST_START_2020,2023Q2,H2,standard,1,fx_reserves_ex_gold,FINANCIAL,-0.32409393367600781
ROBUST_START_2020,2023Q2,H2,standard,1,pos_turnover,PAYMENTS,0.43739289556807892
ROBUST_START_2020,2023Q2,H3,standard,1,industrial_production,PRODUCTION,0.12935895737159731
ROBUST_START_2020,2023Q2,H3,standard,1,ppi,PRICES,0.138319293306849
ROBUST_START_2020,2023Q2,H3,standard,1,usd_uzs,FINANCIAL,-0.089747276047014699
ROBUST_START_2020,2023Q2,H3,standard,1,rub_uzs,FINANCIAL,0.030494747450396899
ROBUST_START_2020,2023Q2,H3,standard,1,gold_price,EXTERNAL,-0.081177818380794298
ROBUST_START_2020,2023Q2,H3,standard,1,m2,FINANCIAL,0.48993100715645937
ROBUST_START_2020,2023Q2,H3,standard,1,fx_reserves_ex_gold,FINANCIAL,-0.32409393367600781
ROBUST_START_2020,2023Q2,H3,standard,1,pos_turnover,PAYMENTS,0.43739289556807892
ROBUST_START_2020,2023Q3,H1,standard,1,industrial_production,PRODUCTION,0.1462364020563732
ROBUST_START_2020,2023Q3,H1,standard,1,ppi,PRICES,0.090625797704982497
ROBUST_START_2020,2023Q3,H1,standard,1,usd_uzs,FINANCIAL,-0.080569020590546006
ROBUST_START_2020,2023Q3,H1,standard,1,rub_uzs,FINANCIAL,0.0161361713605798
ROBUST_START_2020,2023Q3,H1,standard,1,gold_price,EXTERNAL,-0.063917723482919603
ROBUST_START_2020,2023Q3,H1,standard,1,m2,FINANCIAL,0.3251241988937178
ROBUST_START_2020,2023Q3,H1,standard,1,fx_reserves_ex_gold,FINANCIAL,-0.23131317387071981
ROBUST_START_2020,2023Q3,H1,standard,1,pos_turnover,PAYMENTS,0.32944347288679621
ROBUST_START_2020,2023Q3,H2,standard,1,industrial_production,PRODUCTION,0.14979040373722441
ROBUST_START_2020,2023Q3,H2,standard,1,ppi,PRICES,0.090322645408348404
ROBUST_START_2020,2023Q3,H2,standard,1,usd_uzs,FINANCIAL,-0.081778387490770099
ROBUST_START_2020,2023Q3,H2,standard,1,rub_uzs,FINANCIAL,0.016026590763329501
ROBUST_START_2020,2023Q3,H2,standard,1,gold_price,EXTERNAL,-0.064666615014535495
ROBUST_START_2020,2023Q3,H2,standard,1,m2,FINANCIAL,0.32498332123756413
ROBUST_START_2020,2023Q3,H2,standard,1,fx_reserves_ex_gold,FINANCIAL,-0.2335898002753975
ROBUST_START_2020,2023Q3,H2,standard,1,pos_turnover,PAYMENTS,0.33111047107036551
ROBUST_START_2020,2023Q3,H3,standard,1,industrial_production,PRODUCTION,0.14979040373722441
ROBUST_START_2020,2023Q3,H3,standard,1,ppi,PRICES,0.090322645408348404
ROBUST_START_2020,2023Q3,H3,standard,1,usd_uzs,FINANCIAL,-0.081778387490770099
ROBUST_START_2020,2023Q3,H3,standard,1,rub_uzs,FINANCIAL,0.016026590763329501
ROBUST_START_2020,2023Q3,H3,standard,1,gold_price,EXTERNAL,-0.064666615014535495
ROBUST_START_2020,2023Q3,H3,standard,1,m2,FINANCIAL,0.32498332123756413
ROBUST_START_2020,2023Q3,H3,standard,1,fx_reserves_ex_gold,FINANCIAL,-0.2335898002753975
ROBUST_START_2020,2023Q3,H3,standard,1,pos_turnover,PAYMENTS,0.33111047107036551
ROBUST_START_2020,2023Q4,H1,standard,1,industrial_production,PRODUCTION,0.15716998130756449
ROBUST_START_2020,2023Q4,H1,standard,1,ppi,PRICES,0.097313562725755101
ROBUST_START_2020,2023Q4,H1,standard,1,usd_uzs,FINANCIAL,-0.086647970041867903
ROBUST_START_2020,2023Q4,H1,standard,1,rub_uzs,FINANCIAL,0.019563349793318301
ROBUST_START_2020,2023Q4,H1,standard,1,gold_price,EXTERNAL,-0.070123688849688295
ROBUST_START_2020,2023Q4,H1,standard,1,m2,FINANCIAL,0.34245138316417878
ROBUST_START_2020,2023Q4,H1,standard,1,fx_reserves_ex_gold,FINANCIAL,-0.2042948360483644
ROBUST_START_2020,2023Q4,H1,standard,1,pos_turnover,PAYMENTS,0.35011041077500982
ROBUST_START_2020,2023Q4,H2,standard,1,industrial_production,PRODUCTION,0.16012193621273299
ROBUST_START_2020,2023Q4,H2,standard,1,ppi,PRICES,0.097243703158721606
ROBUST_START_2020,2023Q4,H2,standard,1,usd_uzs,FINANCIAL,-0.086945199418214103
ROBUST_START_2020,2023Q4,H2,standard,1,rub_uzs,FINANCIAL,0.019407462681721201
ROBUST_START_2020,2023Q4,H2,standard,1,gold_price,EXTERNAL,-0.071591328391768599
ROBUST_START_2020,2023Q4,H2,standard,1,m2,FINANCIAL,0.3432416368100375
ROBUST_START_2020,2023Q4,H2,standard,1,fx_reserves_ex_gold,FINANCIAL,-0.20832184581149091
ROBUST_START_2020,2023Q4,H2,standard,1,pos_turnover,PAYMENTS,0.35348747880700832
ROBUST_START_2020,2023Q4,H3,standard,1,industrial_production,PRODUCTION,0.16012193621273299
ROBUST_START_2020,2023Q4,H3,standard,1,ppi,PRICES,0.097243703158721606
ROBUST_START_2020,2023Q4,H3,standard,1,usd_uzs,FINANCIAL,-0.086945199418214103
ROBUST_START_2020,2023Q4,H3,standard,1,rub_uzs,FINANCIAL,0.019407462681721201
ROBUST_START_2020,2023Q4,H3,standard,1,gold_price,EXTERNAL,-0.071591328391768599
ROBUST_START_2020,2023Q4,H3,standard,1,m2,FINANCIAL,0.3432416368100375
ROBUST_START_2020,2023Q4,H3,standard,1,fx_reserves_ex_gold,FINANCIAL,-0.20832184581149091
ROBUST_START_2020,2023Q4,H3,standard,1,pos_turnover,PAYMENTS,0.35348747880700832
ROBUST_START_2020,2024Q1,H1,standard,1,industrial_production,PRODUCTION,0.1449570652957228
ROBUST_START_2020,2024Q1,H1,standard,1,ppi,PRICES,0.042621652416709802
ROBUST_START_2020,2024Q1,H1,standard,1,usd_uzs,FINANCIAL,-0.083753141747579002
ROBUST_START_2020,2024Q1,H1,standard,1,rub_uzs,FINANCIAL,0.0131276902067794
ROBUST_START_2020,2024Q1,H1,standard,1,gold_price,EXTERNAL,-0.071574511182589798
ROBUST_START_2020,2024Q1,H1,standard,1,m2,FINANCIAL,0.32455733257806008
ROBUST_START_2020,2024Q1,H1,standard,1,fx_reserves_ex_gold,FINANCIAL,-0.1806842613330768
ROBUST_START_2020,2024Q1,H1,standard,1,pos_turnover,PAYMENTS,0.33580065102974282
ROBUST_START_2020,2024Q1,H2,standard,1,industrial_production,PRODUCTION,0.14619604419517729
ROBUST_START_2020,2024Q1,H2,standard,1,ppi,PRICES,0.0438054256065427
ROBUST_START_2020,2024Q1,H2,standard,1,usd_uzs,FINANCIAL,-0.084938496956635898
ROBUST_START_2020,2024Q1,H2,standard,1,rub_uzs,FINANCIAL,0.013383686090748199
ROBUST_START_2020,2024Q1,H2,standard,1,gold_price,EXTERNAL,-0.072821686976901903
ROBUST_START_2020,2024Q1,H2,standard,1,m2,FINANCIAL,0.32659440427615399
ROBUST_START_2020,2024Q1,H2,standard,1,fx_reserves_ex_gold,FINANCIAL,-0.18477368952661169
ROBUST_START_2020,2024Q1,H2,standard,1,pos_turnover,PAYMENTS,0.34030517961875478
ROBUST_START_2020,2024Q1,H3,standard,1,industrial_production,PRODUCTION,0.14619604419517729
ROBUST_START_2020,2024Q1,H3,standard,1,ppi,PRICES,0.0438054256065427
ROBUST_START_2020,2024Q1,H3,standard,1,usd_uzs,FINANCIAL,-0.084938496956635898
ROBUST_START_2020,2024Q1,H3,standard,1,rub_uzs,FINANCIAL,0.013383686090748199
ROBUST_START_2020,2024Q1,H3,standard,1,gold_price,EXTERNAL,-0.072821686976901903
ROBUST_START_2020,2024Q1,H3,standard,1,m2,FINANCIAL,0.32659440427615399
ROBUST_START_2020,2024Q1,H3,standard,1,fx_reserves_ex_gold,FINANCIAL,-0.18477368952661169
ROBUST_START_2020,2024Q1,H3,standard,1,pos_turnover,PAYMENTS,0.34030517961875478
ROBUST_START_2020,2024Q2,H1,standard,1,industrial_production,PRODUCTION,0.032256668420886703
ROBUST_START_2020,2024Q2,H1,standard,1,ppi,PRICES,0.035923709166100298
ROBUST_START_2020,2024Q2,H1,standard,1,usd_uzs,FINANCIAL,-0.1045001067583133
ROBUST_START_2020,2024Q2,H1,standard,1,rub_uzs,FINANCIAL,0.028256060324770099
ROBUST_START_2020,2024Q2,H1,standard,1,gold_price,EXTERNAL,-0.074093324503214694
ROBUST_START_2020,2024Q2,H1,standard,1,m2,FINANCIAL,0.4785768960039008
ROBUST_START_2020,2024Q2,H1,standard,1,fx_reserves_ex_gold,FINANCIAL,-0.093511052497669805
ROBUST_START_2020,2024Q2,H1,standard,1,pos_turnover,PAYMENTS,0.38976732236120037
ROBUST_START_2020,2024Q2,H2,standard,1,industrial_production,PRODUCTION,0.029286310222026699
ROBUST_START_2020,2024Q2,H2,standard,1,ppi,PRICES,0.035728929996347199
ROBUST_START_2020,2024Q2,H2,standard,1,usd_uzs,FINANCIAL,-0.1042323112177867
ROBUST_START_2020,2024Q2,H2,standard,1,rub_uzs,FINANCIAL,0.0285183541637202
ROBUST_START_2020,2024Q2,H2,standard,1,gold_price,EXTERNAL,-0.074268754311869606
ROBUST_START_2020,2024Q2,H2,standard,1,m2,FINANCIAL,0.48034657725156388
ROBUST_START_2020,2024Q2,H2,standard,1,fx_reserves_ex_gold,FINANCIAL,-0.092615521349090305
ROBUST_START_2020,2024Q2,H2,standard,1,pos_turnover,PAYMENTS,0.38992161253555863
ROBUST_START_2020,2024Q2,H3,standard,1,industrial_production,PRODUCTION,0.029286310222026699
ROBUST_START_2020,2024Q2,H3,standard,1,ppi,PRICES,0.035728929996347199
ROBUST_START_2020,2024Q2,H3,standard,1,usd_uzs,FINANCIAL,-0.1042323112177867
ROBUST_START_2020,2024Q2,H3,standard,1,rub_uzs,FINANCIAL,0.0285183541637202
ROBUST_START_2020,2024Q2,H3,standard,1,gold_price,EXTERNAL,-0.074268754311869606
ROBUST_START_2020,2024Q2,H3,standard,1,m2,FINANCIAL,0.48034657725156388
ROBUST_START_2020,2024Q2,H3,standard,1,fx_reserves_ex_gold,FINANCIAL,-0.092615521349090305
ROBUST_START_2020,2024Q2,H3,standard,1,pos_turnover,PAYMENTS,0.38992161253555863
ROBUST_START_2020,2024Q3,H1,standard,1,industrial_production,PRODUCTION,0.0223221826032419
ROBUST_START_2020,2024Q3,H1,standard,1,ppi,PRICES,0.033698382459005999
ROBUST_START_2020,2024Q3,H1,standard,1,usd_uzs,FINANCIAL,-0.10882915339743091
ROBUST_START_2020,2024Q3,H1,standard,1,rub_uzs,FINANCIAL,0.032101760285451302
ROBUST_START_2020,2024Q3,H1,standard,1,gold_price,EXTERNAL,-0.075486799302674407
ROBUST_START_2020,2024Q3,H1,standard,1,m2,FINANCIAL,0.49980409189498748
ROBUST_START_2020,2024Q3,H1,standard,1,fx_reserves_ex_gold,FINANCIAL,-0.0887384373513328
ROBUST_START_2020,2024Q3,H1,standard,1,pos_turnover,PAYMENTS,0.39219215419691272
ROBUST_START_2020,2024Q3,H2,standard,1,industrial_production,PRODUCTION,0.024713415396717401
ROBUST_START_2020,2024Q3,H2,standard,1,ppi,PRICES,0.0337754029339856
ROBUST_START_2020,2024Q3,H2,standard,1,usd_uzs,FINANCIAL,-0.1089296668506974
ROBUST_START_2020,2024Q3,H2,standard,1,rub_uzs,FINANCIAL,0.032079563645730703
ROBUST_START_2020,2024Q3,H2,standard,1,gold_price,EXTERNAL,-0.075526481195492406
ROBUST_START_2020,2024Q3,H2,standard,1,m2,FINANCIAL,0.49984499793595538
ROBUST_START_2020,2024Q3,H2,standard,1,fx_reserves_ex_gold,FINANCIAL,-0.088987498401237097
ROBUST_START_2020,2024Q3,H2,standard,1,pos_turnover,PAYMENTS,0.39242102107582738
ROBUST_START_2020,2024Q3,H3,standard,1,industrial_production,PRODUCTION,0.024713415396717401
ROBUST_START_2020,2024Q3,H3,standard,1,ppi,PRICES,0.0337754029339856
ROBUST_START_2020,2024Q3,H3,standard,1,usd_uzs,FINANCIAL,-0.1089296668506974
ROBUST_START_2020,2024Q3,H3,standard,1,rub_uzs,FINANCIAL,0.032079563645730703
ROBUST_START_2020,2024Q3,H3,standard,1,gold_price,EXTERNAL,-0.075526481195492406
ROBUST_START_2020,2024Q3,H3,standard,1,m2,FINANCIAL,0.49984499793595538
ROBUST_START_2020,2024Q3,H3,standard,1,fx_reserves_ex_gold,FINANCIAL,-0.088987498401237097
ROBUST_START_2020,2024Q3,H3,standard,1,pos_turnover,PAYMENTS,0.39242102107582738
ROBUST_START_2020,2024Q4,H1,standard,1,industrial_production,PRODUCTION,0.027479895606752
ROBUST_START_2020,2024Q4,H1,standard,1,ppi,PRICES,0.028297201290552201
ROBUST_START_2020,2024Q4,H1,standard,1,usd_uzs,FINANCIAL,-0.1094340032791748
ROBUST_START_2020,2024Q4,H1,standard,1,rub_uzs,FINANCIAL,0.028923091391100601
ROBUST_START_2020,2024Q4,H1,standard,1,gold_price,EXTERNAL,-0.064218540551414405
ROBUST_START_2020,2024Q4,H1,standard,1,m2,FINANCIAL,0.49449913731577688
ROBUST_START_2020,2024Q4,H1,standard,1,fx_reserves_ex_gold,FINANCIAL,-0.081663919313939598
ROBUST_START_2020,2024Q4,H1,standard,1,pos_turnover,PAYMENTS,0.37263989650709273
ROBUST_START_2020,2024Q4,H2,standard,1,industrial_production,PRODUCTION,0.0290491403191846
ROBUST_START_2020,2024Q4,H2,standard,1,ppi,PRICES,0.028368962970704001
ROBUST_START_2020,2024Q4,H2,standard,1,usd_uzs,FINANCIAL,-0.1099394391052579
ROBUST_START_2020,2024Q4,H2,standard,1,rub_uzs,FINANCIAL,0.029305027706204599
ROBUST_START_2020,2024Q4,H2,standard,1,gold_price,EXTERNAL,-0.064613717991652803
ROBUST_START_2020,2024Q4,H2,standard,1,m2,FINANCIAL,0.49762724604566688
ROBUST_START_2020,2024Q4,H2,standard,1,fx_reserves_ex_gold,FINANCIAL,-0.081754118618777502
ROBUST_START_2020,2024Q4,H2,standard,1,pos_turnover,PAYMENTS,0.37448107369925249
ROBUST_START_2020,2024Q4,H3,standard,1,industrial_production,PRODUCTION,0.0290491403191846
ROBUST_START_2020,2024Q4,H3,standard,1,ppi,PRICES,0.028368962970704001
ROBUST_START_2020,2024Q4,H3,standard,1,usd_uzs,FINANCIAL,-0.1099394391052579
ROBUST_START_2020,2024Q4,H3,standard,1,rub_uzs,FINANCIAL,0.029305027706204599
ROBUST_START_2020,2024Q4,H3,standard,1,gold_price,EXTERNAL,-0.064613717991652803
ROBUST_START_2020,2024Q4,H3,standard,1,m2,FINANCIAL,0.49762724604566688
ROBUST_START_2020,2024Q4,H3,standard,1,fx_reserves_ex_gold,FINANCIAL,-0.081754118618777502
ROBUST_START_2020,2024Q4,H3,standard,1,pos_turnover,PAYMENTS,0.37448107369925249
ROBUST_START_2020,2025Q1,H1,standard,1,industrial_production,PRODUCTION,0.2123101789455773
ROBUST_START_2020,2025Q1,H1,standard,1,ppi,PRICES,0.087963620715908103
ROBUST_START_2020,2025Q1,H1,standard,1,usd_uzs,FINANCIAL,-0.1343538252647902
ROBUST_START_2020,2025Q1,H1,standard,1,rub_uzs,FINANCIAL,0.034982083338742302
ROBUST_START_2020,2025Q1,H1,standard,1,gold_price,EXTERNAL,-0.12953200945022361
ROBUST_START_2020,2025Q1,H1,standard,1,m2,FINANCIAL,0.45446999264995741
ROBUST_START_2020,2025Q1,H1,standard,1,fx_reserves_ex_gold,FINANCIAL,-0.31752063033416211
ROBUST_START_2020,2025Q1,H1,standard,1,pos_turnover,PAYMENTS,0.56774062951838877
ROBUST_START_2020,2025Q1,H2,standard,1,industrial_production,PRODUCTION,0.21137712295537101
ROBUST_START_2020,2025Q1,H2,standard,1,ppi,PRICES,0.087670063232410195
ROBUST_START_2020,2025Q1,H2,standard,1,usd_uzs,FINANCIAL,-0.13417490332235779
ROBUST_START_2020,2025Q1,H2,standard,1,rub_uzs,FINANCIAL,0.034715950369059799
ROBUST_START_2020,2025Q1,H2,standard,1,gold_price,EXTERNAL,-0.12929809422662741
ROBUST_START_2020,2025Q1,H2,standard,1,m2,FINANCIAL,0.4559424059144
ROBUST_START_2020,2025Q1,H2,standard,1,fx_reserves_ex_gold,FINANCIAL,-0.31696792944989421
ROBUST_START_2020,2025Q1,H2,standard,1,pos_turnover,PAYMENTS,0.56667671492890803
ROBUST_START_2020,2025Q1,H3,standard,1,industrial_production,PRODUCTION,0.21137712295537101
ROBUST_START_2020,2025Q1,H3,standard,1,ppi,PRICES,0.087670063232410195
ROBUST_START_2020,2025Q1,H3,standard,1,usd_uzs,FINANCIAL,-0.13417490332235779
ROBUST_START_2020,2025Q1,H3,standard,1,rub_uzs,FINANCIAL,0.034715950369059799
ROBUST_START_2020,2025Q1,H3,standard,1,gold_price,EXTERNAL,-0.12929809422662741
ROBUST_START_2020,2025Q1,H3,standard,1,m2,FINANCIAL,0.4559424059144
ROBUST_START_2020,2025Q1,H3,standard,1,fx_reserves_ex_gold,FINANCIAL,-0.31696792944989421
ROBUST_START_2020,2025Q1,H3,standard,1,pos_turnover,PAYMENTS,0.56667671492890803
ROBUST_START_2020,2025Q2,H1,standard,1,industrial_production,PRODUCTION,0.21903161851017311
ROBUST_START_2020,2025Q2,H1,standard,1,ppi,PRICES,0.087758960447042803
ROBUST_START_2020,2025Q2,H1,standard,1,usd_uzs,FINANCIAL,-0.1409136248575438
ROBUST_START_2020,2025Q2,H1,standard,1,rub_uzs,FINANCIAL,0.038136285105953703
ROBUST_START_2020,2025Q2,H1,standard,1,gold_price,EXTERNAL,-0.12658736580262439
ROBUST_START_2020,2025Q2,H1,standard,1,m2,FINANCIAL,0.4625741561370954
ROBUST_START_2020,2025Q2,H1,standard,1,fx_reserves_ex_gold,FINANCIAL,-0.29754014864378531
ROBUST_START_2020,2025Q2,H1,standard,1,pos_turnover,PAYMENTS,0.56725540414398068
ROBUST_START_2020,2025Q2,H2,standard,1,industrial_production,PRODUCTION,0.22018936734335909
ROBUST_START_2020,2025Q2,H2,standard,1,ppi,PRICES,0.087008923895958101
ROBUST_START_2020,2025Q2,H2,standard,1,usd_uzs,FINANCIAL,-0.14168326714664861
ROBUST_START_2020,2025Q2,H2,standard,1,rub_uzs,FINANCIAL,0.039113964944949599
ROBUST_START_2020,2025Q2,H2,standard,1,gold_price,EXTERNAL,-0.12528836863592491
ROBUST_START_2020,2025Q2,H2,standard,1,m2,FINANCIAL,0.4655919489822743
ROBUST_START_2020,2025Q2,H2,standard,1,fx_reserves_ex_gold,FINANCIAL,-0.2943885044379187
ROBUST_START_2020,2025Q2,H2,standard,1,pos_turnover,PAYMENTS,0.56601011998314732
ROBUST_START_2020,2025Q2,H3,standard,1,industrial_production,PRODUCTION,0.22018936734335909
ROBUST_START_2020,2025Q2,H3,standard,1,ppi,PRICES,0.087008923895958101
ROBUST_START_2020,2025Q2,H3,standard,1,usd_uzs,FINANCIAL,-0.14168326714664861
ROBUST_START_2020,2025Q2,H3,standard,1,rub_uzs,FINANCIAL,0.039113964944949599
ROBUST_START_2020,2025Q2,H3,standard,1,gold_price,EXTERNAL,-0.12528836863592491
ROBUST_START_2020,2025Q2,H3,standard,1,m2,FINANCIAL,0.4655919489822743
ROBUST_START_2020,2025Q2,H3,standard,1,fx_reserves_ex_gold,FINANCIAL,-0.2943885044379187
ROBUST_START_2020,2025Q2,H3,standard,1,pos_turnover,PAYMENTS,0.56601011998314732
ROBUST_WINSOR_1_99,2022Q1,H1,standard,1,industrial_production,PRODUCTION,0.54617543106964161
ROBUST_WINSOR_1_99,2022Q1,H1,standard,1,ppi,PRICES,0.073152131812197999
ROBUST_WINSOR_1_99,2022Q1,H1,standard,1,usd_uzs,FINANCIAL,-0.087671447391362803
ROBUST_WINSOR_1_99,2022Q1,H1,standard,1,rub_uzs,FINANCIAL,0.0362383609314188
ROBUST_WINSOR_1_99,2022Q1,H1,standard,1,gold_price,EXTERNAL,-0.089452101850717405
ROBUST_WINSOR_1_99,2022Q1,H1,standard,1,m2,FINANCIAL,0.175555217667867
ROBUST_WINSOR_1_99,2022Q1,H1,standard,1,fx_reserves_ex_gold,FINANCIAL,-0.39709884539868168
ROBUST_WINSOR_1_99,2022Q1,H1,standard,1,pos_turnover,PAYMENTS,0.29234852354462482
ROBUST_WINSOR_1_99,2022Q1,H2,standard,1,industrial_production,PRODUCTION,0.53420334364605404
ROBUST_WINSOR_1_99,2022Q1,H2,standard,1,ppi,PRICES,0.074743750216352003
ROBUST_WINSOR_1_99,2022Q1,H2,standard,1,usd_uzs,FINANCIAL,-0.087879507213685995
ROBUST_WINSOR_1_99,2022Q1,H2,standard,1,rub_uzs,FINANCIAL,0.037268162747447202
ROBUST_WINSOR_1_99,2022Q1,H2,standard,1,gold_price,EXTERNAL,-0.087670967763607499
ROBUST_WINSOR_1_99,2022Q1,H2,standard,1,m2,FINANCIAL,0.1657411545996926
ROBUST_WINSOR_1_99,2022Q1,H2,standard,1,fx_reserves_ex_gold,FINANCIAL,-0.39657615693787901
ROBUST_WINSOR_1_99,2022Q1,H2,standard,1,pos_turnover,PAYMENTS,0.28874913929332141
ROBUST_WINSOR_1_99,2022Q1,H3,standard,1,industrial_production,PRODUCTION,0.53420334364605404
ROBUST_WINSOR_1_99,2022Q1,H3,standard,1,ppi,PRICES,0.074743750216352003
ROBUST_WINSOR_1_99,2022Q1,H3,standard,1,usd_uzs,FINANCIAL,-0.087879507213685995
ROBUST_WINSOR_1_99,2022Q1,H3,standard,1,rub_uzs,FINANCIAL,0.037268162747447202
ROBUST_WINSOR_1_99,2022Q1,H3,standard,1,gold_price,EXTERNAL,-0.087670967763607499
ROBUST_WINSOR_1_99,2022Q1,H3,standard,1,m2,FINANCIAL,0.1657411545996926
ROBUST_WINSOR_1_99,2022Q1,H3,standard,1,fx_reserves_ex_gold,FINANCIAL,-0.39657615693787901
ROBUST_WINSOR_1_99,2022Q1,H3,standard,1,pos_turnover,PAYMENTS,0.28874913929332141
ROBUST_WINSOR_1_99,2022Q2,H1,standard,1,industrial_production,PRODUCTION,0.57782125370923842
ROBUST_WINSOR_1_99,2022Q2,H1,standard,1,ppi,PRICES,0.086576151038373905
ROBUST_WINSOR_1_99,2022Q2,H1,standard,1,usd_uzs,FINANCIAL,-0.080142621645394999
ROBUST_WINSOR_1_99,2022Q2,H1,standard,1,rub_uzs,FINANCIAL,-0.037619849811741997
ROBUST_WINSOR_1_99,2022Q2,H1,standard,1,gold_price,EXTERNAL,-0.0659200069070357
ROBUST_WINSOR_1_99,2022Q2,H1,standard,1,m2,FINANCIAL,0.2356602162497213
ROBUST_WINSOR_1_99,2022Q2,H1,standard,1,fx_reserves_ex_gold,FINANCIAL,-0.41752558309610688
ROBUST_WINSOR_1_99,2022Q2,H1,standard,1,pos_turnover,PAYMENTS,0.3374747050557248
ROBUST_WINSOR_1_99,2022Q2,H2,standard,1,industrial_production,PRODUCTION,0.57465662689096753
ROBUST_WINSOR_1_99,2022Q2,H2,standard,1,ppi,PRICES,0.083132028579756004
ROBUST_WINSOR_1_99,2022Q2,H2,standard,1,usd_uzs,FINANCIAL,-0.087875807277136106
ROBUST_WINSOR_1_99,2022Q2,H2,standard,1,rub_uzs,FINANCIAL,-0.021296995445812698
ROBUST_WINSOR_1_99,2022Q2,H2,standard,1,gold_price,EXTERNAL,-0.071996264075622901
ROBUST_WINSOR_1_99,2022Q2,H2,standard,1,m2,FINANCIAL,0.2239118954256899
ROBUST_WINSOR_1_99,2022Q2,H2,standard,1,fx_reserves_ex_gold,FINANCIAL,-0.4165637101211101
ROBUST_WINSOR_1_99,2022Q2,H2,standard,1,pos_turnover,PAYMENTS,0.33253284185385318
ROBUST_WINSOR_1_99,2022Q2,H3,standard,1,industrial_production,PRODUCTION,0.57465662689096753
ROBUST_WINSOR_1_99,2022Q2,H3,standard,1,ppi,PRICES,0.083132028579756004
ROBUST_WINSOR_1_99,2022Q2,H3,standard,1,usd_uzs,FINANCIAL,-0.087875807277136106
ROBUST_WINSOR_1_99,2022Q2,H3,standard,1,rub_uzs,FINANCIAL,-0.021296995445812698
ROBUST_WINSOR_1_99,2022Q2,H3,standard,1,gold_price,EXTERNAL,-0.071996264075622901
ROBUST_WINSOR_1_99,2022Q2,H3,standard,1,m2,FINANCIAL,0.2239118954256899
ROBUST_WINSOR_1_99,2022Q2,H3,standard,1,fx_reserves_ex_gold,FINANCIAL,-0.4165637101211101
ROBUST_WINSOR_1_99,2022Q2,H3,standard,1,pos_turnover,PAYMENTS,0.33253284185385318
ROBUST_WINSOR_1_99,2022Q3,H1,standard,1,industrial_production,PRODUCTION,0.40872221946563703
ROBUST_WINSOR_1_99,2022Q3,H1,standard,1,ppi,PRICES,0.076590437334902603
ROBUST_WINSOR_1_99,2022Q3,H1,standard,1,usd_uzs,FINANCIAL,-0.040417562873315799
ROBUST_WINSOR_1_99,2022Q3,H1,standard,1,rub_uzs,FINANCIAL,0.037820657014862598
ROBUST_WINSOR_1_99,2022Q3,H1,standard,1,gold_price,EXTERNAL,-0.057588001145152799
ROBUST_WINSOR_1_99,2022Q3,H1,standard,1,m2,FINANCIAL,0.17969437748292469
ROBUST_WINSOR_1_99,2022Q3,H1,standard,1,fx_reserves_ex_gold,FINANCIAL,-0.3162207550054239
ROBUST_WINSOR_1_99,2022Q3,H1,standard,1,pos_turnover,PAYMENTS,0.23441217347384921
ROBUST_WINSOR_1_99,2022Q3,H2,standard,1,industrial_production,PRODUCTION,0.36400550023872108
ROBUST_WINSOR_1_99,2022Q3,H2,standard,1,ppi,PRICES,0.065936054853403703
ROBUST_WINSOR_1_99,2022Q3,H2,standard,1,usd_uzs,FINANCIAL,-0.029582671545103401
ROBUST_WINSOR_1_99,2022Q3,H2,standard,1,rub_uzs,FINANCIAL,0.0283539581636435
ROBUST_WINSOR_1_99,2022Q3,H2,standard,1,gold_price,EXTERNAL,-0.047509294010787302
ROBUST_WINSOR_1_99,2022Q3,H2,standard,1,m2,FINANCIAL,0.1529139090470156
ROBUST_WINSOR_1_99,2022Q3,H2,standard,1,fx_reserves_ex_gold,FINANCIAL,-0.28095532730238049
ROBUST_WINSOR_1_99,2022Q3,H2,standard,1,pos_turnover,PAYMENTS,0.2018167268283883
ROBUST_WINSOR_1_99,2022Q3,H3,standard,1,industrial_production,PRODUCTION,0.36400550023872108
ROBUST_WINSOR_1_99,2022Q3,H3,standard,1,ppi,PRICES,0.065936054853403703
ROBUST_WINSOR_1_99,2022Q3,H3,standard,1,usd_uzs,FINANCIAL,-0.029582671545103401
ROBUST_WINSOR_1_99,2022Q3,H3,standard,1,rub_uzs,FINANCIAL,0.0283539581636435
ROBUST_WINSOR_1_99,2022Q3,H3,standard,1,gold_price,EXTERNAL,-0.047509294010787302
ROBUST_WINSOR_1_99,2022Q3,H3,standard,1,m2,FINANCIAL,0.1529139090470156
ROBUST_WINSOR_1_99,2022Q3,H3,standard,1,fx_reserves_ex_gold,FINANCIAL,-0.28095532730238049
ROBUST_WINSOR_1_99,2022Q3,H3,standard,1,pos_turnover,PAYMENTS,0.2018167268283883
ROBUST_WINSOR_1_99,2023Q1,H1,standard,1,industrial_production,PRODUCTION,0.20843389566020329
ROBUST_WINSOR_1_99,2023Q1,H1,standard,1,ppi,PRICES,0.0098309212176736008
ROBUST_WINSOR_1_99,2023Q1,H1,standard,1,usd_uzs,FINANCIAL,-0.086941355124209599
ROBUST_WINSOR_1_99,2023Q1,H1,standard,1,rub_uzs,FINANCIAL,0.0567960580746679
ROBUST_WINSOR_1_99,2023Q1,H1,standard,1,gold_price,EXTERNAL,-0.1149064617570775
ROBUST_WINSOR_1_99,2023Q1,H1,standard,1,m2,FINANCIAL,0.53571590642235467
ROBUST_WINSOR_1_99,2023Q1,H1,standard,1,fx_reserves_ex_gold,FINANCIAL,-0.20223153776646891
ROBUST_WINSOR_1_99,2023Q1,H1,standard,1,pos_turnover,PAYMENTS,0.44948489902948052
ROBUST_WINSOR_1_99,2023Q1,H2,standard,1,industrial_production,PRODUCTION,0.2045190129691894
ROBUST_WINSOR_1_99,2023Q1,H2,standard,1,ppi,PRICES,0.0098612943030844998
ROBUST_WINSOR_1_99,2023Q1,H2,standard,1,usd_uzs,FINANCIAL,-0.086960513253282801
ROBUST_WINSOR_1_99,2023Q1,H2,standard,1,rub_uzs,FINANCIAL,0.057141380100662102
ROBUST_WINSOR_1_99,2023Q1,H2,standard,1,gold_price,EXTERNAL,-0.1150258210135931
ROBUST_WINSOR_1_99,2023Q1,H2,standard,1,m2,FINANCIAL,0.53646370080221151
ROBUST_WINSOR_1_99,2023Q1,H2,standard,1,fx_reserves_ex_gold,FINANCIAL,-0.20211756554148549
ROBUST_WINSOR_1_99,2023Q1,H2,standard,1,pos_turnover,PAYMENTS,0.44978574238715707
ROBUST_WINSOR_1_99,2023Q1,H3,standard,1,industrial_production,PRODUCTION,0.2045190129691894
ROBUST_WINSOR_1_99,2023Q1,H3,standard,1,ppi,PRICES,0.0098612943030844998
ROBUST_WINSOR_1_99,2023Q1,H3,standard,1,usd_uzs,FINANCIAL,-0.086960513253282801
ROBUST_WINSOR_1_99,2023Q1,H3,standard,1,rub_uzs,FINANCIAL,0.057141380100662102
ROBUST_WINSOR_1_99,2023Q1,H3,standard,1,gold_price,EXTERNAL,-0.1150258210135931
ROBUST_WINSOR_1_99,2023Q1,H3,standard,1,m2,FINANCIAL,0.53646370080221151
ROBUST_WINSOR_1_99,2023Q1,H3,standard,1,fx_reserves_ex_gold,FINANCIAL,-0.20211756554148549
ROBUST_WINSOR_1_99,2023Q1,H3,standard,1,pos_turnover,PAYMENTS,0.44978574238715707
ROBUST_WINSOR_1_99,2023Q2,H1,standard,1,industrial_production,PRODUCTION,0.0847078842436403
ROBUST_WINSOR_1_99,2023Q2,H1,standard,1,ppi,PRICES,-0.0015837454398851
ROBUST_WINSOR_1_99,2023Q2,H1,standard,1,usd_uzs,FINANCIAL,-0.0862564707166808
ROBUST_WINSOR_1_99,2023Q2,H1,standard,1,rub_uzs,FINANCIAL,0.0163436491325137
ROBUST_WINSOR_1_99,2023Q2,H1,standard,1,gold_price,EXTERNAL,-0.079620082143093004
ROBUST_WINSOR_1_99,2023Q2,H1,standard,1,m2,FINANCIAL,0.53683236489689545
ROBUST_WINSOR_1_99,2023Q2,H1,standard,1,fx_reserves_ex_gold,FINANCIAL,-0.24832615150859891
ROBUST_WINSOR_1_99,2023Q2,H1,standard,1,pos_turnover,PAYMENTS,0.4599455908044825
ROBUST_WINSOR_1_99,2023Q2,H2,standard,1,industrial_production,PRODUCTION,0.083468538898018196
ROBUST_WINSOR_1_99,2023Q2,H2,standard,1,ppi,PRICES,-0.0015495713895042
ROBUST_WINSOR_1_99,2023Q2,H2,standard,1,usd_uzs,FINANCIAL,-0.086281959943685704
ROBUST_WINSOR_1_99,2023Q2,H2,standard,1,rub_uzs,FINANCIAL,0.016404949515036599
ROBUST_WINSOR_1_99,2023Q2,H2,standard,1,gold_price,EXTERNAL,-0.079634959937791502
ROBUST_WINSOR_1_99,2023Q2,H2,standard,1,m2,FINANCIAL,0.53701641078584172
ROBUST_WINSOR_1_99,2023Q2,H2,standard,1,fx_reserves_ex_gold,FINANCIAL,-0.2483640168534996
ROBUST_WINSOR_1_99,2023Q2,H2,standard,1,pos_turnover,PAYMENTS,0.46006352836569131
ROBUST_WINSOR_1_99,2023Q2,H3,standard,1,industrial_production,PRODUCTION,0.083468538898018196
ROBUST_WINSOR_1_99,2023Q2,H3,standard,1,ppi,PRICES,-0.0015495713895042
ROBUST_WINSOR_1_99,2023Q2,H3,standard,1,usd_uzs,FINANCIAL,-0.086281959943685704
ROBUST_WINSOR_1_99,2023Q2,H3,standard,1,rub_uzs,FINANCIAL,0.016404949515036599
ROBUST_WINSOR_1_99,2023Q2,H3,standard,1,gold_price,EXTERNAL,-0.079634959937791502
ROBUST_WINSOR_1_99,2023Q2,H3,standard,1,m2,FINANCIAL,0.53701641078584172
ROBUST_WINSOR_1_99,2023Q2,H3,standard,1,fx_reserves_ex_gold,FINANCIAL,-0.2483640168534996
ROBUST_WINSOR_1_99,2023Q2,H3,standard,1,pos_turnover,PAYMENTS,0.46006352836569131
ROBUST_WINSOR_1_99,2023Q3,H1,standard,1,industrial_production,PRODUCTION,0.1038322632081871
ROBUST_WINSOR_1_99,2023Q3,H1,standard,1,ppi,PRICES,-0.001456167995177
ROBUST_WINSOR_1_99,2023Q3,H1,standard,1,usd_uzs,FINANCIAL,-0.085590884450061896
ROBUST_WINSOR_1_99,2023Q3,H1,standard,1,rub_uzs,FINANCIAL,0.0081888432449497006
ROBUST_WINSOR_1_99,2023Q3,H1,standard,1,gold_price,EXTERNAL,-0.071979202932684394
ROBUST_WINSOR_1_99,2023Q3,H1,standard,1,m2,FINANCIAL,0.44505133092187088
ROBUST_WINSOR_1_99,2023Q3,H1,standard,1,fx_reserves_ex_gold,FINANCIAL,-0.19967657313044851
ROBUST_WINSOR_1_99,2023Q3,H1,standard,1,pos_turnover,PAYMENTS,0.4047427956410467
ROBUST_WINSOR_1_99,2023Q3,H2,standard,1,industrial_production,PRODUCTION,0.10430046843819819
ROBUST_WINSOR_1_99,2023Q3,H2,standard,1,ppi,PRICES,-0.0015422892426777001
ROBUST_WINSOR_1_99,2023Q3,H2,standard,1,usd_uzs,FINANCIAL,-0.085816915194117993
ROBUST_WINSOR_1_99,2023Q3,H2,standard,1,rub_uzs,FINANCIAL,0.0080199213371970005
ROBUST_WINSOR_1_99,2023Q3,H2,standard,1,gold_price,EXTERNAL,-0.072099072498414504
ROBUST_WINSOR_1_99,2023Q3,H2,standard,1,m2,FINANCIAL,0.44362183405255662
ROBUST_WINSOR_1_99,2023Q3,H2,standard,1,fx_reserves_ex_gold,FINANCIAL,-0.20005312525065541
ROBUST_WINSOR_1_99,2023Q3,H2,standard,1,pos_turnover,PAYMENTS,0.40426746623860071
ROBUST_WINSOR_1_99,2023Q3,H3,standard,1,industrial_production,PRODUCTION,0.10430046843819819
ROBUST_WINSOR_1_99,2023Q3,H3,standard,1,ppi,PRICES,-0.0015422892426777001
ROBUST_WINSOR_1_99,2023Q3,H3,standard,1,usd_uzs,FINANCIAL,-0.085816915194117993
ROBUST_WINSOR_1_99,2023Q3,H3,standard,1,rub_uzs,FINANCIAL,0.0080199213371970005
ROBUST_WINSOR_1_99,2023Q3,H3,standard,1,gold_price,EXTERNAL,-0.072099072498414504
ROBUST_WINSOR_1_99,2023Q3,H3,standard,1,m2,FINANCIAL,0.44362183405255662
ROBUST_WINSOR_1_99,2023Q3,H3,standard,1,fx_reserves_ex_gold,FINANCIAL,-0.20005312525065541
ROBUST_WINSOR_1_99,2023Q3,H3,standard,1,pos_turnover,PAYMENTS,0.40426746623860071
ROBUST_WINSOR_1_99,2023Q4,H1,standard,1,industrial_production,PRODUCTION,0.11309939606643669
ROBUST_WINSOR_1_99,2023Q4,H1,standard,1,ppi,PRICES,-0.0041970538111286999
ROBUST_WINSOR_1_99,2023Q4,H1,standard,1,usd_uzs,FINANCIAL,-0.097689724547853296
ROBUST_WINSOR_1_99,2023Q4,H1,standard,1,rub_uzs,FINANCIAL,0.0060378193257032003
ROBUST_WINSOR_1_99,2023Q4,H1,standard,1,gold_price,EXTERNAL,-0.075025213074134595
ROBUST_WINSOR_1_99,2023Q4,H1,standard,1,m2,FINANCIAL,0.42704645473241371
ROBUST_WINSOR_1_99,2023Q4,H1,standard,1,fx_reserves_ex_gold,FINANCIAL,-0.1754845791686441
ROBUST_WINSOR_1_99,2023Q4,H1,standard,1,pos_turnover,PAYMENTS,0.40192053619016138
ROBUST_WINSOR_1_99,2023Q4,H2,standard,1,industrial_production,PRODUCTION,0.1124165682729598
ROBUST_WINSOR_1_99,2023Q4,H2,standard,1,ppi,PRICES,-0.0043866033496404002
ROBUST_WINSOR_1_99,2023Q4,H2,standard,1,usd_uzs,FINANCIAL,-0.097241314967207504
ROBUST_WINSOR_1_99,2023Q4,H2,standard,1,rub_uzs,FINANCIAL,0.0055716064149760004
ROBUST_WINSOR_1_99,2023Q4,H2,standard,1,gold_price,EXTERNAL,-0.075105120035396905
ROBUST_WINSOR_1_99,2023Q4,H2,standard,1,m2,FINANCIAL,0.42387876188026152
ROBUST_WINSOR_1_99,2023Q4,H2,standard,1,fx_reserves_ex_gold,FINANCIAL,-0.1761651761468353
ROBUST_WINSOR_1_99,2023Q4,H2,standard,1,pos_turnover,PAYMENTS,0.40053876416663081
ROBUST_WINSOR_1_99,2023Q4,H3,standard,1,industrial_production,PRODUCTION,0.1124165682729598
ROBUST_WINSOR_1_99,2023Q4,H3,standard,1,ppi,PRICES,-0.0043866033496404002
ROBUST_WINSOR_1_99,2023Q4,H3,standard,1,usd_uzs,FINANCIAL,-0.097241314967207504
ROBUST_WINSOR_1_99,2023Q4,H3,standard,1,rub_uzs,FINANCIAL,0.0055716064149760004
ROBUST_WINSOR_1_99,2023Q4,H3,standard,1,gold_price,EXTERNAL,-0.075105120035396905
ROBUST_WINSOR_1_99,2023Q4,H3,standard,1,m2,FINANCIAL,0.42387876188026152
ROBUST_WINSOR_1_99,2023Q4,H3,standard,1,fx_reserves_ex_gold,FINANCIAL,-0.1761651761468353
ROBUST_WINSOR_1_99,2023Q4,H3,standard,1,pos_turnover,PAYMENTS,0.40053876416663081
ROBUST_WINSOR_1_99,2024Q1,H1,standard,1,industrial_production,PRODUCTION,0.097591672128849505
ROBUST_WINSOR_1_99,2024Q1,H1,standard,1,ppi,PRICES,-0.020919120221193799
ROBUST_WINSOR_1_99,2024Q1,H1,standard,1,usd_uzs,FINANCIAL,-0.098971615406027003
ROBUST_WINSOR_1_99,2024Q1,H1,standard,1,rub_uzs,FINANCIAL,0.0063047308034465998
ROBUST_WINSOR_1_99,2024Q1,H1,standard,1,gold_price,EXTERNAL,-0.082333565897838995
ROBUST_WINSOR_1_99,2024Q1,H1,standard,1,m2,FINANCIAL,0.49269843658025381
ROBUST_WINSOR_1_99,2024Q1,H1,standard,1,fx_reserves_ex_gold,FINANCIAL,-0.14748028903672811
ROBUST_WINSOR_1_99,2024Q1,H1,standard,1,pos_turnover,PAYMENTS,0.42919814236530263
ROBUST_WINSOR_1_99,2024Q1,H2,standard,1,industrial_production,PRODUCTION,0.093516605230663699
ROBUST_WINSOR_1_99,2024Q1,H2,standard,1,ppi,PRICES,-0.020793152342607799
ROBUST_WINSOR_1_99,2024Q1,H2,standard,1,usd_uzs,FINANCIAL,-0.099064926614237395
ROBUST_WINSOR_1_99,2024Q1,H2,standard,1,rub_uzs,FINANCIAL,0.0063141479059140998
ROBUST_WINSOR_1_99,2024Q1,H2,standard,1,gold_price,EXTERNAL,-0.082270877951263199
ROBUST_WINSOR_1_99,2024Q1,H2,standard,1,m2,FINANCIAL,0.49282541713071848
ROBUST_WINSOR_1_99,2024Q1,H2,standard,1,fx_reserves_ex_gold,FINANCIAL,-0.14757890569312809
ROBUST_WINSOR_1_99,2024Q1,H2,standard,1,pos_turnover,PAYMENTS,0.42941051085288717
ROBUST_WINSOR_1_99,2024Q1,H3,standard,1,industrial_production,PRODUCTION,0.093516605230663699
ROBUST_WINSOR_1_99,2024Q1,H3,standard,1,ppi,PRICES,-0.020793152342607799
ROBUST_WINSOR_1_99,2024Q1,H3,standard,1,usd_uzs,FINANCIAL,-0.099064926614237395
ROBUST_WINSOR_1_99,2024Q1,H3,standard,1,rub_uzs,FINANCIAL,0.0063141479059140998
ROBUST_WINSOR_1_99,2024Q1,H3,standard,1,gold_price,EXTERNAL,-0.082270877951263199
ROBUST_WINSOR_1_99,2024Q1,H3,standard,1,m2,FINANCIAL,0.49282541713071848
ROBUST_WINSOR_1_99,2024Q1,H3,standard,1,fx_reserves_ex_gold,FINANCIAL,-0.14757890569312809
ROBUST_WINSOR_1_99,2024Q1,H3,standard,1,pos_turnover,PAYMENTS,0.42941051085288717
ROBUST_WINSOR_1_99,2024Q2,H1,standard,1,industrial_production,PRODUCTION,0.032867595150019101
ROBUST_WINSOR_1_99,2024Q2,H1,standard,1,ppi,PRICES,-0.021253203346836998
ROBUST_WINSOR_1_99,2024Q2,H1,standard,1,usd_uzs,FINANCIAL,-0.099098444378471595
ROBUST_WINSOR_1_99,2024Q2,H1,standard,1,rub_uzs,FINANCIAL,0.011304260184522699
ROBUST_WINSOR_1_99,2024Q2,H1,standard,1,gold_price,EXTERNAL,-0.075953614967290403
ROBUST_WINSOR_1_99,2024Q2,H1,standard,1,m2,FINANCIAL,0.54488440865538845
ROBUST_WINSOR_1_99,2024Q2,H1,standard,1,fx_reserves_ex_gold,FINANCIAL,-0.1036350658572108
ROBUST_WINSOR_1_99,2024Q2,H1,standard,1,pos_turnover,PAYMENTS,0.43941666400393042
ROBUST_WINSOR_1_99,2024Q2,H2,standard,1,industrial_production,PRODUCTION,0.032196762112483998
ROBUST_WINSOR_1_99,2024Q2,H2,standard,1,ppi,PRICES,-0.021117465317661201
ROBUST_WINSOR_1_99,2024Q2,H2,standard,1,usd_uzs,FINANCIAL,-0.097834650847337196
ROBUST_WINSOR_1_99,2024Q2,H2,standard,1,rub_uzs,FINANCIAL,0.010937929636572899
ROBUST_WINSOR_1_99,2024Q2,H2,standard,1,gold_price,EXTERNAL,-0.075124925730250897
ROBUST_WINSOR_1_99,2024Q2,H2,standard,1,m2,FINANCIAL,0.53606518741150944
ROBUST_WINSOR_1_99,2024Q2,H2,standard,1,fx_reserves_ex_gold,FINANCIAL,-0.1026794460225806
ROBUST_WINSOR_1_99,2024Q2,H2,standard,1,pos_turnover,PAYMENTS,0.43320047831799768
ROBUST_WINSOR_1_99,2024Q2,H3,standard,1,industrial_production,PRODUCTION,0.032196762112483998
ROBUST_WINSOR_1_99,2024Q2,H3,standard,1,ppi,PRICES,-0.021117465317661201
ROBUST_WINSOR_1_99,2024Q2,H3,standard,1,usd_uzs,FINANCIAL,-0.097834650847337196
ROBUST_WINSOR_1_99,2024Q2,H3,standard,1,rub_uzs,FINANCIAL,0.010937929636572899
ROBUST_WINSOR_1_99,2024Q2,H3,standard,1,gold_price,EXTERNAL,-0.075124925730250897
ROBUST_WINSOR_1_99,2024Q2,H3,standard,1,m2,FINANCIAL,0.53606518741150944
ROBUST_WINSOR_1_99,2024Q2,H3,standard,1,fx_reserves_ex_gold,FINANCIAL,-0.1026794460225806
ROBUST_WINSOR_1_99,2024Q2,H3,standard,1,pos_turnover,PAYMENTS,0.43320047831799768
ROBUST_WINSOR_1_99,2024Q3,H1,standard,1,industrial_production,PRODUCTION,0.0283814162850555
ROBUST_WINSOR_1_99,2024Q3,H1,standard,1,ppi,PRICES,-0.020483476285929201
ROBUST_WINSOR_1_99,2024Q3,H1,standard,1,usd_uzs,FINANCIAL,-0.10013845672934429
ROBUST_WINSOR_1_99,2024Q3,H1,standard,1,rub_uzs,FINANCIAL,0.014614214142579299
ROBUST_WINSOR_1_99,2024Q3,H1,standard,1,gold_price,EXTERNAL,-0.071160584280627701
ROBUST_WINSOR_1_99,2024Q3,H1,standard,1,m2,FINANCIAL,0.54270514015619198
ROBUST_WINSOR_1_99,2024Q3,H1,standard,1,fx_reserves_ex_gold,FINANCIAL,-0.098934366713153601
ROBUST_WINSOR_1_99,2024Q3,H1,standard,1,pos_turnover,PAYMENTS,0.42637747442131257
ROBUST_WINSOR_1_99,2024Q3,H2,standard,1,industrial_production,PRODUCTION,0.0321978429313209
ROBUST_WINSOR_1_99,2024Q3,H2,standard,1,ppi,PRICES,-0.020413931859403999
ROBUST_WINSOR_1_99,2024Q3,H2,standard,1,usd_uzs,FINANCIAL,-0.1002620474813208
ROBUST_WINSOR_1_99,2024Q3,H2,standard,1,rub_uzs,FINANCIAL,0.014443379234529201
ROBUST_WINSOR_1_99,2024Q3,H2,standard,1,gold_price,EXTERNAL,-0.071268647292821896
ROBUST_WINSOR_1_99,2024Q3,H2,standard,1,m2,FINANCIAL,0.5415404687954084
ROBUST_WINSOR_1_99,2024Q3,H2,standard,1,fx_reserves_ex_gold,FINANCIAL,-0.099516151565216301
ROBUST_WINSOR_1_99,2024Q3,H2,standard,1,pos_turnover,PAYMENTS,0.42628759714020592
ROBUST_WINSOR_1_99,2024Q3,H3,standard,1,industrial_production,PRODUCTION,0.0321978429313209
ROBUST_WINSOR_1_99,2024Q3,H3,standard,1,ppi,PRICES,-0.020413931859403999
ROBUST_WINSOR_1_99,2024Q3,H3,standard,1,usd_uzs,FINANCIAL,-0.1002620474813208
ROBUST_WINSOR_1_99,2024Q3,H3,standard,1,rub_uzs,FINANCIAL,0.014443379234529201
ROBUST_WINSOR_1_99,2024Q3,H3,standard,1,gold_price,EXTERNAL,-0.071268647292821896
ROBUST_WINSOR_1_99,2024Q3,H3,standard,1,m2,FINANCIAL,0.5415404687954084
ROBUST_WINSOR_1_99,2024Q3,H3,standard,1,fx_reserves_ex_gold,FINANCIAL,-0.099516151565216301
ROBUST_WINSOR_1_99,2024Q3,H3,standard,1,pos_turnover,PAYMENTS,0.42628759714020592
ROBUST_WINSOR_1_99,2024Q4,H1,standard,1,industrial_production,PRODUCTION,0.037913285802384199
ROBUST_WINSOR_1_99,2024Q4,H1,standard,1,ppi,PRICES,-0.026673333168646798
ROBUST_WINSOR_1_99,2024Q4,H1,standard,1,usd_uzs,FINANCIAL,-0.10326630441591041
ROBUST_WINSOR_1_99,2024Q4,H1,standard,1,rub_uzs,FINANCIAL,0.010838105383501001
ROBUST_WINSOR_1_99,2024Q4,H1,standard,1,gold_price,EXTERNAL,-0.059350349610943098
ROBUST_WINSOR_1_99,2024Q4,H1,standard,1,m2,FINANCIAL,0.54045910988514057
ROBUST_WINSOR_1_99,2024Q4,H1,standard,1,fx_reserves_ex_gold,FINANCIAL,-0.0925706873449956
ROBUST_WINSOR_1_99,2024Q4,H1,standard,1,pos_turnover,PAYMENTS,0.41498824067529633
ROBUST_WINSOR_1_99,2024Q4,H2,standard,1,industrial_production,PRODUCTION,0.040583427248238498
ROBUST_WINSOR_1_99,2024Q4,H2,standard,1,ppi,PRICES,-0.026739732907270199
ROBUST_WINSOR_1_99,2024Q4,H2,standard,1,usd_uzs,FINANCIAL,-0.103363250997231
ROBUST_WINSOR_1_99,2024Q4,H2,standard,1,rub_uzs,FINANCIAL,0.0108803116444069
ROBUST_WINSOR_1_99,2024Q4,H2,standard,1,gold_price,EXTERNAL,-0.059388523012479502
ROBUST_WINSOR_1_99,2024Q4,H2,standard,1,m2,FINANCIAL,0.54106891980669924
ROBUST_WINSOR_1_99,2024Q4,H2,standard,1,fx_reserves_ex_gold,FINANCIAL,-0.092712528312180797
ROBUST_WINSOR_1_99,2024Q4,H2,standard,1,pos_turnover,PAYMENTS,0.41540903728358369
ROBUST_WINSOR_1_99,2024Q4,H3,standard,1,industrial_production,PRODUCTION,0.040583427248238498
ROBUST_WINSOR_1_99,2024Q4,H3,standard,1,ppi,PRICES,-0.026739732907270199
ROBUST_WINSOR_1_99,2024Q4,H3,standard,1,usd_uzs,FINANCIAL,-0.103363250997231
ROBUST_WINSOR_1_99,2024Q4,H3,standard,1,rub_uzs,FINANCIAL,0.0108803116444069
ROBUST_WINSOR_1_99,2024Q4,H3,standard,1,gold_price,EXTERNAL,-0.059388523012479502
ROBUST_WINSOR_1_99,2024Q4,H3,standard,1,m2,FINANCIAL,0.54106891980669924
ROBUST_WINSOR_1_99,2024Q4,H3,standard,1,fx_reserves_ex_gold,FINANCIAL,-0.092712528312180797
ROBUST_WINSOR_1_99,2024Q4,H3,standard,1,pos_turnover,PAYMENTS,0.41540903728358369
ROBUST_WINSOR_1_99,2025Q1,H1,standard,1,industrial_production,PRODUCTION,0.047465195122839199
ROBUST_WINSOR_1_99,2025Q1,H1,standard,1,ppi,PRICES,-0.0318710796007068
ROBUST_WINSOR_1_99,2025Q1,H1,standard,1,usd_uzs,FINANCIAL,-0.099645989004802801
ROBUST_WINSOR_1_99,2025Q1,H1,standard,1,rub_uzs,FINANCIAL,-0.0047739718947372002
ROBUST_WINSOR_1_99,2025Q1,H1,standard,1,gold_price,EXTERNAL,-0.052687099960100202
ROBUST_WINSOR_1_99,2025Q1,H1,standard,1,m2,FINANCIAL,0.50657967658552105
ROBUST_WINSOR_1_99,2025Q1,H1,standard,1,fx_reserves_ex_gold,FINANCIAL,-0.067090661144401695
ROBUST_WINSOR_1_99,2025Q1,H1,standard,1,pos_turnover,PAYMENTS,0.35866964878641722
ROBUST_WINSOR_1_99,2025Q1,H2,standard,1,industrial_production,PRODUCTION,0.051018752934458601
ROBUST_WINSOR_1_99,2025Q1,H2,standard,1,ppi,PRICES,-0.031852379340537203
ROBUST_WINSOR_1_99,2025Q1,H2,standard,1,usd_uzs,FINANCIAL,-0.099548621032241699
ROBUST_WINSOR_1_99,2025Q1,H2,standard,1,rub_uzs,FINANCIAL,-0.0047359955392761999
ROBUST_WINSOR_1_99,2025Q1,H2,standard,1,gold_price,EXTERNAL,-0.052681557989575002
ROBUST_WINSOR_1_99,2025Q1,H2,standard,1,m2,FINANCIAL,0.50579220183750784
ROBUST_WINSOR_1_99,2025Q1,H2,standard,1,fx_reserves_ex_gold,FINANCIAL,-0.0672488195491594
ROBUST_WINSOR_1_99,2025Q1,H2,standard,1,pos_turnover,PAYMENTS,0.35822934722109789
ROBUST_WINSOR_1_99,2025Q1,H3,standard,1,industrial_production,PRODUCTION,0.051018752934458601
ROBUST_WINSOR_1_99,2025Q1,H3,standard,1,ppi,PRICES,-0.031852379340537203
ROBUST_WINSOR_1_99,2025Q1,H3,standard,1,usd_uzs,FINANCIAL,-0.099548621032241699
ROBUST_WINSOR_1_99,2025Q1,H3,standard,1,rub_uzs,FINANCIAL,-0.0047359955392761999
ROBUST_WINSOR_1_99,2025Q1,H3,standard,1,gold_price,EXTERNAL,-0.052681557989575002
ROBUST_WINSOR_1_99,2025Q1,H3,standard,1,m2,FINANCIAL,0.50579220183750784
ROBUST_WINSOR_1_99,2025Q1,H3,standard,1,fx_reserves_ex_gold,FINANCIAL,-0.0672488195491594
ROBUST_WINSOR_1_99,2025Q1,H3,standard,1,pos_turnover,PAYMENTS,0.35822934722109789
ROBUST_WINSOR_1_99,2025Q2,H1,standard,1,industrial_production,PRODUCTION,0.031683510443131398
ROBUST_WINSOR_1_99,2025Q2,H1,standard,1,ppi,PRICES,-0.0420635126618462
ROBUST_WINSOR_1_99,2025Q2,H1,standard,1,usd_uzs,FINANCIAL,-0.10869275562250701
ROBUST_WINSOR_1_99,2025Q2,H1,standard,1,rub_uzs,FINANCIAL,0.032512618920788799
ROBUST_WINSOR_1_99,2025Q2,H1,standard,1,gold_price,EXTERNAL,-0.016249568525224099
ROBUST_WINSOR_1_99,2025Q2,H1,standard,1,m2,FINANCIAL,0.56206715896077075
ROBUST_WINSOR_1_99,2025Q2,H1,standard,1,fx_reserves_ex_gold,FINANCIAL,-0.0087074564646219006
ROBUST_WINSOR_1_99,2025Q2,H1,standard,1,pos_turnover,PAYMENTS,0.37402302920211572
ROBUST_WINSOR_1_99,2025Q2,H2,standard,1,industrial_production,PRODUCTION,0.035285151387422602
ROBUST_WINSOR_1_99,2025Q2,H2,standard,1,ppi,PRICES,-0.041953718482877898
ROBUST_WINSOR_1_99,2025Q2,H2,standard,1,usd_uzs,FINANCIAL,-0.1086052395867898
ROBUST_WINSOR_1_99,2025Q2,H2,standard,1,rub_uzs,FINANCIAL,0.032410315494016503
ROBUST_WINSOR_1_99,2025Q2,H2,standard,1,gold_price,EXTERNAL,-0.016237035785930901
ROBUST_WINSOR_1_99,2025Q2,H2,standard,1,m2,FINANCIAL,0.56113515113943957
ROBUST_WINSOR_1_99,2025Q2,H2,standard,1,fx_reserves_ex_gold,FINANCIAL,-0.0088483575293194002
ROBUST_WINSOR_1_99,2025Q2,H2,standard,1,pos_turnover,PAYMENTS,0.37361434691216
ROBUST_WINSOR_1_99,2025Q2,H3,standard,1,industrial_production,PRODUCTION,0.035285151387422602
ROBUST_WINSOR_1_99,2025Q2,H3,standard,1,ppi,PRICES,-0.041953718482877898
ROBUST_WINSOR_1_99,2025Q2,H3,standard,1,usd_uzs,FINANCIAL,-0.1086052395867898
ROBUST_WINSOR_1_99,2025Q2,H3,standard,1,rub_uzs,FINANCIAL,0.032410315494016503
ROBUST_WINSOR_1_99,2025Q2,H3,standard,1,gold_price,EXTERNAL,-0.016237035785930901
ROBUST_WINSOR_1_99,2025Q2,H3,standard,1,m2,FINANCIAL,0.56113515113943957
ROBUST_WINSOR_1_99,2025Q2,H3,standard,1,fx_reserves_ex_gold,FINANCIAL,-0.0088483575293194002
ROBUST_WINSOR_1_99,2025Q2,H3,standard,1,pos_turnover,PAYMENTS,0.37361434691216
ABLATE_EXTERNAL,2022Q2,H1,standard,1,industrial_production,PRODUCTION,0.59972784277592062
ABLATE_EXTERNAL,2022Q2,H1,standard,1,ppi,PRICES,0.091576000619596906
ABLATE_EXTERNAL,2022Q2,H1,standard,1,usd_uzs,FINANCIAL,-0.075019586429288201
ABLATE_EXTERNAL,2022Q2,H1,standard,1,rub_uzs,FINANCIAL,-0.053054996963890502
ABLATE_EXTERNAL,2022Q2,H1,standard,1,m2,FINANCIAL,0.25424050755282718
ABLATE_EXTERNAL,2022Q2,H1,standard,1,fx_reserves_ex_gold,FINANCIAL,-0.43952349742701891
ABLATE_EXTERNAL,2022Q2,H1,standard,1,pos_turnover,PAYMENTS,0.35048115140334141
ABLATE_EXTERNAL,2022Q2,H2,standard,1,industrial_production,PRODUCTION,0.59345827532865125
ABLATE_EXTERNAL,2022Q2,H2,standard,1,ppi,PRICES,0.088109716765724197
ABLATE_EXTERNAL,2022Q2,H2,standard,1,usd_uzs,FINANCIAL,-0.080423622968150796
ABLATE_EXTERNAL,2022Q2,H2,standard,1,rub_uzs,FINANCIAL,-0.0297985731771582
ABLATE_EXTERNAL,2022Q2,H2,standard,1,m2,FINANCIAL,0.2416705492917931
ABLATE_EXTERNAL,2022Q2,H2,standard,1,fx_reserves_ex_gold,FINANCIAL,-0.4390637496277332
ABLATE_EXTERNAL,2022Q2,H2,standard,1,pos_turnover,PAYMENTS,0.34313170282893141
ABLATE_EXTERNAL,2022Q2,H3,standard,1,industrial_production,PRODUCTION,0.59345827532865125
ABLATE_EXTERNAL,2022Q2,H3,standard,1,ppi,PRICES,0.088109716765724197
ABLATE_EXTERNAL,2022Q2,H3,standard,1,usd_uzs,FINANCIAL,-0.080423622968150796
ABLATE_EXTERNAL,2022Q2,H3,standard,1,rub_uzs,FINANCIAL,-0.0297985731771582
ABLATE_EXTERNAL,2022Q2,H3,standard,1,m2,FINANCIAL,0.2416705492917931
ABLATE_EXTERNAL,2022Q2,H3,standard,1,fx_reserves_ex_gold,FINANCIAL,-0.4390637496277332
ABLATE_EXTERNAL,2022Q2,H3,standard,1,pos_turnover,PAYMENTS,0.34313170282893141
ABLATE_EXTERNAL,2022Q3,H1,standard,1,industrial_production,PRODUCTION,0.46252621514686149
ABLATE_EXTERNAL,2022Q3,H1,standard,1,ppi,PRICES,0.0875122076795017
ABLATE_EXTERNAL,2022Q3,H1,standard,1,usd_uzs,FINANCIAL,-0.040895539427569703
ABLATE_EXTERNAL,2022Q3,H1,standard,1,rub_uzs,FINANCIAL,0.037244577862729202
ABLATE_EXTERNAL,2022Q3,H1,standard,1,m2,FINANCIAL,0.20064914309284509
ABLATE_EXTERNAL,2022Q3,H1,standard,1,fx_reserves_ex_gold,FINANCIAL,-0.36264841353885591
ABLATE_EXTERNAL,2022Q3,H1,standard,1,pos_turnover,PAYMENTS,0.2619246284316169
ABLATE_EXTERNAL,2022Q3,H2,standard,1,industrial_production,PRODUCTION,0.433733738152416
ABLATE_EXTERNAL,2022Q3,H2,standard,1,ppi,PRICES,0.080579228502834596
ABLATE_EXTERNAL,2022Q3,H2,standard,1,usd_uzs,FINANCIAL,-0.033189733780840502
ABLATE_EXTERNAL,2022Q3,H2,standard,1,rub_uzs,FINANCIAL,0.0297755694475689
ABLATE_EXTERNAL,2022Q3,H2,standard,1,m2,FINANCIAL,0.17961231396797539
ABLATE_EXTERNAL,2022Q3,H2,standard,1,fx_reserves_ex_gold,FINANCIAL,-0.33920908991961141
ABLATE_EXTERNAL,2022Q3,H2,standard,1,pos_turnover,PAYMENTS,0.23822657516942761
ABLATE_EXTERNAL,2022Q3,H3,standard,1,industrial_production,PRODUCTION,0.433733738152416
ABLATE_EXTERNAL,2022Q3,H3,standard,1,ppi,PRICES,0.080579228502834596
ABLATE_EXTERNAL,2022Q3,H3,standard,1,usd_uzs,FINANCIAL,-0.033189733780840502
ABLATE_EXTERNAL,2022Q3,H3,standard,1,rub_uzs,FINANCIAL,0.0297755694475689
ABLATE_EXTERNAL,2022Q3,H3,standard,1,m2,FINANCIAL,0.17961231396797539
ABLATE_EXTERNAL,2022Q3,H3,standard,1,fx_reserves_ex_gold,FINANCIAL,-0.33920908991961141
ABLATE_EXTERNAL,2022Q3,H3,standard,1,pos_turnover,PAYMENTS,0.23822657516942761
ABLATE_EXTERNAL,2023Q1,H1,standard,1,industrial_production,PRODUCTION,0.23200232583276351
ABLATE_EXTERNAL,2023Q1,H1,standard,1,ppi,PRICES,0.011655305611879699
ABLATE_EXTERNAL,2023Q1,H1,standard,1,usd_uzs,FINANCIAL,-0.098482315895085104
ABLATE_EXTERNAL,2023Q1,H1,standard,1,rub_uzs,FINANCIAL,0.061463976851604298
ABLATE_EXTERNAL,2023Q1,H1,standard,1,m2,FINANCIAL,0.60220922066945892
ABLATE_EXTERNAL,2023Q1,H1,standard,1,fx_reserves_ex_gold,FINANCIAL,-0.23363487413005141
ABLATE_EXTERNAL,2023Q1,H1,standard,1,pos_turnover,PAYMENTS,0.50231182541742125
ABLATE_EXTERNAL,2023Q1,H2,standard,1,industrial_production,PRODUCTION,0.22740034503824749
ABLATE_EXTERNAL,2023Q1,H2,standard,1,ppi,PRICES,0.011639238047903599
ABLATE_EXTERNAL,2023Q1,H2,standard,1,usd_uzs,FINANCIAL,-0.098448679125161004
ABLATE_EXTERNAL,2023Q1,H2,standard,1,rub_uzs,FINANCIAL,0.061855663244149303
ABLATE_EXTERNAL,2023Q1,H2,standard,1,m2,FINANCIAL,0.6027346723907715
ABLATE_EXTERNAL,2023Q1,H2,standard,1,fx_reserves_ex_gold,FINANCIAL,-0.23335073787630481
ABLATE_EXTERNAL,2023Q1,H2,standard,1,pos_turnover,PAYMENTS,0.50238262498720065
ABLATE_EXTERNAL,2023Q1,H3,standard,1,industrial_production,PRODUCTION,0.22740034503824749
ABLATE_EXTERNAL,2023Q1,H3,standard,1,ppi,PRICES,0.011639238047903599
ABLATE_EXTERNAL,2023Q1,H3,standard,1,usd_uzs,FINANCIAL,-0.098448679125161004
ABLATE_EXTERNAL,2023Q1,H3,standard,1,rub_uzs,FINANCIAL,0.061855663244149303
ABLATE_EXTERNAL,2023Q1,H3,standard,1,m2,FINANCIAL,0.6027346723907715
ABLATE_EXTERNAL,2023Q1,H3,standard,1,fx_reserves_ex_gold,FINANCIAL,-0.23335073787630481
ABLATE_EXTERNAL,2023Q1,H3,standard,1,pos_turnover,PAYMENTS,0.50238262498720065
ABLATE_EXTERNAL,2023Q2,H1,standard,1,industrial_production,PRODUCTION,0.085956674737377198
ABLATE_EXTERNAL,2023Q2,H1,standard,1,ppi,PRICES,-0.0018154168562346999
ABLATE_EXTERNAL,2023Q2,H1,standard,1,usd_uzs,FINANCIAL,-0.1016388588760031
ABLATE_EXTERNAL,2023Q2,H1,standard,1,rub_uzs,FINANCIAL,0.017320144004790601
ABLATE_EXTERNAL,2023Q2,H1,standard,1,m2,FINANCIAL,0.61811651435452741
ABLATE_EXTERNAL,2023Q2,H1,standard,1,fx_reserves_ex_gold,FINANCIAL,-0.2865465135804377
ABLATE_EXTERNAL,2023Q2,H1,standard,1,pos_turnover,PAYMENTS,0.52755355340460552
ABLATE_EXTERNAL,2023Q2,H2,standard,1,industrial_production,PRODUCTION,0.083526808742566003
ABLATE_EXTERNAL,2023Q2,H2,standard,1,ppi,PRICES,-0.0018176190962838001
ABLATE_EXTERNAL,2023Q2,H2,standard,1,usd_uzs,FINANCIAL,-0.10030326033933271
ABLATE_EXTERNAL,2023Q2,H2,standard,1,rub_uzs,FINANCIAL,0.017089270639763701
ABLATE_EXTERNAL,2023Q2,H2,standard,1,m2,FINANCIAL,0.61002174066356285
ABLATE_EXTERNAL,2023Q2,H2,standard,1,fx_reserves_ex_gold,FINANCIAL,-0.2827714526765554
ABLATE_EXTERNAL,2023Q2,H2,standard,1,pos_turnover,PAYMENTS,0.52063554803672896
ABLATE_EXTERNAL,2023Q2,H3,standard,1,industrial_production,PRODUCTION,0.083526808742566003
ABLATE_EXTERNAL,2023Q2,H3,standard,1,ppi,PRICES,-0.0018176190962838001
ABLATE_EXTERNAL,2023Q2,H3,standard,1,usd_uzs,FINANCIAL,-0.10030326033933271
ABLATE_EXTERNAL,2023Q2,H3,standard,1,rub_uzs,FINANCIAL,0.017089270639763701
ABLATE_EXTERNAL,2023Q2,H3,standard,1,m2,FINANCIAL,0.61002174066356285
ABLATE_EXTERNAL,2023Q2,H3,standard,1,fx_reserves_ex_gold,FINANCIAL,-0.2827714526765554
ABLATE_EXTERNAL,2023Q2,H3,standard,1,pos_turnover,PAYMENTS,0.52063554803672896
ABLATE_EXTERNAL,2023Q3,H1,standard,1,industrial_production,PRODUCTION,0.1056047811614079
ABLATE_EXTERNAL,2023Q3,H1,standard,1,ppi,PRICES,-0.0015534642401869999
ABLATE_EXTERNAL,2023Q3,H1,standard,1,usd_uzs,FINANCIAL,-0.1002778450535072
ABLATE_EXTERNAL,2023Q3,H1,standard,1,rub_uzs,FINANCIAL,0.0069298648109547001
ABLATE_EXTERNAL,2023Q3,H1,standard,1,m2,FINANCIAL,0.52371507769561676
ABLATE_EXTERNAL,2023Q3,H1,standard,1,fx_reserves_ex_gold,FINANCIAL,-0.2293769709133914
ABLATE_EXTERNAL,2023Q3,H1,standard,1,pos_turnover,PAYMENTS,0.46855002041068328
ABLATE_EXTERNAL,2023Q3,H2,standard,1,industrial_production,PRODUCTION,0.1054146927009568
ABLATE_EXTERNAL,2023Q3,H2,standard,1,ppi,PRICES,-0.0016584292150149001
ABLATE_EXTERNAL,2023Q3,H2,standard,1,usd_uzs,FINANCIAL,-0.10049493914749021
ABLATE_EXTERNAL,2023Q3,H2,standard,1,rub_uzs,FINANCIAL,0.0068104404816306998
ABLATE_EXTERNAL,2023Q3,H2,standard,1,m2,FINANCIAL,0.52291198163085717
ABLATE_EXTERNAL,2023Q3,H2,standard,1,fx_reserves_ex_gold,FINANCIAL,-0.2297673773024719
ABLATE_EXTERNAL,2023Q3,H2,standard,1,pos_turnover,PAYMENTS,0.46841256269228509
ABLATE_EXTERNAL,2023Q3,H3,standard,1,industrial_production,PRODUCTION,0.1054146927009568
ABLATE_EXTERNAL,2023Q3,H3,standard,1,ppi,PRICES,-0.0016584292150149001
ABLATE_EXTERNAL,2023Q3,H3,standard,1,usd_uzs,FINANCIAL,-0.10049493914749021
ABLATE_EXTERNAL,2023Q3,H3,standard,1,rub_uzs,FINANCIAL,0.0068104404816306998
ABLATE_EXTERNAL,2023Q3,H3,standard,1,m2,FINANCIAL,0.52291198163085717
ABLATE_EXTERNAL,2023Q3,H3,standard,1,fx_reserves_ex_gold,FINANCIAL,-0.2297673773024719
ABLATE_EXTERNAL,2023Q3,H3,standard,1,pos_turnover,PAYMENTS,0.46841256269228509
ABLATE_EXTERNAL,2023Q4,H1,standard,1,industrial_production,PRODUCTION,0.115333118944482
ABLATE_EXTERNAL,2023Q4,H1,standard,1,ppi,PRICES,-0.0041414451267407001
ABLATE_EXTERNAL,2023Q4,H1,standard,1,usd_uzs,FINANCIAL,-0.12169891865878781
ABLATE_EXTERNAL,2023Q4,H1,standard,1,rub_uzs,FINANCIAL,0.0085868256228346998
ABLATE_EXTERNAL,2023Q4,H1,standard,1,m2,FINANCIAL,0.54518077005127696
ABLATE_EXTERNAL,2023Q4,H1,standard,1,fx_reserves_ex_gold,FINANCIAL,-0.19987428048279279
ABLATE_EXTERNAL,2023Q4,H1,standard,1,pos_turnover,PAYMENTS,0.49106570788949983
ABLATE_EXTERNAL,2023Q4,H2,standard,1,industrial_production,PRODUCTION,0.11355925973511
ABLATE_EXTERNAL,2023Q4,H2,standard,1,ppi,PRICES,-0.0043023641354806999
ABLATE_EXTERNAL,2023Q4,H2,standard,1,usd_uzs,FINANCIAL,-0.1216822532339127
ABLATE_EXTERNAL,2023Q4,H2,standard,1,rub_uzs,FINANCIAL,0.0084194926799643008
ABLATE_EXTERNAL,2023Q4,H2,standard,1,m2,FINANCIAL,0.54505346622242523
ABLATE_EXTERNAL,2023Q4,H2,standard,1,fx_reserves_ex_gold,FINANCIAL,-0.20062321259361421
ABLATE_EXTERNAL,2023Q4,H2,standard,1,pos_turnover,PAYMENTS,0.49152614537706962
ABLATE_EXTERNAL,2023Q4,H3,standard,1,industrial_production,PRODUCTION,0.11355925973511
ABLATE_EXTERNAL,2023Q4,H3,standard,1,ppi,PRICES,-0.0043023641354806999
ABLATE_EXTERNAL,2023Q4,H3,standard,1,usd_uzs,FINANCIAL,-0.1216822532339127
ABLATE_EXTERNAL,2023Q4,H3,standard,1,rub_uzs,FINANCIAL,0.0084194926799643008
ABLATE_EXTERNAL,2023Q4,H3,standard,1,m2,FINANCIAL,0.54505346622242523
ABLATE_EXTERNAL,2023Q4,H3,standard,1,fx_reserves_ex_gold,FINANCIAL,-0.20062321259361421
ABLATE_EXTERNAL,2023Q4,H3,standard,1,pos_turnover,PAYMENTS,0.49152614537706962
ABLATE_EXTERNAL,2024Q1,H1,standard,1,industrial_production,PRODUCTION,0.071944671584352901
ABLATE_EXTERNAL,2024Q1,H1,standard,1,ppi,PRICES,-0.021609820550068298
ABLATE_EXTERNAL,2024Q1,H1,standard,1,usd_uzs,FINANCIAL,-0.11661228474885051
ABLATE_EXTERNAL,2024Q1,H1,standard,1,rub_uzs,FINANCIAL,0.0112803639162999
ABLATE_EXTERNAL,2024Q1,H1,standard,1,m2,FINANCIAL,0.62515156761780755
ABLATE_EXTERNAL,2024Q1,H1,standard,1,fx_reserves_ex_gold,FINANCIAL,-0.14853163632313451
ABLATE_EXTERNAL,2024Q1,H1,standard,1,pos_turnover,PAYMENTS,0.50606962104735564
ABLATE_EXTERNAL,2024Q1,H2,standard,1,industrial_production,PRODUCTION,0.066706781494387399
ABLATE_EXTERNAL,2024Q1,H2,standard,1,ppi,PRICES,-0.021701550414862599
ABLATE_EXTERNAL,2024Q1,H2,standard,1,usd_uzs,FINANCIAL,-0.11676588848203211
ABLATE_EXTERNAL,2024Q1,H2,standard,1,rub_uzs,FINANCIAL,0.011168548988047399
ABLATE_EXTERNAL,2024Q1,H2,standard,1,m2,FINANCIAL,0.62556937882002184
ABLATE_EXTERNAL,2024Q1,H2,standard,1,fx_reserves_ex_gold,FINANCIAL,-0.14870705807178669
ABLATE_EXTERNAL,2024Q1,H2,standard,1,pos_turnover,PAYMENTS,0.50656294593503426
ABLATE_EXTERNAL,2024Q1,H3,standard,1,industrial_production,PRODUCTION,0.066706781494387399
ABLATE_EXTERNAL,2024Q1,H3,standard,1,ppi,PRICES,-0.021701550414862599
ABLATE_EXTERNAL,2024Q1,H3,standard,1,usd_uzs,FINANCIAL,-0.11676588848203211
ABLATE_EXTERNAL,2024Q1,H3,standard,1,rub_uzs,FINANCIAL,0.011168548988047399
ABLATE_EXTERNAL,2024Q1,H3,standard,1,m2,FINANCIAL,0.62556937882002184
ABLATE_EXTERNAL,2024Q1,H3,standard,1,fx_reserves_ex_gold,FINANCIAL,-0.14870705807178669
ABLATE_EXTERNAL,2024Q1,H3,standard,1,pos_turnover,PAYMENTS,0.50656294593503426
ABLATE_EXTERNAL,2024Q2,H1,standard,1,industrial_production,PRODUCTION,0.0089096362172025999
ABLATE_EXTERNAL,2024Q2,H1,standard,1,ppi,PRICES,-0.024347807923985599
ABLATE_EXTERNAL,2024Q2,H1,standard,1,usd_uzs,FINANCIAL,-0.1120643821120878
ABLATE_EXTERNAL,2024Q2,H1,standard,1,rub_uzs,FINANCIAL,0.0155140496817491
ABLATE_EXTERNAL,2024Q2,H1,standard,1,m2,FINANCIAL,0.64469368964284135
ABLATE_EXTERNAL,2024Q2,H1,standard,1,fx_reserves_ex_gold,FINANCIAL,-0.1039370876099615
ABLATE_EXTERNAL,2024Q2,H1,standard,1,pos_turnover,PAYMENTS,0.49833302773330962
ABLATE_EXTERNAL,2024Q2,H2,standard,1,industrial_production,PRODUCTION,0.0074213811406981002
ABLATE_EXTERNAL,2024Q2,H2,standard,1,ppi,PRICES,-0.024267893667664801
ABLATE_EXTERNAL,2024Q2,H2,standard,1,usd_uzs,FINANCIAL,-0.11152068676136059
ABLATE_EXTERNAL,2024Q2,H2,standard,1,rub_uzs,FINANCIAL,0.0154676547869705
ABLATE_EXTERNAL,2024Q2,H2,standard,1,m2,FINANCIAL,0.64185072962823508
ABLATE_EXTERNAL,2024Q2,H2,standard,1,fx_reserves_ex_gold,FINANCIAL,-0.1033700539185187
ABLATE_EXTERNAL,2024Q2,H2,standard,1,pos_turnover,PAYMENTS,0.49602989377016909
ABLATE_EXTERNAL,2024Q2,H3,standard,1,industrial_production,PRODUCTION,0.0074213811406981002
ABLATE_EXTERNAL,2024Q2,H3,standard,1,ppi,PRICES,-0.024267893667664801
ABLATE_EXTERNAL,2024Q2,H3,standard,1,usd_uzs,FINANCIAL,-0.11152068676136059
ABLATE_EXTERNAL,2024Q2,H3,standard,1,rub_uzs,FINANCIAL,0.0154676547869705
ABLATE_EXTERNAL,2024Q2,H3,standard,1,m2,FINANCIAL,0.64185072962823508
ABLATE_EXTERNAL,2024Q2,H3,standard,1,fx_reserves_ex_gold,FINANCIAL,-0.1033700539185187
ABLATE_EXTERNAL,2024Q2,H3,standard,1,pos_turnover,PAYMENTS,0.49602989377016909
ABLATE_EXTERNAL,2024Q3,H1,standard,1,industrial_production,PRODUCTION,0.010363167214716
ABLATE_EXTERNAL,2024Q3,H1,standard,1,ppi,PRICES,-0.022603010092265601
ABLATE_EXTERNAL,2024Q3,H1,standard,1,usd_uzs,FINANCIAL,-0.1146893169028078
ABLATE_EXTERNAL,2024Q3,H1,standard,1,rub_uzs,FINANCIAL,0.0167619500694056
ABLATE_EXTERNAL,2024Q3,H1,standard,1,m2,FINANCIAL,0.62839214726560766
ABLATE_EXTERNAL,2024Q3,H1,standard,1,fx_reserves_ex_gold,FINANCIAL,-0.1025739941409089
ABLATE_EXTERNAL,2024Q3,H1,standard,1,pos_turnover,PAYMENTS,0.48055381269066122
ABLATE_EXTERNAL,2024Q3,H2,standard,1,industrial_production,PRODUCTION,0.014176908353452901
ABLATE_EXTERNAL,2024Q3,H2,standard,1,ppi,PRICES,-0.022576735511534201
ABLATE_EXTERNAL,2024Q3,H2,standard,1,usd_uzs,FINANCIAL,-0.1148980366618083
ABLATE_EXTERNAL,2024Q3,H2,standard,1,rub_uzs,FINANCIAL,0.016584769244421101
ABLATE_EXTERNAL,2024Q3,H2,standard,1,m2,FINANCIAL,0.62834322690400835
ABLATE_EXTERNAL,2024Q3,H2,standard,1,fx_reserves_ex_gold,FINANCIAL,-0.103035932023476
ABLATE_EXTERNAL,2024Q3,H2,standard,1,pos_turnover,PAYMENTS,0.48100936045415571
ABLATE_EXTERNAL,2024Q3,H3,standard,1,industrial_production,PRODUCTION,0.014176908353452901
ABLATE_EXTERNAL,2024Q3,H3,standard,1,ppi,PRICES,-0.022576735511534201
ABLATE_EXTERNAL,2024Q3,H3,standard,1,usd_uzs,FINANCIAL,-0.1148980366618083
ABLATE_EXTERNAL,2024Q3,H3,standard,1,rub_uzs,FINANCIAL,0.016584769244421101
ABLATE_EXTERNAL,2024Q3,H3,standard,1,m2,FINANCIAL,0.62834322690400835
ABLATE_EXTERNAL,2024Q3,H3,standard,1,fx_reserves_ex_gold,FINANCIAL,-0.103035932023476
ABLATE_EXTERNAL,2024Q3,H3,standard,1,pos_turnover,PAYMENTS,0.48100936045415571
ABLATE_EXTERNAL,2024Q4,H1,standard,1,industrial_production,PRODUCTION,0.019646366717885
ABLATE_EXTERNAL,2024Q4,H1,standard,1,ppi,PRICES,-0.029055295234603401
ABLATE_EXTERNAL,2024Q4,H1,standard,1,usd_uzs,FINANCIAL,-0.11838314948555299
ABLATE_EXTERNAL,2024Q4,H1,standard,1,rub_uzs,FINANCIAL,0.0121529695324214
ABLATE_EXTERNAL,2024Q4,H1,standard,1,m2,FINANCIAL,0.62338247474988162
ABLATE_EXTERNAL,2024Q4,H1,standard,1,fx_reserves_ex_gold,FINANCIAL,-0.093926897542605706
ABLATE_EXTERNAL,2024Q4,H1,standard,1,pos_turnover,PAYMENTS,0.46415949283091151
ABLATE_EXTERNAL,2024Q4,H2,standard,1,industrial_production,PRODUCTION,0.022637348196290399
ABLATE_EXTERNAL,2024Q4,H2,standard,1,ppi,PRICES,-0.028915619608073099
ABLATE_EXTERNAL,2024Q4,H2,standard,1,usd_uzs,FINANCIAL,-0.1183076600147802
ABLATE_EXTERNAL,2024Q4,H2,standard,1,rub_uzs,FINANCIAL,0.0121471092071907
ABLATE_EXTERNAL,2024Q4,H2,standard,1,m2,FINANCIAL,0.62267195523000907
ABLATE_EXTERNAL,2024Q4,H2,standard,1,fx_reserves_ex_gold,FINANCIAL,-0.093996150113045199
ABLATE_EXTERNAL,2024Q4,H2,standard,1,pos_turnover,PAYMENTS,0.46375821239264481
ABLATE_EXTERNAL,2024Q4,H3,standard,1,industrial_production,PRODUCTION,0.022637348196290399
ABLATE_EXTERNAL,2024Q4,H3,standard,1,ppi,PRICES,-0.028915619608073099
ABLATE_EXTERNAL,2024Q4,H3,standard,1,usd_uzs,FINANCIAL,-0.1183076600147802
ABLATE_EXTERNAL,2024Q4,H3,standard,1,rub_uzs,FINANCIAL,0.0121471092071907
ABLATE_EXTERNAL,2024Q4,H3,standard,1,m2,FINANCIAL,0.62267195523000907
ABLATE_EXTERNAL,2024Q4,H3,standard,1,fx_reserves_ex_gold,FINANCIAL,-0.093996150113045199
ABLATE_EXTERNAL,2024Q4,H3,standard,1,pos_turnover,PAYMENTS,0.46375821239264481
ABLATE_EXTERNAL,2025Q1,H1,standard,1,industrial_production,PRODUCTION,0.0394987350741118
ABLATE_EXTERNAL,2025Q1,H1,standard,1,ppi,PRICES,-0.037401342827634
ABLATE_EXTERNAL,2025Q1,H1,standard,1,usd_uzs,FINANCIAL,-0.1175186280418887
ABLATE_EXTERNAL,2025Q1,H1,standard,1,rub_uzs,FINANCIAL,-0.0095565508449049
ABLATE_EXTERNAL,2025Q1,H1,standard,1,m2,FINANCIAL,0.58138459756885752
ABLATE_EXTERNAL,2025Q1,H1,standard,1,fx_reserves_ex_gold,FINANCIAL,-0.070547380448881897
ABLATE_EXTERNAL,2025Q1,H1,standard,1,pos_turnover,PAYMENTS,0.40566531077788748
ABLATE_EXTERNAL,2025Q1,H2,standard,1,industrial_production,PRODUCTION,0.043520791626754103
ABLATE_EXTERNAL,2025Q1,H2,standard,1,ppi,PRICES,-0.037402937194364598
ABLATE_EXTERNAL,2025Q1,H2,standard,1,usd_uzs,FINANCIAL,-0.11754176526058339
ABLATE_EXTERNAL,2025Q1,H2,standard,1,rub_uzs,FINANCIAL,-0.0095334232434240006
ABLATE_EXTERNAL,2025Q1,H2,standard,1,m2,FINANCIAL,0.58159407959033405
ABLATE_EXTERNAL,2025Q1,H2,standard,1,fx_reserves_ex_gold,FINANCIAL,-0.070756695007018602
ABLATE_EXTERNAL,2025Q1,H2,standard,1,pos_turnover,PAYMENTS,0.40582221995939899
ABLATE_EXTERNAL,2025Q1,H3,standard,1,industrial_production,PRODUCTION,0.043520791626754103
ABLATE_EXTERNAL,2025Q1,H3,standard,1,ppi,PRICES,-0.037402937194364598
ABLATE_EXTERNAL,2025Q1,H3,standard,1,usd_uzs,FINANCIAL,-0.11754176526058339
ABLATE_EXTERNAL,2025Q1,H3,standard,1,rub_uzs,FINANCIAL,-0.0095334232434240006
ABLATE_EXTERNAL,2025Q1,H3,standard,1,m2,FINANCIAL,0.58159407959033405
ABLATE_EXTERNAL,2025Q1,H3,standard,1,fx_reserves_ex_gold,FINANCIAL,-0.070756695007018602
ABLATE_EXTERNAL,2025Q1,H3,standard,1,pos_turnover,PAYMENTS,0.40582221995939899
ABLATE_EXTERNAL,2025Q2,H1,standard,1,industrial_production,PRODUCTION,0.023141977969007799
ABLATE_EXTERNAL,2025Q2,H1,standard,1,ppi,PRICES,-0.047650088204553
ABLATE_EXTERNAL,2025Q2,H1,standard,1,usd_uzs,FINANCIAL,-0.1268648107695361
ABLATE_EXTERNAL,2025Q2,H1,standard,1,rub_uzs,FINANCIAL,0.0367449364531552
ABLATE_EXTERNAL,2025Q2,H1,standard,1,m2,FINANCIAL,0.63814384234962895
ABLATE_EXTERNAL,2025Q2,H1,standard,1,fx_reserves_ex_gold,FINANCIAL,-0.0053707921296547003
ABLATE_EXTERNAL,2025Q2,H1,standard,1,pos_turnover,PAYMENTS,0.42168850181051287
ABLATE_EXTERNAL,2025Q2,H2,standard,1,industrial_production,PRODUCTION,0.027262676908162201
ABLATE_EXTERNAL,2025Q2,H2,standard,1,ppi,PRICES,-0.047642437314166397
ABLATE_EXTERNAL,2025Q2,H2,standard,1,usd_uzs,FINANCIAL,-0.1268425897097884
ABLATE_EXTERNAL,2025Q2,H2,standard,1,rub_uzs,FINANCIAL,0.036725862721756902
ABLATE_EXTERNAL,2025Q2,H2,standard,1,m2,FINANCIAL,0.63782803938102095
ABLATE_EXTERNAL,2025Q2,H2,standard,1,fx_reserves_ex_gold,FINANCIAL,-0.0054616436318279003
ABLATE_EXTERNAL,2025Q2,H2,standard,1,pos_turnover,PAYMENTS,0.4215728849601364
ABLATE_EXTERNAL,2025Q2,H3,standard,1,industrial_production,PRODUCTION,0.027262676908162201
ABLATE_EXTERNAL,2025Q2,H3,standard,1,ppi,PRICES,-0.047642437314166397
ABLATE_EXTERNAL,2025Q2,H3,standard,1,usd_uzs,FINANCIAL,-0.1268425897097884
ABLATE_EXTERNAL,2025Q2,H3,standard,1,rub_uzs,FINANCIAL,0.036725862721756902
ABLATE_EXTERNAL,2025Q2,H3,standard,1,m2,FINANCIAL,0.63782803938102095
ABLATE_EXTERNAL,2025Q2,H3,standard,1,fx_reserves_ex_gold,FINANCIAL,-0.0054616436318279003
ABLATE_EXTERNAL,2025Q2,H3,standard,1,pos_turnover,PAYMENTS,0.4215728849601364
ABLATE_FINANCIAL,2023Q1,H1,standard,1,industrial_production,PRODUCTION,0.37880949245236101
ABLATE_FINANCIAL,2023Q1,H1,standard,1,ppi,PRICES,0.0010676750024716001
ABLATE_FINANCIAL,2023Q1,H1,standard,1,gold_price,EXTERNAL,-0.20034420318069879
ABLATE_FINANCIAL,2023Q1,H1,standard,1,pos_turnover,PAYMENTS,0.58323327049647755
ABLATE_FINANCIAL,2023Q1,H2,standard,1,industrial_production,PRODUCTION,0.37233553293877331
ABLATE_FINANCIAL,2023Q1,H2,standard,1,ppi,PRICES,0.00072476258497739996
ABLATE_FINANCIAL,2023Q1,H2,standard,1,gold_price,EXTERNAL,-0.20323785520239879
ABLATE_FINANCIAL,2023Q1,H2,standard,1,pos_turnover,PAYMENTS,0.58659287525425285
ABLATE_FINANCIAL,2023Q1,H3,standard,1,industrial_production,PRODUCTION,0.37233553293877331
ABLATE_FINANCIAL,2023Q1,H3,standard,1,ppi,PRICES,0.00072476258497739996
ABLATE_FINANCIAL,2023Q1,H3,standard,1,gold_price,EXTERNAL,-0.20323785520239879
ABLATE_FINANCIAL,2023Q1,H3,standard,1,pos_turnover,PAYMENTS,0.58659287525425285
ABLATE_FINANCIAL,2023Q2,H1,standard,1,industrial_production,PRODUCTION,0.15226836675280331
ABLATE_FINANCIAL,2023Q2,H1,standard,1,ppi,PRICES,-0.0178767281556012
ABLATE_FINANCIAL,2023Q2,H1,standard,1,gold_price,EXTERNAL,-0.13961934367614159
ABLATE_FINANCIAL,2023Q2,H1,standard,1,pos_turnover,PAYMENTS,0.51494696632947345
ABLATE_FINANCIAL,2023Q2,H2,standard,1,industrial_production,PRODUCTION,0.15337601560976841
ABLATE_FINANCIAL,2023Q2,H2,standard,1,ppi,PRICES,-0.017629506646890301
ABLATE_FINANCIAL,2023Q2,H2,standard,1,gold_price,EXTERNAL,-0.1434319134444858
ABLATE_FINANCIAL,2023Q2,H2,standard,1,pos_turnover,PAYMENTS,0.52916970243921835
ABLATE_FINANCIAL,2023Q2,H3,standard,1,industrial_production,PRODUCTION,0.15337601560976841
ABLATE_FINANCIAL,2023Q2,H3,standard,1,ppi,PRICES,-0.017629506646890301
ABLATE_FINANCIAL,2023Q2,H3,standard,1,gold_price,EXTERNAL,-0.1434319134444858
ABLATE_FINANCIAL,2023Q2,H3,standard,1,pos_turnover,PAYMENTS,0.52916970243921835
ABLATE_FINANCIAL,2023Q3,H1,standard,1,industrial_production,PRODUCTION,0.1685341062224936
ABLATE_FINANCIAL,2023Q3,H1,standard,1,ppi,PRICES,-0.033454207430963903
ABLATE_FINANCIAL,2023Q3,H1,standard,1,gold_price,EXTERNAL,-0.1447524119024089
ABLATE_FINANCIAL,2023Q3,H1,standard,1,pos_turnover,PAYMENTS,0.54251252611707868
ABLATE_FINANCIAL,2023Q3,H2,standard,1,industrial_production,PRODUCTION,0.1714730011200549
ABLATE_FINANCIAL,2023Q3,H2,standard,1,ppi,PRICES,-0.033383029996561203
ABLATE_FINANCIAL,2023Q3,H2,standard,1,gold_price,EXTERNAL,-0.14466273357119461
ABLATE_FINANCIAL,2023Q3,H2,standard,1,pos_turnover,PAYMENTS,0.54128978154044938
ABLATE_FINANCIAL,2023Q3,H3,standard,1,industrial_production,PRODUCTION,0.1714730011200549
ABLATE_FINANCIAL,2023Q3,H3,standard,1,ppi,PRICES,-0.033383029996561203
ABLATE_FINANCIAL,2023Q3,H3,standard,1,gold_price,EXTERNAL,-0.14466273357119461
ABLATE_FINANCIAL,2023Q3,H3,standard,1,pos_turnover,PAYMENTS,0.54128978154044938
ABLATE_FINANCIAL,2023Q4,H1,standard,1,industrial_production,PRODUCTION,0.17522133165220011
ABLATE_FINANCIAL,2023Q4,H1,standard,1,ppi,PRICES,-0.040518650913025499
ABLATE_FINANCIAL,2023Q4,H1,standard,1,gold_price,EXTERNAL,-0.14987759412973631
ABLATE_FINANCIAL,2023Q4,H1,standard,1,pos_turnover,PAYMENTS,0.54496479825876865
ABLATE_FINANCIAL,2023Q4,H2,standard,1,industrial_production,PRODUCTION,0.17782006355762439
ABLATE_FINANCIAL,2023Q4,H2,standard,1,ppi,PRICES,-0.040487263151557699
ABLATE_FINANCIAL,2023Q4,H2,standard,1,gold_price,EXTERNAL,-0.14990500286528971
ABLATE_FINANCIAL,2023Q4,H2,standard,1,pos_turnover,PAYMENTS,0.54427979800895887
ABLATE_FINANCIAL,2023Q4,H3,standard,1,industrial_production,PRODUCTION,0.17782006355762439
ABLATE_FINANCIAL,2023Q4,H3,standard,1,ppi,PRICES,-0.040487263151557699
ABLATE_FINANCIAL,2023Q4,H3,standard,1,gold_price,EXTERNAL,-0.14990500286528971
ABLATE_FINANCIAL,2023Q4,H3,standard,1,pos_turnover,PAYMENTS,0.54427979800895887
ABLATE_FINANCIAL,2024Q1,H1,standard,1,industrial_production,PRODUCTION,0.18368364464413811
ABLATE_FINANCIAL,2024Q1,H1,standard,1,ppi,PRICES,-0.033999331637135102
ABLATE_FINANCIAL,2024Q1,H1,standard,1,gold_price,EXTERNAL,-0.15416554389106421
ABLATE_FINANCIAL,2024Q1,H1,standard,1,pos_turnover,PAYMENTS,0.57159919424803085
ABLATE_FINANCIAL,2024Q1,H2,standard,1,industrial_production,PRODUCTION,0.1858721020423072
ABLATE_FINANCIAL,2024Q1,H2,standard,1,ppi,PRICES,-0.033846264665791402
ABLATE_FINANCIAL,2024Q1,H2,standard,1,gold_price,EXTERNAL,-0.15423669847851831
ABLATE_FINANCIAL,2024Q1,H2,standard,1,pos_turnover,PAYMENTS,0.57203181121273916
ABLATE_FINANCIAL,2024Q1,H3,standard,1,industrial_production,PRODUCTION,0.1858721020423072
ABLATE_FINANCIAL,2024Q1,H3,standard,1,ppi,PRICES,-0.033846264665791402
ABLATE_FINANCIAL,2024Q1,H3,standard,1,gold_price,EXTERNAL,-0.15423669847851831
ABLATE_FINANCIAL,2024Q1,H3,standard,1,pos_turnover,PAYMENTS,0.57203181121273916
ABLATE_FINANCIAL,2024Q2,H1,standard,1,industrial_production,PRODUCTION,0.174614032729424
ABLATE_FINANCIAL,2024Q2,H1,standard,1,ppi,PRICES,-0.034086456456227703
ABLATE_FINANCIAL,2024Q2,H1,standard,1,gold_price,EXTERNAL,-0.1512920934562314
ABLATE_FINANCIAL,2024Q2,H1,standard,1,pos_turnover,PAYMENTS,0.58323010718391477
ABLATE_FINANCIAL,2024Q2,H2,standard,1,industrial_production,PRODUCTION,0.1732902496558402
ABLATE_FINANCIAL,2024Q2,H2,standard,1,ppi,PRICES,-0.033110728756921601
ABLATE_FINANCIAL,2024Q2,H2,standard,1,gold_price,EXTERNAL,-0.14847146062822739
ABLATE_FINANCIAL,2024Q2,H2,standard,1,pos_turnover,PAYMENTS,0.57313084925034863
ABLATE_FINANCIAL,2024Q2,H3,standard,1,industrial_production,PRODUCTION,0.1732902496558402
ABLATE_FINANCIAL,2024Q2,H3,standard,1,ppi,PRICES,-0.033110728756921601
ABLATE_FINANCIAL,2024Q2,H3,standard,1,gold_price,EXTERNAL,-0.14847146062822739
ABLATE_FINANCIAL,2024Q2,H3,standard,1,pos_turnover,PAYMENTS,0.57313084925034863
ABLATE_FINANCIAL,2024Q3,H1,standard,1,industrial_production,PRODUCTION,0.1803378121981771
ABLATE_FINANCIAL,2024Q3,H1,standard,1,ppi,PRICES,-0.029351934947576201
ABLATE_FINANCIAL,2024Q3,H1,standard,1,gold_price,EXTERNAL,-0.1328730294468066
ABLATE_FINANCIAL,2024Q3,H1,standard,1,pos_turnover,PAYMENTS,0.57785518099895261
ABLATE_FINANCIAL,2024Q3,H2,standard,1,industrial_production,PRODUCTION,0.182149284919427
ABLATE_FINANCIAL,2024Q3,H2,standard,1,ppi,PRICES,-0.029251511121153199
ABLATE_FINANCIAL,2024Q3,H2,standard,1,gold_price,EXTERNAL,-0.13297399194408491
ABLATE_FINANCIAL,2024Q3,H2,standard,1,pos_turnover,PAYMENTS,0.57838746674308006
ABLATE_FINANCIAL,2024Q3,H3,standard,1,industrial_production,PRODUCTION,0.182149284919427
ABLATE_FINANCIAL,2024Q3,H3,standard,1,ppi,PRICES,-0.029251511121153199
ABLATE_FINANCIAL,2024Q3,H3,standard,1,gold_price,EXTERNAL,-0.13297399194408491
ABLATE_FINANCIAL,2024Q3,H3,standard,1,pos_turnover,PAYMENTS,0.57838746674308006
ABLATE_FINANCIAL,2024Q4,H1,standard,1,industrial_production,PRODUCTION,0.17598576338857
ABLATE_FINANCIAL,2024Q4,H1,standard,1,ppi,PRICES,-0.025376758567538099
ABLATE_FINANCIAL,2024Q4,H1,standard,1,gold_price,EXTERNAL,-0.14267311098753721
ABLATE_FINANCIAL,2024Q4,H1,standard,1,pos_turnover,PAYMENTS,0.5907818321510645
ABLATE_FINANCIAL,2024Q4,H2,standard,1,industrial_production,PRODUCTION,0.17534233697228871
ABLATE_FINANCIAL,2024Q4,H2,standard,1,ppi,PRICES,-0.0254647361681666
ABLATE_FINANCIAL,2024Q4,H2,standard,1,gold_price,EXTERNAL,-0.14252416153532471
ABLATE_FINANCIAL,2024Q4,H2,standard,1,pos_turnover,PAYMENTS,0.59136727901636132
ABLATE_FINANCIAL,2024Q4,H3,standard,1,industrial_production,PRODUCTION,0.17534233697228871
ABLATE_FINANCIAL,2024Q4,H3,standard,1,ppi,PRICES,-0.0254647361681666
ABLATE_FINANCIAL,2024Q4,H3,standard,1,gold_price,EXTERNAL,-0.14252416153532471
ABLATE_FINANCIAL,2024Q4,H3,standard,1,pos_turnover,PAYMENTS,0.59136727901636132
ABLATE_FINANCIAL,2025Q1,H1,standard,1,industrial_production,PRODUCTION,0.16792525970358921
ABLATE_FINANCIAL,2025Q1,H1,standard,1,ppi,PRICES,-0.0205899744638527
ABLATE_FINANCIAL,2025Q1,H1,standard,1,gold_price,EXTERNAL,-0.1370420600149129
ABLATE_FINANCIAL,2025Q1,H1,standard,1,pos_turnover,PAYMENTS,0.5858771911723949
ABLATE_FINANCIAL,2025Q1,H2,standard,1,industrial_production,PRODUCTION,0.1650959398789002
ABLATE_FINANCIAL,2025Q1,H2,standard,1,ppi,PRICES,-0.020832243550985199
ABLATE_FINANCIAL,2025Q1,H2,standard,1,gold_price,EXTERNAL,-0.13702188200284629
ABLATE_FINANCIAL,2025Q1,H2,standard,1,pos_turnover,PAYMENTS,0.58492675826217855
ABLATE_FINANCIAL,2025Q1,H3,standard,1,industrial_production,PRODUCTION,0.1650959398789002
ABLATE_FINANCIAL,2025Q1,H3,standard,1,ppi,PRICES,-0.020832243550985199
ABLATE_FINANCIAL,2025Q1,H3,standard,1,gold_price,EXTERNAL,-0.13702188200284629
ABLATE_FINANCIAL,2025Q1,H3,standard,1,pos_turnover,PAYMENTS,0.58492675826217855
ABLATE_FINANCIAL,2025Q2,H1,standard,1,industrial_production,PRODUCTION,0.1670532156769467
ABLATE_FINANCIAL,2025Q2,H1,standard,1,ppi,PRICES,-0.0151014859071319
ABLATE_FINANCIAL,2025Q2,H1,standard,1,gold_price,EXTERNAL,-0.1507345335107334
ABLATE_FINANCIAL,2025Q2,H1,standard,1,pos_turnover,PAYMENTS,0.59634423484802102
ABLATE_FINANCIAL,2025Q2,H2,standard,1,industrial_production,PRODUCTION,0.16484127964721471
ABLATE_FINANCIAL,2025Q2,H2,standard,1,ppi,PRICES,-0.015443651310976201
ABLATE_FINANCIAL,2025Q2,H2,standard,1,gold_price,EXTERNAL,-0.1500182234269703
ABLATE_FINANCIAL,2025Q2,H2,standard,1,pos_turnover,PAYMENTS,0.59534786585824306
ABLATE_FINANCIAL,2025Q2,H3,standard,1,industrial_production,PRODUCTION,0.16484127964721471
ABLATE_FINANCIAL,2025Q2,H3,standard,1,ppi,PRICES,-0.015443651310976201
ABLATE_FINANCIAL,2025Q2,H3,standard,1,gold_price,EXTERNAL,-0.1500182234269703
ABLATE_FINANCIAL,2025Q2,H3,standard,1,pos_turnover,PAYMENTS,0.59534786585824306
ABLATE_PAYMENTS,2022Q3,H1,standard,1,industrial_production,PRODUCTION,0.40639909301090721
ABLATE_PAYMENTS,2022Q3,H1,standard,1,ppi,PRICES,0.077622221484709097
ABLATE_PAYMENTS,2022Q3,H1,standard,1,usd_uzs,FINANCIAL,-0.020835215558955501
ABLATE_PAYMENTS,2022Q3,H1,standard,1,rub_uzs,FINANCIAL,0.023085438695587001
ABLATE_PAYMENTS,2022Q3,H1,standard,1,gold_price,EXTERNAL,-0.0433538204260717
ABLATE_PAYMENTS,2022Q3,H1,standard,1,m2,FINANCIAL,0.15573028001523551
ABLATE_PAYMENTS,2022Q3,H1,standard,1,fx_reserves_ex_gold,FINANCIAL,-0.3298986136096424
ABLATE_PAYMENTS,2022Q3,H2,standard,1,industrial_production,PRODUCTION,0.39700707387333739
ABLATE_PAYMENTS,2022Q3,H2,standard,1,ppi,PRICES,0.075134242880733296
ABLATE_PAYMENTS,2022Q3,H2,standard,1,usd_uzs,FINANCIAL,-0.0210594152090696
ABLATE_PAYMENTS,2022Q3,H2,standard,1,rub_uzs,FINANCIAL,0.022918897167269098
ABLATE_PAYMENTS,2022Q3,H2,standard,1,gold_price,EXTERNAL,-0.042544635646257101
ABLATE_PAYMENTS,2022Q3,H2,standard,1,m2,FINANCIAL,0.1510706125778907
ABLATE_PAYMENTS,2022Q3,H2,standard,1,fx_reserves_ex_gold,FINANCIAL,-0.31854029517754212
ABLATE_PAYMENTS,2022Q3,H3,standard,1,industrial_production,PRODUCTION,0.39700707387333739
ABLATE_PAYMENTS,2022Q3,H3,standard,1,ppi,PRICES,0.075134242880733296
ABLATE_PAYMENTS,2022Q3,H3,standard,1,usd_uzs,FINANCIAL,-0.0210594152090696
ABLATE_PAYMENTS,2022Q3,H3,standard,1,rub_uzs,FINANCIAL,0.022918897167269098
ABLATE_PAYMENTS,2022Q3,H3,standard,1,gold_price,EXTERNAL,-0.042544635646257101
ABLATE_PAYMENTS,2022Q3,H3,standard,1,m2,FINANCIAL,0.1510706125778907
ABLATE_PAYMENTS,2022Q3,H3,standard,1,fx_reserves_ex_gold,FINANCIAL,-0.31854029517754212
ABLATE_PAYMENTS,2022Q4,H1,standard,1,industrial_production,PRODUCTION,0.40217904355571432
ABLATE_PAYMENTS,2022Q4,H1,standard,1,ppi,PRICES,0.068546559873856105
ABLATE_PAYMENTS,2022Q4,H1,standard,1,usd_uzs,FINANCIAL,-0.036057315448459901
ABLATE_PAYMENTS,2022Q4,H1,standard,1,rub_uzs,FINANCIAL,0.025143797214407199
ABLATE_PAYMENTS,2022Q4,H1,standard,1,gold_price,EXTERNAL,-0.057884861946925999
ABLATE_PAYMENTS,2022Q4,H1,standard,1,m2,FINANCIAL,0.14775832476647
ABLATE_PAYMENTS,2022Q4,H1,standard,1,fx_reserves_ex_gold,FINANCIAL,-0.32519085720084662
ABLATE_PAYMENTS,2022Q4,H2,standard,1,industrial_production,PRODUCTION,0.39822013469401468
ABLATE_PAYMENTS,2022Q4,H2,standard,1,ppi,PRICES,0.0677815440242137
ABLATE_PAYMENTS,2022Q4,H2,standard,1,usd_uzs,FINANCIAL,-0.034922362979399602
ABLATE_PAYMENTS,2022Q4,H2,standard,1,rub_uzs,FINANCIAL,0.024673990994579301
ABLATE_PAYMENTS,2022Q4,H2,standard,1,gold_price,EXTERNAL,-0.055980567866906597
ABLATE_PAYMENTS,2022Q4,H2,standard,1,m2,FINANCIAL,0.14321835481288189
ABLATE_PAYMENTS,2022Q4,H2,standard,1,fx_reserves_ex_gold,FINANCIAL,-0.31893584689693621
ABLATE_PAYMENTS,2022Q4,H3,standard,1,industrial_production,PRODUCTION,0.39822013469401468
ABLATE_PAYMENTS,2022Q4,H3,standard,1,ppi,PRICES,0.0677815440242137
ABLATE_PAYMENTS,2022Q4,H3,standard,1,usd_uzs,FINANCIAL,-0.034922362979399602
ABLATE_PAYMENTS,2022Q4,H3,standard,1,rub_uzs,FINANCIAL,0.024673990994579301
ABLATE_PAYMENTS,2022Q4,H3,standard,1,gold_price,EXTERNAL,-0.055980567866906597
ABLATE_PAYMENTS,2022Q4,H3,standard,1,m2,FINANCIAL,0.14321835481288189
ABLATE_PAYMENTS,2022Q4,H3,standard,1,fx_reserves_ex_gold,FINANCIAL,-0.31893584689693621
ABLATE_PAYMENTS,2023Q1,H1,standard,1,industrial_production,PRODUCTION,0.4076468119036854
ABLATE_PAYMENTS,2023Q1,H1,standard,1,ppi,PRICES,0.066724068394691194
ABLATE_PAYMENTS,2023Q1,H1,standard,1,usd_uzs,FINANCIAL,-0.035517090684827397
ABLATE_PAYMENTS,2023Q1,H1,standard,1,rub_uzs,FINANCIAL,0.016027588227073199
ABLATE_PAYMENTS,2023Q1,H1,standard,1,gold_price,EXTERNAL,-0.050387781904969099
ABLATE_PAYMENTS,2023Q1,H1,standard,1,m2,FINANCIAL,0.16529290822146631
ABLATE_PAYMENTS,2023Q1,H1,standard,1,fx_reserves_ex_gold,FINANCIAL,-0.318853890538428
ABLATE_PAYMENTS,2023Q1,H2,standard,1,industrial_production,PRODUCTION,0.41236573730421527
ABLATE_PAYMENTS,2023Q1,H2,standard,1,ppi,PRICES,0.067941235270404604
ABLATE_PAYMENTS,2023Q1,H2,standard,1,usd_uzs,FINANCIAL,-0.036434370725440701
ABLATE_PAYMENTS,2023Q1,H2,standard,1,rub_uzs,FINANCIAL,0.018433678901285101
ABLATE_PAYMENTS,2023Q1,H2,standard,1,gold_price,EXTERNAL,-0.053545004369969597
ABLATE_PAYMENTS,2023Q1,H2,standard,1,m2,FINANCIAL,0.1606759780452148
ABLATE_PAYMENTS,2023Q1,H2,standard,1,fx_reserves_ex_gold,FINANCIAL,-0.31580950220113158
ABLATE_PAYMENTS,2023Q1,H3,standard,1,industrial_production,PRODUCTION,0.41236573730421527
ABLATE_PAYMENTS,2023Q1,H3,standard,1,ppi,PRICES,0.067941235270404604
ABLATE_PAYMENTS,2023Q1,H3,standard,1,usd_uzs,FINANCIAL,-0.036434370725440701
ABLATE_PAYMENTS,2023Q1,H3,standard,1,rub_uzs,FINANCIAL,0.018433678901285101
ABLATE_PAYMENTS,2023Q1,H3,standard,1,gold_price,EXTERNAL,-0.053545004369969597
ABLATE_PAYMENTS,2023Q1,H3,standard,1,m2,FINANCIAL,0.1606759780452148
ABLATE_PAYMENTS,2023Q1,H3,standard,1,fx_reserves_ex_gold,FINANCIAL,-0.31580950220113158
ABLATE_PAYMENTS,2023Q2,H1,standard,1,industrial_production,PRODUCTION,-0.13681998088204711
ABLATE_PAYMENTS,2023Q2,H1,standard,1,ppi,PRICES,0.34404154330979458
ABLATE_PAYMENTS,2023Q2,H1,standard,1,usd_uzs,FINANCIAL,0.5467143431102307
ABLATE_PAYMENTS,2023Q2,H1,standard,1,rub_uzs,FINANCIAL,-0.13494404547194211
ABLATE_PAYMENTS,2023Q2,H1,standard,1,gold_price,EXTERNAL,0.39088253148297503
ABLATE_PAYMENTS,2023Q2,H1,standard,1,m2,FINANCIAL,-0.1608543669956565
ABLATE_PAYMENTS,2023Q2,H1,standard,1,fx_reserves_ex_gold,FINANCIAL,0.074511689769733894
ABLATE_PAYMENTS,2023Q2,H2,standard,1,industrial_production,PRODUCTION,-0.1400149282420014
ABLATE_PAYMENTS,2023Q2,H2,standard,1,ppi,PRICES,0.3432937811993611
ABLATE_PAYMENTS,2023Q2,H2,standard,1,usd_uzs,FINANCIAL,0.54925144257683201
ABLATE_PAYMENTS,2023Q2,H2,standard,1,rub_uzs,FINANCIAL,-0.1357588420280928
ABLATE_PAYMENTS,2023Q2,H2,standard,1,gold_price,EXTERNAL,0.39218154296837893
ABLATE_PAYMENTS,2023Q2,H2,standard,1,m2,FINANCIAL,-0.16203112531984279
ABLATE_PAYMENTS,2023Q2,H2,standard,1,fx_reserves_ex_gold,FINANCIAL,0.076353788844275003
ABLATE_PAYMENTS,2023Q2,H3,standard,1,industrial_production,PRODUCTION,-0.1400149282420014
ABLATE_PAYMENTS,2023Q2,H3,standard,1,ppi,PRICES,0.3432937811993611
ABLATE_PAYMENTS,2023Q2,H3,standard,1,usd_uzs,FINANCIAL,0.54925144257683201
ABLATE_PAYMENTS,2023Q2,H3,standard,1,rub_uzs,FINANCIAL,-0.1357588420280928
ABLATE_PAYMENTS,2023Q2,H3,standard,1,gold_price,EXTERNAL,0.39218154296837893
ABLATE_PAYMENTS,2023Q2,H3,standard,1,m2,FINANCIAL,-0.16203112531984279
ABLATE_PAYMENTS,2023Q2,H3,standard,1,fx_reserves_ex_gold,FINANCIAL,0.076353788844275003
ABLATE_PAYMENTS,2023Q3,H1,standard,1,industrial_production,PRODUCTION,-0.13758282331136659
ABLATE_PAYMENTS,2023Q3,H1,standard,1,ppi,PRICES,0.34466593043972171
ABLATE_PAYMENTS,2023Q3,H1,standard,1,usd_uzs,FINANCIAL,0.55772411745506367
ABLATE_PAYMENTS,2023Q3,H1,standard,1,rub_uzs,FINANCIAL,-0.1143606286750188
ABLATE_PAYMENTS,2023Q3,H1,standard,1,gold_price,EXTERNAL,0.3622178351378425
ABLATE_PAYMENTS,2023Q3,H1,standard,1,m2,FINANCIAL,-0.13427527697915989
ABLATE_PAYMENTS,2023Q3,H1,standard,1,fx_reserves_ex_gold,FINANCIAL,0.10104261091282481
ABLATE_PAYMENTS,2023Q3,H2,standard,1,industrial_production,PRODUCTION,-0.14325799606320661
ABLATE_PAYMENTS,2023Q3,H2,standard,1,ppi,PRICES,0.34459054181946192
ABLATE_PAYMENTS,2023Q3,H2,standard,1,usd_uzs,FINANCIAL,0.55708109440641784
ABLATE_PAYMENTS,2023Q3,H2,standard,1,rub_uzs,FINANCIAL,-0.1147974597191572
ABLATE_PAYMENTS,2023Q3,H2,standard,1,gold_price,EXTERNAL,0.36413537560676867
ABLATE_PAYMENTS,2023Q3,H2,standard,1,m2,FINANCIAL,-0.13539992434502149
ABLATE_PAYMENTS,2023Q3,H2,standard,1,fx_reserves_ex_gold,FINANCIAL,0.1034727863674573
ABLATE_PAYMENTS,2023Q3,H3,standard,1,industrial_production,PRODUCTION,-0.14325799606320661
ABLATE_PAYMENTS,2023Q3,H3,standard,1,ppi,PRICES,0.34459054181946192
ABLATE_PAYMENTS,2023Q3,H3,standard,1,usd_uzs,FINANCIAL,0.55708109440641784
ABLATE_PAYMENTS,2023Q3,H3,standard,1,rub_uzs,FINANCIAL,-0.1147974597191572
ABLATE_PAYMENTS,2023Q3,H3,standard,1,gold_price,EXTERNAL,0.36413537560676867
ABLATE_PAYMENTS,2023Q3,H3,standard,1,m2,FINANCIAL,-0.13539992434502149
ABLATE_PAYMENTS,2023Q3,H3,standard,1,fx_reserves_ex_gold,FINANCIAL,0.1034727863674573
ABLATE_PAYMENTS,2023Q4,H1,standard,1,industrial_production,PRODUCTION,-0.12407292494811289
ABLATE_PAYMENTS,2023Q4,H1,standard,1,ppi,PRICES,0.3673787024662683
ABLATE_PAYMENTS,2023Q4,H1,standard,1,usd_uzs,FINANCIAL,0.54208759877372126
ABLATE_PAYMENTS,2023Q4,H1,standard,1,rub_uzs,FINANCIAL,-0.1248115631456885
ABLATE_PAYMENTS,2023Q4,H1,standard,1,gold_price,EXTERNAL,0.36587701147353568
ABLATE_PAYMENTS,2023Q4,H1,standard,1,m2,FINANCIAL,-0.15515813008705831
ABLATE_PAYMENTS,2023Q4,H1,standard,1,fx_reserves_ex_gold,FINANCIAL,0.024895713029002099
ABLATE_PAYMENTS,2023Q4,H2,standard,1,industrial_production,PRODUCTION,-0.12004182951341601
ABLATE_PAYMENTS,2023Q4,H2,standard,1,ppi,PRICES,0.37363666471171181
ABLATE_PAYMENTS,2023Q4,H2,standard,1,usd_uzs,FINANCIAL,0.54177553340174045
ABLATE_PAYMENTS,2023Q4,H2,standard,1,rub_uzs,FINANCIAL,-0.12559148144765811
ABLATE_PAYMENTS,2023Q4,H2,standard,1,gold_price,EXTERNAL,0.3723992827848569
ABLATE_PAYMENTS,2023Q4,H2,standard,1,m2,FINANCIAL,-0.1563402735966653
ABLATE_PAYMENTS,2023Q4,H2,standard,1,fx_reserves_ex_gold,FINANCIAL,0.0279086010368703
ABLATE_PAYMENTS,2023Q4,H3,standard,1,industrial_production,PRODUCTION,-0.12004182951341601
ABLATE_PAYMENTS,2023Q4,H3,standard,1,ppi,PRICES,0.37363666471171181
ABLATE_PAYMENTS,2023Q4,H3,standard,1,usd_uzs,FINANCIAL,0.54177553340174045
ABLATE_PAYMENTS,2023Q4,H3,standard,1,rub_uzs,FINANCIAL,-0.12559148144765811
ABLATE_PAYMENTS,2023Q4,H3,standard,1,gold_price,EXTERNAL,0.3723992827848569
ABLATE_PAYMENTS,2023Q4,H3,standard,1,m2,FINANCIAL,-0.1563402735966653
ABLATE_PAYMENTS,2023Q4,H3,standard,1,fx_reserves_ex_gold,FINANCIAL,0.0279086010368703
ABLATE_PAYMENTS,2024Q1,H1,standard,1,industrial_production,PRODUCTION,-0.1260199166870313
ABLATE_PAYMENTS,2024Q1,H1,standard,1,ppi,PRICES,0.32430882070534722
ABLATE_PAYMENTS,2024Q1,H1,standard,1,usd_uzs,FINANCIAL,0.53484823783266888
ABLATE_PAYMENTS,2024Q1,H1,standard,1,rub_uzs,FINANCIAL,-0.1283963400295044
ABLATE_PAYMENTS,2024Q1,H1,standard,1,gold_price,EXTERNAL,0.36284558810362227
ABLATE_PAYMENTS,2024Q1,H1,standard,1,m2,FINANCIAL,-0.18324977849703461
ABLATE_PAYMENTS,2024Q1,H1,standard,1,fx_reserves_ex_gold,FINANCIAL,0.0163866067649634
ABLATE_PAYMENTS,2024Q1,H2,standard,1,industrial_production,PRODUCTION,-0.1249521703912633
ABLATE_PAYMENTS,2024Q1,H2,standard,1,ppi,PRICES,0.32382985156104271
ABLATE_PAYMENTS,2024Q1,H2,standard,1,usd_uzs,FINANCIAL,0.53690769673075756
ABLATE_PAYMENTS,2024Q1,H2,standard,1,rub_uzs,FINANCIAL,-0.12820177755191081
ABLATE_PAYMENTS,2024Q1,H2,standard,1,gold_price,EXTERNAL,0.36001808022921772
ABLATE_PAYMENTS,2024Q1,H2,standard,1,m2,FINANCIAL,-0.18002065898693961
ABLATE_PAYMENTS,2024Q1,H2,standard,1,fx_reserves_ex_gold,FINANCIAL,0.015460559599947001
ABLATE_PAYMENTS,2024Q1,H3,standard,1,industrial_production,PRODUCTION,-0.1249521703912633
ABLATE_PAYMENTS,2024Q1,H3,standard,1,ppi,PRICES,0.32382985156104271
ABLATE_PAYMENTS,2024Q1,H3,standard,1,usd_uzs,FINANCIAL,0.53690769673075756
ABLATE_PAYMENTS,2024Q1,H3,standard,1,rub_uzs,FINANCIAL,-0.12820177755191081
ABLATE_PAYMENTS,2024Q1,H3,standard,1,gold_price,EXTERNAL,0.36001808022921772
ABLATE_PAYMENTS,2024Q1,H3,standard,1,m2,FINANCIAL,-0.18002065898693961
ABLATE_PAYMENTS,2024Q1,H3,standard,1,fx_reserves_ex_gold,FINANCIAL,0.015460559599947001
ABLATE_PAYMENTS,2024Q2,H1,standard,1,industrial_production,PRODUCTION,-0.096301162570033197
ABLATE_PAYMENTS,2024Q2,H1,standard,1,ppi,PRICES,0.30499080853978833
ABLATE_PAYMENTS,2024Q2,H1,standard,1,usd_uzs,FINANCIAL,0.56018134472519987
ABLATE_PAYMENTS,2024Q2,H1,standard,1,rub_uzs,FINANCIAL,-0.1209954846334915
ABLATE_PAYMENTS,2024Q2,H1,standard,1,gold_price,EXTERNAL,0.31134775368936007
ABLATE_PAYMENTS,2024Q2,H1,standard,1,m2,FINANCIAL,-0.1444756754490186
ABLATE_PAYMENTS,2024Q2,H1,standard,1,fx_reserves_ex_gold,FINANCIAL,-0.00085658475098270004
ABLATE_PAYMENTS,2024Q2,H2,standard,1,industrial_production,PRODUCTION,-0.095651858616439905
ABLATE_PAYMENTS,2024Q2,H2,standard,1,ppi,PRICES,0.30596105217165148
ABLATE_PAYMENTS,2024Q2,H2,standard,1,usd_uzs,FINANCIAL,0.55651389158359355
ABLATE_PAYMENTS,2024Q2,H2,standard,1,rub_uzs,FINANCIAL,-0.1204254365550856
ABLATE_PAYMENTS,2024Q2,H2,standard,1,gold_price,EXTERNAL,0.31147889651875899
ABLATE_PAYMENTS,2024Q2,H2,standard,1,m2,FINANCIAL,-0.14532933281040181
ABLATE_PAYMENTS,2024Q2,H2,standard,1,fx_reserves_ex_gold,FINANCIAL,-6.1067612884950368e-05
ABLATE_PAYMENTS,2024Q2,H3,standard,1,industrial_production,PRODUCTION,-0.095651858616439905
ABLATE_PAYMENTS,2024Q2,H3,standard,1,ppi,PRICES,0.30596105217165148
ABLATE_PAYMENTS,2024Q2,H3,standard,1,usd_uzs,FINANCIAL,0.55651389158359355
ABLATE_PAYMENTS,2024Q2,H3,standard,1,rub_uzs,FINANCIAL,-0.1204254365550856
ABLATE_PAYMENTS,2024Q2,H3,standard,1,gold_price,EXTERNAL,0.31147889651875899
ABLATE_PAYMENTS,2024Q2,H3,standard,1,m2,FINANCIAL,-0.14532933281040181
ABLATE_PAYMENTS,2024Q2,H3,standard,1,fx_reserves_ex_gold,FINANCIAL,-6.1067612884950368e-05
ABLATE_PAYMENTS,2024Q3,H1,standard,1,industrial_production,PRODUCTION,-0.082108735941021999
ABLATE_PAYMENTS,2024Q3,H1,standard,1,ppi,PRICES,0.29359974308418291
ABLATE_PAYMENTS,2024Q3,H1,standard,1,usd_uzs,FINANCIAL,0.55947250733021747
ABLATE_PAYMENTS,2024Q3,H1,standard,1,rub_uzs,FINANCIAL,-0.1253464334067371
ABLATE_PAYMENTS,2024Q3,H1,standard,1,gold_price,EXTERNAL,0.30628896342963319
ABLATE_PAYMENTS,2024Q3,H1,standard,1,m2,FINANCIAL,-0.14660003009020511
ABLATE_PAYMENTS,2024Q3,H1,standard,1,fx_reserves_ex_gold,FINANCIAL,-0.0095225875239376007
ABLATE_PAYMENTS,2024Q3,H2,standard,1,industrial_production,PRODUCTION,-0.091044217352876197
ABLATE_PAYMENTS,2024Q3,H2,standard,1,ppi,PRICES,0.28722129225670717
ABLATE_PAYMENTS,2024Q3,H2,standard,1,usd_uzs,FINANCIAL,0.55907169861353867
ABLATE_PAYMENTS,2024Q3,H2,standard,1,rub_uzs,FINANCIAL,-0.1245870361624155
ABLATE_PAYMENTS,2024Q3,H2,standard,1,gold_price,EXTERNAL,0.30071016182340338
ABLATE_PAYMENTS,2024Q3,H2,standard,1,m2,FINANCIAL,-0.1430465004259841
ABLATE_PAYMENTS,2024Q3,H2,standard,1,fx_reserves_ex_gold,FINANCIAL,-0.0074957463140511004
ABLATE_PAYMENTS,2024Q3,H3,standard,1,industrial_production,PRODUCTION,-0.091044217352876197
ABLATE_PAYMENTS,2024Q3,H3,standard,1,ppi,PRICES,0.28722129225670717
ABLATE_PAYMENTS,2024Q3,H3,standard,1,usd_uzs,FINANCIAL,0.55907169861353867
ABLATE_PAYMENTS,2024Q3,H3,standard,1,rub_uzs,FINANCIAL,-0.1245870361624155
ABLATE_PAYMENTS,2024Q3,H3,standard,1,gold_price,EXTERNAL,0.30071016182340338
ABLATE_PAYMENTS,2024Q3,H3,standard,1,m2,FINANCIAL,-0.1430465004259841
ABLATE_PAYMENTS,2024Q3,H3,standard,1,fx_reserves_ex_gold,FINANCIAL,-0.0074957463140511004
ABLATE_PAYMENTS,2024Q4,H1,standard,1,industrial_production,PRODUCTION,-0.086218287477013794
ABLATE_PAYMENTS,2024Q4,H1,standard,1,ppi,PRICES,0.22702224188891751
ABLATE_PAYMENTS,2024Q4,H1,standard,1,usd_uzs,FINANCIAL,0.53997380919154325
ABLATE_PAYMENTS,2024Q4,H1,standard,1,rub_uzs,FINANCIAL,-0.1035860803421899
ABLATE_PAYMENTS,2024Q4,H1,standard,1,gold_price,EXTERNAL,0.22269192089716841
ABLATE_PAYMENTS,2024Q4,H1,standard,1,m2,FINANCIAL,-0.11059481939752561
ABLATE_PAYMENTS,2024Q4,H1,standard,1,fx_reserves_ex_gold,FINANCIAL,-0.0020241585224011001
ABLATE_PAYMENTS,2024Q4,H2,standard,1,industrial_production,PRODUCTION,-0.086014266053255503
ABLATE_PAYMENTS,2024Q4,H2,standard,1,ppi,PRICES,0.22611470856020841
ABLATE_PAYMENTS,2024Q4,H2,standard,1,usd_uzs,FINANCIAL,0.5393977957089906
ABLATE_PAYMENTS,2024Q4,H2,standard,1,rub_uzs,FINANCIAL,-0.1031912775518537
ABLATE_PAYMENTS,2024Q4,H2,standard,1,gold_price,EXTERNAL,0.22167940836394659
ABLATE_PAYMENTS,2024Q4,H2,standard,1,m2,FINANCIAL,-0.1102029810272623
ABLATE_PAYMENTS,2024Q4,H2,standard,1,fx_reserves_ex_gold,FINANCIAL,-0.0022998243940023002
ABLATE_PAYMENTS,2024Q4,H3,standard,1,industrial_production,PRODUCTION,-0.086014266053255503
ABLATE_PAYMENTS,2024Q4,H3,standard,1,ppi,PRICES,0.22611470856020841
ABLATE_PAYMENTS,2024Q4,H3,standard,1,usd_uzs,FINANCIAL,0.5393977957089906
ABLATE_PAYMENTS,2024Q4,H3,standard,1,rub_uzs,FINANCIAL,-0.1031912775518537
ABLATE_PAYMENTS,2024Q4,H3,standard,1,gold_price,EXTERNAL,0.22167940836394659
ABLATE_PAYMENTS,2024Q4,H3,standard,1,m2,FINANCIAL,-0.1102029810272623
ABLATE_PAYMENTS,2024Q4,H3,standard,1,fx_reserves_ex_gold,FINANCIAL,-0.0022998243940023002
ABLATE_PAYMENTS,2025Q1,H1,standard,1,industrial_production,PRODUCTION,-0.087449575924048395
ABLATE_PAYMENTS,2025Q1,H1,standard,1,ppi,PRICES,0.2303486436049324
ABLATE_PAYMENTS,2025Q1,H1,standard,1,usd_uzs,FINANCIAL,0.54219803452241011
ABLATE_PAYMENTS,2025Q1,H1,standard,1,rub_uzs,FINANCIAL,-0.099092193656991803
ABLATE_PAYMENTS,2025Q1,H1,standard,1,gold_price,EXTERNAL,0.22379107291078851
ABLATE_PAYMENTS,2025Q1,H1,standard,1,m2,FINANCIAL,-0.11517279286946359
ABLATE_PAYMENTS,2025Q1,H1,standard,1,fx_reserves_ex_gold,FINANCIAL,-0.0024716577772126999
ABLATE_PAYMENTS,2025Q1,H2,standard,1,industrial_production,PRODUCTION,-0.089586282124349895
ABLATE_PAYMENTS,2025Q1,H2,standard,1,ppi,PRICES,0.23160455698817409
ABLATE_PAYMENTS,2025Q1,H2,standard,1,usd_uzs,FINANCIAL,0.54309115455331292
ABLATE_PAYMENTS,2025Q1,H2,standard,1,rub_uzs,FINANCIAL,-0.099498837261977696
ABLATE_PAYMENTS,2025Q1,H2,standard,1,gold_price,EXTERNAL,0.22507190587048709
ABLATE_PAYMENTS,2025Q1,H2,standard,1,m2,FINANCIAL,-0.1160404008795891
ABLATE_PAYMENTS,2025Q1,H2,standard,1,fx_reserves_ex_gold,FINANCIAL,-0.0020417279322859001
ABLATE_PAYMENTS,2025Q1,H3,standard,1,industrial_production,PRODUCTION,-0.089586282124349895
ABLATE_PAYMENTS,2025Q1,H3,standard,1,ppi,PRICES,0.23160455698817409
ABLATE_PAYMENTS,2025Q1,H3,standard,1,usd_uzs,FINANCIAL,0.54309115455331292
ABLATE_PAYMENTS,2025Q1,H3,standard,1,rub_uzs,FINANCIAL,-0.099498837261977696
ABLATE_PAYMENTS,2025Q1,H3,standard,1,gold_price,EXTERNAL,0.22507190587048709
ABLATE_PAYMENTS,2025Q1,H3,standard,1,m2,FINANCIAL,-0.1160404008795891
ABLATE_PAYMENTS,2025Q1,H3,standard,1,fx_reserves_ex_gold,FINANCIAL,-0.0020417279322859001
ABLATE_PAYMENTS,2025Q2,H1,standard,1,industrial_production,PRODUCTION,-0.0872659915767941
ABLATE_PAYMENTS,2025Q2,H1,standard,1,ppi,PRICES,0.2150710653774324
ABLATE_PAYMENTS,2025Q2,H1,standard,1,usd_uzs,FINANCIAL,0.56471879938576253
ABLATE_PAYMENTS,2025Q2,H1,standard,1,rub_uzs,FINANCIAL,-0.10750103078733531
ABLATE_PAYMENTS,2025Q2,H1,standard,1,gold_price,EXTERNAL,0.18923361596017299
ABLATE_PAYMENTS,2025Q2,H1,standard,1,m2,FINANCIAL,-0.11865736646503069
ABLATE_PAYMENTS,2025Q2,H1,standard,1,fx_reserves_ex_gold,FINANCIAL,-0.030004667287518199
ABLATE_PAYMENTS,2025Q2,H2,standard,1,industrial_production,PRODUCTION,-0.089832699842516003
ABLATE_PAYMENTS,2025Q2,H2,standard,1,ppi,PRICES,0.21533408419374089
ABLATE_PAYMENTS,2025Q2,H2,standard,1,usd_uzs,FINANCIAL,0.56612045825012747
ABLATE_PAYMENTS,2025Q2,H2,standard,1,rub_uzs,FINANCIAL,-0.1077635126096621
ABLATE_PAYMENTS,2025Q2,H2,standard,1,gold_price,EXTERNAL,0.18955904258829789
ABLATE_PAYMENTS,2025Q2,H2,standard,1,m2,FINANCIAL,-0.11889734599817869
ABLATE_PAYMENTS,2025Q2,H2,standard,1,fx_reserves_ex_gold,FINANCIAL,-0.0299786774555105
ABLATE_PAYMENTS,2025Q2,H3,standard,1,industrial_production,PRODUCTION,-0.089832699842516003
ABLATE_PAYMENTS,2025Q2,H3,standard,1,ppi,PRICES,0.21533408419374089
ABLATE_PAYMENTS,2025Q2,H3,standard,1,usd_uzs,FINANCIAL,0.56612045825012747
ABLATE_PAYMENTS,2025Q2,H3,standard,1,rub_uzs,FINANCIAL,-0.1077635126096621
ABLATE_PAYMENTS,2025Q2,H3,standard,1,gold_price,EXTERNAL,0.18955904258829789
ABLATE_PAYMENTS,2025Q2,H3,standard,1,m2,FINANCIAL,-0.11889734599817869
ABLATE_PAYMENTS,2025Q2,H3,standard,1,fx_reserves_ex_gold,FINANCIAL,-0.0299786774555105
ABLATE_PRICES,2022Q1,H1,standard,1,industrial_production,PRODUCTION,0.56793764035182026
ABLATE_PRICES,2022Q1,H1,standard,1,usd_uzs,FINANCIAL,-0.090697783460872899
ABLATE_PRICES,2022Q1,H1,standard,1,rub_uzs,FINANCIAL,0.0417452804982123
ABLATE_PRICES,2022Q1,H1,standard,1,gold_price,EXTERNAL,-0.094810785459434402
ABLATE_PRICES,2022Q1,H1,standard,1,m2,FINANCIAL,0.19495202846415591
ABLATE_PRICES,2022Q1,H1,standard,1,fx_reserves_ex_gold,FINANCIAL,-0.41418461427770331
ABLATE_PRICES,2022Q1,H1,standard,1,pos_turnover,PAYMENTS,0.30538880095325821
ABLATE_PRICES,2022Q1,H2,standard,1,industrial_production,PRODUCTION,0.55217938526159538
ABLATE_PRICES,2022Q1,H2,standard,1,usd_uzs,FINANCIAL,-0.090177840097354606
ABLATE_PRICES,2022Q1,H2,standard,1,rub_uzs,FINANCIAL,0.043968233939587702
ABLATE_PRICES,2022Q1,H2,standard,1,gold_price,EXTERNAL,-0.091897953982224403
ABLATE_PRICES,2022Q1,H2,standard,1,m2,FINANCIAL,0.18114302367317331
ABLATE_PRICES,2022Q1,H2,standard,1,fx_reserves_ex_gold,FINANCIAL,-0.41265163603160138
ABLATE_PRICES,2022Q1,H2,standard,1,pos_turnover,PAYMENTS,0.2997678555560892
ABLATE_PRICES,2022Q1,H3,standard,1,industrial_production,PRODUCTION,0.55217938526159538
ABLATE_PRICES,2022Q1,H3,standard,1,usd_uzs,FINANCIAL,-0.090177840097354606
ABLATE_PRICES,2022Q1,H3,standard,1,rub_uzs,FINANCIAL,0.043968233939587702
ABLATE_PRICES,2022Q1,H3,standard,1,gold_price,EXTERNAL,-0.091897953982224403
ABLATE_PRICES,2022Q1,H3,standard,1,m2,FINANCIAL,0.18114302367317331
ABLATE_PRICES,2022Q1,H3,standard,1,fx_reserves_ex_gold,FINANCIAL,-0.41265163603160138
ABLATE_PRICES,2022Q1,H3,standard,1,pos_turnover,PAYMENTS,0.2997678555560892
ABLATE_PRICES,2022Q2,H1,standard,1,industrial_production,PRODUCTION,0.57665712621377885
ABLATE_PRICES,2022Q2,H1,standard,1,usd_uzs,FINANCIAL,-0.080439186561684098
ABLATE_PRICES,2022Q2,H1,standard,1,rub_uzs,FINANCIAL,-0.050177602579140598
ABLATE_PRICES,2022Q2,H1,standard,1,gold_price,EXTERNAL,-0.067464937891527396
ABLATE_PRICES,2022Q2,H1,standard,1,m2,FINANCIAL,0.23966275029074599
ABLATE_PRICES,2022Q2,H1,standard,1,fx_reserves_ex_gold,FINANCIAL,-0.4188851848876437
ABLATE_PRICES,2022Q2,H1,standard,1,pos_turnover,PAYMENTS,0.33811968086840172
ABLATE_PRICES,2022Q2,H2,standard,1,industrial_production,PRODUCTION,0.57572411755189234
ABLATE_PRICES,2022Q2,H2,standard,1,usd_uzs,FINANCIAL,-0.088462907484324907
ABLATE_PRICES,2022Q2,H2,standard,1,rub_uzs,FINANCIAL,-0.029517372528377901
ABLATE_PRICES,2022Q2,H2,standard,1,gold_price,EXTERNAL,-0.073684842799499606
ABLATE_PRICES,2022Q2,H2,standard,1,m2,FINANCIAL,0.22876327198528509
ABLATE_PRICES,2022Q2,H2,standard,1,fx_reserves_ex_gold,FINANCIAL,-0.41959432797638962
ABLATE_PRICES,2022Q2,H2,standard,1,pos_turnover,PAYMENTS,0.33442966547339559
ABLATE_PRICES,2022Q2,H3,standard,1,industrial_production,PRODUCTION,0.57572411755189234
ABLATE_PRICES,2022Q2,H3,standard,1,usd_uzs,FINANCIAL,-0.088462907484324907
ABLATE_PRICES,2022Q2,H3,standard,1,rub_uzs,FINANCIAL,-0.029517372528377901
ABLATE_PRICES,2022Q2,H3,standard,1,gold_price,EXTERNAL,-0.073684842799499606
ABLATE_PRICES,2022Q2,H3,standard,1,m2,FINANCIAL,0.22876327198528509
ABLATE_PRICES,2022Q2,H3,standard,1,fx_reserves_ex_gold,FINANCIAL,-0.41959432797638962
ABLATE_PRICES,2022Q2,H3,standard,1,pos_turnover,PAYMENTS,0.33442966547339559
ABLATE_PRICES,2022Q3,H1,standard,1,industrial_production,PRODUCTION,0.4052181331147221
ABLATE_PRICES,2022Q3,H1,standard,1,usd_uzs,FINANCIAL,-0.039306887582336997
ABLATE_PRICES,2022Q3,H1,standard,1,rub_uzs,FINANCIAL,0.033370593018820602
ABLATE_PRICES,2022Q3,H1,standard,1,gold_price,EXTERNAL,-0.057392857937429501
ABLATE_PRICES,2022Q3,H1,standard,1,m2,FINANCIAL,0.17623585695864891
ABLATE_PRICES,2022Q3,H1,standard,1,fx_reserves_ex_gold,FINANCIAL,-0.31546622584695688
ABLATE_PRICES,2022Q3,H1,standard,1,pos_turnover,PAYMENTS,0.2317991731740702
ABLATE_PRICES,2022Q3,H2,standard,1,industrial_production,PRODUCTION,0.36440207806120067
ABLATE_PRICES,2022Q3,H2,standard,1,usd_uzs,FINANCIAL,-0.029270565706656999
ABLATE_PRICES,2022Q3,H2,standard,1,rub_uzs,FINANCIAL,0.0250532036589187
ABLATE_PRICES,2022Q3,H2,standard,1,gold_price,EXTERNAL,-0.048027417577836497
ABLATE_PRICES,2022Q3,H2,standard,1,m2,FINANCIAL,0.15177931950827361
ABLATE_PRICES,2022Q3,H2,standard,1,fx_reserves_ex_gold,FINANCIAL,-0.28272404465346962
ABLATE_PRICES,2022Q3,H2,standard,1,pos_turnover,PAYMENTS,0.2018779494235603
ABLATE_PRICES,2022Q3,H3,standard,1,industrial_production,PRODUCTION,0.36440207806120067
ABLATE_PRICES,2022Q3,H3,standard,1,usd_uzs,FINANCIAL,-0.029270565706656999
ABLATE_PRICES,2022Q3,H3,standard,1,rub_uzs,FINANCIAL,0.0250532036589187
ABLATE_PRICES,2022Q3,H3,standard,1,gold_price,EXTERNAL,-0.048027417577836497
ABLATE_PRICES,2022Q3,H3,standard,1,m2,FINANCIAL,0.15177931950827361
ABLATE_PRICES,2022Q3,H3,standard,1,fx_reserves_ex_gold,FINANCIAL,-0.28272404465346962
ABLATE_PRICES,2022Q3,H3,standard,1,pos_turnover,PAYMENTS,0.2018779494235603
ABLATE_PRICES,2023Q1,H1,standard,1,industrial_production,PRODUCTION,0.21333604517812149
ABLATE_PRICES,2023Q1,H1,standard,1,usd_uzs,FINANCIAL,-0.092101623943147207
ABLATE_PRICES,2023Q1,H1,standard,1,rub_uzs,FINANCIAL,0.055660493118491201
ABLATE_PRICES,2023Q1,H1,standard,1,gold_price,EXTERNAL,-0.12050823156199959
ABLATE_PRICES,2023Q1,H1,standard,1,m2,FINANCIAL,0.54748979688643618
ABLATE_PRICES,2023Q1,H1,standard,1,fx_reserves_ex_gold,FINANCIAL,-0.21291456803916661
ABLATE_PRICES,2023Q1,H1,standard,1,pos_turnover,PAYMENTS,0.45921410284588382
ABLATE_PRICES,2023Q1,H2,standard,1,industrial_production,PRODUCTION,0.2090857302828244
ABLATE_PRICES,2023Q1,H2,standard,1,usd_uzs,FINANCIAL,-0.092070875939903096
ABLATE_PRICES,2023Q1,H2,standard,1,rub_uzs,FINANCIAL,0.056069894534677298
ABLATE_PRICES,2023Q1,H2,standard,1,gold_price,EXTERNAL,-0.120525888600965
ABLATE_PRICES,2023Q1,H2,standard,1,m2,FINANCIAL,0.54788834506085593
ABLATE_PRICES,2023Q1,H2,standard,1,fx_reserves_ex_gold,FINANCIAL,-0.2126378497792043
ABLATE_PRICES,2023Q1,H2,standard,1,pos_turnover,PAYMENTS,0.4591934084274692
ABLATE_PRICES,2023Q1,H3,standard,1,industrial_production,PRODUCTION,0.2090857302828244
ABLATE_PRICES,2023Q1,H3,standard,1,usd_uzs,FINANCIAL,-0.092070875939903096
ABLATE_PRICES,2023Q1,H3,standard,1,rub_uzs,FINANCIAL,0.056069894534677298
ABLATE_PRICES,2023Q1,H3,standard,1,gold_price,EXTERNAL,-0.120525888600965
ABLATE_PRICES,2023Q1,H3,standard,1,m2,FINANCIAL,0.54788834506085593
ABLATE_PRICES,2023Q1,H3,standard,1,fx_reserves_ex_gold,FINANCIAL,-0.2126378497792043
ABLATE_PRICES,2023Q1,H3,standard,1,pos_turnover,PAYMENTS,0.4591934084274692
ABLATE_PRICES,2023Q2,H1,standard,1,industrial_production,PRODUCTION,0.078684790341807906
ABLATE_PRICES,2023Q2,H1,standard,1,usd_uzs,FINANCIAL,-0.092940040599044996
ABLATE_PRICES,2023Q2,H1,standard,1,rub_uzs,FINANCIAL,0.015823301413942399
ABLATE_PRICES,2023Q2,H1,standard,1,gold_price,EXTERNAL,-0.085274702139535599
ABLATE_PRICES,2023Q2,H1,standard,1,m2,FINANCIAL,0.55709044351005044
ABLATE_PRICES,2023Q2,H1,standard,1,fx_reserves_ex_gold,FINANCIAL,-0.25826968543483442
ABLATE_PRICES,2023Q2,H1,standard,1,pos_turnover,PAYMENTS,0.47660257184708948
ABLATE_PRICES,2023Q2,H2,standard,1,industrial_production,PRODUCTION,0.077097364571650104
ABLATE_PRICES,2023Q2,H2,standard,1,usd_uzs,FINANCIAL,-0.092534541138061394
ABLATE_PRICES,2023Q2,H2,standard,1,rub_uzs,FINANCIAL,0.015822504996111798
ABLATE_PRICES,2023Q2,H2,standard,1,gold_price,EXTERNAL,-0.084892932931811896
ABLATE_PRICES,2023Q2,H2,standard,1,m2,FINANCIAL,0.55469076725674316
ABLATE_PRICES,2023Q2,H2,standard,1,fx_reserves_ex_gold,FINANCIAL,-0.2571077453117589
ABLATE_PRICES,2023Q2,H2,standard,1,pos_turnover,PAYMENTS,0.47450690918102562
ABLATE_PRICES,2023Q2,H3,standard,1,industrial_production,PRODUCTION,0.077097364571650104
ABLATE_PRICES,2023Q2,H3,standard,1,usd_uzs,FINANCIAL,-0.092534541138061394
ABLATE_PRICES,2023Q2,H3,standard,1,rub_uzs,FINANCIAL,0.015822504996111798
ABLATE_PRICES,2023Q2,H3,standard,1,gold_price,EXTERNAL,-0.084892932931811896
ABLATE_PRICES,2023Q2,H3,standard,1,m2,FINANCIAL,0.55469076725674316
ABLATE_PRICES,2023Q2,H3,standard,1,fx_reserves_ex_gold,FINANCIAL,-0.2571077453117589
ABLATE_PRICES,2023Q2,H3,standard,1,pos_turnover,PAYMENTS,0.47450690918102562
ABLATE_PRICES,2023Q3,H1,standard,1,industrial_production,PRODUCTION,0.098987089462659203
ABLATE_PRICES,2023Q3,H1,standard,1,usd_uzs,FINANCIAL,-0.093599942800577401
ABLATE_PRICES,2023Q3,H1,standard,1,rub_uzs,FINANCIAL,0.0064426175894316002
ABLATE_PRICES,2023Q3,H1,standard,1,gold_price,EXTERNAL,-0.077571516832438098
ABLATE_PRICES,2023Q3,H1,standard,1,m2,FINANCIAL,0.4720542645334701
ABLATE_PRICES,2023Q3,H1,standard,1,fx_reserves_ex_gold,FINANCIAL,-0.20913987124191361
ABLATE_PRICES,2023Q3,H1,standard,1,pos_turnover,PAYMENTS,0.42633645062948422
ABLATE_PRICES,2023Q3,H2,standard,1,industrial_production,PRODUCTION,0.099023397404368801
ABLATE_PRICES,2023Q3,H2,standard,1,usd_uzs,FINANCIAL,-0.093728057712067298
ABLATE_PRICES,2023Q3,H2,standard,1,rub_uzs,FINANCIAL,0.0062814446236470999
ABLATE_PRICES,2023Q3,H2,standard,1,gold_price,EXTERNAL,-0.077581669622581603
ABLATE_PRICES,2023Q3,H2,standard,1,m2,FINANCIAL,0.47017262121004522
ABLATE_PRICES,2023Q3,H2,standard,1,fx_reserves_ex_gold,FINANCIAL,-0.20923413326568921
ABLATE_PRICES,2023Q3,H2,standard,1,pos_turnover,PAYMENTS,0.4254025315204481
ABLATE_PRICES,2023Q3,H3,standard,1,industrial_production,PRODUCTION,0.099023397404368801
ABLATE_PRICES,2023Q3,H3,standard,1,usd_uzs,FINANCIAL,-0.093728057712067298
ABLATE_PRICES,2023Q3,H3,standard,1,rub_uzs,FINANCIAL,0.0062814446236470999
ABLATE_PRICES,2023Q3,H3,standard,1,gold_price,EXTERNAL,-0.077581669622581603
ABLATE_PRICES,2023Q3,H3,standard,1,m2,FINANCIAL,0.47017262121004522
ABLATE_PRICES,2023Q3,H3,standard,1,fx_reserves_ex_gold,FINANCIAL,-0.20923413326568921
ABLATE_PRICES,2023Q3,H3,standard,1,pos_turnover,PAYMENTS,0.4254025315204481
ABLATE_PRICES,2023Q4,H1,standard,1,industrial_production,PRODUCTION,0.1081697892177962
ABLATE_PRICES,2023Q4,H1,standard,1,usd_uzs,FINANCIAL,-0.1095055816021656
ABLATE_PRICES,2023Q4,H1,standard,1,rub_uzs,FINANCIAL,0.0059728242062895001
ABLATE_PRICES,2023Q4,H1,standard,1,gold_price,EXTERNAL,-0.082456024447929599
ABLATE_PRICES,2023Q4,H1,standard,1,m2,FINANCIAL,0.47118492850077792
ABLATE_PRICES,2023Q4,H1,standard,1,fx_reserves_ex_gold,FINANCIAL,-0.18208810267337749
ABLATE_PRICES,2023Q4,H1,standard,1,pos_turnover,PAYMENTS,0.4346122165121723
ABLATE_PRICES,2023Q4,H2,standard,1,industrial_production,PRODUCTION,0.1070440294371459
ABLATE_PRICES,2023Q4,H2,standard,1,usd_uzs,FINANCIAL,-0.1093248801965396
ABLATE_PRICES,2023Q4,H2,standard,1,rub_uzs,FINANCIAL,0.0056751652804924004
ABLATE_PRICES,2023Q4,H2,standard,1,gold_price,EXTERNAL,-0.082625994054149096
ABLATE_PRICES,2023Q4,H2,standard,1,m2,FINANCIAL,0.46957932210075581
ABLATE_PRICES,2023Q4,H2,standard,1,fx_reserves_ex_gold,FINANCIAL,-0.18280190695640919
ABLATE_PRICES,2023Q4,H2,standard,1,pos_turnover,PAYMENTS,0.43419404502310011
ABLATE_PRICES,2023Q4,H3,standard,1,industrial_production,PRODUCTION,0.1070440294371459
ABLATE_PRICES,2023Q4,H3,standard,1,usd_uzs,FINANCIAL,-0.1093248801965396
ABLATE_PRICES,2023Q4,H3,standard,1,rub_uzs,FINANCIAL,0.0056751652804924004
ABLATE_PRICES,2023Q4,H3,standard,1,gold_price,EXTERNAL,-0.082625994054149096
ABLATE_PRICES,2023Q4,H3,standard,1,m2,FINANCIAL,0.46957932210075581
ABLATE_PRICES,2023Q4,H3,standard,1,fx_reserves_ex_gold,FINANCIAL,-0.18280190695640919
ABLATE_PRICES,2023Q4,H3,standard,1,pos_turnover,PAYMENTS,0.43419404502310011
ABLATE_PRICES,2024Q1,H1,standard,1,industrial_production,PRODUCTION,0.087781583471625499
ABLATE_PRICES,2024Q1,H1,standard,1,usd_uzs,FINANCIAL,-0.10595765605584111
ABLATE_PRICES,2024Q1,H1,standard,1,rub_uzs,FINANCIAL,0.0038324457828411
ABLATE_PRICES,2024Q1,H1,standard,1,gold_price,EXTERNAL,-0.086741679647528699
ABLATE_PRICES,2024Q1,H1,standard,1,m2,FINANCIAL,0.51155565330799746
ABLATE_PRICES,2024Q1,H1,standard,1,fx_reserves_ex_gold,FINANCIAL,-0.14569830247452131
ABLATE_PRICES,2024Q1,H1,standard,1,pos_turnover,PAYMENTS,0.44021887505471302
ABLATE_PRICES,2024Q1,H2,standard,1,industrial_production,PRODUCTION,0.083167995438986494
ABLATE_PRICES,2024Q1,H2,standard,1,usd_uzs,FINANCIAL,-0.1061284014694094
ABLATE_PRICES,2024Q1,H2,standard,1,rub_uzs,FINANCIAL,0.0038564074746018999
ABLATE_PRICES,2024Q1,H2,standard,1,gold_price,EXTERNAL,-0.086758180960833195
ABLATE_PRICES,2024Q1,H2,standard,1,m2,FINANCIAL,0.51248043707600366
ABLATE_PRICES,2024Q1,H2,standard,1,fx_reserves_ex_gold,FINANCIAL,-0.1457871845367226
ABLATE_PRICES,2024Q1,H2,standard,1,pos_turnover,PAYMENTS,0.44091293647306817
ABLATE_PRICES,2024Q1,H3,standard,1,industrial_production,PRODUCTION,0.083167995438986494
ABLATE_PRICES,2024Q1,H3,standard,1,usd_uzs,FINANCIAL,-0.1061284014694094
ABLATE_PRICES,2024Q1,H3,standard,1,rub_uzs,FINANCIAL,0.0038564074746018999
ABLATE_PRICES,2024Q1,H3,standard,1,gold_price,EXTERNAL,-0.086758180960833195
ABLATE_PRICES,2024Q1,H3,standard,1,m2,FINANCIAL,0.51248043707600366
ABLATE_PRICES,2024Q1,H3,standard,1,fx_reserves_ex_gold,FINANCIAL,-0.1457871845367226
ABLATE_PRICES,2024Q1,H3,standard,1,pos_turnover,PAYMENTS,0.44091293647306817
ABLATE_PRICES,2024Q2,H1,standard,1,industrial_production,PRODUCTION,0.0166693205677323
ABLATE_PRICES,2024Q2,H1,standard,1,usd_uzs,FINANCIAL,-0.1049578678615606
ABLATE_PRICES,2024Q2,H1,standard,1,rub_uzs,FINANCIAL,0.0110184903321258
ABLATE_PRICES,2024Q2,H1,standard,1,gold_price,EXTERNAL,-0.080259119840904405
ABLATE_PRICES,2024Q2,H1,standard,1,m2,FINANCIAL,0.574913175756116
ABLATE_PRICES,2024Q2,H1,standard,1,fx_reserves_ex_gold,FINANCIAL,-0.099717428374875405
ABLATE_PRICES,2024Q2,H1,standard,1,pos_turnover,PAYMENTS,0.4541134923778265
ABLATE_PRICES,2024Q2,H2,standard,1,industrial_production,PRODUCTION,0.015558314717040601
ABLATE_PRICES,2024Q2,H2,standard,1,usd_uzs,FINANCIAL,-0.1031681772309256
ABLATE_PRICES,2024Q2,H2,standard,1,rub_uzs,FINANCIAL,0.01059773045889
ABLATE_PRICES,2024Q2,H2,standard,1,gold_price,EXTERNAL,-0.078868933185207907
ABLATE_PRICES,2024Q2,H2,standard,1,m2,FINANCIAL,0.56373026033172546
ABLATE_PRICES,2024Q2,H2,standard,1,fx_reserves_ex_gold,FINANCIAL,-0.098183321412859098
ABLATE_PRICES,2024Q2,H2,standard,1,pos_turnover,PAYMENTS,0.44580833038319417
ABLATE_PRICES,2024Q2,H3,standard,1,industrial_production,PRODUCTION,0.015558314717040601
ABLATE_PRICES,2024Q2,H3,standard,1,usd_uzs,FINANCIAL,-0.1031681772309256
ABLATE_PRICES,2024Q2,H3,standard,1,rub_uzs,FINANCIAL,0.01059773045889
ABLATE_PRICES,2024Q2,H3,standard,1,gold_price,EXTERNAL,-0.078868933185207907
ABLATE_PRICES,2024Q2,H3,standard,1,m2,FINANCIAL,0.56373026033172546
ABLATE_PRICES,2024Q2,H3,standard,1,fx_reserves_ex_gold,FINANCIAL,-0.098183321412859098
ABLATE_PRICES,2024Q2,H3,standard,1,pos_turnover,PAYMENTS,0.44580833038319417
ABLATE_PRICES,2024Q3,H1,standard,1,industrial_production,PRODUCTION,0.0133488193482885
ABLATE_PRICES,2024Q3,H1,standard,1,usd_uzs,FINANCIAL,-0.1057648782725788
ABLATE_PRICES,2024Q3,H1,standard,1,rub_uzs,FINANCIAL,0.0142570781738995
ABLATE_PRICES,2024Q3,H1,standard,1,gold_price,EXTERNAL,-0.075676564280205402
ABLATE_PRICES,2024Q3,H1,standard,1,m2,FINANCIAL,0.56639431975262067
ABLATE_PRICES,2024Q3,H1,standard,1,fx_reserves_ex_gold,FINANCIAL,-0.095245879622174304
ABLATE_PRICES,2024Q3,H1,standard,1,pos_turnover,PAYMENTS,0.43751384618161238
ABLATE_PRICES,2024Q3,H2,standard,1,industrial_production,PRODUCTION,0.016934780042819401
ABLATE_PRICES,2024Q3,H2,standard,1,usd_uzs,FINANCIAL,-0.1059454550750278
ABLATE_PRICES,2024Q3,H2,standard,1,rub_uzs,FINANCIAL,0.014049499629256
ABLATE_PRICES,2024Q3,H2,standard,1,gold_price,EXTERNAL,-0.075770512773146906
ABLATE_PRICES,2024Q3,H2,standard,1,m2,FINANCIAL,0.56587766532155614
ABLATE_PRICES,2024Q3,H2,standard,1,fx_reserves_ex_gold,FINANCIAL,-0.095731692716378103
ABLATE_PRICES,2024Q3,H2,standard,1,pos_turnover,PAYMENTS,0.43773522725249442
ABLATE_PRICES,2024Q3,H3,standard,1,industrial_production,PRODUCTION,0.016934780042819401
ABLATE_PRICES,2024Q3,H3,standard,1,usd_uzs,FINANCIAL,-0.1059454550750278
ABLATE_PRICES,2024Q3,H3,standard,1,rub_uzs,FINANCIAL,0.014049499629256
ABLATE_PRICES,2024Q3,H3,standard,1,gold_price,EXTERNAL,-0.075770512773146906
ABLATE_PRICES,2024Q3,H3,standard,1,m2,FINANCIAL,0.56587766532155614
ABLATE_PRICES,2024Q3,H3,standard,1,fx_reserves_ex_gold,FINANCIAL,-0.095731692716378103
ABLATE_PRICES,2024Q3,H3,standard,1,pos_turnover,PAYMENTS,0.43773522725249442
ABLATE_PRICES,2024Q4,H1,standard,1,industrial_production,PRODUCTION,0.023389860283847801
ABLATE_PRICES,2024Q4,H1,standard,1,usd_uzs,FINANCIAL,-0.1091780399412669
ABLATE_PRICES,2024Q4,H1,standard,1,rub_uzs,FINANCIAL,0.0094578624624332992
ABLATE_PRICES,2024Q4,H1,standard,1,gold_price,EXTERNAL,-0.063029590099463698
ABLATE_PRICES,2024Q4,H1,standard,1,m2,FINANCIAL,0.56077817232913496
ABLATE_PRICES,2024Q4,H1,standard,1,fx_reserves_ex_gold,FINANCIAL,-0.088694179802039502
ABLATE_PRICES,2024Q4,H1,standard,1,pos_turnover,PAYMENTS,0.42385664967175518
ABLATE_PRICES,2024Q4,H2,standard,1,industrial_production,PRODUCTION,0.025898233629472099
ABLATE_PRICES,2024Q4,H2,standard,1,usd_uzs,FINANCIAL,-0.1091177936640822
ABLATE_PRICES,2024Q4,H2,standard,1,rub_uzs,FINANCIAL,0.0095152477229318994
ABLATE_PRICES,2024Q4,H2,standard,1,gold_price,EXTERNAL,-0.062971513105451002
ABLATE_PRICES,2024Q4,H2,standard,1,m2,FINANCIAL,0.56049136663301313
ABLATE_PRICES,2024Q4,H2,standard,1,fx_reserves_ex_gold,FINANCIAL,-0.088706605720152001
ABLATE_PRICES,2024Q4,H2,standard,1,pos_turnover,PAYMENTS,0.42361315792211701
ABLATE_PRICES,2024Q4,H3,standard,1,industrial_production,PRODUCTION,0.025898233629472099
ABLATE_PRICES,2024Q4,H3,standard,1,usd_uzs,FINANCIAL,-0.1091177936640822
ABLATE_PRICES,2024Q4,H3,standard,1,rub_uzs,FINANCIAL,0.0095152477229318994
ABLATE_PRICES,2024Q4,H3,standard,1,gold_price,EXTERNAL,-0.062971513105451002
ABLATE_PRICES,2024Q4,H3,standard,1,m2,FINANCIAL,0.56049136663301313
ABLATE_PRICES,2024Q4,H3,standard,1,fx_reserves_ex_gold,FINANCIAL,-0.088706605720152001
ABLATE_PRICES,2024Q4,H3,standard,1,pos_turnover,PAYMENTS,0.42361315792211701
ABLATE_PRICES,2025Q1,H1,standard,1,industrial_production,PRODUCTION,0.037160536504413803
ABLATE_PRICES,2025Q1,H1,standard,1,usd_uzs,FINANCIAL,-0.1058526004005548
ABLATE_PRICES,2025Q1,H1,standard,1,rub_uzs,FINANCIAL,-0.0077865967947873
ABLATE_PRICES,2025Q1,H1,standard,1,gold_price,EXTERNAL,-0.056675198520952701
ABLATE_PRICES,2025Q1,H1,standard,1,m2,FINANCIAL,0.5179222845623529
ABLATE_PRICES,2025Q1,H1,standard,1,fx_reserves_ex_gold,FINANCIAL,-0.0638696518246058
ABLATE_PRICES,2025Q1,H1,standard,1,pos_turnover,PAYMENTS,0.36400705383879201
ABLATE_PRICES,2025Q1,H2,standard,1,industrial_production,PRODUCTION,0.040757872917124099
ABLATE_PRICES,2025Q1,H2,standard,1,usd_uzs,FINANCIAL,-0.1057130721225862
ABLATE_PRICES,2025Q1,H2,standard,1,rub_uzs,FINANCIAL,-0.0077408733396744003
ABLATE_PRICES,2025Q1,H2,standard,1,gold_price,EXTERNAL,-0.0566290517510461
ABLATE_PRICES,2025Q1,H2,standard,1,m2,FINANCIAL,0.51684347262419561
ABLATE_PRICES,2025Q1,H2,standard,1,fx_reserves_ex_gold,FINANCIAL,-0.063998189540534794
ABLATE_PRICES,2025Q1,H2,standard,1,pos_turnover,PAYMENTS,0.36338882321503041
ABLATE_PRICES,2025Q1,H3,standard,1,industrial_production,PRODUCTION,0.040757872917124099
ABLATE_PRICES,2025Q1,H3,standard,1,usd_uzs,FINANCIAL,-0.1057130721225862
ABLATE_PRICES,2025Q1,H3,standard,1,rub_uzs,FINANCIAL,-0.0077408733396744003
ABLATE_PRICES,2025Q1,H3,standard,1,gold_price,EXTERNAL,-0.0566290517510461
ABLATE_PRICES,2025Q1,H3,standard,1,m2,FINANCIAL,0.51684347262419561
ABLATE_PRICES,2025Q1,H3,standard,1,fx_reserves_ex_gold,FINANCIAL,-0.063998189540534794
ABLATE_PRICES,2025Q1,H3,standard,1,pos_turnover,PAYMENTS,0.36338882321503041
ABLATE_PRICES,2025Q2,H1,standard,1,industrial_production,PRODUCTION,0.021364669829167401
ABLATE_PRICES,2025Q2,H1,standard,1,usd_uzs,FINANCIAL,-0.1148888555225812
ABLATE_PRICES,2025Q2,H1,standard,1,rub_uzs,FINANCIAL,0.033582896687513401
ABLATE_PRICES,2025Q2,H1,standard,1,gold_price,EXTERNAL,-0.020416995952871098
ABLATE_PRICES,2025Q2,H1,standard,1,m2,FINANCIAL,0.57906802788891354
ABLATE_PRICES,2025Q2,H1,standard,1,fx_reserves_ex_gold,FINANCIAL,-0.0051639287067923
ABLATE_PRICES,2025Q2,H1,standard,1,pos_turnover,PAYMENTS,0.38292499190585511
ABLATE_PRICES,2025Q2,H2,standard,1,industrial_production,PRODUCTION,0.0251264888654462
ABLATE_PRICES,2025Q2,H2,standard,1,usd_uzs,FINANCIAL,-0.1148025913930526
ABLATE_PRICES,2025Q2,H2,standard,1,rub_uzs,FINANCIAL,0.033469973353740502
ABLATE_PRICES,2025Q2,H2,standard,1,gold_price,EXTERNAL,-0.020397651914840699
ABLATE_PRICES,2025Q2,H2,standard,1,m2,FINANCIAL,0.57819811462355508
ABLATE_PRICES,2025Q2,H2,standard,1,fx_reserves_ex_gold,FINANCIAL,-0.0052978598636882999
ABLATE_PRICES,2025Q2,H2,standard,1,pos_turnover,PAYMENTS,0.38253439158689478
ABLATE_PRICES,2025Q2,H3,standard,1,industrial_production,PRODUCTION,0.0251264888654462
ABLATE_PRICES,2025Q2,H3,standard,1,usd_uzs,FINANCIAL,-0.1148025913930526
ABLATE_PRICES,2025Q2,H3,standard,1,rub_uzs,FINANCIAL,0.033469973353740502
ABLATE_PRICES,2025Q2,H3,standard,1,gold_price,EXTERNAL,-0.020397651914840699
ABLATE_PRICES,2025Q2,H3,standard,1,m2,FINANCIAL,0.57819811462355508
ABLATE_PRICES,2025Q2,H3,standard,1,fx_reserves_ex_gold,FINANCIAL,-0.0052978598636882999
ABLATE_PRICES,2025Q2,H3,standard,1,pos_turnover,PAYMENTS,0.38253439158689478
ABLATE_PRODUCTION,2022Q1,H1,standard,1,ppi,PRICES,0.31858616979514581
ABLATE_PRODUCTION,2022Q1,H1,standard,1,usd_uzs,FINANCIAL,0.55351044360435764
ABLATE_PRODUCTION,2022Q1,H1,standard,1,rub_uzs,FINANCIAL,0.17446411622658509
ABLATE_PRODUCTION,2022Q1,H1,standard,1,gold_price,EXTERNAL,0.25523781429488301
ABLATE_PRODUCTION,2022Q1,H1,standard,1,m2,FINANCIAL,0.071998058078006993
ABLATE_PRODUCTION,2022Q1,H1,standard,1,fx_reserves_ex_gold,FINANCIAL,0.011923588958375799
ABLATE_PRODUCTION,2022Q1,H1,standard,1,pos_turnover,PAYMENTS,-0.223483301216749
ABLATE_PRODUCTION,2022Q1,H2,standard,1,ppi,PRICES,0.31858616979514581
ABLATE_PRODUCTION,2022Q1,H2,standard,1,usd_uzs,FINANCIAL,0.55351044360435764
ABLATE_PRODUCTION,2022Q1,H2,standard,1,rub_uzs,FINANCIAL,0.17446411622658509
ABLATE_PRODUCTION,2022Q1,H2,standard,1,gold_price,EXTERNAL,0.25523781429488301
ABLATE_PRODUCTION,2022Q1,H2,standard,1,m2,FINANCIAL,0.071998058078006993
ABLATE_PRODUCTION,2022Q1,H2,standard,1,fx_reserves_ex_gold,FINANCIAL,0.011923588958375799
ABLATE_PRODUCTION,2022Q1,H2,standard,1,pos_turnover,PAYMENTS,-0.223483301216749
ABLATE_PRODUCTION,2022Q1,H3,standard,1,ppi,PRICES,0.31858616979514581
ABLATE_PRODUCTION,2022Q1,H3,standard,1,usd_uzs,FINANCIAL,0.55351044360435764
ABLATE_PRODUCTION,2022Q1,H3,standard,1,rub_uzs,FINANCIAL,0.17446411622658509
ABLATE_PRODUCTION,2022Q1,H3,standard,1,gold_price,EXTERNAL,0.25523781429488301
ABLATE_PRODUCTION,2022Q1,H3,standard,1,m2,FINANCIAL,0.071998058078006993
ABLATE_PRODUCTION,2022Q1,H3,standard,1,fx_reserves_ex_gold,FINANCIAL,0.011923588958375799
ABLATE_PRODUCTION,2022Q1,H3,standard,1,pos_turnover,PAYMENTS,-0.223483301216749
ABLATE_PRODUCTION,2022Q3,H1,standard,1,ppi,PRICES,0.065042913786854395
ABLATE_PRODUCTION,2022Q3,H1,standard,1,usd_uzs,FINANCIAL,-0.078541096067225799
ABLATE_PRODUCTION,2022Q3,H1,standard,1,rub_uzs,FINANCIAL,0.17998805364364551
ABLATE_PRODUCTION,2022Q3,H1,standard,1,gold_price,EXTERNAL,-0.070080377408837005
ABLATE_PRODUCTION,2022Q3,H1,standard,1,m2,FINANCIAL,0.52702740607991316
ABLATE_PRODUCTION,2022Q3,H1,standard,1,fx_reserves_ex_gold,FINANCIAL,-0.1026623359449617
ABLATE_PRODUCTION,2022Q3,H1,standard,1,pos_turnover,PAYMENTS,0.33626128574770658
ABLATE_PRODUCTION,2022Q3,H2,standard,1,ppi,PRICES,0.065042913786854395
ABLATE_PRODUCTION,2022Q3,H2,standard,1,usd_uzs,FINANCIAL,-0.078541096067225799
ABLATE_PRODUCTION,2022Q3,H2,standard,1,rub_uzs,FINANCIAL,0.17998805364364551
ABLATE_PRODUCTION,2022Q3,H2,standard,1,gold_price,EXTERNAL,-0.070080377408837005
ABLATE_PRODUCTION,2022Q3,H2,standard,1,m2,FINANCIAL,0.52702740607991316
ABLATE_PRODUCTION,2022Q3,H2,standard,1,fx_reserves_ex_gold,FINANCIAL,-0.1026623359449617
ABLATE_PRODUCTION,2022Q3,H2,standard,1,pos_turnover,PAYMENTS,0.33626128574770658
ABLATE_PRODUCTION,2022Q3,H3,standard,1,ppi,PRICES,0.065042913786854395
ABLATE_PRODUCTION,2022Q3,H3,standard,1,usd_uzs,FINANCIAL,-0.078541096067225799
ABLATE_PRODUCTION,2022Q3,H3,standard,1,rub_uzs,FINANCIAL,0.17998805364364551
ABLATE_PRODUCTION,2022Q3,H3,standard,1,gold_price,EXTERNAL,-0.070080377408837005
ABLATE_PRODUCTION,2022Q3,H3,standard,1,m2,FINANCIAL,0.52702740607991316
ABLATE_PRODUCTION,2022Q3,H3,standard,1,fx_reserves_ex_gold,FINANCIAL,-0.1026623359449617
ABLATE_PRODUCTION,2022Q3,H3,standard,1,pos_turnover,PAYMENTS,0.33626128574770658
ABLATE_PRODUCTION,2023Q1,H1,standard,1,ppi,PRICES,0.0076128758682422002
ABLATE_PRODUCTION,2023Q1,H1,standard,1,usd_uzs,FINANCIAL,-0.084447646126853904
ABLATE_PRODUCTION,2023Q1,H1,standard,1,rub_uzs,FINANCIAL,0.058719561874017903
ABLATE_PRODUCTION,2023Q1,H1,standard,1,gold_price,EXTERNAL,-0.1116631000512858
ABLATE_PRODUCTION,2023Q1,H1,standard,1,m2,FINANCIAL,0.526015719599502
ABLATE_PRODUCTION,2023Q1,H1,standard,1,fx_reserves_ex_gold,FINANCIAL,-0.19316646385711639
ABLATE_PRODUCTION,2023Q1,H1,standard,1,pos_turnover,PAYMENTS,0.43212532291209221
ABLATE_PRODUCTION,2023Q1,H2,standard,1,ppi,PRICES,0.0076128758682422002
ABLATE_PRODUCTION,2023Q1,H2,standard,1,usd_uzs,FINANCIAL,-0.084447646126853904
ABLATE_PRODUCTION,2023Q1,H2,standard,1,rub_uzs,FINANCIAL,0.058719561874017903
ABLATE_PRODUCTION,2023Q1,H2,standard,1,gold_price,EXTERNAL,-0.1116631000512858
ABLATE_PRODUCTION,2023Q1,H2,standard,1,m2,FINANCIAL,0.526015719599502
ABLATE_PRODUCTION,2023Q1,H2,standard,1,fx_reserves_ex_gold,FINANCIAL,-0.19316646385711639
ABLATE_PRODUCTION,2023Q1,H2,standard,1,pos_turnover,PAYMENTS,0.43212532291209221
ABLATE_PRODUCTION,2023Q1,H3,standard,1,ppi,PRICES,0.0076128758682422002
ABLATE_PRODUCTION,2023Q1,H3,standard,1,usd_uzs,FINANCIAL,-0.084447646126853904
ABLATE_PRODUCTION,2023Q1,H3,standard,1,rub_uzs,FINANCIAL,0.058719561874017903
ABLATE_PRODUCTION,2023Q1,H3,standard,1,gold_price,EXTERNAL,-0.1116631000512858
ABLATE_PRODUCTION,2023Q1,H3,standard,1,m2,FINANCIAL,0.526015719599502
ABLATE_PRODUCTION,2023Q1,H3,standard,1,fx_reserves_ex_gold,FINANCIAL,-0.19316646385711639
ABLATE_PRODUCTION,2023Q1,H3,standard,1,pos_turnover,PAYMENTS,0.43212532291209221
ABLATE_PRODUCTION,2023Q2,H1,standard,1,ppi,PRICES,-0.0026545362269516999
ABLATE_PRODUCTION,2023Q2,H1,standard,1,usd_uzs,FINANCIAL,-0.090118836074825806
ABLATE_PRODUCTION,2023Q2,H1,standard,1,rub_uzs,FINANCIAL,0.016349118181367701
ABLATE_PRODUCTION,2023Q2,H1,standard,1,gold_price,EXTERNAL,-0.082431397987365901
ABLATE_PRODUCTION,2023Q2,H1,standard,1,m2,FINANCIAL,0.54522835746126752
ABLATE_PRODUCTION,2023Q2,H1,standard,1,fx_reserves_ex_gold,FINANCIAL,-0.25043506431201779
ABLATE_PRODUCTION,2023Q2,H1,standard,1,pos_turnover,PAYMENTS,0.46456564988029309
ABLATE_PRODUCTION,2023Q2,H2,standard,1,ppi,PRICES,-0.0026545362269516999
ABLATE_PRODUCTION,2023Q2,H2,standard,1,usd_uzs,FINANCIAL,-0.090118836074825806
ABLATE_PRODUCTION,2023Q2,H2,standard,1,rub_uzs,FINANCIAL,0.016349118181367701
ABLATE_PRODUCTION,2023Q2,H2,standard,1,gold_price,EXTERNAL,-0.082431397987365901
ABLATE_PRODUCTION,2023Q2,H2,standard,1,m2,FINANCIAL,0.54522835746126752
ABLATE_PRODUCTION,2023Q2,H2,standard,1,fx_reserves_ex_gold,FINANCIAL,-0.25043506431201779
ABLATE_PRODUCTION,2023Q2,H2,standard,1,pos_turnover,PAYMENTS,0.46456564988029309
ABLATE_PRODUCTION,2023Q2,H3,standard,1,ppi,PRICES,-0.0026545362269516999
ABLATE_PRODUCTION,2023Q2,H3,standard,1,usd_uzs,FINANCIAL,-0.090118836074825806
ABLATE_PRODUCTION,2023Q2,H3,standard,1,rub_uzs,FINANCIAL,0.016349118181367701
ABLATE_PRODUCTION,2023Q2,H3,standard,1,gold_price,EXTERNAL,-0.082431397987365901
ABLATE_PRODUCTION,2023Q2,H3,standard,1,m2,FINANCIAL,0.54522835746126752
ABLATE_PRODUCTION,2023Q2,H3,standard,1,fx_reserves_ex_gold,FINANCIAL,-0.25043506431201779
ABLATE_PRODUCTION,2023Q2,H3,standard,1,pos_turnover,PAYMENTS,0.46456564988029309
ABLATE_PRODUCTION,2023Q3,H1,standard,1,ppi,PRICES,0.00078483275133210001
ABLATE_PRODUCTION,2023Q3,H1,standard,1,usd_uzs,FINANCIAL,-0.091664065648882007
ABLATE_PRODUCTION,2023Q3,H1,standard,1,rub_uzs,FINANCIAL,0.0150606612862694
ABLATE_PRODUCTION,2023Q3,H1,standard,1,gold_price,EXTERNAL,-0.073143900251321198
ABLATE_PRODUCTION,2023Q3,H1,standard,1,m2,FINANCIAL,0.5342560939765898
ABLATE_PRODUCTION,2023Q3,H1,standard,1,fx_reserves_ex_gold,FINANCIAL,-0.20840790544575921
ABLATE_PRODUCTION,2023Q3,H1,standard,1,pos_turnover,PAYMENTS,0.45340743405254058
ABLATE_PRODUCTION,2023Q3,H2,standard,1,ppi,PRICES,0.00078483275133210001
ABLATE_PRODUCTION,2023Q3,H2,standard,1,usd_uzs,FINANCIAL,-0.091664065648882007
ABLATE_PRODUCTION,2023Q3,H2,standard,1,rub_uzs,FINANCIAL,0.0150606612862694
ABLATE_PRODUCTION,2023Q3,H2,standard,1,gold_price,EXTERNAL,-0.073143900251321198
ABLATE_PRODUCTION,2023Q3,H2,standard,1,m2,FINANCIAL,0.5342560939765898
ABLATE_PRODUCTION,2023Q3,H2,standard,1,fx_reserves_ex_gold,FINANCIAL,-0.20840790544575921
ABLATE_PRODUCTION,2023Q3,H2,standard,1,pos_turnover,PAYMENTS,0.45340743405254058
ABLATE_PRODUCTION,2023Q3,H3,standard,1,ppi,PRICES,0.00078483275133210001
ABLATE_PRODUCTION,2023Q3,H3,standard,1,usd_uzs,FINANCIAL,-0.091664065648882007
ABLATE_PRODUCTION,2023Q3,H3,standard,1,rub_uzs,FINANCIAL,0.0150606612862694
ABLATE_PRODUCTION,2023Q3,H3,standard,1,gold_price,EXTERNAL,-0.073143900251321198
ABLATE_PRODUCTION,2023Q3,H3,standard,1,m2,FINANCIAL,0.5342560939765898
ABLATE_PRODUCTION,2023Q3,H3,standard,1,fx_reserves_ex_gold,FINANCIAL,-0.20840790544575921
ABLATE_PRODUCTION,2023Q3,H3,standard,1,pos_turnover,PAYMENTS,0.45340743405254058
ABLATE_PRODUCTION,2023Q4,H1,standard,1,ppi,PRICES,0.0040516672033496003
ABLATE_PRODUCTION,2023Q4,H1,standard,1,usd_uzs,FINANCIAL,-0.10671140065884629
ABLATE_PRODUCTION,2023Q4,H1,standard,1,rub_uzs,FINANCIAL,0.0199963919080739
ABLATE_PRODUCTION,2023Q4,H1,standard,1,gold_price,EXTERNAL,-0.071042644799671095
ABLATE_PRODUCTION,2023Q4,H1,standard,1,m2,FINANCIAL,0.53590009351859025
ABLATE_PRODUCTION,2023Q4,H1,standard,1,fx_reserves_ex_gold,FINANCIAL,-0.15957922926379031
ABLATE_PRODUCTION,2023Q4,H1,standard,1,pos_turnover,PAYMENTS,0.44726209617240958
ABLATE_PRODUCTION,2023Q4,H2,standard,1,ppi,PRICES,0.0040516672033496003
ABLATE_PRODUCTION,2023Q4,H2,standard,1,usd_uzs,FINANCIAL,-0.10671140065884629
ABLATE_PRODUCTION,2023Q4,H2,standard,1,rub_uzs,FINANCIAL,0.0199963919080739
ABLATE_PRODUCTION,2023Q4,H2,standard,1,gold_price,EXTERNAL,-0.071042644799671095
ABLATE_PRODUCTION,2023Q4,H2,standard,1,m2,FINANCIAL,0.53590009351859025
ABLATE_PRODUCTION,2023Q4,H2,standard,1,fx_reserves_ex_gold,FINANCIAL,-0.15957922926379031
ABLATE_PRODUCTION,2023Q4,H2,standard,1,pos_turnover,PAYMENTS,0.44726209617240958
ABLATE_PRODUCTION,2023Q4,H3,standard,1,ppi,PRICES,0.0040516672033496003
ABLATE_PRODUCTION,2023Q4,H3,standard,1,usd_uzs,FINANCIAL,-0.10671140065884629
ABLATE_PRODUCTION,2023Q4,H3,standard,1,rub_uzs,FINANCIAL,0.0199963919080739
ABLATE_PRODUCTION,2023Q4,H3,standard,1,gold_price,EXTERNAL,-0.071042644799671095
ABLATE_PRODUCTION,2023Q4,H3,standard,1,m2,FINANCIAL,0.53590009351859025
ABLATE_PRODUCTION,2023Q4,H3,standard,1,fx_reserves_ex_gold,FINANCIAL,-0.15957922926379031
ABLATE_PRODUCTION,2023Q4,H3,standard,1,pos_turnover,PAYMENTS,0.44726209617240958
ABLATE_PRODUCTION,2024Q1,H1,standard,1,ppi,PRICES,-0.018961244214756
ABLATE_PRODUCTION,2024Q1,H1,standard,1,usd_uzs,FINANCIAL,-0.099144120427349006
ABLATE_PRODUCTION,2024Q1,H1,standard,1,rub_uzs,FINANCIAL,0.013981544334536499
ABLATE_PRODUCTION,2024Q1,H1,standard,1,gold_price,EXTERNAL,-0.075569433251902698
ABLATE_PRODUCTION,2024Q1,H1,standard,1,m2,FINANCIAL,0.54478657999564006
ABLATE_PRODUCTION,2024Q1,H1,standard,1,fx_reserves_ex_gold,FINANCIAL,-0.1208391686367296
ABLATE_PRODUCTION,2024Q1,H1,standard,1,pos_turnover,PAYMENTS,0.43306539690652118
ABLATE_PRODUCTION,2024Q1,H2,standard,1,ppi,PRICES,-0.018961244214756
ABLATE_PRODUCTION,2024Q1,H2,standard,1,usd_uzs,FINANCIAL,-0.099144120427349006
ABLATE_PRODUCTION,2024Q1,H2,standard,1,rub_uzs,FINANCIAL,0.013981544334536499
ABLATE_PRODUCTION,2024Q1,H2,standard,1,gold_price,EXTERNAL,-0.075569433251902698
ABLATE_PRODUCTION,2024Q1,H2,standard,1,m2,FINANCIAL,0.54478657999564006
ABLATE_PRODUCTION,2024Q1,H2,standard,1,fx_reserves_ex_gold,FINANCIAL,-0.1208391686367296
ABLATE_PRODUCTION,2024Q1,H2,standard,1,pos_turnover,PAYMENTS,0.43306539690652118
ABLATE_PRODUCTION,2024Q1,H3,standard,1,ppi,PRICES,-0.018961244214756
ABLATE_PRODUCTION,2024Q1,H3,standard,1,usd_uzs,FINANCIAL,-0.099144120427349006
ABLATE_PRODUCTION,2024Q1,H3,standard,1,rub_uzs,FINANCIAL,0.013981544334536499
ABLATE_PRODUCTION,2024Q1,H3,standard,1,gold_price,EXTERNAL,-0.075569433251902698
ABLATE_PRODUCTION,2024Q1,H3,standard,1,m2,FINANCIAL,0.54478657999564006
ABLATE_PRODUCTION,2024Q1,H3,standard,1,fx_reserves_ex_gold,FINANCIAL,-0.1208391686367296
ABLATE_PRODUCTION,2024Q1,H3,standard,1,pos_turnover,PAYMENTS,0.43306539690652118
ABLATE_PRODUCTION,2024Q2,H1,standard,1,ppi,PRICES,-0.0205140216644954
ABLATE_PRODUCTION,2024Q2,H1,standard,1,usd_uzs,FINANCIAL,-0.094900629635332398
ABLATE_PRODUCTION,2024Q2,H1,standard,1,rub_uzs,FINANCIAL,0.015303475397619899
ABLATE_PRODUCTION,2024Q2,H1,standard,1,gold_price,EXTERNAL,-0.072993824455982598
ABLATE_PRODUCTION,2024Q2,H1,standard,1,m2,FINANCIAL,0.54683153721669353
ABLATE_PRODUCTION,2024Q2,H1,standard,1,fx_reserves_ex_gold,FINANCIAL,-0.0862236003398789
ABLATE_PRODUCTION,2024Q2,H1,standard,1,pos_turnover,PAYMENTS,0.42092170698844028
ABLATE_PRODUCTION,2024Q2,H2,standard,1,ppi,PRICES,-0.0205140216644954
ABLATE_PRODUCTION,2024Q2,H2,standard,1,usd_uzs,FINANCIAL,-0.094900629635332398
ABLATE_PRODUCTION,2024Q2,H2,standard,1,rub_uzs,FINANCIAL,0.015303475397619899
ABLATE_PRODUCTION,2024Q2,H2,standard,1,gold_price,EXTERNAL,-0.072993824455982598
ABLATE_PRODUCTION,2024Q2,H2,standard,1,m2,FINANCIAL,0.54683153721669353
ABLATE_PRODUCTION,2024Q2,H2,standard,1,fx_reserves_ex_gold,FINANCIAL,-0.0862236003398789
ABLATE_PRODUCTION,2024Q2,H2,standard,1,pos_turnover,PAYMENTS,0.42092170698844028
ABLATE_PRODUCTION,2024Q2,H3,standard,1,ppi,PRICES,-0.0205140216644954
ABLATE_PRODUCTION,2024Q2,H3,standard,1,usd_uzs,FINANCIAL,-0.094900629635332398
ABLATE_PRODUCTION,2024Q2,H3,standard,1,rub_uzs,FINANCIAL,0.015303475397619899
ABLATE_PRODUCTION,2024Q2,H3,standard,1,gold_price,EXTERNAL,-0.072993824455982598
ABLATE_PRODUCTION,2024Q2,H3,standard,1,m2,FINANCIAL,0.54683153721669353
ABLATE_PRODUCTION,2024Q2,H3,standard,1,fx_reserves_ex_gold,FINANCIAL,-0.0862236003398789
ABLATE_PRODUCTION,2024Q2,H3,standard,1,pos_turnover,PAYMENTS,0.42092170698844028
ABLATE_PRODUCTION,2024Q3,H1,standard,1,ppi,PRICES,-0.0194901328980196
ABLATE_PRODUCTION,2024Q3,H1,standard,1,usd_uzs,FINANCIAL,-0.097384088450323994
ABLATE_PRODUCTION,2024Q3,H1,standard,1,rub_uzs,FINANCIAL,0.017342305297134899
ABLATE_PRODUCTION,2024Q3,H1,standard,1,gold_price,EXTERNAL,-0.070520728474512295
ABLATE_PRODUCTION,2024Q3,H1,standard,1,m2,FINANCIAL,0.53846073300928432
ABLATE_PRODUCTION,2024Q3,H1,standard,1,fx_reserves_ex_gold,FINANCIAL,-0.084474475369468005
ABLATE_PRODUCTION,2024Q3,H1,standard,1,pos_turnover,PAYMENTS,0.40818689412458542
ABLATE_PRODUCTION,2024Q3,H2,standard,1,ppi,PRICES,-0.0194901328980196
ABLATE_PRODUCTION,2024Q3,H2,standard,1,usd_uzs,FINANCIAL,-0.097384088450323994
ABLATE_PRODUCTION,2024Q3,H2,standard,1,rub_uzs,FINANCIAL,0.017342305297134899
ABLATE_PRODUCTION,2024Q3,H2,standard,1,gold_price,EXTERNAL,-0.070520728474512295
ABLATE_PRODUCTION,2024Q3,H2,standard,1,m2,FINANCIAL,0.53846073300928432
ABLATE_PRODUCTION,2024Q3,H2,standard,1,fx_reserves_ex_gold,FINANCIAL,-0.084474475369468005
ABLATE_PRODUCTION,2024Q3,H2,standard,1,pos_turnover,PAYMENTS,0.40818689412458542
ABLATE_PRODUCTION,2024Q3,H3,standard,1,ppi,PRICES,-0.0194901328980196
ABLATE_PRODUCTION,2024Q3,H3,standard,1,usd_uzs,FINANCIAL,-0.097384088450323994
ABLATE_PRODUCTION,2024Q3,H3,standard,1,rub_uzs,FINANCIAL,0.017342305297134899
ABLATE_PRODUCTION,2024Q3,H3,standard,1,gold_price,EXTERNAL,-0.070520728474512295
ABLATE_PRODUCTION,2024Q3,H3,standard,1,m2,FINANCIAL,0.53846073300928432
ABLATE_PRODUCTION,2024Q3,H3,standard,1,fx_reserves_ex_gold,FINANCIAL,-0.084474475369468005
ABLATE_PRODUCTION,2024Q3,H3,standard,1,pos_turnover,PAYMENTS,0.40818689412458542
ABLATE_PRODUCTION,2024Q4,H1,standard,1,ppi,PRICES,-0.025105169393199699
ABLATE_PRODUCTION,2024Q4,H1,standard,1,usd_uzs,FINANCIAL,-0.10106142569153791
ABLATE_PRODUCTION,2024Q4,H1,standard,1,rub_uzs,FINANCIAL,0.013520264274256601
ABLATE_PRODUCTION,2024Q4,H1,standard,1,gold_price,EXTERNAL,-0.058253119684450599
ABLATE_PRODUCTION,2024Q4,H1,standard,1,m2,FINANCIAL,0.53832997190783027
ABLATE_PRODUCTION,2024Q4,H1,standard,1,fx_reserves_ex_gold,FINANCIAL,-0.077325464641741198
ABLATE_PRODUCTION,2024Q4,H1,standard,1,pos_turnover,PAYMENTS,0.39684332293688351
ABLATE_PRODUCTION,2024Q4,H2,standard,1,ppi,PRICES,-0.025105169393199699
ABLATE_PRODUCTION,2024Q4,H2,standard,1,usd_uzs,FINANCIAL,-0.10106142569153791
ABLATE_PRODUCTION,2024Q4,H2,standard,1,rub_uzs,FINANCIAL,0.013520264274256601
ABLATE_PRODUCTION,2024Q4,H2,standard,1,gold_price,EXTERNAL,-0.058253119684450599
ABLATE_PRODUCTION,2024Q4,H2,standard,1,m2,FINANCIAL,0.53832997190783027
ABLATE_PRODUCTION,2024Q4,H2,standard,1,fx_reserves_ex_gold,FINANCIAL,-0.077325464641741198
ABLATE_PRODUCTION,2024Q4,H2,standard,1,pos_turnover,PAYMENTS,0.39684332293688351
ABLATE_PRODUCTION,2024Q4,H3,standard,1,ppi,PRICES,-0.025105169393199699
ABLATE_PRODUCTION,2024Q4,H3,standard,1,usd_uzs,FINANCIAL,-0.10106142569153791
ABLATE_PRODUCTION,2024Q4,H3,standard,1,rub_uzs,FINANCIAL,0.013520264274256601
ABLATE_PRODUCTION,2024Q4,H3,standard,1,gold_price,EXTERNAL,-0.058253119684450599
ABLATE_PRODUCTION,2024Q4,H3,standard,1,m2,FINANCIAL,0.53832997190783027
ABLATE_PRODUCTION,2024Q4,H3,standard,1,fx_reserves_ex_gold,FINANCIAL,-0.077325464641741198
ABLATE_PRODUCTION,2024Q4,H3,standard,1,pos_turnover,PAYMENTS,0.39684332293688351
ABLATE_PRODUCTION,2025Q1,H1,standard,1,ppi,PRICES,-0.0338316315981134
ABLATE_PRODUCTION,2025Q1,H1,standard,1,usd_uzs,FINANCIAL,-0.10153901560707861
ABLATE_PRODUCTION,2025Q1,H1,standard,1,rub_uzs,FINANCIAL,-0.0046023458495806002
ABLATE_PRODUCTION,2025Q1,H1,standard,1,gold_price,EXTERNAL,-0.052874837583314002
ABLATE_PRODUCTION,2025Q1,H1,standard,1,m2,FINANCIAL,0.53536175571107325
ABLATE_PRODUCTION,2025Q1,H1,standard,1,fx_reserves_ex_gold,FINANCIAL,-0.056004586447823003
ABLATE_PRODUCTION,2025Q1,H1,standard,1,pos_turnover,PAYMENTS,0.36059376568076279
ABLATE_PRODUCTION,2025Q1,H2,standard,1,ppi,PRICES,-0.0338316315981134
ABLATE_PRODUCTION,2025Q1,H2,standard,1,usd_uzs,FINANCIAL,-0.10153901560707861
ABLATE_PRODUCTION,2025Q1,H2,standard,1,rub_uzs,FINANCIAL,-0.0046023458495806002
ABLATE_PRODUCTION,2025Q1,H2,standard,1,gold_price,EXTERNAL,-0.052874837583314002
ABLATE_PRODUCTION,2025Q1,H2,standard,1,m2,FINANCIAL,0.53536175571107325
ABLATE_PRODUCTION,2025Q1,H2,standard,1,fx_reserves_ex_gold,FINANCIAL,-0.056004586447823003
ABLATE_PRODUCTION,2025Q1,H2,standard,1,pos_turnover,PAYMENTS,0.36059376568076279
ABLATE_PRODUCTION,2025Q1,H3,standard,1,ppi,PRICES,-0.0338316315981134
ABLATE_PRODUCTION,2025Q1,H3,standard,1,usd_uzs,FINANCIAL,-0.10153901560707861
ABLATE_PRODUCTION,2025Q1,H3,standard,1,rub_uzs,FINANCIAL,-0.0046023458495806002
ABLATE_PRODUCTION,2025Q1,H3,standard,1,gold_price,EXTERNAL,-0.052874837583314002
ABLATE_PRODUCTION,2025Q1,H3,standard,1,m2,FINANCIAL,0.53536175571107325
ABLATE_PRODUCTION,2025Q1,H3,standard,1,fx_reserves_ex_gold,FINANCIAL,-0.056004586447823003
ABLATE_PRODUCTION,2025Q1,H3,standard,1,pos_turnover,PAYMENTS,0.36059376568076279
ABLATE_PRODUCTION,2025Q2,H1,standard,1,ppi,PRICES,-0.0394081357004347
ABLATE_PRODUCTION,2025Q2,H1,standard,1,usd_uzs,FINANCIAL,-0.1042078655079352
ABLATE_PRODUCTION,2025Q2,H1,standard,1,rub_uzs,FINANCIAL,0.031199733033294898
ABLATE_PRODUCTION,2025Q2,H1,standard,1,gold_price,EXTERNAL,-0.018731266031287701
ABLATE_PRODUCTION,2025Q2,H1,standard,1,m2,FINANCIAL,0.52656370425092591
ABLATE_PRODUCTION,2025Q2,H1,standard,1,fx_reserves_ex_gold,FINANCIAL,-0.0035535605142984002
ABLATE_PRODUCTION,2025Q2,H1,standard,1,pos_turnover,PAYMENTS,0.34669566899481841
ABLATE_PRODUCTION,2025Q2,H2,standard,1,ppi,PRICES,-0.0394081357004347
ABLATE_PRODUCTION,2025Q2,H2,standard,1,usd_uzs,FINANCIAL,-0.1042078655079352
ABLATE_PRODUCTION,2025Q2,H2,standard,1,rub_uzs,FINANCIAL,0.031199733033294898
ABLATE_PRODUCTION,2025Q2,H2,standard,1,gold_price,EXTERNAL,-0.018731266031287701
ABLATE_PRODUCTION,2025Q2,H2,standard,1,m2,FINANCIAL,0.52656370425092591
ABLATE_PRODUCTION,2025Q2,H2,standard,1,fx_reserves_ex_gold,FINANCIAL,-0.0035535605142984002
ABLATE_PRODUCTION,2025Q2,H2,standard,1,pos_turnover,PAYMENTS,0.34669566899481841
ABLATE_PRODUCTION,2025Q2,H3,standard,1,ppi,PRICES,-0.0394081357004347
ABLATE_PRODUCTION,2025Q2,H3,standard,1,usd_uzs,FINANCIAL,-0.1042078655079352
ABLATE_PRODUCTION,2025Q2,H3,standard,1,rub_uzs,FINANCIAL,0.031199733033294898
ABLATE_PRODUCTION,2025Q2,H3,standard,1,gold_price,EXTERNAL,-0.018731266031287701
ABLATE_PRODUCTION,2025Q2,H3,standard,1,m2,FINANCIAL,0.52656370425092591
ABLATE_PRODUCTION,2025Q2,H3,standard,1,fx_reserves_ex_gold,FINANCIAL,-0.0035535605142984002
ABLATE_PRODUCTION,2025Q2,H3,standard,1,pos_turnover,PAYMENTS,0.34669566899481841
ROBUST_NO_GOLD,2022Q2,H1,standard,1,industrial_production,PRODUCTION,0.59972784277592062
ROBUST_NO_GOLD,2022Q2,H1,standard,1,ppi,PRICES,0.091576000619596906
ROBUST_NO_GOLD,2022Q2,H1,standard,1,usd_uzs,FINANCIAL,-0.075019586429288201
ROBUST_NO_GOLD,2022Q2,H1,standard,1,rub_uzs,FINANCIAL,-0.053054996963890502
ROBUST_NO_GOLD,2022Q2,H1,standard,1,m2,FINANCIAL,0.25424050755282718
ROBUST_NO_GOLD,2022Q2,H1,standard,1,fx_reserves_ex_gold,FINANCIAL,-0.43952349742701891
ROBUST_NO_GOLD,2022Q2,H1,standard,1,pos_turnover,PAYMENTS,0.35048115140334141
ROBUST_NO_GOLD,2022Q2,H2,standard,1,industrial_production,PRODUCTION,0.59345827532865125
ROBUST_NO_GOLD,2022Q2,H2,standard,1,ppi,PRICES,0.088109716765724197
ROBUST_NO_GOLD,2022Q2,H2,standard,1,usd_uzs,FINANCIAL,-0.080423622968150796
ROBUST_NO_GOLD,2022Q2,H2,standard,1,rub_uzs,FINANCIAL,-0.0297985731771582
ROBUST_NO_GOLD,2022Q2,H2,standard,1,m2,FINANCIAL,0.2416705492917931
ROBUST_NO_GOLD,2022Q2,H2,standard,1,fx_reserves_ex_gold,FINANCIAL,-0.4390637496277332
ROBUST_NO_GOLD,2022Q2,H2,standard,1,pos_turnover,PAYMENTS,0.34313170282893141
ROBUST_NO_GOLD,2022Q2,H3,standard,1,industrial_production,PRODUCTION,0.59345827532865125
ROBUST_NO_GOLD,2022Q2,H3,standard,1,ppi,PRICES,0.088109716765724197
ROBUST_NO_GOLD,2022Q2,H3,standard,1,usd_uzs,FINANCIAL,-0.080423622968150796
ROBUST_NO_GOLD,2022Q2,H3,standard,1,rub_uzs,FINANCIAL,-0.0297985731771582
ROBUST_NO_GOLD,2022Q2,H3,standard,1,m2,FINANCIAL,0.2416705492917931
ROBUST_NO_GOLD,2022Q2,H3,standard,1,fx_reserves_ex_gold,FINANCIAL,-0.4390637496277332
ROBUST_NO_GOLD,2022Q2,H3,standard,1,pos_turnover,PAYMENTS,0.34313170282893141
ROBUST_NO_GOLD,2022Q3,H1,standard,1,industrial_production,PRODUCTION,0.46252621514686149
ROBUST_NO_GOLD,2022Q3,H1,standard,1,ppi,PRICES,0.0875122076795017
ROBUST_NO_GOLD,2022Q3,H1,standard,1,usd_uzs,FINANCIAL,-0.040895539427569703
ROBUST_NO_GOLD,2022Q3,H1,standard,1,rub_uzs,FINANCIAL,0.037244577862729202
ROBUST_NO_GOLD,2022Q3,H1,standard,1,m2,FINANCIAL,0.20064914309284509
ROBUST_NO_GOLD,2022Q3,H1,standard,1,fx_reserves_ex_gold,FINANCIAL,-0.36264841353885591
ROBUST_NO_GOLD,2022Q3,H1,standard,1,pos_turnover,PAYMENTS,0.2619246284316169
ROBUST_NO_GOLD,2022Q3,H2,standard,1,industrial_production,PRODUCTION,0.433733738152416
ROBUST_NO_GOLD,2022Q3,H2,standard,1,ppi,PRICES,0.080579228502834596
ROBUST_NO_GOLD,2022Q3,H2,standard,1,usd_uzs,FINANCIAL,-0.033189733780840502
ROBUST_NO_GOLD,2022Q3,H2,standard,1,rub_uzs,FINANCIAL,0.0297755694475689
ROBUST_NO_GOLD,2022Q3,H2,standard,1,m2,FINANCIAL,0.17961231396797539
ROBUST_NO_GOLD,2022Q3,H2,standard,1,fx_reserves_ex_gold,FINANCIAL,-0.33920908991961141
ROBUST_NO_GOLD,2022Q3,H2,standard,1,pos_turnover,PAYMENTS,0.23822657516942761
ROBUST_NO_GOLD,2022Q3,H3,standard,1,industrial_production,PRODUCTION,0.433733738152416
ROBUST_NO_GOLD,2022Q3,H3,standard,1,ppi,PRICES,0.080579228502834596
ROBUST_NO_GOLD,2022Q3,H3,standard,1,usd_uzs,FINANCIAL,-0.033189733780840502
ROBUST_NO_GOLD,2022Q3,H3,standard,1,rub_uzs,FINANCIAL,0.0297755694475689
ROBUST_NO_GOLD,2022Q3,H3,standard,1,m2,FINANCIAL,0.17961231396797539
ROBUST_NO_GOLD,2022Q3,H3,standard,1,fx_reserves_ex_gold,FINANCIAL,-0.33920908991961141
ROBUST_NO_GOLD,2022Q3,H3,standard,1,pos_turnover,PAYMENTS,0.23822657516942761
ROBUST_NO_GOLD,2023Q1,H1,standard,1,industrial_production,PRODUCTION,0.23200232583276351
ROBUST_NO_GOLD,2023Q1,H1,standard,1,ppi,PRICES,0.011655305611879699
ROBUST_NO_GOLD,2023Q1,H1,standard,1,usd_uzs,FINANCIAL,-0.098482315895085104
ROBUST_NO_GOLD,2023Q1,H1,standard,1,rub_uzs,FINANCIAL,0.061463976851604298
ROBUST_NO_GOLD,2023Q1,H1,standard,1,m2,FINANCIAL,0.60220922066945892
ROBUST_NO_GOLD,2023Q1,H1,standard,1,fx_reserves_ex_gold,FINANCIAL,-0.23363487413005141
ROBUST_NO_GOLD,2023Q1,H1,standard,1,pos_turnover,PAYMENTS,0.50231182541742125
ROBUST_NO_GOLD,2023Q1,H2,standard,1,industrial_production,PRODUCTION,0.22740034503824749
ROBUST_NO_GOLD,2023Q1,H2,standard,1,ppi,PRICES,0.011639238047903599
ROBUST_NO_GOLD,2023Q1,H2,standard,1,usd_uzs,FINANCIAL,-0.098448679125161004
ROBUST_NO_GOLD,2023Q1,H2,standard,1,rub_uzs,FINANCIAL,0.061855663244149303
ROBUST_NO_GOLD,2023Q1,H2,standard,1,m2,FINANCIAL,0.6027346723907715
ROBUST_NO_GOLD,2023Q1,H2,standard,1,fx_reserves_ex_gold,FINANCIAL,-0.23335073787630481
ROBUST_NO_GOLD,2023Q1,H2,standard,1,pos_turnover,PAYMENTS,0.50238262498720065
ROBUST_NO_GOLD,2023Q1,H3,standard,1,industrial_production,PRODUCTION,0.22740034503824749
ROBUST_NO_GOLD,2023Q1,H3,standard,1,ppi,PRICES,0.011639238047903599
ROBUST_NO_GOLD,2023Q1,H3,standard,1,usd_uzs,FINANCIAL,-0.098448679125161004
ROBUST_NO_GOLD,2023Q1,H3,standard,1,rub_uzs,FINANCIAL,0.061855663244149303
ROBUST_NO_GOLD,2023Q1,H3,standard,1,m2,FINANCIAL,0.6027346723907715
ROBUST_NO_GOLD,2023Q1,H3,standard,1,fx_reserves_ex_gold,FINANCIAL,-0.23335073787630481
ROBUST_NO_GOLD,2023Q1,H3,standard,1,pos_turnover,PAYMENTS,0.50238262498720065
ROBUST_NO_GOLD,2023Q2,H1,standard,1,industrial_production,PRODUCTION,0.085956674737377198
ROBUST_NO_GOLD,2023Q2,H1,standard,1,ppi,PRICES,-0.0018154168562346999
ROBUST_NO_GOLD,2023Q2,H1,standard,1,usd_uzs,FINANCIAL,-0.1016388588760031
ROBUST_NO_GOLD,2023Q2,H1,standard,1,rub_uzs,FINANCIAL,0.017320144004790601
ROBUST_NO_GOLD,2023Q2,H1,standard,1,m2,FINANCIAL,0.61811651435452741
ROBUST_NO_GOLD,2023Q2,H1,standard,1,fx_reserves_ex_gold,FINANCIAL,-0.2865465135804377
ROBUST_NO_GOLD,2023Q2,H1,standard,1,pos_turnover,PAYMENTS,0.52755355340460552
ROBUST_NO_GOLD,2023Q2,H2,standard,1,industrial_production,PRODUCTION,0.083526808742566003
ROBUST_NO_GOLD,2023Q2,H2,standard,1,ppi,PRICES,-0.0018176190962838001
ROBUST_NO_GOLD,2023Q2,H2,standard,1,usd_uzs,FINANCIAL,-0.10030326033933271
ROBUST_NO_GOLD,2023Q2,H2,standard,1,rub_uzs,FINANCIAL,0.017089270639763701
ROBUST_NO_GOLD,2023Q2,H2,standard,1,m2,FINANCIAL,0.61002174066356285
ROBUST_NO_GOLD,2023Q2,H2,standard,1,fx_reserves_ex_gold,FINANCIAL,-0.2827714526765554
ROBUST_NO_GOLD,2023Q2,H2,standard,1,pos_turnover,PAYMENTS,0.52063554803672896
ROBUST_NO_GOLD,2023Q2,H3,standard,1,industrial_production,PRODUCTION,0.083526808742566003
ROBUST_NO_GOLD,2023Q2,H3,standard,1,ppi,PRICES,-0.0018176190962838001
ROBUST_NO_GOLD,2023Q2,H3,standard,1,usd_uzs,FINANCIAL,-0.10030326033933271
ROBUST_NO_GOLD,2023Q2,H3,standard,1,rub_uzs,FINANCIAL,0.017089270639763701
ROBUST_NO_GOLD,2023Q2,H3,standard,1,m2,FINANCIAL,0.61002174066356285
ROBUST_NO_GOLD,2023Q2,H3,standard,1,fx_reserves_ex_gold,FINANCIAL,-0.2827714526765554
ROBUST_NO_GOLD,2023Q2,H3,standard,1,pos_turnover,PAYMENTS,0.52063554803672896
ROBUST_NO_GOLD,2023Q3,H1,standard,1,industrial_production,PRODUCTION,0.1056047811614079
ROBUST_NO_GOLD,2023Q3,H1,standard,1,ppi,PRICES,-0.0015534642401869999
ROBUST_NO_GOLD,2023Q3,H1,standard,1,usd_uzs,FINANCIAL,-0.1002778450535072
ROBUST_NO_GOLD,2023Q3,H1,standard,1,rub_uzs,FINANCIAL,0.0069298648109547001
ROBUST_NO_GOLD,2023Q3,H1,standard,1,m2,FINANCIAL,0.52371507769561676
ROBUST_NO_GOLD,2023Q3,H1,standard,1,fx_reserves_ex_gold,FINANCIAL,-0.2293769709133914
ROBUST_NO_GOLD,2023Q3,H1,standard,1,pos_turnover,PAYMENTS,0.46855002041068328
ROBUST_NO_GOLD,2023Q3,H2,standard,1,industrial_production,PRODUCTION,0.1054146927009568
ROBUST_NO_GOLD,2023Q3,H2,standard,1,ppi,PRICES,-0.0016584292150149001
ROBUST_NO_GOLD,2023Q3,H2,standard,1,usd_uzs,FINANCIAL,-0.10049493914749021
ROBUST_NO_GOLD,2023Q3,H2,standard,1,rub_uzs,FINANCIAL,0.0068104404816306998
ROBUST_NO_GOLD,2023Q3,H2,standard,1,m2,FINANCIAL,0.52291198163085717
ROBUST_NO_GOLD,2023Q3,H2,standard,1,fx_reserves_ex_gold,FINANCIAL,-0.2297673773024719
ROBUST_NO_GOLD,2023Q3,H2,standard,1,pos_turnover,PAYMENTS,0.46841256269228509
ROBUST_NO_GOLD,2023Q3,H3,standard,1,industrial_production,PRODUCTION,0.1054146927009568
ROBUST_NO_GOLD,2023Q3,H3,standard,1,ppi,PRICES,-0.0016584292150149001
ROBUST_NO_GOLD,2023Q3,H3,standard,1,usd_uzs,FINANCIAL,-0.10049493914749021
ROBUST_NO_GOLD,2023Q3,H3,standard,1,rub_uzs,FINANCIAL,0.0068104404816306998
ROBUST_NO_GOLD,2023Q3,H3,standard,1,m2,FINANCIAL,0.52291198163085717
ROBUST_NO_GOLD,2023Q3,H3,standard,1,fx_reserves_ex_gold,FINANCIAL,-0.2297673773024719
ROBUST_NO_GOLD,2023Q3,H3,standard,1,pos_turnover,PAYMENTS,0.46841256269228509
ROBUST_NO_GOLD,2023Q4,H1,standard,1,industrial_production,PRODUCTION,0.115333118944482
ROBUST_NO_GOLD,2023Q4,H1,standard,1,ppi,PRICES,-0.0041414451267407001
ROBUST_NO_GOLD,2023Q4,H1,standard,1,usd_uzs,FINANCIAL,-0.12169891865878781
ROBUST_NO_GOLD,2023Q4,H1,standard,1,rub_uzs,FINANCIAL,0.0085868256228346998
ROBUST_NO_GOLD,2023Q4,H1,standard,1,m2,FINANCIAL,0.54518077005127696
ROBUST_NO_GOLD,2023Q4,H1,standard,1,fx_reserves_ex_gold,FINANCIAL,-0.19987428048279279
ROBUST_NO_GOLD,2023Q4,H1,standard,1,pos_turnover,PAYMENTS,0.49106570788949983
ROBUST_NO_GOLD,2023Q4,H2,standard,1,industrial_production,PRODUCTION,0.11355925973511
ROBUST_NO_GOLD,2023Q4,H2,standard,1,ppi,PRICES,-0.0043023641354806999
ROBUST_NO_GOLD,2023Q4,H2,standard,1,usd_uzs,FINANCIAL,-0.1216822532339127
ROBUST_NO_GOLD,2023Q4,H2,standard,1,rub_uzs,FINANCIAL,0.0084194926799643008
ROBUST_NO_GOLD,2023Q4,H2,standard,1,m2,FINANCIAL,0.54505346622242523
ROBUST_NO_GOLD,2023Q4,H2,standard,1,fx_reserves_ex_gold,FINANCIAL,-0.20062321259361421
ROBUST_NO_GOLD,2023Q4,H2,standard,1,pos_turnover,PAYMENTS,0.49152614537706962
ROBUST_NO_GOLD,2023Q4,H3,standard,1,industrial_production,PRODUCTION,0.11355925973511
ROBUST_NO_GOLD,2023Q4,H3,standard,1,ppi,PRICES,-0.0043023641354806999
ROBUST_NO_GOLD,2023Q4,H3,standard,1,usd_uzs,FINANCIAL,-0.1216822532339127
ROBUST_NO_GOLD,2023Q4,H3,standard,1,rub_uzs,FINANCIAL,0.0084194926799643008
ROBUST_NO_GOLD,2023Q4,H3,standard,1,m2,FINANCIAL,0.54505346622242523
ROBUST_NO_GOLD,2023Q4,H3,standard,1,fx_reserves_ex_gold,FINANCIAL,-0.20062321259361421
ROBUST_NO_GOLD,2023Q4,H3,standard,1,pos_turnover,PAYMENTS,0.49152614537706962
ROBUST_NO_GOLD,2024Q1,H1,standard,1,industrial_production,PRODUCTION,0.071944671584352901
ROBUST_NO_GOLD,2024Q1,H1,standard,1,ppi,PRICES,-0.021609820550068298
ROBUST_NO_GOLD,2024Q1,H1,standard,1,usd_uzs,FINANCIAL,-0.11661228474885051
ROBUST_NO_GOLD,2024Q1,H1,standard,1,rub_uzs,FINANCIAL,0.0112803639162999
ROBUST_NO_GOLD,2024Q1,H1,standard,1,m2,FINANCIAL,0.62515156761780755
ROBUST_NO_GOLD,2024Q1,H1,standard,1,fx_reserves_ex_gold,FINANCIAL,-0.14853163632313451
ROBUST_NO_GOLD,2024Q1,H1,standard,1,pos_turnover,PAYMENTS,0.50606962104735564
ROBUST_NO_GOLD,2024Q1,H2,standard,1,industrial_production,PRODUCTION,0.066706781494387399
ROBUST_NO_GOLD,2024Q1,H2,standard,1,ppi,PRICES,-0.021701550414862599
ROBUST_NO_GOLD,2024Q1,H2,standard,1,usd_uzs,FINANCIAL,-0.11676588848203211
ROBUST_NO_GOLD,2024Q1,H2,standard,1,rub_uzs,FINANCIAL,0.011168548988047399
ROBUST_NO_GOLD,2024Q1,H2,standard,1,m2,FINANCIAL,0.62556937882002184
ROBUST_NO_GOLD,2024Q1,H2,standard,1,fx_reserves_ex_gold,FINANCIAL,-0.14870705807178669
ROBUST_NO_GOLD,2024Q1,H2,standard,1,pos_turnover,PAYMENTS,0.50656294593503426
ROBUST_NO_GOLD,2024Q1,H3,standard,1,industrial_production,PRODUCTION,0.066706781494387399
ROBUST_NO_GOLD,2024Q1,H3,standard,1,ppi,PRICES,-0.021701550414862599
ROBUST_NO_GOLD,2024Q1,H3,standard,1,usd_uzs,FINANCIAL,-0.11676588848203211
ROBUST_NO_GOLD,2024Q1,H3,standard,1,rub_uzs,FINANCIAL,0.011168548988047399
ROBUST_NO_GOLD,2024Q1,H3,standard,1,m2,FINANCIAL,0.62556937882002184
ROBUST_NO_GOLD,2024Q1,H3,standard,1,fx_reserves_ex_gold,FINANCIAL,-0.14870705807178669
ROBUST_NO_GOLD,2024Q1,H3,standard,1,pos_turnover,PAYMENTS,0.50656294593503426
ROBUST_NO_GOLD,2024Q2,H1,standard,1,industrial_production,PRODUCTION,0.0089096362172025999
ROBUST_NO_GOLD,2024Q2,H1,standard,1,ppi,PRICES,-0.024347807923985599
ROBUST_NO_GOLD,2024Q2,H1,standard,1,usd_uzs,FINANCIAL,-0.1120643821120878
ROBUST_NO_GOLD,2024Q2,H1,standard,1,rub_uzs,FINANCIAL,0.0155140496817491
ROBUST_NO_GOLD,2024Q2,H1,standard,1,m2,FINANCIAL,0.64469368964284135
ROBUST_NO_GOLD,2024Q2,H1,standard,1,fx_reserves_ex_gold,FINANCIAL,-0.1039370876099615
ROBUST_NO_GOLD,2024Q2,H1,standard,1,pos_turnover,PAYMENTS,0.49833302773330962
ROBUST_NO_GOLD,2024Q2,H2,standard,1,industrial_production,PRODUCTION,0.0074213811406981002
ROBUST_NO_GOLD,2024Q2,H2,standard,1,ppi,PRICES,-0.024267893667664801
ROBUST_NO_GOLD,2024Q2,H2,standard,1,usd_uzs,FINANCIAL,-0.11152068676136059
ROBUST_NO_GOLD,2024Q2,H2,standard,1,rub_uzs,FINANCIAL,0.0154676547869705
ROBUST_NO_GOLD,2024Q2,H2,standard,1,m2,FINANCIAL,0.64185072962823508
ROBUST_NO_GOLD,2024Q2,H2,standard,1,fx_reserves_ex_gold,FINANCIAL,-0.1033700539185187
ROBUST_NO_GOLD,2024Q2,H2,standard,1,pos_turnover,PAYMENTS,0.49602989377016909
ROBUST_NO_GOLD,2024Q2,H3,standard,1,industrial_production,PRODUCTION,0.0074213811406981002
ROBUST_NO_GOLD,2024Q2,H3,standard,1,ppi,PRICES,-0.024267893667664801
ROBUST_NO_GOLD,2024Q2,H3,standard,1,usd_uzs,FINANCIAL,-0.11152068676136059
ROBUST_NO_GOLD,2024Q2,H3,standard,1,rub_uzs,FINANCIAL,0.0154676547869705
ROBUST_NO_GOLD,2024Q2,H3,standard,1,m2,FINANCIAL,0.64185072962823508
ROBUST_NO_GOLD,2024Q2,H3,standard,1,fx_reserves_ex_gold,FINANCIAL,-0.1033700539185187
ROBUST_NO_GOLD,2024Q2,H3,standard,1,pos_turnover,PAYMENTS,0.49602989377016909
ROBUST_NO_GOLD,2024Q3,H1,standard,1,industrial_production,PRODUCTION,0.010363167214716
ROBUST_NO_GOLD,2024Q3,H1,standard,1,ppi,PRICES,-0.022603010092265601
ROBUST_NO_GOLD,2024Q3,H1,standard,1,usd_uzs,FINANCIAL,-0.1146893169028078
ROBUST_NO_GOLD,2024Q3,H1,standard,1,rub_uzs,FINANCIAL,0.0167619500694056
ROBUST_NO_GOLD,2024Q3,H1,standard,1,m2,FINANCIAL,0.62839214726560766
ROBUST_NO_GOLD,2024Q3,H1,standard,1,fx_reserves_ex_gold,FINANCIAL,-0.1025739941409089
ROBUST_NO_GOLD,2024Q3,H1,standard,1,pos_turnover,PAYMENTS,0.48055381269066122
ROBUST_NO_GOLD,2024Q3,H2,standard,1,industrial_production,PRODUCTION,0.014176908353452901
ROBUST_NO_GOLD,2024Q3,H2,standard,1,ppi,PRICES,-0.022576735511534201
ROBUST_NO_GOLD,2024Q3,H2,standard,1,usd_uzs,FINANCIAL,-0.1148980366618083
ROBUST_NO_GOLD,2024Q3,H2,standard,1,rub_uzs,FINANCIAL,0.016584769244421101
ROBUST_NO_GOLD,2024Q3,H2,standard,1,m2,FINANCIAL,0.62834322690400835
ROBUST_NO_GOLD,2024Q3,H2,standard,1,fx_reserves_ex_gold,FINANCIAL,-0.103035932023476
ROBUST_NO_GOLD,2024Q3,H2,standard,1,pos_turnover,PAYMENTS,0.48100936045415571
ROBUST_NO_GOLD,2024Q3,H3,standard,1,industrial_production,PRODUCTION,0.014176908353452901
ROBUST_NO_GOLD,2024Q3,H3,standard,1,ppi,PRICES,-0.022576735511534201
ROBUST_NO_GOLD,2024Q3,H3,standard,1,usd_uzs,FINANCIAL,-0.1148980366618083
ROBUST_NO_GOLD,2024Q3,H3,standard,1,rub_uzs,FINANCIAL,0.016584769244421101
ROBUST_NO_GOLD,2024Q3,H3,standard,1,m2,FINANCIAL,0.62834322690400835
ROBUST_NO_GOLD,2024Q3,H3,standard,1,fx_reserves_ex_gold,FINANCIAL,-0.103035932023476
ROBUST_NO_GOLD,2024Q3,H3,standard,1,pos_turnover,PAYMENTS,0.48100936045415571
ROBUST_NO_GOLD,2024Q4,H1,standard,1,industrial_production,PRODUCTION,0.019646366717885
ROBUST_NO_GOLD,2024Q4,H1,standard,1,ppi,PRICES,-0.029055295234603401
ROBUST_NO_GOLD,2024Q4,H1,standard,1,usd_uzs,FINANCIAL,-0.11838314948555299
ROBUST_NO_GOLD,2024Q4,H1,standard,1,rub_uzs,FINANCIAL,0.0121529695324214
ROBUST_NO_GOLD,2024Q4,H1,standard,1,m2,FINANCIAL,0.62338247474988162
ROBUST_NO_GOLD,2024Q4,H1,standard,1,fx_reserves_ex_gold,FINANCIAL,-0.093926897542605706
ROBUST_NO_GOLD,2024Q4,H1,standard,1,pos_turnover,PAYMENTS,0.46415949283091151
ROBUST_NO_GOLD,2024Q4,H2,standard,1,industrial_production,PRODUCTION,0.022637348196290399
ROBUST_NO_GOLD,2024Q4,H2,standard,1,ppi,PRICES,-0.028915619608073099
ROBUST_NO_GOLD,2024Q4,H2,standard,1,usd_uzs,FINANCIAL,-0.1183076600147802
ROBUST_NO_GOLD,2024Q4,H2,standard,1,rub_uzs,FINANCIAL,0.0121471092071907
ROBUST_NO_GOLD,2024Q4,H2,standard,1,m2,FINANCIAL,0.62267195523000907
ROBUST_NO_GOLD,2024Q4,H2,standard,1,fx_reserves_ex_gold,FINANCIAL,-0.093996150113045199
ROBUST_NO_GOLD,2024Q4,H2,standard,1,pos_turnover,PAYMENTS,0.46375821239264481
ROBUST_NO_GOLD,2024Q4,H3,standard,1,industrial_production,PRODUCTION,0.022637348196290399
ROBUST_NO_GOLD,2024Q4,H3,standard,1,ppi,PRICES,-0.028915619608073099
ROBUST_NO_GOLD,2024Q4,H3,standard,1,usd_uzs,FINANCIAL,-0.1183076600147802
ROBUST_NO_GOLD,2024Q4,H3,standard,1,rub_uzs,FINANCIAL,0.0121471092071907
ROBUST_NO_GOLD,2024Q4,H3,standard,1,m2,FINANCIAL,0.62267195523000907
ROBUST_NO_GOLD,2024Q4,H3,standard,1,fx_reserves_ex_gold,FINANCIAL,-0.093996150113045199
ROBUST_NO_GOLD,2024Q4,H3,standard,1,pos_turnover,PAYMENTS,0.46375821239264481
ROBUST_NO_GOLD,2025Q1,H1,standard,1,industrial_production,PRODUCTION,0.0394987350741118
ROBUST_NO_GOLD,2025Q1,H1,standard,1,ppi,PRICES,-0.037401342827634
ROBUST_NO_GOLD,2025Q1,H1,standard,1,usd_uzs,FINANCIAL,-0.1175186280418887
ROBUST_NO_GOLD,2025Q1,H1,standard,1,rub_uzs,FINANCIAL,-0.0095565508449049
ROBUST_NO_GOLD,2025Q1,H1,standard,1,m2,FINANCIAL,0.58138459756885752
ROBUST_NO_GOLD,2025Q1,H1,standard,1,fx_reserves_ex_gold,FINANCIAL,-0.070547380448881897
ROBUST_NO_GOLD,2025Q1,H1,standard,1,pos_turnover,PAYMENTS,0.40566531077788748
ROBUST_NO_GOLD,2025Q1,H2,standard,1,industrial_production,PRODUCTION,0.043520791626754103
ROBUST_NO_GOLD,2025Q1,H2,standard,1,ppi,PRICES,-0.037402937194364598
ROBUST_NO_GOLD,2025Q1,H2,standard,1,usd_uzs,FINANCIAL,-0.11754176526058339
ROBUST_NO_GOLD,2025Q1,H2,standard,1,rub_uzs,FINANCIAL,-0.0095334232434240006
ROBUST_NO_GOLD,2025Q1,H2,standard,1,m2,FINANCIAL,0.58159407959033405
ROBUST_NO_GOLD,2025Q1,H2,standard,1,fx_reserves_ex_gold,FINANCIAL,-0.070756695007018602
ROBUST_NO_GOLD,2025Q1,H2,standard,1,pos_turnover,PAYMENTS,0.40582221995939899
ROBUST_NO_GOLD,2025Q1,H3,standard,1,industrial_production,PRODUCTION,0.043520791626754103
ROBUST_NO_GOLD,2025Q1,H3,standard,1,ppi,PRICES,-0.037402937194364598
ROBUST_NO_GOLD,2025Q1,H3,standard,1,usd_uzs,FINANCIAL,-0.11754176526058339
ROBUST_NO_GOLD,2025Q1,H3,standard,1,rub_uzs,FINANCIAL,-0.0095334232434240006
ROBUST_NO_GOLD,2025Q1,H3,standard,1,m2,FINANCIAL,0.58159407959033405
ROBUST_NO_GOLD,2025Q1,H3,standard,1,fx_reserves_ex_gold,FINANCIAL,-0.070756695007018602
ROBUST_NO_GOLD,2025Q1,H3,standard,1,pos_turnover,PAYMENTS,0.40582221995939899
ROBUST_NO_GOLD,2025Q2,H1,standard,1,industrial_production,PRODUCTION,0.023141977969007799
ROBUST_NO_GOLD,2025Q2,H1,standard,1,ppi,PRICES,-0.047650088204553
ROBUST_NO_GOLD,2025Q2,H1,standard,1,usd_uzs,FINANCIAL,-0.1268648107695361
ROBUST_NO_GOLD,2025Q2,H1,standard,1,rub_uzs,FINANCIAL,0.0367449364531552
ROBUST_NO_GOLD,2025Q2,H1,standard,1,m2,FINANCIAL,0.63814384234962895
ROBUST_NO_GOLD,2025Q2,H1,standard,1,fx_reserves_ex_gold,FINANCIAL,-0.0053707921296547003
ROBUST_NO_GOLD,2025Q2,H1,standard,1,pos_turnover,PAYMENTS,0.42168850181051287
ROBUST_NO_GOLD,2025Q2,H2,standard,1,industrial_production,PRODUCTION,0.027262676908162201
ROBUST_NO_GOLD,2025Q2,H2,standard,1,ppi,PRICES,-0.047642437314166397
ROBUST_NO_GOLD,2025Q2,H2,standard,1,usd_uzs,FINANCIAL,-0.1268425897097884
ROBUST_NO_GOLD,2025Q2,H2,standard,1,rub_uzs,FINANCIAL,0.036725862721756902
ROBUST_NO_GOLD,2025Q2,H2,standard,1,m2,FINANCIAL,0.63782803938102095
ROBUST_NO_GOLD,2025Q2,H2,standard,1,fx_reserves_ex_gold,FINANCIAL,-0.0054616436318279003
ROBUST_NO_GOLD,2025Q2,H2,standard,1,pos_turnover,PAYMENTS,0.4215728849601364
ROBUST_NO_GOLD,2025Q2,H3,standard,1,industrial_production,PRODUCTION,0.027262676908162201
ROBUST_NO_GOLD,2025Q2,H3,standard,1,ppi,PRICES,-0.047642437314166397
ROBUST_NO_GOLD,2025Q2,H3,standard,1,usd_uzs,FINANCIAL,-0.1268425897097884
ROBUST_NO_GOLD,2025Q2,H3,standard,1,rub_uzs,FINANCIAL,0.036725862721756902
ROBUST_NO_GOLD,2025Q2,H3,standard,1,m2,FINANCIAL,0.63782803938102095
ROBUST_NO_GOLD,2025Q2,H3,standard,1,fx_reserves_ex_gold,FINANCIAL,-0.0054616436318279003
ROBUST_NO_GOLD,2025Q2,H3,standard,1,pos_turnover,PAYMENTS,0.4215728849601364
ROBUST_NO_USD,2022Q3,H1,standard,1,industrial_production,PRODUCTION,0.46078367207268989
ROBUST_NO_USD,2022Q3,H1,standard,1,ppi,PRICES,0.086983431198760605
ROBUST_NO_USD,2022Q3,H1,standard,1,rub_uzs,FINANCIAL,0.037195693937883002
ROBUST_NO_USD,2022Q3,H1,standard,1,gold_price,EXTERNAL,-0.062353023828689798
ROBUST_NO_USD,2022Q3,H1,standard,1,m2,FINANCIAL,0.1999919139773548
ROBUST_NO_USD,2022Q3,H1,standard,1,fx_reserves_ex_gold,FINANCIAL,-0.3608913865189724
ROBUST_NO_USD,2022Q3,H1,standard,1,pos_turnover,PAYMENTS,0.26117010887747583
ROBUST_NO_USD,2022Q3,H2,standard,1,industrial_production,PRODUCTION,0.43942943485482699
ROBUST_NO_USD,2022Q3,H2,standard,1,ppi,PRICES,0.081500799868109999
ROBUST_NO_USD,2022Q3,H2,standard,1,rub_uzs,FINANCIAL,0.0303355455163382
ROBUST_NO_USD,2022Q3,H2,standard,1,gold_price,EXTERNAL,-0.055984924491978297
ROBUST_NO_USD,2022Q3,H2,standard,1,m2,FINANCIAL,0.1821268261088651
ROBUST_NO_USD,2022Q3,H2,standard,1,fx_reserves_ex_gold,FINANCIAL,-0.34315683875622938
ROBUST_NO_USD,2022Q3,H2,standard,1,pos_turnover,PAYMENTS,0.24175951273749921
ROBUST_NO_USD,2022Q3,H3,standard,1,industrial_production,PRODUCTION,0.43942943485482699
ROBUST_NO_USD,2022Q3,H3,standard,1,ppi,PRICES,0.081500799868109999
ROBUST_NO_USD,2022Q3,H3,standard,1,rub_uzs,FINANCIAL,0.0303355455163382
ROBUST_NO_USD,2022Q3,H3,standard,1,gold_price,EXTERNAL,-0.055984924491978297
ROBUST_NO_USD,2022Q3,H3,standard,1,m2,FINANCIAL,0.1821268261088651
ROBUST_NO_USD,2022Q3,H3,standard,1,fx_reserves_ex_gold,FINANCIAL,-0.34315683875622938
ROBUST_NO_USD,2022Q3,H3,standard,1,pos_turnover,PAYMENTS,0.24175951273749921
ROBUST_NO_USD,2023Q1,H1,standard,1,industrial_production,PRODUCTION,0.2337812918584338
ROBUST_NO_USD,2023Q1,H1,standard,1,ppi,PRICES,0.011269346395720701
ROBUST_NO_USD,2023Q1,H1,standard,1,rub_uzs,FINANCIAL,0.061814999360164699
ROBUST_NO_USD,2023Q1,H1,standard,1,gold_price,EXTERNAL,-0.1311455762274911
ROBUST_NO_USD,2023Q1,H1,standard,1,m2,FINANCIAL,0.60606405151669807
ROBUST_NO_USD,2023Q1,H1,standard,1,fx_reserves_ex_gold,FINANCIAL,-0.23489432246589151
ROBUST_NO_USD,2023Q1,H1,standard,1,pos_turnover,PAYMENTS,0.50579022132478424
ROBUST_NO_USD,2023Q1,H2,standard,1,industrial_production,PRODUCTION,0.22945084944667421
ROBUST_NO_USD,2023Q1,H2,standard,1,ppi,PRICES,0.011293119545157699
ROBUST_NO_USD,2023Q1,H2,standard,1,rub_uzs,FINANCIAL,0.062246616482790902
ROBUST_NO_USD,2023Q1,H2,standard,1,gold_price,EXTERNAL,-0.13131459667360909
ROBUST_NO_USD,2023Q1,H2,standard,1,m2,FINANCIAL,0.6069894708504161
ROBUST_NO_USD,2023Q1,H2,standard,1,fx_reserves_ex_gold,FINANCIAL,-0.2347942495295875
ROBUST_NO_USD,2023Q1,H2,standard,1,pos_turnover,PAYMENTS,0.50621726128729982
ROBUST_NO_USD,2023Q1,H3,standard,1,industrial_production,PRODUCTION,0.22945084944667421
ROBUST_NO_USD,2023Q1,H3,standard,1,ppi,PRICES,0.011293119545157699
ROBUST_NO_USD,2023Q1,H3,standard,1,rub_uzs,FINANCIAL,0.062246616482790902
ROBUST_NO_USD,2023Q1,H3,standard,1,gold_price,EXTERNAL,-0.13131459667360909
ROBUST_NO_USD,2023Q1,H3,standard,1,m2,FINANCIAL,0.6069894708504161
ROBUST_NO_USD,2023Q1,H3,standard,1,fx_reserves_ex_gold,FINANCIAL,-0.2347942495295875
ROBUST_NO_USD,2023Q1,H3,standard,1,pos_turnover,PAYMENTS,0.50621726128729982
ROBUST_NO_USD,2023Q2,H1,standard,1,industrial_production,PRODUCTION,0.086576005919937901
ROBUST_NO_USD,2023Q2,H1,standard,1,ppi,PRICES,-0.0016595722565127
ROBUST_NO_USD,2023Q2,H1,standard,1,rub_uzs,FINANCIAL,0.017709014398241501
ROBUST_NO_USD,2023Q2,H1,standard,1,gold_price,EXTERNAL,-0.093567196855558601
ROBUST_NO_USD,2023Q2,H1,standard,1,m2,FINANCIAL,0.62184461624580201
ROBUST_NO_USD,2023Q2,H1,standard,1,fx_reserves_ex_gold,FINANCIAL,-0.28777975359352848
ROBUST_NO_USD,2023Q2,H1,standard,1,pos_turnover,PAYMENTS,0.5301552398054602
ROBUST_NO_USD,2023Q2,H2,standard,1,industrial_production,PRODUCTION,0.084431217187498603
ROBUST_NO_USD,2023Q2,H2,standard,1,ppi,PRICES,-0.0016171167685470999
ROBUST_NO_USD,2023Q2,H2,standard,1,rub_uzs,FINANCIAL,0.017601735244571801
ROBUST_NO_USD,2023Q2,H2,standard,1,gold_price,EXTERNAL,-0.092678353098965105
ROBUST_NO_USD,2023Q2,H2,standard,1,m2,FINANCIAL,0.61599461790672005
ROBUST_NO_USD,2023Q2,H2,standard,1,fx_reserves_ex_gold,FINANCIAL,-0.2850360548459992
ROBUST_NO_USD,2023Q2,H2,standard,1,pos_turnover,PAYMENTS,0.52513625630936045
ROBUST_NO_USD,2023Q2,H3,standard,1,industrial_production,PRODUCTION,0.084431217187498603
ROBUST_NO_USD,2023Q2,H3,standard,1,ppi,PRICES,-0.0016171167685470999
ROBUST_NO_USD,2023Q2,H3,standard,1,rub_uzs,FINANCIAL,0.017601735244571801
ROBUST_NO_USD,2023Q2,H3,standard,1,gold_price,EXTERNAL,-0.092678353098965105
ROBUST_NO_USD,2023Q2,H3,standard,1,m2,FINANCIAL,0.61599461790672005
ROBUST_NO_USD,2023Q2,H3,standard,1,fx_reserves_ex_gold,FINANCIAL,-0.2850360548459992
ROBUST_NO_USD,2023Q2,H3,standard,1,pos_turnover,PAYMENTS,0.52513625630936045
ROBUST_NO_USD,2023Q3,H1,standard,1,industrial_production,PRODUCTION,0.10838283576394341
ROBUST_NO_USD,2023Q3,H1,standard,1,ppi,PRICES,-0.0012314938241749999
ROBUST_NO_USD,2023Q3,H1,standard,1,rub_uzs,FINANCIAL,0.0083369133120904
ROBUST_NO_USD,2023Q3,H1,standard,1,gold_price,EXTERNAL,-0.085768856192731904
ROBUST_NO_USD,2023Q3,H1,standard,1,m2,FINANCIAL,0.54975173606928007
ROBUST_NO_USD,2023Q3,H1,standard,1,fx_reserves_ex_gold,FINANCIAL,-0.23682409620407621
ROBUST_NO_USD,2023Q3,H1,standard,1,pos_turnover,PAYMENTS,0.48780348772599108
ROBUST_NO_USD,2023Q3,H2,standard,1,industrial_production,PRODUCTION,0.1079950537577201
ROBUST_NO_USD,2023Q3,H2,standard,1,ppi,PRICES,-0.0013516815612341999
ROBUST_NO_USD,2023Q3,H2,standard,1,rub_uzs,FINANCIAL,0.0082442582242309003
ROBUST_NO_USD,2023Q3,H2,standard,1,gold_price,EXTERNAL,-0.085966285177829005
ROBUST_NO_USD,2023Q3,H2,standard,1,m2,FINANCIAL,0.54952758255879897
ROBUST_NO_USD,2023Q3,H2,standard,1,fx_reserves_ex_gold,FINANCIAL,-0.2373410315235259
ROBUST_NO_USD,2023Q3,H2,standard,1,pos_turnover,PAYMENTS,0.4880696032197569
ROBUST_NO_USD,2023Q3,H3,standard,1,industrial_production,PRODUCTION,0.1079950537577201
ROBUST_NO_USD,2023Q3,H3,standard,1,ppi,PRICES,-0.0013516815612341999
ROBUST_NO_USD,2023Q3,H3,standard,1,rub_uzs,FINANCIAL,0.0082442582242309003
ROBUST_NO_USD,2023Q3,H3,standard,1,gold_price,EXTERNAL,-0.085966285177829005
ROBUST_NO_USD,2023Q3,H3,standard,1,m2,FINANCIAL,0.54952758255879897
ROBUST_NO_USD,2023Q3,H3,standard,1,fx_reserves_ex_gold,FINANCIAL,-0.2373410315235259
ROBUST_NO_USD,2023Q3,H3,standard,1,pos_turnover,PAYMENTS,0.4880696032197569
ROBUST_NO_USD,2023Q4,H1,standard,1,industrial_production,PRODUCTION,0.116547923955863
ROBUST_NO_USD,2023Q4,H1,standard,1,ppi,PRICES,-0.0041794785083593003
ROBUST_NO_USD,2023Q4,H1,standard,1,rub_uzs,FINANCIAL,0.0090566517894505993
ROBUST_NO_USD,2023Q4,H1,standard,1,gold_price,EXTERNAL,-0.090488710859972302
ROBUST_NO_USD,2023Q4,H1,standard,1,m2,FINANCIAL,0.54810353162140335
ROBUST_NO_USD,2023Q4,H1,standard,1,fx_reserves_ex_gold,FINANCIAL,-0.20282055013549649
ROBUST_NO_USD,2023Q4,H1,standard,1,pos_turnover,PAYMENTS,0.49329574029468393
ROBUST_NO_USD,2023Q4,H2,standard,1,industrial_production,PRODUCTION,0.1152524896583305
ROBUST_NO_USD,2023Q4,H2,standard,1,ppi,PRICES,-0.0043543239173944003
ROBUST_NO_USD,2023Q4,H2,standard,1,rub_uzs,FINANCIAL,0.0088144262452035001
ROBUST_NO_USD,2023Q4,H2,standard,1,gold_price,EXTERNAL,-0.090747732539613296
ROBUST_NO_USD,2023Q4,H2,standard,1,m2,FINANCIAL,0.54717766587455885
ROBUST_NO_USD,2023Q4,H2,standard,1,fx_reserves_ex_gold,FINANCIAL,-0.2036230845937867
ROBUST_NO_USD,2023Q4,H2,standard,1,pos_turnover,PAYMENTS,0.49335724966211431
ROBUST_NO_USD,2023Q4,H3,standard,1,industrial_production,PRODUCTION,0.1152524896583305
ROBUST_NO_USD,2023Q4,H3,standard,1,ppi,PRICES,-0.0043543239173944003
ROBUST_NO_USD,2023Q4,H3,standard,1,rub_uzs,FINANCIAL,0.0088144262452035001
ROBUST_NO_USD,2023Q4,H3,standard,1,gold_price,EXTERNAL,-0.090747732539613296
ROBUST_NO_USD,2023Q4,H3,standard,1,m2,FINANCIAL,0.54717766587455885
ROBUST_NO_USD,2023Q4,H3,standard,1,fx_reserves_ex_gold,FINANCIAL,-0.2036230845937867
ROBUST_NO_USD,2023Q4,H3,standard,1,pos_turnover,PAYMENTS,0.49335724966211431
ROBUST_NO_USD,2024Q1,H1,standard,1,industrial_production,PRODUCTION,0.071119635479400103
ROBUST_NO_USD,2024Q1,H1,standard,1,ppi,PRICES,-0.020523753828725899
ROBUST_NO_USD,2024Q1,H1,standard,1,rub_uzs,FINANCIAL,0.0115631377771325
ROBUST_NO_USD,2024Q1,H1,standard,1,gold_price,EXTERNAL,-0.087524467107522805
ROBUST_NO_USD,2024Q1,H1,standard,1,m2,FINANCIAL,0.61660706453329661
ROBUST_NO_USD,2024Q1,H1,standard,1,fx_reserves_ex_gold,FINANCIAL,-0.14649445586806389
ROBUST_NO_USD,2024Q1,H1,standard,1,pos_turnover,PAYMENTS,0.49802618976184349
ROBUST_NO_USD,2024Q1,H2,standard,1,industrial_production,PRODUCTION,0.065914368339875601
ROBUST_NO_USD,2024Q1,H2,standard,1,ppi,PRICES,-0.020616645899312801
ROBUST_NO_USD,2024Q1,H2,standard,1,rub_uzs,FINANCIAL,0.011430153335169601
ROBUST_NO_USD,2024Q1,H2,standard,1,gold_price,EXTERNAL,-0.0875684378121587
ROBUST_NO_USD,2024Q1,H2,standard,1,m2,FINANCIAL,0.61693726418667805
ROBUST_NO_USD,2024Q1,H2,standard,1,fx_reserves_ex_gold,FINANCIAL,-0.14669123634196859
ROBUST_NO_USD,2024Q1,H2,standard,1,pos_turnover,PAYMENTS,0.49849029052655452
ROBUST_NO_USD,2024Q1,H3,standard,1,industrial_production,PRODUCTION,0.065914368339875601
ROBUST_NO_USD,2024Q1,H3,standard,1,ppi,PRICES,-0.020616645899312801
ROBUST_NO_USD,2024Q1,H3,standard,1,rub_uzs,FINANCIAL,0.011430153335169601
ROBUST_NO_USD,2024Q1,H3,standard,1,gold_price,EXTERNAL,-0.0875684378121587
ROBUST_NO_USD,2024Q1,H3,standard,1,m2,FINANCIAL,0.61693726418667805
ROBUST_NO_USD,2024Q1,H3,standard,1,fx_reserves_ex_gold,FINANCIAL,-0.14669123634196859
ROBUST_NO_USD,2024Q1,H3,standard,1,pos_turnover,PAYMENTS,0.49849029052655452
ROBUST_NO_USD,2024Q2,H1,standard,1,industrial_production,PRODUCTION,0.0071459394393967998
ROBUST_NO_USD,2024Q2,H1,standard,1,ppi,PRICES,-0.0240862804002125
ROBUST_NO_USD,2024Q2,H1,standard,1,rub_uzs,FINANCIAL,0.016903353627304
ROBUST_NO_USD,2024Q2,H1,standard,1,gold_price,EXTERNAL,-0.085391833775658704
ROBUST_NO_USD,2024Q2,H1,standard,1,m2,FINANCIAL,0.64888990498372623
ROBUST_NO_USD,2024Q2,H1,standard,1,fx_reserves_ex_gold,FINANCIAL,-0.10295329061803959
ROBUST_NO_USD,2024Q2,H1,standard,1,pos_turnover,PAYMENTS,0.49870898408756281
ROBUST_NO_USD,2024Q2,H2,standard,1,industrial_production,PRODUCTION,0.0054559203909247001
ROBUST_NO_USD,2024Q2,H2,standard,1,ppi,PRICES,-0.0233823415648985
ROBUST_NO_USD,2024Q2,H2,standard,1,rub_uzs,FINANCIAL,0.016538312667480098
ROBUST_NO_USD,2024Q2,H2,standard,1,gold_price,EXTERNAL,-0.083131903397939494
ROBUST_NO_USD,2024Q2,H2,standard,1,m2,FINANCIAL,0.63226546508869863
ROBUST_NO_USD,2024Q2,H2,standard,1,fx_reserves_ex_gold,FINANCIAL,-0.1001825820300372
ROBUST_NO_USD,2024Q2,H2,standard,1,pos_turnover,PAYMENTS,0.48577524440501652
ROBUST_NO_USD,2024Q2,H3,standard,1,industrial_production,PRODUCTION,0.0054559203909247001
ROBUST_NO_USD,2024Q2,H3,standard,1,ppi,PRICES,-0.0233823415648985
ROBUST_NO_USD,2024Q2,H3,standard,1,rub_uzs,FINANCIAL,0.016538312667480098
ROBUST_NO_USD,2024Q2,H3,standard,1,gold_price,EXTERNAL,-0.083131903397939494
ROBUST_NO_USD,2024Q2,H3,standard,1,m2,FINANCIAL,0.63226546508869863
ROBUST_NO_USD,2024Q2,H3,standard,1,fx_reserves_ex_gold,FINANCIAL,-0.1001825820300372
ROBUST_NO_USD,2024Q2,H3,standard,1,pos_turnover,PAYMENTS,0.48577524440501652
ROBUST_NO_USD,2024Q3,H1,standard,1,industrial_production,PRODUCTION,0.0080648516685635999
ROBUST_NO_USD,2024Q3,H1,standard,1,ppi,PRICES,-0.0224394947585283
ROBUST_NO_USD,2024Q3,H1,standard,1,rub_uzs,FINANCIAL,0.0182429721810408
ROBUST_NO_USD,2024Q3,H1,standard,1,gold_price,EXTERNAL,-0.082296438266645705
ROBUST_NO_USD,2024Q3,H1,standard,1,m2,FINANCIAL,0.63696164652929532
ROBUST_NO_USD,2024Q3,H1,standard,1,fx_reserves_ex_gold,FINANCIAL,-0.1019834877843657
ROBUST_NO_USD,2024Q3,H1,standard,1,pos_turnover,PAYMENTS,0.48389287333603781
ROBUST_NO_USD,2024Q3,H2,standard,1,industrial_production,PRODUCTION,0.011825142919951201
ROBUST_NO_USD,2024Q3,H2,standard,1,ppi,PRICES,-0.022419670159755802
ROBUST_NO_USD,2024Q3,H2,standard,1,rub_uzs,FINANCIAL,0.018091862076630199
ROBUST_NO_USD,2024Q3,H2,standard,1,gold_price,EXTERNAL,-0.082402894696558607
ROBUST_NO_USD,2024Q3,H2,standard,1,m2,FINANCIAL,0.63714899010693038
ROBUST_NO_USD,2024Q3,H2,standard,1,fx_reserves_ex_gold,FINANCIAL,-0.10241362502553621
ROBUST_NO_USD,2024Q3,H2,standard,1,pos_turnover,PAYMENTS,0.4844517936697984
ROBUST_NO_USD,2024Q3,H3,standard,1,industrial_production,PRODUCTION,0.011825142919951201
ROBUST_NO_USD,2024Q3,H3,standard,1,ppi,PRICES,-0.022419670159755802
ROBUST_NO_USD,2024Q3,H3,standard,1,rub_uzs,FINANCIAL,0.018091862076630199
ROBUST_NO_USD,2024Q3,H3,standard,1,gold_price,EXTERNAL,-0.082402894696558607
ROBUST_NO_USD,2024Q3,H3,standard,1,m2,FINANCIAL,0.63714899010693038
ROBUST_NO_USD,2024Q3,H3,standard,1,fx_reserves_ex_gold,FINANCIAL,-0.10241362502553621
ROBUST_NO_USD,2024Q3,H3,standard,1,pos_turnover,PAYMENTS,0.4844517936697984
ROBUST_NO_USD,2024Q4,H1,standard,1,industrial_production,PRODUCTION,0.0195644333882425
ROBUST_NO_USD,2024Q4,H1,standard,1,ppi,PRICES,-0.028823565573717101
ROBUST_NO_USD,2024Q4,H1,standard,1,rub_uzs,FINANCIAL,0.0121400478437376
ROBUST_NO_USD,2024Q4,H1,standard,1,gold_price,EXTERNAL,-0.068134686376213602
ROBUST_NO_USD,2024Q4,H1,standard,1,m2,FINANCIAL,0.63424513619086798
ROBUST_NO_USD,2024Q4,H1,standard,1,fx_reserves_ex_gold,FINANCIAL,-0.0957615731053615
ROBUST_NO_USD,2024Q4,H1,standard,1,pos_turnover,PAYMENTS,0.47167663510721092
ROBUST_NO_USD,2024Q4,H2,standard,1,industrial_production,PRODUCTION,0.022522070828508999
ROBUST_NO_USD,2024Q4,H2,standard,1,ppi,PRICES,-0.028690202500789599
ROBUST_NO_USD,2024Q4,H2,standard,1,rub_uzs,FINANCIAL,0.012164563187392299
ROBUST_NO_USD,2024Q4,H2,standard,1,gold_price,EXTERNAL,-0.0680690565787581
ROBUST_NO_USD,2024Q4,H2,standard,1,m2,FINANCIAL,0.63362113457875391
ROBUST_NO_USD,2024Q4,H2,standard,1,fx_reserves_ex_gold,FINANCIAL,-0.095796130966258705
ROBUST_NO_USD,2024Q4,H2,standard,1,pos_turnover,PAYMENTS,0.47127802049951922
ROBUST_NO_USD,2024Q4,H3,standard,1,industrial_production,PRODUCTION,0.022522070828508999
ROBUST_NO_USD,2024Q4,H3,standard,1,ppi,PRICES,-0.028690202500789599
ROBUST_NO_USD,2024Q4,H3,standard,1,rub_uzs,FINANCIAL,0.012164563187392299
ROBUST_NO_USD,2024Q4,H3,standard,1,gold_price,EXTERNAL,-0.0680690565787581
ROBUST_NO_USD,2024Q4,H3,standard,1,m2,FINANCIAL,0.63362113457875391
ROBUST_NO_USD,2024Q4,H3,standard,1,fx_reserves_ex_gold,FINANCIAL,-0.095796130966258705
ROBUST_NO_USD,2024Q4,H3,standard,1,pos_turnover,PAYMENTS,0.47127802049951922
ROBUST_NO_USD,2025Q1,H1,standard,1,industrial_production,PRODUCTION,0.039486839363880498
ROBUST_NO_USD,2025Q1,H1,standard,1,ppi,PRICES,-0.0371301003276212
ROBUST_NO_USD,2025Q1,H1,standard,1,rub_uzs,FINANCIAL,-0.0096301716389161993
ROBUST_NO_USD,2025Q1,H1,standard,1,gold_price,EXTERNAL,-0.0627219051813976
ROBUST_NO_USD,2025Q1,H1,standard,1,m2,FINANCIAL,0.59081693229725318
ROBUST_NO_USD,2025Q1,H1,standard,1,fx_reserves_ex_gold,FINANCIAL,-0.071794441815895393
ROBUST_NO_USD,2025Q1,H1,standard,1,pos_turnover,PAYMENTS,0.41153987103427841
ROBUST_NO_USD,2025Q1,H2,standard,1,industrial_production,PRODUCTION,0.043675098258377398
ROBUST_NO_USD,2025Q1,H2,standard,1,ppi,PRICES,-0.037215784107432801
ROBUST_NO_USD,2025Q1,H2,standard,1,rub_uzs,FINANCIAL,-0.0096128659673221008
ROBUST_NO_USD,2025Q1,H2,standard,1,gold_price,EXTERNAL,-0.062803730634509197
ROBUST_NO_USD,2025Q1,H2,standard,1,m2,FINANCIAL,0.59130895900474323
ROBUST_NO_USD,2025Q1,H2,standard,1,fx_reserves_ex_gold,FINANCIAL,-0.072057269151012404
ROBUST_NO_USD,2025Q1,H2,standard,1,pos_turnover,PAYMENTS,0.41193206981266273
ROBUST_NO_USD,2025Q1,H3,standard,1,industrial_production,PRODUCTION,0.043675098258377398
ROBUST_NO_USD,2025Q1,H3,standard,1,ppi,PRICES,-0.037215784107432801
ROBUST_NO_USD,2025Q1,H3,standard,1,rub_uzs,FINANCIAL,-0.0096128659673221008
ROBUST_NO_USD,2025Q1,H3,standard,1,gold_price,EXTERNAL,-0.062803730634509197
ROBUST_NO_USD,2025Q1,H3,standard,1,m2,FINANCIAL,0.59130895900474323
ROBUST_NO_USD,2025Q1,H3,standard,1,fx_reserves_ex_gold,FINANCIAL,-0.072057269151012404
ROBUST_NO_USD,2025Q1,H3,standard,1,pos_turnover,PAYMENTS,0.41193206981266273
ROBUST_NO_USD,2025Q2,H1,standard,1,industrial_production,PRODUCTION,0.022848802868453599
ROBUST_NO_USD,2025Q2,H1,standard,1,ppi,PRICES,-0.0481244774446127
ROBUST_NO_USD,2025Q2,H1,standard,1,rub_uzs,FINANCIAL,0.037401129057078999
ROBUST_NO_USD,2025Q2,H1,standard,1,gold_price,EXTERNAL,-0.022280760315938002
ROBUST_NO_USD,2025Q2,H1,standard,1,m2,FINANCIAL,0.65629324736106465
ROBUST_NO_USD,2025Q2,H1,standard,1,fx_reserves_ex_gold,FINANCIAL,-0.0056009915430590999
ROBUST_NO_USD,2025Q2,H1,standard,1,pos_turnover,PAYMENTS,0.4321176349646072
ROBUST_NO_USD,2025Q2,H2,standard,1,industrial_production,PRODUCTION,0.027090503724091101
ROBUST_NO_USD,2025Q2,H2,standard,1,ppi,PRICES,-0.048012292563938998
ROBUST_NO_USD,2025Q2,H2,standard,1,rub_uzs,FINANCIAL,0.037285855247920899
ROBUST_NO_USD,2025Q2,H2,standard,1,gold_price,EXTERNAL,-0.0222534996561593
ROBUST_NO_USD,2025Q2,H2,standard,1,m2,FINANCIAL,0.65515809856011942
ROBUST_NO_USD,2025Q2,H2,standard,1,fx_reserves_ex_gold,FINANCIAL,-0.0057281734734821003
ROBUST_NO_USD,2025Q2,H2,standard,1,pos_turnover,PAYMENTS,0.4315333745113244
ROBUST_NO_USD,2025Q2,H3,standard,1,industrial_production,PRODUCTION,0.027090503724091101
ROBUST_NO_USD,2025Q2,H3,standard,1,ppi,PRICES,-0.048012292563938998
ROBUST_NO_USD,2025Q2,H3,standard,1,rub_uzs,FINANCIAL,0.037285855247920899
ROBUST_NO_USD,2025Q2,H3,standard,1,gold_price,EXTERNAL,-0.0222534996561593
ROBUST_NO_USD,2025Q2,H3,standard,1,m2,FINANCIAL,0.65515809856011942
ROBUST_NO_USD,2025Q2,H3,standard,1,fx_reserves_ex_gold,FINANCIAL,-0.0057281734734821003
ROBUST_NO_USD,2025Q2,H3,standard,1,pos_turnover,PAYMENTS,0.4315333745113244
ROBUST_NO_RUB,2022Q2,H1,standard,1,industrial_production,PRODUCTION,0.57444594217341938
ROBUST_NO_RUB,2022Q2,H1,standard,1,ppi,PRICES,0.085699667144824701
ROBUST_NO_RUB,2022Q2,H1,standard,1,usd_uzs,FINANCIAL,-0.078243629987194294
ROBUST_NO_RUB,2022Q2,H1,standard,1,gold_price,EXTERNAL,-0.066197380175072401
ROBUST_NO_RUB,2022Q2,H1,standard,1,m2,FINANCIAL,0.23819965300484
ROBUST_NO_RUB,2022Q2,H1,standard,1,fx_reserves_ex_gold,FINANCIAL,-0.4199532383973264
ROBUST_NO_RUB,2022Q2,H1,standard,1,pos_turnover,PAYMENTS,0.3361920955572314
ROBUST_NO_RUB,2022Q2,H2,standard,1,industrial_production,PRODUCTION,0.57370307087517824
ROBUST_NO_RUB,2022Q2,H2,standard,1,ppi,PRICES,0.082767306440348506
ROBUST_NO_RUB,2022Q2,H2,standard,1,usd_uzs,FINANCIAL,-0.085809945013454098
ROBUST_NO_RUB,2022Q2,H2,standard,1,gold_price,EXTERNAL,-0.071856010465866496
ROBUST_NO_RUB,2022Q2,H2,standard,1,m2,FINANCIAL,0.22818086010611971
ROBUST_NO_RUB,2022Q2,H2,standard,1,fx_reserves_ex_gold,FINANCIAL,-0.41922696008102223
ROBUST_NO_RUB,2022Q2,H2,standard,1,pos_turnover,PAYMENTS,0.33273109601906398
ROBUST_NO_RUB,2022Q2,H3,standard,1,industrial_production,PRODUCTION,0.57370307087517824
ROBUST_NO_RUB,2022Q2,H3,standard,1,ppi,PRICES,0.082767306440348506
ROBUST_NO_RUB,2022Q2,H3,standard,1,usd_uzs,FINANCIAL,-0.085809945013454098
ROBUST_NO_RUB,2022Q2,H3,standard,1,gold_price,EXTERNAL,-0.071856010465866496
ROBUST_NO_RUB,2022Q2,H3,standard,1,m2,FINANCIAL,0.22818086010611971
ROBUST_NO_RUB,2022Q2,H3,standard,1,fx_reserves_ex_gold,FINANCIAL,-0.41922696008102223
ROBUST_NO_RUB,2022Q2,H3,standard,1,pos_turnover,PAYMENTS,0.33273109601906398
ROBUST_NO_RUB,2022Q3,H1,standard,1,industrial_production,PRODUCTION,0.52073065455259571
ROBUST_NO_RUB,2022Q3,H1,standard,1,ppi,PRICES,0.085705461047732995
ROBUST_NO_RUB,2022Q3,H1,standard,1,usd_uzs,FINANCIAL,-0.099303198623773306
ROBUST_NO_RUB,2022Q3,H1,standard,1,gold_price,EXTERNAL,-0.086138999919026196
ROBUST_NO_RUB,2022Q3,H1,standard,1,m2,FINANCIAL,0.21643572082344481
ROBUST_NO_RUB,2022Q3,H1,standard,1,fx_reserves_ex_gold,FINANCIAL,-0.37884132831125722
ROBUST_NO_RUB,2022Q3,H1,standard,1,pos_turnover,PAYMENTS,0.3096396410577541
ROBUST_NO_RUB,2022Q3,H2,standard,1,industrial_production,PRODUCTION,0.4110091723695708
ROBUST_NO_RUB,2022Q3,H2,standard,1,ppi,PRICES,0.075428068569528398
ROBUST_NO_RUB,2022Q3,H2,standard,1,usd_uzs,FINANCIAL,-0.032552695626643598
ROBUST_NO_RUB,2022Q3,H2,standard,1,gold_price,EXTERNAL,-0.053021025797320299
ROBUST_NO_RUB,2022Q3,H2,standard,1,m2,FINANCIAL,0.16982047171727049
ROBUST_NO_RUB,2022Q3,H2,standard,1,fx_reserves_ex_gold,FINANCIAL,-0.32032301585399697
ROBUST_NO_RUB,2022Q3,H2,standard,1,pos_turnover,PAYMENTS,0.22672676897744451
ROBUST_NO_RUB,2022Q3,H3,standard,1,industrial_production,PRODUCTION,0.4110091723695708
ROBUST_NO_RUB,2022Q3,H3,standard,1,ppi,PRICES,0.075428068569528398
ROBUST_NO_RUB,2022Q3,H3,standard,1,usd_uzs,FINANCIAL,-0.032552695626643598
ROBUST_NO_RUB,2022Q3,H3,standard,1,gold_price,EXTERNAL,-0.053021025797320299
ROBUST_NO_RUB,2022Q3,H3,standard,1,m2,FINANCIAL,0.16982047171727049
ROBUST_NO_RUB,2022Q3,H3,standard,1,fx_reserves_ex_gold,FINANCIAL,-0.32032301585399697
ROBUST_NO_RUB,2022Q3,H3,standard,1,pos_turnover,PAYMENTS,0.22672676897744451
ROBUST_NO_RUB,2023Q1,H1,standard,1,industrial_production,PRODUCTION,0.21731753079101709
ROBUST_NO_RUB,2023Q1,H1,standard,1,ppi,PRICES,0.0087870093452759
ROBUST_NO_RUB,2023Q1,H1,standard,1,usd_uzs,FINANCIAL,-0.093014753148233695
ROBUST_NO_RUB,2023Q1,H1,standard,1,gold_price,EXTERNAL,-0.1217901991130201
ROBUST_NO_RUB,2023Q1,H1,standard,1,m2,FINANCIAL,0.55229696457333655
ROBUST_NO_RUB,2023Q1,H1,standard,1,fx_reserves_ex_gold,FINANCIAL,-0.21608751910321661
ROBUST_NO_RUB,2023Q1,H1,standard,1,pos_turnover,PAYMENTS,0.4645242130142887
ROBUST_NO_RUB,2023Q1,H2,standard,1,industrial_production,PRODUCTION,0.2129037732547881
ROBUST_NO_RUB,2023Q1,H2,standard,1,ppi,PRICES,0.008813788529173
ROBUST_NO_RUB,2023Q1,H2,standard,1,usd_uzs,FINANCIAL,-0.093005929146343994
ROBUST_NO_RUB,2023Q1,H2,standard,1,gold_price,EXTERNAL,-0.1218984050315763
ROBUST_NO_RUB,2023Q1,H2,standard,1,m2,FINANCIAL,0.55300262769743835
ROBUST_NO_RUB,2023Q1,H2,standard,1,fx_reserves_ex_gold,FINANCIAL,-0.2158780178523442
ROBUST_NO_RUB,2023Q1,H2,standard,1,pos_turnover,PAYMENTS,0.4647467406234847
ROBUST_NO_RUB,2023Q1,H3,standard,1,industrial_production,PRODUCTION,0.2129037732547881
ROBUST_NO_RUB,2023Q1,H3,standard,1,ppi,PRICES,0.008813788529173
ROBUST_NO_RUB,2023Q1,H3,standard,1,usd_uzs,FINANCIAL,-0.093005929146343994
ROBUST_NO_RUB,2023Q1,H3,standard,1,gold_price,EXTERNAL,-0.1218984050315763
ROBUST_NO_RUB,2023Q1,H3,standard,1,m2,FINANCIAL,0.55300262769743835
ROBUST_NO_RUB,2023Q1,H3,standard,1,fx_reserves_ex_gold,FINANCIAL,-0.2158780178523442
ROBUST_NO_RUB,2023Q1,H3,standard,1,pos_turnover,PAYMENTS,0.4647467406234847
ROBUST_NO_RUB,2023Q2,H1,standard,1,industrial_production,PRODUCTION,0.077962778342937994
ROBUST_NO_RUB,2023Q2,H1,standard,1,ppi,PRICES,-0.0024546018833047998
ROBUST_NO_RUB,2023Q2,H1,standard,1,usd_uzs,FINANCIAL,-0.091908868503239802
ROBUST_NO_RUB,2023Q2,H1,standard,1,gold_price,EXTERNAL,-0.084282893752121807
ROBUST_NO_RUB,2023Q2,H1,standard,1,m2,FINANCIAL,0.55059540979545152
ROBUST_NO_RUB,2023Q2,H1,standard,1,fx_reserves_ex_gold,FINANCIAL,-0.25556492209886211
ROBUST_NO_RUB,2023Q2,H1,standard,1,pos_turnover,PAYMENTS,0.47134706291160128
ROBUST_NO_RUB,2023Q2,H2,standard,1,industrial_production,PRODUCTION,0.076566006889076305
ROBUST_NO_RUB,2023Q2,H2,standard,1,ppi,PRICES,-0.0024836152170853998
ROBUST_NO_RUB,2023Q2,H2,standard,1,usd_uzs,FINANCIAL,-0.091679463234872693
ROBUST_NO_RUB,2023Q2,H2,standard,1,gold_price,EXTERNAL,-0.084086934114760897
ROBUST_NO_RUB,2023Q2,H2,standard,1,m2,FINANCIAL,0.54927387446370135
ROBUST_NO_RUB,2023Q2,H2,standard,1,fx_reserves_ex_gold,FINANCIAL,-0.25492599186671872
ROBUST_NO_RUB,2023Q2,H2,standard,1,pos_turnover,PAYMENTS,0.47020640530434921
ROBUST_NO_RUB,2023Q2,H3,standard,1,industrial_production,PRODUCTION,0.076566006889076305
ROBUST_NO_RUB,2023Q2,H3,standard,1,ppi,PRICES,-0.0024836152170853998
ROBUST_NO_RUB,2023Q2,H3,standard,1,usd_uzs,FINANCIAL,-0.091679463234872693
ROBUST_NO_RUB,2023Q2,H3,standard,1,gold_price,EXTERNAL,-0.084086934114760897
ROBUST_NO_RUB,2023Q2,H3,standard,1,m2,FINANCIAL,0.54927387446370135
ROBUST_NO_RUB,2023Q2,H3,standard,1,fx_reserves_ex_gold,FINANCIAL,-0.25492599186671872
ROBUST_NO_RUB,2023Q2,H3,standard,1,pos_turnover,PAYMENTS,0.47020640530434921
ROBUST_NO_RUB,2023Q3,H1,standard,1,industrial_production,PRODUCTION,0.096089915589090996
ROBUST_NO_RUB,2023Q3,H1,standard,1,ppi,PRICES,-0.0018572981141346001
ROBUST_NO_RUB,2023Q3,H1,standard,1,usd_uzs,FINANCIAL,-0.090938146994383295
ROBUST_NO_RUB,2023Q3,H1,standard,1,gold_price,EXTERNAL,-0.075286563425815495
ROBUST_NO_RUB,2023Q3,H1,standard,1,m2,FINANCIAL,0.45798689889563321
ROBUST_NO_RUB,2023Q3,H1,standard,1,fx_reserves_ex_gold,FINANCIAL,-0.20314497558677511
ROBUST_NO_RUB,2023Q3,H1,standard,1,pos_turnover,PAYMENTS,0.41384459112316641
ROBUST_NO_RUB,2023Q3,H2,standard,1,industrial_production,PRODUCTION,0.096139103832128397
ROBUST_NO_RUB,2023Q3,H2,standard,1,ppi,PRICES,-0.001913670280817
ROBUST_NO_RUB,2023Q3,H2,standard,1,usd_uzs,FINANCIAL,-0.091068171569160097
ROBUST_NO_RUB,2023Q3,H2,standard,1,gold_price,EXTERNAL,-0.0753062642086854
ROBUST_NO_RUB,2023Q3,H2,standard,1,m2,FINANCIAL,0.45623553043871151
ROBUST_NO_RUB,2023Q3,H2,standard,1,fx_reserves_ex_gold,FINANCIAL,-0.2032551081482819
ROBUST_NO_RUB,2023Q3,H2,standard,1,pos_turnover,PAYMENTS,0.41299292975720697
ROBUST_NO_RUB,2023Q3,H3,standard,1,industrial_production,PRODUCTION,0.096139103832128397
ROBUST_NO_RUB,2023Q3,H3,standard,1,ppi,PRICES,-0.001913670280817
ROBUST_NO_RUB,2023Q3,H3,standard,1,usd_uzs,FINANCIAL,-0.091068171569160097
ROBUST_NO_RUB,2023Q3,H3,standard,1,gold_price,EXTERNAL,-0.0753062642086854
ROBUST_NO_RUB,2023Q3,H3,standard,1,m2,FINANCIAL,0.45623553043871151
ROBUST_NO_RUB,2023Q3,H3,standard,1,fx_reserves_ex_gold,FINANCIAL,-0.2032551081482819
ROBUST_NO_RUB,2023Q3,H3,standard,1,pos_turnover,PAYMENTS,0.41299292975720697
ROBUST_NO_RUB,2023Q4,H1,standard,1,industrial_production,PRODUCTION,0.1045251871451901
ROBUST_NO_RUB,2023Q4,H1,standard,1,ppi,PRICES,-0.0046158458812902
ROBUST_NO_RUB,2023Q4,H1,standard,1,usd_uzs,FINANCIAL,-0.10564839251787241
ROBUST_NO_RUB,2023Q4,H1,standard,1,gold_price,EXTERNAL,-0.079610741053312603
ROBUST_NO_RUB,2023Q4,H1,standard,1,m2,FINANCIAL,0.4533983457309822
ROBUST_NO_RUB,2023Q4,H1,standard,1,fx_reserves_ex_gold,FINANCIAL,-0.17615888436285451
ROBUST_NO_RUB,2023Q4,H1,standard,1,pos_turnover,PAYMENTS,0.41905907271946258
ROBUST_NO_RUB,2023Q4,H2,standard,1,industrial_production,PRODUCTION,0.1034703626229619
ROBUST_NO_RUB,2023Q4,H2,standard,1,ppi,PRICES,-0.0047696891235735001
ROBUST_NO_RUB,2023Q4,H2,standard,1,usd_uzs,FINANCIAL,-0.10547808414468191
ROBUST_NO_RUB,2023Q4,H2,standard,1,gold_price,EXTERNAL,-0.0797855406966715
ROBUST_NO_RUB,2023Q4,H2,standard,1,m2,FINANCIAL,0.45190119863179629
ROBUST_NO_RUB,2023Q4,H2,standard,1,fx_reserves_ex_gold,FINANCIAL,-0.17685581859193769
ROBUST_NO_RUB,2023Q4,H2,standard,1,pos_turnover,PAYMENTS,0.41869258353707611
ROBUST_NO_RUB,2023Q4,H3,standard,1,industrial_production,PRODUCTION,0.1034703626229619
ROBUST_NO_RUB,2023Q4,H3,standard,1,ppi,PRICES,-0.0047696891235735001
ROBUST_NO_RUB,2023Q4,H3,standard,1,usd_uzs,FINANCIAL,-0.10547808414468191
ROBUST_NO_RUB,2023Q4,H3,standard,1,gold_price,EXTERNAL,-0.0797855406966715
ROBUST_NO_RUB,2023Q4,H3,standard,1,m2,FINANCIAL,0.45190119863179629
ROBUST_NO_RUB,2023Q4,H3,standard,1,fx_reserves_ex_gold,FINANCIAL,-0.17685581859193769
ROBUST_NO_RUB,2023Q4,H3,standard,1,pos_turnover,PAYMENTS,0.41869258353707611
ROBUST_NO_RUB,2024Q1,H1,standard,1,industrial_production,PRODUCTION,0.085608127652533894
ROBUST_NO_RUB,2024Q1,H1,standard,1,ppi,PRICES,-0.0220533438867445
ROBUST_NO_RUB,2024Q1,H1,standard,1,usd_uzs,FINANCIAL,-0.1040517462374141
ROBUST_NO_RUB,2024Q1,H1,standard,1,gold_price,EXTERNAL,-0.085126335654072405
ROBUST_NO_RUB,2024Q1,H1,standard,1,m2,FINANCIAL,0.50188544703204208
ROBUST_NO_RUB,2024Q1,H1,standard,1,fx_reserves_ex_gold,FINANCIAL,-0.14271686181602861
ROBUST_NO_RUB,2024Q1,H1,standard,1,pos_turnover,PAYMENTS,0.43185972308115622
ROBUST_NO_RUB,2024Q1,H2,standard,1,industrial_production,PRODUCTION,0.080930159753115599
ROBUST_NO_RUB,2024Q1,H2,standard,1,ppi,PRICES,-0.022087268332529299
ROBUST_NO_RUB,2024Q1,H2,standard,1,usd_uzs,FINANCIAL,-0.10427037933252919
ROBUST_NO_RUB,2024Q1,H2,standard,1,gold_price,EXTERNAL,-0.085140346849807105
ROBUST_NO_RUB,2024Q1,H2,standard,1,m2,FINANCIAL,0.50342240576071884
ROBUST_NO_RUB,2024Q1,H2,standard,1,fx_reserves_ex_gold,FINANCIAL,-0.14274055767454591
ROBUST_NO_RUB,2024Q1,H2,standard,1,pos_turnover,PAYMENTS,0.4328541273788804
ROBUST_NO_RUB,2024Q1,H3,standard,1,industrial_production,PRODUCTION,0.080930159753115599
ROBUST_NO_RUB,2024Q1,H3,standard,1,ppi,PRICES,-0.022087268332529299
ROBUST_NO_RUB,2024Q1,H3,standard,1,usd_uzs,FINANCIAL,-0.10427037933252919
ROBUST_NO_RUB,2024Q1,H3,standard,1,gold_price,EXTERNAL,-0.085140346849807105
ROBUST_NO_RUB,2024Q1,H3,standard,1,m2,FINANCIAL,0.50342240576071884
ROBUST_NO_RUB,2024Q1,H3,standard,1,fx_reserves_ex_gold,FINANCIAL,-0.14274055767454591
ROBUST_NO_RUB,2024Q1,H3,standard,1,pos_turnover,PAYMENTS,0.4328541273788804
ROBUST_NO_RUB,2024Q2,H1,standard,1,industrial_production,PRODUCTION,0.0165524635419842
ROBUST_NO_RUB,2024Q2,H1,standard,1,ppi,PRICES,-0.021994546394721998
ROBUST_NO_RUB,2024Q2,H1,standard,1,usd_uzs,FINANCIAL,-0.1025402400725195
ROBUST_NO_RUB,2024Q2,H1,standard,1,gold_price,EXTERNAL,-0.078317487091931204
ROBUST_NO_RUB,2024Q2,H1,standard,1,m2,FINANCIAL,0.5583701193684546
ROBUST_NO_RUB,2024Q2,H1,standard,1,fx_reserves_ex_gold,FINANCIAL,-0.097440256360528901
ROBUST_NO_RUB,2024Q2,H1,standard,1,pos_turnover,PAYMENTS,0.44183804060731519
ROBUST_NO_RUB,2024Q2,H2,standard,1,industrial_production,PRODUCTION,0.0154941376782103
ROBUST_NO_RUB,2024Q2,H2,standard,1,ppi,PRICES,-0.021680919800962602
ROBUST_NO_RUB,2024Q2,H2,standard,1,usd_uzs,FINANCIAL,-0.10121002684289131
ROBUST_NO_RUB,2024Q2,H2,standard,1,gold_price,EXTERNAL,-0.077287058679820095
ROBUST_NO_RUB,2024Q2,H2,standard,1,m2,FINANCIAL,0.54990127981414405
ROBUST_NO_RUB,2024Q2,H2,standard,1,fx_reserves_ex_gold,FINANCIAL,-0.096321030142201197
ROBUST_NO_RUB,2024Q2,H2,standard,1,pos_turnover,PAYMENTS,0.435608173496844
ROBUST_NO_RUB,2024Q2,H3,standard,1,industrial_production,PRODUCTION,0.0154941376782103
ROBUST_NO_RUB,2024Q2,H3,standard,1,ppi,PRICES,-0.021680919800962602
ROBUST_NO_RUB,2024Q2,H3,standard,1,usd_uzs,FINANCIAL,-0.10121002684289131
ROBUST_NO_RUB,2024Q2,H3,standard,1,gold_price,EXTERNAL,-0.077287058679820095
ROBUST_NO_RUB,2024Q2,H3,standard,1,m2,FINANCIAL,0.54990127981414405
ROBUST_NO_RUB,2024Q2,H3,standard,1,fx_reserves_ex_gold,FINANCIAL,-0.096321030142201197
ROBUST_NO_RUB,2024Q2,H3,standard,1,pos_turnover,PAYMENTS,0.435608173496844
ROBUST_NO_RUB,2024Q3,H1,standard,1,industrial_production,PRODUCTION,0.0133783533204052
ROBUST_NO_RUB,2024Q3,H1,standard,1,ppi,PRICES,-0.021037617915063998
ROBUST_NO_RUB,2024Q3,H1,standard,1,usd_uzs,FINANCIAL,-0.1039377261910653
ROBUST_NO_RUB,2024Q3,H1,standard,1,gold_price,EXTERNAL,-0.074267230172244805
ROBUST_NO_RUB,2024Q3,H1,standard,1,m2,FINANCIAL,0.55378650303058796
ROBUST_NO_RUB,2024Q3,H1,standard,1,fx_reserves_ex_gold,FINANCIAL,-0.093701152804993207
ROBUST_NO_RUB,2024Q3,H1,standard,1,pos_turnover,PAYMENTS,0.42854924544969392
ROBUST_NO_RUB,2024Q3,H2,standard,1,industrial_production,PRODUCTION,0.016846268384851301
ROBUST_NO_RUB,2024Q3,H2,standard,1,ppi,PRICES,-0.020996802130975399
ROBUST_NO_RUB,2024Q3,H2,standard,1,usd_uzs,FINANCIAL,-0.10410205199589589
ROBUST_NO_RUB,2024Q3,H2,standard,1,gold_price,EXTERNAL,-0.074354773245395397
ROBUST_NO_RUB,2024Q3,H2,standard,1,m2,FINANCIAL,0.55327918226447015
ROBUST_NO_RUB,2024Q3,H2,standard,1,fx_reserves_ex_gold,FINANCIAL,-0.094154607716869301
ROBUST_NO_RUB,2024Q3,H2,standard,1,pos_turnover,PAYMENTS,0.42873441711756027
ROBUST_NO_RUB,2024Q3,H3,standard,1,industrial_production,PRODUCTION,0.016846268384851301
ROBUST_NO_RUB,2024Q3,H3,standard,1,ppi,PRICES,-0.020996802130975399
ROBUST_NO_RUB,2024Q3,H3,standard,1,usd_uzs,FINANCIAL,-0.10410205199589589
ROBUST_NO_RUB,2024Q3,H3,standard,1,gold_price,EXTERNAL,-0.074354773245395397
ROBUST_NO_RUB,2024Q3,H3,standard,1,m2,FINANCIAL,0.55327918226447015
ROBUST_NO_RUB,2024Q3,H3,standard,1,fx_reserves_ex_gold,FINANCIAL,-0.094154607716869301
ROBUST_NO_RUB,2024Q3,H3,standard,1,pos_turnover,PAYMENTS,0.42873441711756027
ROBUST_NO_RUB,2024Q4,H1,standard,1,industrial_production,PRODUCTION,0.0226225417452664
ROBUST_NO_RUB,2024Q4,H1,standard,1,ppi,PRICES,-0.027133492803834099
ROBUST_NO_RUB,2024Q4,H1,standard,1,usd_uzs,FINANCIAL,-0.1078072370927827
ROBUST_NO_RUB,2024Q4,H1,standard,1,gold_price,EXTERNAL,-0.062226226115005299
ROBUST_NO_RUB,2024Q4,H1,standard,1,m2,FINANCIAL,0.55213696885790375
ROBUST_NO_RUB,2024Q4,H1,standard,1,fx_reserves_ex_gold,FINANCIAL,-0.087195643654977797
ROBUST_NO_RUB,2024Q4,H1,standard,1,pos_turnover,PAYMENTS,0.41732444446629569
ROBUST_NO_RUB,2024Q4,H2,standard,1,industrial_production,PRODUCTION,0.025106069266838501
ROBUST_NO_RUB,2024Q4,H2,standard,1,ppi,PRICES,-0.0270299006489788
ROBUST_NO_RUB,2024Q4,H2,standard,1,usd_uzs,FINANCIAL,-0.10773592589815691
ROBUST_NO_RUB,2024Q4,H2,standard,1,gold_price,EXTERNAL,-0.062162622747370798
ROBUST_NO_RUB,2024Q4,H2,standard,1,m2,FINANCIAL,0.5517790753057269
ROBUST_NO_RUB,2024Q4,H2,standard,1,fx_reserves_ex_gold,FINANCIAL,-0.087204071260058094
ROBUST_NO_RUB,2024Q4,H2,standard,1,pos_turnover,PAYMENTS,0.41703647467742561
ROBUST_NO_RUB,2024Q4,H3,standard,1,industrial_production,PRODUCTION,0.025106069266838501
ROBUST_NO_RUB,2024Q4,H3,standard,1,ppi,PRICES,-0.0270299006489788
ROBUST_NO_RUB,2024Q4,H3,standard,1,usd_uzs,FINANCIAL,-0.10773592589815691
ROBUST_NO_RUB,2024Q4,H3,standard,1,gold_price,EXTERNAL,-0.062162622747370798
ROBUST_NO_RUB,2024Q4,H3,standard,1,m2,FINANCIAL,0.5517790753057269
ROBUST_NO_RUB,2024Q4,H3,standard,1,fx_reserves_ex_gold,FINANCIAL,-0.087204071260058094
ROBUST_NO_RUB,2024Q4,H3,standard,1,pos_turnover,PAYMENTS,0.41703647467742561
ROBUST_NO_RUB,2025Q1,H1,standard,1,industrial_production,PRODUCTION,0.035935819939681403
ROBUST_NO_RUB,2025Q1,H1,standard,1,ppi,PRICES,-0.0323072915311323
ROBUST_NO_RUB,2025Q1,H1,standard,1,usd_uzs,FINANCIAL,-0.1040876538449446
ROBUST_NO_RUB,2025Q1,H1,standard,1,gold_price,EXTERNAL,-0.055774530734285101
ROBUST_NO_RUB,2025Q1,H1,standard,1,m2,FINANCIAL,0.50821795487373811
ROBUST_NO_RUB,2025Q1,H1,standard,1,fx_reserves_ex_gold,FINANCIAL,-0.062188864528628103
ROBUST_NO_RUB,2025Q1,H1,standard,1,pos_turnover,PAYMENTS,0.35693356718949643
ROBUST_NO_RUB,2025Q1,H2,standard,1,industrial_production,PRODUCTION,0.039479720375019997
ROBUST_NO_RUB,2025Q1,H2,standard,1,ppi,PRICES,-0.032270318998608202
ROBUST_NO_RUB,2025Q1,H2,standard,1,usd_uzs,FINANCIAL,-0.10401526848750001
ROBUST_NO_RUB,2025Q1,H2,standard,1,gold_price,EXTERNAL,-0.055762558914190997
ROBUST_NO_RUB,2025Q1,H2,standard,1,m2,FINANCIAL,0.50764116016487226
ROBUST_NO_RUB,2025Q1,H2,standard,1,fx_reserves_ex_gold,FINANCIAL,-0.062340849452018003
ROBUST_NO_RUB,2025Q1,H2,standard,1,pos_turnover,PAYMENTS,0.3566270767626098
ROBUST_NO_RUB,2025Q1,H3,standard,1,industrial_production,PRODUCTION,0.039479720375019997
ROBUST_NO_RUB,2025Q1,H3,standard,1,ppi,PRICES,-0.032270318998608202
ROBUST_NO_RUB,2025Q1,H3,standard,1,usd_uzs,FINANCIAL,-0.10401526848750001
ROBUST_NO_RUB,2025Q1,H3,standard,1,gold_price,EXTERNAL,-0.055762558914190997
ROBUST_NO_RUB,2025Q1,H3,standard,1,m2,FINANCIAL,0.50764116016487226
ROBUST_NO_RUB,2025Q1,H3,standard,1,fx_reserves_ex_gold,FINANCIAL,-0.062340849452018003
ROBUST_NO_RUB,2025Q1,H3,standard,1,pos_turnover,PAYMENTS,0.3566270767626098
ROBUST_NO_RUB,2025Q2,H1,standard,1,industrial_production,PRODUCTION,0.020660161966548501
ROBUST_NO_RUB,2025Q2,H1,standard,1,ppi,PRICES,-0.041818888277314697
ROBUST_NO_RUB,2025Q2,H1,standard,1,usd_uzs,FINANCIAL,-0.11115568861518239
ROBUST_NO_RUB,2025Q2,H1,standard,1,gold_price,EXTERNAL,-0.019827049784915701
ROBUST_NO_RUB,2025Q2,H1,standard,1,m2,FINANCIAL,0.55693679299001031
ROBUST_NO_RUB,2025Q2,H1,standard,1,fx_reserves_ex_gold,FINANCIAL,-0.0054200959004120997
ROBUST_NO_RUB,2025Q2,H1,standard,1,pos_turnover,PAYMENTS,0.3690343122967697
ROBUST_NO_RUB,2025Q2,H2,standard,1,industrial_production,PRODUCTION,0.024234958396797499
ROBUST_NO_RUB,2025Q2,H2,standard,1,ppi,PRICES,-0.041834909646627602
ROBUST_NO_RUB,2025Q2,H2,standard,1,usd_uzs,FINANCIAL,-0.1111339241736559
ROBUST_NO_RUB,2025Q2,H2,standard,1,gold_price,EXTERNAL,-0.019837549675378499
ROBUST_NO_RUB,2025Q2,H2,standard,1,m2,FINANCIAL,0.55670018999417337
ROBUST_NO_RUB,2025Q2,H2,standard,1,fx_reserves_ex_gold,FINANCIAL,-0.0054895394414461998
ROBUST_NO_RUB,2025Q2,H2,standard,1,pos_turnover,PAYMENTS,0.36894046319723228
ROBUST_NO_RUB,2025Q2,H3,standard,1,industrial_production,PRODUCTION,0.024234958396797499
ROBUST_NO_RUB,2025Q2,H3,standard,1,ppi,PRICES,-0.041834909646627602
ROBUST_NO_RUB,2025Q2,H3,standard,1,usd_uzs,FINANCIAL,-0.1111339241736559
ROBUST_NO_RUB,2025Q2,H3,standard,1,gold_price,EXTERNAL,-0.019837549675378499
ROBUST_NO_RUB,2025Q2,H3,standard,1,m2,FINANCIAL,0.55670018999417337
ROBUST_NO_RUB,2025Q2,H3,standard,1,fx_reserves_ex_gold,FINANCIAL,-0.0054895394414461998
ROBUST_NO_RUB,2025Q2,H3,standard,1,pos_turnover,PAYMENTS,0.36894046319723228
DFM-4_R1_P2,2025Q3,H1,standard,1,industrial_production,PRODUCTION,0.027145990341851601
DFM-4_R1_P2,2025Q3,H1,standard,1,ppi,PRICES,-0.0153368631403042
DFM-4_R1_P2,2025Q3,H1,standard,1,usd_uzs,FINANCIAL,-0.1302661659756858
DFM-4_R1_P2,2025Q3,H1,standard,1,rub_uzs,FINANCIAL,0.041031084487171098
DFM-4_R1_P2,2025Q3,H1,standard,1,gold_price,EXTERNAL,0.0104244663098974
DFM-4_R1_P2,2025Q3,H1,standard,1,m2,FINANCIAL,0.52976279503933121
DFM-4_R1_P2,2025Q3,H1,standard,1,fx_reserves_ex_gold,FINANCIAL,0.050689511937309598
DFM-4_R1_P2,2025Q3,H1,standard,1,pos_turnover,PAYMENTS,0.35098781254849931
DFM-4_R1_P2,2025Q3,H1,conservative,1,industrial_production,PRODUCTION,0.0274459238220594
DFM-4_R1_P2,2025Q3,H1,conservative,1,ppi,PRICES,-0.0151008224553877
DFM-4_R1_P2,2025Q3,H1,conservative,1,usd_uzs,FINANCIAL,-0.13063394275160861
DFM-4_R1_P2,2025Q3,H1,conservative,1,rub_uzs,FINANCIAL,0.040655634956718999
DFM-4_R1_P2,2025Q3,H1,conservative,1,gold_price,EXTERNAL,0.010398894708939999
DFM-4_R1_P2,2025Q3,H1,conservative,1,m2,FINANCIAL,0.53101975134121038
DFM-4_R1_P2,2025Q3,H1,conservative,1,fx_reserves_ex_gold,FINANCIAL,0.050721453011078499
DFM-4_R1_P2,2025Q3,H1,conservative,1,pos_turnover,PAYMENTS,0.35222688862583962
DFM-4_R1_P2,2025Q3,H2,standard,1,industrial_production,PRODUCTION,0.030314065711702001
DFM-4_R1_P2,2025Q3,H2,standard,1,ppi,PRICES,-0.0153271222921536
DFM-4_R1_P2,2025Q3,H2,standard,1,usd_uzs,FINANCIAL,-0.1303114640692293
DFM-4_R1_P2,2025Q3,H2,standard,1,rub_uzs,FINANCIAL,0.041016760805851198
DFM-4_R1_P2,2025Q3,H2,standard,1,gold_price,EXTERNAL,0.010416133055538899
DFM-4_R1_P2,2025Q3,H2,standard,1,m2,FINANCIAL,0.52975479434161987
DFM-4_R1_P2,2025Q3,H2,standard,1,fx_reserves_ex_gold,FINANCIAL,0.050631716019023297
DFM-4_R1_P2,2025Q3,H2,standard,1,pos_turnover,PAYMENTS,0.35106913118076882
DFM-4_R1_P2,2025Q3,H2,conservative,1,industrial_production,PRODUCTION,0.030314065711702001
DFM-4_R1_P2,2025Q3,H2,conservative,1,ppi,PRICES,-0.0153271222921536
DFM-4_R1_P2,2025Q3,H2,conservative,1,usd_uzs,FINANCIAL,-0.1303114640692293
DFM-4_R1_P2,2025Q3,H2,conservative,1,rub_uzs,FINANCIAL,0.041016760805851198
DFM-4_R1_P2,2025Q3,H2,conservative,1,gold_price,EXTERNAL,0.010416133055538899
DFM-4_R1_P2,2025Q3,H2,conservative,1,m2,FINANCIAL,0.52975479434161987
DFM-4_R1_P2,2025Q3,H2,conservative,1,fx_reserves_ex_gold,FINANCIAL,0.050631716019023297
DFM-4_R1_P2,2025Q3,H2,conservative,1,pos_turnover,PAYMENTS,0.35106913118076882
DFM-4_R1_P2,2025Q3,H3,standard,1,industrial_production,PRODUCTION,0.030314065711702001
DFM-4_R1_P2,2025Q3,H3,standard,1,ppi,PRICES,-0.0153271222921536
DFM-4_R1_P2,2025Q3,H3,standard,1,usd_uzs,FINANCIAL,-0.1303114640692293
DFM-4_R1_P2,2025Q3,H3,standard,1,rub_uzs,FINANCIAL,0.041016760805851198
DFM-4_R1_P2,2025Q3,H3,standard,1,gold_price,EXTERNAL,0.010416133055538899
DFM-4_R1_P2,2025Q3,H3,standard,1,m2,FINANCIAL,0.52975479434161987
DFM-4_R1_P2,2025Q3,H3,standard,1,fx_reserves_ex_gold,FINANCIAL,0.050631716019023297
DFM-4_R1_P2,2025Q3,H3,standard,1,pos_turnover,PAYMENTS,0.35106913118076882
DFM-4_R1_P2,2025Q3,H3,conservative,1,industrial_production,PRODUCTION,0.030314065711702001
DFM-4_R1_P2,2025Q3,H3,conservative,1,ppi,PRICES,-0.0153271222921536
DFM-4_R1_P2,2025Q3,H3,conservative,1,usd_uzs,FINANCIAL,-0.1303114640692293
DFM-4_R1_P2,2025Q3,H3,conservative,1,rub_uzs,FINANCIAL,0.041016760805851198
DFM-4_R1_P2,2025Q3,H3,conservative,1,gold_price,EXTERNAL,0.010416133055538899
DFM-4_R1_P2,2025Q3,H3,conservative,1,m2,FINANCIAL,0.52975479434161987
DFM-4_R1_P2,2025Q3,H3,conservative,1,fx_reserves_ex_gold,FINANCIAL,0.050631716019023297
DFM-4_R1_P2,2025Q3,H3,conservative,1,pos_turnover,PAYMENTS,0.35106913118076882
DFM-4_R1_P2,2025Q4,H1,standard,1,industrial_production,PRODUCTION,0.034504885898960398
DFM-4_R1_P2,2025Q4,H1,standard,1,ppi,PRICES,-0.031267272860159602
DFM-4_R1_P2,2025Q4,H1,standard,1,usd_uzs,FINANCIAL,-0.15214811927190969
DFM-4_R1_P2,2025Q4,H1,standard,1,rub_uzs,FINANCIAL,0.030942744319058801
DFM-4_R1_P2,2025Q4,H1,standard,1,gold_price,EXTERNAL,0.021274234456477501
DFM-4_R1_P2,2025Q4,H1,standard,1,m2,FINANCIAL,0.53705986172970532
DFM-4_R1_P2,2025Q4,H1,standard,1,fx_reserves_ex_gold,FINANCIAL,0.078654291943498905
DFM-4_R1_P2,2025Q4,H1,standard,1,pos_turnover,PAYMENTS,0.3514695440495566
DFM-4_R1_P2,2025Q4,H1,conservative,1,industrial_production,PRODUCTION,0.034694535565156497
DFM-4_R1_P2,2025Q4,H1,conservative,1,ppi,PRICES,-0.030845041383989399
DFM-4_R1_P2,2025Q4,H1,conservative,1,usd_uzs,FINANCIAL,-0.1516318110789118
DFM-4_R1_P2,2025Q4,H1,conservative,1,rub_uzs,FINANCIAL,0.0312790123006162
DFM-4_R1_P2,2025Q4,H1,conservative,1,gold_price,EXTERNAL,0.020350432060285702
DFM-4_R1_P2,2025Q4,H1,conservative,1,m2,FINANCIAL,0.53782574740687628
DFM-4_R1_P2,2025Q4,H1,conservative,1,fx_reserves_ex_gold,FINANCIAL,0.078019716393455299
DFM-4_R1_P2,2025Q4,H1,conservative,1,pos_turnover,PAYMENTS,0.35358475556980529
DFM-4_R1_P2,2025Q4,H2,standard,1,industrial_production,PRODUCTION,0.0372536167672428
DFM-4_R1_P2,2025Q4,H2,standard,1,ppi,PRICES,-0.0312803705359887
DFM-4_R1_P2,2025Q4,H2,standard,1,usd_uzs,FINANCIAL,-0.15216602240103669
DFM-4_R1_P2,2025Q4,H2,standard,1,rub_uzs,FINANCIAL,0.030926357036075901
DFM-4_R1_P2,2025Q4,H2,standard,1,gold_price,EXTERNAL,0.021272517566900399
DFM-4_R1_P2,2025Q4,H2,standard,1,m2,FINANCIAL,0.53699040277987964
DFM-4_R1_P2,2025Q4,H2,standard,1,fx_reserves_ex_gold,FINANCIAL,0.078610025552538002
DFM-4_R1_P2,2025Q4,H2,standard,1,pos_turnover,PAYMENTS,0.35148415173490988
DFM-4_R1_P2,2025Q4,H2,conservative,1,industrial_production,PRODUCTION,0.0372536167672428
DFM-4_R1_P2,2025Q4,H2,conservative,1,ppi,PRICES,-0.0312803705359887
DFM-4_R1_P2,2025Q4,H2,conservative,1,usd_uzs,FINANCIAL,-0.15216602240103669
DFM-4_R1_P2,2025Q4,H2,conservative,1,rub_uzs,FINANCIAL,0.030926357036075901
DFM-4_R1_P2,2025Q4,H2,conservative,1,gold_price,EXTERNAL,0.021272517566900399
DFM-4_R1_P2,2025Q4,H2,conservative,1,m2,FINANCIAL,0.53699040277987964
DFM-4_R1_P2,2025Q4,H2,conservative,1,fx_reserves_ex_gold,FINANCIAL,0.078610025552538002
DFM-4_R1_P2,2025Q4,H2,conservative,1,pos_turnover,PAYMENTS,0.35148415173490988
DFM-4_R1_P2,2025Q4,H3,standard,1,industrial_production,PRODUCTION,0.0372536167672428
DFM-4_R1_P2,2025Q4,H3,standard,1,ppi,PRICES,-0.0312803705359887
DFM-4_R1_P2,2025Q4,H3,standard,1,usd_uzs,FINANCIAL,-0.15216602240103669
DFM-4_R1_P2,2025Q4,H3,standard,1,rub_uzs,FINANCIAL,0.030926357036075901
DFM-4_R1_P2,2025Q4,H3,standard,1,gold_price,EXTERNAL,0.021272517566900399
DFM-4_R1_P2,2025Q4,H3,standard,1,m2,FINANCIAL,0.53699040277987964
DFM-4_R1_P2,2025Q4,H3,standard,1,fx_reserves_ex_gold,FINANCIAL,0.078610025552538002
DFM-4_R1_P2,2025Q4,H3,standard,1,pos_turnover,PAYMENTS,0.35148415173490988
DFM-4_R1_P2,2025Q4,H3,conservative,1,industrial_production,PRODUCTION,0.0372536167672428
DFM-4_R1_P2,2025Q4,H3,conservative,1,ppi,PRICES,-0.0312803705359887
DFM-4_R1_P2,2025Q4,H3,conservative,1,usd_uzs,FINANCIAL,-0.15216602240103669
DFM-4_R1_P2,2025Q4,H3,conservative,1,rub_uzs,FINANCIAL,0.030926357036075901
DFM-4_R1_P2,2025Q4,H3,conservative,1,gold_price,EXTERNAL,0.021272517566900399
DFM-4_R1_P2,2025Q4,H3,conservative,1,m2,FINANCIAL,0.53699040277987964
DFM-4_R1_P2,2025Q4,H3,conservative,1,fx_reserves_ex_gold,FINANCIAL,0.078610025552538002
DFM-4_R1_P2,2025Q4,H3,conservative,1,pos_turnover,PAYMENTS,0.35148415173490988
DFM-4_R1_P2,2026Q1,H1,standard,1,industrial_production,PRODUCTION,0.044723386480521203
DFM-4_R1_P2,2026Q1,H1,standard,1,ppi,PRICES,-0.047148266709868603
DFM-4_R1_P2,2026Q1,H1,standard,1,usd_uzs,FINANCIAL,-0.17710876474674001
DFM-4_R1_P2,2026Q1,H1,standard,1,rub_uzs,FINANCIAL,0.035531823975075698
DFM-4_R1_P2,2026Q1,H1,standard,1,gold_price,EXTERNAL,0.052912039206768298
DFM-4_R1_P2,2026Q1,H1,standard,1,m2,FINANCIAL,0.56052274717080064
DFM-4_R1_P2,2026Q1,H1,standard,1,fx_reserves_ex_gold,FINANCIAL,0.11669542086607
DFM-4_R1_P2,2026Q1,H1,standard,1,pos_turnover,PAYMENTS,0.36458882662493741
DFM-4_R1_P2,2026Q1,H1,conservative,1,industrial_production,PRODUCTION,0.044956846028077403
DFM-4_R1_P2,2026Q1,H1,conservative,1,ppi,PRICES,-0.045837704658912702
DFM-4_R1_P2,2026Q1,H1,conservative,1,usd_uzs,FINANCIAL,-0.1778883894223463
DFM-4_R1_P2,2026Q1,H1,conservative,1,rub_uzs,FINANCIAL,0.034539720002121001
DFM-4_R1_P2,2026Q1,H1,conservative,1,gold_price,EXTERNAL,0.051128162498850598
DFM-4_R1_P2,2026Q1,H1,conservative,1,m2,FINANCIAL,0.56369947457448655
DFM-4_R1_P2,2026Q1,H1,conservative,1,fx_reserves_ex_gold,FINANCIAL,0.1137228222199444
DFM-4_R1_P2,2026Q1,H1,conservative,1,pos_turnover,PAYMENTS,0.36689820966413211
DFM-4_R1_P2,2026Q1,H2,standard,1,industrial_production,PRODUCTION,0.048125935454860103
DFM-4_R1_P2,2026Q1,H2,standard,1,ppi,PRICES,-0.047166165681876197
DFM-4_R1_P2,2026Q1,H2,standard,1,usd_uzs,FINANCIAL,-0.17697372180781271
DFM-4_R1_P2,2026Q1,H2,standard,1,rub_uzs,FINANCIAL,0.035506286363647097
DFM-4_R1_P2,2026Q1,H2,standard,1,gold_price,EXTERNAL,0.0528569119616994
DFM-4_R1_P2,2026Q1,H2,standard,1,m2,FINANCIAL,0.56004289217223047
DFM-4_R1_P2,2026Q1,H2,standard,1,fx_reserves_ex_gold,FINANCIAL,0.1165660257572248
DFM-4_R1_P2,2026Q1,H2,standard,1,pos_turnover,PAYMENTS,0.36431735494865303
DFM-4_R1_P2,2026Q1,H2,conservative,1,industrial_production,PRODUCTION,0.048125935454860103
DFM-4_R1_P2,2026Q1,H2,conservative,1,ppi,PRICES,-0.047166165681876197
DFM-4_R1_P2,2026Q1,H2,conservative,1,usd_uzs,FINANCIAL,-0.17697372180781271
DFM-4_R1_P2,2026Q1,H2,conservative,1,rub_uzs,FINANCIAL,0.035506286363647097
DFM-4_R1_P2,2026Q1,H2,conservative,1,gold_price,EXTERNAL,0.0528569119616994
DFM-4_R1_P2,2026Q1,H2,conservative,1,m2,FINANCIAL,0.56004289217223047
DFM-4_R1_P2,2026Q1,H2,conservative,1,fx_reserves_ex_gold,FINANCIAL,0.1165660257572248
DFM-4_R1_P2,2026Q1,H2,conservative,1,pos_turnover,PAYMENTS,0.36431735494865303
DFM-4_R1_P2,2026Q1,H3,standard,1,industrial_production,PRODUCTION,0.048125935454860103
DFM-4_R1_P2,2026Q1,H3,standard,1,ppi,PRICES,-0.047166165681876197
DFM-4_R1_P2,2026Q1,H3,standard,1,usd_uzs,FINANCIAL,-0.17697372180781271
DFM-4_R1_P2,2026Q1,H3,standard,1,rub_uzs,FINANCIAL,0.035506286363647097
DFM-4_R1_P2,2026Q1,H3,standard,1,gold_price,EXTERNAL,0.0528569119616994
DFM-4_R1_P2,2026Q1,H3,standard,1,m2,FINANCIAL,0.56004289217223047
DFM-4_R1_P2,2026Q1,H3,standard,1,fx_reserves_ex_gold,FINANCIAL,0.1165660257572248
DFM-4_R1_P2,2026Q1,H3,standard,1,pos_turnover,PAYMENTS,0.36431735494865303
DFM-4_R1_P2,2026Q1,H3,conservative,1,industrial_production,PRODUCTION,0.048125935454860103
DFM-4_R1_P2,2026Q1,H3,conservative,1,ppi,PRICES,-0.047166165681876197
DFM-4_R1_P2,2026Q1,H3,conservative,1,usd_uzs,FINANCIAL,-0.17697372180781271
DFM-4_R1_P2,2026Q1,H3,conservative,1,rub_uzs,FINANCIAL,0.035506286363647097
DFM-4_R1_P2,2026Q1,H3,conservative,1,gold_price,EXTERNAL,0.0528569119616994
DFM-4_R1_P2,2026Q1,H3,conservative,1,m2,FINANCIAL,0.56004289217223047
DFM-4_R1_P2,2026Q1,H3,conservative,1,fx_reserves_ex_gold,FINANCIAL,0.1165660257572248
DFM-4_R1_P2,2026Q1,H3,conservative,1,pos_turnover,PAYMENTS,0.36431735494865303
DFM-4_R1_P2,2026Q2,H1,standard,1,industrial_production,PRODUCTION,0.060698907722933002
DFM-4_R1_P2,2026Q2,H1,standard,1,ppi,PRICES,-0.034923697729961199
DFM-4_R1_P2,2026Q2,H1,standard,1,usd_uzs,FINANCIAL,-0.1615785037702458
DFM-4_R1_P2,2026Q2,H1,standard,1,rub_uzs,FINANCIAL,0.029929514859708298
DFM-4_R1_P2,2026Q2,H1,standard,1,gold_price,EXTERNAL,0.071915574507772098
DFM-4_R1_P2,2026Q2,H1,standard,1,m2,FINANCIAL,0.54926841111239633
DFM-4_R1_P2,2026Q2,H1,standard,1,fx_reserves_ex_gold,FINANCIAL,0.1035626091170832
DFM-4_R1_P2,2026Q2,H1,standard,1,pos_turnover,PAYMENTS,0.3585756170629425
DFM-4_R1_P2,2026Q2,H1,conservative,1,industrial_production,PRODUCTION,0.060676526405836803
DFM-4_R1_P2,2026Q2,H1,conservative,1,ppi,PRICES,-0.034753779758623503
DFM-4_R1_P2,2026Q2,H1,conservative,1,usd_uzs,FINANCIAL,-0.1626293517062341
DFM-4_R1_P2,2026Q2,H1,conservative,1,rub_uzs,FINANCIAL,0.031437633935064199
DFM-4_R1_P2,2026Q2,H1,conservative,1,gold_price,EXTERNAL,0.073998780718318002
DFM-4_R1_P2,2026Q2,H1,conservative,1,m2,FINANCIAL,0.55816685699574931
DFM-4_R1_P2,2026Q2,H1,conservative,1,fx_reserves_ex_gold,FINANCIAL,0.1069111082069229
DFM-4_R1_P2,2026Q2,H1,conservative,1,pos_turnover,PAYMENTS,0.36380996219228018
DFM-4_R1_P2,2026Q2,H2,standard,1,industrial_production,PRODUCTION,0.066537310885815298
DFM-4_R1_P2,2026Q2,H2,standard,1,ppi,PRICES,-0.034823155923846799
DFM-4_R1_P2,2026Q2,H2,standard,1,usd_uzs,FINANCIAL,-0.16126479720235831
DFM-4_R1_P2,2026Q2,H2,standard,1,rub_uzs,FINANCIAL,0.029812842206411901
DFM-4_R1_P2,2026Q2,H2,standard,1,gold_price,EXTERNAL,0.071740949262298404
DFM-4_R1_P2,2026Q2,H2,standard,1,m2,FINANCIAL,0.5479429255115863
DFM-4_R1_P2,2026Q2,H2,standard,1,fx_reserves_ex_gold,FINANCIAL,0.1032264099944324
DFM-4_R1_P2,2026Q2,H2,standard,1,pos_turnover,PAYMENTS,0.35786995997954768
DFM-4_R1_P2,2026Q2,H2,conservative,1,industrial_production,PRODUCTION,0.066537310885815298
DFM-4_R1_P2,2026Q2,H2,conservative,1,ppi,PRICES,-0.034823155923846799
DFM-4_R1_P2,2026Q2,H2,conservative,1,usd_uzs,FINANCIAL,-0.16126479720235831
DFM-4_R1_P2,2026Q2,H2,conservative,1,rub_uzs,FINANCIAL,0.029812842206411901
DFM-4_R1_P2,2026Q2,H2,conservative,1,gold_price,EXTERNAL,0.071740949262298404
DFM-4_R1_P2,2026Q2,H2,conservative,1,m2,FINANCIAL,0.5479429255115863
DFM-4_R1_P2,2026Q2,H2,conservative,1,fx_reserves_ex_gold,FINANCIAL,0.1032264099944324
DFM-4_R1_P2,2026Q2,H2,conservative,1,pos_turnover,PAYMENTS,0.35786995997954768
DFM-4_R1_P2,2026Q2,H3,standard,1,industrial_production,PRODUCTION,0.066537310885815298
DFM-4_R1_P2,2026Q2,H3,standard,1,ppi,PRICES,-0.034823155923846799
DFM-4_R1_P2,2026Q2,H3,standard,1,usd_uzs,FINANCIAL,-0.16126479720235831
DFM-4_R1_P2,2026Q2,H3,standard,1,rub_uzs,FINANCIAL,0.029812842206411901
DFM-4_R1_P2,2026Q2,H3,standard,1,gold_price,EXTERNAL,0.071740949262298404
DFM-4_R1_P2,2026Q2,H3,standard,1,m2,FINANCIAL,0.5479429255115863
DFM-4_R1_P2,2026Q2,H3,standard,1,fx_reserves_ex_gold,FINANCIAL,0.1032264099944324
DFM-4_R1_P2,2026Q2,H3,standard,1,pos_turnover,PAYMENTS,0.35786995997954768
DFM-4_R1_P2,2026Q2,H3,conservative,1,industrial_production,PRODUCTION,0.066537310885815298
DFM-4_R1_P2,2026Q2,H3,conservative,1,ppi,PRICES,-0.034823155923846799
DFM-4_R1_P2,2026Q2,H3,conservative,1,usd_uzs,FINANCIAL,-0.16126479720235831
DFM-4_R1_P2,2026Q2,H3,conservative,1,rub_uzs,FINANCIAL,0.029812842206411901
DFM-4_R1_P2,2026Q2,H3,conservative,1,gold_price,EXTERNAL,0.071740949262298404
DFM-4_R1_P2,2026Q2,H3,conservative,1,m2,FINANCIAL,0.5479429255115863
DFM-4_R1_P2,2026Q2,H3,conservative,1,fx_reserves_ex_gold,FINANCIAL,0.1032264099944324
DFM-4_R1_P2,2026Q2,H3,conservative,1,pos_turnover,PAYMENTS,0.35786995997954768
ROBUST_NO_FX,2022Q3,H1,standard,1,industrial_production,PRODUCTION,0.49839094894950647
ROBUST_NO_FX,2022Q3,H1,standard,1,ppi,PRICES,0.093939689221615399
ROBUST_NO_FX,2022Q3,H1,standard,1,gold_price,EXTERNAL,-0.066319348233206801
ROBUST_NO_FX,2022Q3,H1,standard,1,m2,FINANCIAL,0.2141710487566521
ROBUST_NO_FX,2022Q3,H1,standard,1,fx_reserves_ex_gold,FINANCIAL,-0.39107583621641878
ROBUST_NO_FX,2022Q3,H1,standard,1,pos_turnover,PAYMENTS,0.28094681260977428
ROBUST_NO_FX,2022Q3,H2,standard,1,industrial_production,PRODUCTION,0.48080031440339949
ROBUST_NO_FX,2022Q3,H2,standard,1,ppi,PRICES,0.0892461028270949
ROBUST_NO_FX,2022Q3,H2,standard,1,gold_price,EXTERNAL,-0.0607247140765916
ROBUST_NO_FX,2022Q3,H2,standard,1,m2,FINANCIAL,0.1982453213212016
ROBUST_NO_FX,2022Q3,H2,standard,1,fx_reserves_ex_gold,FINANCIAL,-0.37574646532518868
ROBUST_NO_FX,2022Q3,H2,standard,1,pos_turnover,PAYMENTS,0.26384210966660121
ROBUST_NO_FX,2022Q3,H3,standard,1,industrial_production,PRODUCTION,0.48080031440339949
ROBUST_NO_FX,2022Q3,H3,standard,1,ppi,PRICES,0.0892461028270949
ROBUST_NO_FX,2022Q3,H3,standard,1,gold_price,EXTERNAL,-0.0607247140765916
ROBUST_NO_FX,2022Q3,H3,standard,1,m2,FINANCIAL,0.1982453213212016
ROBUST_NO_FX,2022Q3,H3,standard,1,fx_reserves_ex_gold,FINANCIAL,-0.37574646532518868
ROBUST_NO_FX,2022Q3,H3,standard,1,pos_turnover,PAYMENTS,0.26384210966660121
ROBUST_NO_FX,2023Q1,H1,standard,1,industrial_production,PRODUCTION,0.24450914696068299
ROBUST_NO_FX,2023Q1,H1,standard,1,ppi,PRICES,0.01069678234489
ROBUST_NO_FX,2023Q1,H1,standard,1,gold_price,EXTERNAL,-0.1362730590208118
ROBUST_NO_FX,2023Q1,H1,standard,1,m2,FINANCIAL,0.62735384315590514
ROBUST_NO_FX,2023Q1,H1,standard,1,fx_reserves_ex_gold,FINANCIAL,-0.2445851069018434
ROBUST_NO_FX,2023Q1,H1,standard,1,pos_turnover,PAYMENTS,0.52507195453986066
ROBUST_NO_FX,2023Q1,H2,standard,1,industrial_production,PRODUCTION,0.23945413444349539
ROBUST_NO_FX,2023Q1,H2,standard,1,ppi,PRICES,0.010797017148404401
ROBUST_NO_FX,2023Q1,H2,standard,1,gold_price,EXTERNAL,-0.136290024216419
ROBUST_NO_FX,2023Q1,H2,standard,1,m2,FINANCIAL,0.62774251195385
ROBUST_NO_FX,2023Q1,H2,standard,1,fx_reserves_ex_gold,FINANCIAL,-0.24421641029938029
ROBUST_NO_FX,2023Q1,H2,standard,1,pos_turnover,PAYMENTS,0.5250042988255218
ROBUST_NO_FX,2023Q1,H3,standard,1,industrial_production,PRODUCTION,0.23945413444349539
ROBUST_NO_FX,2023Q1,H3,standard,1,ppi,PRICES,0.010797017148404401
ROBUST_NO_FX,2023Q1,H3,standard,1,gold_price,EXTERNAL,-0.136290024216419
ROBUST_NO_FX,2023Q1,H3,standard,1,m2,FINANCIAL,0.62774251195385
ROBUST_NO_FX,2023Q1,H3,standard,1,fx_reserves_ex_gold,FINANCIAL,-0.24421641029938029
ROBUST_NO_FX,2023Q1,H3,standard,1,pos_turnover,PAYMENTS,0.5250042988255218
ROBUST_NO_FX,2023Q2,H1,standard,1,industrial_production,PRODUCTION,0.089500526930618496
ROBUST_NO_FX,2023Q2,H1,standard,1,ppi,PRICES,-0.0021670940837231999
ROBUST_NO_FX,2023Q2,H1,standard,1,gold_price,EXTERNAL,-0.096306754638398204
ROBUST_NO_FX,2023Q2,H1,standard,1,m2,FINANCIAL,0.63946765787623638
ROBUST_NO_FX,2023Q2,H1,standard,1,fx_reserves_ex_gold,FINANCIAL,-0.29646310405734821
ROBUST_NO_FX,2023Q2,H1,standard,1,pos_turnover,PAYMENTS,0.54570182829963687
ROBUST_NO_FX,2023Q2,H2,standard,1,industrial_production,PRODUCTION,0.086994910998077796
ROBUST_NO_FX,2023Q2,H2,standard,1,ppi,PRICES,-0.0021805110543952999
ROBUST_NO_FX,2023Q2,H2,standard,1,gold_price,EXTERNAL,-0.095072759738519905
ROBUST_NO_FX,2023Q2,H2,standard,1,m2,FINANCIAL,0.63119350654357365
ROBUST_NO_FX,2023Q2,H2,standard,1,fx_reserves_ex_gold,FINANCIAL,-0.29261359065456471
ROBUST_NO_FX,2023Q2,H2,standard,1,pos_turnover,PAYMENTS,0.53864001071397694
ROBUST_NO_FX,2023Q2,H3,standard,1,industrial_production,PRODUCTION,0.086994910998077796
ROBUST_NO_FX,2023Q2,H3,standard,1,ppi,PRICES,-0.0021805110543952999
ROBUST_NO_FX,2023Q2,H3,standard,1,gold_price,EXTERNAL,-0.095072759738519905
ROBUST_NO_FX,2023Q2,H3,standard,1,m2,FINANCIAL,0.63119350654357365
ROBUST_NO_FX,2023Q2,H3,standard,1,fx_reserves_ex_gold,FINANCIAL,-0.29261359065456471
ROBUST_NO_FX,2023Q2,H3,standard,1,pos_turnover,PAYMENTS,0.53864001071397694
ROBUST_NO_FX,2023Q3,H1,standard,1,industrial_production,PRODUCTION,0.1108092796004622
ROBUST_NO_FX,2023Q3,H1,standard,1,ppi,PRICES,-0.0011927541049957999
ROBUST_NO_FX,2023Q3,H1,standard,1,gold_price,EXTERNAL,-0.087316084059690893
ROBUST_NO_FX,2023Q3,H1,standard,1,m2,FINANCIAL,0.55783150598371201
ROBUST_NO_FX,2023Q3,H1,standard,1,fx_reserves_ex_gold,FINANCIAL,-0.2412422005116942
ROBUST_NO_FX,2023Q3,H1,standard,1,pos_turnover,PAYMENTS,0.49584370380346487
ROBUST_NO_FX,2023Q3,H2,standard,1,industrial_production,PRODUCTION,0.11045199100540901
ROBUST_NO_FX,2023Q3,H2,standard,1,ppi,PRICES,-0.0012901588262637001
ROBUST_NO_FX,2023Q3,H2,standard,1,gold_price,EXTERNAL,-0.087439875834380995
ROBUST_NO_FX,2023Q3,H2,standard,1,m2,FINANCIAL,0.55677419855998722
ROBUST_NO_FX,2023Q3,H2,standard,1,fx_reserves_ex_gold,FINANCIAL,-0.2415493105050277
ROBUST_NO_FX,2023Q3,H2,standard,1,pos_turnover,PAYMENTS,0.4955101106264555
ROBUST_NO_FX,2023Q3,H3,standard,1,industrial_production,PRODUCTION,0.11045199100540901
ROBUST_NO_FX,2023Q3,H3,standard,1,ppi,PRICES,-0.0012901588262637001
ROBUST_NO_FX,2023Q3,H3,standard,1,gold_price,EXTERNAL,-0.087439875834380995
ROBUST_NO_FX,2023Q3,H3,standard,1,m2,FINANCIAL,0.55677419855998722
ROBUST_NO_FX,2023Q3,H3,standard,1,fx_reserves_ex_gold,FINANCIAL,-0.2415493105050277
ROBUST_NO_FX,2023Q3,H3,standard,1,pos_turnover,PAYMENTS,0.4955101106264555
ROBUST_NO_FX,2023Q4,H1,standard,1,industrial_production,PRODUCTION,0.1192844419057298
ROBUST_NO_FX,2023Q4,H1,standard,1,ppi,PRICES,-0.0044903409500056998
ROBUST_NO_FX,2023Q4,H1,standard,1,gold_price,EXTERNAL,-0.091983409907581498
ROBUST_NO_FX,2023Q4,H1,standard,1,m2,FINANCIAL,0.55293331267398516
ROBUST_NO_FX,2023Q4,H1,standard,1,fx_reserves_ex_gold,FINANCIAL,-0.20686224013866891
ROBUST_NO_FX,2023Q4,H1,standard,1,pos_turnover,PAYMENTS,0.49965777799747318
ROBUST_NO_FX,2023Q4,H2,standard,1,industrial_production,PRODUCTION,0.1179429535487176
ROBUST_NO_FX,2023Q4,H2,standard,1,ppi,PRICES,-0.0046546010158480004
ROBUST_NO_FX,2023Q4,H2,standard,1,gold_price,EXTERNAL,-0.092304020800494505
ROBUST_NO_FX,2023Q4,H2,standard,1,m2,FINANCIAL,0.55295842480787838
ROBUST_NO_FX,2023Q4,H2,standard,1,fx_reserves_ex_gold,FINANCIAL,-0.20775632756116791
ROBUST_NO_FX,2023Q4,H2,standard,1,pos_turnover,PAYMENTS,0.5003210196390655
ROBUST_NO_FX,2023Q4,H3,standard,1,industrial_production,PRODUCTION,0.1179429535487176
ROBUST_NO_FX,2023Q4,H3,standard,1,ppi,PRICES,-0.0046546010158480004
ROBUST_NO_FX,2023Q4,H3,standard,1,gold_price,EXTERNAL,-0.092304020800494505
ROBUST_NO_FX,2023Q4,H3,standard,1,m2,FINANCIAL,0.55295842480787838
ROBUST_NO_FX,2023Q4,H3,standard,1,fx_reserves_ex_gold,FINANCIAL,-0.20775632756116791
ROBUST_NO_FX,2023Q4,H3,standard,1,pos_turnover,PAYMENTS,0.5003210196390655
ROBUST_NO_FX,2024Q1,H1,standard,1,industrial_production,PRODUCTION,0.073033760333864703
ROBUST_NO_FX,2024Q1,H1,standard,1,ppi,PRICES,-0.021614187981395701
ROBUST_NO_FX,2024Q1,H1,standard,1,gold_price,EXTERNAL,-0.089437242893435298
ROBUST_NO_FX,2024Q1,H1,standard,1,m2,FINANCIAL,0.62843510848084405
ROBUST_NO_FX,2024Q1,H1,standard,1,fx_reserves_ex_gold,FINANCIAL,-0.1498847683304701
ROBUST_NO_FX,2024Q1,H1,standard,1,pos_turnover,PAYMENTS,0.50820645826079092
ROBUST_NO_FX,2024Q1,H2,standard,1,industrial_production,PRODUCTION,0.067628702783120706
ROBUST_NO_FX,2024Q1,H2,standard,1,ppi,PRICES,-0.021577017143361101
ROBUST_NO_FX,2024Q1,H2,standard,1,gold_price,EXTERNAL,-0.089371406336588896
ROBUST_NO_FX,2024Q1,H2,standard,1,m2,FINANCIAL,0.62823008118209878
ROBUST_NO_FX,2024Q1,H2,standard,1,fx_reserves_ex_gold,FINANCIAL,-0.14994156664484709
ROBUST_NO_FX,2024Q1,H2,standard,1,pos_turnover,PAYMENTS,0.50820750166123352
ROBUST_NO_FX,2024Q1,H3,standard,1,industrial_production,PRODUCTION,0.067628702783120706
ROBUST_NO_FX,2024Q1,H3,standard,1,ppi,PRICES,-0.021577017143361101
ROBUST_NO_FX,2024Q1,H3,standard,1,gold_price,EXTERNAL,-0.089371406336588896
ROBUST_NO_FX,2024Q1,H3,standard,1,m2,FINANCIAL,0.62823008118209878
ROBUST_NO_FX,2024Q1,H3,standard,1,fx_reserves_ex_gold,FINANCIAL,-0.14994156664484709
ROBUST_NO_FX,2024Q1,H3,standard,1,pos_turnover,PAYMENTS,0.50820750166123352
ROBUST_NO_FX,2024Q2,H1,standard,1,industrial_production,PRODUCTION,0.0074119956762029003
ROBUST_NO_FX,2024Q2,H1,standard,1,ppi,PRICES,-0.024714397914345501
ROBUST_NO_FX,2024Q2,H1,standard,1,gold_price,EXTERNAL,-0.086601281252862206
ROBUST_NO_FX,2024Q2,H1,standard,1,m2,FINANCIAL,0.65819105667094147
ROBUST_NO_FX,2024Q2,H1,standard,1,fx_reserves_ex_gold,FINANCIAL,-0.1047782541853419
ROBUST_NO_FX,2024Q2,H1,standard,1,pos_turnover,PAYMENTS,0.50623031210772851
ROBUST_NO_FX,2024Q2,H2,standard,1,industrial_production,PRODUCTION,0.0054911095277602002
ROBUST_NO_FX,2024Q2,H2,standard,1,ppi,PRICES,-0.024043058990130699
ROBUST_NO_FX,2024Q2,H2,standard,1,gold_price,EXTERNAL,-0.0843131955065166
ROBUST_NO_FX,2024Q2,H2,standard,1,m2,FINANCIAL,0.64180007599708655
ROBUST_NO_FX,2024Q2,H2,standard,1,fx_reserves_ex_gold,FINANCIAL,-0.10183626397588449
ROBUST_NO_FX,2024Q2,H2,standard,1,pos_turnover,PAYMENTS,0.49321412109656032
ROBUST_NO_FX,2024Q2,H3,standard,1,industrial_production,PRODUCTION,0.0054911095277602002
ROBUST_NO_FX,2024Q2,H3,standard,1,ppi,PRICES,-0.024043058990130699
ROBUST_NO_FX,2024Q2,H3,standard,1,gold_price,EXTERNAL,-0.0843131955065166
ROBUST_NO_FX,2024Q2,H3,standard,1,m2,FINANCIAL,0.64180007599708655
ROBUST_NO_FX,2024Q2,H3,standard,1,fx_reserves_ex_gold,FINANCIAL,-0.10183626397588449
ROBUST_NO_FX,2024Q2,H3,standard,1,pos_turnover,PAYMENTS,0.49321412109656032
ROBUST_NO_FX,2024Q3,H1,standard,1,industrial_production,PRODUCTION,0.0083876638988716994
ROBUST_NO_FX,2024Q3,H1,standard,1,ppi,PRICES,-0.0230288790657402
ROBUST_NO_FX,2024Q3,H1,standard,1,gold_price,EXTERNAL,-0.083350440837228507
ROBUST_NO_FX,2024Q3,H1,standard,1,m2,FINANCIAL,0.64548993226113427
ROBUST_NO_FX,2024Q3,H1,standard,1,fx_reserves_ex_gold,FINANCIAL,-0.1037690075018016
ROBUST_NO_FX,2024Q3,H1,standard,1,pos_turnover,PAYMENTS,0.49081878551585112
ROBUST_NO_FX,2024Q3,H2,standard,1,industrial_production,PRODUCTION,0.012188232160205601
ROBUST_NO_FX,2024Q3,H2,standard,1,ppi,PRICES,-0.0230076753913902
ROBUST_NO_FX,2024Q3,H2,standard,1,gold_price,EXTERNAL,-0.083451276438990404
ROBUST_NO_FX,2024Q3,H2,standard,1,m2,FINANCIAL,0.64561082938790038
ROBUST_NO_FX,2024Q3,H2,standard,1,fx_reserves_ex_gold,FINANCIAL,-0.1041927716811962
ROBUST_NO_FX,2024Q3,H2,standard,1,pos_turnover,PAYMENTS,0.4913297648302013
ROBUST_NO_FX,2024Q3,H3,standard,1,industrial_production,PRODUCTION,0.012188232160205601
ROBUST_NO_FX,2024Q3,H3,standard,1,ppi,PRICES,-0.0230076753913902
ROBUST_NO_FX,2024Q3,H3,standard,1,gold_price,EXTERNAL,-0.083451276438990404
ROBUST_NO_FX,2024Q3,H3,standard,1,m2,FINANCIAL,0.64561082938790038
ROBUST_NO_FX,2024Q3,H3,standard,1,fx_reserves_ex_gold,FINANCIAL,-0.1041927716811962
ROBUST_NO_FX,2024Q3,H3,standard,1,pos_turnover,PAYMENTS,0.4913297648302013
ROBUST_NO_FX,2024Q4,H1,standard,1,industrial_production,PRODUCTION,0.019934183797991299
ROBUST_NO_FX,2024Q4,H1,standard,1,ppi,PRICES,-0.029634652955925499
ROBUST_NO_FX,2024Q4,H1,standard,1,gold_price,EXTERNAL,-0.069234561438280301
ROBUST_NO_FX,2024Q4,H1,standard,1,m2,FINANCIAL,0.64477545326861896
ROBUST_NO_FX,2024Q4,H1,standard,1,fx_reserves_ex_gold,FINANCIAL,-0.097529561728476696
ROBUST_NO_FX,2024Q4,H1,standard,1,pos_turnover,PAYMENTS,0.47968753678953208
ROBUST_NO_FX,2024Q4,H2,standard,1,industrial_production,PRODUCTION,0.022891540266095502
ROBUST_NO_FX,2024Q4,H2,standard,1,ppi,PRICES,-0.029664660788133301
ROBUST_NO_FX,2024Q4,H2,standard,1,gold_price,EXTERNAL,-0.069266162051655797
ROBUST_NO_FX,2024Q4,H2,standard,1,m2,FINANCIAL,0.64509480775135697
ROBUST_NO_FX,2024Q4,H2,standard,1,fx_reserves_ex_gold,FINANCIAL,-0.097612751571918496
ROBUST_NO_FX,2024Q4,H2,standard,1,pos_turnover,PAYMENTS,0.47988884568261142
ROBUST_NO_FX,2024Q4,H3,standard,1,industrial_production,PRODUCTION,0.022891540266095502
ROBUST_NO_FX,2024Q4,H3,standard,1,ppi,PRICES,-0.029664660788133301
ROBUST_NO_FX,2024Q4,H3,standard,1,gold_price,EXTERNAL,-0.069266162051655797
ROBUST_NO_FX,2024Q4,H3,standard,1,m2,FINANCIAL,0.64509480775135697
ROBUST_NO_FX,2024Q4,H3,standard,1,fx_reserves_ex_gold,FINANCIAL,-0.097612751571918496
ROBUST_NO_FX,2024Q4,H3,standard,1,pos_turnover,PAYMENTS,0.47988884568261142
ROBUST_NO_FX,2025Q1,H1,standard,1,industrial_production,PRODUCTION,0.040230174654433001
ROBUST_NO_FX,2025Q1,H1,standard,1,ppi,PRICES,-0.038181618250626
ROBUST_NO_FX,2025Q1,H1,standard,1,gold_price,EXTERNAL,-0.064054427780695603
ROBUST_NO_FX,2025Q1,H1,standard,1,m2,FINANCIAL,0.60324788696923493
ROBUST_NO_FX,2025Q1,H1,standard,1,fx_reserves_ex_gold,FINANCIAL,-0.073015122584439998
ROBUST_NO_FX,2025Q1,H1,standard,1,pos_turnover,PAYMENTS,0.41995707041649333
ROBUST_NO_FX,2025Q1,H2,standard,1,industrial_production,PRODUCTION,0.044477076570872999
ROBUST_NO_FX,2025Q1,H2,standard,1,ppi,PRICES,-0.038108897756949103
ROBUST_NO_FX,2025Q1,H2,standard,1,gold_price,EXTERNAL,-0.0640436489934402
ROBUST_NO_FX,2025Q1,H2,standard,1,m2,FINANCIAL,0.60265519575189186
ROBUST_NO_FX,2025Q1,H2,standard,1,fx_reserves_ex_gold,FINANCIAL,-0.073210794990205996
ROBUST_NO_FX,2025Q1,H2,standard,1,pos_turnover,PAYMENTS,0.41966194235682741
ROBUST_NO_FX,2025Q1,H3,standard,1,industrial_production,PRODUCTION,0.044477076570872999
ROBUST_NO_FX,2025Q1,H3,standard,1,ppi,PRICES,-0.038108897756949103
ROBUST_NO_FX,2025Q1,H3,standard,1,gold_price,EXTERNAL,-0.0640436489934402
ROBUST_NO_FX,2025Q1,H3,standard,1,m2,FINANCIAL,0.60265519575189186
ROBUST_NO_FX,2025Q1,H3,standard,1,fx_reserves_ex_gold,FINANCIAL,-0.073210794990205996
ROBUST_NO_FX,2025Q1,H3,standard,1,pos_turnover,PAYMENTS,0.41966194235682741
ROBUST_NO_FX,2025Q2,H1,standard,1,industrial_production,PRODUCTION,0.023106403965887801
ROBUST_NO_FX,2025Q2,H1,standard,1,ppi,PRICES,-0.048597813282429597
ROBUST_NO_FX,2025Q2,H1,standard,1,gold_price,EXTERNAL,-0.022220573616737099
ROBUST_NO_FX,2025Q2,H1,standard,1,m2,FINANCIAL,0.6583128022034892
ROBUST_NO_FX,2025Q2,H1,standard,1,fx_reserves_ex_gold,FINANCIAL,-0.0061405476094999996
ROBUST_NO_FX,2025Q2,H1,standard,1,pos_turnover,PAYMENTS,0.43398297184733892
ROBUST_NO_FX,2025Q2,H2,standard,1,industrial_production,PRODUCTION,0.027360262864118901
ROBUST_NO_FX,2025Q2,H2,standard,1,ppi,PRICES,-0.048494127697088003
ROBUST_NO_FX,2025Q2,H2,standard,1,gold_price,EXTERNAL,-0.022197439868146599
ROBUST_NO_FX,2025Q2,H2,standard,1,m2,FINANCIAL,0.6572891073287076
ROBUST_NO_FX,2025Q2,H2,standard,1,fx_reserves_ex_gold,FINANCIAL,-0.0062707788934496002
ROBUST_NO_FX,2025Q2,H2,standard,1,pos_turnover,PAYMENTS,0.43347342169788722
ROBUST_NO_FX,2025Q2,H3,standard,1,industrial_production,PRODUCTION,0.027360262864118901
ROBUST_NO_FX,2025Q2,H3,standard,1,ppi,PRICES,-0.048494127697088003
ROBUST_NO_FX,2025Q2,H3,standard,1,gold_price,EXTERNAL,-0.022197439868146599
ROBUST_NO_FX,2025Q2,H3,standard,1,m2,FINANCIAL,0.6572891073287076
ROBUST_NO_FX,2025Q2,H3,standard,1,fx_reserves_ex_gold,FINANCIAL,-0.0062707788934496002
ROBUST_NO_FX,2025Q2,H3,standard,1,pos_turnover,PAYMENTS,0.43347342169788722
