specification,target_quarter,horizon,lag_mode,timing_rule,variable,origin,cutoff,latest_usable_observation,lag_days,availability_class,observed_source_release_date
ALL_AUDITED_CANDIDATES,2022Q1,H1,standard,STRICT,industrial_production,2022-01-31,2021-11-30,2021-11-30,33,REGISTRY_LAG_PSEUDO_REAL_TIME,
ALL_AUDITED_CANDIDATES,2022Q1,H1,standard,STRICT,manufacturing,2022-01-31,2021-11-30,2021-11-30,33,REGISTRY_LAG_PSEUDO_REAL_TIME,
ALL_AUDITED_CANDIDATES,2022Q1,H1,standard,STRICT,mining,2022-01-31,2021-11-30,2021-11-30,33,REGISTRY_LAG_PSEUDO_REAL_TIME,
ALL_AUDITED_CANDIDATES,2022Q1,H1,standard,STRICT,electricity_gas,2022-01-31,2021-11-30,2021-11-30,33,REGISTRY_LAG_PSEUDO_REAL_TIME,
ALL_AUDITED_CANDIDATES,2022Q1,H1,standard,STRICT,construction,2022-01-31,2021-12-31,2021-12-31,27,REGISTRY_LAG_PSEUDO_REAL_TIME,
ALL_AUDITED_CANDIDATES,2022Q1,H1,standard,STRICT,retail_trade,2022-01-31,2021-12-31,2021-12-31,24,REGISTRY_LAG_PSEUDO_REAL_TIME,
ALL_AUDITED_CANDIDATES,2022Q1,H1,standard,STRICT,wholesale_trade,2022-01-31,2021-12-31,2021-12-31,24,REGISTRY_LAG_PSEUDO_REAL_TIME,
ALL_AUDITED_CANDIDATES,2022Q1,H1,standard,STRICT,cpi_headline,2022-01-31,2021-12-31,2021-12-31,5,REGISTRY_LAG_PSEUDO_REAL_TIME,
ALL_AUDITED_CANDIDATES,2022Q1,H1,standard,STRICT,cpi_food,2022-01-31,2021-12-31,2021-12-31,5,REGISTRY_LAG_PSEUDO_REAL_TIME,
ALL_AUDITED_CANDIDATES,2022Q1,H1,standard,STRICT,cpi_services,2022-01-31,2021-12-31,2021-12-31,5,REGISTRY_LAG_PSEUDO_REAL_TIME,
ALL_AUDITED_CANDIDATES,2022Q1,H1,standard,STRICT,ppi,2022-01-31,2021-12-31,2021-12-31,15,REGISTRY_LAG_PSEUDO_REAL_TIME,
ALL_AUDITED_CANDIDATES,2022Q1,H1,standard,STRICT,exports_total,2022-01-31,2021-12-31,,26,REGISTRY_LAG_PSEUDO_REAL_TIME,
ALL_AUDITED_CANDIDATES,2022Q1,H1,standard,STRICT,exports_non_gold,2022-01-31,2021-12-31,,26,REGISTRY_LAG_PSEUDO_REAL_TIME,
ALL_AUDITED_CANDIDATES,2022Q1,H1,standard,STRICT,imports_total,2022-01-31,2021-12-31,2021-12-31,26,REGISTRY_LAG_PSEUDO_REAL_TIME,
ALL_AUDITED_CANDIDATES,2022Q1,H1,standard,STRICT,gold_exports_proxy,2022-01-31,2021-12-31,2021-12-31,26,REGISTRY_LAG_PSEUDO_REAL_TIME,
ALL_AUDITED_CANDIDATES,2022Q1,H1,standard,STRICT,usd_uzs,2022-01-31,2022-01-31,2022-01-31,0,REGISTRY_LAG_PSEUDO_REAL_TIME,
ALL_AUDITED_CANDIDATES,2022Q1,H1,standard,STRICT,rub_uzs,2022-01-31,2022-01-31,2022-01-31,0,REGISTRY_LAG_PSEUDO_REAL_TIME,
ALL_AUDITED_CANDIDATES,2022Q1,H1,standard,STRICT,gold_price,2022-01-31,2021-12-31,2021-12-31,7,REGISTRY_LAG_PSEUDO_REAL_TIME,
ALL_AUDITED_CANDIDATES,2022Q1,H1,standard,STRICT,russia_ipi,2022-01-31,2021-12-31,,23,REGISTRY_LAG_PSEUDO_REAL_TIME,
ALL_AUDITED_CANDIDATES,2022Q1,H1,standard,STRICT,m2,2022-01-31,2021-12-31,2021-12-31,25,REGISTRY_LAG_PSEUDO_REAL_TIME,
ALL_AUDITED_CANDIDATES,2022Q1,H1,standard,STRICT,household_deposits,2022-01-31,2021-12-31,,25,REGISTRY_LAG_PSEUDO_REAL_TIME,
ALL_AUDITED_CANDIDATES,2022Q1,H1,standard,STRICT,corporate_deposits,2022-01-31,2021-12-31,,25,REGISTRY_LAG_PSEUDO_REAL_TIME,
ALL_AUDITED_CANDIDATES,2022Q1,H1,standard,STRICT,household_credit,2022-01-31,2021-12-31,,25,REGISTRY_LAG_PSEUDO_REAL_TIME,
ALL_AUDITED_CANDIDATES,2022Q1,H1,standard,STRICT,corporate_credit,2022-01-31,2021-12-31,,25,REGISTRY_LAG_PSEUDO_REAL_TIME,
ALL_AUDITED_CANDIDATES,2022Q1,H1,standard,STRICT,fx_reserves_ex_gold,2022-01-31,2021-12-31,2021-12-31,7,REGISTRY_LAG_PSEUDO_REAL_TIME,
ALL_AUDITED_CANDIDATES,2022Q1,H1,standard,STRICT,pos_turnover,2022-01-31,2021-12-31,2021-12-31,18,REGISTRY_LAG_PSEUDO_REAL_TIME,
ALL_AUDITED_CANDIDATES,2022Q1,H1,standard,STRICT,instant_payments,2022-01-31,2021-12-31,,18,REGISTRY_LAG_PSEUDO_REAL_TIME,
ALL_AUDITED_CANDIDATES,2022Q1,H1,standard,STRICT,interbank_payments,2022-01-31,2021-12-31,2020-06-30,18,REGISTRY_LAG_PSEUDO_REAL_TIME,
ALL_AUDITED_CANDIDATES,2022Q1,H1,conservative,STRICT,industrial_production,2022-01-31,2021-11-30,2021-11-30,33,REGISTRY_LAG_PSEUDO_REAL_TIME,
ALL_AUDITED_CANDIDATES,2022Q1,H1,conservative,STRICT,manufacturing,2022-01-31,2021-11-30,2021-11-30,33,REGISTRY_LAG_PSEUDO_REAL_TIME,
ALL_AUDITED_CANDIDATES,2022Q1,H1,conservative,STRICT,mining,2022-01-31,2021-11-30,2021-11-30,33,REGISTRY_LAG_PSEUDO_REAL_TIME,
ALL_AUDITED_CANDIDATES,2022Q1,H1,conservative,STRICT,electricity_gas,2022-01-31,2021-11-30,2021-11-30,33,REGISTRY_LAG_PSEUDO_REAL_TIME,
ALL_AUDITED_CANDIDATES,2022Q1,H1,conservative,STRICT,construction,2022-01-31,2021-11-30,2021-11-30,27,REGISTRY_LAG_PSEUDO_REAL_TIME,
ALL_AUDITED_CANDIDATES,2022Q1,H1,conservative,STRICT,retail_trade,2022-01-31,2021-11-30,2021-11-30,24,REGISTRY_LAG_PSEUDO_REAL_TIME,
ALL_AUDITED_CANDIDATES,2022Q1,H1,conservative,STRICT,wholesale_trade,2022-01-31,2021-11-30,2021-11-30,24,REGISTRY_LAG_PSEUDO_REAL_TIME,
ALL_AUDITED_CANDIDATES,2022Q1,H1,conservative,STRICT,cpi_headline,2022-01-31,2021-12-31,2021-12-31,5,REGISTRY_LAG_PSEUDO_REAL_TIME,
ALL_AUDITED_CANDIDATES,2022Q1,H1,conservative,STRICT,cpi_food,2022-01-31,2021-12-31,2021-12-31,5,REGISTRY_LAG_PSEUDO_REAL_TIME,
ALL_AUDITED_CANDIDATES,2022Q1,H1,conservative,STRICT,cpi_services,2022-01-31,2021-12-31,2021-12-31,5,REGISTRY_LAG_PSEUDO_REAL_TIME,
ALL_AUDITED_CANDIDATES,2022Q1,H1,conservative,STRICT,ppi,2022-01-31,2021-12-31,2021-12-31,15,REGISTRY_LAG_PSEUDO_REAL_TIME,
ALL_AUDITED_CANDIDATES,2022Q1,H1,conservative,STRICT,exports_total,2022-01-31,2021-11-30,,26,REGISTRY_LAG_PSEUDO_REAL_TIME,
ALL_AUDITED_CANDIDATES,2022Q1,H1,conservative,STRICT,exports_non_gold,2022-01-31,2021-11-30,,26,REGISTRY_LAG_PSEUDO_REAL_TIME,
ALL_AUDITED_CANDIDATES,2022Q1,H1,conservative,STRICT,imports_total,2022-01-31,2021-11-30,2021-11-30,26,REGISTRY_LAG_PSEUDO_REAL_TIME,
ALL_AUDITED_CANDIDATES,2022Q1,H1,conservative,STRICT,gold_exports_proxy,2022-01-31,2021-11-30,2021-11-30,26,REGISTRY_LAG_PSEUDO_REAL_TIME,
ALL_AUDITED_CANDIDATES,2022Q1,H1,conservative,STRICT,usd_uzs,2022-01-31,2021-12-31,2021-12-31,0,REGISTRY_LAG_PSEUDO_REAL_TIME,
ALL_AUDITED_CANDIDATES,2022Q1,H1,conservative,STRICT,rub_uzs,2022-01-31,2021-12-31,2021-12-31,0,REGISTRY_LAG_PSEUDO_REAL_TIME,
ALL_AUDITED_CANDIDATES,2022Q1,H1,conservative,STRICT,gold_price,2022-01-31,2021-12-31,2021-12-31,7,REGISTRY_LAG_PSEUDO_REAL_TIME,
ALL_AUDITED_CANDIDATES,2022Q1,H1,conservative,STRICT,russia_ipi,2022-01-31,2021-11-30,,23,REGISTRY_LAG_PSEUDO_REAL_TIME,
ALL_AUDITED_CANDIDATES,2022Q1,H1,conservative,STRICT,m2,2022-01-31,2021-11-30,2021-11-30,25,REGISTRY_LAG_PSEUDO_REAL_TIME,
ALL_AUDITED_CANDIDATES,2022Q1,H1,conservative,STRICT,household_deposits,2022-01-31,2021-11-30,,25,REGISTRY_LAG_PSEUDO_REAL_TIME,
ALL_AUDITED_CANDIDATES,2022Q1,H1,conservative,STRICT,corporate_deposits,2022-01-31,2021-11-30,,25,REGISTRY_LAG_PSEUDO_REAL_TIME,
ALL_AUDITED_CANDIDATES,2022Q1,H1,conservative,STRICT,household_credit,2022-01-31,2021-11-30,,25,REGISTRY_LAG_PSEUDO_REAL_TIME,
ALL_AUDITED_CANDIDATES,2022Q1,H1,conservative,STRICT,corporate_credit,2022-01-31,2021-11-30,,25,REGISTRY_LAG_PSEUDO_REAL_TIME,
ALL_AUDITED_CANDIDATES,2022Q1,H1,conservative,STRICT,fx_reserves_ex_gold,2022-01-31,2021-12-31,2021-12-31,7,REGISTRY_LAG_PSEUDO_REAL_TIME,
ALL_AUDITED_CANDIDATES,2022Q1,H1,conservative,STRICT,pos_turnover,2022-01-31,2021-11-30,2021-11-30,18,REGISTRY_LAG_PSEUDO_REAL_TIME,
ALL_AUDITED_CANDIDATES,2022Q1,H1,conservative,STRICT,instant_payments,2022-01-31,2021-11-30,,18,REGISTRY_LAG_PSEUDO_REAL_TIME,
ALL_AUDITED_CANDIDATES,2022Q1,H1,conservative,STRICT,interbank_payments,2022-01-31,2021-11-30,2020-06-30,18,REGISTRY_LAG_PSEUDO_REAL_TIME,
ALL_AUDITED_CANDIDATES,2022Q1,H2,standard,STRICT,industrial_production,2022-02-28,2021-12-31,2021-12-31,33,REGISTRY_LAG_PSEUDO_REAL_TIME,
ALL_AUDITED_CANDIDATES,2022Q1,H2,standard,STRICT,manufacturing,2022-02-28,2021-12-31,2021-12-31,33,REGISTRY_LAG_PSEUDO_REAL_TIME,
ALL_AUDITED_CANDIDATES,2022Q1,H2,standard,STRICT,mining,2022-02-28,2021-12-31,2021-12-31,33,REGISTRY_LAG_PSEUDO_REAL_TIME,
ALL_AUDITED_CANDIDATES,2022Q1,H2,standard,STRICT,electricity_gas,2022-02-28,2021-12-31,2021-12-31,33,REGISTRY_LAG_PSEUDO_REAL_TIME,
ALL_AUDITED_CANDIDATES,2022Q1,H2,standard,STRICT,construction,2022-02-28,2022-01-31,2022-01-31,27,REGISTRY_LAG_PSEUDO_REAL_TIME,
ALL_AUDITED_CANDIDATES,2022Q1,H2,standard,STRICT,retail_trade,2022-02-28,2022-01-31,2022-01-31,24,REGISTRY_LAG_PSEUDO_REAL_TIME,
ALL_AUDITED_CANDIDATES,2022Q1,H2,standard,STRICT,wholesale_trade,2022-02-28,2022-01-31,2022-01-31,24,REGISTRY_LAG_PSEUDO_REAL_TIME,
ALL_AUDITED_CANDIDATES,2022Q1,H2,standard,STRICT,cpi_headline,2022-02-28,2022-01-31,2022-01-31,5,REGISTRY_LAG_PSEUDO_REAL_TIME,
ALL_AUDITED_CANDIDATES,2022Q1,H2,standard,STRICT,cpi_food,2022-02-28,2022-01-31,2022-01-31,5,REGISTRY_LAG_PSEUDO_REAL_TIME,
ALL_AUDITED_CANDIDATES,2022Q1,H2,standard,STRICT,cpi_services,2022-02-28,2022-01-31,2022-01-31,5,REGISTRY_LAG_PSEUDO_REAL_TIME,
ALL_AUDITED_CANDIDATES,2022Q1,H2,standard,STRICT,ppi,2022-02-28,2022-01-31,2022-01-31,15,REGISTRY_LAG_PSEUDO_REAL_TIME,
ALL_AUDITED_CANDIDATES,2022Q1,H2,standard,STRICT,exports_total,2022-02-28,2022-01-31,2022-01-31,26,REGISTRY_LAG_PSEUDO_REAL_TIME,
ALL_AUDITED_CANDIDATES,2022Q1,H2,standard,STRICT,exports_non_gold,2022-02-28,2022-01-31,2022-01-31,26,REGISTRY_LAG_PSEUDO_REAL_TIME,
ALL_AUDITED_CANDIDATES,2022Q1,H2,standard,STRICT,imports_total,2022-02-28,2022-01-31,2022-01-31,26,REGISTRY_LAG_PSEUDO_REAL_TIME,
ALL_AUDITED_CANDIDATES,2022Q1,H2,standard,STRICT,gold_exports_proxy,2022-02-28,2022-01-31,2022-01-31,26,REGISTRY_LAG_PSEUDO_REAL_TIME,
ALL_AUDITED_CANDIDATES,2022Q1,H2,standard,STRICT,usd_uzs,2022-02-28,2022-02-28,2022-02-28,0,REGISTRY_LAG_PSEUDO_REAL_TIME,
ALL_AUDITED_CANDIDATES,2022Q1,H2,standard,STRICT,rub_uzs,2022-02-28,2022-02-28,2022-02-28,0,REGISTRY_LAG_PSEUDO_REAL_TIME,
ALL_AUDITED_CANDIDATES,2022Q1,H2,standard,STRICT,gold_price,2022-02-28,2022-01-31,2022-01-31,7,REGISTRY_LAG_PSEUDO_REAL_TIME,
ALL_AUDITED_CANDIDATES,2022Q1,H2,standard,STRICT,russia_ipi,2022-02-28,2022-01-31,,23,REGISTRY_LAG_PSEUDO_REAL_TIME,
ALL_AUDITED_CANDIDATES,2022Q1,H2,standard,STRICT,m2,2022-02-28,2022-01-31,2022-01-31,25,REGISTRY_LAG_PSEUDO_REAL_TIME,
ALL_AUDITED_CANDIDATES,2022Q1,H2,standard,STRICT,household_deposits,2022-02-28,2022-01-31,,25,REGISTRY_LAG_PSEUDO_REAL_TIME,
ALL_AUDITED_CANDIDATES,2022Q1,H2,standard,STRICT,corporate_deposits,2022-02-28,2022-01-31,,25,REGISTRY_LAG_PSEUDO_REAL_TIME,
ALL_AUDITED_CANDIDATES,2022Q1,H2,standard,STRICT,household_credit,2022-02-28,2022-01-31,,25,REGISTRY_LAG_PSEUDO_REAL_TIME,
ALL_AUDITED_CANDIDATES,2022Q1,H2,standard,STRICT,corporate_credit,2022-02-28,2022-01-31,,25,REGISTRY_LAG_PSEUDO_REAL_TIME,
ALL_AUDITED_CANDIDATES,2022Q1,H2,standard,STRICT,fx_reserves_ex_gold,2022-02-28,2022-01-31,2022-01-31,7,REGISTRY_LAG_PSEUDO_REAL_TIME,
ALL_AUDITED_CANDIDATES,2022Q1,H2,standard,STRICT,pos_turnover,2022-02-28,2022-01-31,2022-01-31,18,REGISTRY_LAG_PSEUDO_REAL_TIME,
ALL_AUDITED_CANDIDATES,2022Q1,H2,standard,STRICT,instant_payments,2022-02-28,2022-01-31,2022-01-31,18,REGISTRY_LAG_PSEUDO_REAL_TIME,
ALL_AUDITED_CANDIDATES,2022Q1,H2,standard,STRICT,interbank_payments,2022-02-28,2022-01-31,2020-06-30,18,REGISTRY_LAG_PSEUDO_REAL_TIME,
ALL_AUDITED_CANDIDATES,2022Q1,H2,conservative,STRICT,industrial_production,2022-02-28,2021-12-31,2021-12-31,33,REGISTRY_LAG_PSEUDO_REAL_TIME,
ALL_AUDITED_CANDIDATES,2022Q1,H2,conservative,STRICT,manufacturing,2022-02-28,2021-12-31,2021-12-31,33,REGISTRY_LAG_PSEUDO_REAL_TIME,
ALL_AUDITED_CANDIDATES,2022Q1,H2,conservative,STRICT,mining,2022-02-28,2021-12-31,2021-12-31,33,REGISTRY_LAG_PSEUDO_REAL_TIME,
ALL_AUDITED_CANDIDATES,2022Q1,H2,conservative,STRICT,electricity_gas,2022-02-28,2021-12-31,2021-12-31,33,REGISTRY_LAG_PSEUDO_REAL_TIME,
ALL_AUDITED_CANDIDATES,2022Q1,H2,conservative,STRICT,construction,2022-02-28,2021-12-31,2021-12-31,27,REGISTRY_LAG_PSEUDO_REAL_TIME,
ALL_AUDITED_CANDIDATES,2022Q1,H2,conservative,STRICT,retail_trade,2022-02-28,2021-12-31,2021-12-31,24,REGISTRY_LAG_PSEUDO_REAL_TIME,
ALL_AUDITED_CANDIDATES,2022Q1,H2,conservative,STRICT,wholesale_trade,2022-02-28,2021-12-31,2021-12-31,24,REGISTRY_LAG_PSEUDO_REAL_TIME,
ALL_AUDITED_CANDIDATES,2022Q1,H2,conservative,STRICT,cpi_headline,2022-02-28,2022-01-31,2022-01-31,5,REGISTRY_LAG_PSEUDO_REAL_TIME,
ALL_AUDITED_CANDIDATES,2022Q1,H2,conservative,STRICT,cpi_food,2022-02-28,2022-01-31,2022-01-31,5,REGISTRY_LAG_PSEUDO_REAL_TIME,
ALL_AUDITED_CANDIDATES,2022Q1,H2,conservative,STRICT,cpi_services,2022-02-28,2022-01-31,2022-01-31,5,REGISTRY_LAG_PSEUDO_REAL_TIME,
ALL_AUDITED_CANDIDATES,2022Q1,H2,conservative,STRICT,ppi,2022-02-28,2021-12-31,2021-12-31,15,REGISTRY_LAG_PSEUDO_REAL_TIME,
ALL_AUDITED_CANDIDATES,2022Q1,H2,conservative,STRICT,exports_total,2022-02-28,2021-12-31,,26,REGISTRY_LAG_PSEUDO_REAL_TIME,
ALL_AUDITED_CANDIDATES,2022Q1,H2,conservative,STRICT,exports_non_gold,2022-02-28,2021-12-31,,26,REGISTRY_LAG_PSEUDO_REAL_TIME,
ALL_AUDITED_CANDIDATES,2022Q1,H2,conservative,STRICT,imports_total,2022-02-28,2021-12-31,2021-12-31,26,REGISTRY_LAG_PSEUDO_REAL_TIME,
ALL_AUDITED_CANDIDATES,2022Q1,H2,conservative,STRICT,gold_exports_proxy,2022-02-28,2021-12-31,2021-12-31,26,REGISTRY_LAG_PSEUDO_REAL_TIME,
ALL_AUDITED_CANDIDATES,2022Q1,H2,conservative,STRICT,usd_uzs,2022-02-28,2022-01-31,2022-01-31,0,REGISTRY_LAG_PSEUDO_REAL_TIME,
ALL_AUDITED_CANDIDATES,2022Q1,H2,conservative,STRICT,rub_uzs,2022-02-28,2022-01-31,2022-01-31,0,REGISTRY_LAG_PSEUDO_REAL_TIME,
ALL_AUDITED_CANDIDATES,2022Q1,H2,conservative,STRICT,gold_price,2022-02-28,2022-01-31,2022-01-31,7,REGISTRY_LAG_PSEUDO_REAL_TIME,
ALL_AUDITED_CANDIDATES,2022Q1,H2,conservative,STRICT,russia_ipi,2022-02-28,2021-12-31,,23,REGISTRY_LAG_PSEUDO_REAL_TIME,
ALL_AUDITED_CANDIDATES,2022Q1,H2,conservative,STRICT,m2,2022-02-28,2021-12-31,2021-12-31,25,REGISTRY_LAG_PSEUDO_REAL_TIME,
ALL_AUDITED_CANDIDATES,2022Q1,H2,conservative,STRICT,household_deposits,2022-02-28,2021-12-31,,25,REGISTRY_LAG_PSEUDO_REAL_TIME,
ALL_AUDITED_CANDIDATES,2022Q1,H2,conservative,STRICT,corporate_deposits,2022-02-28,2021-12-31,,25,REGISTRY_LAG_PSEUDO_REAL_TIME,
ALL_AUDITED_CANDIDATES,2022Q1,H2,conservative,STRICT,household_credit,2022-02-28,2021-12-31,,25,REGISTRY_LAG_PSEUDO_REAL_TIME,
ALL_AUDITED_CANDIDATES,2022Q1,H2,conservative,STRICT,corporate_credit,2022-02-28,2021-12-31,,25,REGISTRY_LAG_PSEUDO_REAL_TIME,
ALL_AUDITED_CANDIDATES,2022Q1,H2,conservative,STRICT,fx_reserves_ex_gold,2022-02-28,2022-01-31,2022-01-31,7,REGISTRY_LAG_PSEUDO_REAL_TIME,
ALL_AUDITED_CANDIDATES,2022Q1,H2,conservative,STRICT,pos_turnover,2022-02-28,2021-12-31,2021-12-31,18,REGISTRY_LAG_PSEUDO_REAL_TIME,
ALL_AUDITED_CANDIDATES,2022Q1,H2,conservative,STRICT,instant_payments,2022-02-28,2021-12-31,,18,REGISTRY_LAG_PSEUDO_REAL_TIME,
ALL_AUDITED_CANDIDATES,2022Q1,H2,conservative,STRICT,interbank_payments,2022-02-28,2021-12-31,2020-06-30,18,REGISTRY_LAG_PSEUDO_REAL_TIME,
ALL_AUDITED_CANDIDATES,2022Q1,H3,standard,STRICT,industrial_production,2022-03-31,2022-01-31,2022-01-31,33,REGISTRY_LAG_PSEUDO_REAL_TIME,
ALL_AUDITED_CANDIDATES,2022Q1,H3,standard,STRICT,manufacturing,2022-03-31,2022-01-31,2022-01-31,33,REGISTRY_LAG_PSEUDO_REAL_TIME,
ALL_AUDITED_CANDIDATES,2022Q1,H3,standard,STRICT,mining,2022-03-31,2022-01-31,2022-01-31,33,REGISTRY_LAG_PSEUDO_REAL_TIME,
ALL_AUDITED_CANDIDATES,2022Q1,H3,standard,STRICT,electricity_gas,2022-03-31,2022-01-31,2022-01-31,33,REGISTRY_LAG_PSEUDO_REAL_TIME,
ALL_AUDITED_CANDIDATES,2022Q1,H3,standard,STRICT,construction,2022-03-31,2022-02-28,2022-02-28,27,REGISTRY_LAG_PSEUDO_REAL_TIME,
ALL_AUDITED_CANDIDATES,2022Q1,H3,standard,STRICT,retail_trade,2022-03-31,2022-02-28,2022-02-28,24,REGISTRY_LAG_PSEUDO_REAL_TIME,
ALL_AUDITED_CANDIDATES,2022Q1,H3,standard,STRICT,wholesale_trade,2022-03-31,2022-02-28,2022-02-28,24,REGISTRY_LAG_PSEUDO_REAL_TIME,
ALL_AUDITED_CANDIDATES,2022Q1,H3,standard,STRICT,cpi_headline,2022-03-31,2022-02-28,2022-02-28,5,REGISTRY_LAG_PSEUDO_REAL_TIME,
ALL_AUDITED_CANDIDATES,2022Q1,H3,standard,STRICT,cpi_food,2022-03-31,2022-02-28,2022-02-28,5,REGISTRY_LAG_PSEUDO_REAL_TIME,
ALL_AUDITED_CANDIDATES,2022Q1,H3,standard,STRICT,cpi_services,2022-03-31,2022-02-28,2022-02-28,5,REGISTRY_LAG_PSEUDO_REAL_TIME,
ALL_AUDITED_CANDIDATES,2022Q1,H3,standard,STRICT,ppi,2022-03-31,2022-02-28,2022-02-28,15,REGISTRY_LAG_PSEUDO_REAL_TIME,
ALL_AUDITED_CANDIDATES,2022Q1,H3,standard,STRICT,exports_total,2022-03-31,2022-02-28,2022-02-28,26,REGISTRY_LAG_PSEUDO_REAL_TIME,
ALL_AUDITED_CANDIDATES,2022Q1,H3,standard,STRICT,exports_non_gold,2022-03-31,2022-02-28,2022-02-28,26,REGISTRY_LAG_PSEUDO_REAL_TIME,
ALL_AUDITED_CANDIDATES,2022Q1,H3,standard,STRICT,imports_total,2022-03-31,2022-02-28,2022-02-28,26,REGISTRY_LAG_PSEUDO_REAL_TIME,
ALL_AUDITED_CANDIDATES,2022Q1,H3,standard,STRICT,gold_exports_proxy,2022-03-31,2022-02-28,2022-02-28,26,REGISTRY_LAG_PSEUDO_REAL_TIME,
ALL_AUDITED_CANDIDATES,2022Q1,H3,standard,STRICT,usd_uzs,2022-03-31,2022-03-31,2022-03-31,0,REGISTRY_LAG_PSEUDO_REAL_TIME,
ALL_AUDITED_CANDIDATES,2022Q1,H3,standard,STRICT,rub_uzs,2022-03-31,2022-03-31,2022-03-31,0,REGISTRY_LAG_PSEUDO_REAL_TIME,
ALL_AUDITED_CANDIDATES,2022Q1,H3,standard,STRICT,gold_price,2022-03-31,2022-02-28,2022-02-28,7,REGISTRY_LAG_PSEUDO_REAL_TIME,
ALL_AUDITED_CANDIDATES,2022Q1,H3,standard,STRICT,russia_ipi,2022-03-31,2022-02-28,,23,REGISTRY_LAG_PSEUDO_REAL_TIME,
ALL_AUDITED_CANDIDATES,2022Q1,H3,standard,STRICT,m2,2022-03-31,2022-02-28,2022-02-28,25,REGISTRY_LAG_PSEUDO_REAL_TIME,
ALL_AUDITED_CANDIDATES,2022Q1,H3,standard,STRICT,household_deposits,2022-03-31,2022-02-28,,25,REGISTRY_LAG_PSEUDO_REAL_TIME,
ALL_AUDITED_CANDIDATES,2022Q1,H3,standard,STRICT,corporate_deposits,2022-03-31,2022-02-28,,25,REGISTRY_LAG_PSEUDO_REAL_TIME,
ALL_AUDITED_CANDIDATES,2022Q1,H3,standard,STRICT,household_credit,2022-03-31,2022-02-28,,25,REGISTRY_LAG_PSEUDO_REAL_TIME,
ALL_AUDITED_CANDIDATES,2022Q1,H3,standard,STRICT,corporate_credit,2022-03-31,2022-02-28,,25,REGISTRY_LAG_PSEUDO_REAL_TIME,
ALL_AUDITED_CANDIDATES,2022Q1,H3,standard,STRICT,fx_reserves_ex_gold,2022-03-31,2022-02-28,2022-02-28,7,REGISTRY_LAG_PSEUDO_REAL_TIME,
ALL_AUDITED_CANDIDATES,2022Q1,H3,standard,STRICT,pos_turnover,2022-03-31,2022-02-28,2022-02-28,18,REGISTRY_LAG_PSEUDO_REAL_TIME,
ALL_AUDITED_CANDIDATES,2022Q1,H3,standard,STRICT,instant_payments,2022-03-31,2022-02-28,2022-01-31,18,REGISTRY_LAG_PSEUDO_REAL_TIME,
ALL_AUDITED_CANDIDATES,2022Q1,H3,standard,STRICT,interbank_payments,2022-03-31,2022-02-28,2020-06-30,18,REGISTRY_LAG_PSEUDO_REAL_TIME,
ALL_AUDITED_CANDIDATES,2022Q1,H3,conservative,STRICT,industrial_production,2022-03-31,2022-01-31,2022-01-31,33,REGISTRY_LAG_PSEUDO_REAL_TIME,
ALL_AUDITED_CANDIDATES,2022Q1,H3,conservative,STRICT,manufacturing,2022-03-31,2022-01-31,2022-01-31,33,REGISTRY_LAG_PSEUDO_REAL_TIME,
ALL_AUDITED_CANDIDATES,2022Q1,H3,conservative,STRICT,mining,2022-03-31,2022-01-31,2022-01-31,33,REGISTRY_LAG_PSEUDO_REAL_TIME,
ALL_AUDITED_CANDIDATES,2022Q1,H3,conservative,STRICT,electricity_gas,2022-03-31,2022-01-31,2022-01-31,33,REGISTRY_LAG_PSEUDO_REAL_TIME,
ALL_AUDITED_CANDIDATES,2022Q1,H3,conservative,STRICT,construction,2022-03-31,2022-01-31,2022-01-31,27,REGISTRY_LAG_PSEUDO_REAL_TIME,
ALL_AUDITED_CANDIDATES,2022Q1,H3,conservative,STRICT,retail_trade,2022-03-31,2022-01-31,2022-01-31,24,REGISTRY_LAG_PSEUDO_REAL_TIME,
ALL_AUDITED_CANDIDATES,2022Q1,H3,conservative,STRICT,wholesale_trade,2022-03-31,2022-01-31,2022-01-31,24,REGISTRY_LAG_PSEUDO_REAL_TIME,
ALL_AUDITED_CANDIDATES,2022Q1,H3,conservative,STRICT,cpi_headline,2022-03-31,2022-02-28,2022-02-28,5,REGISTRY_LAG_PSEUDO_REAL_TIME,
ALL_AUDITED_CANDIDATES,2022Q1,H3,conservative,STRICT,cpi_food,2022-03-31,2022-02-28,2022-02-28,5,REGISTRY_LAG_PSEUDO_REAL_TIME,
ALL_AUDITED_CANDIDATES,2022Q1,H3,conservative,STRICT,cpi_services,2022-03-31,2022-02-28,2022-02-28,5,REGISTRY_LAG_PSEUDO_REAL_TIME,
ALL_AUDITED_CANDIDATES,2022Q1,H3,conservative,STRICT,ppi,2022-03-31,2022-02-28,2022-02-28,15,REGISTRY_LAG_PSEUDO_REAL_TIME,
ALL_AUDITED_CANDIDATES,2022Q1,H3,conservative,STRICT,exports_total,2022-03-31,2022-01-31,2022-01-31,26,REGISTRY_LAG_PSEUDO_REAL_TIME,
ALL_AUDITED_CANDIDATES,2022Q1,H3,conservative,STRICT,exports_non_gold,2022-03-31,2022-01-31,2022-01-31,26,REGISTRY_LAG_PSEUDO_REAL_TIME,
ALL_AUDITED_CANDIDATES,2022Q1,H3,conservative,STRICT,imports_total,2022-03-31,2022-01-31,2022-01-31,26,REGISTRY_LAG_PSEUDO_REAL_TIME,
ALL_AUDITED_CANDIDATES,2022Q1,H3,conservative,STRICT,gold_exports_proxy,2022-03-31,2022-01-31,2022-01-31,26,REGISTRY_LAG_PSEUDO_REAL_TIME,
ALL_AUDITED_CANDIDATES,2022Q1,H3,conservative,STRICT,usd_uzs,2022-03-31,2022-02-28,2022-02-28,0,REGISTRY_LAG_PSEUDO_REAL_TIME,
ALL_AUDITED_CANDIDATES,2022Q1,H3,conservative,STRICT,rub_uzs,2022-03-31,2022-02-28,2022-02-28,0,REGISTRY_LAG_PSEUDO_REAL_TIME,
ALL_AUDITED_CANDIDATES,2022Q1,H3,conservative,STRICT,gold_price,2022-03-31,2022-02-28,2022-02-28,7,REGISTRY_LAG_PSEUDO_REAL_TIME,
ALL_AUDITED_CANDIDATES,2022Q1,H3,conservative,STRICT,russia_ipi,2022-03-31,2022-01-31,,23,REGISTRY_LAG_PSEUDO_REAL_TIME,
ALL_AUDITED_CANDIDATES,2022Q1,H3,conservative,STRICT,m2,2022-03-31,2022-01-31,2022-01-31,25,REGISTRY_LAG_PSEUDO_REAL_TIME,
ALL_AUDITED_CANDIDATES,2022Q1,H3,conservative,STRICT,household_deposits,2022-03-31,2022-01-31,,25,REGISTRY_LAG_PSEUDO_REAL_TIME,
ALL_AUDITED_CANDIDATES,2022Q1,H3,conservative,STRICT,corporate_deposits,2022-03-31,2022-01-31,,25,REGISTRY_LAG_PSEUDO_REAL_TIME,
ALL_AUDITED_CANDIDATES,2022Q1,H3,conservative,STRICT,household_credit,2022-03-31,2022-01-31,,25,REGISTRY_LAG_PSEUDO_REAL_TIME,
ALL_AUDITED_CANDIDATES,2022Q1,H3,conservative,STRICT,corporate_credit,2022-03-31,2022-01-31,,25,REGISTRY_LAG_PSEUDO_REAL_TIME,
ALL_AUDITED_CANDIDATES,2022Q1,H3,conservative,STRICT,fx_reserves_ex_gold,2022-03-31,2022-02-28,2022-02-28,7,REGISTRY_LAG_PSEUDO_REAL_TIME,
ALL_AUDITED_CANDIDATES,2022Q1,H3,conservative,STRICT,pos_turnover,2022-03-31,2022-01-31,2022-01-31,18,REGISTRY_LAG_PSEUDO_REAL_TIME,
ALL_AUDITED_CANDIDATES,2022Q1,H3,conservative,STRICT,instant_payments,2022-03-31,2022-01-31,2022-01-31,18,REGISTRY_LAG_PSEUDO_REAL_TIME,
ALL_AUDITED_CANDIDATES,2022Q1,H3,conservative,STRICT,interbank_payments,2022-03-31,2022-01-31,2020-06-30,18,REGISTRY_LAG_PSEUDO_REAL_TIME,
ALL_AUDITED_CANDIDATES,2022Q2,H1,standard,STRICT,industrial_production,2022-04-30,2022-02-28,2022-02-28,33,REGISTRY_LAG_PSEUDO_REAL_TIME,
ALL_AUDITED_CANDIDATES,2022Q2,H1,standard,STRICT,manufacturing,2022-04-30,2022-02-28,2022-02-28,33,REGISTRY_LAG_PSEUDO_REAL_TIME,
ALL_AUDITED_CANDIDATES,2022Q2,H1,standard,STRICT,mining,2022-04-30,2022-02-28,2022-02-28,33,REGISTRY_LAG_PSEUDO_REAL_TIME,
ALL_AUDITED_CANDIDATES,2022Q2,H1,standard,STRICT,electricity_gas,2022-04-30,2022-02-28,2022-02-28,33,REGISTRY_LAG_PSEUDO_REAL_TIME,
ALL_AUDITED_CANDIDATES,2022Q2,H1,standard,STRICT,construction,2022-04-30,2022-03-31,2022-03-31,27,REGISTRY_LAG_PSEUDO_REAL_TIME,
ALL_AUDITED_CANDIDATES,2022Q2,H1,standard,STRICT,retail_trade,2022-04-30,2022-03-31,2022-03-31,24,REGISTRY_LAG_PSEUDO_REAL_TIME,
ALL_AUDITED_CANDIDATES,2022Q2,H1,standard,STRICT,wholesale_trade,2022-04-30,2022-03-31,2022-03-31,24,REGISTRY_LAG_PSEUDO_REAL_TIME,
ALL_AUDITED_CANDIDATES,2022Q2,H1,standard,STRICT,cpi_headline,2022-04-30,2022-03-31,2022-03-31,5,REGISTRY_LAG_PSEUDO_REAL_TIME,
ALL_AUDITED_CANDIDATES,2022Q2,H1,standard,STRICT,cpi_food,2022-04-30,2022-03-31,2022-03-31,5,REGISTRY_LAG_PSEUDO_REAL_TIME,
ALL_AUDITED_CANDIDATES,2022Q2,H1,standard,STRICT,cpi_services,2022-04-30,2022-03-31,2022-03-31,5,REGISTRY_LAG_PSEUDO_REAL_TIME,
ALL_AUDITED_CANDIDATES,2022Q2,H1,standard,STRICT,ppi,2022-04-30,2022-03-31,2022-03-31,15,REGISTRY_LAG_PSEUDO_REAL_TIME,
ALL_AUDITED_CANDIDATES,2022Q2,H1,standard,STRICT,exports_total,2022-04-30,2022-03-31,2022-03-31,26,REGISTRY_LAG_PSEUDO_REAL_TIME,
ALL_AUDITED_CANDIDATES,2022Q2,H1,standard,STRICT,exports_non_gold,2022-04-30,2022-03-31,2022-03-31,26,REGISTRY_LAG_PSEUDO_REAL_TIME,
ALL_AUDITED_CANDIDATES,2022Q2,H1,standard,STRICT,imports_total,2022-04-30,2022-03-31,2022-03-31,26,REGISTRY_LAG_PSEUDO_REAL_TIME,
ALL_AUDITED_CANDIDATES,2022Q2,H1,standard,STRICT,gold_exports_proxy,2022-04-30,2022-03-31,2022-03-31,26,REGISTRY_LAG_PSEUDO_REAL_TIME,
ALL_AUDITED_CANDIDATES,2022Q2,H1,standard,STRICT,usd_uzs,2022-04-30,2022-04-30,2022-04-30,0,REGISTRY_LAG_PSEUDO_REAL_TIME,
ALL_AUDITED_CANDIDATES,2022Q2,H1,standard,STRICT,rub_uzs,2022-04-30,2022-04-30,2022-04-30,0,REGISTRY_LAG_PSEUDO_REAL_TIME,
ALL_AUDITED_CANDIDATES,2022Q2,H1,standard,STRICT,gold_price,2022-04-30,2022-03-31,2022-03-31,7,REGISTRY_LAG_PSEUDO_REAL_TIME,
ALL_AUDITED_CANDIDATES,2022Q2,H1,standard,STRICT,russia_ipi,2022-04-30,2022-03-31,,23,REGISTRY_LAG_PSEUDO_REAL_TIME,
ALL_AUDITED_CANDIDATES,2022Q2,H1,standard,STRICT,m2,2022-04-30,2022-03-31,2022-03-31,25,REGISTRY_LAG_PSEUDO_REAL_TIME,
ALL_AUDITED_CANDIDATES,2022Q2,H1,standard,STRICT,household_deposits,2022-04-30,2022-03-31,,25,REGISTRY_LAG_PSEUDO_REAL_TIME,
ALL_AUDITED_CANDIDATES,2022Q2,H1,standard,STRICT,corporate_deposits,2022-04-30,2022-03-31,,25,REGISTRY_LAG_PSEUDO_REAL_TIME,
ALL_AUDITED_CANDIDATES,2022Q2,H1,standard,STRICT,household_credit,2022-04-30,2022-03-31,,25,REGISTRY_LAG_PSEUDO_REAL_TIME,
ALL_AUDITED_CANDIDATES,2022Q2,H1,standard,STRICT,corporate_credit,2022-04-30,2022-03-31,,25,REGISTRY_LAG_PSEUDO_REAL_TIME,
ALL_AUDITED_CANDIDATES,2022Q2,H1,standard,STRICT,fx_reserves_ex_gold,2022-04-30,2022-03-31,2022-03-31,7,REGISTRY_LAG_PSEUDO_REAL_TIME,
ALL_AUDITED_CANDIDATES,2022Q2,H1,standard,STRICT,pos_turnover,2022-04-30,2022-03-31,2022-03-31,18,REGISTRY_LAG_PSEUDO_REAL_TIME,
ALL_AUDITED_CANDIDATES,2022Q2,H1,standard,STRICT,instant_payments,2022-04-30,2022-03-31,2022-03-31,18,REGISTRY_LAG_PSEUDO_REAL_TIME,
ALL_AUDITED_CANDIDATES,2022Q2,H1,standard,STRICT,interbank_payments,2022-04-30,2022-03-31,2020-06-30,18,REGISTRY_LAG_PSEUDO_REAL_TIME,
ALL_AUDITED_CANDIDATES,2022Q2,H1,conservative,STRICT,industrial_production,2022-04-30,2022-02-28,2022-02-28,33,REGISTRY_LAG_PSEUDO_REAL_TIME,
ALL_AUDITED_CANDIDATES,2022Q2,H1,conservative,STRICT,manufacturing,2022-04-30,2022-02-28,2022-02-28,33,REGISTRY_LAG_PSEUDO_REAL_TIME,
ALL_AUDITED_CANDIDATES,2022Q2,H1,conservative,STRICT,mining,2022-04-30,2022-02-28,2022-02-28,33,REGISTRY_LAG_PSEUDO_REAL_TIME,
ALL_AUDITED_CANDIDATES,2022Q2,H1,conservative,STRICT,electricity_gas,2022-04-30,2022-02-28,2022-02-28,33,REGISTRY_LAG_PSEUDO_REAL_TIME,
ALL_AUDITED_CANDIDATES,2022Q2,H1,conservative,STRICT,construction,2022-04-30,2022-02-28,2022-02-28,27,REGISTRY_LAG_PSEUDO_REAL_TIME,
ALL_AUDITED_CANDIDATES,2022Q2,H1,conservative,STRICT,retail_trade,2022-04-30,2022-02-28,2022-02-28,24,REGISTRY_LAG_PSEUDO_REAL_TIME,
ALL_AUDITED_CANDIDATES,2022Q2,H1,conservative,STRICT,wholesale_trade,2022-04-30,2022-02-28,2022-02-28,24,REGISTRY_LAG_PSEUDO_REAL_TIME,
ALL_AUDITED_CANDIDATES,2022Q2,H1,conservative,STRICT,cpi_headline,2022-04-30,2022-03-31,2022-03-31,5,REGISTRY_LAG_PSEUDO_REAL_TIME,
ALL_AUDITED_CANDIDATES,2022Q2,H1,conservative,STRICT,cpi_food,2022-04-30,2022-03-31,2022-03-31,5,REGISTRY_LAG_PSEUDO_REAL_TIME,
ALL_AUDITED_CANDIDATES,2022Q2,H1,conservative,STRICT,cpi_services,2022-04-30,2022-03-31,2022-03-31,5,REGISTRY_LAG_PSEUDO_REAL_TIME,
ALL_AUDITED_CANDIDATES,2022Q2,H1,conservative,STRICT,ppi,2022-04-30,2022-03-31,2022-03-31,15,REGISTRY_LAG_PSEUDO_REAL_TIME,
ALL_AUDITED_CANDIDATES,2022Q2,H1,conservative,STRICT,exports_total,2022-04-30,2022-02-28,2022-02-28,26,REGISTRY_LAG_PSEUDO_REAL_TIME,
ALL_AUDITED_CANDIDATES,2022Q2,H1,conservative,STRICT,exports_non_gold,2022-04-30,2022-02-28,2022-02-28,26,REGISTRY_LAG_PSEUDO_REAL_TIME,
ALL_AUDITED_CANDIDATES,2022Q2,H1,conservative,STRICT,imports_total,2022-04-30,2022-02-28,2022-02-28,26,REGISTRY_LAG_PSEUDO_REAL_TIME,
ALL_AUDITED_CANDIDATES,2022Q2,H1,conservative,STRICT,gold_exports_proxy,2022-04-30,2022-02-28,2022-02-28,26,REGISTRY_LAG_PSEUDO_REAL_TIME,
ALL_AUDITED_CANDIDATES,2022Q2,H1,conservative,STRICT,usd_uzs,2022-04-30,2022-03-31,2022-03-31,0,REGISTRY_LAG_PSEUDO_REAL_TIME,
ALL_AUDITED_CANDIDATES,2022Q2,H1,conservative,STRICT,rub_uzs,2022-04-30,2022-03-31,2022-03-31,0,REGISTRY_LAG_PSEUDO_REAL_TIME,
ALL_AUDITED_CANDIDATES,2022Q2,H1,conservative,STRICT,gold_price,2022-04-30,2022-03-31,2022-03-31,7,REGISTRY_LAG_PSEUDO_REAL_TIME,
ALL_AUDITED_CANDIDATES,2022Q2,H1,conservative,STRICT,russia_ipi,2022-04-30,2022-02-28,,23,REGISTRY_LAG_PSEUDO_REAL_TIME,
ALL_AUDITED_CANDIDATES,2022Q2,H1,conservative,STRICT,m2,2022-04-30,2022-02-28,2022-02-28,25,REGISTRY_LAG_PSEUDO_REAL_TIME,
ALL_AUDITED_CANDIDATES,2022Q2,H1,conservative,STRICT,household_deposits,2022-04-30,2022-02-28,,25,REGISTRY_LAG_PSEUDO_REAL_TIME,
ALL_AUDITED_CANDIDATES,2022Q2,H1,conservative,STRICT,corporate_deposits,2022-04-30,2022-02-28,,25,REGISTRY_LAG_PSEUDO_REAL_TIME,
ALL_AUDITED_CANDIDATES,2022Q2,H1,conservative,STRICT,household_credit,2022-04-30,2022-02-28,,25,REGISTRY_LAG_PSEUDO_REAL_TIME,
ALL_AUDITED_CANDIDATES,2022Q2,H1,conservative,STRICT,corporate_credit,2022-04-30,2022-02-28,,25,REGISTRY_LAG_PSEUDO_REAL_TIME,
ALL_AUDITED_CANDIDATES,2022Q2,H1,conservative,STRICT,fx_reserves_ex_gold,2022-04-30,2022-03-31,2022-03-31,7,REGISTRY_LAG_PSEUDO_REAL_TIME,
ALL_AUDITED_CANDIDATES,2022Q2,H1,conservative,STRICT,pos_turnover,2022-04-30,2022-02-28,2022-02-28,18,REGISTRY_LAG_PSEUDO_REAL_TIME,
ALL_AUDITED_CANDIDATES,2022Q2,H1,conservative,STRICT,instant_payments,2022-04-30,2022-02-28,2022-01-31,18,REGISTRY_LAG_PSEUDO_REAL_TIME,
ALL_AUDITED_CANDIDATES,2022Q2,H1,conservative,STRICT,interbank_payments,2022-04-30,2022-02-28,2020-06-30,18,REGISTRY_LAG_PSEUDO_REAL_TIME,
ALL_AUDITED_CANDIDATES,2022Q2,H2,standard,STRICT,industrial_production,2022-05-31,2022-03-31,2022-03-31,33,REGISTRY_LAG_PSEUDO_REAL_TIME,
ALL_AUDITED_CANDIDATES,2022Q2,H2,standard,STRICT,manufacturing,2022-05-31,2022-03-31,2022-03-31,33,REGISTRY_LAG_PSEUDO_REAL_TIME,
ALL_AUDITED_CANDIDATES,2022Q2,H2,standard,STRICT,mining,2022-05-31,2022-03-31,2022-03-31,33,REGISTRY_LAG_PSEUDO_REAL_TIME,
ALL_AUDITED_CANDIDATES,2022Q2,H2,standard,STRICT,electricity_gas,2022-05-31,2022-03-31,2022-03-31,33,REGISTRY_LAG_PSEUDO_REAL_TIME,
ALL_AUDITED_CANDIDATES,2022Q2,H2,standard,STRICT,construction,2022-05-31,2022-04-30,2022-04-30,27,REGISTRY_LAG_PSEUDO_REAL_TIME,
ALL_AUDITED_CANDIDATES,2022Q2,H2,standard,STRICT,retail_trade,2022-05-31,2022-04-30,2022-04-30,24,REGISTRY_LAG_PSEUDO_REAL_TIME,
ALL_AUDITED_CANDIDATES,2022Q2,H2,standard,STRICT,wholesale_trade,2022-05-31,2022-04-30,2022-04-30,24,REGISTRY_LAG_PSEUDO_REAL_TIME,
ALL_AUDITED_CANDIDATES,2022Q2,H2,standard,STRICT,cpi_headline,2022-05-31,2022-04-30,2022-04-30,5,REGISTRY_LAG_PSEUDO_REAL_TIME,
ALL_AUDITED_CANDIDATES,2022Q2,H2,standard,STRICT,cpi_food,2022-05-31,2022-04-30,2022-04-30,5,REGISTRY_LAG_PSEUDO_REAL_TIME,
ALL_AUDITED_CANDIDATES,2022Q2,H2,standard,STRICT,cpi_services,2022-05-31,2022-04-30,2022-04-30,5,REGISTRY_LAG_PSEUDO_REAL_TIME,
ALL_AUDITED_CANDIDATES,2022Q2,H2,standard,STRICT,ppi,2022-05-31,2022-04-30,2022-04-30,15,REGISTRY_LAG_PSEUDO_REAL_TIME,
ALL_AUDITED_CANDIDATES,2022Q2,H2,standard,STRICT,exports_total,2022-05-31,2022-04-30,2022-04-30,26,REGISTRY_LAG_PSEUDO_REAL_TIME,
ALL_AUDITED_CANDIDATES,2022Q2,H2,standard,STRICT,exports_non_gold,2022-05-31,2022-04-30,2022-04-30,26,REGISTRY_LAG_PSEUDO_REAL_TIME,
ALL_AUDITED_CANDIDATES,2022Q2,H2,standard,STRICT,imports_total,2022-05-31,2022-04-30,2022-04-30,26,REGISTRY_LAG_PSEUDO_REAL_TIME,
ALL_AUDITED_CANDIDATES,2022Q2,H2,standard,STRICT,gold_exports_proxy,2022-05-31,2022-04-30,2022-04-30,26,REGISTRY_LAG_PSEUDO_REAL_TIME,
ALL_AUDITED_CANDIDATES,2022Q2,H2,standard,STRICT,usd_uzs,2022-05-31,2022-05-31,2022-05-31,0,REGISTRY_LAG_PSEUDO_REAL_TIME,
ALL_AUDITED_CANDIDATES,2022Q2,H2,standard,STRICT,rub_uzs,2022-05-31,2022-05-31,2022-05-31,0,REGISTRY_LAG_PSEUDO_REAL_TIME,
ALL_AUDITED_CANDIDATES,2022Q2,H2,standard,STRICT,gold_price,2022-05-31,2022-04-30,2022-04-30,7,REGISTRY_LAG_PSEUDO_REAL_TIME,
ALL_AUDITED_CANDIDATES,2022Q2,H2,standard,STRICT,russia_ipi,2022-05-31,2022-04-30,,23,REGISTRY_LAG_PSEUDO_REAL_TIME,
ALL_AUDITED_CANDIDATES,2022Q2,H2,standard,STRICT,m2,2022-05-31,2022-04-30,2022-04-30,25,REGISTRY_LAG_PSEUDO_REAL_TIME,
ALL_AUDITED_CANDIDATES,2022Q2,H2,standard,STRICT,household_deposits,2022-05-31,2022-04-30,,25,REGISTRY_LAG_PSEUDO_REAL_TIME,
ALL_AUDITED_CANDIDATES,2022Q2,H2,standard,STRICT,corporate_deposits,2022-05-31,2022-04-30,,25,REGISTRY_LAG_PSEUDO_REAL_TIME,
ALL_AUDITED_CANDIDATES,2022Q2,H2,standard,STRICT,household_credit,2022-05-31,2022-04-30,,25,REGISTRY_LAG_PSEUDO_REAL_TIME,
ALL_AUDITED_CANDIDATES,2022Q2,H2,standard,STRICT,corporate_credit,2022-05-31,2022-04-30,,25,REGISTRY_LAG_PSEUDO_REAL_TIME,
ALL_AUDITED_CANDIDATES,2022Q2,H2,standard,STRICT,fx_reserves_ex_gold,2022-05-31,2022-04-30,2022-04-30,7,REGISTRY_LAG_PSEUDO_REAL_TIME,
ALL_AUDITED_CANDIDATES,2022Q2,H2,standard,STRICT,pos_turnover,2022-05-31,2022-04-30,2022-04-30,18,REGISTRY_LAG_PSEUDO_REAL_TIME,
ALL_AUDITED_CANDIDATES,2022Q2,H2,standard,STRICT,instant_payments,2022-05-31,2022-04-30,2022-03-31,18,REGISTRY_LAG_PSEUDO_REAL_TIME,
ALL_AUDITED_CANDIDATES,2022Q2,H2,standard,STRICT,interbank_payments,2022-05-31,2022-04-30,2020-06-30,18,REGISTRY_LAG_PSEUDO_REAL_TIME,
ALL_AUDITED_CANDIDATES,2022Q2,H2,conservative,STRICT,industrial_production,2022-05-31,2022-03-31,2022-03-31,33,REGISTRY_LAG_PSEUDO_REAL_TIME,
ALL_AUDITED_CANDIDATES,2022Q2,H2,conservative,STRICT,manufacturing,2022-05-31,2022-03-31,2022-03-31,33,REGISTRY_LAG_PSEUDO_REAL_TIME,
ALL_AUDITED_CANDIDATES,2022Q2,H2,conservative,STRICT,mining,2022-05-31,2022-03-31,2022-03-31,33,REGISTRY_LAG_PSEUDO_REAL_TIME,
ALL_AUDITED_CANDIDATES,2022Q2,H2,conservative,STRICT,electricity_gas,2022-05-31,2022-03-31,2022-03-31,33,REGISTRY_LAG_PSEUDO_REAL_TIME,
ALL_AUDITED_CANDIDATES,2022Q2,H2,conservative,STRICT,construction,2022-05-31,2022-03-31,2022-03-31,27,REGISTRY_LAG_PSEUDO_REAL_TIME,
ALL_AUDITED_CANDIDATES,2022Q2,H2,conservative,STRICT,retail_trade,2022-05-31,2022-03-31,2022-03-31,24,REGISTRY_LAG_PSEUDO_REAL_TIME,
ALL_AUDITED_CANDIDATES,2022Q2,H2,conservative,STRICT,wholesale_trade,2022-05-31,2022-03-31,2022-03-31,24,REGISTRY_LAG_PSEUDO_REAL_TIME,
ALL_AUDITED_CANDIDATES,2022Q2,H2,conservative,STRICT,cpi_headline,2022-05-31,2022-04-30,2022-04-30,5,REGISTRY_LAG_PSEUDO_REAL_TIME,
ALL_AUDITED_CANDIDATES,2022Q2,H2,conservative,STRICT,cpi_food,2022-05-31,2022-04-30,2022-04-30,5,REGISTRY_LAG_PSEUDO_REAL_TIME,
ALL_AUDITED_CANDIDATES,2022Q2,H2,conservative,STRICT,cpi_services,2022-05-31,2022-04-30,2022-04-30,5,REGISTRY_LAG_PSEUDO_REAL_TIME,
ALL_AUDITED_CANDIDATES,2022Q2,H2,conservative,STRICT,ppi,2022-05-31,2022-04-30,2022-04-30,15,REGISTRY_LAG_PSEUDO_REAL_TIME,
ALL_AUDITED_CANDIDATES,2022Q2,H2,conservative,STRICT,exports_total,2022-05-31,2022-03-31,2022-03-31,26,REGISTRY_LAG_PSEUDO_REAL_TIME,
ALL_AUDITED_CANDIDATES,2022Q2,H2,conservative,STRICT,exports_non_gold,2022-05-31,2022-03-31,2022-03-31,26,REGISTRY_LAG_PSEUDO_REAL_TIME,
ALL_AUDITED_CANDIDATES,2022Q2,H2,conservative,STRICT,imports_total,2022-05-31,2022-03-31,2022-03-31,26,REGISTRY_LAG_PSEUDO_REAL_TIME,
ALL_AUDITED_CANDIDATES,2022Q2,H2,conservative,STRICT,gold_exports_proxy,2022-05-31,2022-03-31,2022-03-31,26,REGISTRY_LAG_PSEUDO_REAL_TIME,
ALL_AUDITED_CANDIDATES,2022Q2,H2,conservative,STRICT,usd_uzs,2022-05-31,2022-04-30,2022-04-30,0,REGISTRY_LAG_PSEUDO_REAL_TIME,
ALL_AUDITED_CANDIDATES,2022Q2,H2,conservative,STRICT,rub_uzs,2022-05-31,2022-04-30,2022-04-30,0,REGISTRY_LAG_PSEUDO_REAL_TIME,
ALL_AUDITED_CANDIDATES,2022Q2,H2,conservative,STRICT,gold_price,2022-05-31,2022-04-30,2022-04-30,7,REGISTRY_LAG_PSEUDO_REAL_TIME,
ALL_AUDITED_CANDIDATES,2022Q2,H2,conservative,STRICT,russia_ipi,2022-05-31,2022-03-31,,23,REGISTRY_LAG_PSEUDO_REAL_TIME,
ALL_AUDITED_CANDIDATES,2022Q2,H2,conservative,STRICT,m2,2022-05-31,2022-03-31,2022-03-31,25,REGISTRY_LAG_PSEUDO_REAL_TIME,
ALL_AUDITED_CANDIDATES,2022Q2,H2,conservative,STRICT,household_deposits,2022-05-31,2022-03-31,,25,REGISTRY_LAG_PSEUDO_REAL_TIME,
ALL_AUDITED_CANDIDATES,2022Q2,H2,conservative,STRICT,corporate_deposits,2022-05-31,2022-03-31,,25,REGISTRY_LAG_PSEUDO_REAL_TIME,
ALL_AUDITED_CANDIDATES,2022Q2,H2,conservative,STRICT,household_credit,2022-05-31,2022-03-31,,25,REGISTRY_LAG_PSEUDO_REAL_TIME,
ALL_AUDITED_CANDIDATES,2022Q2,H2,conservative,STRICT,corporate_credit,2022-05-31,2022-03-31,,25,REGISTRY_LAG_PSEUDO_REAL_TIME,
ALL_AUDITED_CANDIDATES,2022Q2,H2,conservative,STRICT,fx_reserves_ex_gold,2022-05-31,2022-04-30,2022-04-30,7,REGISTRY_LAG_PSEUDO_REAL_TIME,
ALL_AUDITED_CANDIDATES,2022Q2,H2,conservative,STRICT,pos_turnover,2022-05-31,2022-03-31,2022-03-31,18,REGISTRY_LAG_PSEUDO_REAL_TIME,
ALL_AUDITED_CANDIDATES,2022Q2,H2,conservative,STRICT,instant_payments,2022-05-31,2022-03-31,2022-03-31,18,REGISTRY_LAG_PSEUDO_REAL_TIME,
ALL_AUDITED_CANDIDATES,2022Q2,H2,conservative,STRICT,interbank_payments,2022-05-31,2022-03-31,2020-06-30,18,REGISTRY_LAG_PSEUDO_REAL_TIME,
ALL_AUDITED_CANDIDATES,2022Q2,H3,standard,STRICT,industrial_production,2022-06-30,2022-04-30,2022-04-30,33,REGISTRY_LAG_PSEUDO_REAL_TIME,
ALL_AUDITED_CANDIDATES,2022Q2,H3,standard,STRICT,manufacturing,2022-06-30,2022-04-30,2022-04-30,33,REGISTRY_LAG_PSEUDO_REAL_TIME,
ALL_AUDITED_CANDIDATES,2022Q2,H3,standard,STRICT,mining,2022-06-30,2022-04-30,2022-04-30,33,REGISTRY_LAG_PSEUDO_REAL_TIME,
ALL_AUDITED_CANDIDATES,2022Q2,H3,standard,STRICT,electricity_gas,2022-06-30,2022-04-30,2022-04-30,33,REGISTRY_LAG_PSEUDO_REAL_TIME,
ALL_AUDITED_CANDIDATES,2022Q2,H3,standard,STRICT,construction,2022-06-30,2022-05-31,2022-05-31,27,REGISTRY_LAG_PSEUDO_REAL_TIME,
ALL_AUDITED_CANDIDATES,2022Q2,H3,standard,STRICT,retail_trade,2022-06-30,2022-05-31,2022-05-31,24,REGISTRY_LAG_PSEUDO_REAL_TIME,
ALL_AUDITED_CANDIDATES,2022Q2,H3,standard,STRICT,wholesale_trade,2022-06-30,2022-05-31,2022-05-31,24,REGISTRY_LAG_PSEUDO_REAL_TIME,
ALL_AUDITED_CANDIDATES,2022Q2,H3,standard,STRICT,cpi_headline,2022-06-30,2022-05-31,2022-05-31,5,REGISTRY_LAG_PSEUDO_REAL_TIME,
ALL_AUDITED_CANDIDATES,2022Q2,H3,standard,STRICT,cpi_food,2022-06-30,2022-05-31,2022-05-31,5,REGISTRY_LAG_PSEUDO_REAL_TIME,
ALL_AUDITED_CANDIDATES,2022Q2,H3,standard,STRICT,cpi_services,2022-06-30,2022-05-31,2022-05-31,5,REGISTRY_LAG_PSEUDO_REAL_TIME,
ALL_AUDITED_CANDIDATES,2022Q2,H3,standard,STRICT,ppi,2022-06-30,2022-05-31,2022-05-31,15,REGISTRY_LAG_PSEUDO_REAL_TIME,
ALL_AUDITED_CANDIDATES,2022Q2,H3,standard,STRICT,exports_total,2022-06-30,2022-05-31,2022-05-31,26,REGISTRY_LAG_PSEUDO_REAL_TIME,
ALL_AUDITED_CANDIDATES,2022Q2,H3,standard,STRICT,exports_non_gold,2022-06-30,2022-05-31,2022-05-31,26,REGISTRY_LAG_PSEUDO_REAL_TIME,
ALL_AUDITED_CANDIDATES,2022Q2,H3,standard,STRICT,imports_total,2022-06-30,2022-05-31,2022-05-31,26,REGISTRY_LAG_PSEUDO_REAL_TIME,
ALL_AUDITED_CANDIDATES,2022Q2,H3,standard,STRICT,gold_exports_proxy,2022-06-30,2022-05-31,2022-05-31,26,REGISTRY_LAG_PSEUDO_REAL_TIME,
ALL_AUDITED_CANDIDATES,2022Q2,H3,standard,STRICT,usd_uzs,2022-06-30,2022-06-30,2022-06-30,0,REGISTRY_LAG_PSEUDO_REAL_TIME,
ALL_AUDITED_CANDIDATES,2022Q2,H3,standard,STRICT,rub_uzs,2022-06-30,2022-06-30,2022-06-30,0,REGISTRY_LAG_PSEUDO_REAL_TIME,
ALL_AUDITED_CANDIDATES,2022Q2,H3,standard,STRICT,gold_price,2022-06-30,2022-05-31,2022-05-31,7,REGISTRY_LAG_PSEUDO_REAL_TIME,
ALL_AUDITED_CANDIDATES,2022Q2,H3,standard,STRICT,russia_ipi,2022-06-30,2022-05-31,,23,REGISTRY_LAG_PSEUDO_REAL_TIME,
ALL_AUDITED_CANDIDATES,2022Q2,H3,standard,STRICT,m2,2022-06-30,2022-05-31,2022-05-31,25,REGISTRY_LAG_PSEUDO_REAL_TIME,
ALL_AUDITED_CANDIDATES,2022Q2,H3,standard,STRICT,household_deposits,2022-06-30,2022-05-31,,25,REGISTRY_LAG_PSEUDO_REAL_TIME,
ALL_AUDITED_CANDIDATES,2022Q2,H3,standard,STRICT,corporate_deposits,2022-06-30,2022-05-31,,25,REGISTRY_LAG_PSEUDO_REAL_TIME,
ALL_AUDITED_CANDIDATES,2022Q2,H3,standard,STRICT,household_credit,2022-06-30,2022-05-31,,25,REGISTRY_LAG_PSEUDO_REAL_TIME,
ALL_AUDITED_CANDIDATES,2022Q2,H3,standard,STRICT,corporate_credit,2022-06-30,2022-05-31,,25,REGISTRY_LAG_PSEUDO_REAL_TIME,
ALL_AUDITED_CANDIDATES,2022Q2,H3,standard,STRICT,fx_reserves_ex_gold,2022-06-30,2022-05-31,2022-05-31,7,REGISTRY_LAG_PSEUDO_REAL_TIME,
ALL_AUDITED_CANDIDATES,2022Q2,H3,standard,STRICT,pos_turnover,2022-06-30,2022-05-31,2022-05-31,18,REGISTRY_LAG_PSEUDO_REAL_TIME,
ALL_AUDITED_CANDIDATES,2022Q2,H3,standard,STRICT,instant_payments,2022-06-30,2022-05-31,2022-05-31,18,REGISTRY_LAG_PSEUDO_REAL_TIME,
ALL_AUDITED_CANDIDATES,2022Q2,H3,standard,STRICT,interbank_payments,2022-06-30,2022-05-31,2020-06-30,18,REGISTRY_LAG_PSEUDO_REAL_TIME,
ALL_AUDITED_CANDIDATES,2022Q2,H3,conservative,STRICT,industrial_production,2022-06-30,2022-04-30,2022-04-30,33,REGISTRY_LAG_PSEUDO_REAL_TIME,
ALL_AUDITED_CANDIDATES,2022Q2,H3,conservative,STRICT,manufacturing,2022-06-30,2022-04-30,2022-04-30,33,REGISTRY_LAG_PSEUDO_REAL_TIME,
ALL_AUDITED_CANDIDATES,2022Q2,H3,conservative,STRICT,mining,2022-06-30,2022-04-30,2022-04-30,33,REGISTRY_LAG_PSEUDO_REAL_TIME,
ALL_AUDITED_CANDIDATES,2022Q2,H3,conservative,STRICT,electricity_gas,2022-06-30,2022-04-30,2022-04-30,33,REGISTRY_LAG_PSEUDO_REAL_TIME,
ALL_AUDITED_CANDIDATES,2022Q2,H3,conservative,STRICT,construction,2022-06-30,2022-04-30,2022-04-30,27,REGISTRY_LAG_PSEUDO_REAL_TIME,
ALL_AUDITED_CANDIDATES,2022Q2,H3,conservative,STRICT,retail_trade,2022-06-30,2022-04-30,2022-04-30,24,REGISTRY_LAG_PSEUDO_REAL_TIME,
ALL_AUDITED_CANDIDATES,2022Q2,H3,conservative,STRICT,wholesale_trade,2022-06-30,2022-04-30,2022-04-30,24,REGISTRY_LAG_PSEUDO_REAL_TIME,
ALL_AUDITED_CANDIDATES,2022Q2,H3,conservative,STRICT,cpi_headline,2022-06-30,2022-05-31,2022-05-31,5,REGISTRY_LAG_PSEUDO_REAL_TIME,
ALL_AUDITED_CANDIDATES,2022Q2,H3,conservative,STRICT,cpi_food,2022-06-30,2022-05-31,2022-05-31,5,REGISTRY_LAG_PSEUDO_REAL_TIME,
ALL_AUDITED_CANDIDATES,2022Q2,H3,conservative,STRICT,cpi_services,2022-06-30,2022-05-31,2022-05-31,5,REGISTRY_LAG_PSEUDO_REAL_TIME,
ALL_AUDITED_CANDIDATES,2022Q2,H3,conservative,STRICT,ppi,2022-06-30,2022-05-31,2022-05-31,15,REGISTRY_LAG_PSEUDO_REAL_TIME,
ALL_AUDITED_CANDIDATES,2022Q2,H3,conservative,STRICT,exports_total,2022-06-30,2022-04-30,2022-04-30,26,REGISTRY_LAG_PSEUDO_REAL_TIME,
ALL_AUDITED_CANDIDATES,2022Q2,H3,conservative,STRICT,exports_non_gold,2022-06-30,2022-04-30,2022-04-30,26,REGISTRY_LAG_PSEUDO_REAL_TIME,
ALL_AUDITED_CANDIDATES,2022Q2,H3,conservative,STRICT,imports_total,2022-06-30,2022-04-30,2022-04-30,26,REGISTRY_LAG_PSEUDO_REAL_TIME,
ALL_AUDITED_CANDIDATES,2022Q2,H3,conservative,STRICT,gold_exports_proxy,2022-06-30,2022-04-30,2022-04-30,26,REGISTRY_LAG_PSEUDO_REAL_TIME,
ALL_AUDITED_CANDIDATES,2022Q2,H3,conservative,STRICT,usd_uzs,2022-06-30,2022-05-31,2022-05-31,0,REGISTRY_LAG_PSEUDO_REAL_TIME,
ALL_AUDITED_CANDIDATES,2022Q2,H3,conservative,STRICT,rub_uzs,2022-06-30,2022-05-31,2022-05-31,0,REGISTRY_LAG_PSEUDO_REAL_TIME,
ALL_AUDITED_CANDIDATES,2022Q2,H3,conservative,STRICT,gold_price,2022-06-30,2022-05-31,2022-05-31,7,REGISTRY_LAG_PSEUDO_REAL_TIME,
ALL_AUDITED_CANDIDATES,2022Q2,H3,conservative,STRICT,russia_ipi,2022-06-30,2022-04-30,,23,REGISTRY_LAG_PSEUDO_REAL_TIME,
ALL_AUDITED_CANDIDATES,2022Q2,H3,conservative,STRICT,m2,2022-06-30,2022-04-30,2022-04-30,25,REGISTRY_LAG_PSEUDO_REAL_TIME,
ALL_AUDITED_CANDIDATES,2022Q2,H3,conservative,STRICT,household_deposits,2022-06-30,2022-04-30,,25,REGISTRY_LAG_PSEUDO_REAL_TIME,
ALL_AUDITED_CANDIDATES,2022Q2,H3,conservative,STRICT,corporate_deposits,2022-06-30,2022-04-30,,25,REGISTRY_LAG_PSEUDO_REAL_TIME,
ALL_AUDITED_CANDIDATES,2022Q2,H3,conservative,STRICT,household_credit,2022-06-30,2022-04-30,,25,REGISTRY_LAG_PSEUDO_REAL_TIME,
ALL_AUDITED_CANDIDATES,2022Q2,H3,conservative,STRICT,corporate_credit,2022-06-30,2022-04-30,,25,REGISTRY_LAG_PSEUDO_REAL_TIME,
ALL_AUDITED_CANDIDATES,2022Q2,H3,conservative,STRICT,fx_reserves_ex_gold,2022-06-30,2022-05-31,2022-05-31,7,REGISTRY_LAG_PSEUDO_REAL_TIME,
ALL_AUDITED_CANDIDATES,2022Q2,H3,conservative,STRICT,pos_turnover,2022-06-30,2022-04-30,2022-04-30,18,REGISTRY_LAG_PSEUDO_REAL_TIME,
ALL_AUDITED_CANDIDATES,2022Q2,H3,conservative,STRICT,instant_payments,2022-06-30,2022-04-30,2022-03-31,18,REGISTRY_LAG_PSEUDO_REAL_TIME,
ALL_AUDITED_CANDIDATES,2022Q2,H3,conservative,STRICT,interbank_payments,2022-06-30,2022-04-30,2020-06-30,18,REGISTRY_LAG_PSEUDO_REAL_TIME,
ALL_AUDITED_CANDIDATES,2022Q3,H1,standard,STRICT,industrial_production,2022-07-31,2022-05-31,2022-05-31,33,REGISTRY_LAG_PSEUDO_REAL_TIME,
ALL_AUDITED_CANDIDATES,2022Q3,H1,standard,STRICT,manufacturing,2022-07-31,2022-05-31,2022-05-31,33,REGISTRY_LAG_PSEUDO_REAL_TIME,
ALL_AUDITED_CANDIDATES,2022Q3,H1,standard,STRICT,mining,2022-07-31,2022-05-31,2022-05-31,33,REGISTRY_LAG_PSEUDO_REAL_TIME,
ALL_AUDITED_CANDIDATES,2022Q3,H1,standard,STRICT,electricity_gas,2022-07-31,2022-05-31,2022-05-31,33,REGISTRY_LAG_PSEUDO_REAL_TIME,
ALL_AUDITED_CANDIDATES,2022Q3,H1,standard,STRICT,construction,2022-07-31,2022-06-30,2022-06-30,27,REGISTRY_LAG_PSEUDO_REAL_TIME,
ALL_AUDITED_CANDIDATES,2022Q3,H1,standard,STRICT,retail_trade,2022-07-31,2022-06-30,2022-06-30,24,REGISTRY_LAG_PSEUDO_REAL_TIME,
ALL_AUDITED_CANDIDATES,2022Q3,H1,standard,STRICT,wholesale_trade,2022-07-31,2022-06-30,2022-06-30,24,REGISTRY_LAG_PSEUDO_REAL_TIME,
ALL_AUDITED_CANDIDATES,2022Q3,H1,standard,STRICT,cpi_headline,2022-07-31,2022-06-30,2022-06-30,5,REGISTRY_LAG_PSEUDO_REAL_TIME,
ALL_AUDITED_CANDIDATES,2022Q3,H1,standard,STRICT,cpi_food,2022-07-31,2022-06-30,2022-06-30,5,REGISTRY_LAG_PSEUDO_REAL_TIME,
ALL_AUDITED_CANDIDATES,2022Q3,H1,standard,STRICT,cpi_services,2022-07-31,2022-06-30,2022-06-30,5,REGISTRY_LAG_PSEUDO_REAL_TIME,
ALL_AUDITED_CANDIDATES,2022Q3,H1,standard,STRICT,ppi,2022-07-31,2022-06-30,2022-06-30,15,REGISTRY_LAG_PSEUDO_REAL_TIME,
ALL_AUDITED_CANDIDATES,2022Q3,H1,standard,STRICT,exports_total,2022-07-31,2022-06-30,2022-06-30,26,REGISTRY_LAG_PSEUDO_REAL_TIME,
ALL_AUDITED_CANDIDATES,2022Q3,H1,standard,STRICT,exports_non_gold,2022-07-31,2022-06-30,2022-06-30,26,REGISTRY_LAG_PSEUDO_REAL_TIME,
ALL_AUDITED_CANDIDATES,2022Q3,H1,standard,STRICT,imports_total,2022-07-31,2022-06-30,2022-06-30,26,REGISTRY_LAG_PSEUDO_REAL_TIME,
ALL_AUDITED_CANDIDATES,2022Q3,H1,standard,STRICT,gold_exports_proxy,2022-07-31,2022-06-30,2022-06-30,26,REGISTRY_LAG_PSEUDO_REAL_TIME,
ALL_AUDITED_CANDIDATES,2022Q3,H1,standard,STRICT,usd_uzs,2022-07-31,2022-07-31,2022-07-31,0,REGISTRY_LAG_PSEUDO_REAL_TIME,
ALL_AUDITED_CANDIDATES,2022Q3,H1,standard,STRICT,rub_uzs,2022-07-31,2022-07-31,2022-07-31,0,REGISTRY_LAG_PSEUDO_REAL_TIME,
ALL_AUDITED_CANDIDATES,2022Q3,H1,standard,STRICT,gold_price,2022-07-31,2022-06-30,2022-06-30,7,REGISTRY_LAG_PSEUDO_REAL_TIME,
ALL_AUDITED_CANDIDATES,2022Q3,H1,standard,STRICT,russia_ipi,2022-07-31,2022-06-30,,23,REGISTRY_LAG_PSEUDO_REAL_TIME,
ALL_AUDITED_CANDIDATES,2022Q3,H1,standard,STRICT,m2,2022-07-31,2022-06-30,2022-06-30,25,REGISTRY_LAG_PSEUDO_REAL_TIME,
ALL_AUDITED_CANDIDATES,2022Q3,H1,standard,STRICT,household_deposits,2022-07-31,2022-06-30,,25,REGISTRY_LAG_PSEUDO_REAL_TIME,
ALL_AUDITED_CANDIDATES,2022Q3,H1,standard,STRICT,corporate_deposits,2022-07-31,2022-06-30,,25,REGISTRY_LAG_PSEUDO_REAL_TIME,
ALL_AUDITED_CANDIDATES,2022Q3,H1,standard,STRICT,household_credit,2022-07-31,2022-06-30,,25,REGISTRY_LAG_PSEUDO_REAL_TIME,
ALL_AUDITED_CANDIDATES,2022Q3,H1,standard,STRICT,corporate_credit,2022-07-31,2022-06-30,,25,REGISTRY_LAG_PSEUDO_REAL_TIME,
ALL_AUDITED_CANDIDATES,2022Q3,H1,standard,STRICT,fx_reserves_ex_gold,2022-07-31,2022-06-30,2022-06-30,7,REGISTRY_LAG_PSEUDO_REAL_TIME,
ALL_AUDITED_CANDIDATES,2022Q3,H1,standard,STRICT,pos_turnover,2022-07-31,2022-06-30,2022-06-30,18,REGISTRY_LAG_PSEUDO_REAL_TIME,
ALL_AUDITED_CANDIDATES,2022Q3,H1,standard,STRICT,instant_payments,2022-07-31,2022-06-30,2022-06-30,18,REGISTRY_LAG_PSEUDO_REAL_TIME,
ALL_AUDITED_CANDIDATES,2022Q3,H1,standard,STRICT,interbank_payments,2022-07-31,2022-06-30,2020-06-30,18,REGISTRY_LAG_PSEUDO_REAL_TIME,
ALL_AUDITED_CANDIDATES,2022Q3,H1,conservative,STRICT,industrial_production,2022-07-31,2022-05-31,2022-05-31,33,REGISTRY_LAG_PSEUDO_REAL_TIME,
ALL_AUDITED_CANDIDATES,2022Q3,H1,conservative,STRICT,manufacturing,2022-07-31,2022-05-31,2022-05-31,33,REGISTRY_LAG_PSEUDO_REAL_TIME,
ALL_AUDITED_CANDIDATES,2022Q3,H1,conservative,STRICT,mining,2022-07-31,2022-05-31,2022-05-31,33,REGISTRY_LAG_PSEUDO_REAL_TIME,
ALL_AUDITED_CANDIDATES,2022Q3,H1,conservative,STRICT,electricity_gas,2022-07-31,2022-05-31,2022-05-31,33,REGISTRY_LAG_PSEUDO_REAL_TIME,
ALL_AUDITED_CANDIDATES,2022Q3,H1,conservative,STRICT,construction,2022-07-31,2022-05-31,2022-05-31,27,REGISTRY_LAG_PSEUDO_REAL_TIME,
ALL_AUDITED_CANDIDATES,2022Q3,H1,conservative,STRICT,retail_trade,2022-07-31,2022-05-31,2022-05-31,24,REGISTRY_LAG_PSEUDO_REAL_TIME,
ALL_AUDITED_CANDIDATES,2022Q3,H1,conservative,STRICT,wholesale_trade,2022-07-31,2022-05-31,2022-05-31,24,REGISTRY_LAG_PSEUDO_REAL_TIME,
ALL_AUDITED_CANDIDATES,2022Q3,H1,conservative,STRICT,cpi_headline,2022-07-31,2022-06-30,2022-06-30,5,REGISTRY_LAG_PSEUDO_REAL_TIME,
ALL_AUDITED_CANDIDATES,2022Q3,H1,conservative,STRICT,cpi_food,2022-07-31,2022-06-30,2022-06-30,5,REGISTRY_LAG_PSEUDO_REAL_TIME,
ALL_AUDITED_CANDIDATES,2022Q3,H1,conservative,STRICT,cpi_services,2022-07-31,2022-06-30,2022-06-30,5,REGISTRY_LAG_PSEUDO_REAL_TIME,
ALL_AUDITED_CANDIDATES,2022Q3,H1,conservative,STRICT,ppi,2022-07-31,2022-06-30,2022-06-30,15,REGISTRY_LAG_PSEUDO_REAL_TIME,
ALL_AUDITED_CANDIDATES,2022Q3,H1,conservative,STRICT,exports_total,2022-07-31,2022-05-31,2022-05-31,26,REGISTRY_LAG_PSEUDO_REAL_TIME,
ALL_AUDITED_CANDIDATES,2022Q3,H1,conservative,STRICT,exports_non_gold,2022-07-31,2022-05-31,2022-05-31,26,REGISTRY_LAG_PSEUDO_REAL_TIME,
ALL_AUDITED_CANDIDATES,2022Q3,H1,conservative,STRICT,imports_total,2022-07-31,2022-05-31,2022-05-31,26,REGISTRY_LAG_PSEUDO_REAL_TIME,
ALL_AUDITED_CANDIDATES,2022Q3,H1,conservative,STRICT,gold_exports_proxy,2022-07-31,2022-05-31,2022-05-31,26,REGISTRY_LAG_PSEUDO_REAL_TIME,
ALL_AUDITED_CANDIDATES,2022Q3,H1,conservative,STRICT,usd_uzs,2022-07-31,2022-06-30,2022-06-30,0,REGISTRY_LAG_PSEUDO_REAL_TIME,
ALL_AUDITED_CANDIDATES,2022Q3,H1,conservative,STRICT,rub_uzs,2022-07-31,2022-06-30,2022-06-30,0,REGISTRY_LAG_PSEUDO_REAL_TIME,
ALL_AUDITED_CANDIDATES,2022Q3,H1,conservative,STRICT,gold_price,2022-07-31,2022-06-30,2022-06-30,7,REGISTRY_LAG_PSEUDO_REAL_TIME,
ALL_AUDITED_CANDIDATES,2022Q3,H1,conservative,STRICT,russia_ipi,2022-07-31,2022-05-31,,23,REGISTRY_LAG_PSEUDO_REAL_TIME,
ALL_AUDITED_CANDIDATES,2022Q3,H1,conservative,STRICT,m2,2022-07-31,2022-05-31,2022-05-31,25,REGISTRY_LAG_PSEUDO_REAL_TIME,
ALL_AUDITED_CANDIDATES,2022Q3,H1,conservative,STRICT,household_deposits,2022-07-31,2022-05-31,,25,REGISTRY_LAG_PSEUDO_REAL_TIME,
ALL_AUDITED_CANDIDATES,2022Q3,H1,conservative,STRICT,corporate_deposits,2022-07-31,2022-05-31,,25,REGISTRY_LAG_PSEUDO_REAL_TIME,
ALL_AUDITED_CANDIDATES,2022Q3,H1,conservative,STRICT,household_credit,2022-07-31,2022-05-31,,25,REGISTRY_LAG_PSEUDO_REAL_TIME,
ALL_AUDITED_CANDIDATES,2022Q3,H1,conservative,STRICT,corporate_credit,2022-07-31,2022-05-31,,25,REGISTRY_LAG_PSEUDO_REAL_TIME,
ALL_AUDITED_CANDIDATES,2022Q3,H1,conservative,STRICT,fx_reserves_ex_gold,2022-07-31,2022-06-30,2022-06-30,7,REGISTRY_LAG_PSEUDO_REAL_TIME,
ALL_AUDITED_CANDIDATES,2022Q3,H1,conservative,STRICT,pos_turnover,2022-07-31,2022-05-31,2022-05-31,18,REGISTRY_LAG_PSEUDO_REAL_TIME,
ALL_AUDITED_CANDIDATES,2022Q3,H1,conservative,STRICT,instant_payments,2022-07-31,2022-05-31,2022-05-31,18,REGISTRY_LAG_PSEUDO_REAL_TIME,
ALL_AUDITED_CANDIDATES,2022Q3,H1,conservative,STRICT,interbank_payments,2022-07-31,2022-05-31,2020-06-30,18,REGISTRY_LAG_PSEUDO_REAL_TIME,
ALL_AUDITED_CANDIDATES,2022Q3,H2,standard,STRICT,industrial_production,2022-08-31,2022-06-30,2022-06-30,33,REGISTRY_LAG_PSEUDO_REAL_TIME,
ALL_AUDITED_CANDIDATES,2022Q3,H2,standard,STRICT,manufacturing,2022-08-31,2022-06-30,2022-06-30,33,REGISTRY_LAG_PSEUDO_REAL_TIME,
ALL_AUDITED_CANDIDATES,2022Q3,H2,standard,STRICT,mining,2022-08-31,2022-06-30,2022-06-30,33,REGISTRY_LAG_PSEUDO_REAL_TIME,
ALL_AUDITED_CANDIDATES,2022Q3,H2,standard,STRICT,electricity_gas,2022-08-31,2022-06-30,2022-06-30,33,REGISTRY_LAG_PSEUDO_REAL_TIME,
ALL_AUDITED_CANDIDATES,2022Q3,H2,standard,STRICT,construction,2022-08-31,2022-07-31,2022-07-31,27,REGISTRY_LAG_PSEUDO_REAL_TIME,
ALL_AUDITED_CANDIDATES,2022Q3,H2,standard,STRICT,retail_trade,2022-08-31,2022-07-31,2022-07-31,24,REGISTRY_LAG_PSEUDO_REAL_TIME,
ALL_AUDITED_CANDIDATES,2022Q3,H2,standard,STRICT,wholesale_trade,2022-08-31,2022-07-31,2022-07-31,24,REGISTRY_LAG_PSEUDO_REAL_TIME,
ALL_AUDITED_CANDIDATES,2022Q3,H2,standard,STRICT,cpi_headline,2022-08-31,2022-07-31,2022-07-31,5,REGISTRY_LAG_PSEUDO_REAL_TIME,
ALL_AUDITED_CANDIDATES,2022Q3,H2,standard,STRICT,cpi_food,2022-08-31,2022-07-31,2022-07-31,5,REGISTRY_LAG_PSEUDO_REAL_TIME,
ALL_AUDITED_CANDIDATES,2022Q3,H2,standard,STRICT,cpi_services,2022-08-31,2022-07-31,2022-07-31,5,REGISTRY_LAG_PSEUDO_REAL_TIME,
ALL_AUDITED_CANDIDATES,2022Q3,H2,standard,STRICT,ppi,2022-08-31,2022-07-31,2022-07-31,15,REGISTRY_LAG_PSEUDO_REAL_TIME,
ALL_AUDITED_CANDIDATES,2022Q3,H2,standard,STRICT,exports_total,2022-08-31,2022-07-31,2022-07-31,26,REGISTRY_LAG_PSEUDO_REAL_TIME,
ALL_AUDITED_CANDIDATES,2022Q3,H2,standard,STRICT,exports_non_gold,2022-08-31,2022-07-31,2022-07-31,26,REGISTRY_LAG_PSEUDO_REAL_TIME,
ALL_AUDITED_CANDIDATES,2022Q3,H2,standard,STRICT,imports_total,2022-08-31,2022-07-31,2022-07-31,26,REGISTRY_LAG_PSEUDO_REAL_TIME,
ALL_AUDITED_CANDIDATES,2022Q3,H2,standard,STRICT,gold_exports_proxy,2022-08-31,2022-07-31,2022-07-31,26,REGISTRY_LAG_PSEUDO_REAL_TIME,
ALL_AUDITED_CANDIDATES,2022Q3,H2,standard,STRICT,usd_uzs,2022-08-31,2022-08-31,2022-08-31,0,REGISTRY_LAG_PSEUDO_REAL_TIME,
ALL_AUDITED_CANDIDATES,2022Q3,H2,standard,STRICT,rub_uzs,2022-08-31,2022-08-31,2022-08-31,0,REGISTRY_LAG_PSEUDO_REAL_TIME,
ALL_AUDITED_CANDIDATES,2022Q3,H2,standard,STRICT,gold_price,2022-08-31,2022-07-31,2022-07-31,7,REGISTRY_LAG_PSEUDO_REAL_TIME,
ALL_AUDITED_CANDIDATES,2022Q3,H2,standard,STRICT,russia_ipi,2022-08-31,2022-07-31,,23,REGISTRY_LAG_PSEUDO_REAL_TIME,
ALL_AUDITED_CANDIDATES,2022Q3,H2,standard,STRICT,m2,2022-08-31,2022-07-31,2022-07-31,25,REGISTRY_LAG_PSEUDO_REAL_TIME,
ALL_AUDITED_CANDIDATES,2022Q3,H2,standard,STRICT,household_deposits,2022-08-31,2022-07-31,,25,REGISTRY_LAG_PSEUDO_REAL_TIME,
ALL_AUDITED_CANDIDATES,2022Q3,H2,standard,STRICT,corporate_deposits,2022-08-31,2022-07-31,,25,REGISTRY_LAG_PSEUDO_REAL_TIME,
ALL_AUDITED_CANDIDATES,2022Q3,H2,standard,STRICT,household_credit,2022-08-31,2022-07-31,,25,REGISTRY_LAG_PSEUDO_REAL_TIME,
ALL_AUDITED_CANDIDATES,2022Q3,H2,standard,STRICT,corporate_credit,2022-08-31,2022-07-31,,25,REGISTRY_LAG_PSEUDO_REAL_TIME,
ALL_AUDITED_CANDIDATES,2022Q3,H2,standard,STRICT,fx_reserves_ex_gold,2022-08-31,2022-07-31,2022-07-31,7,REGISTRY_LAG_PSEUDO_REAL_TIME,
ALL_AUDITED_CANDIDATES,2022Q3,H2,standard,STRICT,pos_turnover,2022-08-31,2022-07-31,2022-07-31,18,REGISTRY_LAG_PSEUDO_REAL_TIME,
ALL_AUDITED_CANDIDATES,2022Q3,H2,standard,STRICT,instant_payments,2022-08-31,2022-07-31,2022-07-31,18,REGISTRY_LAG_PSEUDO_REAL_TIME,
ALL_AUDITED_CANDIDATES,2022Q3,H2,standard,STRICT,interbank_payments,2022-08-31,2022-07-31,2020-06-30,18,REGISTRY_LAG_PSEUDO_REAL_TIME,
ALL_AUDITED_CANDIDATES,2022Q3,H2,conservative,STRICT,industrial_production,2022-08-31,2022-06-30,2022-06-30,33,REGISTRY_LAG_PSEUDO_REAL_TIME,
ALL_AUDITED_CANDIDATES,2022Q3,H2,conservative,STRICT,manufacturing,2022-08-31,2022-06-30,2022-06-30,33,REGISTRY_LAG_PSEUDO_REAL_TIME,
ALL_AUDITED_CANDIDATES,2022Q3,H2,conservative,STRICT,mining,2022-08-31,2022-06-30,2022-06-30,33,REGISTRY_LAG_PSEUDO_REAL_TIME,
ALL_AUDITED_CANDIDATES,2022Q3,H2,conservative,STRICT,electricity_gas,2022-08-31,2022-06-30,2022-06-30,33,REGISTRY_LAG_PSEUDO_REAL_TIME,
ALL_AUDITED_CANDIDATES,2022Q3,H2,conservative,STRICT,construction,2022-08-31,2022-06-30,2022-06-30,27,REGISTRY_LAG_PSEUDO_REAL_TIME,
ALL_AUDITED_CANDIDATES,2022Q3,H2,conservative,STRICT,retail_trade,2022-08-31,2022-06-30,2022-06-30,24,REGISTRY_LAG_PSEUDO_REAL_TIME,
ALL_AUDITED_CANDIDATES,2022Q3,H2,conservative,STRICT,wholesale_trade,2022-08-31,2022-06-30,2022-06-30,24,REGISTRY_LAG_PSEUDO_REAL_TIME,
ALL_AUDITED_CANDIDATES,2022Q3,H2,conservative,STRICT,cpi_headline,2022-08-31,2022-07-31,2022-07-31,5,REGISTRY_LAG_PSEUDO_REAL_TIME,
ALL_AUDITED_CANDIDATES,2022Q3,H2,conservative,STRICT,cpi_food,2022-08-31,2022-07-31,2022-07-31,5,REGISTRY_LAG_PSEUDO_REAL_TIME,
ALL_AUDITED_CANDIDATES,2022Q3,H2,conservative,STRICT,cpi_services,2022-08-31,2022-07-31,2022-07-31,5,REGISTRY_LAG_PSEUDO_REAL_TIME,
ALL_AUDITED_CANDIDATES,2022Q3,H2,conservative,STRICT,ppi,2022-08-31,2022-07-31,2022-07-31,15,REGISTRY_LAG_PSEUDO_REAL_TIME,
ALL_AUDITED_CANDIDATES,2022Q3,H2,conservative,STRICT,exports_total,2022-08-31,2022-06-30,2022-06-30,26,REGISTRY_LAG_PSEUDO_REAL_TIME,
ALL_AUDITED_CANDIDATES,2022Q3,H2,conservative,STRICT,exports_non_gold,2022-08-31,2022-06-30,2022-06-30,26,REGISTRY_LAG_PSEUDO_REAL_TIME,
ALL_AUDITED_CANDIDATES,2022Q3,H2,conservative,STRICT,imports_total,2022-08-31,2022-06-30,2022-06-30,26,REGISTRY_LAG_PSEUDO_REAL_TIME,
ALL_AUDITED_CANDIDATES,2022Q3,H2,conservative,STRICT,gold_exports_proxy,2022-08-31,2022-06-30,2022-06-30,26,REGISTRY_LAG_PSEUDO_REAL_TIME,
ALL_AUDITED_CANDIDATES,2022Q3,H2,conservative,STRICT,usd_uzs,2022-08-31,2022-07-31,2022-07-31,0,REGISTRY_LAG_PSEUDO_REAL_TIME,
ALL_AUDITED_CANDIDATES,2022Q3,H2,conservative,STRICT,rub_uzs,2022-08-31,2022-07-31,2022-07-31,0,REGISTRY_LAG_PSEUDO_REAL_TIME,
ALL_AUDITED_CANDIDATES,2022Q3,H2,conservative,STRICT,gold_price,2022-08-31,2022-07-31,2022-07-31,7,REGISTRY_LAG_PSEUDO_REAL_TIME,
ALL_AUDITED_CANDIDATES,2022Q3,H2,conservative,STRICT,russia_ipi,2022-08-31,2022-06-30,,23,REGISTRY_LAG_PSEUDO_REAL_TIME,
ALL_AUDITED_CANDIDATES,2022Q3,H2,conservative,STRICT,m2,2022-08-31,2022-06-30,2022-06-30,25,REGISTRY_LAG_PSEUDO_REAL_TIME,
ALL_AUDITED_CANDIDATES,2022Q3,H2,conservative,STRICT,household_deposits,2022-08-31,2022-06-30,,25,REGISTRY_LAG_PSEUDO_REAL_TIME,
ALL_AUDITED_CANDIDATES,2022Q3,H2,conservative,STRICT,corporate_deposits,2022-08-31,2022-06-30,,25,REGISTRY_LAG_PSEUDO_REAL_TIME,
ALL_AUDITED_CANDIDATES,2022Q3,H2,conservative,STRICT,household_credit,2022-08-31,2022-06-30,,25,REGISTRY_LAG_PSEUDO_REAL_TIME,
ALL_AUDITED_CANDIDATES,2022Q3,H2,conservative,STRICT,corporate_credit,2022-08-31,2022-06-30,,25,REGISTRY_LAG_PSEUDO_REAL_TIME,
ALL_AUDITED_CANDIDATES,2022Q3,H2,conservative,STRICT,fx_reserves_ex_gold,2022-08-31,2022-07-31,2022-07-31,7,REGISTRY_LAG_PSEUDO_REAL_TIME,
ALL_AUDITED_CANDIDATES,2022Q3,H2,conservative,STRICT,pos_turnover,2022-08-31,2022-06-30,2022-06-30,18,REGISTRY_LAG_PSEUDO_REAL_TIME,
ALL_AUDITED_CANDIDATES,2022Q3,H2,conservative,STRICT,instant_payments,2022-08-31,2022-06-30,2022-06-30,18,REGISTRY_LAG_PSEUDO_REAL_TIME,
ALL_AUDITED_CANDIDATES,2022Q3,H2,conservative,STRICT,interbank_payments,2022-08-31,2022-06-30,2020-06-30,18,REGISTRY_LAG_PSEUDO_REAL_TIME,
ALL_AUDITED_CANDIDATES,2022Q3,H3,standard,STRICT,industrial_production,2022-09-30,2022-07-31,2022-07-31,33,REGISTRY_LAG_PSEUDO_REAL_TIME,
ALL_AUDITED_CANDIDATES,2022Q3,H3,standard,STRICT,manufacturing,2022-09-30,2022-07-31,2022-07-31,33,REGISTRY_LAG_PSEUDO_REAL_TIME,
ALL_AUDITED_CANDIDATES,2022Q3,H3,standard,STRICT,mining,2022-09-30,2022-07-31,2022-07-31,33,REGISTRY_LAG_PSEUDO_REAL_TIME,
ALL_AUDITED_CANDIDATES,2022Q3,H3,standard,STRICT,electricity_gas,2022-09-30,2022-07-31,2022-07-31,33,REGISTRY_LAG_PSEUDO_REAL_TIME,
ALL_AUDITED_CANDIDATES,2022Q3,H3,standard,STRICT,construction,2022-09-30,2022-08-31,2022-08-31,27,REGISTRY_LAG_PSEUDO_REAL_TIME,
ALL_AUDITED_CANDIDATES,2022Q3,H3,standard,STRICT,retail_trade,2022-09-30,2022-08-31,2022-08-31,24,REGISTRY_LAG_PSEUDO_REAL_TIME,
ALL_AUDITED_CANDIDATES,2022Q3,H3,standard,STRICT,wholesale_trade,2022-09-30,2022-08-31,2022-08-31,24,REGISTRY_LAG_PSEUDO_REAL_TIME,
ALL_AUDITED_CANDIDATES,2022Q3,H3,standard,STRICT,cpi_headline,2022-09-30,2022-08-31,2022-08-31,5,REGISTRY_LAG_PSEUDO_REAL_TIME,
ALL_AUDITED_CANDIDATES,2022Q3,H3,standard,STRICT,cpi_food,2022-09-30,2022-08-31,2022-08-31,5,REGISTRY_LAG_PSEUDO_REAL_TIME,
ALL_AUDITED_CANDIDATES,2022Q3,H3,standard,STRICT,cpi_services,2022-09-30,2022-08-31,2022-08-31,5,REGISTRY_LAG_PSEUDO_REAL_TIME,
ALL_AUDITED_CANDIDATES,2022Q3,H3,standard,STRICT,ppi,2022-09-30,2022-08-31,2022-08-31,15,REGISTRY_LAG_PSEUDO_REAL_TIME,
ALL_AUDITED_CANDIDATES,2022Q3,H3,standard,STRICT,exports_total,2022-09-30,2022-08-31,2022-08-31,26,REGISTRY_LAG_PSEUDO_REAL_TIME,
ALL_AUDITED_CANDIDATES,2022Q3,H3,standard,STRICT,exports_non_gold,2022-09-30,2022-08-31,2022-08-31,26,REGISTRY_LAG_PSEUDO_REAL_TIME,
ALL_AUDITED_CANDIDATES,2022Q3,H3,standard,STRICT,imports_total,2022-09-30,2022-08-31,2022-08-31,26,REGISTRY_LAG_PSEUDO_REAL_TIME,
ALL_AUDITED_CANDIDATES,2022Q3,H3,standard,STRICT,gold_exports_proxy,2022-09-30,2022-08-31,2022-08-31,26,REGISTRY_LAG_PSEUDO_REAL_TIME,
ALL_AUDITED_CANDIDATES,2022Q3,H3,standard,STRICT,usd_uzs,2022-09-30,2022-09-30,2022-09-30,0,REGISTRY_LAG_PSEUDO_REAL_TIME,
ALL_AUDITED_CANDIDATES,2022Q3,H3,standard,STRICT,rub_uzs,2022-09-30,2022-09-30,2022-09-30,0,REGISTRY_LAG_PSEUDO_REAL_TIME,
ALL_AUDITED_CANDIDATES,2022Q3,H3,standard,STRICT,gold_price,2022-09-30,2022-08-31,2022-08-31,7,REGISTRY_LAG_PSEUDO_REAL_TIME,
ALL_AUDITED_CANDIDATES,2022Q3,H3,standard,STRICT,russia_ipi,2022-09-30,2022-08-31,,23,REGISTRY_LAG_PSEUDO_REAL_TIME,
ALL_AUDITED_CANDIDATES,2022Q3,H3,standard,STRICT,m2,2022-09-30,2022-08-31,2022-08-31,25,REGISTRY_LAG_PSEUDO_REAL_TIME,
ALL_AUDITED_CANDIDATES,2022Q3,H3,standard,STRICT,household_deposits,2022-09-30,2022-08-31,,25,REGISTRY_LAG_PSEUDO_REAL_TIME,
ALL_AUDITED_CANDIDATES,2022Q3,H3,standard,STRICT,corporate_deposits,2022-09-30,2022-08-31,,25,REGISTRY_LAG_PSEUDO_REAL_TIME,
ALL_AUDITED_CANDIDATES,2022Q3,H3,standard,STRICT,household_credit,2022-09-30,2022-08-31,,25,REGISTRY_LAG_PSEUDO_REAL_TIME,
ALL_AUDITED_CANDIDATES,2022Q3,H3,standard,STRICT,corporate_credit,2022-09-30,2022-08-31,,25,REGISTRY_LAG_PSEUDO_REAL_TIME,
ALL_AUDITED_CANDIDATES,2022Q3,H3,standard,STRICT,fx_reserves_ex_gold,2022-09-30,2022-08-31,2022-08-31,7,REGISTRY_LAG_PSEUDO_REAL_TIME,
ALL_AUDITED_CANDIDATES,2022Q3,H3,standard,STRICT,pos_turnover,2022-09-30,2022-08-31,2022-08-31,18,REGISTRY_LAG_PSEUDO_REAL_TIME,
ALL_AUDITED_CANDIDATES,2022Q3,H3,standard,STRICT,instant_payments,2022-09-30,2022-08-31,2022-08-31,18,REGISTRY_LAG_PSEUDO_REAL_TIME,
ALL_AUDITED_CANDIDATES,2022Q3,H3,standard,STRICT,interbank_payments,2022-09-30,2022-08-31,2020-06-30,18,REGISTRY_LAG_PSEUDO_REAL_TIME,
ALL_AUDITED_CANDIDATES,2022Q3,H3,conservative,STRICT,industrial_production,2022-09-30,2022-07-31,2022-07-31,33,REGISTRY_LAG_PSEUDO_REAL_TIME,
ALL_AUDITED_CANDIDATES,2022Q3,H3,conservative,STRICT,manufacturing,2022-09-30,2022-07-31,2022-07-31,33,REGISTRY_LAG_PSEUDO_REAL_TIME,
ALL_AUDITED_CANDIDATES,2022Q3,H3,conservative,STRICT,mining,2022-09-30,2022-07-31,2022-07-31,33,REGISTRY_LAG_PSEUDO_REAL_TIME,
ALL_AUDITED_CANDIDATES,2022Q3,H3,conservative,STRICT,electricity_gas,2022-09-30,2022-07-31,2022-07-31,33,REGISTRY_LAG_PSEUDO_REAL_TIME,
ALL_AUDITED_CANDIDATES,2022Q3,H3,conservative,STRICT,construction,2022-09-30,2022-07-31,2022-07-31,27,REGISTRY_LAG_PSEUDO_REAL_TIME,
ALL_AUDITED_CANDIDATES,2022Q3,H3,conservative,STRICT,retail_trade,2022-09-30,2022-07-31,2022-07-31,24,REGISTRY_LAG_PSEUDO_REAL_TIME,
ALL_AUDITED_CANDIDATES,2022Q3,H3,conservative,STRICT,wholesale_trade,2022-09-30,2022-07-31,2022-07-31,24,REGISTRY_LAG_PSEUDO_REAL_TIME,
ALL_AUDITED_CANDIDATES,2022Q3,H3,conservative,STRICT,cpi_headline,2022-09-30,2022-08-31,2022-08-31,5,REGISTRY_LAG_PSEUDO_REAL_TIME,
ALL_AUDITED_CANDIDATES,2022Q3,H3,conservative,STRICT,cpi_food,2022-09-30,2022-08-31,2022-08-31,5,REGISTRY_LAG_PSEUDO_REAL_TIME,
ALL_AUDITED_CANDIDATES,2022Q3,H3,conservative,STRICT,cpi_services,2022-09-30,2022-08-31,2022-08-31,5,REGISTRY_LAG_PSEUDO_REAL_TIME,
ALL_AUDITED_CANDIDATES,2022Q3,H3,conservative,STRICT,ppi,2022-09-30,2022-08-31,2022-08-31,15,REGISTRY_LAG_PSEUDO_REAL_TIME,
ALL_AUDITED_CANDIDATES,2022Q3,H3,conservative,STRICT,exports_total,2022-09-30,2022-07-31,2022-07-31,26,REGISTRY_LAG_PSEUDO_REAL_TIME,
ALL_AUDITED_CANDIDATES,2022Q3,H3,conservative,STRICT,exports_non_gold,2022-09-30,2022-07-31,2022-07-31,26,REGISTRY_LAG_PSEUDO_REAL_TIME,
ALL_AUDITED_CANDIDATES,2022Q3,H3,conservative,STRICT,imports_total,2022-09-30,2022-07-31,2022-07-31,26,REGISTRY_LAG_PSEUDO_REAL_TIME,
ALL_AUDITED_CANDIDATES,2022Q3,H3,conservative,STRICT,gold_exports_proxy,2022-09-30,2022-07-31,2022-07-31,26,REGISTRY_LAG_PSEUDO_REAL_TIME,
ALL_AUDITED_CANDIDATES,2022Q3,H3,conservative,STRICT,usd_uzs,2022-09-30,2022-08-31,2022-08-31,0,REGISTRY_LAG_PSEUDO_REAL_TIME,
ALL_AUDITED_CANDIDATES,2022Q3,H3,conservative,STRICT,rub_uzs,2022-09-30,2022-08-31,2022-08-31,0,REGISTRY_LAG_PSEUDO_REAL_TIME,
ALL_AUDITED_CANDIDATES,2022Q3,H3,conservative,STRICT,gold_price,2022-09-30,2022-08-31,2022-08-31,7,REGISTRY_LAG_PSEUDO_REAL_TIME,
ALL_AUDITED_CANDIDATES,2022Q3,H3,conservative,STRICT,russia_ipi,2022-09-30,2022-07-31,,23,REGISTRY_LAG_PSEUDO_REAL_TIME,
ALL_AUDITED_CANDIDATES,2022Q3,H3,conservative,STRICT,m2,2022-09-30,2022-07-31,2022-07-31,25,REGISTRY_LAG_PSEUDO_REAL_TIME,
ALL_AUDITED_CANDIDATES,2022Q3,H3,conservative,STRICT,household_deposits,2022-09-30,2022-07-31,,25,REGISTRY_LAG_PSEUDO_REAL_TIME,
ALL_AUDITED_CANDIDATES,2022Q3,H3,conservative,STRICT,corporate_deposits,2022-09-30,2022-07-31,,25,REGISTRY_LAG_PSEUDO_REAL_TIME,
ALL_AUDITED_CANDIDATES,2022Q3,H3,conservative,STRICT,household_credit,2022-09-30,2022-07-31,,25,REGISTRY_LAG_PSEUDO_REAL_TIME,
ALL_AUDITED_CANDIDATES,2022Q3,H3,conservative,STRICT,corporate_credit,2022-09-30,2022-07-31,,25,REGISTRY_LAG_PSEUDO_REAL_TIME,
ALL_AUDITED_CANDIDATES,2022Q3,H3,conservative,STRICT,fx_reserves_ex_gold,2022-09-30,2022-08-31,2022-08-31,7,REGISTRY_LAG_PSEUDO_REAL_TIME,
ALL_AUDITED_CANDIDATES,2022Q3,H3,conservative,STRICT,pos_turnover,2022-09-30,2022-07-31,2022-07-31,18,REGISTRY_LAG_PSEUDO_REAL_TIME,
ALL_AUDITED_CANDIDATES,2022Q3,H3,conservative,STRICT,instant_payments,2022-09-30,2022-07-31,2022-07-31,18,REGISTRY_LAG_PSEUDO_REAL_TIME,
ALL_AUDITED_CANDIDATES,2022Q3,H3,conservative,STRICT,interbank_payments,2022-09-30,2022-07-31,2020-06-30,18,REGISTRY_LAG_PSEUDO_REAL_TIME,
ALL_AUDITED_CANDIDATES,2022Q4,H1,standard,STRICT,industrial_production,2022-10-31,2022-08-31,2022-08-31,33,REGISTRY_LAG_PSEUDO_REAL_TIME,
ALL_AUDITED_CANDIDATES,2022Q4,H1,standard,STRICT,manufacturing,2022-10-31,2022-08-31,2022-08-31,33,REGISTRY_LAG_PSEUDO_REAL_TIME,
ALL_AUDITED_CANDIDATES,2022Q4,H1,standard,STRICT,mining,2022-10-31,2022-08-31,2022-08-31,33,REGISTRY_LAG_PSEUDO_REAL_TIME,
ALL_AUDITED_CANDIDATES,2022Q4,H1,standard,STRICT,electricity_gas,2022-10-31,2022-08-31,2022-08-31,33,REGISTRY_LAG_PSEUDO_REAL_TIME,
ALL_AUDITED_CANDIDATES,2022Q4,H1,standard,STRICT,construction,2022-10-31,2022-09-30,2022-09-30,27,REGISTRY_LAG_PSEUDO_REAL_TIME,
ALL_AUDITED_CANDIDATES,2022Q4,H1,standard,STRICT,retail_trade,2022-10-31,2022-09-30,2022-09-30,24,REGISTRY_LAG_PSEUDO_REAL_TIME,
ALL_AUDITED_CANDIDATES,2022Q4,H1,standard,STRICT,wholesale_trade,2022-10-31,2022-09-30,2022-09-30,24,REGISTRY_LAG_PSEUDO_REAL_TIME,
ALL_AUDITED_CANDIDATES,2022Q4,H1,standard,STRICT,cpi_headline,2022-10-31,2022-09-30,2022-09-30,5,REGISTRY_LAG_PSEUDO_REAL_TIME,
ALL_AUDITED_CANDIDATES,2022Q4,H1,standard,STRICT,cpi_food,2022-10-31,2022-09-30,2022-09-30,5,REGISTRY_LAG_PSEUDO_REAL_TIME,
ALL_AUDITED_CANDIDATES,2022Q4,H1,standard,STRICT,cpi_services,2022-10-31,2022-09-30,2022-09-30,5,REGISTRY_LAG_PSEUDO_REAL_TIME,
ALL_AUDITED_CANDIDATES,2022Q4,H1,standard,STRICT,ppi,2022-10-31,2022-09-30,2022-09-30,15,REGISTRY_LAG_PSEUDO_REAL_TIME,
ALL_AUDITED_CANDIDATES,2022Q4,H1,standard,STRICT,exports_total,2022-10-31,2022-09-30,2022-09-30,26,REGISTRY_LAG_PSEUDO_REAL_TIME,
ALL_AUDITED_CANDIDATES,2022Q4,H1,standard,STRICT,exports_non_gold,2022-10-31,2022-09-30,2022-09-30,26,REGISTRY_LAG_PSEUDO_REAL_TIME,
ALL_AUDITED_CANDIDATES,2022Q4,H1,standard,STRICT,imports_total,2022-10-31,2022-09-30,2022-09-30,26,REGISTRY_LAG_PSEUDO_REAL_TIME,
ALL_AUDITED_CANDIDATES,2022Q4,H1,standard,STRICT,gold_exports_proxy,2022-10-31,2022-09-30,2022-09-30,26,REGISTRY_LAG_PSEUDO_REAL_TIME,
ALL_AUDITED_CANDIDATES,2022Q4,H1,standard,STRICT,usd_uzs,2022-10-31,2022-10-31,2022-10-31,0,REGISTRY_LAG_PSEUDO_REAL_TIME,
ALL_AUDITED_CANDIDATES,2022Q4,H1,standard,STRICT,rub_uzs,2022-10-31,2022-10-31,2022-10-31,0,REGISTRY_LAG_PSEUDO_REAL_TIME,
ALL_AUDITED_CANDIDATES,2022Q4,H1,standard,STRICT,gold_price,2022-10-31,2022-09-30,2022-09-30,7,REGISTRY_LAG_PSEUDO_REAL_TIME,
ALL_AUDITED_CANDIDATES,2022Q4,H1,standard,STRICT,russia_ipi,2022-10-31,2022-09-30,,23,REGISTRY_LAG_PSEUDO_REAL_TIME,
ALL_AUDITED_CANDIDATES,2022Q4,H1,standard,STRICT,m2,2022-10-31,2022-09-30,2022-09-30,25,REGISTRY_LAG_PSEUDO_REAL_TIME,
ALL_AUDITED_CANDIDATES,2022Q4,H1,standard,STRICT,household_deposits,2022-10-31,2022-09-30,,25,REGISTRY_LAG_PSEUDO_REAL_TIME,
ALL_AUDITED_CANDIDATES,2022Q4,H1,standard,STRICT,corporate_deposits,2022-10-31,2022-09-30,,25,REGISTRY_LAG_PSEUDO_REAL_TIME,
ALL_AUDITED_CANDIDATES,2022Q4,H1,standard,STRICT,household_credit,2022-10-31,2022-09-30,,25,REGISTRY_LAG_PSEUDO_REAL_TIME,
ALL_AUDITED_CANDIDATES,2022Q4,H1,standard,STRICT,corporate_credit,2022-10-31,2022-09-30,,25,REGISTRY_LAG_PSEUDO_REAL_TIME,
ALL_AUDITED_CANDIDATES,2022Q4,H1,standard,STRICT,fx_reserves_ex_gold,2022-10-31,2022-09-30,2022-09-30,7,REGISTRY_LAG_PSEUDO_REAL_TIME,
ALL_AUDITED_CANDIDATES,2022Q4,H1,standard,STRICT,pos_turnover,2022-10-31,2022-09-30,2022-09-30,18,REGISTRY_LAG_PSEUDO_REAL_TIME,
ALL_AUDITED_CANDIDATES,2022Q4,H1,standard,STRICT,instant_payments,2022-10-31,2022-09-30,2022-08-31,18,REGISTRY_LAG_PSEUDO_REAL_TIME,
ALL_AUDITED_CANDIDATES,2022Q4,H1,standard,STRICT,interbank_payments,2022-10-31,2022-09-30,2020-06-30,18,REGISTRY_LAG_PSEUDO_REAL_TIME,
ALL_AUDITED_CANDIDATES,2022Q4,H1,conservative,STRICT,industrial_production,2022-10-31,2022-08-31,2022-08-31,33,REGISTRY_LAG_PSEUDO_REAL_TIME,
ALL_AUDITED_CANDIDATES,2022Q4,H1,conservative,STRICT,manufacturing,2022-10-31,2022-08-31,2022-08-31,33,REGISTRY_LAG_PSEUDO_REAL_TIME,
ALL_AUDITED_CANDIDATES,2022Q4,H1,conservative,STRICT,mining,2022-10-31,2022-08-31,2022-08-31,33,REGISTRY_LAG_PSEUDO_REAL_TIME,
ALL_AUDITED_CANDIDATES,2022Q4,H1,conservative,STRICT,electricity_gas,2022-10-31,2022-08-31,2022-08-31,33,REGISTRY_LAG_PSEUDO_REAL_TIME,
ALL_AUDITED_CANDIDATES,2022Q4,H1,conservative,STRICT,construction,2022-10-31,2022-08-31,2022-08-31,27,REGISTRY_LAG_PSEUDO_REAL_TIME,
ALL_AUDITED_CANDIDATES,2022Q4,H1,conservative,STRICT,retail_trade,2022-10-31,2022-08-31,2022-08-31,24,REGISTRY_LAG_PSEUDO_REAL_TIME,
ALL_AUDITED_CANDIDATES,2022Q4,H1,conservative,STRICT,wholesale_trade,2022-10-31,2022-08-31,2022-08-31,24,REGISTRY_LAG_PSEUDO_REAL_TIME,
ALL_AUDITED_CANDIDATES,2022Q4,H1,conservative,STRICT,cpi_headline,2022-10-31,2022-09-30,2022-09-30,5,REGISTRY_LAG_PSEUDO_REAL_TIME,
ALL_AUDITED_CANDIDATES,2022Q4,H1,conservative,STRICT,cpi_food,2022-10-31,2022-09-30,2022-09-30,5,REGISTRY_LAG_PSEUDO_REAL_TIME,
ALL_AUDITED_CANDIDATES,2022Q4,H1,conservative,STRICT,cpi_services,2022-10-31,2022-09-30,2022-09-30,5,REGISTRY_LAG_PSEUDO_REAL_TIME,
ALL_AUDITED_CANDIDATES,2022Q4,H1,conservative,STRICT,ppi,2022-10-31,2022-09-30,2022-09-30,15,REGISTRY_LAG_PSEUDO_REAL_TIME,
ALL_AUDITED_CANDIDATES,2022Q4,H1,conservative,STRICT,exports_total,2022-10-31,2022-08-31,2022-08-31,26,REGISTRY_LAG_PSEUDO_REAL_TIME,
ALL_AUDITED_CANDIDATES,2022Q4,H1,conservative,STRICT,exports_non_gold,2022-10-31,2022-08-31,2022-08-31,26,REGISTRY_LAG_PSEUDO_REAL_TIME,
ALL_AUDITED_CANDIDATES,2022Q4,H1,conservative,STRICT,imports_total,2022-10-31,2022-08-31,2022-08-31,26,REGISTRY_LAG_PSEUDO_REAL_TIME,
ALL_AUDITED_CANDIDATES,2022Q4,H1,conservative,STRICT,gold_exports_proxy,2022-10-31,2022-08-31,2022-08-31,26,REGISTRY_LAG_PSEUDO_REAL_TIME,
ALL_AUDITED_CANDIDATES,2022Q4,H1,conservative,STRICT,usd_uzs,2022-10-31,2022-09-30,2022-09-30,0,REGISTRY_LAG_PSEUDO_REAL_TIME,
ALL_AUDITED_CANDIDATES,2022Q4,H1,conservative,STRICT,rub_uzs,2022-10-31,2022-09-30,2022-09-30,0,REGISTRY_LAG_PSEUDO_REAL_TIME,
ALL_AUDITED_CANDIDATES,2022Q4,H1,conservative,STRICT,gold_price,2022-10-31,2022-09-30,2022-09-30,7,REGISTRY_LAG_PSEUDO_REAL_TIME,
ALL_AUDITED_CANDIDATES,2022Q4,H1,conservative,STRICT,russia_ipi,2022-10-31,2022-08-31,,23,REGISTRY_LAG_PSEUDO_REAL_TIME,
ALL_AUDITED_CANDIDATES,2022Q4,H1,conservative,STRICT,m2,2022-10-31,2022-08-31,2022-08-31,25,REGISTRY_LAG_PSEUDO_REAL_TIME,
ALL_AUDITED_CANDIDATES,2022Q4,H1,conservative,STRICT,household_deposits,2022-10-31,2022-08-31,,25,REGISTRY_LAG_PSEUDO_REAL_TIME,
ALL_AUDITED_CANDIDATES,2022Q4,H1,conservative,STRICT,corporate_deposits,2022-10-31,2022-08-31,,25,REGISTRY_LAG_PSEUDO_REAL_TIME,
ALL_AUDITED_CANDIDATES,2022Q4,H1,conservative,STRICT,household_credit,2022-10-31,2022-08-31,,25,REGISTRY_LAG_PSEUDO_REAL_TIME,
ALL_AUDITED_CANDIDATES,2022Q4,H1,conservative,STRICT,corporate_credit,2022-10-31,2022-08-31,,25,REGISTRY_LAG_PSEUDO_REAL_TIME,
ALL_AUDITED_CANDIDATES,2022Q4,H1,conservative,STRICT,fx_reserves_ex_gold,2022-10-31,2022-09-30,2022-09-30,7,REGISTRY_LAG_PSEUDO_REAL_TIME,
ALL_AUDITED_CANDIDATES,2022Q4,H1,conservative,STRICT,pos_turnover,2022-10-31,2022-08-31,2022-08-31,18,REGISTRY_LAG_PSEUDO_REAL_TIME,
ALL_AUDITED_CANDIDATES,2022Q4,H1,conservative,STRICT,instant_payments,2022-10-31,2022-08-31,2022-08-31,18,REGISTRY_LAG_PSEUDO_REAL_TIME,
ALL_AUDITED_CANDIDATES,2022Q4,H1,conservative,STRICT,interbank_payments,2022-10-31,2022-08-31,2020-06-30,18,REGISTRY_LAG_PSEUDO_REAL_TIME,
ALL_AUDITED_CANDIDATES,2022Q4,H2,standard,STRICT,industrial_production,2022-11-30,2022-09-30,2022-09-30,33,REGISTRY_LAG_PSEUDO_REAL_TIME,
ALL_AUDITED_CANDIDATES,2022Q4,H2,standard,STRICT,manufacturing,2022-11-30,2022-09-30,2022-09-30,33,REGISTRY_LAG_PSEUDO_REAL_TIME,
ALL_AUDITED_CANDIDATES,2022Q4,H2,standard,STRICT,mining,2022-11-30,2022-09-30,2022-09-30,33,REGISTRY_LAG_PSEUDO_REAL_TIME,
ALL_AUDITED_CANDIDATES,2022Q4,H2,standard,STRICT,electricity_gas,2022-11-30,2022-09-30,2022-09-30,33,REGISTRY_LAG_PSEUDO_REAL_TIME,
ALL_AUDITED_CANDIDATES,2022Q4,H2,standard,STRICT,construction,2022-11-30,2022-10-31,2022-10-31,27,REGISTRY_LAG_PSEUDO_REAL_TIME,
ALL_AUDITED_CANDIDATES,2022Q4,H2,standard,STRICT,retail_trade,2022-11-30,2022-10-31,2022-10-31,24,REGISTRY_LAG_PSEUDO_REAL_TIME,
ALL_AUDITED_CANDIDATES,2022Q4,H2,standard,STRICT,wholesale_trade,2022-11-30,2022-10-31,2022-10-31,24,REGISTRY_LAG_PSEUDO_REAL_TIME,
ALL_AUDITED_CANDIDATES,2022Q4,H2,standard,STRICT,cpi_headline,2022-11-30,2022-10-31,2022-10-31,5,REGISTRY_LAG_PSEUDO_REAL_TIME,
ALL_AUDITED_CANDIDATES,2022Q4,H2,standard,STRICT,cpi_food,2022-11-30,2022-10-31,2022-10-31,5,REGISTRY_LAG_PSEUDO_REAL_TIME,
ALL_AUDITED_CANDIDATES,2022Q4,H2,standard,STRICT,cpi_services,2022-11-30,2022-10-31,2022-10-31,5,REGISTRY_LAG_PSEUDO_REAL_TIME,
ALL_AUDITED_CANDIDATES,2022Q4,H2,standard,STRICT,ppi,2022-11-30,2022-10-31,2022-10-31,15,REGISTRY_LAG_PSEUDO_REAL_TIME,
ALL_AUDITED_CANDIDATES,2022Q4,H2,standard,STRICT,exports_total,2022-11-30,2022-10-31,2022-10-31,26,REGISTRY_LAG_PSEUDO_REAL_TIME,
ALL_AUDITED_CANDIDATES,2022Q4,H2,standard,STRICT,exports_non_gold,2022-11-30,2022-10-31,2022-10-31,26,REGISTRY_LAG_PSEUDO_REAL_TIME,
ALL_AUDITED_CANDIDATES,2022Q4,H2,standard,STRICT,imports_total,2022-11-30,2022-10-31,2022-10-31,26,REGISTRY_LAG_PSEUDO_REAL_TIME,
ALL_AUDITED_CANDIDATES,2022Q4,H2,standard,STRICT,gold_exports_proxy,2022-11-30,2022-10-31,2022-10-31,26,REGISTRY_LAG_PSEUDO_REAL_TIME,
ALL_AUDITED_CANDIDATES,2022Q4,H2,standard,STRICT,usd_uzs,2022-11-30,2022-11-30,2022-11-30,0,REGISTRY_LAG_PSEUDO_REAL_TIME,
ALL_AUDITED_CANDIDATES,2022Q4,H2,standard,STRICT,rub_uzs,2022-11-30,2022-11-30,2022-11-30,0,REGISTRY_LAG_PSEUDO_REAL_TIME,
ALL_AUDITED_CANDIDATES,2022Q4,H2,standard,STRICT,gold_price,2022-11-30,2022-10-31,2022-10-31,7,REGISTRY_LAG_PSEUDO_REAL_TIME,
ALL_AUDITED_CANDIDATES,2022Q4,H2,standard,STRICT,russia_ipi,2022-11-30,2022-10-31,,23,REGISTRY_LAG_PSEUDO_REAL_TIME,
ALL_AUDITED_CANDIDATES,2022Q4,H2,standard,STRICT,m2,2022-11-30,2022-10-31,2022-10-31,25,REGISTRY_LAG_PSEUDO_REAL_TIME,
ALL_AUDITED_CANDIDATES,2022Q4,H2,standard,STRICT,household_deposits,2022-11-30,2022-10-31,,25,REGISTRY_LAG_PSEUDO_REAL_TIME,
ALL_AUDITED_CANDIDATES,2022Q4,H2,standard,STRICT,corporate_deposits,2022-11-30,2022-10-31,,25,REGISTRY_LAG_PSEUDO_REAL_TIME,
ALL_AUDITED_CANDIDATES,2022Q4,H2,standard,STRICT,household_credit,2022-11-30,2022-10-31,,25,REGISTRY_LAG_PSEUDO_REAL_TIME,
ALL_AUDITED_CANDIDATES,2022Q4,H2,standard,STRICT,corporate_credit,2022-11-30,2022-10-31,,25,REGISTRY_LAG_PSEUDO_REAL_TIME,
ALL_AUDITED_CANDIDATES,2022Q4,H2,standard,STRICT,fx_reserves_ex_gold,2022-11-30,2022-10-31,2022-10-31,7,REGISTRY_LAG_PSEUDO_REAL_TIME,
ALL_AUDITED_CANDIDATES,2022Q4,H2,standard,STRICT,pos_turnover,2022-11-30,2022-10-31,2022-10-31,18,REGISTRY_LAG_PSEUDO_REAL_TIME,
ALL_AUDITED_CANDIDATES,2022Q4,H2,standard,STRICT,instant_payments,2022-11-30,2022-10-31,2022-08-31,18,REGISTRY_LAG_PSEUDO_REAL_TIME,
ALL_AUDITED_CANDIDATES,2022Q4,H2,standard,STRICT,interbank_payments,2022-11-30,2022-10-31,2020-06-30,18,REGISTRY_LAG_PSEUDO_REAL_TIME,
ALL_AUDITED_CANDIDATES,2022Q4,H2,conservative,STRICT,industrial_production,2022-11-30,2022-09-30,2022-09-30,33,REGISTRY_LAG_PSEUDO_REAL_TIME,
ALL_AUDITED_CANDIDATES,2022Q4,H2,conservative,STRICT,manufacturing,2022-11-30,2022-09-30,2022-09-30,33,REGISTRY_LAG_PSEUDO_REAL_TIME,
ALL_AUDITED_CANDIDATES,2022Q4,H2,conservative,STRICT,mining,2022-11-30,2022-09-30,2022-09-30,33,REGISTRY_LAG_PSEUDO_REAL_TIME,
ALL_AUDITED_CANDIDATES,2022Q4,H2,conservative,STRICT,electricity_gas,2022-11-30,2022-09-30,2022-09-30,33,REGISTRY_LAG_PSEUDO_REAL_TIME,
ALL_AUDITED_CANDIDATES,2022Q4,H2,conservative,STRICT,construction,2022-11-30,2022-09-30,2022-09-30,27,REGISTRY_LAG_PSEUDO_REAL_TIME,
ALL_AUDITED_CANDIDATES,2022Q4,H2,conservative,STRICT,retail_trade,2022-11-30,2022-09-30,2022-09-30,24,REGISTRY_LAG_PSEUDO_REAL_TIME,
ALL_AUDITED_CANDIDATES,2022Q4,H2,conservative,STRICT,wholesale_trade,2022-11-30,2022-09-30,2022-09-30,24,REGISTRY_LAG_PSEUDO_REAL_TIME,
ALL_AUDITED_CANDIDATES,2022Q4,H2,conservative,STRICT,cpi_headline,2022-11-30,2022-10-31,2022-10-31,5,REGISTRY_LAG_PSEUDO_REAL_TIME,
ALL_AUDITED_CANDIDATES,2022Q4,H2,conservative,STRICT,cpi_food,2022-11-30,2022-10-31,2022-10-31,5,REGISTRY_LAG_PSEUDO_REAL_TIME,
ALL_AUDITED_CANDIDATES,2022Q4,H2,conservative,STRICT,cpi_services,2022-11-30,2022-10-31,2022-10-31,5,REGISTRY_LAG_PSEUDO_REAL_TIME,
ALL_AUDITED_CANDIDATES,2022Q4,H2,conservative,STRICT,ppi,2022-11-30,2022-10-31,2022-10-31,15,REGISTRY_LAG_PSEUDO_REAL_TIME,
ALL_AUDITED_CANDIDATES,2022Q4,H2,conservative,STRICT,exports_total,2022-11-30,2022-09-30,2022-09-30,26,REGISTRY_LAG_PSEUDO_REAL_TIME,
ALL_AUDITED_CANDIDATES,2022Q4,H2,conservative,STRICT,exports_non_gold,2022-11-30,2022-09-30,2022-09-30,26,REGISTRY_LAG_PSEUDO_REAL_TIME,
ALL_AUDITED_CANDIDATES,2022Q4,H2,conservative,STRICT,imports_total,2022-11-30,2022-09-30,2022-09-30,26,REGISTRY_LAG_PSEUDO_REAL_TIME,
ALL_AUDITED_CANDIDATES,2022Q4,H2,conservative,STRICT,gold_exports_proxy,2022-11-30,2022-09-30,2022-09-30,26,REGISTRY_LAG_PSEUDO_REAL_TIME,
ALL_AUDITED_CANDIDATES,2022Q4,H2,conservative,STRICT,usd_uzs,2022-11-30,2022-10-31,2022-10-31,0,REGISTRY_LAG_PSEUDO_REAL_TIME,
ALL_AUDITED_CANDIDATES,2022Q4,H2,conservative,STRICT,rub_uzs,2022-11-30,2022-10-31,2022-10-31,0,REGISTRY_LAG_PSEUDO_REAL_TIME,
ALL_AUDITED_CANDIDATES,2022Q4,H2,conservative,STRICT,gold_price,2022-11-30,2022-10-31,2022-10-31,7,REGISTRY_LAG_PSEUDO_REAL_TIME,
ALL_AUDITED_CANDIDATES,2022Q4,H2,conservative,STRICT,russia_ipi,2022-11-30,2022-09-30,,23,REGISTRY_LAG_PSEUDO_REAL_TIME,
ALL_AUDITED_CANDIDATES,2022Q4,H2,conservative,STRICT,m2,2022-11-30,2022-09-30,2022-09-30,25,REGISTRY_LAG_PSEUDO_REAL_TIME,
ALL_AUDITED_CANDIDATES,2022Q4,H2,conservative,STRICT,household_deposits,2022-11-30,2022-09-30,,25,REGISTRY_LAG_PSEUDO_REAL_TIME,
ALL_AUDITED_CANDIDATES,2022Q4,H2,conservative,STRICT,corporate_deposits,2022-11-30,2022-09-30,,25,REGISTRY_LAG_PSEUDO_REAL_TIME,
ALL_AUDITED_CANDIDATES,2022Q4,H2,conservative,STRICT,household_credit,2022-11-30,2022-09-30,,25,REGISTRY_LAG_PSEUDO_REAL_TIME,
ALL_AUDITED_CANDIDATES,2022Q4,H2,conservative,STRICT,corporate_credit,2022-11-30,2022-09-30,,25,REGISTRY_LAG_PSEUDO_REAL_TIME,
ALL_AUDITED_CANDIDATES,2022Q4,H2,conservative,STRICT,fx_reserves_ex_gold,2022-11-30,2022-10-31,2022-10-31,7,REGISTRY_LAG_PSEUDO_REAL_TIME,
ALL_AUDITED_CANDIDATES,2022Q4,H2,conservative,STRICT,pos_turnover,2022-11-30,2022-09-30,2022-09-30,18,REGISTRY_LAG_PSEUDO_REAL_TIME,
ALL_AUDITED_CANDIDATES,2022Q4,H2,conservative,STRICT,instant_payments,2022-11-30,2022-09-30,2022-08-31,18,REGISTRY_LAG_PSEUDO_REAL_TIME,
ALL_AUDITED_CANDIDATES,2022Q4,H2,conservative,STRICT,interbank_payments,2022-11-30,2022-09-30,2020-06-30,18,REGISTRY_LAG_PSEUDO_REAL_TIME,
ALL_AUDITED_CANDIDATES,2022Q4,H3,standard,STRICT,industrial_production,2022-12-31,2022-10-31,2022-10-31,33,REGISTRY_LAG_PSEUDO_REAL_TIME,
ALL_AUDITED_CANDIDATES,2022Q4,H3,standard,STRICT,manufacturing,2022-12-31,2022-10-31,2022-10-31,33,REGISTRY_LAG_PSEUDO_REAL_TIME,
ALL_AUDITED_CANDIDATES,2022Q4,H3,standard,STRICT,mining,2022-12-31,2022-10-31,2022-10-31,33,REGISTRY_LAG_PSEUDO_REAL_TIME,
ALL_AUDITED_CANDIDATES,2022Q4,H3,standard,STRICT,electricity_gas,2022-12-31,2022-10-31,2022-10-31,33,REGISTRY_LAG_PSEUDO_REAL_TIME,
ALL_AUDITED_CANDIDATES,2022Q4,H3,standard,STRICT,construction,2022-12-31,2022-11-30,2022-11-30,27,REGISTRY_LAG_PSEUDO_REAL_TIME,
ALL_AUDITED_CANDIDATES,2022Q4,H3,standard,STRICT,retail_trade,2022-12-31,2022-11-30,2022-11-30,24,REGISTRY_LAG_PSEUDO_REAL_TIME,
ALL_AUDITED_CANDIDATES,2022Q4,H3,standard,STRICT,wholesale_trade,2022-12-31,2022-11-30,2022-11-30,24,REGISTRY_LAG_PSEUDO_REAL_TIME,
ALL_AUDITED_CANDIDATES,2022Q4,H3,standard,STRICT,cpi_headline,2022-12-31,2022-11-30,2022-11-30,5,REGISTRY_LAG_PSEUDO_REAL_TIME,
ALL_AUDITED_CANDIDATES,2022Q4,H3,standard,STRICT,cpi_food,2022-12-31,2022-11-30,2022-11-30,5,REGISTRY_LAG_PSEUDO_REAL_TIME,
ALL_AUDITED_CANDIDATES,2022Q4,H3,standard,STRICT,cpi_services,2022-12-31,2022-11-30,2022-11-30,5,REGISTRY_LAG_PSEUDO_REAL_TIME,
ALL_AUDITED_CANDIDATES,2022Q4,H3,standard,STRICT,ppi,2022-12-31,2022-11-30,2022-11-30,15,REGISTRY_LAG_PSEUDO_REAL_TIME,
ALL_AUDITED_CANDIDATES,2022Q4,H3,standard,STRICT,exports_total,2022-12-31,2022-11-30,2022-11-30,26,REGISTRY_LAG_PSEUDO_REAL_TIME,
ALL_AUDITED_CANDIDATES,2022Q4,H3,standard,STRICT,exports_non_gold,2022-12-31,2022-11-30,2022-11-30,26,REGISTRY_LAG_PSEUDO_REAL_TIME,
ALL_AUDITED_CANDIDATES,2022Q4,H3,standard,STRICT,imports_total,2022-12-31,2022-11-30,2022-11-30,26,REGISTRY_LAG_PSEUDO_REAL_TIME,
ALL_AUDITED_CANDIDATES,2022Q4,H3,standard,STRICT,gold_exports_proxy,2022-12-31,2022-11-30,2022-11-30,26,REGISTRY_LAG_PSEUDO_REAL_TIME,
ALL_AUDITED_CANDIDATES,2022Q4,H3,standard,STRICT,usd_uzs,2022-12-31,2022-12-31,2022-12-31,0,REGISTRY_LAG_PSEUDO_REAL_TIME,
ALL_AUDITED_CANDIDATES,2022Q4,H3,standard,STRICT,rub_uzs,2022-12-31,2022-12-31,2022-12-31,0,REGISTRY_LAG_PSEUDO_REAL_TIME,
ALL_AUDITED_CANDIDATES,2022Q4,H3,standard,STRICT,gold_price,2022-12-31,2022-11-30,2022-11-30,7,REGISTRY_LAG_PSEUDO_REAL_TIME,
ALL_AUDITED_CANDIDATES,2022Q4,H3,standard,STRICT,russia_ipi,2022-12-31,2022-11-30,,23,REGISTRY_LAG_PSEUDO_REAL_TIME,
ALL_AUDITED_CANDIDATES,2022Q4,H3,standard,STRICT,m2,2022-12-31,2022-11-30,2022-11-30,25,REGISTRY_LAG_PSEUDO_REAL_TIME,
ALL_AUDITED_CANDIDATES,2022Q4,H3,standard,STRICT,household_deposits,2022-12-31,2022-11-30,,25,REGISTRY_LAG_PSEUDO_REAL_TIME,
ALL_AUDITED_CANDIDATES,2022Q4,H3,standard,STRICT,corporate_deposits,2022-12-31,2022-11-30,,25,REGISTRY_LAG_PSEUDO_REAL_TIME,
ALL_AUDITED_CANDIDATES,2022Q4,H3,standard,STRICT,household_credit,2022-12-31,2022-11-30,,25,REGISTRY_LAG_PSEUDO_REAL_TIME,
ALL_AUDITED_CANDIDATES,2022Q4,H3,standard,STRICT,corporate_credit,2022-12-31,2022-11-30,,25,REGISTRY_LAG_PSEUDO_REAL_TIME,
ALL_AUDITED_CANDIDATES,2022Q4,H3,standard,STRICT,fx_reserves_ex_gold,2022-12-31,2022-11-30,2022-11-30,7,REGISTRY_LAG_PSEUDO_REAL_TIME,
ALL_AUDITED_CANDIDATES,2022Q4,H3,standard,STRICT,pos_turnover,2022-12-31,2022-11-30,2022-11-30,18,REGISTRY_LAG_PSEUDO_REAL_TIME,
ALL_AUDITED_CANDIDATES,2022Q4,H3,standard,STRICT,instant_payments,2022-12-31,2022-11-30,2022-08-31,18,REGISTRY_LAG_PSEUDO_REAL_TIME,
ALL_AUDITED_CANDIDATES,2022Q4,H3,standard,STRICT,interbank_payments,2022-12-31,2022-11-30,2020-06-30,18,REGISTRY_LAG_PSEUDO_REAL_TIME,
ALL_AUDITED_CANDIDATES,2022Q4,H3,conservative,STRICT,industrial_production,2022-12-31,2022-10-31,2022-10-31,33,REGISTRY_LAG_PSEUDO_REAL_TIME,
ALL_AUDITED_CANDIDATES,2022Q4,H3,conservative,STRICT,manufacturing,2022-12-31,2022-10-31,2022-10-31,33,REGISTRY_LAG_PSEUDO_REAL_TIME,
ALL_AUDITED_CANDIDATES,2022Q4,H3,conservative,STRICT,mining,2022-12-31,2022-10-31,2022-10-31,33,REGISTRY_LAG_PSEUDO_REAL_TIME,
ALL_AUDITED_CANDIDATES,2022Q4,H3,conservative,STRICT,electricity_gas,2022-12-31,2022-10-31,2022-10-31,33,REGISTRY_LAG_PSEUDO_REAL_TIME,
ALL_AUDITED_CANDIDATES,2022Q4,H3,conservative,STRICT,construction,2022-12-31,2022-10-31,2022-10-31,27,REGISTRY_LAG_PSEUDO_REAL_TIME,
ALL_AUDITED_CANDIDATES,2022Q4,H3,conservative,STRICT,retail_trade,2022-12-31,2022-10-31,2022-10-31,24,REGISTRY_LAG_PSEUDO_REAL_TIME,
ALL_AUDITED_CANDIDATES,2022Q4,H3,conservative,STRICT,wholesale_trade,2022-12-31,2022-10-31,2022-10-31,24,REGISTRY_LAG_PSEUDO_REAL_TIME,
ALL_AUDITED_CANDIDATES,2022Q4,H3,conservative,STRICT,cpi_headline,2022-12-31,2022-11-30,2022-11-30,5,REGISTRY_LAG_PSEUDO_REAL_TIME,
ALL_AUDITED_CANDIDATES,2022Q4,H3,conservative,STRICT,cpi_food,2022-12-31,2022-11-30,2022-11-30,5,REGISTRY_LAG_PSEUDO_REAL_TIME,
ALL_AUDITED_CANDIDATES,2022Q4,H3,conservative,STRICT,cpi_services,2022-12-31,2022-11-30,2022-11-30,5,REGISTRY_LAG_PSEUDO_REAL_TIME,
ALL_AUDITED_CANDIDATES,2022Q4,H3,conservative,STRICT,ppi,2022-12-31,2022-11-30,2022-11-30,15,REGISTRY_LAG_PSEUDO_REAL_TIME,
ALL_AUDITED_CANDIDATES,2022Q4,H3,conservative,STRICT,exports_total,2022-12-31,2022-10-31,2022-10-31,26,REGISTRY_LAG_PSEUDO_REAL_TIME,
ALL_AUDITED_CANDIDATES,2022Q4,H3,conservative,STRICT,exports_non_gold,2022-12-31,2022-10-31,2022-10-31,26,REGISTRY_LAG_PSEUDO_REAL_TIME,
ALL_AUDITED_CANDIDATES,2022Q4,H3,conservative,STRICT,imports_total,2022-12-31,2022-10-31,2022-10-31,26,REGISTRY_LAG_PSEUDO_REAL_TIME,
ALL_AUDITED_CANDIDATES,2022Q4,H3,conservative,STRICT,gold_exports_proxy,2022-12-31,2022-10-31,2022-10-31,26,REGISTRY_LAG_PSEUDO_REAL_TIME,
ALL_AUDITED_CANDIDATES,2022Q4,H3,conservative,STRICT,usd_uzs,2022-12-31,2022-11-30,2022-11-30,0,REGISTRY_LAG_PSEUDO_REAL_TIME,
ALL_AUDITED_CANDIDATES,2022Q4,H3,conservative,STRICT,rub_uzs,2022-12-31,2022-11-30,2022-11-30,0,REGISTRY_LAG_PSEUDO_REAL_TIME,
ALL_AUDITED_CANDIDATES,2022Q4,H3,conservative,STRICT,gold_price,2022-12-31,2022-11-30,2022-11-30,7,REGISTRY_LAG_PSEUDO_REAL_TIME,
ALL_AUDITED_CANDIDATES,2022Q4,H3,conservative,STRICT,russia_ipi,2022-12-31,2022-10-31,,23,REGISTRY_LAG_PSEUDO_REAL_TIME,
ALL_AUDITED_CANDIDATES,2022Q4,H3,conservative,STRICT,m2,2022-12-31,2022-10-31,2022-10-31,25,REGISTRY_LAG_PSEUDO_REAL_TIME,
ALL_AUDITED_CANDIDATES,2022Q4,H3,conservative,STRICT,household_deposits,2022-12-31,2022-10-31,,25,REGISTRY_LAG_PSEUDO_REAL_TIME,
ALL_AUDITED_CANDIDATES,2022Q4,H3,conservative,STRICT,corporate_deposits,2022-12-31,2022-10-31,,25,REGISTRY_LAG_PSEUDO_REAL_TIME,
ALL_AUDITED_CANDIDATES,2022Q4,H3,conservative,STRICT,household_credit,2022-12-31,2022-10-31,,25,REGISTRY_LAG_PSEUDO_REAL_TIME,
ALL_AUDITED_CANDIDATES,2022Q4,H3,conservative,STRICT,corporate_credit,2022-12-31,2022-10-31,,25,REGISTRY_LAG_PSEUDO_REAL_TIME,
ALL_AUDITED_CANDIDATES,2022Q4,H3,conservative,STRICT,fx_reserves_ex_gold,2022-12-31,2022-11-30,2022-11-30,7,REGISTRY_LAG_PSEUDO_REAL_TIME,
ALL_AUDITED_CANDIDATES,2022Q4,H3,conservative,STRICT,pos_turnover,2022-12-31,2022-10-31,2022-10-31,18,REGISTRY_LAG_PSEUDO_REAL_TIME,
ALL_AUDITED_CANDIDATES,2022Q4,H3,conservative,STRICT,instant_payments,2022-12-31,2022-10-31,2022-08-31,18,REGISTRY_LAG_PSEUDO_REAL_TIME,
ALL_AUDITED_CANDIDATES,2022Q4,H3,conservative,STRICT,interbank_payments,2022-12-31,2022-10-31,2020-06-30,18,REGISTRY_LAG_PSEUDO_REAL_TIME,
ALL_AUDITED_CANDIDATES,2023Q1,H1,standard,STRICT,industrial_production,2023-01-31,2022-11-30,2022-11-30,33,REGISTRY_LAG_PSEUDO_REAL_TIME,
ALL_AUDITED_CANDIDATES,2023Q1,H1,standard,STRICT,manufacturing,2023-01-31,2022-11-30,2022-11-30,33,REGISTRY_LAG_PSEUDO_REAL_TIME,
ALL_AUDITED_CANDIDATES,2023Q1,H1,standard,STRICT,mining,2023-01-31,2022-11-30,2022-11-30,33,REGISTRY_LAG_PSEUDO_REAL_TIME,
ALL_AUDITED_CANDIDATES,2023Q1,H1,standard,STRICT,electricity_gas,2023-01-31,2022-11-30,2022-11-30,33,REGISTRY_LAG_PSEUDO_REAL_TIME,
ALL_AUDITED_CANDIDATES,2023Q1,H1,standard,STRICT,construction,2023-01-31,2022-12-31,2022-12-31,27,REGISTRY_LAG_PSEUDO_REAL_TIME,
ALL_AUDITED_CANDIDATES,2023Q1,H1,standard,STRICT,retail_trade,2023-01-31,2022-12-31,2022-12-31,24,REGISTRY_LAG_PSEUDO_REAL_TIME,
ALL_AUDITED_CANDIDATES,2023Q1,H1,standard,STRICT,wholesale_trade,2023-01-31,2022-12-31,2022-12-31,24,REGISTRY_LAG_PSEUDO_REAL_TIME,
ALL_AUDITED_CANDIDATES,2023Q1,H1,standard,STRICT,cpi_headline,2023-01-31,2022-12-31,2022-12-31,5,REGISTRY_LAG_PSEUDO_REAL_TIME,
ALL_AUDITED_CANDIDATES,2023Q1,H1,standard,STRICT,cpi_food,2023-01-31,2022-12-31,2022-12-31,5,REGISTRY_LAG_PSEUDO_REAL_TIME,
ALL_AUDITED_CANDIDATES,2023Q1,H1,standard,STRICT,cpi_services,2023-01-31,2022-12-31,2022-12-31,5,REGISTRY_LAG_PSEUDO_REAL_TIME,
ALL_AUDITED_CANDIDATES,2023Q1,H1,standard,STRICT,ppi,2023-01-31,2022-12-31,2022-12-31,15,REGISTRY_LAG_PSEUDO_REAL_TIME,
ALL_AUDITED_CANDIDATES,2023Q1,H1,standard,STRICT,exports_total,2023-01-31,2022-12-31,2022-12-31,26,REGISTRY_LAG_PSEUDO_REAL_TIME,
ALL_AUDITED_CANDIDATES,2023Q1,H1,standard,STRICT,exports_non_gold,2023-01-31,2022-12-31,2022-12-31,26,REGISTRY_LAG_PSEUDO_REAL_TIME,
ALL_AUDITED_CANDIDATES,2023Q1,H1,standard,STRICT,imports_total,2023-01-31,2022-12-31,2022-12-31,26,REGISTRY_LAG_PSEUDO_REAL_TIME,
ALL_AUDITED_CANDIDATES,2023Q1,H1,standard,STRICT,gold_exports_proxy,2023-01-31,2022-12-31,2022-12-31,26,REGISTRY_LAG_PSEUDO_REAL_TIME,
ALL_AUDITED_CANDIDATES,2023Q1,H1,standard,STRICT,usd_uzs,2023-01-31,2023-01-31,2023-01-31,0,REGISTRY_LAG_PSEUDO_REAL_TIME,
ALL_AUDITED_CANDIDATES,2023Q1,H1,standard,STRICT,rub_uzs,2023-01-31,2023-01-31,2023-01-31,0,REGISTRY_LAG_PSEUDO_REAL_TIME,
ALL_AUDITED_CANDIDATES,2023Q1,H1,standard,STRICT,gold_price,2023-01-31,2022-12-31,2022-12-31,7,REGISTRY_LAG_PSEUDO_REAL_TIME,
ALL_AUDITED_CANDIDATES,2023Q1,H1,standard,STRICT,russia_ipi,2023-01-31,2022-12-31,,23,REGISTRY_LAG_PSEUDO_REAL_TIME,
ALL_AUDITED_CANDIDATES,2023Q1,H1,standard,STRICT,m2,2023-01-31,2022-12-31,2022-12-31,25,REGISTRY_LAG_PSEUDO_REAL_TIME,
ALL_AUDITED_CANDIDATES,2023Q1,H1,standard,STRICT,household_deposits,2023-01-31,2022-12-31,,25,REGISTRY_LAG_PSEUDO_REAL_TIME,
ALL_AUDITED_CANDIDATES,2023Q1,H1,standard,STRICT,corporate_deposits,2023-01-31,2022-12-31,,25,REGISTRY_LAG_PSEUDO_REAL_TIME,
ALL_AUDITED_CANDIDATES,2023Q1,H1,standard,STRICT,household_credit,2023-01-31,2022-12-31,,25,REGISTRY_LAG_PSEUDO_REAL_TIME,
ALL_AUDITED_CANDIDATES,2023Q1,H1,standard,STRICT,corporate_credit,2023-01-31,2022-12-31,,25,REGISTRY_LAG_PSEUDO_REAL_TIME,
ALL_AUDITED_CANDIDATES,2023Q1,H1,standard,STRICT,fx_reserves_ex_gold,2023-01-31,2022-12-31,2022-12-31,7,REGISTRY_LAG_PSEUDO_REAL_TIME,
ALL_AUDITED_CANDIDATES,2023Q1,H1,standard,STRICT,pos_turnover,2023-01-31,2022-12-31,2022-12-31,18,REGISTRY_LAG_PSEUDO_REAL_TIME,
ALL_AUDITED_CANDIDATES,2023Q1,H1,standard,STRICT,instant_payments,2023-01-31,2022-12-31,2022-08-31,18,REGISTRY_LAG_PSEUDO_REAL_TIME,
ALL_AUDITED_CANDIDATES,2023Q1,H1,standard,STRICT,interbank_payments,2023-01-31,2022-12-31,2020-06-30,18,REGISTRY_LAG_PSEUDO_REAL_TIME,
ALL_AUDITED_CANDIDATES,2023Q1,H1,conservative,STRICT,industrial_production,2023-01-31,2022-11-30,2022-11-30,33,REGISTRY_LAG_PSEUDO_REAL_TIME,
ALL_AUDITED_CANDIDATES,2023Q1,H1,conservative,STRICT,manufacturing,2023-01-31,2022-11-30,2022-11-30,33,REGISTRY_LAG_PSEUDO_REAL_TIME,
ALL_AUDITED_CANDIDATES,2023Q1,H1,conservative,STRICT,mining,2023-01-31,2022-11-30,2022-11-30,33,REGISTRY_LAG_PSEUDO_REAL_TIME,
ALL_AUDITED_CANDIDATES,2023Q1,H1,conservative,STRICT,electricity_gas,2023-01-31,2022-11-30,2022-11-30,33,REGISTRY_LAG_PSEUDO_REAL_TIME,
ALL_AUDITED_CANDIDATES,2023Q1,H1,conservative,STRICT,construction,2023-01-31,2022-11-30,2022-11-30,27,REGISTRY_LAG_PSEUDO_REAL_TIME,
ALL_AUDITED_CANDIDATES,2023Q1,H1,conservative,STRICT,retail_trade,2023-01-31,2022-11-30,2022-11-30,24,REGISTRY_LAG_PSEUDO_REAL_TIME,
ALL_AUDITED_CANDIDATES,2023Q1,H1,conservative,STRICT,wholesale_trade,2023-01-31,2022-11-30,2022-11-30,24,REGISTRY_LAG_PSEUDO_REAL_TIME,
ALL_AUDITED_CANDIDATES,2023Q1,H1,conservative,STRICT,cpi_headline,2023-01-31,2022-12-31,2022-12-31,5,REGISTRY_LAG_PSEUDO_REAL_TIME,
ALL_AUDITED_CANDIDATES,2023Q1,H1,conservative,STRICT,cpi_food,2023-01-31,2022-12-31,2022-12-31,5,REGISTRY_LAG_PSEUDO_REAL_TIME,
ALL_AUDITED_CANDIDATES,2023Q1,H1,conservative,STRICT,cpi_services,2023-01-31,2022-12-31,2022-12-31,5,REGISTRY_LAG_PSEUDO_REAL_TIME,
ALL_AUDITED_CANDIDATES,2023Q1,H1,conservative,STRICT,ppi,2023-01-31,2022-12-31,2022-12-31,15,REGISTRY_LAG_PSEUDO_REAL_TIME,
ALL_AUDITED_CANDIDATES,2023Q1,H1,conservative,STRICT,exports_total,2023-01-31,2022-11-30,2022-11-30,26,REGISTRY_LAG_PSEUDO_REAL_TIME,
ALL_AUDITED_CANDIDATES,2023Q1,H1,conservative,STRICT,exports_non_gold,2023-01-31,2022-11-30,2022-11-30,26,REGISTRY_LAG_PSEUDO_REAL_TIME,
ALL_AUDITED_CANDIDATES,2023Q1,H1,conservative,STRICT,imports_total,2023-01-31,2022-11-30,2022-11-30,26,REGISTRY_LAG_PSEUDO_REAL_TIME,
ALL_AUDITED_CANDIDATES,2023Q1,H1,conservative,STRICT,gold_exports_proxy,2023-01-31,2022-11-30,2022-11-30,26,REGISTRY_LAG_PSEUDO_REAL_TIME,
ALL_AUDITED_CANDIDATES,2023Q1,H1,conservative,STRICT,usd_uzs,2023-01-31,2022-12-31,2022-12-31,0,REGISTRY_LAG_PSEUDO_REAL_TIME,
ALL_AUDITED_CANDIDATES,2023Q1,H1,conservative,STRICT,rub_uzs,2023-01-31,2022-12-31,2022-12-31,0,REGISTRY_LAG_PSEUDO_REAL_TIME,
ALL_AUDITED_CANDIDATES,2023Q1,H1,conservative,STRICT,gold_price,2023-01-31,2022-12-31,2022-12-31,7,REGISTRY_LAG_PSEUDO_REAL_TIME,
ALL_AUDITED_CANDIDATES,2023Q1,H1,conservative,STRICT,russia_ipi,2023-01-31,2022-11-30,,23,REGISTRY_LAG_PSEUDO_REAL_TIME,
ALL_AUDITED_CANDIDATES,2023Q1,H1,conservative,STRICT,m2,2023-01-31,2022-11-30,2022-11-30,25,REGISTRY_LAG_PSEUDO_REAL_TIME,
ALL_AUDITED_CANDIDATES,2023Q1,H1,conservative,STRICT,household_deposits,2023-01-31,2022-11-30,,25,REGISTRY_LAG_PSEUDO_REAL_TIME,
ALL_AUDITED_CANDIDATES,2023Q1,H1,conservative,STRICT,corporate_deposits,2023-01-31,2022-11-30,,25,REGISTRY_LAG_PSEUDO_REAL_TIME,
ALL_AUDITED_CANDIDATES,2023Q1,H1,conservative,STRICT,household_credit,2023-01-31,2022-11-30,,25,REGISTRY_LAG_PSEUDO_REAL_TIME,
ALL_AUDITED_CANDIDATES,2023Q1,H1,conservative,STRICT,corporate_credit,2023-01-31,2022-11-30,,25,REGISTRY_LAG_PSEUDO_REAL_TIME,
ALL_AUDITED_CANDIDATES,2023Q1,H1,conservative,STRICT,fx_reserves_ex_gold,2023-01-31,2022-12-31,2022-12-31,7,REGISTRY_LAG_PSEUDO_REAL_TIME,
ALL_AUDITED_CANDIDATES,2023Q1,H1,conservative,STRICT,pos_turnover,2023-01-31,2022-11-30,2022-11-30,18,REGISTRY_LAG_PSEUDO_REAL_TIME,
ALL_AUDITED_CANDIDATES,2023Q1,H1,conservative,STRICT,instant_payments,2023-01-31,2022-11-30,2022-08-31,18,REGISTRY_LAG_PSEUDO_REAL_TIME,
ALL_AUDITED_CANDIDATES,2023Q1,H1,conservative,STRICT,interbank_payments,2023-01-31,2022-11-30,2020-06-30,18,REGISTRY_LAG_PSEUDO_REAL_TIME,
ALL_AUDITED_CANDIDATES,2023Q1,H2,standard,STRICT,industrial_production,2023-02-28,2022-12-31,2022-12-31,33,REGISTRY_LAG_PSEUDO_REAL_TIME,
ALL_AUDITED_CANDIDATES,2023Q1,H2,standard,STRICT,manufacturing,2023-02-28,2022-12-31,2022-12-31,33,REGISTRY_LAG_PSEUDO_REAL_TIME,
ALL_AUDITED_CANDIDATES,2023Q1,H2,standard,STRICT,mining,2023-02-28,2022-12-31,2022-12-31,33,REGISTRY_LAG_PSEUDO_REAL_TIME,
ALL_AUDITED_CANDIDATES,2023Q1,H2,standard,STRICT,electricity_gas,2023-02-28,2022-12-31,2022-12-31,33,REGISTRY_LAG_PSEUDO_REAL_TIME,
ALL_AUDITED_CANDIDATES,2023Q1,H2,standard,STRICT,construction,2023-02-28,2023-01-31,2023-01-31,27,REGISTRY_LAG_PSEUDO_REAL_TIME,
ALL_AUDITED_CANDIDATES,2023Q1,H2,standard,STRICT,retail_trade,2023-02-28,2023-01-31,2023-01-31,24,REGISTRY_LAG_PSEUDO_REAL_TIME,
ALL_AUDITED_CANDIDATES,2023Q1,H2,standard,STRICT,wholesale_trade,2023-02-28,2023-01-31,2023-01-31,24,REGISTRY_LAG_PSEUDO_REAL_TIME,
ALL_AUDITED_CANDIDATES,2023Q1,H2,standard,STRICT,cpi_headline,2023-02-28,2023-01-31,2023-01-31,5,REGISTRY_LAG_PSEUDO_REAL_TIME,
ALL_AUDITED_CANDIDATES,2023Q1,H2,standard,STRICT,cpi_food,2023-02-28,2023-01-31,2023-01-31,5,REGISTRY_LAG_PSEUDO_REAL_TIME,
ALL_AUDITED_CANDIDATES,2023Q1,H2,standard,STRICT,cpi_services,2023-02-28,2023-01-31,2023-01-31,5,REGISTRY_LAG_PSEUDO_REAL_TIME,
ALL_AUDITED_CANDIDATES,2023Q1,H2,standard,STRICT,ppi,2023-02-28,2023-01-31,2023-01-31,15,REGISTRY_LAG_PSEUDO_REAL_TIME,
ALL_AUDITED_CANDIDATES,2023Q1,H2,standard,STRICT,exports_total,2023-02-28,2023-01-31,2023-01-31,26,REGISTRY_LAG_PSEUDO_REAL_TIME,
ALL_AUDITED_CANDIDATES,2023Q1,H2,standard,STRICT,exports_non_gold,2023-02-28,2023-01-31,2023-01-31,26,REGISTRY_LAG_PSEUDO_REAL_TIME,
ALL_AUDITED_CANDIDATES,2023Q1,H2,standard,STRICT,imports_total,2023-02-28,2023-01-31,2023-01-31,26,REGISTRY_LAG_PSEUDO_REAL_TIME,
ALL_AUDITED_CANDIDATES,2023Q1,H2,standard,STRICT,gold_exports_proxy,2023-02-28,2023-01-31,2023-01-31,26,REGISTRY_LAG_PSEUDO_REAL_TIME,
ALL_AUDITED_CANDIDATES,2023Q1,H2,standard,STRICT,usd_uzs,2023-02-28,2023-02-28,2023-02-28,0,REGISTRY_LAG_PSEUDO_REAL_TIME,
ALL_AUDITED_CANDIDATES,2023Q1,H2,standard,STRICT,rub_uzs,2023-02-28,2023-02-28,2023-02-28,0,REGISTRY_LAG_PSEUDO_REAL_TIME,
ALL_AUDITED_CANDIDATES,2023Q1,H2,standard,STRICT,gold_price,2023-02-28,2023-01-31,2023-01-31,7,REGISTRY_LAG_PSEUDO_REAL_TIME,
ALL_AUDITED_CANDIDATES,2023Q1,H2,standard,STRICT,russia_ipi,2023-02-28,2023-01-31,,23,REGISTRY_LAG_PSEUDO_REAL_TIME,
ALL_AUDITED_CANDIDATES,2023Q1,H2,standard,STRICT,m2,2023-02-28,2023-01-31,2023-01-31,25,REGISTRY_LAG_PSEUDO_REAL_TIME,
ALL_AUDITED_CANDIDATES,2023Q1,H2,standard,STRICT,household_deposits,2023-02-28,2023-01-31,,25,REGISTRY_LAG_PSEUDO_REAL_TIME,
ALL_AUDITED_CANDIDATES,2023Q1,H2,standard,STRICT,corporate_deposits,2023-02-28,2023-01-31,,25,REGISTRY_LAG_PSEUDO_REAL_TIME,
ALL_AUDITED_CANDIDATES,2023Q1,H2,standard,STRICT,household_credit,2023-02-28,2023-01-31,,25,REGISTRY_LAG_PSEUDO_REAL_TIME,
ALL_AUDITED_CANDIDATES,2023Q1,H2,standard,STRICT,corporate_credit,2023-02-28,2023-01-31,,25,REGISTRY_LAG_PSEUDO_REAL_TIME,
ALL_AUDITED_CANDIDATES,2023Q1,H2,standard,STRICT,fx_reserves_ex_gold,2023-02-28,2023-01-31,2023-01-31,7,REGISTRY_LAG_PSEUDO_REAL_TIME,
ALL_AUDITED_CANDIDATES,2023Q1,H2,standard,STRICT,pos_turnover,2023-02-28,2023-01-31,2023-01-31,18,REGISTRY_LAG_PSEUDO_REAL_TIME,
ALL_AUDITED_CANDIDATES,2023Q1,H2,standard,STRICT,instant_payments,2023-02-28,2023-01-31,2022-08-31,18,REGISTRY_LAG_PSEUDO_REAL_TIME,
ALL_AUDITED_CANDIDATES,2023Q1,H2,standard,STRICT,interbank_payments,2023-02-28,2023-01-31,2020-06-30,18,REGISTRY_LAG_PSEUDO_REAL_TIME,
ALL_AUDITED_CANDIDATES,2023Q1,H2,conservative,STRICT,industrial_production,2023-02-28,2022-12-31,2022-12-31,33,REGISTRY_LAG_PSEUDO_REAL_TIME,
ALL_AUDITED_CANDIDATES,2023Q1,H2,conservative,STRICT,manufacturing,2023-02-28,2022-12-31,2022-12-31,33,REGISTRY_LAG_PSEUDO_REAL_TIME,
ALL_AUDITED_CANDIDATES,2023Q1,H2,conservative,STRICT,mining,2023-02-28,2022-12-31,2022-12-31,33,REGISTRY_LAG_PSEUDO_REAL_TIME,
ALL_AUDITED_CANDIDATES,2023Q1,H2,conservative,STRICT,electricity_gas,2023-02-28,2022-12-31,2022-12-31,33,REGISTRY_LAG_PSEUDO_REAL_TIME,
ALL_AUDITED_CANDIDATES,2023Q1,H2,conservative,STRICT,construction,2023-02-28,2022-12-31,2022-12-31,27,REGISTRY_LAG_PSEUDO_REAL_TIME,
ALL_AUDITED_CANDIDATES,2023Q1,H2,conservative,STRICT,retail_trade,2023-02-28,2022-12-31,2022-12-31,24,REGISTRY_LAG_PSEUDO_REAL_TIME,
ALL_AUDITED_CANDIDATES,2023Q1,H2,conservative,STRICT,wholesale_trade,2023-02-28,2022-12-31,2022-12-31,24,REGISTRY_LAG_PSEUDO_REAL_TIME,
ALL_AUDITED_CANDIDATES,2023Q1,H2,conservative,STRICT,cpi_headline,2023-02-28,2023-01-31,2023-01-31,5,REGISTRY_LAG_PSEUDO_REAL_TIME,
ALL_AUDITED_CANDIDATES,2023Q1,H2,conservative,STRICT,cpi_food,2023-02-28,2023-01-31,2023-01-31,5,REGISTRY_LAG_PSEUDO_REAL_TIME,
ALL_AUDITED_CANDIDATES,2023Q1,H2,conservative,STRICT,cpi_services,2023-02-28,2023-01-31,2023-01-31,5,REGISTRY_LAG_PSEUDO_REAL_TIME,
ALL_AUDITED_CANDIDATES,2023Q1,H2,conservative,STRICT,ppi,2023-02-28,2022-12-31,2022-12-31,15,REGISTRY_LAG_PSEUDO_REAL_TIME,
ALL_AUDITED_CANDIDATES,2023Q1,H2,conservative,STRICT,exports_total,2023-02-28,2022-12-31,2022-12-31,26,REGISTRY_LAG_PSEUDO_REAL_TIME,
ALL_AUDITED_CANDIDATES,2023Q1,H2,conservative,STRICT,exports_non_gold,2023-02-28,2022-12-31,2022-12-31,26,REGISTRY_LAG_PSEUDO_REAL_TIME,
ALL_AUDITED_CANDIDATES,2023Q1,H2,conservative,STRICT,imports_total,2023-02-28,2022-12-31,2022-12-31,26,REGISTRY_LAG_PSEUDO_REAL_TIME,
ALL_AUDITED_CANDIDATES,2023Q1,H2,conservative,STRICT,gold_exports_proxy,2023-02-28,2022-12-31,2022-12-31,26,REGISTRY_LAG_PSEUDO_REAL_TIME,
ALL_AUDITED_CANDIDATES,2023Q1,H2,conservative,STRICT,usd_uzs,2023-02-28,2023-01-31,2023-01-31,0,REGISTRY_LAG_PSEUDO_REAL_TIME,
ALL_AUDITED_CANDIDATES,2023Q1,H2,conservative,STRICT,rub_uzs,2023-02-28,2023-01-31,2023-01-31,0,REGISTRY_LAG_PSEUDO_REAL_TIME,
ALL_AUDITED_CANDIDATES,2023Q1,H2,conservative,STRICT,gold_price,2023-02-28,2023-01-31,2023-01-31,7,REGISTRY_LAG_PSEUDO_REAL_TIME,
ALL_AUDITED_CANDIDATES,2023Q1,H2,conservative,STRICT,russia_ipi,2023-02-28,2022-12-31,,23,REGISTRY_LAG_PSEUDO_REAL_TIME,
ALL_AUDITED_CANDIDATES,2023Q1,H2,conservative,STRICT,m2,2023-02-28,2022-12-31,2022-12-31,25,REGISTRY_LAG_PSEUDO_REAL_TIME,
ALL_AUDITED_CANDIDATES,2023Q1,H2,conservative,STRICT,household_deposits,2023-02-28,2022-12-31,,25,REGISTRY_LAG_PSEUDO_REAL_TIME,
ALL_AUDITED_CANDIDATES,2023Q1,H2,conservative,STRICT,corporate_deposits,2023-02-28,2022-12-31,,25,REGISTRY_LAG_PSEUDO_REAL_TIME,
ALL_AUDITED_CANDIDATES,2023Q1,H2,conservative,STRICT,household_credit,2023-02-28,2022-12-31,,25,REGISTRY_LAG_PSEUDO_REAL_TIME,
ALL_AUDITED_CANDIDATES,2023Q1,H2,conservative,STRICT,corporate_credit,2023-02-28,2022-12-31,,25,REGISTRY_LAG_PSEUDO_REAL_TIME,
ALL_AUDITED_CANDIDATES,2023Q1,H2,conservative,STRICT,fx_reserves_ex_gold,2023-02-28,2023-01-31,2023-01-31,7,REGISTRY_LAG_PSEUDO_REAL_TIME,
ALL_AUDITED_CANDIDATES,2023Q1,H2,conservative,STRICT,pos_turnover,2023-02-28,2022-12-31,2022-12-31,18,REGISTRY_LAG_PSEUDO_REAL_TIME,
ALL_AUDITED_CANDIDATES,2023Q1,H2,conservative,STRICT,instant_payments,2023-02-28,2022-12-31,2022-08-31,18,REGISTRY_LAG_PSEUDO_REAL_TIME,
ALL_AUDITED_CANDIDATES,2023Q1,H2,conservative,STRICT,interbank_payments,2023-02-28,2022-12-31,2020-06-30,18,REGISTRY_LAG_PSEUDO_REAL_TIME,
ALL_AUDITED_CANDIDATES,2023Q1,H3,standard,STRICT,industrial_production,2023-03-31,2023-01-31,2023-01-31,33,REGISTRY_LAG_PSEUDO_REAL_TIME,
ALL_AUDITED_CANDIDATES,2023Q1,H3,standard,STRICT,manufacturing,2023-03-31,2023-01-31,2023-01-31,33,REGISTRY_LAG_PSEUDO_REAL_TIME,
ALL_AUDITED_CANDIDATES,2023Q1,H3,standard,STRICT,mining,2023-03-31,2023-01-31,2023-01-31,33,REGISTRY_LAG_PSEUDO_REAL_TIME,
ALL_AUDITED_CANDIDATES,2023Q1,H3,standard,STRICT,electricity_gas,2023-03-31,2023-01-31,2023-01-31,33,REGISTRY_LAG_PSEUDO_REAL_TIME,
ALL_AUDITED_CANDIDATES,2023Q1,H3,standard,STRICT,construction,2023-03-31,2023-02-28,2023-02-28,27,REGISTRY_LAG_PSEUDO_REAL_TIME,
ALL_AUDITED_CANDIDATES,2023Q1,H3,standard,STRICT,retail_trade,2023-03-31,2023-02-28,2023-02-28,24,REGISTRY_LAG_PSEUDO_REAL_TIME,
ALL_AUDITED_CANDIDATES,2023Q1,H3,standard,STRICT,wholesale_trade,2023-03-31,2023-02-28,2023-02-28,24,REGISTRY_LAG_PSEUDO_REAL_TIME,
ALL_AUDITED_CANDIDATES,2023Q1,H3,standard,STRICT,cpi_headline,2023-03-31,2023-02-28,2023-02-28,5,REGISTRY_LAG_PSEUDO_REAL_TIME,
ALL_AUDITED_CANDIDATES,2023Q1,H3,standard,STRICT,cpi_food,2023-03-31,2023-02-28,2023-02-28,5,REGISTRY_LAG_PSEUDO_REAL_TIME,
ALL_AUDITED_CANDIDATES,2023Q1,H3,standard,STRICT,cpi_services,2023-03-31,2023-02-28,2023-02-28,5,REGISTRY_LAG_PSEUDO_REAL_TIME,
ALL_AUDITED_CANDIDATES,2023Q1,H3,standard,STRICT,ppi,2023-03-31,2023-02-28,2023-02-28,15,REGISTRY_LAG_PSEUDO_REAL_TIME,
ALL_AUDITED_CANDIDATES,2023Q1,H3,standard,STRICT,exports_total,2023-03-31,2023-02-28,2023-02-28,26,REGISTRY_LAG_PSEUDO_REAL_TIME,
ALL_AUDITED_CANDIDATES,2023Q1,H3,standard,STRICT,exports_non_gold,2023-03-31,2023-02-28,2023-02-28,26,REGISTRY_LAG_PSEUDO_REAL_TIME,
ALL_AUDITED_CANDIDATES,2023Q1,H3,standard,STRICT,imports_total,2023-03-31,2023-02-28,2023-02-28,26,REGISTRY_LAG_PSEUDO_REAL_TIME,
ALL_AUDITED_CANDIDATES,2023Q1,H3,standard,STRICT,gold_exports_proxy,2023-03-31,2023-02-28,2023-02-28,26,REGISTRY_LAG_PSEUDO_REAL_TIME,
ALL_AUDITED_CANDIDATES,2023Q1,H3,standard,STRICT,usd_uzs,2023-03-31,2023-03-31,2023-03-31,0,REGISTRY_LAG_PSEUDO_REAL_TIME,
ALL_AUDITED_CANDIDATES,2023Q1,H3,standard,STRICT,rub_uzs,2023-03-31,2023-03-31,2023-03-31,0,REGISTRY_LAG_PSEUDO_REAL_TIME,
ALL_AUDITED_CANDIDATES,2023Q1,H3,standard,STRICT,gold_price,2023-03-31,2023-02-28,2023-02-28,7,REGISTRY_LAG_PSEUDO_REAL_TIME,
ALL_AUDITED_CANDIDATES,2023Q1,H3,standard,STRICT,russia_ipi,2023-03-31,2023-02-28,,23,REGISTRY_LAG_PSEUDO_REAL_TIME,
ALL_AUDITED_CANDIDATES,2023Q1,H3,standard,STRICT,m2,2023-03-31,2023-02-28,2023-02-28,25,REGISTRY_LAG_PSEUDO_REAL_TIME,
ALL_AUDITED_CANDIDATES,2023Q1,H3,standard,STRICT,household_deposits,2023-03-31,2023-02-28,,25,REGISTRY_LAG_PSEUDO_REAL_TIME,
ALL_AUDITED_CANDIDATES,2023Q1,H3,standard,STRICT,corporate_deposits,2023-03-31,2023-02-28,,25,REGISTRY_LAG_PSEUDO_REAL_TIME,
ALL_AUDITED_CANDIDATES,2023Q1,H3,standard,STRICT,household_credit,2023-03-31,2023-02-28,,25,REGISTRY_LAG_PSEUDO_REAL_TIME,
ALL_AUDITED_CANDIDATES,2023Q1,H3,standard,STRICT,corporate_credit,2023-03-31,2023-02-28,,25,REGISTRY_LAG_PSEUDO_REAL_TIME,
ALL_AUDITED_CANDIDATES,2023Q1,H3,standard,STRICT,fx_reserves_ex_gold,2023-03-31,2023-02-28,2023-02-28,7,REGISTRY_LAG_PSEUDO_REAL_TIME,
ALL_AUDITED_CANDIDATES,2023Q1,H3,standard,STRICT,pos_turnover,2023-03-31,2023-02-28,2023-02-28,18,REGISTRY_LAG_PSEUDO_REAL_TIME,
ALL_AUDITED_CANDIDATES,2023Q1,H3,standard,STRICT,instant_payments,2023-03-31,2023-02-28,2022-08-31,18,REGISTRY_LAG_PSEUDO_REAL_TIME,
ALL_AUDITED_CANDIDATES,2023Q1,H3,standard,STRICT,interbank_payments,2023-03-31,2023-02-28,2020-06-30,18,REGISTRY_LAG_PSEUDO_REAL_TIME,
ALL_AUDITED_CANDIDATES,2023Q1,H3,conservative,STRICT,industrial_production,2023-03-31,2023-01-31,2023-01-31,33,REGISTRY_LAG_PSEUDO_REAL_TIME,
ALL_AUDITED_CANDIDATES,2023Q1,H3,conservative,STRICT,manufacturing,2023-03-31,2023-01-31,2023-01-31,33,REGISTRY_LAG_PSEUDO_REAL_TIME,
ALL_AUDITED_CANDIDATES,2023Q1,H3,conservative,STRICT,mining,2023-03-31,2023-01-31,2023-01-31,33,REGISTRY_LAG_PSEUDO_REAL_TIME,
ALL_AUDITED_CANDIDATES,2023Q1,H3,conservative,STRICT,electricity_gas,2023-03-31,2023-01-31,2023-01-31,33,REGISTRY_LAG_PSEUDO_REAL_TIME,
ALL_AUDITED_CANDIDATES,2023Q1,H3,conservative,STRICT,construction,2023-03-31,2023-01-31,2023-01-31,27,REGISTRY_LAG_PSEUDO_REAL_TIME,
ALL_AUDITED_CANDIDATES,2023Q1,H3,conservative,STRICT,retail_trade,2023-03-31,2023-01-31,2023-01-31,24,REGISTRY_LAG_PSEUDO_REAL_TIME,
ALL_AUDITED_CANDIDATES,2023Q1,H3,conservative,STRICT,wholesale_trade,2023-03-31,2023-01-31,2023-01-31,24,REGISTRY_LAG_PSEUDO_REAL_TIME,
ALL_AUDITED_CANDIDATES,2023Q1,H3,conservative,STRICT,cpi_headline,2023-03-31,2023-02-28,2023-02-28,5,REGISTRY_LAG_PSEUDO_REAL_TIME,
ALL_AUDITED_CANDIDATES,2023Q1,H3,conservative,STRICT,cpi_food,2023-03-31,2023-02-28,2023-02-28,5,REGISTRY_LAG_PSEUDO_REAL_TIME,
ALL_AUDITED_CANDIDATES,2023Q1,H3,conservative,STRICT,cpi_services,2023-03-31,2023-02-28,2023-02-28,5,REGISTRY_LAG_PSEUDO_REAL_TIME,
ALL_AUDITED_CANDIDATES,2023Q1,H3,conservative,STRICT,ppi,2023-03-31,2023-02-28,2023-02-28,15,REGISTRY_LAG_PSEUDO_REAL_TIME,
ALL_AUDITED_CANDIDATES,2023Q1,H3,conservative,STRICT,exports_total,2023-03-31,2023-01-31,2023-01-31,26,REGISTRY_LAG_PSEUDO_REAL_TIME,
ALL_AUDITED_CANDIDATES,2023Q1,H3,conservative,STRICT,exports_non_gold,2023-03-31,2023-01-31,2023-01-31,26,REGISTRY_LAG_PSEUDO_REAL_TIME,
ALL_AUDITED_CANDIDATES,2023Q1,H3,conservative,STRICT,imports_total,2023-03-31,2023-01-31,2023-01-31,26,REGISTRY_LAG_PSEUDO_REAL_TIME,
ALL_AUDITED_CANDIDATES,2023Q1,H3,conservative,STRICT,gold_exports_proxy,2023-03-31,2023-01-31,2023-01-31,26,REGISTRY_LAG_PSEUDO_REAL_TIME,
ALL_AUDITED_CANDIDATES,2023Q1,H3,conservative,STRICT,usd_uzs,2023-03-31,2023-02-28,2023-02-28,0,REGISTRY_LAG_PSEUDO_REAL_TIME,
ALL_AUDITED_CANDIDATES,2023Q1,H3,conservative,STRICT,rub_uzs,2023-03-31,2023-02-28,2023-02-28,0,REGISTRY_LAG_PSEUDO_REAL_TIME,
ALL_AUDITED_CANDIDATES,2023Q1,H3,conservative,STRICT,gold_price,2023-03-31,2023-02-28,2023-02-28,7,REGISTRY_LAG_PSEUDO_REAL_TIME,
ALL_AUDITED_CANDIDATES,2023Q1,H3,conservative,STRICT,russia_ipi,2023-03-31,2023-01-31,,23,REGISTRY_LAG_PSEUDO_REAL_TIME,
ALL_AUDITED_CANDIDATES,2023Q1,H3,conservative,STRICT,m2,2023-03-31,2023-01-31,2023-01-31,25,REGISTRY_LAG_PSEUDO_REAL_TIME,
ALL_AUDITED_CANDIDATES,2023Q1,H3,conservative,STRICT,household_deposits,2023-03-31,2023-01-31,,25,REGISTRY_LAG_PSEUDO_REAL_TIME,
ALL_AUDITED_CANDIDATES,2023Q1,H3,conservative,STRICT,corporate_deposits,2023-03-31,2023-01-31,,25,REGISTRY_LAG_PSEUDO_REAL_TIME,
ALL_AUDITED_CANDIDATES,2023Q1,H3,conservative,STRICT,household_credit,2023-03-31,2023-01-31,,25,REGISTRY_LAG_PSEUDO_REAL_TIME,
ALL_AUDITED_CANDIDATES,2023Q1,H3,conservative,STRICT,corporate_credit,2023-03-31,2023-01-31,,25,REGISTRY_LAG_PSEUDO_REAL_TIME,
ALL_AUDITED_CANDIDATES,2023Q1,H3,conservative,STRICT,fx_reserves_ex_gold,2023-03-31,2023-02-28,2023-02-28,7,REGISTRY_LAG_PSEUDO_REAL_TIME,
ALL_AUDITED_CANDIDATES,2023Q1,H3,conservative,STRICT,pos_turnover,2023-03-31,2023-01-31,2023-01-31,18,REGISTRY_LAG_PSEUDO_REAL_TIME,
ALL_AUDITED_CANDIDATES,2023Q1,H3,conservative,STRICT,instant_payments,2023-03-31,2023-01-31,2022-08-31,18,REGISTRY_LAG_PSEUDO_REAL_TIME,
ALL_AUDITED_CANDIDATES,2023Q1,H3,conservative,STRICT,interbank_payments,2023-03-31,2023-01-31,2020-06-30,18,REGISTRY_LAG_PSEUDO_REAL_TIME,
ALL_AUDITED_CANDIDATES,2023Q2,H1,standard,STRICT,industrial_production,2023-04-30,2023-02-28,2023-02-28,33,REGISTRY_LAG_PSEUDO_REAL_TIME,
ALL_AUDITED_CANDIDATES,2023Q2,H1,standard,STRICT,manufacturing,2023-04-30,2023-02-28,2023-02-28,33,REGISTRY_LAG_PSEUDO_REAL_TIME,
ALL_AUDITED_CANDIDATES,2023Q2,H1,standard,STRICT,mining,2023-04-30,2023-02-28,2023-02-28,33,REGISTRY_LAG_PSEUDO_REAL_TIME,
ALL_AUDITED_CANDIDATES,2023Q2,H1,standard,STRICT,electricity_gas,2023-04-30,2023-02-28,2023-02-28,33,REGISTRY_LAG_PSEUDO_REAL_TIME,
ALL_AUDITED_CANDIDATES,2023Q2,H1,standard,STRICT,construction,2023-04-30,2023-03-31,2023-03-31,27,REGISTRY_LAG_PSEUDO_REAL_TIME,
ALL_AUDITED_CANDIDATES,2023Q2,H1,standard,STRICT,retail_trade,2023-04-30,2023-03-31,2023-03-31,24,REGISTRY_LAG_PSEUDO_REAL_TIME,
ALL_AUDITED_CANDIDATES,2023Q2,H1,standard,STRICT,wholesale_trade,2023-04-30,2023-03-31,2023-03-31,24,REGISTRY_LAG_PSEUDO_REAL_TIME,
ALL_AUDITED_CANDIDATES,2023Q2,H1,standard,STRICT,cpi_headline,2023-04-30,2023-03-31,2023-03-31,5,REGISTRY_LAG_PSEUDO_REAL_TIME,
ALL_AUDITED_CANDIDATES,2023Q2,H1,standard,STRICT,cpi_food,2023-04-30,2023-03-31,2023-03-31,5,REGISTRY_LAG_PSEUDO_REAL_TIME,
ALL_AUDITED_CANDIDATES,2023Q2,H1,standard,STRICT,cpi_services,2023-04-30,2023-03-31,2023-03-31,5,REGISTRY_LAG_PSEUDO_REAL_TIME,
ALL_AUDITED_CANDIDATES,2023Q2,H1,standard,STRICT,ppi,2023-04-30,2023-03-31,2023-03-31,15,REGISTRY_LAG_PSEUDO_REAL_TIME,
ALL_AUDITED_CANDIDATES,2023Q2,H1,standard,STRICT,exports_total,2023-04-30,2023-03-31,2023-03-31,26,REGISTRY_LAG_PSEUDO_REAL_TIME,
ALL_AUDITED_CANDIDATES,2023Q2,H1,standard,STRICT,exports_non_gold,2023-04-30,2023-03-31,2023-03-31,26,REGISTRY_LAG_PSEUDO_REAL_TIME,
ALL_AUDITED_CANDIDATES,2023Q2,H1,standard,STRICT,imports_total,2023-04-30,2023-03-31,2023-03-31,26,REGISTRY_LAG_PSEUDO_REAL_TIME,
ALL_AUDITED_CANDIDATES,2023Q2,H1,standard,STRICT,gold_exports_proxy,2023-04-30,2023-03-31,2023-03-31,26,REGISTRY_LAG_PSEUDO_REAL_TIME,
ALL_AUDITED_CANDIDATES,2023Q2,H1,standard,STRICT,usd_uzs,2023-04-30,2023-04-30,2023-04-30,0,REGISTRY_LAG_PSEUDO_REAL_TIME,
ALL_AUDITED_CANDIDATES,2023Q2,H1,standard,STRICT,rub_uzs,2023-04-30,2023-04-30,2023-04-30,0,REGISTRY_LAG_PSEUDO_REAL_TIME,
ALL_AUDITED_CANDIDATES,2023Q2,H1,standard,STRICT,gold_price,2023-04-30,2023-03-31,2023-03-31,7,REGISTRY_LAG_PSEUDO_REAL_TIME,
ALL_AUDITED_CANDIDATES,2023Q2,H1,standard,STRICT,russia_ipi,2023-04-30,2023-03-31,,23,REGISTRY_LAG_PSEUDO_REAL_TIME,
ALL_AUDITED_CANDIDATES,2023Q2,H1,standard,STRICT,m2,2023-04-30,2023-03-31,2023-03-31,25,REGISTRY_LAG_PSEUDO_REAL_TIME,
ALL_AUDITED_CANDIDATES,2023Q2,H1,standard,STRICT,household_deposits,2023-04-30,2023-03-31,,25,REGISTRY_LAG_PSEUDO_REAL_TIME,
ALL_AUDITED_CANDIDATES,2023Q2,H1,standard,STRICT,corporate_deposits,2023-04-30,2023-03-31,,25,REGISTRY_LAG_PSEUDO_REAL_TIME,
ALL_AUDITED_CANDIDATES,2023Q2,H1,standard,STRICT,household_credit,2023-04-30,2023-03-31,,25,REGISTRY_LAG_PSEUDO_REAL_TIME,
ALL_AUDITED_CANDIDATES,2023Q2,H1,standard,STRICT,corporate_credit,2023-04-30,2023-03-31,,25,REGISTRY_LAG_PSEUDO_REAL_TIME,
ALL_AUDITED_CANDIDATES,2023Q2,H1,standard,STRICT,fx_reserves_ex_gold,2023-04-30,2023-03-31,2023-03-31,7,REGISTRY_LAG_PSEUDO_REAL_TIME,
ALL_AUDITED_CANDIDATES,2023Q2,H1,standard,STRICT,pos_turnover,2023-04-30,2023-03-31,2023-03-31,18,REGISTRY_LAG_PSEUDO_REAL_TIME,
ALL_AUDITED_CANDIDATES,2023Q2,H1,standard,STRICT,instant_payments,2023-04-30,2023-03-31,2022-08-31,18,REGISTRY_LAG_PSEUDO_REAL_TIME,
ALL_AUDITED_CANDIDATES,2023Q2,H1,standard,STRICT,interbank_payments,2023-04-30,2023-03-31,2020-06-30,18,REGISTRY_LAG_PSEUDO_REAL_TIME,
ALL_AUDITED_CANDIDATES,2023Q2,H1,conservative,STRICT,industrial_production,2023-04-30,2023-02-28,2023-02-28,33,REGISTRY_LAG_PSEUDO_REAL_TIME,
ALL_AUDITED_CANDIDATES,2023Q2,H1,conservative,STRICT,manufacturing,2023-04-30,2023-02-28,2023-02-28,33,REGISTRY_LAG_PSEUDO_REAL_TIME,
ALL_AUDITED_CANDIDATES,2023Q2,H1,conservative,STRICT,mining,2023-04-30,2023-02-28,2023-02-28,33,REGISTRY_LAG_PSEUDO_REAL_TIME,
ALL_AUDITED_CANDIDATES,2023Q2,H1,conservative,STRICT,electricity_gas,2023-04-30,2023-02-28,2023-02-28,33,REGISTRY_LAG_PSEUDO_REAL_TIME,
ALL_AUDITED_CANDIDATES,2023Q2,H1,conservative,STRICT,construction,2023-04-30,2023-02-28,2023-02-28,27,REGISTRY_LAG_PSEUDO_REAL_TIME,
ALL_AUDITED_CANDIDATES,2023Q2,H1,conservative,STRICT,retail_trade,2023-04-30,2023-02-28,2023-02-28,24,REGISTRY_LAG_PSEUDO_REAL_TIME,
ALL_AUDITED_CANDIDATES,2023Q2,H1,conservative,STRICT,wholesale_trade,2023-04-30,2023-02-28,2023-02-28,24,REGISTRY_LAG_PSEUDO_REAL_TIME,
ALL_AUDITED_CANDIDATES,2023Q2,H1,conservative,STRICT,cpi_headline,2023-04-30,2023-03-31,2023-03-31,5,REGISTRY_LAG_PSEUDO_REAL_TIME,
ALL_AUDITED_CANDIDATES,2023Q2,H1,conservative,STRICT,cpi_food,2023-04-30,2023-03-31,2023-03-31,5,REGISTRY_LAG_PSEUDO_REAL_TIME,
ALL_AUDITED_CANDIDATES,2023Q2,H1,conservative,STRICT,cpi_services,2023-04-30,2023-03-31,2023-03-31,5,REGISTRY_LAG_PSEUDO_REAL_TIME,
ALL_AUDITED_CANDIDATES,2023Q2,H1,conservative,STRICT,ppi,2023-04-30,2023-03-31,2023-03-31,15,REGISTRY_LAG_PSEUDO_REAL_TIME,
ALL_AUDITED_CANDIDATES,2023Q2,H1,conservative,STRICT,exports_total,2023-04-30,2023-02-28,2023-02-28,26,REGISTRY_LAG_PSEUDO_REAL_TIME,
ALL_AUDITED_CANDIDATES,2023Q2,H1,conservative,STRICT,exports_non_gold,2023-04-30,2023-02-28,2023-02-28,26,REGISTRY_LAG_PSEUDO_REAL_TIME,
ALL_AUDITED_CANDIDATES,2023Q2,H1,conservative,STRICT,imports_total,2023-04-30,2023-02-28,2023-02-28,26,REGISTRY_LAG_PSEUDO_REAL_TIME,
ALL_AUDITED_CANDIDATES,2023Q2,H1,conservative,STRICT,gold_exports_proxy,2023-04-30,2023-02-28,2023-02-28,26,REGISTRY_LAG_PSEUDO_REAL_TIME,
ALL_AUDITED_CANDIDATES,2023Q2,H1,conservative,STRICT,usd_uzs,2023-04-30,2023-03-31,2023-03-31,0,REGISTRY_LAG_PSEUDO_REAL_TIME,
ALL_AUDITED_CANDIDATES,2023Q2,H1,conservative,STRICT,rub_uzs,2023-04-30,2023-03-31,2023-03-31,0,REGISTRY_LAG_PSEUDO_REAL_TIME,
ALL_AUDITED_CANDIDATES,2023Q2,H1,conservative,STRICT,gold_price,2023-04-30,2023-03-31,2023-03-31,7,REGISTRY_LAG_PSEUDO_REAL_TIME,
ALL_AUDITED_CANDIDATES,2023Q2,H1,conservative,STRICT,russia_ipi,2023-04-30,2023-02-28,,23,REGISTRY_LAG_PSEUDO_REAL_TIME,
ALL_AUDITED_CANDIDATES,2023Q2,H1,conservative,STRICT,m2,2023-04-30,2023-02-28,2023-02-28,25,REGISTRY_LAG_PSEUDO_REAL_TIME,
ALL_AUDITED_CANDIDATES,2023Q2,H1,conservative,STRICT,household_deposits,2023-04-30,2023-02-28,,25,REGISTRY_LAG_PSEUDO_REAL_TIME,
ALL_AUDITED_CANDIDATES,2023Q2,H1,conservative,STRICT,corporate_deposits,2023-04-30,2023-02-28,,25,REGISTRY_LAG_PSEUDO_REAL_TIME,
ALL_AUDITED_CANDIDATES,2023Q2,H1,conservative,STRICT,household_credit,2023-04-30,2023-02-28,,25,REGISTRY_LAG_PSEUDO_REAL_TIME,
ALL_AUDITED_CANDIDATES,2023Q2,H1,conservative,STRICT,corporate_credit,2023-04-30,2023-02-28,,25,REGISTRY_LAG_PSEUDO_REAL_TIME,
ALL_AUDITED_CANDIDATES,2023Q2,H1,conservative,STRICT,fx_reserves_ex_gold,2023-04-30,2023-03-31,2023-03-31,7,REGISTRY_LAG_PSEUDO_REAL_TIME,
ALL_AUDITED_CANDIDATES,2023Q2,H1,conservative,STRICT,pos_turnover,2023-04-30,2023-02-28,2023-02-28,18,REGISTRY_LAG_PSEUDO_REAL_TIME,
ALL_AUDITED_CANDIDATES,2023Q2,H1,conservative,STRICT,instant_payments,2023-04-30,2023-02-28,2022-08-31,18,REGISTRY_LAG_PSEUDO_REAL_TIME,
ALL_AUDITED_CANDIDATES,2023Q2,H1,conservative,STRICT,interbank_payments,2023-04-30,2023-02-28,2020-06-30,18,REGISTRY_LAG_PSEUDO_REAL_TIME,
ALL_AUDITED_CANDIDATES,2023Q2,H2,standard,STRICT,industrial_production,2023-05-31,2023-03-31,2023-03-31,33,REGISTRY_LAG_PSEUDO_REAL_TIME,
ALL_AUDITED_CANDIDATES,2023Q2,H2,standard,STRICT,manufacturing,2023-05-31,2023-03-31,2023-03-31,33,REGISTRY_LAG_PSEUDO_REAL_TIME,
ALL_AUDITED_CANDIDATES,2023Q2,H2,standard,STRICT,mining,2023-05-31,2023-03-31,2023-03-31,33,REGISTRY_LAG_PSEUDO_REAL_TIME,
ALL_AUDITED_CANDIDATES,2023Q2,H2,standard,STRICT,electricity_gas,2023-05-31,2023-03-31,2023-03-31,33,REGISTRY_LAG_PSEUDO_REAL_TIME,
ALL_AUDITED_CANDIDATES,2023Q2,H2,standard,STRICT,construction,2023-05-31,2023-04-30,2023-04-30,27,REGISTRY_LAG_PSEUDO_REAL_TIME,
ALL_AUDITED_CANDIDATES,2023Q2,H2,standard,STRICT,retail_trade,2023-05-31,2023-04-30,2023-04-30,24,REGISTRY_LAG_PSEUDO_REAL_TIME,
ALL_AUDITED_CANDIDATES,2023Q2,H2,standard,STRICT,wholesale_trade,2023-05-31,2023-04-30,2023-04-30,24,REGISTRY_LAG_PSEUDO_REAL_TIME,
ALL_AUDITED_CANDIDATES,2023Q2,H2,standard,STRICT,cpi_headline,2023-05-31,2023-04-30,2023-04-30,5,REGISTRY_LAG_PSEUDO_REAL_TIME,
ALL_AUDITED_CANDIDATES,2023Q2,H2,standard,STRICT,cpi_food,2023-05-31,2023-04-30,2023-04-30,5,REGISTRY_LAG_PSEUDO_REAL_TIME,
ALL_AUDITED_CANDIDATES,2023Q2,H2,standard,STRICT,cpi_services,2023-05-31,2023-04-30,2023-04-30,5,REGISTRY_LAG_PSEUDO_REAL_TIME,
ALL_AUDITED_CANDIDATES,2023Q2,H2,standard,STRICT,ppi,2023-05-31,2023-04-30,2023-04-30,15,REGISTRY_LAG_PSEUDO_REAL_TIME,
ALL_AUDITED_CANDIDATES,2023Q2,H2,standard,STRICT,exports_total,2023-05-31,2023-04-30,2023-04-30,26,REGISTRY_LAG_PSEUDO_REAL_TIME,
ALL_AUDITED_CANDIDATES,2023Q2,H2,standard,STRICT,exports_non_gold,2023-05-31,2023-04-30,2023-04-30,26,REGISTRY_LAG_PSEUDO_REAL_TIME,
ALL_AUDITED_CANDIDATES,2023Q2,H2,standard,STRICT,imports_total,2023-05-31,2023-04-30,2023-04-30,26,REGISTRY_LAG_PSEUDO_REAL_TIME,
ALL_AUDITED_CANDIDATES,2023Q2,H2,standard,STRICT,gold_exports_proxy,2023-05-31,2023-04-30,2023-04-30,26,REGISTRY_LAG_PSEUDO_REAL_TIME,
ALL_AUDITED_CANDIDATES,2023Q2,H2,standard,STRICT,usd_uzs,2023-05-31,2023-05-31,2023-05-31,0,REGISTRY_LAG_PSEUDO_REAL_TIME,
ALL_AUDITED_CANDIDATES,2023Q2,H2,standard,STRICT,rub_uzs,2023-05-31,2023-05-31,2023-05-31,0,REGISTRY_LAG_PSEUDO_REAL_TIME,
ALL_AUDITED_CANDIDATES,2023Q2,H2,standard,STRICT,gold_price,2023-05-31,2023-04-30,2023-04-30,7,REGISTRY_LAG_PSEUDO_REAL_TIME,
ALL_AUDITED_CANDIDATES,2023Q2,H2,standard,STRICT,russia_ipi,2023-05-31,2023-04-30,,23,REGISTRY_LAG_PSEUDO_REAL_TIME,
ALL_AUDITED_CANDIDATES,2023Q2,H2,standard,STRICT,m2,2023-05-31,2023-04-30,2023-04-30,25,REGISTRY_LAG_PSEUDO_REAL_TIME,
ALL_AUDITED_CANDIDATES,2023Q2,H2,standard,STRICT,household_deposits,2023-05-31,2023-04-30,,25,REGISTRY_LAG_PSEUDO_REAL_TIME,
ALL_AUDITED_CANDIDATES,2023Q2,H2,standard,STRICT,corporate_deposits,2023-05-31,2023-04-30,,25,REGISTRY_LAG_PSEUDO_REAL_TIME,
ALL_AUDITED_CANDIDATES,2023Q2,H2,standard,STRICT,household_credit,2023-05-31,2023-04-30,,25,REGISTRY_LAG_PSEUDO_REAL_TIME,
ALL_AUDITED_CANDIDATES,2023Q2,H2,standard,STRICT,corporate_credit,2023-05-31,2023-04-30,,25,REGISTRY_LAG_PSEUDO_REAL_TIME,
ALL_AUDITED_CANDIDATES,2023Q2,H2,standard,STRICT,fx_reserves_ex_gold,2023-05-31,2023-04-30,2023-04-30,7,REGISTRY_LAG_PSEUDO_REAL_TIME,
ALL_AUDITED_CANDIDATES,2023Q2,H2,standard,STRICT,pos_turnover,2023-05-31,2023-04-30,2023-04-30,18,REGISTRY_LAG_PSEUDO_REAL_TIME,
ALL_AUDITED_CANDIDATES,2023Q2,H2,standard,STRICT,instant_payments,2023-05-31,2023-04-30,2022-08-31,18,REGISTRY_LAG_PSEUDO_REAL_TIME,
ALL_AUDITED_CANDIDATES,2023Q2,H2,standard,STRICT,interbank_payments,2023-05-31,2023-04-30,2020-06-30,18,REGISTRY_LAG_PSEUDO_REAL_TIME,
ALL_AUDITED_CANDIDATES,2023Q2,H2,conservative,STRICT,industrial_production,2023-05-31,2023-03-31,2023-03-31,33,REGISTRY_LAG_PSEUDO_REAL_TIME,
ALL_AUDITED_CANDIDATES,2023Q2,H2,conservative,STRICT,manufacturing,2023-05-31,2023-03-31,2023-03-31,33,REGISTRY_LAG_PSEUDO_REAL_TIME,
ALL_AUDITED_CANDIDATES,2023Q2,H2,conservative,STRICT,mining,2023-05-31,2023-03-31,2023-03-31,33,REGISTRY_LAG_PSEUDO_REAL_TIME,
ALL_AUDITED_CANDIDATES,2023Q2,H2,conservative,STRICT,electricity_gas,2023-05-31,2023-03-31,2023-03-31,33,REGISTRY_LAG_PSEUDO_REAL_TIME,
ALL_AUDITED_CANDIDATES,2023Q2,H2,conservative,STRICT,construction,2023-05-31,2023-03-31,2023-03-31,27,REGISTRY_LAG_PSEUDO_REAL_TIME,
ALL_AUDITED_CANDIDATES,2023Q2,H2,conservative,STRICT,retail_trade,2023-05-31,2023-03-31,2023-03-31,24,REGISTRY_LAG_PSEUDO_REAL_TIME,
ALL_AUDITED_CANDIDATES,2023Q2,H2,conservative,STRICT,wholesale_trade,2023-05-31,2023-03-31,2023-03-31,24,REGISTRY_LAG_PSEUDO_REAL_TIME,
ALL_AUDITED_CANDIDATES,2023Q2,H2,conservative,STRICT,cpi_headline,2023-05-31,2023-04-30,2023-04-30,5,REGISTRY_LAG_PSEUDO_REAL_TIME,
ALL_AUDITED_CANDIDATES,2023Q2,H2,conservative,STRICT,cpi_food,2023-05-31,2023-04-30,2023-04-30,5,REGISTRY_LAG_PSEUDO_REAL_TIME,
ALL_AUDITED_CANDIDATES,2023Q2,H2,conservative,STRICT,cpi_services,2023-05-31,2023-04-30,2023-04-30,5,REGISTRY_LAG_PSEUDO_REAL_TIME,
ALL_AUDITED_CANDIDATES,2023Q2,H2,conservative,STRICT,ppi,2023-05-31,2023-04-30,2023-04-30,15,REGISTRY_LAG_PSEUDO_REAL_TIME,
ALL_AUDITED_CANDIDATES,2023Q2,H2,conservative,STRICT,exports_total,2023-05-31,2023-03-31,2023-03-31,26,REGISTRY_LAG_PSEUDO_REAL_TIME,
ALL_AUDITED_CANDIDATES,2023Q2,H2,conservative,STRICT,exports_non_gold,2023-05-31,2023-03-31,2023-03-31,26,REGISTRY_LAG_PSEUDO_REAL_TIME,
ALL_AUDITED_CANDIDATES,2023Q2,H2,conservative,STRICT,imports_total,2023-05-31,2023-03-31,2023-03-31,26,REGISTRY_LAG_PSEUDO_REAL_TIME,
ALL_AUDITED_CANDIDATES,2023Q2,H2,conservative,STRICT,gold_exports_proxy,2023-05-31,2023-03-31,2023-03-31,26,REGISTRY_LAG_PSEUDO_REAL_TIME,
ALL_AUDITED_CANDIDATES,2023Q2,H2,conservative,STRICT,usd_uzs,2023-05-31,2023-04-30,2023-04-30,0,REGISTRY_LAG_PSEUDO_REAL_TIME,
ALL_AUDITED_CANDIDATES,2023Q2,H2,conservative,STRICT,rub_uzs,2023-05-31,2023-04-30,2023-04-30,0,REGISTRY_LAG_PSEUDO_REAL_TIME,
ALL_AUDITED_CANDIDATES,2023Q2,H2,conservative,STRICT,gold_price,2023-05-31,2023-04-30,2023-04-30,7,REGISTRY_LAG_PSEUDO_REAL_TIME,
ALL_AUDITED_CANDIDATES,2023Q2,H2,conservative,STRICT,russia_ipi,2023-05-31,2023-03-31,,23,REGISTRY_LAG_PSEUDO_REAL_TIME,
ALL_AUDITED_CANDIDATES,2023Q2,H2,conservative,STRICT,m2,2023-05-31,2023-03-31,2023-03-31,25,REGISTRY_LAG_PSEUDO_REAL_TIME,
ALL_AUDITED_CANDIDATES,2023Q2,H2,conservative,STRICT,household_deposits,2023-05-31,2023-03-31,,25,REGISTRY_LAG_PSEUDO_REAL_TIME,
ALL_AUDITED_CANDIDATES,2023Q2,H2,conservative,STRICT,corporate_deposits,2023-05-31,2023-03-31,,25,REGISTRY_LAG_PSEUDO_REAL_TIME,
ALL_AUDITED_CANDIDATES,2023Q2,H2,conservative,STRICT,household_credit,2023-05-31,2023-03-31,,25,REGISTRY_LAG_PSEUDO_REAL_TIME,
ALL_AUDITED_CANDIDATES,2023Q2,H2,conservative,STRICT,corporate_credit,2023-05-31,2023-03-31,,25,REGISTRY_LAG_PSEUDO_REAL_TIME,
ALL_AUDITED_CANDIDATES,2023Q2,H2,conservative,STRICT,fx_reserves_ex_gold,2023-05-31,2023-04-30,2023-04-30,7,REGISTRY_LAG_PSEUDO_REAL_TIME,
ALL_AUDITED_CANDIDATES,2023Q2,H2,conservative,STRICT,pos_turnover,2023-05-31,2023-03-31,2023-03-31,18,REGISTRY_LAG_PSEUDO_REAL_TIME,
ALL_AUDITED_CANDIDATES,2023Q2,H2,conservative,STRICT,instant_payments,2023-05-31,2023-03-31,2022-08-31,18,REGISTRY_LAG_PSEUDO_REAL_TIME,
ALL_AUDITED_CANDIDATES,2023Q2,H2,conservative,STRICT,interbank_payments,2023-05-31,2023-03-31,2020-06-30,18,REGISTRY_LAG_PSEUDO_REAL_TIME,
ALL_AUDITED_CANDIDATES,2023Q2,H3,standard,STRICT,industrial_production,2023-06-30,2023-04-30,2023-04-30,33,REGISTRY_LAG_PSEUDO_REAL_TIME,
ALL_AUDITED_CANDIDATES,2023Q2,H3,standard,STRICT,manufacturing,2023-06-30,2023-04-30,2023-04-30,33,REGISTRY_LAG_PSEUDO_REAL_TIME,
ALL_AUDITED_CANDIDATES,2023Q2,H3,standard,STRICT,mining,2023-06-30,2023-04-30,2023-04-30,33,REGISTRY_LAG_PSEUDO_REAL_TIME,
ALL_AUDITED_CANDIDATES,2023Q2,H3,standard,STRICT,electricity_gas,2023-06-30,2023-04-30,2023-04-30,33,REGISTRY_LAG_PSEUDO_REAL_TIME,
ALL_AUDITED_CANDIDATES,2023Q2,H3,standard,STRICT,construction,2023-06-30,2023-05-31,2023-05-31,27,REGISTRY_LAG_PSEUDO_REAL_TIME,
ALL_AUDITED_CANDIDATES,2023Q2,H3,standard,STRICT,retail_trade,2023-06-30,2023-05-31,2023-05-31,24,REGISTRY_LAG_PSEUDO_REAL_TIME,
ALL_AUDITED_CANDIDATES,2023Q2,H3,standard,STRICT,wholesale_trade,2023-06-30,2023-05-31,2023-05-31,24,REGISTRY_LAG_PSEUDO_REAL_TIME,
ALL_AUDITED_CANDIDATES,2023Q2,H3,standard,STRICT,cpi_headline,2023-06-30,2023-05-31,2023-05-31,5,REGISTRY_LAG_PSEUDO_REAL_TIME,
ALL_AUDITED_CANDIDATES,2023Q2,H3,standard,STRICT,cpi_food,2023-06-30,2023-05-31,2023-05-31,5,REGISTRY_LAG_PSEUDO_REAL_TIME,
ALL_AUDITED_CANDIDATES,2023Q2,H3,standard,STRICT,cpi_services,2023-06-30,2023-05-31,2023-05-31,5,REGISTRY_LAG_PSEUDO_REAL_TIME,
ALL_AUDITED_CANDIDATES,2023Q2,H3,standard,STRICT,ppi,2023-06-30,2023-05-31,2023-05-31,15,REGISTRY_LAG_PSEUDO_REAL_TIME,
ALL_AUDITED_CANDIDATES,2023Q2,H3,standard,STRICT,exports_total,2023-06-30,2023-05-31,2023-05-31,26,REGISTRY_LAG_PSEUDO_REAL_TIME,
ALL_AUDITED_CANDIDATES,2023Q2,H3,standard,STRICT,exports_non_gold,2023-06-30,2023-05-31,2023-05-31,26,REGISTRY_LAG_PSEUDO_REAL_TIME,
ALL_AUDITED_CANDIDATES,2023Q2,H3,standard,STRICT,imports_total,2023-06-30,2023-05-31,2023-05-31,26,REGISTRY_LAG_PSEUDO_REAL_TIME,
ALL_AUDITED_CANDIDATES,2023Q2,H3,standard,STRICT,gold_exports_proxy,2023-06-30,2023-05-31,2023-05-31,26,REGISTRY_LAG_PSEUDO_REAL_TIME,
ALL_AUDITED_CANDIDATES,2023Q2,H3,standard,STRICT,usd_uzs,2023-06-30,2023-06-30,2023-06-30,0,REGISTRY_LAG_PSEUDO_REAL_TIME,
ALL_AUDITED_CANDIDATES,2023Q2,H3,standard,STRICT,rub_uzs,2023-06-30,2023-06-30,2023-06-30,0,REGISTRY_LAG_PSEUDO_REAL_TIME,
ALL_AUDITED_CANDIDATES,2023Q2,H3,standard,STRICT,gold_price,2023-06-30,2023-05-31,2023-05-31,7,REGISTRY_LAG_PSEUDO_REAL_TIME,
ALL_AUDITED_CANDIDATES,2023Q2,H3,standard,STRICT,russia_ipi,2023-06-30,2023-05-31,,23,REGISTRY_LAG_PSEUDO_REAL_TIME,
ALL_AUDITED_CANDIDATES,2023Q2,H3,standard,STRICT,m2,2023-06-30,2023-05-31,2023-05-31,25,REGISTRY_LAG_PSEUDO_REAL_TIME,
ALL_AUDITED_CANDIDATES,2023Q2,H3,standard,STRICT,household_deposits,2023-06-30,2023-05-31,,25,REGISTRY_LAG_PSEUDO_REAL_TIME,
ALL_AUDITED_CANDIDATES,2023Q2,H3,standard,STRICT,corporate_deposits,2023-06-30,2023-05-31,,25,REGISTRY_LAG_PSEUDO_REAL_TIME,
ALL_AUDITED_CANDIDATES,2023Q2,H3,standard,STRICT,household_credit,2023-06-30,2023-05-31,,25,REGISTRY_LAG_PSEUDO_REAL_TIME,
ALL_AUDITED_CANDIDATES,2023Q2,H3,standard,STRICT,corporate_credit,2023-06-30,2023-05-31,,25,REGISTRY_LAG_PSEUDO_REAL_TIME,
ALL_AUDITED_CANDIDATES,2023Q2,H3,standard,STRICT,fx_reserves_ex_gold,2023-06-30,2023-05-31,2023-05-31,7,REGISTRY_LAG_PSEUDO_REAL_TIME,
ALL_AUDITED_CANDIDATES,2023Q2,H3,standard,STRICT,pos_turnover,2023-06-30,2023-05-31,2023-05-31,18,REGISTRY_LAG_PSEUDO_REAL_TIME,
ALL_AUDITED_CANDIDATES,2023Q2,H3,standard,STRICT,instant_payments,2023-06-30,2023-05-31,2022-08-31,18,REGISTRY_LAG_PSEUDO_REAL_TIME,
ALL_AUDITED_CANDIDATES,2023Q2,H3,standard,STRICT,interbank_payments,2023-06-30,2023-05-31,2020-06-30,18,REGISTRY_LAG_PSEUDO_REAL_TIME,
ALL_AUDITED_CANDIDATES,2023Q2,H3,conservative,STRICT,industrial_production,2023-06-30,2023-04-30,2023-04-30,33,REGISTRY_LAG_PSEUDO_REAL_TIME,
ALL_AUDITED_CANDIDATES,2023Q2,H3,conservative,STRICT,manufacturing,2023-06-30,2023-04-30,2023-04-30,33,REGISTRY_LAG_PSEUDO_REAL_TIME,
ALL_AUDITED_CANDIDATES,2023Q2,H3,conservative,STRICT,mining,2023-06-30,2023-04-30,2023-04-30,33,REGISTRY_LAG_PSEUDO_REAL_TIME,
ALL_AUDITED_CANDIDATES,2023Q2,H3,conservative,STRICT,electricity_gas,2023-06-30,2023-04-30,2023-04-30,33,REGISTRY_LAG_PSEUDO_REAL_TIME,
ALL_AUDITED_CANDIDATES,2023Q2,H3,conservative,STRICT,construction,2023-06-30,2023-04-30,2023-04-30,27,REGISTRY_LAG_PSEUDO_REAL_TIME,
ALL_AUDITED_CANDIDATES,2023Q2,H3,conservative,STRICT,retail_trade,2023-06-30,2023-04-30,2023-04-30,24,REGISTRY_LAG_PSEUDO_REAL_TIME,
ALL_AUDITED_CANDIDATES,2023Q2,H3,conservative,STRICT,wholesale_trade,2023-06-30,2023-04-30,2023-04-30,24,REGISTRY_LAG_PSEUDO_REAL_TIME,
ALL_AUDITED_CANDIDATES,2023Q2,H3,conservative,STRICT,cpi_headline,2023-06-30,2023-05-31,2023-05-31,5,REGISTRY_LAG_PSEUDO_REAL_TIME,
ALL_AUDITED_CANDIDATES,2023Q2,H3,conservative,STRICT,cpi_food,2023-06-30,2023-05-31,2023-05-31,5,REGISTRY_LAG_PSEUDO_REAL_TIME,
ALL_AUDITED_CANDIDATES,2023Q2,H3,conservative,STRICT,cpi_services,2023-06-30,2023-05-31,2023-05-31,5,REGISTRY_LAG_PSEUDO_REAL_TIME,
ALL_AUDITED_CANDIDATES,2023Q2,H3,conservative,STRICT,ppi,2023-06-30,2023-05-31,2023-05-31,15,REGISTRY_LAG_PSEUDO_REAL_TIME,
ALL_AUDITED_CANDIDATES,2023Q2,H3,conservative,STRICT,exports_total,2023-06-30,2023-04-30,2023-04-30,26,REGISTRY_LAG_PSEUDO_REAL_TIME,
ALL_AUDITED_CANDIDATES,2023Q2,H3,conservative,STRICT,exports_non_gold,2023-06-30,2023-04-30,2023-04-30,26,REGISTRY_LAG_PSEUDO_REAL_TIME,
ALL_AUDITED_CANDIDATES,2023Q2,H3,conservative,STRICT,imports_total,2023-06-30,2023-04-30,2023-04-30,26,REGISTRY_LAG_PSEUDO_REAL_TIME,
ALL_AUDITED_CANDIDATES,2023Q2,H3,conservative,STRICT,gold_exports_proxy,2023-06-30,2023-04-30,2023-04-30,26,REGISTRY_LAG_PSEUDO_REAL_TIME,
ALL_AUDITED_CANDIDATES,2023Q2,H3,conservative,STRICT,usd_uzs,2023-06-30,2023-05-31,2023-05-31,0,REGISTRY_LAG_PSEUDO_REAL_TIME,
ALL_AUDITED_CANDIDATES,2023Q2,H3,conservative,STRICT,rub_uzs,2023-06-30,2023-05-31,2023-05-31,0,REGISTRY_LAG_PSEUDO_REAL_TIME,
ALL_AUDITED_CANDIDATES,2023Q2,H3,conservative,STRICT,gold_price,2023-06-30,2023-05-31,2023-05-31,7,REGISTRY_LAG_PSEUDO_REAL_TIME,
ALL_AUDITED_CANDIDATES,2023Q2,H3,conservative,STRICT,russia_ipi,2023-06-30,2023-04-30,,23,REGISTRY_LAG_PSEUDO_REAL_TIME,
ALL_AUDITED_CANDIDATES,2023Q2,H3,conservative,STRICT,m2,2023-06-30,2023-04-30,2023-04-30,25,REGISTRY_LAG_PSEUDO_REAL_TIME,
ALL_AUDITED_CANDIDATES,2023Q2,H3,conservative,STRICT,household_deposits,2023-06-30,2023-04-30,,25,REGISTRY_LAG_PSEUDO_REAL_TIME,
ALL_AUDITED_CANDIDATES,2023Q2,H3,conservative,STRICT,corporate_deposits,2023-06-30,2023-04-30,,25,REGISTRY_LAG_PSEUDO_REAL_TIME,
ALL_AUDITED_CANDIDATES,2023Q2,H3,conservative,STRICT,household_credit,2023-06-30,2023-04-30,,25,REGISTRY_LAG_PSEUDO_REAL_TIME,
ALL_AUDITED_CANDIDATES,2023Q2,H3,conservative,STRICT,corporate_credit,2023-06-30,2023-04-30,,25,REGISTRY_LAG_PSEUDO_REAL_TIME,
ALL_AUDITED_CANDIDATES,2023Q2,H3,conservative,STRICT,fx_reserves_ex_gold,2023-06-30,2023-05-31,2023-05-31,7,REGISTRY_LAG_PSEUDO_REAL_TIME,
ALL_AUDITED_CANDIDATES,2023Q2,H3,conservative,STRICT,pos_turnover,2023-06-30,2023-04-30,2023-04-30,18,REGISTRY_LAG_PSEUDO_REAL_TIME,
ALL_AUDITED_CANDIDATES,2023Q2,H3,conservative,STRICT,instant_payments,2023-06-30,2023-04-30,2022-08-31,18,REGISTRY_LAG_PSEUDO_REAL_TIME,
ALL_AUDITED_CANDIDATES,2023Q2,H3,conservative,STRICT,interbank_payments,2023-06-30,2023-04-30,2020-06-30,18,REGISTRY_LAG_PSEUDO_REAL_TIME,
ALL_AUDITED_CANDIDATES,2023Q3,H1,standard,STRICT,industrial_production,2023-07-31,2023-05-31,2023-05-31,33,REGISTRY_LAG_PSEUDO_REAL_TIME,
ALL_AUDITED_CANDIDATES,2023Q3,H1,standard,STRICT,manufacturing,2023-07-31,2023-05-31,2023-05-31,33,REGISTRY_LAG_PSEUDO_REAL_TIME,
ALL_AUDITED_CANDIDATES,2023Q3,H1,standard,STRICT,mining,2023-07-31,2023-05-31,2023-05-31,33,REGISTRY_LAG_PSEUDO_REAL_TIME,
ALL_AUDITED_CANDIDATES,2023Q3,H1,standard,STRICT,electricity_gas,2023-07-31,2023-05-31,2023-05-31,33,REGISTRY_LAG_PSEUDO_REAL_TIME,
ALL_AUDITED_CANDIDATES,2023Q3,H1,standard,STRICT,construction,2023-07-31,2023-06-30,2023-06-30,27,REGISTRY_LAG_PSEUDO_REAL_TIME,
ALL_AUDITED_CANDIDATES,2023Q3,H1,standard,STRICT,retail_trade,2023-07-31,2023-06-30,2023-06-30,24,REGISTRY_LAG_PSEUDO_REAL_TIME,
ALL_AUDITED_CANDIDATES,2023Q3,H1,standard,STRICT,wholesale_trade,2023-07-31,2023-06-30,2023-06-30,24,REGISTRY_LAG_PSEUDO_REAL_TIME,
ALL_AUDITED_CANDIDATES,2023Q3,H1,standard,STRICT,cpi_headline,2023-07-31,2023-06-30,2023-06-30,5,REGISTRY_LAG_PSEUDO_REAL_TIME,
ALL_AUDITED_CANDIDATES,2023Q3,H1,standard,STRICT,cpi_food,2023-07-31,2023-06-30,2023-06-30,5,REGISTRY_LAG_PSEUDO_REAL_TIME,
ALL_AUDITED_CANDIDATES,2023Q3,H1,standard,STRICT,cpi_services,2023-07-31,2023-06-30,2023-06-30,5,REGISTRY_LAG_PSEUDO_REAL_TIME,
ALL_AUDITED_CANDIDATES,2023Q3,H1,standard,STRICT,ppi,2023-07-31,2023-06-30,2023-06-30,15,REGISTRY_LAG_PSEUDO_REAL_TIME,
ALL_AUDITED_CANDIDATES,2023Q3,H1,standard,STRICT,exports_total,2023-07-31,2023-06-30,2023-06-30,26,REGISTRY_LAG_PSEUDO_REAL_TIME,
ALL_AUDITED_CANDIDATES,2023Q3,H1,standard,STRICT,exports_non_gold,2023-07-31,2023-06-30,2023-06-30,26,REGISTRY_LAG_PSEUDO_REAL_TIME,
ALL_AUDITED_CANDIDATES,2023Q3,H1,standard,STRICT,imports_total,2023-07-31,2023-06-30,2023-06-30,26,REGISTRY_LAG_PSEUDO_REAL_TIME,
ALL_AUDITED_CANDIDATES,2023Q3,H1,standard,STRICT,gold_exports_proxy,2023-07-31,2023-06-30,2023-06-30,26,REGISTRY_LAG_PSEUDO_REAL_TIME,
ALL_AUDITED_CANDIDATES,2023Q3,H1,standard,STRICT,usd_uzs,2023-07-31,2023-07-31,2023-07-31,0,REGISTRY_LAG_PSEUDO_REAL_TIME,
ALL_AUDITED_CANDIDATES,2023Q3,H1,standard,STRICT,rub_uzs,2023-07-31,2023-07-31,2023-07-31,0,REGISTRY_LAG_PSEUDO_REAL_TIME,
ALL_AUDITED_CANDIDATES,2023Q3,H1,standard,STRICT,gold_price,2023-07-31,2023-06-30,2023-06-30,7,REGISTRY_LAG_PSEUDO_REAL_TIME,
ALL_AUDITED_CANDIDATES,2023Q3,H1,standard,STRICT,russia_ipi,2023-07-31,2023-06-30,,23,REGISTRY_LAG_PSEUDO_REAL_TIME,
ALL_AUDITED_CANDIDATES,2023Q3,H1,standard,STRICT,m2,2023-07-31,2023-06-30,2023-06-30,25,REGISTRY_LAG_PSEUDO_REAL_TIME,
ALL_AUDITED_CANDIDATES,2023Q3,H1,standard,STRICT,household_deposits,2023-07-31,2023-06-30,,25,REGISTRY_LAG_PSEUDO_REAL_TIME,
ALL_AUDITED_CANDIDATES,2023Q3,H1,standard,STRICT,corporate_deposits,2023-07-31,2023-06-30,,25,REGISTRY_LAG_PSEUDO_REAL_TIME,
ALL_AUDITED_CANDIDATES,2023Q3,H1,standard,STRICT,household_credit,2023-07-31,2023-06-30,,25,REGISTRY_LAG_PSEUDO_REAL_TIME,
ALL_AUDITED_CANDIDATES,2023Q3,H1,standard,STRICT,corporate_credit,2023-07-31,2023-06-30,,25,REGISTRY_LAG_PSEUDO_REAL_TIME,
ALL_AUDITED_CANDIDATES,2023Q3,H1,standard,STRICT,fx_reserves_ex_gold,2023-07-31,2023-06-30,2023-06-30,7,REGISTRY_LAG_PSEUDO_REAL_TIME,
ALL_AUDITED_CANDIDATES,2023Q3,H1,standard,STRICT,pos_turnover,2023-07-31,2023-06-30,2023-06-30,18,REGISTRY_LAG_PSEUDO_REAL_TIME,
ALL_AUDITED_CANDIDATES,2023Q3,H1,standard,STRICT,instant_payments,2023-07-31,2023-06-30,2022-08-31,18,REGISTRY_LAG_PSEUDO_REAL_TIME,
ALL_AUDITED_CANDIDATES,2023Q3,H1,standard,STRICT,interbank_payments,2023-07-31,2023-06-30,2020-06-30,18,REGISTRY_LAG_PSEUDO_REAL_TIME,
ALL_AUDITED_CANDIDATES,2023Q3,H1,conservative,STRICT,industrial_production,2023-07-31,2023-05-31,2023-05-31,33,REGISTRY_LAG_PSEUDO_REAL_TIME,
ALL_AUDITED_CANDIDATES,2023Q3,H1,conservative,STRICT,manufacturing,2023-07-31,2023-05-31,2023-05-31,33,REGISTRY_LAG_PSEUDO_REAL_TIME,
ALL_AUDITED_CANDIDATES,2023Q3,H1,conservative,STRICT,mining,2023-07-31,2023-05-31,2023-05-31,33,REGISTRY_LAG_PSEUDO_REAL_TIME,
ALL_AUDITED_CANDIDATES,2023Q3,H1,conservative,STRICT,electricity_gas,2023-07-31,2023-05-31,2023-05-31,33,REGISTRY_LAG_PSEUDO_REAL_TIME,
ALL_AUDITED_CANDIDATES,2023Q3,H1,conservative,STRICT,construction,2023-07-31,2023-05-31,2023-05-31,27,REGISTRY_LAG_PSEUDO_REAL_TIME,
ALL_AUDITED_CANDIDATES,2023Q3,H1,conservative,STRICT,retail_trade,2023-07-31,2023-05-31,2023-05-31,24,REGISTRY_LAG_PSEUDO_REAL_TIME,
ALL_AUDITED_CANDIDATES,2023Q3,H1,conservative,STRICT,wholesale_trade,2023-07-31,2023-05-31,2023-05-31,24,REGISTRY_LAG_PSEUDO_REAL_TIME,
ALL_AUDITED_CANDIDATES,2023Q3,H1,conservative,STRICT,cpi_headline,2023-07-31,2023-06-30,2023-06-30,5,REGISTRY_LAG_PSEUDO_REAL_TIME,
ALL_AUDITED_CANDIDATES,2023Q3,H1,conservative,STRICT,cpi_food,2023-07-31,2023-06-30,2023-06-30,5,REGISTRY_LAG_PSEUDO_REAL_TIME,
ALL_AUDITED_CANDIDATES,2023Q3,H1,conservative,STRICT,cpi_services,2023-07-31,2023-06-30,2023-06-30,5,REGISTRY_LAG_PSEUDO_REAL_TIME,
ALL_AUDITED_CANDIDATES,2023Q3,H1,conservative,STRICT,ppi,2023-07-31,2023-06-30,2023-06-30,15,REGISTRY_LAG_PSEUDO_REAL_TIME,
ALL_AUDITED_CANDIDATES,2023Q3,H1,conservative,STRICT,exports_total,2023-07-31,2023-05-31,2023-05-31,26,REGISTRY_LAG_PSEUDO_REAL_TIME,
ALL_AUDITED_CANDIDATES,2023Q3,H1,conservative,STRICT,exports_non_gold,2023-07-31,2023-05-31,2023-05-31,26,REGISTRY_LAG_PSEUDO_REAL_TIME,
ALL_AUDITED_CANDIDATES,2023Q3,H1,conservative,STRICT,imports_total,2023-07-31,2023-05-31,2023-05-31,26,REGISTRY_LAG_PSEUDO_REAL_TIME,
ALL_AUDITED_CANDIDATES,2023Q3,H1,conservative,STRICT,gold_exports_proxy,2023-07-31,2023-05-31,2023-05-31,26,REGISTRY_LAG_PSEUDO_REAL_TIME,
ALL_AUDITED_CANDIDATES,2023Q3,H1,conservative,STRICT,usd_uzs,2023-07-31,2023-06-30,2023-06-30,0,REGISTRY_LAG_PSEUDO_REAL_TIME,
ALL_AUDITED_CANDIDATES,2023Q3,H1,conservative,STRICT,rub_uzs,2023-07-31,2023-06-30,2023-06-30,0,REGISTRY_LAG_PSEUDO_REAL_TIME,
ALL_AUDITED_CANDIDATES,2023Q3,H1,conservative,STRICT,gold_price,2023-07-31,2023-06-30,2023-06-30,7,REGISTRY_LAG_PSEUDO_REAL_TIME,
ALL_AUDITED_CANDIDATES,2023Q3,H1,conservative,STRICT,russia_ipi,2023-07-31,2023-05-31,,23,REGISTRY_LAG_PSEUDO_REAL_TIME,
ALL_AUDITED_CANDIDATES,2023Q3,H1,conservative,STRICT,m2,2023-07-31,2023-05-31,2023-05-31,25,REGISTRY_LAG_PSEUDO_REAL_TIME,
ALL_AUDITED_CANDIDATES,2023Q3,H1,conservative,STRICT,household_deposits,2023-07-31,2023-05-31,,25,REGISTRY_LAG_PSEUDO_REAL_TIME,
ALL_AUDITED_CANDIDATES,2023Q3,H1,conservative,STRICT,corporate_deposits,2023-07-31,2023-05-31,,25,REGISTRY_LAG_PSEUDO_REAL_TIME,
ALL_AUDITED_CANDIDATES,2023Q3,H1,conservative,STRICT,household_credit,2023-07-31,2023-05-31,,25,REGISTRY_LAG_PSEUDO_REAL_TIME,
ALL_AUDITED_CANDIDATES,2023Q3,H1,conservative,STRICT,corporate_credit,2023-07-31,2023-05-31,,25,REGISTRY_LAG_PSEUDO_REAL_TIME,
ALL_AUDITED_CANDIDATES,2023Q3,H1,conservative,STRICT,fx_reserves_ex_gold,2023-07-31,2023-06-30,2023-06-30,7,REGISTRY_LAG_PSEUDO_REAL_TIME,
ALL_AUDITED_CANDIDATES,2023Q3,H1,conservative,STRICT,pos_turnover,2023-07-31,2023-05-31,2023-05-31,18,REGISTRY_LAG_PSEUDO_REAL_TIME,
ALL_AUDITED_CANDIDATES,2023Q3,H1,conservative,STRICT,instant_payments,2023-07-31,2023-05-31,2022-08-31,18,REGISTRY_LAG_PSEUDO_REAL_TIME,
ALL_AUDITED_CANDIDATES,2023Q3,H1,conservative,STRICT,interbank_payments,2023-07-31,2023-05-31,2020-06-30,18,REGISTRY_LAG_PSEUDO_REAL_TIME,
ALL_AUDITED_CANDIDATES,2023Q3,H2,standard,STRICT,industrial_production,2023-08-31,2023-06-30,2023-06-30,33,REGISTRY_LAG_PSEUDO_REAL_TIME,
ALL_AUDITED_CANDIDATES,2023Q3,H2,standard,STRICT,manufacturing,2023-08-31,2023-06-30,2023-06-30,33,REGISTRY_LAG_PSEUDO_REAL_TIME,
ALL_AUDITED_CANDIDATES,2023Q3,H2,standard,STRICT,mining,2023-08-31,2023-06-30,2023-06-30,33,REGISTRY_LAG_PSEUDO_REAL_TIME,
ALL_AUDITED_CANDIDATES,2023Q3,H2,standard,STRICT,electricity_gas,2023-08-31,2023-06-30,2023-06-30,33,REGISTRY_LAG_PSEUDO_REAL_TIME,
ALL_AUDITED_CANDIDATES,2023Q3,H2,standard,STRICT,construction,2023-08-31,2023-07-31,2023-07-31,27,REGISTRY_LAG_PSEUDO_REAL_TIME,
ALL_AUDITED_CANDIDATES,2023Q3,H2,standard,STRICT,retail_trade,2023-08-31,2023-07-31,2023-07-31,24,REGISTRY_LAG_PSEUDO_REAL_TIME,
ALL_AUDITED_CANDIDATES,2023Q3,H2,standard,STRICT,wholesale_trade,2023-08-31,2023-07-31,2023-07-31,24,REGISTRY_LAG_PSEUDO_REAL_TIME,
ALL_AUDITED_CANDIDATES,2023Q3,H2,standard,STRICT,cpi_headline,2023-08-31,2023-07-31,2023-07-31,5,REGISTRY_LAG_PSEUDO_REAL_TIME,
ALL_AUDITED_CANDIDATES,2023Q3,H2,standard,STRICT,cpi_food,2023-08-31,2023-07-31,2023-07-31,5,REGISTRY_LAG_PSEUDO_REAL_TIME,
ALL_AUDITED_CANDIDATES,2023Q3,H2,standard,STRICT,cpi_services,2023-08-31,2023-07-31,2023-07-31,5,REGISTRY_LAG_PSEUDO_REAL_TIME,
ALL_AUDITED_CANDIDATES,2023Q3,H2,standard,STRICT,ppi,2023-08-31,2023-07-31,2023-07-31,15,REGISTRY_LAG_PSEUDO_REAL_TIME,
ALL_AUDITED_CANDIDATES,2023Q3,H2,standard,STRICT,exports_total,2023-08-31,2023-07-31,2023-07-31,26,REGISTRY_LAG_PSEUDO_REAL_TIME,
ALL_AUDITED_CANDIDATES,2023Q3,H2,standard,STRICT,exports_non_gold,2023-08-31,2023-07-31,2023-07-31,26,REGISTRY_LAG_PSEUDO_REAL_TIME,
ALL_AUDITED_CANDIDATES,2023Q3,H2,standard,STRICT,imports_total,2023-08-31,2023-07-31,2023-07-31,26,REGISTRY_LAG_PSEUDO_REAL_TIME,
ALL_AUDITED_CANDIDATES,2023Q3,H2,standard,STRICT,gold_exports_proxy,2023-08-31,2023-07-31,2023-07-31,26,REGISTRY_LAG_PSEUDO_REAL_TIME,
ALL_AUDITED_CANDIDATES,2023Q3,H2,standard,STRICT,usd_uzs,2023-08-31,2023-08-31,2023-08-31,0,REGISTRY_LAG_PSEUDO_REAL_TIME,
ALL_AUDITED_CANDIDATES,2023Q3,H2,standard,STRICT,rub_uzs,2023-08-31,2023-08-31,2023-08-31,0,REGISTRY_LAG_PSEUDO_REAL_TIME,
ALL_AUDITED_CANDIDATES,2023Q3,H2,standard,STRICT,gold_price,2023-08-31,2023-07-31,2023-07-31,7,REGISTRY_LAG_PSEUDO_REAL_TIME,
ALL_AUDITED_CANDIDATES,2023Q3,H2,standard,STRICT,russia_ipi,2023-08-31,2023-07-31,,23,REGISTRY_LAG_PSEUDO_REAL_TIME,
ALL_AUDITED_CANDIDATES,2023Q3,H2,standard,STRICT,m2,2023-08-31,2023-07-31,2023-07-31,25,REGISTRY_LAG_PSEUDO_REAL_TIME,
ALL_AUDITED_CANDIDATES,2023Q3,H2,standard,STRICT,household_deposits,2023-08-31,2023-07-31,2023-07-31,25,REGISTRY_LAG_PSEUDO_REAL_TIME,
ALL_AUDITED_CANDIDATES,2023Q3,H2,standard,STRICT,corporate_deposits,2023-08-31,2023-07-31,2023-07-31,25,REGISTRY_LAG_PSEUDO_REAL_TIME,
ALL_AUDITED_CANDIDATES,2023Q3,H2,standard,STRICT,household_credit,2023-08-31,2023-07-31,2023-07-31,25,REGISTRY_LAG_PSEUDO_REAL_TIME,
ALL_AUDITED_CANDIDATES,2023Q3,H2,standard,STRICT,corporate_credit,2023-08-31,2023-07-31,2023-07-31,25,REGISTRY_LAG_PSEUDO_REAL_TIME,
ALL_AUDITED_CANDIDATES,2023Q3,H2,standard,STRICT,fx_reserves_ex_gold,2023-08-31,2023-07-31,2023-07-31,7,REGISTRY_LAG_PSEUDO_REAL_TIME,
ALL_AUDITED_CANDIDATES,2023Q3,H2,standard,STRICT,pos_turnover,2023-08-31,2023-07-31,2023-07-31,18,REGISTRY_LAG_PSEUDO_REAL_TIME,
ALL_AUDITED_CANDIDATES,2023Q3,H2,standard,STRICT,instant_payments,2023-08-31,2023-07-31,2022-08-31,18,REGISTRY_LAG_PSEUDO_REAL_TIME,
ALL_AUDITED_CANDIDATES,2023Q3,H2,standard,STRICT,interbank_payments,2023-08-31,2023-07-31,2020-06-30,18,REGISTRY_LAG_PSEUDO_REAL_TIME,
ALL_AUDITED_CANDIDATES,2023Q3,H2,conservative,STRICT,industrial_production,2023-08-31,2023-06-30,2023-06-30,33,REGISTRY_LAG_PSEUDO_REAL_TIME,
ALL_AUDITED_CANDIDATES,2023Q3,H2,conservative,STRICT,manufacturing,2023-08-31,2023-06-30,2023-06-30,33,REGISTRY_LAG_PSEUDO_REAL_TIME,
ALL_AUDITED_CANDIDATES,2023Q3,H2,conservative,STRICT,mining,2023-08-31,2023-06-30,2023-06-30,33,REGISTRY_LAG_PSEUDO_REAL_TIME,
ALL_AUDITED_CANDIDATES,2023Q3,H2,conservative,STRICT,electricity_gas,2023-08-31,2023-06-30,2023-06-30,33,REGISTRY_LAG_PSEUDO_REAL_TIME,
ALL_AUDITED_CANDIDATES,2023Q3,H2,conservative,STRICT,construction,2023-08-31,2023-06-30,2023-06-30,27,REGISTRY_LAG_PSEUDO_REAL_TIME,
ALL_AUDITED_CANDIDATES,2023Q3,H2,conservative,STRICT,retail_trade,2023-08-31,2023-06-30,2023-06-30,24,REGISTRY_LAG_PSEUDO_REAL_TIME,
ALL_AUDITED_CANDIDATES,2023Q3,H2,conservative,STRICT,wholesale_trade,2023-08-31,2023-06-30,2023-06-30,24,REGISTRY_LAG_PSEUDO_REAL_TIME,
ALL_AUDITED_CANDIDATES,2023Q3,H2,conservative,STRICT,cpi_headline,2023-08-31,2023-07-31,2023-07-31,5,REGISTRY_LAG_PSEUDO_REAL_TIME,
ALL_AUDITED_CANDIDATES,2023Q3,H2,conservative,STRICT,cpi_food,2023-08-31,2023-07-31,2023-07-31,5,REGISTRY_LAG_PSEUDO_REAL_TIME,
ALL_AUDITED_CANDIDATES,2023Q3,H2,conservative,STRICT,cpi_services,2023-08-31,2023-07-31,2023-07-31,5,REGISTRY_LAG_PSEUDO_REAL_TIME,
ALL_AUDITED_CANDIDATES,2023Q3,H2,conservative,STRICT,ppi,2023-08-31,2023-07-31,2023-07-31,15,REGISTRY_LAG_PSEUDO_REAL_TIME,
ALL_AUDITED_CANDIDATES,2023Q3,H2,conservative,STRICT,exports_total,2023-08-31,2023-06-30,2023-06-30,26,REGISTRY_LAG_PSEUDO_REAL_TIME,
ALL_AUDITED_CANDIDATES,2023Q3,H2,conservative,STRICT,exports_non_gold,2023-08-31,2023-06-30,2023-06-30,26,REGISTRY_LAG_PSEUDO_REAL_TIME,
ALL_AUDITED_CANDIDATES,2023Q3,H2,conservative,STRICT,imports_total,2023-08-31,2023-06-30,2023-06-30,26,REGISTRY_LAG_PSEUDO_REAL_TIME,
ALL_AUDITED_CANDIDATES,2023Q3,H2,conservative,STRICT,gold_exports_proxy,2023-08-31,2023-06-30,2023-06-30,26,REGISTRY_LAG_PSEUDO_REAL_TIME,
ALL_AUDITED_CANDIDATES,2023Q3,H2,conservative,STRICT,usd_uzs,2023-08-31,2023-07-31,2023-07-31,0,REGISTRY_LAG_PSEUDO_REAL_TIME,
ALL_AUDITED_CANDIDATES,2023Q3,H2,conservative,STRICT,rub_uzs,2023-08-31,2023-07-31,2023-07-31,0,REGISTRY_LAG_PSEUDO_REAL_TIME,
ALL_AUDITED_CANDIDATES,2023Q3,H2,conservative,STRICT,gold_price,2023-08-31,2023-07-31,2023-07-31,7,REGISTRY_LAG_PSEUDO_REAL_TIME,
ALL_AUDITED_CANDIDATES,2023Q3,H2,conservative,STRICT,russia_ipi,2023-08-31,2023-06-30,,23,REGISTRY_LAG_PSEUDO_REAL_TIME,
ALL_AUDITED_CANDIDATES,2023Q3,H2,conservative,STRICT,m2,2023-08-31,2023-06-30,2023-06-30,25,REGISTRY_LAG_PSEUDO_REAL_TIME,
ALL_AUDITED_CANDIDATES,2023Q3,H2,conservative,STRICT,household_deposits,2023-08-31,2023-06-30,,25,REGISTRY_LAG_PSEUDO_REAL_TIME,
ALL_AUDITED_CANDIDATES,2023Q3,H2,conservative,STRICT,corporate_deposits,2023-08-31,2023-06-30,,25,REGISTRY_LAG_PSEUDO_REAL_TIME,
ALL_AUDITED_CANDIDATES,2023Q3,H2,conservative,STRICT,household_credit,2023-08-31,2023-06-30,,25,REGISTRY_LAG_PSEUDO_REAL_TIME,
ALL_AUDITED_CANDIDATES,2023Q3,H2,conservative,STRICT,corporate_credit,2023-08-31,2023-06-30,,25,REGISTRY_LAG_PSEUDO_REAL_TIME,
ALL_AUDITED_CANDIDATES,2023Q3,H2,conservative,STRICT,fx_reserves_ex_gold,2023-08-31,2023-07-31,2023-07-31,7,REGISTRY_LAG_PSEUDO_REAL_TIME,
ALL_AUDITED_CANDIDATES,2023Q3,H2,conservative,STRICT,pos_turnover,2023-08-31,2023-06-30,2023-06-30,18,REGISTRY_LAG_PSEUDO_REAL_TIME,
ALL_AUDITED_CANDIDATES,2023Q3,H2,conservative,STRICT,instant_payments,2023-08-31,2023-06-30,2022-08-31,18,REGISTRY_LAG_PSEUDO_REAL_TIME,
ALL_AUDITED_CANDIDATES,2023Q3,H2,conservative,STRICT,interbank_payments,2023-08-31,2023-06-30,2020-06-30,18,REGISTRY_LAG_PSEUDO_REAL_TIME,
ALL_AUDITED_CANDIDATES,2023Q3,H3,standard,STRICT,industrial_production,2023-09-30,2023-07-31,2023-07-31,33,REGISTRY_LAG_PSEUDO_REAL_TIME,
ALL_AUDITED_CANDIDATES,2023Q3,H3,standard,STRICT,manufacturing,2023-09-30,2023-07-31,2023-07-31,33,REGISTRY_LAG_PSEUDO_REAL_TIME,
ALL_AUDITED_CANDIDATES,2023Q3,H3,standard,STRICT,mining,2023-09-30,2023-07-31,2023-07-31,33,REGISTRY_LAG_PSEUDO_REAL_TIME,
ALL_AUDITED_CANDIDATES,2023Q3,H3,standard,STRICT,electricity_gas,2023-09-30,2023-07-31,2023-07-31,33,REGISTRY_LAG_PSEUDO_REAL_TIME,
ALL_AUDITED_CANDIDATES,2023Q3,H3,standard,STRICT,construction,2023-09-30,2023-08-31,2023-08-31,27,REGISTRY_LAG_PSEUDO_REAL_TIME,
ALL_AUDITED_CANDIDATES,2023Q3,H3,standard,STRICT,retail_trade,2023-09-30,2023-08-31,2023-08-31,24,REGISTRY_LAG_PSEUDO_REAL_TIME,
ALL_AUDITED_CANDIDATES,2023Q3,H3,standard,STRICT,wholesale_trade,2023-09-30,2023-08-31,2023-08-31,24,REGISTRY_LAG_PSEUDO_REAL_TIME,
ALL_AUDITED_CANDIDATES,2023Q3,H3,standard,STRICT,cpi_headline,2023-09-30,2023-08-31,2023-08-31,5,REGISTRY_LAG_PSEUDO_REAL_TIME,
ALL_AUDITED_CANDIDATES,2023Q3,H3,standard,STRICT,cpi_food,2023-09-30,2023-08-31,2023-08-31,5,REGISTRY_LAG_PSEUDO_REAL_TIME,
ALL_AUDITED_CANDIDATES,2023Q3,H3,standard,STRICT,cpi_services,2023-09-30,2023-08-31,2023-08-31,5,REGISTRY_LAG_PSEUDO_REAL_TIME,
ALL_AUDITED_CANDIDATES,2023Q3,H3,standard,STRICT,ppi,2023-09-30,2023-08-31,2023-08-31,15,REGISTRY_LAG_PSEUDO_REAL_TIME,
ALL_AUDITED_CANDIDATES,2023Q3,H3,standard,STRICT,exports_total,2023-09-30,2023-08-31,2023-08-31,26,REGISTRY_LAG_PSEUDO_REAL_TIME,
ALL_AUDITED_CANDIDATES,2023Q3,H3,standard,STRICT,exports_non_gold,2023-09-30,2023-08-31,2023-08-31,26,REGISTRY_LAG_PSEUDO_REAL_TIME,
ALL_AUDITED_CANDIDATES,2023Q3,H3,standard,STRICT,imports_total,2023-09-30,2023-08-31,2023-08-31,26,REGISTRY_LAG_PSEUDO_REAL_TIME,
ALL_AUDITED_CANDIDATES,2023Q3,H3,standard,STRICT,gold_exports_proxy,2023-09-30,2023-08-31,2023-08-31,26,REGISTRY_LAG_PSEUDO_REAL_TIME,
ALL_AUDITED_CANDIDATES,2023Q3,H3,standard,STRICT,usd_uzs,2023-09-30,2023-09-30,2023-09-30,0,REGISTRY_LAG_PSEUDO_REAL_TIME,
ALL_AUDITED_CANDIDATES,2023Q3,H3,standard,STRICT,rub_uzs,2023-09-30,2023-09-30,2023-09-30,0,REGISTRY_LAG_PSEUDO_REAL_TIME,
ALL_AUDITED_CANDIDATES,2023Q3,H3,standard,STRICT,gold_price,2023-09-30,2023-08-31,2023-08-31,7,REGISTRY_LAG_PSEUDO_REAL_TIME,
ALL_AUDITED_CANDIDATES,2023Q3,H3,standard,STRICT,russia_ipi,2023-09-30,2023-08-31,,23,REGISTRY_LAG_PSEUDO_REAL_TIME,
ALL_AUDITED_CANDIDATES,2023Q3,H3,standard,STRICT,m2,2023-09-30,2023-08-31,2023-08-31,25,REGISTRY_LAG_PSEUDO_REAL_TIME,
ALL_AUDITED_CANDIDATES,2023Q3,H3,standard,STRICT,household_deposits,2023-09-30,2023-08-31,2023-07-31,25,REGISTRY_LAG_PSEUDO_REAL_TIME,
ALL_AUDITED_CANDIDATES,2023Q3,H3,standard,STRICT,corporate_deposits,2023-09-30,2023-08-31,2023-07-31,25,REGISTRY_LAG_PSEUDO_REAL_TIME,
ALL_AUDITED_CANDIDATES,2023Q3,H3,standard,STRICT,household_credit,2023-09-30,2023-08-31,2023-07-31,25,REGISTRY_LAG_PSEUDO_REAL_TIME,
ALL_AUDITED_CANDIDATES,2023Q3,H3,standard,STRICT,corporate_credit,2023-09-30,2023-08-31,2023-07-31,25,REGISTRY_LAG_PSEUDO_REAL_TIME,
ALL_AUDITED_CANDIDATES,2023Q3,H3,standard,STRICT,fx_reserves_ex_gold,2023-09-30,2023-08-31,2023-08-31,7,REGISTRY_LAG_PSEUDO_REAL_TIME,
ALL_AUDITED_CANDIDATES,2023Q3,H3,standard,STRICT,pos_turnover,2023-09-30,2023-08-31,2023-08-31,18,REGISTRY_LAG_PSEUDO_REAL_TIME,
ALL_AUDITED_CANDIDATES,2023Q3,H3,standard,STRICT,instant_payments,2023-09-30,2023-08-31,2022-08-31,18,REGISTRY_LAG_PSEUDO_REAL_TIME,
ALL_AUDITED_CANDIDATES,2023Q3,H3,standard,STRICT,interbank_payments,2023-09-30,2023-08-31,2020-06-30,18,REGISTRY_LAG_PSEUDO_REAL_TIME,
ALL_AUDITED_CANDIDATES,2023Q3,H3,conservative,STRICT,industrial_production,2023-09-30,2023-07-31,2023-07-31,33,REGISTRY_LAG_PSEUDO_REAL_TIME,
ALL_AUDITED_CANDIDATES,2023Q3,H3,conservative,STRICT,manufacturing,2023-09-30,2023-07-31,2023-07-31,33,REGISTRY_LAG_PSEUDO_REAL_TIME,
ALL_AUDITED_CANDIDATES,2023Q3,H3,conservative,STRICT,mining,2023-09-30,2023-07-31,2023-07-31,33,REGISTRY_LAG_PSEUDO_REAL_TIME,
ALL_AUDITED_CANDIDATES,2023Q3,H3,conservative,STRICT,electricity_gas,2023-09-30,2023-07-31,2023-07-31,33,REGISTRY_LAG_PSEUDO_REAL_TIME,
ALL_AUDITED_CANDIDATES,2023Q3,H3,conservative,STRICT,construction,2023-09-30,2023-07-31,2023-07-31,27,REGISTRY_LAG_PSEUDO_REAL_TIME,
ALL_AUDITED_CANDIDATES,2023Q3,H3,conservative,STRICT,retail_trade,2023-09-30,2023-07-31,2023-07-31,24,REGISTRY_LAG_PSEUDO_REAL_TIME,
ALL_AUDITED_CANDIDATES,2023Q3,H3,conservative,STRICT,wholesale_trade,2023-09-30,2023-07-31,2023-07-31,24,REGISTRY_LAG_PSEUDO_REAL_TIME,
ALL_AUDITED_CANDIDATES,2023Q3,H3,conservative,STRICT,cpi_headline,2023-09-30,2023-08-31,2023-08-31,5,REGISTRY_LAG_PSEUDO_REAL_TIME,
ALL_AUDITED_CANDIDATES,2023Q3,H3,conservative,STRICT,cpi_food,2023-09-30,2023-08-31,2023-08-31,5,REGISTRY_LAG_PSEUDO_REAL_TIME,
ALL_AUDITED_CANDIDATES,2023Q3,H3,conservative,STRICT,cpi_services,2023-09-30,2023-08-31,2023-08-31,5,REGISTRY_LAG_PSEUDO_REAL_TIME,
ALL_AUDITED_CANDIDATES,2023Q3,H3,conservative,STRICT,ppi,2023-09-30,2023-08-31,2023-08-31,15,REGISTRY_LAG_PSEUDO_REAL_TIME,
ALL_AUDITED_CANDIDATES,2023Q3,H3,conservative,STRICT,exports_total,2023-09-30,2023-07-31,2023-07-31,26,REGISTRY_LAG_PSEUDO_REAL_TIME,
ALL_AUDITED_CANDIDATES,2023Q3,H3,conservative,STRICT,exports_non_gold,2023-09-30,2023-07-31,2023-07-31,26,REGISTRY_LAG_PSEUDO_REAL_TIME,
ALL_AUDITED_CANDIDATES,2023Q3,H3,conservative,STRICT,imports_total,2023-09-30,2023-07-31,2023-07-31,26,REGISTRY_LAG_PSEUDO_REAL_TIME,
ALL_AUDITED_CANDIDATES,2023Q3,H3,conservative,STRICT,gold_exports_proxy,2023-09-30,2023-07-31,2023-07-31,26,REGISTRY_LAG_PSEUDO_REAL_TIME,
ALL_AUDITED_CANDIDATES,2023Q3,H3,conservative,STRICT,usd_uzs,2023-09-30,2023-08-31,2023-08-31,0,REGISTRY_LAG_PSEUDO_REAL_TIME,
ALL_AUDITED_CANDIDATES,2023Q3,H3,conservative,STRICT,rub_uzs,2023-09-30,2023-08-31,2023-08-31,0,REGISTRY_LAG_PSEUDO_REAL_TIME,
ALL_AUDITED_CANDIDATES,2023Q3,H3,conservative,STRICT,gold_price,2023-09-30,2023-08-31,2023-08-31,7,REGISTRY_LAG_PSEUDO_REAL_TIME,
ALL_AUDITED_CANDIDATES,2023Q3,H3,conservative,STRICT,russia_ipi,2023-09-30,2023-07-31,,23,REGISTRY_LAG_PSEUDO_REAL_TIME,
ALL_AUDITED_CANDIDATES,2023Q3,H3,conservative,STRICT,m2,2023-09-30,2023-07-31,2023-07-31,25,REGISTRY_LAG_PSEUDO_REAL_TIME,
ALL_AUDITED_CANDIDATES,2023Q3,H3,conservative,STRICT,household_deposits,2023-09-30,2023-07-31,2023-07-31,25,REGISTRY_LAG_PSEUDO_REAL_TIME,
ALL_AUDITED_CANDIDATES,2023Q3,H3,conservative,STRICT,corporate_deposits,2023-09-30,2023-07-31,2023-07-31,25,REGISTRY_LAG_PSEUDO_REAL_TIME,
ALL_AUDITED_CANDIDATES,2023Q3,H3,conservative,STRICT,household_credit,2023-09-30,2023-07-31,2023-07-31,25,REGISTRY_LAG_PSEUDO_REAL_TIME,
ALL_AUDITED_CANDIDATES,2023Q3,H3,conservative,STRICT,corporate_credit,2023-09-30,2023-07-31,2023-07-31,25,REGISTRY_LAG_PSEUDO_REAL_TIME,
ALL_AUDITED_CANDIDATES,2023Q3,H3,conservative,STRICT,fx_reserves_ex_gold,2023-09-30,2023-08-31,2023-08-31,7,REGISTRY_LAG_PSEUDO_REAL_TIME,
ALL_AUDITED_CANDIDATES,2023Q3,H3,conservative,STRICT,pos_turnover,2023-09-30,2023-07-31,2023-07-31,18,REGISTRY_LAG_PSEUDO_REAL_TIME,
ALL_AUDITED_CANDIDATES,2023Q3,H3,conservative,STRICT,instant_payments,2023-09-30,2023-07-31,2022-08-31,18,REGISTRY_LAG_PSEUDO_REAL_TIME,
ALL_AUDITED_CANDIDATES,2023Q3,H3,conservative,STRICT,interbank_payments,2023-09-30,2023-07-31,2020-06-30,18,REGISTRY_LAG_PSEUDO_REAL_TIME,
ALL_AUDITED_CANDIDATES,2023Q4,H1,standard,STRICT,industrial_production,2023-10-31,2023-08-31,2023-08-31,33,REGISTRY_LAG_PSEUDO_REAL_TIME,
ALL_AUDITED_CANDIDATES,2023Q4,H1,standard,STRICT,manufacturing,2023-10-31,2023-08-31,2023-08-31,33,REGISTRY_LAG_PSEUDO_REAL_TIME,
ALL_AUDITED_CANDIDATES,2023Q4,H1,standard,STRICT,mining,2023-10-31,2023-08-31,2023-08-31,33,REGISTRY_LAG_PSEUDO_REAL_TIME,
ALL_AUDITED_CANDIDATES,2023Q4,H1,standard,STRICT,electricity_gas,2023-10-31,2023-08-31,2023-08-31,33,REGISTRY_LAG_PSEUDO_REAL_TIME,
ALL_AUDITED_CANDIDATES,2023Q4,H1,standard,STRICT,construction,2023-10-31,2023-09-30,2023-09-30,27,REGISTRY_LAG_PSEUDO_REAL_TIME,
ALL_AUDITED_CANDIDATES,2023Q4,H1,standard,STRICT,retail_trade,2023-10-31,2023-09-30,2023-09-30,24,REGISTRY_LAG_PSEUDO_REAL_TIME,
ALL_AUDITED_CANDIDATES,2023Q4,H1,standard,STRICT,wholesale_trade,2023-10-31,2023-09-30,2023-09-30,24,REGISTRY_LAG_PSEUDO_REAL_TIME,
ALL_AUDITED_CANDIDATES,2023Q4,H1,standard,STRICT,cpi_headline,2023-10-31,2023-09-30,2023-09-30,5,REGISTRY_LAG_PSEUDO_REAL_TIME,
ALL_AUDITED_CANDIDATES,2023Q4,H1,standard,STRICT,cpi_food,2023-10-31,2023-09-30,2023-09-30,5,REGISTRY_LAG_PSEUDO_REAL_TIME,
ALL_AUDITED_CANDIDATES,2023Q4,H1,standard,STRICT,cpi_services,2023-10-31,2023-09-30,2023-09-30,5,REGISTRY_LAG_PSEUDO_REAL_TIME,
ALL_AUDITED_CANDIDATES,2023Q4,H1,standard,STRICT,ppi,2023-10-31,2023-09-30,2023-09-30,15,REGISTRY_LAG_PSEUDO_REAL_TIME,
ALL_AUDITED_CANDIDATES,2023Q4,H1,standard,STRICT,exports_total,2023-10-31,2023-09-30,2023-09-30,26,REGISTRY_LAG_PSEUDO_REAL_TIME,
ALL_AUDITED_CANDIDATES,2023Q4,H1,standard,STRICT,exports_non_gold,2023-10-31,2023-09-30,2023-09-30,26,REGISTRY_LAG_PSEUDO_REAL_TIME,
ALL_AUDITED_CANDIDATES,2023Q4,H1,standard,STRICT,imports_total,2023-10-31,2023-09-30,2023-09-30,26,REGISTRY_LAG_PSEUDO_REAL_TIME,
ALL_AUDITED_CANDIDATES,2023Q4,H1,standard,STRICT,gold_exports_proxy,2023-10-31,2023-09-30,2023-09-30,26,REGISTRY_LAG_PSEUDO_REAL_TIME,
ALL_AUDITED_CANDIDATES,2023Q4,H1,standard,STRICT,usd_uzs,2023-10-31,2023-10-31,2023-10-31,0,REGISTRY_LAG_PSEUDO_REAL_TIME,
ALL_AUDITED_CANDIDATES,2023Q4,H1,standard,STRICT,rub_uzs,2023-10-31,2023-10-31,2023-10-31,0,REGISTRY_LAG_PSEUDO_REAL_TIME,
ALL_AUDITED_CANDIDATES,2023Q4,H1,standard,STRICT,gold_price,2023-10-31,2023-09-30,2023-09-30,7,REGISTRY_LAG_PSEUDO_REAL_TIME,
ALL_AUDITED_CANDIDATES,2023Q4,H1,standard,STRICT,russia_ipi,2023-10-31,2023-09-30,,23,REGISTRY_LAG_PSEUDO_REAL_TIME,
ALL_AUDITED_CANDIDATES,2023Q4,H1,standard,STRICT,m2,2023-10-31,2023-09-30,2023-09-30,25,REGISTRY_LAG_PSEUDO_REAL_TIME,
ALL_AUDITED_CANDIDATES,2023Q4,H1,standard,STRICT,household_deposits,2023-10-31,2023-09-30,2023-09-30,25,REGISTRY_LAG_PSEUDO_REAL_TIME,
ALL_AUDITED_CANDIDATES,2023Q4,H1,standard,STRICT,corporate_deposits,2023-10-31,2023-09-30,2023-09-30,25,REGISTRY_LAG_PSEUDO_REAL_TIME,
ALL_AUDITED_CANDIDATES,2023Q4,H1,standard,STRICT,household_credit,2023-10-31,2023-09-30,2023-09-30,25,REGISTRY_LAG_PSEUDO_REAL_TIME,
ALL_AUDITED_CANDIDATES,2023Q4,H1,standard,STRICT,corporate_credit,2023-10-31,2023-09-30,2023-09-30,25,REGISTRY_LAG_PSEUDO_REAL_TIME,
ALL_AUDITED_CANDIDATES,2023Q4,H1,standard,STRICT,fx_reserves_ex_gold,2023-10-31,2023-09-30,2023-09-30,7,REGISTRY_LAG_PSEUDO_REAL_TIME,
ALL_AUDITED_CANDIDATES,2023Q4,H1,standard,STRICT,pos_turnover,2023-10-31,2023-09-30,2023-09-30,18,REGISTRY_LAG_PSEUDO_REAL_TIME,
ALL_AUDITED_CANDIDATES,2023Q4,H1,standard,STRICT,instant_payments,2023-10-31,2023-09-30,2022-08-31,18,REGISTRY_LAG_PSEUDO_REAL_TIME,
ALL_AUDITED_CANDIDATES,2023Q4,H1,standard,STRICT,interbank_payments,2023-10-31,2023-09-30,2020-06-30,18,REGISTRY_LAG_PSEUDO_REAL_TIME,
ALL_AUDITED_CANDIDATES,2023Q4,H1,conservative,STRICT,industrial_production,2023-10-31,2023-08-31,2023-08-31,33,REGISTRY_LAG_PSEUDO_REAL_TIME,
ALL_AUDITED_CANDIDATES,2023Q4,H1,conservative,STRICT,manufacturing,2023-10-31,2023-08-31,2023-08-31,33,REGISTRY_LAG_PSEUDO_REAL_TIME,
ALL_AUDITED_CANDIDATES,2023Q4,H1,conservative,STRICT,mining,2023-10-31,2023-08-31,2023-08-31,33,REGISTRY_LAG_PSEUDO_REAL_TIME,
ALL_AUDITED_CANDIDATES,2023Q4,H1,conservative,STRICT,electricity_gas,2023-10-31,2023-08-31,2023-08-31,33,REGISTRY_LAG_PSEUDO_REAL_TIME,
ALL_AUDITED_CANDIDATES,2023Q4,H1,conservative,STRICT,construction,2023-10-31,2023-08-31,2023-08-31,27,REGISTRY_LAG_PSEUDO_REAL_TIME,
ALL_AUDITED_CANDIDATES,2023Q4,H1,conservative,STRICT,retail_trade,2023-10-31,2023-08-31,2023-08-31,24,REGISTRY_LAG_PSEUDO_REAL_TIME,
ALL_AUDITED_CANDIDATES,2023Q4,H1,conservative,STRICT,wholesale_trade,2023-10-31,2023-08-31,2023-08-31,24,REGISTRY_LAG_PSEUDO_REAL_TIME,
ALL_AUDITED_CANDIDATES,2023Q4,H1,conservative,STRICT,cpi_headline,2023-10-31,2023-09-30,2023-09-30,5,REGISTRY_LAG_PSEUDO_REAL_TIME,
ALL_AUDITED_CANDIDATES,2023Q4,H1,conservative,STRICT,cpi_food,2023-10-31,2023-09-30,2023-09-30,5,REGISTRY_LAG_PSEUDO_REAL_TIME,
ALL_AUDITED_CANDIDATES,2023Q4,H1,conservative,STRICT,cpi_services,2023-10-31,2023-09-30,2023-09-30,5,REGISTRY_LAG_PSEUDO_REAL_TIME,
ALL_AUDITED_CANDIDATES,2023Q4,H1,conservative,STRICT,ppi,2023-10-31,2023-09-30,2023-09-30,15,REGISTRY_LAG_PSEUDO_REAL_TIME,
ALL_AUDITED_CANDIDATES,2023Q4,H1,conservative,STRICT,exports_total,2023-10-31,2023-08-31,2023-08-31,26,REGISTRY_LAG_PSEUDO_REAL_TIME,
ALL_AUDITED_CANDIDATES,2023Q4,H1,conservative,STRICT,exports_non_gold,2023-10-31,2023-08-31,2023-08-31,26,REGISTRY_LAG_PSEUDO_REAL_TIME,
ALL_AUDITED_CANDIDATES,2023Q4,H1,conservative,STRICT,imports_total,2023-10-31,2023-08-31,2023-08-31,26,REGISTRY_LAG_PSEUDO_REAL_TIME,
ALL_AUDITED_CANDIDATES,2023Q4,H1,conservative,STRICT,gold_exports_proxy,2023-10-31,2023-08-31,2023-08-31,26,REGISTRY_LAG_PSEUDO_REAL_TIME,
ALL_AUDITED_CANDIDATES,2023Q4,H1,conservative,STRICT,usd_uzs,2023-10-31,2023-09-30,2023-09-30,0,REGISTRY_LAG_PSEUDO_REAL_TIME,
ALL_AUDITED_CANDIDATES,2023Q4,H1,conservative,STRICT,rub_uzs,2023-10-31,2023-09-30,2023-09-30,0,REGISTRY_LAG_PSEUDO_REAL_TIME,
ALL_AUDITED_CANDIDATES,2023Q4,H1,conservative,STRICT,gold_price,2023-10-31,2023-09-30,2023-09-30,7,REGISTRY_LAG_PSEUDO_REAL_TIME,
ALL_AUDITED_CANDIDATES,2023Q4,H1,conservative,STRICT,russia_ipi,2023-10-31,2023-08-31,,23,REGISTRY_LAG_PSEUDO_REAL_TIME,
ALL_AUDITED_CANDIDATES,2023Q4,H1,conservative,STRICT,m2,2023-10-31,2023-08-31,2023-08-31,25,REGISTRY_LAG_PSEUDO_REAL_TIME,
ALL_AUDITED_CANDIDATES,2023Q4,H1,conservative,STRICT,household_deposits,2023-10-31,2023-08-31,2023-07-31,25,REGISTRY_LAG_PSEUDO_REAL_TIME,
ALL_AUDITED_CANDIDATES,2023Q4,H1,conservative,STRICT,corporate_deposits,2023-10-31,2023-08-31,2023-07-31,25,REGISTRY_LAG_PSEUDO_REAL_TIME,
ALL_AUDITED_CANDIDATES,2023Q4,H1,conservative,STRICT,household_credit,2023-10-31,2023-08-31,2023-07-31,25,REGISTRY_LAG_PSEUDO_REAL_TIME,
ALL_AUDITED_CANDIDATES,2023Q4,H1,conservative,STRICT,corporate_credit,2023-10-31,2023-08-31,2023-07-31,25,REGISTRY_LAG_PSEUDO_REAL_TIME,
ALL_AUDITED_CANDIDATES,2023Q4,H1,conservative,STRICT,fx_reserves_ex_gold,2023-10-31,2023-09-30,2023-09-30,7,REGISTRY_LAG_PSEUDO_REAL_TIME,
ALL_AUDITED_CANDIDATES,2023Q4,H1,conservative,STRICT,pos_turnover,2023-10-31,2023-08-31,2023-08-31,18,REGISTRY_LAG_PSEUDO_REAL_TIME,
ALL_AUDITED_CANDIDATES,2023Q4,H1,conservative,STRICT,instant_payments,2023-10-31,2023-08-31,2022-08-31,18,REGISTRY_LAG_PSEUDO_REAL_TIME,
ALL_AUDITED_CANDIDATES,2023Q4,H1,conservative,STRICT,interbank_payments,2023-10-31,2023-08-31,2020-06-30,18,REGISTRY_LAG_PSEUDO_REAL_TIME,
ALL_AUDITED_CANDIDATES,2023Q4,H2,standard,STRICT,industrial_production,2023-11-30,2023-09-30,2023-09-30,33,REGISTRY_LAG_PSEUDO_REAL_TIME,
ALL_AUDITED_CANDIDATES,2023Q4,H2,standard,STRICT,manufacturing,2023-11-30,2023-09-30,2023-09-30,33,REGISTRY_LAG_PSEUDO_REAL_TIME,
ALL_AUDITED_CANDIDATES,2023Q4,H2,standard,STRICT,mining,2023-11-30,2023-09-30,2023-09-30,33,REGISTRY_LAG_PSEUDO_REAL_TIME,
ALL_AUDITED_CANDIDATES,2023Q4,H2,standard,STRICT,electricity_gas,2023-11-30,2023-09-30,2023-09-30,33,REGISTRY_LAG_PSEUDO_REAL_TIME,
ALL_AUDITED_CANDIDATES,2023Q4,H2,standard,STRICT,construction,2023-11-30,2023-10-31,2023-10-31,27,REGISTRY_LAG_PSEUDO_REAL_TIME,
ALL_AUDITED_CANDIDATES,2023Q4,H2,standard,STRICT,retail_trade,2023-11-30,2023-10-31,2023-10-31,24,REGISTRY_LAG_PSEUDO_REAL_TIME,
ALL_AUDITED_CANDIDATES,2023Q4,H2,standard,STRICT,wholesale_trade,2023-11-30,2023-10-31,2023-10-31,24,REGISTRY_LAG_PSEUDO_REAL_TIME,
ALL_AUDITED_CANDIDATES,2023Q4,H2,standard,STRICT,cpi_headline,2023-11-30,2023-10-31,2023-10-31,5,REGISTRY_LAG_PSEUDO_REAL_TIME,
ALL_AUDITED_CANDIDATES,2023Q4,H2,standard,STRICT,cpi_food,2023-11-30,2023-10-31,2023-10-31,5,REGISTRY_LAG_PSEUDO_REAL_TIME,
ALL_AUDITED_CANDIDATES,2023Q4,H2,standard,STRICT,cpi_services,2023-11-30,2023-10-31,2023-10-31,5,REGISTRY_LAG_PSEUDO_REAL_TIME,
ALL_AUDITED_CANDIDATES,2023Q4,H2,standard,STRICT,ppi,2023-11-30,2023-10-31,2023-10-31,15,REGISTRY_LAG_PSEUDO_REAL_TIME,
ALL_AUDITED_CANDIDATES,2023Q4,H2,standard,STRICT,exports_total,2023-11-30,2023-10-31,2023-10-31,26,REGISTRY_LAG_PSEUDO_REAL_TIME,
ALL_AUDITED_CANDIDATES,2023Q4,H2,standard,STRICT,exports_non_gold,2023-11-30,2023-10-31,2023-10-31,26,REGISTRY_LAG_PSEUDO_REAL_TIME,
ALL_AUDITED_CANDIDATES,2023Q4,H2,standard,STRICT,imports_total,2023-11-30,2023-10-31,2023-10-31,26,REGISTRY_LAG_PSEUDO_REAL_TIME,
ALL_AUDITED_CANDIDATES,2023Q4,H2,standard,STRICT,gold_exports_proxy,2023-11-30,2023-10-31,2023-10-31,26,REGISTRY_LAG_PSEUDO_REAL_TIME,
ALL_AUDITED_CANDIDATES,2023Q4,H2,standard,STRICT,usd_uzs,2023-11-30,2023-11-30,2023-11-30,0,REGISTRY_LAG_PSEUDO_REAL_TIME,
ALL_AUDITED_CANDIDATES,2023Q4,H2,standard,STRICT,rub_uzs,2023-11-30,2023-11-30,2023-11-30,0,REGISTRY_LAG_PSEUDO_REAL_TIME,
ALL_AUDITED_CANDIDATES,2023Q4,H2,standard,STRICT,gold_price,2023-11-30,2023-10-31,2023-10-31,7,REGISTRY_LAG_PSEUDO_REAL_TIME,
ALL_AUDITED_CANDIDATES,2023Q4,H2,standard,STRICT,russia_ipi,2023-11-30,2023-10-31,,23,REGISTRY_LAG_PSEUDO_REAL_TIME,
ALL_AUDITED_CANDIDATES,2023Q4,H2,standard,STRICT,m2,2023-11-30,2023-10-31,2023-10-31,25,REGISTRY_LAG_PSEUDO_REAL_TIME,
ALL_AUDITED_CANDIDATES,2023Q4,H2,standard,STRICT,household_deposits,2023-11-30,2023-10-31,2023-10-31,25,REGISTRY_LAG_PSEUDO_REAL_TIME,
ALL_AUDITED_CANDIDATES,2023Q4,H2,standard,STRICT,corporate_deposits,2023-11-30,2023-10-31,2023-10-31,25,REGISTRY_LAG_PSEUDO_REAL_TIME,
ALL_AUDITED_CANDIDATES,2023Q4,H2,standard,STRICT,household_credit,2023-11-30,2023-10-31,2023-10-31,25,REGISTRY_LAG_PSEUDO_REAL_TIME,
ALL_AUDITED_CANDIDATES,2023Q4,H2,standard,STRICT,corporate_credit,2023-11-30,2023-10-31,2023-10-31,25,REGISTRY_LAG_PSEUDO_REAL_TIME,
ALL_AUDITED_CANDIDATES,2023Q4,H2,standard,STRICT,fx_reserves_ex_gold,2023-11-30,2023-10-31,2023-10-31,7,REGISTRY_LAG_PSEUDO_REAL_TIME,
ALL_AUDITED_CANDIDATES,2023Q4,H2,standard,STRICT,pos_turnover,2023-11-30,2023-10-31,2023-10-31,18,REGISTRY_LAG_PSEUDO_REAL_TIME,
ALL_AUDITED_CANDIDATES,2023Q4,H2,standard,STRICT,instant_payments,2023-11-30,2023-10-31,2022-08-31,18,REGISTRY_LAG_PSEUDO_REAL_TIME,
ALL_AUDITED_CANDIDATES,2023Q4,H2,standard,STRICT,interbank_payments,2023-11-30,2023-10-31,2020-06-30,18,REGISTRY_LAG_PSEUDO_REAL_TIME,
ALL_AUDITED_CANDIDATES,2023Q4,H2,conservative,STRICT,industrial_production,2023-11-30,2023-09-30,2023-09-30,33,REGISTRY_LAG_PSEUDO_REAL_TIME,
ALL_AUDITED_CANDIDATES,2023Q4,H2,conservative,STRICT,manufacturing,2023-11-30,2023-09-30,2023-09-30,33,REGISTRY_LAG_PSEUDO_REAL_TIME,
ALL_AUDITED_CANDIDATES,2023Q4,H2,conservative,STRICT,mining,2023-11-30,2023-09-30,2023-09-30,33,REGISTRY_LAG_PSEUDO_REAL_TIME,
ALL_AUDITED_CANDIDATES,2023Q4,H2,conservative,STRICT,electricity_gas,2023-11-30,2023-09-30,2023-09-30,33,REGISTRY_LAG_PSEUDO_REAL_TIME,
ALL_AUDITED_CANDIDATES,2023Q4,H2,conservative,STRICT,construction,2023-11-30,2023-09-30,2023-09-30,27,REGISTRY_LAG_PSEUDO_REAL_TIME,
ALL_AUDITED_CANDIDATES,2023Q4,H2,conservative,STRICT,retail_trade,2023-11-30,2023-09-30,2023-09-30,24,REGISTRY_LAG_PSEUDO_REAL_TIME,
ALL_AUDITED_CANDIDATES,2023Q4,H2,conservative,STRICT,wholesale_trade,2023-11-30,2023-09-30,2023-09-30,24,REGISTRY_LAG_PSEUDO_REAL_TIME,
ALL_AUDITED_CANDIDATES,2023Q4,H2,conservative,STRICT,cpi_headline,2023-11-30,2023-10-31,2023-10-31,5,REGISTRY_LAG_PSEUDO_REAL_TIME,
ALL_AUDITED_CANDIDATES,2023Q4,H2,conservative,STRICT,cpi_food,2023-11-30,2023-10-31,2023-10-31,5,REGISTRY_LAG_PSEUDO_REAL_TIME,
ALL_AUDITED_CANDIDATES,2023Q4,H2,conservative,STRICT,cpi_services,2023-11-30,2023-10-31,2023-10-31,5,REGISTRY_LAG_PSEUDO_REAL_TIME,
ALL_AUDITED_CANDIDATES,2023Q4,H2,conservative,STRICT,ppi,2023-11-30,2023-10-31,2023-10-31,15,REGISTRY_LAG_PSEUDO_REAL_TIME,
ALL_AUDITED_CANDIDATES,2023Q4,H2,conservative,STRICT,exports_total,2023-11-30,2023-09-30,2023-09-30,26,REGISTRY_LAG_PSEUDO_REAL_TIME,
ALL_AUDITED_CANDIDATES,2023Q4,H2,conservative,STRICT,exports_non_gold,2023-11-30,2023-09-30,2023-09-30,26,REGISTRY_LAG_PSEUDO_REAL_TIME,
ALL_AUDITED_CANDIDATES,2023Q4,H2,conservative,STRICT,imports_total,2023-11-30,2023-09-30,2023-09-30,26,REGISTRY_LAG_PSEUDO_REAL_TIME,
ALL_AUDITED_CANDIDATES,2023Q4,H2,conservative,STRICT,gold_exports_proxy,2023-11-30,2023-09-30,2023-09-30,26,REGISTRY_LAG_PSEUDO_REAL_TIME,
ALL_AUDITED_CANDIDATES,2023Q4,H2,conservative,STRICT,usd_uzs,2023-11-30,2023-10-31,2023-10-31,0,REGISTRY_LAG_PSEUDO_REAL_TIME,
ALL_AUDITED_CANDIDATES,2023Q4,H2,conservative,STRICT,rub_uzs,2023-11-30,2023-10-31,2023-10-31,0,REGISTRY_LAG_PSEUDO_REAL_TIME,
ALL_AUDITED_CANDIDATES,2023Q4,H2,conservative,STRICT,gold_price,2023-11-30,2023-10-31,2023-10-31,7,REGISTRY_LAG_PSEUDO_REAL_TIME,
ALL_AUDITED_CANDIDATES,2023Q4,H2,conservative,STRICT,russia_ipi,2023-11-30,2023-09-30,,23,REGISTRY_LAG_PSEUDO_REAL_TIME,
ALL_AUDITED_CANDIDATES,2023Q4,H2,conservative,STRICT,m2,2023-11-30,2023-09-30,2023-09-30,25,REGISTRY_LAG_PSEUDO_REAL_TIME,
ALL_AUDITED_CANDIDATES,2023Q4,H2,conservative,STRICT,household_deposits,2023-11-30,2023-09-30,2023-09-30,25,REGISTRY_LAG_PSEUDO_REAL_TIME,
ALL_AUDITED_CANDIDATES,2023Q4,H2,conservative,STRICT,corporate_deposits,2023-11-30,2023-09-30,2023-09-30,25,REGISTRY_LAG_PSEUDO_REAL_TIME,
ALL_AUDITED_CANDIDATES,2023Q4,H2,conservative,STRICT,household_credit,2023-11-30,2023-09-30,2023-09-30,25,REGISTRY_LAG_PSEUDO_REAL_TIME,
ALL_AUDITED_CANDIDATES,2023Q4,H2,conservative,STRICT,corporate_credit,2023-11-30,2023-09-30,2023-09-30,25,REGISTRY_LAG_PSEUDO_REAL_TIME,
ALL_AUDITED_CANDIDATES,2023Q4,H2,conservative,STRICT,fx_reserves_ex_gold,2023-11-30,2023-10-31,2023-10-31,7,REGISTRY_LAG_PSEUDO_REAL_TIME,
ALL_AUDITED_CANDIDATES,2023Q4,H2,conservative,STRICT,pos_turnover,2023-11-30,2023-09-30,2023-09-30,18,REGISTRY_LAG_PSEUDO_REAL_TIME,
ALL_AUDITED_CANDIDATES,2023Q4,H2,conservative,STRICT,instant_payments,2023-11-30,2023-09-30,2022-08-31,18,REGISTRY_LAG_PSEUDO_REAL_TIME,
ALL_AUDITED_CANDIDATES,2023Q4,H2,conservative,STRICT,interbank_payments,2023-11-30,2023-09-30,2020-06-30,18,REGISTRY_LAG_PSEUDO_REAL_TIME,
ALL_AUDITED_CANDIDATES,2023Q4,H3,standard,STRICT,industrial_production,2023-12-31,2023-10-31,2023-10-31,33,REGISTRY_LAG_PSEUDO_REAL_TIME,
ALL_AUDITED_CANDIDATES,2023Q4,H3,standard,STRICT,manufacturing,2023-12-31,2023-10-31,2023-10-31,33,REGISTRY_LAG_PSEUDO_REAL_TIME,
ALL_AUDITED_CANDIDATES,2023Q4,H3,standard,STRICT,mining,2023-12-31,2023-10-31,2023-10-31,33,REGISTRY_LAG_PSEUDO_REAL_TIME,
ALL_AUDITED_CANDIDATES,2023Q4,H3,standard,STRICT,electricity_gas,2023-12-31,2023-10-31,2023-10-31,33,REGISTRY_LAG_PSEUDO_REAL_TIME,
ALL_AUDITED_CANDIDATES,2023Q4,H3,standard,STRICT,construction,2023-12-31,2023-11-30,2023-11-30,27,REGISTRY_LAG_PSEUDO_REAL_TIME,
ALL_AUDITED_CANDIDATES,2023Q4,H3,standard,STRICT,retail_trade,2023-12-31,2023-11-30,2023-11-30,24,REGISTRY_LAG_PSEUDO_REAL_TIME,
ALL_AUDITED_CANDIDATES,2023Q4,H3,standard,STRICT,wholesale_trade,2023-12-31,2023-11-30,2023-10-31,24,REGISTRY_LAG_PSEUDO_REAL_TIME,
ALL_AUDITED_CANDIDATES,2023Q4,H3,standard,STRICT,cpi_headline,2023-12-31,2023-11-30,2023-11-30,5,REGISTRY_LAG_PSEUDO_REAL_TIME,
ALL_AUDITED_CANDIDATES,2023Q4,H3,standard,STRICT,cpi_food,2023-12-31,2023-11-30,2023-11-30,5,REGISTRY_LAG_PSEUDO_REAL_TIME,
ALL_AUDITED_CANDIDATES,2023Q4,H3,standard,STRICT,cpi_services,2023-12-31,2023-11-30,2023-11-30,5,REGISTRY_LAG_PSEUDO_REAL_TIME,
ALL_AUDITED_CANDIDATES,2023Q4,H3,standard,STRICT,ppi,2023-12-31,2023-11-30,2023-11-30,15,REGISTRY_LAG_PSEUDO_REAL_TIME,
ALL_AUDITED_CANDIDATES,2023Q4,H3,standard,STRICT,exports_total,2023-12-31,2023-11-30,2023-11-30,26,REGISTRY_LAG_PSEUDO_REAL_TIME,
ALL_AUDITED_CANDIDATES,2023Q4,H3,standard,STRICT,exports_non_gold,2023-12-31,2023-11-30,2023-11-30,26,REGISTRY_LAG_PSEUDO_REAL_TIME,
ALL_AUDITED_CANDIDATES,2023Q4,H3,standard,STRICT,imports_total,2023-12-31,2023-11-30,2023-11-30,26,REGISTRY_LAG_PSEUDO_REAL_TIME,
ALL_AUDITED_CANDIDATES,2023Q4,H3,standard,STRICT,gold_exports_proxy,2023-12-31,2023-11-30,2023-11-30,26,REGISTRY_LAG_PSEUDO_REAL_TIME,
ALL_AUDITED_CANDIDATES,2023Q4,H3,standard,STRICT,usd_uzs,2023-12-31,2023-12-31,2023-12-31,0,REGISTRY_LAG_PSEUDO_REAL_TIME,
ALL_AUDITED_CANDIDATES,2023Q4,H3,standard,STRICT,rub_uzs,2023-12-31,2023-12-31,2023-12-31,0,REGISTRY_LAG_PSEUDO_REAL_TIME,
ALL_AUDITED_CANDIDATES,2023Q4,H3,standard,STRICT,gold_price,2023-12-31,2023-11-30,2023-11-30,7,REGISTRY_LAG_PSEUDO_REAL_TIME,
ALL_AUDITED_CANDIDATES,2023Q4,H3,standard,STRICT,russia_ipi,2023-12-31,2023-11-30,,23,REGISTRY_LAG_PSEUDO_REAL_TIME,
ALL_AUDITED_CANDIDATES,2023Q4,H3,standard,STRICT,m2,2023-12-31,2023-11-30,2023-11-30,25,REGISTRY_LAG_PSEUDO_REAL_TIME,
ALL_AUDITED_CANDIDATES,2023Q4,H3,standard,STRICT,household_deposits,2023-12-31,2023-11-30,2023-11-30,25,REGISTRY_LAG_PSEUDO_REAL_TIME,
ALL_AUDITED_CANDIDATES,2023Q4,H3,standard,STRICT,corporate_deposits,2023-12-31,2023-11-30,2023-11-30,25,REGISTRY_LAG_PSEUDO_REAL_TIME,
ALL_AUDITED_CANDIDATES,2023Q4,H3,standard,STRICT,household_credit,2023-12-31,2023-11-30,2023-11-30,25,REGISTRY_LAG_PSEUDO_REAL_TIME,
ALL_AUDITED_CANDIDATES,2023Q4,H3,standard,STRICT,corporate_credit,2023-12-31,2023-11-30,2023-11-30,25,REGISTRY_LAG_PSEUDO_REAL_TIME,
ALL_AUDITED_CANDIDATES,2023Q4,H3,standard,STRICT,fx_reserves_ex_gold,2023-12-31,2023-11-30,2023-11-30,7,REGISTRY_LAG_PSEUDO_REAL_TIME,
ALL_AUDITED_CANDIDATES,2023Q4,H3,standard,STRICT,pos_turnover,2023-12-31,2023-11-30,2023-11-30,18,REGISTRY_LAG_PSEUDO_REAL_TIME,
ALL_AUDITED_CANDIDATES,2023Q4,H3,standard,STRICT,instant_payments,2023-12-31,2023-11-30,2022-08-31,18,REGISTRY_LAG_PSEUDO_REAL_TIME,
ALL_AUDITED_CANDIDATES,2023Q4,H3,standard,STRICT,interbank_payments,2023-12-31,2023-11-30,2020-06-30,18,REGISTRY_LAG_PSEUDO_REAL_TIME,
ALL_AUDITED_CANDIDATES,2023Q4,H3,conservative,STRICT,industrial_production,2023-12-31,2023-10-31,2023-10-31,33,REGISTRY_LAG_PSEUDO_REAL_TIME,
ALL_AUDITED_CANDIDATES,2023Q4,H3,conservative,STRICT,manufacturing,2023-12-31,2023-10-31,2023-10-31,33,REGISTRY_LAG_PSEUDO_REAL_TIME,
ALL_AUDITED_CANDIDATES,2023Q4,H3,conservative,STRICT,mining,2023-12-31,2023-10-31,2023-10-31,33,REGISTRY_LAG_PSEUDO_REAL_TIME,
ALL_AUDITED_CANDIDATES,2023Q4,H3,conservative,STRICT,electricity_gas,2023-12-31,2023-10-31,2023-10-31,33,REGISTRY_LAG_PSEUDO_REAL_TIME,
ALL_AUDITED_CANDIDATES,2023Q4,H3,conservative,STRICT,construction,2023-12-31,2023-10-31,2023-10-31,27,REGISTRY_LAG_PSEUDO_REAL_TIME,
ALL_AUDITED_CANDIDATES,2023Q4,H3,conservative,STRICT,retail_trade,2023-12-31,2023-10-31,2023-10-31,24,REGISTRY_LAG_PSEUDO_REAL_TIME,
ALL_AUDITED_CANDIDATES,2023Q4,H3,conservative,STRICT,wholesale_trade,2023-12-31,2023-10-31,2023-10-31,24,REGISTRY_LAG_PSEUDO_REAL_TIME,
ALL_AUDITED_CANDIDATES,2023Q4,H3,conservative,STRICT,cpi_headline,2023-12-31,2023-11-30,2023-11-30,5,REGISTRY_LAG_PSEUDO_REAL_TIME,
ALL_AUDITED_CANDIDATES,2023Q4,H3,conservative,STRICT,cpi_food,2023-12-31,2023-11-30,2023-11-30,5,REGISTRY_LAG_PSEUDO_REAL_TIME,
ALL_AUDITED_CANDIDATES,2023Q4,H3,conservative,STRICT,cpi_services,2023-12-31,2023-11-30,2023-11-30,5,REGISTRY_LAG_PSEUDO_REAL_TIME,
ALL_AUDITED_CANDIDATES,2023Q4,H3,conservative,STRICT,ppi,2023-12-31,2023-11-30,2023-11-30,15,REGISTRY_LAG_PSEUDO_REAL_TIME,
ALL_AUDITED_CANDIDATES,2023Q4,H3,conservative,STRICT,exports_total,2023-12-31,2023-10-31,2023-10-31,26,REGISTRY_LAG_PSEUDO_REAL_TIME,
ALL_AUDITED_CANDIDATES,2023Q4,H3,conservative,STRICT,exports_non_gold,2023-12-31,2023-10-31,2023-10-31,26,REGISTRY_LAG_PSEUDO_REAL_TIME,
ALL_AUDITED_CANDIDATES,2023Q4,H3,conservative,STRICT,imports_total,2023-12-31,2023-10-31,2023-10-31,26,REGISTRY_LAG_PSEUDO_REAL_TIME,
ALL_AUDITED_CANDIDATES,2023Q4,H3,conservative,STRICT,gold_exports_proxy,2023-12-31,2023-10-31,2023-10-31,26,REGISTRY_LAG_PSEUDO_REAL_TIME,
ALL_AUDITED_CANDIDATES,2023Q4,H3,conservative,STRICT,usd_uzs,2023-12-31,2023-11-30,2023-11-30,0,REGISTRY_LAG_PSEUDO_REAL_TIME,
ALL_AUDITED_CANDIDATES,2023Q4,H3,conservative,STRICT,rub_uzs,2023-12-31,2023-11-30,2023-11-30,0,REGISTRY_LAG_PSEUDO_REAL_TIME,
ALL_AUDITED_CANDIDATES,2023Q4,H3,conservative,STRICT,gold_price,2023-12-31,2023-11-30,2023-11-30,7,REGISTRY_LAG_PSEUDO_REAL_TIME,
ALL_AUDITED_CANDIDATES,2023Q4,H3,conservative,STRICT,russia_ipi,2023-12-31,2023-10-31,,23,REGISTRY_LAG_PSEUDO_REAL_TIME,
ALL_AUDITED_CANDIDATES,2023Q4,H3,conservative,STRICT,m2,2023-12-31,2023-10-31,2023-10-31,25,REGISTRY_LAG_PSEUDO_REAL_TIME,
ALL_AUDITED_CANDIDATES,2023Q4,H3,conservative,STRICT,household_deposits,2023-12-31,2023-10-31,2023-10-31,25,REGISTRY_LAG_PSEUDO_REAL_TIME,
ALL_AUDITED_CANDIDATES,2023Q4,H3,conservative,STRICT,corporate_deposits,2023-12-31,2023-10-31,2023-10-31,25,REGISTRY_LAG_PSEUDO_REAL_TIME,
ALL_AUDITED_CANDIDATES,2023Q4,H3,conservative,STRICT,household_credit,2023-12-31,2023-10-31,2023-10-31,25,REGISTRY_LAG_PSEUDO_REAL_TIME,
ALL_AUDITED_CANDIDATES,2023Q4,H3,conservative,STRICT,corporate_credit,2023-12-31,2023-10-31,2023-10-31,25,REGISTRY_LAG_PSEUDO_REAL_TIME,
ALL_AUDITED_CANDIDATES,2023Q4,H3,conservative,STRICT,fx_reserves_ex_gold,2023-12-31,2023-11-30,2023-11-30,7,REGISTRY_LAG_PSEUDO_REAL_TIME,
ALL_AUDITED_CANDIDATES,2023Q4,H3,conservative,STRICT,pos_turnover,2023-12-31,2023-10-31,2023-10-31,18,REGISTRY_LAG_PSEUDO_REAL_TIME,
ALL_AUDITED_CANDIDATES,2023Q4,H3,conservative,STRICT,instant_payments,2023-12-31,2023-10-31,2022-08-31,18,REGISTRY_LAG_PSEUDO_REAL_TIME,
ALL_AUDITED_CANDIDATES,2023Q4,H3,conservative,STRICT,interbank_payments,2023-12-31,2023-10-31,2020-06-30,18,REGISTRY_LAG_PSEUDO_REAL_TIME,
ALL_AUDITED_CANDIDATES,2024Q1,H1,standard,STRICT,industrial_production,2024-01-31,2023-11-30,2023-11-30,33,REGISTRY_LAG_PSEUDO_REAL_TIME,
ALL_AUDITED_CANDIDATES,2024Q1,H1,standard,STRICT,manufacturing,2024-01-31,2023-11-30,2023-11-30,33,REGISTRY_LAG_PSEUDO_REAL_TIME,
ALL_AUDITED_CANDIDATES,2024Q1,H1,standard,STRICT,mining,2024-01-31,2023-11-30,2023-11-30,33,REGISTRY_LAG_PSEUDO_REAL_TIME,
ALL_AUDITED_CANDIDATES,2024Q1,H1,standard,STRICT,electricity_gas,2024-01-31,2023-11-30,2023-11-30,33,REGISTRY_LAG_PSEUDO_REAL_TIME,
ALL_AUDITED_CANDIDATES,2024Q1,H1,standard,STRICT,construction,2024-01-31,2023-12-31,2023-12-31,27,REGISTRY_LAG_PSEUDO_REAL_TIME,
ALL_AUDITED_CANDIDATES,2024Q1,H1,standard,STRICT,retail_trade,2024-01-31,2023-12-31,2023-12-31,24,REGISTRY_LAG_PSEUDO_REAL_TIME,
ALL_AUDITED_CANDIDATES,2024Q1,H1,standard,STRICT,wholesale_trade,2024-01-31,2023-12-31,2023-12-31,24,REGISTRY_LAG_PSEUDO_REAL_TIME,
ALL_AUDITED_CANDIDATES,2024Q1,H1,standard,STRICT,cpi_headline,2024-01-31,2023-12-31,2023-12-31,5,REGISTRY_LAG_PSEUDO_REAL_TIME,
ALL_AUDITED_CANDIDATES,2024Q1,H1,standard,STRICT,cpi_food,2024-01-31,2023-12-31,2023-12-31,5,REGISTRY_LAG_PSEUDO_REAL_TIME,
ALL_AUDITED_CANDIDATES,2024Q1,H1,standard,STRICT,cpi_services,2024-01-31,2023-12-31,2023-12-31,5,REGISTRY_LAG_PSEUDO_REAL_TIME,
ALL_AUDITED_CANDIDATES,2024Q1,H1,standard,STRICT,ppi,2024-01-31,2023-12-31,2023-12-31,15,REGISTRY_LAG_PSEUDO_REAL_TIME,
ALL_AUDITED_CANDIDATES,2024Q1,H1,standard,STRICT,exports_total,2024-01-31,2023-12-31,2023-12-31,26,REGISTRY_LAG_PSEUDO_REAL_TIME,
ALL_AUDITED_CANDIDATES,2024Q1,H1,standard,STRICT,exports_non_gold,2024-01-31,2023-12-31,2023-12-31,26,REGISTRY_LAG_PSEUDO_REAL_TIME,
ALL_AUDITED_CANDIDATES,2024Q1,H1,standard,STRICT,imports_total,2024-01-31,2023-12-31,2023-12-31,26,REGISTRY_LAG_PSEUDO_REAL_TIME,
ALL_AUDITED_CANDIDATES,2024Q1,H1,standard,STRICT,gold_exports_proxy,2024-01-31,2023-12-31,2023-12-31,26,REGISTRY_LAG_PSEUDO_REAL_TIME,
ALL_AUDITED_CANDIDATES,2024Q1,H1,standard,STRICT,usd_uzs,2024-01-31,2024-01-31,2024-01-31,0,REGISTRY_LAG_PSEUDO_REAL_TIME,
ALL_AUDITED_CANDIDATES,2024Q1,H1,standard,STRICT,rub_uzs,2024-01-31,2024-01-31,2024-01-31,0,REGISTRY_LAG_PSEUDO_REAL_TIME,
ALL_AUDITED_CANDIDATES,2024Q1,H1,standard,STRICT,gold_price,2024-01-31,2023-12-31,2023-12-31,7,REGISTRY_LAG_PSEUDO_REAL_TIME,
ALL_AUDITED_CANDIDATES,2024Q1,H1,standard,STRICT,russia_ipi,2024-01-31,2023-12-31,,23,REGISTRY_LAG_PSEUDO_REAL_TIME,
ALL_AUDITED_CANDIDATES,2024Q1,H1,standard,STRICT,m2,2024-01-31,2023-12-31,2023-12-31,25,REGISTRY_LAG_PSEUDO_REAL_TIME,
ALL_AUDITED_CANDIDATES,2024Q1,H1,standard,STRICT,household_deposits,2024-01-31,2023-12-31,2023-11-30,25,REGISTRY_LAG_PSEUDO_REAL_TIME,
ALL_AUDITED_CANDIDATES,2024Q1,H1,standard,STRICT,corporate_deposits,2024-01-31,2023-12-31,2023-11-30,25,REGISTRY_LAG_PSEUDO_REAL_TIME,
ALL_AUDITED_CANDIDATES,2024Q1,H1,standard,STRICT,household_credit,2024-01-31,2023-12-31,2023-11-30,25,REGISTRY_LAG_PSEUDO_REAL_TIME,
ALL_AUDITED_CANDIDATES,2024Q1,H1,standard,STRICT,corporate_credit,2024-01-31,2023-12-31,2023-11-30,25,REGISTRY_LAG_PSEUDO_REAL_TIME,
ALL_AUDITED_CANDIDATES,2024Q1,H1,standard,STRICT,fx_reserves_ex_gold,2024-01-31,2023-12-31,2023-12-31,7,REGISTRY_LAG_PSEUDO_REAL_TIME,
ALL_AUDITED_CANDIDATES,2024Q1,H1,standard,STRICT,pos_turnover,2024-01-31,2023-12-31,2023-12-31,18,REGISTRY_LAG_PSEUDO_REAL_TIME,
ALL_AUDITED_CANDIDATES,2024Q1,H1,standard,STRICT,instant_payments,2024-01-31,2023-12-31,2022-08-31,18,REGISTRY_LAG_PSEUDO_REAL_TIME,
ALL_AUDITED_CANDIDATES,2024Q1,H1,standard,STRICT,interbank_payments,2024-01-31,2023-12-31,2020-06-30,18,REGISTRY_LAG_PSEUDO_REAL_TIME,
ALL_AUDITED_CANDIDATES,2024Q1,H1,conservative,STRICT,industrial_production,2024-01-31,2023-11-30,2023-11-30,33,REGISTRY_LAG_PSEUDO_REAL_TIME,
ALL_AUDITED_CANDIDATES,2024Q1,H1,conservative,STRICT,manufacturing,2024-01-31,2023-11-30,2023-11-30,33,REGISTRY_LAG_PSEUDO_REAL_TIME,
ALL_AUDITED_CANDIDATES,2024Q1,H1,conservative,STRICT,mining,2024-01-31,2023-11-30,2023-11-30,33,REGISTRY_LAG_PSEUDO_REAL_TIME,
ALL_AUDITED_CANDIDATES,2024Q1,H1,conservative,STRICT,electricity_gas,2024-01-31,2023-11-30,2023-11-30,33,REGISTRY_LAG_PSEUDO_REAL_TIME,
ALL_AUDITED_CANDIDATES,2024Q1,H1,conservative,STRICT,construction,2024-01-31,2023-11-30,2023-11-30,27,REGISTRY_LAG_PSEUDO_REAL_TIME,
ALL_AUDITED_CANDIDATES,2024Q1,H1,conservative,STRICT,retail_trade,2024-01-31,2023-11-30,2023-11-30,24,REGISTRY_LAG_PSEUDO_REAL_TIME,
ALL_AUDITED_CANDIDATES,2024Q1,H1,conservative,STRICT,wholesale_trade,2024-01-31,2023-11-30,2023-10-31,24,REGISTRY_LAG_PSEUDO_REAL_TIME,
ALL_AUDITED_CANDIDATES,2024Q1,H1,conservative,STRICT,cpi_headline,2024-01-31,2023-12-31,2023-12-31,5,REGISTRY_LAG_PSEUDO_REAL_TIME,
ALL_AUDITED_CANDIDATES,2024Q1,H1,conservative,STRICT,cpi_food,2024-01-31,2023-12-31,2023-12-31,5,REGISTRY_LAG_PSEUDO_REAL_TIME,
ALL_AUDITED_CANDIDATES,2024Q1,H1,conservative,STRICT,cpi_services,2024-01-31,2023-12-31,2023-12-31,5,REGISTRY_LAG_PSEUDO_REAL_TIME,
ALL_AUDITED_CANDIDATES,2024Q1,H1,conservative,STRICT,ppi,2024-01-31,2023-12-31,2023-12-31,15,REGISTRY_LAG_PSEUDO_REAL_TIME,
ALL_AUDITED_CANDIDATES,2024Q1,H1,conservative,STRICT,exports_total,2024-01-31,2023-11-30,2023-11-30,26,REGISTRY_LAG_PSEUDO_REAL_TIME,
ALL_AUDITED_CANDIDATES,2024Q1,H1,conservative,STRICT,exports_non_gold,2024-01-31,2023-11-30,2023-11-30,26,REGISTRY_LAG_PSEUDO_REAL_TIME,
ALL_AUDITED_CANDIDATES,2024Q1,H1,conservative,STRICT,imports_total,2024-01-31,2023-11-30,2023-11-30,26,REGISTRY_LAG_PSEUDO_REAL_TIME,
ALL_AUDITED_CANDIDATES,2024Q1,H1,conservative,STRICT,gold_exports_proxy,2024-01-31,2023-11-30,2023-11-30,26,REGISTRY_LAG_PSEUDO_REAL_TIME,
ALL_AUDITED_CANDIDATES,2024Q1,H1,conservative,STRICT,usd_uzs,2024-01-31,2023-12-31,2023-12-31,0,REGISTRY_LAG_PSEUDO_REAL_TIME,
ALL_AUDITED_CANDIDATES,2024Q1,H1,conservative,STRICT,rub_uzs,2024-01-31,2023-12-31,2023-12-31,0,REGISTRY_LAG_PSEUDO_REAL_TIME,
ALL_AUDITED_CANDIDATES,2024Q1,H1,conservative,STRICT,gold_price,2024-01-31,2023-12-31,2023-12-31,7,REGISTRY_LAG_PSEUDO_REAL_TIME,
ALL_AUDITED_CANDIDATES,2024Q1,H1,conservative,STRICT,russia_ipi,2024-01-31,2023-11-30,,23,REGISTRY_LAG_PSEUDO_REAL_TIME,
ALL_AUDITED_CANDIDATES,2024Q1,H1,conservative,STRICT,m2,2024-01-31,2023-11-30,2023-11-30,25,REGISTRY_LAG_PSEUDO_REAL_TIME,
ALL_AUDITED_CANDIDATES,2024Q1,H1,conservative,STRICT,household_deposits,2024-01-31,2023-11-30,2023-11-30,25,REGISTRY_LAG_PSEUDO_REAL_TIME,
ALL_AUDITED_CANDIDATES,2024Q1,H1,conservative,STRICT,corporate_deposits,2024-01-31,2023-11-30,2023-11-30,25,REGISTRY_LAG_PSEUDO_REAL_TIME,
ALL_AUDITED_CANDIDATES,2024Q1,H1,conservative,STRICT,household_credit,2024-01-31,2023-11-30,2023-11-30,25,REGISTRY_LAG_PSEUDO_REAL_TIME,
ALL_AUDITED_CANDIDATES,2024Q1,H1,conservative,STRICT,corporate_credit,2024-01-31,2023-11-30,2023-11-30,25,REGISTRY_LAG_PSEUDO_REAL_TIME,
ALL_AUDITED_CANDIDATES,2024Q1,H1,conservative,STRICT,fx_reserves_ex_gold,2024-01-31,2023-12-31,2023-12-31,7,REGISTRY_LAG_PSEUDO_REAL_TIME,
ALL_AUDITED_CANDIDATES,2024Q1,H1,conservative,STRICT,pos_turnover,2024-01-31,2023-11-30,2023-11-30,18,REGISTRY_LAG_PSEUDO_REAL_TIME,
ALL_AUDITED_CANDIDATES,2024Q1,H1,conservative,STRICT,instant_payments,2024-01-31,2023-11-30,2022-08-31,18,REGISTRY_LAG_PSEUDO_REAL_TIME,
ALL_AUDITED_CANDIDATES,2024Q1,H1,conservative,STRICT,interbank_payments,2024-01-31,2023-11-30,2020-06-30,18,REGISTRY_LAG_PSEUDO_REAL_TIME,
ALL_AUDITED_CANDIDATES,2024Q1,H2,standard,STRICT,industrial_production,2024-02-29,2023-12-31,2023-12-31,33,REGISTRY_LAG_PSEUDO_REAL_TIME,
ALL_AUDITED_CANDIDATES,2024Q1,H2,standard,STRICT,manufacturing,2024-02-29,2023-12-31,2023-12-31,33,REGISTRY_LAG_PSEUDO_REAL_TIME,
ALL_AUDITED_CANDIDATES,2024Q1,H2,standard,STRICT,mining,2024-02-29,2023-12-31,2023-12-31,33,REGISTRY_LAG_PSEUDO_REAL_TIME,
ALL_AUDITED_CANDIDATES,2024Q1,H2,standard,STRICT,electricity_gas,2024-02-29,2023-12-31,2023-12-31,33,REGISTRY_LAG_PSEUDO_REAL_TIME,
ALL_AUDITED_CANDIDATES,2024Q1,H2,standard,STRICT,construction,2024-02-29,2024-01-31,2024-01-31,27,REGISTRY_LAG_PSEUDO_REAL_TIME,
ALL_AUDITED_CANDIDATES,2024Q1,H2,standard,STRICT,retail_trade,2024-02-29,2024-01-31,2024-01-31,24,REGISTRY_LAG_PSEUDO_REAL_TIME,
ALL_AUDITED_CANDIDATES,2024Q1,H2,standard,STRICT,wholesale_trade,2024-02-29,2024-01-31,2024-01-31,24,REGISTRY_LAG_PSEUDO_REAL_TIME,
ALL_AUDITED_CANDIDATES,2024Q1,H2,standard,STRICT,cpi_headline,2024-02-29,2024-01-31,2024-01-31,5,REGISTRY_LAG_PSEUDO_REAL_TIME,
ALL_AUDITED_CANDIDATES,2024Q1,H2,standard,STRICT,cpi_food,2024-02-29,2024-01-31,2024-01-31,5,REGISTRY_LAG_PSEUDO_REAL_TIME,
ALL_AUDITED_CANDIDATES,2024Q1,H2,standard,STRICT,cpi_services,2024-02-29,2024-01-31,2024-01-31,5,REGISTRY_LAG_PSEUDO_REAL_TIME,
ALL_AUDITED_CANDIDATES,2024Q1,H2,standard,STRICT,ppi,2024-02-29,2024-01-31,2024-01-31,15,REGISTRY_LAG_PSEUDO_REAL_TIME,
ALL_AUDITED_CANDIDATES,2024Q1,H2,standard,STRICT,exports_total,2024-02-29,2024-01-31,2024-01-31,26,REGISTRY_LAG_PSEUDO_REAL_TIME,
ALL_AUDITED_CANDIDATES,2024Q1,H2,standard,STRICT,exports_non_gold,2024-02-29,2024-01-31,2024-01-31,26,REGISTRY_LAG_PSEUDO_REAL_TIME,
ALL_AUDITED_CANDIDATES,2024Q1,H2,standard,STRICT,imports_total,2024-02-29,2024-01-31,2024-01-31,26,REGISTRY_LAG_PSEUDO_REAL_TIME,
ALL_AUDITED_CANDIDATES,2024Q1,H2,standard,STRICT,gold_exports_proxy,2024-02-29,2024-01-31,2024-01-31,26,REGISTRY_LAG_PSEUDO_REAL_TIME,
ALL_AUDITED_CANDIDATES,2024Q1,H2,standard,STRICT,usd_uzs,2024-02-29,2024-02-29,2024-02-29,0,REGISTRY_LAG_PSEUDO_REAL_TIME,
ALL_AUDITED_CANDIDATES,2024Q1,H2,standard,STRICT,rub_uzs,2024-02-29,2024-02-29,2024-02-29,0,REGISTRY_LAG_PSEUDO_REAL_TIME,
ALL_AUDITED_CANDIDATES,2024Q1,H2,standard,STRICT,gold_price,2024-02-29,2024-01-31,2024-01-31,7,REGISTRY_LAG_PSEUDO_REAL_TIME,
ALL_AUDITED_CANDIDATES,2024Q1,H2,standard,STRICT,russia_ipi,2024-02-29,2024-01-31,,23,REGISTRY_LAG_PSEUDO_REAL_TIME,
ALL_AUDITED_CANDIDATES,2024Q1,H2,standard,STRICT,m2,2024-02-29,2024-01-31,2024-01-31,25,REGISTRY_LAG_PSEUDO_REAL_TIME,
ALL_AUDITED_CANDIDATES,2024Q1,H2,standard,STRICT,household_deposits,2024-02-29,2024-01-31,2023-11-30,25,REGISTRY_LAG_PSEUDO_REAL_TIME,
ALL_AUDITED_CANDIDATES,2024Q1,H2,standard,STRICT,corporate_deposits,2024-02-29,2024-01-31,2023-11-30,25,REGISTRY_LAG_PSEUDO_REAL_TIME,
ALL_AUDITED_CANDIDATES,2024Q1,H2,standard,STRICT,household_credit,2024-02-29,2024-01-31,2023-11-30,25,REGISTRY_LAG_PSEUDO_REAL_TIME,
ALL_AUDITED_CANDIDATES,2024Q1,H2,standard,STRICT,corporate_credit,2024-02-29,2024-01-31,2023-11-30,25,REGISTRY_LAG_PSEUDO_REAL_TIME,
ALL_AUDITED_CANDIDATES,2024Q1,H2,standard,STRICT,fx_reserves_ex_gold,2024-02-29,2024-01-31,2024-01-31,7,REGISTRY_LAG_PSEUDO_REAL_TIME,
ALL_AUDITED_CANDIDATES,2024Q1,H2,standard,STRICT,pos_turnover,2024-02-29,2024-01-31,2024-01-31,18,REGISTRY_LAG_PSEUDO_REAL_TIME,
ALL_AUDITED_CANDIDATES,2024Q1,H2,standard,STRICT,instant_payments,2024-02-29,2024-01-31,2022-08-31,18,REGISTRY_LAG_PSEUDO_REAL_TIME,
ALL_AUDITED_CANDIDATES,2024Q1,H2,standard,STRICT,interbank_payments,2024-02-29,2024-01-31,2020-06-30,18,REGISTRY_LAG_PSEUDO_REAL_TIME,
ALL_AUDITED_CANDIDATES,2024Q1,H2,conservative,STRICT,industrial_production,2024-02-29,2023-12-31,2023-12-31,33,REGISTRY_LAG_PSEUDO_REAL_TIME,
ALL_AUDITED_CANDIDATES,2024Q1,H2,conservative,STRICT,manufacturing,2024-02-29,2023-12-31,2023-12-31,33,REGISTRY_LAG_PSEUDO_REAL_TIME,
ALL_AUDITED_CANDIDATES,2024Q1,H2,conservative,STRICT,mining,2024-02-29,2023-12-31,2023-12-31,33,REGISTRY_LAG_PSEUDO_REAL_TIME,
ALL_AUDITED_CANDIDATES,2024Q1,H2,conservative,STRICT,electricity_gas,2024-02-29,2023-12-31,2023-12-31,33,REGISTRY_LAG_PSEUDO_REAL_TIME,
ALL_AUDITED_CANDIDATES,2024Q1,H2,conservative,STRICT,construction,2024-02-29,2023-12-31,2023-12-31,27,REGISTRY_LAG_PSEUDO_REAL_TIME,
ALL_AUDITED_CANDIDATES,2024Q1,H2,conservative,STRICT,retail_trade,2024-02-29,2023-12-31,2023-12-31,24,REGISTRY_LAG_PSEUDO_REAL_TIME,
ALL_AUDITED_CANDIDATES,2024Q1,H2,conservative,STRICT,wholesale_trade,2024-02-29,2023-12-31,2023-12-31,24,REGISTRY_LAG_PSEUDO_REAL_TIME,
ALL_AUDITED_CANDIDATES,2024Q1,H2,conservative,STRICT,cpi_headline,2024-02-29,2024-01-31,2024-01-31,5,REGISTRY_LAG_PSEUDO_REAL_TIME,
ALL_AUDITED_CANDIDATES,2024Q1,H2,conservative,STRICT,cpi_food,2024-02-29,2024-01-31,2024-01-31,5,REGISTRY_LAG_PSEUDO_REAL_TIME,
ALL_AUDITED_CANDIDATES,2024Q1,H2,conservative,STRICT,cpi_services,2024-02-29,2024-01-31,2024-01-31,5,REGISTRY_LAG_PSEUDO_REAL_TIME,
ALL_AUDITED_CANDIDATES,2024Q1,H2,conservative,STRICT,ppi,2024-02-29,2023-12-31,2023-12-31,15,REGISTRY_LAG_PSEUDO_REAL_TIME,
ALL_AUDITED_CANDIDATES,2024Q1,H2,conservative,STRICT,exports_total,2024-02-29,2023-12-31,2023-12-31,26,REGISTRY_LAG_PSEUDO_REAL_TIME,
ALL_AUDITED_CANDIDATES,2024Q1,H2,conservative,STRICT,exports_non_gold,2024-02-29,2023-12-31,2023-12-31,26,REGISTRY_LAG_PSEUDO_REAL_TIME,
ALL_AUDITED_CANDIDATES,2024Q1,H2,conservative,STRICT,imports_total,2024-02-29,2023-12-31,2023-12-31,26,REGISTRY_LAG_PSEUDO_REAL_TIME,
ALL_AUDITED_CANDIDATES,2024Q1,H2,conservative,STRICT,gold_exports_proxy,2024-02-29,2023-12-31,2023-12-31,26,REGISTRY_LAG_PSEUDO_REAL_TIME,
ALL_AUDITED_CANDIDATES,2024Q1,H2,conservative,STRICT,usd_uzs,2024-02-29,2024-01-31,2024-01-31,0,REGISTRY_LAG_PSEUDO_REAL_TIME,
ALL_AUDITED_CANDIDATES,2024Q1,H2,conservative,STRICT,rub_uzs,2024-02-29,2024-01-31,2024-01-31,0,REGISTRY_LAG_PSEUDO_REAL_TIME,
ALL_AUDITED_CANDIDATES,2024Q1,H2,conservative,STRICT,gold_price,2024-02-29,2024-01-31,2024-01-31,7,REGISTRY_LAG_PSEUDO_REAL_TIME,
ALL_AUDITED_CANDIDATES,2024Q1,H2,conservative,STRICT,russia_ipi,2024-02-29,2023-12-31,,23,REGISTRY_LAG_PSEUDO_REAL_TIME,
ALL_AUDITED_CANDIDATES,2024Q1,H2,conservative,STRICT,m2,2024-02-29,2023-12-31,2023-12-31,25,REGISTRY_LAG_PSEUDO_REAL_TIME,
ALL_AUDITED_CANDIDATES,2024Q1,H2,conservative,STRICT,household_deposits,2024-02-29,2023-12-31,2023-11-30,25,REGISTRY_LAG_PSEUDO_REAL_TIME,
ALL_AUDITED_CANDIDATES,2024Q1,H2,conservative,STRICT,corporate_deposits,2024-02-29,2023-12-31,2023-11-30,25,REGISTRY_LAG_PSEUDO_REAL_TIME,
ALL_AUDITED_CANDIDATES,2024Q1,H2,conservative,STRICT,household_credit,2024-02-29,2023-12-31,2023-11-30,25,REGISTRY_LAG_PSEUDO_REAL_TIME,
ALL_AUDITED_CANDIDATES,2024Q1,H2,conservative,STRICT,corporate_credit,2024-02-29,2023-12-31,2023-11-30,25,REGISTRY_LAG_PSEUDO_REAL_TIME,
ALL_AUDITED_CANDIDATES,2024Q1,H2,conservative,STRICT,fx_reserves_ex_gold,2024-02-29,2024-01-31,2024-01-31,7,REGISTRY_LAG_PSEUDO_REAL_TIME,
ALL_AUDITED_CANDIDATES,2024Q1,H2,conservative,STRICT,pos_turnover,2024-02-29,2023-12-31,2023-12-31,18,REGISTRY_LAG_PSEUDO_REAL_TIME,
ALL_AUDITED_CANDIDATES,2024Q1,H2,conservative,STRICT,instant_payments,2024-02-29,2023-12-31,2022-08-31,18,REGISTRY_LAG_PSEUDO_REAL_TIME,
ALL_AUDITED_CANDIDATES,2024Q1,H2,conservative,STRICT,interbank_payments,2024-02-29,2023-12-31,2020-06-30,18,REGISTRY_LAG_PSEUDO_REAL_TIME,
ALL_AUDITED_CANDIDATES,2024Q1,H3,standard,STRICT,industrial_production,2024-03-31,2024-01-31,2024-01-31,33,REGISTRY_LAG_PSEUDO_REAL_TIME,
ALL_AUDITED_CANDIDATES,2024Q1,H3,standard,STRICT,manufacturing,2024-03-31,2024-01-31,2024-01-31,33,REGISTRY_LAG_PSEUDO_REAL_TIME,
ALL_AUDITED_CANDIDATES,2024Q1,H3,standard,STRICT,mining,2024-03-31,2024-01-31,2024-01-31,33,REGISTRY_LAG_PSEUDO_REAL_TIME,
ALL_AUDITED_CANDIDATES,2024Q1,H3,standard,STRICT,electricity_gas,2024-03-31,2024-01-31,2024-01-31,33,REGISTRY_LAG_PSEUDO_REAL_TIME,
ALL_AUDITED_CANDIDATES,2024Q1,H3,standard,STRICT,construction,2024-03-31,2024-02-29,2024-02-29,27,REGISTRY_LAG_PSEUDO_REAL_TIME,
ALL_AUDITED_CANDIDATES,2024Q1,H3,standard,STRICT,retail_trade,2024-03-31,2024-02-29,2024-02-29,24,REGISTRY_LAG_PSEUDO_REAL_TIME,
ALL_AUDITED_CANDIDATES,2024Q1,H3,standard,STRICT,wholesale_trade,2024-03-31,2024-02-29,2024-02-29,24,REGISTRY_LAG_PSEUDO_REAL_TIME,
ALL_AUDITED_CANDIDATES,2024Q1,H3,standard,STRICT,cpi_headline,2024-03-31,2024-02-29,2024-02-29,5,REGISTRY_LAG_PSEUDO_REAL_TIME,
ALL_AUDITED_CANDIDATES,2024Q1,H3,standard,STRICT,cpi_food,2024-03-31,2024-02-29,2024-02-29,5,REGISTRY_LAG_PSEUDO_REAL_TIME,
ALL_AUDITED_CANDIDATES,2024Q1,H3,standard,STRICT,cpi_services,2024-03-31,2024-02-29,2024-02-29,5,REGISTRY_LAG_PSEUDO_REAL_TIME,
ALL_AUDITED_CANDIDATES,2024Q1,H3,standard,STRICT,ppi,2024-03-31,2024-02-29,2024-02-29,15,REGISTRY_LAG_PSEUDO_REAL_TIME,
ALL_AUDITED_CANDIDATES,2024Q1,H3,standard,STRICT,exports_total,2024-03-31,2024-02-29,2024-02-29,26,REGISTRY_LAG_PSEUDO_REAL_TIME,
ALL_AUDITED_CANDIDATES,2024Q1,H3,standard,STRICT,exports_non_gold,2024-03-31,2024-02-29,2024-02-29,26,REGISTRY_LAG_PSEUDO_REAL_TIME,
ALL_AUDITED_CANDIDATES,2024Q1,H3,standard,STRICT,imports_total,2024-03-31,2024-02-29,2024-02-29,26,REGISTRY_LAG_PSEUDO_REAL_TIME,
ALL_AUDITED_CANDIDATES,2024Q1,H3,standard,STRICT,gold_exports_proxy,2024-03-31,2024-02-29,2024-02-29,26,REGISTRY_LAG_PSEUDO_REAL_TIME,
ALL_AUDITED_CANDIDATES,2024Q1,H3,standard,STRICT,usd_uzs,2024-03-31,2024-03-31,2024-03-31,0,REGISTRY_LAG_PSEUDO_REAL_TIME,
ALL_AUDITED_CANDIDATES,2024Q1,H3,standard,STRICT,rub_uzs,2024-03-31,2024-03-31,2024-03-31,0,REGISTRY_LAG_PSEUDO_REAL_TIME,
ALL_AUDITED_CANDIDATES,2024Q1,H3,standard,STRICT,gold_price,2024-03-31,2024-02-29,2024-02-29,7,REGISTRY_LAG_PSEUDO_REAL_TIME,
ALL_AUDITED_CANDIDATES,2024Q1,H3,standard,STRICT,russia_ipi,2024-03-31,2024-02-29,,23,REGISTRY_LAG_PSEUDO_REAL_TIME,
ALL_AUDITED_CANDIDATES,2024Q1,H3,standard,STRICT,m2,2024-03-31,2024-02-29,2024-02-29,25,REGISTRY_LAG_PSEUDO_REAL_TIME,
ALL_AUDITED_CANDIDATES,2024Q1,H3,standard,STRICT,household_deposits,2024-03-31,2024-02-29,2023-11-30,25,REGISTRY_LAG_PSEUDO_REAL_TIME,
ALL_AUDITED_CANDIDATES,2024Q1,H3,standard,STRICT,corporate_deposits,2024-03-31,2024-02-29,2023-11-30,25,REGISTRY_LAG_PSEUDO_REAL_TIME,
ALL_AUDITED_CANDIDATES,2024Q1,H3,standard,STRICT,household_credit,2024-03-31,2024-02-29,2023-11-30,25,REGISTRY_LAG_PSEUDO_REAL_TIME,
ALL_AUDITED_CANDIDATES,2024Q1,H3,standard,STRICT,corporate_credit,2024-03-31,2024-02-29,2023-11-30,25,REGISTRY_LAG_PSEUDO_REAL_TIME,
ALL_AUDITED_CANDIDATES,2024Q1,H3,standard,STRICT,fx_reserves_ex_gold,2024-03-31,2024-02-29,2024-02-29,7,REGISTRY_LAG_PSEUDO_REAL_TIME,
ALL_AUDITED_CANDIDATES,2024Q1,H3,standard,STRICT,pos_turnover,2024-03-31,2024-02-29,2024-02-29,18,REGISTRY_LAG_PSEUDO_REAL_TIME,
ALL_AUDITED_CANDIDATES,2024Q1,H3,standard,STRICT,instant_payments,2024-03-31,2024-02-29,2022-08-31,18,REGISTRY_LAG_PSEUDO_REAL_TIME,
ALL_AUDITED_CANDIDATES,2024Q1,H3,standard,STRICT,interbank_payments,2024-03-31,2024-02-29,2020-06-30,18,REGISTRY_LAG_PSEUDO_REAL_TIME,
ALL_AUDITED_CANDIDATES,2024Q1,H3,conservative,STRICT,industrial_production,2024-03-31,2024-01-31,2024-01-31,33,REGISTRY_LAG_PSEUDO_REAL_TIME,
ALL_AUDITED_CANDIDATES,2024Q1,H3,conservative,STRICT,manufacturing,2024-03-31,2024-01-31,2024-01-31,33,REGISTRY_LAG_PSEUDO_REAL_TIME,
ALL_AUDITED_CANDIDATES,2024Q1,H3,conservative,STRICT,mining,2024-03-31,2024-01-31,2024-01-31,33,REGISTRY_LAG_PSEUDO_REAL_TIME,
ALL_AUDITED_CANDIDATES,2024Q1,H3,conservative,STRICT,electricity_gas,2024-03-31,2024-01-31,2024-01-31,33,REGISTRY_LAG_PSEUDO_REAL_TIME,
ALL_AUDITED_CANDIDATES,2024Q1,H3,conservative,STRICT,construction,2024-03-31,2024-01-31,2024-01-31,27,REGISTRY_LAG_PSEUDO_REAL_TIME,
ALL_AUDITED_CANDIDATES,2024Q1,H3,conservative,STRICT,retail_trade,2024-03-31,2024-01-31,2024-01-31,24,REGISTRY_LAG_PSEUDO_REAL_TIME,
ALL_AUDITED_CANDIDATES,2024Q1,H3,conservative,STRICT,wholesale_trade,2024-03-31,2024-01-31,2024-01-31,24,REGISTRY_LAG_PSEUDO_REAL_TIME,
ALL_AUDITED_CANDIDATES,2024Q1,H3,conservative,STRICT,cpi_headline,2024-03-31,2024-02-29,2024-02-29,5,REGISTRY_LAG_PSEUDO_REAL_TIME,
ALL_AUDITED_CANDIDATES,2024Q1,H3,conservative,STRICT,cpi_food,2024-03-31,2024-02-29,2024-02-29,5,REGISTRY_LAG_PSEUDO_REAL_TIME,
ALL_AUDITED_CANDIDATES,2024Q1,H3,conservative,STRICT,cpi_services,2024-03-31,2024-02-29,2024-02-29,5,REGISTRY_LAG_PSEUDO_REAL_TIME,
ALL_AUDITED_CANDIDATES,2024Q1,H3,conservative,STRICT,ppi,2024-03-31,2024-02-29,2024-02-29,15,REGISTRY_LAG_PSEUDO_REAL_TIME,
ALL_AUDITED_CANDIDATES,2024Q1,H3,conservative,STRICT,exports_total,2024-03-31,2024-01-31,2024-01-31,26,REGISTRY_LAG_PSEUDO_REAL_TIME,
ALL_AUDITED_CANDIDATES,2024Q1,H3,conservative,STRICT,exports_non_gold,2024-03-31,2024-01-31,2024-01-31,26,REGISTRY_LAG_PSEUDO_REAL_TIME,
ALL_AUDITED_CANDIDATES,2024Q1,H3,conservative,STRICT,imports_total,2024-03-31,2024-01-31,2024-01-31,26,REGISTRY_LAG_PSEUDO_REAL_TIME,
ALL_AUDITED_CANDIDATES,2024Q1,H3,conservative,STRICT,gold_exports_proxy,2024-03-31,2024-01-31,2024-01-31,26,REGISTRY_LAG_PSEUDO_REAL_TIME,
ALL_AUDITED_CANDIDATES,2024Q1,H3,conservative,STRICT,usd_uzs,2024-03-31,2024-02-29,2024-02-29,0,REGISTRY_LAG_PSEUDO_REAL_TIME,
ALL_AUDITED_CANDIDATES,2024Q1,H3,conservative,STRICT,rub_uzs,2024-03-31,2024-02-29,2024-02-29,0,REGISTRY_LAG_PSEUDO_REAL_TIME,
ALL_AUDITED_CANDIDATES,2024Q1,H3,conservative,STRICT,gold_price,2024-03-31,2024-02-29,2024-02-29,7,REGISTRY_LAG_PSEUDO_REAL_TIME,
ALL_AUDITED_CANDIDATES,2024Q1,H3,conservative,STRICT,russia_ipi,2024-03-31,2024-01-31,,23,REGISTRY_LAG_PSEUDO_REAL_TIME,
ALL_AUDITED_CANDIDATES,2024Q1,H3,conservative,STRICT,m2,2024-03-31,2024-01-31,2024-01-31,25,REGISTRY_LAG_PSEUDO_REAL_TIME,
ALL_AUDITED_CANDIDATES,2024Q1,H3,conservative,STRICT,household_deposits,2024-03-31,2024-01-31,2023-11-30,25,REGISTRY_LAG_PSEUDO_REAL_TIME,
ALL_AUDITED_CANDIDATES,2024Q1,H3,conservative,STRICT,corporate_deposits,2024-03-31,2024-01-31,2023-11-30,25,REGISTRY_LAG_PSEUDO_REAL_TIME,
ALL_AUDITED_CANDIDATES,2024Q1,H3,conservative,STRICT,household_credit,2024-03-31,2024-01-31,2023-11-30,25,REGISTRY_LAG_PSEUDO_REAL_TIME,
ALL_AUDITED_CANDIDATES,2024Q1,H3,conservative,STRICT,corporate_credit,2024-03-31,2024-01-31,2023-11-30,25,REGISTRY_LAG_PSEUDO_REAL_TIME,
ALL_AUDITED_CANDIDATES,2024Q1,H3,conservative,STRICT,fx_reserves_ex_gold,2024-03-31,2024-02-29,2024-02-29,7,REGISTRY_LAG_PSEUDO_REAL_TIME,
ALL_AUDITED_CANDIDATES,2024Q1,H3,conservative,STRICT,pos_turnover,2024-03-31,2024-01-31,2024-01-31,18,REGISTRY_LAG_PSEUDO_REAL_TIME,
ALL_AUDITED_CANDIDATES,2024Q1,H3,conservative,STRICT,instant_payments,2024-03-31,2024-01-31,2022-08-31,18,REGISTRY_LAG_PSEUDO_REAL_TIME,
ALL_AUDITED_CANDIDATES,2024Q1,H3,conservative,STRICT,interbank_payments,2024-03-31,2024-01-31,2020-06-30,18,REGISTRY_LAG_PSEUDO_REAL_TIME,
ALL_AUDITED_CANDIDATES,2024Q2,H1,standard,STRICT,industrial_production,2024-04-30,2024-02-29,2024-02-29,33,REGISTRY_LAG_PSEUDO_REAL_TIME,
ALL_AUDITED_CANDIDATES,2024Q2,H1,standard,STRICT,manufacturing,2024-04-30,2024-02-29,2024-02-29,33,REGISTRY_LAG_PSEUDO_REAL_TIME,
ALL_AUDITED_CANDIDATES,2024Q2,H1,standard,STRICT,mining,2024-04-30,2024-02-29,2024-02-29,33,REGISTRY_LAG_PSEUDO_REAL_TIME,
ALL_AUDITED_CANDIDATES,2024Q2,H1,standard,STRICT,electricity_gas,2024-04-30,2024-02-29,2024-02-29,33,REGISTRY_LAG_PSEUDO_REAL_TIME,
ALL_AUDITED_CANDIDATES,2024Q2,H1,standard,STRICT,construction,2024-04-30,2024-03-31,2024-03-31,27,REGISTRY_LAG_PSEUDO_REAL_TIME,
ALL_AUDITED_CANDIDATES,2024Q2,H1,standard,STRICT,retail_trade,2024-04-30,2024-03-31,2024-03-31,24,REGISTRY_LAG_PSEUDO_REAL_TIME,
ALL_AUDITED_CANDIDATES,2024Q2,H1,standard,STRICT,wholesale_trade,2024-04-30,2024-03-31,2024-03-31,24,REGISTRY_LAG_PSEUDO_REAL_TIME,
ALL_AUDITED_CANDIDATES,2024Q2,H1,standard,STRICT,cpi_headline,2024-04-30,2024-03-31,2024-03-31,5,REGISTRY_LAG_PSEUDO_REAL_TIME,
ALL_AUDITED_CANDIDATES,2024Q2,H1,standard,STRICT,cpi_food,2024-04-30,2024-03-31,2024-03-31,5,REGISTRY_LAG_PSEUDO_REAL_TIME,
ALL_AUDITED_CANDIDATES,2024Q2,H1,standard,STRICT,cpi_services,2024-04-30,2024-03-31,2024-03-31,5,REGISTRY_LAG_PSEUDO_REAL_TIME,
ALL_AUDITED_CANDIDATES,2024Q2,H1,standard,STRICT,ppi,2024-04-30,2024-03-31,2024-03-31,15,REGISTRY_LAG_PSEUDO_REAL_TIME,
ALL_AUDITED_CANDIDATES,2024Q2,H1,standard,STRICT,exports_total,2024-04-30,2024-03-31,2024-03-31,26,REGISTRY_LAG_PSEUDO_REAL_TIME,
ALL_AUDITED_CANDIDATES,2024Q2,H1,standard,STRICT,exports_non_gold,2024-04-30,2024-03-31,2024-03-31,26,REGISTRY_LAG_PSEUDO_REAL_TIME,
ALL_AUDITED_CANDIDATES,2024Q2,H1,standard,STRICT,imports_total,2024-04-30,2024-03-31,2024-03-31,26,REGISTRY_LAG_PSEUDO_REAL_TIME,
ALL_AUDITED_CANDIDATES,2024Q2,H1,standard,STRICT,gold_exports_proxy,2024-04-30,2024-03-31,2024-03-31,26,REGISTRY_LAG_PSEUDO_REAL_TIME,
ALL_AUDITED_CANDIDATES,2024Q2,H1,standard,STRICT,usd_uzs,2024-04-30,2024-04-30,2024-04-30,0,REGISTRY_LAG_PSEUDO_REAL_TIME,
ALL_AUDITED_CANDIDATES,2024Q2,H1,standard,STRICT,rub_uzs,2024-04-30,2024-04-30,2024-04-30,0,REGISTRY_LAG_PSEUDO_REAL_TIME,
ALL_AUDITED_CANDIDATES,2024Q2,H1,standard,STRICT,gold_price,2024-04-30,2024-03-31,2024-03-31,7,REGISTRY_LAG_PSEUDO_REAL_TIME,
ALL_AUDITED_CANDIDATES,2024Q2,H1,standard,STRICT,russia_ipi,2024-04-30,2024-03-31,,23,REGISTRY_LAG_PSEUDO_REAL_TIME,
ALL_AUDITED_CANDIDATES,2024Q2,H1,standard,STRICT,m2,2024-04-30,2024-03-31,2024-03-31,25,REGISTRY_LAG_PSEUDO_REAL_TIME,
ALL_AUDITED_CANDIDATES,2024Q2,H1,standard,STRICT,household_deposits,2024-04-30,2024-03-31,2023-11-30,25,REGISTRY_LAG_PSEUDO_REAL_TIME,
ALL_AUDITED_CANDIDATES,2024Q2,H1,standard,STRICT,corporate_deposits,2024-04-30,2024-03-31,2023-11-30,25,REGISTRY_LAG_PSEUDO_REAL_TIME,
ALL_AUDITED_CANDIDATES,2024Q2,H1,standard,STRICT,household_credit,2024-04-30,2024-03-31,2023-11-30,25,REGISTRY_LAG_PSEUDO_REAL_TIME,
ALL_AUDITED_CANDIDATES,2024Q2,H1,standard,STRICT,corporate_credit,2024-04-30,2024-03-31,2023-11-30,25,REGISTRY_LAG_PSEUDO_REAL_TIME,
ALL_AUDITED_CANDIDATES,2024Q2,H1,standard,STRICT,fx_reserves_ex_gold,2024-04-30,2024-03-31,2024-03-31,7,REGISTRY_LAG_PSEUDO_REAL_TIME,
ALL_AUDITED_CANDIDATES,2024Q2,H1,standard,STRICT,pos_turnover,2024-04-30,2024-03-31,2024-03-31,18,REGISTRY_LAG_PSEUDO_REAL_TIME,
ALL_AUDITED_CANDIDATES,2024Q2,H1,standard,STRICT,instant_payments,2024-04-30,2024-03-31,2022-08-31,18,REGISTRY_LAG_PSEUDO_REAL_TIME,
ALL_AUDITED_CANDIDATES,2024Q2,H1,standard,STRICT,interbank_payments,2024-04-30,2024-03-31,2020-06-30,18,REGISTRY_LAG_PSEUDO_REAL_TIME,
ALL_AUDITED_CANDIDATES,2024Q2,H1,conservative,STRICT,industrial_production,2024-04-30,2024-02-29,2024-02-29,33,REGISTRY_LAG_PSEUDO_REAL_TIME,
ALL_AUDITED_CANDIDATES,2024Q2,H1,conservative,STRICT,manufacturing,2024-04-30,2024-02-29,2024-02-29,33,REGISTRY_LAG_PSEUDO_REAL_TIME,
ALL_AUDITED_CANDIDATES,2024Q2,H1,conservative,STRICT,mining,2024-04-30,2024-02-29,2024-02-29,33,REGISTRY_LAG_PSEUDO_REAL_TIME,
ALL_AUDITED_CANDIDATES,2024Q2,H1,conservative,STRICT,electricity_gas,2024-04-30,2024-02-29,2024-02-29,33,REGISTRY_LAG_PSEUDO_REAL_TIME,
ALL_AUDITED_CANDIDATES,2024Q2,H1,conservative,STRICT,construction,2024-04-30,2024-02-29,2024-02-29,27,REGISTRY_LAG_PSEUDO_REAL_TIME,
ALL_AUDITED_CANDIDATES,2024Q2,H1,conservative,STRICT,retail_trade,2024-04-30,2024-02-29,2024-02-29,24,REGISTRY_LAG_PSEUDO_REAL_TIME,
ALL_AUDITED_CANDIDATES,2024Q2,H1,conservative,STRICT,wholesale_trade,2024-04-30,2024-02-29,2024-02-29,24,REGISTRY_LAG_PSEUDO_REAL_TIME,
ALL_AUDITED_CANDIDATES,2024Q2,H1,conservative,STRICT,cpi_headline,2024-04-30,2024-03-31,2024-03-31,5,REGISTRY_LAG_PSEUDO_REAL_TIME,
ALL_AUDITED_CANDIDATES,2024Q2,H1,conservative,STRICT,cpi_food,2024-04-30,2024-03-31,2024-03-31,5,REGISTRY_LAG_PSEUDO_REAL_TIME,
ALL_AUDITED_CANDIDATES,2024Q2,H1,conservative,STRICT,cpi_services,2024-04-30,2024-03-31,2024-03-31,5,REGISTRY_LAG_PSEUDO_REAL_TIME,
ALL_AUDITED_CANDIDATES,2024Q2,H1,conservative,STRICT,ppi,2024-04-30,2024-03-31,2024-03-31,15,REGISTRY_LAG_PSEUDO_REAL_TIME,
ALL_AUDITED_CANDIDATES,2024Q2,H1,conservative,STRICT,exports_total,2024-04-30,2024-02-29,2024-02-29,26,REGISTRY_LAG_PSEUDO_REAL_TIME,
ALL_AUDITED_CANDIDATES,2024Q2,H1,conservative,STRICT,exports_non_gold,2024-04-30,2024-02-29,2024-02-29,26,REGISTRY_LAG_PSEUDO_REAL_TIME,
ALL_AUDITED_CANDIDATES,2024Q2,H1,conservative,STRICT,imports_total,2024-04-30,2024-02-29,2024-02-29,26,REGISTRY_LAG_PSEUDO_REAL_TIME,
ALL_AUDITED_CANDIDATES,2024Q2,H1,conservative,STRICT,gold_exports_proxy,2024-04-30,2024-02-29,2024-02-29,26,REGISTRY_LAG_PSEUDO_REAL_TIME,
ALL_AUDITED_CANDIDATES,2024Q2,H1,conservative,STRICT,usd_uzs,2024-04-30,2024-03-31,2024-03-31,0,REGISTRY_LAG_PSEUDO_REAL_TIME,
ALL_AUDITED_CANDIDATES,2024Q2,H1,conservative,STRICT,rub_uzs,2024-04-30,2024-03-31,2024-03-31,0,REGISTRY_LAG_PSEUDO_REAL_TIME,
ALL_AUDITED_CANDIDATES,2024Q2,H1,conservative,STRICT,gold_price,2024-04-30,2024-03-31,2024-03-31,7,REGISTRY_LAG_PSEUDO_REAL_TIME,
ALL_AUDITED_CANDIDATES,2024Q2,H1,conservative,STRICT,russia_ipi,2024-04-30,2024-02-29,,23,REGISTRY_LAG_PSEUDO_REAL_TIME,
ALL_AUDITED_CANDIDATES,2024Q2,H1,conservative,STRICT,m2,2024-04-30,2024-02-29,2024-02-29,25,REGISTRY_LAG_PSEUDO_REAL_TIME,
ALL_AUDITED_CANDIDATES,2024Q2,H1,conservative,STRICT,household_deposits,2024-04-30,2024-02-29,2023-11-30,25,REGISTRY_LAG_PSEUDO_REAL_TIME,
ALL_AUDITED_CANDIDATES,2024Q2,H1,conservative,STRICT,corporate_deposits,2024-04-30,2024-02-29,2023-11-30,25,REGISTRY_LAG_PSEUDO_REAL_TIME,
ALL_AUDITED_CANDIDATES,2024Q2,H1,conservative,STRICT,household_credit,2024-04-30,2024-02-29,2023-11-30,25,REGISTRY_LAG_PSEUDO_REAL_TIME,
ALL_AUDITED_CANDIDATES,2024Q2,H1,conservative,STRICT,corporate_credit,2024-04-30,2024-02-29,2023-11-30,25,REGISTRY_LAG_PSEUDO_REAL_TIME,
ALL_AUDITED_CANDIDATES,2024Q2,H1,conservative,STRICT,fx_reserves_ex_gold,2024-04-30,2024-03-31,2024-03-31,7,REGISTRY_LAG_PSEUDO_REAL_TIME,
ALL_AUDITED_CANDIDATES,2024Q2,H1,conservative,STRICT,pos_turnover,2024-04-30,2024-02-29,2024-02-29,18,REGISTRY_LAG_PSEUDO_REAL_TIME,
ALL_AUDITED_CANDIDATES,2024Q2,H1,conservative,STRICT,instant_payments,2024-04-30,2024-02-29,2022-08-31,18,REGISTRY_LAG_PSEUDO_REAL_TIME,
ALL_AUDITED_CANDIDATES,2024Q2,H1,conservative,STRICT,interbank_payments,2024-04-30,2024-02-29,2020-06-30,18,REGISTRY_LAG_PSEUDO_REAL_TIME,
ALL_AUDITED_CANDIDATES,2024Q2,H2,standard,STRICT,industrial_production,2024-05-31,2024-03-31,2024-03-31,33,REGISTRY_LAG_PSEUDO_REAL_TIME,
ALL_AUDITED_CANDIDATES,2024Q2,H2,standard,STRICT,manufacturing,2024-05-31,2024-03-31,2024-03-31,33,REGISTRY_LAG_PSEUDO_REAL_TIME,
ALL_AUDITED_CANDIDATES,2024Q2,H2,standard,STRICT,mining,2024-05-31,2024-03-31,2024-03-31,33,REGISTRY_LAG_PSEUDO_REAL_TIME,
ALL_AUDITED_CANDIDATES,2024Q2,H2,standard,STRICT,electricity_gas,2024-05-31,2024-03-31,2024-03-31,33,REGISTRY_LAG_PSEUDO_REAL_TIME,
ALL_AUDITED_CANDIDATES,2024Q2,H2,standard,STRICT,construction,2024-05-31,2024-04-30,2024-04-30,27,REGISTRY_LAG_PSEUDO_REAL_TIME,
ALL_AUDITED_CANDIDATES,2024Q2,H2,standard,STRICT,retail_trade,2024-05-31,2024-04-30,2024-04-30,24,REGISTRY_LAG_PSEUDO_REAL_TIME,
ALL_AUDITED_CANDIDATES,2024Q2,H2,standard,STRICT,wholesale_trade,2024-05-31,2024-04-30,2024-04-30,24,REGISTRY_LAG_PSEUDO_REAL_TIME,
ALL_AUDITED_CANDIDATES,2024Q2,H2,standard,STRICT,cpi_headline,2024-05-31,2024-04-30,2024-04-30,5,REGISTRY_LAG_PSEUDO_REAL_TIME,
ALL_AUDITED_CANDIDATES,2024Q2,H2,standard,STRICT,cpi_food,2024-05-31,2024-04-30,2024-04-30,5,REGISTRY_LAG_PSEUDO_REAL_TIME,
ALL_AUDITED_CANDIDATES,2024Q2,H2,standard,STRICT,cpi_services,2024-05-31,2024-04-30,2024-04-30,5,REGISTRY_LAG_PSEUDO_REAL_TIME,
ALL_AUDITED_CANDIDATES,2024Q2,H2,standard,STRICT,ppi,2024-05-31,2024-04-30,2024-04-30,15,REGISTRY_LAG_PSEUDO_REAL_TIME,
ALL_AUDITED_CANDIDATES,2024Q2,H2,standard,STRICT,exports_total,2024-05-31,2024-04-30,2024-04-30,26,REGISTRY_LAG_PSEUDO_REAL_TIME,
ALL_AUDITED_CANDIDATES,2024Q2,H2,standard,STRICT,exports_non_gold,2024-05-31,2024-04-30,2024-04-30,26,REGISTRY_LAG_PSEUDO_REAL_TIME,
ALL_AUDITED_CANDIDATES,2024Q2,H2,standard,STRICT,imports_total,2024-05-31,2024-04-30,2024-04-30,26,REGISTRY_LAG_PSEUDO_REAL_TIME,
ALL_AUDITED_CANDIDATES,2024Q2,H2,standard,STRICT,gold_exports_proxy,2024-05-31,2024-04-30,2024-04-30,26,REGISTRY_LAG_PSEUDO_REAL_TIME,
ALL_AUDITED_CANDIDATES,2024Q2,H2,standard,STRICT,usd_uzs,2024-05-31,2024-05-31,2024-05-31,0,REGISTRY_LAG_PSEUDO_REAL_TIME,
ALL_AUDITED_CANDIDATES,2024Q2,H2,standard,STRICT,rub_uzs,2024-05-31,2024-05-31,2024-05-31,0,REGISTRY_LAG_PSEUDO_REAL_TIME,
ALL_AUDITED_CANDIDATES,2024Q2,H2,standard,STRICT,gold_price,2024-05-31,2024-04-30,2024-04-30,7,REGISTRY_LAG_PSEUDO_REAL_TIME,
ALL_AUDITED_CANDIDATES,2024Q2,H2,standard,STRICT,russia_ipi,2024-05-31,2024-04-30,,23,REGISTRY_LAG_PSEUDO_REAL_TIME,
ALL_AUDITED_CANDIDATES,2024Q2,H2,standard,STRICT,m2,2024-05-31,2024-04-30,2024-04-30,25,REGISTRY_LAG_PSEUDO_REAL_TIME,
ALL_AUDITED_CANDIDATES,2024Q2,H2,standard,STRICT,household_deposits,2024-05-31,2024-04-30,2023-11-30,25,REGISTRY_LAG_PSEUDO_REAL_TIME,
ALL_AUDITED_CANDIDATES,2024Q2,H2,standard,STRICT,corporate_deposits,2024-05-31,2024-04-30,2023-11-30,25,REGISTRY_LAG_PSEUDO_REAL_TIME,
ALL_AUDITED_CANDIDATES,2024Q2,H2,standard,STRICT,household_credit,2024-05-31,2024-04-30,2023-11-30,25,REGISTRY_LAG_PSEUDO_REAL_TIME,
ALL_AUDITED_CANDIDATES,2024Q2,H2,standard,STRICT,corporate_credit,2024-05-31,2024-04-30,2023-11-30,25,REGISTRY_LAG_PSEUDO_REAL_TIME,
ALL_AUDITED_CANDIDATES,2024Q2,H2,standard,STRICT,fx_reserves_ex_gold,2024-05-31,2024-04-30,2024-04-30,7,REGISTRY_LAG_PSEUDO_REAL_TIME,
ALL_AUDITED_CANDIDATES,2024Q2,H2,standard,STRICT,pos_turnover,2024-05-31,2024-04-30,2024-04-30,18,REGISTRY_LAG_PSEUDO_REAL_TIME,
ALL_AUDITED_CANDIDATES,2024Q2,H2,standard,STRICT,instant_payments,2024-05-31,2024-04-30,2022-08-31,18,REGISTRY_LAG_PSEUDO_REAL_TIME,
ALL_AUDITED_CANDIDATES,2024Q2,H2,standard,STRICT,interbank_payments,2024-05-31,2024-04-30,2020-06-30,18,REGISTRY_LAG_PSEUDO_REAL_TIME,
ALL_AUDITED_CANDIDATES,2024Q2,H2,conservative,STRICT,industrial_production,2024-05-31,2024-03-31,2024-03-31,33,REGISTRY_LAG_PSEUDO_REAL_TIME,
ALL_AUDITED_CANDIDATES,2024Q2,H2,conservative,STRICT,manufacturing,2024-05-31,2024-03-31,2024-03-31,33,REGISTRY_LAG_PSEUDO_REAL_TIME,
ALL_AUDITED_CANDIDATES,2024Q2,H2,conservative,STRICT,mining,2024-05-31,2024-03-31,2024-03-31,33,REGISTRY_LAG_PSEUDO_REAL_TIME,
ALL_AUDITED_CANDIDATES,2024Q2,H2,conservative,STRICT,electricity_gas,2024-05-31,2024-03-31,2024-03-31,33,REGISTRY_LAG_PSEUDO_REAL_TIME,
ALL_AUDITED_CANDIDATES,2024Q2,H2,conservative,STRICT,construction,2024-05-31,2024-03-31,2024-03-31,27,REGISTRY_LAG_PSEUDO_REAL_TIME,
ALL_AUDITED_CANDIDATES,2024Q2,H2,conservative,STRICT,retail_trade,2024-05-31,2024-03-31,2024-03-31,24,REGISTRY_LAG_PSEUDO_REAL_TIME,
ALL_AUDITED_CANDIDATES,2024Q2,H2,conservative,STRICT,wholesale_trade,2024-05-31,2024-03-31,2024-03-31,24,REGISTRY_LAG_PSEUDO_REAL_TIME,
ALL_AUDITED_CANDIDATES,2024Q2,H2,conservative,STRICT,cpi_headline,2024-05-31,2024-04-30,2024-04-30,5,REGISTRY_LAG_PSEUDO_REAL_TIME,
ALL_AUDITED_CANDIDATES,2024Q2,H2,conservative,STRICT,cpi_food,2024-05-31,2024-04-30,2024-04-30,5,REGISTRY_LAG_PSEUDO_REAL_TIME,
ALL_AUDITED_CANDIDATES,2024Q2,H2,conservative,STRICT,cpi_services,2024-05-31,2024-04-30,2024-04-30,5,REGISTRY_LAG_PSEUDO_REAL_TIME,
ALL_AUDITED_CANDIDATES,2024Q2,H2,conservative,STRICT,ppi,2024-05-31,2024-04-30,2024-04-30,15,REGISTRY_LAG_PSEUDO_REAL_TIME,
ALL_AUDITED_CANDIDATES,2024Q2,H2,conservative,STRICT,exports_total,2024-05-31,2024-03-31,2024-03-31,26,REGISTRY_LAG_PSEUDO_REAL_TIME,
ALL_AUDITED_CANDIDATES,2024Q2,H2,conservative,STRICT,exports_non_gold,2024-05-31,2024-03-31,2024-03-31,26,REGISTRY_LAG_PSEUDO_REAL_TIME,
ALL_AUDITED_CANDIDATES,2024Q2,H2,conservative,STRICT,imports_total,2024-05-31,2024-03-31,2024-03-31,26,REGISTRY_LAG_PSEUDO_REAL_TIME,
ALL_AUDITED_CANDIDATES,2024Q2,H2,conservative,STRICT,gold_exports_proxy,2024-05-31,2024-03-31,2024-03-31,26,REGISTRY_LAG_PSEUDO_REAL_TIME,
ALL_AUDITED_CANDIDATES,2024Q2,H2,conservative,STRICT,usd_uzs,2024-05-31,2024-04-30,2024-04-30,0,REGISTRY_LAG_PSEUDO_REAL_TIME,
ALL_AUDITED_CANDIDATES,2024Q2,H2,conservative,STRICT,rub_uzs,2024-05-31,2024-04-30,2024-04-30,0,REGISTRY_LAG_PSEUDO_REAL_TIME,
ALL_AUDITED_CANDIDATES,2024Q2,H2,conservative,STRICT,gold_price,2024-05-31,2024-04-30,2024-04-30,7,REGISTRY_LAG_PSEUDO_REAL_TIME,
ALL_AUDITED_CANDIDATES,2024Q2,H2,conservative,STRICT,russia_ipi,2024-05-31,2024-03-31,,23,REGISTRY_LAG_PSEUDO_REAL_TIME,
ALL_AUDITED_CANDIDATES,2024Q2,H2,conservative,STRICT,m2,2024-05-31,2024-03-31,2024-03-31,25,REGISTRY_LAG_PSEUDO_REAL_TIME,
ALL_AUDITED_CANDIDATES,2024Q2,H2,conservative,STRICT,household_deposits,2024-05-31,2024-03-31,2023-11-30,25,REGISTRY_LAG_PSEUDO_REAL_TIME,
ALL_AUDITED_CANDIDATES,2024Q2,H2,conservative,STRICT,corporate_deposits,2024-05-31,2024-03-31,2023-11-30,25,REGISTRY_LAG_PSEUDO_REAL_TIME,
ALL_AUDITED_CANDIDATES,2024Q2,H2,conservative,STRICT,household_credit,2024-05-31,2024-03-31,2023-11-30,25,REGISTRY_LAG_PSEUDO_REAL_TIME,
ALL_AUDITED_CANDIDATES,2024Q2,H2,conservative,STRICT,corporate_credit,2024-05-31,2024-03-31,2023-11-30,25,REGISTRY_LAG_PSEUDO_REAL_TIME,
ALL_AUDITED_CANDIDATES,2024Q2,H2,conservative,STRICT,fx_reserves_ex_gold,2024-05-31,2024-04-30,2024-04-30,7,REGISTRY_LAG_PSEUDO_REAL_TIME,
ALL_AUDITED_CANDIDATES,2024Q2,H2,conservative,STRICT,pos_turnover,2024-05-31,2024-03-31,2024-03-31,18,REGISTRY_LAG_PSEUDO_REAL_TIME,
ALL_AUDITED_CANDIDATES,2024Q2,H2,conservative,STRICT,instant_payments,2024-05-31,2024-03-31,2022-08-31,18,REGISTRY_LAG_PSEUDO_REAL_TIME,
ALL_AUDITED_CANDIDATES,2024Q2,H2,conservative,STRICT,interbank_payments,2024-05-31,2024-03-31,2020-06-30,18,REGISTRY_LAG_PSEUDO_REAL_TIME,
ALL_AUDITED_CANDIDATES,2024Q2,H3,standard,STRICT,industrial_production,2024-06-30,2024-04-30,2024-04-30,33,REGISTRY_LAG_PSEUDO_REAL_TIME,
ALL_AUDITED_CANDIDATES,2024Q2,H3,standard,STRICT,manufacturing,2024-06-30,2024-04-30,2024-04-30,33,REGISTRY_LAG_PSEUDO_REAL_TIME,
ALL_AUDITED_CANDIDATES,2024Q2,H3,standard,STRICT,mining,2024-06-30,2024-04-30,2024-04-30,33,REGISTRY_LAG_PSEUDO_REAL_TIME,
ALL_AUDITED_CANDIDATES,2024Q2,H3,standard,STRICT,electricity_gas,2024-06-30,2024-04-30,2024-04-30,33,REGISTRY_LAG_PSEUDO_REAL_TIME,
ALL_AUDITED_CANDIDATES,2024Q2,H3,standard,STRICT,construction,2024-06-30,2024-05-31,2024-05-31,27,REGISTRY_LAG_PSEUDO_REAL_TIME,
ALL_AUDITED_CANDIDATES,2024Q2,H3,standard,STRICT,retail_trade,2024-06-30,2024-05-31,2024-05-31,24,REGISTRY_LAG_PSEUDO_REAL_TIME,
ALL_AUDITED_CANDIDATES,2024Q2,H3,standard,STRICT,wholesale_trade,2024-06-30,2024-05-31,2024-05-31,24,REGISTRY_LAG_PSEUDO_REAL_TIME,
ALL_AUDITED_CANDIDATES,2024Q2,H3,standard,STRICT,cpi_headline,2024-06-30,2024-05-31,2024-05-31,5,REGISTRY_LAG_PSEUDO_REAL_TIME,
ALL_AUDITED_CANDIDATES,2024Q2,H3,standard,STRICT,cpi_food,2024-06-30,2024-05-31,2024-05-31,5,REGISTRY_LAG_PSEUDO_REAL_TIME,
ALL_AUDITED_CANDIDATES,2024Q2,H3,standard,STRICT,cpi_services,2024-06-30,2024-05-31,2024-05-31,5,REGISTRY_LAG_PSEUDO_REAL_TIME,
ALL_AUDITED_CANDIDATES,2024Q2,H3,standard,STRICT,ppi,2024-06-30,2024-05-31,2024-05-31,15,REGISTRY_LAG_PSEUDO_REAL_TIME,
ALL_AUDITED_CANDIDATES,2024Q2,H3,standard,STRICT,exports_total,2024-06-30,2024-05-31,2024-05-31,26,REGISTRY_LAG_PSEUDO_REAL_TIME,
ALL_AUDITED_CANDIDATES,2024Q2,H3,standard,STRICT,exports_non_gold,2024-06-30,2024-05-31,2024-05-31,26,REGISTRY_LAG_PSEUDO_REAL_TIME,
ALL_AUDITED_CANDIDATES,2024Q2,H3,standard,STRICT,imports_total,2024-06-30,2024-05-31,2024-05-31,26,REGISTRY_LAG_PSEUDO_REAL_TIME,
ALL_AUDITED_CANDIDATES,2024Q2,H3,standard,STRICT,gold_exports_proxy,2024-06-30,2024-05-31,2024-05-31,26,REGISTRY_LAG_PSEUDO_REAL_TIME,
ALL_AUDITED_CANDIDATES,2024Q2,H3,standard,STRICT,usd_uzs,2024-06-30,2024-06-30,2024-06-30,0,REGISTRY_LAG_PSEUDO_REAL_TIME,
ALL_AUDITED_CANDIDATES,2024Q2,H3,standard,STRICT,rub_uzs,2024-06-30,2024-06-30,2024-06-30,0,REGISTRY_LAG_PSEUDO_REAL_TIME,
ALL_AUDITED_CANDIDATES,2024Q2,H3,standard,STRICT,gold_price,2024-06-30,2024-05-31,2024-05-31,7,REGISTRY_LAG_PSEUDO_REAL_TIME,
ALL_AUDITED_CANDIDATES,2024Q2,H3,standard,STRICT,russia_ipi,2024-06-30,2024-05-31,,23,REGISTRY_LAG_PSEUDO_REAL_TIME,
ALL_AUDITED_CANDIDATES,2024Q2,H3,standard,STRICT,m2,2024-06-30,2024-05-31,2024-05-31,25,REGISTRY_LAG_PSEUDO_REAL_TIME,
ALL_AUDITED_CANDIDATES,2024Q2,H3,standard,STRICT,household_deposits,2024-06-30,2024-05-31,2024-05-31,25,REGISTRY_LAG_PSEUDO_REAL_TIME,
ALL_AUDITED_CANDIDATES,2024Q2,H3,standard,STRICT,corporate_deposits,2024-06-30,2024-05-31,2024-05-31,25,REGISTRY_LAG_PSEUDO_REAL_TIME,
ALL_AUDITED_CANDIDATES,2024Q2,H3,standard,STRICT,household_credit,2024-06-30,2024-05-31,2024-05-31,25,REGISTRY_LAG_PSEUDO_REAL_TIME,
ALL_AUDITED_CANDIDATES,2024Q2,H3,standard,STRICT,corporate_credit,2024-06-30,2024-05-31,2024-05-31,25,REGISTRY_LAG_PSEUDO_REAL_TIME,
ALL_AUDITED_CANDIDATES,2024Q2,H3,standard,STRICT,fx_reserves_ex_gold,2024-06-30,2024-05-31,2024-05-31,7,REGISTRY_LAG_PSEUDO_REAL_TIME,
ALL_AUDITED_CANDIDATES,2024Q2,H3,standard,STRICT,pos_turnover,2024-06-30,2024-05-31,2024-05-31,18,REGISTRY_LAG_PSEUDO_REAL_TIME,
ALL_AUDITED_CANDIDATES,2024Q2,H3,standard,STRICT,instant_payments,2024-06-30,2024-05-31,2022-08-31,18,REGISTRY_LAG_PSEUDO_REAL_TIME,
ALL_AUDITED_CANDIDATES,2024Q2,H3,standard,STRICT,interbank_payments,2024-06-30,2024-05-31,2020-06-30,18,REGISTRY_LAG_PSEUDO_REAL_TIME,
ALL_AUDITED_CANDIDATES,2024Q2,H3,conservative,STRICT,industrial_production,2024-06-30,2024-04-30,2024-04-30,33,REGISTRY_LAG_PSEUDO_REAL_TIME,
ALL_AUDITED_CANDIDATES,2024Q2,H3,conservative,STRICT,manufacturing,2024-06-30,2024-04-30,2024-04-30,33,REGISTRY_LAG_PSEUDO_REAL_TIME,
ALL_AUDITED_CANDIDATES,2024Q2,H3,conservative,STRICT,mining,2024-06-30,2024-04-30,2024-04-30,33,REGISTRY_LAG_PSEUDO_REAL_TIME,
ALL_AUDITED_CANDIDATES,2024Q2,H3,conservative,STRICT,electricity_gas,2024-06-30,2024-04-30,2024-04-30,33,REGISTRY_LAG_PSEUDO_REAL_TIME,
ALL_AUDITED_CANDIDATES,2024Q2,H3,conservative,STRICT,construction,2024-06-30,2024-04-30,2024-04-30,27,REGISTRY_LAG_PSEUDO_REAL_TIME,
ALL_AUDITED_CANDIDATES,2024Q2,H3,conservative,STRICT,retail_trade,2024-06-30,2024-04-30,2024-04-30,24,REGISTRY_LAG_PSEUDO_REAL_TIME,
ALL_AUDITED_CANDIDATES,2024Q2,H3,conservative,STRICT,wholesale_trade,2024-06-30,2024-04-30,2024-04-30,24,REGISTRY_LAG_PSEUDO_REAL_TIME,
ALL_AUDITED_CANDIDATES,2024Q2,H3,conservative,STRICT,cpi_headline,2024-06-30,2024-05-31,2024-05-31,5,REGISTRY_LAG_PSEUDO_REAL_TIME,
ALL_AUDITED_CANDIDATES,2024Q2,H3,conservative,STRICT,cpi_food,2024-06-30,2024-05-31,2024-05-31,5,REGISTRY_LAG_PSEUDO_REAL_TIME,
ALL_AUDITED_CANDIDATES,2024Q2,H3,conservative,STRICT,cpi_services,2024-06-30,2024-05-31,2024-05-31,5,REGISTRY_LAG_PSEUDO_REAL_TIME,
ALL_AUDITED_CANDIDATES,2024Q2,H3,conservative,STRICT,ppi,2024-06-30,2024-05-31,2024-05-31,15,REGISTRY_LAG_PSEUDO_REAL_TIME,
ALL_AUDITED_CANDIDATES,2024Q2,H3,conservative,STRICT,exports_total,2024-06-30,2024-04-30,2024-04-30,26,REGISTRY_LAG_PSEUDO_REAL_TIME,
ALL_AUDITED_CANDIDATES,2024Q2,H3,conservative,STRICT,exports_non_gold,2024-06-30,2024-04-30,2024-04-30,26,REGISTRY_LAG_PSEUDO_REAL_TIME,
ALL_AUDITED_CANDIDATES,2024Q2,H3,conservative,STRICT,imports_total,2024-06-30,2024-04-30,2024-04-30,26,REGISTRY_LAG_PSEUDO_REAL_TIME,
ALL_AUDITED_CANDIDATES,2024Q2,H3,conservative,STRICT,gold_exports_proxy,2024-06-30,2024-04-30,2024-04-30,26,REGISTRY_LAG_PSEUDO_REAL_TIME,
ALL_AUDITED_CANDIDATES,2024Q2,H3,conservative,STRICT,usd_uzs,2024-06-30,2024-05-31,2024-05-31,0,REGISTRY_LAG_PSEUDO_REAL_TIME,
ALL_AUDITED_CANDIDATES,2024Q2,H3,conservative,STRICT,rub_uzs,2024-06-30,2024-05-31,2024-05-31,0,REGISTRY_LAG_PSEUDO_REAL_TIME,
ALL_AUDITED_CANDIDATES,2024Q2,H3,conservative,STRICT,gold_price,2024-06-30,2024-05-31,2024-05-31,7,REGISTRY_LAG_PSEUDO_REAL_TIME,
ALL_AUDITED_CANDIDATES,2024Q2,H3,conservative,STRICT,russia_ipi,2024-06-30,2024-04-30,,23,REGISTRY_LAG_PSEUDO_REAL_TIME,
ALL_AUDITED_CANDIDATES,2024Q2,H3,conservative,STRICT,m2,2024-06-30,2024-04-30,2024-04-30,25,REGISTRY_LAG_PSEUDO_REAL_TIME,
ALL_AUDITED_CANDIDATES,2024Q2,H3,conservative,STRICT,household_deposits,2024-06-30,2024-04-30,2023-11-30,25,REGISTRY_LAG_PSEUDO_REAL_TIME,
ALL_AUDITED_CANDIDATES,2024Q2,H3,conservative,STRICT,corporate_deposits,2024-06-30,2024-04-30,2023-11-30,25,REGISTRY_LAG_PSEUDO_REAL_TIME,
ALL_AUDITED_CANDIDATES,2024Q2,H3,conservative,STRICT,household_credit,2024-06-30,2024-04-30,2023-11-30,25,REGISTRY_LAG_PSEUDO_REAL_TIME,
ALL_AUDITED_CANDIDATES,2024Q2,H3,conservative,STRICT,corporate_credit,2024-06-30,2024-04-30,2023-11-30,25,REGISTRY_LAG_PSEUDO_REAL_TIME,
ALL_AUDITED_CANDIDATES,2024Q2,H3,conservative,STRICT,fx_reserves_ex_gold,2024-06-30,2024-05-31,2024-05-31,7,REGISTRY_LAG_PSEUDO_REAL_TIME,
ALL_AUDITED_CANDIDATES,2024Q2,H3,conservative,STRICT,pos_turnover,2024-06-30,2024-04-30,2024-04-30,18,REGISTRY_LAG_PSEUDO_REAL_TIME,
ALL_AUDITED_CANDIDATES,2024Q2,H3,conservative,STRICT,instant_payments,2024-06-30,2024-04-30,2022-08-31,18,REGISTRY_LAG_PSEUDO_REAL_TIME,
ALL_AUDITED_CANDIDATES,2024Q2,H3,conservative,STRICT,interbank_payments,2024-06-30,2024-04-30,2020-06-30,18,REGISTRY_LAG_PSEUDO_REAL_TIME,
ALL_AUDITED_CANDIDATES,2024Q3,H1,standard,STRICT,industrial_production,2024-07-31,2024-05-31,2024-05-31,33,REGISTRY_LAG_PSEUDO_REAL_TIME,
ALL_AUDITED_CANDIDATES,2024Q3,H1,standard,STRICT,manufacturing,2024-07-31,2024-05-31,2024-05-31,33,REGISTRY_LAG_PSEUDO_REAL_TIME,
ALL_AUDITED_CANDIDATES,2024Q3,H1,standard,STRICT,mining,2024-07-31,2024-05-31,2024-05-31,33,REGISTRY_LAG_PSEUDO_REAL_TIME,
ALL_AUDITED_CANDIDATES,2024Q3,H1,standard,STRICT,electricity_gas,2024-07-31,2024-05-31,2024-05-31,33,REGISTRY_LAG_PSEUDO_REAL_TIME,
ALL_AUDITED_CANDIDATES,2024Q3,H1,standard,STRICT,construction,2024-07-31,2024-06-30,2024-06-30,27,REGISTRY_LAG_PSEUDO_REAL_TIME,
ALL_AUDITED_CANDIDATES,2024Q3,H1,standard,STRICT,retail_trade,2024-07-31,2024-06-30,2024-06-30,24,REGISTRY_LAG_PSEUDO_REAL_TIME,
ALL_AUDITED_CANDIDATES,2024Q3,H1,standard,STRICT,wholesale_trade,2024-07-31,2024-06-30,2024-06-30,24,REGISTRY_LAG_PSEUDO_REAL_TIME,
ALL_AUDITED_CANDIDATES,2024Q3,H1,standard,STRICT,cpi_headline,2024-07-31,2024-06-30,2024-06-30,5,REGISTRY_LAG_PSEUDO_REAL_TIME,
ALL_AUDITED_CANDIDATES,2024Q3,H1,standard,STRICT,cpi_food,2024-07-31,2024-06-30,2024-06-30,5,REGISTRY_LAG_PSEUDO_REAL_TIME,
ALL_AUDITED_CANDIDATES,2024Q3,H1,standard,STRICT,cpi_services,2024-07-31,2024-06-30,2024-06-30,5,REGISTRY_LAG_PSEUDO_REAL_TIME,
ALL_AUDITED_CANDIDATES,2024Q3,H1,standard,STRICT,ppi,2024-07-31,2024-06-30,2024-06-30,15,REGISTRY_LAG_PSEUDO_REAL_TIME,
ALL_AUDITED_CANDIDATES,2024Q3,H1,standard,STRICT,exports_total,2024-07-31,2024-06-30,2024-06-30,26,REGISTRY_LAG_PSEUDO_REAL_TIME,
ALL_AUDITED_CANDIDATES,2024Q3,H1,standard,STRICT,exports_non_gold,2024-07-31,2024-06-30,2024-06-30,26,REGISTRY_LAG_PSEUDO_REAL_TIME,
ALL_AUDITED_CANDIDATES,2024Q3,H1,standard,STRICT,imports_total,2024-07-31,2024-06-30,2024-06-30,26,REGISTRY_LAG_PSEUDO_REAL_TIME,
ALL_AUDITED_CANDIDATES,2024Q3,H1,standard,STRICT,gold_exports_proxy,2024-07-31,2024-06-30,2024-06-30,26,REGISTRY_LAG_PSEUDO_REAL_TIME,
ALL_AUDITED_CANDIDATES,2024Q3,H1,standard,STRICT,usd_uzs,2024-07-31,2024-07-31,2024-07-31,0,REGISTRY_LAG_PSEUDO_REAL_TIME,
ALL_AUDITED_CANDIDATES,2024Q3,H1,standard,STRICT,rub_uzs,2024-07-31,2024-07-31,2024-07-31,0,REGISTRY_LAG_PSEUDO_REAL_TIME,
ALL_AUDITED_CANDIDATES,2024Q3,H1,standard,STRICT,gold_price,2024-07-31,2024-06-30,2024-06-30,7,REGISTRY_LAG_PSEUDO_REAL_TIME,
ALL_AUDITED_CANDIDATES,2024Q3,H1,standard,STRICT,russia_ipi,2024-07-31,2024-06-30,,23,REGISTRY_LAG_PSEUDO_REAL_TIME,
ALL_AUDITED_CANDIDATES,2024Q3,H1,standard,STRICT,m2,2024-07-31,2024-06-30,2024-06-30,25,REGISTRY_LAG_PSEUDO_REAL_TIME,
ALL_AUDITED_CANDIDATES,2024Q3,H1,standard,STRICT,household_deposits,2024-07-31,2024-06-30,2024-06-30,25,REGISTRY_LAG_PSEUDO_REAL_TIME,
ALL_AUDITED_CANDIDATES,2024Q3,H1,standard,STRICT,corporate_deposits,2024-07-31,2024-06-30,2024-06-30,25,REGISTRY_LAG_PSEUDO_REAL_TIME,
ALL_AUDITED_CANDIDATES,2024Q3,H1,standard,STRICT,household_credit,2024-07-31,2024-06-30,2024-06-30,25,REGISTRY_LAG_PSEUDO_REAL_TIME,
ALL_AUDITED_CANDIDATES,2024Q3,H1,standard,STRICT,corporate_credit,2024-07-31,2024-06-30,2024-06-30,25,REGISTRY_LAG_PSEUDO_REAL_TIME,
ALL_AUDITED_CANDIDATES,2024Q3,H1,standard,STRICT,fx_reserves_ex_gold,2024-07-31,2024-06-30,2024-06-30,7,REGISTRY_LAG_PSEUDO_REAL_TIME,
ALL_AUDITED_CANDIDATES,2024Q3,H1,standard,STRICT,pos_turnover,2024-07-31,2024-06-30,2024-06-30,18,REGISTRY_LAG_PSEUDO_REAL_TIME,
ALL_AUDITED_CANDIDATES,2024Q3,H1,standard,STRICT,instant_payments,2024-07-31,2024-06-30,2022-08-31,18,REGISTRY_LAG_PSEUDO_REAL_TIME,
ALL_AUDITED_CANDIDATES,2024Q3,H1,standard,STRICT,interbank_payments,2024-07-31,2024-06-30,2020-06-30,18,REGISTRY_LAG_PSEUDO_REAL_TIME,
ALL_AUDITED_CANDIDATES,2024Q3,H1,conservative,STRICT,industrial_production,2024-07-31,2024-05-31,2024-05-31,33,REGISTRY_LAG_PSEUDO_REAL_TIME,
ALL_AUDITED_CANDIDATES,2024Q3,H1,conservative,STRICT,manufacturing,2024-07-31,2024-05-31,2024-05-31,33,REGISTRY_LAG_PSEUDO_REAL_TIME,
ALL_AUDITED_CANDIDATES,2024Q3,H1,conservative,STRICT,mining,2024-07-31,2024-05-31,2024-05-31,33,REGISTRY_LAG_PSEUDO_REAL_TIME,
ALL_AUDITED_CANDIDATES,2024Q3,H1,conservative,STRICT,electricity_gas,2024-07-31,2024-05-31,2024-05-31,33,REGISTRY_LAG_PSEUDO_REAL_TIME,
ALL_AUDITED_CANDIDATES,2024Q3,H1,conservative,STRICT,construction,2024-07-31,2024-05-31,2024-05-31,27,REGISTRY_LAG_PSEUDO_REAL_TIME,
ALL_AUDITED_CANDIDATES,2024Q3,H1,conservative,STRICT,retail_trade,2024-07-31,2024-05-31,2024-05-31,24,REGISTRY_LAG_PSEUDO_REAL_TIME,
ALL_AUDITED_CANDIDATES,2024Q3,H1,conservative,STRICT,wholesale_trade,2024-07-31,2024-05-31,2024-05-31,24,REGISTRY_LAG_PSEUDO_REAL_TIME,
ALL_AUDITED_CANDIDATES,2024Q3,H1,conservative,STRICT,cpi_headline,2024-07-31,2024-06-30,2024-06-30,5,REGISTRY_LAG_PSEUDO_REAL_TIME,
ALL_AUDITED_CANDIDATES,2024Q3,H1,conservative,STRICT,cpi_food,2024-07-31,2024-06-30,2024-06-30,5,REGISTRY_LAG_PSEUDO_REAL_TIME,
ALL_AUDITED_CANDIDATES,2024Q3,H1,conservative,STRICT,cpi_services,2024-07-31,2024-06-30,2024-06-30,5,REGISTRY_LAG_PSEUDO_REAL_TIME,
ALL_AUDITED_CANDIDATES,2024Q3,H1,conservative,STRICT,ppi,2024-07-31,2024-06-30,2024-06-30,15,REGISTRY_LAG_PSEUDO_REAL_TIME,
ALL_AUDITED_CANDIDATES,2024Q3,H1,conservative,STRICT,exports_total,2024-07-31,2024-05-31,2024-05-31,26,REGISTRY_LAG_PSEUDO_REAL_TIME,
ALL_AUDITED_CANDIDATES,2024Q3,H1,conservative,STRICT,exports_non_gold,2024-07-31,2024-05-31,2024-05-31,26,REGISTRY_LAG_PSEUDO_REAL_TIME,
ALL_AUDITED_CANDIDATES,2024Q3,H1,conservative,STRICT,imports_total,2024-07-31,2024-05-31,2024-05-31,26,REGISTRY_LAG_PSEUDO_REAL_TIME,
ALL_AUDITED_CANDIDATES,2024Q3,H1,conservative,STRICT,gold_exports_proxy,2024-07-31,2024-05-31,2024-05-31,26,REGISTRY_LAG_PSEUDO_REAL_TIME,
ALL_AUDITED_CANDIDATES,2024Q3,H1,conservative,STRICT,usd_uzs,2024-07-31,2024-06-30,2024-06-30,0,REGISTRY_LAG_PSEUDO_REAL_TIME,
ALL_AUDITED_CANDIDATES,2024Q3,H1,conservative,STRICT,rub_uzs,2024-07-31,2024-06-30,2024-06-30,0,REGISTRY_LAG_PSEUDO_REAL_TIME,
ALL_AUDITED_CANDIDATES,2024Q3,H1,conservative,STRICT,gold_price,2024-07-31,2024-06-30,2024-06-30,7,REGISTRY_LAG_PSEUDO_REAL_TIME,
ALL_AUDITED_CANDIDATES,2024Q3,H1,conservative,STRICT,russia_ipi,2024-07-31,2024-05-31,,23,REGISTRY_LAG_PSEUDO_REAL_TIME,
ALL_AUDITED_CANDIDATES,2024Q3,H1,conservative,STRICT,m2,2024-07-31,2024-05-31,2024-05-31,25,REGISTRY_LAG_PSEUDO_REAL_TIME,
ALL_AUDITED_CANDIDATES,2024Q3,H1,conservative,STRICT,household_deposits,2024-07-31,2024-05-31,2024-05-31,25,REGISTRY_LAG_PSEUDO_REAL_TIME,
ALL_AUDITED_CANDIDATES,2024Q3,H1,conservative,STRICT,corporate_deposits,2024-07-31,2024-05-31,2024-05-31,25,REGISTRY_LAG_PSEUDO_REAL_TIME,
ALL_AUDITED_CANDIDATES,2024Q3,H1,conservative,STRICT,household_credit,2024-07-31,2024-05-31,2024-05-31,25,REGISTRY_LAG_PSEUDO_REAL_TIME,
ALL_AUDITED_CANDIDATES,2024Q3,H1,conservative,STRICT,corporate_credit,2024-07-31,2024-05-31,2024-05-31,25,REGISTRY_LAG_PSEUDO_REAL_TIME,
ALL_AUDITED_CANDIDATES,2024Q3,H1,conservative,STRICT,fx_reserves_ex_gold,2024-07-31,2024-06-30,2024-06-30,7,REGISTRY_LAG_PSEUDO_REAL_TIME,
ALL_AUDITED_CANDIDATES,2024Q3,H1,conservative,STRICT,pos_turnover,2024-07-31,2024-05-31,2024-05-31,18,REGISTRY_LAG_PSEUDO_REAL_TIME,
ALL_AUDITED_CANDIDATES,2024Q3,H1,conservative,STRICT,instant_payments,2024-07-31,2024-05-31,2022-08-31,18,REGISTRY_LAG_PSEUDO_REAL_TIME,
ALL_AUDITED_CANDIDATES,2024Q3,H1,conservative,STRICT,interbank_payments,2024-07-31,2024-05-31,2020-06-30,18,REGISTRY_LAG_PSEUDO_REAL_TIME,
ALL_AUDITED_CANDIDATES,2024Q3,H2,standard,STRICT,industrial_production,2024-08-31,2024-06-30,2024-06-30,33,REGISTRY_LAG_PSEUDO_REAL_TIME,
ALL_AUDITED_CANDIDATES,2024Q3,H2,standard,STRICT,manufacturing,2024-08-31,2024-06-30,2024-06-30,33,REGISTRY_LAG_PSEUDO_REAL_TIME,
ALL_AUDITED_CANDIDATES,2024Q3,H2,standard,STRICT,mining,2024-08-31,2024-06-30,2024-06-30,33,REGISTRY_LAG_PSEUDO_REAL_TIME,
ALL_AUDITED_CANDIDATES,2024Q3,H2,standard,STRICT,electricity_gas,2024-08-31,2024-06-30,2024-06-30,33,REGISTRY_LAG_PSEUDO_REAL_TIME,
ALL_AUDITED_CANDIDATES,2024Q3,H2,standard,STRICT,construction,2024-08-31,2024-07-31,2024-07-31,27,REGISTRY_LAG_PSEUDO_REAL_TIME,
ALL_AUDITED_CANDIDATES,2024Q3,H2,standard,STRICT,retail_trade,2024-08-31,2024-07-31,2024-07-31,24,REGISTRY_LAG_PSEUDO_REAL_TIME,
ALL_AUDITED_CANDIDATES,2024Q3,H2,standard,STRICT,wholesale_trade,2024-08-31,2024-07-31,2024-07-31,24,REGISTRY_LAG_PSEUDO_REAL_TIME,
ALL_AUDITED_CANDIDATES,2024Q3,H2,standard,STRICT,cpi_headline,2024-08-31,2024-07-31,2024-07-31,5,REGISTRY_LAG_PSEUDO_REAL_TIME,
ALL_AUDITED_CANDIDATES,2024Q3,H2,standard,STRICT,cpi_food,2024-08-31,2024-07-31,2024-07-31,5,REGISTRY_LAG_PSEUDO_REAL_TIME,
ALL_AUDITED_CANDIDATES,2024Q3,H2,standard,STRICT,cpi_services,2024-08-31,2024-07-31,2024-07-31,5,REGISTRY_LAG_PSEUDO_REAL_TIME,
ALL_AUDITED_CANDIDATES,2024Q3,H2,standard,STRICT,ppi,2024-08-31,2024-07-31,2024-07-31,15,REGISTRY_LAG_PSEUDO_REAL_TIME,
ALL_AUDITED_CANDIDATES,2024Q3,H2,standard,STRICT,exports_total,2024-08-31,2024-07-31,2024-07-31,26,REGISTRY_LAG_PSEUDO_REAL_TIME,
ALL_AUDITED_CANDIDATES,2024Q3,H2,standard,STRICT,exports_non_gold,2024-08-31,2024-07-31,2024-07-31,26,REGISTRY_LAG_PSEUDO_REAL_TIME,
ALL_AUDITED_CANDIDATES,2024Q3,H2,standard,STRICT,imports_total,2024-08-31,2024-07-31,2024-07-31,26,REGISTRY_LAG_PSEUDO_REAL_TIME,
ALL_AUDITED_CANDIDATES,2024Q3,H2,standard,STRICT,gold_exports_proxy,2024-08-31,2024-07-31,2024-07-31,26,REGISTRY_LAG_PSEUDO_REAL_TIME,
ALL_AUDITED_CANDIDATES,2024Q3,H2,standard,STRICT,usd_uzs,2024-08-31,2024-08-31,2024-08-31,0,REGISTRY_LAG_PSEUDO_REAL_TIME,
ALL_AUDITED_CANDIDATES,2024Q3,H2,standard,STRICT,rub_uzs,2024-08-31,2024-08-31,2024-08-31,0,REGISTRY_LAG_PSEUDO_REAL_TIME,
ALL_AUDITED_CANDIDATES,2024Q3,H2,standard,STRICT,gold_price,2024-08-31,2024-07-31,2024-07-31,7,REGISTRY_LAG_PSEUDO_REAL_TIME,
ALL_AUDITED_CANDIDATES,2024Q3,H2,standard,STRICT,russia_ipi,2024-08-31,2024-07-31,,23,REGISTRY_LAG_PSEUDO_REAL_TIME,
ALL_AUDITED_CANDIDATES,2024Q3,H2,standard,STRICT,m2,2024-08-31,2024-07-31,2024-07-31,25,REGISTRY_LAG_PSEUDO_REAL_TIME,
ALL_AUDITED_CANDIDATES,2024Q3,H2,standard,STRICT,household_deposits,2024-08-31,2024-07-31,2024-07-31,25,REGISTRY_LAG_PSEUDO_REAL_TIME,
ALL_AUDITED_CANDIDATES,2024Q3,H2,standard,STRICT,corporate_deposits,2024-08-31,2024-07-31,2024-07-31,25,REGISTRY_LAG_PSEUDO_REAL_TIME,
ALL_AUDITED_CANDIDATES,2024Q3,H2,standard,STRICT,household_credit,2024-08-31,2024-07-31,2024-07-31,25,REGISTRY_LAG_PSEUDO_REAL_TIME,
ALL_AUDITED_CANDIDATES,2024Q3,H2,standard,STRICT,corporate_credit,2024-08-31,2024-07-31,2024-07-31,25,REGISTRY_LAG_PSEUDO_REAL_TIME,
ALL_AUDITED_CANDIDATES,2024Q3,H2,standard,STRICT,fx_reserves_ex_gold,2024-08-31,2024-07-31,2024-07-31,7,REGISTRY_LAG_PSEUDO_REAL_TIME,
ALL_AUDITED_CANDIDATES,2024Q3,H2,standard,STRICT,pos_turnover,2024-08-31,2024-07-31,2024-07-31,18,REGISTRY_LAG_PSEUDO_REAL_TIME,
ALL_AUDITED_CANDIDATES,2024Q3,H2,standard,STRICT,instant_payments,2024-08-31,2024-07-31,2022-08-31,18,REGISTRY_LAG_PSEUDO_REAL_TIME,
ALL_AUDITED_CANDIDATES,2024Q3,H2,standard,STRICT,interbank_payments,2024-08-31,2024-07-31,2020-06-30,18,REGISTRY_LAG_PSEUDO_REAL_TIME,
ALL_AUDITED_CANDIDATES,2024Q3,H2,conservative,STRICT,industrial_production,2024-08-31,2024-06-30,2024-06-30,33,REGISTRY_LAG_PSEUDO_REAL_TIME,
ALL_AUDITED_CANDIDATES,2024Q3,H2,conservative,STRICT,manufacturing,2024-08-31,2024-06-30,2024-06-30,33,REGISTRY_LAG_PSEUDO_REAL_TIME,
ALL_AUDITED_CANDIDATES,2024Q3,H2,conservative,STRICT,mining,2024-08-31,2024-06-30,2024-06-30,33,REGISTRY_LAG_PSEUDO_REAL_TIME,
ALL_AUDITED_CANDIDATES,2024Q3,H2,conservative,STRICT,electricity_gas,2024-08-31,2024-06-30,2024-06-30,33,REGISTRY_LAG_PSEUDO_REAL_TIME,
ALL_AUDITED_CANDIDATES,2024Q3,H2,conservative,STRICT,construction,2024-08-31,2024-06-30,2024-06-30,27,REGISTRY_LAG_PSEUDO_REAL_TIME,
ALL_AUDITED_CANDIDATES,2024Q3,H2,conservative,STRICT,retail_trade,2024-08-31,2024-06-30,2024-06-30,24,REGISTRY_LAG_PSEUDO_REAL_TIME,
ALL_AUDITED_CANDIDATES,2024Q3,H2,conservative,STRICT,wholesale_trade,2024-08-31,2024-06-30,2024-06-30,24,REGISTRY_LAG_PSEUDO_REAL_TIME,
ALL_AUDITED_CANDIDATES,2024Q3,H2,conservative,STRICT,cpi_headline,2024-08-31,2024-07-31,2024-07-31,5,REGISTRY_LAG_PSEUDO_REAL_TIME,
ALL_AUDITED_CANDIDATES,2024Q3,H2,conservative,STRICT,cpi_food,2024-08-31,2024-07-31,2024-07-31,5,REGISTRY_LAG_PSEUDO_REAL_TIME,
ALL_AUDITED_CANDIDATES,2024Q3,H2,conservative,STRICT,cpi_services,2024-08-31,2024-07-31,2024-07-31,5,REGISTRY_LAG_PSEUDO_REAL_TIME,
ALL_AUDITED_CANDIDATES,2024Q3,H2,conservative,STRICT,ppi,2024-08-31,2024-07-31,2024-07-31,15,REGISTRY_LAG_PSEUDO_REAL_TIME,
ALL_AUDITED_CANDIDATES,2024Q3,H2,conservative,STRICT,exports_total,2024-08-31,2024-06-30,2024-06-30,26,REGISTRY_LAG_PSEUDO_REAL_TIME,
ALL_AUDITED_CANDIDATES,2024Q3,H2,conservative,STRICT,exports_non_gold,2024-08-31,2024-06-30,2024-06-30,26,REGISTRY_LAG_PSEUDO_REAL_TIME,
ALL_AUDITED_CANDIDATES,2024Q3,H2,conservative,STRICT,imports_total,2024-08-31,2024-06-30,2024-06-30,26,REGISTRY_LAG_PSEUDO_REAL_TIME,
ALL_AUDITED_CANDIDATES,2024Q3,H2,conservative,STRICT,gold_exports_proxy,2024-08-31,2024-06-30,2024-06-30,26,REGISTRY_LAG_PSEUDO_REAL_TIME,
ALL_AUDITED_CANDIDATES,2024Q3,H2,conservative,STRICT,usd_uzs,2024-08-31,2024-07-31,2024-07-31,0,REGISTRY_LAG_PSEUDO_REAL_TIME,
ALL_AUDITED_CANDIDATES,2024Q3,H2,conservative,STRICT,rub_uzs,2024-08-31,2024-07-31,2024-07-31,0,REGISTRY_LAG_PSEUDO_REAL_TIME,
ALL_AUDITED_CANDIDATES,2024Q3,H2,conservative,STRICT,gold_price,2024-08-31,2024-07-31,2024-07-31,7,REGISTRY_LAG_PSEUDO_REAL_TIME,
ALL_AUDITED_CANDIDATES,2024Q3,H2,conservative,STRICT,russia_ipi,2024-08-31,2024-06-30,,23,REGISTRY_LAG_PSEUDO_REAL_TIME,
ALL_AUDITED_CANDIDATES,2024Q3,H2,conservative,STRICT,m2,2024-08-31,2024-06-30,2024-06-30,25,REGISTRY_LAG_PSEUDO_REAL_TIME,
ALL_AUDITED_CANDIDATES,2024Q3,H2,conservative,STRICT,household_deposits,2024-08-31,2024-06-30,2024-06-30,25,REGISTRY_LAG_PSEUDO_REAL_TIME,
ALL_AUDITED_CANDIDATES,2024Q3,H2,conservative,STRICT,corporate_deposits,2024-08-31,2024-06-30,2024-06-30,25,REGISTRY_LAG_PSEUDO_REAL_TIME,
ALL_AUDITED_CANDIDATES,2024Q3,H2,conservative,STRICT,household_credit,2024-08-31,2024-06-30,2024-06-30,25,REGISTRY_LAG_PSEUDO_REAL_TIME,
ALL_AUDITED_CANDIDATES,2024Q3,H2,conservative,STRICT,corporate_credit,2024-08-31,2024-06-30,2024-06-30,25,REGISTRY_LAG_PSEUDO_REAL_TIME,
ALL_AUDITED_CANDIDATES,2024Q3,H2,conservative,STRICT,fx_reserves_ex_gold,2024-08-31,2024-07-31,2024-07-31,7,REGISTRY_LAG_PSEUDO_REAL_TIME,
ALL_AUDITED_CANDIDATES,2024Q3,H2,conservative,STRICT,pos_turnover,2024-08-31,2024-06-30,2024-06-30,18,REGISTRY_LAG_PSEUDO_REAL_TIME,
ALL_AUDITED_CANDIDATES,2024Q3,H2,conservative,STRICT,instant_payments,2024-08-31,2024-06-30,2022-08-31,18,REGISTRY_LAG_PSEUDO_REAL_TIME,
ALL_AUDITED_CANDIDATES,2024Q3,H2,conservative,STRICT,interbank_payments,2024-08-31,2024-06-30,2020-06-30,18,REGISTRY_LAG_PSEUDO_REAL_TIME,
ALL_AUDITED_CANDIDATES,2024Q3,H3,standard,STRICT,industrial_production,2024-09-30,2024-07-31,2024-07-31,33,REGISTRY_LAG_PSEUDO_REAL_TIME,
ALL_AUDITED_CANDIDATES,2024Q3,H3,standard,STRICT,manufacturing,2024-09-30,2024-07-31,2024-07-31,33,REGISTRY_LAG_PSEUDO_REAL_TIME,
ALL_AUDITED_CANDIDATES,2024Q3,H3,standard,STRICT,mining,2024-09-30,2024-07-31,2024-07-31,33,REGISTRY_LAG_PSEUDO_REAL_TIME,
ALL_AUDITED_CANDIDATES,2024Q3,H3,standard,STRICT,electricity_gas,2024-09-30,2024-07-31,2024-07-31,33,REGISTRY_LAG_PSEUDO_REAL_TIME,
ALL_AUDITED_CANDIDATES,2024Q3,H3,standard,STRICT,construction,2024-09-30,2024-08-31,2024-08-31,27,REGISTRY_LAG_PSEUDO_REAL_TIME,
ALL_AUDITED_CANDIDATES,2024Q3,H3,standard,STRICT,retail_trade,2024-09-30,2024-08-31,2024-08-31,24,REGISTRY_LAG_PSEUDO_REAL_TIME,
ALL_AUDITED_CANDIDATES,2024Q3,H3,standard,STRICT,wholesale_trade,2024-09-30,2024-08-31,2024-08-31,24,REGISTRY_LAG_PSEUDO_REAL_TIME,
ALL_AUDITED_CANDIDATES,2024Q3,H3,standard,STRICT,cpi_headline,2024-09-30,2024-08-31,2024-08-31,5,REGISTRY_LAG_PSEUDO_REAL_TIME,
ALL_AUDITED_CANDIDATES,2024Q3,H3,standard,STRICT,cpi_food,2024-09-30,2024-08-31,2024-08-31,5,REGISTRY_LAG_PSEUDO_REAL_TIME,
ALL_AUDITED_CANDIDATES,2024Q3,H3,standard,STRICT,cpi_services,2024-09-30,2024-08-31,2024-08-31,5,REGISTRY_LAG_PSEUDO_REAL_TIME,
ALL_AUDITED_CANDIDATES,2024Q3,H3,standard,STRICT,ppi,2024-09-30,2024-08-31,2024-08-31,15,REGISTRY_LAG_PSEUDO_REAL_TIME,
ALL_AUDITED_CANDIDATES,2024Q3,H3,standard,STRICT,exports_total,2024-09-30,2024-08-31,2024-08-31,26,REGISTRY_LAG_PSEUDO_REAL_TIME,
ALL_AUDITED_CANDIDATES,2024Q3,H3,standard,STRICT,exports_non_gold,2024-09-30,2024-08-31,2024-08-31,26,REGISTRY_LAG_PSEUDO_REAL_TIME,
ALL_AUDITED_CANDIDATES,2024Q3,H3,standard,STRICT,imports_total,2024-09-30,2024-08-31,2024-08-31,26,REGISTRY_LAG_PSEUDO_REAL_TIME,
ALL_AUDITED_CANDIDATES,2024Q3,H3,standard,STRICT,gold_exports_proxy,2024-09-30,2024-08-31,2024-08-31,26,REGISTRY_LAG_PSEUDO_REAL_TIME,
ALL_AUDITED_CANDIDATES,2024Q3,H3,standard,STRICT,usd_uzs,2024-09-30,2024-09-30,2024-09-30,0,REGISTRY_LAG_PSEUDO_REAL_TIME,
ALL_AUDITED_CANDIDATES,2024Q3,H3,standard,STRICT,rub_uzs,2024-09-30,2024-09-30,2024-09-30,0,REGISTRY_LAG_PSEUDO_REAL_TIME,
ALL_AUDITED_CANDIDATES,2024Q3,H3,standard,STRICT,gold_price,2024-09-30,2024-08-31,2024-08-31,7,REGISTRY_LAG_PSEUDO_REAL_TIME,
ALL_AUDITED_CANDIDATES,2024Q3,H3,standard,STRICT,russia_ipi,2024-09-30,2024-08-31,,23,REGISTRY_LAG_PSEUDO_REAL_TIME,
ALL_AUDITED_CANDIDATES,2024Q3,H3,standard,STRICT,m2,2024-09-30,2024-08-31,2024-08-31,25,REGISTRY_LAG_PSEUDO_REAL_TIME,
ALL_AUDITED_CANDIDATES,2024Q3,H3,standard,STRICT,household_deposits,2024-09-30,2024-08-31,2024-08-31,25,REGISTRY_LAG_PSEUDO_REAL_TIME,
ALL_AUDITED_CANDIDATES,2024Q3,H3,standard,STRICT,corporate_deposits,2024-09-30,2024-08-31,2024-08-31,25,REGISTRY_LAG_PSEUDO_REAL_TIME,
ALL_AUDITED_CANDIDATES,2024Q3,H3,standard,STRICT,household_credit,2024-09-30,2024-08-31,2024-08-31,25,REGISTRY_LAG_PSEUDO_REAL_TIME,
ALL_AUDITED_CANDIDATES,2024Q3,H3,standard,STRICT,corporate_credit,2024-09-30,2024-08-31,2024-08-31,25,REGISTRY_LAG_PSEUDO_REAL_TIME,
ALL_AUDITED_CANDIDATES,2024Q3,H3,standard,STRICT,fx_reserves_ex_gold,2024-09-30,2024-08-31,2024-08-31,7,REGISTRY_LAG_PSEUDO_REAL_TIME,
ALL_AUDITED_CANDIDATES,2024Q3,H3,standard,STRICT,pos_turnover,2024-09-30,2024-08-31,2024-08-31,18,REGISTRY_LAG_PSEUDO_REAL_TIME,
ALL_AUDITED_CANDIDATES,2024Q3,H3,standard,STRICT,instant_payments,2024-09-30,2024-08-31,2022-08-31,18,REGISTRY_LAG_PSEUDO_REAL_TIME,
ALL_AUDITED_CANDIDATES,2024Q3,H3,standard,STRICT,interbank_payments,2024-09-30,2024-08-31,2020-06-30,18,REGISTRY_LAG_PSEUDO_REAL_TIME,
ALL_AUDITED_CANDIDATES,2024Q3,H3,conservative,STRICT,industrial_production,2024-09-30,2024-07-31,2024-07-31,33,REGISTRY_LAG_PSEUDO_REAL_TIME,
ALL_AUDITED_CANDIDATES,2024Q3,H3,conservative,STRICT,manufacturing,2024-09-30,2024-07-31,2024-07-31,33,REGISTRY_LAG_PSEUDO_REAL_TIME,
ALL_AUDITED_CANDIDATES,2024Q3,H3,conservative,STRICT,mining,2024-09-30,2024-07-31,2024-07-31,33,REGISTRY_LAG_PSEUDO_REAL_TIME,
ALL_AUDITED_CANDIDATES,2024Q3,H3,conservative,STRICT,electricity_gas,2024-09-30,2024-07-31,2024-07-31,33,REGISTRY_LAG_PSEUDO_REAL_TIME,
ALL_AUDITED_CANDIDATES,2024Q3,H3,conservative,STRICT,construction,2024-09-30,2024-07-31,2024-07-31,27,REGISTRY_LAG_PSEUDO_REAL_TIME,
ALL_AUDITED_CANDIDATES,2024Q3,H3,conservative,STRICT,retail_trade,2024-09-30,2024-07-31,2024-07-31,24,REGISTRY_LAG_PSEUDO_REAL_TIME,
ALL_AUDITED_CANDIDATES,2024Q3,H3,conservative,STRICT,wholesale_trade,2024-09-30,2024-07-31,2024-07-31,24,REGISTRY_LAG_PSEUDO_REAL_TIME,
ALL_AUDITED_CANDIDATES,2024Q3,H3,conservative,STRICT,cpi_headline,2024-09-30,2024-08-31,2024-08-31,5,REGISTRY_LAG_PSEUDO_REAL_TIME,
ALL_AUDITED_CANDIDATES,2024Q3,H3,conservative,STRICT,cpi_food,2024-09-30,2024-08-31,2024-08-31,5,REGISTRY_LAG_PSEUDO_REAL_TIME,
ALL_AUDITED_CANDIDATES,2024Q3,H3,conservative,STRICT,cpi_services,2024-09-30,2024-08-31,2024-08-31,5,REGISTRY_LAG_PSEUDO_REAL_TIME,
ALL_AUDITED_CANDIDATES,2024Q3,H3,conservative,STRICT,ppi,2024-09-30,2024-08-31,2024-08-31,15,REGISTRY_LAG_PSEUDO_REAL_TIME,
ALL_AUDITED_CANDIDATES,2024Q3,H3,conservative,STRICT,exports_total,2024-09-30,2024-07-31,2024-07-31,26,REGISTRY_LAG_PSEUDO_REAL_TIME,
ALL_AUDITED_CANDIDATES,2024Q3,H3,conservative,STRICT,exports_non_gold,2024-09-30,2024-07-31,2024-07-31,26,REGISTRY_LAG_PSEUDO_REAL_TIME,
ALL_AUDITED_CANDIDATES,2024Q3,H3,conservative,STRICT,imports_total,2024-09-30,2024-07-31,2024-07-31,26,REGISTRY_LAG_PSEUDO_REAL_TIME,
ALL_AUDITED_CANDIDATES,2024Q3,H3,conservative,STRICT,gold_exports_proxy,2024-09-30,2024-07-31,2024-07-31,26,REGISTRY_LAG_PSEUDO_REAL_TIME,
ALL_AUDITED_CANDIDATES,2024Q3,H3,conservative,STRICT,usd_uzs,2024-09-30,2024-08-31,2024-08-31,0,REGISTRY_LAG_PSEUDO_REAL_TIME,
ALL_AUDITED_CANDIDATES,2024Q3,H3,conservative,STRICT,rub_uzs,2024-09-30,2024-08-31,2024-08-31,0,REGISTRY_LAG_PSEUDO_REAL_TIME,
ALL_AUDITED_CANDIDATES,2024Q3,H3,conservative,STRICT,gold_price,2024-09-30,2024-08-31,2024-08-31,7,REGISTRY_LAG_PSEUDO_REAL_TIME,
ALL_AUDITED_CANDIDATES,2024Q3,H3,conservative,STRICT,russia_ipi,2024-09-30,2024-07-31,,23,REGISTRY_LAG_PSEUDO_REAL_TIME,
ALL_AUDITED_CANDIDATES,2024Q3,H3,conservative,STRICT,m2,2024-09-30,2024-07-31,2024-07-31,25,REGISTRY_LAG_PSEUDO_REAL_TIME,
ALL_AUDITED_CANDIDATES,2024Q3,H3,conservative,STRICT,household_deposits,2024-09-30,2024-07-31,2024-07-31,25,REGISTRY_LAG_PSEUDO_REAL_TIME,
ALL_AUDITED_CANDIDATES,2024Q3,H3,conservative,STRICT,corporate_deposits,2024-09-30,2024-07-31,2024-07-31,25,REGISTRY_LAG_PSEUDO_REAL_TIME,
ALL_AUDITED_CANDIDATES,2024Q3,H3,conservative,STRICT,household_credit,2024-09-30,2024-07-31,2024-07-31,25,REGISTRY_LAG_PSEUDO_REAL_TIME,
ALL_AUDITED_CANDIDATES,2024Q3,H3,conservative,STRICT,corporate_credit,2024-09-30,2024-07-31,2024-07-31,25,REGISTRY_LAG_PSEUDO_REAL_TIME,
ALL_AUDITED_CANDIDATES,2024Q3,H3,conservative,STRICT,fx_reserves_ex_gold,2024-09-30,2024-08-31,2024-08-31,7,REGISTRY_LAG_PSEUDO_REAL_TIME,
ALL_AUDITED_CANDIDATES,2024Q3,H3,conservative,STRICT,pos_turnover,2024-09-30,2024-07-31,2024-07-31,18,REGISTRY_LAG_PSEUDO_REAL_TIME,
ALL_AUDITED_CANDIDATES,2024Q3,H3,conservative,STRICT,instant_payments,2024-09-30,2024-07-31,2022-08-31,18,REGISTRY_LAG_PSEUDO_REAL_TIME,
ALL_AUDITED_CANDIDATES,2024Q3,H3,conservative,STRICT,interbank_payments,2024-09-30,2024-07-31,2020-06-30,18,REGISTRY_LAG_PSEUDO_REAL_TIME,
ALL_AUDITED_CANDIDATES,2024Q4,H1,standard,STRICT,industrial_production,2024-10-31,2024-08-31,2024-08-31,33,REGISTRY_LAG_PSEUDO_REAL_TIME,
ALL_AUDITED_CANDIDATES,2024Q4,H1,standard,STRICT,manufacturing,2024-10-31,2024-08-31,2024-08-31,33,REGISTRY_LAG_PSEUDO_REAL_TIME,
ALL_AUDITED_CANDIDATES,2024Q4,H1,standard,STRICT,mining,2024-10-31,2024-08-31,2024-08-31,33,REGISTRY_LAG_PSEUDO_REAL_TIME,
ALL_AUDITED_CANDIDATES,2024Q4,H1,standard,STRICT,electricity_gas,2024-10-31,2024-08-31,2024-08-31,33,REGISTRY_LAG_PSEUDO_REAL_TIME,
ALL_AUDITED_CANDIDATES,2024Q4,H1,standard,STRICT,construction,2024-10-31,2024-09-30,2024-09-30,27,REGISTRY_LAG_PSEUDO_REAL_TIME,
ALL_AUDITED_CANDIDATES,2024Q4,H1,standard,STRICT,retail_trade,2024-10-31,2024-09-30,2024-09-30,24,REGISTRY_LAG_PSEUDO_REAL_TIME,
ALL_AUDITED_CANDIDATES,2024Q4,H1,standard,STRICT,wholesale_trade,2024-10-31,2024-09-30,2024-09-30,24,REGISTRY_LAG_PSEUDO_REAL_TIME,
ALL_AUDITED_CANDIDATES,2024Q4,H1,standard,STRICT,cpi_headline,2024-10-31,2024-09-30,2024-09-30,5,REGISTRY_LAG_PSEUDO_REAL_TIME,
ALL_AUDITED_CANDIDATES,2024Q4,H1,standard,STRICT,cpi_food,2024-10-31,2024-09-30,2024-09-30,5,REGISTRY_LAG_PSEUDO_REAL_TIME,
ALL_AUDITED_CANDIDATES,2024Q4,H1,standard,STRICT,cpi_services,2024-10-31,2024-09-30,2024-09-30,5,REGISTRY_LAG_PSEUDO_REAL_TIME,
ALL_AUDITED_CANDIDATES,2024Q4,H1,standard,STRICT,ppi,2024-10-31,2024-09-30,2024-09-30,15,REGISTRY_LAG_PSEUDO_REAL_TIME,
ALL_AUDITED_CANDIDATES,2024Q4,H1,standard,STRICT,exports_total,2024-10-31,2024-09-30,2024-09-30,26,REGISTRY_LAG_PSEUDO_REAL_TIME,
ALL_AUDITED_CANDIDATES,2024Q4,H1,standard,STRICT,exports_non_gold,2024-10-31,2024-09-30,2024-09-30,26,REGISTRY_LAG_PSEUDO_REAL_TIME,
ALL_AUDITED_CANDIDATES,2024Q4,H1,standard,STRICT,imports_total,2024-10-31,2024-09-30,2024-09-30,26,REGISTRY_LAG_PSEUDO_REAL_TIME,
ALL_AUDITED_CANDIDATES,2024Q4,H1,standard,STRICT,gold_exports_proxy,2024-10-31,2024-09-30,2024-09-30,26,REGISTRY_LAG_PSEUDO_REAL_TIME,
ALL_AUDITED_CANDIDATES,2024Q4,H1,standard,STRICT,usd_uzs,2024-10-31,2024-10-31,2024-10-31,0,REGISTRY_LAG_PSEUDO_REAL_TIME,
ALL_AUDITED_CANDIDATES,2024Q4,H1,standard,STRICT,rub_uzs,2024-10-31,2024-10-31,2024-10-31,0,REGISTRY_LAG_PSEUDO_REAL_TIME,
ALL_AUDITED_CANDIDATES,2024Q4,H1,standard,STRICT,gold_price,2024-10-31,2024-09-30,2024-09-30,7,REGISTRY_LAG_PSEUDO_REAL_TIME,
ALL_AUDITED_CANDIDATES,2024Q4,H1,standard,STRICT,russia_ipi,2024-10-31,2024-09-30,,23,REGISTRY_LAG_PSEUDO_REAL_TIME,
ALL_AUDITED_CANDIDATES,2024Q4,H1,standard,STRICT,m2,2024-10-31,2024-09-30,2024-09-30,25,REGISTRY_LAG_PSEUDO_REAL_TIME,
ALL_AUDITED_CANDIDATES,2024Q4,H1,standard,STRICT,household_deposits,2024-10-31,2024-09-30,2024-09-30,25,REGISTRY_LAG_PSEUDO_REAL_TIME,
ALL_AUDITED_CANDIDATES,2024Q4,H1,standard,STRICT,corporate_deposits,2024-10-31,2024-09-30,2024-09-30,25,REGISTRY_LAG_PSEUDO_REAL_TIME,
ALL_AUDITED_CANDIDATES,2024Q4,H1,standard,STRICT,household_credit,2024-10-31,2024-09-30,2024-09-30,25,REGISTRY_LAG_PSEUDO_REAL_TIME,
ALL_AUDITED_CANDIDATES,2024Q4,H1,standard,STRICT,corporate_credit,2024-10-31,2024-09-30,2024-09-30,25,REGISTRY_LAG_PSEUDO_REAL_TIME,
ALL_AUDITED_CANDIDATES,2024Q4,H1,standard,STRICT,fx_reserves_ex_gold,2024-10-31,2024-09-30,2024-09-30,7,REGISTRY_LAG_PSEUDO_REAL_TIME,
ALL_AUDITED_CANDIDATES,2024Q4,H1,standard,STRICT,pos_turnover,2024-10-31,2024-09-30,2024-09-30,18,REGISTRY_LAG_PSEUDO_REAL_TIME,
ALL_AUDITED_CANDIDATES,2024Q4,H1,standard,STRICT,instant_payments,2024-10-31,2024-09-30,2022-08-31,18,REGISTRY_LAG_PSEUDO_REAL_TIME,
ALL_AUDITED_CANDIDATES,2024Q4,H1,standard,STRICT,interbank_payments,2024-10-31,2024-09-30,2020-06-30,18,REGISTRY_LAG_PSEUDO_REAL_TIME,
ALL_AUDITED_CANDIDATES,2024Q4,H1,conservative,STRICT,industrial_production,2024-10-31,2024-08-31,2024-08-31,33,REGISTRY_LAG_PSEUDO_REAL_TIME,
ALL_AUDITED_CANDIDATES,2024Q4,H1,conservative,STRICT,manufacturing,2024-10-31,2024-08-31,2024-08-31,33,REGISTRY_LAG_PSEUDO_REAL_TIME,
ALL_AUDITED_CANDIDATES,2024Q4,H1,conservative,STRICT,mining,2024-10-31,2024-08-31,2024-08-31,33,REGISTRY_LAG_PSEUDO_REAL_TIME,
ALL_AUDITED_CANDIDATES,2024Q4,H1,conservative,STRICT,electricity_gas,2024-10-31,2024-08-31,2024-08-31,33,REGISTRY_LAG_PSEUDO_REAL_TIME,
ALL_AUDITED_CANDIDATES,2024Q4,H1,conservative,STRICT,construction,2024-10-31,2024-08-31,2024-08-31,27,REGISTRY_LAG_PSEUDO_REAL_TIME,
ALL_AUDITED_CANDIDATES,2024Q4,H1,conservative,STRICT,retail_trade,2024-10-31,2024-08-31,2024-08-31,24,REGISTRY_LAG_PSEUDO_REAL_TIME,
ALL_AUDITED_CANDIDATES,2024Q4,H1,conservative,STRICT,wholesale_trade,2024-10-31,2024-08-31,2024-08-31,24,REGISTRY_LAG_PSEUDO_REAL_TIME,
ALL_AUDITED_CANDIDATES,2024Q4,H1,conservative,STRICT,cpi_headline,2024-10-31,2024-09-30,2024-09-30,5,REGISTRY_LAG_PSEUDO_REAL_TIME,
ALL_AUDITED_CANDIDATES,2024Q4,H1,conservative,STRICT,cpi_food,2024-10-31,2024-09-30,2024-09-30,5,REGISTRY_LAG_PSEUDO_REAL_TIME,
ALL_AUDITED_CANDIDATES,2024Q4,H1,conservative,STRICT,cpi_services,2024-10-31,2024-09-30,2024-09-30,5,REGISTRY_LAG_PSEUDO_REAL_TIME,
ALL_AUDITED_CANDIDATES,2024Q4,H1,conservative,STRICT,ppi,2024-10-31,2024-09-30,2024-09-30,15,REGISTRY_LAG_PSEUDO_REAL_TIME,
ALL_AUDITED_CANDIDATES,2024Q4,H1,conservative,STRICT,exports_total,2024-10-31,2024-08-31,2024-08-31,26,REGISTRY_LAG_PSEUDO_REAL_TIME,
ALL_AUDITED_CANDIDATES,2024Q4,H1,conservative,STRICT,exports_non_gold,2024-10-31,2024-08-31,2024-08-31,26,REGISTRY_LAG_PSEUDO_REAL_TIME,
ALL_AUDITED_CANDIDATES,2024Q4,H1,conservative,STRICT,imports_total,2024-10-31,2024-08-31,2024-08-31,26,REGISTRY_LAG_PSEUDO_REAL_TIME,
ALL_AUDITED_CANDIDATES,2024Q4,H1,conservative,STRICT,gold_exports_proxy,2024-10-31,2024-08-31,2024-08-31,26,REGISTRY_LAG_PSEUDO_REAL_TIME,
ALL_AUDITED_CANDIDATES,2024Q4,H1,conservative,STRICT,usd_uzs,2024-10-31,2024-09-30,2024-09-30,0,REGISTRY_LAG_PSEUDO_REAL_TIME,
ALL_AUDITED_CANDIDATES,2024Q4,H1,conservative,STRICT,rub_uzs,2024-10-31,2024-09-30,2024-09-30,0,REGISTRY_LAG_PSEUDO_REAL_TIME,
ALL_AUDITED_CANDIDATES,2024Q4,H1,conservative,STRICT,gold_price,2024-10-31,2024-09-30,2024-09-30,7,REGISTRY_LAG_PSEUDO_REAL_TIME,
ALL_AUDITED_CANDIDATES,2024Q4,H1,conservative,STRICT,russia_ipi,2024-10-31,2024-08-31,,23,REGISTRY_LAG_PSEUDO_REAL_TIME,
ALL_AUDITED_CANDIDATES,2024Q4,H1,conservative,STRICT,m2,2024-10-31,2024-08-31,2024-08-31,25,REGISTRY_LAG_PSEUDO_REAL_TIME,
ALL_AUDITED_CANDIDATES,2024Q4,H1,conservative,STRICT,household_deposits,2024-10-31,2024-08-31,2024-08-31,25,REGISTRY_LAG_PSEUDO_REAL_TIME,
ALL_AUDITED_CANDIDATES,2024Q4,H1,conservative,STRICT,corporate_deposits,2024-10-31,2024-08-31,2024-08-31,25,REGISTRY_LAG_PSEUDO_REAL_TIME,
ALL_AUDITED_CANDIDATES,2024Q4,H1,conservative,STRICT,household_credit,2024-10-31,2024-08-31,2024-08-31,25,REGISTRY_LAG_PSEUDO_REAL_TIME,
ALL_AUDITED_CANDIDATES,2024Q4,H1,conservative,STRICT,corporate_credit,2024-10-31,2024-08-31,2024-08-31,25,REGISTRY_LAG_PSEUDO_REAL_TIME,
ALL_AUDITED_CANDIDATES,2024Q4,H1,conservative,STRICT,fx_reserves_ex_gold,2024-10-31,2024-09-30,2024-09-30,7,REGISTRY_LAG_PSEUDO_REAL_TIME,
ALL_AUDITED_CANDIDATES,2024Q4,H1,conservative,STRICT,pos_turnover,2024-10-31,2024-08-31,2024-08-31,18,REGISTRY_LAG_PSEUDO_REAL_TIME,
ALL_AUDITED_CANDIDATES,2024Q4,H1,conservative,STRICT,instant_payments,2024-10-31,2024-08-31,2022-08-31,18,REGISTRY_LAG_PSEUDO_REAL_TIME,
ALL_AUDITED_CANDIDATES,2024Q4,H1,conservative,STRICT,interbank_payments,2024-10-31,2024-08-31,2020-06-30,18,REGISTRY_LAG_PSEUDO_REAL_TIME,
ALL_AUDITED_CANDIDATES,2024Q4,H2,standard,STRICT,industrial_production,2024-11-30,2024-09-30,2024-09-30,33,REGISTRY_LAG_PSEUDO_REAL_TIME,
ALL_AUDITED_CANDIDATES,2024Q4,H2,standard,STRICT,manufacturing,2024-11-30,2024-09-30,2024-09-30,33,REGISTRY_LAG_PSEUDO_REAL_TIME,
ALL_AUDITED_CANDIDATES,2024Q4,H2,standard,STRICT,mining,2024-11-30,2024-09-30,2024-09-30,33,REGISTRY_LAG_PSEUDO_REAL_TIME,
ALL_AUDITED_CANDIDATES,2024Q4,H2,standard,STRICT,electricity_gas,2024-11-30,2024-09-30,2024-09-30,33,REGISTRY_LAG_PSEUDO_REAL_TIME,
ALL_AUDITED_CANDIDATES,2024Q4,H2,standard,STRICT,construction,2024-11-30,2024-10-31,2024-10-31,27,REGISTRY_LAG_PSEUDO_REAL_TIME,
ALL_AUDITED_CANDIDATES,2024Q4,H2,standard,STRICT,retail_trade,2024-11-30,2024-10-31,2024-10-31,24,REGISTRY_LAG_PSEUDO_REAL_TIME,
ALL_AUDITED_CANDIDATES,2024Q4,H2,standard,STRICT,wholesale_trade,2024-11-30,2024-10-31,2024-10-31,24,REGISTRY_LAG_PSEUDO_REAL_TIME,
ALL_AUDITED_CANDIDATES,2024Q4,H2,standard,STRICT,cpi_headline,2024-11-30,2024-10-31,2024-10-31,5,REGISTRY_LAG_PSEUDO_REAL_TIME,
ALL_AUDITED_CANDIDATES,2024Q4,H2,standard,STRICT,cpi_food,2024-11-30,2024-10-31,2024-10-31,5,REGISTRY_LAG_PSEUDO_REAL_TIME,
ALL_AUDITED_CANDIDATES,2024Q4,H2,standard,STRICT,cpi_services,2024-11-30,2024-10-31,2024-10-31,5,REGISTRY_LAG_PSEUDO_REAL_TIME,
ALL_AUDITED_CANDIDATES,2024Q4,H2,standard,STRICT,ppi,2024-11-30,2024-10-31,2024-10-31,15,REGISTRY_LAG_PSEUDO_REAL_TIME,
ALL_AUDITED_CANDIDATES,2024Q4,H2,standard,STRICT,exports_total,2024-11-30,2024-10-31,2024-10-31,26,REGISTRY_LAG_PSEUDO_REAL_TIME,
ALL_AUDITED_CANDIDATES,2024Q4,H2,standard,STRICT,exports_non_gold,2024-11-30,2024-10-31,2024-10-31,26,REGISTRY_LAG_PSEUDO_REAL_TIME,
ALL_AUDITED_CANDIDATES,2024Q4,H2,standard,STRICT,imports_total,2024-11-30,2024-10-31,2024-10-31,26,REGISTRY_LAG_PSEUDO_REAL_TIME,
ALL_AUDITED_CANDIDATES,2024Q4,H2,standard,STRICT,gold_exports_proxy,2024-11-30,2024-10-31,2024-10-31,26,REGISTRY_LAG_PSEUDO_REAL_TIME,
ALL_AUDITED_CANDIDATES,2024Q4,H2,standard,STRICT,usd_uzs,2024-11-30,2024-11-30,2024-11-30,0,REGISTRY_LAG_PSEUDO_REAL_TIME,
ALL_AUDITED_CANDIDATES,2024Q4,H2,standard,STRICT,rub_uzs,2024-11-30,2024-11-30,2024-11-30,0,REGISTRY_LAG_PSEUDO_REAL_TIME,
ALL_AUDITED_CANDIDATES,2024Q4,H2,standard,STRICT,gold_price,2024-11-30,2024-10-31,2024-10-31,7,REGISTRY_LAG_PSEUDO_REAL_TIME,
ALL_AUDITED_CANDIDATES,2024Q4,H2,standard,STRICT,russia_ipi,2024-11-30,2024-10-31,,23,REGISTRY_LAG_PSEUDO_REAL_TIME,
ALL_AUDITED_CANDIDATES,2024Q4,H2,standard,STRICT,m2,2024-11-30,2024-10-31,2024-10-31,25,REGISTRY_LAG_PSEUDO_REAL_TIME,
ALL_AUDITED_CANDIDATES,2024Q4,H2,standard,STRICT,household_deposits,2024-11-30,2024-10-31,2024-10-31,25,REGISTRY_LAG_PSEUDO_REAL_TIME,
ALL_AUDITED_CANDIDATES,2024Q4,H2,standard,STRICT,corporate_deposits,2024-11-30,2024-10-31,2024-10-31,25,REGISTRY_LAG_PSEUDO_REAL_TIME,
ALL_AUDITED_CANDIDATES,2024Q4,H2,standard,STRICT,household_credit,2024-11-30,2024-10-31,2024-10-31,25,REGISTRY_LAG_PSEUDO_REAL_TIME,
ALL_AUDITED_CANDIDATES,2024Q4,H2,standard,STRICT,corporate_credit,2024-11-30,2024-10-31,2024-10-31,25,REGISTRY_LAG_PSEUDO_REAL_TIME,
ALL_AUDITED_CANDIDATES,2024Q4,H2,standard,STRICT,fx_reserves_ex_gold,2024-11-30,2024-10-31,2024-10-31,7,REGISTRY_LAG_PSEUDO_REAL_TIME,
ALL_AUDITED_CANDIDATES,2024Q4,H2,standard,STRICT,pos_turnover,2024-11-30,2024-10-31,2024-10-31,18,REGISTRY_LAG_PSEUDO_REAL_TIME,
ALL_AUDITED_CANDIDATES,2024Q4,H2,standard,STRICT,instant_payments,2024-11-30,2024-10-31,2022-08-31,18,REGISTRY_LAG_PSEUDO_REAL_TIME,
ALL_AUDITED_CANDIDATES,2024Q4,H2,standard,STRICT,interbank_payments,2024-11-30,2024-10-31,2020-06-30,18,REGISTRY_LAG_PSEUDO_REAL_TIME,
ALL_AUDITED_CANDIDATES,2024Q4,H2,conservative,STRICT,industrial_production,2024-11-30,2024-09-30,2024-09-30,33,REGISTRY_LAG_PSEUDO_REAL_TIME,
ALL_AUDITED_CANDIDATES,2024Q4,H2,conservative,STRICT,manufacturing,2024-11-30,2024-09-30,2024-09-30,33,REGISTRY_LAG_PSEUDO_REAL_TIME,
ALL_AUDITED_CANDIDATES,2024Q4,H2,conservative,STRICT,mining,2024-11-30,2024-09-30,2024-09-30,33,REGISTRY_LAG_PSEUDO_REAL_TIME,
ALL_AUDITED_CANDIDATES,2024Q4,H2,conservative,STRICT,electricity_gas,2024-11-30,2024-09-30,2024-09-30,33,REGISTRY_LAG_PSEUDO_REAL_TIME,
ALL_AUDITED_CANDIDATES,2024Q4,H2,conservative,STRICT,construction,2024-11-30,2024-09-30,2024-09-30,27,REGISTRY_LAG_PSEUDO_REAL_TIME,
ALL_AUDITED_CANDIDATES,2024Q4,H2,conservative,STRICT,retail_trade,2024-11-30,2024-09-30,2024-09-30,24,REGISTRY_LAG_PSEUDO_REAL_TIME,
ALL_AUDITED_CANDIDATES,2024Q4,H2,conservative,STRICT,wholesale_trade,2024-11-30,2024-09-30,2024-09-30,24,REGISTRY_LAG_PSEUDO_REAL_TIME,
ALL_AUDITED_CANDIDATES,2024Q4,H2,conservative,STRICT,cpi_headline,2024-11-30,2024-10-31,2024-10-31,5,REGISTRY_LAG_PSEUDO_REAL_TIME,
ALL_AUDITED_CANDIDATES,2024Q4,H2,conservative,STRICT,cpi_food,2024-11-30,2024-10-31,2024-10-31,5,REGISTRY_LAG_PSEUDO_REAL_TIME,
ALL_AUDITED_CANDIDATES,2024Q4,H2,conservative,STRICT,cpi_services,2024-11-30,2024-10-31,2024-10-31,5,REGISTRY_LAG_PSEUDO_REAL_TIME,
ALL_AUDITED_CANDIDATES,2024Q4,H2,conservative,STRICT,ppi,2024-11-30,2024-10-31,2024-10-31,15,REGISTRY_LAG_PSEUDO_REAL_TIME,
ALL_AUDITED_CANDIDATES,2024Q4,H2,conservative,STRICT,exports_total,2024-11-30,2024-09-30,2024-09-30,26,REGISTRY_LAG_PSEUDO_REAL_TIME,
ALL_AUDITED_CANDIDATES,2024Q4,H2,conservative,STRICT,exports_non_gold,2024-11-30,2024-09-30,2024-09-30,26,REGISTRY_LAG_PSEUDO_REAL_TIME,
ALL_AUDITED_CANDIDATES,2024Q4,H2,conservative,STRICT,imports_total,2024-11-30,2024-09-30,2024-09-30,26,REGISTRY_LAG_PSEUDO_REAL_TIME,
ALL_AUDITED_CANDIDATES,2024Q4,H2,conservative,STRICT,gold_exports_proxy,2024-11-30,2024-09-30,2024-09-30,26,REGISTRY_LAG_PSEUDO_REAL_TIME,
ALL_AUDITED_CANDIDATES,2024Q4,H2,conservative,STRICT,usd_uzs,2024-11-30,2024-10-31,2024-10-31,0,REGISTRY_LAG_PSEUDO_REAL_TIME,
ALL_AUDITED_CANDIDATES,2024Q4,H2,conservative,STRICT,rub_uzs,2024-11-30,2024-10-31,2024-10-31,0,REGISTRY_LAG_PSEUDO_REAL_TIME,
ALL_AUDITED_CANDIDATES,2024Q4,H2,conservative,STRICT,gold_price,2024-11-30,2024-10-31,2024-10-31,7,REGISTRY_LAG_PSEUDO_REAL_TIME,
ALL_AUDITED_CANDIDATES,2024Q4,H2,conservative,STRICT,russia_ipi,2024-11-30,2024-09-30,,23,REGISTRY_LAG_PSEUDO_REAL_TIME,
ALL_AUDITED_CANDIDATES,2024Q4,H2,conservative,STRICT,m2,2024-11-30,2024-09-30,2024-09-30,25,REGISTRY_LAG_PSEUDO_REAL_TIME,
ALL_AUDITED_CANDIDATES,2024Q4,H2,conservative,STRICT,household_deposits,2024-11-30,2024-09-30,2024-09-30,25,REGISTRY_LAG_PSEUDO_REAL_TIME,
ALL_AUDITED_CANDIDATES,2024Q4,H2,conservative,STRICT,corporate_deposits,2024-11-30,2024-09-30,2024-09-30,25,REGISTRY_LAG_PSEUDO_REAL_TIME,
ALL_AUDITED_CANDIDATES,2024Q4,H2,conservative,STRICT,household_credit,2024-11-30,2024-09-30,2024-09-30,25,REGISTRY_LAG_PSEUDO_REAL_TIME,
ALL_AUDITED_CANDIDATES,2024Q4,H2,conservative,STRICT,corporate_credit,2024-11-30,2024-09-30,2024-09-30,25,REGISTRY_LAG_PSEUDO_REAL_TIME,
ALL_AUDITED_CANDIDATES,2024Q4,H2,conservative,STRICT,fx_reserves_ex_gold,2024-11-30,2024-10-31,2024-10-31,7,REGISTRY_LAG_PSEUDO_REAL_TIME,
ALL_AUDITED_CANDIDATES,2024Q4,H2,conservative,STRICT,pos_turnover,2024-11-30,2024-09-30,2024-09-30,18,REGISTRY_LAG_PSEUDO_REAL_TIME,
ALL_AUDITED_CANDIDATES,2024Q4,H2,conservative,STRICT,instant_payments,2024-11-30,2024-09-30,2022-08-31,18,REGISTRY_LAG_PSEUDO_REAL_TIME,
ALL_AUDITED_CANDIDATES,2024Q4,H2,conservative,STRICT,interbank_payments,2024-11-30,2024-09-30,2020-06-30,18,REGISTRY_LAG_PSEUDO_REAL_TIME,
ALL_AUDITED_CANDIDATES,2024Q4,H3,standard,STRICT,industrial_production,2024-12-31,2024-10-31,2024-10-31,33,REGISTRY_LAG_PSEUDO_REAL_TIME,
ALL_AUDITED_CANDIDATES,2024Q4,H3,standard,STRICT,manufacturing,2024-12-31,2024-10-31,2024-10-31,33,REGISTRY_LAG_PSEUDO_REAL_TIME,
ALL_AUDITED_CANDIDATES,2024Q4,H3,standard,STRICT,mining,2024-12-31,2024-10-31,2024-10-31,33,REGISTRY_LAG_PSEUDO_REAL_TIME,
ALL_AUDITED_CANDIDATES,2024Q4,H3,standard,STRICT,electricity_gas,2024-12-31,2024-10-31,2024-10-31,33,REGISTRY_LAG_PSEUDO_REAL_TIME,
ALL_AUDITED_CANDIDATES,2024Q4,H3,standard,STRICT,construction,2024-12-31,2024-11-30,2024-11-30,27,REGISTRY_LAG_PSEUDO_REAL_TIME,
ALL_AUDITED_CANDIDATES,2024Q4,H3,standard,STRICT,retail_trade,2024-12-31,2024-11-30,2024-11-30,24,REGISTRY_LAG_PSEUDO_REAL_TIME,
ALL_AUDITED_CANDIDATES,2024Q4,H3,standard,STRICT,wholesale_trade,2024-12-31,2024-11-30,2024-10-31,24,REGISTRY_LAG_PSEUDO_REAL_TIME,
ALL_AUDITED_CANDIDATES,2024Q4,H3,standard,STRICT,cpi_headline,2024-12-31,2024-11-30,2024-11-30,5,REGISTRY_LAG_PSEUDO_REAL_TIME,
ALL_AUDITED_CANDIDATES,2024Q4,H3,standard,STRICT,cpi_food,2024-12-31,2024-11-30,2024-11-30,5,REGISTRY_LAG_PSEUDO_REAL_TIME,
ALL_AUDITED_CANDIDATES,2024Q4,H3,standard,STRICT,cpi_services,2024-12-31,2024-11-30,2024-11-30,5,REGISTRY_LAG_PSEUDO_REAL_TIME,
ALL_AUDITED_CANDIDATES,2024Q4,H3,standard,STRICT,ppi,2024-12-31,2024-11-30,2024-11-30,15,REGISTRY_LAG_PSEUDO_REAL_TIME,
ALL_AUDITED_CANDIDATES,2024Q4,H3,standard,STRICT,exports_total,2024-12-31,2024-11-30,2024-11-30,26,REGISTRY_LAG_PSEUDO_REAL_TIME,
ALL_AUDITED_CANDIDATES,2024Q4,H3,standard,STRICT,exports_non_gold,2024-12-31,2024-11-30,2024-11-30,26,REGISTRY_LAG_PSEUDO_REAL_TIME,
ALL_AUDITED_CANDIDATES,2024Q4,H3,standard,STRICT,imports_total,2024-12-31,2024-11-30,2024-11-30,26,REGISTRY_LAG_PSEUDO_REAL_TIME,
ALL_AUDITED_CANDIDATES,2024Q4,H3,standard,STRICT,gold_exports_proxy,2024-12-31,2024-11-30,2024-11-30,26,REGISTRY_LAG_PSEUDO_REAL_TIME,
ALL_AUDITED_CANDIDATES,2024Q4,H3,standard,STRICT,usd_uzs,2024-12-31,2024-12-31,2024-12-31,0,REGISTRY_LAG_PSEUDO_REAL_TIME,
ALL_AUDITED_CANDIDATES,2024Q4,H3,standard,STRICT,rub_uzs,2024-12-31,2024-12-31,2024-12-31,0,REGISTRY_LAG_PSEUDO_REAL_TIME,
ALL_AUDITED_CANDIDATES,2024Q4,H3,standard,STRICT,gold_price,2024-12-31,2024-11-30,2024-11-30,7,REGISTRY_LAG_PSEUDO_REAL_TIME,
ALL_AUDITED_CANDIDATES,2024Q4,H3,standard,STRICT,russia_ipi,2024-12-31,2024-11-30,,23,REGISTRY_LAG_PSEUDO_REAL_TIME,
ALL_AUDITED_CANDIDATES,2024Q4,H3,standard,STRICT,m2,2024-12-31,2024-11-30,2024-11-30,25,REGISTRY_LAG_PSEUDO_REAL_TIME,
ALL_AUDITED_CANDIDATES,2024Q4,H3,standard,STRICT,household_deposits,2024-12-31,2024-11-30,2024-11-30,25,REGISTRY_LAG_PSEUDO_REAL_TIME,
ALL_AUDITED_CANDIDATES,2024Q4,H3,standard,STRICT,corporate_deposits,2024-12-31,2024-11-30,2024-11-30,25,REGISTRY_LAG_PSEUDO_REAL_TIME,
ALL_AUDITED_CANDIDATES,2024Q4,H3,standard,STRICT,household_credit,2024-12-31,2024-11-30,2024-11-30,25,REGISTRY_LAG_PSEUDO_REAL_TIME,
ALL_AUDITED_CANDIDATES,2024Q4,H3,standard,STRICT,corporate_credit,2024-12-31,2024-11-30,2024-11-30,25,REGISTRY_LAG_PSEUDO_REAL_TIME,
ALL_AUDITED_CANDIDATES,2024Q4,H3,standard,STRICT,fx_reserves_ex_gold,2024-12-31,2024-11-30,2024-11-30,7,REGISTRY_LAG_PSEUDO_REAL_TIME,
ALL_AUDITED_CANDIDATES,2024Q4,H3,standard,STRICT,pos_turnover,2024-12-31,2024-11-30,2024-11-30,18,REGISTRY_LAG_PSEUDO_REAL_TIME,
ALL_AUDITED_CANDIDATES,2024Q4,H3,standard,STRICT,instant_payments,2024-12-31,2024-11-30,2022-08-31,18,REGISTRY_LAG_PSEUDO_REAL_TIME,
ALL_AUDITED_CANDIDATES,2024Q4,H3,standard,STRICT,interbank_payments,2024-12-31,2024-11-30,2020-06-30,18,REGISTRY_LAG_PSEUDO_REAL_TIME,
ALL_AUDITED_CANDIDATES,2024Q4,H3,conservative,STRICT,industrial_production,2024-12-31,2024-10-31,2024-10-31,33,REGISTRY_LAG_PSEUDO_REAL_TIME,
ALL_AUDITED_CANDIDATES,2024Q4,H3,conservative,STRICT,manufacturing,2024-12-31,2024-10-31,2024-10-31,33,REGISTRY_LAG_PSEUDO_REAL_TIME,
ALL_AUDITED_CANDIDATES,2024Q4,H3,conservative,STRICT,mining,2024-12-31,2024-10-31,2024-10-31,33,REGISTRY_LAG_PSEUDO_REAL_TIME,
ALL_AUDITED_CANDIDATES,2024Q4,H3,conservative,STRICT,electricity_gas,2024-12-31,2024-10-31,2024-10-31,33,REGISTRY_LAG_PSEUDO_REAL_TIME,
ALL_AUDITED_CANDIDATES,2024Q4,H3,conservative,STRICT,construction,2024-12-31,2024-10-31,2024-10-31,27,REGISTRY_LAG_PSEUDO_REAL_TIME,
ALL_AUDITED_CANDIDATES,2024Q4,H3,conservative,STRICT,retail_trade,2024-12-31,2024-10-31,2024-10-31,24,REGISTRY_LAG_PSEUDO_REAL_TIME,
ALL_AUDITED_CANDIDATES,2024Q4,H3,conservative,STRICT,wholesale_trade,2024-12-31,2024-10-31,2024-10-31,24,REGISTRY_LAG_PSEUDO_REAL_TIME,
ALL_AUDITED_CANDIDATES,2024Q4,H3,conservative,STRICT,cpi_headline,2024-12-31,2024-11-30,2024-11-30,5,REGISTRY_LAG_PSEUDO_REAL_TIME,
ALL_AUDITED_CANDIDATES,2024Q4,H3,conservative,STRICT,cpi_food,2024-12-31,2024-11-30,2024-11-30,5,REGISTRY_LAG_PSEUDO_REAL_TIME,
ALL_AUDITED_CANDIDATES,2024Q4,H3,conservative,STRICT,cpi_services,2024-12-31,2024-11-30,2024-11-30,5,REGISTRY_LAG_PSEUDO_REAL_TIME,
ALL_AUDITED_CANDIDATES,2024Q4,H3,conservative,STRICT,ppi,2024-12-31,2024-11-30,2024-11-30,15,REGISTRY_LAG_PSEUDO_REAL_TIME,
ALL_AUDITED_CANDIDATES,2024Q4,H3,conservative,STRICT,exports_total,2024-12-31,2024-10-31,2024-10-31,26,REGISTRY_LAG_PSEUDO_REAL_TIME,
ALL_AUDITED_CANDIDATES,2024Q4,H3,conservative,STRICT,exports_non_gold,2024-12-31,2024-10-31,2024-10-31,26,REGISTRY_LAG_PSEUDO_REAL_TIME,
ALL_AUDITED_CANDIDATES,2024Q4,H3,conservative,STRICT,imports_total,2024-12-31,2024-10-31,2024-10-31,26,REGISTRY_LAG_PSEUDO_REAL_TIME,
ALL_AUDITED_CANDIDATES,2024Q4,H3,conservative,STRICT,gold_exports_proxy,2024-12-31,2024-10-31,2024-10-31,26,REGISTRY_LAG_PSEUDO_REAL_TIME,
ALL_AUDITED_CANDIDATES,2024Q4,H3,conservative,STRICT,usd_uzs,2024-12-31,2024-11-30,2024-11-30,0,REGISTRY_LAG_PSEUDO_REAL_TIME,
ALL_AUDITED_CANDIDATES,2024Q4,H3,conservative,STRICT,rub_uzs,2024-12-31,2024-11-30,2024-11-30,0,REGISTRY_LAG_PSEUDO_REAL_TIME,
ALL_AUDITED_CANDIDATES,2024Q4,H3,conservative,STRICT,gold_price,2024-12-31,2024-11-30,2024-11-30,7,REGISTRY_LAG_PSEUDO_REAL_TIME,
ALL_AUDITED_CANDIDATES,2024Q4,H3,conservative,STRICT,russia_ipi,2024-12-31,2024-10-31,,23,REGISTRY_LAG_PSEUDO_REAL_TIME,
ALL_AUDITED_CANDIDATES,2024Q4,H3,conservative,STRICT,m2,2024-12-31,2024-10-31,2024-10-31,25,REGISTRY_LAG_PSEUDO_REAL_TIME,
ALL_AUDITED_CANDIDATES,2024Q4,H3,conservative,STRICT,household_deposits,2024-12-31,2024-10-31,2024-10-31,25,REGISTRY_LAG_PSEUDO_REAL_TIME,
ALL_AUDITED_CANDIDATES,2024Q4,H3,conservative,STRICT,corporate_deposits,2024-12-31,2024-10-31,2024-10-31,25,REGISTRY_LAG_PSEUDO_REAL_TIME,
ALL_AUDITED_CANDIDATES,2024Q4,H3,conservative,STRICT,household_credit,2024-12-31,2024-10-31,2024-10-31,25,REGISTRY_LAG_PSEUDO_REAL_TIME,
ALL_AUDITED_CANDIDATES,2024Q4,H3,conservative,STRICT,corporate_credit,2024-12-31,2024-10-31,2024-10-31,25,REGISTRY_LAG_PSEUDO_REAL_TIME,
ALL_AUDITED_CANDIDATES,2024Q4,H3,conservative,STRICT,fx_reserves_ex_gold,2024-12-31,2024-11-30,2024-11-30,7,REGISTRY_LAG_PSEUDO_REAL_TIME,
ALL_AUDITED_CANDIDATES,2024Q4,H3,conservative,STRICT,pos_turnover,2024-12-31,2024-10-31,2024-10-31,18,REGISTRY_LAG_PSEUDO_REAL_TIME,
ALL_AUDITED_CANDIDATES,2024Q4,H3,conservative,STRICT,instant_payments,2024-12-31,2024-10-31,2022-08-31,18,REGISTRY_LAG_PSEUDO_REAL_TIME,
ALL_AUDITED_CANDIDATES,2024Q4,H3,conservative,STRICT,interbank_payments,2024-12-31,2024-10-31,2020-06-30,18,REGISTRY_LAG_PSEUDO_REAL_TIME,
ALL_AUDITED_CANDIDATES,2025Q1,H1,standard,STRICT,industrial_production,2025-01-31,2024-11-30,2024-11-30,33,REGISTRY_LAG_PSEUDO_REAL_TIME,
ALL_AUDITED_CANDIDATES,2025Q1,H1,standard,STRICT,manufacturing,2025-01-31,2024-11-30,2024-11-30,33,REGISTRY_LAG_PSEUDO_REAL_TIME,
ALL_AUDITED_CANDIDATES,2025Q1,H1,standard,STRICT,mining,2025-01-31,2024-11-30,2024-11-30,33,REGISTRY_LAG_PSEUDO_REAL_TIME,
ALL_AUDITED_CANDIDATES,2025Q1,H1,standard,STRICT,electricity_gas,2025-01-31,2024-11-30,2024-11-30,33,REGISTRY_LAG_PSEUDO_REAL_TIME,
ALL_AUDITED_CANDIDATES,2025Q1,H1,standard,STRICT,construction,2025-01-31,2024-12-31,2024-12-31,27,REGISTRY_LAG_PSEUDO_REAL_TIME,
ALL_AUDITED_CANDIDATES,2025Q1,H1,standard,STRICT,retail_trade,2025-01-31,2024-12-31,2024-12-31,24,REGISTRY_LAG_PSEUDO_REAL_TIME,
ALL_AUDITED_CANDIDATES,2025Q1,H1,standard,STRICT,wholesale_trade,2025-01-31,2024-12-31,2024-12-31,24,REGISTRY_LAG_PSEUDO_REAL_TIME,
ALL_AUDITED_CANDIDATES,2025Q1,H1,standard,STRICT,cpi_headline,2025-01-31,2024-12-31,2024-12-31,5,REGISTRY_LAG_PSEUDO_REAL_TIME,
ALL_AUDITED_CANDIDATES,2025Q1,H1,standard,STRICT,cpi_food,2025-01-31,2024-12-31,2024-12-31,5,REGISTRY_LAG_PSEUDO_REAL_TIME,
ALL_AUDITED_CANDIDATES,2025Q1,H1,standard,STRICT,cpi_services,2025-01-31,2024-12-31,2024-12-31,5,REGISTRY_LAG_PSEUDO_REAL_TIME,
ALL_AUDITED_CANDIDATES,2025Q1,H1,standard,STRICT,ppi,2025-01-31,2024-12-31,2024-12-31,15,REGISTRY_LAG_PSEUDO_REAL_TIME,
ALL_AUDITED_CANDIDATES,2025Q1,H1,standard,STRICT,exports_total,2025-01-31,2024-12-31,2024-12-31,26,REGISTRY_LAG_PSEUDO_REAL_TIME,
ALL_AUDITED_CANDIDATES,2025Q1,H1,standard,STRICT,exports_non_gold,2025-01-31,2024-12-31,2024-12-31,26,REGISTRY_LAG_PSEUDO_REAL_TIME,
ALL_AUDITED_CANDIDATES,2025Q1,H1,standard,STRICT,imports_total,2025-01-31,2024-12-31,2024-12-31,26,REGISTRY_LAG_PSEUDO_REAL_TIME,
ALL_AUDITED_CANDIDATES,2025Q1,H1,standard,STRICT,gold_exports_proxy,2025-01-31,2024-12-31,2024-12-31,26,REGISTRY_LAG_PSEUDO_REAL_TIME,
ALL_AUDITED_CANDIDATES,2025Q1,H1,standard,STRICT,usd_uzs,2025-01-31,2025-01-31,2025-01-31,0,REGISTRY_LAG_PSEUDO_REAL_TIME,
ALL_AUDITED_CANDIDATES,2025Q1,H1,standard,STRICT,rub_uzs,2025-01-31,2025-01-31,2025-01-31,0,REGISTRY_LAG_PSEUDO_REAL_TIME,
ALL_AUDITED_CANDIDATES,2025Q1,H1,standard,STRICT,gold_price,2025-01-31,2024-12-31,2024-12-31,7,REGISTRY_LAG_PSEUDO_REAL_TIME,
ALL_AUDITED_CANDIDATES,2025Q1,H1,standard,STRICT,russia_ipi,2025-01-31,2024-12-31,,23,REGISTRY_LAG_PSEUDO_REAL_TIME,
ALL_AUDITED_CANDIDATES,2025Q1,H1,standard,STRICT,m2,2025-01-31,2024-12-31,2024-12-31,25,REGISTRY_LAG_PSEUDO_REAL_TIME,
ALL_AUDITED_CANDIDATES,2025Q1,H1,standard,STRICT,household_deposits,2025-01-31,2024-12-31,2024-11-30,25,REGISTRY_LAG_PSEUDO_REAL_TIME,
ALL_AUDITED_CANDIDATES,2025Q1,H1,standard,STRICT,corporate_deposits,2025-01-31,2024-12-31,2024-11-30,25,REGISTRY_LAG_PSEUDO_REAL_TIME,
ALL_AUDITED_CANDIDATES,2025Q1,H1,standard,STRICT,household_credit,2025-01-31,2024-12-31,2024-11-30,25,REGISTRY_LAG_PSEUDO_REAL_TIME,
ALL_AUDITED_CANDIDATES,2025Q1,H1,standard,STRICT,corporate_credit,2025-01-31,2024-12-31,2024-11-30,25,REGISTRY_LAG_PSEUDO_REAL_TIME,
ALL_AUDITED_CANDIDATES,2025Q1,H1,standard,STRICT,fx_reserves_ex_gold,2025-01-31,2024-12-31,2024-12-31,7,REGISTRY_LAG_PSEUDO_REAL_TIME,
ALL_AUDITED_CANDIDATES,2025Q1,H1,standard,STRICT,pos_turnover,2025-01-31,2024-12-31,2024-12-31,18,REGISTRY_LAG_PSEUDO_REAL_TIME,
ALL_AUDITED_CANDIDATES,2025Q1,H1,standard,STRICT,instant_payments,2025-01-31,2024-12-31,2022-08-31,18,REGISTRY_LAG_PSEUDO_REAL_TIME,
ALL_AUDITED_CANDIDATES,2025Q1,H1,standard,STRICT,interbank_payments,2025-01-31,2024-12-31,2020-06-30,18,REGISTRY_LAG_PSEUDO_REAL_TIME,
ALL_AUDITED_CANDIDATES,2025Q1,H1,conservative,STRICT,industrial_production,2025-01-31,2024-11-30,2024-11-30,33,REGISTRY_LAG_PSEUDO_REAL_TIME,
ALL_AUDITED_CANDIDATES,2025Q1,H1,conservative,STRICT,manufacturing,2025-01-31,2024-11-30,2024-11-30,33,REGISTRY_LAG_PSEUDO_REAL_TIME,
ALL_AUDITED_CANDIDATES,2025Q1,H1,conservative,STRICT,mining,2025-01-31,2024-11-30,2024-11-30,33,REGISTRY_LAG_PSEUDO_REAL_TIME,
ALL_AUDITED_CANDIDATES,2025Q1,H1,conservative,STRICT,electricity_gas,2025-01-31,2024-11-30,2024-11-30,33,REGISTRY_LAG_PSEUDO_REAL_TIME,
ALL_AUDITED_CANDIDATES,2025Q1,H1,conservative,STRICT,construction,2025-01-31,2024-11-30,2024-11-30,27,REGISTRY_LAG_PSEUDO_REAL_TIME,
ALL_AUDITED_CANDIDATES,2025Q1,H1,conservative,STRICT,retail_trade,2025-01-31,2024-11-30,2024-11-30,24,REGISTRY_LAG_PSEUDO_REAL_TIME,
ALL_AUDITED_CANDIDATES,2025Q1,H1,conservative,STRICT,wholesale_trade,2025-01-31,2024-11-30,2024-10-31,24,REGISTRY_LAG_PSEUDO_REAL_TIME,
ALL_AUDITED_CANDIDATES,2025Q1,H1,conservative,STRICT,cpi_headline,2025-01-31,2024-12-31,2024-12-31,5,REGISTRY_LAG_PSEUDO_REAL_TIME,
ALL_AUDITED_CANDIDATES,2025Q1,H1,conservative,STRICT,cpi_food,2025-01-31,2024-12-31,2024-12-31,5,REGISTRY_LAG_PSEUDO_REAL_TIME,
ALL_AUDITED_CANDIDATES,2025Q1,H1,conservative,STRICT,cpi_services,2025-01-31,2024-12-31,2024-12-31,5,REGISTRY_LAG_PSEUDO_REAL_TIME,
ALL_AUDITED_CANDIDATES,2025Q1,H1,conservative,STRICT,ppi,2025-01-31,2024-12-31,2024-12-31,15,REGISTRY_LAG_PSEUDO_REAL_TIME,
ALL_AUDITED_CANDIDATES,2025Q1,H1,conservative,STRICT,exports_total,2025-01-31,2024-11-30,2024-11-30,26,REGISTRY_LAG_PSEUDO_REAL_TIME,
ALL_AUDITED_CANDIDATES,2025Q1,H1,conservative,STRICT,exports_non_gold,2025-01-31,2024-11-30,2024-11-30,26,REGISTRY_LAG_PSEUDO_REAL_TIME,
ALL_AUDITED_CANDIDATES,2025Q1,H1,conservative,STRICT,imports_total,2025-01-31,2024-11-30,2024-11-30,26,REGISTRY_LAG_PSEUDO_REAL_TIME,
ALL_AUDITED_CANDIDATES,2025Q1,H1,conservative,STRICT,gold_exports_proxy,2025-01-31,2024-11-30,2024-11-30,26,REGISTRY_LAG_PSEUDO_REAL_TIME,
ALL_AUDITED_CANDIDATES,2025Q1,H1,conservative,STRICT,usd_uzs,2025-01-31,2024-12-31,2024-12-31,0,REGISTRY_LAG_PSEUDO_REAL_TIME,
ALL_AUDITED_CANDIDATES,2025Q1,H1,conservative,STRICT,rub_uzs,2025-01-31,2024-12-31,2024-12-31,0,REGISTRY_LAG_PSEUDO_REAL_TIME,
ALL_AUDITED_CANDIDATES,2025Q1,H1,conservative,STRICT,gold_price,2025-01-31,2024-12-31,2024-12-31,7,REGISTRY_LAG_PSEUDO_REAL_TIME,
ALL_AUDITED_CANDIDATES,2025Q1,H1,conservative,STRICT,russia_ipi,2025-01-31,2024-11-30,,23,REGISTRY_LAG_PSEUDO_REAL_TIME,
ALL_AUDITED_CANDIDATES,2025Q1,H1,conservative,STRICT,m2,2025-01-31,2024-11-30,2024-11-30,25,REGISTRY_LAG_PSEUDO_REAL_TIME,
ALL_AUDITED_CANDIDATES,2025Q1,H1,conservative,STRICT,household_deposits,2025-01-31,2024-11-30,2024-11-30,25,REGISTRY_LAG_PSEUDO_REAL_TIME,
ALL_AUDITED_CANDIDATES,2025Q1,H1,conservative,STRICT,corporate_deposits,2025-01-31,2024-11-30,2024-11-30,25,REGISTRY_LAG_PSEUDO_REAL_TIME,
ALL_AUDITED_CANDIDATES,2025Q1,H1,conservative,STRICT,household_credit,2025-01-31,2024-11-30,2024-11-30,25,REGISTRY_LAG_PSEUDO_REAL_TIME,
ALL_AUDITED_CANDIDATES,2025Q1,H1,conservative,STRICT,corporate_credit,2025-01-31,2024-11-30,2024-11-30,25,REGISTRY_LAG_PSEUDO_REAL_TIME,
ALL_AUDITED_CANDIDATES,2025Q1,H1,conservative,STRICT,fx_reserves_ex_gold,2025-01-31,2024-12-31,2024-12-31,7,REGISTRY_LAG_PSEUDO_REAL_TIME,
ALL_AUDITED_CANDIDATES,2025Q1,H1,conservative,STRICT,pos_turnover,2025-01-31,2024-11-30,2024-11-30,18,REGISTRY_LAG_PSEUDO_REAL_TIME,
ALL_AUDITED_CANDIDATES,2025Q1,H1,conservative,STRICT,instant_payments,2025-01-31,2024-11-30,2022-08-31,18,REGISTRY_LAG_PSEUDO_REAL_TIME,
ALL_AUDITED_CANDIDATES,2025Q1,H1,conservative,STRICT,interbank_payments,2025-01-31,2024-11-30,2020-06-30,18,REGISTRY_LAG_PSEUDO_REAL_TIME,
ALL_AUDITED_CANDIDATES,2025Q1,H2,standard,STRICT,industrial_production,2025-02-28,2024-12-31,2024-12-31,33,REGISTRY_LAG_PSEUDO_REAL_TIME,
ALL_AUDITED_CANDIDATES,2025Q1,H2,standard,STRICT,manufacturing,2025-02-28,2024-12-31,2024-12-31,33,REGISTRY_LAG_PSEUDO_REAL_TIME,
ALL_AUDITED_CANDIDATES,2025Q1,H2,standard,STRICT,mining,2025-02-28,2024-12-31,2024-12-31,33,REGISTRY_LAG_PSEUDO_REAL_TIME,
ALL_AUDITED_CANDIDATES,2025Q1,H2,standard,STRICT,electricity_gas,2025-02-28,2024-12-31,2024-12-31,33,REGISTRY_LAG_PSEUDO_REAL_TIME,
ALL_AUDITED_CANDIDATES,2025Q1,H2,standard,STRICT,construction,2025-02-28,2025-01-31,2025-01-31,27,REGISTRY_LAG_PSEUDO_REAL_TIME,
ALL_AUDITED_CANDIDATES,2025Q1,H2,standard,STRICT,retail_trade,2025-02-28,2025-01-31,2025-01-31,24,REGISTRY_LAG_PSEUDO_REAL_TIME,
ALL_AUDITED_CANDIDATES,2025Q1,H2,standard,STRICT,wholesale_trade,2025-02-28,2025-01-31,2025-01-31,24,REGISTRY_LAG_PSEUDO_REAL_TIME,
ALL_AUDITED_CANDIDATES,2025Q1,H2,standard,STRICT,cpi_headline,2025-02-28,2025-01-31,2025-01-31,5,REGISTRY_LAG_PSEUDO_REAL_TIME,
ALL_AUDITED_CANDIDATES,2025Q1,H2,standard,STRICT,cpi_food,2025-02-28,2025-01-31,2025-01-31,5,REGISTRY_LAG_PSEUDO_REAL_TIME,
ALL_AUDITED_CANDIDATES,2025Q1,H2,standard,STRICT,cpi_services,2025-02-28,2025-01-31,2025-01-31,5,REGISTRY_LAG_PSEUDO_REAL_TIME,
ALL_AUDITED_CANDIDATES,2025Q1,H2,standard,STRICT,ppi,2025-02-28,2025-01-31,2025-01-31,15,REGISTRY_LAG_PSEUDO_REAL_TIME,
ALL_AUDITED_CANDIDATES,2025Q1,H2,standard,STRICT,exports_total,2025-02-28,2025-01-31,2025-01-31,26,REGISTRY_LAG_PSEUDO_REAL_TIME,
ALL_AUDITED_CANDIDATES,2025Q1,H2,standard,STRICT,exports_non_gold,2025-02-28,2025-01-31,2025-01-31,26,REGISTRY_LAG_PSEUDO_REAL_TIME,
ALL_AUDITED_CANDIDATES,2025Q1,H2,standard,STRICT,imports_total,2025-02-28,2025-01-31,2025-01-31,26,REGISTRY_LAG_PSEUDO_REAL_TIME,
ALL_AUDITED_CANDIDATES,2025Q1,H2,standard,STRICT,gold_exports_proxy,2025-02-28,2025-01-31,2025-01-31,26,REGISTRY_LAG_PSEUDO_REAL_TIME,
ALL_AUDITED_CANDIDATES,2025Q1,H2,standard,STRICT,usd_uzs,2025-02-28,2025-02-28,2025-02-28,0,REGISTRY_LAG_PSEUDO_REAL_TIME,
ALL_AUDITED_CANDIDATES,2025Q1,H2,standard,STRICT,rub_uzs,2025-02-28,2025-02-28,2025-02-28,0,REGISTRY_LAG_PSEUDO_REAL_TIME,
ALL_AUDITED_CANDIDATES,2025Q1,H2,standard,STRICT,gold_price,2025-02-28,2025-01-31,2025-01-31,7,REGISTRY_LAG_PSEUDO_REAL_TIME,
ALL_AUDITED_CANDIDATES,2025Q1,H2,standard,STRICT,russia_ipi,2025-02-28,2025-01-31,,23,REGISTRY_LAG_PSEUDO_REAL_TIME,
ALL_AUDITED_CANDIDATES,2025Q1,H2,standard,STRICT,m2,2025-02-28,2025-01-31,2025-01-31,25,REGISTRY_LAG_PSEUDO_REAL_TIME,
ALL_AUDITED_CANDIDATES,2025Q1,H2,standard,STRICT,household_deposits,2025-02-28,2025-01-31,2024-11-30,25,REGISTRY_LAG_PSEUDO_REAL_TIME,
ALL_AUDITED_CANDIDATES,2025Q1,H2,standard,STRICT,corporate_deposits,2025-02-28,2025-01-31,2024-11-30,25,REGISTRY_LAG_PSEUDO_REAL_TIME,
ALL_AUDITED_CANDIDATES,2025Q1,H2,standard,STRICT,household_credit,2025-02-28,2025-01-31,2024-11-30,25,REGISTRY_LAG_PSEUDO_REAL_TIME,
ALL_AUDITED_CANDIDATES,2025Q1,H2,standard,STRICT,corporate_credit,2025-02-28,2025-01-31,2024-11-30,25,REGISTRY_LAG_PSEUDO_REAL_TIME,
ALL_AUDITED_CANDIDATES,2025Q1,H2,standard,STRICT,fx_reserves_ex_gold,2025-02-28,2025-01-31,2025-01-31,7,REGISTRY_LAG_PSEUDO_REAL_TIME,
ALL_AUDITED_CANDIDATES,2025Q1,H2,standard,STRICT,pos_turnover,2025-02-28,2025-01-31,2024-12-31,18,REGISTRY_LAG_PSEUDO_REAL_TIME,
ALL_AUDITED_CANDIDATES,2025Q1,H2,standard,STRICT,instant_payments,2025-02-28,2025-01-31,2022-08-31,18,REGISTRY_LAG_PSEUDO_REAL_TIME,
ALL_AUDITED_CANDIDATES,2025Q1,H2,standard,STRICT,interbank_payments,2025-02-28,2025-01-31,2020-06-30,18,REGISTRY_LAG_PSEUDO_REAL_TIME,
ALL_AUDITED_CANDIDATES,2025Q1,H2,conservative,STRICT,industrial_production,2025-02-28,2024-12-31,2024-12-31,33,REGISTRY_LAG_PSEUDO_REAL_TIME,
ALL_AUDITED_CANDIDATES,2025Q1,H2,conservative,STRICT,manufacturing,2025-02-28,2024-12-31,2024-12-31,33,REGISTRY_LAG_PSEUDO_REAL_TIME,
ALL_AUDITED_CANDIDATES,2025Q1,H2,conservative,STRICT,mining,2025-02-28,2024-12-31,2024-12-31,33,REGISTRY_LAG_PSEUDO_REAL_TIME,
ALL_AUDITED_CANDIDATES,2025Q1,H2,conservative,STRICT,electricity_gas,2025-02-28,2024-12-31,2024-12-31,33,REGISTRY_LAG_PSEUDO_REAL_TIME,
ALL_AUDITED_CANDIDATES,2025Q1,H2,conservative,STRICT,construction,2025-02-28,2024-12-31,2024-12-31,27,REGISTRY_LAG_PSEUDO_REAL_TIME,
ALL_AUDITED_CANDIDATES,2025Q1,H2,conservative,STRICT,retail_trade,2025-02-28,2024-12-31,2024-12-31,24,REGISTRY_LAG_PSEUDO_REAL_TIME,
ALL_AUDITED_CANDIDATES,2025Q1,H2,conservative,STRICT,wholesale_trade,2025-02-28,2024-12-31,2024-12-31,24,REGISTRY_LAG_PSEUDO_REAL_TIME,
ALL_AUDITED_CANDIDATES,2025Q1,H2,conservative,STRICT,cpi_headline,2025-02-28,2025-01-31,2025-01-31,5,REGISTRY_LAG_PSEUDO_REAL_TIME,
ALL_AUDITED_CANDIDATES,2025Q1,H2,conservative,STRICT,cpi_food,2025-02-28,2025-01-31,2025-01-31,5,REGISTRY_LAG_PSEUDO_REAL_TIME,
ALL_AUDITED_CANDIDATES,2025Q1,H2,conservative,STRICT,cpi_services,2025-02-28,2025-01-31,2025-01-31,5,REGISTRY_LAG_PSEUDO_REAL_TIME,
ALL_AUDITED_CANDIDATES,2025Q1,H2,conservative,STRICT,ppi,2025-02-28,2024-12-31,2024-12-31,15,REGISTRY_LAG_PSEUDO_REAL_TIME,
ALL_AUDITED_CANDIDATES,2025Q1,H2,conservative,STRICT,exports_total,2025-02-28,2024-12-31,2024-12-31,26,REGISTRY_LAG_PSEUDO_REAL_TIME,
ALL_AUDITED_CANDIDATES,2025Q1,H2,conservative,STRICT,exports_non_gold,2025-02-28,2024-12-31,2024-12-31,26,REGISTRY_LAG_PSEUDO_REAL_TIME,
ALL_AUDITED_CANDIDATES,2025Q1,H2,conservative,STRICT,imports_total,2025-02-28,2024-12-31,2024-12-31,26,REGISTRY_LAG_PSEUDO_REAL_TIME,
ALL_AUDITED_CANDIDATES,2025Q1,H2,conservative,STRICT,gold_exports_proxy,2025-02-28,2024-12-31,2024-12-31,26,REGISTRY_LAG_PSEUDO_REAL_TIME,
ALL_AUDITED_CANDIDATES,2025Q1,H2,conservative,STRICT,usd_uzs,2025-02-28,2025-01-31,2025-01-31,0,REGISTRY_LAG_PSEUDO_REAL_TIME,
ALL_AUDITED_CANDIDATES,2025Q1,H2,conservative,STRICT,rub_uzs,2025-02-28,2025-01-31,2025-01-31,0,REGISTRY_LAG_PSEUDO_REAL_TIME,
ALL_AUDITED_CANDIDATES,2025Q1,H2,conservative,STRICT,gold_price,2025-02-28,2025-01-31,2025-01-31,7,REGISTRY_LAG_PSEUDO_REAL_TIME,
ALL_AUDITED_CANDIDATES,2025Q1,H2,conservative,STRICT,russia_ipi,2025-02-28,2024-12-31,,23,REGISTRY_LAG_PSEUDO_REAL_TIME,
ALL_AUDITED_CANDIDATES,2025Q1,H2,conservative,STRICT,m2,2025-02-28,2024-12-31,2024-12-31,25,REGISTRY_LAG_PSEUDO_REAL_TIME,
ALL_AUDITED_CANDIDATES,2025Q1,H2,conservative,STRICT,household_deposits,2025-02-28,2024-12-31,2024-11-30,25,REGISTRY_LAG_PSEUDO_REAL_TIME,
ALL_AUDITED_CANDIDATES,2025Q1,H2,conservative,STRICT,corporate_deposits,2025-02-28,2024-12-31,2024-11-30,25,REGISTRY_LAG_PSEUDO_REAL_TIME,
ALL_AUDITED_CANDIDATES,2025Q1,H2,conservative,STRICT,household_credit,2025-02-28,2024-12-31,2024-11-30,25,REGISTRY_LAG_PSEUDO_REAL_TIME,
ALL_AUDITED_CANDIDATES,2025Q1,H2,conservative,STRICT,corporate_credit,2025-02-28,2024-12-31,2024-11-30,25,REGISTRY_LAG_PSEUDO_REAL_TIME,
ALL_AUDITED_CANDIDATES,2025Q1,H2,conservative,STRICT,fx_reserves_ex_gold,2025-02-28,2025-01-31,2025-01-31,7,REGISTRY_LAG_PSEUDO_REAL_TIME,
ALL_AUDITED_CANDIDATES,2025Q1,H2,conservative,STRICT,pos_turnover,2025-02-28,2024-12-31,2024-12-31,18,REGISTRY_LAG_PSEUDO_REAL_TIME,
ALL_AUDITED_CANDIDATES,2025Q1,H2,conservative,STRICT,instant_payments,2025-02-28,2024-12-31,2022-08-31,18,REGISTRY_LAG_PSEUDO_REAL_TIME,
ALL_AUDITED_CANDIDATES,2025Q1,H2,conservative,STRICT,interbank_payments,2025-02-28,2024-12-31,2020-06-30,18,REGISTRY_LAG_PSEUDO_REAL_TIME,
ALL_AUDITED_CANDIDATES,2025Q1,H3,standard,STRICT,industrial_production,2025-03-31,2025-01-31,2025-01-31,33,REGISTRY_LAG_PSEUDO_REAL_TIME,
ALL_AUDITED_CANDIDATES,2025Q1,H3,standard,STRICT,manufacturing,2025-03-31,2025-01-31,2025-01-31,33,REGISTRY_LAG_PSEUDO_REAL_TIME,
ALL_AUDITED_CANDIDATES,2025Q1,H3,standard,STRICT,mining,2025-03-31,2025-01-31,2025-01-31,33,REGISTRY_LAG_PSEUDO_REAL_TIME,
ALL_AUDITED_CANDIDATES,2025Q1,H3,standard,STRICT,electricity_gas,2025-03-31,2025-01-31,2025-01-31,33,REGISTRY_LAG_PSEUDO_REAL_TIME,
ALL_AUDITED_CANDIDATES,2025Q1,H3,standard,STRICT,construction,2025-03-31,2025-02-28,2025-02-28,27,REGISTRY_LAG_PSEUDO_REAL_TIME,
ALL_AUDITED_CANDIDATES,2025Q1,H3,standard,STRICT,retail_trade,2025-03-31,2025-02-28,2025-02-28,24,REGISTRY_LAG_PSEUDO_REAL_TIME,
ALL_AUDITED_CANDIDATES,2025Q1,H3,standard,STRICT,wholesale_trade,2025-03-31,2025-02-28,2025-02-28,24,REGISTRY_LAG_PSEUDO_REAL_TIME,
ALL_AUDITED_CANDIDATES,2025Q1,H3,standard,STRICT,cpi_headline,2025-03-31,2025-02-28,2025-02-28,5,REGISTRY_LAG_PSEUDO_REAL_TIME,
ALL_AUDITED_CANDIDATES,2025Q1,H3,standard,STRICT,cpi_food,2025-03-31,2025-02-28,2025-02-28,5,REGISTRY_LAG_PSEUDO_REAL_TIME,
ALL_AUDITED_CANDIDATES,2025Q1,H3,standard,STRICT,cpi_services,2025-03-31,2025-02-28,2025-02-28,5,REGISTRY_LAG_PSEUDO_REAL_TIME,
ALL_AUDITED_CANDIDATES,2025Q1,H3,standard,STRICT,ppi,2025-03-31,2025-02-28,2025-02-28,15,REGISTRY_LAG_PSEUDO_REAL_TIME,
ALL_AUDITED_CANDIDATES,2025Q1,H3,standard,STRICT,exports_total,2025-03-31,2025-02-28,2025-02-28,26,REGISTRY_LAG_PSEUDO_REAL_TIME,
ALL_AUDITED_CANDIDATES,2025Q1,H3,standard,STRICT,exports_non_gold,2025-03-31,2025-02-28,2025-02-28,26,REGISTRY_LAG_PSEUDO_REAL_TIME,
ALL_AUDITED_CANDIDATES,2025Q1,H3,standard,STRICT,imports_total,2025-03-31,2025-02-28,2025-02-28,26,REGISTRY_LAG_PSEUDO_REAL_TIME,
ALL_AUDITED_CANDIDATES,2025Q1,H3,standard,STRICT,gold_exports_proxy,2025-03-31,2025-02-28,2025-02-28,26,REGISTRY_LAG_PSEUDO_REAL_TIME,
ALL_AUDITED_CANDIDATES,2025Q1,H3,standard,STRICT,usd_uzs,2025-03-31,2025-03-31,2025-03-31,0,REGISTRY_LAG_PSEUDO_REAL_TIME,
ALL_AUDITED_CANDIDATES,2025Q1,H3,standard,STRICT,rub_uzs,2025-03-31,2025-03-31,2025-03-31,0,REGISTRY_LAG_PSEUDO_REAL_TIME,
ALL_AUDITED_CANDIDATES,2025Q1,H3,standard,STRICT,gold_price,2025-03-31,2025-02-28,2025-02-28,7,REGISTRY_LAG_PSEUDO_REAL_TIME,
ALL_AUDITED_CANDIDATES,2025Q1,H3,standard,STRICT,russia_ipi,2025-03-31,2025-02-28,,23,REGISTRY_LAG_PSEUDO_REAL_TIME,
ALL_AUDITED_CANDIDATES,2025Q1,H3,standard,STRICT,m2,2025-03-31,2025-02-28,2025-02-28,25,REGISTRY_LAG_PSEUDO_REAL_TIME,
ALL_AUDITED_CANDIDATES,2025Q1,H3,standard,STRICT,household_deposits,2025-03-31,2025-02-28,2024-11-30,25,REGISTRY_LAG_PSEUDO_REAL_TIME,
ALL_AUDITED_CANDIDATES,2025Q1,H3,standard,STRICT,corporate_deposits,2025-03-31,2025-02-28,2024-11-30,25,REGISTRY_LAG_PSEUDO_REAL_TIME,
ALL_AUDITED_CANDIDATES,2025Q1,H3,standard,STRICT,household_credit,2025-03-31,2025-02-28,2024-11-30,25,REGISTRY_LAG_PSEUDO_REAL_TIME,
ALL_AUDITED_CANDIDATES,2025Q1,H3,standard,STRICT,corporate_credit,2025-03-31,2025-02-28,2024-11-30,25,REGISTRY_LAG_PSEUDO_REAL_TIME,
ALL_AUDITED_CANDIDATES,2025Q1,H3,standard,STRICT,fx_reserves_ex_gold,2025-03-31,2025-02-28,2025-02-28,7,REGISTRY_LAG_PSEUDO_REAL_TIME,
ALL_AUDITED_CANDIDATES,2025Q1,H3,standard,STRICT,pos_turnover,2025-03-31,2025-02-28,2024-12-31,18,REGISTRY_LAG_PSEUDO_REAL_TIME,
ALL_AUDITED_CANDIDATES,2025Q1,H3,standard,STRICT,instant_payments,2025-03-31,2025-02-28,2022-08-31,18,REGISTRY_LAG_PSEUDO_REAL_TIME,
ALL_AUDITED_CANDIDATES,2025Q1,H3,standard,STRICT,interbank_payments,2025-03-31,2025-02-28,2020-06-30,18,REGISTRY_LAG_PSEUDO_REAL_TIME,
ALL_AUDITED_CANDIDATES,2025Q1,H3,conservative,STRICT,industrial_production,2025-03-31,2025-01-31,2025-01-31,33,REGISTRY_LAG_PSEUDO_REAL_TIME,
ALL_AUDITED_CANDIDATES,2025Q1,H3,conservative,STRICT,manufacturing,2025-03-31,2025-01-31,2025-01-31,33,REGISTRY_LAG_PSEUDO_REAL_TIME,
ALL_AUDITED_CANDIDATES,2025Q1,H3,conservative,STRICT,mining,2025-03-31,2025-01-31,2025-01-31,33,REGISTRY_LAG_PSEUDO_REAL_TIME,
ALL_AUDITED_CANDIDATES,2025Q1,H3,conservative,STRICT,electricity_gas,2025-03-31,2025-01-31,2025-01-31,33,REGISTRY_LAG_PSEUDO_REAL_TIME,
ALL_AUDITED_CANDIDATES,2025Q1,H3,conservative,STRICT,construction,2025-03-31,2025-01-31,2025-01-31,27,REGISTRY_LAG_PSEUDO_REAL_TIME,
ALL_AUDITED_CANDIDATES,2025Q1,H3,conservative,STRICT,retail_trade,2025-03-31,2025-01-31,2025-01-31,24,REGISTRY_LAG_PSEUDO_REAL_TIME,
ALL_AUDITED_CANDIDATES,2025Q1,H3,conservative,STRICT,wholesale_trade,2025-03-31,2025-01-31,2025-01-31,24,REGISTRY_LAG_PSEUDO_REAL_TIME,
ALL_AUDITED_CANDIDATES,2025Q1,H3,conservative,STRICT,cpi_headline,2025-03-31,2025-02-28,2025-02-28,5,REGISTRY_LAG_PSEUDO_REAL_TIME,
ALL_AUDITED_CANDIDATES,2025Q1,H3,conservative,STRICT,cpi_food,2025-03-31,2025-02-28,2025-02-28,5,REGISTRY_LAG_PSEUDO_REAL_TIME,
ALL_AUDITED_CANDIDATES,2025Q1,H3,conservative,STRICT,cpi_services,2025-03-31,2025-02-28,2025-02-28,5,REGISTRY_LAG_PSEUDO_REAL_TIME,
ALL_AUDITED_CANDIDATES,2025Q1,H3,conservative,STRICT,ppi,2025-03-31,2025-02-28,2025-02-28,15,REGISTRY_LAG_PSEUDO_REAL_TIME,
ALL_AUDITED_CANDIDATES,2025Q1,H3,conservative,STRICT,exports_total,2025-03-31,2025-01-31,2025-01-31,26,REGISTRY_LAG_PSEUDO_REAL_TIME,
ALL_AUDITED_CANDIDATES,2025Q1,H3,conservative,STRICT,exports_non_gold,2025-03-31,2025-01-31,2025-01-31,26,REGISTRY_LAG_PSEUDO_REAL_TIME,
ALL_AUDITED_CANDIDATES,2025Q1,H3,conservative,STRICT,imports_total,2025-03-31,2025-01-31,2025-01-31,26,REGISTRY_LAG_PSEUDO_REAL_TIME,
ALL_AUDITED_CANDIDATES,2025Q1,H3,conservative,STRICT,gold_exports_proxy,2025-03-31,2025-01-31,2025-01-31,26,REGISTRY_LAG_PSEUDO_REAL_TIME,
ALL_AUDITED_CANDIDATES,2025Q1,H3,conservative,STRICT,usd_uzs,2025-03-31,2025-02-28,2025-02-28,0,REGISTRY_LAG_PSEUDO_REAL_TIME,
ALL_AUDITED_CANDIDATES,2025Q1,H3,conservative,STRICT,rub_uzs,2025-03-31,2025-02-28,2025-02-28,0,REGISTRY_LAG_PSEUDO_REAL_TIME,
ALL_AUDITED_CANDIDATES,2025Q1,H3,conservative,STRICT,gold_price,2025-03-31,2025-02-28,2025-02-28,7,REGISTRY_LAG_PSEUDO_REAL_TIME,
ALL_AUDITED_CANDIDATES,2025Q1,H3,conservative,STRICT,russia_ipi,2025-03-31,2025-01-31,,23,REGISTRY_LAG_PSEUDO_REAL_TIME,
ALL_AUDITED_CANDIDATES,2025Q1,H3,conservative,STRICT,m2,2025-03-31,2025-01-31,2025-01-31,25,REGISTRY_LAG_PSEUDO_REAL_TIME,
ALL_AUDITED_CANDIDATES,2025Q1,H3,conservative,STRICT,household_deposits,2025-03-31,2025-01-31,2024-11-30,25,REGISTRY_LAG_PSEUDO_REAL_TIME,
ALL_AUDITED_CANDIDATES,2025Q1,H3,conservative,STRICT,corporate_deposits,2025-03-31,2025-01-31,2024-11-30,25,REGISTRY_LAG_PSEUDO_REAL_TIME,
ALL_AUDITED_CANDIDATES,2025Q1,H3,conservative,STRICT,household_credit,2025-03-31,2025-01-31,2024-11-30,25,REGISTRY_LAG_PSEUDO_REAL_TIME,
ALL_AUDITED_CANDIDATES,2025Q1,H3,conservative,STRICT,corporate_credit,2025-03-31,2025-01-31,2024-11-30,25,REGISTRY_LAG_PSEUDO_REAL_TIME,
ALL_AUDITED_CANDIDATES,2025Q1,H3,conservative,STRICT,fx_reserves_ex_gold,2025-03-31,2025-02-28,2025-02-28,7,REGISTRY_LAG_PSEUDO_REAL_TIME,
ALL_AUDITED_CANDIDATES,2025Q1,H3,conservative,STRICT,pos_turnover,2025-03-31,2025-01-31,2024-12-31,18,REGISTRY_LAG_PSEUDO_REAL_TIME,
ALL_AUDITED_CANDIDATES,2025Q1,H3,conservative,STRICT,instant_payments,2025-03-31,2025-01-31,2022-08-31,18,REGISTRY_LAG_PSEUDO_REAL_TIME,
ALL_AUDITED_CANDIDATES,2025Q1,H3,conservative,STRICT,interbank_payments,2025-03-31,2025-01-31,2020-06-30,18,REGISTRY_LAG_PSEUDO_REAL_TIME,
ALL_AUDITED_CANDIDATES,2025Q2,H1,standard,STRICT,industrial_production,2025-04-30,2025-02-28,2025-02-28,33,REGISTRY_LAG_PSEUDO_REAL_TIME,
ALL_AUDITED_CANDIDATES,2025Q2,H1,standard,STRICT,manufacturing,2025-04-30,2025-02-28,2025-02-28,33,REGISTRY_LAG_PSEUDO_REAL_TIME,
ALL_AUDITED_CANDIDATES,2025Q2,H1,standard,STRICT,mining,2025-04-30,2025-02-28,2025-02-28,33,REGISTRY_LAG_PSEUDO_REAL_TIME,
ALL_AUDITED_CANDIDATES,2025Q2,H1,standard,STRICT,electricity_gas,2025-04-30,2025-02-28,2025-02-28,33,REGISTRY_LAG_PSEUDO_REAL_TIME,
ALL_AUDITED_CANDIDATES,2025Q2,H1,standard,STRICT,construction,2025-04-30,2025-03-31,2025-03-31,27,REGISTRY_LAG_PSEUDO_REAL_TIME,
ALL_AUDITED_CANDIDATES,2025Q2,H1,standard,STRICT,retail_trade,2025-04-30,2025-03-31,2025-03-31,24,REGISTRY_LAG_PSEUDO_REAL_TIME,
ALL_AUDITED_CANDIDATES,2025Q2,H1,standard,STRICT,wholesale_trade,2025-04-30,2025-03-31,2025-03-31,24,REGISTRY_LAG_PSEUDO_REAL_TIME,
ALL_AUDITED_CANDIDATES,2025Q2,H1,standard,STRICT,cpi_headline,2025-04-30,2025-03-31,2025-03-31,5,REGISTRY_LAG_PSEUDO_REAL_TIME,
ALL_AUDITED_CANDIDATES,2025Q2,H1,standard,STRICT,cpi_food,2025-04-30,2025-03-31,2025-03-31,5,REGISTRY_LAG_PSEUDO_REAL_TIME,
ALL_AUDITED_CANDIDATES,2025Q2,H1,standard,STRICT,cpi_services,2025-04-30,2025-03-31,2025-03-31,5,REGISTRY_LAG_PSEUDO_REAL_TIME,
ALL_AUDITED_CANDIDATES,2025Q2,H1,standard,STRICT,ppi,2025-04-30,2025-03-31,2025-03-31,15,REGISTRY_LAG_PSEUDO_REAL_TIME,
ALL_AUDITED_CANDIDATES,2025Q2,H1,standard,STRICT,exports_total,2025-04-30,2025-03-31,2025-03-31,26,REGISTRY_LAG_PSEUDO_REAL_TIME,
ALL_AUDITED_CANDIDATES,2025Q2,H1,standard,STRICT,exports_non_gold,2025-04-30,2025-03-31,2025-03-31,26,REGISTRY_LAG_PSEUDO_REAL_TIME,
ALL_AUDITED_CANDIDATES,2025Q2,H1,standard,STRICT,imports_total,2025-04-30,2025-03-31,2025-03-31,26,REGISTRY_LAG_PSEUDO_REAL_TIME,
ALL_AUDITED_CANDIDATES,2025Q2,H1,standard,STRICT,gold_exports_proxy,2025-04-30,2025-03-31,2025-03-31,26,REGISTRY_LAG_PSEUDO_REAL_TIME,
ALL_AUDITED_CANDIDATES,2025Q2,H1,standard,STRICT,usd_uzs,2025-04-30,2025-04-30,2025-04-30,0,REGISTRY_LAG_PSEUDO_REAL_TIME,
ALL_AUDITED_CANDIDATES,2025Q2,H1,standard,STRICT,rub_uzs,2025-04-30,2025-04-30,2025-04-30,0,REGISTRY_LAG_PSEUDO_REAL_TIME,
ALL_AUDITED_CANDIDATES,2025Q2,H1,standard,STRICT,gold_price,2025-04-30,2025-03-31,2025-03-31,7,REGISTRY_LAG_PSEUDO_REAL_TIME,
ALL_AUDITED_CANDIDATES,2025Q2,H1,standard,STRICT,russia_ipi,2025-04-30,2025-03-31,,23,REGISTRY_LAG_PSEUDO_REAL_TIME,
ALL_AUDITED_CANDIDATES,2025Q2,H1,standard,STRICT,m2,2025-04-30,2025-03-31,2025-03-31,25,REGISTRY_LAG_PSEUDO_REAL_TIME,
ALL_AUDITED_CANDIDATES,2025Q2,H1,standard,STRICT,household_deposits,2025-04-30,2025-03-31,2024-11-30,25,REGISTRY_LAG_PSEUDO_REAL_TIME,
ALL_AUDITED_CANDIDATES,2025Q2,H1,standard,STRICT,corporate_deposits,2025-04-30,2025-03-31,2024-11-30,25,REGISTRY_LAG_PSEUDO_REAL_TIME,
ALL_AUDITED_CANDIDATES,2025Q2,H1,standard,STRICT,household_credit,2025-04-30,2025-03-31,2024-11-30,25,REGISTRY_LAG_PSEUDO_REAL_TIME,
ALL_AUDITED_CANDIDATES,2025Q2,H1,standard,STRICT,corporate_credit,2025-04-30,2025-03-31,2024-11-30,25,REGISTRY_LAG_PSEUDO_REAL_TIME,
ALL_AUDITED_CANDIDATES,2025Q2,H1,standard,STRICT,fx_reserves_ex_gold,2025-04-30,2025-03-31,2025-03-31,7,REGISTRY_LAG_PSEUDO_REAL_TIME,
ALL_AUDITED_CANDIDATES,2025Q2,H1,standard,STRICT,pos_turnover,2025-04-30,2025-03-31,2024-12-31,18,REGISTRY_LAG_PSEUDO_REAL_TIME,
ALL_AUDITED_CANDIDATES,2025Q2,H1,standard,STRICT,instant_payments,2025-04-30,2025-03-31,2022-08-31,18,REGISTRY_LAG_PSEUDO_REAL_TIME,
ALL_AUDITED_CANDIDATES,2025Q2,H1,standard,STRICT,interbank_payments,2025-04-30,2025-03-31,2020-06-30,18,REGISTRY_LAG_PSEUDO_REAL_TIME,
ALL_AUDITED_CANDIDATES,2025Q2,H1,conservative,STRICT,industrial_production,2025-04-30,2025-02-28,2025-02-28,33,REGISTRY_LAG_PSEUDO_REAL_TIME,
ALL_AUDITED_CANDIDATES,2025Q2,H1,conservative,STRICT,manufacturing,2025-04-30,2025-02-28,2025-02-28,33,REGISTRY_LAG_PSEUDO_REAL_TIME,
ALL_AUDITED_CANDIDATES,2025Q2,H1,conservative,STRICT,mining,2025-04-30,2025-02-28,2025-02-28,33,REGISTRY_LAG_PSEUDO_REAL_TIME,
ALL_AUDITED_CANDIDATES,2025Q2,H1,conservative,STRICT,electricity_gas,2025-04-30,2025-02-28,2025-02-28,33,REGISTRY_LAG_PSEUDO_REAL_TIME,
ALL_AUDITED_CANDIDATES,2025Q2,H1,conservative,STRICT,construction,2025-04-30,2025-02-28,2025-02-28,27,REGISTRY_LAG_PSEUDO_REAL_TIME,
ALL_AUDITED_CANDIDATES,2025Q2,H1,conservative,STRICT,retail_trade,2025-04-30,2025-02-28,2025-02-28,24,REGISTRY_LAG_PSEUDO_REAL_TIME,
ALL_AUDITED_CANDIDATES,2025Q2,H1,conservative,STRICT,wholesale_trade,2025-04-30,2025-02-28,2025-02-28,24,REGISTRY_LAG_PSEUDO_REAL_TIME,
ALL_AUDITED_CANDIDATES,2025Q2,H1,conservative,STRICT,cpi_headline,2025-04-30,2025-03-31,2025-03-31,5,REGISTRY_LAG_PSEUDO_REAL_TIME,
ALL_AUDITED_CANDIDATES,2025Q2,H1,conservative,STRICT,cpi_food,2025-04-30,2025-03-31,2025-03-31,5,REGISTRY_LAG_PSEUDO_REAL_TIME,
ALL_AUDITED_CANDIDATES,2025Q2,H1,conservative,STRICT,cpi_services,2025-04-30,2025-03-31,2025-03-31,5,REGISTRY_LAG_PSEUDO_REAL_TIME,
ALL_AUDITED_CANDIDATES,2025Q2,H1,conservative,STRICT,ppi,2025-04-30,2025-03-31,2025-03-31,15,REGISTRY_LAG_PSEUDO_REAL_TIME,
ALL_AUDITED_CANDIDATES,2025Q2,H1,conservative,STRICT,exports_total,2025-04-30,2025-02-28,2025-02-28,26,REGISTRY_LAG_PSEUDO_REAL_TIME,
ALL_AUDITED_CANDIDATES,2025Q2,H1,conservative,STRICT,exports_non_gold,2025-04-30,2025-02-28,2025-02-28,26,REGISTRY_LAG_PSEUDO_REAL_TIME,
ALL_AUDITED_CANDIDATES,2025Q2,H1,conservative,STRICT,imports_total,2025-04-30,2025-02-28,2025-02-28,26,REGISTRY_LAG_PSEUDO_REAL_TIME,
ALL_AUDITED_CANDIDATES,2025Q2,H1,conservative,STRICT,gold_exports_proxy,2025-04-30,2025-02-28,2025-02-28,26,REGISTRY_LAG_PSEUDO_REAL_TIME,
ALL_AUDITED_CANDIDATES,2025Q2,H1,conservative,STRICT,usd_uzs,2025-04-30,2025-03-31,2025-03-31,0,REGISTRY_LAG_PSEUDO_REAL_TIME,
ALL_AUDITED_CANDIDATES,2025Q2,H1,conservative,STRICT,rub_uzs,2025-04-30,2025-03-31,2025-03-31,0,REGISTRY_LAG_PSEUDO_REAL_TIME,
ALL_AUDITED_CANDIDATES,2025Q2,H1,conservative,STRICT,gold_price,2025-04-30,2025-03-31,2025-03-31,7,REGISTRY_LAG_PSEUDO_REAL_TIME,
ALL_AUDITED_CANDIDATES,2025Q2,H1,conservative,STRICT,russia_ipi,2025-04-30,2025-02-28,,23,REGISTRY_LAG_PSEUDO_REAL_TIME,
ALL_AUDITED_CANDIDATES,2025Q2,H1,conservative,STRICT,m2,2025-04-30,2025-02-28,2025-02-28,25,REGISTRY_LAG_PSEUDO_REAL_TIME,
ALL_AUDITED_CANDIDATES,2025Q2,H1,conservative,STRICT,household_deposits,2025-04-30,2025-02-28,2024-11-30,25,REGISTRY_LAG_PSEUDO_REAL_TIME,
ALL_AUDITED_CANDIDATES,2025Q2,H1,conservative,STRICT,corporate_deposits,2025-04-30,2025-02-28,2024-11-30,25,REGISTRY_LAG_PSEUDO_REAL_TIME,
ALL_AUDITED_CANDIDATES,2025Q2,H1,conservative,STRICT,household_credit,2025-04-30,2025-02-28,2024-11-30,25,REGISTRY_LAG_PSEUDO_REAL_TIME,
ALL_AUDITED_CANDIDATES,2025Q2,H1,conservative,STRICT,corporate_credit,2025-04-30,2025-02-28,2024-11-30,25,REGISTRY_LAG_PSEUDO_REAL_TIME,
ALL_AUDITED_CANDIDATES,2025Q2,H1,conservative,STRICT,fx_reserves_ex_gold,2025-04-30,2025-03-31,2025-03-31,7,REGISTRY_LAG_PSEUDO_REAL_TIME,
ALL_AUDITED_CANDIDATES,2025Q2,H1,conservative,STRICT,pos_turnover,2025-04-30,2025-02-28,2024-12-31,18,REGISTRY_LAG_PSEUDO_REAL_TIME,
ALL_AUDITED_CANDIDATES,2025Q2,H1,conservative,STRICT,instant_payments,2025-04-30,2025-02-28,2022-08-31,18,REGISTRY_LAG_PSEUDO_REAL_TIME,
ALL_AUDITED_CANDIDATES,2025Q2,H1,conservative,STRICT,interbank_payments,2025-04-30,2025-02-28,2020-06-30,18,REGISTRY_LAG_PSEUDO_REAL_TIME,
ALL_AUDITED_CANDIDATES,2025Q2,H2,standard,STRICT,industrial_production,2025-05-31,2025-03-31,2025-03-31,33,REGISTRY_LAG_PSEUDO_REAL_TIME,
ALL_AUDITED_CANDIDATES,2025Q2,H2,standard,STRICT,manufacturing,2025-05-31,2025-03-31,2025-03-31,33,REGISTRY_LAG_PSEUDO_REAL_TIME,
ALL_AUDITED_CANDIDATES,2025Q2,H2,standard,STRICT,mining,2025-05-31,2025-03-31,2025-03-31,33,REGISTRY_LAG_PSEUDO_REAL_TIME,
ALL_AUDITED_CANDIDATES,2025Q2,H2,standard,STRICT,electricity_gas,2025-05-31,2025-03-31,2025-03-31,33,REGISTRY_LAG_PSEUDO_REAL_TIME,
ALL_AUDITED_CANDIDATES,2025Q2,H2,standard,STRICT,construction,2025-05-31,2025-04-30,2025-04-30,27,REGISTRY_LAG_PSEUDO_REAL_TIME,
ALL_AUDITED_CANDIDATES,2025Q2,H2,standard,STRICT,retail_trade,2025-05-31,2025-04-30,2025-04-30,24,REGISTRY_LAG_PSEUDO_REAL_TIME,
ALL_AUDITED_CANDIDATES,2025Q2,H2,standard,STRICT,wholesale_trade,2025-05-31,2025-04-30,2025-04-30,24,REGISTRY_LAG_PSEUDO_REAL_TIME,
ALL_AUDITED_CANDIDATES,2025Q2,H2,standard,STRICT,cpi_headline,2025-05-31,2025-04-30,2025-04-30,5,REGISTRY_LAG_PSEUDO_REAL_TIME,
ALL_AUDITED_CANDIDATES,2025Q2,H2,standard,STRICT,cpi_food,2025-05-31,2025-04-30,2025-04-30,5,REGISTRY_LAG_PSEUDO_REAL_TIME,
ALL_AUDITED_CANDIDATES,2025Q2,H2,standard,STRICT,cpi_services,2025-05-31,2025-04-30,2025-04-30,5,REGISTRY_LAG_PSEUDO_REAL_TIME,
ALL_AUDITED_CANDIDATES,2025Q2,H2,standard,STRICT,ppi,2025-05-31,2025-04-30,2025-04-30,15,REGISTRY_LAG_PSEUDO_REAL_TIME,
ALL_AUDITED_CANDIDATES,2025Q2,H2,standard,STRICT,exports_total,2025-05-31,2025-04-30,2025-04-30,26,REGISTRY_LAG_PSEUDO_REAL_TIME,
ALL_AUDITED_CANDIDATES,2025Q2,H2,standard,STRICT,exports_non_gold,2025-05-31,2025-04-30,2025-04-30,26,REGISTRY_LAG_PSEUDO_REAL_TIME,
ALL_AUDITED_CANDIDATES,2025Q2,H2,standard,STRICT,imports_total,2025-05-31,2025-04-30,2025-04-30,26,REGISTRY_LAG_PSEUDO_REAL_TIME,
ALL_AUDITED_CANDIDATES,2025Q2,H2,standard,STRICT,gold_exports_proxy,2025-05-31,2025-04-30,2025-04-30,26,REGISTRY_LAG_PSEUDO_REAL_TIME,
ALL_AUDITED_CANDIDATES,2025Q2,H2,standard,STRICT,usd_uzs,2025-05-31,2025-05-31,2025-05-31,0,REGISTRY_LAG_PSEUDO_REAL_TIME,
ALL_AUDITED_CANDIDATES,2025Q2,H2,standard,STRICT,rub_uzs,2025-05-31,2025-05-31,2025-05-31,0,REGISTRY_LAG_PSEUDO_REAL_TIME,
ALL_AUDITED_CANDIDATES,2025Q2,H2,standard,STRICT,gold_price,2025-05-31,2025-04-30,2025-04-30,7,REGISTRY_LAG_PSEUDO_REAL_TIME,
ALL_AUDITED_CANDIDATES,2025Q2,H2,standard,STRICT,russia_ipi,2025-05-31,2025-04-30,,23,REGISTRY_LAG_PSEUDO_REAL_TIME,
ALL_AUDITED_CANDIDATES,2025Q2,H2,standard,STRICT,m2,2025-05-31,2025-04-30,2025-04-30,25,REGISTRY_LAG_PSEUDO_REAL_TIME,
ALL_AUDITED_CANDIDATES,2025Q2,H2,standard,STRICT,household_deposits,2025-05-31,2025-04-30,2024-11-30,25,REGISTRY_LAG_PSEUDO_REAL_TIME,
ALL_AUDITED_CANDIDATES,2025Q2,H2,standard,STRICT,corporate_deposits,2025-05-31,2025-04-30,2024-11-30,25,REGISTRY_LAG_PSEUDO_REAL_TIME,
ALL_AUDITED_CANDIDATES,2025Q2,H2,standard,STRICT,household_credit,2025-05-31,2025-04-30,2024-11-30,25,REGISTRY_LAG_PSEUDO_REAL_TIME,
ALL_AUDITED_CANDIDATES,2025Q2,H2,standard,STRICT,corporate_credit,2025-05-31,2025-04-30,2024-11-30,25,REGISTRY_LAG_PSEUDO_REAL_TIME,
ALL_AUDITED_CANDIDATES,2025Q2,H2,standard,STRICT,fx_reserves_ex_gold,2025-05-31,2025-04-30,2025-04-30,7,REGISTRY_LAG_PSEUDO_REAL_TIME,
ALL_AUDITED_CANDIDATES,2025Q2,H2,standard,STRICT,pos_turnover,2025-05-31,2025-04-30,2024-12-31,18,REGISTRY_LAG_PSEUDO_REAL_TIME,
ALL_AUDITED_CANDIDATES,2025Q2,H2,standard,STRICT,instant_payments,2025-05-31,2025-04-30,2022-08-31,18,REGISTRY_LAG_PSEUDO_REAL_TIME,
ALL_AUDITED_CANDIDATES,2025Q2,H2,standard,STRICT,interbank_payments,2025-05-31,2025-04-30,2020-06-30,18,REGISTRY_LAG_PSEUDO_REAL_TIME,
ALL_AUDITED_CANDIDATES,2025Q2,H2,conservative,STRICT,industrial_production,2025-05-31,2025-03-31,2025-03-31,33,REGISTRY_LAG_PSEUDO_REAL_TIME,
ALL_AUDITED_CANDIDATES,2025Q2,H2,conservative,STRICT,manufacturing,2025-05-31,2025-03-31,2025-03-31,33,REGISTRY_LAG_PSEUDO_REAL_TIME,
ALL_AUDITED_CANDIDATES,2025Q2,H2,conservative,STRICT,mining,2025-05-31,2025-03-31,2025-03-31,33,REGISTRY_LAG_PSEUDO_REAL_TIME,
ALL_AUDITED_CANDIDATES,2025Q2,H2,conservative,STRICT,electricity_gas,2025-05-31,2025-03-31,2025-03-31,33,REGISTRY_LAG_PSEUDO_REAL_TIME,
ALL_AUDITED_CANDIDATES,2025Q2,H2,conservative,STRICT,construction,2025-05-31,2025-03-31,2025-03-31,27,REGISTRY_LAG_PSEUDO_REAL_TIME,
ALL_AUDITED_CANDIDATES,2025Q2,H2,conservative,STRICT,retail_trade,2025-05-31,2025-03-31,2025-03-31,24,REGISTRY_LAG_PSEUDO_REAL_TIME,
ALL_AUDITED_CANDIDATES,2025Q2,H2,conservative,STRICT,wholesale_trade,2025-05-31,2025-03-31,2025-03-31,24,REGISTRY_LAG_PSEUDO_REAL_TIME,
ALL_AUDITED_CANDIDATES,2025Q2,H2,conservative,STRICT,cpi_headline,2025-05-31,2025-04-30,2025-04-30,5,REGISTRY_LAG_PSEUDO_REAL_TIME,
ALL_AUDITED_CANDIDATES,2025Q2,H2,conservative,STRICT,cpi_food,2025-05-31,2025-04-30,2025-04-30,5,REGISTRY_LAG_PSEUDO_REAL_TIME,
ALL_AUDITED_CANDIDATES,2025Q2,H2,conservative,STRICT,cpi_services,2025-05-31,2025-04-30,2025-04-30,5,REGISTRY_LAG_PSEUDO_REAL_TIME,
ALL_AUDITED_CANDIDATES,2025Q2,H2,conservative,STRICT,ppi,2025-05-31,2025-04-30,2025-04-30,15,REGISTRY_LAG_PSEUDO_REAL_TIME,
ALL_AUDITED_CANDIDATES,2025Q2,H2,conservative,STRICT,exports_total,2025-05-31,2025-03-31,2025-03-31,26,REGISTRY_LAG_PSEUDO_REAL_TIME,
ALL_AUDITED_CANDIDATES,2025Q2,H2,conservative,STRICT,exports_non_gold,2025-05-31,2025-03-31,2025-03-31,26,REGISTRY_LAG_PSEUDO_REAL_TIME,
ALL_AUDITED_CANDIDATES,2025Q2,H2,conservative,STRICT,imports_total,2025-05-31,2025-03-31,2025-03-31,26,REGISTRY_LAG_PSEUDO_REAL_TIME,
ALL_AUDITED_CANDIDATES,2025Q2,H2,conservative,STRICT,gold_exports_proxy,2025-05-31,2025-03-31,2025-03-31,26,REGISTRY_LAG_PSEUDO_REAL_TIME,
ALL_AUDITED_CANDIDATES,2025Q2,H2,conservative,STRICT,usd_uzs,2025-05-31,2025-04-30,2025-04-30,0,REGISTRY_LAG_PSEUDO_REAL_TIME,
ALL_AUDITED_CANDIDATES,2025Q2,H2,conservative,STRICT,rub_uzs,2025-05-31,2025-04-30,2025-04-30,0,REGISTRY_LAG_PSEUDO_REAL_TIME,
ALL_AUDITED_CANDIDATES,2025Q2,H2,conservative,STRICT,gold_price,2025-05-31,2025-04-30,2025-04-30,7,REGISTRY_LAG_PSEUDO_REAL_TIME,
ALL_AUDITED_CANDIDATES,2025Q2,H2,conservative,STRICT,russia_ipi,2025-05-31,2025-03-31,,23,REGISTRY_LAG_PSEUDO_REAL_TIME,
ALL_AUDITED_CANDIDATES,2025Q2,H2,conservative,STRICT,m2,2025-05-31,2025-03-31,2025-03-31,25,REGISTRY_LAG_PSEUDO_REAL_TIME,
ALL_AUDITED_CANDIDATES,2025Q2,H2,conservative,STRICT,household_deposits,2025-05-31,2025-03-31,2024-11-30,25,REGISTRY_LAG_PSEUDO_REAL_TIME,
ALL_AUDITED_CANDIDATES,2025Q2,H2,conservative,STRICT,corporate_deposits,2025-05-31,2025-03-31,2024-11-30,25,REGISTRY_LAG_PSEUDO_REAL_TIME,
ALL_AUDITED_CANDIDATES,2025Q2,H2,conservative,STRICT,household_credit,2025-05-31,2025-03-31,2024-11-30,25,REGISTRY_LAG_PSEUDO_REAL_TIME,
ALL_AUDITED_CANDIDATES,2025Q2,H2,conservative,STRICT,corporate_credit,2025-05-31,2025-03-31,2024-11-30,25,REGISTRY_LAG_PSEUDO_REAL_TIME,
ALL_AUDITED_CANDIDATES,2025Q2,H2,conservative,STRICT,fx_reserves_ex_gold,2025-05-31,2025-04-30,2025-04-30,7,REGISTRY_LAG_PSEUDO_REAL_TIME,
ALL_AUDITED_CANDIDATES,2025Q2,H2,conservative,STRICT,pos_turnover,2025-05-31,2025-03-31,2024-12-31,18,REGISTRY_LAG_PSEUDO_REAL_TIME,
ALL_AUDITED_CANDIDATES,2025Q2,H2,conservative,STRICT,instant_payments,2025-05-31,2025-03-31,2022-08-31,18,REGISTRY_LAG_PSEUDO_REAL_TIME,
ALL_AUDITED_CANDIDATES,2025Q2,H2,conservative,STRICT,interbank_payments,2025-05-31,2025-03-31,2020-06-30,18,REGISTRY_LAG_PSEUDO_REAL_TIME,
ALL_AUDITED_CANDIDATES,2025Q2,H3,standard,STRICT,industrial_production,2025-06-30,2025-04-30,2025-04-30,33,REGISTRY_LAG_PSEUDO_REAL_TIME,
ALL_AUDITED_CANDIDATES,2025Q2,H3,standard,STRICT,manufacturing,2025-06-30,2025-04-30,2025-04-30,33,REGISTRY_LAG_PSEUDO_REAL_TIME,
ALL_AUDITED_CANDIDATES,2025Q2,H3,standard,STRICT,mining,2025-06-30,2025-04-30,2025-04-30,33,REGISTRY_LAG_PSEUDO_REAL_TIME,
ALL_AUDITED_CANDIDATES,2025Q2,H3,standard,STRICT,electricity_gas,2025-06-30,2025-04-30,2025-04-30,33,REGISTRY_LAG_PSEUDO_REAL_TIME,
ALL_AUDITED_CANDIDATES,2025Q2,H3,standard,STRICT,construction,2025-06-30,2025-05-31,2025-05-31,27,REGISTRY_LAG_PSEUDO_REAL_TIME,
ALL_AUDITED_CANDIDATES,2025Q2,H3,standard,STRICT,retail_trade,2025-06-30,2025-05-31,2025-05-31,24,REGISTRY_LAG_PSEUDO_REAL_TIME,
ALL_AUDITED_CANDIDATES,2025Q2,H3,standard,STRICT,wholesale_trade,2025-06-30,2025-05-31,2025-05-31,24,REGISTRY_LAG_PSEUDO_REAL_TIME,
ALL_AUDITED_CANDIDATES,2025Q2,H3,standard,STRICT,cpi_headline,2025-06-30,2025-05-31,2025-05-31,5,REGISTRY_LAG_PSEUDO_REAL_TIME,
ALL_AUDITED_CANDIDATES,2025Q2,H3,standard,STRICT,cpi_food,2025-06-30,2025-05-31,2025-05-31,5,REGISTRY_LAG_PSEUDO_REAL_TIME,
ALL_AUDITED_CANDIDATES,2025Q2,H3,standard,STRICT,cpi_services,2025-06-30,2025-05-31,2025-05-31,5,REGISTRY_LAG_PSEUDO_REAL_TIME,
ALL_AUDITED_CANDIDATES,2025Q2,H3,standard,STRICT,ppi,2025-06-30,2025-05-31,2025-05-31,15,REGISTRY_LAG_PSEUDO_REAL_TIME,
ALL_AUDITED_CANDIDATES,2025Q2,H3,standard,STRICT,exports_total,2025-06-30,2025-05-31,2025-05-31,26,REGISTRY_LAG_PSEUDO_REAL_TIME,
ALL_AUDITED_CANDIDATES,2025Q2,H3,standard,STRICT,exports_non_gold,2025-06-30,2025-05-31,2025-05-31,26,REGISTRY_LAG_PSEUDO_REAL_TIME,
ALL_AUDITED_CANDIDATES,2025Q2,H3,standard,STRICT,imports_total,2025-06-30,2025-05-31,2025-05-31,26,REGISTRY_LAG_PSEUDO_REAL_TIME,
ALL_AUDITED_CANDIDATES,2025Q2,H3,standard,STRICT,gold_exports_proxy,2025-06-30,2025-05-31,2025-05-31,26,REGISTRY_LAG_PSEUDO_REAL_TIME,
ALL_AUDITED_CANDIDATES,2025Q2,H3,standard,STRICT,usd_uzs,2025-06-30,2025-06-30,2025-06-30,0,REGISTRY_LAG_PSEUDO_REAL_TIME,
ALL_AUDITED_CANDIDATES,2025Q2,H3,standard,STRICT,rub_uzs,2025-06-30,2025-06-30,2025-06-30,0,REGISTRY_LAG_PSEUDO_REAL_TIME,
ALL_AUDITED_CANDIDATES,2025Q2,H3,standard,STRICT,gold_price,2025-06-30,2025-05-31,2025-05-31,7,REGISTRY_LAG_PSEUDO_REAL_TIME,
ALL_AUDITED_CANDIDATES,2025Q2,H3,standard,STRICT,russia_ipi,2025-06-30,2025-05-31,,23,REGISTRY_LAG_PSEUDO_REAL_TIME,
ALL_AUDITED_CANDIDATES,2025Q2,H3,standard,STRICT,m2,2025-06-30,2025-05-31,2025-05-31,25,REGISTRY_LAG_PSEUDO_REAL_TIME,
ALL_AUDITED_CANDIDATES,2025Q2,H3,standard,STRICT,household_deposits,2025-06-30,2025-05-31,2024-11-30,25,REGISTRY_LAG_PSEUDO_REAL_TIME,
ALL_AUDITED_CANDIDATES,2025Q2,H3,standard,STRICT,corporate_deposits,2025-06-30,2025-05-31,2024-11-30,25,REGISTRY_LAG_PSEUDO_REAL_TIME,
ALL_AUDITED_CANDIDATES,2025Q2,H3,standard,STRICT,household_credit,2025-06-30,2025-05-31,2024-11-30,25,REGISTRY_LAG_PSEUDO_REAL_TIME,
ALL_AUDITED_CANDIDATES,2025Q2,H3,standard,STRICT,corporate_credit,2025-06-30,2025-05-31,2024-11-30,25,REGISTRY_LAG_PSEUDO_REAL_TIME,
ALL_AUDITED_CANDIDATES,2025Q2,H3,standard,STRICT,fx_reserves_ex_gold,2025-06-30,2025-05-31,2025-05-31,7,REGISTRY_LAG_PSEUDO_REAL_TIME,
ALL_AUDITED_CANDIDATES,2025Q2,H3,standard,STRICT,pos_turnover,2025-06-30,2025-05-31,2024-12-31,18,REGISTRY_LAG_PSEUDO_REAL_TIME,
ALL_AUDITED_CANDIDATES,2025Q2,H3,standard,STRICT,instant_payments,2025-06-30,2025-05-31,2022-08-31,18,REGISTRY_LAG_PSEUDO_REAL_TIME,
ALL_AUDITED_CANDIDATES,2025Q2,H3,standard,STRICT,interbank_payments,2025-06-30,2025-05-31,2020-06-30,18,REGISTRY_LAG_PSEUDO_REAL_TIME,
ALL_AUDITED_CANDIDATES,2025Q2,H3,conservative,STRICT,industrial_production,2025-06-30,2025-04-30,2025-04-30,33,REGISTRY_LAG_PSEUDO_REAL_TIME,
ALL_AUDITED_CANDIDATES,2025Q2,H3,conservative,STRICT,manufacturing,2025-06-30,2025-04-30,2025-04-30,33,REGISTRY_LAG_PSEUDO_REAL_TIME,
ALL_AUDITED_CANDIDATES,2025Q2,H3,conservative,STRICT,mining,2025-06-30,2025-04-30,2025-04-30,33,REGISTRY_LAG_PSEUDO_REAL_TIME,
ALL_AUDITED_CANDIDATES,2025Q2,H3,conservative,STRICT,electricity_gas,2025-06-30,2025-04-30,2025-04-30,33,REGISTRY_LAG_PSEUDO_REAL_TIME,
ALL_AUDITED_CANDIDATES,2025Q2,H3,conservative,STRICT,construction,2025-06-30,2025-04-30,2025-04-30,27,REGISTRY_LAG_PSEUDO_REAL_TIME,
ALL_AUDITED_CANDIDATES,2025Q2,H3,conservative,STRICT,retail_trade,2025-06-30,2025-04-30,2025-04-30,24,REGISTRY_LAG_PSEUDO_REAL_TIME,
ALL_AUDITED_CANDIDATES,2025Q2,H3,conservative,STRICT,wholesale_trade,2025-06-30,2025-04-30,2025-04-30,24,REGISTRY_LAG_PSEUDO_REAL_TIME,
ALL_AUDITED_CANDIDATES,2025Q2,H3,conservative,STRICT,cpi_headline,2025-06-30,2025-05-31,2025-05-31,5,REGISTRY_LAG_PSEUDO_REAL_TIME,
ALL_AUDITED_CANDIDATES,2025Q2,H3,conservative,STRICT,cpi_food,2025-06-30,2025-05-31,2025-05-31,5,REGISTRY_LAG_PSEUDO_REAL_TIME,
ALL_AUDITED_CANDIDATES,2025Q2,H3,conservative,STRICT,cpi_services,2025-06-30,2025-05-31,2025-05-31,5,REGISTRY_LAG_PSEUDO_REAL_TIME,
ALL_AUDITED_CANDIDATES,2025Q2,H3,conservative,STRICT,ppi,2025-06-30,2025-05-31,2025-05-31,15,REGISTRY_LAG_PSEUDO_REAL_TIME,
ALL_AUDITED_CANDIDATES,2025Q2,H3,conservative,STRICT,exports_total,2025-06-30,2025-04-30,2025-04-30,26,REGISTRY_LAG_PSEUDO_REAL_TIME,
ALL_AUDITED_CANDIDATES,2025Q2,H3,conservative,STRICT,exports_non_gold,2025-06-30,2025-04-30,2025-04-30,26,REGISTRY_LAG_PSEUDO_REAL_TIME,
ALL_AUDITED_CANDIDATES,2025Q2,H3,conservative,STRICT,imports_total,2025-06-30,2025-04-30,2025-04-30,26,REGISTRY_LAG_PSEUDO_REAL_TIME,
ALL_AUDITED_CANDIDATES,2025Q2,H3,conservative,STRICT,gold_exports_proxy,2025-06-30,2025-04-30,2025-04-30,26,REGISTRY_LAG_PSEUDO_REAL_TIME,
ALL_AUDITED_CANDIDATES,2025Q2,H3,conservative,STRICT,usd_uzs,2025-06-30,2025-05-31,2025-05-31,0,REGISTRY_LAG_PSEUDO_REAL_TIME,
ALL_AUDITED_CANDIDATES,2025Q2,H3,conservative,STRICT,rub_uzs,2025-06-30,2025-05-31,2025-05-31,0,REGISTRY_LAG_PSEUDO_REAL_TIME,
ALL_AUDITED_CANDIDATES,2025Q2,H3,conservative,STRICT,gold_price,2025-06-30,2025-05-31,2025-05-31,7,REGISTRY_LAG_PSEUDO_REAL_TIME,
ALL_AUDITED_CANDIDATES,2025Q2,H3,conservative,STRICT,russia_ipi,2025-06-30,2025-04-30,,23,REGISTRY_LAG_PSEUDO_REAL_TIME,
ALL_AUDITED_CANDIDATES,2025Q2,H3,conservative,STRICT,m2,2025-06-30,2025-04-30,2025-04-30,25,REGISTRY_LAG_PSEUDO_REAL_TIME,
ALL_AUDITED_CANDIDATES,2025Q2,H3,conservative,STRICT,household_deposits,2025-06-30,2025-04-30,2024-11-30,25,REGISTRY_LAG_PSEUDO_REAL_TIME,
ALL_AUDITED_CANDIDATES,2025Q2,H3,conservative,STRICT,corporate_deposits,2025-06-30,2025-04-30,2024-11-30,25,REGISTRY_LAG_PSEUDO_REAL_TIME,
ALL_AUDITED_CANDIDATES,2025Q2,H3,conservative,STRICT,household_credit,2025-06-30,2025-04-30,2024-11-30,25,REGISTRY_LAG_PSEUDO_REAL_TIME,
ALL_AUDITED_CANDIDATES,2025Q2,H3,conservative,STRICT,corporate_credit,2025-06-30,2025-04-30,2024-11-30,25,REGISTRY_LAG_PSEUDO_REAL_TIME,
ALL_AUDITED_CANDIDATES,2025Q2,H3,conservative,STRICT,fx_reserves_ex_gold,2025-06-30,2025-05-31,2025-05-31,7,REGISTRY_LAG_PSEUDO_REAL_TIME,
ALL_AUDITED_CANDIDATES,2025Q2,H3,conservative,STRICT,pos_turnover,2025-06-30,2025-04-30,2024-12-31,18,REGISTRY_LAG_PSEUDO_REAL_TIME,
ALL_AUDITED_CANDIDATES,2025Q2,H3,conservative,STRICT,instant_payments,2025-06-30,2025-04-30,2022-08-31,18,REGISTRY_LAG_PSEUDO_REAL_TIME,
ALL_AUDITED_CANDIDATES,2025Q2,H3,conservative,STRICT,interbank_payments,2025-06-30,2025-04-30,2020-06-30,18,REGISTRY_LAG_PSEUDO_REAL_TIME,
ALL_AUDITED_CANDIDATES,2025Q3,H1,standard,STRICT,industrial_production,2025-07-31,2025-05-31,2025-05-31,33,REGISTRY_LAG_PSEUDO_REAL_TIME,
ALL_AUDITED_CANDIDATES,2025Q3,H1,standard,STRICT,manufacturing,2025-07-31,2025-05-31,2025-05-31,33,REGISTRY_LAG_PSEUDO_REAL_TIME,
ALL_AUDITED_CANDIDATES,2025Q3,H1,standard,STRICT,mining,2025-07-31,2025-05-31,2025-05-31,33,REGISTRY_LAG_PSEUDO_REAL_TIME,
ALL_AUDITED_CANDIDATES,2025Q3,H1,standard,STRICT,electricity_gas,2025-07-31,2025-05-31,2025-05-31,33,REGISTRY_LAG_PSEUDO_REAL_TIME,
ALL_AUDITED_CANDIDATES,2025Q3,H1,standard,STRICT,construction,2025-07-31,2025-06-30,2025-06-30,27,REGISTRY_LAG_PSEUDO_REAL_TIME,
ALL_AUDITED_CANDIDATES,2025Q3,H1,standard,STRICT,retail_trade,2025-07-31,2025-06-30,2025-06-30,24,REGISTRY_LAG_PSEUDO_REAL_TIME,
ALL_AUDITED_CANDIDATES,2025Q3,H1,standard,STRICT,wholesale_trade,2025-07-31,2025-06-30,2025-06-30,24,REGISTRY_LAG_PSEUDO_REAL_TIME,
ALL_AUDITED_CANDIDATES,2025Q3,H1,standard,STRICT,cpi_headline,2025-07-31,2025-06-30,2025-06-30,5,REGISTRY_LAG_PSEUDO_REAL_TIME,
ALL_AUDITED_CANDIDATES,2025Q3,H1,standard,STRICT,cpi_food,2025-07-31,2025-06-30,2025-06-30,5,REGISTRY_LAG_PSEUDO_REAL_TIME,
ALL_AUDITED_CANDIDATES,2025Q3,H1,standard,STRICT,cpi_services,2025-07-31,2025-06-30,2025-06-30,5,REGISTRY_LAG_PSEUDO_REAL_TIME,
ALL_AUDITED_CANDIDATES,2025Q3,H1,standard,STRICT,ppi,2025-07-31,2025-06-30,2025-06-30,15,REGISTRY_LAG_PSEUDO_REAL_TIME,
ALL_AUDITED_CANDIDATES,2025Q3,H1,standard,STRICT,exports_total,2025-07-31,2025-06-30,2025-06-30,26,REGISTRY_LAG_PSEUDO_REAL_TIME,
ALL_AUDITED_CANDIDATES,2025Q3,H1,standard,STRICT,exports_non_gold,2025-07-31,2025-06-30,2025-06-30,26,REGISTRY_LAG_PSEUDO_REAL_TIME,
ALL_AUDITED_CANDIDATES,2025Q3,H1,standard,STRICT,imports_total,2025-07-31,2025-06-30,2025-06-30,26,REGISTRY_LAG_PSEUDO_REAL_TIME,
ALL_AUDITED_CANDIDATES,2025Q3,H1,standard,STRICT,gold_exports_proxy,2025-07-31,2025-06-30,2025-06-30,26,REGISTRY_LAG_PSEUDO_REAL_TIME,
ALL_AUDITED_CANDIDATES,2025Q3,H1,standard,STRICT,usd_uzs,2025-07-31,2025-07-31,2025-07-31,0,REGISTRY_LAG_PSEUDO_REAL_TIME,
ALL_AUDITED_CANDIDATES,2025Q3,H1,standard,STRICT,rub_uzs,2025-07-31,2025-07-31,2025-07-31,0,REGISTRY_LAG_PSEUDO_REAL_TIME,
ALL_AUDITED_CANDIDATES,2025Q3,H1,standard,STRICT,gold_price,2025-07-31,2025-06-30,2025-06-30,7,REGISTRY_LAG_PSEUDO_REAL_TIME,
ALL_AUDITED_CANDIDATES,2025Q3,H1,standard,STRICT,russia_ipi,2025-07-31,2025-06-30,,23,REGISTRY_LAG_PSEUDO_REAL_TIME,
ALL_AUDITED_CANDIDATES,2025Q3,H1,standard,STRICT,m2,2025-07-31,2025-06-30,2025-06-30,25,REGISTRY_LAG_PSEUDO_REAL_TIME,
ALL_AUDITED_CANDIDATES,2025Q3,H1,standard,STRICT,household_deposits,2025-07-31,2025-06-30,2025-06-30,25,REGISTRY_LAG_PSEUDO_REAL_TIME,
ALL_AUDITED_CANDIDATES,2025Q3,H1,standard,STRICT,corporate_deposits,2025-07-31,2025-06-30,2025-06-30,25,REGISTRY_LAG_PSEUDO_REAL_TIME,
ALL_AUDITED_CANDIDATES,2025Q3,H1,standard,STRICT,household_credit,2025-07-31,2025-06-30,2025-06-30,25,REGISTRY_LAG_PSEUDO_REAL_TIME,
ALL_AUDITED_CANDIDATES,2025Q3,H1,standard,STRICT,corporate_credit,2025-07-31,2025-06-30,2025-06-30,25,REGISTRY_LAG_PSEUDO_REAL_TIME,
ALL_AUDITED_CANDIDATES,2025Q3,H1,standard,STRICT,fx_reserves_ex_gold,2025-07-31,2025-06-30,2025-06-30,7,REGISTRY_LAG_PSEUDO_REAL_TIME,
ALL_AUDITED_CANDIDATES,2025Q3,H1,standard,STRICT,pos_turnover,2025-07-31,2025-06-30,2024-12-31,18,REGISTRY_LAG_PSEUDO_REAL_TIME,
ALL_AUDITED_CANDIDATES,2025Q3,H1,standard,STRICT,instant_payments,2025-07-31,2025-06-30,2022-08-31,18,REGISTRY_LAG_PSEUDO_REAL_TIME,
ALL_AUDITED_CANDIDATES,2025Q3,H1,standard,STRICT,interbank_payments,2025-07-31,2025-06-30,2020-06-30,18,REGISTRY_LAG_PSEUDO_REAL_TIME,
ALL_AUDITED_CANDIDATES,2025Q3,H1,conservative,STRICT,industrial_production,2025-07-31,2025-05-31,2025-05-31,33,REGISTRY_LAG_PSEUDO_REAL_TIME,
ALL_AUDITED_CANDIDATES,2025Q3,H1,conservative,STRICT,manufacturing,2025-07-31,2025-05-31,2025-05-31,33,REGISTRY_LAG_PSEUDO_REAL_TIME,
ALL_AUDITED_CANDIDATES,2025Q3,H1,conservative,STRICT,mining,2025-07-31,2025-05-31,2025-05-31,33,REGISTRY_LAG_PSEUDO_REAL_TIME,
ALL_AUDITED_CANDIDATES,2025Q3,H1,conservative,STRICT,electricity_gas,2025-07-31,2025-05-31,2025-05-31,33,REGISTRY_LAG_PSEUDO_REAL_TIME,
ALL_AUDITED_CANDIDATES,2025Q3,H1,conservative,STRICT,construction,2025-07-31,2025-05-31,2025-05-31,27,REGISTRY_LAG_PSEUDO_REAL_TIME,
ALL_AUDITED_CANDIDATES,2025Q3,H1,conservative,STRICT,retail_trade,2025-07-31,2025-05-31,2025-05-31,24,REGISTRY_LAG_PSEUDO_REAL_TIME,
ALL_AUDITED_CANDIDATES,2025Q3,H1,conservative,STRICT,wholesale_trade,2025-07-31,2025-05-31,2025-05-31,24,REGISTRY_LAG_PSEUDO_REAL_TIME,
ALL_AUDITED_CANDIDATES,2025Q3,H1,conservative,STRICT,cpi_headline,2025-07-31,2025-06-30,2025-06-30,5,REGISTRY_LAG_PSEUDO_REAL_TIME,
ALL_AUDITED_CANDIDATES,2025Q3,H1,conservative,STRICT,cpi_food,2025-07-31,2025-06-30,2025-06-30,5,REGISTRY_LAG_PSEUDO_REAL_TIME,
ALL_AUDITED_CANDIDATES,2025Q3,H1,conservative,STRICT,cpi_services,2025-07-31,2025-06-30,2025-06-30,5,REGISTRY_LAG_PSEUDO_REAL_TIME,
ALL_AUDITED_CANDIDATES,2025Q3,H1,conservative,STRICT,ppi,2025-07-31,2025-06-30,2025-06-30,15,REGISTRY_LAG_PSEUDO_REAL_TIME,
ALL_AUDITED_CANDIDATES,2025Q3,H1,conservative,STRICT,exports_total,2025-07-31,2025-05-31,2025-05-31,26,REGISTRY_LAG_PSEUDO_REAL_TIME,
ALL_AUDITED_CANDIDATES,2025Q3,H1,conservative,STRICT,exports_non_gold,2025-07-31,2025-05-31,2025-05-31,26,REGISTRY_LAG_PSEUDO_REAL_TIME,
ALL_AUDITED_CANDIDATES,2025Q3,H1,conservative,STRICT,imports_total,2025-07-31,2025-05-31,2025-05-31,26,REGISTRY_LAG_PSEUDO_REAL_TIME,
ALL_AUDITED_CANDIDATES,2025Q3,H1,conservative,STRICT,gold_exports_proxy,2025-07-31,2025-05-31,2025-05-31,26,REGISTRY_LAG_PSEUDO_REAL_TIME,
ALL_AUDITED_CANDIDATES,2025Q3,H1,conservative,STRICT,usd_uzs,2025-07-31,2025-06-30,2025-06-30,0,REGISTRY_LAG_PSEUDO_REAL_TIME,
ALL_AUDITED_CANDIDATES,2025Q3,H1,conservative,STRICT,rub_uzs,2025-07-31,2025-06-30,2025-06-30,0,REGISTRY_LAG_PSEUDO_REAL_TIME,
ALL_AUDITED_CANDIDATES,2025Q3,H1,conservative,STRICT,gold_price,2025-07-31,2025-06-30,2025-06-30,7,REGISTRY_LAG_PSEUDO_REAL_TIME,
ALL_AUDITED_CANDIDATES,2025Q3,H1,conservative,STRICT,russia_ipi,2025-07-31,2025-05-31,,23,REGISTRY_LAG_PSEUDO_REAL_TIME,
ALL_AUDITED_CANDIDATES,2025Q3,H1,conservative,STRICT,m2,2025-07-31,2025-05-31,2025-05-31,25,REGISTRY_LAG_PSEUDO_REAL_TIME,
ALL_AUDITED_CANDIDATES,2025Q3,H1,conservative,STRICT,household_deposits,2025-07-31,2025-05-31,2024-11-30,25,REGISTRY_LAG_PSEUDO_REAL_TIME,
ALL_AUDITED_CANDIDATES,2025Q3,H1,conservative,STRICT,corporate_deposits,2025-07-31,2025-05-31,2024-11-30,25,REGISTRY_LAG_PSEUDO_REAL_TIME,
ALL_AUDITED_CANDIDATES,2025Q3,H1,conservative,STRICT,household_credit,2025-07-31,2025-05-31,2024-11-30,25,REGISTRY_LAG_PSEUDO_REAL_TIME,
ALL_AUDITED_CANDIDATES,2025Q3,H1,conservative,STRICT,corporate_credit,2025-07-31,2025-05-31,2024-11-30,25,REGISTRY_LAG_PSEUDO_REAL_TIME,
ALL_AUDITED_CANDIDATES,2025Q3,H1,conservative,STRICT,fx_reserves_ex_gold,2025-07-31,2025-06-30,2025-06-30,7,REGISTRY_LAG_PSEUDO_REAL_TIME,
ALL_AUDITED_CANDIDATES,2025Q3,H1,conservative,STRICT,pos_turnover,2025-07-31,2025-05-31,2024-12-31,18,REGISTRY_LAG_PSEUDO_REAL_TIME,
ALL_AUDITED_CANDIDATES,2025Q3,H1,conservative,STRICT,instant_payments,2025-07-31,2025-05-31,2022-08-31,18,REGISTRY_LAG_PSEUDO_REAL_TIME,
ALL_AUDITED_CANDIDATES,2025Q3,H1,conservative,STRICT,interbank_payments,2025-07-31,2025-05-31,2020-06-30,18,REGISTRY_LAG_PSEUDO_REAL_TIME,
ALL_AUDITED_CANDIDATES,2025Q3,H2,standard,STRICT,industrial_production,2025-08-31,2025-06-30,2025-06-30,33,REGISTRY_LAG_PSEUDO_REAL_TIME,
ALL_AUDITED_CANDIDATES,2025Q3,H2,standard,STRICT,manufacturing,2025-08-31,2025-06-30,2025-06-30,33,REGISTRY_LAG_PSEUDO_REAL_TIME,
ALL_AUDITED_CANDIDATES,2025Q3,H2,standard,STRICT,mining,2025-08-31,2025-06-30,2025-06-30,33,REGISTRY_LAG_PSEUDO_REAL_TIME,
ALL_AUDITED_CANDIDATES,2025Q3,H2,standard,STRICT,electricity_gas,2025-08-31,2025-06-30,2025-06-30,33,REGISTRY_LAG_PSEUDO_REAL_TIME,
ALL_AUDITED_CANDIDATES,2025Q3,H2,standard,STRICT,construction,2025-08-31,2025-07-31,2025-07-31,27,REGISTRY_LAG_PSEUDO_REAL_TIME,
ALL_AUDITED_CANDIDATES,2025Q3,H2,standard,STRICT,retail_trade,2025-08-31,2025-07-31,2025-07-31,24,REGISTRY_LAG_PSEUDO_REAL_TIME,
ALL_AUDITED_CANDIDATES,2025Q3,H2,standard,STRICT,wholesale_trade,2025-08-31,2025-07-31,2025-07-31,24,REGISTRY_LAG_PSEUDO_REAL_TIME,
ALL_AUDITED_CANDIDATES,2025Q3,H2,standard,STRICT,cpi_headline,2025-08-31,2025-07-31,2025-07-31,5,REGISTRY_LAG_PSEUDO_REAL_TIME,
ALL_AUDITED_CANDIDATES,2025Q3,H2,standard,STRICT,cpi_food,2025-08-31,2025-07-31,2025-07-31,5,REGISTRY_LAG_PSEUDO_REAL_TIME,
ALL_AUDITED_CANDIDATES,2025Q3,H2,standard,STRICT,cpi_services,2025-08-31,2025-07-31,2025-07-31,5,REGISTRY_LAG_PSEUDO_REAL_TIME,
ALL_AUDITED_CANDIDATES,2025Q3,H2,standard,STRICT,ppi,2025-08-31,2025-07-31,2025-07-31,15,REGISTRY_LAG_PSEUDO_REAL_TIME,
ALL_AUDITED_CANDIDATES,2025Q3,H2,standard,STRICT,exports_total,2025-08-31,2025-07-31,2025-07-31,26,REGISTRY_LAG_PSEUDO_REAL_TIME,
ALL_AUDITED_CANDIDATES,2025Q3,H2,standard,STRICT,exports_non_gold,2025-08-31,2025-07-31,2025-07-31,26,REGISTRY_LAG_PSEUDO_REAL_TIME,
ALL_AUDITED_CANDIDATES,2025Q3,H2,standard,STRICT,imports_total,2025-08-31,2025-07-31,2025-07-31,26,REGISTRY_LAG_PSEUDO_REAL_TIME,
ALL_AUDITED_CANDIDATES,2025Q3,H2,standard,STRICT,gold_exports_proxy,2025-08-31,2025-07-31,2025-07-31,26,REGISTRY_LAG_PSEUDO_REAL_TIME,
ALL_AUDITED_CANDIDATES,2025Q3,H2,standard,STRICT,usd_uzs,2025-08-31,2025-08-31,2025-08-31,0,REGISTRY_LAG_PSEUDO_REAL_TIME,
ALL_AUDITED_CANDIDATES,2025Q3,H2,standard,STRICT,rub_uzs,2025-08-31,2025-08-31,2025-08-31,0,REGISTRY_LAG_PSEUDO_REAL_TIME,
ALL_AUDITED_CANDIDATES,2025Q3,H2,standard,STRICT,gold_price,2025-08-31,2025-07-31,2025-07-31,7,REGISTRY_LAG_PSEUDO_REAL_TIME,
ALL_AUDITED_CANDIDATES,2025Q3,H2,standard,STRICT,russia_ipi,2025-08-31,2025-07-31,,23,REGISTRY_LAG_PSEUDO_REAL_TIME,
ALL_AUDITED_CANDIDATES,2025Q3,H2,standard,STRICT,m2,2025-08-31,2025-07-31,2025-07-31,25,REGISTRY_LAG_PSEUDO_REAL_TIME,
ALL_AUDITED_CANDIDATES,2025Q3,H2,standard,STRICT,household_deposits,2025-08-31,2025-07-31,2025-06-30,25,REGISTRY_LAG_PSEUDO_REAL_TIME,
ALL_AUDITED_CANDIDATES,2025Q3,H2,standard,STRICT,corporate_deposits,2025-08-31,2025-07-31,2025-06-30,25,REGISTRY_LAG_PSEUDO_REAL_TIME,
ALL_AUDITED_CANDIDATES,2025Q3,H2,standard,STRICT,household_credit,2025-08-31,2025-07-31,2025-06-30,25,REGISTRY_LAG_PSEUDO_REAL_TIME,
ALL_AUDITED_CANDIDATES,2025Q3,H2,standard,STRICT,corporate_credit,2025-08-31,2025-07-31,2025-06-30,25,REGISTRY_LAG_PSEUDO_REAL_TIME,
ALL_AUDITED_CANDIDATES,2025Q3,H2,standard,STRICT,fx_reserves_ex_gold,2025-08-31,2025-07-31,2025-07-31,7,REGISTRY_LAG_PSEUDO_REAL_TIME,
ALL_AUDITED_CANDIDATES,2025Q3,H2,standard,STRICT,pos_turnover,2025-08-31,2025-07-31,2024-12-31,18,REGISTRY_LAG_PSEUDO_REAL_TIME,
ALL_AUDITED_CANDIDATES,2025Q3,H2,standard,STRICT,instant_payments,2025-08-31,2025-07-31,2025-07-31,18,REGISTRY_LAG_PSEUDO_REAL_TIME,
ALL_AUDITED_CANDIDATES,2025Q3,H2,standard,STRICT,interbank_payments,2025-08-31,2025-07-31,2025-07-31,18,REGISTRY_LAG_PSEUDO_REAL_TIME,
ALL_AUDITED_CANDIDATES,2025Q3,H2,conservative,STRICT,industrial_production,2025-08-31,2025-06-30,2025-06-30,33,REGISTRY_LAG_PSEUDO_REAL_TIME,
ALL_AUDITED_CANDIDATES,2025Q3,H2,conservative,STRICT,manufacturing,2025-08-31,2025-06-30,2025-06-30,33,REGISTRY_LAG_PSEUDO_REAL_TIME,
ALL_AUDITED_CANDIDATES,2025Q3,H2,conservative,STRICT,mining,2025-08-31,2025-06-30,2025-06-30,33,REGISTRY_LAG_PSEUDO_REAL_TIME,
ALL_AUDITED_CANDIDATES,2025Q3,H2,conservative,STRICT,electricity_gas,2025-08-31,2025-06-30,2025-06-30,33,REGISTRY_LAG_PSEUDO_REAL_TIME,
ALL_AUDITED_CANDIDATES,2025Q3,H2,conservative,STRICT,construction,2025-08-31,2025-06-30,2025-06-30,27,REGISTRY_LAG_PSEUDO_REAL_TIME,
ALL_AUDITED_CANDIDATES,2025Q3,H2,conservative,STRICT,retail_trade,2025-08-31,2025-06-30,2025-06-30,24,REGISTRY_LAG_PSEUDO_REAL_TIME,
ALL_AUDITED_CANDIDATES,2025Q3,H2,conservative,STRICT,wholesale_trade,2025-08-31,2025-06-30,2025-06-30,24,REGISTRY_LAG_PSEUDO_REAL_TIME,
ALL_AUDITED_CANDIDATES,2025Q3,H2,conservative,STRICT,cpi_headline,2025-08-31,2025-07-31,2025-07-31,5,REGISTRY_LAG_PSEUDO_REAL_TIME,
ALL_AUDITED_CANDIDATES,2025Q3,H2,conservative,STRICT,cpi_food,2025-08-31,2025-07-31,2025-07-31,5,REGISTRY_LAG_PSEUDO_REAL_TIME,
ALL_AUDITED_CANDIDATES,2025Q3,H2,conservative,STRICT,cpi_services,2025-08-31,2025-07-31,2025-07-31,5,REGISTRY_LAG_PSEUDO_REAL_TIME,
ALL_AUDITED_CANDIDATES,2025Q3,H2,conservative,STRICT,ppi,2025-08-31,2025-07-31,2025-07-31,15,REGISTRY_LAG_PSEUDO_REAL_TIME,
ALL_AUDITED_CANDIDATES,2025Q3,H2,conservative,STRICT,exports_total,2025-08-31,2025-06-30,2025-06-30,26,REGISTRY_LAG_PSEUDO_REAL_TIME,
ALL_AUDITED_CANDIDATES,2025Q3,H2,conservative,STRICT,exports_non_gold,2025-08-31,2025-06-30,2025-06-30,26,REGISTRY_LAG_PSEUDO_REAL_TIME,
ALL_AUDITED_CANDIDATES,2025Q3,H2,conservative,STRICT,imports_total,2025-08-31,2025-06-30,2025-06-30,26,REGISTRY_LAG_PSEUDO_REAL_TIME,
ALL_AUDITED_CANDIDATES,2025Q3,H2,conservative,STRICT,gold_exports_proxy,2025-08-31,2025-06-30,2025-06-30,26,REGISTRY_LAG_PSEUDO_REAL_TIME,
ALL_AUDITED_CANDIDATES,2025Q3,H2,conservative,STRICT,usd_uzs,2025-08-31,2025-07-31,2025-07-31,0,REGISTRY_LAG_PSEUDO_REAL_TIME,
ALL_AUDITED_CANDIDATES,2025Q3,H2,conservative,STRICT,rub_uzs,2025-08-31,2025-07-31,2025-07-31,0,REGISTRY_LAG_PSEUDO_REAL_TIME,
ALL_AUDITED_CANDIDATES,2025Q3,H2,conservative,STRICT,gold_price,2025-08-31,2025-07-31,2025-07-31,7,REGISTRY_LAG_PSEUDO_REAL_TIME,
ALL_AUDITED_CANDIDATES,2025Q3,H2,conservative,STRICT,russia_ipi,2025-08-31,2025-06-30,,23,REGISTRY_LAG_PSEUDO_REAL_TIME,
ALL_AUDITED_CANDIDATES,2025Q3,H2,conservative,STRICT,m2,2025-08-31,2025-06-30,2025-06-30,25,REGISTRY_LAG_PSEUDO_REAL_TIME,
ALL_AUDITED_CANDIDATES,2025Q3,H2,conservative,STRICT,household_deposits,2025-08-31,2025-06-30,2025-06-30,25,REGISTRY_LAG_PSEUDO_REAL_TIME,
ALL_AUDITED_CANDIDATES,2025Q3,H2,conservative,STRICT,corporate_deposits,2025-08-31,2025-06-30,2025-06-30,25,REGISTRY_LAG_PSEUDO_REAL_TIME,
ALL_AUDITED_CANDIDATES,2025Q3,H2,conservative,STRICT,household_credit,2025-08-31,2025-06-30,2025-06-30,25,REGISTRY_LAG_PSEUDO_REAL_TIME,
ALL_AUDITED_CANDIDATES,2025Q3,H2,conservative,STRICT,corporate_credit,2025-08-31,2025-06-30,2025-06-30,25,REGISTRY_LAG_PSEUDO_REAL_TIME,
ALL_AUDITED_CANDIDATES,2025Q3,H2,conservative,STRICT,fx_reserves_ex_gold,2025-08-31,2025-07-31,2025-07-31,7,REGISTRY_LAG_PSEUDO_REAL_TIME,
ALL_AUDITED_CANDIDATES,2025Q3,H2,conservative,STRICT,pos_turnover,2025-08-31,2025-06-30,2024-12-31,18,REGISTRY_LAG_PSEUDO_REAL_TIME,
ALL_AUDITED_CANDIDATES,2025Q3,H2,conservative,STRICT,instant_payments,2025-08-31,2025-06-30,2022-08-31,18,REGISTRY_LAG_PSEUDO_REAL_TIME,
ALL_AUDITED_CANDIDATES,2025Q3,H2,conservative,STRICT,interbank_payments,2025-08-31,2025-06-30,2020-06-30,18,REGISTRY_LAG_PSEUDO_REAL_TIME,
ALL_AUDITED_CANDIDATES,2025Q3,H3,standard,STRICT,industrial_production,2025-09-30,2025-07-31,2025-07-31,33,REGISTRY_LAG_PSEUDO_REAL_TIME,
ALL_AUDITED_CANDIDATES,2025Q3,H3,standard,STRICT,manufacturing,2025-09-30,2025-07-31,2025-07-31,33,REGISTRY_LAG_PSEUDO_REAL_TIME,
ALL_AUDITED_CANDIDATES,2025Q3,H3,standard,STRICT,mining,2025-09-30,2025-07-31,2025-07-31,33,REGISTRY_LAG_PSEUDO_REAL_TIME,
ALL_AUDITED_CANDIDATES,2025Q3,H3,standard,STRICT,electricity_gas,2025-09-30,2025-07-31,2025-07-31,33,REGISTRY_LAG_PSEUDO_REAL_TIME,
ALL_AUDITED_CANDIDATES,2025Q3,H3,standard,STRICT,construction,2025-09-30,2025-08-31,2025-08-31,27,REGISTRY_LAG_PSEUDO_REAL_TIME,
ALL_AUDITED_CANDIDATES,2025Q3,H3,standard,STRICT,retail_trade,2025-09-30,2025-08-31,2025-08-31,24,REGISTRY_LAG_PSEUDO_REAL_TIME,
ALL_AUDITED_CANDIDATES,2025Q3,H3,standard,STRICT,wholesale_trade,2025-09-30,2025-08-31,2025-08-31,24,REGISTRY_LAG_PSEUDO_REAL_TIME,
ALL_AUDITED_CANDIDATES,2025Q3,H3,standard,STRICT,cpi_headline,2025-09-30,2025-08-31,2025-08-31,5,REGISTRY_LAG_PSEUDO_REAL_TIME,
ALL_AUDITED_CANDIDATES,2025Q3,H3,standard,STRICT,cpi_food,2025-09-30,2025-08-31,2025-08-31,5,REGISTRY_LAG_PSEUDO_REAL_TIME,
ALL_AUDITED_CANDIDATES,2025Q3,H3,standard,STRICT,cpi_services,2025-09-30,2025-08-31,2025-08-31,5,REGISTRY_LAG_PSEUDO_REAL_TIME,
ALL_AUDITED_CANDIDATES,2025Q3,H3,standard,STRICT,ppi,2025-09-30,2025-08-31,2025-08-31,15,REGISTRY_LAG_PSEUDO_REAL_TIME,
ALL_AUDITED_CANDIDATES,2025Q3,H3,standard,STRICT,exports_total,2025-09-30,2025-08-31,2025-08-31,26,REGISTRY_LAG_PSEUDO_REAL_TIME,
ALL_AUDITED_CANDIDATES,2025Q3,H3,standard,STRICT,exports_non_gold,2025-09-30,2025-08-31,2025-08-31,26,REGISTRY_LAG_PSEUDO_REAL_TIME,
ALL_AUDITED_CANDIDATES,2025Q3,H3,standard,STRICT,imports_total,2025-09-30,2025-08-31,2025-08-31,26,REGISTRY_LAG_PSEUDO_REAL_TIME,
ALL_AUDITED_CANDIDATES,2025Q3,H3,standard,STRICT,gold_exports_proxy,2025-09-30,2025-08-31,2025-08-31,26,REGISTRY_LAG_PSEUDO_REAL_TIME,
ALL_AUDITED_CANDIDATES,2025Q3,H3,standard,STRICT,usd_uzs,2025-09-30,2025-09-30,2025-09-30,0,REGISTRY_LAG_PSEUDO_REAL_TIME,
ALL_AUDITED_CANDIDATES,2025Q3,H3,standard,STRICT,rub_uzs,2025-09-30,2025-09-30,2025-09-30,0,REGISTRY_LAG_PSEUDO_REAL_TIME,
ALL_AUDITED_CANDIDATES,2025Q3,H3,standard,STRICT,gold_price,2025-09-30,2025-08-31,2025-08-31,7,REGISTRY_LAG_PSEUDO_REAL_TIME,
ALL_AUDITED_CANDIDATES,2025Q3,H3,standard,STRICT,russia_ipi,2025-09-30,2025-08-31,,23,REGISTRY_LAG_PSEUDO_REAL_TIME,
ALL_AUDITED_CANDIDATES,2025Q3,H3,standard,STRICT,m2,2025-09-30,2025-08-31,2025-08-31,25,REGISTRY_LAG_PSEUDO_REAL_TIME,
ALL_AUDITED_CANDIDATES,2025Q3,H3,standard,STRICT,household_deposits,2025-09-30,2025-08-31,2025-08-31,25,REGISTRY_LAG_PSEUDO_REAL_TIME,
ALL_AUDITED_CANDIDATES,2025Q3,H3,standard,STRICT,corporate_deposits,2025-09-30,2025-08-31,2025-08-31,25,REGISTRY_LAG_PSEUDO_REAL_TIME,
ALL_AUDITED_CANDIDATES,2025Q3,H3,standard,STRICT,household_credit,2025-09-30,2025-08-31,2025-08-31,25,REGISTRY_LAG_PSEUDO_REAL_TIME,
ALL_AUDITED_CANDIDATES,2025Q3,H3,standard,STRICT,corporate_credit,2025-09-30,2025-08-31,2025-08-31,25,REGISTRY_LAG_PSEUDO_REAL_TIME,
ALL_AUDITED_CANDIDATES,2025Q3,H3,standard,STRICT,fx_reserves_ex_gold,2025-09-30,2025-08-31,2025-08-31,7,REGISTRY_LAG_PSEUDO_REAL_TIME,
ALL_AUDITED_CANDIDATES,2025Q3,H3,standard,STRICT,pos_turnover,2025-09-30,2025-08-31,2024-12-31,18,REGISTRY_LAG_PSEUDO_REAL_TIME,
ALL_AUDITED_CANDIDATES,2025Q3,H3,standard,STRICT,instant_payments,2025-09-30,2025-08-31,2025-08-31,18,REGISTRY_LAG_PSEUDO_REAL_TIME,
ALL_AUDITED_CANDIDATES,2025Q3,H3,standard,STRICT,interbank_payments,2025-09-30,2025-08-31,2025-07-31,18,REGISTRY_LAG_PSEUDO_REAL_TIME,
ALL_AUDITED_CANDIDATES,2025Q3,H3,conservative,STRICT,industrial_production,2025-09-30,2025-07-31,2025-07-31,33,REGISTRY_LAG_PSEUDO_REAL_TIME,
ALL_AUDITED_CANDIDATES,2025Q3,H3,conservative,STRICT,manufacturing,2025-09-30,2025-07-31,2025-07-31,33,REGISTRY_LAG_PSEUDO_REAL_TIME,
ALL_AUDITED_CANDIDATES,2025Q3,H3,conservative,STRICT,mining,2025-09-30,2025-07-31,2025-07-31,33,REGISTRY_LAG_PSEUDO_REAL_TIME,
ALL_AUDITED_CANDIDATES,2025Q3,H3,conservative,STRICT,electricity_gas,2025-09-30,2025-07-31,2025-07-31,33,REGISTRY_LAG_PSEUDO_REAL_TIME,
ALL_AUDITED_CANDIDATES,2025Q3,H3,conservative,STRICT,construction,2025-09-30,2025-07-31,2025-07-31,27,REGISTRY_LAG_PSEUDO_REAL_TIME,
ALL_AUDITED_CANDIDATES,2025Q3,H3,conservative,STRICT,retail_trade,2025-09-30,2025-07-31,2025-07-31,24,REGISTRY_LAG_PSEUDO_REAL_TIME,
ALL_AUDITED_CANDIDATES,2025Q3,H3,conservative,STRICT,wholesale_trade,2025-09-30,2025-07-31,2025-07-31,24,REGISTRY_LAG_PSEUDO_REAL_TIME,
ALL_AUDITED_CANDIDATES,2025Q3,H3,conservative,STRICT,cpi_headline,2025-09-30,2025-08-31,2025-08-31,5,REGISTRY_LAG_PSEUDO_REAL_TIME,
ALL_AUDITED_CANDIDATES,2025Q3,H3,conservative,STRICT,cpi_food,2025-09-30,2025-08-31,2025-08-31,5,REGISTRY_LAG_PSEUDO_REAL_TIME,
ALL_AUDITED_CANDIDATES,2025Q3,H3,conservative,STRICT,cpi_services,2025-09-30,2025-08-31,2025-08-31,5,REGISTRY_LAG_PSEUDO_REAL_TIME,
ALL_AUDITED_CANDIDATES,2025Q3,H3,conservative,STRICT,ppi,2025-09-30,2025-08-31,2025-08-31,15,REGISTRY_LAG_PSEUDO_REAL_TIME,
ALL_AUDITED_CANDIDATES,2025Q3,H3,conservative,STRICT,exports_total,2025-09-30,2025-07-31,2025-07-31,26,REGISTRY_LAG_PSEUDO_REAL_TIME,
ALL_AUDITED_CANDIDATES,2025Q3,H3,conservative,STRICT,exports_non_gold,2025-09-30,2025-07-31,2025-07-31,26,REGISTRY_LAG_PSEUDO_REAL_TIME,
ALL_AUDITED_CANDIDATES,2025Q3,H3,conservative,STRICT,imports_total,2025-09-30,2025-07-31,2025-07-31,26,REGISTRY_LAG_PSEUDO_REAL_TIME,
ALL_AUDITED_CANDIDATES,2025Q3,H3,conservative,STRICT,gold_exports_proxy,2025-09-30,2025-07-31,2025-07-31,26,REGISTRY_LAG_PSEUDO_REAL_TIME,
ALL_AUDITED_CANDIDATES,2025Q3,H3,conservative,STRICT,usd_uzs,2025-09-30,2025-08-31,2025-08-31,0,REGISTRY_LAG_PSEUDO_REAL_TIME,
ALL_AUDITED_CANDIDATES,2025Q3,H3,conservative,STRICT,rub_uzs,2025-09-30,2025-08-31,2025-08-31,0,REGISTRY_LAG_PSEUDO_REAL_TIME,
ALL_AUDITED_CANDIDATES,2025Q3,H3,conservative,STRICT,gold_price,2025-09-30,2025-08-31,2025-08-31,7,REGISTRY_LAG_PSEUDO_REAL_TIME,
ALL_AUDITED_CANDIDATES,2025Q3,H3,conservative,STRICT,russia_ipi,2025-09-30,2025-07-31,,23,REGISTRY_LAG_PSEUDO_REAL_TIME,
ALL_AUDITED_CANDIDATES,2025Q3,H3,conservative,STRICT,m2,2025-09-30,2025-07-31,2025-07-31,25,REGISTRY_LAG_PSEUDO_REAL_TIME,
ALL_AUDITED_CANDIDATES,2025Q3,H3,conservative,STRICT,household_deposits,2025-09-30,2025-07-31,2025-06-30,25,REGISTRY_LAG_PSEUDO_REAL_TIME,
ALL_AUDITED_CANDIDATES,2025Q3,H3,conservative,STRICT,corporate_deposits,2025-09-30,2025-07-31,2025-06-30,25,REGISTRY_LAG_PSEUDO_REAL_TIME,
ALL_AUDITED_CANDIDATES,2025Q3,H3,conservative,STRICT,household_credit,2025-09-30,2025-07-31,2025-06-30,25,REGISTRY_LAG_PSEUDO_REAL_TIME,
ALL_AUDITED_CANDIDATES,2025Q3,H3,conservative,STRICT,corporate_credit,2025-09-30,2025-07-31,2025-06-30,25,REGISTRY_LAG_PSEUDO_REAL_TIME,
ALL_AUDITED_CANDIDATES,2025Q3,H3,conservative,STRICT,fx_reserves_ex_gold,2025-09-30,2025-08-31,2025-08-31,7,REGISTRY_LAG_PSEUDO_REAL_TIME,
ALL_AUDITED_CANDIDATES,2025Q3,H3,conservative,STRICT,pos_turnover,2025-09-30,2025-07-31,2024-12-31,18,REGISTRY_LAG_PSEUDO_REAL_TIME,
ALL_AUDITED_CANDIDATES,2025Q3,H3,conservative,STRICT,instant_payments,2025-09-30,2025-07-31,2025-07-31,18,REGISTRY_LAG_PSEUDO_REAL_TIME,
ALL_AUDITED_CANDIDATES,2025Q3,H3,conservative,STRICT,interbank_payments,2025-09-30,2025-07-31,2025-07-31,18,REGISTRY_LAG_PSEUDO_REAL_TIME,
ALL_AUDITED_CANDIDATES,2025Q4,H1,standard,STRICT,industrial_production,2025-10-31,2025-08-31,2025-08-31,33,REGISTRY_LAG_PSEUDO_REAL_TIME,
ALL_AUDITED_CANDIDATES,2025Q4,H1,standard,STRICT,manufacturing,2025-10-31,2025-08-31,2025-08-31,33,REGISTRY_LAG_PSEUDO_REAL_TIME,
ALL_AUDITED_CANDIDATES,2025Q4,H1,standard,STRICT,mining,2025-10-31,2025-08-31,2025-08-31,33,REGISTRY_LAG_PSEUDO_REAL_TIME,
ALL_AUDITED_CANDIDATES,2025Q4,H1,standard,STRICT,electricity_gas,2025-10-31,2025-08-31,2025-08-31,33,REGISTRY_LAG_PSEUDO_REAL_TIME,
ALL_AUDITED_CANDIDATES,2025Q4,H1,standard,STRICT,construction,2025-10-31,2025-09-30,2025-09-30,27,REGISTRY_LAG_PSEUDO_REAL_TIME,
ALL_AUDITED_CANDIDATES,2025Q4,H1,standard,STRICT,retail_trade,2025-10-31,2025-09-30,2025-09-30,24,REGISTRY_LAG_PSEUDO_REAL_TIME,
ALL_AUDITED_CANDIDATES,2025Q4,H1,standard,STRICT,wholesale_trade,2025-10-31,2025-09-30,2025-08-31,24,REGISTRY_LAG_PSEUDO_REAL_TIME,
ALL_AUDITED_CANDIDATES,2025Q4,H1,standard,STRICT,cpi_headline,2025-10-31,2025-09-30,2025-09-30,5,REGISTRY_LAG_PSEUDO_REAL_TIME,
ALL_AUDITED_CANDIDATES,2025Q4,H1,standard,STRICT,cpi_food,2025-10-31,2025-09-30,2025-09-30,5,REGISTRY_LAG_PSEUDO_REAL_TIME,
ALL_AUDITED_CANDIDATES,2025Q4,H1,standard,STRICT,cpi_services,2025-10-31,2025-09-30,2025-09-30,5,REGISTRY_LAG_PSEUDO_REAL_TIME,
ALL_AUDITED_CANDIDATES,2025Q4,H1,standard,STRICT,ppi,2025-10-31,2025-09-30,2025-09-30,15,REGISTRY_LAG_PSEUDO_REAL_TIME,
ALL_AUDITED_CANDIDATES,2025Q4,H1,standard,STRICT,exports_total,2025-10-31,2025-09-30,2025-09-30,26,REGISTRY_LAG_PSEUDO_REAL_TIME,
ALL_AUDITED_CANDIDATES,2025Q4,H1,standard,STRICT,exports_non_gold,2025-10-31,2025-09-30,2025-09-30,26,REGISTRY_LAG_PSEUDO_REAL_TIME,
ALL_AUDITED_CANDIDATES,2025Q4,H1,standard,STRICT,imports_total,2025-10-31,2025-09-30,2025-09-30,26,REGISTRY_LAG_PSEUDO_REAL_TIME,
ALL_AUDITED_CANDIDATES,2025Q4,H1,standard,STRICT,gold_exports_proxy,2025-10-31,2025-09-30,2025-09-30,26,REGISTRY_LAG_PSEUDO_REAL_TIME,
ALL_AUDITED_CANDIDATES,2025Q4,H1,standard,STRICT,usd_uzs,2025-10-31,2025-10-31,2025-10-31,0,REGISTRY_LAG_PSEUDO_REAL_TIME,
ALL_AUDITED_CANDIDATES,2025Q4,H1,standard,STRICT,rub_uzs,2025-10-31,2025-10-31,2025-10-31,0,REGISTRY_LAG_PSEUDO_REAL_TIME,
ALL_AUDITED_CANDIDATES,2025Q4,H1,standard,STRICT,gold_price,2025-10-31,2025-09-30,2025-09-30,7,REGISTRY_LAG_PSEUDO_REAL_TIME,
ALL_AUDITED_CANDIDATES,2025Q4,H1,standard,STRICT,russia_ipi,2025-10-31,2025-09-30,,23,REGISTRY_LAG_PSEUDO_REAL_TIME,
ALL_AUDITED_CANDIDATES,2025Q4,H1,standard,STRICT,m2,2025-10-31,2025-09-30,2025-09-30,25,REGISTRY_LAG_PSEUDO_REAL_TIME,
ALL_AUDITED_CANDIDATES,2025Q4,H1,standard,STRICT,household_deposits,2025-10-31,2025-09-30,2025-09-30,25,REGISTRY_LAG_PSEUDO_REAL_TIME,
ALL_AUDITED_CANDIDATES,2025Q4,H1,standard,STRICT,corporate_deposits,2025-10-31,2025-09-30,2025-09-30,25,REGISTRY_LAG_PSEUDO_REAL_TIME,
ALL_AUDITED_CANDIDATES,2025Q4,H1,standard,STRICT,household_credit,2025-10-31,2025-09-30,2025-09-30,25,REGISTRY_LAG_PSEUDO_REAL_TIME,
ALL_AUDITED_CANDIDATES,2025Q4,H1,standard,STRICT,corporate_credit,2025-10-31,2025-09-30,2025-09-30,25,REGISTRY_LAG_PSEUDO_REAL_TIME,
ALL_AUDITED_CANDIDATES,2025Q4,H1,standard,STRICT,fx_reserves_ex_gold,2025-10-31,2025-09-30,2025-09-30,7,REGISTRY_LAG_PSEUDO_REAL_TIME,
ALL_AUDITED_CANDIDATES,2025Q4,H1,standard,STRICT,pos_turnover,2025-10-31,2025-09-30,2024-12-31,18,REGISTRY_LAG_PSEUDO_REAL_TIME,
ALL_AUDITED_CANDIDATES,2025Q4,H1,standard,STRICT,instant_payments,2025-10-31,2025-09-30,2025-09-30,18,REGISTRY_LAG_PSEUDO_REAL_TIME,
ALL_AUDITED_CANDIDATES,2025Q4,H1,standard,STRICT,interbank_payments,2025-10-31,2025-09-30,2025-09-30,18,REGISTRY_LAG_PSEUDO_REAL_TIME,
ALL_AUDITED_CANDIDATES,2025Q4,H1,conservative,STRICT,industrial_production,2025-10-31,2025-08-31,2025-08-31,33,REGISTRY_LAG_PSEUDO_REAL_TIME,
ALL_AUDITED_CANDIDATES,2025Q4,H1,conservative,STRICT,manufacturing,2025-10-31,2025-08-31,2025-08-31,33,REGISTRY_LAG_PSEUDO_REAL_TIME,
ALL_AUDITED_CANDIDATES,2025Q4,H1,conservative,STRICT,mining,2025-10-31,2025-08-31,2025-08-31,33,REGISTRY_LAG_PSEUDO_REAL_TIME,
ALL_AUDITED_CANDIDATES,2025Q4,H1,conservative,STRICT,electricity_gas,2025-10-31,2025-08-31,2025-08-31,33,REGISTRY_LAG_PSEUDO_REAL_TIME,
ALL_AUDITED_CANDIDATES,2025Q4,H1,conservative,STRICT,construction,2025-10-31,2025-08-31,2025-08-31,27,REGISTRY_LAG_PSEUDO_REAL_TIME,
ALL_AUDITED_CANDIDATES,2025Q4,H1,conservative,STRICT,retail_trade,2025-10-31,2025-08-31,2025-08-31,24,REGISTRY_LAG_PSEUDO_REAL_TIME,
ALL_AUDITED_CANDIDATES,2025Q4,H1,conservative,STRICT,wholesale_trade,2025-10-31,2025-08-31,2025-08-31,24,REGISTRY_LAG_PSEUDO_REAL_TIME,
ALL_AUDITED_CANDIDATES,2025Q4,H1,conservative,STRICT,cpi_headline,2025-10-31,2025-09-30,2025-09-30,5,REGISTRY_LAG_PSEUDO_REAL_TIME,
ALL_AUDITED_CANDIDATES,2025Q4,H1,conservative,STRICT,cpi_food,2025-10-31,2025-09-30,2025-09-30,5,REGISTRY_LAG_PSEUDO_REAL_TIME,
ALL_AUDITED_CANDIDATES,2025Q4,H1,conservative,STRICT,cpi_services,2025-10-31,2025-09-30,2025-09-30,5,REGISTRY_LAG_PSEUDO_REAL_TIME,
ALL_AUDITED_CANDIDATES,2025Q4,H1,conservative,STRICT,ppi,2025-10-31,2025-09-30,2025-09-30,15,REGISTRY_LAG_PSEUDO_REAL_TIME,
ALL_AUDITED_CANDIDATES,2025Q4,H1,conservative,STRICT,exports_total,2025-10-31,2025-08-31,2025-08-31,26,REGISTRY_LAG_PSEUDO_REAL_TIME,
ALL_AUDITED_CANDIDATES,2025Q4,H1,conservative,STRICT,exports_non_gold,2025-10-31,2025-08-31,2025-08-31,26,REGISTRY_LAG_PSEUDO_REAL_TIME,
ALL_AUDITED_CANDIDATES,2025Q4,H1,conservative,STRICT,imports_total,2025-10-31,2025-08-31,2025-08-31,26,REGISTRY_LAG_PSEUDO_REAL_TIME,
ALL_AUDITED_CANDIDATES,2025Q4,H1,conservative,STRICT,gold_exports_proxy,2025-10-31,2025-08-31,2025-08-31,26,REGISTRY_LAG_PSEUDO_REAL_TIME,
ALL_AUDITED_CANDIDATES,2025Q4,H1,conservative,STRICT,usd_uzs,2025-10-31,2025-09-30,2025-09-30,0,REGISTRY_LAG_PSEUDO_REAL_TIME,
ALL_AUDITED_CANDIDATES,2025Q4,H1,conservative,STRICT,rub_uzs,2025-10-31,2025-09-30,2025-09-30,0,REGISTRY_LAG_PSEUDO_REAL_TIME,
ALL_AUDITED_CANDIDATES,2025Q4,H1,conservative,STRICT,gold_price,2025-10-31,2025-09-30,2025-09-30,7,REGISTRY_LAG_PSEUDO_REAL_TIME,
ALL_AUDITED_CANDIDATES,2025Q4,H1,conservative,STRICT,russia_ipi,2025-10-31,2025-08-31,,23,REGISTRY_LAG_PSEUDO_REAL_TIME,
ALL_AUDITED_CANDIDATES,2025Q4,H1,conservative,STRICT,m2,2025-10-31,2025-08-31,2025-08-31,25,REGISTRY_LAG_PSEUDO_REAL_TIME,
ALL_AUDITED_CANDIDATES,2025Q4,H1,conservative,STRICT,household_deposits,2025-10-31,2025-08-31,2025-08-31,25,REGISTRY_LAG_PSEUDO_REAL_TIME,
ALL_AUDITED_CANDIDATES,2025Q4,H1,conservative,STRICT,corporate_deposits,2025-10-31,2025-08-31,2025-08-31,25,REGISTRY_LAG_PSEUDO_REAL_TIME,
ALL_AUDITED_CANDIDATES,2025Q4,H1,conservative,STRICT,household_credit,2025-10-31,2025-08-31,2025-08-31,25,REGISTRY_LAG_PSEUDO_REAL_TIME,
ALL_AUDITED_CANDIDATES,2025Q4,H1,conservative,STRICT,corporate_credit,2025-10-31,2025-08-31,2025-08-31,25,REGISTRY_LAG_PSEUDO_REAL_TIME,
ALL_AUDITED_CANDIDATES,2025Q4,H1,conservative,STRICT,fx_reserves_ex_gold,2025-10-31,2025-09-30,2025-09-30,7,REGISTRY_LAG_PSEUDO_REAL_TIME,
ALL_AUDITED_CANDIDATES,2025Q4,H1,conservative,STRICT,pos_turnover,2025-10-31,2025-08-31,2024-12-31,18,REGISTRY_LAG_PSEUDO_REAL_TIME,
ALL_AUDITED_CANDIDATES,2025Q4,H1,conservative,STRICT,instant_payments,2025-10-31,2025-08-31,2025-08-31,18,REGISTRY_LAG_PSEUDO_REAL_TIME,
ALL_AUDITED_CANDIDATES,2025Q4,H1,conservative,STRICT,interbank_payments,2025-10-31,2025-08-31,2025-07-31,18,REGISTRY_LAG_PSEUDO_REAL_TIME,
ALL_AUDITED_CANDIDATES,2025Q4,H2,standard,STRICT,industrial_production,2025-11-30,2025-09-30,2025-09-30,33,REGISTRY_LAG_PSEUDO_REAL_TIME,
ALL_AUDITED_CANDIDATES,2025Q4,H2,standard,STRICT,manufacturing,2025-11-30,2025-09-30,2025-09-30,33,REGISTRY_LAG_PSEUDO_REAL_TIME,
ALL_AUDITED_CANDIDATES,2025Q4,H2,standard,STRICT,mining,2025-11-30,2025-09-30,2025-09-30,33,REGISTRY_LAG_PSEUDO_REAL_TIME,
ALL_AUDITED_CANDIDATES,2025Q4,H2,standard,STRICT,electricity_gas,2025-11-30,2025-09-30,2025-09-30,33,REGISTRY_LAG_PSEUDO_REAL_TIME,
ALL_AUDITED_CANDIDATES,2025Q4,H2,standard,STRICT,construction,2025-11-30,2025-10-31,2025-10-31,27,REGISTRY_LAG_PSEUDO_REAL_TIME,
ALL_AUDITED_CANDIDATES,2025Q4,H2,standard,STRICT,retail_trade,2025-11-30,2025-10-31,2025-10-31,24,REGISTRY_LAG_PSEUDO_REAL_TIME,
ALL_AUDITED_CANDIDATES,2025Q4,H2,standard,STRICT,wholesale_trade,2025-11-30,2025-10-31,2025-10-31,24,REGISTRY_LAG_PSEUDO_REAL_TIME,
ALL_AUDITED_CANDIDATES,2025Q4,H2,standard,STRICT,cpi_headline,2025-11-30,2025-10-31,2025-10-31,5,REGISTRY_LAG_PSEUDO_REAL_TIME,
ALL_AUDITED_CANDIDATES,2025Q4,H2,standard,STRICT,cpi_food,2025-11-30,2025-10-31,2025-10-31,5,REGISTRY_LAG_PSEUDO_REAL_TIME,
ALL_AUDITED_CANDIDATES,2025Q4,H2,standard,STRICT,cpi_services,2025-11-30,2025-10-31,2025-10-31,5,REGISTRY_LAG_PSEUDO_REAL_TIME,
ALL_AUDITED_CANDIDATES,2025Q4,H2,standard,STRICT,ppi,2025-11-30,2025-10-31,2025-10-31,15,REGISTRY_LAG_PSEUDO_REAL_TIME,
ALL_AUDITED_CANDIDATES,2025Q4,H2,standard,STRICT,exports_total,2025-11-30,2025-10-31,2025-10-31,26,REGISTRY_LAG_PSEUDO_REAL_TIME,
ALL_AUDITED_CANDIDATES,2025Q4,H2,standard,STRICT,exports_non_gold,2025-11-30,2025-10-31,2025-10-31,26,REGISTRY_LAG_PSEUDO_REAL_TIME,
ALL_AUDITED_CANDIDATES,2025Q4,H2,standard,STRICT,imports_total,2025-11-30,2025-10-31,2025-10-31,26,REGISTRY_LAG_PSEUDO_REAL_TIME,
ALL_AUDITED_CANDIDATES,2025Q4,H2,standard,STRICT,gold_exports_proxy,2025-11-30,2025-10-31,2025-10-31,26,REGISTRY_LAG_PSEUDO_REAL_TIME,
ALL_AUDITED_CANDIDATES,2025Q4,H2,standard,STRICT,usd_uzs,2025-11-30,2025-11-30,2025-11-30,0,REGISTRY_LAG_PSEUDO_REAL_TIME,
ALL_AUDITED_CANDIDATES,2025Q4,H2,standard,STRICT,rub_uzs,2025-11-30,2025-11-30,2025-11-30,0,REGISTRY_LAG_PSEUDO_REAL_TIME,
ALL_AUDITED_CANDIDATES,2025Q4,H2,standard,STRICT,gold_price,2025-11-30,2025-10-31,2025-10-31,7,REGISTRY_LAG_PSEUDO_REAL_TIME,
ALL_AUDITED_CANDIDATES,2025Q4,H2,standard,STRICT,russia_ipi,2025-11-30,2025-10-31,,23,REGISTRY_LAG_PSEUDO_REAL_TIME,
ALL_AUDITED_CANDIDATES,2025Q4,H2,standard,STRICT,m2,2025-11-30,2025-10-31,2025-10-31,25,REGISTRY_LAG_PSEUDO_REAL_TIME,
ALL_AUDITED_CANDIDATES,2025Q4,H2,standard,STRICT,household_deposits,2025-11-30,2025-10-31,2025-10-31,25,REGISTRY_LAG_PSEUDO_REAL_TIME,
ALL_AUDITED_CANDIDATES,2025Q4,H2,standard,STRICT,corporate_deposits,2025-11-30,2025-10-31,2025-10-31,25,REGISTRY_LAG_PSEUDO_REAL_TIME,
ALL_AUDITED_CANDIDATES,2025Q4,H2,standard,STRICT,household_credit,2025-11-30,2025-10-31,2025-10-31,25,REGISTRY_LAG_PSEUDO_REAL_TIME,
ALL_AUDITED_CANDIDATES,2025Q4,H2,standard,STRICT,corporate_credit,2025-11-30,2025-10-31,2025-10-31,25,REGISTRY_LAG_PSEUDO_REAL_TIME,
ALL_AUDITED_CANDIDATES,2025Q4,H2,standard,STRICT,fx_reserves_ex_gold,2025-11-30,2025-10-31,2025-10-31,7,REGISTRY_LAG_PSEUDO_REAL_TIME,
ALL_AUDITED_CANDIDATES,2025Q4,H2,standard,STRICT,pos_turnover,2025-11-30,2025-10-31,2024-12-31,18,REGISTRY_LAG_PSEUDO_REAL_TIME,
ALL_AUDITED_CANDIDATES,2025Q4,H2,standard,STRICT,instant_payments,2025-11-30,2025-10-31,2025-09-30,18,REGISTRY_LAG_PSEUDO_REAL_TIME,
ALL_AUDITED_CANDIDATES,2025Q4,H2,standard,STRICT,interbank_payments,2025-11-30,2025-10-31,2025-09-30,18,REGISTRY_LAG_PSEUDO_REAL_TIME,
ALL_AUDITED_CANDIDATES,2025Q4,H2,conservative,STRICT,industrial_production,2025-11-30,2025-09-30,2025-09-30,33,REGISTRY_LAG_PSEUDO_REAL_TIME,
ALL_AUDITED_CANDIDATES,2025Q4,H2,conservative,STRICT,manufacturing,2025-11-30,2025-09-30,2025-09-30,33,REGISTRY_LAG_PSEUDO_REAL_TIME,
ALL_AUDITED_CANDIDATES,2025Q4,H2,conservative,STRICT,mining,2025-11-30,2025-09-30,2025-09-30,33,REGISTRY_LAG_PSEUDO_REAL_TIME,
ALL_AUDITED_CANDIDATES,2025Q4,H2,conservative,STRICT,electricity_gas,2025-11-30,2025-09-30,2025-09-30,33,REGISTRY_LAG_PSEUDO_REAL_TIME,
ALL_AUDITED_CANDIDATES,2025Q4,H2,conservative,STRICT,construction,2025-11-30,2025-09-30,2025-09-30,27,REGISTRY_LAG_PSEUDO_REAL_TIME,
ALL_AUDITED_CANDIDATES,2025Q4,H2,conservative,STRICT,retail_trade,2025-11-30,2025-09-30,2025-09-30,24,REGISTRY_LAG_PSEUDO_REAL_TIME,
ALL_AUDITED_CANDIDATES,2025Q4,H2,conservative,STRICT,wholesale_trade,2025-11-30,2025-09-30,2025-08-31,24,REGISTRY_LAG_PSEUDO_REAL_TIME,
ALL_AUDITED_CANDIDATES,2025Q4,H2,conservative,STRICT,cpi_headline,2025-11-30,2025-10-31,2025-10-31,5,REGISTRY_LAG_PSEUDO_REAL_TIME,
ALL_AUDITED_CANDIDATES,2025Q4,H2,conservative,STRICT,cpi_food,2025-11-30,2025-10-31,2025-10-31,5,REGISTRY_LAG_PSEUDO_REAL_TIME,
ALL_AUDITED_CANDIDATES,2025Q4,H2,conservative,STRICT,cpi_services,2025-11-30,2025-10-31,2025-10-31,5,REGISTRY_LAG_PSEUDO_REAL_TIME,
ALL_AUDITED_CANDIDATES,2025Q4,H2,conservative,STRICT,ppi,2025-11-30,2025-10-31,2025-10-31,15,REGISTRY_LAG_PSEUDO_REAL_TIME,
ALL_AUDITED_CANDIDATES,2025Q4,H2,conservative,STRICT,exports_total,2025-11-30,2025-09-30,2025-09-30,26,REGISTRY_LAG_PSEUDO_REAL_TIME,
ALL_AUDITED_CANDIDATES,2025Q4,H2,conservative,STRICT,exports_non_gold,2025-11-30,2025-09-30,2025-09-30,26,REGISTRY_LAG_PSEUDO_REAL_TIME,
ALL_AUDITED_CANDIDATES,2025Q4,H2,conservative,STRICT,imports_total,2025-11-30,2025-09-30,2025-09-30,26,REGISTRY_LAG_PSEUDO_REAL_TIME,
ALL_AUDITED_CANDIDATES,2025Q4,H2,conservative,STRICT,gold_exports_proxy,2025-11-30,2025-09-30,2025-09-30,26,REGISTRY_LAG_PSEUDO_REAL_TIME,
ALL_AUDITED_CANDIDATES,2025Q4,H2,conservative,STRICT,usd_uzs,2025-11-30,2025-10-31,2025-10-31,0,REGISTRY_LAG_PSEUDO_REAL_TIME,
ALL_AUDITED_CANDIDATES,2025Q4,H2,conservative,STRICT,rub_uzs,2025-11-30,2025-10-31,2025-10-31,0,REGISTRY_LAG_PSEUDO_REAL_TIME,
ALL_AUDITED_CANDIDATES,2025Q4,H2,conservative,STRICT,gold_price,2025-11-30,2025-10-31,2025-10-31,7,REGISTRY_LAG_PSEUDO_REAL_TIME,
ALL_AUDITED_CANDIDATES,2025Q4,H2,conservative,STRICT,russia_ipi,2025-11-30,2025-09-30,,23,REGISTRY_LAG_PSEUDO_REAL_TIME,
ALL_AUDITED_CANDIDATES,2025Q4,H2,conservative,STRICT,m2,2025-11-30,2025-09-30,2025-09-30,25,REGISTRY_LAG_PSEUDO_REAL_TIME,
ALL_AUDITED_CANDIDATES,2025Q4,H2,conservative,STRICT,household_deposits,2025-11-30,2025-09-30,2025-09-30,25,REGISTRY_LAG_PSEUDO_REAL_TIME,
ALL_AUDITED_CANDIDATES,2025Q4,H2,conservative,STRICT,corporate_deposits,2025-11-30,2025-09-30,2025-09-30,25,REGISTRY_LAG_PSEUDO_REAL_TIME,
ALL_AUDITED_CANDIDATES,2025Q4,H2,conservative,STRICT,household_credit,2025-11-30,2025-09-30,2025-09-30,25,REGISTRY_LAG_PSEUDO_REAL_TIME,
ALL_AUDITED_CANDIDATES,2025Q4,H2,conservative,STRICT,corporate_credit,2025-11-30,2025-09-30,2025-09-30,25,REGISTRY_LAG_PSEUDO_REAL_TIME,
ALL_AUDITED_CANDIDATES,2025Q4,H2,conservative,STRICT,fx_reserves_ex_gold,2025-11-30,2025-10-31,2025-10-31,7,REGISTRY_LAG_PSEUDO_REAL_TIME,
ALL_AUDITED_CANDIDATES,2025Q4,H2,conservative,STRICT,pos_turnover,2025-11-30,2025-09-30,2024-12-31,18,REGISTRY_LAG_PSEUDO_REAL_TIME,
ALL_AUDITED_CANDIDATES,2025Q4,H2,conservative,STRICT,instant_payments,2025-11-30,2025-09-30,2025-09-30,18,REGISTRY_LAG_PSEUDO_REAL_TIME,
ALL_AUDITED_CANDIDATES,2025Q4,H2,conservative,STRICT,interbank_payments,2025-11-30,2025-09-30,2025-09-30,18,REGISTRY_LAG_PSEUDO_REAL_TIME,
ALL_AUDITED_CANDIDATES,2025Q4,H3,standard,STRICT,industrial_production,2025-12-31,2025-10-31,2025-10-31,33,REGISTRY_LAG_PSEUDO_REAL_TIME,
ALL_AUDITED_CANDIDATES,2025Q4,H3,standard,STRICT,manufacturing,2025-12-31,2025-10-31,2025-10-31,33,REGISTRY_LAG_PSEUDO_REAL_TIME,
ALL_AUDITED_CANDIDATES,2025Q4,H3,standard,STRICT,mining,2025-12-31,2025-10-31,2025-10-31,33,REGISTRY_LAG_PSEUDO_REAL_TIME,
ALL_AUDITED_CANDIDATES,2025Q4,H3,standard,STRICT,electricity_gas,2025-12-31,2025-10-31,2025-10-31,33,REGISTRY_LAG_PSEUDO_REAL_TIME,
ALL_AUDITED_CANDIDATES,2025Q4,H3,standard,STRICT,construction,2025-12-31,2025-11-30,2025-11-30,27,REGISTRY_LAG_PSEUDO_REAL_TIME,
ALL_AUDITED_CANDIDATES,2025Q4,H3,standard,STRICT,retail_trade,2025-12-31,2025-11-30,2025-11-30,24,REGISTRY_LAG_PSEUDO_REAL_TIME,
ALL_AUDITED_CANDIDATES,2025Q4,H3,standard,STRICT,wholesale_trade,2025-12-31,2025-11-30,2025-11-30,24,REGISTRY_LAG_PSEUDO_REAL_TIME,
ALL_AUDITED_CANDIDATES,2025Q4,H3,standard,STRICT,cpi_headline,2025-12-31,2025-11-30,2025-11-30,5,REGISTRY_LAG_PSEUDO_REAL_TIME,
ALL_AUDITED_CANDIDATES,2025Q4,H3,standard,STRICT,cpi_food,2025-12-31,2025-11-30,2025-11-30,5,REGISTRY_LAG_PSEUDO_REAL_TIME,
ALL_AUDITED_CANDIDATES,2025Q4,H3,standard,STRICT,cpi_services,2025-12-31,2025-11-30,2025-11-30,5,REGISTRY_LAG_PSEUDO_REAL_TIME,
ALL_AUDITED_CANDIDATES,2025Q4,H3,standard,STRICT,ppi,2025-12-31,2025-11-30,2025-11-30,15,REGISTRY_LAG_PSEUDO_REAL_TIME,
ALL_AUDITED_CANDIDATES,2025Q4,H3,standard,STRICT,exports_total,2025-12-31,2025-11-30,2025-11-30,26,REGISTRY_LAG_PSEUDO_REAL_TIME,
ALL_AUDITED_CANDIDATES,2025Q4,H3,standard,STRICT,exports_non_gold,2025-12-31,2025-11-30,2025-11-30,26,REGISTRY_LAG_PSEUDO_REAL_TIME,
ALL_AUDITED_CANDIDATES,2025Q4,H3,standard,STRICT,imports_total,2025-12-31,2025-11-30,2025-11-30,26,REGISTRY_LAG_PSEUDO_REAL_TIME,
ALL_AUDITED_CANDIDATES,2025Q4,H3,standard,STRICT,gold_exports_proxy,2025-12-31,2025-11-30,2025-11-30,26,REGISTRY_LAG_PSEUDO_REAL_TIME,
ALL_AUDITED_CANDIDATES,2025Q4,H3,standard,STRICT,usd_uzs,2025-12-31,2025-12-31,2025-12-31,0,REGISTRY_LAG_PSEUDO_REAL_TIME,
ALL_AUDITED_CANDIDATES,2025Q4,H3,standard,STRICT,rub_uzs,2025-12-31,2025-12-31,2025-12-31,0,REGISTRY_LAG_PSEUDO_REAL_TIME,
ALL_AUDITED_CANDIDATES,2025Q4,H3,standard,STRICT,gold_price,2025-12-31,2025-11-30,2025-11-30,7,REGISTRY_LAG_PSEUDO_REAL_TIME,
ALL_AUDITED_CANDIDATES,2025Q4,H3,standard,STRICT,russia_ipi,2025-12-31,2025-11-30,,23,REGISTRY_LAG_PSEUDO_REAL_TIME,
ALL_AUDITED_CANDIDATES,2025Q4,H3,standard,STRICT,m2,2025-12-31,2025-11-30,2025-11-30,25,REGISTRY_LAG_PSEUDO_REAL_TIME,
ALL_AUDITED_CANDIDATES,2025Q4,H3,standard,STRICT,household_deposits,2025-12-31,2025-11-30,2025-11-30,25,REGISTRY_LAG_PSEUDO_REAL_TIME,
ALL_AUDITED_CANDIDATES,2025Q4,H3,standard,STRICT,corporate_deposits,2025-12-31,2025-11-30,2025-11-30,25,REGISTRY_LAG_PSEUDO_REAL_TIME,
ALL_AUDITED_CANDIDATES,2025Q4,H3,standard,STRICT,household_credit,2025-12-31,2025-11-30,2025-11-30,25,REGISTRY_LAG_PSEUDO_REAL_TIME,
ALL_AUDITED_CANDIDATES,2025Q4,H3,standard,STRICT,corporate_credit,2025-12-31,2025-11-30,2025-11-30,25,REGISTRY_LAG_PSEUDO_REAL_TIME,
ALL_AUDITED_CANDIDATES,2025Q4,H3,standard,STRICT,fx_reserves_ex_gold,2025-12-31,2025-11-30,2025-11-30,7,REGISTRY_LAG_PSEUDO_REAL_TIME,
ALL_AUDITED_CANDIDATES,2025Q4,H3,standard,STRICT,pos_turnover,2025-12-31,2025-11-30,2024-12-31,18,REGISTRY_LAG_PSEUDO_REAL_TIME,
ALL_AUDITED_CANDIDATES,2025Q4,H3,standard,STRICT,instant_payments,2025-12-31,2025-11-30,2025-09-30,18,REGISTRY_LAG_PSEUDO_REAL_TIME,
ALL_AUDITED_CANDIDATES,2025Q4,H3,standard,STRICT,interbank_payments,2025-12-31,2025-11-30,2025-09-30,18,REGISTRY_LAG_PSEUDO_REAL_TIME,
ALL_AUDITED_CANDIDATES,2025Q4,H3,conservative,STRICT,industrial_production,2025-12-31,2025-10-31,2025-10-31,33,REGISTRY_LAG_PSEUDO_REAL_TIME,
ALL_AUDITED_CANDIDATES,2025Q4,H3,conservative,STRICT,manufacturing,2025-12-31,2025-10-31,2025-10-31,33,REGISTRY_LAG_PSEUDO_REAL_TIME,
ALL_AUDITED_CANDIDATES,2025Q4,H3,conservative,STRICT,mining,2025-12-31,2025-10-31,2025-10-31,33,REGISTRY_LAG_PSEUDO_REAL_TIME,
ALL_AUDITED_CANDIDATES,2025Q4,H3,conservative,STRICT,electricity_gas,2025-12-31,2025-10-31,2025-10-31,33,REGISTRY_LAG_PSEUDO_REAL_TIME,
ALL_AUDITED_CANDIDATES,2025Q4,H3,conservative,STRICT,construction,2025-12-31,2025-10-31,2025-10-31,27,REGISTRY_LAG_PSEUDO_REAL_TIME,
ALL_AUDITED_CANDIDATES,2025Q4,H3,conservative,STRICT,retail_trade,2025-12-31,2025-10-31,2025-10-31,24,REGISTRY_LAG_PSEUDO_REAL_TIME,
ALL_AUDITED_CANDIDATES,2025Q4,H3,conservative,STRICT,wholesale_trade,2025-12-31,2025-10-31,2025-10-31,24,REGISTRY_LAG_PSEUDO_REAL_TIME,
ALL_AUDITED_CANDIDATES,2025Q4,H3,conservative,STRICT,cpi_headline,2025-12-31,2025-11-30,2025-11-30,5,REGISTRY_LAG_PSEUDO_REAL_TIME,
ALL_AUDITED_CANDIDATES,2025Q4,H3,conservative,STRICT,cpi_food,2025-12-31,2025-11-30,2025-11-30,5,REGISTRY_LAG_PSEUDO_REAL_TIME,
ALL_AUDITED_CANDIDATES,2025Q4,H3,conservative,STRICT,cpi_services,2025-12-31,2025-11-30,2025-11-30,5,REGISTRY_LAG_PSEUDO_REAL_TIME,
ALL_AUDITED_CANDIDATES,2025Q4,H3,conservative,STRICT,ppi,2025-12-31,2025-11-30,2025-11-30,15,REGISTRY_LAG_PSEUDO_REAL_TIME,
ALL_AUDITED_CANDIDATES,2025Q4,H3,conservative,STRICT,exports_total,2025-12-31,2025-10-31,2025-10-31,26,REGISTRY_LAG_PSEUDO_REAL_TIME,
ALL_AUDITED_CANDIDATES,2025Q4,H3,conservative,STRICT,exports_non_gold,2025-12-31,2025-10-31,2025-10-31,26,REGISTRY_LAG_PSEUDO_REAL_TIME,
ALL_AUDITED_CANDIDATES,2025Q4,H3,conservative,STRICT,imports_total,2025-12-31,2025-10-31,2025-10-31,26,REGISTRY_LAG_PSEUDO_REAL_TIME,
ALL_AUDITED_CANDIDATES,2025Q4,H3,conservative,STRICT,gold_exports_proxy,2025-12-31,2025-10-31,2025-10-31,26,REGISTRY_LAG_PSEUDO_REAL_TIME,
ALL_AUDITED_CANDIDATES,2025Q4,H3,conservative,STRICT,usd_uzs,2025-12-31,2025-11-30,2025-11-30,0,REGISTRY_LAG_PSEUDO_REAL_TIME,
ALL_AUDITED_CANDIDATES,2025Q4,H3,conservative,STRICT,rub_uzs,2025-12-31,2025-11-30,2025-11-30,0,REGISTRY_LAG_PSEUDO_REAL_TIME,
ALL_AUDITED_CANDIDATES,2025Q4,H3,conservative,STRICT,gold_price,2025-12-31,2025-11-30,2025-11-30,7,REGISTRY_LAG_PSEUDO_REAL_TIME,
ALL_AUDITED_CANDIDATES,2025Q4,H3,conservative,STRICT,russia_ipi,2025-12-31,2025-10-31,,23,REGISTRY_LAG_PSEUDO_REAL_TIME,
ALL_AUDITED_CANDIDATES,2025Q4,H3,conservative,STRICT,m2,2025-12-31,2025-10-31,2025-10-31,25,REGISTRY_LAG_PSEUDO_REAL_TIME,
ALL_AUDITED_CANDIDATES,2025Q4,H3,conservative,STRICT,household_deposits,2025-12-31,2025-10-31,2025-10-31,25,REGISTRY_LAG_PSEUDO_REAL_TIME,
ALL_AUDITED_CANDIDATES,2025Q4,H3,conservative,STRICT,corporate_deposits,2025-12-31,2025-10-31,2025-10-31,25,REGISTRY_LAG_PSEUDO_REAL_TIME,
ALL_AUDITED_CANDIDATES,2025Q4,H3,conservative,STRICT,household_credit,2025-12-31,2025-10-31,2025-10-31,25,REGISTRY_LAG_PSEUDO_REAL_TIME,
ALL_AUDITED_CANDIDATES,2025Q4,H3,conservative,STRICT,corporate_credit,2025-12-31,2025-10-31,2025-10-31,25,REGISTRY_LAG_PSEUDO_REAL_TIME,
ALL_AUDITED_CANDIDATES,2025Q4,H3,conservative,STRICT,fx_reserves_ex_gold,2025-12-31,2025-11-30,2025-11-30,7,REGISTRY_LAG_PSEUDO_REAL_TIME,
ALL_AUDITED_CANDIDATES,2025Q4,H3,conservative,STRICT,pos_turnover,2025-12-31,2025-10-31,2024-12-31,18,REGISTRY_LAG_PSEUDO_REAL_TIME,
ALL_AUDITED_CANDIDATES,2025Q4,H3,conservative,STRICT,instant_payments,2025-12-31,2025-10-31,2025-09-30,18,REGISTRY_LAG_PSEUDO_REAL_TIME,
ALL_AUDITED_CANDIDATES,2025Q4,H3,conservative,STRICT,interbank_payments,2025-12-31,2025-10-31,2025-09-30,18,REGISTRY_LAG_PSEUDO_REAL_TIME,
ALL_AUDITED_CANDIDATES,2026Q1,H1,standard,STRICT,industrial_production,2026-01-31,2025-11-30,2025-11-30,33,REGISTRY_LAG_PSEUDO_REAL_TIME,
ALL_AUDITED_CANDIDATES,2026Q1,H1,standard,STRICT,manufacturing,2026-01-31,2025-11-30,2025-11-30,33,REGISTRY_LAG_PSEUDO_REAL_TIME,
ALL_AUDITED_CANDIDATES,2026Q1,H1,standard,STRICT,mining,2026-01-31,2025-11-30,2025-11-30,33,REGISTRY_LAG_PSEUDO_REAL_TIME,
ALL_AUDITED_CANDIDATES,2026Q1,H1,standard,STRICT,electricity_gas,2026-01-31,2025-11-30,2025-11-30,33,REGISTRY_LAG_PSEUDO_REAL_TIME,
ALL_AUDITED_CANDIDATES,2026Q1,H1,standard,STRICT,construction,2026-01-31,2025-12-31,2025-12-31,27,REGISTRY_LAG_PSEUDO_REAL_TIME,
ALL_AUDITED_CANDIDATES,2026Q1,H1,standard,STRICT,retail_trade,2026-01-31,2025-12-31,2025-12-31,24,REGISTRY_LAG_PSEUDO_REAL_TIME,
ALL_AUDITED_CANDIDATES,2026Q1,H1,standard,STRICT,wholesale_trade,2026-01-31,2025-12-31,2025-12-31,24,REGISTRY_LAG_PSEUDO_REAL_TIME,
ALL_AUDITED_CANDIDATES,2026Q1,H1,standard,STRICT,cpi_headline,2026-01-31,2025-12-31,2025-12-31,5,REGISTRY_LAG_PSEUDO_REAL_TIME,
ALL_AUDITED_CANDIDATES,2026Q1,H1,standard,STRICT,cpi_food,2026-01-31,2025-12-31,2025-12-31,5,REGISTRY_LAG_PSEUDO_REAL_TIME,
ALL_AUDITED_CANDIDATES,2026Q1,H1,standard,STRICT,cpi_services,2026-01-31,2025-12-31,2025-12-31,5,REGISTRY_LAG_PSEUDO_REAL_TIME,
ALL_AUDITED_CANDIDATES,2026Q1,H1,standard,STRICT,ppi,2026-01-31,2025-12-31,2025-12-31,15,REGISTRY_LAG_PSEUDO_REAL_TIME,
ALL_AUDITED_CANDIDATES,2026Q1,H1,standard,STRICT,exports_total,2026-01-31,2025-12-31,2025-12-31,26,REGISTRY_LAG_PSEUDO_REAL_TIME,
ALL_AUDITED_CANDIDATES,2026Q1,H1,standard,STRICT,exports_non_gold,2026-01-31,2025-12-31,2025-12-31,26,REGISTRY_LAG_PSEUDO_REAL_TIME,
ALL_AUDITED_CANDIDATES,2026Q1,H1,standard,STRICT,imports_total,2026-01-31,2025-12-31,2025-12-31,26,REGISTRY_LAG_PSEUDO_REAL_TIME,
ALL_AUDITED_CANDIDATES,2026Q1,H1,standard,STRICT,gold_exports_proxy,2026-01-31,2025-12-31,2025-12-31,26,REGISTRY_LAG_PSEUDO_REAL_TIME,
ALL_AUDITED_CANDIDATES,2026Q1,H1,standard,STRICT,usd_uzs,2026-01-31,2026-01-31,2026-01-31,0,REGISTRY_LAG_PSEUDO_REAL_TIME,
ALL_AUDITED_CANDIDATES,2026Q1,H1,standard,STRICT,rub_uzs,2026-01-31,2026-01-31,2026-01-31,0,REGISTRY_LAG_PSEUDO_REAL_TIME,
ALL_AUDITED_CANDIDATES,2026Q1,H1,standard,STRICT,gold_price,2026-01-31,2025-12-31,2025-12-31,7,REGISTRY_LAG_PSEUDO_REAL_TIME,
ALL_AUDITED_CANDIDATES,2026Q1,H1,standard,STRICT,russia_ipi,2026-01-31,2025-12-31,,23,REGISTRY_LAG_PSEUDO_REAL_TIME,
ALL_AUDITED_CANDIDATES,2026Q1,H1,standard,STRICT,m2,2026-01-31,2025-12-31,2025-12-31,25,REGISTRY_LAG_PSEUDO_REAL_TIME,
ALL_AUDITED_CANDIDATES,2026Q1,H1,standard,STRICT,household_deposits,2026-01-31,2025-12-31,2025-11-30,25,REGISTRY_LAG_PSEUDO_REAL_TIME,
ALL_AUDITED_CANDIDATES,2026Q1,H1,standard,STRICT,corporate_deposits,2026-01-31,2025-12-31,2025-11-30,25,REGISTRY_LAG_PSEUDO_REAL_TIME,
ALL_AUDITED_CANDIDATES,2026Q1,H1,standard,STRICT,household_credit,2026-01-31,2025-12-31,2025-11-30,25,REGISTRY_LAG_PSEUDO_REAL_TIME,
ALL_AUDITED_CANDIDATES,2026Q1,H1,standard,STRICT,corporate_credit,2026-01-31,2025-12-31,2025-11-30,25,REGISTRY_LAG_PSEUDO_REAL_TIME,
ALL_AUDITED_CANDIDATES,2026Q1,H1,standard,STRICT,fx_reserves_ex_gold,2026-01-31,2025-12-31,2025-12-31,7,REGISTRY_LAG_PSEUDO_REAL_TIME,
ALL_AUDITED_CANDIDATES,2026Q1,H1,standard,STRICT,pos_turnover,2026-01-31,2025-12-31,2024-12-31,18,REGISTRY_LAG_PSEUDO_REAL_TIME,
ALL_AUDITED_CANDIDATES,2026Q1,H1,standard,STRICT,instant_payments,2026-01-31,2025-12-31,2025-12-31,18,REGISTRY_LAG_PSEUDO_REAL_TIME,
ALL_AUDITED_CANDIDATES,2026Q1,H1,standard,STRICT,interbank_payments,2026-01-31,2025-12-31,2025-09-30,18,REGISTRY_LAG_PSEUDO_REAL_TIME,
ALL_AUDITED_CANDIDATES,2026Q1,H1,conservative,STRICT,industrial_production,2026-01-31,2025-11-30,2025-11-30,33,REGISTRY_LAG_PSEUDO_REAL_TIME,
ALL_AUDITED_CANDIDATES,2026Q1,H1,conservative,STRICT,manufacturing,2026-01-31,2025-11-30,2025-11-30,33,REGISTRY_LAG_PSEUDO_REAL_TIME,
ALL_AUDITED_CANDIDATES,2026Q1,H1,conservative,STRICT,mining,2026-01-31,2025-11-30,2025-11-30,33,REGISTRY_LAG_PSEUDO_REAL_TIME,
ALL_AUDITED_CANDIDATES,2026Q1,H1,conservative,STRICT,electricity_gas,2026-01-31,2025-11-30,2025-11-30,33,REGISTRY_LAG_PSEUDO_REAL_TIME,
ALL_AUDITED_CANDIDATES,2026Q1,H1,conservative,STRICT,construction,2026-01-31,2025-11-30,2025-11-30,27,REGISTRY_LAG_PSEUDO_REAL_TIME,
ALL_AUDITED_CANDIDATES,2026Q1,H1,conservative,STRICT,retail_trade,2026-01-31,2025-11-30,2025-11-30,24,REGISTRY_LAG_PSEUDO_REAL_TIME,
ALL_AUDITED_CANDIDATES,2026Q1,H1,conservative,STRICT,wholesale_trade,2026-01-31,2025-11-30,2025-11-30,24,REGISTRY_LAG_PSEUDO_REAL_TIME,
ALL_AUDITED_CANDIDATES,2026Q1,H1,conservative,STRICT,cpi_headline,2026-01-31,2025-12-31,2025-12-31,5,REGISTRY_LAG_PSEUDO_REAL_TIME,
ALL_AUDITED_CANDIDATES,2026Q1,H1,conservative,STRICT,cpi_food,2026-01-31,2025-12-31,2025-12-31,5,REGISTRY_LAG_PSEUDO_REAL_TIME,
ALL_AUDITED_CANDIDATES,2026Q1,H1,conservative,STRICT,cpi_services,2026-01-31,2025-12-31,2025-12-31,5,REGISTRY_LAG_PSEUDO_REAL_TIME,
ALL_AUDITED_CANDIDATES,2026Q1,H1,conservative,STRICT,ppi,2026-01-31,2025-12-31,2025-12-31,15,REGISTRY_LAG_PSEUDO_REAL_TIME,
ALL_AUDITED_CANDIDATES,2026Q1,H1,conservative,STRICT,exports_total,2026-01-31,2025-11-30,2025-11-30,26,REGISTRY_LAG_PSEUDO_REAL_TIME,
ALL_AUDITED_CANDIDATES,2026Q1,H1,conservative,STRICT,exports_non_gold,2026-01-31,2025-11-30,2025-11-30,26,REGISTRY_LAG_PSEUDO_REAL_TIME,
ALL_AUDITED_CANDIDATES,2026Q1,H1,conservative,STRICT,imports_total,2026-01-31,2025-11-30,2025-11-30,26,REGISTRY_LAG_PSEUDO_REAL_TIME,
ALL_AUDITED_CANDIDATES,2026Q1,H1,conservative,STRICT,gold_exports_proxy,2026-01-31,2025-11-30,2025-11-30,26,REGISTRY_LAG_PSEUDO_REAL_TIME,
ALL_AUDITED_CANDIDATES,2026Q1,H1,conservative,STRICT,usd_uzs,2026-01-31,2025-12-31,2025-12-31,0,REGISTRY_LAG_PSEUDO_REAL_TIME,
ALL_AUDITED_CANDIDATES,2026Q1,H1,conservative,STRICT,rub_uzs,2026-01-31,2025-12-31,2025-12-31,0,REGISTRY_LAG_PSEUDO_REAL_TIME,
ALL_AUDITED_CANDIDATES,2026Q1,H1,conservative,STRICT,gold_price,2026-01-31,2025-12-31,2025-12-31,7,REGISTRY_LAG_PSEUDO_REAL_TIME,
ALL_AUDITED_CANDIDATES,2026Q1,H1,conservative,STRICT,russia_ipi,2026-01-31,2025-11-30,,23,REGISTRY_LAG_PSEUDO_REAL_TIME,
ALL_AUDITED_CANDIDATES,2026Q1,H1,conservative,STRICT,m2,2026-01-31,2025-11-30,2025-11-30,25,REGISTRY_LAG_PSEUDO_REAL_TIME,
ALL_AUDITED_CANDIDATES,2026Q1,H1,conservative,STRICT,household_deposits,2026-01-31,2025-11-30,2025-11-30,25,REGISTRY_LAG_PSEUDO_REAL_TIME,
ALL_AUDITED_CANDIDATES,2026Q1,H1,conservative,STRICT,corporate_deposits,2026-01-31,2025-11-30,2025-11-30,25,REGISTRY_LAG_PSEUDO_REAL_TIME,
ALL_AUDITED_CANDIDATES,2026Q1,H1,conservative,STRICT,household_credit,2026-01-31,2025-11-30,2025-11-30,25,REGISTRY_LAG_PSEUDO_REAL_TIME,
ALL_AUDITED_CANDIDATES,2026Q1,H1,conservative,STRICT,corporate_credit,2026-01-31,2025-11-30,2025-11-30,25,REGISTRY_LAG_PSEUDO_REAL_TIME,
ALL_AUDITED_CANDIDATES,2026Q1,H1,conservative,STRICT,fx_reserves_ex_gold,2026-01-31,2025-12-31,2025-12-31,7,REGISTRY_LAG_PSEUDO_REAL_TIME,
ALL_AUDITED_CANDIDATES,2026Q1,H1,conservative,STRICT,pos_turnover,2026-01-31,2025-11-30,2024-12-31,18,REGISTRY_LAG_PSEUDO_REAL_TIME,
ALL_AUDITED_CANDIDATES,2026Q1,H1,conservative,STRICT,instant_payments,2026-01-31,2025-11-30,2025-09-30,18,REGISTRY_LAG_PSEUDO_REAL_TIME,
ALL_AUDITED_CANDIDATES,2026Q1,H1,conservative,STRICT,interbank_payments,2026-01-31,2025-11-30,2025-09-30,18,REGISTRY_LAG_PSEUDO_REAL_TIME,
ALL_AUDITED_CANDIDATES,2026Q1,H2,standard,STRICT,industrial_production,2026-02-28,2025-12-31,2025-12-31,33,REGISTRY_LAG_PSEUDO_REAL_TIME,
ALL_AUDITED_CANDIDATES,2026Q1,H2,standard,STRICT,manufacturing,2026-02-28,2025-12-31,2025-12-31,33,REGISTRY_LAG_PSEUDO_REAL_TIME,
ALL_AUDITED_CANDIDATES,2026Q1,H2,standard,STRICT,mining,2026-02-28,2025-12-31,2025-12-31,33,REGISTRY_LAG_PSEUDO_REAL_TIME,
ALL_AUDITED_CANDIDATES,2026Q1,H2,standard,STRICT,electricity_gas,2026-02-28,2025-12-31,2025-12-31,33,REGISTRY_LAG_PSEUDO_REAL_TIME,
ALL_AUDITED_CANDIDATES,2026Q1,H2,standard,STRICT,construction,2026-02-28,2026-01-31,2026-01-31,27,REGISTRY_LAG_PSEUDO_REAL_TIME,
ALL_AUDITED_CANDIDATES,2026Q1,H2,standard,STRICT,retail_trade,2026-02-28,2026-01-31,2026-01-31,24,REGISTRY_LAG_PSEUDO_REAL_TIME,
ALL_AUDITED_CANDIDATES,2026Q1,H2,standard,STRICT,wholesale_trade,2026-02-28,2026-01-31,2026-01-31,24,REGISTRY_LAG_PSEUDO_REAL_TIME,
ALL_AUDITED_CANDIDATES,2026Q1,H2,standard,STRICT,cpi_headline,2026-02-28,2026-01-31,2026-01-31,5,REGISTRY_LAG_PSEUDO_REAL_TIME,
ALL_AUDITED_CANDIDATES,2026Q1,H2,standard,STRICT,cpi_food,2026-02-28,2026-01-31,2026-01-31,5,REGISTRY_LAG_PSEUDO_REAL_TIME,
ALL_AUDITED_CANDIDATES,2026Q1,H2,standard,STRICT,cpi_services,2026-02-28,2026-01-31,2026-01-31,5,REGISTRY_LAG_PSEUDO_REAL_TIME,
ALL_AUDITED_CANDIDATES,2026Q1,H2,standard,STRICT,ppi,2026-02-28,2026-01-31,2026-01-31,15,REGISTRY_LAG_PSEUDO_REAL_TIME,
ALL_AUDITED_CANDIDATES,2026Q1,H2,standard,STRICT,exports_total,2026-02-28,2026-01-31,2026-01-31,26,REGISTRY_LAG_PSEUDO_REAL_TIME,
ALL_AUDITED_CANDIDATES,2026Q1,H2,standard,STRICT,exports_non_gold,2026-02-28,2026-01-31,2026-01-31,26,REGISTRY_LAG_PSEUDO_REAL_TIME,
ALL_AUDITED_CANDIDATES,2026Q1,H2,standard,STRICT,imports_total,2026-02-28,2026-01-31,2026-01-31,26,REGISTRY_LAG_PSEUDO_REAL_TIME,
ALL_AUDITED_CANDIDATES,2026Q1,H2,standard,STRICT,gold_exports_proxy,2026-02-28,2026-01-31,2026-01-31,26,REGISTRY_LAG_PSEUDO_REAL_TIME,
ALL_AUDITED_CANDIDATES,2026Q1,H2,standard,STRICT,usd_uzs,2026-02-28,2026-02-28,2026-02-28,0,REGISTRY_LAG_PSEUDO_REAL_TIME,
ALL_AUDITED_CANDIDATES,2026Q1,H2,standard,STRICT,rub_uzs,2026-02-28,2026-02-28,2026-02-28,0,REGISTRY_LAG_PSEUDO_REAL_TIME,
ALL_AUDITED_CANDIDATES,2026Q1,H2,standard,STRICT,gold_price,2026-02-28,2026-01-31,2026-01-31,7,REGISTRY_LAG_PSEUDO_REAL_TIME,
ALL_AUDITED_CANDIDATES,2026Q1,H2,standard,STRICT,russia_ipi,2026-02-28,2026-01-31,,23,REGISTRY_LAG_PSEUDO_REAL_TIME,
ALL_AUDITED_CANDIDATES,2026Q1,H2,standard,STRICT,m2,2026-02-28,2026-01-31,2026-01-31,25,REGISTRY_LAG_PSEUDO_REAL_TIME,
ALL_AUDITED_CANDIDATES,2026Q1,H2,standard,STRICT,household_deposits,2026-02-28,2026-01-31,2025-11-30,25,REGISTRY_LAG_PSEUDO_REAL_TIME,
ALL_AUDITED_CANDIDATES,2026Q1,H2,standard,STRICT,corporate_deposits,2026-02-28,2026-01-31,2025-11-30,25,REGISTRY_LAG_PSEUDO_REAL_TIME,
ALL_AUDITED_CANDIDATES,2026Q1,H2,standard,STRICT,household_credit,2026-02-28,2026-01-31,2025-11-30,25,REGISTRY_LAG_PSEUDO_REAL_TIME,
ALL_AUDITED_CANDIDATES,2026Q1,H2,standard,STRICT,corporate_credit,2026-02-28,2026-01-31,2025-11-30,25,REGISTRY_LAG_PSEUDO_REAL_TIME,
ALL_AUDITED_CANDIDATES,2026Q1,H2,standard,STRICT,fx_reserves_ex_gold,2026-02-28,2026-01-31,2026-01-31,7,REGISTRY_LAG_PSEUDO_REAL_TIME,
ALL_AUDITED_CANDIDATES,2026Q1,H2,standard,STRICT,pos_turnover,2026-02-28,2026-01-31,2024-12-31,18,REGISTRY_LAG_PSEUDO_REAL_TIME,
ALL_AUDITED_CANDIDATES,2026Q1,H2,standard,STRICT,instant_payments,2026-02-28,2026-01-31,2026-01-31,18,REGISTRY_LAG_PSEUDO_REAL_TIME,
ALL_AUDITED_CANDIDATES,2026Q1,H2,standard,STRICT,interbank_payments,2026-02-28,2026-01-31,2025-09-30,18,REGISTRY_LAG_PSEUDO_REAL_TIME,
ALL_AUDITED_CANDIDATES,2026Q1,H2,conservative,STRICT,industrial_production,2026-02-28,2025-12-31,2025-12-31,33,REGISTRY_LAG_PSEUDO_REAL_TIME,
ALL_AUDITED_CANDIDATES,2026Q1,H2,conservative,STRICT,manufacturing,2026-02-28,2025-12-31,2025-12-31,33,REGISTRY_LAG_PSEUDO_REAL_TIME,
ALL_AUDITED_CANDIDATES,2026Q1,H2,conservative,STRICT,mining,2026-02-28,2025-12-31,2025-12-31,33,REGISTRY_LAG_PSEUDO_REAL_TIME,
ALL_AUDITED_CANDIDATES,2026Q1,H2,conservative,STRICT,electricity_gas,2026-02-28,2025-12-31,2025-12-31,33,REGISTRY_LAG_PSEUDO_REAL_TIME,
ALL_AUDITED_CANDIDATES,2026Q1,H2,conservative,STRICT,construction,2026-02-28,2025-12-31,2025-12-31,27,REGISTRY_LAG_PSEUDO_REAL_TIME,
ALL_AUDITED_CANDIDATES,2026Q1,H2,conservative,STRICT,retail_trade,2026-02-28,2025-12-31,2025-12-31,24,REGISTRY_LAG_PSEUDO_REAL_TIME,
ALL_AUDITED_CANDIDATES,2026Q1,H2,conservative,STRICT,wholesale_trade,2026-02-28,2025-12-31,2025-12-31,24,REGISTRY_LAG_PSEUDO_REAL_TIME,
ALL_AUDITED_CANDIDATES,2026Q1,H2,conservative,STRICT,cpi_headline,2026-02-28,2026-01-31,2026-01-31,5,REGISTRY_LAG_PSEUDO_REAL_TIME,
ALL_AUDITED_CANDIDATES,2026Q1,H2,conservative,STRICT,cpi_food,2026-02-28,2026-01-31,2026-01-31,5,REGISTRY_LAG_PSEUDO_REAL_TIME,
ALL_AUDITED_CANDIDATES,2026Q1,H2,conservative,STRICT,cpi_services,2026-02-28,2026-01-31,2026-01-31,5,REGISTRY_LAG_PSEUDO_REAL_TIME,
ALL_AUDITED_CANDIDATES,2026Q1,H2,conservative,STRICT,ppi,2026-02-28,2025-12-31,2025-12-31,15,REGISTRY_LAG_PSEUDO_REAL_TIME,
ALL_AUDITED_CANDIDATES,2026Q1,H2,conservative,STRICT,exports_total,2026-02-28,2025-12-31,2025-12-31,26,REGISTRY_LAG_PSEUDO_REAL_TIME,
ALL_AUDITED_CANDIDATES,2026Q1,H2,conservative,STRICT,exports_non_gold,2026-02-28,2025-12-31,2025-12-31,26,REGISTRY_LAG_PSEUDO_REAL_TIME,
ALL_AUDITED_CANDIDATES,2026Q1,H2,conservative,STRICT,imports_total,2026-02-28,2025-12-31,2025-12-31,26,REGISTRY_LAG_PSEUDO_REAL_TIME,
ALL_AUDITED_CANDIDATES,2026Q1,H2,conservative,STRICT,gold_exports_proxy,2026-02-28,2025-12-31,2025-12-31,26,REGISTRY_LAG_PSEUDO_REAL_TIME,
ALL_AUDITED_CANDIDATES,2026Q1,H2,conservative,STRICT,usd_uzs,2026-02-28,2026-01-31,2026-01-31,0,REGISTRY_LAG_PSEUDO_REAL_TIME,
ALL_AUDITED_CANDIDATES,2026Q1,H2,conservative,STRICT,rub_uzs,2026-02-28,2026-01-31,2026-01-31,0,REGISTRY_LAG_PSEUDO_REAL_TIME,
ALL_AUDITED_CANDIDATES,2026Q1,H2,conservative,STRICT,gold_price,2026-02-28,2026-01-31,2026-01-31,7,REGISTRY_LAG_PSEUDO_REAL_TIME,
ALL_AUDITED_CANDIDATES,2026Q1,H2,conservative,STRICT,russia_ipi,2026-02-28,2025-12-31,,23,REGISTRY_LAG_PSEUDO_REAL_TIME,
ALL_AUDITED_CANDIDATES,2026Q1,H2,conservative,STRICT,m2,2026-02-28,2025-12-31,2025-12-31,25,REGISTRY_LAG_PSEUDO_REAL_TIME,
ALL_AUDITED_CANDIDATES,2026Q1,H2,conservative,STRICT,household_deposits,2026-02-28,2025-12-31,2025-11-30,25,REGISTRY_LAG_PSEUDO_REAL_TIME,
ALL_AUDITED_CANDIDATES,2026Q1,H2,conservative,STRICT,corporate_deposits,2026-02-28,2025-12-31,2025-11-30,25,REGISTRY_LAG_PSEUDO_REAL_TIME,
ALL_AUDITED_CANDIDATES,2026Q1,H2,conservative,STRICT,household_credit,2026-02-28,2025-12-31,2025-11-30,25,REGISTRY_LAG_PSEUDO_REAL_TIME,
ALL_AUDITED_CANDIDATES,2026Q1,H2,conservative,STRICT,corporate_credit,2026-02-28,2025-12-31,2025-11-30,25,REGISTRY_LAG_PSEUDO_REAL_TIME,
ALL_AUDITED_CANDIDATES,2026Q1,H2,conservative,STRICT,fx_reserves_ex_gold,2026-02-28,2026-01-31,2026-01-31,7,REGISTRY_LAG_PSEUDO_REAL_TIME,
ALL_AUDITED_CANDIDATES,2026Q1,H2,conservative,STRICT,pos_turnover,2026-02-28,2025-12-31,2024-12-31,18,REGISTRY_LAG_PSEUDO_REAL_TIME,
ALL_AUDITED_CANDIDATES,2026Q1,H2,conservative,STRICT,instant_payments,2026-02-28,2025-12-31,2025-12-31,18,REGISTRY_LAG_PSEUDO_REAL_TIME,
ALL_AUDITED_CANDIDATES,2026Q1,H2,conservative,STRICT,interbank_payments,2026-02-28,2025-12-31,2025-09-30,18,REGISTRY_LAG_PSEUDO_REAL_TIME,
ALL_AUDITED_CANDIDATES,2026Q1,H3,standard,STRICT,industrial_production,2026-03-31,2026-01-31,2026-01-31,33,REGISTRY_LAG_PSEUDO_REAL_TIME,
ALL_AUDITED_CANDIDATES,2026Q1,H3,standard,STRICT,manufacturing,2026-03-31,2026-01-31,2026-01-31,33,REGISTRY_LAG_PSEUDO_REAL_TIME,
ALL_AUDITED_CANDIDATES,2026Q1,H3,standard,STRICT,mining,2026-03-31,2026-01-31,2026-01-31,33,REGISTRY_LAG_PSEUDO_REAL_TIME,
ALL_AUDITED_CANDIDATES,2026Q1,H3,standard,STRICT,electricity_gas,2026-03-31,2026-01-31,2026-01-31,33,REGISTRY_LAG_PSEUDO_REAL_TIME,
ALL_AUDITED_CANDIDATES,2026Q1,H3,standard,STRICT,construction,2026-03-31,2026-02-28,2026-02-28,27,REGISTRY_LAG_PSEUDO_REAL_TIME,
ALL_AUDITED_CANDIDATES,2026Q1,H3,standard,STRICT,retail_trade,2026-03-31,2026-02-28,2026-02-28,24,REGISTRY_LAG_PSEUDO_REAL_TIME,
ALL_AUDITED_CANDIDATES,2026Q1,H3,standard,STRICT,wholesale_trade,2026-03-31,2026-02-28,2026-02-28,24,REGISTRY_LAG_PSEUDO_REAL_TIME,
ALL_AUDITED_CANDIDATES,2026Q1,H3,standard,STRICT,cpi_headline,2026-03-31,2026-02-28,2026-02-28,5,REGISTRY_LAG_PSEUDO_REAL_TIME,
ALL_AUDITED_CANDIDATES,2026Q1,H3,standard,STRICT,cpi_food,2026-03-31,2026-02-28,2026-02-28,5,REGISTRY_LAG_PSEUDO_REAL_TIME,
ALL_AUDITED_CANDIDATES,2026Q1,H3,standard,STRICT,cpi_services,2026-03-31,2026-02-28,2026-02-28,5,REGISTRY_LAG_PSEUDO_REAL_TIME,
ALL_AUDITED_CANDIDATES,2026Q1,H3,standard,STRICT,ppi,2026-03-31,2026-02-28,2026-02-28,15,REGISTRY_LAG_PSEUDO_REAL_TIME,
ALL_AUDITED_CANDIDATES,2026Q1,H3,standard,STRICT,exports_total,2026-03-31,2026-02-28,2026-02-28,26,REGISTRY_LAG_PSEUDO_REAL_TIME,
ALL_AUDITED_CANDIDATES,2026Q1,H3,standard,STRICT,exports_non_gold,2026-03-31,2026-02-28,2026-02-28,26,REGISTRY_LAG_PSEUDO_REAL_TIME,
ALL_AUDITED_CANDIDATES,2026Q1,H3,standard,STRICT,imports_total,2026-03-31,2026-02-28,2026-02-28,26,REGISTRY_LAG_PSEUDO_REAL_TIME,
ALL_AUDITED_CANDIDATES,2026Q1,H3,standard,STRICT,gold_exports_proxy,2026-03-31,2026-02-28,2026-02-28,26,REGISTRY_LAG_PSEUDO_REAL_TIME,
ALL_AUDITED_CANDIDATES,2026Q1,H3,standard,STRICT,usd_uzs,2026-03-31,2026-03-31,2026-03-31,0,REGISTRY_LAG_PSEUDO_REAL_TIME,
ALL_AUDITED_CANDIDATES,2026Q1,H3,standard,STRICT,rub_uzs,2026-03-31,2026-03-31,2026-03-31,0,REGISTRY_LAG_PSEUDO_REAL_TIME,
ALL_AUDITED_CANDIDATES,2026Q1,H3,standard,STRICT,gold_price,2026-03-31,2026-02-28,2026-02-28,7,REGISTRY_LAG_PSEUDO_REAL_TIME,
ALL_AUDITED_CANDIDATES,2026Q1,H3,standard,STRICT,russia_ipi,2026-03-31,2026-02-28,,23,REGISTRY_LAG_PSEUDO_REAL_TIME,
ALL_AUDITED_CANDIDATES,2026Q1,H3,standard,STRICT,m2,2026-03-31,2026-02-28,2026-02-28,25,REGISTRY_LAG_PSEUDO_REAL_TIME,
ALL_AUDITED_CANDIDATES,2026Q1,H3,standard,STRICT,household_deposits,2026-03-31,2026-02-28,2025-11-30,25,REGISTRY_LAG_PSEUDO_REAL_TIME,
ALL_AUDITED_CANDIDATES,2026Q1,H3,standard,STRICT,corporate_deposits,2026-03-31,2026-02-28,2025-11-30,25,REGISTRY_LAG_PSEUDO_REAL_TIME,
ALL_AUDITED_CANDIDATES,2026Q1,H3,standard,STRICT,household_credit,2026-03-31,2026-02-28,2025-11-30,25,REGISTRY_LAG_PSEUDO_REAL_TIME,
ALL_AUDITED_CANDIDATES,2026Q1,H3,standard,STRICT,corporate_credit,2026-03-31,2026-02-28,2025-11-30,25,REGISTRY_LAG_PSEUDO_REAL_TIME,
ALL_AUDITED_CANDIDATES,2026Q1,H3,standard,STRICT,fx_reserves_ex_gold,2026-03-31,2026-02-28,2026-02-28,7,REGISTRY_LAG_PSEUDO_REAL_TIME,
ALL_AUDITED_CANDIDATES,2026Q1,H3,standard,STRICT,pos_turnover,2026-03-31,2026-02-28,2024-12-31,18,REGISTRY_LAG_PSEUDO_REAL_TIME,
ALL_AUDITED_CANDIDATES,2026Q1,H3,standard,STRICT,instant_payments,2026-03-31,2026-02-28,2026-02-28,18,REGISTRY_LAG_PSEUDO_REAL_TIME,
ALL_AUDITED_CANDIDATES,2026Q1,H3,standard,STRICT,interbank_payments,2026-03-31,2026-02-28,2025-09-30,18,REGISTRY_LAG_PSEUDO_REAL_TIME,
ALL_AUDITED_CANDIDATES,2026Q1,H3,conservative,STRICT,industrial_production,2026-03-31,2026-01-31,2026-01-31,33,REGISTRY_LAG_PSEUDO_REAL_TIME,
ALL_AUDITED_CANDIDATES,2026Q1,H3,conservative,STRICT,manufacturing,2026-03-31,2026-01-31,2026-01-31,33,REGISTRY_LAG_PSEUDO_REAL_TIME,
ALL_AUDITED_CANDIDATES,2026Q1,H3,conservative,STRICT,mining,2026-03-31,2026-01-31,2026-01-31,33,REGISTRY_LAG_PSEUDO_REAL_TIME,
ALL_AUDITED_CANDIDATES,2026Q1,H3,conservative,STRICT,electricity_gas,2026-03-31,2026-01-31,2026-01-31,33,REGISTRY_LAG_PSEUDO_REAL_TIME,
ALL_AUDITED_CANDIDATES,2026Q1,H3,conservative,STRICT,construction,2026-03-31,2026-01-31,2026-01-31,27,REGISTRY_LAG_PSEUDO_REAL_TIME,
ALL_AUDITED_CANDIDATES,2026Q1,H3,conservative,STRICT,retail_trade,2026-03-31,2026-01-31,2026-01-31,24,REGISTRY_LAG_PSEUDO_REAL_TIME,
ALL_AUDITED_CANDIDATES,2026Q1,H3,conservative,STRICT,wholesale_trade,2026-03-31,2026-01-31,2026-01-31,24,REGISTRY_LAG_PSEUDO_REAL_TIME,
ALL_AUDITED_CANDIDATES,2026Q1,H3,conservative,STRICT,cpi_headline,2026-03-31,2026-02-28,2026-02-28,5,REGISTRY_LAG_PSEUDO_REAL_TIME,
ALL_AUDITED_CANDIDATES,2026Q1,H3,conservative,STRICT,cpi_food,2026-03-31,2026-02-28,2026-02-28,5,REGISTRY_LAG_PSEUDO_REAL_TIME,
ALL_AUDITED_CANDIDATES,2026Q1,H3,conservative,STRICT,cpi_services,2026-03-31,2026-02-28,2026-02-28,5,REGISTRY_LAG_PSEUDO_REAL_TIME,
ALL_AUDITED_CANDIDATES,2026Q1,H3,conservative,STRICT,ppi,2026-03-31,2026-02-28,2026-02-28,15,REGISTRY_LAG_PSEUDO_REAL_TIME,
ALL_AUDITED_CANDIDATES,2026Q1,H3,conservative,STRICT,exports_total,2026-03-31,2026-01-31,2026-01-31,26,REGISTRY_LAG_PSEUDO_REAL_TIME,
ALL_AUDITED_CANDIDATES,2026Q1,H3,conservative,STRICT,exports_non_gold,2026-03-31,2026-01-31,2026-01-31,26,REGISTRY_LAG_PSEUDO_REAL_TIME,
ALL_AUDITED_CANDIDATES,2026Q1,H3,conservative,STRICT,imports_total,2026-03-31,2026-01-31,2026-01-31,26,REGISTRY_LAG_PSEUDO_REAL_TIME,
ALL_AUDITED_CANDIDATES,2026Q1,H3,conservative,STRICT,gold_exports_proxy,2026-03-31,2026-01-31,2026-01-31,26,REGISTRY_LAG_PSEUDO_REAL_TIME,
ALL_AUDITED_CANDIDATES,2026Q1,H3,conservative,STRICT,usd_uzs,2026-03-31,2026-02-28,2026-02-28,0,REGISTRY_LAG_PSEUDO_REAL_TIME,
ALL_AUDITED_CANDIDATES,2026Q1,H3,conservative,STRICT,rub_uzs,2026-03-31,2026-02-28,2026-02-28,0,REGISTRY_LAG_PSEUDO_REAL_TIME,
ALL_AUDITED_CANDIDATES,2026Q1,H3,conservative,STRICT,gold_price,2026-03-31,2026-02-28,2026-02-28,7,REGISTRY_LAG_PSEUDO_REAL_TIME,
ALL_AUDITED_CANDIDATES,2026Q1,H3,conservative,STRICT,russia_ipi,2026-03-31,2026-01-31,,23,REGISTRY_LAG_PSEUDO_REAL_TIME,
ALL_AUDITED_CANDIDATES,2026Q1,H3,conservative,STRICT,m2,2026-03-31,2026-01-31,2026-01-31,25,REGISTRY_LAG_PSEUDO_REAL_TIME,
ALL_AUDITED_CANDIDATES,2026Q1,H3,conservative,STRICT,household_deposits,2026-03-31,2026-01-31,2025-11-30,25,REGISTRY_LAG_PSEUDO_REAL_TIME,
ALL_AUDITED_CANDIDATES,2026Q1,H3,conservative,STRICT,corporate_deposits,2026-03-31,2026-01-31,2025-11-30,25,REGISTRY_LAG_PSEUDO_REAL_TIME,
ALL_AUDITED_CANDIDATES,2026Q1,H3,conservative,STRICT,household_credit,2026-03-31,2026-01-31,2025-11-30,25,REGISTRY_LAG_PSEUDO_REAL_TIME,
ALL_AUDITED_CANDIDATES,2026Q1,H3,conservative,STRICT,corporate_credit,2026-03-31,2026-01-31,2025-11-30,25,REGISTRY_LAG_PSEUDO_REAL_TIME,
ALL_AUDITED_CANDIDATES,2026Q1,H3,conservative,STRICT,fx_reserves_ex_gold,2026-03-31,2026-02-28,2026-02-28,7,REGISTRY_LAG_PSEUDO_REAL_TIME,
ALL_AUDITED_CANDIDATES,2026Q1,H3,conservative,STRICT,pos_turnover,2026-03-31,2026-01-31,2024-12-31,18,REGISTRY_LAG_PSEUDO_REAL_TIME,
ALL_AUDITED_CANDIDATES,2026Q1,H3,conservative,STRICT,instant_payments,2026-03-31,2026-01-31,2026-01-31,18,REGISTRY_LAG_PSEUDO_REAL_TIME,
ALL_AUDITED_CANDIDATES,2026Q1,H3,conservative,STRICT,interbank_payments,2026-03-31,2026-01-31,2025-09-30,18,REGISTRY_LAG_PSEUDO_REAL_TIME,
ALL_AUDITED_CANDIDATES,2026Q2,H1,standard,STRICT,industrial_production,2026-04-30,2026-02-28,2026-02-28,33,REGISTRY_LAG_PSEUDO_REAL_TIME,
ALL_AUDITED_CANDIDATES,2026Q2,H1,standard,STRICT,manufacturing,2026-04-30,2026-02-28,2026-02-28,33,REGISTRY_LAG_PSEUDO_REAL_TIME,
ALL_AUDITED_CANDIDATES,2026Q2,H1,standard,STRICT,mining,2026-04-30,2026-02-28,2026-02-28,33,REGISTRY_LAG_PSEUDO_REAL_TIME,
ALL_AUDITED_CANDIDATES,2026Q2,H1,standard,STRICT,electricity_gas,2026-04-30,2026-02-28,2026-02-28,33,REGISTRY_LAG_PSEUDO_REAL_TIME,
ALL_AUDITED_CANDIDATES,2026Q2,H1,standard,STRICT,construction,2026-04-30,2026-03-31,2026-03-31,27,REGISTRY_LAG_PSEUDO_REAL_TIME,
ALL_AUDITED_CANDIDATES,2026Q2,H1,standard,STRICT,retail_trade,2026-04-30,2026-03-31,2026-03-31,24,REGISTRY_LAG_PSEUDO_REAL_TIME,
ALL_AUDITED_CANDIDATES,2026Q2,H1,standard,STRICT,wholesale_trade,2026-04-30,2026-03-31,2026-03-31,24,REGISTRY_LAG_PSEUDO_REAL_TIME,
ALL_AUDITED_CANDIDATES,2026Q2,H1,standard,STRICT,cpi_headline,2026-04-30,2026-03-31,2026-03-31,5,REGISTRY_LAG_PSEUDO_REAL_TIME,
ALL_AUDITED_CANDIDATES,2026Q2,H1,standard,STRICT,cpi_food,2026-04-30,2026-03-31,2026-03-31,5,REGISTRY_LAG_PSEUDO_REAL_TIME,
ALL_AUDITED_CANDIDATES,2026Q2,H1,standard,STRICT,cpi_services,2026-04-30,2026-03-31,2026-03-31,5,REGISTRY_LAG_PSEUDO_REAL_TIME,
ALL_AUDITED_CANDIDATES,2026Q2,H1,standard,STRICT,ppi,2026-04-30,2026-03-31,2026-03-31,15,REGISTRY_LAG_PSEUDO_REAL_TIME,
ALL_AUDITED_CANDIDATES,2026Q2,H1,standard,STRICT,exports_total,2026-04-30,2026-03-31,2026-03-31,26,REGISTRY_LAG_PSEUDO_REAL_TIME,
ALL_AUDITED_CANDIDATES,2026Q2,H1,standard,STRICT,exports_non_gold,2026-04-30,2026-03-31,2026-03-31,26,REGISTRY_LAG_PSEUDO_REAL_TIME,
ALL_AUDITED_CANDIDATES,2026Q2,H1,standard,STRICT,imports_total,2026-04-30,2026-03-31,2026-03-31,26,REGISTRY_LAG_PSEUDO_REAL_TIME,
ALL_AUDITED_CANDIDATES,2026Q2,H1,standard,STRICT,gold_exports_proxy,2026-04-30,2026-03-31,2026-03-31,26,REGISTRY_LAG_PSEUDO_REAL_TIME,
ALL_AUDITED_CANDIDATES,2026Q2,H1,standard,STRICT,usd_uzs,2026-04-30,2026-04-30,2026-04-30,0,REGISTRY_LAG_PSEUDO_REAL_TIME,
ALL_AUDITED_CANDIDATES,2026Q2,H1,standard,STRICT,rub_uzs,2026-04-30,2026-04-30,2026-04-30,0,REGISTRY_LAG_PSEUDO_REAL_TIME,
ALL_AUDITED_CANDIDATES,2026Q2,H1,standard,STRICT,gold_price,2026-04-30,2026-03-31,2026-03-31,7,REGISTRY_LAG_PSEUDO_REAL_TIME,
ALL_AUDITED_CANDIDATES,2026Q2,H1,standard,STRICT,russia_ipi,2026-04-30,2026-03-31,,23,REGISTRY_LAG_PSEUDO_REAL_TIME,
ALL_AUDITED_CANDIDATES,2026Q2,H1,standard,STRICT,m2,2026-04-30,2026-03-31,2026-03-31,25,REGISTRY_LAG_PSEUDO_REAL_TIME,
ALL_AUDITED_CANDIDATES,2026Q2,H1,standard,STRICT,household_deposits,2026-04-30,2026-03-31,2025-11-30,25,REGISTRY_LAG_PSEUDO_REAL_TIME,
ALL_AUDITED_CANDIDATES,2026Q2,H1,standard,STRICT,corporate_deposits,2026-04-30,2026-03-31,2025-11-30,25,REGISTRY_LAG_PSEUDO_REAL_TIME,
ALL_AUDITED_CANDIDATES,2026Q2,H1,standard,STRICT,household_credit,2026-04-30,2026-03-31,2025-11-30,25,REGISTRY_LAG_PSEUDO_REAL_TIME,
ALL_AUDITED_CANDIDATES,2026Q2,H1,standard,STRICT,corporate_credit,2026-04-30,2026-03-31,2025-11-30,25,REGISTRY_LAG_PSEUDO_REAL_TIME,
ALL_AUDITED_CANDIDATES,2026Q2,H1,standard,STRICT,fx_reserves_ex_gold,2026-04-30,2026-03-31,2026-03-31,7,REGISTRY_LAG_PSEUDO_REAL_TIME,
ALL_AUDITED_CANDIDATES,2026Q2,H1,standard,STRICT,pos_turnover,2026-04-30,2026-03-31,2024-12-31,18,REGISTRY_LAG_PSEUDO_REAL_TIME,
ALL_AUDITED_CANDIDATES,2026Q2,H1,standard,STRICT,instant_payments,2026-04-30,2026-03-31,2026-03-31,18,REGISTRY_LAG_PSEUDO_REAL_TIME,
ALL_AUDITED_CANDIDATES,2026Q2,H1,standard,STRICT,interbank_payments,2026-04-30,2026-03-31,2025-09-30,18,REGISTRY_LAG_PSEUDO_REAL_TIME,
ALL_AUDITED_CANDIDATES,2026Q2,H1,conservative,STRICT,industrial_production,2026-04-30,2026-02-28,2026-02-28,33,REGISTRY_LAG_PSEUDO_REAL_TIME,
ALL_AUDITED_CANDIDATES,2026Q2,H1,conservative,STRICT,manufacturing,2026-04-30,2026-02-28,2026-02-28,33,REGISTRY_LAG_PSEUDO_REAL_TIME,
ALL_AUDITED_CANDIDATES,2026Q2,H1,conservative,STRICT,mining,2026-04-30,2026-02-28,2026-02-28,33,REGISTRY_LAG_PSEUDO_REAL_TIME,
ALL_AUDITED_CANDIDATES,2026Q2,H1,conservative,STRICT,electricity_gas,2026-04-30,2026-02-28,2026-02-28,33,REGISTRY_LAG_PSEUDO_REAL_TIME,
ALL_AUDITED_CANDIDATES,2026Q2,H1,conservative,STRICT,construction,2026-04-30,2026-02-28,2026-02-28,27,REGISTRY_LAG_PSEUDO_REAL_TIME,
ALL_AUDITED_CANDIDATES,2026Q2,H1,conservative,STRICT,retail_trade,2026-04-30,2026-02-28,2026-02-28,24,REGISTRY_LAG_PSEUDO_REAL_TIME,
ALL_AUDITED_CANDIDATES,2026Q2,H1,conservative,STRICT,wholesale_trade,2026-04-30,2026-02-28,2026-02-28,24,REGISTRY_LAG_PSEUDO_REAL_TIME,
ALL_AUDITED_CANDIDATES,2026Q2,H1,conservative,STRICT,cpi_headline,2026-04-30,2026-03-31,2026-03-31,5,REGISTRY_LAG_PSEUDO_REAL_TIME,
ALL_AUDITED_CANDIDATES,2026Q2,H1,conservative,STRICT,cpi_food,2026-04-30,2026-03-31,2026-03-31,5,REGISTRY_LAG_PSEUDO_REAL_TIME,
ALL_AUDITED_CANDIDATES,2026Q2,H1,conservative,STRICT,cpi_services,2026-04-30,2026-03-31,2026-03-31,5,REGISTRY_LAG_PSEUDO_REAL_TIME,
ALL_AUDITED_CANDIDATES,2026Q2,H1,conservative,STRICT,ppi,2026-04-30,2026-03-31,2026-03-31,15,REGISTRY_LAG_PSEUDO_REAL_TIME,
ALL_AUDITED_CANDIDATES,2026Q2,H1,conservative,STRICT,exports_total,2026-04-30,2026-02-28,2026-02-28,26,REGISTRY_LAG_PSEUDO_REAL_TIME,
ALL_AUDITED_CANDIDATES,2026Q2,H1,conservative,STRICT,exports_non_gold,2026-04-30,2026-02-28,2026-02-28,26,REGISTRY_LAG_PSEUDO_REAL_TIME,
ALL_AUDITED_CANDIDATES,2026Q2,H1,conservative,STRICT,imports_total,2026-04-30,2026-02-28,2026-02-28,26,REGISTRY_LAG_PSEUDO_REAL_TIME,
ALL_AUDITED_CANDIDATES,2026Q2,H1,conservative,STRICT,gold_exports_proxy,2026-04-30,2026-02-28,2026-02-28,26,REGISTRY_LAG_PSEUDO_REAL_TIME,
ALL_AUDITED_CANDIDATES,2026Q2,H1,conservative,STRICT,usd_uzs,2026-04-30,2026-03-31,2026-03-31,0,REGISTRY_LAG_PSEUDO_REAL_TIME,
ALL_AUDITED_CANDIDATES,2026Q2,H1,conservative,STRICT,rub_uzs,2026-04-30,2026-03-31,2026-03-31,0,REGISTRY_LAG_PSEUDO_REAL_TIME,
ALL_AUDITED_CANDIDATES,2026Q2,H1,conservative,STRICT,gold_price,2026-04-30,2026-03-31,2026-03-31,7,REGISTRY_LAG_PSEUDO_REAL_TIME,
ALL_AUDITED_CANDIDATES,2026Q2,H1,conservative,STRICT,russia_ipi,2026-04-30,2026-02-28,,23,REGISTRY_LAG_PSEUDO_REAL_TIME,
ALL_AUDITED_CANDIDATES,2026Q2,H1,conservative,STRICT,m2,2026-04-30,2026-02-28,2026-02-28,25,REGISTRY_LAG_PSEUDO_REAL_TIME,
ALL_AUDITED_CANDIDATES,2026Q2,H1,conservative,STRICT,household_deposits,2026-04-30,2026-02-28,2025-11-30,25,REGISTRY_LAG_PSEUDO_REAL_TIME,
ALL_AUDITED_CANDIDATES,2026Q2,H1,conservative,STRICT,corporate_deposits,2026-04-30,2026-02-28,2025-11-30,25,REGISTRY_LAG_PSEUDO_REAL_TIME,
ALL_AUDITED_CANDIDATES,2026Q2,H1,conservative,STRICT,household_credit,2026-04-30,2026-02-28,2025-11-30,25,REGISTRY_LAG_PSEUDO_REAL_TIME,
ALL_AUDITED_CANDIDATES,2026Q2,H1,conservative,STRICT,corporate_credit,2026-04-30,2026-02-28,2025-11-30,25,REGISTRY_LAG_PSEUDO_REAL_TIME,
ALL_AUDITED_CANDIDATES,2026Q2,H1,conservative,STRICT,fx_reserves_ex_gold,2026-04-30,2026-03-31,2026-03-31,7,REGISTRY_LAG_PSEUDO_REAL_TIME,
ALL_AUDITED_CANDIDATES,2026Q2,H1,conservative,STRICT,pos_turnover,2026-04-30,2026-02-28,2024-12-31,18,REGISTRY_LAG_PSEUDO_REAL_TIME,
ALL_AUDITED_CANDIDATES,2026Q2,H1,conservative,STRICT,instant_payments,2026-04-30,2026-02-28,2026-02-28,18,REGISTRY_LAG_PSEUDO_REAL_TIME,
ALL_AUDITED_CANDIDATES,2026Q2,H1,conservative,STRICT,interbank_payments,2026-04-30,2026-02-28,2025-09-30,18,REGISTRY_LAG_PSEUDO_REAL_TIME,
ALL_AUDITED_CANDIDATES,2026Q2,H2,standard,STRICT,industrial_production,2026-05-31,2026-03-31,2026-03-31,33,REGISTRY_LAG_PSEUDO_REAL_TIME,
ALL_AUDITED_CANDIDATES,2026Q2,H2,standard,STRICT,manufacturing,2026-05-31,2026-03-31,2026-03-31,33,REGISTRY_LAG_PSEUDO_REAL_TIME,
ALL_AUDITED_CANDIDATES,2026Q2,H2,standard,STRICT,mining,2026-05-31,2026-03-31,2026-03-31,33,REGISTRY_LAG_PSEUDO_REAL_TIME,
ALL_AUDITED_CANDIDATES,2026Q2,H2,standard,STRICT,electricity_gas,2026-05-31,2026-03-31,2026-03-31,33,REGISTRY_LAG_PSEUDO_REAL_TIME,
ALL_AUDITED_CANDIDATES,2026Q2,H2,standard,STRICT,construction,2026-05-31,2026-04-30,2026-04-30,27,REGISTRY_LAG_PSEUDO_REAL_TIME,
ALL_AUDITED_CANDIDATES,2026Q2,H2,standard,STRICT,retail_trade,2026-05-31,2026-04-30,2026-04-30,24,REGISTRY_LAG_PSEUDO_REAL_TIME,
ALL_AUDITED_CANDIDATES,2026Q2,H2,standard,STRICT,wholesale_trade,2026-05-31,2026-04-30,2026-04-30,24,REGISTRY_LAG_PSEUDO_REAL_TIME,
ALL_AUDITED_CANDIDATES,2026Q2,H2,standard,STRICT,cpi_headline,2026-05-31,2026-04-30,2026-04-30,5,REGISTRY_LAG_PSEUDO_REAL_TIME,
ALL_AUDITED_CANDIDATES,2026Q2,H2,standard,STRICT,cpi_food,2026-05-31,2026-04-30,2026-04-30,5,REGISTRY_LAG_PSEUDO_REAL_TIME,
ALL_AUDITED_CANDIDATES,2026Q2,H2,standard,STRICT,cpi_services,2026-05-31,2026-04-30,2026-04-30,5,REGISTRY_LAG_PSEUDO_REAL_TIME,
ALL_AUDITED_CANDIDATES,2026Q2,H2,standard,STRICT,ppi,2026-05-31,2026-04-30,2026-04-30,15,REGISTRY_LAG_PSEUDO_REAL_TIME,
ALL_AUDITED_CANDIDATES,2026Q2,H2,standard,STRICT,exports_total,2026-05-31,2026-04-30,2026-04-30,26,REGISTRY_LAG_PSEUDO_REAL_TIME,
ALL_AUDITED_CANDIDATES,2026Q2,H2,standard,STRICT,exports_non_gold,2026-05-31,2026-04-30,2026-04-30,26,REGISTRY_LAG_PSEUDO_REAL_TIME,
ALL_AUDITED_CANDIDATES,2026Q2,H2,standard,STRICT,imports_total,2026-05-31,2026-04-30,2026-04-30,26,REGISTRY_LAG_PSEUDO_REAL_TIME,
ALL_AUDITED_CANDIDATES,2026Q2,H2,standard,STRICT,gold_exports_proxy,2026-05-31,2026-04-30,2026-04-30,26,REGISTRY_LAG_PSEUDO_REAL_TIME,
ALL_AUDITED_CANDIDATES,2026Q2,H2,standard,STRICT,usd_uzs,2026-05-31,2026-05-31,2026-05-31,0,REGISTRY_LAG_PSEUDO_REAL_TIME,
ALL_AUDITED_CANDIDATES,2026Q2,H2,standard,STRICT,rub_uzs,2026-05-31,2026-05-31,2026-05-31,0,REGISTRY_LAG_PSEUDO_REAL_TIME,
ALL_AUDITED_CANDIDATES,2026Q2,H2,standard,STRICT,gold_price,2026-05-31,2026-04-30,2026-04-30,7,REGISTRY_LAG_PSEUDO_REAL_TIME,
ALL_AUDITED_CANDIDATES,2026Q2,H2,standard,STRICT,russia_ipi,2026-05-31,2026-04-30,,23,REGISTRY_LAG_PSEUDO_REAL_TIME,
ALL_AUDITED_CANDIDATES,2026Q2,H2,standard,STRICT,m2,2026-05-31,2026-04-30,2026-04-30,25,REGISTRY_LAG_PSEUDO_REAL_TIME,
ALL_AUDITED_CANDIDATES,2026Q2,H2,standard,STRICT,household_deposits,2026-05-31,2026-04-30,2025-11-30,25,REGISTRY_LAG_PSEUDO_REAL_TIME,
ALL_AUDITED_CANDIDATES,2026Q2,H2,standard,STRICT,corporate_deposits,2026-05-31,2026-04-30,2025-11-30,25,REGISTRY_LAG_PSEUDO_REAL_TIME,
ALL_AUDITED_CANDIDATES,2026Q2,H2,standard,STRICT,household_credit,2026-05-31,2026-04-30,2025-11-30,25,REGISTRY_LAG_PSEUDO_REAL_TIME,
ALL_AUDITED_CANDIDATES,2026Q2,H2,standard,STRICT,corporate_credit,2026-05-31,2026-04-30,2025-11-30,25,REGISTRY_LAG_PSEUDO_REAL_TIME,
ALL_AUDITED_CANDIDATES,2026Q2,H2,standard,STRICT,fx_reserves_ex_gold,2026-05-31,2026-04-30,2026-04-30,7,REGISTRY_LAG_PSEUDO_REAL_TIME,
ALL_AUDITED_CANDIDATES,2026Q2,H2,standard,STRICT,pos_turnover,2026-05-31,2026-04-30,2024-12-31,18,REGISTRY_LAG_PSEUDO_REAL_TIME,
ALL_AUDITED_CANDIDATES,2026Q2,H2,standard,STRICT,instant_payments,2026-05-31,2026-04-30,2026-03-31,18,REGISTRY_LAG_PSEUDO_REAL_TIME,
ALL_AUDITED_CANDIDATES,2026Q2,H2,standard,STRICT,interbank_payments,2026-05-31,2026-04-30,2025-09-30,18,REGISTRY_LAG_PSEUDO_REAL_TIME,
ALL_AUDITED_CANDIDATES,2026Q2,H2,conservative,STRICT,industrial_production,2026-05-31,2026-03-31,2026-03-31,33,REGISTRY_LAG_PSEUDO_REAL_TIME,
ALL_AUDITED_CANDIDATES,2026Q2,H2,conservative,STRICT,manufacturing,2026-05-31,2026-03-31,2026-03-31,33,REGISTRY_LAG_PSEUDO_REAL_TIME,
ALL_AUDITED_CANDIDATES,2026Q2,H2,conservative,STRICT,mining,2026-05-31,2026-03-31,2026-03-31,33,REGISTRY_LAG_PSEUDO_REAL_TIME,
ALL_AUDITED_CANDIDATES,2026Q2,H2,conservative,STRICT,electricity_gas,2026-05-31,2026-03-31,2026-03-31,33,REGISTRY_LAG_PSEUDO_REAL_TIME,
ALL_AUDITED_CANDIDATES,2026Q2,H2,conservative,STRICT,construction,2026-05-31,2026-03-31,2026-03-31,27,REGISTRY_LAG_PSEUDO_REAL_TIME,
ALL_AUDITED_CANDIDATES,2026Q2,H2,conservative,STRICT,retail_trade,2026-05-31,2026-03-31,2026-03-31,24,REGISTRY_LAG_PSEUDO_REAL_TIME,
ALL_AUDITED_CANDIDATES,2026Q2,H2,conservative,STRICT,wholesale_trade,2026-05-31,2026-03-31,2026-03-31,24,REGISTRY_LAG_PSEUDO_REAL_TIME,
ALL_AUDITED_CANDIDATES,2026Q2,H2,conservative,STRICT,cpi_headline,2026-05-31,2026-04-30,2026-04-30,5,REGISTRY_LAG_PSEUDO_REAL_TIME,
ALL_AUDITED_CANDIDATES,2026Q2,H2,conservative,STRICT,cpi_food,2026-05-31,2026-04-30,2026-04-30,5,REGISTRY_LAG_PSEUDO_REAL_TIME,
ALL_AUDITED_CANDIDATES,2026Q2,H2,conservative,STRICT,cpi_services,2026-05-31,2026-04-30,2026-04-30,5,REGISTRY_LAG_PSEUDO_REAL_TIME,
ALL_AUDITED_CANDIDATES,2026Q2,H2,conservative,STRICT,ppi,2026-05-31,2026-04-30,2026-04-30,15,REGISTRY_LAG_PSEUDO_REAL_TIME,
ALL_AUDITED_CANDIDATES,2026Q2,H2,conservative,STRICT,exports_total,2026-05-31,2026-03-31,2026-03-31,26,REGISTRY_LAG_PSEUDO_REAL_TIME,
ALL_AUDITED_CANDIDATES,2026Q2,H2,conservative,STRICT,exports_non_gold,2026-05-31,2026-03-31,2026-03-31,26,REGISTRY_LAG_PSEUDO_REAL_TIME,
ALL_AUDITED_CANDIDATES,2026Q2,H2,conservative,STRICT,imports_total,2026-05-31,2026-03-31,2026-03-31,26,REGISTRY_LAG_PSEUDO_REAL_TIME,
ALL_AUDITED_CANDIDATES,2026Q2,H2,conservative,STRICT,gold_exports_proxy,2026-05-31,2026-03-31,2026-03-31,26,REGISTRY_LAG_PSEUDO_REAL_TIME,
ALL_AUDITED_CANDIDATES,2026Q2,H2,conservative,STRICT,usd_uzs,2026-05-31,2026-04-30,2026-04-30,0,REGISTRY_LAG_PSEUDO_REAL_TIME,
ALL_AUDITED_CANDIDATES,2026Q2,H2,conservative,STRICT,rub_uzs,2026-05-31,2026-04-30,2026-04-30,0,REGISTRY_LAG_PSEUDO_REAL_TIME,
ALL_AUDITED_CANDIDATES,2026Q2,H2,conservative,STRICT,gold_price,2026-05-31,2026-04-30,2026-04-30,7,REGISTRY_LAG_PSEUDO_REAL_TIME,
ALL_AUDITED_CANDIDATES,2026Q2,H2,conservative,STRICT,russia_ipi,2026-05-31,2026-03-31,,23,REGISTRY_LAG_PSEUDO_REAL_TIME,
ALL_AUDITED_CANDIDATES,2026Q2,H2,conservative,STRICT,m2,2026-05-31,2026-03-31,2026-03-31,25,REGISTRY_LAG_PSEUDO_REAL_TIME,
ALL_AUDITED_CANDIDATES,2026Q2,H2,conservative,STRICT,household_deposits,2026-05-31,2026-03-31,2025-11-30,25,REGISTRY_LAG_PSEUDO_REAL_TIME,
ALL_AUDITED_CANDIDATES,2026Q2,H2,conservative,STRICT,corporate_deposits,2026-05-31,2026-03-31,2025-11-30,25,REGISTRY_LAG_PSEUDO_REAL_TIME,
ALL_AUDITED_CANDIDATES,2026Q2,H2,conservative,STRICT,household_credit,2026-05-31,2026-03-31,2025-11-30,25,REGISTRY_LAG_PSEUDO_REAL_TIME,
ALL_AUDITED_CANDIDATES,2026Q2,H2,conservative,STRICT,corporate_credit,2026-05-31,2026-03-31,2025-11-30,25,REGISTRY_LAG_PSEUDO_REAL_TIME,
ALL_AUDITED_CANDIDATES,2026Q2,H2,conservative,STRICT,fx_reserves_ex_gold,2026-05-31,2026-04-30,2026-04-30,7,REGISTRY_LAG_PSEUDO_REAL_TIME,
ALL_AUDITED_CANDIDATES,2026Q2,H2,conservative,STRICT,pos_turnover,2026-05-31,2026-03-31,2024-12-31,18,REGISTRY_LAG_PSEUDO_REAL_TIME,
ALL_AUDITED_CANDIDATES,2026Q2,H2,conservative,STRICT,instant_payments,2026-05-31,2026-03-31,2026-03-31,18,REGISTRY_LAG_PSEUDO_REAL_TIME,
ALL_AUDITED_CANDIDATES,2026Q2,H2,conservative,STRICT,interbank_payments,2026-05-31,2026-03-31,2025-09-30,18,REGISTRY_LAG_PSEUDO_REAL_TIME,
ALL_AUDITED_CANDIDATES,2026Q2,H3,standard,STRICT,industrial_production,2026-06-30,2026-04-30,2026-04-30,33,REGISTRY_LAG_PSEUDO_REAL_TIME,
ALL_AUDITED_CANDIDATES,2026Q2,H3,standard,STRICT,manufacturing,2026-06-30,2026-04-30,2026-04-30,33,REGISTRY_LAG_PSEUDO_REAL_TIME,
ALL_AUDITED_CANDIDATES,2026Q2,H3,standard,STRICT,mining,2026-06-30,2026-04-30,2026-04-30,33,REGISTRY_LAG_PSEUDO_REAL_TIME,
ALL_AUDITED_CANDIDATES,2026Q2,H3,standard,STRICT,electricity_gas,2026-06-30,2026-04-30,2026-04-30,33,REGISTRY_LAG_PSEUDO_REAL_TIME,
ALL_AUDITED_CANDIDATES,2026Q2,H3,standard,STRICT,construction,2026-06-30,2026-05-31,2026-05-31,27,REGISTRY_LAG_PSEUDO_REAL_TIME,
ALL_AUDITED_CANDIDATES,2026Q2,H3,standard,STRICT,retail_trade,2026-06-30,2026-05-31,2026-05-31,24,REGISTRY_LAG_PSEUDO_REAL_TIME,
ALL_AUDITED_CANDIDATES,2026Q2,H3,standard,STRICT,wholesale_trade,2026-06-30,2026-05-31,2026-05-31,24,REGISTRY_LAG_PSEUDO_REAL_TIME,
ALL_AUDITED_CANDIDATES,2026Q2,H3,standard,STRICT,cpi_headline,2026-06-30,2026-05-31,2026-05-31,5,REGISTRY_LAG_PSEUDO_REAL_TIME,
ALL_AUDITED_CANDIDATES,2026Q2,H3,standard,STRICT,cpi_food,2026-06-30,2026-05-31,2026-05-31,5,REGISTRY_LAG_PSEUDO_REAL_TIME,
ALL_AUDITED_CANDIDATES,2026Q2,H3,standard,STRICT,cpi_services,2026-06-30,2026-05-31,2026-05-31,5,REGISTRY_LAG_PSEUDO_REAL_TIME,
ALL_AUDITED_CANDIDATES,2026Q2,H3,standard,STRICT,ppi,2026-06-30,2026-05-31,2026-05-31,15,REGISTRY_LAG_PSEUDO_REAL_TIME,
ALL_AUDITED_CANDIDATES,2026Q2,H3,standard,STRICT,exports_total,2026-06-30,2026-05-31,2026-05-31,26,REGISTRY_LAG_PSEUDO_REAL_TIME,
ALL_AUDITED_CANDIDATES,2026Q2,H3,standard,STRICT,exports_non_gold,2026-06-30,2026-05-31,2026-05-31,26,REGISTRY_LAG_PSEUDO_REAL_TIME,
ALL_AUDITED_CANDIDATES,2026Q2,H3,standard,STRICT,imports_total,2026-06-30,2026-05-31,2026-05-31,26,REGISTRY_LAG_PSEUDO_REAL_TIME,
ALL_AUDITED_CANDIDATES,2026Q2,H3,standard,STRICT,gold_exports_proxy,2026-06-30,2026-05-31,2026-05-31,26,REGISTRY_LAG_PSEUDO_REAL_TIME,
ALL_AUDITED_CANDIDATES,2026Q2,H3,standard,STRICT,usd_uzs,2026-06-30,2026-06-30,2026-06-30,0,REGISTRY_LAG_PSEUDO_REAL_TIME,
ALL_AUDITED_CANDIDATES,2026Q2,H3,standard,STRICT,rub_uzs,2026-06-30,2026-06-30,2026-06-30,0,REGISTRY_LAG_PSEUDO_REAL_TIME,
ALL_AUDITED_CANDIDATES,2026Q2,H3,standard,STRICT,gold_price,2026-06-30,2026-05-31,2026-05-31,7,REGISTRY_LAG_PSEUDO_REAL_TIME,
ALL_AUDITED_CANDIDATES,2026Q2,H3,standard,STRICT,russia_ipi,2026-06-30,2026-05-31,,23,REGISTRY_LAG_PSEUDO_REAL_TIME,
ALL_AUDITED_CANDIDATES,2026Q2,H3,standard,STRICT,m2,2026-06-30,2026-05-31,2026-05-31,25,REGISTRY_LAG_PSEUDO_REAL_TIME,
ALL_AUDITED_CANDIDATES,2026Q2,H3,standard,STRICT,household_deposits,2026-06-30,2026-05-31,2025-11-30,25,REGISTRY_LAG_PSEUDO_REAL_TIME,
ALL_AUDITED_CANDIDATES,2026Q2,H3,standard,STRICT,corporate_deposits,2026-06-30,2026-05-31,2025-11-30,25,REGISTRY_LAG_PSEUDO_REAL_TIME,
ALL_AUDITED_CANDIDATES,2026Q2,H3,standard,STRICT,household_credit,2026-06-30,2026-05-31,2025-11-30,25,REGISTRY_LAG_PSEUDO_REAL_TIME,
ALL_AUDITED_CANDIDATES,2026Q2,H3,standard,STRICT,corporate_credit,2026-06-30,2026-05-31,2025-11-30,25,REGISTRY_LAG_PSEUDO_REAL_TIME,
ALL_AUDITED_CANDIDATES,2026Q2,H3,standard,STRICT,fx_reserves_ex_gold,2026-06-30,2026-05-31,2026-05-31,7,REGISTRY_LAG_PSEUDO_REAL_TIME,
ALL_AUDITED_CANDIDATES,2026Q2,H3,standard,STRICT,pos_turnover,2026-06-30,2026-05-31,2024-12-31,18,REGISTRY_LAG_PSEUDO_REAL_TIME,
ALL_AUDITED_CANDIDATES,2026Q2,H3,standard,STRICT,instant_payments,2026-06-30,2026-05-31,2026-05-31,18,REGISTRY_LAG_PSEUDO_REAL_TIME,
ALL_AUDITED_CANDIDATES,2026Q2,H3,standard,STRICT,interbank_payments,2026-06-30,2026-05-31,2025-09-30,18,REGISTRY_LAG_PSEUDO_REAL_TIME,
ALL_AUDITED_CANDIDATES,2026Q2,H3,conservative,STRICT,industrial_production,2026-06-30,2026-04-30,2026-04-30,33,REGISTRY_LAG_PSEUDO_REAL_TIME,
ALL_AUDITED_CANDIDATES,2026Q2,H3,conservative,STRICT,manufacturing,2026-06-30,2026-04-30,2026-04-30,33,REGISTRY_LAG_PSEUDO_REAL_TIME,
ALL_AUDITED_CANDIDATES,2026Q2,H3,conservative,STRICT,mining,2026-06-30,2026-04-30,2026-04-30,33,REGISTRY_LAG_PSEUDO_REAL_TIME,
ALL_AUDITED_CANDIDATES,2026Q2,H3,conservative,STRICT,electricity_gas,2026-06-30,2026-04-30,2026-04-30,33,REGISTRY_LAG_PSEUDO_REAL_TIME,
ALL_AUDITED_CANDIDATES,2026Q2,H3,conservative,STRICT,construction,2026-06-30,2026-04-30,2026-04-30,27,REGISTRY_LAG_PSEUDO_REAL_TIME,
ALL_AUDITED_CANDIDATES,2026Q2,H3,conservative,STRICT,retail_trade,2026-06-30,2026-04-30,2026-04-30,24,REGISTRY_LAG_PSEUDO_REAL_TIME,
ALL_AUDITED_CANDIDATES,2026Q2,H3,conservative,STRICT,wholesale_trade,2026-06-30,2026-04-30,2026-04-30,24,REGISTRY_LAG_PSEUDO_REAL_TIME,
ALL_AUDITED_CANDIDATES,2026Q2,H3,conservative,STRICT,cpi_headline,2026-06-30,2026-05-31,2026-05-31,5,REGISTRY_LAG_PSEUDO_REAL_TIME,
ALL_AUDITED_CANDIDATES,2026Q2,H3,conservative,STRICT,cpi_food,2026-06-30,2026-05-31,2026-05-31,5,REGISTRY_LAG_PSEUDO_REAL_TIME,
ALL_AUDITED_CANDIDATES,2026Q2,H3,conservative,STRICT,cpi_services,2026-06-30,2026-05-31,2026-05-31,5,REGISTRY_LAG_PSEUDO_REAL_TIME,
ALL_AUDITED_CANDIDATES,2026Q2,H3,conservative,STRICT,ppi,2026-06-30,2026-05-31,2026-05-31,15,REGISTRY_LAG_PSEUDO_REAL_TIME,
ALL_AUDITED_CANDIDATES,2026Q2,H3,conservative,STRICT,exports_total,2026-06-30,2026-04-30,2026-04-30,26,REGISTRY_LAG_PSEUDO_REAL_TIME,
ALL_AUDITED_CANDIDATES,2026Q2,H3,conservative,STRICT,exports_non_gold,2026-06-30,2026-04-30,2026-04-30,26,REGISTRY_LAG_PSEUDO_REAL_TIME,
ALL_AUDITED_CANDIDATES,2026Q2,H3,conservative,STRICT,imports_total,2026-06-30,2026-04-30,2026-04-30,26,REGISTRY_LAG_PSEUDO_REAL_TIME,
ALL_AUDITED_CANDIDATES,2026Q2,H3,conservative,STRICT,gold_exports_proxy,2026-06-30,2026-04-30,2026-04-30,26,REGISTRY_LAG_PSEUDO_REAL_TIME,
ALL_AUDITED_CANDIDATES,2026Q2,H3,conservative,STRICT,usd_uzs,2026-06-30,2026-05-31,2026-05-31,0,REGISTRY_LAG_PSEUDO_REAL_TIME,
ALL_AUDITED_CANDIDATES,2026Q2,H3,conservative,STRICT,rub_uzs,2026-06-30,2026-05-31,2026-05-31,0,REGISTRY_LAG_PSEUDO_REAL_TIME,
ALL_AUDITED_CANDIDATES,2026Q2,H3,conservative,STRICT,gold_price,2026-06-30,2026-05-31,2026-05-31,7,REGISTRY_LAG_PSEUDO_REAL_TIME,
ALL_AUDITED_CANDIDATES,2026Q2,H3,conservative,STRICT,russia_ipi,2026-06-30,2026-04-30,,23,REGISTRY_LAG_PSEUDO_REAL_TIME,
ALL_AUDITED_CANDIDATES,2026Q2,H3,conservative,STRICT,m2,2026-06-30,2026-04-30,2026-04-30,25,REGISTRY_LAG_PSEUDO_REAL_TIME,
ALL_AUDITED_CANDIDATES,2026Q2,H3,conservative,STRICT,household_deposits,2026-06-30,2026-04-30,2025-11-30,25,REGISTRY_LAG_PSEUDO_REAL_TIME,
ALL_AUDITED_CANDIDATES,2026Q2,H3,conservative,STRICT,corporate_deposits,2026-06-30,2026-04-30,2025-11-30,25,REGISTRY_LAG_PSEUDO_REAL_TIME,
ALL_AUDITED_CANDIDATES,2026Q2,H3,conservative,STRICT,household_credit,2026-06-30,2026-04-30,2025-11-30,25,REGISTRY_LAG_PSEUDO_REAL_TIME,
ALL_AUDITED_CANDIDATES,2026Q2,H3,conservative,STRICT,corporate_credit,2026-06-30,2026-04-30,2025-11-30,25,REGISTRY_LAG_PSEUDO_REAL_TIME,
ALL_AUDITED_CANDIDATES,2026Q2,H3,conservative,STRICT,fx_reserves_ex_gold,2026-06-30,2026-05-31,2026-05-31,7,REGISTRY_LAG_PSEUDO_REAL_TIME,
ALL_AUDITED_CANDIDATES,2026Q2,H3,conservative,STRICT,pos_turnover,2026-06-30,2026-04-30,2024-12-31,18,REGISTRY_LAG_PSEUDO_REAL_TIME,
ALL_AUDITED_CANDIDATES,2026Q2,H3,conservative,STRICT,instant_payments,2026-06-30,2026-04-30,2026-03-31,18,REGISTRY_LAG_PSEUDO_REAL_TIME,
ALL_AUDITED_CANDIDATES,2026Q2,H3,conservative,STRICT,interbank_payments,2026-06-30,2026-04-30,2025-09-30,18,REGISTRY_LAG_PSEUDO_REAL_TIME,
