2026-10-05 09:44:56,835 WARNING DFM-1 2022Q1 H1 standard failed: nonconvergence_or_unstable_transition:{"n_training_months": 36, "n_observed_cells": 251, "n_missing_cells": 1, "iterations": 500, "relative_likelihood_change": 4.500398853330006e-0
2026-10-05 09:44:57,877 WARNING DFM-1 2022Q1 H1 conservative failed: nonconvergence_or_unstable_transition:{"n_training_months": 36, "n_observed_cells": 250, "n_missing_cells": 2, "iterations": 500, "relative_likelihood_change": 4.4949599947354376e-
2026-10-05 09:44:57,878 INFO DFM-1 2022Q1 H1 complete
2026-10-05 09:44:58,924 WARNING DFM-1 2022Q1 H2 standard failed: nonconvergence_or_unstable_transition:{"n_training_months": 36, "n_observed_cells": 252, "n_missing_cells": 0, "iterations": 500, "relative_likelihood_change": 4.501305391896381e-0
2026-10-05 09:44:58,957 WARNING DFM-1 2022Q1 H2 conservative failed: nonconvergence_or_unstable_transition:{"n_training_months": 36, "n_observed_cells": 252, "n_missing_cells": 0, "iterations": 500, "relative_likelihood_change": 4.501305391896381e-0
2026-10-05 09:44:58,958 INFO DFM-1 2022Q1 H2 complete
2026-10-05 09:44:59,031 WARNING DFM-1 2022Q1 H3 standard failed: nonconvergence_or_unstable_transition:{"n_training_months": 36, "n_observed_cells": 252, "n_missing_cells": 0, "iterations": 500, "relative_likelihood_change": 4.501305391896381e-0
2026-10-05 09:44:59,062 WARNING DFM-1 2022Q1 H3 conservative failed: nonconvergence_or_unstable_transition:{"n_training_months": 36, "n_observed_cells": 252, "n_missing_cells": 0, "iterations": 500, "relative_likelihood_change": 4.501305391896381e-0
2026-10-05 09:44:59,062 INFO DFM-1 2022Q1 H3 complete
2026-10-05 09:45:00,134 WARNING DFM-1 2022Q2 H1 standard failed: nonconvergence_or_unstable_transition:{"n_training_months": 39, "n_observed_cells": 272, "n_missing_cells": 1, "iterations": 500, "relative_likelihood_change": 3.8466203147191025e-
2026-10-05 09:45:01,370 WARNING DFM-1 2022Q2 H1 conservative failed: nonconvergence_or_unstable_transition:{"n_training_months": 39, "n_observed_cells": 271, "n_missing_cells": 2, "iterations": 500, "relative_likelihood_change": 3.8604272868802794e-
2026-10-05 09:45:01,370 INFO DFM-1 2022Q2 H1 complete
2026-10-05 09:45:02,901 WARNING DFM-1 2022Q2 H2 standard failed: nonconvergence_or_unstable_transition:{"n_training_months": 39, "n_observed_cells": 273, "n_missing_cells": 0, "iterations": 500, "relative_likelihood_change": 3.8388756743686824e-
2026-10-05 09:45:02,932 WARNING DFM-1 2022Q2 H2 conservative failed: nonconvergence_or_unstable_transition:{"n_training_months": 39, "n_observed_cells": 273, "n_missing_cells": 0, "iterations": 500, "relative_likelihood_change": 3.8388756743686824e-
2026-10-05 09:45:02,932 INFO DFM-1 2022Q2 H2 complete
2026-10-05 09:45:03,012 WARNING DFM-1 2022Q2 H3 standard failed: nonconvergence_or_unstable_transition:{"n_training_months": 39, "n_observed_cells": 273, "n_missing_cells": 0, "iterations": 500, "relative_likelihood_change": 3.8388756743686824e-
2026-10-05 09:45:03,051 WARNING DFM-1 2022Q2 H3 conservative failed: nonconvergence_or_unstable_transition:{"n_training_months": 39, "n_observed_cells": 273, "n_missing_cells": 0, "iterations": 500, "relative_likelihood_change": 3.8388756743686824e-
2026-10-05 09:45:03,051 INFO DFM-1 2022Q2 H3 complete
2026-10-05 09:45:04,136 WARNING DFM-1 2022Q3 H1 standard failed: nonconvergence_or_unstable_transition:{"n_training_months": 42, "n_observed_cells": 293, "n_missing_cells": 1, "iterations": 500, "relative_likelihood_change": 3.3064166331855164e-
2026-10-05 09:45:05,170 WARNING DFM-1 2022Q3 H1 conservative failed: nonconvergence_or_unstable_transition:{"n_training_months": 42, "n_observed_cells": 292, "n_missing_cells": 2, "iterations": 500, "relative_likelihood_change": 3.3186271892572635e-
2026-10-05 09:45:05,170 INFO DFM-1 2022Q3 H1 complete
2026-10-05 09:45:06,216 WARNING DFM-1 2022Q3 H2 standard failed: nonconvergence_or_unstable_transition:{"n_training_months": 42, "n_observed_cells": 294, "n_missing_cells": 0, "iterations": 500, "relative_likelihood_change": 3.2968989650652525e-
2026-10-05 09:45:06,247 WARNING DFM-1 2022Q3 H2 conservative failed: nonconvergence_or_unstable_transition:{"n_training_months": 42, "n_observed_cells": 294, "n_missing_cells": 0, "iterations": 500, "relative_likelihood_change": 3.2968989650652525e-
2026-10-05 09:45:06,248 INFO DFM-1 2022Q3 H2 complete
2026-10-05 09:45:06,318 WARNING DFM-1 2022Q3 H3 standard failed: nonconvergence_or_unstable_transition:{"n_training_months": 42, "n_observed_cells": 294, "n_missing_cells": 0, "iterations": 500, "relative_likelihood_change": 3.2968989650652525e-
2026-10-05 09:45:06,349 WARNING DFM-1 2022Q3 H3 conservative failed: nonconvergence_or_unstable_transition:{"n_training_months": 42, "n_observed_cells": 294, "n_missing_cells": 0, "iterations": 500, "relative_likelihood_change": 3.2968989650652525e-
2026-10-05 09:45:06,350 INFO DFM-1 2022Q3 H3 complete
2026-10-05 09:45:07,451 WARNING DFM-1 2022Q4 H1 standard failed: nonconvergence_or_unstable_transition:{"n_training_months": 45, "n_observed_cells": 314, "n_missing_cells": 1, "iterations": 500, "relative_likelihood_change": 2.869200687923939e-0
2026-10-05 09:45:08,503 WARNING DFM-1 2022Q4 H1 conservative failed: nonconvergence_or_unstable_transition:{"n_training_months": 45, "n_observed_cells": 313, "n_missing_cells": 2, "iterations": 500, "relative_likelihood_change": 2.8794407329503967e-
2026-10-05 09:45:08,503 INFO DFM-1 2022Q4 H1 complete
2026-10-05 09:45:09,601 WARNING DFM-1 2022Q4 H2 standard failed: nonconvergence_or_unstable_transition:{"n_training_months": 45, "n_observed_cells": 315, "n_missing_cells": 0, "iterations": 500, "relative_likelihood_change": 2.8647648529604675e-
2026-10-05 09:45:09,633 WARNING DFM-1 2022Q4 H2 conservative failed: nonconvergence_or_unstable_transition:{"n_training_months": 45, "n_observed_cells": 315, "n_missing_cells": 0, "iterations": 500, "relative_likelihood_change": 2.8647648529604675e-
2026-10-05 09:45:09,633 INFO DFM-1 2022Q4 H2 complete
2026-10-05 09:45:09,864 WARNING DFM-1 2022Q4 H3 standard failed: nonconvergence_or_unstable_transition:{"n_training_months": 45, "n_observed_cells": 315, "n_missing_cells": 0, "iterations": 500, "relative_likelihood_change": 2.8647648529604675e-
2026-10-05 09:45:09,896 WARNING DFM-1 2022Q4 H3 conservative failed: nonconvergence_or_unstable_transition:{"n_training_months": 45, "n_observed_cells": 315, "n_missing_cells": 0, "iterations": 500, "relative_likelihood_change": 2.8647648529604675e-
2026-10-05 09:45:09,896 INFO DFM-1 2022Q4 H3 complete
2026-10-05 09:45:11,090 WARNING DFM-1 2023Q1 H1 standard failed: nonconvergence_or_unstable_transition:{"n_training_months": 48, "n_observed_cells": 335, "n_missing_cells": 1, "iterations": 500, "relative_likelihood_change": 2.502467816518731e-0
2026-10-05 09:45:12,141 WARNING DFM-1 2023Q1 H1 conservative failed: nonconvergence_or_unstable_transition:{"n_training_months": 48, "n_observed_cells": 334, "n_missing_cells": 2, "iterations": 500, "relative_likelihood_change": 2.5113948160884572e-
2026-10-05 09:45:12,141 INFO DFM-1 2023Q1 H1 complete
2026-10-05 09:45:13,212 WARNING DFM-1 2023Q1 H2 standard failed: nonconvergence_or_unstable_transition:{"n_training_months": 48, "n_observed_cells": 336, "n_missing_cells": 0, "iterations": 500, "relative_likelihood_change": 2.501072778470555e-0
2026-10-05 09:45:13,245 WARNING DFM-1 2023Q1 H2 conservative failed: nonconvergence_or_unstable_transition:{"n_training_months": 48, "n_observed_cells": 336, "n_missing_cells": 0, "iterations": 500, "relative_likelihood_change": 2.501072778470555e-0
2026-10-05 09:45:13,246 INFO DFM-1 2023Q1 H2 complete
2026-10-05 09:45:13,326 WARNING DFM-1 2023Q1 H3 standard failed: nonconvergence_or_unstable_transition:{"n_training_months": 48, "n_observed_cells": 336, "n_missing_cells": 0, "iterations": 500, "relative_likelihood_change": 2.501072778470555e-0
2026-10-05 09:45:13,372 WARNING DFM-1 2023Q1 H3 conservative failed: nonconvergence_or_unstable_transition:{"n_training_months": 48, "n_observed_cells": 336, "n_missing_cells": 0, "iterations": 500, "relative_likelihood_change": 2.501072778470555e-0
2026-10-05 09:45:13,372 INFO DFM-1 2023Q1 H3 complete
2026-10-05 09:45:13,760 INFO DFM-1 2023Q2 H1 complete
2026-10-05 09:45:14,617 INFO DFM-1 2023Q2 H2 complete
2026-10-05 09:45:14,741 INFO DFM-1 2023Q2 H3 complete
2026-10-05 09:45:14,961 INFO DFM-1 2023Q3 H1 complete
2026-10-05 09:45:15,127 INFO DFM-1 2023Q3 H2 complete
2026-10-05 09:45:15,242 INFO DFM-1 2023Q3 H3 complete
2026-10-05 09:45:16,465 WARNING DFM-1 2023Q4 H1 conservative failed: nonconvergence_or_unstable_transition:{"n_training_months": 57, "n_observed_cells": 397, "n_missing_cells": 2, "iterations": 500, "relative_likelihood_change": 1.73657337569347e-05
2026-10-05 09:45:16,465 INFO DFM-1 2023Q4 H1 complete
2026-10-05 09:45:16,648 INFO DFM-1 2023Q4 H2 complete
2026-10-05 09:45:16,761 INFO DFM-1 2023Q4 H3 complete
2026-10-05 09:45:17,885 WARNING DFM-1 2024Q1 H1 standard failed: nonconvergence_or_unstable_transition:{"n_training_months": 60, "n_observed_cells": 419, "n_missing_cells": 1, "iterations": 500, "relative_likelihood_change": 1.5575712253982948e-
2026-10-05 09:45:18,997 WARNING DFM-1 2024Q1 H1 conservative failed: nonconvergence_or_unstable_transition:{"n_training_months": 60, "n_observed_cells": 418, "n_missing_cells": 2, "iterations": 500, "relative_likelihood_change": 1.557907097604632e-0
2026-10-05 09:45:18,997 INFO DFM-1 2024Q1 H1 complete
2026-10-05 09:45:20,118 WARNING DFM-1 2024Q1 H2 standard failed: nonconvergence_or_unstable_transition:{"n_training_months": 60, "n_observed_cells": 420, "n_missing_cells": 0, "iterations": 500, "relative_likelihood_change": 1.5533791136660213e-
2026-10-05 09:45:20,153 WARNING DFM-1 2024Q1 H2 conservative failed: nonconvergence_or_unstable_transition:{"n_training_months": 60, "n_observed_cells": 420, "n_missing_cells": 0, "iterations": 500, "relative_likelihood_change": 1.5533791136660213e-
2026-10-05 09:45:20,153 INFO DFM-1 2024Q1 H2 complete
2026-10-05 09:45:20,222 WARNING DFM-1 2024Q1 H3 standard failed: nonconvergence_or_unstable_transition:{"n_training_months": 60, "n_observed_cells": 420, "n_missing_cells": 0, "iterations": 500, "relative_likelihood_change": 1.5533791136660213e-
2026-10-05 09:45:20,255 WARNING DFM-1 2024Q1 H3 conservative failed: nonconvergence_or_unstable_transition:{"n_training_months": 60, "n_observed_cells": 420, "n_missing_cells": 0, "iterations": 500, "relative_likelihood_change": 1.5533791136660213e-
2026-10-05 09:45:20,255 INFO DFM-1 2024Q1 H3 complete
2026-10-05 09:45:20,481 INFO DFM-1 2024Q2 H1 complete
2026-10-05 09:45:20,657 INFO DFM-1 2024Q2 H2 complete
2026-10-05 09:45:20,854 INFO DFM-1 2024Q2 H3 complete
2026-10-05 09:45:21,088 INFO DFM-1 2024Q3 H1 complete
2026-10-05 09:45:21,262 INFO DFM-1 2024Q3 H2 complete
2026-10-05 09:45:21,380 INFO DFM-1 2024Q3 H3 complete
2026-10-05 09:45:21,605 INFO DFM-1 2024Q4 H1 complete
2026-10-05 09:45:21,777 INFO DFM-1 2024Q4 H2 complete
2026-10-05 09:45:21,901 INFO DFM-1 2024Q4 H3 complete
2026-10-05 09:45:22,128 INFO DFM-1 2025Q1 H1 complete
2026-10-05 09:45:22,298 INFO DFM-1 2025Q1 H2 complete
2026-10-05 09:45:22,479 INFO DFM-1 2025Q1 H3 complete
2026-10-05 09:45:22,706 INFO DFM-1 2025Q2 H1 complete
2026-10-05 09:45:22,877 INFO DFM-1 2025Q2 H2 complete
2026-10-05 09:45:22,999 INFO DFM-1 2025Q2 H3 complete
2026-10-05 09:45:23,196 WARNING DFM-2_CORE 2022Q1 H1 standard failed: nonconvergence_or_unstable_transition:{"n_training_months": 36, "n_observed_cells": 251, "n_missing_cells": 1, "iterations": 500, "relative_likelihood_change": 4.500398853330006e-0
2026-10-05 09:45:23,228 WARNING DFM-2_CORE 2022Q1 H1 conservative failed: nonconvergence_or_unstable_transition:{"n_training_months": 36, "n_observed_cells": 250, "n_missing_cells": 2, "iterations": 500, "relative_likelihood_change": 4.4949599947354376e-
2026-10-05 09:45:23,228 INFO DFM-2_CORE 2022Q1 H1 complete
2026-10-05 09:45:23,305 WARNING DFM-2_CORE 2022Q1 H2 standard failed: nonconvergence_or_unstable_transition:{"n_training_months": 36, "n_observed_cells": 252, "n_missing_cells": 0, "iterations": 500, "relative_likelihood_change": 4.501305391896381e-0
2026-10-05 09:45:23,337 WARNING DFM-2_CORE 2022Q1 H2 conservative failed: nonconvergence_or_unstable_transition:{"n_training_months": 36, "n_observed_cells": 252, "n_missing_cells": 0, "iterations": 500, "relative_likelihood_change": 4.501305391896381e-0
2026-10-05 09:45:23,337 INFO DFM-2_CORE 2022Q1 H2 complete
2026-10-05 09:45:23,408 WARNING DFM-2_CORE 2022Q1 H3 standard failed: nonconvergence_or_unstable_transition:{"n_training_months": 36, "n_observed_cells": 252, "n_missing_cells": 0, "iterations": 500, "relative_likelihood_change": 4.501305391896381e-0
2026-10-05 09:45:23,440 WARNING DFM-2_CORE 2022Q1 H3 conservative failed: nonconvergence_or_unstable_transition:{"n_training_months": 36, "n_observed_cells": 252, "n_missing_cells": 0, "iterations": 500, "relative_likelihood_change": 4.501305391896381e-0
2026-10-05 09:45:23,441 INFO DFM-2_CORE 2022Q1 H3 complete
2026-10-05 09:45:23,513 WARNING DFM-2_CORE 2022Q2 H1 standard failed: nonconvergence_or_unstable_transition:{"n_training_months": 39, "n_observed_cells": 272, "n_missing_cells": 1, "iterations": 500, "relative_likelihood_change": 3.8466203147191025e-
2026-10-05 09:45:23,548 WARNING DFM-2_CORE 2022Q2 H1 conservative failed: nonconvergence_or_unstable_transition:{"n_training_months": 39, "n_observed_cells": 271, "n_missing_cells": 2, "iterations": 500, "relative_likelihood_change": 3.8604272868802794e-
2026-10-05 09:45:23,549 INFO DFM-2_CORE 2022Q2 H1 complete
2026-10-05 09:45:23,619 WARNING DFM-2_CORE 2022Q2 H2 standard failed: nonconvergence_or_unstable_transition:{"n_training_months": 39, "n_observed_cells": 273, "n_missing_cells": 0, "iterations": 500, "relative_likelihood_change": 3.8388756743686824e-
2026-10-05 09:45:23,654 WARNING DFM-2_CORE 2022Q2 H2 conservative failed: nonconvergence_or_unstable_transition:{"n_training_months": 39, "n_observed_cells": 273, "n_missing_cells": 0, "iterations": 500, "relative_likelihood_change": 3.8388756743686824e-
2026-10-05 09:45:23,654 INFO DFM-2_CORE 2022Q2 H2 complete
2026-10-05 09:45:23,727 WARNING DFM-2_CORE 2022Q2 H3 standard failed: nonconvergence_or_unstable_transition:{"n_training_months": 39, "n_observed_cells": 273, "n_missing_cells": 0, "iterations": 500, "relative_likelihood_change": 3.8388756743686824e-
2026-10-05 09:45:23,770 WARNING DFM-2_CORE 2022Q2 H3 conservative failed: nonconvergence_or_unstable_transition:{"n_training_months": 39, "n_observed_cells": 273, "n_missing_cells": 0, "iterations": 500, "relative_likelihood_change": 3.8388756743686824e-
2026-10-05 09:45:23,770 INFO DFM-2_CORE 2022Q2 H3 complete
2026-10-05 09:45:23,844 WARNING DFM-2_CORE 2022Q3 H1 standard failed: nonconvergence_or_unstable_transition:{"n_training_months": 42, "n_observed_cells": 293, "n_missing_cells": 1, "iterations": 500, "relative_likelihood_change": 3.3064166331855164e-
2026-10-05 09:45:23,881 WARNING DFM-2_CORE 2022Q3 H1 conservative failed: nonconvergence_or_unstable_transition:{"n_training_months": 42, "n_observed_cells": 292, "n_missing_cells": 2, "iterations": 500, "relative_likelihood_change": 3.3186271892572635e-
2026-10-05 09:45:23,881 INFO DFM-2_CORE 2022Q3 H1 complete
2026-10-05 09:45:23,953 WARNING DFM-2_CORE 2022Q3 H2 standard failed: nonconvergence_or_unstable_transition:{"n_training_months": 42, "n_observed_cells": 294, "n_missing_cells": 0, "iterations": 500, "relative_likelihood_change": 3.2968989650652525e-
2026-10-05 09:45:23,987 WARNING DFM-2_CORE 2022Q3 H2 conservative failed: nonconvergence_or_unstable_transition:{"n_training_months": 42, "n_observed_cells": 294, "n_missing_cells": 0, "iterations": 500, "relative_likelihood_change": 3.2968989650652525e-
2026-10-05 09:45:23,988 INFO DFM-2_CORE 2022Q3 H2 complete
2026-10-05 09:45:24,063 WARNING DFM-2_CORE 2022Q3 H3 standard failed: nonconvergence_or_unstable_transition:{"n_training_months": 42, "n_observed_cells": 294, "n_missing_cells": 0, "iterations": 500, "relative_likelihood_change": 3.2968989650652525e-
2026-10-05 09:45:24,096 WARNING DFM-2_CORE 2022Q3 H3 conservative failed: nonconvergence_or_unstable_transition:{"n_training_months": 42, "n_observed_cells": 294, "n_missing_cells": 0, "iterations": 500, "relative_likelihood_change": 3.2968989650652525e-
2026-10-05 09:45:24,096 INFO DFM-2_CORE 2022Q3 H3 complete
2026-10-05 09:45:24,220 WARNING DFM-2_CORE 2022Q4 H1 standard failed: nonconvergence_or_unstable_transition:{"n_training_months": 45, "n_observed_cells": 314, "n_missing_cells": 1, "iterations": 500, "relative_likelihood_change": 2.869200687923939e-0
2026-10-05 09:45:24,275 WARNING DFM-2_CORE 2022Q4 H1 conservative failed: nonconvergence_or_unstable_transition:{"n_training_months": 45, "n_observed_cells": 313, "n_missing_cells": 2, "iterations": 500, "relative_likelihood_change": 2.8794407329503967e-
2026-10-05 09:45:24,276 INFO DFM-2_CORE 2022Q4 H1 complete
2026-10-05 09:45:24,363 WARNING DFM-2_CORE 2022Q4 H2 standard failed: nonconvergence_or_unstable_transition:{"n_training_months": 45, "n_observed_cells": 315, "n_missing_cells": 0, "iterations": 500, "relative_likelihood_change": 2.8647648529604675e-
2026-10-05 09:45:24,396 WARNING DFM-2_CORE 2022Q4 H2 conservative failed: nonconvergence_or_unstable_transition:{"n_training_months": 45, "n_observed_cells": 315, "n_missing_cells": 0, "iterations": 500, "relative_likelihood_change": 2.8647648529604675e-
2026-10-05 09:45:24,396 INFO DFM-2_CORE 2022Q4 H2 complete
2026-10-05 09:45:24,469 WARNING DFM-2_CORE 2022Q4 H3 standard failed: nonconvergence_or_unstable_transition:{"n_training_months": 45, "n_observed_cells": 315, "n_missing_cells": 0, "iterations": 500, "relative_likelihood_change": 2.8647648529604675e-
2026-10-05 09:45:24,504 WARNING DFM-2_CORE 2022Q4 H3 conservative failed: nonconvergence_or_unstable_transition:{"n_training_months": 45, "n_observed_cells": 315, "n_missing_cells": 0, "iterations": 500, "relative_likelihood_change": 2.8647648529604675e-
2026-10-05 09:45:24,504 INFO DFM-2_CORE 2022Q4 H3 complete
2026-10-05 09:45:24,574 WARNING DFM-2_CORE 2023Q1 H1 standard failed: nonconvergence_or_unstable_transition:{"n_training_months": 48, "n_observed_cells": 335, "n_missing_cells": 1, "iterations": 500, "relative_likelihood_change": 2.502467816518731e-0
2026-10-05 09:45:24,609 WARNING DFM-2_CORE 2023Q1 H1 conservative failed: nonconvergence_or_unstable_transition:{"n_training_months": 48, "n_observed_cells": 334, "n_missing_cells": 2, "iterations": 500, "relative_likelihood_change": 2.5113948160884572e-
2026-10-05 09:45:24,609 INFO DFM-2_CORE 2023Q1 H1 complete
2026-10-05 09:45:24,682 WARNING DFM-2_CORE 2023Q1 H2 standard failed: nonconvergence_or_unstable_transition:{"n_training_months": 48, "n_observed_cells": 336, "n_missing_cells": 0, "iterations": 500, "relative_likelihood_change": 2.501072778470555e-0
2026-10-05 09:45:24,716 WARNING DFM-2_CORE 2023Q1 H2 conservative failed: nonconvergence_or_unstable_transition:{"n_training_months": 48, "n_observed_cells": 336, "n_missing_cells": 0, "iterations": 500, "relative_likelihood_change": 2.501072778470555e-0
2026-10-05 09:45:24,716 INFO DFM-2_CORE 2023Q1 H2 complete
2026-10-05 09:45:24,796 WARNING DFM-2_CORE 2023Q1 H3 standard failed: nonconvergence_or_unstable_transition:{"n_training_months": 48, "n_observed_cells": 336, "n_missing_cells": 0, "iterations": 500, "relative_likelihood_change": 2.501072778470555e-0
2026-10-05 09:45:24,830 WARNING DFM-2_CORE 2023Q1 H3 conservative failed: nonconvergence_or_unstable_transition:{"n_training_months": 48, "n_observed_cells": 336, "n_missing_cells": 0, "iterations": 500, "relative_likelihood_change": 2.501072778470555e-0
2026-10-05 09:45:24,830 INFO DFM-2_CORE 2023Q1 H3 complete
2026-10-05 09:45:24,952 INFO DFM-2_CORE 2023Q2 H1 complete
2026-10-05 09:45:25,072 INFO DFM-2_CORE 2023Q2 H2 complete
2026-10-05 09:45:25,200 INFO DFM-2_CORE 2023Q2 H3 complete
2026-10-05 09:45:25,318 INFO DFM-2_CORE 2023Q3 H1 complete
2026-10-05 09:45:25,434 INFO DFM-2_CORE 2023Q3 H2 complete
2026-10-05 09:45:25,551 INFO DFM-2_CORE 2023Q3 H3 complete
2026-10-05 09:45:25,662 WARNING DFM-2_CORE 2023Q4 H1 conservative failed: nonconvergence_or_unstable_transition:{"n_training_months": 57, "n_observed_cells": 397, "n_missing_cells": 2, "iterations": 500, "relative_likelihood_change": 1.73657337569347e-05
2026-10-05 09:45:25,662 INFO DFM-2_CORE 2023Q4 H1 complete
2026-10-05 09:45:25,784 INFO DFM-2_CORE 2023Q4 H2 complete
2026-10-05 09:45:25,903 INFO DFM-2_CORE 2023Q4 H3 complete
2026-10-05 09:45:25,974 WARNING DFM-2_CORE 2024Q1 H1 standard failed: nonconvergence_or_unstable_transition:{"n_training_months": 60, "n_observed_cells": 419, "n_missing_cells": 1, "iterations": 500, "relative_likelihood_change": 1.5575712253982948e-
2026-10-05 09:45:26,009 WARNING DFM-2_CORE 2024Q1 H1 conservative failed: nonconvergence_or_unstable_transition:{"n_training_months": 60, "n_observed_cells": 418, "n_missing_cells": 2, "iterations": 500, "relative_likelihood_change": 1.557907097604632e-0
2026-10-05 09:45:26,009 INFO DFM-2_CORE 2024Q1 H1 complete
2026-10-05 09:45:26,086 WARNING DFM-2_CORE 2024Q1 H2 standard failed: nonconvergence_or_unstable_transition:{"n_training_months": 60, "n_observed_cells": 420, "n_missing_cells": 0, "iterations": 500, "relative_likelihood_change": 1.5533791136660213e-
2026-10-05 09:45:26,120 WARNING DFM-2_CORE 2024Q1 H2 conservative failed: nonconvergence_or_unstable_transition:{"n_training_months": 60, "n_observed_cells": 420, "n_missing_cells": 0, "iterations": 500, "relative_likelihood_change": 1.5533791136660213e-
2026-10-05 09:45:26,121 INFO DFM-2_CORE 2024Q1 H2 complete
2026-10-05 09:45:26,194 WARNING DFM-2_CORE 2024Q1 H3 standard failed: nonconvergence_or_unstable_transition:{"n_training_months": 60, "n_observed_cells": 420, "n_missing_cells": 0, "iterations": 500, "relative_likelihood_change": 1.5533791136660213e-
2026-10-05 09:45:26,227 WARNING DFM-2_CORE 2024Q1 H3 conservative failed: nonconvergence_or_unstable_transition:{"n_training_months": 60, "n_observed_cells": 420, "n_missing_cells": 0, "iterations": 500, "relative_likelihood_change": 1.5533791136660213e-
2026-10-05 09:45:26,227 INFO DFM-2_CORE 2024Q1 H3 complete
2026-10-05 09:45:26,348 INFO DFM-2_CORE 2024Q2 H1 complete
2026-10-05 09:45:26,465 INFO DFM-2_CORE 2024Q2 H2 complete
2026-10-05 09:45:26,587 INFO DFM-2_CORE 2024Q2 H3 complete
2026-10-05 09:45:26,831 INFO DFM-2_CORE 2024Q3 H1 complete
2026-10-05 09:45:26,957 INFO DFM-2_CORE 2024Q3 H2 complete
2026-10-05 09:45:27,078 INFO DFM-2_CORE 2024Q3 H3 complete
2026-10-05 09:45:27,199 INFO DFM-2_CORE 2024Q4 H1 complete
2026-10-05 09:45:27,322 INFO DFM-2_CORE 2024Q4 H2 complete
2026-10-05 09:45:27,441 INFO DFM-2_CORE 2024Q4 H3 complete
2026-10-05 09:45:27,562 INFO DFM-2_CORE 2025Q1 H1 complete
2026-10-05 09:45:27,686 INFO DFM-2_CORE 2025Q1 H2 complete
2026-10-05 09:45:27,807 INFO DFM-2_CORE 2025Q1 H3 complete
2026-10-05 09:45:27,928 INFO DFM-2_CORE 2025Q2 H1 complete
2026-10-05 09:45:28,051 INFO DFM-2_CORE 2025Q2 H2 complete
2026-10-05 09:45:28,171 INFO DFM-2_CORE 2025Q2 H3 complete
2026-10-05 09:45:28,314 WARNING DFM-2_PLUS_DOMESTIC_DEMAND 2022Q1 H1 standard failed: fewer_than_36_training_months
2026-10-05 09:45:28,323 WARNING DFM-2_PLUS_DOMESTIC_DEMAND 2022Q1 H1 conservative failed: fewer_than_36_training_months
2026-10-05 09:45:28,324 INFO DFM-2_PLUS_DOMESTIC_DEMAND 2022Q1 H1 complete
2026-10-05 09:45:28,370 WARNING DFM-2_PLUS_DOMESTIC_DEMAND 2022Q1 H2 standard failed: fewer_than_36_training_months
2026-10-05 09:45:28,377 WARNING DFM-2_PLUS_DOMESTIC_DEMAND 2022Q1 H2 conservative failed: fewer_than_36_training_months
2026-10-05 09:45:28,377 INFO DFM-2_PLUS_DOMESTIC_DEMAND 2022Q1 H2 complete
2026-10-05 09:45:28,427 WARNING DFM-2_PLUS_DOMESTIC_DEMAND 2022Q1 H3 standard failed: fewer_than_36_training_months
2026-10-05 09:45:28,434 WARNING DFM-2_PLUS_DOMESTIC_DEMAND 2022Q1 H3 conservative failed: fewer_than_36_training_months
2026-10-05 09:45:28,434 INFO DFM-2_PLUS_DOMESTIC_DEMAND 2022Q1 H3 complete
2026-10-05 09:45:28,482 WARNING DFM-2_PLUS_DOMESTIC_DEMAND 2022Q2 H1 standard failed: fewer_than_36_training_months
2026-10-05 09:45:28,491 WARNING DFM-2_PLUS_DOMESTIC_DEMAND 2022Q2 H1 conservative failed: fewer_than_36_training_months
2026-10-05 09:45:28,491 INFO DFM-2_PLUS_DOMESTIC_DEMAND 2022Q2 H1 complete
2026-10-05 09:45:28,537 WARNING DFM-2_PLUS_DOMESTIC_DEMAND 2022Q2 H2 standard failed: fewer_than_36_training_months
2026-10-05 09:45:28,545 WARNING DFM-2_PLUS_DOMESTIC_DEMAND 2022Q2 H2 conservative failed: fewer_than_36_training_months
2026-10-05 09:45:28,545 INFO DFM-2_PLUS_DOMESTIC_DEMAND 2022Q2 H2 complete
2026-10-05 09:45:28,592 WARNING DFM-2_PLUS_DOMESTIC_DEMAND 2022Q2 H3 standard failed: fewer_than_36_training_months
2026-10-05 09:45:28,600 WARNING DFM-2_PLUS_DOMESTIC_DEMAND 2022Q2 H3 conservative failed: fewer_than_36_training_months
2026-10-05 09:45:28,600 INFO DFM-2_PLUS_DOMESTIC_DEMAND 2022Q2 H3 complete
2026-10-05 09:45:28,647 WARNING DFM-2_PLUS_DOMESTIC_DEMAND 2022Q3 H1 standard failed: fewer_than_36_training_months
2026-10-05 09:45:28,656 WARNING DFM-2_PLUS_DOMESTIC_DEMAND 2022Q3 H1 conservative failed: fewer_than_36_training_months
2026-10-05 09:45:28,656 INFO DFM-2_PLUS_DOMESTIC_DEMAND 2022Q3 H1 complete
2026-10-05 09:45:28,704 WARNING DFM-2_PLUS_DOMESTIC_DEMAND 2022Q3 H2 standard failed: fewer_than_36_training_months
2026-10-05 09:45:28,712 WARNING DFM-2_PLUS_DOMESTIC_DEMAND 2022Q3 H2 conservative failed: fewer_than_36_training_months
2026-10-05 09:45:28,712 INFO DFM-2_PLUS_DOMESTIC_DEMAND 2022Q3 H2 complete
2026-10-05 09:45:28,759 WARNING DFM-2_PLUS_DOMESTIC_DEMAND 2022Q3 H3 standard failed: fewer_than_36_training_months
2026-10-05 09:45:28,766 WARNING DFM-2_PLUS_DOMESTIC_DEMAND 2022Q3 H3 conservative failed: fewer_than_36_training_months
2026-10-05 09:45:28,766 INFO DFM-2_PLUS_DOMESTIC_DEMAND 2022Q3 H3 complete
2026-10-05 09:45:28,812 WARNING DFM-2_PLUS_DOMESTIC_DEMAND 2022Q4 H1 standard failed: fewer_than_36_training_months
2026-10-05 09:45:28,822 WARNING DFM-2_PLUS_DOMESTIC_DEMAND 2022Q4 H1 conservative failed: fewer_than_36_training_months
2026-10-05 09:45:28,822 INFO DFM-2_PLUS_DOMESTIC_DEMAND 2022Q4 H1 complete
2026-10-05 09:45:28,868 WARNING DFM-2_PLUS_DOMESTIC_DEMAND 2022Q4 H2 standard failed: fewer_than_36_training_months
2026-10-05 09:45:28,876 WARNING DFM-2_PLUS_DOMESTIC_DEMAND 2022Q4 H2 conservative failed: fewer_than_36_training_months
2026-10-05 09:45:28,876 INFO DFM-2_PLUS_DOMESTIC_DEMAND 2022Q4 H2 complete
2026-10-05 09:45:28,923 WARNING DFM-2_PLUS_DOMESTIC_DEMAND 2022Q4 H3 standard failed: fewer_than_36_training_months
2026-10-05 09:45:28,931 WARNING DFM-2_PLUS_DOMESTIC_DEMAND 2022Q4 H3 conservative failed: fewer_than_36_training_months
2026-10-05 09:45:28,931 INFO DFM-2_PLUS_DOMESTIC_DEMAND 2022Q4 H3 complete
2026-10-05 09:45:28,979 WARNING DFM-2_PLUS_DOMESTIC_DEMAND 2023Q1 H1 standard failed: fewer_than_36_training_months
2026-10-05 09:45:28,987 WARNING DFM-2_PLUS_DOMESTIC_DEMAND 2023Q1 H1 conservative failed: fewer_than_36_training_months
2026-10-05 09:45:28,988 INFO DFM-2_PLUS_DOMESTIC_DEMAND 2023Q1 H1 complete
2026-10-05 09:45:29,034 WARNING DFM-2_PLUS_DOMESTIC_DEMAND 2023Q1 H2 standard failed: fewer_than_36_training_months
2026-10-05 09:45:29,044 WARNING DFM-2_PLUS_DOMESTIC_DEMAND 2023Q1 H2 conservative failed: fewer_than_36_training_months
2026-10-05 09:45:29,044 INFO DFM-2_PLUS_DOMESTIC_DEMAND 2023Q1 H2 complete
2026-10-05 09:45:29,090 WARNING DFM-2_PLUS_DOMESTIC_DEMAND 2023Q1 H3 standard failed: fewer_than_36_training_months
2026-10-05 09:45:29,098 WARNING DFM-2_PLUS_DOMESTIC_DEMAND 2023Q1 H3 conservative failed: fewer_than_36_training_months
2026-10-05 09:45:29,098 INFO DFM-2_PLUS_DOMESTIC_DEMAND 2023Q1 H3 complete
2026-10-05 09:45:29,224 WARNING DFM-2_PLUS_DOMESTIC_DEMAND 2023Q2 H1 standard failed: fewer_than_36_training_months
2026-10-05 09:45:29,232 WARNING DFM-2_PLUS_DOMESTIC_DEMAND 2023Q2 H1 conservative failed: fewer_than_36_training_months
2026-10-05 09:45:29,232 INFO DFM-2_PLUS_DOMESTIC_DEMAND 2023Q2 H1 complete
2026-10-05 09:45:29,322 WARNING DFM-2_PLUS_DOMESTIC_DEMAND 2023Q2 H2 standard failed: fewer_than_36_training_months
2026-10-05 09:45:29,345 WARNING DFM-2_PLUS_DOMESTIC_DEMAND 2023Q2 H2 conservative failed: fewer_than_36_training_months
2026-10-05 09:45:29,345 INFO DFM-2_PLUS_DOMESTIC_DEMAND 2023Q2 H2 complete
2026-10-05 09:45:29,448 WARNING DFM-2_PLUS_DOMESTIC_DEMAND 2023Q2 H3 standard failed: fewer_than_36_training_months
2026-10-05 09:45:29,457 WARNING DFM-2_PLUS_DOMESTIC_DEMAND 2023Q2 H3 conservative failed: fewer_than_36_training_months
2026-10-05 09:45:29,457 INFO DFM-2_PLUS_DOMESTIC_DEMAND 2023Q2 H3 complete
2026-10-05 09:45:29,506 WARNING DFM-2_PLUS_DOMESTIC_DEMAND 2023Q3 H1 standard failed: fewer_than_36_training_months
2026-10-05 09:45:29,514 WARNING DFM-2_PLUS_DOMESTIC_DEMAND 2023Q3 H1 conservative failed: fewer_than_36_training_months
2026-10-05 09:45:29,514 INFO DFM-2_PLUS_DOMESTIC_DEMAND 2023Q3 H1 complete
2026-10-05 09:45:29,561 WARNING DFM-2_PLUS_DOMESTIC_DEMAND 2023Q3 H2 standard failed: fewer_than_36_training_months
2026-10-05 09:45:29,568 WARNING DFM-2_PLUS_DOMESTIC_DEMAND 2023Q3 H2 conservative failed: fewer_than_36_training_months
2026-10-05 09:45:29,569 INFO DFM-2_PLUS_DOMESTIC_DEMAND 2023Q3 H2 complete
2026-10-05 09:45:29,616 WARNING DFM-2_PLUS_DOMESTIC_DEMAND 2023Q3 H3 standard failed: fewer_than_36_training_months
2026-10-05 09:45:29,625 WARNING DFM-2_PLUS_DOMESTIC_DEMAND 2023Q3 H3 conservative failed: fewer_than_36_training_months
2026-10-05 09:45:29,625 INFO DFM-2_PLUS_DOMESTIC_DEMAND 2023Q3 H3 complete
2026-10-05 09:45:29,673 WARNING DFM-2_PLUS_DOMESTIC_DEMAND 2023Q4 H1 standard failed: fewer_than_36_training_months
2026-10-05 09:45:29,681 WARNING DFM-2_PLUS_DOMESTIC_DEMAND 2023Q4 H1 conservative failed: fewer_than_36_training_months
2026-10-05 09:45:29,681 INFO DFM-2_PLUS_DOMESTIC_DEMAND 2023Q4 H1 complete
2026-10-05 09:45:29,728 WARNING DFM-2_PLUS_DOMESTIC_DEMAND 2023Q4 H2 standard failed: fewer_than_36_training_months
2026-10-05 09:45:29,735 WARNING DFM-2_PLUS_DOMESTIC_DEMAND 2023Q4 H2 conservative failed: fewer_than_36_training_months
2026-10-05 09:45:29,735 INFO DFM-2_PLUS_DOMESTIC_DEMAND 2023Q4 H2 complete
2026-10-05 09:45:29,784 WARNING DFM-2_PLUS_DOMESTIC_DEMAND 2023Q4 H3 standard failed: fewer_than_36_training_months
2026-10-05 09:45:29,793 WARNING DFM-2_PLUS_DOMESTIC_DEMAND 2023Q4 H3 conservative failed: fewer_than_36_training_months
2026-10-05 09:45:29,793 INFO DFM-2_PLUS_DOMESTIC_DEMAND 2023Q4 H3 complete
2026-10-05 09:45:31,029 WARNING DFM-2_PLUS_DOMESTIC_DEMAND 2024Q1 H1 standard failed: nonconvergence_or_unstable_transition:{"n_training_months": 36, "n_observed_cells": 323, "n_missing_cells": 1, "iterations": 500, "relative_likelihood_change": 3.482494098836025e-0
2026-10-05 09:45:32,215 WARNING DFM-2_PLUS_DOMESTIC_DEMAND 2024Q1 H1 conservative failed: nonconvergence_or_unstable_transition:{"n_training_months": 36, "n_observed_cells": 320, "n_missing_cells": 4, "iterations": 500, "relative_likelihood_change": 3.515700912130275e-0
2026-10-05 09:45:32,215 INFO DFM-2_PLUS_DOMESTIC_DEMAND 2024Q1 H1 complete
2026-10-05 09:45:33,521 WARNING DFM-2_PLUS_DOMESTIC_DEMAND 2024Q1 H2 standard failed: nonconvergence_or_unstable_transition:{"n_training_months": 36, "n_observed_cells": 324, "n_missing_cells": 0, "iterations": 500, "relative_likelihood_change": 3.477369799013959e-0
2026-10-05 09:45:33,557 WARNING DFM-2_PLUS_DOMESTIC_DEMAND 2024Q1 H2 conservative failed: nonconvergence_or_unstable_transition:{"n_training_months": 36, "n_observed_cells": 324, "n_missing_cells": 0, "iterations": 500, "relative_likelihood_change": 3.477369799013959e-0
2026-10-05 09:45:33,558 INFO DFM-2_PLUS_DOMESTIC_DEMAND 2024Q1 H2 complete
2026-10-05 09:45:33,625 WARNING DFM-2_PLUS_DOMESTIC_DEMAND 2024Q1 H3 standard failed: nonconvergence_or_unstable_transition:{"n_training_months": 36, "n_observed_cells": 324, "n_missing_cells": 0, "iterations": 500, "relative_likelihood_change": 3.477369799013959e-0
2026-10-05 09:45:33,658 WARNING DFM-2_PLUS_DOMESTIC_DEMAND 2024Q1 H3 conservative failed: nonconvergence_or_unstable_transition:{"n_training_months": 36, "n_observed_cells": 324, "n_missing_cells": 0, "iterations": 500, "relative_likelihood_change": 3.477369799013959e-0
2026-10-05 09:45:33,658 INFO DFM-2_PLUS_DOMESTIC_DEMAND 2024Q1 H3 complete
2026-10-05 09:45:34,827 WARNING DFM-2_PLUS_DOMESTIC_DEMAND 2024Q2 H1 standard failed: nonconvergence_or_unstable_transition:{"n_training_months": 39, "n_observed_cells": 350, "n_missing_cells": 1, "iterations": 500, "relative_likelihood_change": 2.9427133816221306e-
2026-10-05 09:45:36,141 WARNING DFM-2_PLUS_DOMESTIC_DEMAND 2024Q2 H1 conservative failed: nonconvergence_or_unstable_transition:{"n_training_months": 39, "n_observed_cells": 347, "n_missing_cells": 4, "iterations": 500, "relative_likelihood_change": 2.973253344047718e-0
2026-10-05 09:45:36,142 INFO DFM-2_PLUS_DOMESTIC_DEMAND 2024Q2 H1 complete
2026-10-05 09:45:37,395 WARNING DFM-2_PLUS_DOMESTIC_DEMAND 2024Q2 H2 standard failed: nonconvergence_or_unstable_transition:{"n_training_months": 39, "n_observed_cells": 351, "n_missing_cells": 0, "iterations": 500, "relative_likelihood_change": 2.9314307577156386e-
2026-10-05 09:45:37,432 WARNING DFM-2_PLUS_DOMESTIC_DEMAND 2024Q2 H2 conservative failed: nonconvergence_or_unstable_transition:{"n_training_months": 39, "n_observed_cells": 351, "n_missing_cells": 0, "iterations": 500, "relative_likelihood_change": 2.9314307577156386e-
2026-10-05 09:45:37,433 INFO DFM-2_PLUS_DOMESTIC_DEMAND 2024Q2 H2 complete
2026-10-05 09:45:37,509 WARNING DFM-2_PLUS_DOMESTIC_DEMAND 2024Q2 H3 standard failed: nonconvergence_or_unstable_transition:{"n_training_months": 39, "n_observed_cells": 351, "n_missing_cells": 0, "iterations": 500, "relative_likelihood_change": 2.9314307577156386e-
2026-10-05 09:45:37,546 WARNING DFM-2_PLUS_DOMESTIC_DEMAND 2024Q2 H3 conservative failed: nonconvergence_or_unstable_transition:{"n_training_months": 39, "n_observed_cells": 351, "n_missing_cells": 0, "iterations": 500, "relative_likelihood_change": 2.9314307577156386e-
2026-10-05 09:45:37,547 INFO DFM-2_PLUS_DOMESTIC_DEMAND 2024Q2 H3 complete
2026-10-05 09:45:38,806 WARNING DFM-2_PLUS_DOMESTIC_DEMAND 2024Q3 H1 standard failed: nonconvergence_or_unstable_transition:{"n_training_months": 42, "n_observed_cells": 377, "n_missing_cells": 1, "iterations": 500, "relative_likelihood_change": 2.521939187285523e-0
2026-10-05 09:45:39,996 WARNING DFM-2_PLUS_DOMESTIC_DEMAND 2024Q3 H1 conservative failed: nonconvergence_or_unstable_transition:{"n_training_months": 42, "n_observed_cells": 374, "n_missing_cells": 4, "iterations": 500, "relative_likelihood_change": 2.5434280779842042e-
2026-10-05 09:45:39,997 INFO DFM-2_PLUS_DOMESTIC_DEMAND 2024Q3 H1 complete
2026-10-05 09:45:41,207 WARNING DFM-2_PLUS_DOMESTIC_DEMAND 2024Q3 H2 standard failed: nonconvergence_or_unstable_transition:{"n_training_months": 42, "n_observed_cells": 378, "n_missing_cells": 0, "iterations": 500, "relative_likelihood_change": 2.519468442047611e-0
2026-10-05 09:45:41,243 WARNING DFM-2_PLUS_DOMESTIC_DEMAND 2024Q3 H2 conservative failed: nonconvergence_or_unstable_transition:{"n_training_months": 42, "n_observed_cells": 378, "n_missing_cells": 0, "iterations": 500, "relative_likelihood_change": 2.519468442047611e-0
2026-10-05 09:45:41,244 INFO DFM-2_PLUS_DOMESTIC_DEMAND 2024Q3 H2 complete
2026-10-05 09:45:41,321 WARNING DFM-2_PLUS_DOMESTIC_DEMAND 2024Q3 H3 standard failed: nonconvergence_or_unstable_transition:{"n_training_months": 42, "n_observed_cells": 378, "n_missing_cells": 0, "iterations": 500, "relative_likelihood_change": 2.519468442047611e-0
2026-10-05 09:45:41,357 WARNING DFM-2_PLUS_DOMESTIC_DEMAND 2024Q3 H3 conservative failed: nonconvergence_or_unstable_transition:{"n_training_months": 42, "n_observed_cells": 378, "n_missing_cells": 0, "iterations": 500, "relative_likelihood_change": 2.519468442047611e-0
2026-10-05 09:45:41,357 INFO DFM-2_PLUS_DOMESTIC_DEMAND 2024Q3 H3 complete
2026-10-05 09:45:43,051 WARNING DFM-2_PLUS_DOMESTIC_DEMAND 2024Q4 H1 standard failed: nonconvergence_or_unstable_transition:{"n_training_months": 45, "n_observed_cells": 404, "n_missing_cells": 1, "iterations": 500, "relative_likelihood_change": 2.190340283773337e-0
2026-10-05 09:45:44,260 WARNING DFM-2_PLUS_DOMESTIC_DEMAND 2024Q4 H1 conservative failed: nonconvergence_or_unstable_transition:{"n_training_months": 45, "n_observed_cells": 401, "n_missing_cells": 4, "iterations": 500, "relative_likelihood_change": 2.2079889794871796e-
2026-10-05 09:45:44,260 INFO DFM-2_PLUS_DOMESTIC_DEMAND 2024Q4 H1 complete
2026-10-05 09:45:46,856 WARNING DFM-2_PLUS_DOMESTIC_DEMAND 2024Q4 H2 standard failed: nonconvergence_or_unstable_transition:{"n_training_months": 45, "n_observed_cells": 405, "n_missing_cells": 0, "iterations": 500, "relative_likelihood_change": 2.1879534789444772e-
2026-10-05 09:45:46,915 WARNING DFM-2_PLUS_DOMESTIC_DEMAND 2024Q4 H2 conservative failed: nonconvergence_or_unstable_transition:{"n_training_months": 45, "n_observed_cells": 405, "n_missing_cells": 0, "iterations": 500, "relative_likelihood_change": 2.1879534789444772e-
2026-10-05 09:45:46,915 INFO DFM-2_PLUS_DOMESTIC_DEMAND 2024Q4 H2 complete
2026-10-05 09:45:47,042 WARNING DFM-2_PLUS_DOMESTIC_DEMAND 2024Q4 H3 standard failed: nonconvergence_or_unstable_transition:{"n_training_months": 45, "n_observed_cells": 405, "n_missing_cells": 0, "iterations": 500, "relative_likelihood_change": 2.1879534789444772e-
2026-10-05 09:45:47,090 WARNING DFM-2_PLUS_DOMESTIC_DEMAND 2024Q4 H3 conservative failed: nonconvergence_or_unstable_transition:{"n_training_months": 45, "n_observed_cells": 405, "n_missing_cells": 0, "iterations": 500, "relative_likelihood_change": 2.1879534789444772e-
2026-10-05 09:45:47,090 INFO DFM-2_PLUS_DOMESTIC_DEMAND 2024Q4 H3 complete
2026-10-05 09:45:49,351 WARNING DFM-2_PLUS_DOMESTIC_DEMAND 2025Q1 H1 standard failed: nonconvergence_or_unstable_transition:{"n_training_months": 48, "n_observed_cells": 431, "n_missing_cells": 1, "iterations": 500, "relative_likelihood_change": 1.9193225071439704e-
2026-10-05 09:45:50,655 WARNING DFM-2_PLUS_DOMESTIC_DEMAND 2025Q1 H1 conservative failed: nonconvergence_or_unstable_transition:{"n_training_months": 48, "n_observed_cells": 428, "n_missing_cells": 4, "iterations": 500, "relative_likelihood_change": 1.9335678380343853e-
2026-10-05 09:45:50,655 INFO DFM-2_PLUS_DOMESTIC_DEMAND 2025Q1 H1 complete
2026-10-05 09:45:52,018 WARNING DFM-2_PLUS_DOMESTIC_DEMAND 2025Q1 H2 standard failed: nonconvergence_or_unstable_transition:{"n_training_months": 48, "n_observed_cells": 432, "n_missing_cells": 0, "iterations": 500, "relative_likelihood_change": 1.9170584093989343e-
2026-10-05 09:45:52,060 WARNING DFM-2_PLUS_DOMESTIC_DEMAND 2025Q1 H2 conservative failed: nonconvergence_or_unstable_transition:{"n_training_months": 48, "n_observed_cells": 432, "n_missing_cells": 0, "iterations": 500, "relative_likelihood_change": 1.9170584093989343e-
2026-10-05 09:45:52,061 INFO DFM-2_PLUS_DOMESTIC_DEMAND 2025Q1 H2 complete
2026-10-05 09:45:52,128 WARNING DFM-2_PLUS_DOMESTIC_DEMAND 2025Q1 H3 standard failed: nonconvergence_or_unstable_transition:{"n_training_months": 48, "n_observed_cells": 432, "n_missing_cells": 0, "iterations": 500, "relative_likelihood_change": 1.9170584093989343e-
2026-10-05 09:45:52,180 WARNING DFM-2_PLUS_DOMESTIC_DEMAND 2025Q1 H3 conservative failed: nonconvergence_or_unstable_transition:{"n_training_months": 48, "n_observed_cells": 432, "n_missing_cells": 0, "iterations": 500, "relative_likelihood_change": 1.9170584093989343e-
2026-10-05 09:45:52,180 INFO DFM-2_PLUS_DOMESTIC_DEMAND 2025Q1 H3 complete
2026-10-05 09:45:53,430 WARNING DFM-2_PLUS_DOMESTIC_DEMAND 2025Q2 H1 standard failed: nonconvergence_or_unstable_transition:{"n_training_months": 51, "n_observed_cells": 458, "n_missing_cells": 1, "iterations": 500, "relative_likelihood_change": 1.6783570573419693e-
2026-10-05 09:45:54,701 WARNING DFM-2_PLUS_DOMESTIC_DEMAND 2025Q2 H1 conservative failed: nonconvergence_or_unstable_transition:{"n_training_months": 51, "n_observed_cells": 455, "n_missing_cells": 4, "iterations": 500, "relative_likelihood_change": 1.690590368324122e-0
2026-10-05 09:45:54,701 INFO DFM-2_PLUS_DOMESTIC_DEMAND 2025Q2 H1 complete
2026-10-05 09:45:56,723 WARNING DFM-2_PLUS_DOMESTIC_DEMAND 2025Q2 H2 standard failed: nonconvergence_or_unstable_transition:{"n_training_months": 51, "n_observed_cells": 459, "n_missing_cells": 0, "iterations": 500, "relative_likelihood_change": 1.6763094004402775e-
2026-10-05 09:45:56,807 WARNING DFM-2_PLUS_DOMESTIC_DEMAND 2025Q2 H2 conservative failed: nonconvergence_or_unstable_transition:{"n_training_months": 51, "n_observed_cells": 459, "n_missing_cells": 0, "iterations": 500, "relative_likelihood_change": 1.6763094004402775e-
2026-10-05 09:45:56,808 INFO DFM-2_PLUS_DOMESTIC_DEMAND 2025Q2 H2 complete
2026-10-05 09:45:57,206 WARNING DFM-2_PLUS_DOMESTIC_DEMAND 2025Q2 H3 standard failed: nonconvergence_or_unstable_transition:{"n_training_months": 51, "n_observed_cells": 459, "n_missing_cells": 0, "iterations": 500, "relative_likelihood_change": 1.6763094004402775e-
2026-10-05 09:45:57,289 WARNING DFM-2_PLUS_DOMESTIC_DEMAND 2025Q2 H3 conservative failed: nonconvergence_or_unstable_transition:{"n_training_months": 51, "n_observed_cells": 459, "n_missing_cells": 0, "iterations": 500, "relative_likelihood_change": 1.6763094004402775e-
2026-10-05 09:45:57,289 INFO DFM-2_PLUS_DOMESTIC_DEMAND 2025Q2 H3 complete
2026-10-05 09:45:57,488 WARNING DFM-2_PLUS_PRICES 2022Q1 H1 standard failed: fewer_than_36_training_months
2026-10-05 09:45:57,488 WARNING DFM-2_PLUS_PRICES 2022Q1 H1 conservative failed: fewer_than_36_training_months
2026-10-05 09:45:57,488 INFO DFM-2_PLUS_PRICES 2022Q1 H1 complete
2026-10-05 09:45:57,560 WARNING DFM-2_PLUS_PRICES 2022Q1 H2 standard failed: fewer_than_36_training_months
2026-10-05 09:45:57,567 WARNING DFM-2_PLUS_PRICES 2022Q1 H2 conservative failed: fewer_than_36_training_months
2026-10-05 09:45:57,567 INFO DFM-2_PLUS_PRICES 2022Q1 H2 complete
2026-10-05 09:45:57,635 WARNING DFM-2_PLUS_PRICES 2022Q1 H3 standard failed: fewer_than_36_training_months
2026-10-05 09:45:57,635 WARNING DFM-2_PLUS_PRICES 2022Q1 H3 conservative failed: fewer_than_36_training_months
2026-10-05 09:45:57,635 INFO DFM-2_PLUS_PRICES 2022Q1 H3 complete
2026-10-05 09:45:57,702 WARNING DFM-2_PLUS_PRICES 2022Q2 H1 standard failed: fewer_than_36_training_months
2026-10-05 09:45:57,702 WARNING DFM-2_PLUS_PRICES 2022Q2 H1 conservative failed: fewer_than_36_training_months
2026-10-05 09:45:57,702 INFO DFM-2_PLUS_PRICES 2022Q2 H1 complete
2026-10-05 09:45:57,769 WARNING DFM-2_PLUS_PRICES 2022Q2 H2 standard failed: fewer_than_36_training_months
2026-10-05 09:45:57,782 WARNING DFM-2_PLUS_PRICES 2022Q2 H2 conservative failed: fewer_than_36_training_months
2026-10-05 09:45:57,782 INFO DFM-2_PLUS_PRICES 2022Q2 H2 complete
2026-10-05 09:45:57,875 WARNING DFM-2_PLUS_PRICES 2022Q2 H3 standard failed: fewer_than_36_training_months
2026-10-05 09:45:57,908 WARNING DFM-2_PLUS_PRICES 2022Q2 H3 conservative failed: fewer_than_36_training_months
2026-10-05 09:45:57,908 INFO DFM-2_PLUS_PRICES 2022Q2 H3 complete
2026-10-05 09:45:58,012 WARNING DFM-2_PLUS_PRICES 2022Q3 H1 standard failed: fewer_than_36_training_months
2026-10-05 09:45:58,023 WARNING DFM-2_PLUS_PRICES 2022Q3 H1 conservative failed: fewer_than_36_training_months
2026-10-05 09:45:58,023 INFO DFM-2_PLUS_PRICES 2022Q3 H1 complete
2026-10-05 09:45:58,446 WARNING DFM-2_PLUS_PRICES 2022Q3 H2 standard failed: fewer_than_36_training_months
2026-10-05 09:45:58,464 WARNING DFM-2_PLUS_PRICES 2022Q3 H2 conservative failed: fewer_than_36_training_months
2026-10-05 09:45:58,464 INFO DFM-2_PLUS_PRICES 2022Q3 H2 complete
2026-10-05 09:45:58,707 WARNING DFM-2_PLUS_PRICES 2022Q3 H3 standard failed: fewer_than_36_training_months
2026-10-05 09:45:58,719 WARNING DFM-2_PLUS_PRICES 2022Q3 H3 conservative failed: fewer_than_36_training_months
2026-10-05 09:45:58,720 INFO DFM-2_PLUS_PRICES 2022Q3 H3 complete
2026-10-05 09:45:58,857 WARNING DFM-2_PLUS_PRICES 2022Q4 H1 standard failed: fewer_than_36_training_months
2026-10-05 09:45:58,892 WARNING DFM-2_PLUS_PRICES 2022Q4 H1 conservative failed: fewer_than_36_training_months
2026-10-05 09:45:58,892 INFO DFM-2_PLUS_PRICES 2022Q4 H1 complete
2026-10-05 09:45:59,057 WARNING DFM-2_PLUS_PRICES 2022Q4 H2 standard failed: fewer_than_36_training_months
2026-10-05 09:45:59,074 WARNING DFM-2_PLUS_PRICES 2022Q4 H2 conservative failed: fewer_than_36_training_months
2026-10-05 09:45:59,074 INFO DFM-2_PLUS_PRICES 2022Q4 H2 complete
2026-10-05 09:45:59,237 WARNING DFM-2_PLUS_PRICES 2022Q4 H3 standard failed: fewer_than_36_training_months
2026-10-05 09:45:59,249 WARNING DFM-2_PLUS_PRICES 2022Q4 H3 conservative failed: fewer_than_36_training_months
2026-10-05 09:45:59,249 INFO DFM-2_PLUS_PRICES 2022Q4 H3 complete
2026-10-05 09:45:59,500 WARNING DFM-2_PLUS_PRICES 2023Q1 H1 standard failed: fewer_than_36_training_months
2026-10-05 09:45:59,515 WARNING DFM-2_PLUS_PRICES 2023Q1 H1 conservative failed: fewer_than_36_training_months
2026-10-05 09:45:59,516 INFO DFM-2_PLUS_PRICES 2023Q1 H1 complete
2026-10-05 09:45:59,762 WARNING DFM-2_PLUS_PRICES 2023Q1 H2 standard failed: fewer_than_36_training_months
2026-10-05 09:45:59,780 WARNING DFM-2_PLUS_PRICES 2023Q1 H2 conservative failed: fewer_than_36_training_months
2026-10-05 09:45:59,781 INFO DFM-2_PLUS_PRICES 2023Q1 H2 complete
2026-10-05 09:45:59,866 WARNING DFM-2_PLUS_PRICES 2023Q1 H3 standard failed: fewer_than_36_training_months
2026-10-05 09:45:59,946 WARNING DFM-2_PLUS_PRICES 2023Q1 H3 conservative failed: fewer_than_36_training_months
2026-10-05 09:45:59,947 INFO DFM-2_PLUS_PRICES 2023Q1 H3 complete
2026-10-05 09:46:00,372 WARNING DFM-2_PLUS_PRICES 2023Q2 H1 standard failed: fewer_than_36_training_months
2026-10-05 09:46:00,409 WARNING DFM-2_PLUS_PRICES 2023Q2 H1 conservative failed: fewer_than_36_training_months
2026-10-05 09:46:00,409 INFO DFM-2_PLUS_PRICES 2023Q2 H1 complete
2026-10-05 09:46:00,637 WARNING DFM-2_PLUS_PRICES 2023Q2 H2 standard failed: fewer_than_36_training_months
2026-10-05 09:46:00,666 WARNING DFM-2_PLUS_PRICES 2023Q2 H2 conservative failed: fewer_than_36_training_months
2026-10-05 09:46:00,668 INFO DFM-2_PLUS_PRICES 2023Q2 H2 complete
2026-10-05 09:46:00,915 WARNING DFM-2_PLUS_PRICES 2023Q2 H3 standard failed: fewer_than_36_training_months
2026-10-05 09:46:00,941 WARNING DFM-2_PLUS_PRICES 2023Q2 H3 conservative failed: fewer_than_36_training_months
2026-10-05 09:46:00,941 INFO DFM-2_PLUS_PRICES 2023Q2 H3 complete
2026-10-05 09:46:01,089 WARNING DFM-2_PLUS_PRICES 2023Q3 H1 standard failed: fewer_than_36_training_months
2026-10-05 09:46:01,109 WARNING DFM-2_PLUS_PRICES 2023Q3 H1 conservative failed: fewer_than_36_training_months
2026-10-05 09:46:01,110 INFO DFM-2_PLUS_PRICES 2023Q3 H1 complete
2026-10-05 09:46:01,255 WARNING DFM-2_PLUS_PRICES 2023Q3 H2 standard failed: fewer_than_36_training_months
2026-10-05 09:46:01,272 WARNING DFM-2_PLUS_PRICES 2023Q3 H2 conservative failed: fewer_than_36_training_months
2026-10-05 09:46:01,272 INFO DFM-2_PLUS_PRICES 2023Q3 H2 complete
2026-10-05 09:46:01,422 WARNING DFM-2_PLUS_PRICES 2023Q3 H3 standard failed: fewer_than_36_training_months
2026-10-05 09:46:01,457 WARNING DFM-2_PLUS_PRICES 2023Q3 H3 conservative failed: fewer_than_36_training_months
2026-10-05 09:46:01,457 INFO DFM-2_PLUS_PRICES 2023Q3 H3 complete
2026-10-05 09:46:01,624 WARNING DFM-2_PLUS_PRICES 2023Q4 H1 standard failed: fewer_than_36_training_months
2026-10-05 09:46:01,647 WARNING DFM-2_PLUS_PRICES 2023Q4 H1 conservative failed: fewer_than_36_training_months
2026-10-05 09:46:01,647 INFO DFM-2_PLUS_PRICES 2023Q4 H1 complete
2026-10-05 09:46:01,772 WARNING DFM-2_PLUS_PRICES 2023Q4 H2 standard failed: fewer_than_36_training_months
2026-10-05 09:46:01,790 WARNING DFM-2_PLUS_PRICES 2023Q4 H2 conservative failed: fewer_than_36_training_months
2026-10-05 09:46:01,790 INFO DFM-2_PLUS_PRICES 2023Q4 H2 complete
2026-10-05 09:46:01,927 WARNING DFM-2_PLUS_PRICES 2023Q4 H3 standard failed: fewer_than_36_training_months
2026-10-05 09:46:01,946 WARNING DFM-2_PLUS_PRICES 2023Q4 H3 conservative failed: fewer_than_36_training_months
2026-10-05 09:46:01,946 INFO DFM-2_PLUS_PRICES 2023Q4 H3 complete
2026-10-05 09:46:03,357 WARNING DFM-2_PLUS_PRICES 2024Q1 H1 standard failed: nonconvergence_or_unstable_transition:{"n_training_months": 36, "n_observed_cells": 287, "n_missing_cells": 1, "iterations": 500, "relative_likelihood_change": 3.652472776656923e-0
2026-10-05 09:46:04,478 WARNING DFM-2_PLUS_PRICES 2024Q1 H1 conservative failed: nonconvergence_or_unstable_transition:{"n_training_months": 36, "n_observed_cells": 286, "n_missing_cells": 2, "iterations": 500, "relative_likelihood_change": 3.665643259569239e-0
2026-10-05 09:46:04,479 INFO DFM-2_PLUS_PRICES 2024Q1 H1 complete
2026-10-05 09:46:05,617 WARNING DFM-2_PLUS_PRICES 2024Q1 H2 standard failed: nonconvergence_or_unstable_transition:{"n_training_months": 36, "n_observed_cells": 288, "n_missing_cells": 0, "iterations": 500, "relative_likelihood_change": 3.638685519649296e-0
2026-10-05 09:46:05,651 WARNING DFM-2_PLUS_PRICES 2024Q1 H2 conservative failed: nonconvergence_or_unstable_transition:{"n_training_months": 36, "n_observed_cells": 288, "n_missing_cells": 0, "iterations": 500, "relative_likelihood_change": 3.638685519649296e-0
2026-10-05 09:46:05,652 INFO DFM-2_PLUS_PRICES 2024Q1 H2 complete
2026-10-05 09:46:05,725 WARNING DFM-2_PLUS_PRICES 2024Q1 H3 standard failed: nonconvergence_or_unstable_transition:{"n_training_months": 36, "n_observed_cells": 288, "n_missing_cells": 0, "iterations": 500, "relative_likelihood_change": 3.638685519649296e-0
2026-10-05 09:46:05,762 WARNING DFM-2_PLUS_PRICES 2024Q1 H3 conservative failed: nonconvergence_or_unstable_transition:{"n_training_months": 36, "n_observed_cells": 288, "n_missing_cells": 0, "iterations": 500, "relative_likelihood_change": 3.638685519649296e-0
2026-10-05 09:46:05,763 INFO DFM-2_PLUS_PRICES 2024Q1 H3 complete
2026-10-05 09:46:07,945 WARNING DFM-2_PLUS_PRICES 2024Q2 H1 standard failed: nonconvergence_or_unstable_transition:{"n_training_months": 39, "n_observed_cells": 311, "n_missing_cells": 1, "iterations": 500, "relative_likelihood_change": 3.111760728882189e-0
2026-10-05 09:46:09,617 WARNING DFM-2_PLUS_PRICES 2024Q2 H1 conservative failed: nonconvergence_or_unstable_transition:{"n_training_months": 39, "n_observed_cells": 310, "n_missing_cells": 2, "iterations": 500, "relative_likelihood_change": 3.1229361048079436e-
2026-10-05 09:46:09,617 INFO DFM-2_PLUS_PRICES 2024Q2 H1 complete
2026-10-05 09:46:11,111 WARNING DFM-2_PLUS_PRICES 2024Q2 H2 standard failed: nonconvergence_or_unstable_transition:{"n_training_months": 39, "n_observed_cells": 312, "n_missing_cells": 0, "iterations": 500, "relative_likelihood_change": 3.1007976944544884e-
2026-10-05 09:46:11,163 WARNING DFM-2_PLUS_PRICES 2024Q2 H2 conservative failed: nonconvergence_or_unstable_transition:{"n_training_months": 39, "n_observed_cells": 312, "n_missing_cells": 0, "iterations": 500, "relative_likelihood_change": 3.1007976944544884e-
2026-10-05 09:46:11,163 INFO DFM-2_PLUS_PRICES 2024Q2 H2 complete
2026-10-05 09:46:11,261 WARNING DFM-2_PLUS_PRICES 2024Q2 H3 standard failed: nonconvergence_or_unstable_transition:{"n_training_months": 39, "n_observed_cells": 312, "n_missing_cells": 0, "iterations": 500, "relative_likelihood_change": 3.1007976944544884e-
2026-10-05 09:46:11,306 WARNING DFM-2_PLUS_PRICES 2024Q2 H3 conservative failed: nonconvergence_or_unstable_transition:{"n_training_months": 39, "n_observed_cells": 312, "n_missing_cells": 0, "iterations": 500, "relative_likelihood_change": 3.1007976944544884e-
2026-10-05 09:46:11,306 INFO DFM-2_PLUS_PRICES 2024Q2 H3 complete
2026-10-05 09:46:12,819 WARNING DFM-2_PLUS_PRICES 2024Q3 H1 standard failed: nonconvergence_or_unstable_transition:{"n_training_months": 42, "n_observed_cells": 335, "n_missing_cells": 1, "iterations": 500, "relative_likelihood_change": 2.675797714878623e-0
2026-10-05 09:46:14,253 WARNING DFM-2_PLUS_PRICES 2024Q3 H1 conservative failed: nonconvergence_or_unstable_transition:{"n_training_months": 42, "n_observed_cells": 334, "n_missing_cells": 2, "iterations": 500, "relative_likelihood_change": 2.6844421539612328e-
2026-10-05 09:46:14,269 INFO DFM-2_PLUS_PRICES 2024Q3 H1 complete
2026-10-05 09:46:15,988 WARNING DFM-2_PLUS_PRICES 2024Q3 H2 standard failed: nonconvergence_or_unstable_transition:{"n_training_months": 42, "n_observed_cells": 336, "n_missing_cells": 0, "iterations": 500, "relative_likelihood_change": 2.6672565588883865e-
2026-10-05 09:46:16,047 WARNING DFM-2_PLUS_PRICES 2024Q3 H2 conservative failed: nonconvergence_or_unstable_transition:{"n_training_months": 42, "n_observed_cells": 336, "n_missing_cells": 0, "iterations": 500, "relative_likelihood_change": 2.6672565588883865e-
2026-10-05 09:46:16,048 INFO DFM-2_PLUS_PRICES 2024Q3 H2 complete
2026-10-05 09:46:16,143 WARNING DFM-2_PLUS_PRICES 2024Q3 H3 standard failed: nonconvergence_or_unstable_transition:{"n_training_months": 42, "n_observed_cells": 336, "n_missing_cells": 0, "iterations": 500, "relative_likelihood_change": 2.6672565588883865e-
2026-10-05 09:46:16,188 WARNING DFM-2_PLUS_PRICES 2024Q3 H3 conservative failed: nonconvergence_or_unstable_transition:{"n_training_months": 42, "n_observed_cells": 336, "n_missing_cells": 0, "iterations": 500, "relative_likelihood_change": 2.6672565588883865e-
2026-10-05 09:46:16,188 INFO DFM-2_PLUS_PRICES 2024Q3 H3 complete
2026-10-05 09:46:17,717 WARNING DFM-2_PLUS_PRICES 2024Q4 H1 standard failed: nonconvergence_or_unstable_transition:{"n_training_months": 45, "n_observed_cells": 359, "n_missing_cells": 1, "iterations": 500, "relative_likelihood_change": 2.4032243284692877e-
2026-10-05 09:46:19,246 WARNING DFM-2_PLUS_PRICES 2024Q4 H1 conservative failed: nonconvergence_or_unstable_transition:{"n_training_months": 45, "n_observed_cells": 358, "n_missing_cells": 2, "iterations": 500, "relative_likelihood_change": 2.4095909287408303e-
2026-10-05 09:46:19,246 INFO DFM-2_PLUS_PRICES 2024Q4 H1 complete
2026-10-05 09:46:20,647 WARNING DFM-2_PLUS_PRICES 2024Q4 H2 standard failed: nonconvergence_or_unstable_transition:{"n_training_months": 45, "n_observed_cells": 360, "n_missing_cells": 0, "iterations": 500, "relative_likelihood_change": 2.3957727799907476e-
2026-10-05 09:46:20,695 WARNING DFM-2_PLUS_PRICES 2024Q4 H2 conservative failed: nonconvergence_or_unstable_transition:{"n_training_months": 45, "n_observed_cells": 360, "n_missing_cells": 0, "iterations": 500, "relative_likelihood_change": 2.3957727799907476e-
2026-10-05 09:46:20,696 INFO DFM-2_PLUS_PRICES 2024Q4 H2 complete
2026-10-05 09:46:20,879 WARNING DFM-2_PLUS_PRICES 2024Q4 H3 standard failed: nonconvergence_or_unstable_transition:{"n_training_months": 45, "n_observed_cells": 360, "n_missing_cells": 0, "iterations": 500, "relative_likelihood_change": 2.3957727799907476e-
2026-10-05 09:46:20,921 WARNING DFM-2_PLUS_PRICES 2024Q4 H3 conservative failed: nonconvergence_or_unstable_transition:{"n_training_months": 45, "n_observed_cells": 360, "n_missing_cells": 0, "iterations": 500, "relative_likelihood_change": 2.3957727799907476e-
2026-10-05 09:46:20,922 INFO DFM-2_PLUS_PRICES 2024Q4 H3 complete
2026-10-05 09:46:22,537 WARNING DFM-2_PLUS_PRICES 2025Q1 H1 standard failed: nonconvergence_or_unstable_transition:{"n_training_months": 48, "n_observed_cells": 383, "n_missing_cells": 1, "iterations": 500, "relative_likelihood_change": 2.111440168269609e-0
2026-10-05 09:46:24,004 WARNING DFM-2_PLUS_PRICES 2025Q1 H1 conservative failed: nonconvergence_or_unstable_transition:{"n_training_months": 48, "n_observed_cells": 382, "n_missing_cells": 2, "iterations": 500, "relative_likelihood_change": 2.1119962722492023e-
2026-10-05 09:46:24,004 INFO DFM-2_PLUS_PRICES 2025Q1 H1 complete
2026-10-05 09:46:25,682 WARNING DFM-2_PLUS_PRICES 2025Q1 H2 standard failed: nonconvergence_or_unstable_transition:{"n_training_months": 48, "n_observed_cells": 384, "n_missing_cells": 0, "iterations": 500, "relative_likelihood_change": 2.1051947880427844e-
2026-10-05 09:46:25,723 WARNING DFM-2_PLUS_PRICES 2025Q1 H2 conservative failed: nonconvergence_or_unstable_transition:{"n_training_months": 48, "n_observed_cells": 384, "n_missing_cells": 0, "iterations": 500, "relative_likelihood_change": 2.1051947880427844e-
2026-10-05 09:46:25,723 INFO DFM-2_PLUS_PRICES 2025Q1 H2 complete
2026-10-05 09:46:25,822 WARNING DFM-2_PLUS_PRICES 2025Q1 H3 standard failed: nonconvergence_or_unstable_transition:{"n_training_months": 48, "n_observed_cells": 384, "n_missing_cells": 0, "iterations": 500, "relative_likelihood_change": 2.1051947880427844e-
2026-10-05 09:46:25,866 WARNING DFM-2_PLUS_PRICES 2025Q1 H3 conservative failed: nonconvergence_or_unstable_transition:{"n_training_months": 48, "n_observed_cells": 384, "n_missing_cells": 0, "iterations": 500, "relative_likelihood_change": 2.1051947880427844e-
2026-10-05 09:46:25,866 INFO DFM-2_PLUS_PRICES 2025Q1 H3 complete
2026-10-05 09:46:27,284 WARNING DFM-2_PLUS_PRICES 2025Q2 H1 standard failed: nonconvergence_or_unstable_transition:{"n_training_months": 51, "n_observed_cells": 407, "n_missing_cells": 1, "iterations": 500, "relative_likelihood_change": 1.8775976099419488e-
2026-10-05 09:46:28,837 WARNING DFM-2_PLUS_PRICES 2025Q2 H1 conservative failed: nonconvergence_or_unstable_transition:{"n_training_months": 51, "n_observed_cells": 406, "n_missing_cells": 2, "iterations": 500, "relative_likelihood_change": 1.8780541972460613e-
2026-10-05 09:46:28,837 INFO DFM-2_PLUS_PRICES 2025Q2 H1 complete
2026-10-05 09:46:30,595 WARNING DFM-2_PLUS_PRICES 2025Q2 H2 standard failed: nonconvergence_or_unstable_transition:{"n_training_months": 51, "n_observed_cells": 408, "n_missing_cells": 0, "iterations": 500, "relative_likelihood_change": 1.8723718593005324e-
2026-10-05 09:46:30,677 WARNING DFM-2_PLUS_PRICES 2025Q2 H2 conservative failed: nonconvergence_or_unstable_transition:{"n_training_months": 51, "n_observed_cells": 408, "n_missing_cells": 0, "iterations": 500, "relative_likelihood_change": 1.8723718593005324e-
2026-10-05 09:46:30,677 INFO DFM-2_PLUS_PRICES 2025Q2 H2 complete
2026-10-05 09:46:30,788 WARNING DFM-2_PLUS_PRICES 2025Q2 H3 standard failed: nonconvergence_or_unstable_transition:{"n_training_months": 51, "n_observed_cells": 408, "n_missing_cells": 0, "iterations": 500, "relative_likelihood_change": 1.8723718593005324e-
2026-10-05 09:46:30,823 WARNING DFM-2_PLUS_PRICES 2025Q2 H3 conservative failed: nonconvergence_or_unstable_transition:{"n_training_months": 51, "n_observed_cells": 408, "n_missing_cells": 0, "iterations": 500, "relative_likelihood_change": 1.8723718593005324e-
2026-10-05 09:46:30,823 INFO DFM-2_PLUS_PRICES 2025Q2 H3 complete
2026-10-05 09:46:31,027 WARNING DFM-2_PLUS_EXTERNAL 2022Q1 H1 standard failed: unobserved_predictor
2026-10-05 09:46:31,036 WARNING DFM-2_PLUS_EXTERNAL 2022Q1 H1 conservative failed: unobserved_predictor
2026-10-05 09:46:31,036 INFO DFM-2_PLUS_EXTERNAL 2022Q1 H1 complete
2026-10-05 09:46:31,088 WARNING DFM-2_PLUS_EXTERNAL 2022Q1 H2 standard failed: fewer_than_36_training_months
2026-10-05 09:46:31,088 WARNING DFM-2_PLUS_EXTERNAL 2022Q1 H2 conservative failed: unobserved_predictor
2026-10-05 09:46:31,088 INFO DFM-2_PLUS_EXTERNAL 2022Q1 H2 complete
2026-10-05 09:46:31,157 WARNING DFM-2_PLUS_EXTERNAL 2022Q1 H3 standard failed: fewer_than_36_training_months
2026-10-05 09:46:31,157 WARNING DFM-2_PLUS_EXTERNAL 2022Q1 H3 conservative failed: fewer_than_36_training_months
2026-10-05 09:46:31,157 INFO DFM-2_PLUS_EXTERNAL 2022Q1 H3 complete
2026-10-05 09:46:31,222 WARNING DFM-2_PLUS_EXTERNAL 2022Q2 H1 standard failed: fewer_than_36_training_months
2026-10-05 09:46:31,238 WARNING DFM-2_PLUS_EXTERNAL 2022Q2 H1 conservative failed: fewer_than_36_training_months
2026-10-05 09:46:31,238 INFO DFM-2_PLUS_EXTERNAL 2022Q2 H1 complete
2026-10-05 09:46:31,288 WARNING DFM-2_PLUS_EXTERNAL 2022Q2 H2 standard failed: fewer_than_36_training_months
2026-10-05 09:46:31,306 WARNING DFM-2_PLUS_EXTERNAL 2022Q2 H2 conservative failed: fewer_than_36_training_months
2026-10-05 09:46:31,306 INFO DFM-2_PLUS_EXTERNAL 2022Q2 H2 complete
2026-10-05 09:46:31,355 WARNING DFM-2_PLUS_EXTERNAL 2022Q2 H3 standard failed: fewer_than_36_training_months
2026-10-05 09:46:31,372 WARNING DFM-2_PLUS_EXTERNAL 2022Q2 H3 conservative failed: fewer_than_36_training_months
2026-10-05 09:46:31,372 INFO DFM-2_PLUS_EXTERNAL 2022Q2 H3 complete
2026-10-05 09:46:31,444 WARNING DFM-2_PLUS_EXTERNAL 2022Q3 H1 standard failed: fewer_than_36_training_months
2026-10-05 09:46:31,453 WARNING DFM-2_PLUS_EXTERNAL 2022Q3 H1 conservative failed: fewer_than_36_training_months
2026-10-05 09:46:31,453 INFO DFM-2_PLUS_EXTERNAL 2022Q3 H1 complete
2026-10-05 09:46:31,515 WARNING DFM-2_PLUS_EXTERNAL 2022Q3 H2 standard failed: fewer_than_36_training_months
2026-10-05 09:46:31,522 WARNING DFM-2_PLUS_EXTERNAL 2022Q3 H2 conservative failed: fewer_than_36_training_months
2026-10-05 09:46:31,522 INFO DFM-2_PLUS_EXTERNAL 2022Q3 H2 complete
2026-10-05 09:46:31,580 WARNING DFM-2_PLUS_EXTERNAL 2022Q3 H3 standard failed: fewer_than_36_training_months
2026-10-05 09:46:31,589 WARNING DFM-2_PLUS_EXTERNAL 2022Q3 H3 conservative failed: fewer_than_36_training_months
2026-10-05 09:46:31,590 INFO DFM-2_PLUS_EXTERNAL 2022Q3 H3 complete
2026-10-05 09:46:31,649 WARNING DFM-2_PLUS_EXTERNAL 2022Q4 H1 standard failed: fewer_than_36_training_months
2026-10-05 09:46:31,658 WARNING DFM-2_PLUS_EXTERNAL 2022Q4 H1 conservative failed: fewer_than_36_training_months
2026-10-05 09:46:31,658 INFO DFM-2_PLUS_EXTERNAL 2022Q4 H1 complete
2026-10-05 09:46:31,730 WARNING DFM-2_PLUS_EXTERNAL 2022Q4 H2 standard failed: fewer_than_36_training_months
2026-10-05 09:46:31,741 WARNING DFM-2_PLUS_EXTERNAL 2022Q4 H2 conservative failed: fewer_than_36_training_months
2026-10-05 09:46:31,741 INFO DFM-2_PLUS_EXTERNAL 2022Q4 H2 complete
2026-10-05 09:46:31,811 WARNING DFM-2_PLUS_EXTERNAL 2022Q4 H3 standard failed: fewer_than_36_training_months
2026-10-05 09:46:31,825 WARNING DFM-2_PLUS_EXTERNAL 2022Q4 H3 conservative failed: fewer_than_36_training_months
2026-10-05 09:46:31,826 INFO DFM-2_PLUS_EXTERNAL 2022Q4 H3 complete
2026-10-05 09:46:31,899 WARNING DFM-2_PLUS_EXTERNAL 2023Q1 H1 standard failed: fewer_than_36_training_months
2026-10-05 09:46:31,909 WARNING DFM-2_PLUS_EXTERNAL 2023Q1 H1 conservative failed: fewer_than_36_training_months
2026-10-05 09:46:31,909 INFO DFM-2_PLUS_EXTERNAL 2023Q1 H1 complete
2026-10-05 09:46:31,976 WARNING DFM-2_PLUS_EXTERNAL 2023Q1 H2 standard failed: fewer_than_36_training_months
2026-10-05 09:46:31,995 WARNING DFM-2_PLUS_EXTERNAL 2023Q1 H2 conservative failed: fewer_than_36_training_months
2026-10-05 09:46:31,995 INFO DFM-2_PLUS_EXTERNAL 2023Q1 H2 complete
2026-10-05 09:46:32,109 WARNING DFM-2_PLUS_EXTERNAL 2023Q1 H3 standard failed: fewer_than_36_training_months
2026-10-05 09:46:32,123 WARNING DFM-2_PLUS_EXTERNAL 2023Q1 H3 conservative failed: fewer_than_36_training_months
2026-10-05 09:46:32,123 INFO DFM-2_PLUS_EXTERNAL 2023Q1 H3 complete
2026-10-05 09:46:32,173 WARNING DFM-2_PLUS_EXTERNAL 2023Q2 H1 standard failed: fewer_than_36_training_months
2026-10-05 09:46:32,190 WARNING DFM-2_PLUS_EXTERNAL 2023Q2 H1 conservative failed: fewer_than_36_training_months
2026-10-05 09:46:32,190 INFO DFM-2_PLUS_EXTERNAL 2023Q2 H1 complete
2026-10-05 09:46:32,244 WARNING DFM-2_PLUS_EXTERNAL 2023Q2 H2 standard failed: fewer_than_36_training_months
2026-10-05 09:46:32,255 WARNING DFM-2_PLUS_EXTERNAL 2023Q2 H2 conservative failed: fewer_than_36_training_months
2026-10-05 09:46:32,255 INFO DFM-2_PLUS_EXTERNAL 2023Q2 H2 complete
2026-10-05 09:46:32,309 WARNING DFM-2_PLUS_EXTERNAL 2023Q2 H3 standard failed: fewer_than_36_training_months
2026-10-05 09:46:32,318 WARNING DFM-2_PLUS_EXTERNAL 2023Q2 H3 conservative failed: fewer_than_36_training_months
2026-10-05 09:46:32,318 INFO DFM-2_PLUS_EXTERNAL 2023Q2 H3 complete
2026-10-05 09:46:32,356 WARNING DFM-2_PLUS_EXTERNAL 2023Q3 H1 standard failed: fewer_than_36_training_months
2026-10-05 09:46:32,373 WARNING DFM-2_PLUS_EXTERNAL 2023Q3 H1 conservative failed: fewer_than_36_training_months
2026-10-05 09:46:32,373 INFO DFM-2_PLUS_EXTERNAL 2023Q3 H1 complete
2026-10-05 09:46:32,423 WARNING DFM-2_PLUS_EXTERNAL 2023Q3 H2 standard failed: fewer_than_36_training_months
2026-10-05 09:46:32,442 WARNING DFM-2_PLUS_EXTERNAL 2023Q3 H2 conservative failed: fewer_than_36_training_months
2026-10-05 09:46:32,442 INFO DFM-2_PLUS_EXTERNAL 2023Q3 H2 complete
2026-10-05 09:46:32,490 WARNING DFM-2_PLUS_EXTERNAL 2023Q3 H3 standard failed: fewer_than_36_training_months
2026-10-05 09:46:32,509 WARNING DFM-2_PLUS_EXTERNAL 2023Q3 H3 conservative failed: fewer_than_36_training_months
2026-10-05 09:46:32,510 INFO DFM-2_PLUS_EXTERNAL 2023Q3 H3 complete
2026-10-05 09:46:32,575 WARNING DFM-2_PLUS_EXTERNAL 2023Q4 H1 standard failed: fewer_than_36_training_months
2026-10-05 09:46:32,586 WARNING DFM-2_PLUS_EXTERNAL 2023Q4 H1 conservative failed: fewer_than_36_training_months
2026-10-05 09:46:32,586 INFO DFM-2_PLUS_EXTERNAL 2023Q4 H1 complete
2026-10-05 09:46:32,643 WARNING DFM-2_PLUS_EXTERNAL 2023Q4 H2 standard failed: fewer_than_36_training_months
2026-10-05 09:46:32,652 WARNING DFM-2_PLUS_EXTERNAL 2023Q4 H2 conservative failed: fewer_than_36_training_months
2026-10-05 09:46:32,652 INFO DFM-2_PLUS_EXTERNAL 2023Q4 H2 complete
2026-10-05 09:46:32,691 WARNING DFM-2_PLUS_EXTERNAL 2023Q4 H3 standard failed: fewer_than_36_training_months
2026-10-05 09:46:32,710 WARNING DFM-2_PLUS_EXTERNAL 2023Q4 H3 conservative failed: fewer_than_36_training_months
2026-10-05 09:46:32,711 INFO DFM-2_PLUS_EXTERNAL 2023Q4 H3 complete
2026-10-05 09:46:32,757 WARNING DFM-2_PLUS_EXTERNAL 2024Q1 H1 standard failed: fewer_than_36_training_months
2026-10-05 09:46:32,757 WARNING DFM-2_PLUS_EXTERNAL 2024Q1 H1 conservative failed: fewer_than_36_training_months
2026-10-05 09:46:32,757 INFO DFM-2_PLUS_EXTERNAL 2024Q1 H1 complete
2026-10-05 09:46:32,823 WARNING DFM-2_PLUS_EXTERNAL 2024Q1 H2 standard failed: fewer_than_36_training_months
2026-10-05 09:46:32,825 WARNING DFM-2_PLUS_EXTERNAL 2024Q1 H2 conservative failed: fewer_than_36_training_months
2026-10-05 09:46:32,825 INFO DFM-2_PLUS_EXTERNAL 2024Q1 H2 complete
2026-10-05 09:46:32,890 WARNING DFM-2_PLUS_EXTERNAL 2024Q1 H3 standard failed: fewer_than_36_training_months
2026-10-05 09:46:32,890 WARNING DFM-2_PLUS_EXTERNAL 2024Q1 H3 conservative failed: fewer_than_36_training_months
2026-10-05 09:46:32,890 INFO DFM-2_PLUS_EXTERNAL 2024Q1 H3 complete
2026-10-05 09:46:32,961 WARNING DFM-2_PLUS_EXTERNAL 2024Q2 H1 standard failed: fewer_than_36_training_months
2026-10-05 09:46:32,974 WARNING DFM-2_PLUS_EXTERNAL 2024Q2 H1 conservative failed: fewer_than_36_training_months
2026-10-05 09:46:32,974 INFO DFM-2_PLUS_EXTERNAL 2024Q2 H1 complete
2026-10-05 09:46:33,040 WARNING DFM-2_PLUS_EXTERNAL 2024Q2 H2 standard failed: fewer_than_36_training_months
2026-10-05 09:46:33,048 WARNING DFM-2_PLUS_EXTERNAL 2024Q2 H2 conservative failed: fewer_than_36_training_months
2026-10-05 09:46:33,048 INFO DFM-2_PLUS_EXTERNAL 2024Q2 H2 complete
2026-10-05 09:46:33,090 WARNING DFM-2_PLUS_EXTERNAL 2024Q2 H3 standard failed: fewer_than_36_training_months
2026-10-05 09:46:33,110 WARNING DFM-2_PLUS_EXTERNAL 2024Q2 H3 conservative failed: fewer_than_36_training_months
2026-10-05 09:46:33,110 INFO DFM-2_PLUS_EXTERNAL 2024Q2 H3 complete
2026-10-05 09:46:33,158 WARNING DFM-2_PLUS_EXTERNAL 2024Q3 H1 standard failed: fewer_than_36_training_months
2026-10-05 09:46:33,158 WARNING DFM-2_PLUS_EXTERNAL 2024Q3 H1 conservative failed: fewer_than_36_training_months
2026-10-05 09:46:33,158 INFO DFM-2_PLUS_EXTERNAL 2024Q3 H1 complete
2026-10-05 09:46:33,224 WARNING DFM-2_PLUS_EXTERNAL 2024Q3 H2 standard failed: fewer_than_36_training_months
2026-10-05 09:46:33,224 WARNING DFM-2_PLUS_EXTERNAL 2024Q3 H2 conservative failed: fewer_than_36_training_months
2026-10-05 09:46:33,224 INFO DFM-2_PLUS_EXTERNAL 2024Q3 H2 complete
2026-10-05 09:46:33,291 WARNING DFM-2_PLUS_EXTERNAL 2024Q3 H3 standard failed: fewer_than_36_training_months
2026-10-05 09:46:33,310 WARNING DFM-2_PLUS_EXTERNAL 2024Q3 H3 conservative failed: fewer_than_36_training_months
2026-10-05 09:46:33,310 INFO DFM-2_PLUS_EXTERNAL 2024Q3 H3 complete
2026-10-05 09:46:33,357 WARNING DFM-2_PLUS_EXTERNAL 2024Q4 H1 standard failed: fewer_than_36_training_months
2026-10-05 09:46:33,357 WARNING DFM-2_PLUS_EXTERNAL 2024Q4 H1 conservative failed: fewer_than_36_training_months
2026-10-05 09:46:33,357 INFO DFM-2_PLUS_EXTERNAL 2024Q4 H1 complete
2026-10-05 09:46:33,424 WARNING DFM-2_PLUS_EXTERNAL 2024Q4 H2 standard failed: fewer_than_36_training_months
2026-10-05 09:46:33,424 WARNING DFM-2_PLUS_EXTERNAL 2024Q4 H2 conservative failed: fewer_than_36_training_months
2026-10-05 09:46:33,424 INFO DFM-2_PLUS_EXTERNAL 2024Q4 H2 complete
2026-10-05 09:46:33,491 WARNING DFM-2_PLUS_EXTERNAL 2024Q4 H3 standard failed: fewer_than_36_training_months
2026-10-05 09:46:33,491 WARNING DFM-2_PLUS_EXTERNAL 2024Q4 H3 conservative failed: fewer_than_36_training_months
2026-10-05 09:46:33,491 INFO DFM-2_PLUS_EXTERNAL 2024Q4 H3 complete
2026-10-05 09:46:35,054 WARNING DFM-2_PLUS_EXTERNAL 2025Q1 H1 standard failed: nonconvergence_or_unstable_transition:{"n_training_months": 36, "n_observed_cells": 323, "n_missing_cells": 1, "iterations": 500, "relative_likelihood_change": 3.384775679875345e-0
2026-10-05 09:46:36,494 WARNING DFM-2_PLUS_EXTERNAL 2025Q1 H1 conservative failed: nonconvergence_or_unstable_transition:{"n_training_months": 36, "n_observed_cells": 320, "n_missing_cells": 4, "iterations": 500, "relative_likelihood_change": 3.4120489302477115e-
2026-10-05 09:46:36,494 INFO DFM-2_PLUS_EXTERNAL 2025Q1 H1 complete
2026-10-05 09:46:38,504 WARNING DFM-2_PLUS_EXTERNAL 2025Q1 H2 standard failed: nonconvergence_or_unstable_transition:{"n_training_months": 36, "n_observed_cells": 324, "n_missing_cells": 0, "iterations": 500, "relative_likelihood_change": 3.3729077461132955e-
2026-10-05 09:46:38,548 WARNING DFM-2_PLUS_EXTERNAL 2025Q1 H2 conservative failed: nonconvergence_or_unstable_transition:{"n_training_months": 36, "n_observed_cells": 324, "n_missing_cells": 0, "iterations": 500, "relative_likelihood_change": 3.3729077461132955e-
2026-10-05 09:46:38,549 INFO DFM-2_PLUS_EXTERNAL 2025Q1 H2 complete
2026-10-05 09:46:38,631 WARNING DFM-2_PLUS_EXTERNAL 2025Q1 H3 standard failed: nonconvergence_or_unstable_transition:{"n_training_months": 36, "n_observed_cells": 324, "n_missing_cells": 0, "iterations": 500, "relative_likelihood_change": 3.3729077461132955e-
2026-10-05 09:46:38,666 WARNING DFM-2_PLUS_EXTERNAL 2025Q1 H3 conservative failed: nonconvergence_or_unstable_transition:{"n_training_months": 36, "n_observed_cells": 324, "n_missing_cells": 0, "iterations": 500, "relative_likelihood_change": 3.3729077461132955e-
2026-10-05 09:46:38,666 INFO DFM-2_PLUS_EXTERNAL 2025Q1 H3 complete
2026-10-05 09:46:40,227 WARNING DFM-2_PLUS_EXTERNAL 2025Q2 H1 standard failed: nonconvergence_or_unstable_transition:{"n_training_months": 39, "n_observed_cells": 350, "n_missing_cells": 1, "iterations": 500, "relative_likelihood_change": 2.883434803366486e-0
2026-10-05 09:46:41,755 WARNING DFM-2_PLUS_EXTERNAL 2025Q2 H1 conservative failed: nonconvergence_or_unstable_transition:{"n_training_months": 39, "n_observed_cells": 347, "n_missing_cells": 4, "iterations": 500, "relative_likelihood_change": 2.9058472639326902e-
2026-10-05 09:46:41,755 INFO DFM-2_PLUS_EXTERNAL 2025Q2 H1 complete
2026-10-05 09:46:43,355 WARNING DFM-2_PLUS_EXTERNAL 2025Q2 H2 standard failed: nonconvergence_or_unstable_transition:{"n_training_months": 39, "n_observed_cells": 351, "n_missing_cells": 0, "iterations": 500, "relative_likelihood_change": 2.8741791584638063e-
2026-10-05 09:46:43,416 WARNING DFM-2_PLUS_EXTERNAL 2025Q2 H2 conservative failed: nonconvergence_or_unstable_transition:{"n_training_months": 39, "n_observed_cells": 351, "n_missing_cells": 0, "iterations": 500, "relative_likelihood_change": 2.8741791584638063e-
2026-10-05 09:46:43,416 INFO DFM-2_PLUS_EXTERNAL 2025Q2 H2 complete
2026-10-05 09:46:43,520 WARNING DFM-2_PLUS_EXTERNAL 2025Q2 H3 standard failed: nonconvergence_or_unstable_transition:{"n_training_months": 39, "n_observed_cells": 351, "n_missing_cells": 0, "iterations": 500, "relative_likelihood_change": 2.8741791584638063e-
2026-10-05 09:46:43,576 WARNING DFM-2_PLUS_EXTERNAL 2025Q2 H3 conservative failed: nonconvergence_or_unstable_transition:{"n_training_months": 39, "n_observed_cells": 351, "n_missing_cells": 0, "iterations": 500, "relative_likelihood_change": 2.8741791584638063e-
2026-10-05 09:46:43,577 INFO DFM-2_PLUS_EXTERNAL 2025Q2 H3 complete
2026-10-05 09:46:48,376 WARNING DFM-2_PLUS_PAYMENTS 2022Q1 H1 standard failed: nonconvergence_or_unstable_transition:{"n_training_months": 36, "n_observed_cells": 287, "n_missing_cells": 1, "iterations": 500, "relative_likelihood_change": 3.937419642519051e-0
2026-10-05 09:46:56,911 WARNING DFM-2_PLUS_PAYMENTS 2022Q1 H1 conservative failed: nonconvergence_or_unstable_transition:{"n_training_months": 36, "n_observed_cells": 285, "n_missing_cells": 3, "iterations": 500, "relative_likelihood_change": 3.953570525506227e-0
2026-10-05 09:46:56,912 INFO DFM-2_PLUS_PAYMENTS 2022Q1 H1 complete
2026-10-05 09:46:59,625 WARNING DFM-2_PLUS_PAYMENTS 2022Q1 H2 standard failed: nonconvergence_or_unstable_transition:{"n_training_months": 36, "n_observed_cells": 288, "n_missing_cells": 0, "iterations": 500, "relative_likelihood_change": 3.9382880404770026e-
2026-10-05 09:46:59,693 WARNING DFM-2_PLUS_PAYMENTS 2022Q1 H2 conservative failed: nonconvergence_or_unstable_transition:{"n_training_months": 36, "n_observed_cells": 288, "n_missing_cells": 0, "iterations": 500, "relative_likelihood_change": 3.9382880404770026e-
2026-10-05 09:46:59,693 INFO DFM-2_PLUS_PAYMENTS 2022Q1 H2 complete
2026-10-05 09:46:59,921 WARNING DFM-2_PLUS_PAYMENTS 2022Q1 H3 standard failed: nonconvergence_or_unstable_transition:{"n_training_months": 36, "n_observed_cells": 288, "n_missing_cells": 0, "iterations": 500, "relative_likelihood_change": 3.9382880404770026e-
2026-10-05 09:46:59,991 WARNING DFM-2_PLUS_PAYMENTS 2022Q1 H3 conservative failed: nonconvergence_or_unstable_transition:{"n_training_months": 36, "n_observed_cells": 288, "n_missing_cells": 0, "iterations": 500, "relative_likelihood_change": 3.9382880404770026e-
2026-10-05 09:46:59,991 INFO DFM-2_PLUS_PAYMENTS 2022Q1 H3 complete
2026-10-05 09:47:02,275 WARNING DFM-2_PLUS_PAYMENTS 2022Q2 H1 standard failed: nonconvergence_or_unstable_transition:{"n_training_months": 39, "n_observed_cells": 311, "n_missing_cells": 1, "iterations": 500, "relative_likelihood_change": 3.371331805247453e-0
2026-10-05 09:47:04,853 WARNING DFM-2_PLUS_PAYMENTS 2022Q2 H1 conservative failed: nonconvergence_or_unstable_transition:{"n_training_months": 39, "n_observed_cells": 309, "n_missing_cells": 3, "iterations": 500, "relative_likelihood_change": 3.392229016987854e-0
2026-10-05 09:47:04,854 INFO DFM-2_PLUS_PAYMENTS 2022Q2 H1 complete
2026-10-05 09:47:07,162 WARNING DFM-2_PLUS_PAYMENTS 2022Q2 H2 standard failed: nonconvergence_or_unstable_transition:{"n_training_months": 39, "n_observed_cells": 312, "n_missing_cells": 0, "iterations": 500, "relative_likelihood_change": 3.365320489192282e-0
2026-10-05 09:47:07,236 WARNING DFM-2_PLUS_PAYMENTS 2022Q2 H2 conservative failed: nonconvergence_or_unstable_transition:{"n_training_months": 39, "n_observed_cells": 312, "n_missing_cells": 0, "iterations": 500, "relative_likelihood_change": 3.365320489192282e-0
2026-10-05 09:47:07,237 INFO DFM-2_PLUS_PAYMENTS 2022Q2 H2 complete
2026-10-05 09:47:07,391 WARNING DFM-2_PLUS_PAYMENTS 2022Q2 H3 standard failed: nonconvergence_or_unstable_transition:{"n_training_months": 39, "n_observed_cells": 312, "n_missing_cells": 0, "iterations": 500, "relative_likelihood_change": 3.365320489192282e-0
2026-10-05 09:47:07,627 WARNING DFM-2_PLUS_PAYMENTS 2022Q2 H3 conservative failed: nonconvergence_or_unstable_transition:{"n_training_months": 39, "n_observed_cells": 312, "n_missing_cells": 0, "iterations": 500, "relative_likelihood_change": 3.365320489192282e-0
2026-10-05 09:47:07,627 INFO DFM-2_PLUS_PAYMENTS 2022Q2 H3 complete
2026-10-05 09:47:09,381 WARNING DFM-2_PLUS_PAYMENTS 2022Q3 H1 standard failed: nonconvergence_or_unstable_transition:{"n_training_months": 42, "n_observed_cells": 335, "n_missing_cells": 1, "iterations": 500, "relative_likelihood_change": 2.894163235443624e-0
2026-10-05 09:47:10,917 WARNING DFM-2_PLUS_PAYMENTS 2022Q3 H1 conservative failed: nonconvergence_or_unstable_transition:{"n_training_months": 42, "n_observed_cells": 333, "n_missing_cells": 3, "iterations": 500, "relative_likelihood_change": 2.912990945339309e-0
2026-10-05 09:47:10,917 INFO DFM-2_PLUS_PAYMENTS 2022Q3 H1 complete
2026-10-05 09:47:12,300 WARNING DFM-2_PLUS_PAYMENTS 2022Q3 H2 standard failed: nonconvergence_or_unstable_transition:{"n_training_months": 42, "n_observed_cells": 336, "n_missing_cells": 0, "iterations": 500, "relative_likelihood_change": 2.8809330837056987e-
2026-10-05 09:47:12,352 WARNING DFM-2_PLUS_PAYMENTS 2022Q3 H2 conservative failed: nonconvergence_or_unstable_transition:{"n_training_months": 42, "n_observed_cells": 336, "n_missing_cells": 0, "iterations": 500, "relative_likelihood_change": 2.8809330837056987e-
2026-10-05 09:47:12,353 INFO DFM-2_PLUS_PAYMENTS 2022Q3 H2 complete
2026-10-05 09:47:12,434 WARNING DFM-2_PLUS_PAYMENTS 2022Q3 H3 standard failed: nonconvergence_or_unstable_transition:{"n_training_months": 42, "n_observed_cells": 336, "n_missing_cells": 0, "iterations": 500, "relative_likelihood_change": 2.8809330837056987e-
2026-10-05 09:47:12,467 WARNING DFM-2_PLUS_PAYMENTS 2022Q3 H3 conservative failed: nonconvergence_or_unstable_transition:{"n_training_months": 42, "n_observed_cells": 336, "n_missing_cells": 0, "iterations": 500, "relative_likelihood_change": 2.8809330837056987e-
2026-10-05 09:47:12,467 INFO DFM-2_PLUS_PAYMENTS 2022Q3 H3 complete
2026-10-05 09:47:12,854 WARNING DFM-2_PLUS_PAYMENTS 2022Q4 H1 standard failed: nonconvergence_or_unstable_transition:{"n_training_months": 45, "n_observed_cells": 359, "n_missing_cells": 1, "iterations": 100, "relative_likelihood_change": 9.453740184801742e-0
2026-10-05 09:47:13,285 WARNING DFM-2_PLUS_PAYMENTS 2022Q4 H1 conservative failed: nonconvergence_or_unstable_transition:{"n_training_months": 45, "n_observed_cells": 357, "n_missing_cells": 3, "iterations": 122, "relative_likelihood_change": 9.534459033745926e-0
2026-10-05 09:47:13,285 INFO DFM-2_PLUS_PAYMENTS 2022Q4 H1 complete
2026-10-05 09:47:13,620 WARNING DFM-2_PLUS_PAYMENTS 2022Q4 H2 standard failed: nonconvergence_or_unstable_transition:{"n_training_months": 45, "n_observed_cells": 360, "n_missing_cells": 0, "iterations": 91, "relative_likelihood_change": 9.40660661286981e-06,
2026-10-05 09:47:13,680 WARNING DFM-2_PLUS_PAYMENTS 2022Q4 H2 conservative failed: nonconvergence_or_unstable_transition:{"n_training_months": 45, "n_observed_cells": 360, "n_missing_cells": 0, "iterations": 91, "relative_likelihood_change": 9.40660661286981e-06,
2026-10-05 09:47:13,680 INFO DFM-2_PLUS_PAYMENTS 2022Q4 H2 complete
2026-10-05 09:47:13,772 WARNING DFM-2_PLUS_PAYMENTS 2022Q4 H3 standard failed: nonconvergence_or_unstable_transition:{"n_training_months": 45, "n_observed_cells": 360, "n_missing_cells": 0, "iterations": 91, "relative_likelihood_change": 9.40660661286981e-06,
2026-10-05 09:47:13,815 WARNING DFM-2_PLUS_PAYMENTS 2022Q4 H3 conservative failed: nonconvergence_or_unstable_transition:{"n_training_months": 45, "n_observed_cells": 360, "n_missing_cells": 0, "iterations": 91, "relative_likelihood_change": 9.40660661286981e-06,
2026-10-05 09:47:13,816 INFO DFM-2_PLUS_PAYMENTS 2022Q4 H3 complete
2026-10-05 09:47:14,493 INFO DFM-2_PLUS_PAYMENTS 2023Q1 H1 complete
2026-10-05 09:47:14,844 INFO DFM-2_PLUS_PAYMENTS 2023Q1 H2 complete
2026-10-05 09:47:15,002 INFO DFM-2_PLUS_PAYMENTS 2023Q1 H3 complete
2026-10-05 09:47:15,439 INFO DFM-2_PLUS_PAYMENTS 2023Q2 H1 complete
2026-10-05 09:47:15,719 INFO DFM-2_PLUS_PAYMENTS 2023Q2 H2 complete
2026-10-05 09:47:15,854 INFO DFM-2_PLUS_PAYMENTS 2023Q2 H3 complete
2026-10-05 09:47:16,227 INFO DFM-2_PLUS_PAYMENTS 2023Q3 H1 complete
2026-10-05 09:47:16,493 INFO DFM-2_PLUS_PAYMENTS 2023Q3 H2 complete
2026-10-05 09:47:16,673 INFO DFM-2_PLUS_PAYMENTS 2023Q3 H3 complete
2026-10-05 09:47:16,978 INFO DFM-2_PLUS_PAYMENTS 2023Q4 H1 complete
2026-10-05 09:47:17,228 INFO DFM-2_PLUS_PAYMENTS 2023Q4 H2 complete
2026-10-05 09:47:17,391 INFO DFM-2_PLUS_PAYMENTS 2023Q4 H3 complete
2026-10-05 09:47:17,702 INFO DFM-2_PLUS_PAYMENTS 2024Q1 H1 complete
2026-10-05 09:47:17,953 INFO DFM-2_PLUS_PAYMENTS 2024Q1 H2 complete
2026-10-05 09:47:18,159 INFO DFM-2_PLUS_PAYMENTS 2024Q1 H3 complete
2026-10-05 09:47:18,593 INFO DFM-2_PLUS_PAYMENTS 2024Q2 H1 complete
2026-10-05 09:47:19,313 INFO DFM-2_PLUS_PAYMENTS 2024Q2 H2 complete
2026-10-05 09:47:19,717 INFO DFM-2_PLUS_PAYMENTS 2024Q2 H3 complete
2026-10-05 09:47:20,899 INFO DFM-2_PLUS_PAYMENTS 2024Q3 H1 complete
2026-10-05 09:47:21,632 INFO DFM-2_PLUS_PAYMENTS 2024Q3 H2 complete
2026-10-05 09:47:21,820 INFO DFM-2_PLUS_PAYMENTS 2024Q3 H3 complete
2026-10-05 09:47:22,245 INFO DFM-2_PLUS_PAYMENTS 2024Q4 H1 complete
2026-10-05 09:47:22,526 INFO DFM-2_PLUS_PAYMENTS 2024Q4 H2 complete
2026-10-05 09:47:22,776 INFO DFM-2_PLUS_PAYMENTS 2024Q4 H3 complete
2026-10-05 09:47:23,259 INFO DFM-2_PLUS_PAYMENTS 2025Q1 H1 complete
2026-10-05 09:47:23,573 INFO DFM-2_PLUS_PAYMENTS 2025Q1 H2 complete
2026-10-05 09:47:23,731 INFO DFM-2_PLUS_PAYMENTS 2025Q1 H3 complete
2026-10-05 09:47:24,614 INFO DFM-2_PLUS_PAYMENTS 2025Q2 H1 complete
2026-10-05 09:47:25,224 INFO DFM-2_PLUS_PAYMENTS 2025Q2 H2 complete
2026-10-05 09:47:25,392 INFO DFM-2_PLUS_PAYMENTS 2025Q2 H3 complete
2026-10-05 09:47:25,673 WARNING DFM-2_COMBINED 2022Q1 H1 standard failed: unobserved_predictor
2026-10-05 09:47:25,687 WARNING DFM-2_COMBINED 2022Q1 H1 conservative failed: unobserved_predictor
2026-10-05 09:47:25,687 INFO DFM-2_COMBINED 2022Q1 H1 complete
2026-10-05 09:47:25,763 WARNING DFM-2_COMBINED 2022Q1 H2 standard failed: fewer_than_36_training_months
2026-10-05 09:47:25,779 WARNING DFM-2_COMBINED 2022Q1 H2 conservative failed: unobserved_predictor
2026-10-05 09:47:25,779 INFO DFM-2_COMBINED 2022Q1 H2 complete
2026-10-05 09:47:25,834 WARNING DFM-2_COMBINED 2022Q1 H3 standard failed: fewer_than_36_training_months
2026-10-05 09:47:25,851 WARNING DFM-2_COMBINED 2022Q1 H3 conservative failed: fewer_than_36_training_months
2026-10-05 09:47:25,852 INFO DFM-2_COMBINED 2022Q1 H3 complete
2026-10-05 09:47:25,913 WARNING DFM-2_COMBINED 2022Q2 H1 standard failed: fewer_than_36_training_months
2026-10-05 09:47:25,926 WARNING DFM-2_COMBINED 2022Q2 H1 conservative failed: fewer_than_36_training_months
2026-10-05 09:47:25,927 INFO DFM-2_COMBINED 2022Q2 H1 complete
2026-10-05 09:47:25,985 WARNING DFM-2_COMBINED 2022Q2 H2 standard failed: fewer_than_36_training_months
2026-10-05 09:47:26,000 WARNING DFM-2_COMBINED 2022Q2 H2 conservative failed: fewer_than_36_training_months
2026-10-05 09:47:26,000 INFO DFM-2_COMBINED 2022Q2 H2 complete
2026-10-05 09:47:26,065 WARNING DFM-2_COMBINED 2022Q2 H3 standard failed: fewer_than_36_training_months
2026-10-05 09:47:26,082 WARNING DFM-2_COMBINED 2022Q2 H3 conservative failed: fewer_than_36_training_months
2026-10-05 09:47:26,082 INFO DFM-2_COMBINED 2022Q2 H3 complete
2026-10-05 09:47:26,150 WARNING DFM-2_COMBINED 2022Q3 H1 standard failed: fewer_than_36_training_months
2026-10-05 09:47:26,162 WARNING DFM-2_COMBINED 2022Q3 H1 conservative failed: fewer_than_36_training_months
2026-10-05 09:47:26,163 INFO DFM-2_COMBINED 2022Q3 H1 complete
2026-10-05 09:47:26,227 WARNING DFM-2_COMBINED 2022Q3 H2 standard failed: fewer_than_36_training_months
2026-10-05 09:47:26,232 WARNING DFM-2_COMBINED 2022Q3 H2 conservative failed: fewer_than_36_training_months
2026-10-05 09:47:26,232 INFO DFM-2_COMBINED 2022Q3 H2 complete
2026-10-05 09:47:26,299 WARNING DFM-2_COMBINED 2022Q3 H3 standard failed: fewer_than_36_training_months
2026-10-05 09:47:26,318 WARNING DFM-2_COMBINED 2022Q3 H3 conservative failed: fewer_than_36_training_months
2026-10-05 09:47:26,318 INFO DFM-2_COMBINED 2022Q3 H3 complete
2026-10-05 09:47:26,538 WARNING DFM-2_COMBINED 2022Q4 H1 standard failed: fewer_than_36_training_months
2026-10-05 09:47:26,578 WARNING DFM-2_COMBINED 2022Q4 H1 conservative failed: fewer_than_36_training_months
2026-10-05 09:47:26,579 INFO DFM-2_COMBINED 2022Q4 H1 complete
2026-10-05 09:47:26,722 WARNING DFM-2_COMBINED 2022Q4 H2 standard failed: fewer_than_36_training_months
2026-10-05 09:47:26,746 WARNING DFM-2_COMBINED 2022Q4 H2 conservative failed: fewer_than_36_training_months
2026-10-05 09:47:26,746 INFO DFM-2_COMBINED 2022Q4 H2 complete
2026-10-05 09:47:26,854 WARNING DFM-2_COMBINED 2022Q4 H3 standard failed: fewer_than_36_training_months
2026-10-05 09:47:26,869 WARNING DFM-2_COMBINED 2022Q4 H3 conservative failed: fewer_than_36_training_months
2026-10-05 09:47:26,869 INFO DFM-2_COMBINED 2022Q4 H3 complete
2026-10-05 09:47:26,941 WARNING DFM-2_COMBINED 2023Q1 H1 standard failed: fewer_than_36_training_months
2026-10-05 09:47:26,958 WARNING DFM-2_COMBINED 2023Q1 H1 conservative failed: fewer_than_36_training_months
2026-10-05 09:47:26,958 INFO DFM-2_COMBINED 2023Q1 H1 complete
2026-10-05 09:47:27,037 WARNING DFM-2_COMBINED 2023Q1 H2 standard failed: fewer_than_36_training_months
2026-10-05 09:47:27,054 WARNING DFM-2_COMBINED 2023Q1 H2 conservative failed: fewer_than_36_training_months
2026-10-05 09:47:27,054 INFO DFM-2_COMBINED 2023Q1 H2 complete
2026-10-05 09:47:27,132 WARNING DFM-2_COMBINED 2023Q1 H3 standard failed: fewer_than_36_training_months
2026-10-05 09:47:27,153 WARNING DFM-2_COMBINED 2023Q1 H3 conservative failed: fewer_than_36_training_months
2026-10-05 09:47:27,154 INFO DFM-2_COMBINED 2023Q1 H3 complete
2026-10-05 09:47:27,225 WARNING DFM-2_COMBINED 2023Q2 H1 standard failed: fewer_than_36_training_months
2026-10-05 09:47:27,242 WARNING DFM-2_COMBINED 2023Q2 H1 conservative failed: fewer_than_36_training_months
2026-10-05 09:47:27,242 INFO DFM-2_COMBINED 2023Q2 H1 complete
2026-10-05 09:47:27,324 WARNING DFM-2_COMBINED 2023Q2 H2 standard failed: fewer_than_36_training_months
2026-10-05 09:47:27,339 WARNING DFM-2_COMBINED 2023Q2 H2 conservative failed: fewer_than_36_training_months
2026-10-05 09:47:27,339 INFO DFM-2_COMBINED 2023Q2 H2 complete
2026-10-05 09:47:27,412 WARNING DFM-2_COMBINED 2023Q2 H3 standard failed: fewer_than_36_training_months
2026-10-05 09:47:27,427 WARNING DFM-2_COMBINED 2023Q2 H3 conservative failed: fewer_than_36_training_months
2026-10-05 09:47:27,427 INFO DFM-2_COMBINED 2023Q2 H3 complete
2026-10-05 09:47:27,505 WARNING DFM-2_COMBINED 2023Q3 H1 standard failed: fewer_than_36_training_months
2026-10-05 09:47:27,521 WARNING DFM-2_COMBINED 2023Q3 H1 conservative failed: fewer_than_36_training_months
2026-10-05 09:47:27,521 INFO DFM-2_COMBINED 2023Q3 H1 complete
2026-10-05 09:47:27,605 WARNING DFM-2_COMBINED 2023Q3 H2 standard failed: fewer_than_36_training_months
2026-10-05 09:47:27,629 WARNING DFM-2_COMBINED 2023Q3 H2 conservative failed: fewer_than_36_training_months
2026-10-05 09:47:27,630 INFO DFM-2_COMBINED 2023Q3 H2 complete
2026-10-05 09:47:27,737 WARNING DFM-2_COMBINED 2023Q3 H3 standard failed: fewer_than_36_training_months
2026-10-05 09:47:27,771 WARNING DFM-2_COMBINED 2023Q3 H3 conservative failed: fewer_than_36_training_months
2026-10-05 09:47:27,771 INFO DFM-2_COMBINED 2023Q3 H3 complete
2026-10-05 09:47:27,872 WARNING DFM-2_COMBINED 2023Q4 H1 standard failed: fewer_than_36_training_months
2026-10-05 09:47:27,891 WARNING DFM-2_COMBINED 2023Q4 H1 conservative failed: fewer_than_36_training_months
2026-10-05 09:47:27,891 INFO DFM-2_COMBINED 2023Q4 H1 complete
2026-10-05 09:47:27,961 WARNING DFM-2_COMBINED 2023Q4 H2 standard failed: fewer_than_36_training_months
2026-10-05 09:47:27,968 WARNING DFM-2_COMBINED 2023Q4 H2 conservative failed: fewer_than_36_training_months
2026-10-05 09:47:27,968 INFO DFM-2_COMBINED 2023Q4 H2 complete
2026-10-05 09:47:28,066 WARNING DFM-2_COMBINED 2023Q4 H3 standard failed: fewer_than_36_training_months
2026-10-05 09:47:28,089 WARNING DFM-2_COMBINED 2023Q4 H3 conservative failed: fewer_than_36_training_months
2026-10-05 09:47:28,089 INFO DFM-2_COMBINED 2023Q4 H3 complete
2026-10-05 09:47:28,186 WARNING DFM-2_COMBINED 2024Q1 H1 standard failed: fewer_than_36_training_months
2026-10-05 09:47:28,217 WARNING DFM-2_COMBINED 2024Q1 H1 conservative failed: fewer_than_36_training_months
2026-10-05 09:47:28,218 INFO DFM-2_COMBINED 2024Q1 H1 complete
2026-10-05 09:47:28,289 WARNING DFM-2_COMBINED 2024Q1 H2 standard failed: fewer_than_36_training_months
2026-10-05 09:47:28,301 WARNING DFM-2_COMBINED 2024Q1 H2 conservative failed: fewer_than_36_training_months
2026-10-05 09:47:28,301 INFO DFM-2_COMBINED 2024Q1 H2 complete
2026-10-05 09:47:28,386 WARNING DFM-2_COMBINED 2024Q1 H3 standard failed: fewer_than_36_training_months
2026-10-05 09:47:28,410 WARNING DFM-2_COMBINED 2024Q1 H3 conservative failed: fewer_than_36_training_months
2026-10-05 09:47:28,410 INFO DFM-2_COMBINED 2024Q1 H3 complete
2026-10-05 09:47:28,639 WARNING DFM-2_COMBINED 2024Q2 H1 standard failed: fewer_than_36_training_months
2026-10-05 09:47:28,675 WARNING DFM-2_COMBINED 2024Q2 H1 conservative failed: fewer_than_36_training_months
2026-10-05 09:47:28,676 INFO DFM-2_COMBINED 2024Q2 H1 complete
2026-10-05 09:47:28,800 WARNING DFM-2_COMBINED 2024Q2 H2 standard failed: fewer_than_36_training_months
2026-10-05 09:47:28,830 WARNING DFM-2_COMBINED 2024Q2 H2 conservative failed: fewer_than_36_training_months
2026-10-05 09:47:28,831 INFO DFM-2_COMBINED 2024Q2 H2 complete
2026-10-05 09:47:28,945 WARNING DFM-2_COMBINED 2024Q2 H3 standard failed: fewer_than_36_training_months
2026-10-05 09:47:28,963 WARNING DFM-2_COMBINED 2024Q2 H3 conservative failed: fewer_than_36_training_months
2026-10-05 09:47:28,963 INFO DFM-2_COMBINED 2024Q2 H3 complete
2026-10-05 09:47:29,041 WARNING DFM-2_COMBINED 2024Q3 H1 standard failed: fewer_than_36_training_months
2026-10-05 09:47:29,057 WARNING DFM-2_COMBINED 2024Q3 H1 conservative failed: fewer_than_36_training_months
2026-10-05 09:47:29,057 INFO DFM-2_COMBINED 2024Q3 H1 complete
2026-10-05 09:47:29,125 WARNING DFM-2_COMBINED 2024Q3 H2 standard failed: fewer_than_36_training_months
2026-10-05 09:47:29,140 WARNING DFM-2_COMBINED 2024Q3 H2 conservative failed: fewer_than_36_training_months
2026-10-05 09:47:29,140 INFO DFM-2_COMBINED 2024Q3 H2 complete
2026-10-05 09:47:29,203 WARNING DFM-2_COMBINED 2024Q3 H3 standard failed: fewer_than_36_training_months
2026-10-05 09:47:29,214 WARNING DFM-2_COMBINED 2024Q3 H3 conservative failed: fewer_than_36_training_months
2026-10-05 09:47:29,214 INFO DFM-2_COMBINED 2024Q3 H3 complete
2026-10-05 09:47:29,283 WARNING DFM-2_COMBINED 2024Q4 H1 standard failed: fewer_than_36_training_months
2026-10-05 09:47:29,286 WARNING DFM-2_COMBINED 2024Q4 H1 conservative failed: fewer_than_36_training_months
2026-10-05 09:47:29,286 INFO DFM-2_COMBINED 2024Q4 H1 complete
2026-10-05 09:47:29,352 WARNING DFM-2_COMBINED 2024Q4 H2 standard failed: fewer_than_36_training_months
2026-10-05 09:47:29,374 WARNING DFM-2_COMBINED 2024Q4 H2 conservative failed: fewer_than_36_training_months
2026-10-05 09:47:29,375 INFO DFM-2_COMBINED 2024Q4 H2 complete
2026-10-05 09:47:29,437 WARNING DFM-2_COMBINED 2024Q4 H3 standard failed: fewer_than_36_training_months
2026-10-05 09:47:29,454 WARNING DFM-2_COMBINED 2024Q4 H3 conservative failed: fewer_than_36_training_months
2026-10-05 09:47:29,454 INFO DFM-2_COMBINED 2024Q4 H3 complete
2026-10-05 09:47:31,455 WARNING DFM-2_COMBINED 2025Q1 H1 standard failed: nonconvergence_or_unstable_transition:{"n_training_months": 36, "n_observed_cells": 467, "n_missing_cells": 1, "iterations": 500, "relative_likelihood_change": 2.313284969240684e-0
2026-10-05 09:47:33,423 WARNING DFM-2_COMBINED 2025Q1 H1 conservative failed: nonconvergence_or_unstable_transition:{"n_training_months": 36, "n_observed_cells": 461, "n_missing_cells": 7, "iterations": 500, "relative_likelihood_change": 2.345718059024295e-0
2026-10-05 09:47:33,425 INFO DFM-2_COMBINED 2025Q1 H1 complete
2026-10-05 09:47:35,723 WARNING DFM-2_COMBINED 2025Q1 H2 standard failed: nonconvergence_or_unstable_transition:{"n_training_months": 36, "n_observed_cells": 468, "n_missing_cells": 0, "iterations": 500, "relative_likelihood_change": 2.3111668731653667e-
2026-10-05 09:47:35,760 WARNING DFM-2_COMBINED 2025Q1 H2 conservative failed: nonconvergence_or_unstable_transition:{"n_training_months": 36, "n_observed_cells": 468, "n_missing_cells": 0, "iterations": 500, "relative_likelihood_change": 2.3111668731653667e-
2026-10-05 09:47:35,760 INFO DFM-2_COMBINED 2025Q1 H2 complete
2026-10-05 09:47:35,860 WARNING DFM-2_COMBINED 2025Q1 H3 standard failed: nonconvergence_or_unstable_transition:{"n_training_months": 36, "n_observed_cells": 468, "n_missing_cells": 0, "iterations": 500, "relative_likelihood_change": 2.3111668731653667e-
2026-10-05 09:47:35,914 WARNING DFM-2_COMBINED 2025Q1 H3 conservative failed: nonconvergence_or_unstable_transition:{"n_training_months": 36, "n_observed_cells": 468, "n_missing_cells": 0, "iterations": 500, "relative_likelihood_change": 2.3111668731653667e-
2026-10-05 09:47:35,915 INFO DFM-2_COMBINED 2025Q1 H3 complete
2026-10-05 09:47:37,762 WARNING DFM-2_COMBINED 2025Q2 H1 standard failed: nonconvergence_or_unstable_transition:{"n_training_months": 39, "n_observed_cells": 503, "n_missing_cells": 4, "iterations": 500, "relative_likelihood_change": 1.956591220069856e-0
2026-10-05 09:47:39,480 WARNING DFM-2_COMBINED 2025Q2 H1 conservative failed: nonconvergence_or_unstable_transition:{"n_training_months": 39, "n_observed_cells": 498, "n_missing_cells": 9, "iterations": 500, "relative_likelihood_change": 1.9782610063629308e-
2026-10-05 09:47:39,480 INFO DFM-2_COMBINED 2025Q2 H1 complete
2026-10-05 09:47:41,257 WARNING DFM-2_COMBINED 2025Q2 H2 standard failed: nonconvergence_or_unstable_transition:{"n_training_months": 39, "n_observed_cells": 504, "n_missing_cells": 3, "iterations": 500, "relative_likelihood_change": 1.955107417188489e-0
2026-10-05 09:47:41,299 WARNING DFM-2_COMBINED 2025Q2 H2 conservative failed: nonconvergence_or_unstable_transition:{"n_training_months": 39, "n_observed_cells": 504, "n_missing_cells": 3, "iterations": 500, "relative_likelihood_change": 1.955107417188489e-0
2026-10-05 09:47:41,299 INFO DFM-2_COMBINED 2025Q2 H2 complete
2026-10-05 09:47:41,382 WARNING DFM-2_COMBINED 2025Q2 H3 standard failed: nonconvergence_or_unstable_transition:{"n_training_months": 39, "n_observed_cells": 504, "n_missing_cells": 3, "iterations": 500, "relative_likelihood_change": 1.955107417188489e-0
2026-10-05 09:47:41,432 WARNING DFM-2_COMBINED 2025Q2 H3 conservative failed: nonconvergence_or_unstable_transition:{"n_training_months": 39, "n_observed_cells": 504, "n_missing_cells": 3, "iterations": 500, "relative_likelihood_change": 1.955107417188489e-0
2026-10-05 09:47:41,432 INFO DFM-2_COMBINED 2025Q2 H3 complete
2026-10-05 09:47:42,029 WARNING DFM-3 2022Q1 H1 standard failed: nonconvergence_or_unstable_transition:{"n_training_months": 36, "n_observed_cells": 287, "n_missing_cells": 1, "iterations": 500, "relative_likelihood_change": 3.937419642519051e-0
2026-10-05 09:47:42,067 WARNING DFM-3 2022Q1 H1 conservative failed: nonconvergence_or_unstable_transition:{"n_training_months": 36, "n_observed_cells": 285, "n_missing_cells": 3, "iterations": 500, "relative_likelihood_change": 3.953570525506227e-0
2026-10-05 09:47:42,067 INFO DFM-3 2022Q1 H1 complete
2026-10-05 09:47:42,154 WARNING DFM-3 2022Q1 H2 standard failed: nonconvergence_or_unstable_transition:{"n_training_months": 36, "n_observed_cells": 288, "n_missing_cells": 0, "iterations": 500, "relative_likelihood_change": 3.9382880404770026e-
2026-10-05 09:47:42,183 WARNING DFM-3 2022Q1 H2 conservative failed: nonconvergence_or_unstable_transition:{"n_training_months": 36, "n_observed_cells": 288, "n_missing_cells": 0, "iterations": 500, "relative_likelihood_change": 3.9382880404770026e-
2026-10-05 09:47:42,183 INFO DFM-3 2022Q1 H2 complete
2026-10-05 09:47:42,267 WARNING DFM-3 2022Q1 H3 standard failed: nonconvergence_or_unstable_transition:{"n_training_months": 36, "n_observed_cells": 288, "n_missing_cells": 0, "iterations": 500, "relative_likelihood_change": 3.9382880404770026e-
2026-10-05 09:47:42,300 WARNING DFM-3 2022Q1 H3 conservative failed: nonconvergence_or_unstable_transition:{"n_training_months": 36, "n_observed_cells": 288, "n_missing_cells": 0, "iterations": 500, "relative_likelihood_change": 3.9382880404770026e-
2026-10-05 09:47:42,300 INFO DFM-3 2022Q1 H3 complete
2026-10-05 09:47:42,400 WARNING DFM-3 2022Q2 H1 standard failed: nonconvergence_or_unstable_transition:{"n_training_months": 39, "n_observed_cells": 311, "n_missing_cells": 1, "iterations": 500, "relative_likelihood_change": 3.371331805247453e-0
2026-10-05 09:47:42,434 WARNING DFM-3 2022Q2 H1 conservative failed: nonconvergence_or_unstable_transition:{"n_training_months": 39, "n_observed_cells": 309, "n_missing_cells": 3, "iterations": 500, "relative_likelihood_change": 3.392229016987854e-0
2026-10-05 09:47:42,434 INFO DFM-3 2022Q2 H1 complete
2026-10-05 09:47:42,534 WARNING DFM-3 2022Q2 H2 standard failed: nonconvergence_or_unstable_transition:{"n_training_months": 39, "n_observed_cells": 312, "n_missing_cells": 0, "iterations": 500, "relative_likelihood_change": 3.365320489192282e-0
2026-10-05 09:47:42,592 WARNING DFM-3 2022Q2 H2 conservative failed: nonconvergence_or_unstable_transition:{"n_training_months": 39, "n_observed_cells": 312, "n_missing_cells": 0, "iterations": 500, "relative_likelihood_change": 3.365320489192282e-0
2026-10-05 09:47:42,593 INFO DFM-3 2022Q2 H2 complete
2026-10-05 09:47:42,727 WARNING DFM-3 2022Q2 H3 standard failed: nonconvergence_or_unstable_transition:{"n_training_months": 39, "n_observed_cells": 312, "n_missing_cells": 0, "iterations": 500, "relative_likelihood_change": 3.365320489192282e-0
2026-10-05 09:47:42,767 WARNING DFM-3 2022Q2 H3 conservative failed: nonconvergence_or_unstable_transition:{"n_training_months": 39, "n_observed_cells": 312, "n_missing_cells": 0, "iterations": 500, "relative_likelihood_change": 3.365320489192282e-0
2026-10-05 09:47:42,767 INFO DFM-3 2022Q2 H3 complete
2026-10-05 09:47:42,853 WARNING DFM-3 2022Q3 H1 standard failed: nonconvergence_or_unstable_transition:{"n_training_months": 42, "n_observed_cells": 335, "n_missing_cells": 1, "iterations": 500, "relative_likelihood_change": 2.894163235443624e-0
2026-10-05 09:47:42,884 WARNING DFM-3 2022Q3 H1 conservative failed: nonconvergence_or_unstable_transition:{"n_training_months": 42, "n_observed_cells": 333, "n_missing_cells": 3, "iterations": 500, "relative_likelihood_change": 2.912990945339309e-0
2026-10-05 09:47:42,884 INFO DFM-3 2022Q3 H1 complete
2026-10-05 09:47:43,001 WARNING DFM-3 2022Q3 H2 standard failed: nonconvergence_or_unstable_transition:{"n_training_months": 42, "n_observed_cells": 336, "n_missing_cells": 0, "iterations": 500, "relative_likelihood_change": 2.8809330837056987e-
2026-10-05 09:47:43,062 WARNING DFM-3 2022Q3 H2 conservative failed: nonconvergence_or_unstable_transition:{"n_training_months": 42, "n_observed_cells": 336, "n_missing_cells": 0, "iterations": 500, "relative_likelihood_change": 2.8809330837056987e-
2026-10-05 09:47:43,063 INFO DFM-3 2022Q3 H2 complete
2026-10-05 09:47:43,201 WARNING DFM-3 2022Q3 H3 standard failed: nonconvergence_or_unstable_transition:{"n_training_months": 42, "n_observed_cells": 336, "n_missing_cells": 0, "iterations": 500, "relative_likelihood_change": 2.8809330837056987e-
2026-10-05 09:47:43,257 WARNING DFM-3 2022Q3 H3 conservative failed: nonconvergence_or_unstable_transition:{"n_training_months": 42, "n_observed_cells": 336, "n_missing_cells": 0, "iterations": 500, "relative_likelihood_change": 2.8809330837056987e-
2026-10-05 09:47:43,257 INFO DFM-3 2022Q3 H3 complete
2026-10-05 09:47:43,335 WARNING DFM-3 2022Q4 H1 standard failed: nonconvergence_or_unstable_transition:{"n_training_months": 45, "n_observed_cells": 359, "n_missing_cells": 1, "iterations": 100, "relative_likelihood_change": 9.453740184801742e-0
2026-10-05 09:47:43,368 WARNING DFM-3 2022Q4 H1 conservative failed: nonconvergence_or_unstable_transition:{"n_training_months": 45, "n_observed_cells": 357, "n_missing_cells": 3, "iterations": 122, "relative_likelihood_change": 9.534459033745926e-0
2026-10-05 09:47:43,368 INFO DFM-3 2022Q4 H1 complete
2026-10-05 09:47:43,451 WARNING DFM-3 2022Q4 H2 standard failed: nonconvergence_or_unstable_transition:{"n_training_months": 45, "n_observed_cells": 360, "n_missing_cells": 0, "iterations": 91, "relative_likelihood_change": 9.40660661286981e-06,
2026-10-05 09:47:43,485 WARNING DFM-3 2022Q4 H2 conservative failed: nonconvergence_or_unstable_transition:{"n_training_months": 45, "n_observed_cells": 360, "n_missing_cells": 0, "iterations": 91, "relative_likelihood_change": 9.40660661286981e-06,
2026-10-05 09:47:43,500 INFO DFM-3 2022Q4 H2 complete
2026-10-05 09:47:43,586 WARNING DFM-3 2022Q4 H3 standard failed: nonconvergence_or_unstable_transition:{"n_training_months": 45, "n_observed_cells": 360, "n_missing_cells": 0, "iterations": 91, "relative_likelihood_change": 9.40660661286981e-06,
2026-10-05 09:47:43,636 WARNING DFM-3 2022Q4 H3 conservative failed: nonconvergence_or_unstable_transition:{"n_training_months": 45, "n_observed_cells": 360, "n_missing_cells": 0, "iterations": 91, "relative_likelihood_change": 9.40660661286981e-06,
2026-10-05 09:47:43,636 INFO DFM-3 2022Q4 H3 complete
2026-10-05 09:47:43,814 INFO DFM-3 2023Q1 H1 complete
2026-10-05 09:47:43,951 INFO DFM-3 2023Q1 H2 complete
2026-10-05 09:47:44,085 INFO DFM-3 2023Q1 H3 complete
2026-10-05 09:47:44,219 INFO DFM-3 2023Q2 H1 complete
2026-10-05 09:47:44,371 INFO DFM-3 2023Q2 H2 complete
2026-10-05 09:47:44,502 INFO DFM-3 2023Q2 H3 complete
2026-10-05 09:47:44,645 INFO DFM-3 2023Q3 H1 complete
2026-10-05 09:47:44,779 INFO DFM-3 2023Q3 H2 complete
2026-10-05 09:47:44,918 INFO DFM-3 2023Q3 H3 complete
2026-10-05 09:47:45,071 INFO DFM-3 2023Q4 H1 complete
2026-10-05 09:47:45,207 INFO DFM-3 2023Q4 H2 complete
2026-10-05 09:47:45,349 INFO DFM-3 2023Q4 H3 complete
2026-10-05 09:47:45,487 INFO DFM-3 2024Q1 H1 complete
2026-10-05 09:47:45,622 INFO DFM-3 2024Q1 H2 complete
2026-10-05 09:47:45,779 INFO DFM-3 2024Q1 H3 complete
2026-10-05 09:47:45,959 INFO DFM-3 2024Q2 H1 complete
2026-10-05 09:47:46,174 INFO DFM-3 2024Q2 H2 complete
2026-10-05 09:47:46,371 INFO DFM-3 2024Q2 H3 complete
2026-10-05 09:47:46,552 INFO DFM-3 2024Q3 H1 complete
2026-10-05 09:47:46,841 INFO DFM-3 2024Q3 H2 complete
2026-10-05 09:47:47,019 INFO DFM-3 2024Q3 H3 complete
2026-10-05 09:47:47,229 INFO DFM-3 2024Q4 H1 complete
2026-10-05 09:47:47,402 INFO DFM-3 2024Q4 H2 complete
2026-10-05 09:47:47,556 INFO DFM-3 2024Q4 H3 complete
2026-10-05 09:47:47,712 INFO DFM-3 2025Q1 H1 complete
2026-10-05 09:47:47,873 INFO DFM-3 2025Q1 H2 complete
2026-10-05 09:47:48,042 INFO DFM-3 2025Q1 H3 complete
2026-10-05 09:47:48,236 INFO DFM-3 2025Q2 H1 complete
2026-10-05 09:47:48,410 INFO DFM-3 2025Q2 H2 complete
2026-10-05 09:47:48,552 INFO DFM-3 2025Q2 H3 complete
2026-10-05 09:47:48,872 WARNING DFM-3_COMBINED 2022Q1 H1 standard failed: insufficient_history_or_invalid_scale
2026-10-05 09:47:48,884 WARNING DFM-3_COMBINED 2022Q1 H1 conservative failed: insufficient_history_or_invalid_scale
2026-10-05 09:47:48,884 INFO DFM-3_COMBINED 2022Q1 H1 complete
2026-10-05 09:47:48,956 WARNING DFM-3_COMBINED 2022Q1 H2 standard failed: insufficient_history_or_invalid_scale
2026-10-05 09:47:48,970 WARNING DFM-3_COMBINED 2022Q1 H2 conservative failed: insufficient_history_or_invalid_scale
2026-10-05 09:47:48,970 INFO DFM-3_COMBINED 2022Q1 H2 complete
2026-10-05 09:47:49,043 WARNING DFM-3_COMBINED 2022Q1 H3 standard failed: insufficient_history_or_invalid_scale
2026-10-05 09:47:49,055 WARNING DFM-3_COMBINED 2022Q1 H3 conservative failed: insufficient_history_or_invalid_scale
2026-10-05 09:47:49,055 INFO DFM-3_COMBINED 2022Q1 H3 complete
2026-10-05 09:47:49,128 WARNING DFM-3_COMBINED 2022Q2 H1 standard failed: insufficient_history_or_invalid_scale
2026-10-05 09:47:49,147 WARNING DFM-3_COMBINED 2022Q2 H1 conservative failed: insufficient_history_or_invalid_scale
2026-10-05 09:47:49,147 INFO DFM-3_COMBINED 2022Q2 H1 complete
2026-10-05 09:47:49,250 WARNING DFM-3_COMBINED 2022Q2 H2 standard failed: insufficient_history_or_invalid_scale
2026-10-05 09:47:49,262 WARNING DFM-3_COMBINED 2022Q2 H2 conservative failed: insufficient_history_or_invalid_scale
2026-10-05 09:47:49,262 INFO DFM-3_COMBINED 2022Q2 H2 complete
2026-10-05 09:47:49,351 WARNING DFM-3_COMBINED 2022Q2 H3 standard failed: insufficient_history_or_invalid_scale
2026-10-05 09:47:49,362 WARNING DFM-3_COMBINED 2022Q2 H3 conservative failed: insufficient_history_or_invalid_scale
2026-10-05 09:47:49,362 INFO DFM-3_COMBINED 2022Q2 H3 complete
2026-10-05 09:47:49,425 WARNING DFM-3_COMBINED 2022Q3 H1 standard failed: insufficient_history_or_invalid_scale
2026-10-05 09:47:49,442 WARNING DFM-3_COMBINED 2022Q3 H1 conservative failed: insufficient_history_or_invalid_scale
2026-10-05 09:47:49,442 INFO DFM-3_COMBINED 2022Q3 H1 complete
2026-10-05 09:47:49,491 WARNING DFM-3_COMBINED 2022Q3 H2 standard failed: insufficient_history_or_invalid_scale
2026-10-05 09:47:49,520 WARNING DFM-3_COMBINED 2022Q3 H2 conservative failed: insufficient_history_or_invalid_scale
2026-10-05 09:47:49,520 INFO DFM-3_COMBINED 2022Q3 H2 complete
2026-10-05 09:47:49,587 WARNING DFM-3_COMBINED 2022Q3 H3 standard failed: insufficient_history_or_invalid_scale
2026-10-05 09:47:49,593 WARNING DFM-3_COMBINED 2022Q3 H3 conservative failed: insufficient_history_or_invalid_scale
2026-10-05 09:47:49,593 INFO DFM-3_COMBINED 2022Q3 H3 complete
2026-10-05 09:47:49,723 WARNING DFM-3_COMBINED 2022Q4 H1 standard failed: insufficient_history_or_invalid_scale
2026-10-05 09:47:49,743 WARNING DFM-3_COMBINED 2022Q4 H1 conservative failed: insufficient_history_or_invalid_scale
2026-10-05 09:47:49,743 INFO DFM-3_COMBINED 2022Q4 H1 complete
2026-10-05 09:47:49,860 WARNING DFM-3_COMBINED 2022Q4 H2 standard failed: insufficient_history_or_invalid_scale
2026-10-05 09:47:49,875 WARNING DFM-3_COMBINED 2022Q4 H2 conservative failed: insufficient_history_or_invalid_scale
2026-10-05 09:47:49,875 INFO DFM-3_COMBINED 2022Q4 H2 complete
2026-10-05 09:47:49,925 WARNING DFM-3_COMBINED 2022Q4 H3 standard failed: insufficient_history_or_invalid_scale
2026-10-05 09:47:49,949 WARNING DFM-3_COMBINED 2022Q4 H3 conservative failed: insufficient_history_or_invalid_scale
2026-10-05 09:47:49,949 INFO DFM-3_COMBINED 2022Q4 H3 complete
2026-10-05 09:47:50,427 WARNING DFM-3_COMBINED 2023Q1 H1 conservative failed: insufficient_history_or_invalid_scale
2026-10-05 09:47:50,427 INFO DFM-3_COMBINED 2023Q1 H1 complete
2026-10-05 09:47:50,898 INFO DFM-3_COMBINED 2023Q1 H2 complete
2026-10-05 09:47:51,093 INFO DFM-3_COMBINED 2023Q1 H3 complete
2026-10-05 09:47:51,660 INFO DFM-3_COMBINED 2023Q2 H1 complete
2026-10-05 09:47:52,049 INFO DFM-3_COMBINED 2023Q2 H2 complete
2026-10-05 09:47:52,218 INFO DFM-3_COMBINED 2023Q2 H3 complete
2026-10-05 09:47:52,596 INFO DFM-3_COMBINED 2023Q3 H1 complete
2026-10-05 09:47:52,862 INFO DFM-3_COMBINED 2023Q3 H2 complete
2026-10-05 09:47:53,032 INFO DFM-3_COMBINED 2023Q3 H3 complete
2026-10-05 09:47:53,446 INFO DFM-3_COMBINED 2023Q4 H1 complete
2026-10-05 09:47:53,726 INFO DFM-3_COMBINED 2023Q4 H2 complete
2026-10-05 09:47:53,880 INFO DFM-3_COMBINED 2023Q4 H3 complete
2026-10-05 09:47:56,663 INFO DFM-3_COMBINED 2024Q1 H1 complete
2026-10-05 09:47:58,002 INFO DFM-3_COMBINED 2024Q1 H2 complete
2026-10-05 09:47:58,168 INFO DFM-3_COMBINED 2024Q1 H3 complete
2026-10-05 09:47:59,854 INFO DFM-3_COMBINED 2024Q2 H1 complete
2026-10-05 09:48:00,688 INFO DFM-3_COMBINED 2024Q2 H2 complete
2026-10-05 09:48:00,854 INFO DFM-3_COMBINED 2024Q2 H3 complete
2026-10-05 09:48:01,872 INFO DFM-3_COMBINED 2024Q3 H1 complete
2026-10-05 09:48:02,496 INFO DFM-3_COMBINED 2024Q3 H2 complete
2026-10-05 09:48:02,723 INFO DFM-3_COMBINED 2024Q3 H3 complete
2026-10-05 09:48:03,657 INFO DFM-3_COMBINED 2024Q4 H1 complete
2026-10-05 09:48:04,222 INFO DFM-3_COMBINED 2024Q4 H2 complete
2026-10-05 09:48:04,425 INFO DFM-3_COMBINED 2024Q4 H3 complete
2026-10-05 09:48:05,404 INFO DFM-3_COMBINED 2025Q1 H1 complete
2026-10-05 09:48:05,978 INFO DFM-3_COMBINED 2025Q1 H2 complete
2026-10-05 09:48:06,160 INFO DFM-3_COMBINED 2025Q1 H3 complete
2026-10-05 09:48:07,063 INFO DFM-3_COMBINED 2025Q2 H1 complete
2026-10-05 09:48:07,543 INFO DFM-3_COMBINED 2025Q2 H2 complete
2026-10-05 09:48:07,723 INFO DFM-3_COMBINED 2025Q2 H3 complete
2026-10-05 09:48:08,239 WARNING DFM-4_R1_P1 2022Q1 H1 standard failed: nonconvergence_or_unstable_transition:{"n_training_months": 36, "n_observed_cells": 287, "n_missing_cells": 1, "iterations": 500, "relative_likelihood_change": 3.937419642519051e-0
2026-10-05 09:48:08,284 WARNING DFM-4_R1_P1 2022Q1 H1 conservative failed: nonconvergence_or_unstable_transition:{"n_training_months": 36, "n_observed_cells": 285, "n_missing_cells": 3, "iterations": 500, "relative_likelihood_change": 3.953570525506227e-0
2026-10-05 09:48:08,284 INFO DFM-4_R1_P1 2022Q1 H1 complete
2026-10-05 09:48:08,390 WARNING DFM-4_R1_P1 2022Q1 H2 standard failed: nonconvergence_or_unstable_transition:{"n_training_months": 36, "n_observed_cells": 288, "n_missing_cells": 0, "iterations": 500, "relative_likelihood_change": 3.9382880404770026e-
2026-10-05 09:48:08,439 WARNING DFM-4_R1_P1 2022Q1 H2 conservative failed: nonconvergence_or_unstable_transition:{"n_training_months": 36, "n_observed_cells": 288, "n_missing_cells": 0, "iterations": 500, "relative_likelihood_change": 3.9382880404770026e-
2026-10-05 09:48:08,440 INFO DFM-4_R1_P1 2022Q1 H2 complete
2026-10-05 09:48:08,540 WARNING DFM-4_R1_P1 2022Q1 H3 standard failed: nonconvergence_or_unstable_transition:{"n_training_months": 36, "n_observed_cells": 288, "n_missing_cells": 0, "iterations": 500, "relative_likelihood_change": 3.9382880404770026e-
2026-10-05 09:48:08,586 WARNING DFM-4_R1_P1 2022Q1 H3 conservative failed: nonconvergence_or_unstable_transition:{"n_training_months": 36, "n_observed_cells": 288, "n_missing_cells": 0, "iterations": 500, "relative_likelihood_change": 3.9382880404770026e-
2026-10-05 09:48:08,587 INFO DFM-4_R1_P1 2022Q1 H3 complete
2026-10-05 09:48:08,678 WARNING DFM-4_R1_P1 2022Q2 H1 standard failed: nonconvergence_or_unstable_transition:{"n_training_months": 39, "n_observed_cells": 311, "n_missing_cells": 1, "iterations": 500, "relative_likelihood_change": 3.371331805247453e-0
2026-10-05 09:48:08,728 WARNING DFM-4_R1_P1 2022Q2 H1 conservative failed: nonconvergence_or_unstable_transition:{"n_training_months": 39, "n_observed_cells": 309, "n_missing_cells": 3, "iterations": 500, "relative_likelihood_change": 3.392229016987854e-0
2026-10-05 09:48:08,729 INFO DFM-4_R1_P1 2022Q2 H1 complete
2026-10-05 09:48:08,843 WARNING DFM-4_R1_P1 2022Q2 H2 standard failed: nonconvergence_or_unstable_transition:{"n_training_months": 39, "n_observed_cells": 312, "n_missing_cells": 0, "iterations": 500, "relative_likelihood_change": 3.365320489192282e-0
2026-10-05 09:48:08,916 WARNING DFM-4_R1_P1 2022Q2 H2 conservative failed: nonconvergence_or_unstable_transition:{"n_training_months": 39, "n_observed_cells": 312, "n_missing_cells": 0, "iterations": 500, "relative_likelihood_change": 3.365320489192282e-0
2026-10-05 09:48:08,917 INFO DFM-4_R1_P1 2022Q2 H2 complete
2026-10-05 09:48:09,074 WARNING DFM-4_R1_P1 2022Q2 H3 standard failed: nonconvergence_or_unstable_transition:{"n_training_months": 39, "n_observed_cells": 312, "n_missing_cells": 0, "iterations": 500, "relative_likelihood_change": 3.365320489192282e-0
2026-10-05 09:48:09,115 WARNING DFM-4_R1_P1 2022Q2 H3 conservative failed: nonconvergence_or_unstable_transition:{"n_training_months": 39, "n_observed_cells": 312, "n_missing_cells": 0, "iterations": 500, "relative_likelihood_change": 3.365320489192282e-0
2026-10-05 09:48:09,116 INFO DFM-4_R1_P1 2022Q2 H3 complete
2026-10-05 09:48:09,212 WARNING DFM-4_R1_P1 2022Q3 H1 standard failed: nonconvergence_or_unstable_transition:{"n_training_months": 42, "n_observed_cells": 335, "n_missing_cells": 1, "iterations": 500, "relative_likelihood_change": 2.894163235443624e-0
2026-10-05 09:48:09,252 WARNING DFM-4_R1_P1 2022Q3 H1 conservative failed: nonconvergence_or_unstable_transition:{"n_training_months": 42, "n_observed_cells": 333, "n_missing_cells": 3, "iterations": 500, "relative_likelihood_change": 2.912990945339309e-0
2026-10-05 09:48:09,253 INFO DFM-4_R1_P1 2022Q3 H1 complete
2026-10-05 09:48:09,338 WARNING DFM-4_R1_P1 2022Q3 H2 standard failed: nonconvergence_or_unstable_transition:{"n_training_months": 42, "n_observed_cells": 336, "n_missing_cells": 0, "iterations": 500, "relative_likelihood_change": 2.8809330837056987e-
2026-10-05 09:48:09,378 WARNING DFM-4_R1_P1 2022Q3 H2 conservative failed: nonconvergence_or_unstable_transition:{"n_training_months": 42, "n_observed_cells": 336, "n_missing_cells": 0, "iterations": 500, "relative_likelihood_change": 2.8809330837056987e-
2026-10-05 09:48:09,378 INFO DFM-4_R1_P1 2022Q3 H2 complete
2026-10-05 09:48:09,465 WARNING DFM-4_R1_P1 2022Q3 H3 standard failed: nonconvergence_or_unstable_transition:{"n_training_months": 42, "n_observed_cells": 336, "n_missing_cells": 0, "iterations": 500, "relative_likelihood_change": 2.8809330837056987e-
2026-10-05 09:48:09,504 WARNING DFM-4_R1_P1 2022Q3 H3 conservative failed: nonconvergence_or_unstable_transition:{"n_training_months": 42, "n_observed_cells": 336, "n_missing_cells": 0, "iterations": 500, "relative_likelihood_change": 2.8809330837056987e-
2026-10-05 09:48:09,505 INFO DFM-4_R1_P1 2022Q3 H3 complete
2026-10-05 09:48:09,593 WARNING DFM-4_R1_P1 2022Q4 H1 standard failed: nonconvergence_or_unstable_transition:{"n_training_months": 45, "n_observed_cells": 359, "n_missing_cells": 1, "iterations": 100, "relative_likelihood_change": 9.453740184801742e-0
2026-10-05 09:48:09,635 WARNING DFM-4_R1_P1 2022Q4 H1 conservative failed: nonconvergence_or_unstable_transition:{"n_training_months": 45, "n_observed_cells": 357, "n_missing_cells": 3, "iterations": 122, "relative_likelihood_change": 9.534459033745926e-0
2026-10-05 09:48:09,635 INFO DFM-4_R1_P1 2022Q4 H1 complete
2026-10-05 09:48:09,751 WARNING DFM-4_R1_P1 2022Q4 H2 standard failed: nonconvergence_or_unstable_transition:{"n_training_months": 45, "n_observed_cells": 360, "n_missing_cells": 0, "iterations": 91, "relative_likelihood_change": 9.40660661286981e-06,
2026-10-05 09:48:09,808 WARNING DFM-4_R1_P1 2022Q4 H2 conservative failed: nonconvergence_or_unstable_transition:{"n_training_months": 45, "n_observed_cells": 360, "n_missing_cells": 0, "iterations": 91, "relative_likelihood_change": 9.40660661286981e-06,
2026-10-05 09:48:09,809 INFO DFM-4_R1_P1 2022Q4 H2 complete
2026-10-05 09:48:09,923 WARNING DFM-4_R1_P1 2022Q4 H3 standard failed: nonconvergence_or_unstable_transition:{"n_training_months": 45, "n_observed_cells": 360, "n_missing_cells": 0, "iterations": 91, "relative_likelihood_change": 9.40660661286981e-06,
2026-10-05 09:48:09,975 WARNING DFM-4_R1_P1 2022Q4 H3 conservative failed: nonconvergence_or_unstable_transition:{"n_training_months": 45, "n_observed_cells": 360, "n_missing_cells": 0, "iterations": 91, "relative_likelihood_change": 9.40660661286981e-06,
2026-10-05 09:48:09,976 INFO DFM-4_R1_P1 2022Q4 H3 complete
2026-10-05 09:48:10,132 INFO DFM-4_R1_P1 2023Q1 H1 complete
2026-10-05 09:48:10,275 INFO DFM-4_R1_P1 2023Q1 H2 complete
2026-10-05 09:48:10,432 INFO DFM-4_R1_P1 2023Q1 H3 complete
2026-10-05 09:48:10,583 INFO DFM-4_R1_P1 2023Q2 H1 complete
2026-10-05 09:48:10,760 INFO DFM-4_R1_P1 2023Q2 H2 complete
2026-10-05 09:48:10,981 INFO DFM-4_R1_P1 2023Q2 H3 complete
2026-10-05 09:48:11,143 INFO DFM-4_R1_P1 2023Q3 H1 complete
2026-10-05 09:48:11,330 INFO DFM-4_R1_P1 2023Q3 H2 complete
2026-10-05 09:48:11,560 INFO DFM-4_R1_P1 2023Q3 H3 complete
2026-10-05 09:48:11,734 INFO DFM-4_R1_P1 2023Q4 H1 complete
2026-10-05 09:48:11,898 INFO DFM-4_R1_P1 2023Q4 H2 complete
2026-10-05 09:48:12,075 INFO DFM-4_R1_P1 2023Q4 H3 complete
2026-10-05 09:48:12,236 INFO DFM-4_R1_P1 2024Q1 H1 complete
2026-10-05 09:48:12,419 INFO DFM-4_R1_P1 2024Q1 H2 complete
2026-10-05 09:48:12,581 INFO DFM-4_R1_P1 2024Q1 H3 complete
2026-10-05 09:48:12,732 INFO DFM-4_R1_P1 2024Q2 H1 complete
2026-10-05 09:48:12,942 INFO DFM-4_R1_P1 2024Q2 H2 complete
2026-10-05 09:48:13,203 INFO DFM-4_R1_P1 2024Q2 H3 complete
2026-10-05 09:48:13,418 INFO DFM-4_R1_P1 2024Q3 H1 complete
2026-10-05 09:48:13,910 INFO DFM-4_R1_P1 2024Q3 H2 complete
2026-10-05 09:48:14,119 INFO DFM-4_R1_P1 2024Q3 H3 complete
2026-10-05 09:48:14,298 INFO DFM-4_R1_P1 2024Q4 H1 complete
2026-10-05 09:48:14,476 INFO DFM-4_R1_P1 2024Q4 H2 complete
2026-10-05 09:48:14,631 INFO DFM-4_R1_P1 2024Q4 H3 complete
2026-10-05 09:48:14,780 INFO DFM-4_R1_P1 2025Q1 H1 complete
2026-10-05 09:48:14,960 INFO DFM-4_R1_P1 2025Q1 H2 complete
2026-10-05 09:48:15,124 INFO DFM-4_R1_P1 2025Q1 H3 complete
2026-10-05 09:48:15,282 INFO DFM-4_R1_P1 2025Q2 H1 complete
2026-10-05 09:48:15,592 INFO DFM-4_R1_P1 2025Q2 H2 complete
2026-10-05 09:48:15,911 INFO DFM-4_R1_P1 2025Q2 H3 complete
2026-10-05 09:48:17,657 INFO DFM-4_R1_P2 2022Q1 H1 complete
2026-10-05 09:48:18,068 INFO DFM-4_R1_P2 2022Q1 H2 complete
2026-10-05 09:48:18,282 INFO DFM-4_R1_P2 2022Q1 H3 complete
2026-10-05 09:48:18,949 INFO DFM-4_R1_P2 2022Q2 H1 complete
2026-10-05 09:48:19,356 INFO DFM-4_R1_P2 2022Q2 H2 complete
2026-10-05 09:48:19,588 INFO DFM-4_R1_P2 2022Q2 H3 complete
2026-10-05 09:48:20,402 INFO DFM-4_R1_P2 2022Q3 H1 complete
2026-10-05 09:48:20,855 INFO DFM-4_R1_P2 2022Q3 H2 complete
2026-10-05 09:48:21,002 INFO DFM-4_R1_P2 2022Q3 H3 complete
2026-10-05 09:48:21,377 WARNING DFM-4_R1_P2 2022Q4 H1 standard failed: nonconvergence_or_unstable_transition:{"n_training_months": 45, "n_observed_cells": 359, "n_missing_cells": 1, "iterations": 80, "relative_likelihood_change": 9.19512752895761e-06,
2026-10-05 09:48:21,710 WARNING DFM-4_R1_P2 2022Q4 H1 conservative failed: nonconvergence_or_unstable_transition:{"n_training_months": 45, "n_observed_cells": 357, "n_missing_cells": 3, "iterations": 94, "relative_likelihood_change": 9.253791887737193e-06
2026-10-05 09:48:21,710 INFO DFM-4_R1_P2 2022Q4 H1 complete
2026-10-05 09:48:21,994 WARNING DFM-4_R1_P2 2022Q4 H2 standard failed: nonconvergence_or_unstable_transition:{"n_training_months": 45, "n_observed_cells": 360, "n_missing_cells": 0, "iterations": 74, "relative_likelihood_change": 9.07122524083222e-06,
2026-10-05 09:48:22,051 WARNING DFM-4_R1_P2 2022Q4 H2 conservative failed: nonconvergence_or_unstable_transition:{"n_training_months": 45, "n_observed_cells": 360, "n_missing_cells": 0, "iterations": 74, "relative_likelihood_change": 9.07122524083222e-06,
2026-10-05 09:48:22,051 INFO DFM-4_R1_P2 2022Q4 H2 complete
2026-10-05 09:48:22,127 WARNING DFM-4_R1_P2 2022Q4 H3 standard failed: nonconvergence_or_unstable_transition:{"n_training_months": 45, "n_observed_cells": 360, "n_missing_cells": 0, "iterations": 74, "relative_likelihood_change": 9.07122524083222e-06,
2026-10-05 09:48:22,161 WARNING DFM-4_R1_P2 2022Q4 H3 conservative failed: nonconvergence_or_unstable_transition:{"n_training_months": 45, "n_observed_cells": 360, "n_missing_cells": 0, "iterations": 74, "relative_likelihood_change": 9.07122524083222e-06,
2026-10-05 09:48:22,161 INFO DFM-4_R1_P2 2022Q4 H3 complete
2026-10-05 09:48:22,720 INFO DFM-4_R1_P2 2023Q1 H1 complete
2026-10-05 09:48:23,080 INFO DFM-4_R1_P2 2023Q1 H2 complete
2026-10-05 09:48:23,334 INFO DFM-4_R1_P2 2023Q1 H3 complete
2026-10-05 09:48:23,869 INFO DFM-4_R1_P2 2023Q2 H1 complete
2026-10-05 09:48:24,250 INFO DFM-4_R1_P2 2023Q2 H2 complete
2026-10-05 09:48:24,463 INFO DFM-4_R1_P2 2023Q2 H3 complete
2026-10-05 09:48:26,082 INFO DFM-4_R1_P2 2023Q3 H1 complete
2026-10-05 09:48:26,766 INFO DFM-4_R1_P2 2023Q3 H2 complete
2026-10-05 09:48:26,930 INFO DFM-4_R1_P2 2023Q3 H3 complete
2026-10-05 09:48:27,768 INFO DFM-4_R1_P2 2023Q4 H1 complete
2026-10-05 09:48:28,284 INFO DFM-4_R1_P2 2023Q4 H2 complete
2026-10-05 09:48:28,434 INFO DFM-4_R1_P2 2023Q4 H3 complete
2026-10-05 09:48:29,373 INFO DFM-4_R1_P2 2024Q1 H1 complete
2026-10-05 09:48:29,837 INFO DFM-4_R1_P2 2024Q1 H2 complete
2026-10-05 09:48:29,986 INFO DFM-4_R1_P2 2024Q1 H3 complete
2026-10-05 09:48:30,688 INFO DFM-4_R1_P2 2024Q2 H1 complete
2026-10-05 09:48:31,111 INFO DFM-4_R1_P2 2024Q2 H2 complete
2026-10-05 09:48:31,259 INFO DFM-4_R1_P2 2024Q2 H3 complete
2026-10-05 09:48:31,872 INFO DFM-4_R1_P2 2024Q3 H1 complete
2026-10-05 09:48:32,289 INFO DFM-4_R1_P2 2024Q3 H2 complete
2026-10-05 09:48:32,453 INFO DFM-4_R1_P2 2024Q3 H3 complete
2026-10-05 09:48:33,124 INFO DFM-4_R1_P2 2024Q4 H1 complete
2026-10-05 09:48:33,540 INFO DFM-4_R1_P2 2024Q4 H2 complete
2026-10-05 09:48:33,678 INFO DFM-4_R1_P2 2024Q4 H3 complete
2026-10-05 09:48:34,693 INFO DFM-4_R1_P2 2025Q1 H1 complete
2026-10-05 09:48:35,325 INFO DFM-4_R1_P2 2025Q1 H2 complete
2026-10-05 09:48:35,459 INFO DFM-4_R1_P2 2025Q1 H3 complete
2026-10-05 09:48:36,228 INFO DFM-4_R1_P2 2025Q2 H1 complete
2026-10-05 09:48:36,628 INFO DFM-4_R1_P2 2025Q2 H2 complete
2026-10-05 09:48:36,760 INFO DFM-4_R1_P2 2025Q2 H3 complete
2026-10-05 09:48:38,797 WARNING DFM-4_R2_P1 2022Q1 H1 standard failed: nonconvergence_or_unstable_transition:{"n_training_months": 36, "n_observed_cells": 287, "n_missing_cells": 1, "iterations": 500, "relative_likelihood_change": 4.15750695115384e-05
2026-10-05 09:48:40,364 WARNING DFM-4_R2_P1 2022Q1 H1 conservative failed: nonconvergence_or_unstable_transition:{"n_training_months": 36, "n_observed_cells": 285, "n_missing_cells": 3, "iterations": 500, "relative_likelihood_change": 4.17617050406485e-05
2026-10-05 09:48:40,364 INFO DFM-4_R2_P1 2022Q1 H1 complete
2026-10-05 09:48:42,034 WARNING DFM-4_R2_P1 2022Q1 H2 standard failed: nonconvergence_or_unstable_transition:{"n_training_months": 36, "n_observed_cells": 288, "n_missing_cells": 0, "iterations": 500, "relative_likelihood_change": 4.160611425465623e-0
2026-10-05 09:48:42,100 WARNING DFM-4_R2_P1 2022Q1 H2 conservative failed: nonconvergence_or_unstable_transition:{"n_training_months": 36, "n_observed_cells": 288, "n_missing_cells": 0, "iterations": 500, "relative_likelihood_change": 4.160611425465623e-0
2026-10-05 09:48:42,100 INFO DFM-4_R2_P1 2022Q1 H2 complete
2026-10-05 09:48:42,266 WARNING DFM-4_R2_P1 2022Q1 H3 standard failed: nonconvergence_or_unstable_transition:{"n_training_months": 36, "n_observed_cells": 288, "n_missing_cells": 0, "iterations": 500, "relative_likelihood_change": 4.160611425465623e-0
2026-10-05 09:48:42,367 WARNING DFM-4_R2_P1 2022Q1 H3 conservative failed: nonconvergence_or_unstable_transition:{"n_training_months": 36, "n_observed_cells": 288, "n_missing_cells": 0, "iterations": 500, "relative_likelihood_change": 4.160611425465623e-0
2026-10-05 09:48:42,367 INFO DFM-4_R2_P1 2022Q1 H3 complete
2026-10-05 09:48:46,080 WARNING DFM-4_R2_P1 2022Q2 H1 conservative failed: nonconvergence_or_unstable_transition:{"n_training_months": 39, "n_observed_cells": 309, "n_missing_cells": 3, "iterations": 500, "relative_likelihood_change": 3.567466868847484e-0
2026-10-05 09:48:46,080 INFO DFM-4_R2_P1 2022Q2 H1 complete
2026-10-05 09:48:47,816 WARNING DFM-4_R2_P1 2022Q2 H2 standard failed: nonconvergence_or_unstable_transition:{"n_training_months": 39, "n_observed_cells": 312, "n_missing_cells": 0, "iterations": 500, "relative_likelihood_change": 3.5480104359452245e-
2026-10-05 09:48:47,881 WARNING DFM-4_R2_P1 2022Q2 H2 conservative failed: nonconvergence_or_unstable_transition:{"n_training_months": 39, "n_observed_cells": 312, "n_missing_cells": 0, "iterations": 500, "relative_likelihood_change": 3.5480104359452245e-
2026-10-05 09:48:47,882 INFO DFM-4_R2_P1 2022Q2 H2 complete
2026-10-05 09:48:48,002 WARNING DFM-4_R2_P1 2022Q2 H3 standard failed: nonconvergence_or_unstable_transition:{"n_training_months": 39, "n_observed_cells": 312, "n_missing_cells": 0, "iterations": 500, "relative_likelihood_change": 3.5480104359452245e-
2026-10-05 09:48:48,068 WARNING DFM-4_R2_P1 2022Q2 H3 conservative failed: nonconvergence_or_unstable_transition:{"n_training_months": 39, "n_observed_cells": 312, "n_missing_cells": 0, "iterations": 500, "relative_likelihood_change": 3.5480104359452245e-
2026-10-05 09:48:48,069 INFO DFM-4_R2_P1 2022Q2 H3 complete
2026-10-05 09:48:50,450 WARNING DFM-4_R2_P1 2022Q3 H1 standard failed: nonconvergence_or_unstable_transition:{"n_training_months": 42, "n_observed_cells": 335, "n_missing_cells": 1, "iterations": 500, "relative_likelihood_change": 6.553913129470713e-0
2026-10-05 09:48:50,798 INFO DFM-4_R2_P1 2022Q3 H1 complete
2026-10-05 09:48:53,364 WARNING DFM-4_R2_P1 2022Q3 H2 standard failed: nonconvergence_or_unstable_transition:{"n_training_months": 42, "n_observed_cells": 336, "n_missing_cells": 0, "iterations": 500, "relative_likelihood_change": 6.536465894160563e-0
2026-10-05 09:48:53,419 WARNING DFM-4_R2_P1 2022Q3 H2 conservative failed: nonconvergence_or_unstable_transition:{"n_training_months": 42, "n_observed_cells": 336, "n_missing_cells": 0, "iterations": 500, "relative_likelihood_change": 6.536465894160563e-0
2026-10-05 09:48:53,420 INFO DFM-4_R2_P1 2022Q3 H2 complete
2026-10-05 09:48:53,516 WARNING DFM-4_R2_P1 2022Q3 H3 standard failed: nonconvergence_or_unstable_transition:{"n_training_months": 42, "n_observed_cells": 336, "n_missing_cells": 0, "iterations": 500, "relative_likelihood_change": 6.536465894160563e-0
2026-10-05 09:48:53,564 WARNING DFM-4_R2_P1 2022Q3 H3 conservative failed: nonconvergence_or_unstable_transition:{"n_training_months": 42, "n_observed_cells": 336, "n_missing_cells": 0, "iterations": 500, "relative_likelihood_change": 6.536465894160563e-0
2026-10-05 09:48:53,564 INFO DFM-4_R2_P1 2022Q3 H3 complete
2026-10-05 09:48:55,416 WARNING DFM-4_R2_P1 2022Q4 H1 standard failed: nonconvergence_or_unstable_transition:{"n_training_months": 45, "n_observed_cells": 359, "n_missing_cells": 1, "iterations": 500, "relative_likelihood_change": 5.8900319894592276e-
2026-10-05 09:48:57,210 WARNING DFM-4_R2_P1 2022Q4 H1 conservative failed: nonconvergence_or_unstable_transition:{"n_training_months": 45, "n_observed_cells": 357, "n_missing_cells": 3, "iterations": 500, "relative_likelihood_change": 5.8200834229693455e-
2026-10-05 09:48:57,210 INFO DFM-4_R2_P1 2022Q4 H1 complete
2026-10-05 09:48:59,320 WARNING DFM-4_R2_P1 2022Q4 H2 standard failed: nonconvergence_or_unstable_transition:{"n_training_months": 45, "n_observed_cells": 360, "n_missing_cells": 0, "iterations": 500, "relative_likelihood_change": 5.880190796571214e-0
2026-10-05 09:48:59,421 WARNING DFM-4_R2_P1 2022Q4 H2 conservative failed: nonconvergence_or_unstable_transition:{"n_training_months": 45, "n_observed_cells": 360, "n_missing_cells": 0, "iterations": 500, "relative_likelihood_change": 5.880190796571214e-0
2026-10-05 09:48:59,436 INFO DFM-4_R2_P1 2022Q4 H2 complete
2026-10-05 09:48:59,587 WARNING DFM-4_R2_P1 2022Q4 H3 standard failed: nonconvergence_or_unstable_transition:{"n_training_months": 45, "n_observed_cells": 360, "n_missing_cells": 0, "iterations": 500, "relative_likelihood_change": 5.880190796571214e-0
2026-10-05 09:48:59,678 WARNING DFM-4_R2_P1 2022Q4 H3 conservative failed: nonconvergence_or_unstable_transition:{"n_training_months": 45, "n_observed_cells": 360, "n_missing_cells": 0, "iterations": 500, "relative_likelihood_change": 5.880190796571214e-0
2026-10-05 09:48:59,722 INFO DFM-4_R2_P1 2022Q4 H3 complete
2026-10-05 09:49:01,912 WARNING DFM-4_R2_P1 2023Q1 H1 standard failed: nonconvergence_or_unstable_transition:{"n_training_months": 48, "n_observed_cells": 383, "n_missing_cells": 1, "iterations": 500, "relative_likelihood_change": 5.149120231297194e-0
2026-10-05 09:49:04,044 WARNING DFM-4_R2_P1 2023Q1 H1 conservative failed: nonconvergence_or_unstable_transition:{"n_training_months": 48, "n_observed_cells": 381, "n_missing_cells": 3, "iterations": 500, "relative_likelihood_change": 5.1738481493038736e-
2026-10-05 09:49:04,044 INFO DFM-4_R2_P1 2023Q1 H1 complete
2026-10-05 09:49:05,810 WARNING DFM-4_R2_P1 2023Q1 H2 standard failed: nonconvergence_or_unstable_transition:{"n_training_months": 48, "n_observed_cells": 384, "n_missing_cells": 0, "iterations": 500, "relative_likelihood_change": 5.1436176459341815e-
2026-10-05 09:49:05,861 WARNING DFM-4_R2_P1 2023Q1 H2 conservative failed: nonconvergence_or_unstable_transition:{"n_training_months": 48, "n_observed_cells": 384, "n_missing_cells": 0, "iterations": 500, "relative_likelihood_change": 5.1436176459341815e-
2026-10-05 09:49:05,861 INFO DFM-4_R2_P1 2023Q1 H2 complete
2026-10-05 09:49:05,961 WARNING DFM-4_R2_P1 2023Q1 H3 standard failed: nonconvergence_or_unstable_transition:{"n_training_months": 48, "n_observed_cells": 384, "n_missing_cells": 0, "iterations": 500, "relative_likelihood_change": 5.1436176459341815e-
2026-10-05 09:49:06,024 WARNING DFM-4_R2_P1 2023Q1 H3 conservative failed: nonconvergence_or_unstable_transition:{"n_training_months": 48, "n_observed_cells": 384, "n_missing_cells": 0, "iterations": 500, "relative_likelihood_change": 5.1436176459341815e-
2026-10-05 09:49:06,024 INFO DFM-4_R2_P1 2023Q1 H3 complete
2026-10-05 09:49:08,197 WARNING DFM-4_R2_P1 2023Q2 H1 standard failed: nonconvergence_or_unstable_transition:{"n_training_months": 51, "n_observed_cells": 407, "n_missing_cells": 1, "iterations": 500, "relative_likelihood_change": 2.149551717261244e-0
2026-10-05 09:49:08,781 INFO DFM-4_R2_P1 2023Q2 H1 complete
2026-10-05 09:49:10,850 WARNING DFM-4_R2_P1 2023Q2 H2 standard failed: nonconvergence_or_unstable_transition:{"n_training_months": 51, "n_observed_cells": 408, "n_missing_cells": 0, "iterations": 500, "relative_likelihood_change": 2.1433249324243664e-
2026-10-05 09:49:10,900 WARNING DFM-4_R2_P1 2023Q2 H2 conservative failed: nonconvergence_or_unstable_transition:{"n_training_months": 51, "n_observed_cells": 408, "n_missing_cells": 0, "iterations": 500, "relative_likelihood_change": 2.1433249324243664e-
2026-10-05 09:49:10,900 INFO DFM-4_R2_P1 2023Q2 H2 complete
2026-10-05 09:49:11,000 WARNING DFM-4_R2_P1 2023Q2 H3 standard failed: nonconvergence_or_unstable_transition:{"n_training_months": 51, "n_observed_cells": 408, "n_missing_cells": 0, "iterations": 500, "relative_likelihood_change": 2.1433249324243664e-
2026-10-05 09:49:11,066 WARNING DFM-4_R2_P1 2023Q2 H3 conservative failed: nonconvergence_or_unstable_transition:{"n_training_months": 51, "n_observed_cells": 408, "n_missing_cells": 0, "iterations": 500, "relative_likelihood_change": 2.1433249324243664e-
2026-10-05 09:49:11,067 INFO DFM-4_R2_P1 2023Q2 H3 complete
2026-10-05 09:49:13,039 WARNING DFM-4_R2_P1 2023Q3 H1 standard failed: nonconvergence_or_unstable_transition:{"n_training_months": 54, "n_observed_cells": 431, "n_missing_cells": 1, "iterations": 500, "relative_likelihood_change": 3.793912235600705e-0
2026-10-05 09:49:14,915 WARNING DFM-4_R2_P1 2023Q3 H1 conservative failed: nonconvergence_or_unstable_transition:{"n_training_months": 54, "n_observed_cells": 429, "n_missing_cells": 3, "iterations": 500, "relative_likelihood_change": 3.814092838783786e-0
2026-10-05 09:49:14,915 INFO DFM-4_R2_P1 2023Q3 H1 complete
2026-10-05 09:49:17,154 WARNING DFM-4_R2_P1 2023Q3 H2 standard failed: nonconvergence_or_unstable_transition:{"n_training_months": 54, "n_observed_cells": 432, "n_missing_cells": 0, "iterations": 500, "relative_likelihood_change": 3.78742805110376e-05
2026-10-05 09:49:17,385 WARNING DFM-4_R2_P1 2023Q3 H2 conservative failed: nonconvergence_or_unstable_transition:{"n_training_months": 54, "n_observed_cells": 432, "n_missing_cells": 0, "iterations": 500, "relative_likelihood_change": 3.78742805110376e-05
2026-10-05 09:49:17,392 INFO DFM-4_R2_P1 2023Q3 H2 complete
2026-10-05 09:49:17,682 WARNING DFM-4_R2_P1 2023Q3 H3 standard failed: nonconvergence_or_unstable_transition:{"n_training_months": 54, "n_observed_cells": 432, "n_missing_cells": 0, "iterations": 500, "relative_likelihood_change": 3.78742805110376e-05
2026-10-05 09:49:17,849 WARNING DFM-4_R2_P1 2023Q3 H3 conservative failed: nonconvergence_or_unstable_transition:{"n_training_months": 54, "n_observed_cells": 432, "n_missing_cells": 0, "iterations": 500, "relative_likelihood_change": 3.78742805110376e-05
2026-10-05 09:49:17,850 INFO DFM-4_R2_P1 2023Q3 H3 complete
2026-10-05 09:49:23,319 WARNING DFM-4_R2_P1 2023Q4 H1 standard failed: nonconvergence_or_unstable_transition:{"n_training_months": 57, "n_observed_cells": 455, "n_missing_cells": 1, "iterations": 500, "relative_likelihood_change": 3.276642876619095e-0
2026-10-05 09:49:26,014 WARNING DFM-4_R2_P1 2023Q4 H1 conservative failed: nonconvergence_or_unstable_transition:{"n_training_months": 57, "n_observed_cells": 453, "n_missing_cells": 3, "iterations": 500, "relative_likelihood_change": 3.4309261230589236e-
2026-10-05 09:49:26,014 INFO DFM-4_R2_P1 2023Q4 H1 complete
2026-10-05 09:49:28,731 WARNING DFM-4_R2_P1 2023Q4 H2 standard failed: nonconvergence_or_unstable_transition:{"n_training_months": 57, "n_observed_cells": 456, "n_missing_cells": 0, "iterations": 500, "relative_likelihood_change": 3.23298939095328e-05
2026-10-05 09:49:28,962 WARNING DFM-4_R2_P1 2023Q4 H2 conservative failed: nonconvergence_or_unstable_transition:{"n_training_months": 57, "n_observed_cells": 456, "n_missing_cells": 0, "iterations": 500, "relative_likelihood_change": 3.23298939095328e-05
2026-10-05 09:49:28,965 INFO DFM-4_R2_P1 2023Q4 H2 complete
2026-10-05 09:49:29,489 WARNING DFM-4_R2_P1 2023Q4 H3 standard failed: nonconvergence_or_unstable_transition:{"n_training_months": 57, "n_observed_cells": 456, "n_missing_cells": 0, "iterations": 500, "relative_likelihood_change": 3.23298939095328e-05
2026-10-05 09:49:29,591 WARNING DFM-4_R2_P1 2023Q4 H3 conservative failed: nonconvergence_or_unstable_transition:{"n_training_months": 57, "n_observed_cells": 456, "n_missing_cells": 0, "iterations": 500, "relative_likelihood_change": 3.23298939095328e-05
2026-10-05 09:49:29,593 INFO DFM-4_R2_P1 2023Q4 H3 complete
2026-10-05 09:49:31,921 INFO DFM-4_R2_P1 2024Q1 H1 complete
2026-10-05 09:49:32,732 INFO DFM-4_R2_P1 2024Q1 H2 complete
2026-10-05 09:49:32,916 INFO DFM-4_R2_P1 2024Q1 H3 complete
2026-10-05 09:49:34,818 WARNING DFM-4_R2_P1 2024Q2 H1 standard failed: nonconvergence_or_unstable_transition:{"n_training_months": 63, "n_observed_cells": 503, "n_missing_cells": 1, "iterations": 500, "relative_likelihood_change": 2.477588298860899e-0
2026-10-05 09:49:35,346 INFO DFM-4_R2_P1 2024Q2 H1 complete
2026-10-05 09:49:36,167 INFO DFM-4_R2_P1 2024Q2 H2 complete
2026-10-05 09:49:36,327 INFO DFM-4_R2_P1 2024Q2 H3 complete
2026-10-05 09:49:37,129 INFO DFM-4_R2_P1 2024Q3 H1 complete
2026-10-05 09:49:37,596 INFO DFM-4_R2_P1 2024Q3 H2 complete
2026-10-05 09:49:37,779 INFO DFM-4_R2_P1 2024Q3 H3 complete
2026-10-05 09:49:40,228 WARNING DFM-4_R2_P1 2024Q4 H1 conservative failed: nonconvergence_or_unstable_transition:{"n_training_months": 69, "n_observed_cells": 549, "n_missing_cells": 3, "iterations": 500, "relative_likelihood_change": 2.232220953624093e-0
2026-10-05 09:49:40,228 INFO DFM-4_R2_P1 2024Q4 H1 complete
2026-10-05 09:49:40,649 INFO DFM-4_R2_P1 2024Q4 H2 complete
2026-10-05 09:49:40,872 INFO DFM-4_R2_P1 2024Q4 H3 complete
2026-10-05 09:49:41,958 INFO DFM-4_R2_P1 2025Q1 H1 complete
2026-10-05 09:49:42,785 INFO DFM-4_R2_P1 2025Q1 H2 complete
2026-10-05 09:49:42,992 INFO DFM-4_R2_P1 2025Q1 H3 complete
2026-10-05 09:49:43,936 INFO DFM-4_R2_P1 2025Q2 H1 complete
2026-10-05 09:49:44,583 INFO DFM-4_R2_P1 2025Q2 H2 complete
2026-10-05 09:49:44,790 INFO DFM-4_R2_P1 2025Q2 H3 complete
2026-10-05 09:49:47,861 WARNING DFM-4_R2_P2 2022Q1 H1 standard failed: nonconvergence_or_unstable_transition:{"n_training_months": 36, "n_observed_cells": 287, "n_missing_cells": 1, "iterations": 500, "relative_likelihood_change": 4.4869161181172406e-
2026-10-05 09:49:50,423 WARNING DFM-4_R2_P2 2022Q1 H1 conservative failed: nonconvergence_or_unstable_transition:{"n_training_months": 36, "n_observed_cells": 285, "n_missing_cells": 3, "iterations": 500, "relative_likelihood_change": 6.332048470204483e-0
2026-10-05 09:49:50,424 INFO DFM-4_R2_P2 2022Q1 H1 complete
2026-10-05 09:49:52,362 WARNING DFM-4_R2_P2 2022Q1 H2 standard failed: nonconvergence_or_unstable_transition:{"n_training_months": 36, "n_observed_cells": 288, "n_missing_cells": 0, "iterations": 500, "relative_likelihood_change": 4.581162076813627e-0
2026-10-05 09:49:52,412 WARNING DFM-4_R2_P2 2022Q1 H2 conservative failed: nonconvergence_or_unstable_transition:{"n_training_months": 36, "n_observed_cells": 288, "n_missing_cells": 0, "iterations": 500, "relative_likelihood_change": 4.581162076813627e-0
2026-10-05 09:49:52,413 INFO DFM-4_R2_P2 2022Q1 H2 complete
2026-10-05 09:49:52,496 WARNING DFM-4_R2_P2 2022Q1 H3 standard failed: nonconvergence_or_unstable_transition:{"n_training_months": 36, "n_observed_cells": 288, "n_missing_cells": 0, "iterations": 500, "relative_likelihood_change": 4.581162076813627e-0
2026-10-05 09:49:52,554 WARNING DFM-4_R2_P2 2022Q1 H3 conservative failed: nonconvergence_or_unstable_transition:{"n_training_months": 36, "n_observed_cells": 288, "n_missing_cells": 0, "iterations": 500, "relative_likelihood_change": 4.581162076813627e-0
2026-10-05 09:49:52,555 INFO DFM-4_R2_P2 2022Q1 H3 complete
2026-10-05 09:49:55,065 INFO DFM-4_R2_P2 2022Q2 H1 complete
2026-10-05 09:49:56,637 INFO DFM-4_R2_P2 2022Q2 H2 complete
2026-10-05 09:49:56,968 INFO DFM-4_R2_P2 2022Q2 H3 complete
2026-10-05 09:49:58,139 INFO DFM-4_R2_P2 2022Q3 H1 complete
2026-10-05 09:49:58,764 INFO DFM-4_R2_P2 2022Q3 H2 complete
2026-10-05 09:49:58,936 INFO DFM-4_R2_P2 2022Q3 H3 complete
2026-10-05 09:49:59,385 WARNING DFM-4_R2_P2 2022Q4 H1 standard failed: nonconvergence_or_unstable_transition:{"n_training_months": 45, "n_observed_cells": 359, "n_missing_cells": 1, "iterations": 84, "relative_likelihood_change": 9.36339348262163e-06,
2026-10-05 09:49:59,779 WARNING DFM-4_R2_P2 2022Q4 H1 conservative failed: nonconvergence_or_unstable_transition:{"n_training_months": 45, "n_observed_cells": 357, "n_missing_cells": 3, "iterations": 86, "relative_likelihood_change": 9.493363533041949e-06
2026-10-05 09:49:59,779 INFO DFM-4_R2_P2 2022Q4 H1 complete
2026-10-05 09:50:00,211 WARNING DFM-4_R2_P2 2022Q4 H2 standard failed: nonconvergence_or_unstable_transition:{"n_training_months": 45, "n_observed_cells": 360, "n_missing_cells": 0, "iterations": 87, "relative_likelihood_change": 9.542086637010511e-06
2026-10-05 09:50:00,254 WARNING DFM-4_R2_P2 2022Q4 H2 conservative failed: nonconvergence_or_unstable_transition:{"n_training_months": 45, "n_observed_cells": 360, "n_missing_cells": 0, "iterations": 87, "relative_likelihood_change": 9.542086637010511e-06
2026-10-05 09:50:00,254 INFO DFM-4_R2_P2 2022Q4 H2 complete
2026-10-05 09:50:00,354 WARNING DFM-4_R2_P2 2022Q4 H3 standard failed: nonconvergence_or_unstable_transition:{"n_training_months": 45, "n_observed_cells": 360, "n_missing_cells": 0, "iterations": 87, "relative_likelihood_change": 9.542086637010511e-06
2026-10-05 09:50:00,417 WARNING DFM-4_R2_P2 2022Q4 H3 conservative failed: nonconvergence_or_unstable_transition:{"n_training_months": 45, "n_observed_cells": 360, "n_missing_cells": 0, "iterations": 87, "relative_likelihood_change": 9.542086637010511e-06
2026-10-05 09:50:00,418 INFO DFM-4_R2_P2 2022Q4 H3 complete
2026-10-05 09:50:01,362 INFO DFM-4_R2_P2 2023Q1 H1 complete
2026-10-05 09:50:01,916 INFO DFM-4_R2_P2 2023Q1 H2 complete
2026-10-05 09:50:02,183 INFO DFM-4_R2_P2 2023Q1 H3 complete
2026-10-05 09:50:05,298 WARNING DFM-4_R2_P2 2023Q2 H1 standard failed: nonconvergence_or_unstable_transition:{"n_training_months": 51, "n_observed_cells": 407, "n_missing_cells": 1, "iterations": 500, "relative_likelihood_change": 2.1626523417465606e-
2026-10-05 09:50:07,870 WARNING DFM-4_R2_P2 2023Q2 H1 conservative failed: nonconvergence_or_unstable_transition:{"n_training_months": 51, "n_observed_cells": 405, "n_missing_cells": 3, "iterations": 500, "relative_likelihood_change": 2.1626743318453558e-
2026-10-05 09:50:07,870 INFO DFM-4_R2_P2 2023Q2 H1 complete
2026-10-05 09:50:10,936 WARNING DFM-4_R2_P2 2023Q2 H2 standard failed: nonconvergence_or_unstable_transition:{"n_training_months": 51, "n_observed_cells": 408, "n_missing_cells": 0, "iterations": 500, "relative_likelihood_change": 2.1498055683485898e-
2026-10-05 09:50:10,986 WARNING DFM-4_R2_P2 2023Q2 H2 conservative failed: nonconvergence_or_unstable_transition:{"n_training_months": 51, "n_observed_cells": 408, "n_missing_cells": 0, "iterations": 500, "relative_likelihood_change": 2.1498055683485898e-
2026-10-05 09:50:10,986 INFO DFM-4_R2_P2 2023Q2 H2 complete
2026-10-05 09:50:11,083 WARNING DFM-4_R2_P2 2023Q2 H3 standard failed: nonconvergence_or_unstable_transition:{"n_training_months": 51, "n_observed_cells": 408, "n_missing_cells": 0, "iterations": 500, "relative_likelihood_change": 2.1498055683485898e-
2026-10-05 09:50:11,132 WARNING DFM-4_R2_P2 2023Q2 H3 conservative failed: nonconvergence_or_unstable_transition:{"n_training_months": 51, "n_observed_cells": 408, "n_missing_cells": 0, "iterations": 500, "relative_likelihood_change": 2.1498055683485898e-
2026-10-05 09:50:11,133 INFO DFM-4_R2_P2 2023Q2 H3 complete
2026-10-05 09:50:12,697 INFO DFM-4_R2_P2 2023Q3 H1 complete
2026-10-05 09:50:13,634 INFO DFM-4_R2_P2 2023Q3 H2 complete
2026-10-05 09:50:13,877 INFO DFM-4_R2_P2 2023Q3 H3 complete
2026-10-05 09:50:16,974 WARNING DFM-4_R2_P2 2023Q4 H1 conservative failed: nonconvergence_or_unstable_transition:{"n_training_months": 57, "n_observed_cells": 453, "n_missing_cells": 3, "iterations": 500, "relative_likelihood_change": 1.778611916446624e-0
2026-10-05 09:50:16,975 INFO DFM-4_R2_P2 2023Q4 H1 complete
2026-10-05 09:50:18,223 INFO DFM-4_R2_P2 2023Q4 H2 complete
2026-10-05 09:50:18,422 INFO DFM-4_R2_P2 2023Q4 H3 complete
2026-10-05 09:50:19,636 INFO DFM-4_R2_P2 2024Q1 H1 complete
2026-10-05 09:50:20,708 INFO DFM-4_R2_P2 2024Q1 H2 complete
2026-10-05 09:50:20,881 INFO DFM-4_R2_P2 2024Q1 H3 complete
2026-10-05 09:50:22,100 INFO DFM-4_R2_P2 2024Q2 H1 complete
2026-10-05 09:50:23,002 INFO DFM-4_R2_P2 2024Q2 H2 complete
2026-10-05 09:50:23,176 INFO DFM-4_R2_P2 2024Q2 H3 complete
2026-10-05 09:50:24,040 INFO DFM-4_R2_P2 2024Q3 H1 complete
2026-10-05 09:50:24,507 INFO DFM-4_R2_P2 2024Q3 H2 complete
2026-10-05 09:50:24,698 INFO DFM-4_R2_P2 2024Q3 H3 complete
2026-10-05 09:50:26,245 WARNING DFM-4_R2_P2 2024Q4 H1 standard failed: nonconvergence_or_unstable_transition:{"n_training_months": 69, "n_observed_cells": 551, "n_missing_cells": 1, "iterations": 500, "relative_likelihood_change": 1.1439096430948531e-
2026-10-05 09:50:27,746 WARNING DFM-4_R2_P2 2024Q4 H1 conservative failed: nonconvergence_or_unstable_transition:{"n_training_months": 69, "n_observed_cells": 549, "n_missing_cells": 3, "iterations": 500, "relative_likelihood_change": 1.1497099609753309e-
2026-10-05 09:50:27,746 INFO DFM-4_R2_P2 2024Q4 H1 complete
2026-10-05 09:50:28,138 INFO DFM-4_R2_P2 2024Q4 H2 complete
2026-10-05 09:50:28,272 INFO DFM-4_R2_P2 2024Q4 H3 complete
2026-10-05 09:50:30,009 WARNING DFM-4_R2_P2 2025Q1 H1 conservative failed: nonconvergence_or_unstable_transition:{"n_training_months": 72, "n_observed_cells": 573, "n_missing_cells": 3, "iterations": 500, "relative_likelihood_change": 1.0468881905963923e-
2026-10-05 09:50:30,010 INFO DFM-4_R2_P2 2025Q1 H1 complete
2026-10-05 09:50:30,494 INFO DFM-4_R2_P2 2025Q1 H2 complete
2026-10-05 09:50:30,642 INFO DFM-4_R2_P2 2025Q1 H3 complete
2026-10-05 09:50:31,096 INFO DFM-4_R2_P2 2025Q2 H1 complete
2026-10-05 09:50:31,434 INFO DFM-4_R2_P2 2025Q2 H2 complete
2026-10-05 09:50:31,635 INFO DFM-4_R2_P2 2025Q2 H3 complete
2026-10-05 09:50:34,208 WARNING DFM-4_R3_P1 2022Q1 H1 standard failed: nonconvergence_or_unstable_transition:{"n_training_months": 36, "n_observed_cells": 287, "n_missing_cells": 1, "iterations": 500, "relative_likelihood_change": 0.000137695788437128
2026-10-05 09:50:35,732 WARNING DFM-4_R3_P1 2022Q1 H1 conservative failed: nonconvergence_or_unstable_transition:{"n_training_months": 36, "n_observed_cells": 285, "n_missing_cells": 3, "iterations": 500, "relative_likelihood_change": 0.000138449557054567
2026-10-05 09:50:35,732 INFO DFM-4_R3_P1 2022Q1 H1 complete
2026-10-05 09:50:37,639 WARNING DFM-4_R3_P1 2022Q1 H2 standard failed: nonconvergence_or_unstable_transition:{"n_training_months": 36, "n_observed_cells": 288, "n_missing_cells": 0, "iterations": 500, "relative_likelihood_change": 0.000137682861321761
2026-10-05 09:50:37,903 WARNING DFM-4_R3_P1 2022Q1 H2 conservative failed: nonconvergence_or_unstable_transition:{"n_training_months": 36, "n_observed_cells": 288, "n_missing_cells": 0, "iterations": 500, "relative_likelihood_change": 0.000137682861321761
2026-10-05 09:50:37,903 INFO DFM-4_R3_P1 2022Q1 H2 complete
2026-10-05 09:50:38,118 WARNING DFM-4_R3_P1 2022Q1 H3 standard failed: nonconvergence_or_unstable_transition:{"n_training_months": 36, "n_observed_cells": 288, "n_missing_cells": 0, "iterations": 500, "relative_likelihood_change": 0.000137682861321761
2026-10-05 09:50:38,171 WARNING DFM-4_R3_P1 2022Q1 H3 conservative failed: nonconvergence_or_unstable_transition:{"n_training_months": 36, "n_observed_cells": 288, "n_missing_cells": 0, "iterations": 500, "relative_likelihood_change": 0.000137682861321761
2026-10-05 09:50:38,172 INFO DFM-4_R3_P1 2022Q1 H3 complete
2026-10-05 09:50:40,100 WARNING DFM-4_R3_P1 2022Q2 H1 standard failed: nonconvergence_or_unstable_transition:{"n_training_months": 39, "n_observed_cells": 311, "n_missing_cells": 1, "iterations": 500, "relative_likelihood_change": 7.788185941763035e-0
2026-10-05 09:50:41,664 WARNING DFM-4_R3_P1 2022Q2 H1 conservative failed: nonconvergence_or_unstable_transition:{"n_training_months": 39, "n_observed_cells": 309, "n_missing_cells": 3, "iterations": 500, "relative_likelihood_change": 7.771442615704614e-0
2026-10-05 09:50:41,664 INFO DFM-4_R3_P1 2022Q2 H1 complete
2026-10-05 09:50:43,308 WARNING DFM-4_R3_P1 2022Q2 H2 standard failed: nonconvergence_or_unstable_transition:{"n_training_months": 39, "n_observed_cells": 312, "n_missing_cells": 0, "iterations": 500, "relative_likelihood_change": 7.782146766728055e-0
2026-10-05 09:50:43,350 WARNING DFM-4_R3_P1 2022Q2 H2 conservative failed: nonconvergence_or_unstable_transition:{"n_training_months": 39, "n_observed_cells": 312, "n_missing_cells": 0, "iterations": 500, "relative_likelihood_change": 7.782146766728055e-0
2026-10-05 09:50:43,350 INFO DFM-4_R3_P1 2022Q2 H2 complete
2026-10-05 09:50:43,446 WARNING DFM-4_R3_P1 2022Q2 H3 standard failed: nonconvergence_or_unstable_transition:{"n_training_months": 39, "n_observed_cells": 312, "n_missing_cells": 0, "iterations": 500, "relative_likelihood_change": 7.782146766728055e-0
2026-10-05 09:50:43,509 WARNING DFM-4_R3_P1 2022Q2 H3 conservative failed: nonconvergence_or_unstable_transition:{"n_training_months": 39, "n_observed_cells": 312, "n_missing_cells": 0, "iterations": 500, "relative_likelihood_change": 7.782146766728055e-0
2026-10-05 09:50:43,509 INFO DFM-4_R3_P1 2022Q2 H3 complete
2026-10-05 09:50:45,193 WARNING DFM-4_R3_P1 2022Q3 H1 standard failed: nonconvergence_or_unstable_transition:{"n_training_months": 42, "n_observed_cells": 335, "n_missing_cells": 1, "iterations": 500, "relative_likelihood_change": 6.96976316571926e-05
2026-10-05 09:50:47,100 WARNING DFM-4_R3_P1 2022Q3 H1 conservative failed: nonconvergence_or_unstable_transition:{"n_training_months": 42, "n_observed_cells": 333, "n_missing_cells": 3, "iterations": 500, "relative_likelihood_change": 6.87160123394799e-05
2026-10-05 09:50:47,100 INFO DFM-4_R3_P1 2022Q3 H1 complete
2026-10-05 09:50:48,770 WARNING DFM-4_R3_P1 2022Q3 H2 standard failed: nonconvergence_or_unstable_transition:{"n_training_months": 42, "n_observed_cells": 336, "n_missing_cells": 0, "iterations": 500, "relative_likelihood_change": 6.940426487910318e-0
2026-10-05 09:50:48,817 WARNING DFM-4_R3_P1 2022Q3 H2 conservative failed: nonconvergence_or_unstable_transition:{"n_training_months": 42, "n_observed_cells": 336, "n_missing_cells": 0, "iterations": 500, "relative_likelihood_change": 6.940426487910318e-0
2026-10-05 09:50:48,817 INFO DFM-4_R3_P1 2022Q3 H2 complete
2026-10-05 09:50:48,902 WARNING DFM-4_R3_P1 2022Q3 H3 standard failed: nonconvergence_or_unstable_transition:{"n_training_months": 42, "n_observed_cells": 336, "n_missing_cells": 0, "iterations": 500, "relative_likelihood_change": 6.940426487910318e-0
2026-10-05 09:50:48,948 WARNING DFM-4_R3_P1 2022Q3 H3 conservative failed: nonconvergence_or_unstable_transition:{"n_training_months": 42, "n_observed_cells": 336, "n_missing_cells": 0, "iterations": 500, "relative_likelihood_change": 6.940426487910318e-0
2026-10-05 09:50:48,948 INFO DFM-4_R3_P1 2022Q3 H3 complete
2026-10-05 09:50:50,549 WARNING DFM-4_R3_P1 2022Q4 H1 standard failed: nonconvergence_or_unstable_transition:{"n_training_months": 45, "n_observed_cells": 359, "n_missing_cells": 1, "iterations": 500, "relative_likelihood_change": 6.260554645104749e-0
2026-10-05 09:50:52,240 WARNING DFM-4_R3_P1 2022Q4 H1 conservative failed: nonconvergence_or_unstable_transition:{"n_training_months": 45, "n_observed_cells": 357, "n_missing_cells": 3, "iterations": 500, "relative_likelihood_change": 6.177830455239695e-0
2026-10-05 09:50:52,241 INFO DFM-4_R3_P1 2022Q4 H1 complete
2026-10-05 09:50:53,892 WARNING DFM-4_R3_P1 2022Q4 H2 standard failed: nonconvergence_or_unstable_transition:{"n_training_months": 45, "n_observed_cells": 360, "n_missing_cells": 0, "iterations": 500, "relative_likelihood_change": 6.250736110731465e-0
2026-10-05 09:50:53,937 WARNING DFM-4_R3_P1 2022Q4 H2 conservative failed: nonconvergence_or_unstable_transition:{"n_training_months": 45, "n_observed_cells": 360, "n_missing_cells": 0, "iterations": 500, "relative_likelihood_change": 6.250736110731465e-0
2026-10-05 09:50:53,938 INFO DFM-4_R3_P1 2022Q4 H2 complete
2026-10-05 09:50:54,021 WARNING DFM-4_R3_P1 2022Q4 H3 standard failed: nonconvergence_or_unstable_transition:{"n_training_months": 45, "n_observed_cells": 360, "n_missing_cells": 0, "iterations": 500, "relative_likelihood_change": 6.250736110731465e-0
2026-10-05 09:50:54,062 WARNING DFM-4_R3_P1 2022Q4 H3 conservative failed: nonconvergence_or_unstable_transition:{"n_training_months": 45, "n_observed_cells": 360, "n_missing_cells": 0, "iterations": 500, "relative_likelihood_change": 6.250736110731465e-0
2026-10-05 09:50:54,062 INFO DFM-4_R3_P1 2022Q4 H3 complete
2026-10-05 09:50:56,488 WARNING DFM-4_R3_P1 2023Q1 H1 standard failed: nonconvergence_or_unstable_transition:{"n_training_months": 48, "n_observed_cells": 383, "n_missing_cells": 1, "iterations": 500, "relative_likelihood_change": 5.439551855093349e-0
2026-10-05 09:50:59,219 WARNING DFM-4_R3_P1 2023Q1 H1 conservative failed: nonconvergence_or_unstable_transition:{"n_training_months": 48, "n_observed_cells": 381, "n_missing_cells": 3, "iterations": 500, "relative_likelihood_change": 5.4755729214715094e-
2026-10-05 09:50:59,219 INFO DFM-4_R3_P1 2023Q1 H1 complete
2026-10-05 09:51:01,069 WARNING DFM-4_R3_P1 2023Q1 H2 standard failed: nonconvergence_or_unstable_transition:{"n_training_months": 48, "n_observed_cells": 384, "n_missing_cells": 0, "iterations": 500, "relative_likelihood_change": 5.4315870258160264e-
2026-10-05 09:51:01,113 WARNING DFM-4_R3_P1 2023Q1 H2 conservative failed: nonconvergence_or_unstable_transition:{"n_training_months": 48, "n_observed_cells": 384, "n_missing_cells": 0, "iterations": 500, "relative_likelihood_change": 5.4315870258160264e-
2026-10-05 09:51:01,113 INFO DFM-4_R3_P1 2023Q1 H2 complete
2026-10-05 09:51:01,196 WARNING DFM-4_R3_P1 2023Q1 H3 standard failed: nonconvergence_or_unstable_transition:{"n_training_months": 48, "n_observed_cells": 384, "n_missing_cells": 0, "iterations": 500, "relative_likelihood_change": 5.4315870258160264e-
2026-10-05 09:51:01,236 WARNING DFM-4_R3_P1 2023Q1 H3 conservative failed: nonconvergence_or_unstable_transition:{"n_training_months": 48, "n_observed_cells": 384, "n_missing_cells": 0, "iterations": 500, "relative_likelihood_change": 5.4315870258160264e-
2026-10-05 09:51:01,236 INFO DFM-4_R3_P1 2023Q1 H3 complete
2026-10-05 09:51:03,096 WARNING DFM-4_R3_P1 2023Q2 H1 standard failed: nonconvergence_or_unstable_transition:{"n_training_months": 51, "n_observed_cells": 407, "n_missing_cells": 1, "iterations": 500, "relative_likelihood_change": 4.592004443483557e-0
2026-10-05 09:51:04,601 WARNING DFM-4_R3_P1 2023Q2 H1 conservative failed: nonconvergence_or_unstable_transition:{"n_training_months": 51, "n_observed_cells": 405, "n_missing_cells": 3, "iterations": 500, "relative_likelihood_change": 2.352017052630067e-0
2026-10-05 09:51:04,601 INFO DFM-4_R3_P1 2023Q2 H1 complete
2026-10-05 09:51:06,120 WARNING DFM-4_R3_P1 2023Q2 H2 standard failed: nonconvergence_or_unstable_transition:{"n_training_months": 51, "n_observed_cells": 408, "n_missing_cells": 0, "iterations": 500, "relative_likelihood_change": 6.45348947577583e-05
2026-10-05 09:51:06,160 WARNING DFM-4_R3_P1 2023Q2 H2 conservative failed: nonconvergence_or_unstable_transition:{"n_training_months": 51, "n_observed_cells": 408, "n_missing_cells": 0, "iterations": 500, "relative_likelihood_change": 6.45348947577583e-05
2026-10-05 09:51:06,161 INFO DFM-4_R3_P1 2023Q2 H2 complete
2026-10-05 09:51:06,249 WARNING DFM-4_R3_P1 2023Q2 H3 standard failed: nonconvergence_or_unstable_transition:{"n_training_months": 51, "n_observed_cells": 408, "n_missing_cells": 0, "iterations": 500, "relative_likelihood_change": 6.45348947577583e-05
2026-10-05 09:51:06,292 WARNING DFM-4_R3_P1 2023Q2 H3 conservative failed: nonconvergence_or_unstable_transition:{"n_training_months": 51, "n_observed_cells": 408, "n_missing_cells": 0, "iterations": 500, "relative_likelihood_change": 6.45348947577583e-05
2026-10-05 09:51:06,292 INFO DFM-4_R3_P1 2023Q2 H3 complete
2026-10-05 09:51:08,392 WARNING DFM-4_R3_P1 2023Q3 H1 standard failed: nonconvergence_or_unstable_transition:{"n_training_months": 54, "n_observed_cells": 431, "n_missing_cells": 1, "iterations": 500, "relative_likelihood_change": 4.015957461005947e-0
2026-10-05 09:51:10,319 WARNING DFM-4_R3_P1 2023Q3 H1 conservative failed: nonconvergence_or_unstable_transition:{"n_training_months": 54, "n_observed_cells": 429, "n_missing_cells": 3, "iterations": 500, "relative_likelihood_change": 4.0383534070952816e-
2026-10-05 09:51:10,319 INFO DFM-4_R3_P1 2023Q3 H1 complete
2026-10-05 09:51:12,163 WARNING DFM-4_R3_P1 2023Q3 H2 standard failed: nonconvergence_or_unstable_transition:{"n_training_months": 54, "n_observed_cells": 432, "n_missing_cells": 0, "iterations": 500, "relative_likelihood_change": 4.002725863905216e-0
2026-10-05 09:51:12,207 WARNING DFM-4_R3_P1 2023Q3 H2 conservative failed: nonconvergence_or_unstable_transition:{"n_training_months": 54, "n_observed_cells": 432, "n_missing_cells": 0, "iterations": 500, "relative_likelihood_change": 4.002725863905216e-0
2026-10-05 09:51:12,221 INFO DFM-4_R3_P1 2023Q3 H2 complete
2026-10-05 09:51:12,385 WARNING DFM-4_R3_P1 2023Q3 H3 standard failed: nonconvergence_or_unstable_transition:{"n_training_months": 54, "n_observed_cells": 432, "n_missing_cells": 0, "iterations": 500, "relative_likelihood_change": 4.002725863905216e-0
2026-10-05 09:51:12,433 WARNING DFM-4_R3_P1 2023Q3 H3 conservative failed: nonconvergence_or_unstable_transition:{"n_training_months": 54, "n_observed_cells": 432, "n_missing_cells": 0, "iterations": 500, "relative_likelihood_change": 4.002725863905216e-0
2026-10-05 09:51:12,434 INFO DFM-4_R3_P1 2023Q3 H3 complete
2026-10-05 09:51:14,223 WARNING DFM-4_R3_P1 2023Q4 H1 standard failed: nonconvergence_or_unstable_transition:{"n_training_months": 57, "n_observed_cells": 455, "n_missing_cells": 1, "iterations": 500, "relative_likelihood_change": 3.60116397357411e-05
2026-10-05 09:51:15,960 WARNING DFM-4_R3_P1 2023Q4 H1 conservative failed: nonconvergence_or_unstable_transition:{"n_training_months": 57, "n_observed_cells": 453, "n_missing_cells": 3, "iterations": 500, "relative_likelihood_change": 3.6256370763552685e-
2026-10-05 09:51:15,961 INFO DFM-4_R3_P1 2023Q4 H1 complete
2026-10-05 09:51:17,686 WARNING DFM-4_R3_P1 2023Q4 H2 standard failed: nonconvergence_or_unstable_transition:{"n_training_months": 57, "n_observed_cells": 456, "n_missing_cells": 0, "iterations": 500, "relative_likelihood_change": 3.58970424357399e-05
2026-10-05 09:51:17,740 WARNING DFM-4_R3_P1 2023Q4 H2 conservative failed: nonconvergence_or_unstable_transition:{"n_training_months": 57, "n_observed_cells": 456, "n_missing_cells": 0, "iterations": 500, "relative_likelihood_change": 3.58970424357399e-05
2026-10-05 09:51:17,740 INFO DFM-4_R3_P1 2023Q4 H2 complete
2026-10-05 09:51:17,838 WARNING DFM-4_R3_P1 2023Q4 H3 standard failed: nonconvergence_or_unstable_transition:{"n_training_months": 57, "n_observed_cells": 456, "n_missing_cells": 0, "iterations": 500, "relative_likelihood_change": 3.58970424357399e-05
2026-10-05 09:51:17,885 WARNING DFM-4_R3_P1 2023Q4 H3 conservative failed: nonconvergence_or_unstable_transition:{"n_training_months": 57, "n_observed_cells": 456, "n_missing_cells": 0, "iterations": 500, "relative_likelihood_change": 3.58970424357399e-05
2026-10-05 09:51:17,886 INFO DFM-4_R3_P1 2023Q4 H3 complete
2026-10-05 09:51:20,486 WARNING DFM-4_R3_P1 2024Q1 H1 standard failed: nonconvergence_or_unstable_transition:{"n_training_months": 60, "n_observed_cells": 479, "n_missing_cells": 1, "iterations": 500, "relative_likelihood_change": 3.214817014341089e-0
2026-10-05 09:51:23,451 WARNING DFM-4_R3_P1 2024Q1 H1 conservative failed: nonconvergence_or_unstable_transition:{"n_training_months": 60, "n_observed_cells": 477, "n_missing_cells": 3, "iterations": 500, "relative_likelihood_change": 3.2221809862444395e-
2026-10-05 09:51:23,451 INFO DFM-4_R3_P1 2024Q1 H1 complete
2026-10-05 09:51:25,657 WARNING DFM-4_R3_P1 2024Q1 H2 standard failed: nonconvergence_or_unstable_transition:{"n_training_months": 60, "n_observed_cells": 480, "n_missing_cells": 0, "iterations": 500, "relative_likelihood_change": 3.207022632393813e-0
2026-10-05 09:51:25,724 WARNING DFM-4_R3_P1 2024Q1 H2 conservative failed: nonconvergence_or_unstable_transition:{"n_training_months": 60, "n_observed_cells": 480, "n_missing_cells": 0, "iterations": 500, "relative_likelihood_change": 3.207022632393813e-0
2026-10-05 09:51:25,725 INFO DFM-4_R3_P1 2024Q1 H2 complete
2026-10-05 09:51:25,838 WARNING DFM-4_R3_P1 2024Q1 H3 standard failed: nonconvergence_or_unstable_transition:{"n_training_months": 60, "n_observed_cells": 480, "n_missing_cells": 0, "iterations": 500, "relative_likelihood_change": 3.207022632393813e-0
2026-10-05 09:51:25,899 WARNING DFM-4_R3_P1 2024Q1 H3 conservative failed: nonconvergence_or_unstable_transition:{"n_training_months": 60, "n_observed_cells": 480, "n_missing_cells": 0, "iterations": 500, "relative_likelihood_change": 3.207022632393813e-0
2026-10-05 09:51:25,899 INFO DFM-4_R3_P1 2024Q1 H3 complete
2026-10-05 09:51:28,323 WARNING DFM-4_R3_P1 2024Q2 H1 standard failed: nonconvergence_or_unstable_transition:{"n_training_months": 63, "n_observed_cells": 503, "n_missing_cells": 1, "iterations": 500, "relative_likelihood_change": 2.9333165440913124e-
2026-10-05 09:51:30,408 WARNING DFM-4_R3_P1 2024Q2 H1 conservative failed: nonconvergence_or_unstable_transition:{"n_training_months": 63, "n_observed_cells": 501, "n_missing_cells": 3, "iterations": 500, "relative_likelihood_change": 2.9414406766367134e-
2026-10-05 09:51:30,408 INFO DFM-4_R3_P1 2024Q2 H1 complete
2026-10-05 09:51:32,453 WARNING DFM-4_R3_P1 2024Q2 H2 standard failed: nonconvergence_or_unstable_transition:{"n_training_months": 63, "n_observed_cells": 504, "n_missing_cells": 0, "iterations": 500, "relative_likelihood_change": 2.930851865911686e-0
2026-10-05 09:51:32,512 WARNING DFM-4_R3_P1 2024Q2 H2 conservative failed: nonconvergence_or_unstable_transition:{"n_training_months": 63, "n_observed_cells": 504, "n_missing_cells": 0, "iterations": 500, "relative_likelihood_change": 2.930851865911686e-0
2026-10-05 09:51:32,513 INFO DFM-4_R3_P1 2024Q2 H2 complete
2026-10-05 09:51:32,618 WARNING DFM-4_R3_P1 2024Q2 H3 standard failed: nonconvergence_or_unstable_transition:{"n_training_months": 63, "n_observed_cells": 504, "n_missing_cells": 0, "iterations": 500, "relative_likelihood_change": 2.930851865911686e-0
2026-10-05 09:51:32,678 WARNING DFM-4_R3_P1 2024Q2 H3 conservative failed: nonconvergence_or_unstable_transition:{"n_training_months": 63, "n_observed_cells": 504, "n_missing_cells": 0, "iterations": 500, "relative_likelihood_change": 2.930851865911686e-0
2026-10-05 09:51:32,678 INFO DFM-4_R3_P1 2024Q2 H3 complete
2026-10-05 09:51:34,752 WARNING DFM-4_R3_P1 2024Q3 H1 standard failed: nonconvergence_or_unstable_transition:{"n_training_months": 66, "n_observed_cells": 527, "n_missing_cells": 1, "iterations": 500, "relative_likelihood_change": 2.6419652123456556e-
2026-10-05 09:51:37,024 WARNING DFM-4_R3_P1 2024Q3 H1 conservative failed: nonconvergence_or_unstable_transition:{"n_training_months": 66, "n_observed_cells": 525, "n_missing_cells": 3, "iterations": 500, "relative_likelihood_change": 2.650416459555652e-0
2026-10-05 09:51:37,025 INFO DFM-4_R3_P1 2024Q3 H1 complete
2026-10-05 09:51:39,914 WARNING DFM-4_R3_P1 2024Q3 H2 standard failed: nonconvergence_or_unstable_transition:{"n_training_months": 66, "n_observed_cells": 528, "n_missing_cells": 0, "iterations": 500, "relative_likelihood_change": 2.6355646037760933e-
2026-10-05 09:51:39,976 WARNING DFM-4_R3_P1 2024Q3 H2 conservative failed: nonconvergence_or_unstable_transition:{"n_training_months": 66, "n_observed_cells": 528, "n_missing_cells": 0, "iterations": 500, "relative_likelihood_change": 2.6355646037760933e-
2026-10-05 09:51:39,977 INFO DFM-4_R3_P1 2024Q3 H2 complete
2026-10-05 09:51:40,090 WARNING DFM-4_R3_P1 2024Q3 H3 standard failed: nonconvergence_or_unstable_transition:{"n_training_months": 66, "n_observed_cells": 528, "n_missing_cells": 0, "iterations": 500, "relative_likelihood_change": 2.6355646037760933e-
2026-10-05 09:51:40,147 WARNING DFM-4_R3_P1 2024Q3 H3 conservative failed: nonconvergence_or_unstable_transition:{"n_training_months": 66, "n_observed_cells": 528, "n_missing_cells": 0, "iterations": 500, "relative_likelihood_change": 2.6355646037760933e-
2026-10-05 09:51:40,148 INFO DFM-4_R3_P1 2024Q3 H3 complete
2026-10-05 09:51:42,259 WARNING DFM-4_R3_P1 2024Q4 H1 standard failed: nonconvergence_or_unstable_transition:{"n_training_months": 69, "n_observed_cells": 551, "n_missing_cells": 1, "iterations": 500, "relative_likelihood_change": 2.3796966274244426e-
2026-10-05 09:51:44,263 WARNING DFM-4_R3_P1 2024Q4 H1 conservative failed: nonconvergence_or_unstable_transition:{"n_training_months": 69, "n_observed_cells": 549, "n_missing_cells": 3, "iterations": 500, "relative_likelihood_change": 2.3900927064897514e-
2026-10-05 09:51:44,263 INFO DFM-4_R3_P1 2024Q4 H1 complete
2026-10-05 09:51:46,976 WARNING DFM-4_R3_P1 2024Q4 H2 standard failed: nonconvergence_or_unstable_transition:{"n_training_months": 69, "n_observed_cells": 552, "n_missing_cells": 0, "iterations": 500, "relative_likelihood_change": 2.3685460415434403e-
2026-10-05 09:51:47,029 WARNING DFM-4_R3_P1 2024Q4 H2 conservative failed: nonconvergence_or_unstable_transition:{"n_training_months": 69, "n_observed_cells": 552, "n_missing_cells": 0, "iterations": 500, "relative_likelihood_change": 2.3685460415434403e-
2026-10-05 09:51:47,029 INFO DFM-4_R3_P1 2024Q4 H2 complete
2026-10-05 09:51:47,127 WARNING DFM-4_R3_P1 2024Q4 H3 standard failed: nonconvergence_or_unstable_transition:{"n_training_months": 69, "n_observed_cells": 552, "n_missing_cells": 0, "iterations": 500, "relative_likelihood_change": 2.3685460415434403e-
2026-10-05 09:51:47,193 WARNING DFM-4_R3_P1 2024Q4 H3 conservative failed: nonconvergence_or_unstable_transition:{"n_training_months": 69, "n_observed_cells": 552, "n_missing_cells": 0, "iterations": 500, "relative_likelihood_change": 2.3685460415434403e-
2026-10-05 09:51:47,193 INFO DFM-4_R3_P1 2024Q4 H3 complete
2026-10-05 09:51:49,908 WARNING DFM-4_R3_P1 2025Q1 H1 standard failed: nonconvergence_or_unstable_transition:{"n_training_months": 72, "n_observed_cells": 575, "n_missing_cells": 1, "iterations": 500, "relative_likelihood_change": 2.1682857160790822e-
2026-10-05 09:51:52,906 WARNING DFM-4_R3_P1 2025Q1 H1 conservative failed: nonconvergence_or_unstable_transition:{"n_training_months": 72, "n_observed_cells": 573, "n_missing_cells": 3, "iterations": 500, "relative_likelihood_change": 2.174137051378899e-0
2026-10-05 09:51:52,916 INFO DFM-4_R3_P1 2025Q1 H1 complete
2026-10-05 09:51:55,473 WARNING DFM-4_R3_P1 2025Q1 H2 standard failed: nonconvergence_or_unstable_transition:{"n_training_months": 72, "n_observed_cells": 576, "n_missing_cells": 0, "iterations": 500, "relative_likelihood_change": 2.162537454769973e-0
2026-10-05 09:51:55,527 WARNING DFM-4_R3_P1 2025Q1 H2 conservative failed: nonconvergence_or_unstable_transition:{"n_training_months": 72, "n_observed_cells": 576, "n_missing_cells": 0, "iterations": 500, "relative_likelihood_change": 2.162537454769973e-0
2026-10-05 09:51:55,528 INFO DFM-4_R3_P1 2025Q1 H2 complete
2026-10-05 09:51:55,639 WARNING DFM-4_R3_P1 2025Q1 H3 standard failed: nonconvergence_or_unstable_transition:{"n_training_months": 72, "n_observed_cells": 576, "n_missing_cells": 0, "iterations": 500, "relative_likelihood_change": 2.162537454769973e-0
2026-10-05 09:51:55,692 WARNING DFM-4_R3_P1 2025Q1 H3 conservative failed: nonconvergence_or_unstable_transition:{"n_training_months": 72, "n_observed_cells": 576, "n_missing_cells": 0, "iterations": 500, "relative_likelihood_change": 2.162537454769973e-0
2026-10-05 09:51:55,692 INFO DFM-4_R3_P1 2025Q1 H3 complete
2026-10-05 09:51:57,837 WARNING DFM-4_R3_P1 2025Q2 H1 standard failed: nonconvergence_or_unstable_transition:{"n_training_months": 75, "n_observed_cells": 596, "n_missing_cells": 4, "iterations": 500, "relative_likelihood_change": 2.0059428503202345e-
2026-10-05 09:51:59,935 WARNING DFM-4_R3_P1 2025Q2 H1 conservative failed: nonconvergence_or_unstable_transition:{"n_training_months": 75, "n_observed_cells": 595, "n_missing_cells": 5, "iterations": 500, "relative_likelihood_change": 2.004794638101212e-0
2026-10-05 09:51:59,935 INFO DFM-4_R3_P1 2025Q2 H1 complete
2026-10-05 09:52:02,221 WARNING DFM-4_R3_P1 2025Q2 H2 standard failed: nonconvergence_or_unstable_transition:{"n_training_months": 75, "n_observed_cells": 597, "n_missing_cells": 3, "iterations": 500, "relative_likelihood_change": 1.9998897282621187e-
2026-10-05 09:52:02,260 WARNING DFM-4_R3_P1 2025Q2 H2 conservative failed: nonconvergence_or_unstable_transition:{"n_training_months": 75, "n_observed_cells": 597, "n_missing_cells": 3, "iterations": 500, "relative_likelihood_change": 1.9998897282621187e-
2026-10-05 09:52:02,260 INFO DFM-4_R3_P1 2025Q2 H2 complete
2026-10-05 09:52:02,360 WARNING DFM-4_R3_P1 2025Q2 H3 standard failed: nonconvergence_or_unstable_transition:{"n_training_months": 75, "n_observed_cells": 597, "n_missing_cells": 3, "iterations": 500, "relative_likelihood_change": 1.9998897282621187e-
2026-10-05 09:52:02,423 WARNING DFM-4_R3_P1 2025Q2 H3 conservative failed: nonconvergence_or_unstable_transition:{"n_training_months": 75, "n_observed_cells": 597, "n_missing_cells": 3, "iterations": 500, "relative_likelihood_change": 1.9998897282621187e-
2026-10-05 09:52:02,423 INFO DFM-4_R3_P1 2025Q2 H3 complete
2026-10-05 09:52:05,181 WARNING DFM-4_R3_P2 2022Q1 H1 standard failed: nonconvergence_or_unstable_transition:{"n_training_months": 36, "n_observed_cells": 287, "n_missing_cells": 1, "iterations": 500, "relative_likelihood_change": 9.272358641857627e-0
2026-10-05 09:52:07,098 WARNING DFM-4_R3_P2 2022Q1 H1 conservative failed: nonconvergence_or_unstable_transition:{"n_training_months": 36, "n_observed_cells": 285, "n_missing_cells": 3, "iterations": 500, "relative_likelihood_change": 9.294613502975225e-0
2026-10-05 09:52:07,098 INFO DFM-4_R3_P2 2022Q1 H1 complete
2026-10-05 09:52:09,037 WARNING DFM-4_R3_P2 2022Q1 H2 standard failed: nonconvergence_or_unstable_transition:{"n_training_months": 36, "n_observed_cells": 288, "n_missing_cells": 0, "iterations": 500, "relative_likelihood_change": 9.253327747495157e-0
2026-10-05 09:52:09,084 WARNING DFM-4_R3_P2 2022Q1 H2 conservative failed: nonconvergence_or_unstable_transition:{"n_training_months": 36, "n_observed_cells": 288, "n_missing_cells": 0, "iterations": 500, "relative_likelihood_change": 9.253327747495157e-0
2026-10-05 09:52:09,084 INFO DFM-4_R3_P2 2022Q1 H2 complete
2026-10-05 09:52:09,201 WARNING DFM-4_R3_P2 2022Q1 H3 standard failed: nonconvergence_or_unstable_transition:{"n_training_months": 36, "n_observed_cells": 288, "n_missing_cells": 0, "iterations": 500, "relative_likelihood_change": 9.253327747495157e-0
2026-10-05 09:52:09,251 WARNING DFM-4_R3_P2 2022Q1 H3 conservative failed: nonconvergence_or_unstable_transition:{"n_training_months": 36, "n_observed_cells": 288, "n_missing_cells": 0, "iterations": 500, "relative_likelihood_change": 9.253327747495157e-0
2026-10-05 09:52:09,251 INFO DFM-4_R3_P2 2022Q1 H3 complete
2026-10-05 09:52:12,288 WARNING DFM-4_R3_P2 2022Q2 H1 conservative failed: nonconvergence_or_unstable_transition:{"n_training_months": 39, "n_observed_cells": 309, "n_missing_cells": 3, "iterations": 500, "relative_likelihood_change": 3.992504884993202e-0
2026-10-05 09:52:12,288 INFO DFM-4_R3_P2 2022Q2 H1 complete
2026-10-05 09:52:13,389 INFO DFM-4_R3_P2 2022Q2 H2 complete
2026-10-05 09:52:13,569 INFO DFM-4_R3_P2 2022Q2 H3 complete
2026-10-05 09:52:15,583 WARNING DFM-4_R3_P2 2022Q3 H1 standard failed: nonconvergence_or_unstable_transition:{"n_training_months": 42, "n_observed_cells": 335, "n_missing_cells": 1, "iterations": 500, "relative_likelihood_change": 3.611143323767468e-0
2026-10-05 09:52:17,510 WARNING DFM-4_R3_P2 2022Q3 H1 conservative failed: nonconvergence_or_unstable_transition:{"n_training_months": 42, "n_observed_cells": 333, "n_missing_cells": 3, "iterations": 500, "relative_likelihood_change": 3.5764685237049217e-
2026-10-05 09:52:17,511 INFO DFM-4_R3_P2 2022Q3 H1 complete
2026-10-05 09:52:20,881 WARNING DFM-4_R3_P2 2022Q3 H2 standard failed: nonconvergence_or_unstable_transition:{"n_training_months": 42, "n_observed_cells": 336, "n_missing_cells": 0, "iterations": 500, "relative_likelihood_change": 3.5747018594027775e-
2026-10-05 09:52:20,964 WARNING DFM-4_R3_P2 2022Q3 H2 conservative failed: nonconvergence_or_unstable_transition:{"n_training_months": 42, "n_observed_cells": 336, "n_missing_cells": 0, "iterations": 500, "relative_likelihood_change": 3.5747018594027775e-
2026-10-05 09:52:20,964 INFO DFM-4_R3_P2 2022Q3 H2 complete
2026-10-05 09:52:21,098 WARNING DFM-4_R3_P2 2022Q3 H3 standard failed: nonconvergence_or_unstable_transition:{"n_training_months": 42, "n_observed_cells": 336, "n_missing_cells": 0, "iterations": 500, "relative_likelihood_change": 3.5747018594027775e-
2026-10-05 09:52:21,182 WARNING DFM-4_R3_P2 2022Q3 H3 conservative failed: nonconvergence_or_unstable_transition:{"n_training_months": 42, "n_observed_cells": 336, "n_missing_cells": 0, "iterations": 500, "relative_likelihood_change": 3.5747018594027775e-
2026-10-05 09:52:21,182 INFO DFM-4_R3_P2 2022Q3 H3 complete
2026-10-05 09:52:23,517 WARNING DFM-4_R3_P2 2022Q4 H1 standard failed: nonconvergence_or_unstable_transition:{"n_training_months": 45, "n_observed_cells": 359, "n_missing_cells": 1, "iterations": 500, "relative_likelihood_change": 3.278301963264936e-0
2026-10-05 09:52:25,458 WARNING DFM-4_R3_P2 2022Q4 H1 conservative failed: nonconvergence_or_unstable_transition:{"n_training_months": 45, "n_observed_cells": 357, "n_missing_cells": 3, "iterations": 500, "relative_likelihood_change": 3.226463122519609e-0
2026-10-05 09:52:25,459 INFO DFM-4_R3_P2 2022Q4 H1 complete
2026-10-05 09:52:28,084 WARNING DFM-4_R3_P2 2022Q4 H2 standard failed: nonconvergence_or_unstable_transition:{"n_training_months": 45, "n_observed_cells": 360, "n_missing_cells": 0, "iterations": 500, "relative_likelihood_change": 3.262775152519855e-0
2026-10-05 09:52:28,144 WARNING DFM-4_R3_P2 2022Q4 H2 conservative failed: nonconvergence_or_unstable_transition:{"n_training_months": 45, "n_observed_cells": 360, "n_missing_cells": 0, "iterations": 500, "relative_likelihood_change": 3.262775152519855e-0
2026-10-05 09:52:28,145 INFO DFM-4_R3_P2 2022Q4 H2 complete
2026-10-05 09:52:28,333 WARNING DFM-4_R3_P2 2022Q4 H3 standard failed: nonconvergence_or_unstable_transition:{"n_training_months": 45, "n_observed_cells": 360, "n_missing_cells": 0, "iterations": 500, "relative_likelihood_change": 3.262775152519855e-0
2026-10-05 09:52:28,399 WARNING DFM-4_R3_P2 2022Q4 H3 conservative failed: nonconvergence_or_unstable_transition:{"n_training_months": 45, "n_observed_cells": 360, "n_missing_cells": 0, "iterations": 500, "relative_likelihood_change": 3.262775152519855e-0
2026-10-05 09:52:28,400 INFO DFM-4_R3_P2 2022Q4 H3 complete
2026-10-05 09:52:32,876 WARNING DFM-4_R3_P2 2023Q1 H1 conservative failed: nonconvergence_or_unstable_transition:{"n_training_months": 48, "n_observed_cells": 381, "n_missing_cells": 3, "iterations": 500, "relative_likelihood_change": 5.790468127799255e-0
2026-10-05 09:52:32,876 INFO DFM-4_R3_P2 2023Q1 H1 complete
2026-10-05 09:52:35,287 WARNING DFM-4_R3_P2 2023Q1 H2 standard failed: nonconvergence_or_unstable_transition:{"n_training_months": 48, "n_observed_cells": 384, "n_missing_cells": 0, "iterations": 500, "relative_likelihood_change": 5.445252236857373e-0
2026-10-05 09:52:35,387 WARNING DFM-4_R3_P2 2023Q1 H2 conservative failed: nonconvergence_or_unstable_transition:{"n_training_months": 48, "n_observed_cells": 384, "n_missing_cells": 0, "iterations": 500, "relative_likelihood_change": 5.445252236857373e-0
2026-10-05 09:52:35,388 INFO DFM-4_R3_P2 2023Q1 H2 complete
2026-10-05 09:52:35,574 WARNING DFM-4_R3_P2 2023Q1 H3 standard failed: nonconvergence_or_unstable_transition:{"n_training_months": 48, "n_observed_cells": 384, "n_missing_cells": 0, "iterations": 500, "relative_likelihood_change": 5.445252236857373e-0
2026-10-05 09:52:35,642 WARNING DFM-4_R3_P2 2023Q1 H3 conservative failed: nonconvergence_or_unstable_transition:{"n_training_months": 48, "n_observed_cells": 384, "n_missing_cells": 0, "iterations": 500, "relative_likelihood_change": 5.445252236857373e-0
2026-10-05 09:52:35,643 INFO DFM-4_R3_P2 2023Q1 H3 complete
2026-10-05 09:52:38,360 WARNING DFM-4_R3_P2 2023Q2 H1 standard failed: nonconvergence_or_unstable_transition:{"n_training_months": 51, "n_observed_cells": 407, "n_missing_cells": 1, "iterations": 500, "relative_likelihood_change": 2.3976210956206953e-
2026-10-05 09:52:41,141 WARNING DFM-4_R3_P2 2023Q2 H1 conservative failed: nonconvergence_or_unstable_transition:{"n_training_months": 51, "n_observed_cells": 405, "n_missing_cells": 3, "iterations": 500, "relative_likelihood_change": 2.422596712601758e-0
2026-10-05 09:52:41,141 INFO DFM-4_R3_P2 2023Q2 H1 complete
2026-10-05 09:52:43,312 WARNING DFM-4_R3_P2 2023Q2 H2 standard failed: nonconvergence_or_unstable_transition:{"n_training_months": 51, "n_observed_cells": 408, "n_missing_cells": 0, "iterations": 500, "relative_likelihood_change": 4.219509211409857e-0
2026-10-05 09:52:43,578 WARNING DFM-4_R3_P2 2023Q2 H2 conservative failed: nonconvergence_or_unstable_transition:{"n_training_months": 51, "n_observed_cells": 408, "n_missing_cells": 0, "iterations": 500, "relative_likelihood_change": 4.219509211409857e-0
2026-10-05 09:52:43,578 INFO DFM-4_R3_P2 2023Q2 H2 complete
2026-10-05 09:52:43,797 WARNING DFM-4_R3_P2 2023Q2 H3 standard failed: nonconvergence_or_unstable_transition:{"n_training_months": 51, "n_observed_cells": 408, "n_missing_cells": 0, "iterations": 500, "relative_likelihood_change": 4.219509211409857e-0
2026-10-05 09:52:43,875 WARNING DFM-4_R3_P2 2023Q2 H3 conservative failed: nonconvergence_or_unstable_transition:{"n_training_months": 51, "n_observed_cells": 408, "n_missing_cells": 0, "iterations": 500, "relative_likelihood_change": 4.219509211409857e-0
2026-10-05 09:52:43,875 INFO DFM-4_R3_P2 2023Q2 H3 complete
2026-10-05 09:52:46,421 WARNING DFM-4_R3_P2 2023Q3 H1 standard failed: nonconvergence_or_unstable_transition:{"n_training_months": 54, "n_observed_cells": 431, "n_missing_cells": 1, "iterations": 500, "relative_likelihood_change": 4.051430615912739e-0
2026-10-05 09:52:50,140 WARNING DFM-4_R3_P2 2023Q3 H1 conservative failed: nonconvergence_or_unstable_transition:{"n_training_months": 54, "n_observed_cells": 429, "n_missing_cells": 3, "iterations": 500, "relative_likelihood_change": 4.056722880632057e-0
2026-10-05 09:52:50,140 INFO DFM-4_R3_P2 2023Q3 H1 complete
2026-10-05 09:52:52,296 WARNING DFM-4_R3_P2 2023Q3 H2 standard failed: nonconvergence_or_unstable_transition:{"n_training_months": 54, "n_observed_cells": 432, "n_missing_cells": 0, "iterations": 500, "relative_likelihood_change": 4.030522794877715e-0
2026-10-05 09:52:52,358 WARNING DFM-4_R3_P2 2023Q3 H2 conservative failed: nonconvergence_or_unstable_transition:{"n_training_months": 54, "n_observed_cells": 432, "n_missing_cells": 0, "iterations": 500, "relative_likelihood_change": 4.030522794877715e-0
2026-10-05 09:52:52,358 INFO DFM-4_R3_P2 2023Q3 H2 complete
2026-10-05 09:52:52,452 WARNING DFM-4_R3_P2 2023Q3 H3 standard failed: nonconvergence_or_unstable_transition:{"n_training_months": 54, "n_observed_cells": 432, "n_missing_cells": 0, "iterations": 500, "relative_likelihood_change": 4.030522794877715e-0
2026-10-05 09:52:52,499 WARNING DFM-4_R3_P2 2023Q3 H3 conservative failed: nonconvergence_or_unstable_transition:{"n_training_months": 54, "n_observed_cells": 432, "n_missing_cells": 0, "iterations": 500, "relative_likelihood_change": 4.030522794877715e-0
2026-10-05 09:52:52,499 INFO DFM-4_R3_P2 2023Q3 H3 complete
2026-10-05 09:52:54,780 WARNING DFM-4_R3_P2 2023Q4 H1 standard failed: nonconvergence_or_unstable_transition:{"n_training_months": 57, "n_observed_cells": 455, "n_missing_cells": 1, "iterations": 500, "relative_likelihood_change": 3.6317981667645235e-
2026-10-05 09:52:57,939 WARNING DFM-4_R3_P2 2023Q4 H1 conservative failed: nonconvergence_or_unstable_transition:{"n_training_months": 57, "n_observed_cells": 453, "n_missing_cells": 3, "iterations": 500, "relative_likelihood_change": 3.661811697131365e-0
2026-10-05 09:52:57,939 INFO DFM-4_R3_P2 2023Q4 H1 complete
2026-10-05 09:53:00,723 WARNING DFM-4_R3_P2 2023Q4 H2 standard failed: nonconvergence_or_unstable_transition:{"n_training_months": 57, "n_observed_cells": 456, "n_missing_cells": 0, "iterations": 500, "relative_likelihood_change": 3.620640322360683e-0
2026-10-05 09:53:00,776 WARNING DFM-4_R3_P2 2023Q4 H2 conservative failed: nonconvergence_or_unstable_transition:{"n_training_months": 57, "n_observed_cells": 456, "n_missing_cells": 0, "iterations": 500, "relative_likelihood_change": 3.620640322360683e-0
2026-10-05 09:53:00,776 INFO DFM-4_R3_P2 2023Q4 H2 complete
2026-10-05 09:53:00,905 WARNING DFM-4_R3_P2 2023Q4 H3 standard failed: nonconvergence_or_unstable_transition:{"n_training_months": 57, "n_observed_cells": 456, "n_missing_cells": 0, "iterations": 500, "relative_likelihood_change": 3.620640322360683e-0
2026-10-05 09:53:00,944 WARNING DFM-4_R3_P2 2023Q4 H3 conservative failed: nonconvergence_or_unstable_transition:{"n_training_months": 57, "n_observed_cells": 456, "n_missing_cells": 0, "iterations": 500, "relative_likelihood_change": 3.620640322360683e-0
2026-10-05 09:53:00,959 INFO DFM-4_R3_P2 2023Q4 H3 complete
2026-10-05 09:53:03,244 WARNING DFM-4_R3_P2 2024Q1 H1 standard failed: nonconvergence_or_unstable_transition:{"n_training_months": 60, "n_observed_cells": 479, "n_missing_cells": 1, "iterations": 500, "relative_likelihood_change": 3.2749461382735295e-
2026-10-05 09:53:07,435 WARNING DFM-4_R3_P2 2024Q1 H1 conservative failed: nonconvergence_or_unstable_transition:{"n_training_months": 60, "n_observed_cells": 477, "n_missing_cells": 3, "iterations": 500, "relative_likelihood_change": 3.284639572467137e-0
2026-10-05 09:53:07,436 INFO DFM-4_R3_P2 2024Q1 H1 complete
2026-10-05 09:53:10,257 WARNING DFM-4_R3_P2 2024Q1 H2 standard failed: nonconvergence_or_unstable_transition:{"n_training_months": 60, "n_observed_cells": 480, "n_missing_cells": 0, "iterations": 500, "relative_likelihood_change": 3.26562603930925e-05
2026-10-05 09:53:10,327 WARNING DFM-4_R3_P2 2024Q1 H2 conservative failed: nonconvergence_or_unstable_transition:{"n_training_months": 60, "n_observed_cells": 480, "n_missing_cells": 0, "iterations": 500, "relative_likelihood_change": 3.26562603930925e-05
2026-10-05 09:53:10,328 INFO DFM-4_R3_P2 2024Q1 H2 complete
2026-10-05 09:53:10,483 WARNING DFM-4_R3_P2 2024Q1 H3 standard failed: nonconvergence_or_unstable_transition:{"n_training_months": 60, "n_observed_cells": 480, "n_missing_cells": 0, "iterations": 500, "relative_likelihood_change": 3.26562603930925e-05
2026-10-05 09:53:10,574 WARNING DFM-4_R3_P2 2024Q1 H3 conservative failed: nonconvergence_or_unstable_transition:{"n_training_months": 60, "n_observed_cells": 480, "n_missing_cells": 0, "iterations": 500, "relative_likelihood_change": 3.26562603930925e-05
2026-10-05 09:53:10,574 INFO DFM-4_R3_P2 2024Q1 H3 complete
2026-10-05 09:53:13,468 WARNING DFM-4_R3_P2 2024Q2 H1 standard failed: nonconvergence_or_unstable_transition:{"n_training_months": 63, "n_observed_cells": 503, "n_missing_cells": 1, "iterations": 500, "relative_likelihood_change": 2.989012063803543e-0
2026-10-05 09:53:16,842 WARNING DFM-4_R3_P2 2024Q2 H1 conservative failed: nonconvergence_or_unstable_transition:{"n_training_months": 63, "n_observed_cells": 501, "n_missing_cells": 3, "iterations": 500, "relative_likelihood_change": 3.0457335764960794e-
2026-10-05 09:53:16,842 INFO DFM-4_R3_P2 2024Q2 H1 complete
2026-10-05 09:53:20,034 WARNING DFM-4_R3_P2 2024Q2 H2 standard failed: nonconvergence_or_unstable_transition:{"n_training_months": 63, "n_observed_cells": 504, "n_missing_cells": 0, "iterations": 500, "relative_likelihood_change": 2.998965324263737e-0
2026-10-05 09:53:20,080 WARNING DFM-4_R3_P2 2024Q2 H2 conservative failed: nonconvergence_or_unstable_transition:{"n_training_months": 63, "n_observed_cells": 504, "n_missing_cells": 0, "iterations": 500, "relative_likelihood_change": 2.998965324263737e-0
2026-10-05 09:53:20,080 INFO DFM-4_R3_P2 2024Q2 H2 complete
2026-10-05 09:53:20,177 WARNING DFM-4_R3_P2 2024Q2 H3 standard failed: nonconvergence_or_unstable_transition:{"n_training_months": 63, "n_observed_cells": 504, "n_missing_cells": 0, "iterations": 500, "relative_likelihood_change": 2.998965324263737e-0
2026-10-05 09:53:20,224 WARNING DFM-4_R3_P2 2024Q2 H3 conservative failed: nonconvergence_or_unstable_transition:{"n_training_months": 63, "n_observed_cells": 504, "n_missing_cells": 0, "iterations": 500, "relative_likelihood_change": 2.998965324263737e-0
2026-10-05 09:53:20,224 INFO DFM-4_R3_P2 2024Q2 H3 complete
2026-10-05 09:53:22,192 WARNING DFM-4_R3_P2 2024Q3 H1 standard failed: nonconvergence_or_unstable_transition:{"n_training_months": 66, "n_observed_cells": 527, "n_missing_cells": 1, "iterations": 500, "relative_likelihood_change": 2.6423364891614063e-
2026-10-05 09:53:24,491 WARNING DFM-4_R3_P2 2024Q3 H1 conservative failed: nonconvergence_or_unstable_transition:{"n_training_months": 66, "n_observed_cells": 525, "n_missing_cells": 3, "iterations": 500, "relative_likelihood_change": 2.6281097467823036e-
2026-10-05 09:53:24,491 INFO DFM-4_R3_P2 2024Q3 H1 complete
2026-10-05 09:53:27,080 WARNING DFM-4_R3_P2 2024Q3 H2 standard failed: nonconvergence_or_unstable_transition:{"n_training_months": 66, "n_observed_cells": 528, "n_missing_cells": 0, "iterations": 500, "relative_likelihood_change": 2.631435054725045e-0
2026-10-05 09:53:27,127 WARNING DFM-4_R3_P2 2024Q3 H2 conservative failed: nonconvergence_or_unstable_transition:{"n_training_months": 66, "n_observed_cells": 528, "n_missing_cells": 0, "iterations": 500, "relative_likelihood_change": 2.631435054725045e-0
2026-10-05 09:53:27,127 INFO DFM-4_R3_P2 2024Q3 H2 complete
2026-10-05 09:53:27,236 WARNING DFM-4_R3_P2 2024Q3 H3 standard failed: nonconvergence_or_unstable_transition:{"n_training_months": 66, "n_observed_cells": 528, "n_missing_cells": 0, "iterations": 500, "relative_likelihood_change": 2.631435054725045e-0
2026-10-05 09:53:27,299 WARNING DFM-4_R3_P2 2024Q3 H3 conservative failed: nonconvergence_or_unstable_transition:{"n_training_months": 66, "n_observed_cells": 528, "n_missing_cells": 0, "iterations": 500, "relative_likelihood_change": 2.631435054725045e-0
2026-10-05 09:53:27,299 INFO DFM-4_R3_P2 2024Q3 H3 complete
2026-10-05 09:53:29,730 WARNING DFM-4_R3_P2 2024Q4 H1 standard failed: nonconvergence_or_unstable_transition:{"n_training_months": 69, "n_observed_cells": 551, "n_missing_cells": 1, "iterations": 500, "relative_likelihood_change": 2.357649040927384e-0
2026-10-05 09:53:31,792 WARNING DFM-4_R3_P2 2024Q4 H1 conservative failed: nonconvergence_or_unstable_transition:{"n_training_months": 69, "n_observed_cells": 549, "n_missing_cells": 3, "iterations": 500, "relative_likelihood_change": 2.374260927403191e-0
2026-10-05 09:53:31,792 INFO DFM-4_R3_P2 2024Q4 H1 complete
2026-10-05 09:53:34,297 WARNING DFM-4_R3_P2 2024Q4 H2 standard failed: nonconvergence_or_unstable_transition:{"n_training_months": 69, "n_observed_cells": 552, "n_missing_cells": 0, "iterations": 500, "relative_likelihood_change": 2.3427468456604303e-
2026-10-05 09:53:34,344 WARNING DFM-4_R3_P2 2024Q4 H2 conservative failed: nonconvergence_or_unstable_transition:{"n_training_months": 69, "n_observed_cells": 552, "n_missing_cells": 0, "iterations": 500, "relative_likelihood_change": 2.3427468456604303e-
2026-10-05 09:53:34,344 INFO DFM-4_R3_P2 2024Q4 H2 complete
2026-10-05 09:53:34,476 WARNING DFM-4_R3_P2 2024Q4 H3 standard failed: nonconvergence_or_unstable_transition:{"n_training_months": 69, "n_observed_cells": 552, "n_missing_cells": 0, "iterations": 500, "relative_likelihood_change": 2.3427468456604303e-
2026-10-05 09:53:34,581 WARNING DFM-4_R3_P2 2024Q4 H3 conservative failed: nonconvergence_or_unstable_transition:{"n_training_months": 69, "n_observed_cells": 552, "n_missing_cells": 0, "iterations": 500, "relative_likelihood_change": 2.3427468456604303e-
2026-10-05 09:53:34,581 INFO DFM-4_R3_P2 2024Q4 H3 complete
2026-10-05 09:53:37,285 WARNING DFM-4_R3_P2 2025Q1 H1 standard failed: nonconvergence_or_unstable_transition:{"n_training_months": 72, "n_observed_cells": 575, "n_missing_cells": 1, "iterations": 500, "relative_likelihood_change": 2.173959073084403e-0
2026-10-05 09:53:39,253 WARNING DFM-4_R3_P2 2025Q1 H1 conservative failed: nonconvergence_or_unstable_transition:{"n_training_months": 72, "n_observed_cells": 573, "n_missing_cells": 3, "iterations": 500, "relative_likelihood_change": 2.1808733312164167e-
2026-10-05 09:53:39,253 INFO DFM-4_R3_P2 2025Q1 H1 complete
2026-10-05 09:53:41,378 WARNING DFM-4_R3_P2 2025Q1 H2 standard failed: nonconvergence_or_unstable_transition:{"n_training_months": 72, "n_observed_cells": 576, "n_missing_cells": 0, "iterations": 500, "relative_likelihood_change": 2.1685275958441702e-
2026-10-05 09:53:41,472 WARNING DFM-4_R3_P2 2025Q1 H2 conservative failed: nonconvergence_or_unstable_transition:{"n_training_months": 72, "n_observed_cells": 576, "n_missing_cells": 0, "iterations": 500, "relative_likelihood_change": 2.1685275958441702e-
2026-10-05 09:53:41,472 INFO DFM-4_R3_P2 2025Q1 H2 complete
2026-10-05 09:53:41,644 WARNING DFM-4_R3_P2 2025Q1 H3 standard failed: nonconvergence_or_unstable_transition:{"n_training_months": 72, "n_observed_cells": 576, "n_missing_cells": 0, "iterations": 500, "relative_likelihood_change": 2.1685275958441702e-
2026-10-05 09:53:41,706 WARNING DFM-4_R3_P2 2025Q1 H3 conservative failed: nonconvergence_or_unstable_transition:{"n_training_months": 72, "n_observed_cells": 576, "n_missing_cells": 0, "iterations": 500, "relative_likelihood_change": 2.1685275958441702e-
2026-10-05 09:53:41,706 INFO DFM-4_R3_P2 2025Q1 H3 complete
2026-10-05 09:53:43,831 WARNING DFM-4_R3_P2 2025Q2 H1 standard failed: nonconvergence_or_unstable_transition:{"n_training_months": 75, "n_observed_cells": 596, "n_missing_cells": 4, "iterations": 500, "relative_likelihood_change": 2.0026741960933395e-
2026-10-05 09:53:45,971 WARNING DFM-4_R3_P2 2025Q2 H1 conservative failed: nonconvergence_or_unstable_transition:{"n_training_months": 75, "n_observed_cells": 595, "n_missing_cells": 5, "iterations": 500, "relative_likelihood_change": 2.0011786287738958e-
2026-10-05 09:53:45,971 INFO DFM-4_R3_P2 2025Q2 H1 complete
2026-10-05 09:53:48,064 WARNING DFM-4_R3_P2 2025Q2 H2 standard failed: nonconvergence_or_unstable_transition:{"n_training_months": 75, "n_observed_cells": 597, "n_missing_cells": 3, "iterations": 500, "relative_likelihood_change": 1.9970641550366658e-
2026-10-05 09:53:48,127 WARNING DFM-4_R3_P2 2025Q2 H2 conservative failed: nonconvergence_or_unstable_transition:{"n_training_months": 75, "n_observed_cells": 597, "n_missing_cells": 3, "iterations": 500, "relative_likelihood_change": 1.9970641550366658e-
2026-10-05 09:53:48,127 INFO DFM-4_R3_P2 2025Q2 H2 complete
2026-10-05 09:53:48,236 WARNING DFM-4_R3_P2 2025Q2 H3 standard failed: nonconvergence_or_unstable_transition:{"n_training_months": 75, "n_observed_cells": 597, "n_missing_cells": 3, "iterations": 500, "relative_likelihood_change": 1.9970641550366658e-
2026-10-05 09:53:48,283 WARNING DFM-4_R3_P2 2025Q2 H3 conservative failed: nonconvergence_or_unstable_transition:{"n_training_months": 75, "n_observed_cells": 597, "n_missing_cells": 3, "iterations": 500, "relative_likelihood_change": 1.9970641550366658e-
2026-10-05 09:53:48,283 INFO DFM-4_R3_P2 2025Q2 H3 complete
2026-10-05 09:53:49,142 INFO DFM-4_R1_P2 2022Q1 H1 complete
2026-10-05 09:53:49,220 INFO DFM-4_R1_P2 2022Q1 H2 complete
2026-10-05 09:53:49,314 INFO DFM-4_R1_P2 2022Q1 H3 complete
2026-10-05 09:53:49,408 INFO DFM-4_R1_P2 2022Q2 H1 complete
2026-10-05 09:53:49,548 INFO DFM-4_R1_P2 2022Q2 H2 complete
2026-10-05 09:53:49,673 INFO DFM-4_R1_P2 2022Q2 H3 complete
2026-10-05 09:53:49,751 INFO DFM-4_R1_P2 2022Q3 H1 complete
2026-10-05 09:53:49,829 INFO DFM-4_R1_P2 2022Q3 H2 complete
2026-10-05 09:53:49,923 INFO DFM-4_R1_P2 2022Q3 H3 complete
2026-10-05 09:53:50,017 WARNING DFM-4_R1_P2 2022Q4 H1 standard failed: nonconvergence_or_unstable_transition:{"n_training_months": 45, "n_observed_cells": 359, "n_missing_cells": 1, "iterations": 80, "relative_likelihood_change": 9.19512752895761e-06,
2026-10-05 09:53:50,064 WARNING DFM-4_R1_P2 2022Q4 H1 conservative failed: nonconvergence_or_unstable_transition:{"n_training_months": 45, "n_observed_cells": 357, "n_missing_cells": 3, "iterations": 94, "relative_likelihood_change": 9.253791887737193e-06
2026-10-05 09:53:50,064 INFO DFM-4_R1_P2 2022Q4 H1 complete
2026-10-05 09:53:50,142 WARNING DFM-4_R1_P2 2022Q4 H2 standard failed: nonconvergence_or_unstable_transition:{"n_training_months": 45, "n_observed_cells": 360, "n_missing_cells": 0, "iterations": 74, "relative_likelihood_change": 9.07122524083222e-06,
2026-10-05 09:53:50,189 WARNING DFM-4_R1_P2 2022Q4 H2 conservative failed: nonconvergence_or_unstable_transition:{"n_training_months": 45, "n_observed_cells": 360, "n_missing_cells": 0, "iterations": 74, "relative_likelihood_change": 9.07122524083222e-06,
2026-10-05 09:53:50,189 INFO DFM-4_R1_P2 2022Q4 H2 complete
2026-10-05 09:53:50,282 WARNING DFM-4_R1_P2 2022Q4 H3 standard failed: nonconvergence_or_unstable_transition:{"n_training_months": 45, "n_observed_cells": 360, "n_missing_cells": 0, "iterations": 74, "relative_likelihood_change": 9.07122524083222e-06,
2026-10-05 09:53:50,329 WARNING DFM-4_R1_P2 2022Q4 H3 conservative failed: nonconvergence_or_unstable_transition:{"n_training_months": 45, "n_observed_cells": 360, "n_missing_cells": 0, "iterations": 74, "relative_likelihood_change": 9.07122524083222e-06,
2026-10-05 09:53:50,329 INFO DFM-4_R1_P2 2022Q4 H3 complete
2026-10-05 09:53:50,625 INFO DFM-4_R1_P2 2023Q1 H1 complete
2026-10-05 09:53:50,840 INFO DFM-4_R1_P2 2023Q1 H2 complete
2026-10-05 09:53:50,953 INFO DFM-4_R1_P2 2023Q1 H3 complete
2026-10-05 09:53:51,086 INFO DFM-4_R1_P2 2023Q2 H1 complete
2026-10-05 09:53:51,186 INFO DFM-4_R1_P2 2023Q2 H2 complete
2026-10-05 09:53:51,286 INFO DFM-4_R1_P2 2023Q2 H3 complete
2026-10-05 09:53:51,401 INFO DFM-4_R1_P2 2023Q3 H1 complete
2026-10-05 09:53:51,501 INFO DFM-4_R1_P2 2023Q3 H2 complete
2026-10-05 09:53:51,601 INFO DFM-4_R1_P2 2023Q3 H3 complete
2026-10-05 09:53:51,701 INFO DFM-4_R1_P2 2023Q4 H1 complete
2026-10-05 09:53:51,835 INFO DFM-4_R1_P2 2023Q4 H2 complete
2026-10-05 09:53:51,944 INFO DFM-4_R1_P2 2023Q4 H3 complete
2026-10-05 09:53:52,029 INFO DFM-4_R1_P2 2024Q1 H1 complete
2026-10-05 09:53:52,122 INFO DFM-4_R1_P2 2024Q1 H2 complete
2026-10-05 09:53:52,247 INFO DFM-4_R1_P2 2024Q1 H3 complete
2026-10-05 09:53:52,330 INFO DFM-4_R1_P2 2024Q2 H1 complete
2026-10-05 09:53:52,436 INFO DFM-4_R1_P2 2024Q2 H2 complete
2026-10-05 09:53:52,516 INFO DFM-4_R1_P2 2024Q2 H3 complete
2026-10-05 09:53:52,633 INFO DFM-4_R1_P2 2024Q3 H1 complete
2026-10-05 09:53:52,733 INFO DFM-4_R1_P2 2024Q3 H2 complete
2026-10-05 09:53:52,830 INFO DFM-4_R1_P2 2024Q3 H3 complete
2026-10-05 09:53:52,941 INFO DFM-4_R1_P2 2024Q4 H1 complete
2026-10-05 09:53:53,032 INFO DFM-4_R1_P2 2024Q4 H2 complete
2026-10-05 09:53:53,168 INFO DFM-4_R1_P2 2024Q4 H3 complete
2026-10-05 09:53:53,344 INFO DFM-4_R1_P2 2025Q1 H1 complete
2026-10-05 09:53:53,469 INFO DFM-4_R1_P2 2025Q1 H2 complete
2026-10-05 09:53:53,566 INFO DFM-4_R1_P2 2025Q1 H3 complete
2026-10-05 09:53:53,654 INFO DFM-4_R1_P2 2025Q2 H1 complete
2026-10-05 09:53:53,748 INFO DFM-4_R1_P2 2025Q2 H2 complete
2026-10-05 09:53:53,841 INFO DFM-4_R1_P2 2025Q2 H3 complete
2026-10-05 09:53:54,586 INFO DFM-4_R1_P2 2022Q1 H1 complete
2026-10-05 09:53:54,688 INFO DFM-4_R1_P2 2022Q1 H2 complete
2026-10-05 09:53:54,751 INFO DFM-4_R1_P2 2022Q1 H3 complete
2026-10-05 09:53:54,838 INFO DFM-4_R1_P2 2022Q2 H1 complete
2026-10-05 09:53:54,931 INFO DFM-4_R1_P2 2022Q2 H2 complete
2026-10-05 09:53:55,038 INFO DFM-4_R1_P2 2022Q2 H3 complete
2026-10-05 09:53:55,147 INFO DFM-4_R1_P2 2022Q3 H1 complete
2026-10-05 09:53:55,241 INFO DFM-4_R1_P2 2022Q3 H2 complete
2026-10-05 09:53:55,303 INFO DFM-4_R1_P2 2022Q3 H3 complete
2026-10-05 09:53:55,397 WARNING DFM-4_R1_P2 2022Q4 H1 standard failed: nonconvergence_or_unstable_transition:{"n_training_months": 45, "n_observed_cells": 359, "n_missing_cells": 1, "iterations": 80, "relative_likelihood_change": 9.19512752895761e-06,
2026-10-05 09:53:55,444 WARNING DFM-4_R1_P2 2022Q4 H1 conservative failed: nonconvergence_or_unstable_transition:{"n_training_months": 45, "n_observed_cells": 357, "n_missing_cells": 3, "iterations": 94, "relative_likelihood_change": 9.253791887737193e-06
2026-10-05 09:53:55,444 INFO DFM-4_R1_P2 2022Q4 H1 complete
2026-10-05 09:53:55,523 WARNING DFM-4_R1_P2 2022Q4 H2 standard failed: nonconvergence_or_unstable_transition:{"n_training_months": 45, "n_observed_cells": 360, "n_missing_cells": 0, "iterations": 74, "relative_likelihood_change": 9.07122524083222e-06,
2026-10-05 09:53:55,574 WARNING DFM-4_R1_P2 2022Q4 H2 conservative failed: nonconvergence_or_unstable_transition:{"n_training_months": 45, "n_observed_cells": 360, "n_missing_cells": 0, "iterations": 74, "relative_likelihood_change": 9.07122524083222e-06,
2026-10-05 09:53:55,574 INFO DFM-4_R1_P2 2022Q4 H2 complete
2026-10-05 09:53:55,654 WARNING DFM-4_R1_P2 2022Q4 H3 standard failed: nonconvergence_or_unstable_transition:{"n_training_months": 45, "n_observed_cells": 360, "n_missing_cells": 0, "iterations": 74, "relative_likelihood_change": 9.07122524083222e-06,
2026-10-05 09:53:55,701 WARNING DFM-4_R1_P2 2022Q4 H3 conservative failed: nonconvergence_or_unstable_transition:{"n_training_months": 45, "n_observed_cells": 360, "n_missing_cells": 0, "iterations": 74, "relative_likelihood_change": 9.07122524083222e-06,
2026-10-05 09:53:55,701 INFO DFM-4_R1_P2 2022Q4 H3 complete
2026-10-05 09:53:55,790 INFO DFM-4_R1_P2 2023Q1 H1 complete
2026-10-05 09:53:55,887 INFO DFM-4_R1_P2 2023Q1 H2 complete
2026-10-05 09:53:55,981 INFO DFM-4_R1_P2 2023Q1 H3 complete
2026-10-05 09:53:56,075 INFO DFM-4_R1_P2 2023Q2 H1 complete
2026-10-05 09:53:56,153 INFO DFM-4_R1_P2 2023Q2 H2 complete
2026-10-05 09:53:56,231 INFO DFM-4_R1_P2 2023Q2 H3 complete
2026-10-05 09:53:56,309 INFO DFM-4_R1_P2 2023Q3 H1 complete
2026-10-05 09:53:56,397 INFO DFM-4_R1_P2 2023Q3 H2 complete
2026-10-05 09:53:56,480 INFO DFM-4_R1_P2 2023Q3 H3 complete
2026-10-05 09:53:56,553 INFO DFM-4_R1_P2 2023Q4 H1 complete
2026-10-05 09:53:56,647 INFO DFM-4_R1_P2 2023Q4 H2 complete
2026-10-05 09:53:56,725 INFO DFM-4_R1_P2 2023Q4 H3 complete
2026-10-05 09:53:56,819 INFO DFM-4_R1_P2 2024Q1 H1 complete
2026-10-05 09:53:56,912 INFO DFM-4_R1_P2 2024Q1 H2 complete
2026-10-05 09:53:57,011 INFO DFM-4_R1_P2 2024Q1 H3 complete
2026-10-05 09:53:57,103 INFO DFM-4_R1_P2 2024Q2 H1 complete
2026-10-05 09:53:57,181 INFO DFM-4_R1_P2 2024Q2 H2 complete
2026-10-05 09:53:57,274 INFO DFM-4_R1_P2 2024Q2 H3 complete
2026-10-05 09:53:57,372 INFO DFM-4_R1_P2 2024Q3 H1 complete
2026-10-05 09:53:57,451 INFO DFM-4_R1_P2 2024Q3 H2 complete
2026-10-05 09:53:57,551 INFO DFM-4_R1_P2 2024Q3 H3 complete
2026-10-05 09:53:57,657 INFO DFM-4_R1_P2 2024Q4 H1 complete
2026-10-05 09:53:57,751 INFO DFM-4_R1_P2 2024Q4 H2 complete
2026-10-05 09:53:57,842 INFO DFM-4_R1_P2 2024Q4 H3 complete
2026-10-05 09:53:57,941 INFO DFM-4_R1_P2 2025Q1 H1 complete
2026-10-05 09:53:58,034 INFO DFM-4_R1_P2 2025Q1 H2 complete
2026-10-05 09:53:58,139 INFO DFM-4_R1_P2 2025Q1 H3 complete
2026-10-05 09:53:58,217 INFO DFM-4_R1_P2 2025Q2 H1 complete
2026-10-05 09:53:58,311 INFO DFM-4_R1_P2 2025Q2 H2 complete
2026-10-05 09:53:58,405 INFO DFM-4_R1_P2 2025Q2 H3 complete
2026-10-05 09:53:59,316 WARNING ROBUST_START_2020 2022Q1 H1 standard failed: fewer_than_36_training_months
2026-10-05 09:53:59,316 INFO ROBUST_START_2020 2022Q1 H1 complete
2026-10-05 09:53:59,363 WARNING ROBUST_START_2020 2022Q1 H2 standard failed: fewer_than_36_training_months
2026-10-05 09:53:59,363 INFO ROBUST_START_2020 2022Q1 H2 complete
2026-10-05 09:53:59,426 WARNING ROBUST_START_2020 2022Q1 H3 standard failed: fewer_than_36_training_months
2026-10-05 09:53:59,426 INFO ROBUST_START_2020 2022Q1 H3 complete
2026-10-05 09:53:59,473 WARNING ROBUST_START_2020 2022Q2 H1 standard failed: fewer_than_36_training_months
2026-10-05 09:53:59,473 INFO ROBUST_START_2020 2022Q2 H1 complete
2026-10-05 09:53:59,568 WARNING ROBUST_START_2020 2022Q2 H2 standard failed: fewer_than_36_training_months
2026-10-05 09:53:59,568 INFO ROBUST_START_2020 2022Q2 H2 complete
2026-10-05 09:53:59,678 WARNING ROBUST_START_2020 2022Q2 H3 standard failed: fewer_than_36_training_months
2026-10-05 09:53:59,681 INFO ROBUST_START_2020 2022Q2 H3 complete
2026-10-05 09:53:59,769 WARNING ROBUST_START_2020 2022Q3 H1 standard failed: fewer_than_36_training_months
2026-10-05 09:53:59,770 INFO ROBUST_START_2020 2022Q3 H1 complete
2026-10-05 09:53:59,829 WARNING ROBUST_START_2020 2022Q3 H2 standard failed: fewer_than_36_training_months
2026-10-05 09:53:59,829 INFO ROBUST_START_2020 2022Q3 H2 complete
2026-10-05 09:53:59,877 WARNING ROBUST_START_2020 2022Q3 H3 standard failed: fewer_than_36_training_months
2026-10-05 09:53:59,877 INFO ROBUST_START_2020 2022Q3 H3 complete
2026-10-05 09:53:59,909 WARNING ROBUST_START_2020 2022Q4 H1 standard failed: fewer_than_36_training_months
2026-10-05 09:53:59,909 INFO ROBUST_START_2020 2022Q4 H1 complete
2026-10-05 09:53:59,981 WARNING ROBUST_START_2020 2022Q4 H2 standard failed: fewer_than_36_training_months
2026-10-05 09:53:59,981 INFO ROBUST_START_2020 2022Q4 H2 complete
2026-10-05 09:54:00,028 WARNING ROBUST_START_2020 2022Q4 H3 standard failed: fewer_than_36_training_months
2026-10-05 09:54:00,028 INFO ROBUST_START_2020 2022Q4 H3 complete
2026-10-05 09:54:00,494 INFO ROBUST_START_2020 2023Q1 H1 complete
2026-10-05 09:54:00,929 INFO ROBUST_START_2020 2023Q1 H2 complete
2026-10-05 09:54:01,023 INFO ROBUST_START_2020 2023Q1 H3 complete
2026-10-05 09:54:01,291 INFO ROBUST_START_2020 2023Q2 H1 complete
2026-10-05 09:54:01,528 INFO ROBUST_START_2020 2023Q2 H2 complete
2026-10-05 09:54:01,629 INFO ROBUST_START_2020 2023Q2 H3 complete
2026-10-05 09:54:02,154 INFO ROBUST_START_2020 2023Q3 H1 complete
2026-10-05 09:54:02,680 INFO ROBUST_START_2020 2023Q3 H2 complete
2026-10-05 09:54:02,852 INFO ROBUST_START_2020 2023Q3 H3 complete
2026-10-05 09:54:03,362 INFO ROBUST_START_2020 2023Q4 H1 complete
2026-10-05 09:54:04,363 INFO ROBUST_START_2020 2023Q4 H2 complete
2026-10-05 09:54:04,447 INFO ROBUST_START_2020 2023Q4 H3 complete
2026-10-05 09:54:04,898 INFO ROBUST_START_2020 2024Q1 H1 complete
2026-10-05 09:54:05,307 INFO ROBUST_START_2020 2024Q1 H2 complete
2026-10-05 09:54:05,400 INFO ROBUST_START_2020 2024Q1 H3 complete
2026-10-05 09:54:05,689 INFO ROBUST_START_2020 2024Q2 H1 complete
2026-10-05 09:54:05,981 INFO ROBUST_START_2020 2024Q2 H2 complete
2026-10-05 09:54:06,083 INFO ROBUST_START_2020 2024Q2 H3 complete
2026-10-05 09:54:06,337 INFO ROBUST_START_2020 2024Q3 H1 complete
2026-10-05 09:54:06,604 INFO ROBUST_START_2020 2024Q3 H2 complete
2026-10-05 09:54:06,682 INFO ROBUST_START_2020 2024Q3 H3 complete
2026-10-05 09:54:06,980 INFO ROBUST_START_2020 2024Q4 H1 complete
2026-10-05 09:54:07,277 INFO ROBUST_START_2020 2024Q4 H2 complete
2026-10-05 09:54:07,371 INFO ROBUST_START_2020 2024Q4 H3 complete
2026-10-05 09:54:07,627 INFO ROBUST_START_2020 2025Q1 H1 complete
2026-10-05 09:54:07,904 INFO ROBUST_START_2020 2025Q1 H2 complete
2026-10-05 09:54:08,000 INFO ROBUST_START_2020 2025Q1 H3 complete
2026-10-05 09:54:08,299 INFO ROBUST_START_2020 2025Q2 H1 complete
2026-10-05 09:54:08,600 INFO ROBUST_START_2020 2025Q2 H2 complete
2026-10-05 09:54:08,668 INFO ROBUST_START_2020 2025Q2 H3 complete
2026-10-05 09:54:09,630 INFO ROBUST_WINSOR_1_99 2022Q1 H1 complete
2026-10-05 09:54:09,854 INFO ROBUST_WINSOR_1_99 2022Q1 H2 complete
2026-10-05 09:54:10,022 INFO ROBUST_WINSOR_1_99 2022Q1 H3 complete
2026-10-05 09:54:10,224 INFO ROBUST_WINSOR_1_99 2022Q2 H1 complete
2026-10-05 09:54:10,411 INFO ROBUST_WINSOR_1_99 2022Q2 H2 complete
2026-10-05 09:54:10,502 INFO ROBUST_WINSOR_1_99 2022Q2 H3 complete
2026-10-05 09:54:10,953 INFO ROBUST_WINSOR_1_99 2022Q3 H1 complete
2026-10-05 09:54:11,305 INFO ROBUST_WINSOR_1_99 2022Q3 H2 complete
2026-10-05 09:54:11,423 INFO ROBUST_WINSOR_1_99 2022Q3 H3 complete
2026-10-05 09:54:11,737 WARNING ROBUST_WINSOR_1_99 2022Q4 H1 standard failed: nonconvergence_or_unstable_transition:{"n_training_months": 45, "n_observed_cells": 359, "n_missing_cells": 1, "iterations": 79, "relative_likelihood_change": 9.2582001341782e-06, 
2026-10-05 09:54:11,737 INFO ROBUST_WINSOR_1_99 2022Q4 H1 complete
2026-10-05 09:54:12,049 WARNING ROBUST_WINSOR_1_99 2022Q4 H2 standard failed: nonconvergence_or_unstable_transition:{"n_training_months": 45, "n_observed_cells": 360, "n_missing_cells": 0, "iterations": 73, "relative_likelihood_change": 9.085191277271869e-06
2026-10-05 09:54:12,049 INFO ROBUST_WINSOR_1_99 2022Q4 H2 complete
2026-10-05 09:54:12,127 WARNING ROBUST_WINSOR_1_99 2022Q4 H3 standard failed: nonconvergence_or_unstable_transition:{"n_training_months": 45, "n_observed_cells": 360, "n_missing_cells": 0, "iterations": 73, "relative_likelihood_change": 9.085191277271869e-06
2026-10-05 09:54:12,127 INFO ROBUST_WINSOR_1_99 2022Q4 H3 complete
2026-10-05 09:54:12,433 INFO ROBUST_WINSOR_1_99 2023Q1 H1 complete
2026-10-05 09:54:12,714 INFO ROBUST_WINSOR_1_99 2023Q1 H2 complete
2026-10-05 09:54:12,792 INFO ROBUST_WINSOR_1_99 2023Q1 H3 complete
2026-10-05 09:54:13,064 INFO ROBUST_WINSOR_1_99 2023Q2 H1 complete
2026-10-05 09:54:13,330 INFO ROBUST_WINSOR_1_99 2023Q2 H2 complete
2026-10-05 09:54:13,425 INFO ROBUST_WINSOR_1_99 2023Q2 H3 complete
2026-10-05 09:54:13,974 INFO ROBUST_WINSOR_1_99 2023Q3 H1 complete
2026-10-05 09:54:14,523 INFO ROBUST_WINSOR_1_99 2023Q3 H2 complete
2026-10-05 09:54:14,633 INFO ROBUST_WINSOR_1_99 2023Q3 H3 complete
2026-10-05 09:54:15,093 INFO ROBUST_WINSOR_1_99 2023Q4 H1 complete
2026-10-05 09:54:15,702 INFO ROBUST_WINSOR_1_99 2023Q4 H2 complete
2026-10-05 09:54:15,796 INFO ROBUST_WINSOR_1_99 2023Q4 H3 complete
2026-10-05 09:54:16,218 INFO ROBUST_WINSOR_1_99 2024Q1 H1 complete
2026-10-05 09:54:16,640 INFO ROBUST_WINSOR_1_99 2024Q1 H2 complete
2026-10-05 09:54:16,749 INFO ROBUST_WINSOR_1_99 2024Q1 H3 complete
2026-10-05 09:54:17,108 INFO ROBUST_WINSOR_1_99 2024Q2 H1 complete
2026-10-05 09:54:17,638 INFO ROBUST_WINSOR_1_99 2024Q2 H2 complete
2026-10-05 09:54:17,747 INFO ROBUST_WINSOR_1_99 2024Q2 H3 complete
2026-10-05 09:54:18,095 INFO ROBUST_WINSOR_1_99 2024Q3 H1 complete
2026-10-05 09:54:18,443 INFO ROBUST_WINSOR_1_99 2024Q3 H2 complete
2026-10-05 09:54:18,537 INFO ROBUST_WINSOR_1_99 2024Q3 H3 complete
2026-10-05 09:54:18,915 INFO ROBUST_WINSOR_1_99 2024Q4 H1 complete
2026-10-05 09:54:19,258 INFO ROBUST_WINSOR_1_99 2024Q4 H2 complete
2026-10-05 09:54:19,352 INFO ROBUST_WINSOR_1_99 2024Q4 H3 complete
2026-10-05 09:54:20,151 INFO ROBUST_WINSOR_1_99 2025Q1 H1 complete
2026-10-05 09:54:20,745 INFO ROBUST_WINSOR_1_99 2025Q1 H2 complete
2026-10-05 09:54:20,839 INFO ROBUST_WINSOR_1_99 2025Q1 H3 complete
2026-10-05 09:54:21,377 INFO ROBUST_WINSOR_1_99 2025Q2 H1 complete
2026-10-05 09:54:21,710 INFO ROBUST_WINSOR_1_99 2025Q2 H2 complete
2026-10-05 09:54:21,819 INFO ROBUST_WINSOR_1_99 2025Q2 H3 complete
2026-10-05 09:54:23,186 WARNING ABLATE_EXTERNAL 2022Q1 H1 standard failed: nonconvergence_or_unstable_transition:{"n_training_months": 36, "n_observed_cells": 251, "n_missing_cells": 1, "iterations": 148, "relative_likelihood_change": 9.532615487845079e-0
2026-10-05 09:54:23,201 INFO ABLATE_EXTERNAL 2022Q1 H1 complete
2026-10-05 09:54:23,701 WARNING ABLATE_EXTERNAL 2022Q1 H2 standard failed: nonconvergence_or_unstable_transition:{"n_training_months": 36, "n_observed_cells": 252, "n_missing_cells": 0, "iterations": 121, "relative_likelihood_change": 9.243165290039085e-0
2026-10-05 09:54:23,702 INFO ABLATE_EXTERNAL 2022Q1 H2 complete
2026-10-05 09:54:23,787 WARNING ABLATE_EXTERNAL 2022Q1 H3 standard failed: nonconvergence_or_unstable_transition:{"n_training_months": 36, "n_observed_cells": 252, "n_missing_cells": 0, "iterations": 121, "relative_likelihood_change": 9.243165290039085e-0
2026-10-05 09:54:23,787 INFO ABLATE_EXTERNAL 2022Q1 H3 complete
2026-10-05 09:54:23,938 INFO ABLATE_EXTERNAL 2022Q2 H1 complete
2026-10-05 09:54:24,119 INFO ABLATE_EXTERNAL 2022Q2 H2 complete
2026-10-05 09:54:24,209 INFO ABLATE_EXTERNAL 2022Q2 H3 complete
2026-10-05 09:54:24,651 INFO ABLATE_EXTERNAL 2022Q3 H1 complete
2026-10-05 09:54:24,961 INFO ABLATE_EXTERNAL 2022Q3 H2 complete
2026-10-05 09:54:25,055 INFO ABLATE_EXTERNAL 2022Q3 H3 complete
2026-10-05 09:54:25,323 WARNING ABLATE_EXTERNAL 2022Q4 H1 standard failed: nonconvergence_or_unstable_transition:{"n_training_months": 45, "n_observed_cells": 314, "n_missing_cells": 1, "iterations": 71, "relative_likelihood_change": 8.95987038347334e-06,
2026-10-05 09:54:25,323 INFO ABLATE_EXTERNAL 2022Q4 H1 complete
2026-10-05 09:54:25,623 WARNING ABLATE_EXTERNAL 2022Q4 H2 standard failed: nonconvergence_or_unstable_transition:{"n_training_months": 45, "n_observed_cells": 315, "n_missing_cells": 0, "iterations": 66, "relative_likelihood_change": 8.976589581626455e-06
2026-10-05 09:54:25,623 INFO ABLATE_EXTERNAL 2022Q4 H2 complete
2026-10-05 09:54:25,717 WARNING ABLATE_EXTERNAL 2022Q4 H3 standard failed: nonconvergence_or_unstable_transition:{"n_training_months": 45, "n_observed_cells": 315, "n_missing_cells": 0, "iterations": 66, "relative_likelihood_change": 8.976589581626455e-06
2026-10-05 09:54:25,717 INFO ABLATE_EXTERNAL 2022Q4 H3 complete
2026-10-05 09:54:26,008 INFO ABLATE_EXTERNAL 2023Q1 H1 complete
2026-10-05 09:54:26,273 INFO ABLATE_EXTERNAL 2023Q1 H2 complete
2026-10-05 09:54:26,351 INFO ABLATE_EXTERNAL 2023Q1 H3 complete
2026-10-05 09:54:26,616 INFO ABLATE_EXTERNAL 2023Q2 H1 complete
2026-10-05 09:54:26,853 INFO ABLATE_EXTERNAL 2023Q2 H2 complete
2026-10-05 09:54:26,946 INFO ABLATE_EXTERNAL 2023Q2 H3 complete
2026-10-05 09:54:27,522 INFO ABLATE_EXTERNAL 2023Q3 H1 complete
2026-10-05 09:54:28,073 INFO ABLATE_EXTERNAL 2023Q3 H2 complete
2026-10-05 09:54:28,151 INFO ABLATE_EXTERNAL 2023Q3 H3 complete
2026-10-05 09:54:28,678 INFO ABLATE_EXTERNAL 2023Q4 H1 complete
2026-10-05 09:54:29,170 INFO ABLATE_EXTERNAL 2023Q4 H2 complete
2026-10-05 09:54:29,261 INFO ABLATE_EXTERNAL 2023Q4 H3 complete
2026-10-05 09:54:29,551 INFO ABLATE_EXTERNAL 2024Q1 H1 complete
2026-10-05 09:54:29,824 INFO ABLATE_EXTERNAL 2024Q1 H2 complete
2026-10-05 09:54:29,925 INFO ABLATE_EXTERNAL 2024Q1 H3 complete
2026-10-05 09:54:30,254 INFO ABLATE_EXTERNAL 2024Q2 H1 complete
2026-10-05 09:54:30,561 INFO ABLATE_EXTERNAL 2024Q2 H2 complete
2026-10-05 09:54:30,655 INFO ABLATE_EXTERNAL 2024Q2 H3 complete
2026-10-05 09:54:30,961 INFO ABLATE_EXTERNAL 2024Q3 H1 complete
2026-10-05 09:54:31,274 INFO ABLATE_EXTERNAL 2024Q3 H2 complete
2026-10-05 09:54:31,362 INFO ABLATE_EXTERNAL 2024Q3 H3 complete
2026-10-05 09:54:31,659 INFO ABLATE_EXTERNAL 2024Q4 H1 complete
2026-10-05 09:54:31,967 INFO ABLATE_EXTERNAL 2024Q4 H2 complete
2026-10-05 09:54:32,061 INFO ABLATE_EXTERNAL 2024Q4 H3 complete
2026-10-05 09:54:32,513 INFO ABLATE_EXTERNAL 2025Q1 H1 complete
2026-10-05 09:54:32,960 INFO ABLATE_EXTERNAL 2025Q1 H2 complete
2026-10-05 09:54:33,053 INFO ABLATE_EXTERNAL 2025Q1 H3 complete
2026-10-05 09:54:33,335 INFO ABLATE_EXTERNAL 2025Q2 H1 complete
2026-10-05 09:54:33,617 INFO ABLATE_EXTERNAL 2025Q2 H2 complete
2026-10-05 09:54:33,712 INFO ABLATE_EXTERNAL 2025Q2 H3 complete
2026-10-05 09:54:35,934 WARNING ABLATE_FINANCIAL 2022Q1 H1 standard failed: nonconvergence_or_unstable_transition:{"n_training_months": 36, "n_observed_cells": 143, "n_missing_cells": 1, "iterations": 500, "relative_likelihood_change": 8.555577090554433e-0
2026-10-05 09:54:35,934 INFO ABLATE_FINANCIAL 2022Q1 H1 complete
2026-10-05 09:54:37,268 WARNING ABLATE_FINANCIAL 2022Q1 H2 standard failed: nonconvergence_or_unstable_transition:{"n_training_months": 36, "n_observed_cells": 144, "n_missing_cells": 0, "iterations": 500, "relative_likelihood_change": 8.561901260678055e-0
2026-10-05 09:54:37,268 INFO ABLATE_FINANCIAL 2022Q1 H2 complete
2026-10-05 09:54:37,440 WARNING ABLATE_FINANCIAL 2022Q1 H3 standard failed: nonconvergence_or_unstable_transition:{"n_training_months": 36, "n_observed_cells": 144, "n_missing_cells": 0, "iterations": 500, "relative_likelihood_change": 8.561901260678055e-0
2026-10-05 09:54:37,440 INFO ABLATE_FINANCIAL 2022Q1 H3 complete
2026-10-05 09:54:39,042 WARNING ABLATE_FINANCIAL 2022Q2 H1 standard failed: nonconvergence_or_unstable_transition:{"n_training_months": 39, "n_observed_cells": 155, "n_missing_cells": 1, "iterations": 500, "relative_likelihood_change": 7.343570170904095e-0
2026-10-05 09:54:39,042 INFO ABLATE_FINANCIAL 2022Q2 H1 complete
2026-10-05 09:54:40,054 WARNING ABLATE_FINANCIAL 2022Q2 H2 standard failed: nonconvergence_or_unstable_transition:{"n_training_months": 39, "n_observed_cells": 156, "n_missing_cells": 0, "iterations": 500, "relative_likelihood_change": 7.313843632841385e-0
2026-10-05 09:54:40,055 INFO ABLATE_FINANCIAL 2022Q2 H2 complete
2026-10-05 09:54:40,137 WARNING ABLATE_FINANCIAL 2022Q2 H3 standard failed: nonconvergence_or_unstable_transition:{"n_training_months": 39, "n_observed_cells": 156, "n_missing_cells": 0, "iterations": 500, "relative_likelihood_change": 7.313843632841385e-0
2026-10-05 09:54:40,137 INFO ABLATE_FINANCIAL 2022Q2 H3 complete
2026-10-05 09:54:41,198 WARNING ABLATE_FINANCIAL 2022Q3 H1 standard failed: nonconvergence_or_unstable_transition:{"n_training_months": 42, "n_observed_cells": 167, "n_missing_cells": 1, "iterations": 500, "relative_likelihood_change": 6.286426583466349e-0
2026-10-05 09:54:41,198 INFO ABLATE_FINANCIAL 2022Q3 H1 complete
2026-10-05 09:54:42,253 WARNING ABLATE_FINANCIAL 2022Q3 H2 standard failed: nonconvergence_or_unstable_transition:{"n_training_months": 42, "n_observed_cells": 168, "n_missing_cells": 0, "iterations": 500, "relative_likelihood_change": 6.239161183596188e-0
2026-10-05 09:54:42,253 INFO ABLATE_FINANCIAL 2022Q3 H2 complete
2026-10-05 09:54:42,331 WARNING ABLATE_FINANCIAL 2022Q3 H3 standard failed: nonconvergence_or_unstable_transition:{"n_training_months": 42, "n_observed_cells": 168, "n_missing_cells": 0, "iterations": 500, "relative_likelihood_change": 6.239161183596188e-0
2026-10-05 09:54:42,331 INFO ABLATE_FINANCIAL 2022Q3 H3 complete
2026-10-05 09:54:42,559 WARNING ABLATE_FINANCIAL 2022Q4 H1 standard failed: nonconvergence_or_unstable_transition:{"n_training_months": 45, "n_observed_cells": 179, "n_missing_cells": 1, "iterations": 48, "relative_likelihood_change": 9.501036976788525e-06
2026-10-05 09:54:42,559 INFO ABLATE_FINANCIAL 2022Q4 H1 complete
2026-10-05 09:54:42,772 WARNING ABLATE_FINANCIAL 2022Q4 H2 standard failed: nonconvergence_or_unstable_transition:{"n_training_months": 45, "n_observed_cells": 180, "n_missing_cells": 0, "iterations": 43, "relative_likelihood_change": 9.482153954227256e-06
2026-10-05 09:54:42,772 INFO ABLATE_FINANCIAL 2022Q4 H2 complete
2026-10-05 09:54:42,850 WARNING ABLATE_FINANCIAL 2022Q4 H3 standard failed: nonconvergence_or_unstable_transition:{"n_training_months": 45, "n_observed_cells": 180, "n_missing_cells": 0, "iterations": 43, "relative_likelihood_change": 9.482153954227256e-06
2026-10-05 09:54:42,850 INFO ABLATE_FINANCIAL 2022Q4 H3 complete
2026-10-05 09:54:43,042 INFO ABLATE_FINANCIAL 2023Q1 H1 complete
2026-10-05 09:54:43,225 INFO ABLATE_FINANCIAL 2023Q1 H2 complete
2026-10-05 09:54:43,310 INFO ABLATE_FINANCIAL 2023Q1 H3 complete
2026-10-05 09:54:43,482 INFO ABLATE_FINANCIAL 2023Q2 H1 complete
2026-10-05 09:54:43,662 INFO ABLATE_FINANCIAL 2023Q2 H2 complete
2026-10-05 09:54:43,742 INFO ABLATE_FINANCIAL 2023Q2 H3 complete
2026-10-05 09:54:43,913 INFO ABLATE_FINANCIAL 2023Q3 H1 complete
2026-10-05 09:54:44,090 INFO ABLATE_FINANCIAL 2023Q3 H2 complete
2026-10-05 09:54:44,192 INFO ABLATE_FINANCIAL 2023Q3 H3 complete
2026-10-05 09:54:44,358 INFO ABLATE_FINANCIAL 2023Q4 H1 complete
2026-10-05 09:54:44,528 INFO ABLATE_FINANCIAL 2023Q4 H2 complete
2026-10-05 09:54:44,609 INFO ABLATE_FINANCIAL 2023Q4 H3 complete
2026-10-05 09:54:44,765 INFO ABLATE_FINANCIAL 2024Q1 H1 complete
2026-10-05 09:54:44,890 INFO ABLATE_FINANCIAL 2024Q1 H2 complete
2026-10-05 09:54:44,984 INFO ABLATE_FINANCIAL 2024Q1 H3 complete
2026-10-05 09:54:45,143 INFO ABLATE_FINANCIAL 2024Q2 H1 complete
2026-10-05 09:54:45,303 INFO ABLATE_FINANCIAL 2024Q2 H2 complete
2026-10-05 09:54:45,383 INFO ABLATE_FINANCIAL 2024Q2 H3 complete
2026-10-05 09:54:45,533 INFO ABLATE_FINANCIAL 2024Q3 H1 complete
2026-10-05 09:54:45,694 INFO ABLATE_FINANCIAL 2024Q3 H2 complete
2026-10-05 09:54:45,782 INFO ABLATE_FINANCIAL 2024Q3 H3 complete
2026-10-05 09:54:45,927 INFO ABLATE_FINANCIAL 2024Q4 H1 complete
2026-10-05 09:54:46,082 INFO ABLATE_FINANCIAL 2024Q4 H2 complete
2026-10-05 09:54:46,173 INFO ABLATE_FINANCIAL 2024Q4 H3 complete
2026-10-05 09:54:46,323 INFO ABLATE_FINANCIAL 2025Q1 H1 complete
2026-10-05 09:54:46,485 INFO ABLATE_FINANCIAL 2025Q1 H2 complete
2026-10-05 09:54:46,572 INFO ABLATE_FINANCIAL 2025Q1 H3 complete
2026-10-05 09:54:46,724 INFO ABLATE_FINANCIAL 2025Q2 H1 complete
2026-10-05 09:54:46,873 INFO ABLATE_FINANCIAL 2025Q2 H2 complete
2026-10-05 09:54:46,957 INFO ABLATE_FINANCIAL 2025Q2 H3 complete
2026-10-05 09:54:48,424 WARNING ABLATE_PAYMENTS 2022Q1 H1 standard failed: nonconvergence_or_unstable_transition:{"n_training_months": 36, "n_observed_cells": 251, "n_missing_cells": 1, "iterations": 129, "relative_likelihood_change": 9.727368731566126e-0
2026-10-05 09:54:48,424 INFO ABLATE_PAYMENTS 2022Q1 H1 complete
2026-10-05 09:54:48,775 WARNING ABLATE_PAYMENTS 2022Q1 H2 standard failed: nonconvergence_or_unstable_transition:{"n_training_months": 36, "n_observed_cells": 252, "n_missing_cells": 0, "iterations": 94, "relative_likelihood_change": 9.523095217978613e-06
2026-10-05 09:54:48,775 INFO ABLATE_PAYMENTS 2022Q1 H2 complete
2026-10-05 09:54:48,863 WARNING ABLATE_PAYMENTS 2022Q1 H3 standard failed: nonconvergence_or_unstable_transition:{"n_training_months": 36, "n_observed_cells": 252, "n_missing_cells": 0, "iterations": 94, "relative_likelihood_change": 9.523095217978613e-06
2026-10-05 09:54:48,863 INFO ABLATE_PAYMENTS 2022Q1 H3 complete
2026-10-05 09:54:49,150 WARNING ABLATE_PAYMENTS 2022Q2 H1 standard failed: nonconvergence_or_unstable_transition:{"n_training_months": 39, "n_observed_cells": 272, "n_missing_cells": 1, "iterations": 75, "relative_likelihood_change": 9.152424508625016e-06
2026-10-05 09:54:49,150 INFO ABLATE_PAYMENTS 2022Q2 H1 complete
2026-10-05 09:54:49,400 WARNING ABLATE_PAYMENTS 2022Q2 H2 standard failed: nonconvergence_or_unstable_transition:{"n_training_months": 39, "n_observed_cells": 273, "n_missing_cells": 0, "iterations": 70, "relative_likelihood_change": 8.774373627753723e-06
2026-10-05 09:54:49,400 INFO ABLATE_PAYMENTS 2022Q2 H2 complete
2026-10-05 09:54:49,478 WARNING ABLATE_PAYMENTS 2022Q2 H3 standard failed: nonconvergence_or_unstable_transition:{"n_training_months": 39, "n_observed_cells": 273, "n_missing_cells": 0, "iterations": 70, "relative_likelihood_change": 8.774373627753723e-06
2026-10-05 09:54:49,478 INFO ABLATE_PAYMENTS 2022Q2 H3 complete
2026-10-05 09:54:49,848 INFO ABLATE_PAYMENTS 2022Q3 H1 complete
2026-10-05 09:54:50,154 INFO ABLATE_PAYMENTS 2022Q3 H2 complete
2026-10-05 09:54:50,248 INFO ABLATE_PAYMENTS 2022Q3 H3 complete
2026-10-05 09:54:50,550 INFO ABLATE_PAYMENTS 2022Q4 H1 complete
2026-10-05 09:54:50,843 INFO ABLATE_PAYMENTS 2022Q4 H2 complete
2026-10-05 09:54:50,931 INFO ABLATE_PAYMENTS 2022Q4 H3 complete
2026-10-05 09:54:51,209 INFO ABLATE_PAYMENTS 2023Q1 H1 complete
2026-10-05 09:54:51,475 INFO ABLATE_PAYMENTS 2023Q1 H2 complete
2026-10-05 09:54:51,569 INFO ABLATE_PAYMENTS 2023Q1 H3 complete
2026-10-05 09:54:51,853 INFO ABLATE_PAYMENTS 2023Q2 H1 complete
2026-10-05 09:54:52,096 INFO ABLATE_PAYMENTS 2023Q2 H2 complete
2026-10-05 09:54:52,252 INFO ABLATE_PAYMENTS 2023Q2 H3 complete
2026-10-05 09:54:52,457 INFO ABLATE_PAYMENTS 2023Q3 H1 complete
2026-10-05 09:54:52,621 INFO ABLATE_PAYMENTS 2023Q3 H2 complete
2026-10-05 09:54:52,714 INFO ABLATE_PAYMENTS 2023Q3 H3 complete
2026-10-05 09:54:52,902 INFO ABLATE_PAYMENTS 2023Q4 H1 complete
2026-10-05 09:54:53,152 INFO ABLATE_PAYMENTS 2023Q4 H2 complete
2026-10-05 09:54:53,292 INFO ABLATE_PAYMENTS 2023Q4 H3 complete
2026-10-05 09:54:53,527 INFO ABLATE_PAYMENTS 2024Q1 H1 complete
2026-10-05 09:54:53,745 INFO ABLATE_PAYMENTS 2024Q1 H2 complete
2026-10-05 09:54:53,855 INFO ABLATE_PAYMENTS 2024Q1 H3 complete
2026-10-05 09:54:54,058 INFO ABLATE_PAYMENTS 2024Q2 H1 complete
2026-10-05 09:54:54,261 INFO ABLATE_PAYMENTS 2024Q2 H2 complete
2026-10-05 09:54:54,355 INFO ABLATE_PAYMENTS 2024Q2 H3 complete
2026-10-05 09:54:54,558 INFO ABLATE_PAYMENTS 2024Q3 H1 complete
2026-10-05 09:54:54,792 INFO ABLATE_PAYMENTS 2024Q3 H2 complete
2026-10-05 09:54:54,901 INFO ABLATE_PAYMENTS 2024Q3 H3 complete
2026-10-05 09:54:55,464 INFO ABLATE_PAYMENTS 2024Q4 H1 complete
2026-10-05 09:54:55,807 INFO ABLATE_PAYMENTS 2024Q4 H2 complete
2026-10-05 09:54:55,901 INFO ABLATE_PAYMENTS 2024Q4 H3 complete
2026-10-05 09:54:56,307 INFO ABLATE_PAYMENTS 2025Q1 H1 complete
2026-10-05 09:54:56,901 INFO ABLATE_PAYMENTS 2025Q1 H2 complete
2026-10-05 09:54:57,010 INFO ABLATE_PAYMENTS 2025Q1 H3 complete
2026-10-05 09:54:57,416 INFO ABLATE_PAYMENTS 2025Q2 H1 complete
2026-10-05 09:54:58,093 INFO ABLATE_PAYMENTS 2025Q2 H2 complete
2026-10-05 09:54:58,190 INFO ABLATE_PAYMENTS 2025Q2 H3 complete
2026-10-05 09:54:59,725 INFO ABLATE_PRICES 2022Q1 H1 complete
2026-10-05 09:54:59,905 INFO ABLATE_PRICES 2022Q1 H2 complete
2026-10-05 09:55:00,035 INFO ABLATE_PRICES 2022Q1 H3 complete
2026-10-05 09:55:00,317 INFO ABLATE_PRICES 2022Q2 H1 complete
2026-10-05 09:55:00,504 INFO ABLATE_PRICES 2022Q2 H2 complete
2026-10-05 09:55:00,598 INFO ABLATE_PRICES 2022Q2 H3 complete
2026-10-05 09:55:01,113 INFO ABLATE_PRICES 2022Q3 H1 complete
2026-10-05 09:55:01,441 INFO ABLATE_PRICES 2022Q3 H2 complete
2026-10-05 09:55:01,535 INFO ABLATE_PRICES 2022Q3 H3 complete
2026-10-05 09:55:01,832 WARNING ABLATE_PRICES 2022Q4 H1 standard failed: nonconvergence_or_unstable_transition:{"n_training_months": 45, "n_observed_cells": 314, "n_missing_cells": 1, "iterations": 82, "relative_likelihood_change": 9.259525040601808e-06
2026-10-05 09:55:01,832 INFO ABLATE_PRICES 2022Q4 H1 complete
2026-10-05 09:55:02,171 WARNING ABLATE_PRICES 2022Q4 H2 standard failed: nonconvergence_or_unstable_transition:{"n_training_months": 45, "n_observed_cells": 315, "n_missing_cells": 0, "iterations": 76, "relative_likelihood_change": 8.974866903279643e-06
2026-10-05 09:55:02,174 INFO ABLATE_PRICES 2022Q4 H2 complete
2026-10-05 09:55:02,265 WARNING ABLATE_PRICES 2022Q4 H3 standard failed: nonconvergence_or_unstable_transition:{"n_training_months": 45, "n_observed_cells": 315, "n_missing_cells": 0, "iterations": 76, "relative_likelihood_change": 8.974866903279643e-06
2026-10-05 09:55:02,265 INFO ABLATE_PRICES 2022Q4 H3 complete
2026-10-05 09:55:02,521 INFO ABLATE_PRICES 2023Q1 H1 complete
2026-10-05 09:55:02,791 INFO ABLATE_PRICES 2023Q1 H2 complete
2026-10-05 09:55:02,881 INFO ABLATE_PRICES 2023Q1 H3 complete
2026-10-05 09:55:03,156 INFO ABLATE_PRICES 2023Q2 H1 complete
2026-10-05 09:55:03,571 INFO ABLATE_PRICES 2023Q2 H2 complete
2026-10-05 09:55:03,691 INFO ABLATE_PRICES 2023Q2 H3 complete
2026-10-05 09:55:04,411 INFO ABLATE_PRICES 2023Q3 H1 complete
2026-10-05 09:55:04,951 INFO ABLATE_PRICES 2023Q3 H2 complete
2026-10-05 09:55:05,030 INFO ABLATE_PRICES 2023Q3 H3 complete
2026-10-05 09:55:05,467 INFO ABLATE_PRICES 2023Q4 H1 complete
2026-10-05 09:55:05,967 INFO ABLATE_PRICES 2023Q4 H2 complete
2026-10-05 09:55:06,076 INFO ABLATE_PRICES 2023Q4 H3 complete
2026-10-05 09:55:06,514 INFO ABLATE_PRICES 2024Q1 H1 complete
2026-10-05 09:55:07,029 INFO ABLATE_PRICES 2024Q1 H2 complete
2026-10-05 09:55:07,154 INFO ABLATE_PRICES 2024Q1 H3 complete
2026-10-05 09:55:07,607 INFO ABLATE_PRICES 2024Q2 H1 complete
2026-10-05 09:55:08,107 INFO ABLATE_PRICES 2024Q2 H2 complete
2026-10-05 09:55:08,294 INFO ABLATE_PRICES 2024Q2 H3 complete
2026-10-05 09:55:08,716 INFO ABLATE_PRICES 2024Q3 H1 complete
2026-10-05 09:55:09,279 INFO ABLATE_PRICES 2024Q3 H2 complete
2026-10-05 09:55:09,404 INFO ABLATE_PRICES 2024Q3 H3 complete
2026-10-05 09:55:10,075 INFO ABLATE_PRICES 2024Q4 H1 complete
2026-10-05 09:55:10,450 INFO ABLATE_PRICES 2024Q4 H2 complete
2026-10-05 09:55:10,560 INFO ABLATE_PRICES 2024Q4 H3 complete
2026-10-05 09:55:11,294 INFO ABLATE_PRICES 2025Q1 H1 complete
2026-10-05 09:55:11,872 INFO ABLATE_PRICES 2025Q1 H2 complete
2026-10-05 09:55:11,950 INFO ABLATE_PRICES 2025Q1 H3 complete
2026-10-05 09:55:12,278 INFO ABLATE_PRICES 2025Q2 H1 complete
2026-10-05 09:55:12,606 INFO ABLATE_PRICES 2025Q2 H2 complete
2026-10-05 09:55:12,762 INFO ABLATE_PRICES 2025Q2 H3 complete
2026-10-05 09:55:14,340 INFO ABLATE_PRODUCTION 2022Q1 H1 complete
2026-10-05 09:55:14,543 INFO ABLATE_PRODUCTION 2022Q1 H2 complete
2026-10-05 09:55:14,684 INFO ABLATE_PRODUCTION 2022Q1 H3 complete
2026-10-05 09:55:16,699 WARNING ABLATE_PRODUCTION 2022Q2 H1 standard failed: nonconvergence_or_unstable_transition:{"n_training_months": 39, "n_observed_cells": 273, "n_missing_cells": 0, "iterations": 500, "relative_likelihood_change": 3.519285120176097e-0
2026-10-05 09:55:16,699 INFO ABLATE_PRODUCTION 2022Q2 H1 complete
2026-10-05 09:55:16,793 WARNING ABLATE_PRODUCTION 2022Q2 H2 standard failed: nonconvergence_or_unstable_transition:{"n_training_months": 39, "n_observed_cells": 273, "n_missing_cells": 0, "iterations": 500, "relative_likelihood_change": 3.519285120176097e-0
2026-10-05 09:55:16,793 INFO ABLATE_PRODUCTION 2022Q2 H2 complete
2026-10-05 09:55:16,918 WARNING ABLATE_PRODUCTION 2022Q2 H3 standard failed: nonconvergence_or_unstable_transition:{"n_training_months": 39, "n_observed_cells": 273, "n_missing_cells": 0, "iterations": 500, "relative_likelihood_change": 3.519285120176097e-0
2026-10-05 09:55:16,918 INFO ABLATE_PRODUCTION 2022Q2 H3 complete
2026-10-05 09:55:17,605 INFO ABLATE_PRODUCTION 2022Q3 H1 complete
2026-10-05 09:55:17,714 INFO ABLATE_PRODUCTION 2022Q3 H2 complete
2026-10-05 09:55:17,824 INFO ABLATE_PRODUCTION 2022Q3 H3 complete
2026-10-05 09:55:18,105 WARNING ABLATE_PRODUCTION 2022Q4 H1 standard failed: nonconvergence_or_unstable_transition:{"n_training_months": 45, "n_observed_cells": 315, "n_missing_cells": 0, "iterations": 54, "relative_likelihood_change": 8.659036597455623e-06
2026-10-05 09:55:18,105 INFO ABLATE_PRODUCTION 2022Q4 H1 complete
2026-10-05 09:55:18,183 WARNING ABLATE_PRODUCTION 2022Q4 H2 standard failed: nonconvergence_or_unstable_transition:{"n_training_months": 45, "n_observed_cells": 315, "n_missing_cells": 0, "iterations": 54, "relative_likelihood_change": 8.659036597455623e-06
2026-10-05 09:55:18,183 INFO ABLATE_PRODUCTION 2022Q4 H2 complete
2026-10-05 09:55:18,277 WARNING ABLATE_PRODUCTION 2022Q4 H3 standard failed: nonconvergence_or_unstable_transition:{"n_training_months": 45, "n_observed_cells": 315, "n_missing_cells": 0, "iterations": 54, "relative_likelihood_change": 8.659036597455623e-06
2026-10-05 09:55:18,277 INFO ABLATE_PRODUCTION 2022Q4 H3 complete
2026-10-05 09:55:18,542 INFO ABLATE_PRODUCTION 2023Q1 H1 complete
2026-10-05 09:55:18,652 INFO ABLATE_PRODUCTION 2023Q1 H2 complete
2026-10-05 09:55:18,745 INFO ABLATE_PRODUCTION 2023Q1 H3 complete
2026-10-05 09:55:18,995 INFO ABLATE_PRODUCTION 2023Q2 H1 complete
2026-10-05 09:55:19,073 INFO ABLATE_PRODUCTION 2023Q2 H2 complete
2026-10-05 09:55:19,167 INFO ABLATE_PRODUCTION 2023Q2 H3 complete
2026-10-05 09:55:19,448 INFO ABLATE_PRODUCTION 2023Q3 H1 complete
2026-10-05 09:55:19,526 INFO ABLATE_PRODUCTION 2023Q3 H2 complete
2026-10-05 09:55:19,620 INFO ABLATE_PRODUCTION 2023Q3 H3 complete
2026-10-05 09:55:19,886 INFO ABLATE_PRODUCTION 2023Q4 H1 complete
2026-10-05 09:55:19,964 INFO ABLATE_PRODUCTION 2023Q4 H2 complete
2026-10-05 09:55:20,089 INFO ABLATE_PRODUCTION 2023Q4 H3 complete
2026-10-05 09:55:20,354 INFO ABLATE_PRODUCTION 2024Q1 H1 complete
2026-10-05 09:55:20,432 INFO ABLATE_PRODUCTION 2024Q1 H2 complete
2026-10-05 09:55:20,526 INFO ABLATE_PRODUCTION 2024Q1 H3 complete
2026-10-05 09:55:20,776 INFO ABLATE_PRODUCTION 2024Q2 H1 complete
2026-10-05 09:55:20,870 INFO ABLATE_PRODUCTION 2024Q2 H2 complete
2026-10-05 09:55:20,964 INFO ABLATE_PRODUCTION 2024Q2 H3 complete
2026-10-05 09:55:21,214 INFO ABLATE_PRODUCTION 2024Q3 H1 complete
2026-10-05 09:55:21,307 INFO ABLATE_PRODUCTION 2024Q3 H2 complete
2026-10-05 09:55:21,401 INFO ABLATE_PRODUCTION 2024Q3 H3 complete
2026-10-05 09:55:21,698 INFO ABLATE_PRODUCTION 2024Q4 H1 complete
2026-10-05 09:55:21,792 INFO ABLATE_PRODUCTION 2024Q4 H2 complete
2026-10-05 09:55:21,901 INFO ABLATE_PRODUCTION 2024Q4 H3 complete
2026-10-05 09:55:22,432 INFO ABLATE_PRODUCTION 2025Q1 H1 complete
2026-10-05 09:55:22,604 INFO ABLATE_PRODUCTION 2025Q1 H2 complete
2026-10-05 09:55:22,713 INFO ABLATE_PRODUCTION 2025Q1 H3 complete
2026-10-05 09:55:22,963 INFO ABLATE_PRODUCTION 2025Q2 H1 complete
2026-10-05 09:55:23,057 INFO ABLATE_PRODUCTION 2025Q2 H2 complete
2026-10-05 09:55:23,151 INFO ABLATE_PRODUCTION 2025Q2 H3 complete
2026-10-05 09:55:24,197 WARNING ROBUST_NO_GOLD 2022Q1 H1 standard failed: nonconvergence_or_unstable_transition:{"n_training_months": 36, "n_observed_cells": 251, "n_missing_cells": 1, "iterations": 148, "relative_likelihood_change": 9.532615487845079e-0
2026-10-05 09:55:24,197 INFO ROBUST_NO_GOLD 2022Q1 H1 complete
2026-10-05 09:55:24,275 WARNING ROBUST_NO_GOLD 2022Q1 H2 standard failed: nonconvergence_or_unstable_transition:{"n_training_months": 36, "n_observed_cells": 252, "n_missing_cells": 0, "iterations": 121, "relative_likelihood_change": 9.243165290039085e-0
2026-10-05 09:55:24,275 INFO ROBUST_NO_GOLD 2022Q1 H2 complete
2026-10-05 09:55:24,353 WARNING ROBUST_NO_GOLD 2022Q1 H3 standard failed: nonconvergence_or_unstable_transition:{"n_training_months": 36, "n_observed_cells": 252, "n_missing_cells": 0, "iterations": 121, "relative_likelihood_change": 9.243165290039085e-0
2026-10-05 09:55:24,353 INFO ROBUST_NO_GOLD 2022Q1 H3 complete
2026-10-05 09:55:24,432 INFO ROBUST_NO_GOLD 2022Q2 H1 complete
2026-10-05 09:55:24,541 INFO ROBUST_NO_GOLD 2022Q2 H2 complete
2026-10-05 09:55:24,619 INFO ROBUST_NO_GOLD 2022Q2 H3 complete
2026-10-05 09:55:24,713 INFO ROBUST_NO_GOLD 2022Q3 H1 complete
2026-10-05 09:55:24,838 INFO ROBUST_NO_GOLD 2022Q3 H2 complete
2026-10-05 09:55:24,931 INFO ROBUST_NO_GOLD 2022Q3 H3 complete
2026-10-05 09:55:25,010 WARNING ROBUST_NO_GOLD 2022Q4 H1 standard failed: nonconvergence_or_unstable_transition:{"n_training_months": 45, "n_observed_cells": 314, "n_missing_cells": 1, "iterations": 71, "relative_likelihood_change": 8.95987038347334e-06,
2026-10-05 09:55:25,010 INFO ROBUST_NO_GOLD 2022Q4 H1 complete
2026-10-05 09:55:25,103 WARNING ROBUST_NO_GOLD 2022Q4 H2 standard failed: nonconvergence_or_unstable_transition:{"n_training_months": 45, "n_observed_cells": 315, "n_missing_cells": 0, "iterations": 66, "relative_likelihood_change": 8.976589581626455e-06
2026-10-05 09:55:25,103 INFO ROBUST_NO_GOLD 2022Q4 H2 complete
2026-10-05 09:55:25,213 WARNING ROBUST_NO_GOLD 2022Q4 H3 standard failed: nonconvergence_or_unstable_transition:{"n_training_months": 45, "n_observed_cells": 315, "n_missing_cells": 0, "iterations": 66, "relative_likelihood_change": 8.976589581626455e-06
2026-10-05 09:55:25,213 INFO ROBUST_NO_GOLD 2022Q4 H3 complete
2026-10-05 09:55:25,338 INFO ROBUST_NO_GOLD 2023Q1 H1 complete
2026-10-05 09:55:25,416 INFO ROBUST_NO_GOLD 2023Q1 H2 complete
2026-10-05 09:55:25,494 INFO ROBUST_NO_GOLD 2023Q1 H3 complete
2026-10-05 09:55:25,572 INFO ROBUST_NO_GOLD 2023Q2 H1 complete
2026-10-05 09:55:25,650 INFO ROBUST_NO_GOLD 2023Q2 H2 complete
2026-10-05 09:55:25,744 INFO ROBUST_NO_GOLD 2023Q2 H3 complete
2026-10-05 09:55:25,822 INFO ROBUST_NO_GOLD 2023Q3 H1 complete
2026-10-05 09:55:25,916 INFO ROBUST_NO_GOLD 2023Q3 H2 complete
2026-10-05 09:55:26,009 INFO ROBUST_NO_GOLD 2023Q3 H3 complete
2026-10-05 09:55:26,103 INFO ROBUST_NO_GOLD 2023Q4 H1 complete
2026-10-05 09:55:26,181 INFO ROBUST_NO_GOLD 2023Q4 H2 complete
2026-10-05 09:55:26,275 INFO ROBUST_NO_GOLD 2023Q4 H3 complete
2026-10-05 09:55:26,353 INFO ROBUST_NO_GOLD 2024Q1 H1 complete
2026-10-05 09:55:26,447 INFO ROBUST_NO_GOLD 2024Q1 H2 complete
2026-10-05 09:55:26,540 INFO ROBUST_NO_GOLD 2024Q1 H3 complete
2026-10-05 09:55:26,634 INFO ROBUST_NO_GOLD 2024Q2 H1 complete
2026-10-05 09:55:26,728 INFO ROBUST_NO_GOLD 2024Q2 H2 complete
2026-10-05 09:55:26,822 INFO ROBUST_NO_GOLD 2024Q2 H3 complete
2026-10-05 09:55:26,993 INFO ROBUST_NO_GOLD 2024Q3 H1 complete
2026-10-05 09:55:27,259 INFO ROBUST_NO_GOLD 2024Q3 H2 complete
2026-10-05 09:55:27,493 INFO ROBUST_NO_GOLD 2024Q3 H3 complete
2026-10-05 09:55:27,681 INFO ROBUST_NO_GOLD 2024Q4 H1 complete
2026-10-05 09:55:27,868 INFO ROBUST_NO_GOLD 2024Q4 H2 complete
2026-10-05 09:55:28,040 INFO ROBUST_NO_GOLD 2024Q4 H3 complete
2026-10-05 09:55:28,196 INFO ROBUST_NO_GOLD 2025Q1 H1 complete
2026-10-05 09:55:28,321 INFO ROBUST_NO_GOLD 2025Q1 H2 complete
2026-10-05 09:55:28,431 INFO ROBUST_NO_GOLD 2025Q1 H3 complete
2026-10-05 09:55:28,540 INFO ROBUST_NO_GOLD 2025Q2 H1 complete
2026-10-05 09:55:28,634 INFO ROBUST_NO_GOLD 2025Q2 H2 complete
2026-10-05 09:55:28,759 INFO ROBUST_NO_GOLD 2025Q2 H3 complete
2026-10-05 09:55:30,399 WARNING ROBUST_NO_USD 2022Q1 H1 standard failed: nonconvergence_or_unstable_transition:{"n_training_months": 36, "n_observed_cells": 251, "n_missing_cells": 1, "iterations": 129, "relative_likelihood_change": 9.464717876378908e-0
2026-10-05 09:55:30,399 INFO ROBUST_NO_USD 2022Q1 H1 complete
2026-10-05 09:55:30,711 WARNING ROBUST_NO_USD 2022Q1 H2 standard failed: nonconvergence_or_unstable_transition:{"n_training_months": 36, "n_observed_cells": 252, "n_missing_cells": 0, "iterations": 103, "relative_likelihood_change": 9.089425735620862e-0
2026-10-05 09:55:30,711 INFO ROBUST_NO_USD 2022Q1 H2 complete
2026-10-05 09:55:30,774 WARNING ROBUST_NO_USD 2022Q1 H3 standard failed: nonconvergence_or_unstable_transition:{"n_training_months": 36, "n_observed_cells": 252, "n_missing_cells": 0, "iterations": 103, "relative_likelihood_change": 9.089425735620862e-0
2026-10-05 09:55:30,774 INFO ROBUST_NO_USD 2022Q1 H3 complete
2026-10-05 09:55:31,086 WARNING ROBUST_NO_USD 2022Q2 H1 standard failed: nonconvergence_or_unstable_transition:{"n_training_months": 39, "n_observed_cells": 272, "n_missing_cells": 1, "iterations": 110, "relative_likelihood_change": 8.74243828091065e-06
2026-10-05 09:55:31,086 INFO ROBUST_NO_USD 2022Q2 H1 complete
2026-10-05 09:55:31,430 WARNING ROBUST_NO_USD 2022Q2 H2 standard failed: nonconvergence_or_unstable_transition:{"n_training_months": 39, "n_observed_cells": 273, "n_missing_cells": 0, "iterations": 94, "relative_likelihood_change": 9.008352762041767e-06
2026-10-05 09:55:31,430 INFO ROBUST_NO_USD 2022Q2 H2 complete
2026-10-05 09:55:31,508 WARNING ROBUST_NO_USD 2022Q2 H3 standard failed: nonconvergence_or_unstable_transition:{"n_training_months": 39, "n_observed_cells": 273, "n_missing_cells": 0, "iterations": 94, "relative_likelihood_change": 9.008352762041767e-06
2026-10-05 09:55:31,508 INFO ROBUST_NO_USD 2022Q2 H3 complete
2026-10-05 09:55:31,852 INFO ROBUST_NO_USD 2022Q3 H1 complete
2026-10-05 09:55:32,164 INFO ROBUST_NO_USD 2022Q3 H2 complete
2026-10-05 09:55:32,242 INFO ROBUST_NO_USD 2022Q3 H3 complete
2026-10-05 09:55:32,461 WARNING ROBUST_NO_USD 2022Q4 H1 standard failed: nonconvergence_or_unstable_transition:{"n_training_months": 45, "n_observed_cells": 314, "n_missing_cells": 1, "iterations": 68, "relative_likelihood_change": 9.126296020430238e-06
2026-10-05 09:55:32,461 INFO ROBUST_NO_USD 2022Q4 H1 complete
2026-10-05 09:55:32,664 WARNING ROBUST_NO_USD 2022Q4 H2 standard failed: nonconvergence_or_unstable_transition:{"n_training_months": 45, "n_observed_cells": 315, "n_missing_cells": 0, "iterations": 63, "relative_likelihood_change": 8.780038524465653e-06
2026-10-05 09:55:32,664 INFO ROBUST_NO_USD 2022Q4 H2 complete
2026-10-05 09:55:32,727 WARNING ROBUST_NO_USD 2022Q4 H3 standard failed: nonconvergence_or_unstable_transition:{"n_training_months": 45, "n_observed_cells": 315, "n_missing_cells": 0, "iterations": 63, "relative_likelihood_change": 8.780038524465653e-06
2026-10-05 09:55:32,727 INFO ROBUST_NO_USD 2022Q4 H3 complete
2026-10-05 09:55:32,938 INFO ROBUST_NO_USD 2023Q1 H1 complete
2026-10-05 09:55:33,142 INFO ROBUST_NO_USD 2023Q1 H2 complete
2026-10-05 09:55:33,212 INFO ROBUST_NO_USD 2023Q1 H3 complete
2026-10-05 09:55:33,404 INFO ROBUST_NO_USD 2023Q2 H1 complete
2026-10-05 09:55:33,592 INFO ROBUST_NO_USD 2023Q2 H2 complete
2026-10-05 09:55:33,654 INFO ROBUST_NO_USD 2023Q2 H3 complete
2026-10-05 09:55:34,107 INFO ROBUST_NO_USD 2023Q3 H1 complete
2026-10-05 09:55:34,529 INFO ROBUST_NO_USD 2023Q3 H2 complete
2026-10-05 09:55:34,607 INFO ROBUST_NO_USD 2023Q3 H3 complete
2026-10-05 09:55:34,982 INFO ROBUST_NO_USD 2023Q4 H1 complete
2026-10-05 09:55:35,373 INFO ROBUST_NO_USD 2023Q4 H2 complete
2026-10-05 09:55:35,451 INFO ROBUST_NO_USD 2023Q4 H3 complete
2026-10-05 09:55:35,654 INFO ROBUST_NO_USD 2024Q1 H1 complete
2026-10-05 09:55:35,873 INFO ROBUST_NO_USD 2024Q1 H2 complete
2026-10-05 09:55:35,951 INFO ROBUST_NO_USD 2024Q1 H3 complete
2026-10-05 09:55:36,201 INFO ROBUST_NO_USD 2024Q2 H1 complete
2026-10-05 09:55:36,451 INFO ROBUST_NO_USD 2024Q2 H2 complete
2026-10-05 09:55:36,544 INFO ROBUST_NO_USD 2024Q2 H3 complete
2026-10-05 09:55:36,763 INFO ROBUST_NO_USD 2024Q3 H1 complete
2026-10-05 09:55:36,982 INFO ROBUST_NO_USD 2024Q3 H2 complete
2026-10-05 09:55:37,060 INFO ROBUST_NO_USD 2024Q3 H3 complete
2026-10-05 09:55:37,325 INFO ROBUST_NO_USD 2024Q4 H1 complete
2026-10-05 09:55:37,560 INFO ROBUST_NO_USD 2024Q4 H2 complete
2026-10-05 09:55:37,638 INFO ROBUST_NO_USD 2024Q4 H3 complete
2026-10-05 09:55:38,028 INFO ROBUST_NO_USD 2025Q1 H1 complete
2026-10-05 09:55:38,388 INFO ROBUST_NO_USD 2025Q1 H2 complete
2026-10-05 09:55:38,466 INFO ROBUST_NO_USD 2025Q1 H3 complete
2026-10-05 09:55:38,716 INFO ROBUST_NO_USD 2025Q2 H1 complete
2026-10-05 09:55:38,950 INFO ROBUST_NO_USD 2025Q2 H2 complete
2026-10-05 09:55:39,028 INFO ROBUST_NO_USD 2025Q2 H3 complete
2026-10-05 09:55:41,059 WARNING ROBUST_NO_RUB 2022Q1 H1 standard failed: nonconvergence_or_unstable_transition:{"n_training_months": 36, "n_observed_cells": 251, "n_missing_cells": 1, "iterations": 500, "relative_likelihood_change": 4.595688409051073e-0
2026-10-05 09:55:41,059 INFO ROBUST_NO_RUB 2022Q1 H1 complete
2026-10-05 09:55:42,027 WARNING ROBUST_NO_RUB 2022Q1 H2 standard failed: nonconvergence_or_unstable_transition:{"n_training_months": 36, "n_observed_cells": 252, "n_missing_cells": 0, "iterations": 500, "relative_likelihood_change": 4.595605859118505e-0
2026-10-05 09:55:42,027 INFO ROBUST_NO_RUB 2022Q1 H2 complete
2026-10-05 09:55:42,090 WARNING ROBUST_NO_RUB 2022Q1 H3 standard failed: nonconvergence_or_unstable_transition:{"n_training_months": 36, "n_observed_cells": 252, "n_missing_cells": 0, "iterations": 500, "relative_likelihood_change": 4.595605859118505e-0
2026-10-05 09:55:42,090 INFO ROBUST_NO_RUB 2022Q1 H3 complete
2026-10-05 09:55:42,230 INFO ROBUST_NO_RUB 2022Q2 H1 complete
2026-10-05 09:55:42,371 INFO ROBUST_NO_RUB 2022Q2 H2 complete
2026-10-05 09:55:42,434 INFO ROBUST_NO_RUB 2022Q2 H3 complete
2026-10-05 09:55:42,574 INFO ROBUST_NO_RUB 2022Q3 H1 complete
2026-10-05 09:55:42,840 INFO ROBUST_NO_RUB 2022Q3 H2 complete
2026-10-05 09:55:42,918 INFO ROBUST_NO_RUB 2022Q3 H3 complete
2026-10-05 09:55:43,199 WARNING ROBUST_NO_RUB 2022Q4 H1 standard failed: nonconvergence_or_unstable_transition:{"n_training_months": 45, "n_observed_cells": 314, "n_missing_cells": 1, "iterations": 95, "relative_likelihood_change": 9.512562258557643e-06
2026-10-05 09:55:43,199 INFO ROBUST_NO_RUB 2022Q4 H1 complete
2026-10-05 09:55:43,433 WARNING ROBUST_NO_RUB 2022Q4 H2 standard failed: nonconvergence_or_unstable_transition:{"n_training_months": 45, "n_observed_cells": 315, "n_missing_cells": 0, "iterations": 83, "relative_likelihood_change": 9.251623475342099e-06
2026-10-05 09:55:43,433 INFO ROBUST_NO_RUB 2022Q4 H2 complete
2026-10-05 09:55:43,496 WARNING ROBUST_NO_RUB 2022Q4 H3 standard failed: nonconvergence_or_unstable_transition:{"n_training_months": 45, "n_observed_cells": 315, "n_missing_cells": 0, "iterations": 83, "relative_likelihood_change": 9.251623475342099e-06
2026-10-05 09:55:43,496 INFO ROBUST_NO_RUB 2022Q4 H3 complete
2026-10-05 09:55:43,730 INFO ROBUST_NO_RUB 2023Q1 H1 complete
2026-10-05 09:55:43,949 INFO ROBUST_NO_RUB 2023Q1 H2 complete
2026-10-05 09:55:44,027 INFO ROBUST_NO_RUB 2023Q1 H3 complete
2026-10-05 09:55:44,230 INFO ROBUST_NO_RUB 2023Q2 H1 complete
2026-10-05 09:55:44,449 INFO ROBUST_NO_RUB 2023Q2 H2 complete
2026-10-05 09:55:44,511 INFO ROBUST_NO_RUB 2023Q2 H3 complete
2026-10-05 09:55:44,961 INFO ROBUST_NO_RUB 2023Q3 H1 complete
2026-10-05 09:55:45,416 INFO ROBUST_NO_RUB 2023Q3 H2 complete
2026-10-05 09:55:45,491 INFO ROBUST_NO_RUB 2023Q3 H3 complete
2026-10-05 09:55:45,861 INFO ROBUST_NO_RUB 2023Q4 H1 complete
2026-10-05 09:55:46,381 INFO ROBUST_NO_RUB 2023Q4 H2 complete
2026-10-05 09:55:46,463 INFO ROBUST_NO_RUB 2023Q4 H3 complete
2026-10-05 09:55:46,831 INFO ROBUST_NO_RUB 2024Q1 H1 complete
2026-10-05 09:55:47,196 INFO ROBUST_NO_RUB 2024Q1 H2 complete
2026-10-05 09:55:47,264 INFO ROBUST_NO_RUB 2024Q1 H3 complete
2026-10-05 09:55:47,536 INFO ROBUST_NO_RUB 2024Q2 H1 complete
2026-10-05 09:55:47,817 INFO ROBUST_NO_RUB 2024Q2 H2 complete
2026-10-05 09:55:47,911 INFO ROBUST_NO_RUB 2024Q2 H3 complete
2026-10-05 09:55:48,161 INFO ROBUST_NO_RUB 2024Q3 H1 complete
2026-10-05 09:55:48,426 INFO ROBUST_NO_RUB 2024Q3 H2 complete
2026-10-05 09:55:48,504 INFO ROBUST_NO_RUB 2024Q3 H3 complete
2026-10-05 09:55:48,786 INFO ROBUST_NO_RUB 2024Q4 H1 complete
2026-10-05 09:55:49,145 INFO ROBUST_NO_RUB 2024Q4 H2 complete
2026-10-05 09:55:49,270 INFO ROBUST_NO_RUB 2024Q4 H3 complete
2026-10-05 09:55:49,801 INFO ROBUST_NO_RUB 2025Q1 H1 complete
2026-10-05 09:55:50,363 INFO ROBUST_NO_RUB 2025Q1 H2 complete
2026-10-05 09:55:50,473 INFO ROBUST_NO_RUB 2025Q1 H3 complete
2026-10-05 09:55:50,738 INFO ROBUST_NO_RUB 2025Q2 H1 complete
2026-10-05 09:55:51,035 INFO ROBUST_NO_RUB 2025Q2 H2 complete
2026-10-05 09:55:51,129 INFO ROBUST_NO_RUB 2025Q2 H3 complete
2026-10-05 09:55:52,566 INFO DFM-4_R1_P2 2025Q3 H1 complete
2026-10-05 09:55:52,800 INFO DFM-4_R1_P2 2025Q3 H2 complete
2026-10-05 09:55:52,925 INFO DFM-4_R1_P2 2025Q3 H3 complete
2026-10-05 09:55:53,269 INFO DFM-4_R1_P2 2025Q4 H1 complete
2026-10-05 09:55:53,503 INFO DFM-4_R1_P2 2025Q4 H2 complete
2026-10-05 09:55:53,628 INFO DFM-4_R1_P2 2025Q4 H3 complete
2026-10-05 09:55:54,144 INFO DFM-4_R1_P2 2026Q1 H1 complete
2026-10-05 09:55:54,472 INFO DFM-4_R1_P2 2026Q1 H2 complete
2026-10-05 09:55:54,597 INFO DFM-4_R1_P2 2026Q1 H3 complete
2026-10-05 09:55:55,112 INFO DFM-4_R1_P2 2026Q2 H1 complete
2026-10-05 09:55:55,405 INFO DFM-4_R1_P2 2026Q2 H2 complete
2026-10-05 09:55:55,524 INFO DFM-4_R1_P2 2026Q2 H3 complete
