2026-10-05 09:36:00,893 WARNING DFM-1 2022Q1 H1 standard failed: nonconvergence_or_unstable_transition:{"n_training_months": 36, "n_observed_cells": 216, "n_missing_cells": 0, "iterations": 500, "relative_likelihood_change": 4.877746280161013e-0
2026-10-05 09:36:02,257 WARNING DFM-1 2022Q1 H1 conservative failed: nonconvergence_or_unstable_transition:{"n_training_months": 36, "n_observed_cells": 215, "n_missing_cells": 1, "iterations": 500, "relative_likelihood_change": 4.8983990272460456e-
2026-10-05 09:36:02,257 INFO DFM-1 2022Q1 H1 complete
2026-10-05 09:36:02,362 WARNING DFM-1 2022Q1 H2 standard failed: nonconvergence_or_unstable_transition:{"n_training_months": 36, "n_observed_cells": 216, "n_missing_cells": 0, "iterations": 500, "relative_likelihood_change": 4.877746280161013e-0
2026-10-05 09:36:02,390 WARNING DFM-1 2022Q1 H2 conservative failed: nonconvergence_or_unstable_transition:{"n_training_months": 36, "n_observed_cells": 216, "n_missing_cells": 0, "iterations": 500, "relative_likelihood_change": 4.877746280161013e-0
2026-10-05 09:36:02,391 INFO DFM-1 2022Q1 H2 complete
2026-10-05 09:36:02,483 WARNING DFM-1 2022Q1 H3 standard failed: nonconvergence_or_unstable_transition:{"n_training_months": 36, "n_observed_cells": 216, "n_missing_cells": 0, "iterations": 500, "relative_likelihood_change": 4.877746280161013e-0
2026-10-05 09:36:02,525 WARNING DFM-1 2022Q1 H3 conservative failed: nonconvergence_or_unstable_transition:{"n_training_months": 36, "n_observed_cells": 216, "n_missing_cells": 0, "iterations": 500, "relative_likelihood_change": 4.877746280161013e-0
2026-10-05 09:36:02,525 INFO DFM-1 2022Q1 H3 complete
2026-10-05 09:36:03,953 WARNING DFM-1 2022Q2 H1 standard failed: nonconvergence_or_unstable_transition:{"n_training_months": 39, "n_observed_cells": 234, "n_missing_cells": 0, "iterations": 500, "relative_likelihood_change": 4.1542561807182084e-
2026-10-05 09:36:05,497 WARNING DFM-1 2022Q2 H1 conservative failed: nonconvergence_or_unstable_transition:{"n_training_months": 39, "n_observed_cells": 233, "n_missing_cells": 1, "iterations": 500, "relative_likelihood_change": 4.1749014619149976e-
2026-10-05 09:36:05,510 INFO DFM-1 2022Q2 H1 complete
2026-10-05 09:36:05,786 WARNING DFM-1 2022Q2 H2 standard failed: nonconvergence_or_unstable_transition:{"n_training_months": 39, "n_observed_cells": 234, "n_missing_cells": 0, "iterations": 500, "relative_likelihood_change": 4.1542561807182084e-
2026-10-05 09:36:05,861 WARNING DFM-1 2022Q2 H2 conservative failed: nonconvergence_or_unstable_transition:{"n_training_months": 39, "n_observed_cells": 234, "n_missing_cells": 0, "iterations": 500, "relative_likelihood_change": 4.1542561807182084e-
2026-10-05 09:36:05,861 INFO DFM-1 2022Q2 H2 complete
2026-10-05 09:36:05,994 WARNING DFM-1 2022Q2 H3 standard failed: nonconvergence_or_unstable_transition:{"n_training_months": 39, "n_observed_cells": 234, "n_missing_cells": 0, "iterations": 500, "relative_likelihood_change": 4.1542561807182084e-
2026-10-05 09:36:06,061 WARNING DFM-1 2022Q2 H3 conservative failed: nonconvergence_or_unstable_transition:{"n_training_months": 39, "n_observed_cells": 234, "n_missing_cells": 0, "iterations": 500, "relative_likelihood_change": 4.1542561807182084e-
2026-10-05 09:36:06,061 INFO DFM-1 2022Q2 H3 complete
2026-10-05 09:36:06,428 INFO DFM-1 2022Q3 H1 complete
2026-10-05 09:36:06,630 INFO DFM-1 2022Q3 H2 complete
2026-10-05 09:36:06,796 INFO DFM-1 2022Q3 H3 complete
2026-10-05 09:36:07,149 INFO DFM-1 2022Q4 H1 complete
2026-10-05 09:36:07,296 INFO DFM-1 2022Q4 H2 complete
2026-10-05 09:36:07,464 INFO DFM-1 2022Q4 H3 complete
2026-10-05 09:36:07,873 INFO DFM-1 2023Q1 H1 complete
2026-10-05 09:36:08,126 INFO DFM-1 2023Q1 H2 complete
2026-10-05 09:36:08,326 INFO DFM-1 2023Q1 H3 complete
2026-10-05 09:36:08,689 INFO DFM-1 2023Q2 H1 complete
2026-10-05 09:36:08,904 INFO DFM-1 2023Q2 H2 complete
2026-10-05 09:36:09,078 INFO DFM-1 2023Q2 H3 complete
2026-10-05 09:36:09,544 INFO DFM-1 2023Q3 H1 complete
2026-10-05 09:36:09,706 INFO DFM-1 2023Q3 H2 complete
2026-10-05 09:36:09,844 INFO DFM-1 2023Q3 H3 complete
2026-10-05 09:36:11,301 WARNING DFM-1 2023Q4 H1 conservative failed: nonconvergence_or_unstable_transition:{"n_training_months": 57, "n_observed_cells": 341, "n_missing_cells": 1, "iterations": 500, "relative_likelihood_change": 1.9034084067350013e-
2026-10-05 09:36:11,301 INFO DFM-1 2023Q4 H1 complete
2026-10-05 09:36:11,467 INFO DFM-1 2023Q4 H2 complete
2026-10-05 09:36:11,614 INFO DFM-1 2023Q4 H3 complete
2026-10-05 09:36:11,879 INFO DFM-1 2024Q1 H1 complete
2026-10-05 09:36:12,018 INFO DFM-1 2024Q1 H2 complete
2026-10-05 09:36:12,152 INFO DFM-1 2024Q1 H3 complete
2026-10-05 09:36:12,485 INFO DFM-1 2024Q2 H1 complete
2026-10-05 09:36:12,619 INFO DFM-1 2024Q2 H2 complete
2026-10-05 09:36:12,776 INFO DFM-1 2024Q2 H3 complete
2026-10-05 09:36:13,086 INFO DFM-1 2024Q3 H1 complete
2026-10-05 09:36:13,219 INFO DFM-1 2024Q3 H2 complete
2026-10-05 09:36:13,353 INFO DFM-1 2024Q3 H3 complete
2026-10-05 09:36:13,620 INFO DFM-1 2024Q4 H1 complete
2026-10-05 09:36:13,753 INFO DFM-1 2024Q4 H2 complete
2026-10-05 09:36:13,910 INFO DFM-1 2024Q4 H3 complete
2026-10-05 09:36:14,176 INFO DFM-1 2025Q1 H1 complete
2026-10-05 09:36:14,344 INFO DFM-1 2025Q1 H2 complete
2026-10-05 09:36:14,486 INFO DFM-1 2025Q1 H3 complete
2026-10-05 09:36:15,789 WARNING DFM-1 2025Q2 H1 standard failed: nonconvergence_or_unstable_transition:{"n_training_months": 75, "n_observed_cells": 450, "n_missing_cells": 0, "iterations": 500, "relative_likelihood_change": 1.1810234199768206e-
2026-10-05 09:36:15,956 INFO DFM-1 2025Q2 H1 complete
2026-10-05 09:36:16,089 WARNING DFM-1 2025Q2 H2 standard failed: nonconvergence_or_unstable_transition:{"n_training_months": 75, "n_observed_cells": 450, "n_missing_cells": 0, "iterations": 500, "relative_likelihood_change": 1.1810234199768206e-
2026-10-05 09:36:16,148 WARNING DFM-1 2025Q2 H2 conservative failed: nonconvergence_or_unstable_transition:{"n_training_months": 75, "n_observed_cells": 450, "n_missing_cells": 0, "iterations": 500, "relative_likelihood_change": 1.1810234199768206e-
2026-10-05 09:36:16,148 INFO DFM-1 2025Q2 H2 complete
2026-10-05 09:36:16,256 WARNING DFM-1 2025Q2 H3 standard failed: nonconvergence_or_unstable_transition:{"n_training_months": 75, "n_observed_cells": 450, "n_missing_cells": 0, "iterations": 500, "relative_likelihood_change": 1.1810234199768206e-
2026-10-05 09:36:16,311 WARNING DFM-1 2025Q2 H3 conservative failed: nonconvergence_or_unstable_transition:{"n_training_months": 75, "n_observed_cells": 450, "n_missing_cells": 0, "iterations": 500, "relative_likelihood_change": 1.1810234199768206e-
2026-10-05 09:36:16,312 INFO DFM-1 2025Q2 H3 complete
2026-10-05 09:36:16,523 WARNING DFM-2_CORE 2022Q1 H1 standard failed: nonconvergence_or_unstable_transition:{"n_training_months": 36, "n_observed_cells": 216, "n_missing_cells": 0, "iterations": 500, "relative_likelihood_change": 4.877746280161013e-0
2026-10-05 09:36:16,586 WARNING DFM-2_CORE 2022Q1 H1 conservative failed: nonconvergence_or_unstable_transition:{"n_training_months": 36, "n_observed_cells": 215, "n_missing_cells": 1, "iterations": 500, "relative_likelihood_change": 4.8983990272460456e-
2026-10-05 09:36:16,586 INFO DFM-2_CORE 2022Q1 H1 complete
2026-10-05 09:36:16,690 WARNING DFM-2_CORE 2022Q1 H2 standard failed: nonconvergence_or_unstable_transition:{"n_training_months": 36, "n_observed_cells": 216, "n_missing_cells": 0, "iterations": 500, "relative_likelihood_change": 4.877746280161013e-0
2026-10-05 09:36:16,724 WARNING DFM-2_CORE 2022Q1 H2 conservative failed: nonconvergence_or_unstable_transition:{"n_training_months": 36, "n_observed_cells": 216, "n_missing_cells": 0, "iterations": 500, "relative_likelihood_change": 4.877746280161013e-0
2026-10-05 09:36:16,724 INFO DFM-2_CORE 2022Q1 H2 complete
2026-10-05 09:36:16,881 WARNING DFM-2_CORE 2022Q1 H3 standard failed: nonconvergence_or_unstable_transition:{"n_training_months": 36, "n_observed_cells": 216, "n_missing_cells": 0, "iterations": 500, "relative_likelihood_change": 4.877746280161013e-0
2026-10-05 09:36:16,924 WARNING DFM-2_CORE 2022Q1 H3 conservative failed: nonconvergence_or_unstable_transition:{"n_training_months": 36, "n_observed_cells": 216, "n_missing_cells": 0, "iterations": 500, "relative_likelihood_change": 4.877746280161013e-0
2026-10-05 09:36:16,924 INFO DFM-2_CORE 2022Q1 H3 complete
2026-10-05 09:36:17,019 WARNING DFM-2_CORE 2022Q2 H1 standard failed: nonconvergence_or_unstable_transition:{"n_training_months": 39, "n_observed_cells": 234, "n_missing_cells": 0, "iterations": 500, "relative_likelihood_change": 4.1542561807182084e-
2026-10-05 09:36:17,057 WARNING DFM-2_CORE 2022Q2 H1 conservative failed: nonconvergence_or_unstable_transition:{"n_training_months": 39, "n_observed_cells": 233, "n_missing_cells": 1, "iterations": 500, "relative_likelihood_change": 4.1749014619149976e-
2026-10-05 09:36:17,057 INFO DFM-2_CORE 2022Q2 H1 complete
2026-10-05 09:36:17,150 WARNING DFM-2_CORE 2022Q2 H2 standard failed: nonconvergence_or_unstable_transition:{"n_training_months": 39, "n_observed_cells": 234, "n_missing_cells": 0, "iterations": 500, "relative_likelihood_change": 4.1542561807182084e-
2026-10-05 09:36:17,191 WARNING DFM-2_CORE 2022Q2 H2 conservative failed: nonconvergence_or_unstable_transition:{"n_training_months": 39, "n_observed_cells": 234, "n_missing_cells": 0, "iterations": 500, "relative_likelihood_change": 4.1542561807182084e-
2026-10-05 09:36:17,191 INFO DFM-2_CORE 2022Q2 H2 complete
2026-10-05 09:36:17,278 WARNING DFM-2_CORE 2022Q2 H3 standard failed: nonconvergence_or_unstable_transition:{"n_training_months": 39, "n_observed_cells": 234, "n_missing_cells": 0, "iterations": 500, "relative_likelihood_change": 4.1542561807182084e-
2026-10-05 09:36:17,319 WARNING DFM-2_CORE 2022Q2 H3 conservative failed: nonconvergence_or_unstable_transition:{"n_training_months": 39, "n_observed_cells": 234, "n_missing_cells": 0, "iterations": 500, "relative_likelihood_change": 4.1542561807182084e-
2026-10-05 09:36:17,319 INFO DFM-2_CORE 2022Q2 H3 complete
2026-10-05 09:36:17,552 INFO DFM-2_CORE 2022Q3 H1 complete
2026-10-05 09:36:17,784 INFO DFM-2_CORE 2022Q3 H2 complete
2026-10-05 09:36:17,925 INFO DFM-2_CORE 2022Q3 H3 complete
2026-10-05 09:36:18,087 INFO DFM-2_CORE 2022Q4 H1 complete
2026-10-05 09:36:18,225 INFO DFM-2_CORE 2022Q4 H2 complete
2026-10-05 09:36:18,359 INFO DFM-2_CORE 2022Q4 H3 complete
2026-10-05 09:36:18,513 INFO DFM-2_CORE 2023Q1 H1 complete
2026-10-05 09:36:18,653 INFO DFM-2_CORE 2023Q1 H2 complete
2026-10-05 09:36:18,789 INFO DFM-2_CORE 2023Q1 H3 complete
2026-10-05 09:36:18,929 INFO DFM-2_CORE 2023Q2 H1 complete
2026-10-05 09:36:19,110 INFO DFM-2_CORE 2023Q2 H2 complete
2026-10-05 09:36:19,260 INFO DFM-2_CORE 2023Q2 H3 complete
2026-10-05 09:36:19,410 INFO DFM-2_CORE 2023Q3 H1 complete
2026-10-05 09:36:19,560 INFO DFM-2_CORE 2023Q3 H2 complete
2026-10-05 09:36:19,713 INFO DFM-2_CORE 2023Q3 H3 complete
2026-10-05 09:36:19,849 WARNING DFM-2_CORE 2023Q4 H1 conservative failed: nonconvergence_or_unstable_transition:{"n_training_months": 57, "n_observed_cells": 341, "n_missing_cells": 1, "iterations": 500, "relative_likelihood_change": 1.9034084067350013e-
2026-10-05 09:36:19,850 INFO DFM-2_CORE 2023Q4 H1 complete
2026-10-05 09:36:19,994 INFO DFM-2_CORE 2023Q4 H2 complete
2026-10-05 09:36:20,128 INFO DFM-2_CORE 2023Q4 H3 complete
2026-10-05 09:36:20,282 INFO DFM-2_CORE 2024Q1 H1 complete
2026-10-05 09:36:20,521 INFO DFM-2_CORE 2024Q1 H2 complete
2026-10-05 09:36:20,662 INFO DFM-2_CORE 2024Q1 H3 complete
2026-10-05 09:36:20,920 INFO DFM-2_CORE 2024Q2 H1 complete
2026-10-05 09:36:21,062 INFO DFM-2_CORE 2024Q2 H2 complete
2026-10-05 09:36:21,195 INFO DFM-2_CORE 2024Q2 H3 complete
2026-10-05 09:36:21,353 INFO DFM-2_CORE 2024Q3 H1 complete
2026-10-05 09:36:21,653 INFO DFM-2_CORE 2024Q3 H2 complete
2026-10-05 09:36:21,891 INFO DFM-2_CORE 2024Q3 H3 complete
2026-10-05 09:36:22,087 INFO DFM-2_CORE 2024Q4 H1 complete
2026-10-05 09:36:22,230 INFO DFM-2_CORE 2024Q4 H2 complete
2026-10-05 09:36:22,397 INFO DFM-2_CORE 2024Q4 H3 complete
2026-10-05 09:36:22,555 INFO DFM-2_CORE 2025Q1 H1 complete
2026-10-05 09:36:22,720 INFO DFM-2_CORE 2025Q1 H2 complete
2026-10-05 09:36:22,864 INFO DFM-2_CORE 2025Q1 H3 complete
2026-10-05 09:36:22,964 WARNING DFM-2_CORE 2025Q2 H1 standard failed: nonconvergence_or_unstable_transition:{"n_training_months": 75, "n_observed_cells": 450, "n_missing_cells": 0, "iterations": 500, "relative_likelihood_change": 1.1810234199768206e-
2026-10-05 09:36:23,036 INFO DFM-2_CORE 2025Q2 H1 complete
2026-10-05 09:36:23,134 WARNING DFM-2_CORE 2025Q2 H2 standard failed: nonconvergence_or_unstable_transition:{"n_training_months": 75, "n_observed_cells": 450, "n_missing_cells": 0, "iterations": 500, "relative_likelihood_change": 1.1810234199768206e-
2026-10-05 09:36:23,184 WARNING DFM-2_CORE 2025Q2 H2 conservative failed: nonconvergence_or_unstable_transition:{"n_training_months": 75, "n_observed_cells": 450, "n_missing_cells": 0, "iterations": 500, "relative_likelihood_change": 1.1810234199768206e-
2026-10-05 09:36:23,184 INFO DFM-2_CORE 2025Q2 H2 complete
2026-10-05 09:36:23,283 WARNING DFM-2_CORE 2025Q2 H3 standard failed: nonconvergence_or_unstable_transition:{"n_training_months": 75, "n_observed_cells": 450, "n_missing_cells": 0, "iterations": 500, "relative_likelihood_change": 1.1810234199768206e-
2026-10-05 09:36:23,332 WARNING DFM-2_CORE 2025Q2 H3 conservative failed: nonconvergence_or_unstable_transition:{"n_training_months": 75, "n_observed_cells": 450, "n_missing_cells": 0, "iterations": 500, "relative_likelihood_change": 1.1810234199768206e-
2026-10-05 09:36:23,332 INFO DFM-2_CORE 2025Q2 H3 complete
2026-10-05 09:36:23,548 WARNING DFM-2_PLUS_PRODUCTION 2022Q1 H1 standard failed: fewer_than_36_training_months
2026-10-05 09:36:23,548 WARNING DFM-2_PLUS_PRODUCTION 2022Q1 H1 conservative failed: fewer_than_36_training_months
2026-10-05 09:36:23,548 INFO DFM-2_PLUS_PRODUCTION 2022Q1 H1 complete
2026-10-05 09:36:23,623 WARNING DFM-2_PLUS_PRODUCTION 2022Q1 H2 standard failed: fewer_than_36_training_months
2026-10-05 09:36:23,629 WARNING DFM-2_PLUS_PRODUCTION 2022Q1 H2 conservative failed: fewer_than_36_training_months
2026-10-05 09:36:23,629 INFO DFM-2_PLUS_PRODUCTION 2022Q1 H2 complete
2026-10-05 09:36:23,692 WARNING DFM-2_PLUS_PRODUCTION 2022Q1 H3 standard failed: fewer_than_36_training_months
2026-10-05 09:36:23,698 WARNING DFM-2_PLUS_PRODUCTION 2022Q1 H3 conservative failed: fewer_than_36_training_months
2026-10-05 09:36:23,698 INFO DFM-2_PLUS_PRODUCTION 2022Q1 H3 complete
2026-10-05 09:36:23,758 WARNING DFM-2_PLUS_PRODUCTION 2022Q2 H1 standard failed: fewer_than_36_training_months
2026-10-05 09:36:23,765 WARNING DFM-2_PLUS_PRODUCTION 2022Q2 H1 conservative failed: fewer_than_36_training_months
2026-10-05 09:36:23,765 INFO DFM-2_PLUS_PRODUCTION 2022Q2 H1 complete
2026-10-05 09:36:23,823 WARNING DFM-2_PLUS_PRODUCTION 2022Q2 H2 standard failed: fewer_than_36_training_months
2026-10-05 09:36:23,830 WARNING DFM-2_PLUS_PRODUCTION 2022Q2 H2 conservative failed: fewer_than_36_training_months
2026-10-05 09:36:23,830 INFO DFM-2_PLUS_PRODUCTION 2022Q2 H2 complete
2026-10-05 09:36:23,892 WARNING DFM-2_PLUS_PRODUCTION 2022Q2 H3 standard failed: fewer_than_36_training_months
2026-10-05 09:36:23,903 WARNING DFM-2_PLUS_PRODUCTION 2022Q2 H3 conservative failed: fewer_than_36_training_months
2026-10-05 09:36:23,903 INFO DFM-2_PLUS_PRODUCTION 2022Q2 H3 complete
2026-10-05 09:36:23,970 WARNING DFM-2_PLUS_PRODUCTION 2022Q3 H1 standard failed: fewer_than_36_training_months
2026-10-05 09:36:23,976 WARNING DFM-2_PLUS_PRODUCTION 2022Q3 H1 conservative failed: fewer_than_36_training_months
2026-10-05 09:36:23,976 INFO DFM-2_PLUS_PRODUCTION 2022Q3 H1 complete
2026-10-05 09:36:24,036 WARNING DFM-2_PLUS_PRODUCTION 2022Q3 H2 standard failed: fewer_than_36_training_months
2026-10-05 09:36:24,036 WARNING DFM-2_PLUS_PRODUCTION 2022Q3 H2 conservative failed: fewer_than_36_training_months
2026-10-05 09:36:24,036 INFO DFM-2_PLUS_PRODUCTION 2022Q3 H2 complete
2026-10-05 09:36:24,179 WARNING DFM-2_PLUS_PRODUCTION 2022Q3 H3 standard failed: fewer_than_36_training_months
2026-10-05 09:36:24,209 WARNING DFM-2_PLUS_PRODUCTION 2022Q3 H3 conservative failed: fewer_than_36_training_months
2026-10-05 09:36:24,210 INFO DFM-2_PLUS_PRODUCTION 2022Q3 H3 complete
2026-10-05 09:36:24,405 WARNING DFM-2_PLUS_PRODUCTION 2022Q4 H1 standard failed: fewer_than_36_training_months
2026-10-05 09:36:24,418 WARNING DFM-2_PLUS_PRODUCTION 2022Q4 H1 conservative failed: fewer_than_36_training_months
2026-10-05 09:36:24,418 INFO DFM-2_PLUS_PRODUCTION 2022Q4 H1 complete
2026-10-05 09:36:24,646 WARNING DFM-2_PLUS_PRODUCTION 2022Q4 H2 standard failed: fewer_than_36_training_months
2026-10-05 09:36:24,706 WARNING DFM-2_PLUS_PRODUCTION 2022Q4 H2 conservative failed: fewer_than_36_training_months
2026-10-05 09:36:24,707 INFO DFM-2_PLUS_PRODUCTION 2022Q4 H2 complete
2026-10-05 09:36:24,874 WARNING DFM-2_PLUS_PRODUCTION 2022Q4 H3 standard failed: fewer_than_36_training_months
2026-10-05 09:36:24,886 WARNING DFM-2_PLUS_PRODUCTION 2022Q4 H3 conservative failed: fewer_than_36_training_months
2026-10-05 09:36:24,886 INFO DFM-2_PLUS_PRODUCTION 2022Q4 H3 complete
2026-10-05 09:36:26,552 WARNING DFM-2_PLUS_PRODUCTION 2023Q1 H1 standard failed: nonconvergence_or_unstable_transition:{"n_training_months": 36, "n_observed_cells": 251, "n_missing_cells": 1, "iterations": 500, "relative_likelihood_change": 4.561565978491975e-0
2026-10-05 09:36:27,653 WARNING DFM-2_PLUS_PRODUCTION 2023Q1 H1 conservative failed: nonconvergence_or_unstable_transition:{"n_training_months": 36, "n_observed_cells": 250, "n_missing_cells": 2, "iterations": 500, "relative_likelihood_change": 4.573754951718478e-0
2026-10-05 09:36:27,653 INFO DFM-2_PLUS_PRODUCTION 2023Q1 H1 complete
2026-10-05 09:36:28,814 WARNING DFM-2_PLUS_PRODUCTION 2023Q1 H2 standard failed: nonconvergence_or_unstable_transition:{"n_training_months": 36, "n_observed_cells": 252, "n_missing_cells": 0, "iterations": 500, "relative_likelihood_change": 4.538848298878328e-0
2026-10-05 09:36:28,851 WARNING DFM-2_PLUS_PRODUCTION 2023Q1 H2 conservative failed: nonconvergence_or_unstable_transition:{"n_training_months": 36, "n_observed_cells": 252, "n_missing_cells": 0, "iterations": 500, "relative_likelihood_change": 4.538848298878328e-0
2026-10-05 09:36:28,851 INFO DFM-2_PLUS_PRODUCTION 2023Q1 H2 complete
2026-10-05 09:36:28,921 WARNING DFM-2_PLUS_PRODUCTION 2023Q1 H3 standard failed: nonconvergence_or_unstable_transition:{"n_training_months": 36, "n_observed_cells": 252, "n_missing_cells": 0, "iterations": 500, "relative_likelihood_change": 4.538848298878328e-0
2026-10-05 09:36:28,955 WARNING DFM-2_PLUS_PRODUCTION 2023Q1 H3 conservative failed: nonconvergence_or_unstable_transition:{"n_training_months": 36, "n_observed_cells": 252, "n_missing_cells": 0, "iterations": 500, "relative_likelihood_change": 4.538848298878328e-0
2026-10-05 09:36:28,955 INFO DFM-2_PLUS_PRODUCTION 2023Q1 H3 complete
2026-10-05 09:36:29,288 INFO DFM-2_PLUS_PRODUCTION 2023Q2 H1 complete
2026-10-05 09:36:29,522 INFO DFM-2_PLUS_PRODUCTION 2023Q2 H2 complete
2026-10-05 09:36:29,652 INFO DFM-2_PLUS_PRODUCTION 2023Q2 H3 complete
2026-10-05 09:36:30,809 WARNING DFM-2_PLUS_PRODUCTION 2023Q3 H1 standard failed: nonconvergence_or_unstable_transition:{"n_training_months": 42, "n_observed_cells": 293, "n_missing_cells": 1, "iterations": 500, "relative_likelihood_change": 3.244894121948399e-0
2026-10-05 09:36:32,225 WARNING DFM-2_PLUS_PRODUCTION 2023Q3 H1 conservative failed: nonconvergence_or_unstable_transition:{"n_training_months": 42, "n_observed_cells": 292, "n_missing_cells": 2, "iterations": 500, "relative_likelihood_change": 3.247886237913142e-0
2026-10-05 09:36:32,225 INFO DFM-2_PLUS_PRODUCTION 2023Q3 H1 complete
2026-10-05 09:36:33,384 WARNING DFM-2_PLUS_PRODUCTION 2023Q3 H2 standard failed: nonconvergence_or_unstable_transition:{"n_training_months": 42, "n_observed_cells": 294, "n_missing_cells": 0, "iterations": 500, "relative_likelihood_change": 3.232671375487609e-0
2026-10-05 09:36:33,421 WARNING DFM-2_PLUS_PRODUCTION 2023Q3 H2 conservative failed: nonconvergence_or_unstable_transition:{"n_training_months": 42, "n_observed_cells": 294, "n_missing_cells": 0, "iterations": 500, "relative_likelihood_change": 3.232671375487609e-0
2026-10-05 09:36:33,421 INFO DFM-2_PLUS_PRODUCTION 2023Q3 H2 complete
2026-10-05 09:36:33,493 WARNING DFM-2_PLUS_PRODUCTION 2023Q3 H3 standard failed: nonconvergence_or_unstable_transition:{"n_training_months": 42, "n_observed_cells": 294, "n_missing_cells": 0, "iterations": 500, "relative_likelihood_change": 3.232671375487609e-0
2026-10-05 09:36:33,526 WARNING DFM-2_PLUS_PRODUCTION 2023Q3 H3 conservative failed: nonconvergence_or_unstable_transition:{"n_training_months": 42, "n_observed_cells": 294, "n_missing_cells": 0, "iterations": 500, "relative_likelihood_change": 3.232671375487609e-0
2026-10-05 09:36:33,526 INFO DFM-2_PLUS_PRODUCTION 2023Q3 H3 complete
2026-10-05 09:36:34,853 WARNING DFM-2_PLUS_PRODUCTION 2023Q4 H1 standard failed: nonconvergence_or_unstable_transition:{"n_training_months": 45, "n_observed_cells": 314, "n_missing_cells": 1, "iterations": 500, "relative_likelihood_change": 2.7995366576299814e-
2026-10-05 09:36:36,214 WARNING DFM-2_PLUS_PRODUCTION 2023Q4 H1 conservative failed: nonconvergence_or_unstable_transition:{"n_training_months": 45, "n_observed_cells": 313, "n_missing_cells": 2, "iterations": 500, "relative_likelihood_change": 2.8154000991927713e-
2026-10-05 09:36:36,215 INFO DFM-2_PLUS_PRODUCTION 2023Q4 H1 complete
2026-10-05 09:36:37,426 WARNING DFM-2_PLUS_PRODUCTION 2023Q4 H2 standard failed: nonconvergence_or_unstable_transition:{"n_training_months": 45, "n_observed_cells": 315, "n_missing_cells": 0, "iterations": 500, "relative_likelihood_change": 2.7904916073681056e-
2026-10-05 09:36:37,470 WARNING DFM-2_PLUS_PRODUCTION 2023Q4 H2 conservative failed: nonconvergence_or_unstable_transition:{"n_training_months": 45, "n_observed_cells": 315, "n_missing_cells": 0, "iterations": 500, "relative_likelihood_change": 2.7904916073681056e-
2026-10-05 09:36:37,470 INFO DFM-2_PLUS_PRODUCTION 2023Q4 H2 complete
2026-10-05 09:36:37,557 WARNING DFM-2_PLUS_PRODUCTION 2023Q4 H3 standard failed: nonconvergence_or_unstable_transition:{"n_training_months": 45, "n_observed_cells": 315, "n_missing_cells": 0, "iterations": 500, "relative_likelihood_change": 2.7904916073681056e-
2026-10-05 09:36:37,596 WARNING DFM-2_PLUS_PRODUCTION 2023Q4 H3 conservative failed: nonconvergence_or_unstable_transition:{"n_training_months": 45, "n_observed_cells": 315, "n_missing_cells": 0, "iterations": 500, "relative_likelihood_change": 2.7904916073681056e-
2026-10-05 09:36:37,596 INFO DFM-2_PLUS_PRODUCTION 2023Q4 H3 complete
2026-10-05 09:36:38,877 WARNING DFM-2_PLUS_PRODUCTION 2024Q1 H1 standard failed: nonconvergence_or_unstable_transition:{"n_training_months": 48, "n_observed_cells": 335, "n_missing_cells": 1, "iterations": 500, "relative_likelihood_change": 2.4478099308167004e-
2026-10-05 09:36:40,242 WARNING DFM-2_PLUS_PRODUCTION 2024Q1 H1 conservative failed: nonconvergence_or_unstable_transition:{"n_training_months": 48, "n_observed_cells": 334, "n_missing_cells": 2, "iterations": 500, "relative_likelihood_change": 2.448045048169385e-0
2026-10-05 09:36:40,243 INFO DFM-2_PLUS_PRODUCTION 2024Q1 H1 complete
2026-10-05 09:36:41,346 WARNING DFM-2_PLUS_PRODUCTION 2024Q1 H2 standard failed: nonconvergence_or_unstable_transition:{"n_training_months": 48, "n_observed_cells": 336, "n_missing_cells": 0, "iterations": 500, "relative_likelihood_change": 2.4394611209547683e-
2026-10-05 09:36:41,416 WARNING DFM-2_PLUS_PRODUCTION 2024Q1 H2 conservative failed: nonconvergence_or_unstable_transition:{"n_training_months": 48, "n_observed_cells": 336, "n_missing_cells": 0, "iterations": 500, "relative_likelihood_change": 2.4394611209547683e-
2026-10-05 09:36:41,417 INFO DFM-2_PLUS_PRODUCTION 2024Q1 H2 complete
2026-10-05 09:36:41,520 WARNING DFM-2_PLUS_PRODUCTION 2024Q1 H3 standard failed: nonconvergence_or_unstable_transition:{"n_training_months": 48, "n_observed_cells": 336, "n_missing_cells": 0, "iterations": 500, "relative_likelihood_change": 2.4394611209547683e-
2026-10-05 09:36:41,554 WARNING DFM-2_PLUS_PRODUCTION 2024Q1 H3 conservative failed: nonconvergence_or_unstable_transition:{"n_training_months": 48, "n_observed_cells": 336, "n_missing_cells": 0, "iterations": 500, "relative_likelihood_change": 2.4394611209547683e-
2026-10-05 09:36:41,554 INFO DFM-2_PLUS_PRODUCTION 2024Q1 H3 complete
2026-10-05 09:36:42,780 WARNING DFM-2_PLUS_PRODUCTION 2024Q2 H1 standard failed: nonconvergence_or_unstable_transition:{"n_training_months": 51, "n_observed_cells": 356, "n_missing_cells": 1, "iterations": 500, "relative_likelihood_change": 2.162506001390038e-0
2026-10-05 09:36:44,340 WARNING DFM-2_PLUS_PRODUCTION 2024Q2 H1 conservative failed: nonconvergence_or_unstable_transition:{"n_training_months": 51, "n_observed_cells": 355, "n_missing_cells": 2, "iterations": 500, "relative_likelihood_change": 2.1656872480579165e-
2026-10-05 09:36:44,340 INFO DFM-2_PLUS_PRODUCTION 2024Q2 H1 complete
2026-10-05 09:36:46,526 WARNING DFM-2_PLUS_PRODUCTION 2024Q2 H2 standard failed: nonconvergence_or_unstable_transition:{"n_training_months": 51, "n_observed_cells": 357, "n_missing_cells": 0, "iterations": 500, "relative_likelihood_change": 2.1556977405077756e-
2026-10-05 09:36:46,588 WARNING DFM-2_PLUS_PRODUCTION 2024Q2 H2 conservative failed: nonconvergence_or_unstable_transition:{"n_training_months": 51, "n_observed_cells": 357, "n_missing_cells": 0, "iterations": 500, "relative_likelihood_change": 2.1556977405077756e-
2026-10-05 09:36:46,589 INFO DFM-2_PLUS_PRODUCTION 2024Q2 H2 complete
2026-10-05 09:36:46,683 WARNING DFM-2_PLUS_PRODUCTION 2024Q2 H3 standard failed: nonconvergence_or_unstable_transition:{"n_training_months": 51, "n_observed_cells": 357, "n_missing_cells": 0, "iterations": 500, "relative_likelihood_change": 2.1556977405077756e-
2026-10-05 09:36:46,725 WARNING DFM-2_PLUS_PRODUCTION 2024Q2 H3 conservative failed: nonconvergence_or_unstable_transition:{"n_training_months": 51, "n_observed_cells": 357, "n_missing_cells": 0, "iterations": 500, "relative_likelihood_change": 2.1556977405077756e-
2026-10-05 09:36:46,725 INFO DFM-2_PLUS_PRODUCTION 2024Q2 H3 complete
2026-10-05 09:36:48,601 WARNING DFM-2_PLUS_PRODUCTION 2024Q3 H1 standard failed: nonconvergence_or_unstable_transition:{"n_training_months": 54, "n_observed_cells": 377, "n_missing_cells": 1, "iterations": 500, "relative_likelihood_change": 1.9241684163655655e-
2026-10-05 09:36:49,853 WARNING DFM-2_PLUS_PRODUCTION 2024Q3 H1 conservative failed: nonconvergence_or_unstable_transition:{"n_training_months": 54, "n_observed_cells": 376, "n_missing_cells": 2, "iterations": 500, "relative_likelihood_change": 1.9259410692890957e-
2026-10-05 09:36:49,853 INFO DFM-2_PLUS_PRODUCTION 2024Q3 H1 complete
2026-10-05 09:36:50,889 WARNING DFM-2_PLUS_PRODUCTION 2024Q3 H2 standard failed: nonconvergence_or_unstable_transition:{"n_training_months": 54, "n_observed_cells": 378, "n_missing_cells": 0, "iterations": 500, "relative_likelihood_change": 1.9185192333863327e-
2026-10-05 09:36:50,926 WARNING DFM-2_PLUS_PRODUCTION 2024Q3 H2 conservative failed: nonconvergence_or_unstable_transition:{"n_training_months": 54, "n_observed_cells": 378, "n_missing_cells": 0, "iterations": 500, "relative_likelihood_change": 1.9185192333863327e-
2026-10-05 09:36:50,926 INFO DFM-2_PLUS_PRODUCTION 2024Q3 H2 complete
2026-10-05 09:36:51,003 WARNING DFM-2_PLUS_PRODUCTION 2024Q3 H3 standard failed: nonconvergence_or_unstable_transition:{"n_training_months": 54, "n_observed_cells": 378, "n_missing_cells": 0, "iterations": 500, "relative_likelihood_change": 1.9185192333863327e-
2026-10-05 09:36:51,042 WARNING DFM-2_PLUS_PRODUCTION 2024Q3 H3 conservative failed: nonconvergence_or_unstable_transition:{"n_training_months": 54, "n_observed_cells": 378, "n_missing_cells": 0, "iterations": 500, "relative_likelihood_change": 1.9185192333863327e-
2026-10-05 09:36:51,043 INFO DFM-2_PLUS_PRODUCTION 2024Q3 H3 complete
2026-10-05 09:36:52,217 WARNING DFM-2_PLUS_PRODUCTION 2024Q4 H1 standard failed: nonconvergence_or_unstable_transition:{"n_training_months": 57, "n_observed_cells": 398, "n_missing_cells": 1, "iterations": 500, "relative_likelihood_change": 1.7193490821318538e-
2026-10-05 09:36:53,236 WARNING DFM-2_PLUS_PRODUCTION 2024Q4 H1 conservative failed: nonconvergence_or_unstable_transition:{"n_training_months": 57, "n_observed_cells": 397, "n_missing_cells": 2, "iterations": 500, "relative_likelihood_change": 1.725836436735722e-0
2026-10-05 09:36:53,237 INFO DFM-2_PLUS_PRODUCTION 2024Q4 H1 complete
2026-10-05 09:36:54,823 WARNING DFM-2_PLUS_PRODUCTION 2024Q4 H2 standard failed: nonconvergence_or_unstable_transition:{"n_training_months": 57, "n_observed_cells": 399, "n_missing_cells": 0, "iterations": 500, "relative_likelihood_change": 1.7157251443544895e-
2026-10-05 09:36:54,872 WARNING DFM-2_PLUS_PRODUCTION 2024Q4 H2 conservative failed: nonconvergence_or_unstable_transition:{"n_training_months": 57, "n_observed_cells": 399, "n_missing_cells": 0, "iterations": 500, "relative_likelihood_change": 1.7157251443544895e-
2026-10-05 09:36:54,873 INFO DFM-2_PLUS_PRODUCTION 2024Q4 H2 complete
2026-10-05 09:36:54,976 WARNING DFM-2_PLUS_PRODUCTION 2024Q4 H3 standard failed: nonconvergence_or_unstable_transition:{"n_training_months": 57, "n_observed_cells": 399, "n_missing_cells": 0, "iterations": 500, "relative_likelihood_change": 1.7157251443544895e-
2026-10-05 09:36:55,021 WARNING DFM-2_PLUS_PRODUCTION 2024Q4 H3 conservative failed: nonconvergence_or_unstable_transition:{"n_training_months": 57, "n_observed_cells": 399, "n_missing_cells": 0, "iterations": 500, "relative_likelihood_change": 1.7157251443544895e-
2026-10-05 09:36:55,022 INFO DFM-2_PLUS_PRODUCTION 2024Q4 H3 complete
2026-10-05 09:36:56,386 WARNING DFM-2_PLUS_PRODUCTION 2025Q1 H1 standard failed: nonconvergence_or_unstable_transition:{"n_training_months": 60, "n_observed_cells": 419, "n_missing_cells": 1, "iterations": 500, "relative_likelihood_change": 1.553871251024456e-0
2026-10-05 09:36:57,533 WARNING DFM-2_PLUS_PRODUCTION 2025Q1 H1 conservative failed: nonconvergence_or_unstable_transition:{"n_training_months": 60, "n_observed_cells": 418, "n_missing_cells": 2, "iterations": 500, "relative_likelihood_change": 1.5538187635820302e-
2026-10-05 09:36:57,533 INFO DFM-2_PLUS_PRODUCTION 2025Q1 H1 complete
2026-10-05 09:36:58,704 WARNING DFM-2_PLUS_PRODUCTION 2025Q1 H2 standard failed: nonconvergence_or_unstable_transition:{"n_training_months": 60, "n_observed_cells": 420, "n_missing_cells": 0, "iterations": 500, "relative_likelihood_change": 1.5500291466564203e-
2026-10-05 09:36:58,739 WARNING DFM-2_PLUS_PRODUCTION 2025Q1 H2 conservative failed: nonconvergence_or_unstable_transition:{"n_training_months": 60, "n_observed_cells": 420, "n_missing_cells": 0, "iterations": 500, "relative_likelihood_change": 1.5500291466564203e-
2026-10-05 09:36:58,739 INFO DFM-2_PLUS_PRODUCTION 2025Q1 H2 complete
2026-10-05 09:36:58,841 WARNING DFM-2_PLUS_PRODUCTION 2025Q1 H3 standard failed: nonconvergence_or_unstable_transition:{"n_training_months": 60, "n_observed_cells": 420, "n_missing_cells": 0, "iterations": 500, "relative_likelihood_change": 1.5500291466564203e-
2026-10-05 09:36:58,880 WARNING DFM-2_PLUS_PRODUCTION 2025Q1 H3 conservative failed: nonconvergence_or_unstable_transition:{"n_training_months": 60, "n_observed_cells": 420, "n_missing_cells": 0, "iterations": 500, "relative_likelihood_change": 1.5500291466564203e-
2026-10-05 09:36:58,880 INFO DFM-2_PLUS_PRODUCTION 2025Q1 H3 complete
2026-10-05 09:37:00,088 WARNING DFM-2_PLUS_PRODUCTION 2025Q2 H1 standard failed: nonconvergence_or_unstable_transition:{"n_training_months": 63, "n_observed_cells": 440, "n_missing_cells": 1, "iterations": 500, "relative_likelihood_change": 1.4135444497935092e-
2026-10-05 09:37:01,155 WARNING DFM-2_PLUS_PRODUCTION 2025Q2 H1 conservative failed: nonconvergence_or_unstable_transition:{"n_training_months": 63, "n_observed_cells": 439, "n_missing_cells": 2, "iterations": 500, "relative_likelihood_change": 1.413085289255461e-0
2026-10-05 09:37:01,155 INFO DFM-2_PLUS_PRODUCTION 2025Q2 H1 complete
2026-10-05 09:37:02,308 WARNING DFM-2_PLUS_PRODUCTION 2025Q2 H2 standard failed: nonconvergence_or_unstable_transition:{"n_training_months": 63, "n_observed_cells": 441, "n_missing_cells": 0, "iterations": 500, "relative_likelihood_change": 1.4101597763296497e-
2026-10-05 09:37:02,343 WARNING DFM-2_PLUS_PRODUCTION 2025Q2 H2 conservative failed: nonconvergence_or_unstable_transition:{"n_training_months": 63, "n_observed_cells": 441, "n_missing_cells": 0, "iterations": 500, "relative_likelihood_change": 1.4101597763296497e-
2026-10-05 09:37:02,343 INFO DFM-2_PLUS_PRODUCTION 2025Q2 H2 complete
2026-10-05 09:37:02,417 WARNING DFM-2_PLUS_PRODUCTION 2025Q2 H3 standard failed: nonconvergence_or_unstable_transition:{"n_training_months": 63, "n_observed_cells": 441, "n_missing_cells": 0, "iterations": 500, "relative_likelihood_change": 1.4101597763296497e-
2026-10-05 09:37:02,454 WARNING DFM-2_PLUS_PRODUCTION 2025Q2 H3 conservative failed: nonconvergence_or_unstable_transition:{"n_training_months": 63, "n_observed_cells": 441, "n_missing_cells": 0, "iterations": 500, "relative_likelihood_change": 1.4101597763296497e-
2026-10-05 09:37:02,455 INFO DFM-2_PLUS_PRODUCTION 2025Q2 H3 complete
2026-10-05 09:37:02,616 WARNING DFM-2_PLUS_DOMESTIC_DEMAND 2022Q1 H1 standard failed: unobserved_predictor
2026-10-05 09:37:02,622 WARNING DFM-2_PLUS_DOMESTIC_DEMAND 2022Q1 H1 conservative failed: unobserved_predictor
2026-10-05 09:37:02,622 INFO DFM-2_PLUS_DOMESTIC_DEMAND 2022Q1 H1 complete
2026-10-05 09:37:02,669 WARNING DFM-2_PLUS_DOMESTIC_DEMAND 2022Q1 H2 standard failed: fewer_than_36_training_months
2026-10-05 09:37:02,675 WARNING DFM-2_PLUS_DOMESTIC_DEMAND 2022Q1 H2 conservative failed: unobserved_predictor
2026-10-05 09:37:02,675 INFO DFM-2_PLUS_DOMESTIC_DEMAND 2022Q1 H2 complete
2026-10-05 09:37:02,728 WARNING DFM-2_PLUS_DOMESTIC_DEMAND 2022Q1 H3 standard failed: fewer_than_36_training_months
2026-10-05 09:37:02,737 WARNING DFM-2_PLUS_DOMESTIC_DEMAND 2022Q1 H3 conservative failed: fewer_than_36_training_months
2026-10-05 09:37:02,737 INFO DFM-2_PLUS_DOMESTIC_DEMAND 2022Q1 H3 complete
2026-10-05 09:37:02,783 WARNING DFM-2_PLUS_DOMESTIC_DEMAND 2022Q2 H1 standard failed: fewer_than_36_training_months
2026-10-05 09:37:02,790 WARNING DFM-2_PLUS_DOMESTIC_DEMAND 2022Q2 H1 conservative failed: fewer_than_36_training_months
2026-10-05 09:37:02,790 INFO DFM-2_PLUS_DOMESTIC_DEMAND 2022Q2 H1 complete
2026-10-05 09:37:02,835 WARNING DFM-2_PLUS_DOMESTIC_DEMAND 2022Q2 H2 standard failed: fewer_than_36_training_months
2026-10-05 09:37:02,841 WARNING DFM-2_PLUS_DOMESTIC_DEMAND 2022Q2 H2 conservative failed: fewer_than_36_training_months
2026-10-05 09:37:02,841 INFO DFM-2_PLUS_DOMESTIC_DEMAND 2022Q2 H2 complete
2026-10-05 09:37:02,888 WARNING DFM-2_PLUS_DOMESTIC_DEMAND 2022Q2 H3 standard failed: fewer_than_36_training_months
2026-10-05 09:37:02,898 WARNING DFM-2_PLUS_DOMESTIC_DEMAND 2022Q2 H3 conservative failed: fewer_than_36_training_months
2026-10-05 09:37:02,898 INFO DFM-2_PLUS_DOMESTIC_DEMAND 2022Q2 H3 complete
2026-10-05 09:37:02,949 WARNING DFM-2_PLUS_DOMESTIC_DEMAND 2022Q3 H1 standard failed: fewer_than_36_training_months
2026-10-05 09:37:02,956 WARNING DFM-2_PLUS_DOMESTIC_DEMAND 2022Q3 H1 conservative failed: fewer_than_36_training_months
2026-10-05 09:37:02,956 INFO DFM-2_PLUS_DOMESTIC_DEMAND 2022Q3 H1 complete
2026-10-05 09:37:03,018 WARNING DFM-2_PLUS_DOMESTIC_DEMAND 2022Q3 H2 standard failed: fewer_than_36_training_months
2026-10-05 09:37:03,024 WARNING DFM-2_PLUS_DOMESTIC_DEMAND 2022Q3 H2 conservative failed: fewer_than_36_training_months
2026-10-05 09:37:03,024 INFO DFM-2_PLUS_DOMESTIC_DEMAND 2022Q3 H2 complete
2026-10-05 09:37:03,084 WARNING DFM-2_PLUS_DOMESTIC_DEMAND 2022Q3 H3 standard failed: fewer_than_36_training_months
2026-10-05 09:37:03,092 WARNING DFM-2_PLUS_DOMESTIC_DEMAND 2022Q3 H3 conservative failed: fewer_than_36_training_months
2026-10-05 09:37:03,092 INFO DFM-2_PLUS_DOMESTIC_DEMAND 2022Q3 H3 complete
2026-10-05 09:37:03,148 WARNING DFM-2_PLUS_DOMESTIC_DEMAND 2022Q4 H1 standard failed: fewer_than_36_training_months
2026-10-05 09:37:03,155 WARNING DFM-2_PLUS_DOMESTIC_DEMAND 2022Q4 H1 conservative failed: fewer_than_36_training_months
2026-10-05 09:37:03,156 INFO DFM-2_PLUS_DOMESTIC_DEMAND 2022Q4 H1 complete
2026-10-05 09:37:03,213 WARNING DFM-2_PLUS_DOMESTIC_DEMAND 2022Q4 H2 standard failed: fewer_than_36_training_months
2026-10-05 09:37:03,222 WARNING DFM-2_PLUS_DOMESTIC_DEMAND 2022Q4 H2 conservative failed: fewer_than_36_training_months
2026-10-05 09:37:03,222 INFO DFM-2_PLUS_DOMESTIC_DEMAND 2022Q4 H2 complete
2026-10-05 09:37:03,286 WARNING DFM-2_PLUS_DOMESTIC_DEMAND 2022Q4 H3 standard failed: fewer_than_36_training_months
2026-10-05 09:37:03,298 WARNING DFM-2_PLUS_DOMESTIC_DEMAND 2022Q4 H3 conservative failed: fewer_than_36_training_months
2026-10-05 09:37:03,298 INFO DFM-2_PLUS_DOMESTIC_DEMAND 2022Q4 H3 complete
2026-10-05 09:37:03,355 WARNING DFM-2_PLUS_DOMESTIC_DEMAND 2023Q1 H1 standard failed: fewer_than_36_training_months
2026-10-05 09:37:03,365 WARNING DFM-2_PLUS_DOMESTIC_DEMAND 2023Q1 H1 conservative failed: fewer_than_36_training_months
2026-10-05 09:37:03,365 INFO DFM-2_PLUS_DOMESTIC_DEMAND 2023Q1 H1 complete
2026-10-05 09:37:03,430 WARNING DFM-2_PLUS_DOMESTIC_DEMAND 2023Q1 H2 standard failed: fewer_than_36_training_months
2026-10-05 09:37:03,438 WARNING DFM-2_PLUS_DOMESTIC_DEMAND 2023Q1 H2 conservative failed: fewer_than_36_training_months
2026-10-05 09:37:03,438 INFO DFM-2_PLUS_DOMESTIC_DEMAND 2023Q1 H2 complete
2026-10-05 09:37:03,501 WARNING DFM-2_PLUS_DOMESTIC_DEMAND 2023Q1 H3 standard failed: fewer_than_36_training_months
2026-10-05 09:37:03,508 WARNING DFM-2_PLUS_DOMESTIC_DEMAND 2023Q1 H3 conservative failed: fewer_than_36_training_months
2026-10-05 09:37:03,508 INFO DFM-2_PLUS_DOMESTIC_DEMAND 2023Q1 H3 complete
2026-10-05 09:37:03,575 WARNING DFM-2_PLUS_DOMESTIC_DEMAND 2023Q2 H1 standard failed: fewer_than_36_training_months
2026-10-05 09:37:03,587 WARNING DFM-2_PLUS_DOMESTIC_DEMAND 2023Q2 H1 conservative failed: fewer_than_36_training_months
2026-10-05 09:37:03,587 INFO DFM-2_PLUS_DOMESTIC_DEMAND 2023Q2 H1 complete
2026-10-05 09:37:03,687 WARNING DFM-2_PLUS_DOMESTIC_DEMAND 2023Q2 H2 standard failed: fewer_than_36_training_months
2026-10-05 09:37:03,699 WARNING DFM-2_PLUS_DOMESTIC_DEMAND 2023Q2 H2 conservative failed: fewer_than_36_training_months
2026-10-05 09:37:03,699 INFO DFM-2_PLUS_DOMESTIC_DEMAND 2023Q2 H2 complete
2026-10-05 09:37:03,788 WARNING DFM-2_PLUS_DOMESTIC_DEMAND 2023Q2 H3 standard failed: fewer_than_36_training_months
2026-10-05 09:37:03,797 WARNING DFM-2_PLUS_DOMESTIC_DEMAND 2023Q2 H3 conservative failed: fewer_than_36_training_months
2026-10-05 09:37:03,797 INFO DFM-2_PLUS_DOMESTIC_DEMAND 2023Q2 H3 complete
2026-10-05 09:37:03,854 WARNING DFM-2_PLUS_DOMESTIC_DEMAND 2023Q3 H1 standard failed: fewer_than_36_training_months
2026-10-05 09:37:03,867 WARNING DFM-2_PLUS_DOMESTIC_DEMAND 2023Q3 H1 conservative failed: fewer_than_36_training_months
2026-10-05 09:37:03,867 INFO DFM-2_PLUS_DOMESTIC_DEMAND 2023Q3 H1 complete
2026-10-05 09:37:03,933 WARNING DFM-2_PLUS_DOMESTIC_DEMAND 2023Q3 H2 standard failed: fewer_than_36_training_months
2026-10-05 09:37:03,939 WARNING DFM-2_PLUS_DOMESTIC_DEMAND 2023Q3 H2 conservative failed: fewer_than_36_training_months
2026-10-05 09:37:03,940 INFO DFM-2_PLUS_DOMESTIC_DEMAND 2023Q3 H2 complete
2026-10-05 09:37:03,987 WARNING DFM-2_PLUS_DOMESTIC_DEMAND 2023Q3 H3 standard failed: fewer_than_36_training_months
2026-10-05 09:37:03,995 WARNING DFM-2_PLUS_DOMESTIC_DEMAND 2023Q3 H3 conservative failed: fewer_than_36_training_months
2026-10-05 09:37:03,995 INFO DFM-2_PLUS_DOMESTIC_DEMAND 2023Q3 H3 complete
2026-10-05 09:37:04,046 WARNING DFM-2_PLUS_DOMESTIC_DEMAND 2023Q4 H1 standard failed: fewer_than_36_training_months
2026-10-05 09:37:04,053 WARNING DFM-2_PLUS_DOMESTIC_DEMAND 2023Q4 H1 conservative failed: fewer_than_36_training_months
2026-10-05 09:37:04,053 INFO DFM-2_PLUS_DOMESTIC_DEMAND 2023Q4 H1 complete
2026-10-05 09:37:04,099 WARNING DFM-2_PLUS_DOMESTIC_DEMAND 2023Q4 H2 standard failed: fewer_than_36_training_months
2026-10-05 09:37:04,106 WARNING DFM-2_PLUS_DOMESTIC_DEMAND 2023Q4 H2 conservative failed: fewer_than_36_training_months
2026-10-05 09:37:04,106 INFO DFM-2_PLUS_DOMESTIC_DEMAND 2023Q4 H2 complete
2026-10-05 09:37:04,153 WARNING DFM-2_PLUS_DOMESTIC_DEMAND 2023Q4 H3 standard failed: fewer_than_36_training_months
2026-10-05 09:37:04,164 WARNING DFM-2_PLUS_DOMESTIC_DEMAND 2023Q4 H3 conservative failed: fewer_than_36_training_months
2026-10-05 09:37:04,164 INFO DFM-2_PLUS_DOMESTIC_DEMAND 2023Q4 H3 complete
2026-10-05 09:37:04,213 WARNING DFM-2_PLUS_DOMESTIC_DEMAND 2024Q1 H1 standard failed: fewer_than_36_training_months
2026-10-05 09:37:04,220 WARNING DFM-2_PLUS_DOMESTIC_DEMAND 2024Q1 H1 conservative failed: fewer_than_36_training_months
2026-10-05 09:37:04,220 INFO DFM-2_PLUS_DOMESTIC_DEMAND 2024Q1 H1 complete
2026-10-05 09:37:04,266 WARNING DFM-2_PLUS_DOMESTIC_DEMAND 2024Q1 H2 standard failed: fewer_than_36_training_months
2026-10-05 09:37:04,274 WARNING DFM-2_PLUS_DOMESTIC_DEMAND 2024Q1 H2 conservative failed: fewer_than_36_training_months
2026-10-05 09:37:04,274 INFO DFM-2_PLUS_DOMESTIC_DEMAND 2024Q1 H2 complete
2026-10-05 09:37:04,322 WARNING DFM-2_PLUS_DOMESTIC_DEMAND 2024Q1 H3 standard failed: fewer_than_36_training_months
2026-10-05 09:37:04,330 WARNING DFM-2_PLUS_DOMESTIC_DEMAND 2024Q1 H3 conservative failed: fewer_than_36_training_months
2026-10-05 09:37:04,330 INFO DFM-2_PLUS_DOMESTIC_DEMAND 2024Q1 H3 complete
2026-10-05 09:37:04,398 WARNING DFM-2_PLUS_DOMESTIC_DEMAND 2024Q2 H1 standard failed: fewer_than_36_training_months
2026-10-05 09:37:04,408 WARNING DFM-2_PLUS_DOMESTIC_DEMAND 2024Q2 H1 conservative failed: fewer_than_36_training_months
2026-10-05 09:37:04,408 INFO DFM-2_PLUS_DOMESTIC_DEMAND 2024Q2 H1 complete
2026-10-05 09:37:04,458 WARNING DFM-2_PLUS_DOMESTIC_DEMAND 2024Q2 H2 standard failed: fewer_than_36_training_months
2026-10-05 09:37:04,466 WARNING DFM-2_PLUS_DOMESTIC_DEMAND 2024Q2 H2 conservative failed: fewer_than_36_training_months
2026-10-05 09:37:04,466 INFO DFM-2_PLUS_DOMESTIC_DEMAND 2024Q2 H2 complete
2026-10-05 09:37:04,515 WARNING DFM-2_PLUS_DOMESTIC_DEMAND 2024Q2 H3 standard failed: fewer_than_36_training_months
2026-10-05 09:37:04,521 WARNING DFM-2_PLUS_DOMESTIC_DEMAND 2024Q2 H3 conservative failed: fewer_than_36_training_months
2026-10-05 09:37:04,521 INFO DFM-2_PLUS_DOMESTIC_DEMAND 2024Q2 H3 complete
2026-10-05 09:37:04,581 WARNING DFM-2_PLUS_DOMESTIC_DEMAND 2024Q3 H1 standard failed: fewer_than_36_training_months
2026-10-05 09:37:04,588 WARNING DFM-2_PLUS_DOMESTIC_DEMAND 2024Q3 H1 conservative failed: fewer_than_36_training_months
2026-10-05 09:37:04,588 INFO DFM-2_PLUS_DOMESTIC_DEMAND 2024Q3 H1 complete
2026-10-05 09:37:04,639 WARNING DFM-2_PLUS_DOMESTIC_DEMAND 2024Q3 H2 standard failed: fewer_than_36_training_months
2026-10-05 09:37:04,647 WARNING DFM-2_PLUS_DOMESTIC_DEMAND 2024Q3 H2 conservative failed: fewer_than_36_training_months
2026-10-05 09:37:04,647 INFO DFM-2_PLUS_DOMESTIC_DEMAND 2024Q3 H2 complete
2026-10-05 09:37:04,698 WARNING DFM-2_PLUS_DOMESTIC_DEMAND 2024Q3 H3 standard failed: fewer_than_36_training_months
2026-10-05 09:37:04,706 WARNING DFM-2_PLUS_DOMESTIC_DEMAND 2024Q3 H3 conservative failed: fewer_than_36_training_months
2026-10-05 09:37:04,707 INFO DFM-2_PLUS_DOMESTIC_DEMAND 2024Q3 H3 complete
2026-10-05 09:37:04,754 WARNING DFM-2_PLUS_DOMESTIC_DEMAND 2024Q4 H1 standard failed: fewer_than_36_training_months
2026-10-05 09:37:04,763 WARNING DFM-2_PLUS_DOMESTIC_DEMAND 2024Q4 H1 conservative failed: fewer_than_36_training_months
2026-10-05 09:37:04,763 INFO DFM-2_PLUS_DOMESTIC_DEMAND 2024Q4 H1 complete
2026-10-05 09:37:04,811 WARNING DFM-2_PLUS_DOMESTIC_DEMAND 2024Q4 H2 standard failed: fewer_than_36_training_months
2026-10-05 09:37:04,819 WARNING DFM-2_PLUS_DOMESTIC_DEMAND 2024Q4 H2 conservative failed: fewer_than_36_training_months
2026-10-05 09:37:04,819 INFO DFM-2_PLUS_DOMESTIC_DEMAND 2024Q4 H2 complete
2026-10-05 09:37:04,868 WARNING DFM-2_PLUS_DOMESTIC_DEMAND 2024Q4 H3 standard failed: fewer_than_36_training_months
2026-10-05 09:37:04,875 WARNING DFM-2_PLUS_DOMESTIC_DEMAND 2024Q4 H3 conservative failed: fewer_than_36_training_months
2026-10-05 09:37:04,875 INFO DFM-2_PLUS_DOMESTIC_DEMAND 2024Q4 H3 complete
2026-10-05 09:37:05,954 WARNING DFM-2_PLUS_DOMESTIC_DEMAND 2025Q1 H1 standard failed: nonconvergence_or_unstable_transition:{"n_training_months": 36, "n_observed_cells": 288, "n_missing_cells": 0, "iterations": 500, "relative_likelihood_change": 3.812609792942855e-0
2026-10-05 09:37:07,337 WARNING DFM-2_PLUS_DOMESTIC_DEMAND 2025Q1 H1 conservative failed: nonconvergence_or_unstable_transition:{"n_training_months": 36, "n_observed_cells": 285, "n_missing_cells": 3, "iterations": 500, "relative_likelihood_change": 3.8453906603650455e-
2026-10-05 09:37:07,337 INFO DFM-2_PLUS_DOMESTIC_DEMAND 2025Q1 H1 complete
2026-10-05 09:37:07,461 WARNING DFM-2_PLUS_DOMESTIC_DEMAND 2025Q1 H2 standard failed: nonconvergence_or_unstable_transition:{"n_training_months": 36, "n_observed_cells": 288, "n_missing_cells": 0, "iterations": 500, "relative_likelihood_change": 3.812609792942855e-0
2026-10-05 09:37:07,507 WARNING DFM-2_PLUS_DOMESTIC_DEMAND 2025Q1 H2 conservative failed: nonconvergence_or_unstable_transition:{"n_training_months": 36, "n_observed_cells": 288, "n_missing_cells": 0, "iterations": 500, "relative_likelihood_change": 3.812609792942855e-0
2026-10-05 09:37:07,507 INFO DFM-2_PLUS_DOMESTIC_DEMAND 2025Q1 H2 complete
2026-10-05 09:37:07,610 WARNING DFM-2_PLUS_DOMESTIC_DEMAND 2025Q1 H3 standard failed: nonconvergence_or_unstable_transition:{"n_training_months": 36, "n_observed_cells": 288, "n_missing_cells": 0, "iterations": 500, "relative_likelihood_change": 3.812609792942855e-0
2026-10-05 09:37:07,661 WARNING DFM-2_PLUS_DOMESTIC_DEMAND 2025Q1 H3 conservative failed: nonconvergence_or_unstable_transition:{"n_training_months": 36, "n_observed_cells": 288, "n_missing_cells": 0, "iterations": 500, "relative_likelihood_change": 3.812609792942855e-0
2026-10-05 09:37:07,662 INFO DFM-2_PLUS_DOMESTIC_DEMAND 2025Q1 H3 complete
2026-10-05 09:37:08,925 WARNING DFM-2_PLUS_DOMESTIC_DEMAND 2025Q2 H1 standard failed: nonconvergence_or_unstable_transition:{"n_training_months": 39, "n_observed_cells": 312, "n_missing_cells": 0, "iterations": 500, "relative_likelihood_change": 3.2503375442127085e-
2026-10-05 09:37:10,175 WARNING DFM-2_PLUS_DOMESTIC_DEMAND 2025Q2 H1 conservative failed: nonconvergence_or_unstable_transition:{"n_training_months": 39, "n_observed_cells": 309, "n_missing_cells": 3, "iterations": 500, "relative_likelihood_change": 3.278483760329916e-0
2026-10-05 09:37:10,175 INFO DFM-2_PLUS_DOMESTIC_DEMAND 2025Q2 H1 complete
2026-10-05 09:37:10,248 WARNING DFM-2_PLUS_DOMESTIC_DEMAND 2025Q2 H2 standard failed: nonconvergence_or_unstable_transition:{"n_training_months": 39, "n_observed_cells": 312, "n_missing_cells": 0, "iterations": 500, "relative_likelihood_change": 3.2503375442127085e-
2026-10-05 09:37:10,282 WARNING DFM-2_PLUS_DOMESTIC_DEMAND 2025Q2 H2 conservative failed: nonconvergence_or_unstable_transition:{"n_training_months": 39, "n_observed_cells": 312, "n_missing_cells": 0, "iterations": 500, "relative_likelihood_change": 3.2503375442127085e-
2026-10-05 09:37:10,283 INFO DFM-2_PLUS_DOMESTIC_DEMAND 2025Q2 H2 complete
2026-10-05 09:37:10,358 WARNING DFM-2_PLUS_DOMESTIC_DEMAND 2025Q2 H3 standard failed: nonconvergence_or_unstable_transition:{"n_training_months": 39, "n_observed_cells": 312, "n_missing_cells": 0, "iterations": 500, "relative_likelihood_change": 3.2503375442127085e-
2026-10-05 09:37:10,395 WARNING DFM-2_PLUS_DOMESTIC_DEMAND 2025Q2 H3 conservative failed: nonconvergence_or_unstable_transition:{"n_training_months": 39, "n_observed_cells": 312, "n_missing_cells": 0, "iterations": 500, "relative_likelihood_change": 3.2503375442127085e-
2026-10-05 09:37:10,396 INFO DFM-2_PLUS_DOMESTIC_DEMAND 2025Q2 H3 complete
2026-10-05 09:37:10,592 WARNING DFM-2_PLUS_PRICES 2022Q1 H1 standard failed: fewer_than_36_training_months
2026-10-05 09:37:10,603 WARNING DFM-2_PLUS_PRICES 2022Q1 H1 conservative failed: fewer_than_36_training_months
2026-10-05 09:37:10,604 INFO DFM-2_PLUS_PRICES 2022Q1 H1 complete
2026-10-05 09:37:10,658 WARNING DFM-2_PLUS_PRICES 2022Q1 H2 standard failed: fewer_than_36_training_months
2026-10-05 09:37:10,666 WARNING DFM-2_PLUS_PRICES 2022Q1 H2 conservative failed: fewer_than_36_training_months
2026-10-05 09:37:10,666 INFO DFM-2_PLUS_PRICES 2022Q1 H2 complete
2026-10-05 09:37:10,729 WARNING DFM-2_PLUS_PRICES 2022Q1 H3 standard failed: fewer_than_36_training_months
2026-10-05 09:37:10,739 WARNING DFM-2_PLUS_PRICES 2022Q1 H3 conservative failed: fewer_than_36_training_months
2026-10-05 09:37:10,739 INFO DFM-2_PLUS_PRICES 2022Q1 H3 complete
2026-10-05 09:37:10,792 WARNING DFM-2_PLUS_PRICES 2022Q2 H1 standard failed: fewer_than_36_training_months
2026-10-05 09:37:10,799 WARNING DFM-2_PLUS_PRICES 2022Q2 H1 conservative failed: fewer_than_36_training_months
2026-10-05 09:37:10,799 INFO DFM-2_PLUS_PRICES 2022Q2 H1 complete
2026-10-05 09:37:10,857 WARNING DFM-2_PLUS_PRICES 2022Q2 H2 standard failed: fewer_than_36_training_months
2026-10-05 09:37:10,865 WARNING DFM-2_PLUS_PRICES 2022Q2 H2 conservative failed: fewer_than_36_training_months
2026-10-05 09:37:10,865 INFO DFM-2_PLUS_PRICES 2022Q2 H2 complete
2026-10-05 09:37:10,959 WARNING DFM-2_PLUS_PRICES 2022Q2 H3 standard failed: fewer_than_36_training_months
2026-10-05 09:37:10,975 WARNING DFM-2_PLUS_PRICES 2022Q2 H3 conservative failed: fewer_than_36_training_months
2026-10-05 09:37:10,975 INFO DFM-2_PLUS_PRICES 2022Q2 H3 complete
2026-10-05 09:37:11,077 WARNING DFM-2_PLUS_PRICES 2022Q3 H1 standard failed: fewer_than_36_training_months
2026-10-05 09:37:11,095 WARNING DFM-2_PLUS_PRICES 2022Q3 H1 conservative failed: fewer_than_36_training_months
2026-10-05 09:37:11,095 INFO DFM-2_PLUS_PRICES 2022Q3 H1 complete
2026-10-05 09:37:11,179 WARNING DFM-2_PLUS_PRICES 2022Q3 H2 standard failed: fewer_than_36_training_months
2026-10-05 09:37:11,191 WARNING DFM-2_PLUS_PRICES 2022Q3 H2 conservative failed: fewer_than_36_training_months
2026-10-05 09:37:11,192 INFO DFM-2_PLUS_PRICES 2022Q3 H2 complete
2026-10-05 09:37:11,266 WARNING DFM-2_PLUS_PRICES 2022Q3 H3 standard failed: fewer_than_36_training_months
2026-10-05 09:37:11,277 WARNING DFM-2_PLUS_PRICES 2022Q3 H3 conservative failed: fewer_than_36_training_months
2026-10-05 09:37:11,277 INFO DFM-2_PLUS_PRICES 2022Q3 H3 complete
2026-10-05 09:37:11,374 WARNING DFM-2_PLUS_PRICES 2022Q4 H1 standard failed: fewer_than_36_training_months
2026-10-05 09:37:11,389 WARNING DFM-2_PLUS_PRICES 2022Q4 H1 conservative failed: fewer_than_36_training_months
2026-10-05 09:37:11,390 INFO DFM-2_PLUS_PRICES 2022Q4 H1 complete
2026-10-05 09:37:11,468 WARNING DFM-2_PLUS_PRICES 2022Q4 H2 standard failed: fewer_than_36_training_months
2026-10-05 09:37:11,482 WARNING DFM-2_PLUS_PRICES 2022Q4 H2 conservative failed: fewer_than_36_training_months
2026-10-05 09:37:11,482 INFO DFM-2_PLUS_PRICES 2022Q4 H2 complete
2026-10-05 09:37:11,597 WARNING DFM-2_PLUS_PRICES 2022Q4 H3 standard failed: fewer_than_36_training_months
2026-10-05 09:37:11,612 WARNING DFM-2_PLUS_PRICES 2022Q4 H3 conservative failed: fewer_than_36_training_months
2026-10-05 09:37:11,613 INFO DFM-2_PLUS_PRICES 2022Q4 H3 complete
2026-10-05 09:37:11,702 WARNING DFM-2_PLUS_PRICES 2023Q1 H1 standard failed: fewer_than_36_training_months
2026-10-05 09:37:11,708 WARNING DFM-2_PLUS_PRICES 2023Q1 H1 conservative failed: fewer_than_36_training_months
2026-10-05 09:37:11,708 INFO DFM-2_PLUS_PRICES 2023Q1 H1 complete
2026-10-05 09:37:11,754 WARNING DFM-2_PLUS_PRICES 2023Q1 H2 standard failed: fewer_than_36_training_months
2026-10-05 09:37:11,762 WARNING DFM-2_PLUS_PRICES 2023Q1 H2 conservative failed: fewer_than_36_training_months
2026-10-05 09:37:11,762 INFO DFM-2_PLUS_PRICES 2023Q1 H2 complete
2026-10-05 09:37:11,806 WARNING DFM-2_PLUS_PRICES 2023Q1 H3 standard failed: fewer_than_36_training_months
2026-10-05 09:37:11,813 WARNING DFM-2_PLUS_PRICES 2023Q1 H3 conservative failed: fewer_than_36_training_months
2026-10-05 09:37:11,813 INFO DFM-2_PLUS_PRICES 2023Q1 H3 complete
2026-10-05 09:37:11,866 WARNING DFM-2_PLUS_PRICES 2023Q2 H1 standard failed: fewer_than_36_training_months
2026-10-05 09:37:11,876 WARNING DFM-2_PLUS_PRICES 2023Q2 H1 conservative failed: fewer_than_36_training_months
2026-10-05 09:37:11,876 INFO DFM-2_PLUS_PRICES 2023Q2 H1 complete
2026-10-05 09:37:11,935 WARNING DFM-2_PLUS_PRICES 2023Q2 H2 standard failed: fewer_than_36_training_months
2026-10-05 09:37:11,948 WARNING DFM-2_PLUS_PRICES 2023Q2 H2 conservative failed: fewer_than_36_training_months
2026-10-05 09:37:11,948 INFO DFM-2_PLUS_PRICES 2023Q2 H2 complete
2026-10-05 09:37:12,011 WARNING DFM-2_PLUS_PRICES 2023Q2 H3 standard failed: fewer_than_36_training_months
2026-10-05 09:37:12,022 WARNING DFM-2_PLUS_PRICES 2023Q2 H3 conservative failed: fewer_than_36_training_months
2026-10-05 09:37:12,024 INFO DFM-2_PLUS_PRICES 2023Q2 H3 complete
2026-10-05 09:37:12,085 WARNING DFM-2_PLUS_PRICES 2023Q3 H1 standard failed: fewer_than_36_training_months
2026-10-05 09:37:12,095 WARNING DFM-2_PLUS_PRICES 2023Q3 H1 conservative failed: fewer_than_36_training_months
2026-10-05 09:37:12,095 INFO DFM-2_PLUS_PRICES 2023Q3 H1 complete
2026-10-05 09:37:12,157 WARNING DFM-2_PLUS_PRICES 2023Q3 H2 standard failed: fewer_than_36_training_months
2026-10-05 09:37:12,164 WARNING DFM-2_PLUS_PRICES 2023Q3 H2 conservative failed: fewer_than_36_training_months
2026-10-05 09:37:12,164 INFO DFM-2_PLUS_PRICES 2023Q3 H2 complete
2026-10-05 09:37:12,226 WARNING DFM-2_PLUS_PRICES 2023Q3 H3 standard failed: fewer_than_36_training_months
2026-10-05 09:37:12,235 WARNING DFM-2_PLUS_PRICES 2023Q3 H3 conservative failed: fewer_than_36_training_months
2026-10-05 09:37:12,235 INFO DFM-2_PLUS_PRICES 2023Q3 H3 complete
2026-10-05 09:37:12,293 WARNING DFM-2_PLUS_PRICES 2023Q4 H1 standard failed: fewer_than_36_training_months
2026-10-05 09:37:12,300 WARNING DFM-2_PLUS_PRICES 2023Q4 H1 conservative failed: fewer_than_36_training_months
2026-10-05 09:37:12,300 INFO DFM-2_PLUS_PRICES 2023Q4 H1 complete
2026-10-05 09:37:12,346 WARNING DFM-2_PLUS_PRICES 2023Q4 H2 standard failed: fewer_than_36_training_months
2026-10-05 09:37:12,355 WARNING DFM-2_PLUS_PRICES 2023Q4 H2 conservative failed: fewer_than_36_training_months
2026-10-05 09:37:12,355 INFO DFM-2_PLUS_PRICES 2023Q4 H2 complete
2026-10-05 09:37:12,399 WARNING DFM-2_PLUS_PRICES 2023Q4 H3 standard failed: fewer_than_36_training_months
2026-10-05 09:37:12,406 WARNING DFM-2_PLUS_PRICES 2023Q4 H3 conservative failed: fewer_than_36_training_months
2026-10-05 09:37:12,407 INFO DFM-2_PLUS_PRICES 2023Q4 H3 complete
2026-10-05 09:37:13,424 WARNING DFM-2_PLUS_PRICES 2024Q1 H1 standard failed: nonconvergence_or_unstable_transition:{"n_training_months": 36, "n_observed_cells": 252, "n_missing_cells": 0, "iterations": 500, "relative_likelihood_change": 4.2046846759020564e-
2026-10-05 09:37:14,998 WARNING DFM-2_PLUS_PRICES 2024Q1 H1 conservative failed: nonconvergence_or_unstable_transition:{"n_training_months": 36, "n_observed_cells": 251, "n_missing_cells": 1, "iterations": 500, "relative_likelihood_change": 4.2220481502621356e-
2026-10-05 09:37:14,999 INFO DFM-2_PLUS_PRICES 2024Q1 H1 complete
2026-10-05 09:37:15,074 WARNING DFM-2_PLUS_PRICES 2024Q1 H2 standard failed: nonconvergence_or_unstable_transition:{"n_training_months": 36, "n_observed_cells": 252, "n_missing_cells": 0, "iterations": 500, "relative_likelihood_change": 4.2046846759020564e-
2026-10-05 09:37:15,107 WARNING DFM-2_PLUS_PRICES 2024Q1 H2 conservative failed: nonconvergence_or_unstable_transition:{"n_training_months": 36, "n_observed_cells": 252, "n_missing_cells": 0, "iterations": 500, "relative_likelihood_change": 4.2046846759020564e-
2026-10-05 09:37:15,107 INFO DFM-2_PLUS_PRICES 2024Q1 H2 complete
2026-10-05 09:37:15,185 WARNING DFM-2_PLUS_PRICES 2024Q1 H3 standard failed: nonconvergence_or_unstable_transition:{"n_training_months": 36, "n_observed_cells": 252, "n_missing_cells": 0, "iterations": 500, "relative_likelihood_change": 4.2046846759020564e-
2026-10-05 09:37:15,207 WARNING DFM-2_PLUS_PRICES 2024Q1 H3 conservative failed: nonconvergence_or_unstable_transition:{"n_training_months": 36, "n_observed_cells": 252, "n_missing_cells": 0, "iterations": 500, "relative_likelihood_change": 4.2046846759020564e-
2026-10-05 09:37:15,207 INFO DFM-2_PLUS_PRICES 2024Q1 H3 complete
2026-10-05 09:37:16,124 INFO DFM-2_PLUS_PRICES 2024Q2 H1 complete
2026-10-05 09:37:16,632 INFO DFM-2_PLUS_PRICES 2024Q2 H2 complete
2026-10-05 09:37:17,117 INFO DFM-2_PLUS_PRICES 2024Q2 H3 complete
2026-10-05 09:37:24,482 WARNING DFM-2_PLUS_PRICES 2024Q3 H1 standard failed: nonconvergence_or_unstable_transition:{"n_training_months": 42, "n_observed_cells": 294, "n_missing_cells": 0, "iterations": 500, "relative_likelihood_change": 3.074348683420217e-0
2026-10-05 09:37:26,676 WARNING DFM-2_PLUS_PRICES 2024Q3 H1 conservative failed: nonconvergence_or_unstable_transition:{"n_training_months": 42, "n_observed_cells": 293, "n_missing_cells": 1, "iterations": 500, "relative_likelihood_change": 3.085762990229252e-0
2026-10-05 09:37:26,676 INFO DFM-2_PLUS_PRICES 2024Q3 H1 complete
2026-10-05 09:37:26,749 WARNING DFM-2_PLUS_PRICES 2024Q3 H2 standard failed: nonconvergence_or_unstable_transition:{"n_training_months": 42, "n_observed_cells": 294, "n_missing_cells": 0, "iterations": 500, "relative_likelihood_change": 3.074348683420217e-0
2026-10-05 09:37:26,786 WARNING DFM-2_PLUS_PRICES 2024Q3 H2 conservative failed: nonconvergence_or_unstable_transition:{"n_training_months": 42, "n_observed_cells": 294, "n_missing_cells": 0, "iterations": 500, "relative_likelihood_change": 3.074348683420217e-0
2026-10-05 09:37:26,786 INFO DFM-2_PLUS_PRICES 2024Q3 H2 complete
2026-10-05 09:37:26,909 WARNING DFM-2_PLUS_PRICES 2024Q3 H3 standard failed: nonconvergence_or_unstable_transition:{"n_training_months": 42, "n_observed_cells": 294, "n_missing_cells": 0, "iterations": 500, "relative_likelihood_change": 3.074348683420217e-0
2026-10-05 09:37:26,949 WARNING DFM-2_PLUS_PRICES 2024Q3 H3 conservative failed: nonconvergence_or_unstable_transition:{"n_training_months": 42, "n_observed_cells": 294, "n_missing_cells": 0, "iterations": 500, "relative_likelihood_change": 3.074348683420217e-0
2026-10-05 09:37:26,949 INFO DFM-2_PLUS_PRICES 2024Q3 H3 complete
2026-10-05 09:37:28,183 WARNING DFM-2_PLUS_PRICES 2024Q4 H1 standard failed: nonconvergence_or_unstable_transition:{"n_training_months": 45, "n_observed_cells": 315, "n_missing_cells": 0, "iterations": 500, "relative_likelihood_change": 2.6491603350701192e-
2026-10-05 09:37:29,425 WARNING DFM-2_PLUS_PRICES 2024Q4 H1 conservative failed: nonconvergence_or_unstable_transition:{"n_training_months": 45, "n_observed_cells": 314, "n_missing_cells": 1, "iterations": 500, "relative_likelihood_change": 2.6571130209846933e-
2026-10-05 09:37:29,425 INFO DFM-2_PLUS_PRICES 2024Q4 H1 complete
2026-10-05 09:37:29,530 WARNING DFM-2_PLUS_PRICES 2024Q4 H2 standard failed: nonconvergence_or_unstable_transition:{"n_training_months": 45, "n_observed_cells": 315, "n_missing_cells": 0, "iterations": 500, "relative_likelihood_change": 2.6491603350701192e-
2026-10-05 09:37:29,692 WARNING DFM-2_PLUS_PRICES 2024Q4 H2 conservative failed: nonconvergence_or_unstable_transition:{"n_training_months": 45, "n_observed_cells": 315, "n_missing_cells": 0, "iterations": 500, "relative_likelihood_change": 2.6491603350701192e-
2026-10-05 09:37:29,692 INFO DFM-2_PLUS_PRICES 2024Q4 H2 complete
2026-10-05 09:37:29,778 WARNING DFM-2_PLUS_PRICES 2024Q4 H3 standard failed: nonconvergence_or_unstable_transition:{"n_training_months": 45, "n_observed_cells": 315, "n_missing_cells": 0, "iterations": 500, "relative_likelihood_change": 2.6491603350701192e-
2026-10-05 09:37:29,813 WARNING DFM-2_PLUS_PRICES 2024Q4 H3 conservative failed: nonconvergence_or_unstable_transition:{"n_training_months": 45, "n_observed_cells": 315, "n_missing_cells": 0, "iterations": 500, "relative_likelihood_change": 2.6491603350701192e-
2026-10-05 09:37:29,814 INFO DFM-2_PLUS_PRICES 2024Q4 H3 complete
2026-10-05 09:37:30,070 INFO DFM-2_PLUS_PRICES 2025Q1 H1 complete
2026-10-05 09:37:30,192 INFO DFM-2_PLUS_PRICES 2025Q1 H2 complete
2026-10-05 09:37:30,337 INFO DFM-2_PLUS_PRICES 2025Q1 H3 complete
2026-10-05 09:37:31,560 WARNING DFM-2_PLUS_PRICES 2025Q2 H1 standard failed: nonconvergence_or_unstable_transition:{"n_training_months": 51, "n_observed_cells": 357, "n_missing_cells": 0, "iterations": 500, "relative_likelihood_change": 2.160309228819493e-0
2026-10-05 09:37:33,160 WARNING DFM-2_PLUS_PRICES 2025Q2 H1 conservative failed: nonconvergence_or_unstable_transition:{"n_training_months": 51, "n_observed_cells": 356, "n_missing_cells": 1, "iterations": 500, "relative_likelihood_change": 2.1603205232814948e-
2026-10-05 09:37:33,160 INFO DFM-2_PLUS_PRICES 2025Q2 H1 complete
2026-10-05 09:37:33,257 WARNING DFM-2_PLUS_PRICES 2025Q2 H2 standard failed: nonconvergence_or_unstable_transition:{"n_training_months": 51, "n_observed_cells": 357, "n_missing_cells": 0, "iterations": 500, "relative_likelihood_change": 2.160309228819493e-0
2026-10-05 09:37:33,354 WARNING DFM-2_PLUS_PRICES 2025Q2 H2 conservative failed: nonconvergence_or_unstable_transition:{"n_training_months": 51, "n_observed_cells": 357, "n_missing_cells": 0, "iterations": 500, "relative_likelihood_change": 2.160309228819493e-0
2026-10-05 09:37:33,355 INFO DFM-2_PLUS_PRICES 2025Q2 H2 complete
2026-10-05 09:37:33,471 WARNING DFM-2_PLUS_PRICES 2025Q2 H3 standard failed: nonconvergence_or_unstable_transition:{"n_training_months": 51, "n_observed_cells": 357, "n_missing_cells": 0, "iterations": 500, "relative_likelihood_change": 2.160309228819493e-0
2026-10-05 09:37:33,573 WARNING DFM-2_PLUS_PRICES 2025Q2 H3 conservative failed: nonconvergence_or_unstable_transition:{"n_training_months": 51, "n_observed_cells": 357, "n_missing_cells": 0, "iterations": 500, "relative_likelihood_change": 2.160309228819493e-0
2026-10-05 09:37:33,574 INFO DFM-2_PLUS_PRICES 2025Q2 H3 complete
2026-10-05 09:37:34,043 WARNING DFM-2_PLUS_EXTERNAL 2022Q1 H1 standard failed: unobserved_predictor
2026-10-05 09:37:34,065 WARNING DFM-2_PLUS_EXTERNAL 2022Q1 H1 conservative failed: unobserved_predictor
2026-10-05 09:37:34,065 INFO DFM-2_PLUS_EXTERNAL 2022Q1 H1 complete
2026-10-05 09:37:34,186 WARNING DFM-2_PLUS_EXTERNAL 2022Q1 H2 standard failed: fewer_than_36_training_months
2026-10-05 09:37:34,205 WARNING DFM-2_PLUS_EXTERNAL 2022Q1 H2 conservative failed: unobserved_predictor
2026-10-05 09:37:34,205 INFO DFM-2_PLUS_EXTERNAL 2022Q1 H2 complete
2026-10-05 09:37:34,332 WARNING DFM-2_PLUS_EXTERNAL 2022Q1 H3 standard failed: fewer_than_36_training_months
2026-10-05 09:37:34,389 WARNING DFM-2_PLUS_EXTERNAL 2022Q1 H3 conservative failed: fewer_than_36_training_months
2026-10-05 09:37:34,389 INFO DFM-2_PLUS_EXTERNAL 2022Q1 H3 complete
2026-10-05 09:37:34,548 WARNING DFM-2_PLUS_EXTERNAL 2022Q2 H1 standard failed: fewer_than_36_training_months
2026-10-05 09:37:34,569 WARNING DFM-2_PLUS_EXTERNAL 2022Q2 H1 conservative failed: fewer_than_36_training_months
2026-10-05 09:37:34,569 INFO DFM-2_PLUS_EXTERNAL 2022Q2 H1 complete
2026-10-05 09:37:34,701 WARNING DFM-2_PLUS_EXTERNAL 2022Q2 H2 standard failed: fewer_than_36_training_months
2026-10-05 09:37:34,761 WARNING DFM-2_PLUS_EXTERNAL 2022Q2 H2 conservative failed: fewer_than_36_training_months
2026-10-05 09:37:34,764 INFO DFM-2_PLUS_EXTERNAL 2022Q2 H2 complete
2026-10-05 09:37:35,052 WARNING DFM-2_PLUS_EXTERNAL 2022Q2 H3 standard failed: fewer_than_36_training_months
2026-10-05 09:37:35,073 WARNING DFM-2_PLUS_EXTERNAL 2022Q2 H3 conservative failed: fewer_than_36_training_months
2026-10-05 09:37:35,073 INFO DFM-2_PLUS_EXTERNAL 2022Q2 H3 complete
2026-10-05 09:37:35,199 WARNING DFM-2_PLUS_EXTERNAL 2022Q3 H1 standard failed: fewer_than_36_training_months
2026-10-05 09:37:35,225 WARNING DFM-2_PLUS_EXTERNAL 2022Q3 H1 conservative failed: fewer_than_36_training_months
2026-10-05 09:37:35,225 INFO DFM-2_PLUS_EXTERNAL 2022Q3 H1 complete
2026-10-05 09:37:35,436 WARNING DFM-2_PLUS_EXTERNAL 2022Q3 H2 standard failed: fewer_than_36_training_months
2026-10-05 09:37:35,465 WARNING DFM-2_PLUS_EXTERNAL 2022Q3 H2 conservative failed: fewer_than_36_training_months
2026-10-05 09:37:35,465 INFO DFM-2_PLUS_EXTERNAL 2022Q3 H2 complete
2026-10-05 09:37:35,685 WARNING DFM-2_PLUS_EXTERNAL 2022Q3 H3 standard failed: fewer_than_36_training_months
2026-10-05 09:37:35,704 WARNING DFM-2_PLUS_EXTERNAL 2022Q3 H3 conservative failed: fewer_than_36_training_months
2026-10-05 09:37:35,705 INFO DFM-2_PLUS_EXTERNAL 2022Q3 H3 complete
2026-10-05 09:37:35,845 WARNING DFM-2_PLUS_EXTERNAL 2022Q4 H1 standard failed: fewer_than_36_training_months
2026-10-05 09:37:35,859 WARNING DFM-2_PLUS_EXTERNAL 2022Q4 H1 conservative failed: fewer_than_36_training_months
2026-10-05 09:37:35,859 INFO DFM-2_PLUS_EXTERNAL 2022Q4 H1 complete
2026-10-05 09:37:35,968 WARNING DFM-2_PLUS_EXTERNAL 2022Q4 H2 standard failed: fewer_than_36_training_months
2026-10-05 09:37:35,981 WARNING DFM-2_PLUS_EXTERNAL 2022Q4 H2 conservative failed: fewer_than_36_training_months
2026-10-05 09:37:35,982 INFO DFM-2_PLUS_EXTERNAL 2022Q4 H2 complete
2026-10-05 09:37:36,112 WARNING DFM-2_PLUS_EXTERNAL 2022Q4 H3 standard failed: fewer_than_36_training_months
2026-10-05 09:37:36,128 WARNING DFM-2_PLUS_EXTERNAL 2022Q4 H3 conservative failed: fewer_than_36_training_months
2026-10-05 09:37:36,128 INFO DFM-2_PLUS_EXTERNAL 2022Q4 H3 complete
2026-10-05 09:37:36,234 WARNING DFM-2_PLUS_EXTERNAL 2023Q1 H1 standard failed: fewer_than_36_training_months
2026-10-05 09:37:36,254 WARNING DFM-2_PLUS_EXTERNAL 2023Q1 H1 conservative failed: fewer_than_36_training_months
2026-10-05 09:37:36,254 INFO DFM-2_PLUS_EXTERNAL 2023Q1 H1 complete
2026-10-05 09:37:36,373 WARNING DFM-2_PLUS_EXTERNAL 2023Q1 H2 standard failed: fewer_than_36_training_months
2026-10-05 09:37:36,437 WARNING DFM-2_PLUS_EXTERNAL 2023Q1 H2 conservative failed: fewer_than_36_training_months
2026-10-05 09:37:36,437 INFO DFM-2_PLUS_EXTERNAL 2023Q1 H2 complete
2026-10-05 09:37:36,549 WARNING DFM-2_PLUS_EXTERNAL 2023Q1 H3 standard failed: fewer_than_36_training_months
2026-10-05 09:37:36,569 WARNING DFM-2_PLUS_EXTERNAL 2023Q1 H3 conservative failed: fewer_than_36_training_months
2026-10-05 09:37:36,569 INFO DFM-2_PLUS_EXTERNAL 2023Q1 H3 complete
2026-10-05 09:37:36,690 WARNING DFM-2_PLUS_EXTERNAL 2023Q2 H1 standard failed: fewer_than_36_training_months
2026-10-05 09:37:36,736 WARNING DFM-2_PLUS_EXTERNAL 2023Q2 H1 conservative failed: fewer_than_36_training_months
2026-10-05 09:37:36,736 INFO DFM-2_PLUS_EXTERNAL 2023Q2 H1 complete
2026-10-05 09:37:36,853 WARNING DFM-2_PLUS_EXTERNAL 2023Q2 H2 standard failed: fewer_than_36_training_months
2026-10-05 09:37:36,865 WARNING DFM-2_PLUS_EXTERNAL 2023Q2 H2 conservative failed: fewer_than_36_training_months
2026-10-05 09:37:36,865 INFO DFM-2_PLUS_EXTERNAL 2023Q2 H2 complete
2026-10-05 09:37:37,019 WARNING DFM-2_PLUS_EXTERNAL 2023Q2 H3 standard failed: fewer_than_36_training_months
2026-10-05 09:37:37,039 WARNING DFM-2_PLUS_EXTERNAL 2023Q2 H3 conservative failed: fewer_than_36_training_months
2026-10-05 09:37:37,040 INFO DFM-2_PLUS_EXTERNAL 2023Q2 H3 complete
2026-10-05 09:37:37,216 WARNING DFM-2_PLUS_EXTERNAL 2023Q3 H1 standard failed: fewer_than_36_training_months
2026-10-05 09:37:37,230 WARNING DFM-2_PLUS_EXTERNAL 2023Q3 H1 conservative failed: fewer_than_36_training_months
2026-10-05 09:37:37,232 INFO DFM-2_PLUS_EXTERNAL 2023Q3 H1 complete
2026-10-05 09:37:37,341 WARNING DFM-2_PLUS_EXTERNAL 2023Q3 H2 standard failed: fewer_than_36_training_months
2026-10-05 09:37:37,365 WARNING DFM-2_PLUS_EXTERNAL 2023Q3 H2 conservative failed: fewer_than_36_training_months
2026-10-05 09:37:37,366 INFO DFM-2_PLUS_EXTERNAL 2023Q3 H2 complete
2026-10-05 09:37:37,491 WARNING DFM-2_PLUS_EXTERNAL 2023Q3 H3 standard failed: fewer_than_36_training_months
2026-10-05 09:37:37,499 WARNING DFM-2_PLUS_EXTERNAL 2023Q3 H3 conservative failed: fewer_than_36_training_months
2026-10-05 09:37:37,499 INFO DFM-2_PLUS_EXTERNAL 2023Q3 H3 complete
2026-10-05 09:37:37,864 WARNING DFM-2_PLUS_EXTERNAL 2023Q4 H1 standard failed: fewer_than_36_training_months
2026-10-05 09:37:37,868 WARNING DFM-2_PLUS_EXTERNAL 2023Q4 H1 conservative failed: fewer_than_36_training_months
2026-10-05 09:37:37,868 INFO DFM-2_PLUS_EXTERNAL 2023Q4 H1 complete
2026-10-05 09:37:37,934 WARNING DFM-2_PLUS_EXTERNAL 2023Q4 H2 standard failed: fewer_than_36_training_months
2026-10-05 09:37:37,961 WARNING DFM-2_PLUS_EXTERNAL 2023Q4 H2 conservative failed: fewer_than_36_training_months
2026-10-05 09:37:37,961 INFO DFM-2_PLUS_EXTERNAL 2023Q4 H2 complete
2026-10-05 09:37:38,113 WARNING DFM-2_PLUS_EXTERNAL 2023Q4 H3 standard failed: fewer_than_36_training_months
2026-10-05 09:37:38,129 WARNING DFM-2_PLUS_EXTERNAL 2023Q4 H3 conservative failed: fewer_than_36_training_months
2026-10-05 09:37:38,129 INFO DFM-2_PLUS_EXTERNAL 2023Q4 H3 complete
2026-10-05 09:37:38,200 WARNING DFM-2_PLUS_EXTERNAL 2024Q1 H1 standard failed: fewer_than_36_training_months
2026-10-05 09:37:38,232 WARNING DFM-2_PLUS_EXTERNAL 2024Q1 H1 conservative failed: fewer_than_36_training_months
2026-10-05 09:37:38,233 INFO DFM-2_PLUS_EXTERNAL 2024Q1 H1 complete
2026-10-05 09:37:38,322 WARNING DFM-2_PLUS_EXTERNAL 2024Q1 H2 standard failed: fewer_than_36_training_months
2026-10-05 09:37:38,335 WARNING DFM-2_PLUS_EXTERNAL 2024Q1 H2 conservative failed: fewer_than_36_training_months
2026-10-05 09:37:38,335 INFO DFM-2_PLUS_EXTERNAL 2024Q1 H2 complete
2026-10-05 09:37:38,477 WARNING DFM-2_PLUS_EXTERNAL 2024Q1 H3 standard failed: fewer_than_36_training_months
2026-10-05 09:37:38,496 WARNING DFM-2_PLUS_EXTERNAL 2024Q1 H3 conservative failed: fewer_than_36_training_months
2026-10-05 09:37:38,497 INFO DFM-2_PLUS_EXTERNAL 2024Q1 H3 complete
2026-10-05 09:37:38,609 WARNING DFM-2_PLUS_EXTERNAL 2024Q2 H1 standard failed: fewer_than_36_training_months
2026-10-05 09:37:38,624 WARNING DFM-2_PLUS_EXTERNAL 2024Q2 H1 conservative failed: fewer_than_36_training_months
2026-10-05 09:37:38,624 INFO DFM-2_PLUS_EXTERNAL 2024Q2 H1 complete
2026-10-05 09:37:38,749 WARNING DFM-2_PLUS_EXTERNAL 2024Q2 H2 standard failed: fewer_than_36_training_months
2026-10-05 09:37:38,774 WARNING DFM-2_PLUS_EXTERNAL 2024Q2 H2 conservative failed: fewer_than_36_training_months
2026-10-05 09:37:38,774 INFO DFM-2_PLUS_EXTERNAL 2024Q2 H2 complete
2026-10-05 09:37:38,944 WARNING DFM-2_PLUS_EXTERNAL 2024Q2 H3 standard failed: fewer_than_36_training_months
2026-10-05 09:37:38,960 WARNING DFM-2_PLUS_EXTERNAL 2024Q2 H3 conservative failed: fewer_than_36_training_months
2026-10-05 09:37:38,960 INFO DFM-2_PLUS_EXTERNAL 2024Q2 H3 complete
2026-10-05 09:37:39,380 WARNING DFM-2_PLUS_EXTERNAL 2024Q3 H1 standard failed: fewer_than_36_training_months
2026-10-05 09:37:39,430 WARNING DFM-2_PLUS_EXTERNAL 2024Q3 H1 conservative failed: fewer_than_36_training_months
2026-10-05 09:37:39,430 INFO DFM-2_PLUS_EXTERNAL 2024Q3 H1 complete
2026-10-05 09:37:39,922 WARNING DFM-2_PLUS_EXTERNAL 2024Q3 H2 standard failed: fewer_than_36_training_months
2026-10-05 09:37:39,957 WARNING DFM-2_PLUS_EXTERNAL 2024Q3 H2 conservative failed: fewer_than_36_training_months
2026-10-05 09:37:39,958 INFO DFM-2_PLUS_EXTERNAL 2024Q3 H2 complete
2026-10-05 09:37:40,278 WARNING DFM-2_PLUS_EXTERNAL 2024Q3 H3 standard failed: fewer_than_36_training_months
2026-10-05 09:37:40,306 WARNING DFM-2_PLUS_EXTERNAL 2024Q3 H3 conservative failed: fewer_than_36_training_months
2026-10-05 09:37:40,307 INFO DFM-2_PLUS_EXTERNAL 2024Q3 H3 complete
2026-10-05 09:37:40,542 WARNING DFM-2_PLUS_EXTERNAL 2024Q4 H1 standard failed: fewer_than_36_training_months
2026-10-05 09:37:40,608 WARNING DFM-2_PLUS_EXTERNAL 2024Q4 H1 conservative failed: fewer_than_36_training_months
2026-10-05 09:37:40,609 INFO DFM-2_PLUS_EXTERNAL 2024Q4 H1 complete
2026-10-05 09:37:40,741 WARNING DFM-2_PLUS_EXTERNAL 2024Q4 H2 standard failed: fewer_than_36_training_months
2026-10-05 09:37:40,753 WARNING DFM-2_PLUS_EXTERNAL 2024Q4 H2 conservative failed: fewer_than_36_training_months
2026-10-05 09:37:40,753 INFO DFM-2_PLUS_EXTERNAL 2024Q4 H2 complete
2026-10-05 09:37:40,855 WARNING DFM-2_PLUS_EXTERNAL 2024Q4 H3 standard failed: fewer_than_36_training_months
2026-10-05 09:37:40,875 WARNING DFM-2_PLUS_EXTERNAL 2024Q4 H3 conservative failed: fewer_than_36_training_months
2026-10-05 09:37:40,875 INFO DFM-2_PLUS_EXTERNAL 2024Q4 H3 complete
2026-10-05 09:37:42,283 WARNING DFM-2_PLUS_EXTERNAL 2025Q1 H1 standard failed: nonconvergence_or_unstable_transition:{"n_training_months": 36, "n_observed_cells": 288, "n_missing_cells": 0, "iterations": 500, "relative_likelihood_change": 3.816368201802602e-0
2026-10-05 09:37:43,589 WARNING DFM-2_PLUS_EXTERNAL 2025Q1 H1 conservative failed: nonconvergence_or_unstable_transition:{"n_training_months": 36, "n_observed_cells": 285, "n_missing_cells": 3, "iterations": 500, "relative_likelihood_change": 3.851004114560069e-0
2026-10-05 09:37:43,589 INFO DFM-2_PLUS_EXTERNAL 2025Q1 H1 complete
2026-10-05 09:37:43,689 WARNING DFM-2_PLUS_EXTERNAL 2025Q1 H2 standard failed: nonconvergence_or_unstable_transition:{"n_training_months": 36, "n_observed_cells": 288, "n_missing_cells": 0, "iterations": 500, "relative_likelihood_change": 3.816368201802602e-0
2026-10-05 09:37:43,743 WARNING DFM-2_PLUS_EXTERNAL 2025Q1 H2 conservative failed: nonconvergence_or_unstable_transition:{"n_training_months": 36, "n_observed_cells": 288, "n_missing_cells": 0, "iterations": 500, "relative_likelihood_change": 3.816368201802602e-0
2026-10-05 09:37:43,744 INFO DFM-2_PLUS_EXTERNAL 2025Q1 H2 complete
2026-10-05 09:37:43,831 WARNING DFM-2_PLUS_EXTERNAL 2025Q1 H3 standard failed: nonconvergence_or_unstable_transition:{"n_training_months": 36, "n_observed_cells": 288, "n_missing_cells": 0, "iterations": 500, "relative_likelihood_change": 3.816368201802602e-0
2026-10-05 09:37:43,884 WARNING DFM-2_PLUS_EXTERNAL 2025Q1 H3 conservative failed: nonconvergence_or_unstable_transition:{"n_training_months": 36, "n_observed_cells": 288, "n_missing_cells": 0, "iterations": 500, "relative_likelihood_change": 3.816368201802602e-0
2026-10-05 09:37:43,885 INFO DFM-2_PLUS_EXTERNAL 2025Q1 H3 complete
2026-10-05 09:37:45,550 WARNING DFM-2_PLUS_EXTERNAL 2025Q2 H1 standard failed: nonconvergence_or_unstable_transition:{"n_training_months": 39, "n_observed_cells": 312, "n_missing_cells": 0, "iterations": 500, "relative_likelihood_change": 3.25306924189782e-05
2026-10-05 09:37:48,598 WARNING DFM-2_PLUS_EXTERNAL 2025Q2 H1 conservative failed: nonconvergence_or_unstable_transition:{"n_training_months": 39, "n_observed_cells": 309, "n_missing_cells": 3, "iterations": 500, "relative_likelihood_change": 3.281481685955076e-0
2026-10-05 09:37:48,598 INFO DFM-2_PLUS_EXTERNAL 2025Q2 H1 complete
2026-10-05 09:37:48,793 WARNING DFM-2_PLUS_EXTERNAL 2025Q2 H2 standard failed: nonconvergence_or_unstable_transition:{"n_training_months": 39, "n_observed_cells": 312, "n_missing_cells": 0, "iterations": 500, "relative_likelihood_change": 3.25306924189782e-05
2026-10-05 09:37:48,864 WARNING DFM-2_PLUS_EXTERNAL 2025Q2 H2 conservative failed: nonconvergence_or_unstable_transition:{"n_training_months": 39, "n_observed_cells": 312, "n_missing_cells": 0, "iterations": 500, "relative_likelihood_change": 3.25306924189782e-05
2026-10-05 09:37:48,864 INFO DFM-2_PLUS_EXTERNAL 2025Q2 H2 complete
2026-10-05 09:37:48,987 WARNING DFM-2_PLUS_EXTERNAL 2025Q2 H3 standard failed: nonconvergence_or_unstable_transition:{"n_training_months": 39, "n_observed_cells": 312, "n_missing_cells": 0, "iterations": 500, "relative_likelihood_change": 3.25306924189782e-05
2026-10-05 09:37:49,065 WARNING DFM-2_PLUS_EXTERNAL 2025Q2 H3 conservative failed: nonconvergence_or_unstable_transition:{"n_training_months": 39, "n_observed_cells": 312, "n_missing_cells": 0, "iterations": 500, "relative_likelihood_change": 3.25306924189782e-05
2026-10-05 09:37:49,067 INFO DFM-2_PLUS_EXTERNAL 2025Q2 H3 complete
2026-10-05 09:37:49,354 WARNING DFM-2_COMBINED 2022Q1 H1 standard failed: unobserved_predictor
2026-10-05 09:37:49,368 WARNING DFM-2_COMBINED 2022Q1 H1 conservative failed: unobserved_predictor
2026-10-05 09:37:49,368 INFO DFM-2_COMBINED 2022Q1 H1 complete
2026-10-05 09:37:49,426 WARNING DFM-2_COMBINED 2022Q1 H2 standard failed: fewer_than_36_training_months
2026-10-05 09:37:49,439 WARNING DFM-2_COMBINED 2022Q1 H2 conservative failed: unobserved_predictor
2026-10-05 09:37:49,439 INFO DFM-2_COMBINED 2022Q1 H2 complete
2026-10-05 09:37:49,495 WARNING DFM-2_COMBINED 2022Q1 H3 standard failed: fewer_than_36_training_months
2026-10-05 09:37:49,515 WARNING DFM-2_COMBINED 2022Q1 H3 conservative failed: fewer_than_36_training_months
2026-10-05 09:37:49,516 INFO DFM-2_COMBINED 2022Q1 H3 complete
2026-10-05 09:37:49,562 WARNING DFM-2_COMBINED 2022Q2 H1 standard failed: fewer_than_36_training_months
2026-10-05 09:37:49,583 WARNING DFM-2_COMBINED 2022Q2 H1 conservative failed: fewer_than_36_training_months
2026-10-05 09:37:49,583 INFO DFM-2_COMBINED 2022Q2 H1 complete
2026-10-05 09:37:49,638 WARNING DFM-2_COMBINED 2022Q2 H2 standard failed: fewer_than_36_training_months
2026-10-05 09:37:49,649 WARNING DFM-2_COMBINED 2022Q2 H2 conservative failed: fewer_than_36_training_months
2026-10-05 09:37:49,649 INFO DFM-2_COMBINED 2022Q2 H2 complete
2026-10-05 09:37:49,705 WARNING DFM-2_COMBINED 2022Q2 H3 standard failed: fewer_than_36_training_months
2026-10-05 09:37:49,720 WARNING DFM-2_COMBINED 2022Q2 H3 conservative failed: fewer_than_36_training_months
2026-10-05 09:37:49,720 INFO DFM-2_COMBINED 2022Q2 H3 complete
2026-10-05 09:37:49,802 WARNING DFM-2_COMBINED 2022Q3 H1 standard failed: fewer_than_36_training_months
2026-10-05 09:37:49,819 WARNING DFM-2_COMBINED 2022Q3 H1 conservative failed: fewer_than_36_training_months
2026-10-05 09:37:49,820 INFO DFM-2_COMBINED 2022Q3 H1 complete
2026-10-05 09:37:49,880 WARNING DFM-2_COMBINED 2022Q3 H2 standard failed: fewer_than_36_training_months
2026-10-05 09:37:49,889 WARNING DFM-2_COMBINED 2022Q3 H2 conservative failed: fewer_than_36_training_months
2026-10-05 09:37:49,889 INFO DFM-2_COMBINED 2022Q3 H2 complete
2026-10-05 09:37:49,929 WARNING DFM-2_COMBINED 2022Q3 H3 standard failed: fewer_than_36_training_months
2026-10-05 09:37:49,929 WARNING DFM-2_COMBINED 2022Q3 H3 conservative failed: fewer_than_36_training_months
2026-10-05 09:37:49,929 INFO DFM-2_COMBINED 2022Q3 H3 complete
2026-10-05 09:37:49,987 WARNING DFM-2_COMBINED 2022Q4 H1 standard failed: fewer_than_36_training_months
2026-10-05 09:37:49,996 WARNING DFM-2_COMBINED 2022Q4 H1 conservative failed: fewer_than_36_training_months
2026-10-05 09:37:49,996 INFO DFM-2_COMBINED 2022Q4 H1 complete
2026-10-05 09:37:50,043 WARNING DFM-2_COMBINED 2022Q4 H2 standard failed: fewer_than_36_training_months
2026-10-05 09:37:50,053 WARNING DFM-2_COMBINED 2022Q4 H2 conservative failed: fewer_than_36_training_months
2026-10-05 09:37:50,053 INFO DFM-2_COMBINED 2022Q4 H2 complete
2026-10-05 09:37:50,109 WARNING DFM-2_COMBINED 2022Q4 H3 standard failed: fewer_than_36_training_months
2026-10-05 09:37:50,118 WARNING DFM-2_COMBINED 2022Q4 H3 conservative failed: fewer_than_36_training_months
2026-10-05 09:37:50,118 INFO DFM-2_COMBINED 2022Q4 H3 complete
2026-10-05 09:37:50,166 WARNING DFM-2_COMBINED 2023Q1 H1 standard failed: fewer_than_36_training_months
2026-10-05 09:37:50,174 WARNING DFM-2_COMBINED 2023Q1 H1 conservative failed: fewer_than_36_training_months
2026-10-05 09:37:50,174 INFO DFM-2_COMBINED 2023Q1 H1 complete
2026-10-05 09:37:50,250 WARNING DFM-2_COMBINED 2023Q1 H2 standard failed: fewer_than_36_training_months
2026-10-05 09:37:50,270 WARNING DFM-2_COMBINED 2023Q1 H2 conservative failed: fewer_than_36_training_months
2026-10-05 09:37:50,271 INFO DFM-2_COMBINED 2023Q1 H2 complete
2026-10-05 09:37:50,330 WARNING DFM-2_COMBINED 2023Q1 H3 standard failed: fewer_than_36_training_months
2026-10-05 09:37:50,352 WARNING DFM-2_COMBINED 2023Q1 H3 conservative failed: fewer_than_36_training_months
2026-10-05 09:37:50,352 INFO DFM-2_COMBINED 2023Q1 H3 complete
2026-10-05 09:37:50,396 WARNING DFM-2_COMBINED 2023Q2 H1 standard failed: fewer_than_36_training_months
2026-10-05 09:37:50,396 WARNING DFM-2_COMBINED 2023Q2 H1 conservative failed: fewer_than_36_training_months
2026-10-05 09:37:50,396 INFO DFM-2_COMBINED 2023Q2 H1 complete
2026-10-05 09:37:50,454 WARNING DFM-2_COMBINED 2023Q2 H2 standard failed: fewer_than_36_training_months
2026-10-05 09:37:50,463 WARNING DFM-2_COMBINED 2023Q2 H2 conservative failed: fewer_than_36_training_months
2026-10-05 09:37:50,463 INFO DFM-2_COMBINED 2023Q2 H2 complete
2026-10-05 09:37:50,496 WARNING DFM-2_COMBINED 2023Q2 H3 standard failed: fewer_than_36_training_months
2026-10-05 09:37:50,520 WARNING DFM-2_COMBINED 2023Q2 H3 conservative failed: fewer_than_36_training_months
2026-10-05 09:37:50,520 INFO DFM-2_COMBINED 2023Q2 H3 complete
2026-10-05 09:37:50,569 WARNING DFM-2_COMBINED 2023Q3 H1 standard failed: fewer_than_36_training_months
2026-10-05 09:37:50,578 WARNING DFM-2_COMBINED 2023Q3 H1 conservative failed: fewer_than_36_training_months
2026-10-05 09:37:50,578 INFO DFM-2_COMBINED 2023Q3 H1 complete
2026-10-05 09:37:50,625 WARNING DFM-2_COMBINED 2023Q3 H2 standard failed: fewer_than_36_training_months
2026-10-05 09:37:50,636 WARNING DFM-2_COMBINED 2023Q3 H2 conservative failed: fewer_than_36_training_months
2026-10-05 09:37:50,636 INFO DFM-2_COMBINED 2023Q3 H2 complete
2026-10-05 09:37:50,681 WARNING DFM-2_COMBINED 2023Q3 H3 standard failed: fewer_than_36_training_months
2026-10-05 09:37:50,690 WARNING DFM-2_COMBINED 2023Q3 H3 conservative failed: fewer_than_36_training_months
2026-10-05 09:37:50,690 INFO DFM-2_COMBINED 2023Q3 H3 complete
2026-10-05 09:37:50,739 WARNING DFM-2_COMBINED 2023Q4 H1 standard failed: fewer_than_36_training_months
2026-10-05 09:37:50,748 WARNING DFM-2_COMBINED 2023Q4 H1 conservative failed: fewer_than_36_training_months
2026-10-05 09:37:50,748 INFO DFM-2_COMBINED 2023Q4 H1 complete
2026-10-05 09:37:50,795 WARNING DFM-2_COMBINED 2023Q4 H2 standard failed: fewer_than_36_training_months
2026-10-05 09:37:50,797 WARNING DFM-2_COMBINED 2023Q4 H2 conservative failed: fewer_than_36_training_months
2026-10-05 09:37:50,797 INFO DFM-2_COMBINED 2023Q4 H2 complete
2026-10-05 09:37:50,854 WARNING DFM-2_COMBINED 2023Q4 H3 standard failed: fewer_than_36_training_months
2026-10-05 09:37:50,863 WARNING DFM-2_COMBINED 2023Q4 H3 conservative failed: fewer_than_36_training_months
2026-10-05 09:37:50,863 INFO DFM-2_COMBINED 2023Q4 H3 complete
2026-10-05 09:37:50,911 WARNING DFM-2_COMBINED 2024Q1 H1 standard failed: fewer_than_36_training_months
2026-10-05 09:37:50,917 WARNING DFM-2_COMBINED 2024Q1 H1 conservative failed: fewer_than_36_training_months
2026-10-05 09:37:50,917 INFO DFM-2_COMBINED 2024Q1 H1 complete
2026-10-05 09:37:50,976 WARNING DFM-2_COMBINED 2024Q1 H2 standard failed: fewer_than_36_training_months
2026-10-05 09:37:50,987 WARNING DFM-2_COMBINED 2024Q1 H2 conservative failed: fewer_than_36_training_months
2026-10-05 09:37:50,987 INFO DFM-2_COMBINED 2024Q1 H2 complete
2026-10-05 09:37:51,077 WARNING DFM-2_COMBINED 2024Q1 H3 standard failed: fewer_than_36_training_months
2026-10-05 09:37:51,122 WARNING DFM-2_COMBINED 2024Q1 H3 conservative failed: fewer_than_36_training_months
2026-10-05 09:37:51,122 INFO DFM-2_COMBINED 2024Q1 H3 complete
2026-10-05 09:37:51,240 WARNING DFM-2_COMBINED 2024Q2 H1 standard failed: fewer_than_36_training_months
2026-10-05 09:37:51,250 WARNING DFM-2_COMBINED 2024Q2 H1 conservative failed: fewer_than_36_training_months
2026-10-05 09:37:51,250 INFO DFM-2_COMBINED 2024Q2 H1 complete
2026-10-05 09:37:51,303 WARNING DFM-2_COMBINED 2024Q2 H2 standard failed: fewer_than_36_training_months
2026-10-05 09:37:51,313 WARNING DFM-2_COMBINED 2024Q2 H2 conservative failed: fewer_than_36_training_months
2026-10-05 09:37:51,313 INFO DFM-2_COMBINED 2024Q2 H2 complete
2026-10-05 09:37:51,367 WARNING DFM-2_COMBINED 2024Q2 H3 standard failed: fewer_than_36_training_months
2026-10-05 09:37:51,377 WARNING DFM-2_COMBINED 2024Q2 H3 conservative failed: fewer_than_36_training_months
2026-10-05 09:37:51,377 INFO DFM-2_COMBINED 2024Q2 H3 complete
2026-10-05 09:37:51,429 WARNING DFM-2_COMBINED 2024Q3 H1 standard failed: fewer_than_36_training_months
2026-10-05 09:37:51,440 WARNING DFM-2_COMBINED 2024Q3 H1 conservative failed: fewer_than_36_training_months
2026-10-05 09:37:51,440 INFO DFM-2_COMBINED 2024Q3 H1 complete
2026-10-05 09:37:51,491 WARNING DFM-2_COMBINED 2024Q3 H2 standard failed: fewer_than_36_training_months
2026-10-05 09:37:51,503 WARNING DFM-2_COMBINED 2024Q3 H2 conservative failed: fewer_than_36_training_months
2026-10-05 09:37:51,503 INFO DFM-2_COMBINED 2024Q3 H2 complete
2026-10-05 09:37:51,568 WARNING DFM-2_COMBINED 2024Q3 H3 standard failed: fewer_than_36_training_months
2026-10-05 09:37:51,577 WARNING DFM-2_COMBINED 2024Q3 H3 conservative failed: fewer_than_36_training_months
2026-10-05 09:37:51,578 INFO DFM-2_COMBINED 2024Q3 H3 complete
2026-10-05 09:37:51,627 WARNING DFM-2_COMBINED 2024Q4 H1 standard failed: fewer_than_36_training_months
2026-10-05 09:37:51,635 WARNING DFM-2_COMBINED 2024Q4 H1 conservative failed: fewer_than_36_training_months
2026-10-05 09:37:51,635 INFO DFM-2_COMBINED 2024Q4 H1 complete
2026-10-05 09:37:51,692 WARNING DFM-2_COMBINED 2024Q4 H2 standard failed: fewer_than_36_training_months
2026-10-05 09:37:51,703 WARNING DFM-2_COMBINED 2024Q4 H2 conservative failed: fewer_than_36_training_months
2026-10-05 09:37:51,703 INFO DFM-2_COMBINED 2024Q4 H2 complete
2026-10-05 09:37:51,751 WARNING DFM-2_COMBINED 2024Q4 H3 standard failed: fewer_than_36_training_months
2026-10-05 09:37:51,759 WARNING DFM-2_COMBINED 2024Q4 H3 conservative failed: fewer_than_36_training_months
2026-10-05 09:37:51,760 INFO DFM-2_COMBINED 2024Q4 H3 complete
2026-10-05 09:37:53,167 WARNING DFM-2_COMBINED 2025Q1 H1 standard failed: nonconvergence_or_unstable_transition:{"n_training_months": 36, "n_observed_cells": 431, "n_missing_cells": 1, "iterations": 500, "relative_likelihood_change": 2.4230959143135615e-
2026-10-05 09:37:54,513 WARNING DFM-2_COMBINED 2025Q1 H1 conservative failed: nonconvergence_or_unstable_transition:{"n_training_months": 36, "n_observed_cells": 426, "n_missing_cells": 6, "iterations": 500, "relative_likelihood_change": 2.4534987050339767e-
2026-10-05 09:37:54,513 INFO DFM-2_COMBINED 2025Q1 H1 complete
2026-10-05 09:37:56,024 WARNING DFM-2_COMBINED 2025Q1 H2 standard failed: nonconvergence_or_unstable_transition:{"n_training_months": 36, "n_observed_cells": 432, "n_missing_cells": 0, "iterations": 500, "relative_likelihood_change": 2.4169796806606476e-
2026-10-05 09:37:56,053 WARNING DFM-2_COMBINED 2025Q1 H2 conservative failed: nonconvergence_or_unstable_transition:{"n_training_months": 36, "n_observed_cells": 432, "n_missing_cells": 0, "iterations": 500, "relative_likelihood_change": 2.4169796806606476e-
2026-10-05 09:37:56,053 INFO DFM-2_COMBINED 2025Q1 H2 complete
2026-10-05 09:37:56,143 WARNING DFM-2_COMBINED 2025Q1 H3 standard failed: nonconvergence_or_unstable_transition:{"n_training_months": 36, "n_observed_cells": 432, "n_missing_cells": 0, "iterations": 500, "relative_likelihood_change": 2.4169796806606476e-
2026-10-05 09:37:56,184 WARNING DFM-2_COMBINED 2025Q1 H3 conservative failed: nonconvergence_or_unstable_transition:{"n_training_months": 36, "n_observed_cells": 432, "n_missing_cells": 0, "iterations": 500, "relative_likelihood_change": 2.4169796806606476e-
2026-10-05 09:37:56,184 INFO DFM-2_COMBINED 2025Q1 H3 complete
2026-10-05 09:37:57,810 WARNING DFM-2_COMBINED 2025Q2 H1 standard failed: nonconvergence_or_unstable_transition:{"n_training_months": 39, "n_observed_cells": 467, "n_missing_cells": 1, "iterations": 500, "relative_likelihood_change": 2.0737727624984904e-
2026-10-05 09:37:59,391 WARNING DFM-2_COMBINED 2025Q2 H1 conservative failed: nonconvergence_or_unstable_transition:{"n_training_months": 39, "n_observed_cells": 462, "n_missing_cells": 6, "iterations": 500, "relative_likelihood_change": 2.096164050163709e-0
2026-10-05 09:37:59,391 INFO DFM-2_COMBINED 2025Q2 H1 complete
2026-10-05 09:38:02,161 WARNING DFM-2_COMBINED 2025Q2 H2 standard failed: nonconvergence_or_unstable_transition:{"n_training_months": 39, "n_observed_cells": 468, "n_missing_cells": 0, "iterations": 500, "relative_likelihood_change": 2.0685148056722365e-
2026-10-05 09:38:02,220 WARNING DFM-2_COMBINED 2025Q2 H2 conservative failed: nonconvergence_or_unstable_transition:{"n_training_months": 39, "n_observed_cells": 468, "n_missing_cells": 0, "iterations": 500, "relative_likelihood_change": 2.0685148056722365e-
2026-10-05 09:38:02,221 INFO DFM-2_COMBINED 2025Q2 H2 complete
2026-10-05 09:38:02,314 WARNING DFM-2_COMBINED 2025Q2 H3 standard failed: nonconvergence_or_unstable_transition:{"n_training_months": 39, "n_observed_cells": 468, "n_missing_cells": 0, "iterations": 500, "relative_likelihood_change": 2.0685148056722365e-
2026-10-05 09:38:02,356 WARNING DFM-2_COMBINED 2025Q2 H3 conservative failed: nonconvergence_or_unstable_transition:{"n_training_months": 39, "n_observed_cells": 468, "n_missing_cells": 0, "iterations": 500, "relative_likelihood_change": 2.0685148056722365e-
2026-10-05 09:38:02,357 INFO DFM-2_COMBINED 2025Q2 H3 complete
2026-10-05 09:38:02,629 WARNING DFM-3 2022Q1 H1 standard failed: nonconvergence_or_unstable_transition:{"n_training_months": 36, "n_observed_cells": 216, "n_missing_cells": 0, "iterations": 500, "relative_likelihood_change": 4.877746280161013e-0
2026-10-05 09:38:02,661 WARNING DFM-3 2022Q1 H1 conservative failed: nonconvergence_or_unstable_transition:{"n_training_months": 36, "n_observed_cells": 215, "n_missing_cells": 1, "iterations": 500, "relative_likelihood_change": 4.8983990272460456e-
2026-10-05 09:38:02,661 INFO DFM-3 2022Q1 H1 complete
2026-10-05 09:38:02,762 WARNING DFM-3 2022Q1 H2 standard failed: nonconvergence_or_unstable_transition:{"n_training_months": 36, "n_observed_cells": 216, "n_missing_cells": 0, "iterations": 500, "relative_likelihood_change": 4.877746280161013e-0
2026-10-05 09:38:02,797 WARNING DFM-3 2022Q1 H2 conservative failed: nonconvergence_or_unstable_transition:{"n_training_months": 36, "n_observed_cells": 216, "n_missing_cells": 0, "iterations": 500, "relative_likelihood_change": 4.877746280161013e-0
2026-10-05 09:38:02,797 INFO DFM-3 2022Q1 H2 complete
2026-10-05 09:38:02,895 WARNING DFM-3 2022Q1 H3 standard failed: nonconvergence_or_unstable_transition:{"n_training_months": 36, "n_observed_cells": 216, "n_missing_cells": 0, "iterations": 500, "relative_likelihood_change": 4.877746280161013e-0
2026-10-05 09:38:02,931 WARNING DFM-3 2022Q1 H3 conservative failed: nonconvergence_or_unstable_transition:{"n_training_months": 36, "n_observed_cells": 216, "n_missing_cells": 0, "iterations": 500, "relative_likelihood_change": 4.877746280161013e-0
2026-10-05 09:38:02,944 INFO DFM-3 2022Q1 H3 complete
2026-10-05 09:38:03,100 WARNING DFM-3 2022Q2 H1 standard failed: nonconvergence_or_unstable_transition:{"n_training_months": 39, "n_observed_cells": 234, "n_missing_cells": 0, "iterations": 500, "relative_likelihood_change": 4.1542561807182084e-
2026-10-05 09:38:03,188 WARNING DFM-3 2022Q2 H1 conservative failed: nonconvergence_or_unstable_transition:{"n_training_months": 39, "n_observed_cells": 233, "n_missing_cells": 1, "iterations": 500, "relative_likelihood_change": 4.1749014619149976e-
2026-10-05 09:38:03,189 INFO DFM-3 2022Q2 H1 complete
2026-10-05 09:38:03,404 WARNING DFM-3 2022Q2 H2 standard failed: nonconvergence_or_unstable_transition:{"n_training_months": 39, "n_observed_cells": 234, "n_missing_cells": 0, "iterations": 500, "relative_likelihood_change": 4.1542561807182084e-
2026-10-05 09:38:03,444 WARNING DFM-3 2022Q2 H2 conservative failed: nonconvergence_or_unstable_transition:{"n_training_months": 39, "n_observed_cells": 234, "n_missing_cells": 0, "iterations": 500, "relative_likelihood_change": 4.1542561807182084e-
2026-10-05 09:38:03,444 INFO DFM-3 2022Q2 H2 complete
2026-10-05 09:38:03,578 WARNING DFM-3 2022Q2 H3 standard failed: nonconvergence_or_unstable_transition:{"n_training_months": 39, "n_observed_cells": 234, "n_missing_cells": 0, "iterations": 500, "relative_likelihood_change": 4.1542561807182084e-
2026-10-05 09:38:03,628 WARNING DFM-3 2022Q2 H3 conservative failed: nonconvergence_or_unstable_transition:{"n_training_months": 39, "n_observed_cells": 234, "n_missing_cells": 0, "iterations": 500, "relative_likelihood_change": 4.1542561807182084e-
2026-10-05 09:38:03,628 INFO DFM-3 2022Q2 H3 complete
2026-10-05 09:38:03,728 INFO DFM-3 2022Q3 H1 complete
2026-10-05 09:38:03,865 INFO DFM-3 2022Q3 H2 complete
2026-10-05 09:38:04,074 INFO DFM-3 2022Q3 H3 complete
2026-10-05 09:38:04,226 INFO DFM-3 2022Q4 H1 complete
2026-10-05 09:38:04,382 INFO DFM-3 2022Q4 H2 complete
2026-10-05 09:38:04,515 INFO DFM-3 2022Q4 H3 complete
2026-10-05 09:38:04,631 INFO DFM-3 2023Q1 H1 complete
2026-10-05 09:38:04,748 INFO DFM-3 2023Q1 H2 complete
2026-10-05 09:38:04,854 INFO DFM-3 2023Q1 H3 complete
2026-10-05 09:38:04,959 INFO DFM-3 2023Q2 H1 complete
2026-10-05 09:38:05,063 INFO DFM-3 2023Q2 H2 complete
2026-10-05 09:38:05,176 INFO DFM-3 2023Q2 H3 complete
2026-10-05 09:38:05,285 INFO DFM-3 2023Q3 H1 complete
2026-10-05 09:38:05,394 INFO DFM-3 2023Q3 H2 complete
2026-10-05 09:38:05,501 INFO DFM-3 2023Q3 H3 complete
2026-10-05 09:38:05,616 WARNING DFM-3 2023Q4 H1 conservative failed: nonconvergence_or_unstable_transition:{"n_training_months": 57, "n_observed_cells": 341, "n_missing_cells": 1, "iterations": 500, "relative_likelihood_change": 1.9034084067350013e-
2026-10-05 09:38:05,616 INFO DFM-3 2023Q4 H1 complete
2026-10-05 09:38:05,761 INFO DFM-3 2023Q4 H2 complete
2026-10-05 09:38:05,863 INFO DFM-3 2023Q4 H3 complete
2026-10-05 09:38:05,963 INFO DFM-3 2024Q1 H1 complete
2026-10-05 09:38:06,089 INFO DFM-3 2024Q1 H2 complete
2026-10-05 09:38:06,358 INFO DFM-3 2024Q1 H3 complete
2026-10-05 09:38:06,490 INFO DFM-3 2024Q2 H1 complete
2026-10-05 09:38:06,661 INFO DFM-3 2024Q2 H2 complete
2026-10-05 09:38:06,785 INFO DFM-3 2024Q2 H3 complete
2026-10-05 09:38:06,920 INFO DFM-3 2024Q3 H1 complete
2026-10-05 09:38:07,058 INFO DFM-3 2024Q3 H2 complete
2026-10-05 09:38:07,173 INFO DFM-3 2024Q3 H3 complete
2026-10-05 09:38:07,288 INFO DFM-3 2024Q4 H1 complete
2026-10-05 09:38:07,409 INFO DFM-3 2024Q4 H2 complete
2026-10-05 09:38:07,518 INFO DFM-3 2024Q4 H3 complete
2026-10-05 09:38:07,644 INFO DFM-3 2025Q1 H1 complete
2026-10-05 09:38:07,774 INFO DFM-3 2025Q1 H2 complete
2026-10-05 09:38:07,887 INFO DFM-3 2025Q1 H3 complete
2026-10-05 09:38:07,957 WARNING DFM-3 2025Q2 H1 standard failed: nonconvergence_or_unstable_transition:{"n_training_months": 75, "n_observed_cells": 450, "n_missing_cells": 0, "iterations": 500, "relative_likelihood_change": 1.1810234199768206e-
2026-10-05 09:38:07,994 INFO DFM-3 2025Q2 H1 complete
2026-10-05 09:38:08,063 WARNING DFM-3 2025Q2 H2 standard failed: nonconvergence_or_unstable_transition:{"n_training_months": 75, "n_observed_cells": 450, "n_missing_cells": 0, "iterations": 500, "relative_likelihood_change": 1.1810234199768206e-
2026-10-05 09:38:08,093 WARNING DFM-3 2025Q2 H2 conservative failed: nonconvergence_or_unstable_transition:{"n_training_months": 75, "n_observed_cells": 450, "n_missing_cells": 0, "iterations": 500, "relative_likelihood_change": 1.1810234199768206e-
2026-10-05 09:38:08,094 INFO DFM-3 2025Q2 H2 complete
2026-10-05 09:38:08,164 WARNING DFM-3 2025Q2 H3 standard failed: nonconvergence_or_unstable_transition:{"n_training_months": 75, "n_observed_cells": 450, "n_missing_cells": 0, "iterations": 500, "relative_likelihood_change": 1.1810234199768206e-
2026-10-05 09:38:08,196 WARNING DFM-3 2025Q2 H3 conservative failed: nonconvergence_or_unstable_transition:{"n_training_months": 75, "n_observed_cells": 450, "n_missing_cells": 0, "iterations": 500, "relative_likelihood_change": 1.1810234199768206e-
2026-10-05 09:38:08,196 INFO DFM-3 2025Q2 H3 complete
2026-10-05 09:38:08,400 WARNING DFM-3_COMBINED 2022Q1 H1 standard failed: insufficient_history_or_invalid_scale
2026-10-05 09:38:08,409 WARNING DFM-3_COMBINED 2022Q1 H1 conservative failed: insufficient_history_or_invalid_scale
2026-10-05 09:38:08,409 INFO DFM-3_COMBINED 2022Q1 H1 complete
2026-10-05 09:38:08,456 WARNING DFM-3_COMBINED 2022Q1 H2 standard failed: insufficient_history_or_invalid_scale
2026-10-05 09:38:08,465 WARNING DFM-3_COMBINED 2022Q1 H2 conservative failed: insufficient_history_or_invalid_scale
2026-10-05 09:38:08,465 INFO DFM-3_COMBINED 2022Q1 H2 complete
2026-10-05 09:38:08,514 WARNING DFM-3_COMBINED 2022Q1 H3 standard failed: insufficient_history_or_invalid_scale
2026-10-05 09:38:08,522 WARNING DFM-3_COMBINED 2022Q1 H3 conservative failed: insufficient_history_or_invalid_scale
2026-10-05 09:38:08,522 INFO DFM-3_COMBINED 2022Q1 H3 complete
2026-10-05 09:38:08,566 WARNING DFM-3_COMBINED 2022Q2 H1 standard failed: insufficient_history_or_invalid_scale
2026-10-05 09:38:08,568 WARNING DFM-3_COMBINED 2022Q2 H1 conservative failed: insufficient_history_or_invalid_scale
2026-10-05 09:38:08,568 INFO DFM-3_COMBINED 2022Q2 H1 complete
2026-10-05 09:38:08,621 WARNING DFM-3_COMBINED 2022Q2 H2 standard failed: insufficient_history_or_invalid_scale
2026-10-05 09:38:08,629 WARNING DFM-3_COMBINED 2022Q2 H2 conservative failed: insufficient_history_or_invalid_scale
2026-10-05 09:38:08,630 INFO DFM-3_COMBINED 2022Q2 H2 complete
2026-10-05 09:38:08,669 WARNING DFM-3_COMBINED 2022Q2 H3 standard failed: insufficient_history_or_invalid_scale
2026-10-05 09:38:08,678 WARNING DFM-3_COMBINED 2022Q2 H3 conservative failed: insufficient_history_or_invalid_scale
2026-10-05 09:38:08,683 INFO DFM-3_COMBINED 2022Q2 H3 complete
2026-10-05 09:38:08,728 WARNING DFM-3_COMBINED 2022Q3 H1 standard failed: insufficient_history_or_invalid_scale
2026-10-05 09:38:08,733 WARNING DFM-3_COMBINED 2022Q3 H1 conservative failed: insufficient_history_or_invalid_scale
2026-10-05 09:38:08,733 INFO DFM-3_COMBINED 2022Q3 H1 complete
2026-10-05 09:38:08,785 WARNING DFM-3_COMBINED 2022Q3 H2 standard failed: insufficient_history_or_invalid_scale
2026-10-05 09:38:08,793 WARNING DFM-3_COMBINED 2022Q3 H2 conservative failed: insufficient_history_or_invalid_scale
2026-10-05 09:38:08,793 INFO DFM-3_COMBINED 2022Q3 H2 complete
2026-10-05 09:38:08,838 WARNING DFM-3_COMBINED 2022Q3 H3 standard failed: insufficient_history_or_invalid_scale
2026-10-05 09:38:08,848 WARNING DFM-3_COMBINED 2022Q3 H3 conservative failed: insufficient_history_or_invalid_scale
2026-10-05 09:38:08,848 INFO DFM-3_COMBINED 2022Q3 H3 complete
2026-10-05 09:38:08,895 WARNING DFM-3_COMBINED 2022Q4 H1 standard failed: insufficient_history_or_invalid_scale
2026-10-05 09:38:08,900 WARNING DFM-3_COMBINED 2022Q4 H1 conservative failed: insufficient_history_or_invalid_scale
2026-10-05 09:38:08,900 INFO DFM-3_COMBINED 2022Q4 H1 complete
2026-10-05 09:38:08,950 WARNING DFM-3_COMBINED 2022Q4 H2 standard failed: insufficient_history_or_invalid_scale
2026-10-05 09:38:08,958 WARNING DFM-3_COMBINED 2022Q4 H2 conservative failed: insufficient_history_or_invalid_scale
2026-10-05 09:38:08,958 INFO DFM-3_COMBINED 2022Q4 H2 complete
2026-10-05 09:38:09,000 WARNING DFM-3_COMBINED 2022Q4 H3 standard failed: insufficient_history_or_invalid_scale
2026-10-05 09:38:09,008 WARNING DFM-3_COMBINED 2022Q4 H3 conservative failed: insufficient_history_or_invalid_scale
2026-10-05 09:38:09,008 INFO DFM-3_COMBINED 2022Q4 H3 complete
2026-10-05 09:38:10,476 WARNING DFM-3_COMBINED 2023Q1 H1 standard failed: nonconvergence_or_unstable_transition:{"n_training_months": 48, "n_observed_cells": 407, "n_missing_cells": 169, "iterations": 500, "relative_likelihood_change": 2.0378495378230034
2026-10-05 09:38:10,485 WARNING DFM-3_COMBINED 2023Q1 H1 conservative failed: insufficient_history_or_invalid_scale
2026-10-05 09:38:10,485 INFO DFM-3_COMBINED 2023Q1 H1 complete
2026-10-05 09:38:11,980 WARNING DFM-3_COMBINED 2023Q1 H2 standard failed: nonconvergence_or_unstable_transition:{"n_training_months": 48, "n_observed_cells": 408, "n_missing_cells": 168, "iterations": 500, "relative_likelihood_change": 2.03158230800399e-
2026-10-05 09:38:12,018 WARNING DFM-3_COMBINED 2023Q1 H2 conservative failed: nonconvergence_or_unstable_transition:{"n_training_months": 48, "n_observed_cells": 408, "n_missing_cells": 168, "iterations": 500, "relative_likelihood_change": 2.03158230800399e-
2026-10-05 09:38:12,018 INFO DFM-3_COMBINED 2023Q1 H2 complete
2026-10-05 09:38:12,089 WARNING DFM-3_COMBINED 2023Q1 H3 standard failed: nonconvergence_or_unstable_transition:{"n_training_months": 48, "n_observed_cells": 408, "n_missing_cells": 168, "iterations": 500, "relative_likelihood_change": 2.03158230800399e-
2026-10-05 09:38:12,133 WARNING DFM-3_COMBINED 2023Q1 H3 conservative failed: nonconvergence_or_unstable_transition:{"n_training_months": 48, "n_observed_cells": 408, "n_missing_cells": 168, "iterations": 500, "relative_likelihood_change": 2.03158230800399e-
2026-10-05 09:38:12,133 INFO DFM-3_COMBINED 2023Q1 H3 complete
2026-10-05 09:38:12,613 INFO DFM-3_COMBINED 2023Q2 H1 complete
2026-10-05 09:38:12,974 INFO DFM-3_COMBINED 2023Q2 H2 complete
2026-10-05 09:38:13,181 INFO DFM-3_COMBINED 2023Q2 H3 complete
2026-10-05 09:38:14,823 WARNING DFM-3_COMBINED 2023Q3 H1 conservative failed: nonconvergence_or_unstable_transition:{"n_training_months": 54, "n_observed_cells": 474, "n_missing_cells": 174, "iterations": 500, "relative_likelihood_change": 1.5251278834991787
2026-10-05 09:38:14,823 INFO DFM-3_COMBINED 2023Q3 H1 complete
2026-10-05 09:38:15,049 INFO DFM-3_COMBINED 2023Q3 H2 complete
2026-10-05 09:38:15,183 INFO DFM-3_COMBINED 2023Q3 H3 complete
2026-10-05 09:38:16,792 WARNING DFM-3_COMBINED 2023Q4 H1 conservative failed: nonconvergence_or_unstable_transition:{"n_training_months": 57, "n_observed_cells": 510, "n_missing_cells": 174, "iterations": 500, "relative_likelihood_change": 1.3355235443092402
2026-10-05 09:38:16,792 INFO DFM-3_COMBINED 2023Q4 H1 complete
2026-10-05 09:38:17,024 INFO DFM-3_COMBINED 2023Q4 H2 complete
2026-10-05 09:38:17,146 INFO DFM-3_COMBINED 2023Q4 H3 complete
2026-10-05 09:38:17,421 INFO DFM-3_COMBINED 2024Q1 H1 complete
2026-10-05 09:38:17,617 INFO DFM-3_COMBINED 2024Q1 H2 complete
2026-10-05 09:38:17,726 INFO DFM-3_COMBINED 2024Q1 H3 complete
2026-10-05 09:38:18,021 INFO DFM-3_COMBINED 2024Q2 H1 complete
2026-10-05 09:38:18,227 INFO DFM-3_COMBINED 2024Q2 H2 complete
2026-10-05 09:38:18,349 INFO DFM-3_COMBINED 2024Q2 H3 complete
2026-10-05 09:38:18,622 INFO DFM-3_COMBINED 2024Q3 H1 complete
2026-10-05 09:38:18,815 INFO DFM-3_COMBINED 2024Q3 H2 complete
2026-10-05 09:38:18,929 INFO DFM-3_COMBINED 2024Q3 H3 complete
2026-10-05 09:38:19,228 INFO DFM-3_COMBINED 2024Q4 H1 complete
2026-10-05 09:38:19,917 INFO DFM-3_COMBINED 2024Q4 H2 complete
2026-10-05 09:38:20,055 INFO DFM-3_COMBINED 2024Q4 H3 complete
2026-10-05 09:38:20,963 INFO DFM-3_COMBINED 2025Q1 H1 complete
2026-10-05 09:38:21,464 INFO DFM-3_COMBINED 2025Q1 H2 complete
2026-10-05 09:38:21,597 INFO DFM-3_COMBINED 2025Q1 H3 complete
2026-10-05 09:38:22,359 INFO DFM-3_COMBINED 2025Q2 H1 complete
2026-10-05 09:38:22,765 INFO DFM-3_COMBINED 2025Q2 H2 complete
2026-10-05 09:38:22,888 INFO DFM-3_COMBINED 2025Q2 H3 complete
2026-10-05 09:38:23,199 WARNING DFM-4_R1_P1 2022Q1 H1 standard failed: insufficient_history_or_invalid_scale
2026-10-05 09:38:23,216 WARNING DFM-4_R1_P1 2022Q1 H1 conservative failed: insufficient_history_or_invalid_scale
2026-10-05 09:38:23,216 INFO DFM-4_R1_P1 2022Q1 H1 complete
2026-10-05 09:38:23,264 WARNING DFM-4_R1_P1 2022Q1 H2 standard failed: insufficient_history_or_invalid_scale
2026-10-05 09:38:23,266 WARNING DFM-4_R1_P1 2022Q1 H2 conservative failed: insufficient_history_or_invalid_scale
2026-10-05 09:38:23,266 INFO DFM-4_R1_P1 2022Q1 H2 complete
2026-10-05 09:38:23,316 WARNING DFM-4_R1_P1 2022Q1 H3 standard failed: insufficient_history_or_invalid_scale
2026-10-05 09:38:23,316 WARNING DFM-4_R1_P1 2022Q1 H3 conservative failed: insufficient_history_or_invalid_scale
2026-10-05 09:38:23,316 INFO DFM-4_R1_P1 2022Q1 H3 complete
2026-10-05 09:38:23,366 WARNING DFM-4_R1_P1 2022Q2 H1 standard failed: insufficient_history_or_invalid_scale
2026-10-05 09:38:23,366 WARNING DFM-4_R1_P1 2022Q2 H1 conservative failed: insufficient_history_or_invalid_scale
2026-10-05 09:38:23,366 INFO DFM-4_R1_P1 2022Q2 H1 complete
2026-10-05 09:38:23,427 WARNING DFM-4_R1_P1 2022Q2 H2 standard failed: insufficient_history_or_invalid_scale
2026-10-05 09:38:23,433 WARNING DFM-4_R1_P1 2022Q2 H2 conservative failed: insufficient_history_or_invalid_scale
2026-10-05 09:38:23,433 INFO DFM-4_R1_P1 2022Q2 H2 complete
2026-10-05 09:38:23,483 WARNING DFM-4_R1_P1 2022Q2 H3 standard failed: insufficient_history_or_invalid_scale
2026-10-05 09:38:23,483 WARNING DFM-4_R1_P1 2022Q2 H3 conservative failed: insufficient_history_or_invalid_scale
2026-10-05 09:38:23,483 INFO DFM-4_R1_P1 2022Q2 H3 complete
2026-10-05 09:38:23,533 WARNING DFM-4_R1_P1 2022Q3 H1 standard failed: insufficient_history_or_invalid_scale
2026-10-05 09:38:23,550 WARNING DFM-4_R1_P1 2022Q3 H1 conservative failed: insufficient_history_or_invalid_scale
2026-10-05 09:38:23,550 INFO DFM-4_R1_P1 2022Q3 H1 complete
2026-10-05 09:38:23,597 WARNING DFM-4_R1_P1 2022Q3 H2 standard failed: insufficient_history_or_invalid_scale
2026-10-05 09:38:23,600 WARNING DFM-4_R1_P1 2022Q3 H2 conservative failed: insufficient_history_or_invalid_scale
2026-10-05 09:38:23,600 INFO DFM-4_R1_P1 2022Q3 H2 complete
2026-10-05 09:38:23,651 WARNING DFM-4_R1_P1 2022Q3 H3 standard failed: insufficient_history_or_invalid_scale
2026-10-05 09:38:23,658 WARNING DFM-4_R1_P1 2022Q3 H3 conservative failed: insufficient_history_or_invalid_scale
2026-10-05 09:38:23,659 INFO DFM-4_R1_P1 2022Q3 H3 complete
2026-10-05 09:38:23,700 WARNING DFM-4_R1_P1 2022Q4 H1 standard failed: insufficient_history_or_invalid_scale
2026-10-05 09:38:23,700 WARNING DFM-4_R1_P1 2022Q4 H1 conservative failed: insufficient_history_or_invalid_scale
2026-10-05 09:38:23,700 INFO DFM-4_R1_P1 2022Q4 H1 complete
2026-10-05 09:38:23,763 WARNING DFM-4_R1_P1 2022Q4 H2 standard failed: insufficient_history_or_invalid_scale
2026-10-05 09:38:23,766 WARNING DFM-4_R1_P1 2022Q4 H2 conservative failed: insufficient_history_or_invalid_scale
2026-10-05 09:38:23,766 INFO DFM-4_R1_P1 2022Q4 H2 complete
2026-10-05 09:38:23,818 WARNING DFM-4_R1_P1 2022Q4 H3 standard failed: insufficient_history_or_invalid_scale
2026-10-05 09:38:23,826 WARNING DFM-4_R1_P1 2022Q4 H3 conservative failed: insufficient_history_or_invalid_scale
2026-10-05 09:38:23,827 INFO DFM-4_R1_P1 2022Q4 H3 complete
2026-10-05 09:38:23,902 WARNING DFM-4_R1_P1 2023Q1 H1 standard failed: nonconvergence_or_unstable_transition:{"n_training_months": 48, "n_observed_cells": 407, "n_missing_cells": 169, "iterations": 500, "relative_likelihood_change": 2.0378495378230034
2026-10-05 09:38:23,902 WARNING DFM-4_R1_P1 2023Q1 H1 conservative failed: insufficient_history_or_invalid_scale
2026-10-05 09:38:23,902 INFO DFM-4_R1_P1 2023Q1 H1 complete
2026-10-05 09:38:23,994 WARNING DFM-4_R1_P1 2023Q1 H2 standard failed: nonconvergence_or_unstable_transition:{"n_training_months": 48, "n_observed_cells": 408, "n_missing_cells": 168, "iterations": 500, "relative_likelihood_change": 2.03158230800399e-
2026-10-05 09:38:24,061 WARNING DFM-4_R1_P1 2023Q1 H2 conservative failed: nonconvergence_or_unstable_transition:{"n_training_months": 48, "n_observed_cells": 408, "n_missing_cells": 168, "iterations": 500, "relative_likelihood_change": 2.03158230800399e-
2026-10-05 09:38:24,061 INFO DFM-4_R1_P1 2023Q1 H2 complete
2026-10-05 09:38:24,162 WARNING DFM-4_R1_P1 2023Q1 H3 standard failed: nonconvergence_or_unstable_transition:{"n_training_months": 48, "n_observed_cells": 408, "n_missing_cells": 168, "iterations": 500, "relative_likelihood_change": 2.03158230800399e-
2026-10-05 09:38:24,197 WARNING DFM-4_R1_P1 2023Q1 H3 conservative failed: nonconvergence_or_unstable_transition:{"n_training_months": 48, "n_observed_cells": 408, "n_missing_cells": 168, "iterations": 500, "relative_likelihood_change": 2.03158230800399e-
2026-10-05 09:38:24,198 INFO DFM-4_R1_P1 2023Q1 H3 complete
2026-10-05 09:38:24,319 INFO DFM-4_R1_P1 2023Q2 H1 complete
2026-10-05 09:38:24,434 INFO DFM-4_R1_P1 2023Q2 H2 complete
2026-10-05 09:38:24,563 INFO DFM-4_R1_P1 2023Q2 H3 complete
2026-10-05 09:38:24,667 WARNING DFM-4_R1_P1 2023Q3 H1 conservative failed: nonconvergence_or_unstable_transition:{"n_training_months": 54, "n_observed_cells": 474, "n_missing_cells": 174, "iterations": 500, "relative_likelihood_change": 1.5251278834991787
2026-10-05 09:38:24,667 INFO DFM-4_R1_P1 2023Q3 H1 complete
2026-10-05 09:38:24,804 INFO DFM-4_R1_P1 2023Q3 H2 complete
2026-10-05 09:38:24,918 INFO DFM-4_R1_P1 2023Q3 H3 complete
2026-10-05 09:38:25,036 WARNING DFM-4_R1_P1 2023Q4 H1 conservative failed: nonconvergence_or_unstable_transition:{"n_training_months": 57, "n_observed_cells": 510, "n_missing_cells": 174, "iterations": 500, "relative_likelihood_change": 1.3355235443092402
2026-10-05 09:38:25,036 INFO DFM-4_R1_P1 2023Q4 H1 complete
2026-10-05 09:38:25,169 INFO DFM-4_R1_P1 2023Q4 H2 complete
2026-10-05 09:38:25,285 INFO DFM-4_R1_P1 2023Q4 H3 complete
2026-10-05 09:38:25,409 INFO DFM-4_R1_P1 2024Q1 H1 complete
2026-10-05 09:38:25,518 INFO DFM-4_R1_P1 2024Q1 H2 complete
2026-10-05 09:38:25,645 INFO DFM-4_R1_P1 2024Q1 H3 complete
2026-10-05 09:38:25,752 INFO DFM-4_R1_P1 2024Q2 H1 complete
2026-10-05 09:38:25,885 INFO DFM-4_R1_P1 2024Q2 H2 complete
2026-10-05 09:38:26,152 INFO DFM-4_R1_P1 2024Q2 H3 complete
2026-10-05 09:38:26,278 INFO DFM-4_R1_P1 2024Q3 H1 complete
2026-10-05 09:38:26,404 INFO DFM-4_R1_P1 2024Q3 H2 complete
2026-10-05 09:38:26,520 INFO DFM-4_R1_P1 2024Q3 H3 complete
2026-10-05 09:38:26,647 INFO DFM-4_R1_P1 2024Q4 H1 complete
2026-10-05 09:38:26,769 INFO DFM-4_R1_P1 2024Q4 H2 complete
2026-10-05 09:38:26,887 INFO DFM-4_R1_P1 2024Q4 H3 complete
2026-10-05 09:38:27,022 INFO DFM-4_R1_P1 2025Q1 H1 complete
2026-10-05 09:38:27,155 INFO DFM-4_R1_P1 2025Q1 H2 complete
2026-10-05 09:38:27,287 INFO DFM-4_R1_P1 2025Q1 H3 complete
2026-10-05 09:38:27,404 INFO DFM-4_R1_P1 2025Q2 H1 complete
2026-10-05 09:38:27,537 INFO DFM-4_R1_P1 2025Q2 H2 complete
2026-10-05 09:38:27,671 INFO DFM-4_R1_P1 2025Q2 H3 complete
2026-10-05 09:38:28,013 WARNING DFM-4_R1_P2 2022Q1 H1 standard failed: insufficient_history_or_invalid_scale
2026-10-05 09:38:28,021 WARNING DFM-4_R1_P2 2022Q1 H1 conservative failed: insufficient_history_or_invalid_scale
2026-10-05 09:38:28,022 INFO DFM-4_R1_P2 2022Q1 H1 complete
2026-10-05 09:38:28,055 WARNING DFM-4_R1_P2 2022Q1 H2 standard failed: insufficient_history_or_invalid_scale
2026-10-05 09:38:28,076 WARNING DFM-4_R1_P2 2022Q1 H2 conservative failed: insufficient_history_or_invalid_scale
2026-10-05 09:38:28,076 INFO DFM-4_R1_P2 2022Q1 H2 complete
2026-10-05 09:38:28,118 WARNING DFM-4_R1_P2 2022Q1 H3 standard failed: insufficient_history_or_invalid_scale
2026-10-05 09:38:28,121 WARNING DFM-4_R1_P2 2022Q1 H3 conservative failed: insufficient_history_or_invalid_scale
2026-10-05 09:38:28,121 INFO DFM-4_R1_P2 2022Q1 H3 complete
2026-10-05 09:38:28,155 WARNING DFM-4_R1_P2 2022Q2 H1 standard failed: insufficient_history_or_invalid_scale
2026-10-05 09:38:28,177 WARNING DFM-4_R1_P2 2022Q2 H1 conservative failed: insufficient_history_or_invalid_scale
2026-10-05 09:38:28,177 INFO DFM-4_R1_P2 2022Q2 H1 complete
2026-10-05 09:38:28,221 WARNING DFM-4_R1_P2 2022Q2 H2 standard failed: insufficient_history_or_invalid_scale
2026-10-05 09:38:28,221 WARNING DFM-4_R1_P2 2022Q2 H2 conservative failed: insufficient_history_or_invalid_scale
2026-10-05 09:38:28,221 INFO DFM-4_R1_P2 2022Q2 H2 complete
2026-10-05 09:38:28,274 WARNING DFM-4_R1_P2 2022Q2 H3 standard failed: insufficient_history_or_invalid_scale
2026-10-05 09:38:28,282 WARNING DFM-4_R1_P2 2022Q2 H3 conservative failed: insufficient_history_or_invalid_scale
2026-10-05 09:38:28,282 INFO DFM-4_R1_P2 2022Q2 H3 complete
2026-10-05 09:38:28,321 WARNING DFM-4_R1_P2 2022Q3 H1 standard failed: insufficient_history_or_invalid_scale
2026-10-05 09:38:28,339 WARNING DFM-4_R1_P2 2022Q3 H1 conservative failed: insufficient_history_or_invalid_scale
2026-10-05 09:38:28,339 INFO DFM-4_R1_P2 2022Q3 H1 complete
2026-10-05 09:38:28,383 WARNING DFM-4_R1_P2 2022Q3 H2 standard failed: insufficient_history_or_invalid_scale
2026-10-05 09:38:28,388 WARNING DFM-4_R1_P2 2022Q3 H2 conservative failed: insufficient_history_or_invalid_scale
2026-10-05 09:38:28,388 INFO DFM-4_R1_P2 2022Q3 H2 complete
2026-10-05 09:38:28,422 WARNING DFM-4_R1_P2 2022Q3 H3 standard failed: insufficient_history_or_invalid_scale
2026-10-05 09:38:28,443 WARNING DFM-4_R1_P2 2022Q3 H3 conservative failed: insufficient_history_or_invalid_scale
2026-10-05 09:38:28,443 INFO DFM-4_R1_P2 2022Q3 H3 complete
2026-10-05 09:38:28,488 WARNING DFM-4_R1_P2 2022Q4 H1 standard failed: insufficient_history_or_invalid_scale
2026-10-05 09:38:28,488 WARNING DFM-4_R1_P2 2022Q4 H1 conservative failed: insufficient_history_or_invalid_scale
2026-10-05 09:38:28,488 INFO DFM-4_R1_P2 2022Q4 H1 complete
2026-10-05 09:38:28,543 WARNING DFM-4_R1_P2 2022Q4 H2 standard failed: insufficient_history_or_invalid_scale
2026-10-05 09:38:28,550 WARNING DFM-4_R1_P2 2022Q4 H2 conservative failed: insufficient_history_or_invalid_scale
2026-10-05 09:38:28,551 INFO DFM-4_R1_P2 2022Q4 H2 complete
2026-10-05 09:38:28,588 WARNING DFM-4_R1_P2 2022Q4 H3 standard failed: insufficient_history_or_invalid_scale
2026-10-05 09:38:28,588 WARNING DFM-4_R1_P2 2022Q4 H3 conservative failed: insufficient_history_or_invalid_scale
2026-10-05 09:38:28,588 INFO DFM-4_R1_P2 2022Q4 H3 complete
2026-10-05 09:38:30,086 WARNING DFM-4_R1_P2 2023Q1 H1 standard failed: nonconvergence_or_unstable_transition:{"n_training_months": 48, "n_observed_cells": 407, "n_missing_cells": 169, "iterations": 500, "relative_likelihood_change": 2.0450417858418052
2026-10-05 09:38:30,090 WARNING DFM-4_R1_P2 2023Q1 H1 conservative failed: insufficient_history_or_invalid_scale
2026-10-05 09:38:30,090 INFO DFM-4_R1_P2 2023Q1 H1 complete
2026-10-05 09:38:31,509 WARNING DFM-4_R1_P2 2023Q1 H2 standard failed: nonconvergence_or_unstable_transition:{"n_training_months": 48, "n_observed_cells": 408, "n_missing_cells": 168, "iterations": 500, "relative_likelihood_change": 2.038683463895255e
2026-10-05 09:38:31,559 WARNING DFM-4_R1_P2 2023Q1 H2 conservative failed: nonconvergence_or_unstable_transition:{"n_training_months": 48, "n_observed_cells": 408, "n_missing_cells": 168, "iterations": 500, "relative_likelihood_change": 2.038683463895255e
2026-10-05 09:38:31,559 INFO DFM-4_R1_P2 2023Q1 H2 complete
2026-10-05 09:38:31,642 WARNING DFM-4_R1_P2 2023Q1 H3 standard failed: nonconvergence_or_unstable_transition:{"n_training_months": 48, "n_observed_cells": 408, "n_missing_cells": 168, "iterations": 500, "relative_likelihood_change": 2.038683463895255e
2026-10-05 09:38:31,681 WARNING DFM-4_R1_P2 2023Q1 H3 conservative failed: nonconvergence_or_unstable_transition:{"n_training_months": 48, "n_observed_cells": 408, "n_missing_cells": 168, "iterations": 500, "relative_likelihood_change": 2.038683463895255e
2026-10-05 09:38:31,681 INFO DFM-4_R1_P2 2023Q1 H3 complete
2026-10-05 09:38:33,212 WARNING DFM-4_R1_P2 2023Q2 H1 standard failed: nonconvergence_or_unstable_transition:{"n_training_months": 51, "n_observed_cells": 443, "n_missing_cells": 169, "iterations": 500, "relative_likelihood_change": 1.7591447402648283
2026-10-05 09:38:33,398 INFO DFM-4_R1_P2 2023Q2 H1 complete
2026-10-05 09:38:34,810 WARNING DFM-4_R1_P2 2023Q2 H2 standard failed: nonconvergence_or_unstable_transition:{"n_training_months": 51, "n_observed_cells": 444, "n_missing_cells": 168, "iterations": 500, "relative_likelihood_change": 1.7547781472410383
2026-10-05 09:38:34,848 WARNING DFM-4_R1_P2 2023Q2 H2 conservative failed: nonconvergence_or_unstable_transition:{"n_training_months": 51, "n_observed_cells": 444, "n_missing_cells": 168, "iterations": 500, "relative_likelihood_change": 1.7547781472410383
2026-10-05 09:38:34,848 INFO DFM-4_R1_P2 2023Q2 H2 complete
2026-10-05 09:38:34,941 WARNING DFM-4_R1_P2 2023Q2 H3 standard failed: nonconvergence_or_unstable_transition:{"n_training_months": 51, "n_observed_cells": 444, "n_missing_cells": 168, "iterations": 500, "relative_likelihood_change": 1.7547781472410383
2026-10-05 09:38:34,986 WARNING DFM-4_R1_P2 2023Q2 H3 conservative failed: nonconvergence_or_unstable_transition:{"n_training_months": 51, "n_observed_cells": 444, "n_missing_cells": 168, "iterations": 500, "relative_likelihood_change": 1.7547781472410383
2026-10-05 09:38:34,987 INFO DFM-4_R1_P2 2023Q2 H3 complete
2026-10-05 09:38:35,379 INFO DFM-4_R1_P2 2023Q3 H1 complete
2026-10-05 09:38:35,696 INFO DFM-4_R1_P2 2023Q3 H2 complete
2026-10-05 09:38:35,849 INFO DFM-4_R1_P2 2023Q3 H3 complete
2026-10-05 09:38:38,901 WARNING DFM-4_R1_P2 2023Q4 H1 conservative failed: nonconvergence_or_unstable_transition:{"n_training_months": 57, "n_observed_cells": 510, "n_missing_cells": 174, "iterations": 500, "relative_likelihood_change": 1.3350255585049311
2026-10-05 09:38:38,901 INFO DFM-4_R1_P2 2023Q4 H1 complete
2026-10-05 09:38:39,580 INFO DFM-4_R1_P2 2023Q4 H2 complete
2026-10-05 09:38:39,712 INFO DFM-4_R1_P2 2023Q4 H3 complete
2026-10-05 09:38:40,141 INFO DFM-4_R1_P2 2024Q1 H1 complete
2026-10-05 09:38:40,407 INFO DFM-4_R1_P2 2024Q1 H2 complete
2026-10-05 09:38:40,541 INFO DFM-4_R1_P2 2024Q1 H3 complete
2026-10-05 09:38:41,926 INFO DFM-4_R1_P2 2024Q2 H1 complete
2026-10-05 09:38:42,872 INFO DFM-4_R1_P2 2024Q2 H2 complete
2026-10-05 09:38:43,069 INFO DFM-4_R1_P2 2024Q2 H3 complete
2026-10-05 09:38:43,676 INFO DFM-4_R1_P2 2024Q3 H1 complete
2026-10-05 09:38:44,061 INFO DFM-4_R1_P2 2024Q3 H2 complete
2026-10-05 09:38:44,254 INFO DFM-4_R1_P2 2024Q3 H3 complete
2026-10-05 09:38:44,640 INFO DFM-4_R1_P2 2024Q4 H1 complete
2026-10-05 09:38:44,952 INFO DFM-4_R1_P2 2024Q4 H2 complete
2026-10-05 09:38:45,101 INFO DFM-4_R1_P2 2024Q4 H3 complete
2026-10-05 09:38:45,502 INFO DFM-4_R1_P2 2025Q1 H1 complete
2026-10-05 09:38:45,775 INFO DFM-4_R1_P2 2025Q1 H2 complete
2026-10-05 09:38:45,908 INFO DFM-4_R1_P2 2025Q1 H3 complete
2026-10-05 09:38:46,295 INFO DFM-4_R1_P2 2025Q2 H1 complete
2026-10-05 09:38:46,548 INFO DFM-4_R1_P2 2025Q2 H2 complete
2026-10-05 09:38:46,677 INFO DFM-4_R1_P2 2025Q2 H3 complete
2026-10-05 09:38:47,076 WARNING DFM-4_R2_P1 2022Q1 H1 standard failed: insufficient_history_or_invalid_scale
2026-10-05 09:38:47,090 WARNING DFM-4_R2_P1 2022Q1 H1 conservative failed: insufficient_history_or_invalid_scale
2026-10-05 09:38:47,090 INFO DFM-4_R2_P1 2022Q1 H1 complete
2026-10-05 09:38:47,139 WARNING DFM-4_R2_P1 2022Q1 H2 standard failed: insufficient_history_or_invalid_scale
2026-10-05 09:38:47,150 WARNING DFM-4_R2_P1 2022Q1 H2 conservative failed: insufficient_history_or_invalid_scale
2026-10-05 09:38:47,150 INFO DFM-4_R2_P1 2022Q1 H2 complete
2026-10-05 09:38:47,204 WARNING DFM-4_R2_P1 2022Q1 H3 standard failed: insufficient_history_or_invalid_scale
2026-10-05 09:38:47,213 WARNING DFM-4_R2_P1 2022Q1 H3 conservative failed: insufficient_history_or_invalid_scale
2026-10-05 09:38:47,214 INFO DFM-4_R2_P1 2022Q1 H3 complete
2026-10-05 09:38:47,264 WARNING DFM-4_R2_P1 2022Q2 H1 standard failed: insufficient_history_or_invalid_scale
2026-10-05 09:38:47,272 WARNING DFM-4_R2_P1 2022Q2 H1 conservative failed: insufficient_history_or_invalid_scale
2026-10-05 09:38:47,272 INFO DFM-4_R2_P1 2022Q2 H1 complete
2026-10-05 09:38:47,324 WARNING DFM-4_R2_P1 2022Q2 H2 standard failed: insufficient_history_or_invalid_scale
2026-10-05 09:38:47,335 WARNING DFM-4_R2_P1 2022Q2 H2 conservative failed: insufficient_history_or_invalid_scale
2026-10-05 09:38:47,335 INFO DFM-4_R2_P1 2022Q2 H2 complete
2026-10-05 09:38:47,385 WARNING DFM-4_R2_P1 2022Q2 H3 standard failed: insufficient_history_or_invalid_scale
2026-10-05 09:38:47,396 WARNING DFM-4_R2_P1 2022Q2 H3 conservative failed: insufficient_history_or_invalid_scale
2026-10-05 09:38:47,396 INFO DFM-4_R2_P1 2022Q2 H3 complete
2026-10-05 09:38:47,449 WARNING DFM-4_R2_P1 2022Q3 H1 standard failed: insufficient_history_or_invalid_scale
2026-10-05 09:38:47,457 WARNING DFM-4_R2_P1 2022Q3 H1 conservative failed: insufficient_history_or_invalid_scale
2026-10-05 09:38:47,458 INFO DFM-4_R2_P1 2022Q3 H1 complete
2026-10-05 09:38:47,508 WARNING DFM-4_R2_P1 2022Q3 H2 standard failed: insufficient_history_or_invalid_scale
2026-10-05 09:38:47,517 WARNING DFM-4_R2_P1 2022Q3 H2 conservative failed: insufficient_history_or_invalid_scale
2026-10-05 09:38:47,518 INFO DFM-4_R2_P1 2022Q3 H2 complete
2026-10-05 09:38:47,568 WARNING DFM-4_R2_P1 2022Q3 H3 standard failed: insufficient_history_or_invalid_scale
2026-10-05 09:38:47,578 WARNING DFM-4_R2_P1 2022Q3 H3 conservative failed: insufficient_history_or_invalid_scale
2026-10-05 09:38:47,578 INFO DFM-4_R2_P1 2022Q3 H3 complete
2026-10-05 09:38:47,628 WARNING DFM-4_R2_P1 2022Q4 H1 standard failed: insufficient_history_or_invalid_scale
2026-10-05 09:38:47,637 WARNING DFM-4_R2_P1 2022Q4 H1 conservative failed: insufficient_history_or_invalid_scale
2026-10-05 09:38:47,637 INFO DFM-4_R2_P1 2022Q4 H1 complete
2026-10-05 09:38:47,685 WARNING DFM-4_R2_P1 2022Q4 H2 standard failed: insufficient_history_or_invalid_scale
2026-10-05 09:38:47,697 WARNING DFM-4_R2_P1 2022Q4 H2 conservative failed: insufficient_history_or_invalid_scale
2026-10-05 09:38:47,697 INFO DFM-4_R2_P1 2022Q4 H2 complete
2026-10-05 09:38:47,752 WARNING DFM-4_R2_P1 2022Q4 H3 standard failed: insufficient_history_or_invalid_scale
2026-10-05 09:38:47,762 WARNING DFM-4_R2_P1 2022Q4 H3 conservative failed: insufficient_history_or_invalid_scale
2026-10-05 09:38:47,762 INFO DFM-4_R2_P1 2022Q4 H3 complete
2026-10-05 09:38:49,553 WARNING DFM-4_R2_P1 2023Q1 H1 standard failed: nonconvergence_or_unstable_transition:{"n_training_months": 48, "n_observed_cells": 407, "n_missing_cells": 169, "iterations": 500, "relative_likelihood_change": 2.2104710761519885
2026-10-05 09:38:49,565 WARNING DFM-4_R2_P1 2023Q1 H1 conservative failed: insufficient_history_or_invalid_scale
2026-10-05 09:38:49,565 INFO DFM-4_R2_P1 2023Q1 H1 complete
2026-10-05 09:38:51,540 WARNING DFM-4_R2_P1 2023Q1 H2 standard failed: nonconvergence_or_unstable_transition:{"n_training_months": 48, "n_observed_cells": 408, "n_missing_cells": 168, "iterations": 500, "relative_likelihood_change": 2.206245454536129e
2026-10-05 09:38:51,588 WARNING DFM-4_R2_P1 2023Q1 H2 conservative failed: nonconvergence_or_unstable_transition:{"n_training_months": 48, "n_observed_cells": 408, "n_missing_cells": 168, "iterations": 500, "relative_likelihood_change": 2.206245454536129e
2026-10-05 09:38:51,589 INFO DFM-4_R2_P1 2023Q1 H2 complete
2026-10-05 09:38:51,670 WARNING DFM-4_R2_P1 2023Q1 H3 standard failed: nonconvergence_or_unstable_transition:{"n_training_months": 48, "n_observed_cells": 408, "n_missing_cells": 168, "iterations": 500, "relative_likelihood_change": 2.206245454536129e
2026-10-05 09:38:51,717 WARNING DFM-4_R2_P1 2023Q1 H3 conservative failed: nonconvergence_or_unstable_transition:{"n_training_months": 48, "n_observed_cells": 408, "n_missing_cells": 168, "iterations": 500, "relative_likelihood_change": 2.206245454536129e
2026-10-05 09:38:51,718 INFO DFM-4_R2_P1 2023Q1 H3 complete
2026-10-05 09:38:53,344 WARNING DFM-4_R2_P1 2023Q2 H1 standard failed: nonconvergence_or_unstable_transition:{"n_training_months": 51, "n_observed_cells": 443, "n_missing_cells": 169, "iterations": 500, "relative_likelihood_change": 2.005384732068458e
2026-10-05 09:38:54,899 WARNING DFM-4_R2_P1 2023Q2 H1 conservative failed: nonconvergence_or_unstable_transition:{"n_training_months": 51, "n_observed_cells": 438, "n_missing_cells": 174, "iterations": 500, "relative_likelihood_change": 1.9677811248700074
2026-10-05 09:38:54,900 INFO DFM-4_R2_P1 2023Q2 H1 complete
2026-10-05 09:38:57,033 WARNING DFM-4_R2_P1 2023Q2 H2 standard failed: nonconvergence_or_unstable_transition:{"n_training_months": 51, "n_observed_cells": 444, "n_missing_cells": 168, "iterations": 500, "relative_likelihood_change": 1.9999598658252744
2026-10-05 09:38:57,109 WARNING DFM-4_R2_P1 2023Q2 H2 conservative failed: nonconvergence_or_unstable_transition:{"n_training_months": 51, "n_observed_cells": 444, "n_missing_cells": 168, "iterations": 500, "relative_likelihood_change": 1.9999598658252744
2026-10-05 09:38:57,109 INFO DFM-4_R2_P1 2023Q2 H2 complete
2026-10-05 09:38:57,239 WARNING DFM-4_R2_P1 2023Q2 H3 standard failed: nonconvergence_or_unstable_transition:{"n_training_months": 51, "n_observed_cells": 444, "n_missing_cells": 168, "iterations": 500, "relative_likelihood_change": 1.9999598658252744
2026-10-05 09:38:57,306 WARNING DFM-4_R2_P1 2023Q2 H3 conservative failed: nonconvergence_or_unstable_transition:{"n_training_months": 51, "n_observed_cells": 444, "n_missing_cells": 168, "iterations": 500, "relative_likelihood_change": 1.9999598658252744
2026-10-05 09:38:57,306 INFO DFM-4_R2_P1 2023Q2 H3 complete
2026-10-05 09:38:59,386 WARNING DFM-4_R2_P1 2023Q3 H1 standard failed: nonconvergence_or_unstable_transition:{"n_training_months": 54, "n_observed_cells": 479, "n_missing_cells": 169, "iterations": 500, "relative_likelihood_change": 2.139534614348688e
2026-10-05 09:39:01,242 WARNING DFM-4_R2_P1 2023Q3 H1 conservative failed: nonconvergence_or_unstable_transition:{"n_training_months": 54, "n_observed_cells": 474, "n_missing_cells": 174, "iterations": 500, "relative_likelihood_change": 1.8081451387522394
2026-10-05 09:39:01,243 INFO DFM-4_R2_P1 2023Q3 H1 complete
2026-10-05 09:39:03,014 WARNING DFM-4_R2_P1 2023Q3 H2 standard failed: nonconvergence_or_unstable_transition:{"n_training_months": 54, "n_observed_cells": 480, "n_missing_cells": 168, "iterations": 500, "relative_likelihood_change": 2.376304768984473e
2026-10-05 09:39:03,060 WARNING DFM-4_R2_P1 2023Q3 H2 conservative failed: nonconvergence_or_unstable_transition:{"n_training_months": 54, "n_observed_cells": 480, "n_missing_cells": 168, "iterations": 500, "relative_likelihood_change": 2.376304768984473e
2026-10-05 09:39:03,060 INFO DFM-4_R2_P1 2023Q3 H2 complete
2026-10-05 09:39:03,160 WARNING DFM-4_R2_P1 2023Q3 H3 standard failed: nonconvergence_or_unstable_transition:{"n_training_months": 54, "n_observed_cells": 480, "n_missing_cells": 168, "iterations": 500, "relative_likelihood_change": 2.376304768984473e
2026-10-05 09:39:03,194 WARNING DFM-4_R2_P1 2023Q3 H3 conservative failed: nonconvergence_or_unstable_transition:{"n_training_months": 54, "n_observed_cells": 480, "n_missing_cells": 168, "iterations": 500, "relative_likelihood_change": 2.376304768984473e
2026-10-05 09:39:03,194 INFO DFM-4_R2_P1 2023Q3 H3 complete
2026-10-05 09:39:04,879 WARNING DFM-4_R2_P1 2023Q4 H1 standard failed: nonconvergence_or_unstable_transition:{"n_training_months": 57, "n_observed_cells": 515, "n_missing_cells": 169, "iterations": 500, "relative_likelihood_change": 1.7613318341261584
2026-10-05 09:39:06,819 WARNING DFM-4_R2_P1 2023Q4 H1 conservative failed: nonconvergence_or_unstable_transition:{"n_training_months": 57, "n_observed_cells": 510, "n_missing_cells": 174, "iterations": 500, "relative_likelihood_change": 1.393164983944201e
2026-10-05 09:39:06,820 INFO DFM-4_R2_P1 2023Q4 H1 complete
2026-10-05 09:39:08,634 WARNING DFM-4_R2_P1 2023Q4 H2 standard failed: nonconvergence_or_unstable_transition:{"n_training_months": 57, "n_observed_cells": 516, "n_missing_cells": 168, "iterations": 500, "relative_likelihood_change": 1.4042335284691362
2026-10-05 09:39:08,700 WARNING DFM-4_R2_P1 2023Q4 H2 conservative failed: nonconvergence_or_unstable_transition:{"n_training_months": 57, "n_observed_cells": 516, "n_missing_cells": 168, "iterations": 500, "relative_likelihood_change": 1.4042335284691362
2026-10-05 09:39:08,716 INFO DFM-4_R2_P1 2023Q4 H2 complete
2026-10-05 09:39:08,830 WARNING DFM-4_R2_P1 2023Q4 H3 standard failed: nonconvergence_or_unstable_transition:{"n_training_months": 57, "n_observed_cells": 516, "n_missing_cells": 168, "iterations": 500, "relative_likelihood_change": 1.4042335284691362
2026-10-05 09:39:08,883 WARNING DFM-4_R2_P1 2023Q4 H3 conservative failed: nonconvergence_or_unstable_transition:{"n_training_months": 57, "n_observed_cells": 516, "n_missing_cells": 168, "iterations": 500, "relative_likelihood_change": 1.4042335284691362
2026-10-05 09:39:08,883 INFO DFM-4_R2_P1 2023Q4 H3 complete
2026-10-05 09:39:10,580 WARNING DFM-4_R2_P1 2024Q1 H1 standard failed: nonconvergence_or_unstable_transition:{"n_training_months": 60, "n_observed_cells": 551, "n_missing_cells": 169, "iterations": 500, "relative_likelihood_change": 1.2215776576570067
2026-10-05 09:39:12,420 WARNING DFM-4_R2_P1 2024Q1 H1 conservative failed: nonconvergence_or_unstable_transition:{"n_training_months": 60, "n_observed_cells": 546, "n_missing_cells": 174, "iterations": 500, "relative_likelihood_change": 4.900979202297416e
2026-10-05 09:39:12,420 INFO DFM-4_R2_P1 2024Q1 H1 complete
2026-10-05 09:39:14,072 WARNING DFM-4_R2_P1 2024Q1 H2 standard failed: nonconvergence_or_unstable_transition:{"n_training_months": 60, "n_observed_cells": 552, "n_missing_cells": 168, "iterations": 500, "relative_likelihood_change": 1.2203821221899966
2026-10-05 09:39:14,138 WARNING DFM-4_R2_P1 2024Q1 H2 conservative failed: nonconvergence_or_unstable_transition:{"n_training_months": 60, "n_observed_cells": 552, "n_missing_cells": 168, "iterations": 500, "relative_likelihood_change": 1.2203821221899966
2026-10-05 09:39:14,138 INFO DFM-4_R2_P1 2024Q1 H2 complete
2026-10-05 09:39:14,216 WARNING DFM-4_R2_P1 2024Q1 H3 standard failed: nonconvergence_or_unstable_transition:{"n_training_months": 60, "n_observed_cells": 552, "n_missing_cells": 168, "iterations": 500, "relative_likelihood_change": 1.2203821221899966
2026-10-05 09:39:14,256 WARNING DFM-4_R2_P1 2024Q1 H3 conservative failed: nonconvergence_or_unstable_transition:{"n_training_months": 60, "n_observed_cells": 552, "n_missing_cells": 168, "iterations": 500, "relative_likelihood_change": 1.2203821221899966
2026-10-05 09:39:14,256 INFO DFM-4_R2_P1 2024Q1 H3 complete
2026-10-05 09:39:15,952 WARNING DFM-4_R2_P1 2024Q2 H1 standard failed: nonconvergence_or_unstable_transition:{"n_training_months": 63, "n_observed_cells": 587, "n_missing_cells": 169, "iterations": 500, "relative_likelihood_change": 1.0546688818098538
2026-10-05 09:39:17,827 WARNING DFM-4_R2_P1 2024Q2 H1 conservative failed: nonconvergence_or_unstable_transition:{"n_training_months": 63, "n_observed_cells": 582, "n_missing_cells": 174, "iterations": 500, "relative_likelihood_change": 1.0659085008561977
2026-10-05 09:39:17,843 INFO DFM-4_R2_P1 2024Q2 H1 complete
2026-10-05 09:39:19,671 WARNING DFM-4_R2_P1 2024Q2 H2 standard failed: nonconvergence_or_unstable_transition:{"n_training_months": 63, "n_observed_cells": 588, "n_missing_cells": 168, "iterations": 500, "relative_likelihood_change": 1.0527624883359108
2026-10-05 09:39:19,717 WARNING DFM-4_R2_P1 2024Q2 H2 conservative failed: nonconvergence_or_unstable_transition:{"n_training_months": 63, "n_observed_cells": 588, "n_missing_cells": 168, "iterations": 500, "relative_likelihood_change": 1.0527624883359108
2026-10-05 09:39:19,717 INFO DFM-4_R2_P1 2024Q2 H2 complete
2026-10-05 09:39:19,796 WARNING DFM-4_R2_P1 2024Q2 H3 standard failed: nonconvergence_or_unstable_transition:{"n_training_months": 63, "n_observed_cells": 588, "n_missing_cells": 168, "iterations": 500, "relative_likelihood_change": 1.0527624883359108
2026-10-05 09:39:19,857 WARNING DFM-4_R2_P1 2024Q2 H3 conservative failed: nonconvergence_or_unstable_transition:{"n_training_months": 63, "n_observed_cells": 588, "n_missing_cells": 168, "iterations": 500, "relative_likelihood_change": 1.0527624883359108
2026-10-05 09:39:19,857 INFO DFM-4_R2_P1 2024Q2 H3 complete
2026-10-05 09:39:21,862 INFO DFM-4_R2_P1 2024Q3 H1 complete
2026-10-05 09:39:22,882 INFO DFM-4_R2_P1 2024Q3 H2 complete
2026-10-05 09:39:23,027 INFO DFM-4_R2_P1 2024Q3 H3 complete
2026-10-05 09:39:24,614 INFO DFM-4_R2_P1 2024Q4 H1 complete
2026-10-05 09:39:25,480 INFO DFM-4_R2_P1 2024Q4 H2 complete
2026-10-05 09:39:25,614 INFO DFM-4_R2_P1 2024Q4 H3 complete
2026-10-05 09:39:28,721 INFO DFM-4_R2_P1 2025Q1 H1 complete
2026-10-05 09:39:30,563 INFO DFM-4_R2_P1 2025Q1 H2 complete
2026-10-05 09:39:30,691 INFO DFM-4_R2_P1 2025Q1 H3 complete
2026-10-05 09:39:32,476 INFO DFM-4_R2_P1 2025Q2 H1 complete
2026-10-05 09:39:33,460 INFO DFM-4_R2_P1 2025Q2 H2 complete
2026-10-05 09:39:33,644 INFO DFM-4_R2_P1 2025Q2 H3 complete
2026-10-05 09:39:34,082 WARNING DFM-4_R2_P2 2022Q1 H1 standard failed: insufficient_history_or_invalid_scale
2026-10-05 09:39:34,091 WARNING DFM-4_R2_P2 2022Q1 H1 conservative failed: insufficient_history_or_invalid_scale
2026-10-05 09:39:34,091 INFO DFM-4_R2_P2 2022Q1 H1 complete
2026-10-05 09:39:34,159 WARNING DFM-4_R2_P2 2022Q1 H2 standard failed: insufficient_history_or_invalid_scale
2026-10-05 09:39:34,172 WARNING DFM-4_R2_P2 2022Q1 H2 conservative failed: insufficient_history_or_invalid_scale
2026-10-05 09:39:34,172 INFO DFM-4_R2_P2 2022Q1 H2 complete
2026-10-05 09:39:34,240 WARNING DFM-4_R2_P2 2022Q1 H3 standard failed: insufficient_history_or_invalid_scale
2026-10-05 09:39:34,249 WARNING DFM-4_R2_P2 2022Q1 H3 conservative failed: insufficient_history_or_invalid_scale
2026-10-05 09:39:34,249 INFO DFM-4_R2_P2 2022Q1 H3 complete
2026-10-05 09:39:34,295 WARNING DFM-4_R2_P2 2022Q2 H1 standard failed: insufficient_history_or_invalid_scale
2026-10-05 09:39:34,295 WARNING DFM-4_R2_P2 2022Q2 H1 conservative failed: insufficient_history_or_invalid_scale
2026-10-05 09:39:34,295 INFO DFM-4_R2_P2 2022Q2 H1 complete
2026-10-05 09:39:34,361 WARNING DFM-4_R2_P2 2022Q2 H2 standard failed: insufficient_history_or_invalid_scale
2026-10-05 09:39:34,378 WARNING DFM-4_R2_P2 2022Q2 H2 conservative failed: insufficient_history_or_invalid_scale
2026-10-05 09:39:34,378 INFO DFM-4_R2_P2 2022Q2 H2 complete
2026-10-05 09:39:34,445 WARNING DFM-4_R2_P2 2022Q2 H3 standard failed: insufficient_history_or_invalid_scale
2026-10-05 09:39:34,455 WARNING DFM-4_R2_P2 2022Q2 H3 conservative failed: insufficient_history_or_invalid_scale
2026-10-05 09:39:34,456 INFO DFM-4_R2_P2 2022Q2 H3 complete
2026-10-05 09:39:34,518 WARNING DFM-4_R2_P2 2022Q3 H1 standard failed: insufficient_history_or_invalid_scale
2026-10-05 09:39:34,528 WARNING DFM-4_R2_P2 2022Q3 H1 conservative failed: insufficient_history_or_invalid_scale
2026-10-05 09:39:34,528 INFO DFM-4_R2_P2 2022Q3 H1 complete
2026-10-05 09:39:34,584 WARNING DFM-4_R2_P2 2022Q3 H2 standard failed: insufficient_history_or_invalid_scale
2026-10-05 09:39:34,592 WARNING DFM-4_R2_P2 2022Q3 H2 conservative failed: insufficient_history_or_invalid_scale
2026-10-05 09:39:34,592 INFO DFM-4_R2_P2 2022Q3 H2 complete
2026-10-05 09:39:34,629 WARNING DFM-4_R2_P2 2022Q3 H3 standard failed: insufficient_history_or_invalid_scale
2026-10-05 09:39:34,645 WARNING DFM-4_R2_P2 2022Q3 H3 conservative failed: insufficient_history_or_invalid_scale
2026-10-05 09:39:34,645 INFO DFM-4_R2_P2 2022Q3 H3 complete
2026-10-05 09:39:34,696 WARNING DFM-4_R2_P2 2022Q4 H1 standard failed: insufficient_history_or_invalid_scale
2026-10-05 09:39:34,696 WARNING DFM-4_R2_P2 2022Q4 H1 conservative failed: insufficient_history_or_invalid_scale
2026-10-05 09:39:34,696 INFO DFM-4_R2_P2 2022Q4 H1 complete
2026-10-05 09:39:34,756 WARNING DFM-4_R2_P2 2022Q4 H2 standard failed: insufficient_history_or_invalid_scale
2026-10-05 09:39:34,762 WARNING DFM-4_R2_P2 2022Q4 H2 conservative failed: insufficient_history_or_invalid_scale
2026-10-05 09:39:34,762 INFO DFM-4_R2_P2 2022Q4 H2 complete
2026-10-05 09:39:34,846 WARNING DFM-4_R2_P2 2022Q4 H3 standard failed: insufficient_history_or_invalid_scale
2026-10-05 09:39:34,856 WARNING DFM-4_R2_P2 2022Q4 H3 conservative failed: insufficient_history_or_invalid_scale
2026-10-05 09:39:34,857 INFO DFM-4_R2_P2 2022Q4 H3 complete
2026-10-05 09:39:36,587 WARNING DFM-4_R2_P2 2023Q1 H1 standard failed: nonconvergence_or_unstable_transition:{"n_training_months": 48, "n_observed_cells": 407, "n_missing_cells": 169, "iterations": 500, "relative_likelihood_change": 2.2251672558079996
2026-10-05 09:39:36,595 WARNING DFM-4_R2_P2 2023Q1 H1 conservative failed: insufficient_history_or_invalid_scale
2026-10-05 09:39:36,595 INFO DFM-4_R2_P2 2023Q1 H1 complete
2026-10-05 09:39:38,399 WARNING DFM-4_R2_P2 2023Q1 H2 standard failed: nonconvergence_or_unstable_transition:{"n_training_months": 48, "n_observed_cells": 408, "n_missing_cells": 168, "iterations": 500, "relative_likelihood_change": 2.1899908226890652
2026-10-05 09:39:38,453 WARNING DFM-4_R2_P2 2023Q1 H2 conservative failed: nonconvergence_or_unstable_transition:{"n_training_months": 48, "n_observed_cells": 408, "n_missing_cells": 168, "iterations": 500, "relative_likelihood_change": 2.1899908226890652
2026-10-05 09:39:38,453 INFO DFM-4_R2_P2 2023Q1 H2 complete
2026-10-05 09:39:38,559 WARNING DFM-4_R2_P2 2023Q1 H3 standard failed: nonconvergence_or_unstable_transition:{"n_training_months": 48, "n_observed_cells": 408, "n_missing_cells": 168, "iterations": 500, "relative_likelihood_change": 2.1899908226890652
2026-10-05 09:39:38,628 WARNING DFM-4_R2_P2 2023Q1 H3 conservative failed: nonconvergence_or_unstable_transition:{"n_training_months": 48, "n_observed_cells": 408, "n_missing_cells": 168, "iterations": 500, "relative_likelihood_change": 2.1899908226890652
2026-10-05 09:39:38,628 INFO DFM-4_R2_P2 2023Q1 H3 complete
2026-10-05 09:39:40,435 WARNING DFM-4_R2_P2 2023Q2 H1 standard failed: nonconvergence_or_unstable_transition:{"n_training_months": 51, "n_observed_cells": 443, "n_missing_cells": 169, "iterations": 500, "relative_likelihood_change": 2.154200805754638e
2026-10-05 09:39:42,148 WARNING DFM-4_R2_P2 2023Q2 H1 conservative failed: nonconvergence_or_unstable_transition:{"n_training_months": 51, "n_observed_cells": 438, "n_missing_cells": 174, "iterations": 500, "relative_likelihood_change": 2.1654554815891813
2026-10-05 09:39:42,148 INFO DFM-4_R2_P2 2023Q2 H1 complete
2026-10-05 09:39:44,120 WARNING DFM-4_R2_P2 2023Q2 H2 standard failed: nonconvergence_or_unstable_transition:{"n_training_months": 51, "n_observed_cells": 444, "n_missing_cells": 168, "iterations": 500, "relative_likelihood_change": 2.1454818944289114
2026-10-05 09:39:44,155 WARNING DFM-4_R2_P2 2023Q2 H2 conservative failed: nonconvergence_or_unstable_transition:{"n_training_months": 51, "n_observed_cells": 444, "n_missing_cells": 168, "iterations": 500, "relative_likelihood_change": 2.1454818944289114
2026-10-05 09:39:44,155 INFO DFM-4_R2_P2 2023Q2 H2 complete
2026-10-05 09:39:44,242 WARNING DFM-4_R2_P2 2023Q2 H3 standard failed: nonconvergence_or_unstable_transition:{"n_training_months": 51, "n_observed_cells": 444, "n_missing_cells": 168, "iterations": 500, "relative_likelihood_change": 2.1454818944289114
2026-10-05 09:39:44,272 WARNING DFM-4_R2_P2 2023Q2 H3 conservative failed: nonconvergence_or_unstable_transition:{"n_training_months": 51, "n_observed_cells": 444, "n_missing_cells": 168, "iterations": 500, "relative_likelihood_change": 2.1454818944289114
2026-10-05 09:39:44,272 INFO DFM-4_R2_P2 2023Q2 H3 complete
2026-10-05 09:39:46,019 WARNING DFM-4_R2_P2 2023Q3 H1 standard failed: nonconvergence_or_unstable_transition:{"n_training_months": 54, "n_observed_cells": 479, "n_missing_cells": 169, "iterations": 500, "relative_likelihood_change": 2.0511506378812312
2026-10-05 09:39:47,859 WARNING DFM-4_R2_P2 2023Q3 H1 conservative failed: nonconvergence_or_unstable_transition:{"n_training_months": 54, "n_observed_cells": 474, "n_missing_cells": 174, "iterations": 500, "relative_likelihood_change": 1.7894949819790265
2026-10-05 09:39:47,859 INFO DFM-4_R2_P2 2023Q3 H1 complete
2026-10-05 09:39:49,613 WARNING DFM-4_R2_P2 2023Q3 H2 standard failed: nonconvergence_or_unstable_transition:{"n_training_months": 54, "n_observed_cells": 480, "n_missing_cells": 168, "iterations": 500, "relative_likelihood_change": 2.064756961981268e
2026-10-05 09:39:49,657 WARNING DFM-4_R2_P2 2023Q3 H2 conservative failed: nonconvergence_or_unstable_transition:{"n_training_months": 54, "n_observed_cells": 480, "n_missing_cells": 168, "iterations": 500, "relative_likelihood_change": 2.064756961981268e
2026-10-05 09:39:49,658 INFO DFM-4_R2_P2 2023Q3 H2 complete
2026-10-05 09:39:49,729 WARNING DFM-4_R2_P2 2023Q3 H3 standard failed: nonconvergence_or_unstable_transition:{"n_training_months": 54, "n_observed_cells": 480, "n_missing_cells": 168, "iterations": 500, "relative_likelihood_change": 2.064756961981268e
2026-10-05 09:39:49,778 WARNING DFM-4_R2_P2 2023Q3 H3 conservative failed: nonconvergence_or_unstable_transition:{"n_training_months": 54, "n_observed_cells": 480, "n_missing_cells": 168, "iterations": 500, "relative_likelihood_change": 2.064756961981268e
2026-10-05 09:39:49,778 INFO DFM-4_R2_P2 2023Q3 H3 complete
2026-10-05 09:39:51,660 WARNING DFM-4_R2_P2 2023Q4 H1 standard failed: nonconvergence_or_unstable_transition:{"n_training_months": 57, "n_observed_cells": 515, "n_missing_cells": 169, "iterations": 500, "relative_likelihood_change": 1.7417543456491542
2026-10-05 09:39:53,356 WARNING DFM-4_R2_P2 2023Q4 H1 conservative failed: nonconvergence_or_unstable_transition:{"n_training_months": 57, "n_observed_cells": 510, "n_missing_cells": 174, "iterations": 500, "relative_likelihood_change": 1.7500982021121107
2026-10-05 09:39:53,357 INFO DFM-4_R2_P2 2023Q4 H1 complete
2026-10-05 09:39:55,067 WARNING DFM-4_R2_P2 2023Q4 H2 standard failed: nonconvergence_or_unstable_transition:{"n_training_months": 57, "n_observed_cells": 516, "n_missing_cells": 168, "iterations": 500, "relative_likelihood_change": 1.7814426753040735
2026-10-05 09:39:55,124 WARNING DFM-4_R2_P2 2023Q4 H2 conservative failed: nonconvergence_or_unstable_transition:{"n_training_months": 57, "n_observed_cells": 516, "n_missing_cells": 168, "iterations": 500, "relative_likelihood_change": 1.7814426753040735
2026-10-05 09:39:55,125 INFO DFM-4_R2_P2 2023Q4 H2 complete
2026-10-05 09:39:55,201 WARNING DFM-4_R2_P2 2023Q4 H3 standard failed: nonconvergence_or_unstable_transition:{"n_training_months": 57, "n_observed_cells": 516, "n_missing_cells": 168, "iterations": 500, "relative_likelihood_change": 1.7814426753040735
2026-10-05 09:39:55,252 WARNING DFM-4_R2_P2 2023Q4 H3 conservative failed: nonconvergence_or_unstable_transition:{"n_training_months": 57, "n_observed_cells": 516, "n_missing_cells": 168, "iterations": 500, "relative_likelihood_change": 1.7814426753040735
2026-10-05 09:39:55,252 INFO DFM-4_R2_P2 2023Q4 H3 complete
2026-10-05 09:39:57,120 WARNING DFM-4_R2_P2 2024Q1 H1 standard failed: nonconvergence_or_unstable_transition:{"n_training_months": 60, "n_observed_cells": 551, "n_missing_cells": 169, "iterations": 500, "relative_likelihood_change": 1.7310274067763047
2026-10-05 09:39:58,755 WARNING DFM-4_R2_P2 2024Q1 H1 conservative failed: nonconvergence_or_unstable_transition:{"n_training_months": 60, "n_observed_cells": 546, "n_missing_cells": 174, "iterations": 500, "relative_likelihood_change": 1.7030281490726522
2026-10-05 09:39:58,755 INFO DFM-4_R2_P2 2024Q1 H1 complete
2026-10-05 09:40:00,657 WARNING DFM-4_R2_P2 2024Q1 H2 standard failed: nonconvergence_or_unstable_transition:{"n_training_months": 60, "n_observed_cells": 552, "n_missing_cells": 168, "iterations": 500, "relative_likelihood_change": 1.6505664991389196
2026-10-05 09:40:00,708 WARNING DFM-4_R2_P2 2024Q1 H2 conservative failed: nonconvergence_or_unstable_transition:{"n_training_months": 60, "n_observed_cells": 552, "n_missing_cells": 168, "iterations": 500, "relative_likelihood_change": 1.6505664991389196
2026-10-05 09:40:00,709 INFO DFM-4_R2_P2 2024Q1 H2 complete
2026-10-05 09:40:00,847 WARNING DFM-4_R2_P2 2024Q1 H3 standard failed: nonconvergence_or_unstable_transition:{"n_training_months": 60, "n_observed_cells": 552, "n_missing_cells": 168, "iterations": 500, "relative_likelihood_change": 1.6505664991389196
2026-10-05 09:40:00,944 WARNING DFM-4_R2_P2 2024Q1 H3 conservative failed: nonconvergence_or_unstable_transition:{"n_training_months": 60, "n_observed_cells": 552, "n_missing_cells": 168, "iterations": 500, "relative_likelihood_change": 1.6505664991389196
2026-10-05 09:40:00,945 INFO DFM-4_R2_P2 2024Q1 H3 complete
2026-10-05 09:40:02,876 WARNING DFM-4_R2_P2 2024Q2 H1 standard failed: nonconvergence_or_unstable_transition:{"n_training_months": 63, "n_observed_cells": 587, "n_missing_cells": 169, "iterations": 500, "relative_likelihood_change": 1.0892900100995239
2026-10-05 09:40:04,521 WARNING DFM-4_R2_P2 2024Q2 H1 conservative failed: nonconvergence_or_unstable_transition:{"n_training_months": 63, "n_observed_cells": 582, "n_missing_cells": 174, "iterations": 500, "relative_likelihood_change": 1.0956546171108895
2026-10-05 09:40:04,522 INFO DFM-4_R2_P2 2024Q2 H1 complete
2026-10-05 09:40:06,280 WARNING DFM-4_R2_P2 2024Q2 H2 standard failed: nonconvergence_or_unstable_transition:{"n_training_months": 63, "n_observed_cells": 588, "n_missing_cells": 168, "iterations": 500, "relative_likelihood_change": 1.0876235283302455
2026-10-05 09:40:06,325 WARNING DFM-4_R2_P2 2024Q2 H2 conservative failed: nonconvergence_or_unstable_transition:{"n_training_months": 63, "n_observed_cells": 588, "n_missing_cells": 168, "iterations": 500, "relative_likelihood_change": 1.0876235283302455
2026-10-05 09:40:06,326 INFO DFM-4_R2_P2 2024Q2 H2 complete
2026-10-05 09:40:06,397 WARNING DFM-4_R2_P2 2024Q2 H3 standard failed: nonconvergence_or_unstable_transition:{"n_training_months": 63, "n_observed_cells": 588, "n_missing_cells": 168, "iterations": 500, "relative_likelihood_change": 1.0876235283302455
2026-10-05 09:40:06,448 WARNING DFM-4_R2_P2 2024Q2 H3 conservative failed: nonconvergence_or_unstable_transition:{"n_training_months": 63, "n_observed_cells": 588, "n_missing_cells": 168, "iterations": 500, "relative_likelihood_change": 1.0876235283302455
2026-10-05 09:40:06,449 INFO DFM-4_R2_P2 2024Q2 H3 complete
2026-10-05 09:40:08,969 INFO DFM-4_R2_P2 2024Q3 H1 complete
2026-10-05 09:40:10,330 INFO DFM-4_R2_P2 2024Q3 H2 complete
2026-10-05 09:40:10,467 INFO DFM-4_R2_P2 2024Q3 H3 complete
2026-10-05 09:40:13,106 INFO DFM-4_R2_P2 2024Q4 H1 complete
2026-10-05 09:40:14,873 WARNING DFM-4_R2_P2 2024Q4 H2 standard failed: nonconvergence_or_unstable_transition:{"n_training_months": 69, "n_observed_cells": 660, "n_missing_cells": 168, "iterations": 500, "relative_likelihood_change": 1.0766883430609082
2026-10-05 09:40:14,919 WARNING DFM-4_R2_P2 2024Q4 H2 conservative failed: nonconvergence_or_unstable_transition:{"n_training_months": 69, "n_observed_cells": 660, "n_missing_cells": 168, "iterations": 500, "relative_likelihood_change": 1.0766883430609082
2026-10-05 09:40:14,919 INFO DFM-4_R2_P2 2024Q4 H2 complete
2026-10-05 09:40:14,989 WARNING DFM-4_R2_P2 2024Q4 H3 standard failed: nonconvergence_or_unstable_transition:{"n_training_months": 69, "n_observed_cells": 660, "n_missing_cells": 168, "iterations": 500, "relative_likelihood_change": 1.0766883430609082
2026-10-05 09:40:15,044 WARNING DFM-4_R2_P2 2024Q4 H3 conservative failed: nonconvergence_or_unstable_transition:{"n_training_months": 69, "n_observed_cells": 660, "n_missing_cells": 168, "iterations": 500, "relative_likelihood_change": 1.0766883430609082
2026-10-05 09:40:15,044 INFO DFM-4_R2_P2 2024Q4 H3 complete
2026-10-05 09:40:17,759 INFO DFM-4_R2_P2 2025Q1 H1 complete
2026-10-05 09:40:19,277 INFO DFM-4_R2_P2 2025Q1 H2 complete
2026-10-05 09:40:19,416 INFO DFM-4_R2_P2 2025Q1 H3 complete
2026-10-05 09:40:20,379 INFO DFM-4_R2_P2 2025Q2 H1 complete
2026-10-05 09:40:20,929 INFO DFM-4_R2_P2 2025Q2 H2 complete
2026-10-05 09:40:21,079 INFO DFM-4_R2_P2 2025Q2 H3 complete
2026-10-05 09:40:21,463 WARNING DFM-4_R3_P1 2022Q1 H1 standard failed: insufficient_history_or_invalid_scale
2026-10-05 09:40:21,480 WARNING DFM-4_R3_P1 2022Q1 H1 conservative failed: insufficient_history_or_invalid_scale
2026-10-05 09:40:21,480 INFO DFM-4_R3_P1 2022Q1 H1 complete
2026-10-05 09:40:21,528 WARNING DFM-4_R3_P1 2022Q1 H2 standard failed: insufficient_history_or_invalid_scale
2026-10-05 09:40:21,530 WARNING DFM-4_R3_P1 2022Q1 H2 conservative failed: insufficient_history_or_invalid_scale
2026-10-05 09:40:21,530 INFO DFM-4_R3_P1 2022Q1 H2 complete
2026-10-05 09:40:21,585 WARNING DFM-4_R3_P1 2022Q1 H3 standard failed: insufficient_history_or_invalid_scale
2026-10-05 09:40:21,593 WARNING DFM-4_R3_P1 2022Q1 H3 conservative failed: insufficient_history_or_invalid_scale
2026-10-05 09:40:21,593 INFO DFM-4_R3_P1 2022Q1 H3 complete
2026-10-05 09:40:21,631 WARNING DFM-4_R3_P1 2022Q2 H1 standard failed: insufficient_history_or_invalid_scale
2026-10-05 09:40:21,649 WARNING DFM-4_R3_P1 2022Q2 H1 conservative failed: insufficient_history_or_invalid_scale
2026-10-05 09:40:21,649 INFO DFM-4_R3_P1 2022Q2 H1 complete
2026-10-05 09:40:21,692 WARNING DFM-4_R3_P1 2022Q2 H2 standard failed: insufficient_history_or_invalid_scale
2026-10-05 09:40:21,698 WARNING DFM-4_R3_P1 2022Q2 H2 conservative failed: insufficient_history_or_invalid_scale
2026-10-05 09:40:21,698 INFO DFM-4_R3_P1 2022Q2 H2 complete
2026-10-05 09:40:21,749 WARNING DFM-4_R3_P1 2022Q2 H3 standard failed: insufficient_history_or_invalid_scale
2026-10-05 09:40:21,757 WARNING DFM-4_R3_P1 2022Q2 H3 conservative failed: insufficient_history_or_invalid_scale
2026-10-05 09:40:21,757 INFO DFM-4_R3_P1 2022Q2 H3 complete
2026-10-05 09:40:21,798 WARNING DFM-4_R3_P1 2022Q3 H1 standard failed: insufficient_history_or_invalid_scale
2026-10-05 09:40:21,798 WARNING DFM-4_R3_P1 2022Q3 H1 conservative failed: insufficient_history_or_invalid_scale
2026-10-05 09:40:21,798 INFO DFM-4_R3_P1 2022Q3 H1 complete
2026-10-05 09:40:21,862 WARNING DFM-4_R3_P1 2022Q3 H2 standard failed: insufficient_history_or_invalid_scale
2026-10-05 09:40:21,864 WARNING DFM-4_R3_P1 2022Q3 H2 conservative failed: insufficient_history_or_invalid_scale
2026-10-05 09:40:21,864 INFO DFM-4_R3_P1 2022Q3 H2 complete
2026-10-05 09:40:21,918 WARNING DFM-4_R3_P1 2022Q3 H3 standard failed: insufficient_history_or_invalid_scale
2026-10-05 09:40:21,926 WARNING DFM-4_R3_P1 2022Q3 H3 conservative failed: insufficient_history_or_invalid_scale
2026-10-05 09:40:21,926 INFO DFM-4_R3_P1 2022Q3 H3 complete
2026-10-05 09:40:21,964 WARNING DFM-4_R3_P1 2022Q4 H1 standard failed: insufficient_history_or_invalid_scale
2026-10-05 09:40:21,964 WARNING DFM-4_R3_P1 2022Q4 H1 conservative failed: insufficient_history_or_invalid_scale
2026-10-05 09:40:21,964 INFO DFM-4_R3_P1 2022Q4 H1 complete
2026-10-05 09:40:22,025 WARNING DFM-4_R3_P1 2022Q4 H2 standard failed: insufficient_history_or_invalid_scale
2026-10-05 09:40:22,033 WARNING DFM-4_R3_P1 2022Q4 H2 conservative failed: insufficient_history_or_invalid_scale
2026-10-05 09:40:22,033 INFO DFM-4_R3_P1 2022Q4 H2 complete
2026-10-05 09:40:22,081 WARNING DFM-4_R3_P1 2022Q4 H3 standard failed: insufficient_history_or_invalid_scale
2026-10-05 09:40:22,096 WARNING DFM-4_R3_P1 2022Q4 H3 conservative failed: insufficient_history_or_invalid_scale
2026-10-05 09:40:22,097 INFO DFM-4_R3_P1 2022Q4 H3 complete
2026-10-05 09:40:23,933 WARNING DFM-4_R3_P1 2023Q1 H1 standard failed: nonconvergence_or_unstable_transition:{"n_training_months": 48, "n_observed_cells": 407, "n_missing_cells": 169, "iterations": 500, "relative_likelihood_change": 4.6892516451898436
2026-10-05 09:40:23,950 WARNING DFM-4_R3_P1 2023Q1 H1 conservative failed: insufficient_history_or_invalid_scale
2026-10-05 09:40:23,950 INFO DFM-4_R3_P1 2023Q1 H1 complete
2026-10-05 09:40:25,752 WARNING DFM-4_R3_P1 2023Q1 H2 standard failed: nonconvergence_or_unstable_transition:{"n_training_months": 48, "n_observed_cells": 408, "n_missing_cells": 168, "iterations": 500, "relative_likelihood_change": 4.650358957131942e
2026-10-05 09:40:25,785 WARNING DFM-4_R3_P1 2023Q1 H2 conservative failed: nonconvergence_or_unstable_transition:{"n_training_months": 48, "n_observed_cells": 408, "n_missing_cells": 168, "iterations": 500, "relative_likelihood_change": 4.650358957131942e
2026-10-05 09:40:25,785 INFO DFM-4_R3_P1 2023Q1 H2 complete
2026-10-05 09:40:25,877 WARNING DFM-4_R3_P1 2023Q1 H3 standard failed: nonconvergence_or_unstable_transition:{"n_training_months": 48, "n_observed_cells": 408, "n_missing_cells": 168, "iterations": 500, "relative_likelihood_change": 4.650358957131942e
2026-10-05 09:40:25,918 WARNING DFM-4_R3_P1 2023Q1 H3 conservative failed: nonconvergence_or_unstable_transition:{"n_training_months": 48, "n_observed_cells": 408, "n_missing_cells": 168, "iterations": 500, "relative_likelihood_change": 4.650358957131942e
2026-10-05 09:40:25,918 INFO DFM-4_R3_P1 2023Q1 H3 complete
2026-10-05 09:40:27,669 WARNING DFM-4_R3_P1 2023Q2 H1 standard failed: nonconvergence_or_unstable_transition:{"n_training_months": 51, "n_observed_cells": 443, "n_missing_cells": 169, "iterations": 500, "relative_likelihood_change": 4.0035822765473155
2026-10-05 09:40:29,408 WARNING DFM-4_R3_P1 2023Q2 H1 conservative failed: nonconvergence_or_unstable_transition:{"n_training_months": 51, "n_observed_cells": 438, "n_missing_cells": 174, "iterations": 500, "relative_likelihood_change": 4.061218739610102e
2026-10-05 09:40:29,409 INFO DFM-4_R3_P1 2023Q2 H1 complete
2026-10-05 09:40:31,224 WARNING DFM-4_R3_P1 2023Q2 H2 standard failed: nonconvergence_or_unstable_transition:{"n_training_months": 51, "n_observed_cells": 444, "n_missing_cells": 168, "iterations": 500, "relative_likelihood_change": 3.993540036232224e
2026-10-05 09:40:31,257 WARNING DFM-4_R3_P1 2023Q2 H2 conservative failed: nonconvergence_or_unstable_transition:{"n_training_months": 51, "n_observed_cells": 444, "n_missing_cells": 168, "iterations": 500, "relative_likelihood_change": 3.993540036232224e
2026-10-05 09:40:31,257 INFO DFM-4_R3_P1 2023Q2 H2 complete
2026-10-05 09:40:31,347 WARNING DFM-4_R3_P1 2023Q2 H3 standard failed: nonconvergence_or_unstable_transition:{"n_training_months": 51, "n_observed_cells": 444, "n_missing_cells": 168, "iterations": 500, "relative_likelihood_change": 3.993540036232224e
2026-10-05 09:40:31,374 WARNING DFM-4_R3_P1 2023Q2 H3 conservative failed: nonconvergence_or_unstable_transition:{"n_training_months": 51, "n_observed_cells": 444, "n_missing_cells": 168, "iterations": 500, "relative_likelihood_change": 3.993540036232224e
2026-10-05 09:40:31,374 INFO DFM-4_R3_P1 2023Q2 H3 complete
2026-10-05 09:40:33,076 WARNING DFM-4_R3_P1 2023Q3 H1 standard failed: nonconvergence_or_unstable_transition:{"n_training_months": 54, "n_observed_cells": 479, "n_missing_cells": 169, "iterations": 500, "relative_likelihood_change": 6.963101754612315e
2026-10-05 09:40:34,849 WARNING DFM-4_R3_P1 2023Q3 H1 conservative failed: nonconvergence_or_unstable_transition:{"n_training_months": 54, "n_observed_cells": 474, "n_missing_cells": 174, "iterations": 500, "relative_likelihood_change": 1.7463745552795148
2026-10-05 09:40:34,849 INFO DFM-4_R3_P1 2023Q3 H1 complete
2026-10-05 09:40:36,650 WARNING DFM-4_R3_P1 2023Q3 H2 standard failed: nonconvergence_or_unstable_transition:{"n_training_months": 54, "n_observed_cells": 480, "n_missing_cells": 168, "iterations": 500, "relative_likelihood_change": 3.706912445391041e
2026-10-05 09:40:36,690 WARNING DFM-4_R3_P1 2023Q3 H2 conservative failed: nonconvergence_or_unstable_transition:{"n_training_months": 54, "n_observed_cells": 480, "n_missing_cells": 168, "iterations": 500, "relative_likelihood_change": 3.706912445391041e
2026-10-05 09:40:36,691 INFO DFM-4_R3_P1 2023Q3 H2 complete
2026-10-05 09:40:36,763 WARNING DFM-4_R3_P1 2023Q3 H3 standard failed: nonconvergence_or_unstable_transition:{"n_training_months": 54, "n_observed_cells": 480, "n_missing_cells": 168, "iterations": 500, "relative_likelihood_change": 3.706912445391041e
2026-10-05 09:40:36,814 WARNING DFM-4_R3_P1 2023Q3 H3 conservative failed: nonconvergence_or_unstable_transition:{"n_training_months": 54, "n_observed_cells": 480, "n_missing_cells": 168, "iterations": 500, "relative_likelihood_change": 3.706912445391041e
2026-10-05 09:40:36,815 INFO DFM-4_R3_P1 2023Q3 H3 complete
2026-10-05 09:40:38,606 WARNING DFM-4_R3_P1 2023Q4 H1 standard failed: nonconvergence_or_unstable_transition:{"n_training_months": 57, "n_observed_cells": 515, "n_missing_cells": 169, "iterations": 500, "relative_likelihood_change": 4.9732636562727515
2026-10-05 09:40:40,742 WARNING DFM-4_R3_P1 2023Q4 H1 conservative failed: nonconvergence_or_unstable_transition:{"n_training_months": 57, "n_observed_cells": 510, "n_missing_cells": 174, "iterations": 500, "relative_likelihood_change": 5.340225692798381e
2026-10-05 09:40:40,743 INFO DFM-4_R3_P1 2023Q4 H1 complete
2026-10-05 09:40:45,190 WARNING DFM-4_R3_P1 2023Q4 H2 standard failed: nonconvergence_or_unstable_transition:{"n_training_months": 57, "n_observed_cells": 516, "n_missing_cells": 168, "iterations": 500, "relative_likelihood_change": 5.827470218197628e
2026-10-05 09:40:45,318 WARNING DFM-4_R3_P1 2023Q4 H2 conservative failed: nonconvergence_or_unstable_transition:{"n_training_months": 57, "n_observed_cells": 516, "n_missing_cells": 168, "iterations": 500, "relative_likelihood_change": 5.827470218197628e
2026-10-05 09:40:45,318 INFO DFM-4_R3_P1 2023Q4 H2 complete
2026-10-05 09:40:45,523 WARNING DFM-4_R3_P1 2023Q4 H3 standard failed: nonconvergence_or_unstable_transition:{"n_training_months": 57, "n_observed_cells": 516, "n_missing_cells": 168, "iterations": 500, "relative_likelihood_change": 5.827470218197628e
2026-10-05 09:40:45,647 WARNING DFM-4_R3_P1 2023Q4 H3 conservative failed: nonconvergence_or_unstable_transition:{"n_training_months": 57, "n_observed_cells": 516, "n_missing_cells": 168, "iterations": 500, "relative_likelihood_change": 5.827470218197628e
2026-10-05 09:40:45,647 INFO DFM-4_R3_P1 2023Q4 H3 complete
2026-10-05 09:40:49,681 WARNING DFM-4_R3_P1 2024Q1 H1 standard failed: nonconvergence_or_unstable_transition:{"n_training_months": 60, "n_observed_cells": 551, "n_missing_cells": 169, "iterations": 500, "relative_likelihood_change": 2.6406638965528526
2026-10-05 09:40:53,027 WARNING DFM-4_R3_P1 2024Q1 H1 conservative failed: nonconvergence_or_unstable_transition:{"n_training_months": 60, "n_observed_cells": 546, "n_missing_cells": 174, "iterations": 500, "relative_likelihood_change": 2.633991840287498e
2026-10-05 09:40:53,028 INFO DFM-4_R3_P1 2024Q1 H1 complete
2026-10-05 09:40:55,907 WARNING DFM-4_R3_P1 2024Q1 H2 standard failed: nonconvergence_or_unstable_transition:{"n_training_months": 60, "n_observed_cells": 552, "n_missing_cells": 168, "iterations": 500, "relative_likelihood_change": 2.6278784456152263
2026-10-05 09:40:55,972 WARNING DFM-4_R3_P1 2024Q1 H2 conservative failed: nonconvergence_or_unstable_transition:{"n_training_months": 60, "n_observed_cells": 552, "n_missing_cells": 168, "iterations": 500, "relative_likelihood_change": 2.6278784456152263
2026-10-05 09:40:55,973 INFO DFM-4_R3_P1 2024Q1 H2 complete
2026-10-05 09:40:56,081 WARNING DFM-4_R3_P1 2024Q1 H3 standard failed: nonconvergence_or_unstable_transition:{"n_training_months": 60, "n_observed_cells": 552, "n_missing_cells": 168, "iterations": 500, "relative_likelihood_change": 2.6278784456152263
2026-10-05 09:40:56,135 WARNING DFM-4_R3_P1 2024Q1 H3 conservative failed: nonconvergence_or_unstable_transition:{"n_training_months": 60, "n_observed_cells": 552, "n_missing_cells": 168, "iterations": 500, "relative_likelihood_change": 2.6278784456152263
2026-10-05 09:40:56,135 INFO DFM-4_R3_P1 2024Q1 H3 complete
2026-10-05 09:40:59,088 WARNING DFM-4_R3_P1 2024Q2 H1 standard failed: nonconvergence_or_unstable_transition:{"n_training_months": 63, "n_observed_cells": 587, "n_missing_cells": 169, "iterations": 500, "relative_likelihood_change": 2.4399465794893912
2026-10-05 09:41:02,593 WARNING DFM-4_R3_P1 2024Q2 H1 conservative failed: nonconvergence_or_unstable_transition:{"n_training_months": 63, "n_observed_cells": 582, "n_missing_cells": 174, "iterations": 500, "relative_likelihood_change": 2.3421203427788634
2026-10-05 09:41:02,593 INFO DFM-4_R3_P1 2024Q2 H1 complete
2026-10-05 09:41:06,260 WARNING DFM-4_R3_P1 2024Q2 H2 standard failed: nonconvergence_or_unstable_transition:{"n_training_months": 63, "n_observed_cells": 588, "n_missing_cells": 168, "iterations": 500, "relative_likelihood_change": 2.343027766394729e
2026-10-05 09:41:06,329 WARNING DFM-4_R3_P1 2024Q2 H2 conservative failed: nonconvergence_or_unstable_transition:{"n_training_months": 63, "n_observed_cells": 588, "n_missing_cells": 168, "iterations": 500, "relative_likelihood_change": 2.343027766394729e
2026-10-05 09:41:06,329 INFO DFM-4_R3_P1 2024Q2 H2 complete
2026-10-05 09:41:06,448 WARNING DFM-4_R3_P1 2024Q2 H3 standard failed: nonconvergence_or_unstable_transition:{"n_training_months": 63, "n_observed_cells": 588, "n_missing_cells": 168, "iterations": 500, "relative_likelihood_change": 2.343027766394729e
2026-10-05 09:41:06,497 WARNING DFM-4_R3_P1 2024Q2 H3 conservative failed: nonconvergence_or_unstable_transition:{"n_training_months": 63, "n_observed_cells": 588, "n_missing_cells": 168, "iterations": 500, "relative_likelihood_change": 2.343027766394729e
2026-10-05 09:41:06,497 INFO DFM-4_R3_P1 2024Q2 H3 complete
2026-10-05 09:41:08,652 WARNING DFM-4_R3_P1 2024Q3 H1 standard failed: nonconvergence_or_unstable_transition:{"n_training_months": 66, "n_observed_cells": 623, "n_missing_cells": 169, "iterations": 500, "relative_likelihood_change": 2.0582613500760428
2026-10-05 09:41:10,484 WARNING DFM-4_R3_P1 2024Q3 H1 conservative failed: nonconvergence_or_unstable_transition:{"n_training_months": 66, "n_observed_cells": 618, "n_missing_cells": 174, "iterations": 500, "relative_likelihood_change": 2.07742298457152e-
2026-10-05 09:41:10,485 INFO DFM-4_R3_P1 2024Q3 H1 complete
2026-10-05 09:41:12,946 WARNING DFM-4_R3_P1 2024Q3 H2 standard failed: nonconvergence_or_unstable_transition:{"n_training_months": 66, "n_observed_cells": 624, "n_missing_cells": 168, "iterations": 500, "relative_likelihood_change": 2.0546943062340757
2026-10-05 09:41:13,039 WARNING DFM-4_R3_P1 2024Q3 H2 conservative failed: nonconvergence_or_unstable_transition:{"n_training_months": 66, "n_observed_cells": 624, "n_missing_cells": 168, "iterations": 500, "relative_likelihood_change": 2.0546943062340757
2026-10-05 09:41:13,040 INFO DFM-4_R3_P1 2024Q3 H2 complete
2026-10-05 09:41:13,219 WARNING DFM-4_R3_P1 2024Q3 H3 standard failed: nonconvergence_or_unstable_transition:{"n_training_months": 66, "n_observed_cells": 624, "n_missing_cells": 168, "iterations": 500, "relative_likelihood_change": 2.0546943062340757
2026-10-05 09:41:13,322 WARNING DFM-4_R3_P1 2024Q3 H3 conservative failed: nonconvergence_or_unstable_transition:{"n_training_months": 66, "n_observed_cells": 624, "n_missing_cells": 168, "iterations": 500, "relative_likelihood_change": 2.0546943062340757
2026-10-05 09:41:13,323 INFO DFM-4_R3_P1 2024Q3 H3 complete
2026-10-05 09:41:18,607 WARNING DFM-4_R3_P1 2024Q4 H1 standard failed: nonconvergence_or_unstable_transition:{"n_training_months": 69, "n_observed_cells": 659, "n_missing_cells": 169, "iterations": 500, "relative_likelihood_change": 1.8579013129686797
2026-10-05 09:41:22,667 WARNING DFM-4_R3_P1 2024Q4 H1 conservative failed: nonconvergence_or_unstable_transition:{"n_training_months": 69, "n_observed_cells": 654, "n_missing_cells": 174, "iterations": 500, "relative_likelihood_change": 1.8619514641776144
2026-10-05 09:41:22,667 INFO DFM-4_R3_P1 2024Q4 H1 complete
2026-10-05 09:41:25,549 WARNING DFM-4_R3_P1 2024Q4 H2 standard failed: nonconvergence_or_unstable_transition:{"n_training_months": 69, "n_observed_cells": 660, "n_missing_cells": 168, "iterations": 500, "relative_likelihood_change": 1.2858663576785252
2026-10-05 09:41:25,602 WARNING DFM-4_R3_P1 2024Q4 H2 conservative failed: nonconvergence_or_unstable_transition:{"n_training_months": 69, "n_observed_cells": 660, "n_missing_cells": 168, "iterations": 500, "relative_likelihood_change": 1.2858663576785252
2026-10-05 09:41:25,602 INFO DFM-4_R3_P1 2024Q4 H2 complete
2026-10-05 09:41:25,727 WARNING DFM-4_R3_P1 2024Q4 H3 standard failed: nonconvergence_or_unstable_transition:{"n_training_months": 69, "n_observed_cells": 660, "n_missing_cells": 168, "iterations": 500, "relative_likelihood_change": 1.2858663576785252
2026-10-05 09:41:25,785 WARNING DFM-4_R3_P1 2024Q4 H3 conservative failed: nonconvergence_or_unstable_transition:{"n_training_months": 69, "n_observed_cells": 660, "n_missing_cells": 168, "iterations": 500, "relative_likelihood_change": 1.2858663576785252
2026-10-05 09:41:25,785 INFO DFM-4_R3_P1 2024Q4 H3 complete
2026-10-05 09:41:31,205 INFO DFM-4_R3_P1 2025Q1 H1 complete
2026-10-05 09:41:33,682 INFO DFM-4_R3_P1 2025Q1 H2 complete
2026-10-05 09:41:33,877 INFO DFM-4_R3_P1 2025Q1 H3 complete
2026-10-05 09:41:36,556 WARNING DFM-4_R3_P1 2025Q2 H1 standard failed: nonconvergence_or_unstable_transition:{"n_training_months": 75, "n_observed_cells": 731, "n_missing_cells": 169, "iterations": 500, "relative_likelihood_change": 1.8923396946417222
2026-10-05 09:41:39,062 INFO DFM-4_R3_P1 2025Q2 H1 complete
2026-10-05 09:41:43,187 WARNING DFM-4_R3_P1 2025Q2 H2 standard failed: nonconvergence_or_unstable_transition:{"n_training_months": 75, "n_observed_cells": 732, "n_missing_cells": 168, "iterations": 500, "relative_likelihood_change": 1.9148718713782502
2026-10-05 09:41:43,270 WARNING DFM-4_R3_P1 2025Q2 H2 conservative failed: nonconvergence_or_unstable_transition:{"n_training_months": 75, "n_observed_cells": 732, "n_missing_cells": 168, "iterations": 500, "relative_likelihood_change": 1.9148718713782502
2026-10-05 09:41:43,270 INFO DFM-4_R3_P1 2025Q2 H2 complete
2026-10-05 09:41:43,454 WARNING DFM-4_R3_P1 2025Q2 H3 standard failed: nonconvergence_or_unstable_transition:{"n_training_months": 75, "n_observed_cells": 732, "n_missing_cells": 168, "iterations": 500, "relative_likelihood_change": 1.9148718713782502
2026-10-05 09:41:43,554 WARNING DFM-4_R3_P1 2025Q2 H3 conservative failed: nonconvergence_or_unstable_transition:{"n_training_months": 75, "n_observed_cells": 732, "n_missing_cells": 168, "iterations": 500, "relative_likelihood_change": 1.9148718713782502
2026-10-05 09:41:43,554 INFO DFM-4_R3_P1 2025Q2 H3 complete
2026-10-05 09:41:44,785 WARNING DFM-4_R3_P2 2022Q1 H1 standard failed: insufficient_history_or_invalid_scale
2026-10-05 09:41:44,817 WARNING DFM-4_R3_P2 2022Q1 H1 conservative failed: insufficient_history_or_invalid_scale
2026-10-05 09:41:44,818 INFO DFM-4_R3_P2 2022Q1 H1 complete
2026-10-05 09:41:44,967 WARNING DFM-4_R3_P2 2022Q1 H2 standard failed: insufficient_history_or_invalid_scale
2026-10-05 09:41:45,002 WARNING DFM-4_R3_P2 2022Q1 H2 conservative failed: insufficient_history_or_invalid_scale
2026-10-05 09:41:45,003 INFO DFM-4_R3_P2 2022Q1 H2 complete
2026-10-05 09:41:45,171 WARNING DFM-4_R3_P2 2022Q1 H3 standard failed: insufficient_history_or_invalid_scale
2026-10-05 09:41:45,189 WARNING DFM-4_R3_P2 2022Q1 H3 conservative failed: insufficient_history_or_invalid_scale
2026-10-05 09:41:45,189 INFO DFM-4_R3_P2 2022Q1 H3 complete
2026-10-05 09:41:45,289 WARNING DFM-4_R3_P2 2022Q2 H1 standard failed: insufficient_history_or_invalid_scale
2026-10-05 09:41:45,307 WARNING DFM-4_R3_P2 2022Q2 H1 conservative failed: insufficient_history_or_invalid_scale
2026-10-05 09:41:45,307 INFO DFM-4_R3_P2 2022Q2 H1 complete
2026-10-05 09:41:45,411 WARNING DFM-4_R3_P2 2022Q2 H2 standard failed: insufficient_history_or_invalid_scale
2026-10-05 09:41:45,423 WARNING DFM-4_R3_P2 2022Q2 H2 conservative failed: insufficient_history_or_invalid_scale
2026-10-05 09:41:45,423 INFO DFM-4_R3_P2 2022Q2 H2 complete
2026-10-05 09:41:45,523 WARNING DFM-4_R3_P2 2022Q2 H3 standard failed: insufficient_history_or_invalid_scale
2026-10-05 09:41:45,545 WARNING DFM-4_R3_P2 2022Q2 H3 conservative failed: insufficient_history_or_invalid_scale
2026-10-05 09:41:45,545 INFO DFM-4_R3_P2 2022Q2 H3 complete
2026-10-05 09:41:45,646 WARNING DFM-4_R3_P2 2022Q3 H1 standard failed: insufficient_history_or_invalid_scale
2026-10-05 09:41:45,656 WARNING DFM-4_R3_P2 2022Q3 H1 conservative failed: insufficient_history_or_invalid_scale
2026-10-05 09:41:45,656 INFO DFM-4_R3_P2 2022Q3 H1 complete
2026-10-05 09:41:45,756 WARNING DFM-4_R3_P2 2022Q3 H2 standard failed: insufficient_history_or_invalid_scale
2026-10-05 09:41:45,789 WARNING DFM-4_R3_P2 2022Q3 H2 conservative failed: insufficient_history_or_invalid_scale
2026-10-05 09:41:45,790 INFO DFM-4_R3_P2 2022Q3 H2 complete
2026-10-05 09:41:45,873 WARNING DFM-4_R3_P2 2022Q3 H3 standard failed: insufficient_history_or_invalid_scale
2026-10-05 09:41:45,906 WARNING DFM-4_R3_P2 2022Q3 H3 conservative failed: insufficient_history_or_invalid_scale
2026-10-05 09:41:45,906 INFO DFM-4_R3_P2 2022Q3 H3 complete
2026-10-05 09:41:45,990 WARNING DFM-4_R3_P2 2022Q4 H1 standard failed: insufficient_history_or_invalid_scale
2026-10-05 09:41:46,010 WARNING DFM-4_R3_P2 2022Q4 H1 conservative failed: insufficient_history_or_invalid_scale
2026-10-05 09:41:46,010 INFO DFM-4_R3_P2 2022Q4 H1 complete
2026-10-05 09:41:46,090 WARNING DFM-4_R3_P2 2022Q4 H2 standard failed: insufficient_history_or_invalid_scale
2026-10-05 09:41:46,115 WARNING DFM-4_R3_P2 2022Q4 H2 conservative failed: insufficient_history_or_invalid_scale
2026-10-05 09:41:46,115 INFO DFM-4_R3_P2 2022Q4 H2 complete
2026-10-05 09:41:46,207 WARNING DFM-4_R3_P2 2022Q4 H3 standard failed: insufficient_history_or_invalid_scale
2026-10-05 09:41:46,222 WARNING DFM-4_R3_P2 2022Q4 H3 conservative failed: insufficient_history_or_invalid_scale
2026-10-05 09:41:46,222 INFO DFM-4_R3_P2 2022Q4 H3 complete
2026-10-05 09:41:49,223 WARNING DFM-4_R3_P2 2023Q1 H1 standard failed: nonconvergence_or_unstable_transition:{"n_training_months": 48, "n_observed_cells": 407, "n_missing_cells": 169, "iterations": 500, "relative_likelihood_change": 5.2654972493264724
2026-10-05 09:41:49,227 WARNING DFM-4_R3_P2 2023Q1 H1 conservative failed: insufficient_history_or_invalid_scale
2026-10-05 09:41:49,227 INFO DFM-4_R3_P2 2023Q1 H1 complete
2026-10-05 09:41:52,330 WARNING DFM-4_R3_P2 2023Q1 H2 standard failed: nonconvergence_or_unstable_transition:{"n_training_months": 48, "n_observed_cells": 408, "n_missing_cells": 168, "iterations": 500, "relative_likelihood_change": 5.220843691613655e
2026-10-05 09:41:52,397 WARNING DFM-4_R3_P2 2023Q1 H2 conservative failed: nonconvergence_or_unstable_transition:{"n_training_months": 48, "n_observed_cells": 408, "n_missing_cells": 168, "iterations": 500, "relative_likelihood_change": 5.220843691613655e
2026-10-05 09:41:52,397 INFO DFM-4_R3_P2 2023Q1 H2 complete
2026-10-05 09:41:52,531 WARNING DFM-4_R3_P2 2023Q1 H3 standard failed: nonconvergence_or_unstable_transition:{"n_training_months": 48, "n_observed_cells": 408, "n_missing_cells": 168, "iterations": 500, "relative_likelihood_change": 5.220843691613655e
2026-10-05 09:41:52,599 WARNING DFM-4_R3_P2 2023Q1 H3 conservative failed: nonconvergence_or_unstable_transition:{"n_training_months": 48, "n_observed_cells": 408, "n_missing_cells": 168, "iterations": 500, "relative_likelihood_change": 5.220843691613655e
2026-10-05 09:41:52,599 INFO DFM-4_R3_P2 2023Q1 H3 complete
2026-10-05 09:41:56,104 WARNING DFM-4_R3_P2 2023Q2 H1 standard failed: nonconvergence_or_unstable_transition:{"n_training_months": 51, "n_observed_cells": 443, "n_missing_cells": 169, "iterations": 500, "relative_likelihood_change": 4.047642602607408e
2026-10-05 09:41:59,255 WARNING DFM-4_R3_P2 2023Q2 H1 conservative failed: nonconvergence_or_unstable_transition:{"n_training_months": 51, "n_observed_cells": 438, "n_missing_cells": 174, "iterations": 500, "relative_likelihood_change": 4.109066588347402e
2026-10-05 09:41:59,255 INFO DFM-4_R3_P2 2023Q2 H1 complete
2026-10-05 09:42:02,258 WARNING DFM-4_R3_P2 2023Q2 H2 standard failed: nonconvergence_or_unstable_transition:{"n_training_months": 51, "n_observed_cells": 444, "n_missing_cells": 168, "iterations": 500, "relative_likelihood_change": 4.043303116050934e
2026-10-05 09:42:02,325 WARNING DFM-4_R3_P2 2023Q2 H2 conservative failed: nonconvergence_or_unstable_transition:{"n_training_months": 51, "n_observed_cells": 444, "n_missing_cells": 168, "iterations": 500, "relative_likelihood_change": 4.043303116050934e
2026-10-05 09:42:02,325 INFO DFM-4_R3_P2 2023Q2 H2 complete
2026-10-05 09:42:02,443 WARNING DFM-4_R3_P2 2023Q2 H3 standard failed: nonconvergence_or_unstable_transition:{"n_training_months": 51, "n_observed_cells": 444, "n_missing_cells": 168, "iterations": 500, "relative_likelihood_change": 4.043303116050934e
2026-10-05 09:42:02,491 WARNING DFM-4_R3_P2 2023Q2 H3 conservative failed: nonconvergence_or_unstable_transition:{"n_training_months": 51, "n_observed_cells": 444, "n_missing_cells": 168, "iterations": 500, "relative_likelihood_change": 4.043303116050934e
2026-10-05 09:42:02,491 INFO DFM-4_R3_P2 2023Q2 H3 complete
2026-10-05 09:42:05,047 WARNING DFM-4_R3_P2 2023Q3 H1 standard failed: nonconvergence_or_unstable_transition:{"n_training_months": 54, "n_observed_cells": 479, "n_missing_cells": 169, "iterations": 500, "relative_likelihood_change": 8.07978816116669e-
2026-10-05 09:42:07,522 WARNING DFM-4_R3_P2 2023Q3 H1 conservative failed: nonconvergence_or_unstable_transition:{"n_training_months": 54, "n_observed_cells": 474, "n_missing_cells": 174, "iterations": 500, "relative_likelihood_change": 1.8986322197784902
2026-10-05 09:42:07,523 INFO DFM-4_R3_P2 2023Q3 H1 complete
2026-10-05 09:42:10,000 WARNING DFM-4_R3_P2 2023Q3 H2 standard failed: nonconvergence_or_unstable_transition:{"n_training_months": 54, "n_observed_cells": 480, "n_missing_cells": 168, "iterations": 500, "relative_likelihood_change": 3.788663983672564e
2026-10-05 09:42:10,067 WARNING DFM-4_R3_P2 2023Q3 H2 conservative failed: nonconvergence_or_unstable_transition:{"n_training_months": 54, "n_observed_cells": 480, "n_missing_cells": 168, "iterations": 500, "relative_likelihood_change": 3.788663983672564e
2026-10-05 09:42:10,067 INFO DFM-4_R3_P2 2023Q3 H2 complete
2026-10-05 09:42:10,183 WARNING DFM-4_R3_P2 2023Q3 H3 standard failed: nonconvergence_or_unstable_transition:{"n_training_months": 54, "n_observed_cells": 480, "n_missing_cells": 168, "iterations": 500, "relative_likelihood_change": 3.788663983672564e
2026-10-05 09:42:10,233 WARNING DFM-4_R3_P2 2023Q3 H3 conservative failed: nonconvergence_or_unstable_transition:{"n_training_months": 54, "n_observed_cells": 480, "n_missing_cells": 168, "iterations": 500, "relative_likelihood_change": 3.788663983672564e
2026-10-05 09:42:10,233 INFO DFM-4_R3_P2 2023Q3 H3 complete
2026-10-05 09:42:13,387 WARNING DFM-4_R3_P2 2023Q4 H1 standard failed: nonconvergence_or_unstable_transition:{"n_training_months": 57, "n_observed_cells": 515, "n_missing_cells": 169, "iterations": 500, "relative_likelihood_change": 3.463088472034091e
2026-10-05 09:42:16,826 WARNING DFM-4_R3_P2 2023Q4 H1 conservative failed: nonconvergence_or_unstable_transition:{"n_training_months": 57, "n_observed_cells": 510, "n_missing_cells": 174, "iterations": 500, "relative_likelihood_change": 3.651104952136314e
2026-10-05 09:42:16,826 INFO DFM-4_R3_P2 2023Q4 H1 complete
2026-10-05 09:42:21,262 WARNING DFM-4_R3_P2 2023Q4 H2 standard failed: nonconvergence_or_unstable_transition:{"n_training_months": 57, "n_observed_cells": 516, "n_missing_cells": 168, "iterations": 500, "relative_likelihood_change": 3.4371911306844934
2026-10-05 09:42:21,322 WARNING DFM-4_R3_P2 2023Q4 H2 conservative failed: nonconvergence_or_unstable_transition:{"n_training_months": 57, "n_observed_cells": 516, "n_missing_cells": 168, "iterations": 500, "relative_likelihood_change": 3.4371911306844934
2026-10-05 09:42:21,323 INFO DFM-4_R3_P2 2023Q4 H2 complete
2026-10-05 09:42:21,420 WARNING DFM-4_R3_P2 2023Q4 H3 standard failed: nonconvergence_or_unstable_transition:{"n_training_months": 57, "n_observed_cells": 516, "n_missing_cells": 168, "iterations": 500, "relative_likelihood_change": 3.4371911306844934
2026-10-05 09:42:21,462 WARNING DFM-4_R3_P2 2023Q4 H3 conservative failed: nonconvergence_or_unstable_transition:{"n_training_months": 57, "n_observed_cells": 516, "n_missing_cells": 168, "iterations": 500, "relative_likelihood_change": 3.4371911306844934
2026-10-05 09:42:21,462 INFO DFM-4_R3_P2 2023Q4 H3 complete
2026-10-05 09:42:23,932 WARNING DFM-4_R3_P2 2024Q1 H1 standard failed: nonconvergence_or_unstable_transition:{"n_training_months": 60, "n_observed_cells": 551, "n_missing_cells": 169, "iterations": 500, "relative_likelihood_change": 3.2169041468830915
2026-10-05 09:42:27,218 WARNING DFM-4_R3_P2 2024Q1 H1 conservative failed: nonconvergence_or_unstable_transition:{"n_training_months": 60, "n_observed_cells": 546, "n_missing_cells": 174, "iterations": 500, "relative_likelihood_change": 2.7430901862283702
2026-10-05 09:42:27,220 INFO DFM-4_R3_P2 2024Q1 H1 complete
2026-10-05 09:42:31,390 WARNING DFM-4_R3_P2 2024Q1 H2 standard failed: nonconvergence_or_unstable_transition:{"n_training_months": 60, "n_observed_cells": 552, "n_missing_cells": 168, "iterations": 500, "relative_likelihood_change": 3.163889637967942e
2026-10-05 09:42:31,453 WARNING DFM-4_R3_P2 2024Q1 H2 conservative failed: nonconvergence_or_unstable_transition:{"n_training_months": 60, "n_observed_cells": 552, "n_missing_cells": 168, "iterations": 500, "relative_likelihood_change": 3.163889637967942e
2026-10-05 09:42:31,453 INFO DFM-4_R3_P2 2024Q1 H2 complete
2026-10-05 09:42:31,545 WARNING DFM-4_R3_P2 2024Q1 H3 standard failed: nonconvergence_or_unstable_transition:{"n_training_months": 60, "n_observed_cells": 552, "n_missing_cells": 168, "iterations": 500, "relative_likelihood_change": 3.163889637967942e
2026-10-05 09:42:31,591 WARNING DFM-4_R3_P2 2024Q1 H3 conservative failed: nonconvergence_or_unstable_transition:{"n_training_months": 60, "n_observed_cells": 552, "n_missing_cells": 168, "iterations": 500, "relative_likelihood_change": 3.163889637967942e
2026-10-05 09:42:31,591 INFO DFM-4_R3_P2 2024Q1 H3 complete
2026-10-05 09:42:34,050 WARNING DFM-4_R3_P2 2024Q2 H1 standard failed: nonconvergence_or_unstable_transition:{"n_training_months": 63, "n_observed_cells": 587, "n_missing_cells": 169, "iterations": 500, "relative_likelihood_change": 2.5503172051728163
2026-10-05 09:42:36,480 WARNING DFM-4_R3_P2 2024Q2 H1 conservative failed: nonconvergence_or_unstable_transition:{"n_training_months": 63, "n_observed_cells": 582, "n_missing_cells": 174, "iterations": 500, "relative_likelihood_change": 2.5793473579241034
2026-10-05 09:42:36,481 INFO DFM-4_R3_P2 2024Q2 H1 complete
2026-10-05 09:42:38,982 WARNING DFM-4_R3_P2 2024Q2 H2 standard failed: nonconvergence_or_unstable_transition:{"n_training_months": 63, "n_observed_cells": 588, "n_missing_cells": 168, "iterations": 500, "relative_likelihood_change": 2.7520224225533232
2026-10-05 09:42:39,035 WARNING DFM-4_R3_P2 2024Q2 H2 conservative failed: nonconvergence_or_unstable_transition:{"n_training_months": 63, "n_observed_cells": 588, "n_missing_cells": 168, "iterations": 500, "relative_likelihood_change": 2.7520224225533232
2026-10-05 09:42:39,035 INFO DFM-4_R3_P2 2024Q2 H2 complete
2026-10-05 09:42:39,149 WARNING DFM-4_R3_P2 2024Q2 H3 standard failed: nonconvergence_or_unstable_transition:{"n_training_months": 63, "n_observed_cells": 588, "n_missing_cells": 168, "iterations": 500, "relative_likelihood_change": 2.7520224225533232
2026-10-05 09:42:39,282 WARNING DFM-4_R3_P2 2024Q2 H3 conservative failed: nonconvergence_or_unstable_transition:{"n_training_months": 63, "n_observed_cells": 588, "n_missing_cells": 168, "iterations": 500, "relative_likelihood_change": 2.7520224225533232
2026-10-05 09:42:39,282 INFO DFM-4_R3_P2 2024Q2 H3 complete
2026-10-05 09:42:41,775 WARNING DFM-4_R3_P2 2024Q3 H1 standard failed: nonconvergence_or_unstable_transition:{"n_training_months": 66, "n_observed_cells": 623, "n_missing_cells": 169, "iterations": 500, "relative_likelihood_change": 2.1908029441841293
2026-10-05 09:42:44,639 WARNING DFM-4_R3_P2 2024Q3 H1 conservative failed: nonconvergence_or_unstable_transition:{"n_training_months": 66, "n_observed_cells": 618, "n_missing_cells": 174, "iterations": 500, "relative_likelihood_change": 2.202209256042743e
2026-10-05 09:42:44,639 INFO DFM-4_R3_P2 2024Q3 H1 complete
2026-10-05 09:42:47,074 WARNING DFM-4_R3_P2 2024Q3 H2 standard failed: nonconvergence_or_unstable_transition:{"n_training_months": 66, "n_observed_cells": 624, "n_missing_cells": 168, "iterations": 500, "relative_likelihood_change": 2.1901392780855342
2026-10-05 09:42:47,125 WARNING DFM-4_R3_P2 2024Q3 H2 conservative failed: nonconvergence_or_unstable_transition:{"n_training_months": 66, "n_observed_cells": 624, "n_missing_cells": 168, "iterations": 500, "relative_likelihood_change": 2.1901392780855342
2026-10-05 09:42:47,125 INFO DFM-4_R3_P2 2024Q3 H2 complete
2026-10-05 09:42:47,212 WARNING DFM-4_R3_P2 2024Q3 H3 standard failed: nonconvergence_or_unstable_transition:{"n_training_months": 66, "n_observed_cells": 624, "n_missing_cells": 168, "iterations": 500, "relative_likelihood_change": 2.1901392780855342
2026-10-05 09:42:47,258 WARNING DFM-4_R3_P2 2024Q3 H3 conservative failed: nonconvergence_or_unstable_transition:{"n_training_months": 66, "n_observed_cells": 624, "n_missing_cells": 168, "iterations": 500, "relative_likelihood_change": 2.1901392780855342
2026-10-05 09:42:47,258 INFO DFM-4_R3_P2 2024Q3 H3 complete
2026-10-05 09:42:49,620 WARNING DFM-4_R3_P2 2024Q4 H1 standard failed: nonconvergence_or_unstable_transition:{"n_training_months": 69, "n_observed_cells": 659, "n_missing_cells": 169, "iterations": 500, "relative_likelihood_change": 1.940085183970988e
2026-10-05 09:42:51,834 WARNING DFM-4_R3_P2 2024Q4 H1 conservative failed: nonconvergence_or_unstable_transition:{"n_training_months": 69, "n_observed_cells": 654, "n_missing_cells": 174, "iterations": 500, "relative_likelihood_change": 1.9973238498527717
2026-10-05 09:42:51,834 INFO DFM-4_R3_P2 2024Q4 H1 complete
2026-10-05 09:42:53,782 INFO DFM-4_R3_P2 2024Q4 H2 complete
2026-10-05 09:42:53,932 INFO DFM-4_R3_P2 2024Q4 H3 complete
2026-10-05 09:42:56,559 WARNING DFM-4_R3_P2 2025Q1 H1 standard failed: nonconvergence_or_unstable_transition:{"n_training_months": 72, "n_observed_cells": 695, "n_missing_cells": 169, "iterations": 500, "relative_likelihood_change": 1.0149245200609925
2026-10-05 09:42:58,714 WARNING DFM-4_R3_P2 2025Q1 H1 conservative failed: nonconvergence_or_unstable_transition:{"n_training_months": 72, "n_observed_cells": 690, "n_missing_cells": 174, "iterations": 500, "relative_likelihood_change": 1.0848962326970334
2026-10-05 09:42:58,714 INFO DFM-4_R3_P2 2025Q1 H1 complete
2026-10-05 09:43:00,642 WARNING DFM-4_R3_P2 2025Q1 H2 standard failed: nonconvergence_or_unstable_transition:{"n_training_months": 72, "n_observed_cells": 696, "n_missing_cells": 168, "iterations": 500, "relative_likelihood_change": 1.1500140281377567
2026-10-05 09:43:00,686 WARNING DFM-4_R3_P2 2025Q1 H2 conservative failed: nonconvergence_or_unstable_transition:{"n_training_months": 72, "n_observed_cells": 696, "n_missing_cells": 168, "iterations": 500, "relative_likelihood_change": 1.1500140281377567
2026-10-05 09:43:00,687 INFO DFM-4_R3_P2 2025Q1 H2 complete
2026-10-05 09:43:00,756 WARNING DFM-4_R3_P2 2025Q1 H3 standard failed: nonconvergence_or_unstable_transition:{"n_training_months": 72, "n_observed_cells": 696, "n_missing_cells": 168, "iterations": 500, "relative_likelihood_change": 1.1500140281377567
2026-10-05 09:43:00,815 WARNING DFM-4_R3_P2 2025Q1 H3 conservative failed: nonconvergence_or_unstable_transition:{"n_training_months": 72, "n_observed_cells": 696, "n_missing_cells": 168, "iterations": 500, "relative_likelihood_change": 1.1500140281377567
2026-10-05 09:43:00,816 INFO DFM-4_R3_P2 2025Q1 H3 complete
2026-10-05 09:43:03,559 INFO DFM-4_R3_P2 2025Q2 H1 complete
2026-10-05 09:43:04,927 INFO DFM-4_R3_P2 2025Q2 H2 complete
2026-10-05 09:43:05,077 INFO DFM-4_R3_P2 2025Q2 H3 complete
2026-10-05 09:43:05,582 WARNING DFM-4_R1_P1 2022Q1 H1 standard failed: insufficient_history_or_invalid_scale
2026-10-05 09:43:05,590 WARNING DFM-4_R1_P1 2022Q1 H1 conservative failed: insufficient_history_or_invalid_scale
2026-10-05 09:43:05,591 INFO DFM-4_R1_P1 2022Q1 H1 complete
2026-10-05 09:43:05,629 WARNING DFM-4_R1_P1 2022Q1 H2 standard failed: insufficient_history_or_invalid_scale
2026-10-05 09:43:05,648 WARNING DFM-4_R1_P1 2022Q1 H2 conservative failed: insufficient_history_or_invalid_scale
2026-10-05 09:43:05,648 INFO DFM-4_R1_P1 2022Q1 H2 complete
2026-10-05 09:43:05,692 WARNING DFM-4_R1_P1 2022Q1 H3 standard failed: insufficient_history_or_invalid_scale
2026-10-05 09:43:05,695 WARNING DFM-4_R1_P1 2022Q1 H3 conservative failed: insufficient_history_or_invalid_scale
2026-10-05 09:43:05,695 INFO DFM-4_R1_P1 2022Q1 H3 complete
2026-10-05 09:43:05,746 WARNING DFM-4_R1_P1 2022Q2 H1 standard failed: insufficient_history_or_invalid_scale
2026-10-05 09:43:05,754 WARNING DFM-4_R1_P1 2022Q2 H1 conservative failed: insufficient_history_or_invalid_scale
2026-10-05 09:43:05,754 INFO DFM-4_R1_P1 2022Q2 H1 complete
2026-10-05 09:43:05,796 WARNING DFM-4_R1_P1 2022Q2 H2 standard failed: insufficient_history_or_invalid_scale
2026-10-05 09:43:05,796 WARNING DFM-4_R1_P1 2022Q2 H2 conservative failed: insufficient_history_or_invalid_scale
2026-10-05 09:43:05,796 INFO DFM-4_R1_P1 2022Q2 H2 complete
2026-10-05 09:43:05,853 WARNING DFM-4_R1_P1 2022Q2 H3 standard failed: insufficient_history_or_invalid_scale
2026-10-05 09:43:05,862 WARNING DFM-4_R1_P1 2022Q2 H3 conservative failed: insufficient_history_or_invalid_scale
2026-10-05 09:43:05,862 INFO DFM-4_R1_P1 2022Q2 H3 complete
2026-10-05 09:43:05,895 WARNING DFM-4_R1_P1 2022Q3 H1 standard failed: insufficient_history_or_invalid_scale
2026-10-05 09:43:05,918 WARNING DFM-4_R1_P1 2022Q3 H1 conservative failed: insufficient_history_or_invalid_scale
2026-10-05 09:43:05,918 INFO DFM-4_R1_P1 2022Q3 H1 complete
2026-10-05 09:43:05,960 WARNING DFM-4_R1_P1 2022Q3 H2 standard failed: insufficient_history_or_invalid_scale
2026-10-05 09:43:05,962 WARNING DFM-4_R1_P1 2022Q3 H2 conservative failed: insufficient_history_or_invalid_scale
2026-10-05 09:43:05,962 INFO DFM-4_R1_P1 2022Q3 H2 complete
2026-10-05 09:43:06,018 WARNING DFM-4_R1_P1 2022Q3 H3 standard failed: insufficient_history_or_invalid_scale
2026-10-05 09:43:06,026 WARNING DFM-4_R1_P1 2022Q3 H3 conservative failed: insufficient_history_or_invalid_scale
2026-10-05 09:43:06,026 INFO DFM-4_R1_P1 2022Q3 H3 complete
2026-10-05 09:43:06,062 WARNING DFM-4_R1_P1 2022Q4 H1 standard failed: insufficient_history_or_invalid_scale
2026-10-05 09:43:06,078 WARNING DFM-4_R1_P1 2022Q4 H1 conservative failed: insufficient_history_or_invalid_scale
2026-10-05 09:43:06,078 INFO DFM-4_R1_P1 2022Q4 H1 complete
2026-10-05 09:43:06,128 WARNING DFM-4_R1_P1 2022Q4 H2 standard failed: insufficient_history_or_invalid_scale
2026-10-05 09:43:06,128 WARNING DFM-4_R1_P1 2022Q4 H2 conservative failed: insufficient_history_or_invalid_scale
2026-10-05 09:43:06,128 INFO DFM-4_R1_P1 2022Q4 H2 complete
2026-10-05 09:43:06,179 WARNING DFM-4_R1_P1 2022Q4 H3 standard failed: insufficient_history_or_invalid_scale
2026-10-05 09:43:06,179 WARNING DFM-4_R1_P1 2022Q4 H3 conservative failed: insufficient_history_or_invalid_scale
2026-10-05 09:43:06,179 INFO DFM-4_R1_P1 2022Q4 H3 complete
2026-10-05 09:43:06,319 WARNING DFM-4_R1_P1 2023Q1 H1 standard failed: nonconvergence_or_unstable_transition:{"n_training_months": 48, "n_observed_cells": 407, "n_missing_cells": 169, "iterations": 500, "relative_likelihood_change": 2.0378495378230034
2026-10-05 09:43:06,329 WARNING DFM-4_R1_P1 2023Q1 H1 conservative failed: insufficient_history_or_invalid_scale
2026-10-05 09:43:06,329 INFO DFM-4_R1_P1 2023Q1 H1 complete
2026-10-05 09:43:06,413 WARNING DFM-4_R1_P1 2023Q1 H2 standard failed: nonconvergence_or_unstable_transition:{"n_training_months": 48, "n_observed_cells": 408, "n_missing_cells": 168, "iterations": 500, "relative_likelihood_change": 2.03158230800399e-
2026-10-05 09:43:06,450 WARNING DFM-4_R1_P1 2023Q1 H2 conservative failed: nonconvergence_or_unstable_transition:{"n_training_months": 48, "n_observed_cells": 408, "n_missing_cells": 168, "iterations": 500, "relative_likelihood_change": 2.03158230800399e-
2026-10-05 09:43:06,450 INFO DFM-4_R1_P1 2023Q1 H2 complete
2026-10-05 09:43:06,525 WARNING DFM-4_R1_P1 2023Q1 H3 standard failed: nonconvergence_or_unstable_transition:{"n_training_months": 48, "n_observed_cells": 408, "n_missing_cells": 168, "iterations": 500, "relative_likelihood_change": 2.03158230800399e-
2026-10-05 09:43:06,562 WARNING DFM-4_R1_P1 2023Q1 H3 conservative failed: nonconvergence_or_unstable_transition:{"n_training_months": 48, "n_observed_cells": 408, "n_missing_cells": 168, "iterations": 500, "relative_likelihood_change": 2.03158230800399e-
2026-10-05 09:43:06,562 INFO DFM-4_R1_P1 2023Q1 H3 complete
2026-10-05 09:43:06,630 INFO DFM-4_R1_P1 2023Q2 H1 complete
2026-10-05 09:43:06,697 INFO DFM-4_R1_P1 2023Q2 H2 complete
2026-10-05 09:43:06,779 INFO DFM-4_R1_P1 2023Q2 H3 complete
2026-10-05 09:43:06,863 WARNING DFM-4_R1_P1 2023Q3 H1 conservative failed: nonconvergence_or_unstable_transition:{"n_training_months": 54, "n_observed_cells": 474, "n_missing_cells": 174, "iterations": 500, "relative_likelihood_change": 1.5251278834991787
2026-10-05 09:43:06,863 INFO DFM-4_R1_P1 2023Q3 H1 complete
2026-10-05 09:43:06,950 INFO DFM-4_R1_P1 2023Q3 H2 complete
2026-10-05 09:43:07,050 INFO DFM-4_R1_P1 2023Q3 H3 complete
2026-10-05 09:43:07,150 WARNING DFM-4_R1_P1 2023Q4 H1 conservative failed: nonconvergence_or_unstable_transition:{"n_training_months": 57, "n_observed_cells": 510, "n_missing_cells": 174, "iterations": 500, "relative_likelihood_change": 1.3355235443092402
2026-10-05 09:43:07,150 INFO DFM-4_R1_P1 2023Q4 H1 complete
2026-10-05 09:43:07,229 INFO DFM-4_R1_P1 2023Q4 H2 complete
2026-10-05 09:43:07,326 INFO DFM-4_R1_P1 2023Q4 H3 complete
2026-10-05 09:43:07,486 INFO DFM-4_R1_P1 2024Q1 H1 complete
2026-10-05 09:43:07,663 INFO DFM-4_R1_P1 2024Q1 H2 complete
2026-10-05 09:43:07,864 INFO DFM-4_R1_P1 2024Q1 H3 complete
2026-10-05 09:43:08,002 INFO DFM-4_R1_P1 2024Q2 H1 complete
2026-10-05 09:43:08,112 INFO DFM-4_R1_P1 2024Q2 H2 complete
2026-10-05 09:43:08,198 INFO DFM-4_R1_P1 2024Q2 H3 complete
2026-10-05 09:43:08,290 INFO DFM-4_R1_P1 2024Q3 H1 complete
2026-10-05 09:43:08,374 INFO DFM-4_R1_P1 2024Q3 H2 complete
2026-10-05 09:43:08,454 INFO DFM-4_R1_P1 2024Q3 H3 complete
2026-10-05 09:43:08,538 INFO DFM-4_R1_P1 2024Q4 H1 complete
2026-10-05 09:43:08,623 INFO DFM-4_R1_P1 2024Q4 H2 complete
2026-10-05 09:43:08,708 INFO DFM-4_R1_P1 2024Q4 H3 complete
2026-10-05 09:43:08,793 INFO DFM-4_R1_P1 2025Q1 H1 complete
2026-10-05 09:43:08,882 INFO DFM-4_R1_P1 2025Q1 H2 complete
2026-10-05 09:43:09,018 INFO DFM-4_R1_P1 2025Q1 H3 complete
2026-10-05 09:43:09,098 INFO DFM-4_R1_P1 2025Q2 H1 complete
2026-10-05 09:43:09,166 INFO DFM-4_R1_P1 2025Q2 H2 complete
2026-10-05 09:43:09,261 INFO DFM-4_R1_P1 2025Q2 H3 complete
2026-10-05 09:43:10,109 WARNING DFM-4_R1_P1 2022Q1 H1 standard failed: insufficient_history_or_invalid_scale
2026-10-05 09:43:10,124 WARNING DFM-4_R1_P1 2022Q1 H1 conservative failed: insufficient_history_or_invalid_scale
2026-10-05 09:43:10,124 INFO DFM-4_R1_P1 2022Q1 H1 complete
2026-10-05 09:43:10,187 WARNING DFM-4_R1_P1 2022Q1 H2 standard failed: insufficient_history_or_invalid_scale
2026-10-05 09:43:10,196 WARNING DFM-4_R1_P1 2022Q1 H2 conservative failed: insufficient_history_or_invalid_scale
2026-10-05 09:43:10,196 INFO DFM-4_R1_P1 2022Q1 H2 complete
2026-10-05 09:43:10,233 WARNING DFM-4_R1_P1 2022Q1 H3 standard failed: insufficient_history_or_invalid_scale
2026-10-05 09:43:10,249 WARNING DFM-4_R1_P1 2022Q1 H3 conservative failed: insufficient_history_or_invalid_scale
2026-10-05 09:43:10,250 INFO DFM-4_R1_P1 2022Q1 H3 complete
2026-10-05 09:43:10,283 WARNING DFM-4_R1_P1 2022Q2 H1 standard failed: insufficient_history_or_invalid_scale
2026-10-05 09:43:10,300 WARNING DFM-4_R1_P1 2022Q2 H1 conservative failed: insufficient_history_or_invalid_scale
2026-10-05 09:43:10,300 INFO DFM-4_R1_P1 2022Q2 H1 complete
2026-10-05 09:43:10,352 WARNING DFM-4_R1_P1 2022Q2 H2 standard failed: insufficient_history_or_invalid_scale
2026-10-05 09:43:10,360 WARNING DFM-4_R1_P1 2022Q2 H2 conservative failed: insufficient_history_or_invalid_scale
2026-10-05 09:43:10,360 INFO DFM-4_R1_P1 2022Q2 H2 complete
2026-10-05 09:43:10,409 WARNING DFM-4_R1_P1 2022Q2 H3 standard failed: insufficient_history_or_invalid_scale
2026-10-05 09:43:10,418 WARNING DFM-4_R1_P1 2022Q2 H3 conservative failed: insufficient_history_or_invalid_scale
2026-10-05 09:43:10,418 INFO DFM-4_R1_P1 2022Q2 H3 complete
2026-10-05 09:43:10,465 WARNING DFM-4_R1_P1 2022Q3 H1 standard failed: insufficient_history_or_invalid_scale
2026-10-05 09:43:10,475 WARNING DFM-4_R1_P1 2022Q3 H1 conservative failed: insufficient_history_or_invalid_scale
2026-10-05 09:43:10,475 INFO DFM-4_R1_P1 2022Q3 H1 complete
2026-10-05 09:43:10,524 WARNING DFM-4_R1_P1 2022Q3 H2 standard failed: insufficient_history_or_invalid_scale
2026-10-05 09:43:10,534 WARNING DFM-4_R1_P1 2022Q3 H2 conservative failed: insufficient_history_or_invalid_scale
2026-10-05 09:43:10,534 INFO DFM-4_R1_P1 2022Q3 H2 complete
2026-10-05 09:43:10,592 WARNING DFM-4_R1_P1 2022Q3 H3 standard failed: insufficient_history_or_invalid_scale
2026-10-05 09:43:10,604 WARNING DFM-4_R1_P1 2022Q3 H3 conservative failed: insufficient_history_or_invalid_scale
2026-10-05 09:43:10,605 INFO DFM-4_R1_P1 2022Q3 H3 complete
2026-10-05 09:43:10,688 WARNING DFM-4_R1_P1 2022Q4 H1 standard failed: insufficient_history_or_invalid_scale
2026-10-05 09:43:10,706 WARNING DFM-4_R1_P1 2022Q4 H1 conservative failed: insufficient_history_or_invalid_scale
2026-10-05 09:43:10,706 INFO DFM-4_R1_P1 2022Q4 H1 complete
2026-10-05 09:43:10,767 WARNING DFM-4_R1_P1 2022Q4 H2 standard failed: insufficient_history_or_invalid_scale
2026-10-05 09:43:10,776 WARNING DFM-4_R1_P1 2022Q4 H2 conservative failed: insufficient_history_or_invalid_scale
2026-10-05 09:43:10,776 INFO DFM-4_R1_P1 2022Q4 H2 complete
2026-10-05 09:43:10,857 WARNING DFM-4_R1_P1 2022Q4 H3 standard failed: insufficient_history_or_invalid_scale
2026-10-05 09:43:10,865 WARNING DFM-4_R1_P1 2022Q4 H3 conservative failed: insufficient_history_or_invalid_scale
2026-10-05 09:43:10,865 INFO DFM-4_R1_P1 2022Q4 H3 complete
2026-10-05 09:43:10,944 WARNING DFM-4_R1_P1 2023Q1 H1 standard failed: nonconvergence_or_unstable_transition:{"n_training_months": 48, "n_observed_cells": 407, "n_missing_cells": 169, "iterations": 500, "relative_likelihood_change": 2.0378495378230034
2026-10-05 09:43:10,953 WARNING DFM-4_R1_P1 2023Q1 H1 conservative failed: insufficient_history_or_invalid_scale
2026-10-05 09:43:10,953 INFO DFM-4_R1_P1 2023Q1 H1 complete
2026-10-05 09:43:11,028 WARNING DFM-4_R1_P1 2023Q1 H2 standard failed: nonconvergence_or_unstable_transition:{"n_training_months": 48, "n_observed_cells": 408, "n_missing_cells": 168, "iterations": 500, "relative_likelihood_change": 2.03158230800399e-
2026-10-05 09:43:11,069 WARNING DFM-4_R1_P1 2023Q1 H2 conservative failed: nonconvergence_or_unstable_transition:{"n_training_months": 48, "n_observed_cells": 408, "n_missing_cells": 168, "iterations": 500, "relative_likelihood_change": 2.03158230800399e-
2026-10-05 09:43:11,069 INFO DFM-4_R1_P1 2023Q1 H2 complete
2026-10-05 09:43:11,151 WARNING DFM-4_R1_P1 2023Q1 H3 standard failed: nonconvergence_or_unstable_transition:{"n_training_months": 48, "n_observed_cells": 408, "n_missing_cells": 168, "iterations": 500, "relative_likelihood_change": 2.03158230800399e-
2026-10-05 09:43:11,195 WARNING DFM-4_R1_P1 2023Q1 H3 conservative failed: nonconvergence_or_unstable_transition:{"n_training_months": 48, "n_observed_cells": 408, "n_missing_cells": 168, "iterations": 500, "relative_likelihood_change": 2.03158230800399e-
2026-10-05 09:43:11,195 INFO DFM-4_R1_P1 2023Q1 H3 complete
2026-10-05 09:43:11,269 INFO DFM-4_R1_P1 2023Q2 H1 complete
2026-10-05 09:43:11,345 INFO DFM-4_R1_P1 2023Q2 H2 complete
2026-10-05 09:43:11,419 INFO DFM-4_R1_P1 2023Q2 H3 complete
2026-10-05 09:43:11,514 WARNING DFM-4_R1_P1 2023Q3 H1 conservative failed: nonconvergence_or_unstable_transition:{"n_training_months": 54, "n_observed_cells": 474, "n_missing_cells": 174, "iterations": 500, "relative_likelihood_change": 1.5251278834991787
2026-10-05 09:43:11,515 INFO DFM-4_R1_P1 2023Q3 H1 complete
2026-10-05 09:43:11,588 INFO DFM-4_R1_P1 2023Q3 H2 complete
2026-10-05 09:43:11,662 INFO DFM-4_R1_P1 2023Q3 H3 complete
2026-10-05 09:43:11,752 WARNING DFM-4_R1_P1 2023Q4 H1 conservative failed: nonconvergence_or_unstable_transition:{"n_training_months": 57, "n_observed_cells": 510, "n_missing_cells": 174, "iterations": 500, "relative_likelihood_change": 1.3355235443092402
2026-10-05 09:43:11,752 INFO DFM-4_R1_P1 2023Q4 H1 complete
2026-10-05 09:43:11,819 INFO DFM-4_R1_P1 2023Q4 H2 complete
2026-10-05 09:43:11,914 INFO DFM-4_R1_P1 2023Q4 H3 complete
2026-10-05 09:43:11,995 INFO DFM-4_R1_P1 2024Q1 H1 complete
2026-10-05 09:43:12,082 INFO DFM-4_R1_P1 2024Q1 H2 complete
2026-10-05 09:43:12,179 INFO DFM-4_R1_P1 2024Q1 H3 complete
2026-10-05 09:43:12,283 INFO DFM-4_R1_P1 2024Q2 H1 complete
2026-10-05 09:43:12,411 INFO DFM-4_R1_P1 2024Q2 H2 complete
2026-10-05 09:43:12,514 INFO DFM-4_R1_P1 2024Q2 H3 complete
2026-10-05 09:43:12,622 INFO DFM-4_R1_P1 2024Q3 H1 complete
2026-10-05 09:43:12,722 INFO DFM-4_R1_P1 2024Q3 H2 complete
2026-10-05 09:43:12,813 INFO DFM-4_R1_P1 2024Q3 H3 complete
2026-10-05 09:43:12,936 INFO DFM-4_R1_P1 2024Q4 H1 complete
2026-10-05 09:43:13,158 INFO DFM-4_R1_P1 2024Q4 H2 complete
2026-10-05 09:43:13,496 INFO DFM-4_R1_P1 2024Q4 H3 complete
2026-10-05 09:43:13,842 INFO DFM-4_R1_P1 2025Q1 H1 complete
2026-10-05 09:43:14,172 INFO DFM-4_R1_P1 2025Q1 H2 complete
2026-10-05 09:43:14,309 INFO DFM-4_R1_P1 2025Q1 H3 complete
2026-10-05 09:43:14,494 INFO DFM-4_R1_P1 2025Q2 H1 complete
2026-10-05 09:43:14,791 INFO DFM-4_R1_P1 2025Q2 H2 complete
2026-10-05 09:43:15,017 INFO DFM-4_R1_P1 2025Q2 H3 complete
2026-10-05 09:43:17,012 WARNING ROBUST_START_2020 2022Q1 H1 standard failed: fewer_than_36_training_months
2026-10-05 09:43:17,012 INFO ROBUST_START_2020 2022Q1 H1 complete
2026-10-05 09:43:17,121 WARNING ROBUST_START_2020 2022Q1 H2 standard failed: fewer_than_36_training_months
2026-10-05 09:43:17,121 INFO ROBUST_START_2020 2022Q1 H2 complete
2026-10-05 09:43:17,213 WARNING ROBUST_START_2020 2022Q1 H3 standard failed: fewer_than_36_training_months
2026-10-05 09:43:17,213 INFO ROBUST_START_2020 2022Q1 H3 complete
2026-10-05 09:43:17,354 WARNING ROBUST_START_2020 2022Q2 H1 standard failed: fewer_than_36_training_months
2026-10-05 09:43:17,354 INFO ROBUST_START_2020 2022Q2 H1 complete
2026-10-05 09:43:17,449 WARNING ROBUST_START_2020 2022Q2 H2 standard failed: fewer_than_36_training_months
2026-10-05 09:43:17,450 INFO ROBUST_START_2020 2022Q2 H2 complete
2026-10-05 09:43:17,585 WARNING ROBUST_START_2020 2022Q2 H3 standard failed: fewer_than_36_training_months
2026-10-05 09:43:17,585 INFO ROBUST_START_2020 2022Q2 H3 complete
2026-10-05 09:43:17,755 WARNING ROBUST_START_2020 2022Q3 H1 standard failed: fewer_than_36_training_months
2026-10-05 09:43:17,755 INFO ROBUST_START_2020 2022Q3 H1 complete
2026-10-05 09:43:17,860 WARNING ROBUST_START_2020 2022Q3 H2 standard failed: fewer_than_36_training_months
2026-10-05 09:43:17,860 INFO ROBUST_START_2020 2022Q3 H2 complete
2026-10-05 09:43:18,078 WARNING ROBUST_START_2020 2022Q3 H3 standard failed: fewer_than_36_training_months
2026-10-05 09:43:18,078 INFO ROBUST_START_2020 2022Q3 H3 complete
2026-10-05 09:43:18,272 WARNING ROBUST_START_2020 2022Q4 H1 standard failed: fewer_than_36_training_months
2026-10-05 09:43:18,272 INFO ROBUST_START_2020 2022Q4 H1 complete
2026-10-05 09:43:18,345 WARNING ROBUST_START_2020 2022Q4 H2 standard failed: fewer_than_36_training_months
2026-10-05 09:43:18,345 INFO ROBUST_START_2020 2022Q4 H2 complete
2026-10-05 09:43:18,408 WARNING ROBUST_START_2020 2022Q4 H3 standard failed: fewer_than_36_training_months
2026-10-05 09:43:18,409 INFO ROBUST_START_2020 2022Q4 H3 complete
2026-10-05 09:43:21,381 WARNING ROBUST_START_2020 2023Q1 H1 standard failed: nonconvergence_or_unstable_transition:{"n_training_months": 36, "n_observed_cells": 335, "n_missing_cells": 97, "iterations": 500, "relative_likelihood_change": 3.334026356588192e-
2026-10-05 09:43:21,381 INFO ROBUST_START_2020 2023Q1 H1 complete
2026-10-05 09:43:27,515 WARNING ROBUST_START_2020 2023Q1 H2 standard failed: nonconvergence_or_unstable_transition:{"n_training_months": 36, "n_observed_cells": 336, "n_missing_cells": 96, "iterations": 500, "relative_likelihood_change": 3.321644818747641e-
2026-10-05 09:43:27,515 INFO ROBUST_START_2020 2023Q1 H2 complete
2026-10-05 09:43:27,770 WARNING ROBUST_START_2020 2023Q1 H3 standard failed: nonconvergence_or_unstable_transition:{"n_training_months": 36, "n_observed_cells": 336, "n_missing_cells": 96, "iterations": 500, "relative_likelihood_change": 3.321644818747641e-
2026-10-05 09:43:27,771 INFO ROBUST_START_2020 2023Q1 H3 complete
