target_quarter,horizon,current,indicator,factor_loading,loading_identical_for_both_targets,n_training_months,n_observed_cells,n_missing_cells,iterations,relative_likelihood_change,converged,log_likelihood,n_states,warnings,estimator,factor_source,estimation_start,spectral_radius,transition,bic,aic
2022Q3,H2,False,industrial_production,0.36616839133837331,True,42,336,0,85,8.7210905269998809e-06,True,-410.39392137972527,2,,DynamicFactorMQ_EM_MLE,FILTERED_ONE_SIDED,2019-01-31,0.97317052284062844,"[[1.9022986492220766, -0.9470608665259023], [1.0, 0.0]]",891.8035655068345,858.78784275945054
2022Q3,H2,False,ppi,0.066239275602368392,True,42,336,0,85,8.7210905269998809e-06,True,-410.39392137972527,2,,DynamicFactorMQ_EM_MLE,FILTERED_ONE_SIDED,2019-01-31,0.97317052284062844,"[[1.9022986492220766, -0.9470608665259023], [1.0, 0.0]]",891.8035655068345,858.78784275945054
2022Q3,H2,False,usd_uzs,-0.028737580153489015,True,42,336,0,85,8.7210905269998809e-06,True,-410.39392137972527,2,,DynamicFactorMQ_EM_MLE,FILTERED_ONE_SIDED,2019-01-31,0.97317052284062844,"[[1.9022986492220766, -0.9470608665259023], [1.0, 0.0]]",891.8035655068345,858.78784275945054
2022Q3,H2,False,rub_uzs,0.025675605179149682,True,42,336,0,85,8.7210905269998809e-06,True,-410.39392137972527,2,,DynamicFactorMQ_EM_MLE,FILTERED_ONE_SIDED,2019-01-31,0.97317052284062844,"[[1.9022986492220766, -0.9470608665259023], [1.0, 0.0]]",891.8035655068345,858.78784275945054
2022Q3,H2,False,gold_price,-0.047650894531804024,True,42,336,0,85,8.7210905269998809e-06,True,-410.39392137972527,2,,DynamicFactorMQ_EM_MLE,FILTERED_ONE_SIDED,2019-01-31,0.97317052284062844,"[[1.9022986492220766, -0.9470608665259023], [1.0, 0.0]]",891.8035655068345,858.78784275945054
2022Q3,H2,False,m2,0.15310582715969362,True,42,336,0,85,8.7210905269998809e-06,True,-410.39392137972527,2,,DynamicFactorMQ_EM_MLE,FILTERED_ONE_SIDED,2019-01-31,0.97317052284062844,"[[1.9022986492220766, -0.9470608665259023], [1.0, 0.0]]",891.8035655068345,858.78784275945054
2022Q3,H2,False,fx_reserves_ex_gold,-0.28469031246839854,True,42,336,0,85,8.7210905269998809e-06,True,-410.39392137972527,2,,DynamicFactorMQ_EM_MLE,FILTERED_ONE_SIDED,2019-01-31,0.97317052284062844,"[[1.9022986492220766, -0.9470608665259023], [1.0, 0.0]]",891.8035655068345,858.78784275945054
2022Q3,H2,False,pos_turnover,0.20266672760907128,True,42,336,0,85,8.7210905269998809e-06,True,-410.39392137972527,2,,DynamicFactorMQ_EM_MLE,FILTERED_ONE_SIDED,2019-01-31,0.97317052284062844,"[[1.9022986492220766, -0.9470608665259023], [1.0, 0.0]]",891.8035655068345,858.78784275945054
2022Q3,H3,False,industrial_production,0.36616839133837331,True,42,336,0,85,8.7210905269998809e-06,True,-410.39392137972527,2,,DynamicFactorMQ_EM_MLE,FILTERED_ONE_SIDED,2019-01-31,0.97317052284062844,"[[1.9022986492220766, -0.9470608665259023], [1.0, 0.0]]",891.8035655068345,858.78784275945054
2022Q3,H3,False,ppi,0.066239275602368392,True,42,336,0,85,8.7210905269998809e-06,True,-410.39392137972527,2,,DynamicFactorMQ_EM_MLE,FILTERED_ONE_SIDED,2019-01-31,0.97317052284062844,"[[1.9022986492220766, -0.9470608665259023], [1.0, 0.0]]",891.8035655068345,858.78784275945054
2022Q3,H3,False,usd_uzs,-0.028737580153489015,True,42,336,0,85,8.7210905269998809e-06,True,-410.39392137972527,2,,DynamicFactorMQ_EM_MLE,FILTERED_ONE_SIDED,2019-01-31,0.97317052284062844,"[[1.9022986492220766, -0.9470608665259023], [1.0, 0.0]]",891.8035655068345,858.78784275945054
2022Q3,H3,False,rub_uzs,0.025675605179149682,True,42,336,0,85,8.7210905269998809e-06,True,-410.39392137972527,2,,DynamicFactorMQ_EM_MLE,FILTERED_ONE_SIDED,2019-01-31,0.97317052284062844,"[[1.9022986492220766, -0.9470608665259023], [1.0, 0.0]]",891.8035655068345,858.78784275945054
2022Q3,H3,False,gold_price,-0.047650894531804024,True,42,336,0,85,8.7210905269998809e-06,True,-410.39392137972527,2,,DynamicFactorMQ_EM_MLE,FILTERED_ONE_SIDED,2019-01-31,0.97317052284062844,"[[1.9022986492220766, -0.9470608665259023], [1.0, 0.0]]",891.8035655068345,858.78784275945054
2022Q3,H3,False,m2,0.15310582715969362,True,42,336,0,85,8.7210905269998809e-06,True,-410.39392137972527,2,,DynamicFactorMQ_EM_MLE,FILTERED_ONE_SIDED,2019-01-31,0.97317052284062844,"[[1.9022986492220766, -0.9470608665259023], [1.0, 0.0]]",891.8035655068345,858.78784275945054
2022Q3,H3,False,fx_reserves_ex_gold,-0.28469031246839854,True,42,336,0,85,8.7210905269998809e-06,True,-410.39392137972527,2,,DynamicFactorMQ_EM_MLE,FILTERED_ONE_SIDED,2019-01-31,0.97317052284062844,"[[1.9022986492220766, -0.9470608665259023], [1.0, 0.0]]",891.8035655068345,858.78784275945054
2022Q3,H3,False,pos_turnover,0.20266672760907128,True,42,336,0,85,8.7210905269998809e-06,True,-410.39392137972527,2,,DynamicFactorMQ_EM_MLE,FILTERED_ONE_SIDED,2019-01-31,0.97317052284062844,"[[1.9022986492220766, -0.9470608665259023], [1.0, 0.0]]",891.8035655068345,858.78784275945054
2023Q1,H1,False,industrial_production,0.20863834251662178,True,48,383,1,65,9.3377623325661483e-06,True,-458.97044839755483,2,,DynamicFactorMQ_EM_MLE,FILTERED_ONE_SIDED,2019-01-31,0.92590085068964456,"[[1.5403888227035918, -0.5689549360262682], [1.0, 0.0]]",991.49371600235963,955.94089679510967
2023Q1,H1,False,ppi,0.0093126138031058223,True,48,383,1,65,9.3377623325661483e-06,True,-458.97044839755483,2,,DynamicFactorMQ_EM_MLE,FILTERED_ONE_SIDED,2019-01-31,0.92590085068964456,"[[1.5403888227035918, -0.5689549360262682], [1.0, 0.0]]",991.49371600235963,955.94089679510967
2023Q1,H1,False,usd_uzs,-0.090039168270910838,True,48,383,1,65,9.3377623325661483e-06,True,-458.97044839755483,2,,DynamicFactorMQ_EM_MLE,FILTERED_ONE_SIDED,2019-01-31,0.92590085068964456,"[[1.5403888227035918, -0.5689549360262682], [1.0, 0.0]]",991.49371600235963,955.94089679510967
2023Q1,H1,False,rub_uzs,0.054746653141232129,True,48,383,1,65,9.3377623325661483e-06,True,-458.97044839755483,2,,DynamicFactorMQ_EM_MLE,FILTERED_ONE_SIDED,2019-01-31,0.92590085068964456,"[[1.5403888227035918, -0.5689549360262682], [1.0, 0.0]]",991.49371600235963,955.94089679510967
2023Q1,H1,False,gold_price,-0.11767095316859603,True,48,383,1,65,9.3377623325661483e-06,True,-458.97044839755483,2,,DynamicFactorMQ_EM_MLE,FILTERED_ONE_SIDED,2019-01-31,0.92590085068964456,"[[1.5403888227035918, -0.5689549360262682], [1.0, 0.0]]",991.49371600235963,955.94089679510967
2023Q1,H1,False,m2,0.53559528523525535,True,48,383,1,65,9.3377623325661483e-06,True,-458.97044839755483,2,,DynamicFactorMQ_EM_MLE,FILTERED_ONE_SIDED,2019-01-31,0.92590085068964456,"[[1.5403888227035918, -0.5689549360262682], [1.0, 0.0]]",991.49371600235963,955.94089679510967
2023Q1,H1,False,fx_reserves_ex_gold,-0.20837197850860803,True,48,383,1,65,9.3377623325661483e-06,True,-458.97044839755483,2,,DynamicFactorMQ_EM_MLE,FILTERED_ONE_SIDED,2019-01-31,0.92590085068964456,"[[1.5403888227035918, -0.5689549360262682], [1.0, 0.0]]",991.49371600235963,955.94089679510967
2023Q1,H1,False,pos_turnover,0.44916865336211725,True,48,383,1,65,9.3377623325661483e-06,True,-458.97044839755483,2,,DynamicFactorMQ_EM_MLE,FILTERED_ONE_SIDED,2019-01-31,0.92590085068964456,"[[1.5403888227035918, -0.5689549360262682], [1.0, 0.0]]",991.49371600235963,955.94089679510967
2023Q1,H2,False,industrial_production,0.20463999569175464,True,48,384,0,64,9.3273730201917164e-06,True,-460.35245993952833,2,,DynamicFactorMQ_EM_MLE,FILTERED_ONE_SIDED,2019-01-31,0.92524779217065201,"[[1.5369721327261505, -0.565996595516023], [1.0, 0.0]]",994.25773908630663,958.70491987905666
2023Q1,H2,False,ppi,0.0093431575196089803,True,48,384,0,64,9.3273730201917164e-06,True,-460.35245993952833,2,,DynamicFactorMQ_EM_MLE,FILTERED_ONE_SIDED,2019-01-31,0.92524779217065201,"[[1.5369721327261505, -0.565996595516023], [1.0, 0.0]]",994.25773908630663,958.70491987905666
2023Q1,H2,False,usd_uzs,-0.090045895755276648,True,48,384,0,64,9.3273730201917164e-06,True,-460.35245993952833,2,,DynamicFactorMQ_EM_MLE,FILTERED_ONE_SIDED,2019-01-31,0.92524779217065201,"[[1.5369721327261505, -0.565996595516023], [1.0, 0.0]]",994.25773908630663,958.70491987905666
2023Q1,H2,False,rub_uzs,0.05512502838643394,True,48,384,0,64,9.3273730201917164e-06,True,-460.35245993952833,2,,DynamicFactorMQ_EM_MLE,FILTERED_ONE_SIDED,2019-01-31,0.92524779217065201,"[[1.5369721327261505, -0.565996595516023], [1.0, 0.0]]",994.25773908630663,958.70491987905666
2023Q1,H2,False,gold_price,-0.11778377383955621,True,48,384,0,64,9.3273730201917164e-06,True,-460.35245993952833,2,,DynamicFactorMQ_EM_MLE,FILTERED_ONE_SIDED,2019-01-31,0.92524779217065201,"[[1.5369721327261505, -0.565996595516023], [1.0, 0.0]]",994.25773908630663,958.70491987905666
2023Q1,H2,False,m2,0.53630519332636617,True,48,384,0,64,9.3273730201917164e-06,True,-460.35245993952833,2,,DynamicFactorMQ_EM_MLE,FILTERED_ONE_SIDED,2019-01-31,0.92524779217065201,"[[1.5369721327261505, -0.565996595516023], [1.0, 0.0]]",994.25773908630663,958.70491987905666
2023Q1,H2,False,fx_reserves_ex_gold,-0.2082188579198217,True,48,384,0,64,9.3273730201917164e-06,True,-460.35245993952833,2,,DynamicFactorMQ_EM_MLE,FILTERED_ONE_SIDED,2019-01-31,0.92524779217065201,"[[1.5369721327261505, -0.565996595516023], [1.0, 0.0]]",994.25773908630663,958.70491987905666
2023Q1,H2,False,pos_turnover,0.44942467111458473,True,48,384,0,64,9.3273730201917164e-06,True,-460.35245993952833,2,,DynamicFactorMQ_EM_MLE,FILTERED_ONE_SIDED,2019-01-31,0.92524779217065201,"[[1.5369721327261505, -0.565996595516023], [1.0, 0.0]]",994.25773908630663,958.70491987905666
2023Q1,H3,False,industrial_production,0.20463999569175464,True,48,384,0,64,9.3273730201917164e-06,True,-460.35245993952833,2,,DynamicFactorMQ_EM_MLE,FILTERED_ONE_SIDED,2019-01-31,0.92524779217065201,"[[1.5369721327261505, -0.565996595516023], [1.0, 0.0]]",994.25773908630663,958.70491987905666
2023Q1,H3,False,ppi,0.0093431575196089803,True,48,384,0,64,9.3273730201917164e-06,True,-460.35245993952833,2,,DynamicFactorMQ_EM_MLE,FILTERED_ONE_SIDED,2019-01-31,0.92524779217065201,"[[1.5369721327261505, -0.565996595516023], [1.0, 0.0]]",994.25773908630663,958.70491987905666
2023Q1,H3,False,usd_uzs,-0.090045895755276648,True,48,384,0,64,9.3273730201917164e-06,True,-460.35245993952833,2,,DynamicFactorMQ_EM_MLE,FILTERED_ONE_SIDED,2019-01-31,0.92524779217065201,"[[1.5369721327261505, -0.565996595516023], [1.0, 0.0]]",994.25773908630663,958.70491987905666
2023Q1,H3,False,rub_uzs,0.05512502838643394,True,48,384,0,64,9.3273730201917164e-06,True,-460.35245993952833,2,,DynamicFactorMQ_EM_MLE,FILTERED_ONE_SIDED,2019-01-31,0.92524779217065201,"[[1.5369721327261505, -0.565996595516023], [1.0, 0.0]]",994.25773908630663,958.70491987905666
2023Q1,H3,False,gold_price,-0.11778377383955621,True,48,384,0,64,9.3273730201917164e-06,True,-460.35245993952833,2,,DynamicFactorMQ_EM_MLE,FILTERED_ONE_SIDED,2019-01-31,0.92524779217065201,"[[1.5369721327261505, -0.565996595516023], [1.0, 0.0]]",994.25773908630663,958.70491987905666
2023Q1,H3,False,m2,0.53630519332636617,True,48,384,0,64,9.3273730201917164e-06,True,-460.35245993952833,2,,DynamicFactorMQ_EM_MLE,FILTERED_ONE_SIDED,2019-01-31,0.92524779217065201,"[[1.5369721327261505, -0.565996595516023], [1.0, 0.0]]",994.25773908630663,958.70491987905666
2023Q1,H3,False,fx_reserves_ex_gold,-0.2082188579198217,True,48,384,0,64,9.3273730201917164e-06,True,-460.35245993952833,2,,DynamicFactorMQ_EM_MLE,FILTERED_ONE_SIDED,2019-01-31,0.92524779217065201,"[[1.5369721327261505, -0.565996595516023], [1.0, 0.0]]",994.25773908630663,958.70491987905666
2023Q1,H3,False,pos_turnover,0.44942467111458473,True,48,384,0,64,9.3273730201917164e-06,True,-460.35245993952833,2,,DynamicFactorMQ_EM_MLE,FILTERED_ONE_SIDED,2019-01-31,0.92524779217065201,"[[1.5369721327261505, -0.565996595516023], [1.0, 0.0]]",994.25773908630663,958.70491987905666
2023Q2,H1,False,industrial_production,0.0750784382722232,True,51,407,1,57,9.5268724950115688e-06,True,-484.48622042451194,2,,DynamicFactorMQ_EM_MLE,FILTERED_ONE_SIDED,2019-01-31,0.95251340373395277,"[[1.4744721862743497, -0.4971727365663836], [1.0, 0.0]]",1043.6771278707861,1006.9724408490239
2023Q2,H1,False,ppi,-0.0019571341539404547,True,51,407,1,57,9.5268724950115688e-06,True,-484.48622042451194,2,,DynamicFactorMQ_EM_MLE,FILTERED_ONE_SIDED,2019-01-31,0.95251340373395277,"[[1.4744721862743497, -0.4971727365663836], [1.0, 0.0]]",1043.6771278707861,1006.9724408490239
2023Q2,H1,False,usd_uzs,-0.088935987219063664,True,51,407,1,57,9.5268724950115688e-06,True,-484.48622042451194,2,,DynamicFactorMQ_EM_MLE,FILTERED_ONE_SIDED,2019-01-31,0.95251340373395277,"[[1.4744721862743497, -0.4971727365663836], [1.0, 0.0]]",1043.6771278707861,1006.9724408490239
2023Q2,H1,False,rub_uzs,0.015470279230982062,True,51,407,1,57,9.5268724950115688e-06,True,-484.48622042451194,2,,DynamicFactorMQ_EM_MLE,FILTERED_ONE_SIDED,2019-01-31,0.95251340373395277,"[[1.4744721862743497, -0.4971727365663836], [1.0, 0.0]]",1043.6771278707861,1006.9724408490239
2023Q2,H1,False,gold_price,-0.081492893946979228,True,51,407,1,57,9.5268724950115688e-06,True,-484.48622042451194,2,,DynamicFactorMQ_EM_MLE,FILTERED_ONE_SIDED,2019-01-31,0.95251340373395277,"[[1.4744721862743497, -0.4971727365663836], [1.0, 0.0]]",1043.6771278707861,1006.9724408490239
2023Q2,H1,False,m2,0.53287546718981027,True,51,407,1,57,9.5268724950115688e-06,True,-484.48622042451194,2,,DynamicFactorMQ_EM_MLE,FILTERED_ONE_SIDED,2019-01-31,0.95251340373395277,"[[1.4744721862743497, -0.4971727365663836], [1.0, 0.0]]",1043.6771278707861,1006.9724408490239
2023Q2,H1,False,fx_reserves_ex_gold,-0.24693352941166441,True,51,407,1,57,9.5268724950115688e-06,True,-484.48622042451194,2,,DynamicFactorMQ_EM_MLE,FILTERED_ONE_SIDED,2019-01-31,0.95251340373395277,"[[1.4744721862743497, -0.4971727365663836], [1.0, 0.0]]",1043.6771278707861,1006.9724408490239
2023Q2,H1,False,pos_turnover,0.45574756435540859,True,51,407,1,57,9.5268724950115688e-06,True,-484.48622042451194,2,,DynamicFactorMQ_EM_MLE,FILTERED_ONE_SIDED,2019-01-31,0.95251340373395277,"[[1.4744721862743497, -0.4971727365663836], [1.0, 0.0]]",1043.6771278707861,1006.9724408490239
2023Q2,H2,False,industrial_production,0.073981668433586195,True,51,408,0,57,9.343795521274633e-06,True,-485.90139022872449,2,,DynamicFactorMQ_EM_MLE,FILTERED_ONE_SIDED,2019-01-31,0.95245799962569799,"[[1.4751475923407857, -0.4978398839025833], [1.0, 0.0]]",1046.5074674792111,1009.802780457449
2023Q2,H2,False,ppi,-0.0019888935493656392,True,51,408,0,57,9.343795521274633e-06,True,-485.90139022872449,2,,DynamicFactorMQ_EM_MLE,FILTERED_ONE_SIDED,2019-01-31,0.95245799962569799,"[[1.4751475923407857, -0.4978398839025833], [1.0, 0.0]]",1046.5074674792111,1009.802780457449
2023Q2,H2,False,usd_uzs,-0.088996900760896475,True,51,408,0,57,9.343795521274633e-06,True,-485.90139022872449,2,,DynamicFactorMQ_EM_MLE,FILTERED_ONE_SIDED,2019-01-31,0.95245799962569799,"[[1.4751475923407857, -0.4978398839025833], [1.0, 0.0]]",1046.5074674792111,1009.802780457449
2023Q2,H2,False,rub_uzs,0.015468151954262476,True,51,408,0,57,9.343795521274633e-06,True,-485.90139022872449,2,,DynamicFactorMQ_EM_MLE,FILTERED_ONE_SIDED,2019-01-31,0.95245799962569799,"[[1.4751475923407857, -0.4978398839025833], [1.0, 0.0]]",1046.5074674792111,1009.802780457449
2023Q2,H2,False,gold_price,-0.081561611930343406,True,51,408,0,57,9.343795521274633e-06,True,-485.90139022872449,2,,DynamicFactorMQ_EM_MLE,FILTERED_ONE_SIDED,2019-01-31,0.95245799962569799,"[[1.4751475923407857, -0.4978398839025833], [1.0, 0.0]]",1046.5074674792111,1009.802780457449
2023Q2,H2,False,m2,0.53328941181430278,True,51,408,0,57,9.343795521274633e-06,True,-485.90139022872449,2,,DynamicFactorMQ_EM_MLE,FILTERED_ONE_SIDED,2019-01-31,0.95245799962569799,"[[1.4751475923407857, -0.4978398839025833], [1.0, 0.0]]",1046.5074674792111,1009.802780457449
2023Q2,H2,False,fx_reserves_ex_gold,-0.24710218513117357,True,51,408,0,57,9.343795521274633e-06,True,-485.90139022872449,2,,DynamicFactorMQ_EM_MLE,FILTERED_ONE_SIDED,2019-01-31,0.95245799962569799,"[[1.4751475923407857, -0.4978398839025833], [1.0, 0.0]]",1046.5074674792111,1009.802780457449
2023Q2,H2,False,pos_turnover,0.45609406887963572,True,51,408,0,57,9.343795521274633e-06,True,-485.90139022872449,2,,DynamicFactorMQ_EM_MLE,FILTERED_ONE_SIDED,2019-01-31,0.95245799962569799,"[[1.4751475923407857, -0.4978398839025833], [1.0, 0.0]]",1046.5074674792111,1009.802780457449
2023Q2,H3,False,industrial_production,0.073981668433586195,True,51,408,0,57,9.343795521274633e-06,True,-485.90139022872449,2,,DynamicFactorMQ_EM_MLE,FILTERED_ONE_SIDED,2019-01-31,0.95245799962569799,"[[1.4751475923407857, -0.4978398839025833], [1.0, 0.0]]",1046.5074674792111,1009.802780457449
2023Q2,H3,False,ppi,-0.0019888935493656392,True,51,408,0,57,9.343795521274633e-06,True,-485.90139022872449,2,,DynamicFactorMQ_EM_MLE,FILTERED_ONE_SIDED,2019-01-31,0.95245799962569799,"[[1.4751475923407857, -0.4978398839025833], [1.0, 0.0]]",1046.5074674792111,1009.802780457449
2023Q2,H3,False,usd_uzs,-0.088996900760896475,True,51,408,0,57,9.343795521274633e-06,True,-485.90139022872449,2,,DynamicFactorMQ_EM_MLE,FILTERED_ONE_SIDED,2019-01-31,0.95245799962569799,"[[1.4751475923407857, -0.4978398839025833], [1.0, 0.0]]",1046.5074674792111,1009.802780457449
2023Q2,H3,False,rub_uzs,0.015468151954262476,True,51,408,0,57,9.343795521274633e-06,True,-485.90139022872449,2,,DynamicFactorMQ_EM_MLE,FILTERED_ONE_SIDED,2019-01-31,0.95245799962569799,"[[1.4751475923407857, -0.4978398839025833], [1.0, 0.0]]",1046.5074674792111,1009.802780457449
2023Q2,H3,False,gold_price,-0.081561611930343406,True,51,408,0,57,9.343795521274633e-06,True,-485.90139022872449,2,,DynamicFactorMQ_EM_MLE,FILTERED_ONE_SIDED,2019-01-31,0.95245799962569799,"[[1.4751475923407857, -0.4978398839025833], [1.0, 0.0]]",1046.5074674792111,1009.802780457449
2023Q2,H3,False,m2,0.53328941181430278,True,51,408,0,57,9.343795521274633e-06,True,-485.90139022872449,2,,DynamicFactorMQ_EM_MLE,FILTERED_ONE_SIDED,2019-01-31,0.95245799962569799,"[[1.4751475923407857, -0.4978398839025833], [1.0, 0.0]]",1046.5074674792111,1009.802780457449
2023Q2,H3,False,fx_reserves_ex_gold,-0.24710218513117357,True,51,408,0,57,9.343795521274633e-06,True,-485.90139022872449,2,,DynamicFactorMQ_EM_MLE,FILTERED_ONE_SIDED,2019-01-31,0.95245799962569799,"[[1.4751475923407857, -0.4978398839025833], [1.0, 0.0]]",1046.5074674792111,1009.802780457449
2023Q2,H3,False,pos_turnover,0.45609406887963572,True,51,408,0,57,9.343795521274633e-06,True,-485.90139022872449,2,,DynamicFactorMQ_EM_MLE,FILTERED_ONE_SIDED,2019-01-31,0.95245799962569799,"[[1.4751475923407857, -0.4978398839025833], [1.0, 0.0]]",1046.5074674792111,1009.802780457449
2023Q3,H1,False,industrial_production,0.093967685005880625,True,54,431,1,165,9.4836321930851289e-06,True,-526.55625906674936,2,,DynamicFactorMQ_EM_MLE,FILTERED_ONE_SIDED,2019-01-31,0.98272478782250028,"[[1.9434379438732734, -0.9657480086007786], [1.0, 0.0]]",1128.90321501822,1091.1125181334987
2023Q3,H1,False,ppi,-0.0019163059015611017,True,54,431,1,165,9.4836321930851289e-06,True,-526.55625906674936,2,,DynamicFactorMQ_EM_MLE,FILTERED_ONE_SIDED,2019-01-31,0.98272478782250028,"[[1.9434379438732734, -0.9657480086007786], [1.0, 0.0]]",1128.90321501822,1091.1125181334987
2023Q3,H1,False,usd_uzs,-0.089034156622076838,True,54,431,1,165,9.4836321930851289e-06,True,-526.55625906674936,2,,DynamicFactorMQ_EM_MLE,FILTERED_ONE_SIDED,2019-01-31,0.98272478782250028,"[[1.9434379438732734, -0.9657480086007786], [1.0, 0.0]]",1128.90321501822,1091.1125181334987
2023Q3,H1,False,rub_uzs,0.0062129976506038968,True,54,431,1,165,9.4836321930851289e-06,True,-526.55625906674936,2,,DynamicFactorMQ_EM_MLE,FILTERED_ONE_SIDED,2019-01-31,0.98272478782250028,"[[1.9434379438732734, -0.9657480086007786], [1.0, 0.0]]",1128.90321501822,1091.1125181334987
2023Q3,H1,False,gold_price,-0.07394134371019695,True,54,431,1,165,9.4836321930851289e-06,True,-526.55625906674936,2,,DynamicFactorMQ_EM_MLE,FILTERED_ONE_SIDED,2019-01-31,0.98272478782250028,"[[1.9434379438732734, -0.9657480086007786], [1.0, 0.0]]",1128.90321501822,1091.1125181334987
2023Q3,H1,False,m2,0.45091735625639773,True,54,431,1,165,9.4836321930851289e-06,True,-526.55625906674936,2,,DynamicFactorMQ_EM_MLE,FILTERED_ONE_SIDED,2019-01-31,0.98272478782250028,"[[1.9434379438732734, -0.9657480086007786], [1.0, 0.0]]",1128.90321501822,1091.1125181334987
2023Q3,H1,False,fx_reserves_ex_gold,-0.19921263786959315,True,54,431,1,165,9.4836321930851289e-06,True,-526.55625906674936,2,,DynamicFactorMQ_EM_MLE,FILTERED_ONE_SIDED,2019-01-31,0.98272478782250028,"[[1.9434379438732734, -0.9657480086007786], [1.0, 0.0]]",1128.90321501822,1091.1125181334987
2023Q3,H1,False,pos_turnover,0.4067324595614622,True,54,431,1,165,9.4836321930851289e-06,True,-526.55625906674936,2,,DynamicFactorMQ_EM_MLE,FILTERED_ONE_SIDED,2019-01-31,0.98272478782250028,"[[1.9434379438732734, -0.9657480086007786], [1.0, 0.0]]",1128.90321501822,1091.1125181334987
2023Q3,H2,False,industrial_production,0.094023455566884628,True,54,432,0,163,9.5355293595301714e-06,True,-527.97228721634201,2,,DynamicFactorMQ_EM_MLE,FILTERED_ONE_SIDED,2019-01-31,0.98296249058443186,"[[1.944048812295655, -0.9662152578959492], [1.0, 0.0]]",1131.7352713174052,1093.944574432684
2023Q3,H2,False,ppi,-0.0019974490683295301,True,54,432,0,163,9.5355293595301714e-06,True,-527.97228721634201,2,,DynamicFactorMQ_EM_MLE,FILTERED_ONE_SIDED,2019-01-31,0.98296249058443186,"[[1.944048812295655, -0.9662152578959492], [1.0, 0.0]]",1131.7352713174052,1093.944574432684
2023Q3,H2,False,usd_uzs,-0.089230927421828268,True,54,432,0,163,9.5355293595301714e-06,True,-527.97228721634201,2,,DynamicFactorMQ_EM_MLE,FILTERED_ONE_SIDED,2019-01-31,0.98296249058443186,"[[1.944048812295655, -0.9662152578959492], [1.0, 0.0]]",1131.7352713174052,1093.944574432684
2023Q3,H2,False,rub_uzs,0.0060881268976289808,True,54,432,0,163,9.5355293595301714e-06,True,-527.97228721634201,2,,DynamicFactorMQ_EM_MLE,FILTERED_ONE_SIDED,2019-01-31,0.98296249058443186,"[[1.944048812295655, -0.9662152578959492], [1.0, 0.0]]",1131.7352713174052,1093.944574432684
2023Q3,H2,False,gold_price,-0.074050631758316443,True,54,432,0,163,9.5355293595301714e-06,True,-527.97228721634201,2,,DynamicFactorMQ_EM_MLE,FILTERED_ONE_SIDED,2019-01-31,0.98296249058443186,"[[1.944048812295655, -0.9662152578959492], [1.0, 0.0]]",1131.7352713174052,1093.944574432684
2023Q3,H2,False,m2,0.44991196547302836,True,54,432,0,163,9.5355293595301714e-06,True,-527.97228721634201,2,,DynamicFactorMQ_EM_MLE,FILTERED_ONE_SIDED,2019-01-31,0.98296249058443186,"[[1.944048812295655, -0.9662152578959492], [1.0, 0.0]]",1131.7352713174052,1093.944574432684
2023Q3,H2,False,fx_reserves_ex_gold,-0.19952619619395692,True,54,432,0,163,9.5355293595301714e-06,True,-527.97228721634201,2,,DynamicFactorMQ_EM_MLE,FILTERED_ONE_SIDED,2019-01-31,0.98296249058443186,"[[1.944048812295655, -0.9662152578959492], [1.0, 0.0]]",1131.7352713174052,1093.944574432684
2023Q3,H2,False,pos_turnover,0.40644290436938513,True,54,432,0,163,9.5355293595301714e-06,True,-527.97228721634201,2,,DynamicFactorMQ_EM_MLE,FILTERED_ONE_SIDED,2019-01-31,0.98296249058443186,"[[1.944048812295655, -0.9662152578959492], [1.0, 0.0]]",1131.7352713174052,1093.944574432684
2023Q3,H3,False,industrial_production,0.094023455566884628,True,54,432,0,163,9.5355293595301714e-06,True,-527.97228721634201,2,,DynamicFactorMQ_EM_MLE,FILTERED_ONE_SIDED,2019-01-31,0.98296249058443186,"[[1.944048812295655, -0.9662152578959492], [1.0, 0.0]]",1131.7352713174052,1093.944574432684
2023Q3,H3,False,ppi,-0.0019974490683295301,True,54,432,0,163,9.5355293595301714e-06,True,-527.97228721634201,2,,DynamicFactorMQ_EM_MLE,FILTERED_ONE_SIDED,2019-01-31,0.98296249058443186,"[[1.944048812295655, -0.9662152578959492], [1.0, 0.0]]",1131.7352713174052,1093.944574432684
2023Q3,H3,False,usd_uzs,-0.089230927421828268,True,54,432,0,163,9.5355293595301714e-06,True,-527.97228721634201,2,,DynamicFactorMQ_EM_MLE,FILTERED_ONE_SIDED,2019-01-31,0.98296249058443186,"[[1.944048812295655, -0.9662152578959492], [1.0, 0.0]]",1131.7352713174052,1093.944574432684
2023Q3,H3,False,rub_uzs,0.0060881268976289808,True,54,432,0,163,9.5355293595301714e-06,True,-527.97228721634201,2,,DynamicFactorMQ_EM_MLE,FILTERED_ONE_SIDED,2019-01-31,0.98296249058443186,"[[1.944048812295655, -0.9662152578959492], [1.0, 0.0]]",1131.7352713174052,1093.944574432684
2023Q3,H3,False,gold_price,-0.074050631758316443,True,54,432,0,163,9.5355293595301714e-06,True,-527.97228721634201,2,,DynamicFactorMQ_EM_MLE,FILTERED_ONE_SIDED,2019-01-31,0.98296249058443186,"[[1.944048812295655, -0.9662152578959492], [1.0, 0.0]]",1131.7352713174052,1093.944574432684
2023Q3,H3,False,m2,0.44991196547302836,True,54,432,0,163,9.5355293595301714e-06,True,-527.97228721634201,2,,DynamicFactorMQ_EM_MLE,FILTERED_ONE_SIDED,2019-01-31,0.98296249058443186,"[[1.944048812295655, -0.9662152578959492], [1.0, 0.0]]",1131.7352713174052,1093.944574432684
2023Q3,H3,False,fx_reserves_ex_gold,-0.19952619619395692,True,54,432,0,163,9.5355293595301714e-06,True,-527.97228721634201,2,,DynamicFactorMQ_EM_MLE,FILTERED_ONE_SIDED,2019-01-31,0.98296249058443186,"[[1.944048812295655, -0.9662152578959492], [1.0, 0.0]]",1131.7352713174052,1093.944574432684
2023Q3,H3,False,pos_turnover,0.40644290436938513,True,54,432,0,163,9.5355293595301714e-06,True,-527.97228721634201,2,,DynamicFactorMQ_EM_MLE,FILTERED_ONE_SIDED,2019-01-31,0.98296249058443186,"[[1.944048812295655, -0.9662152578959492], [1.0, 0.0]]",1131.7352713174052,1093.944574432684
2023Q4,H1,False,industrial_production,0.10167845225569017,True,57,455,1,133,9.3549397064855606e-06,True,-562.13418142506487,2,,DynamicFactorMQ_EM_MLE,FILTERED_ONE_SIDED,2019-01-31,0.95679611005598564,"[[1.8962864029987665, -0.9154587962182656], [1.0, 0.0]]",1201.0863369389863,1162.2683628501297
2023Q4,H1,False,ppi,-0.0044060912540322622,True,57,455,1,133,9.3549397064855606e-06,True,-562.13418142506487,2,,DynamicFactorMQ_EM_MLE,FILTERED_ONE_SIDED,2019-01-31,0.95679611005598564,"[[1.8962864029987665, -0.9154587962182656], [1.0, 0.0]]",1201.0863369389863,1162.2683628501297
2023Q4,H1,False,usd_uzs,-0.10334368315279635,True,57,455,1,133,9.3549397064855606e-06,True,-562.13418142506487,2,,DynamicFactorMQ_EM_MLE,FILTERED_ONE_SIDED,2019-01-31,0.95679611005598564,"[[1.8962864029987665, -0.9154587962182656], [1.0, 0.0]]",1201.0863369389863,1162.2683628501297
2023Q4,H1,False,rub_uzs,0.0057926003633564215,True,57,455,1,133,9.3549397064855606e-06,True,-562.13418142506487,2,,DynamicFactorMQ_EM_MLE,FILTERED_ONE_SIDED,2019-01-31,0.95679611005598564,"[[1.8962864029987665, -0.9154587962182656], [1.0, 0.0]]",1201.0863369389863,1162.2683628501297
2023Q4,H1,False,gold_price,-0.07789280690906758,True,57,455,1,133,9.3549397064855606e-06,True,-562.13418142506487,2,,DynamicFactorMQ_EM_MLE,FILTERED_ONE_SIDED,2019-01-31,0.95679611005598564,"[[1.8962864029987665, -0.9154587962182656], [1.0, 0.0]]",1201.0863369389863,1162.2683628501297
2023Q4,H1,False,m2,0.44588192442023356,True,57,455,1,133,9.3549397064855606e-06,True,-562.13418142506487,2,,DynamicFactorMQ_EM_MLE,FILTERED_ONE_SIDED,2019-01-31,0.95679611005598564,"[[1.8962864029987665, -0.9154587962182656], [1.0, 0.0]]",1201.0863369389863,1162.2683628501297
2023Q4,H1,False,fx_reserves_ex_gold,-0.17163338824355201,True,57,455,1,133,9.3549397064855606e-06,True,-562.13418142506487,2,,DynamicFactorMQ_EM_MLE,FILTERED_ONE_SIDED,2019-01-31,0.95679611005598564,"[[1.8962864029987665, -0.9154587962182656], [1.0, 0.0]]",1201.0863369389863,1162.2683628501297
2023Q4,H1,False,pos_turnover,0.41068906882830508,True,57,455,1,133,9.3549397064855606e-06,True,-562.13418142506487,2,,DynamicFactorMQ_EM_MLE,FILTERED_ONE_SIDED,2019-01-31,0.95679611005598564,"[[1.8962864029987665, -0.9154587962182656], [1.0, 0.0]]",1201.0863369389863,1162.2683628501297
2023Q4,H2,False,industrial_production,0.10059310691842328,True,57,456,0,131,9.6188001001297587e-06,True,-563.57931238898118,2,,DynamicFactorMQ_EM_MLE,FILTERED_ONE_SIDED,2019-01-31,0.95651023662616474,"[[1.8958001914873273, -0.9149118327706417], [1.0, 0.0]]",1203.9765988668189,1165.1586247779624
2023Q4,H2,False,ppi,-0.0045438159489104412,True,57,456,0,131,9.6188001001297587e-06,True,-563.57931238898118,2,,DynamicFactorMQ_EM_MLE,FILTERED_ONE_SIDED,2019-01-31,0.95651023662616474,"[[1.8958001914873273, -0.9149118327706417], [1.0, 0.0]]",1203.9765988668189,1165.1586247779624
2023Q4,H2,False,usd_uzs,-0.10325131129157834,True,57,456,0,131,9.6188001001297587e-06,True,-563.57931238898118,2,,DynamicFactorMQ_EM_MLE,FILTERED_ONE_SIDED,2019-01-31,0.95651023662616474,"[[1.8958001914873273, -0.9149118327706417], [1.0, 0.0]]",1203.9765988668189,1165.1586247779624
2023Q4,H2,False,rub_uzs,0.0055762551352964169,True,57,456,0,131,9.6188001001297587e-06,True,-563.57931238898118,2,,DynamicFactorMQ_EM_MLE,FILTERED_ONE_SIDED,2019-01-31,0.95651023662616474,"[[1.8958001914873273, -0.9149118327706417], [1.0, 0.0]]",1203.9765988668189,1165.1586247779624
2023Q4,H2,False,gold_price,-0.078117712063347916,True,57,456,0,131,9.6188001001297587e-06,True,-563.57931238898118,2,,DynamicFactorMQ_EM_MLE,FILTERED_ONE_SIDED,2019-01-31,0.95651023662616474,"[[1.8958001914873273, -0.9149118327706417], [1.0, 0.0]]",1203.9765988668189,1165.1586247779624
2023Q4,H2,False,m2,0.4450422441054912,True,57,456,0,131,9.6188001001297587e-06,True,-563.57931238898118,2,,DynamicFactorMQ_EM_MLE,FILTERED_ONE_SIDED,2019-01-31,0.95651023662616474,"[[1.8958001914873273, -0.9149118327706417], [1.0, 0.0]]",1203.9765988668189,1165.1586247779624
2023Q4,H2,False,fx_reserves_ex_gold,-0.17235325089665296,True,57,456,0,131,9.6188001001297587e-06,True,-563.57931238898118,2,,DynamicFactorMQ_EM_MLE,FILTERED_ONE_SIDED,2019-01-31,0.95651023662616474,"[[1.8958001914873273, -0.9149118327706417], [1.0, 0.0]]",1203.9765988668189,1165.1586247779624
2023Q4,H2,False,pos_turnover,0.41072614200808444,True,57,456,0,131,9.6188001001297587e-06,True,-563.57931238898118,2,,DynamicFactorMQ_EM_MLE,FILTERED_ONE_SIDED,2019-01-31,0.95651023662616474,"[[1.8958001914873273, -0.9149118327706417], [1.0, 0.0]]",1203.9765988668189,1165.1586247779624
2023Q4,H3,False,industrial_production,0.10059310691842328,True,57,456,0,131,9.6188001001297587e-06,True,-563.57931238898118,2,,DynamicFactorMQ_EM_MLE,FILTERED_ONE_SIDED,2019-01-31,0.95651023662616474,"[[1.8958001914873273, -0.9149118327706417], [1.0, 0.0]]",1203.9765988668189,1165.1586247779624
2023Q4,H3,False,ppi,-0.0045438159489104412,True,57,456,0,131,9.6188001001297587e-06,True,-563.57931238898118,2,,DynamicFactorMQ_EM_MLE,FILTERED_ONE_SIDED,2019-01-31,0.95651023662616474,"[[1.8958001914873273, -0.9149118327706417], [1.0, 0.0]]",1203.9765988668189,1165.1586247779624
2023Q4,H3,False,usd_uzs,-0.10325131129157834,True,57,456,0,131,9.6188001001297587e-06,True,-563.57931238898118,2,,DynamicFactorMQ_EM_MLE,FILTERED_ONE_SIDED,2019-01-31,0.95651023662616474,"[[1.8958001914873273, -0.9149118327706417], [1.0, 0.0]]",1203.9765988668189,1165.1586247779624
2023Q4,H3,False,rub_uzs,0.0055762551352964169,True,57,456,0,131,9.6188001001297587e-06,True,-563.57931238898118,2,,DynamicFactorMQ_EM_MLE,FILTERED_ONE_SIDED,2019-01-31,0.95651023662616474,"[[1.8958001914873273, -0.9149118327706417], [1.0, 0.0]]",1203.9765988668189,1165.1586247779624
2023Q4,H3,False,gold_price,-0.078117712063347916,True,57,456,0,131,9.6188001001297587e-06,True,-563.57931238898118,2,,DynamicFactorMQ_EM_MLE,FILTERED_ONE_SIDED,2019-01-31,0.95651023662616474,"[[1.8958001914873273, -0.9149118327706417], [1.0, 0.0]]",1203.9765988668189,1165.1586247779624
2023Q4,H3,False,m2,0.4450422441054912,True,57,456,0,131,9.6188001001297587e-06,True,-563.57931238898118,2,,DynamicFactorMQ_EM_MLE,FILTERED_ONE_SIDED,2019-01-31,0.95651023662616474,"[[1.8958001914873273, -0.9149118327706417], [1.0, 0.0]]",1203.9765988668189,1165.1586247779624
2023Q4,H3,False,fx_reserves_ex_gold,-0.17235325089665296,True,57,456,0,131,9.6188001001297587e-06,True,-563.57931238898118,2,,DynamicFactorMQ_EM_MLE,FILTERED_ONE_SIDED,2019-01-31,0.95651023662616474,"[[1.8958001914873273, -0.9149118327706417], [1.0, 0.0]]",1203.9765988668189,1165.1586247779624
2023Q4,H3,False,pos_turnover,0.41072614200808444,True,57,456,0,131,9.6188001001297587e-06,True,-563.57931238898118,2,,DynamicFactorMQ_EM_MLE,FILTERED_ONE_SIDED,2019-01-31,0.95651023662616474,"[[1.8958001914873273, -0.9149118327706417], [1.0, 0.0]]",1203.9765988668189,1165.1586247779624
2024Q1,H1,False,industrial_production,0.083053783604492934,True,60,479,1,128,9.2755169146698223e-06,True,-594.98206101788719,2,,DynamicFactorMQ_EM_MLE,FILTERED_ONE_SIDED,2019-01-31,0.93820034055067025,"[[1.8572278063144139, -0.8802198790093941], [1.0, 0.0]]",1267.7566687179942,1227.9641220357744
2024Q1,H1,False,ppi,-0.021531393964164446,True,60,479,1,128,9.2755169146698223e-06,True,-594.98206101788719,2,,DynamicFactorMQ_EM_MLE,FILTERED_ONE_SIDED,2019-01-31,0.93820034055067025,"[[1.8572278063144139, -0.8802198790093941], [1.0, 0.0]]",1267.7566687179942,1227.9641220357744
2024Q1,H1,False,usd_uzs,-0.10156944066851691,True,60,479,1,128,9.2755169146698223e-06,True,-594.98206101788719,2,,DynamicFactorMQ_EM_MLE,FILTERED_ONE_SIDED,2019-01-31,0.93820034055067025,"[[1.8572278063144139, -0.8802198790093941], [1.0, 0.0]]",1267.7566687179942,1227.9641220357744
2024Q1,H1,False,rub_uzs,0.0036323993555850372,True,60,479,1,128,9.2755169146698223e-06,True,-594.98206101788719,2,,DynamicFactorMQ_EM_MLE,FILTERED_ONE_SIDED,2019-01-31,0.93820034055067025,"[[1.8572278063144139, -0.8802198790093941], [1.0, 0.0]]",1267.7566687179942,1227.9641220357744
2024Q1,H1,False,gold_price,-0.082987625422263997,True,60,479,1,128,9.2755169146698223e-06,True,-594.98206101788719,2,,DynamicFactorMQ_EM_MLE,FILTERED_ONE_SIDED,2019-01-31,0.93820034055067025,"[[1.8572278063144139, -0.8802198790093941], [1.0, 0.0]]",1267.7566687179942,1227.9641220357744
2024Q1,H1,False,m2,0.49107386170964412,True,60,479,1,128,9.2755169146698223e-06,True,-594.98206101788719,2,,DynamicFactorMQ_EM_MLE,FILTERED_ONE_SIDED,2019-01-31,0.93820034055067025,"[[1.8572278063144139, -0.8802198790093941], [1.0, 0.0]]",1267.7566687179942,1227.9641220357744
2024Q1,H1,False,fx_reserves_ex_gold,-0.13883851531981037,True,60,479,1,128,9.2755169146698223e-06,True,-594.98206101788719,2,,DynamicFactorMQ_EM_MLE,FILTERED_ONE_SIDED,2019-01-31,0.93820034055067025,"[[1.8572278063144139, -0.8802198790093941], [1.0, 0.0]]",1267.7566687179942,1227.9641220357744
2024Q1,H1,False,pos_turnover,0.42182726431233036,True,60,479,1,128,9.2755169146698223e-06,True,-594.98206101788719,2,,DynamicFactorMQ_EM_MLE,FILTERED_ONE_SIDED,2019-01-31,0.93820034055067025,"[[1.8572278063144139, -0.8802198790093941], [1.0, 0.0]]",1267.7566687179942,1227.9641220357744
2024Q1,H2,False,industrial_production,0.078616503812649896,True,60,480,0,127,9.1197152584659911e-06,True,-596.46808655739449,2,,DynamicFactorMQ_EM_MLE,FILTERED_ONE_SIDED,2019-01-31,0.93783044344018496,"[[1.8564426169631523, -0.8795259406432139], [1.0, 0.0]]",1270.7287197970088,1230.936173114789
2024Q1,H2,False,ppi,-0.02153852254408041,True,60,480,0,127,9.1197152584659911e-06,True,-596.46808655739449,2,,DynamicFactorMQ_EM_MLE,FILTERED_ONE_SIDED,2019-01-31,0.93783044344018496,"[[1.8564426169631523, -0.8795259406432139], [1.0, 0.0]]",1270.7287197970088,1230.936173114789
2024Q1,H2,False,usd_uzs,-0.10173054742330635,True,60,480,0,127,9.1197152584659911e-06,True,-596.46808655739449,2,,DynamicFactorMQ_EM_MLE,FILTERED_ONE_SIDED,2019-01-31,0.93783044344018496,"[[1.8564426169631523, -0.8795259406432139], [1.0, 0.0]]",1270.7287197970088,1230.936173114789
2024Q1,H2,False,rub_uzs,0.0036558033133411933,True,60,480,0,127,9.1197152584659911e-06,True,-596.46808655739449,2,,DynamicFactorMQ_EM_MLE,FILTERED_ONE_SIDED,2019-01-31,0.93783044344018496,"[[1.8564426169631523, -0.8795259406432139], [1.0, 0.0]]",1270.7287197970088,1230.936173114789
2024Q1,H2,False,gold_price,-0.082996866070762731,True,60,480,0,127,9.1197152584659911e-06,True,-596.46808655739449,2,,DynamicFactorMQ_EM_MLE,FILTERED_ONE_SIDED,2019-01-31,0.93783044344018496,"[[1.8564426169631523, -0.8795259406432139], [1.0, 0.0]]",1270.7287197970088,1230.936173114789
2024Q1,H2,False,m2,0.49195840473249541,True,60,480,0,127,9.1197152584659911e-06,True,-596.46808655739449,2,,DynamicFactorMQ_EM_MLE,FILTERED_ONE_SIDED,2019-01-31,0.93783044344018496,"[[1.8564426169631523, -0.8795259406432139], [1.0, 0.0]]",1270.7287197970088,1230.936173114789
2024Q1,H2,False,fx_reserves_ex_gold,-0.13891293028565843,True,60,480,0,127,9.1197152584659911e-06,True,-596.46808655739449,2,,DynamicFactorMQ_EM_MLE,FILTERED_ONE_SIDED,2019-01-31,0.93783044344018496,"[[1.8564426169631523, -0.8795259406432139], [1.0, 0.0]]",1270.7287197970088,1230.936173114789
2024Q1,H2,False,pos_turnover,0.42247976714595742,True,60,480,0,127,9.1197152584659911e-06,True,-596.46808655739449,2,,DynamicFactorMQ_EM_MLE,FILTERED_ONE_SIDED,2019-01-31,0.93783044344018496,"[[1.8564426169631523, -0.8795259406432139], [1.0, 0.0]]",1270.7287197970088,1230.936173114789
2024Q1,H3,False,industrial_production,0.078616503812649896,True,60,480,0,127,9.1197152584659911e-06,True,-596.46808655739449,2,,DynamicFactorMQ_EM_MLE,FILTERED_ONE_SIDED,2019-01-31,0.93783044344018496,"[[1.8564426169631523, -0.8795259406432139], [1.0, 0.0]]",1270.7287197970088,1230.936173114789
2024Q1,H3,False,ppi,-0.02153852254408041,True,60,480,0,127,9.1197152584659911e-06,True,-596.46808655739449,2,,DynamicFactorMQ_EM_MLE,FILTERED_ONE_SIDED,2019-01-31,0.93783044344018496,"[[1.8564426169631523, -0.8795259406432139], [1.0, 0.0]]",1270.7287197970088,1230.936173114789
2024Q1,H3,False,usd_uzs,-0.10173054742330635,True,60,480,0,127,9.1197152584659911e-06,True,-596.46808655739449,2,,DynamicFactorMQ_EM_MLE,FILTERED_ONE_SIDED,2019-01-31,0.93783044344018496,"[[1.8564426169631523, -0.8795259406432139], [1.0, 0.0]]",1270.7287197970088,1230.936173114789
2024Q1,H3,False,rub_uzs,0.0036558033133411933,True,60,480,0,127,9.1197152584659911e-06,True,-596.46808655739449,2,,DynamicFactorMQ_EM_MLE,FILTERED_ONE_SIDED,2019-01-31,0.93783044344018496,"[[1.8564426169631523, -0.8795259406432139], [1.0, 0.0]]",1270.7287197970088,1230.936173114789
2024Q1,H3,False,gold_price,-0.082996866070762731,True,60,480,0,127,9.1197152584659911e-06,True,-596.46808655739449,2,,DynamicFactorMQ_EM_MLE,FILTERED_ONE_SIDED,2019-01-31,0.93783044344018496,"[[1.8564426169631523, -0.8795259406432139], [1.0, 0.0]]",1270.7287197970088,1230.936173114789
2024Q1,H3,False,m2,0.49195840473249541,True,60,480,0,127,9.1197152584659911e-06,True,-596.46808655739449,2,,DynamicFactorMQ_EM_MLE,FILTERED_ONE_SIDED,2019-01-31,0.93783044344018496,"[[1.8564426169631523, -0.8795259406432139], [1.0, 0.0]]",1270.7287197970088,1230.936173114789
2024Q1,H3,False,fx_reserves_ex_gold,-0.13891293028565843,True,60,480,0,127,9.1197152584659911e-06,True,-596.46808655739449,2,,DynamicFactorMQ_EM_MLE,FILTERED_ONE_SIDED,2019-01-31,0.93783044344018496,"[[1.8564426169631523, -0.8795259406432139], [1.0, 0.0]]",1270.7287197970088,1230.936173114789
2024Q1,H3,False,pos_turnover,0.42247976714595742,True,60,480,0,127,9.1197152584659911e-06,True,-596.46808655739449,2,,DynamicFactorMQ_EM_MLE,FILTERED_ONE_SIDED,2019-01-31,0.93783044344018496,"[[1.8564426169631523, -0.8795259406432139], [1.0, 0.0]]",1270.7287197970088,1230.936173114789
2024Q2,H1,False,industrial_production,0.01625354209455613,True,63,503,1,87,9.163659256433373e-06,True,-628.70753608225471,2,,DynamicFactorMQ_EM_MLE,FILTERED_ONE_SIDED,2019-01-31,0.81564838691363872,"[[1.6230190642376967, -0.6652822910748208], [1.0, 0.0]]",1336.1346319659485,1295.4150721645094
2024Q2,H1,False,ppi,-0.021108376467320503,True,63,503,1,87,9.163659256433373e-06,True,-628.70753608225471,2,,DynamicFactorMQ_EM_MLE,FILTERED_ONE_SIDED,2019-01-31,0.81564838691363872,"[[1.6230190642376967, -0.6652822910748208], [1.0, 0.0]]",1336.1346319659485,1295.4150721645094
2024Q2,H1,False,usd_uzs,-0.099802221649198428,True,63,503,1,87,9.163659256433373e-06,True,-628.70753608225471,2,,DynamicFactorMQ_EM_MLE,FILTERED_ONE_SIDED,2019-01-31,0.81564838691363872,"[[1.6230190642376967, -0.6652822910748208], [1.0, 0.0]]",1336.1346319659485,1295.4150721645094
2024Q2,H1,False,rub_uzs,0.0099973151747365912,True,63,503,1,87,9.163659256433373e-06,True,-628.70753608225471,2,,DynamicFactorMQ_EM_MLE,FILTERED_ONE_SIDED,2019-01-31,0.81564838691363872,"[[1.6230190642376967, -0.6652822910748208], [1.0, 0.0]]",1336.1346319659485,1295.4150721645094
2024Q2,H1,False,gold_price,-0.076224813887522558,True,63,503,1,87,9.163659256433373e-06,True,-628.70753608225471,2,,DynamicFactorMQ_EM_MLE,FILTERED_ONE_SIDED,2019-01-31,0.81564838691363872,"[[1.6230190642376967, -0.6652822910748208], [1.0, 0.0]]",1336.1346319659485,1295.4150721645094
2024Q2,H1,False,m2,0.54282706049092411,True,63,503,1,87,9.163659256433373e-06,True,-628.70753608225471,2,,DynamicFactorMQ_EM_MLE,FILTERED_ONE_SIDED,2019-01-31,0.81564838691363872,"[[1.6230190642376967, -0.6652822910748208], [1.0, 0.0]]",1336.1346319659485,1295.4150721645094
2024Q2,H1,False,fx_reserves_ex_gold,-0.094743129519762825,True,63,503,1,87,9.163659256433373e-06,True,-628.70753608225471,2,,DynamicFactorMQ_EM_MLE,FILTERED_ONE_SIDED,2019-01-31,0.81564838691363872,"[[1.6230190642376967, -0.6652822910748208], [1.0, 0.0]]",1336.1346319659485,1295.4150721645094
2024Q2,H1,False,pos_turnover,0.42960206917212856,True,63,503,1,87,9.163659256433373e-06,True,-628.70753608225471,2,,DynamicFactorMQ_EM_MLE,FILTERED_ONE_SIDED,2019-01-31,0.81564838691363872,"[[1.6230190642376967, -0.6652822910748208], [1.0, 0.0]]",1336.1346319659485,1295.4150721645094
2024Q2,H2,False,industrial_production,0.015247907798049588,True,63,504,0,88,9.0994899334097942e-06,True,-630.13479952601608,2,,DynamicFactorMQ_EM_MLE,FILTERED_ONE_SIDED,2019-01-31,0.81948124841582271,"[[1.6297667482289995, -0.6715495165051553], [1.0, 0.0]]",1338.9891588534713,1298.2695990520322
2024Q2,H2,False,ppi,-0.020842241067551351,True,63,504,0,88,9.0994899334097942e-06,True,-630.13479952601608,2,,DynamicFactorMQ_EM_MLE,FILTERED_ONE_SIDED,2019-01-31,0.81948124841582271,"[[1.6297667482289995, -0.6715495165051553], [1.0, 0.0]]",1338.9891588534713,1298.2695990520322
2024Q2,H2,False,usd_uzs,-0.09861244483848644,True,63,504,0,88,9.0994899334097942e-06,True,-630.13479952601608,2,,DynamicFactorMQ_EM_MLE,FILTERED_ONE_SIDED,2019-01-31,0.81948124841582271,"[[1.6297667482289995, -0.6715495165051553], [1.0, 0.0]]",1338.9891588534713,1298.2695990520322
2024Q2,H2,False,rub_uzs,0.0096721625880686959,True,63,504,0,88,9.0994899334097942e-06,True,-630.13479952601608,2,,DynamicFactorMQ_EM_MLE,FILTERED_ONE_SIDED,2019-01-31,0.81948124841582271,"[[1.6297667482289995, -0.6715495165051553], [1.0, 0.0]]",1338.9891588534713,1298.2695990520322
2024Q2,H2,False,gold_price,-0.075305050457297837,True,63,504,0,88,9.0994899334097942e-06,True,-630.13479952601608,2,,DynamicFactorMQ_EM_MLE,FILTERED_ONE_SIDED,2019-01-31,0.81948124841582271,"[[1.6297667482289995, -0.6715495165051553], [1.0, 0.0]]",1338.9891588534713,1298.2695990520322
2024Q2,H2,False,m2,0.53514427446573265,True,63,504,0,88,9.0994899334097942e-06,True,-630.13479952601608,2,,DynamicFactorMQ_EM_MLE,FILTERED_ONE_SIDED,2019-01-31,0.81948124841582271,"[[1.6297667482289995, -0.6715495165051553], [1.0, 0.0]]",1338.9891588534713,1298.2695990520322
2024Q2,H2,False,fx_reserves_ex_gold,-0.093760154496984091,True,63,504,0,88,9.0994899334097942e-06,True,-630.13479952601608,2,,DynamicFactorMQ_EM_MLE,FILTERED_ONE_SIDED,2019-01-31,0.81948124841582271,"[[1.6297667482289995, -0.6715495165051553], [1.0, 0.0]]",1338.9891588534713,1298.2695990520322
2024Q2,H2,False,pos_turnover,0.42399253461001579,True,63,504,0,88,9.0994899334097942e-06,True,-630.13479952601608,2,,DynamicFactorMQ_EM_MLE,FILTERED_ONE_SIDED,2019-01-31,0.81948124841582271,"[[1.6297667482289995, -0.6715495165051553], [1.0, 0.0]]",1338.9891588534713,1298.2695990520322
2024Q2,H3,False,industrial_production,0.015247907798049588,True,63,504,0,88,9.0994899334097942e-06,True,-630.13479952601608,2,,DynamicFactorMQ_EM_MLE,FILTERED_ONE_SIDED,2019-01-31,0.81948124841582271,"[[1.6297667482289995, -0.6715495165051553], [1.0, 0.0]]",1338.9891588534713,1298.2695990520322
2024Q2,H3,False,ppi,-0.020842241067551351,True,63,504,0,88,9.0994899334097942e-06,True,-630.13479952601608,2,,DynamicFactorMQ_EM_MLE,FILTERED_ONE_SIDED,2019-01-31,0.81948124841582271,"[[1.6297667482289995, -0.6715495165051553], [1.0, 0.0]]",1338.9891588534713,1298.2695990520322
2024Q2,H3,False,usd_uzs,-0.09861244483848644,True,63,504,0,88,9.0994899334097942e-06,True,-630.13479952601608,2,,DynamicFactorMQ_EM_MLE,FILTERED_ONE_SIDED,2019-01-31,0.81948124841582271,"[[1.6297667482289995, -0.6715495165051553], [1.0, 0.0]]",1338.9891588534713,1298.2695990520322
2024Q2,H3,False,rub_uzs,0.0096721625880686959,True,63,504,0,88,9.0994899334097942e-06,True,-630.13479952601608,2,,DynamicFactorMQ_EM_MLE,FILTERED_ONE_SIDED,2019-01-31,0.81948124841582271,"[[1.6297667482289995, -0.6715495165051553], [1.0, 0.0]]",1338.9891588534713,1298.2695990520322
2024Q2,H3,False,gold_price,-0.075305050457297837,True,63,504,0,88,9.0994899334097942e-06,True,-630.13479952601608,2,,DynamicFactorMQ_EM_MLE,FILTERED_ONE_SIDED,2019-01-31,0.81948124841582271,"[[1.6297667482289995, -0.6715495165051553], [1.0, 0.0]]",1338.9891588534713,1298.2695990520322
2024Q2,H3,False,m2,0.53514427446573265,True,63,504,0,88,9.0994899334097942e-06,True,-630.13479952601608,2,,DynamicFactorMQ_EM_MLE,FILTERED_ONE_SIDED,2019-01-31,0.81948124841582271,"[[1.6297667482289995, -0.6715495165051553], [1.0, 0.0]]",1338.9891588534713,1298.2695990520322
2024Q2,H3,False,fx_reserves_ex_gold,-0.093760154496984091,True,63,504,0,88,9.0994899334097942e-06,True,-630.13479952601608,2,,DynamicFactorMQ_EM_MLE,FILTERED_ONE_SIDED,2019-01-31,0.81948124841582271,"[[1.6297667482289995, -0.6715495165051553], [1.0, 0.0]]",1338.9891588534713,1298.2695990520322
2024Q2,H3,False,pos_turnover,0.42399253461001579,True,63,504,0,88,9.0994899334097942e-06,True,-630.13479952601608,2,,DynamicFactorMQ_EM_MLE,FILTERED_ONE_SIDED,2019-01-31,0.81948124841582271,"[[1.6297667482289995, -0.6715495165051553], [1.0, 0.0]]",1338.9891588534713,1298.2695990520322
2024Q3,H1,False,industrial_production,0.012943509009612076,True,66,527,1,79,8.9308785116344556e-06,True,-660.46634639544345,2,,DynamicFactorMQ_EM_MLE,FILTERED_ONE_SIDED,2019-01-31,0.81825923240255272,"[[1.6236155670807262, -0.6695481714120148], [1.0, 0.0]]",1400.5361328893889,1358.9326927908869
2024Q3,H1,False,ppi,-0.020115700227268121,True,66,527,1,79,8.9308785116344556e-06,True,-660.46634639544345,2,,DynamicFactorMQ_EM_MLE,FILTERED_ONE_SIDED,2019-01-31,0.81825923240255272,"[[1.6236155670807262, -0.6695481714120148], [1.0, 0.0]]",1400.5361328893889,1358.9326927908869
2024Q3,H1,False,usd_uzs,-0.10091854887582805,True,66,527,1,79,8.9308785116344556e-06,True,-660.46634639544345,2,,DynamicFactorMQ_EM_MLE,FILTERED_ONE_SIDED,2019-01-31,0.81825923240255272,"[[1.6236155670807262, -0.6695481714120148], [1.0, 0.0]]",1400.5361328893889,1358.9326927908869
2024Q3,H1,False,rub_uzs,0.013189488119607325,True,66,527,1,79,8.9308785116344556e-06,True,-660.46634639544345,2,,DynamicFactorMQ_EM_MLE,FILTERED_ONE_SIDED,2019-01-31,0.81825923240255272,"[[1.6236155670807262, -0.6695481714120148], [1.0, 0.0]]",1400.5361328893889,1358.9326927908869
2024Q3,H1,False,gold_price,-0.07212814174718811,True,66,527,1,79,8.9308785116344556e-06,True,-660.46634639544345,2,,DynamicFactorMQ_EM_MLE,FILTERED_ONE_SIDED,2019-01-31,0.81825923240255272,"[[1.6236155670807262, -0.6695481714120148], [1.0, 0.0]]",1400.5361328893889,1358.9326927908869
2024Q3,H1,False,m2,0.53755519035309518,True,66,527,1,79,8.9308785116344556e-06,True,-660.46634639544345,2,,DynamicFactorMQ_EM_MLE,FILTERED_ONE_SIDED,2019-01-31,0.81825923240255272,"[[1.6236155670807262, -0.6695481714120148], [1.0, 0.0]]",1400.5361328893889,1358.9326927908869
2024Q3,H1,False,fx_reserves_ex_gold,-0.090752993679631175,True,66,527,1,79,8.9308785116344556e-06,True,-660.46634639544345,2,,DynamicFactorMQ_EM_MLE,FILTERED_ONE_SIDED,2019-01-31,0.81825923240255272,"[[1.6236155670807262, -0.6695481714120148], [1.0, 0.0]]",1400.5361328893889,1358.9326927908869
2024Q3,H1,False,pos_turnover,0.41579512143058062,True,66,527,1,79,8.9308785116344556e-06,True,-660.46634639544345,2,,DynamicFactorMQ_EM_MLE,FILTERED_ONE_SIDED,2019-01-31,0.81825923240255272,"[[1.6236155670807262, -0.6695481714120148], [1.0, 0.0]]",1400.5361328893889,1358.9326927908869
2024Q3,H2,False,industrial_production,0.016312043299657523,True,66,528,0,79,9.0037097025327309e-06,True,-661.88254565108832,2,,DynamicFactorMQ_EM_MLE,FILTERED_ONE_SIDED,2019-01-31,0.82149202602457283,"[[1.6294034749737185, -0.6748491488219575], [1.0, 0.0]]",1403.3685314006786,1361.7650913021766
2024Q3,H2,False,ppi,-0.020072151504373602,True,66,528,0,79,9.0037097025327309e-06,True,-661.88254565108832,2,,DynamicFactorMQ_EM_MLE,FILTERED_ONE_SIDED,2019-01-31,0.82149202602457283,"[[1.6294034749737185, -0.6748491488219575], [1.0, 0.0]]",1403.3685314006786,1361.7650913021766
2024Q3,H2,False,usd_uzs,-0.10107421942006915,True,66,528,0,79,9.0037097025327309e-06,True,-661.88254565108832,2,,DynamicFactorMQ_EM_MLE,FILTERED_ONE_SIDED,2019-01-31,0.82149202602457283,"[[1.6294034749737185, -0.6748491488219575], [1.0, 0.0]]",1403.3685314006786,1361.7650913021766
2024Q3,H2,False,rub_uzs,0.013009645065397356,True,66,528,0,79,9.0037097025327309e-06,True,-661.88254565108832,2,,DynamicFactorMQ_EM_MLE,FILTERED_ONE_SIDED,2019-01-31,0.82149202602457283,"[[1.6294034749737185, -0.6748491488219575], [1.0, 0.0]]",1403.3685314006786,1361.7650913021766
2024Q3,H2,False,gold_price,-0.072208331909815529,True,66,528,0,79,9.0037097025327309e-06,True,-661.88254565108832,2,,DynamicFactorMQ_EM_MLE,FILTERED_ONE_SIDED,2019-01-31,0.82149202602457283,"[[1.6294034749737185, -0.6748491488219575], [1.0, 0.0]]",1403.3685314006786,1361.7650913021766
2024Q3,H2,False,m2,0.5370450243723679,True,66,528,0,79,9.0037097025327309e-06,True,-661.88254565108832,2,,DynamicFactorMQ_EM_MLE,FILTERED_ONE_SIDED,2019-01-31,0.82149202602457283,"[[1.6294034749737185, -0.6748491488219575], [1.0, 0.0]]",1403.3685314006786,1361.7650913021766
2024Q3,H2,False,fx_reserves_ex_gold,-0.091190573919822077,True,66,528,0,79,9.0037097025327309e-06,True,-661.88254565108832,2,,DynamicFactorMQ_EM_MLE,FILTERED_ONE_SIDED,2019-01-31,0.82149202602457283,"[[1.6294034749737185, -0.6748491488219575], [1.0, 0.0]]",1403.3685314006786,1361.7650913021766
2024Q3,H2,False,pos_turnover,0.41596145733793932,True,66,528,0,79,9.0037097025327309e-06,True,-661.88254565108832,2,,DynamicFactorMQ_EM_MLE,FILTERED_ONE_SIDED,2019-01-31,0.82149202602457283,"[[1.6294034749737185, -0.6748491488219575], [1.0, 0.0]]",1403.3685314006786,1361.7650913021766
2024Q3,H3,False,industrial_production,0.016312043299657523,True,66,528,0,79,9.0037097025327309e-06,True,-661.88254565108832,2,,DynamicFactorMQ_EM_MLE,FILTERED_ONE_SIDED,2019-01-31,0.82149202602457283,"[[1.6294034749737185, -0.6748491488219575], [1.0, 0.0]]",1403.3685314006786,1361.7650913021766
2024Q3,H3,False,ppi,-0.020072151504373602,True,66,528,0,79,9.0037097025327309e-06,True,-661.88254565108832,2,,DynamicFactorMQ_EM_MLE,FILTERED_ONE_SIDED,2019-01-31,0.82149202602457283,"[[1.6294034749737185, -0.6748491488219575], [1.0, 0.0]]",1403.3685314006786,1361.7650913021766
2024Q3,H3,False,usd_uzs,-0.10107421942006915,True,66,528,0,79,9.0037097025327309e-06,True,-661.88254565108832,2,,DynamicFactorMQ_EM_MLE,FILTERED_ONE_SIDED,2019-01-31,0.82149202602457283,"[[1.6294034749737185, -0.6748491488219575], [1.0, 0.0]]",1403.3685314006786,1361.7650913021766
2024Q3,H3,False,rub_uzs,0.013009645065397356,True,66,528,0,79,9.0037097025327309e-06,True,-661.88254565108832,2,,DynamicFactorMQ_EM_MLE,FILTERED_ONE_SIDED,2019-01-31,0.82149202602457283,"[[1.6294034749737185, -0.6748491488219575], [1.0, 0.0]]",1403.3685314006786,1361.7650913021766
2024Q3,H3,False,gold_price,-0.072208331909815529,True,66,528,0,79,9.0037097025327309e-06,True,-661.88254565108832,2,,DynamicFactorMQ_EM_MLE,FILTERED_ONE_SIDED,2019-01-31,0.82149202602457283,"[[1.6294034749737185, -0.6748491488219575], [1.0, 0.0]]",1403.3685314006786,1361.7650913021766
2024Q3,H3,False,m2,0.5370450243723679,True,66,528,0,79,9.0037097025327309e-06,True,-661.88254565108832,2,,DynamicFactorMQ_EM_MLE,FILTERED_ONE_SIDED,2019-01-31,0.82149202602457283,"[[1.6294034749737185, -0.6748491488219575], [1.0, 0.0]]",1403.3685314006786,1361.7650913021766
2024Q3,H3,False,fx_reserves_ex_gold,-0.091190573919822077,True,66,528,0,79,9.0037097025327309e-06,True,-661.88254565108832,2,,DynamicFactorMQ_EM_MLE,FILTERED_ONE_SIDED,2019-01-31,0.82149202602457283,"[[1.6294034749737185, -0.6748491488219575], [1.0, 0.0]]",1403.3685314006786,1361.7650913021766
2024Q3,H3,False,pos_turnover,0.41596145733793932,True,66,528,0,79,9.0037097025327309e-06,True,-661.88254565108832,2,,DynamicFactorMQ_EM_MLE,FILTERED_ONE_SIDED,2019-01-31,0.82149202602457283,"[[1.6294034749737185, -0.6748491488219575], [1.0, 0.0]]",1403.3685314006786,1361.7650913021766
2024Q4,H1,False,industrial_production,0.02190381938045911,True,69,551,1,86,9.0889447624943859e-06,True,-694.11817317345833,2,,DynamicFactorMQ_EM_MLE,FILTERED_ONE_SIDED,2019-01-31,0.84134665455472435,"[[1.6654033957268417, -0.7078641931304269], [1.0, 0.0]]",1468.6843699342646,1426.2363463469167
2024Q4,H1,False,ppi,-0.025816195911115898,True,69,551,1,86,9.0889447624943859e-06,True,-694.11817317345833,2,,DynamicFactorMQ_EM_MLE,FILTERED_ONE_SIDED,2019-01-31,0.84134665455472435,"[[1.6654033957268417, -0.7078641931304269], [1.0, 0.0]]",1468.6843699342646,1426.2363463469167
2024Q4,H1,False,usd_uzs,-0.10429600087370026,True,69,551,1,86,9.0889447624943859e-06,True,-694.11817317345833,2,,DynamicFactorMQ_EM_MLE,FILTERED_ONE_SIDED,2019-01-31,0.84134665455472435,"[[1.6654033957268417, -0.7078641931304269], [1.0, 0.0]]",1468.6843699342646,1426.2363463469167
2024Q4,H1,False,rub_uzs,0.008820178547124552,True,69,551,1,86,9.0889447624943859e-06,True,-694.11817317345833,2,,DynamicFactorMQ_EM_MLE,FILTERED_ONE_SIDED,2019-01-31,0.84134665455472435,"[[1.6654033957268417, -0.7078641931304269], [1.0, 0.0]]",1468.6843699342646,1426.2363463469167
2024Q4,H1,False,gold_price,-0.060177482340573435,True,69,551,1,86,9.0889447624943859e-06,True,-694.11817317345833,2,,DynamicFactorMQ_EM_MLE,FILTERED_ONE_SIDED,2019-01-31,0.84134665455472435,"[[1.6654033957268417, -0.7078641931304269], [1.0, 0.0]]",1468.6843699342646,1426.2363463469167
2024Q4,H1,False,m2,0.5337605887094079,True,69,551,1,86,9.0889447624943859e-06,True,-694.11817317345833,2,,DynamicFactorMQ_EM_MLE,FILTERED_ONE_SIDED,2019-01-31,0.84134665455472435,"[[1.6654033957268417, -0.7078641931304269], [1.0, 0.0]]",1468.6843699342646,1426.2363463469167
2024Q4,H1,False,fx_reserves_ex_gold,-0.08425741765819203,True,69,551,1,86,9.0889447624943859e-06,True,-694.11817317345833,2,,DynamicFactorMQ_EM_MLE,FILTERED_ONE_SIDED,2019-01-31,0.84134665455472435,"[[1.6654033957268417, -0.7078641931304269], [1.0, 0.0]]",1468.6843699342646,1426.2363463469167
2024Q4,H1,False,pos_turnover,0.40339447128491412,True,69,551,1,86,9.0889447624943859e-06,True,-694.11817317345833,2,,DynamicFactorMQ_EM_MLE,FILTERED_ONE_SIDED,2019-01-31,0.84134665455472435,"[[1.6654033957268417, -0.7078641931304269], [1.0, 0.0]]",1468.6843699342646,1426.2363463469167
2024Q4,H2,False,industrial_production,0.024297856364880067,True,69,552,0,85,9.2887509535870237e-06,True,-695.5289501765443,2,,DynamicFactorMQ_EM_MLE,FILTERED_ONE_SIDED,2019-01-31,0.84020379481382734,"[[1.6633659910659389, -0.7059424168195565], [1.0, 0.0]]",1471.5059239404366,1429.0579003530886
2024Q4,H2,False,ppi,-0.025711745653359819,True,69,552,0,85,9.2887509535870237e-06,True,-695.5289501765443,2,,DynamicFactorMQ_EM_MLE,FILTERED_ONE_SIDED,2019-01-31,0.84020379481382734,"[[1.6633659910659389, -0.7059424168195565], [1.0, 0.0]]",1471.5059239404366,1429.0579003530886
2024Q4,H2,False,usd_uzs,-0.10422315934036253,True,69,552,0,85,9.2887509535870237e-06,True,-695.5289501765443,2,,DynamicFactorMQ_EM_MLE,FILTERED_ONE_SIDED,2019-01-31,0.84020379481382734,"[[1.6633659910659389, -0.7059424168195565], [1.0, 0.0]]",1471.5059239404366,1429.0579003530886
2024Q4,H2,False,rub_uzs,0.0088741273568272126,True,69,552,0,85,9.2887509535870237e-06,True,-695.5289501765443,2,,DynamicFactorMQ_EM_MLE,FILTERED_ONE_SIDED,2019-01-31,0.84020379481382734,"[[1.6633659910659389, -0.7059424168195565], [1.0, 0.0]]",1471.5059239404366,1429.0579003530886
2024Q4,H2,False,gold_price,-0.060113280261852121,True,69,552,0,85,9.2887509535870237e-06,True,-695.5289501765443,2,,DynamicFactorMQ_EM_MLE,FILTERED_ONE_SIDED,2019-01-31,0.84020379481382734,"[[1.6633659910659389, -0.7059424168195565], [1.0, 0.0]]",1471.5059239404366,1429.0579003530886
2024Q4,H2,False,m2,0.53340083968592666,True,69,552,0,85,9.2887509535870237e-06,True,-695.5289501765443,2,,DynamicFactorMQ_EM_MLE,FILTERED_ONE_SIDED,2019-01-31,0.84020379481382734,"[[1.6633659910659389, -0.7059424168195565], [1.0, 0.0]]",1471.5059239404366,1429.0579003530886
2024Q4,H2,False,fx_reserves_ex_gold,-0.084260275826766123,True,69,552,0,85,9.2887509535870237e-06,True,-695.5289501765443,2,,DynamicFactorMQ_EM_MLE,FILTERED_ONE_SIDED,2019-01-31,0.84020379481382734,"[[1.6633659910659389, -0.7059424168195565], [1.0, 0.0]]",1471.5059239404366,1429.0579003530886
2024Q4,H2,False,pos_turnover,0.40310130910832648,True,69,552,0,85,9.2887509535870237e-06,True,-695.5289501765443,2,,DynamicFactorMQ_EM_MLE,FILTERED_ONE_SIDED,2019-01-31,0.84020379481382734,"[[1.6633659910659389, -0.7059424168195565], [1.0, 0.0]]",1471.5059239404366,1429.0579003530886
2024Q4,H3,False,industrial_production,0.024297856364880067,True,69,552,0,85,9.2887509535870237e-06,True,-695.5289501765443,2,,DynamicFactorMQ_EM_MLE,FILTERED_ONE_SIDED,2019-01-31,0.84020379481382734,"[[1.6633659910659389, -0.7059424168195565], [1.0, 0.0]]",1471.5059239404366,1429.0579003530886
2024Q4,H3,False,ppi,-0.025711745653359819,True,69,552,0,85,9.2887509535870237e-06,True,-695.5289501765443,2,,DynamicFactorMQ_EM_MLE,FILTERED_ONE_SIDED,2019-01-31,0.84020379481382734,"[[1.6633659910659389, -0.7059424168195565], [1.0, 0.0]]",1471.5059239404366,1429.0579003530886
2024Q4,H3,False,usd_uzs,-0.10422315934036253,True,69,552,0,85,9.2887509535870237e-06,True,-695.5289501765443,2,,DynamicFactorMQ_EM_MLE,FILTERED_ONE_SIDED,2019-01-31,0.84020379481382734,"[[1.6633659910659389, -0.7059424168195565], [1.0, 0.0]]",1471.5059239404366,1429.0579003530886
2024Q4,H3,False,rub_uzs,0.0088741273568272126,True,69,552,0,85,9.2887509535870237e-06,True,-695.5289501765443,2,,DynamicFactorMQ_EM_MLE,FILTERED_ONE_SIDED,2019-01-31,0.84020379481382734,"[[1.6633659910659389, -0.7059424168195565], [1.0, 0.0]]",1471.5059239404366,1429.0579003530886
2024Q4,H3,False,gold_price,-0.060113280261852121,True,69,552,0,85,9.2887509535870237e-06,True,-695.5289501765443,2,,DynamicFactorMQ_EM_MLE,FILTERED_ONE_SIDED,2019-01-31,0.84020379481382734,"[[1.6633659910659389, -0.7059424168195565], [1.0, 0.0]]",1471.5059239404366,1429.0579003530886
2024Q4,H3,False,m2,0.53340083968592666,True,69,552,0,85,9.2887509535870237e-06,True,-695.5289501765443,2,,DynamicFactorMQ_EM_MLE,FILTERED_ONE_SIDED,2019-01-31,0.84020379481382734,"[[1.6633659910659389, -0.7059424168195565], [1.0, 0.0]]",1471.5059239404366,1429.0579003530886
2024Q4,H3,False,fx_reserves_ex_gold,-0.084260275826766123,True,69,552,0,85,9.2887509535870237e-06,True,-695.5289501765443,2,,DynamicFactorMQ_EM_MLE,FILTERED_ONE_SIDED,2019-01-31,0.84020379481382734,"[[1.6633659910659389, -0.7059424168195565], [1.0, 0.0]]",1471.5059239404366,1429.0579003530886
2024Q4,H3,False,pos_turnover,0.40310130910832648,True,69,552,0,85,9.2887509535870237e-06,True,-695.5289501765443,2,,DynamicFactorMQ_EM_MLE,FILTERED_ONE_SIDED,2019-01-31,0.84020379481382734,"[[1.6633659910659389, -0.7059424168195565], [1.0, 0.0]]",1471.5059239404366,1429.0579003530886
2025Q1,H1,False,industrial_production,0.034756701431689289,True,72,575,1,164,9.3719315583687375e-06,True,-728.63482578159187,2,,DynamicFactorMQ_EM_MLE,FILTERED_ONE_SIDED,2019-01-31,0.93933972477676664,"[[1.8506971713582534, -0.882359118543692], [1.0, 0.0]]",1538.5263078244889,1495.2696515631837
2025Q1,H1,False,ppi,-0.031036872304176143,True,72,575,1,164,9.3719315583687375e-06,True,-728.63482578159187,2,,DynamicFactorMQ_EM_MLE,FILTERED_ONE_SIDED,2019-01-31,0.93933972477676664,"[[1.8506971713582534, -0.882359118543692], [1.0, 0.0]]",1538.5263078244889,1495.2696515631837
2025Q1,H1,False,usd_uzs,-0.10064823363481494,True,72,575,1,164,9.3719315583687375e-06,True,-728.63482578159187,2,,DynamicFactorMQ_EM_MLE,FILTERED_ONE_SIDED,2019-01-31,0.93933972477676664,"[[1.8506971713582534, -0.882359118543692], [1.0, 0.0]]",1538.5263078244889,1495.2696515631837
2025Q1,H1,False,rub_uzs,-0.0076485950308794459,True,72,575,1,164,9.3719315583687375e-06,True,-728.63482578159187,2,,DynamicFactorMQ_EM_MLE,FILTERED_ONE_SIDED,2019-01-31,0.93933972477676664,"[[1.8506971713582534, -0.882359118543692], [1.0, 0.0]]",1538.5263078244889,1495.2696515631837
2025Q1,H1,False,gold_price,-0.053854609216108254,True,72,575,1,164,9.3719315583687375e-06,True,-728.63482578159187,2,,DynamicFactorMQ_EM_MLE,FILTERED_ONE_SIDED,2019-01-31,0.93933972477676664,"[[1.8506971713582534, -0.882359118543692], [1.0, 0.0]]",1538.5263078244889,1495.2696515631837
2025Q1,H1,False,m2,0.49080943420477668,True,72,575,1,164,9.3719315583687375e-06,True,-728.63482578159187,2,,DynamicFactorMQ_EM_MLE,FILTERED_ONE_SIDED,2019-01-31,0.93933972477676664,"[[1.8506971713582534, -0.882359118543692], [1.0, 0.0]]",1538.5263078244889,1495.2696515631837
2025Q1,H1,False,fx_reserves_ex_gold,-0.060275874050246689,True,72,575,1,164,9.3719315583687375e-06,True,-728.63482578159187,2,,DynamicFactorMQ_EM_MLE,FILTERED_ONE_SIDED,2019-01-31,0.93933972477676664,"[[1.8506971713582534, -0.882359118543692], [1.0, 0.0]]",1538.5263078244889,1495.2696515631837
2025Q1,H1,False,pos_turnover,0.34488576151547068,True,72,575,1,164,9.3719315583687375e-06,True,-728.63482578159187,2,,DynamicFactorMQ_EM_MLE,FILTERED_ONE_SIDED,2019-01-31,0.93933972477676664,"[[1.8506971713582534, -0.882359118543692], [1.0, 0.0]]",1538.5263078244889,1495.2696515631837
2025Q1,H2,False,industrial_production,0.038176687150300349,True,72,576,0,160,9.36582638585146e-06,True,-730.01547724054558,2,,DynamicFactorMQ_EM_MLE,FILTERED_ONE_SIDED,2019-01-31,0.93942077413641889,"[[1.8509204283641474, -0.882511390879068], [1.0, 0.0]]",1541.2876107423963,1498.0309544810912
2025Q1,H2,False,ppi,-0.030996862523370736,True,72,576,0,160,9.36582638585146e-06,True,-730.01547724054558,2,,DynamicFactorMQ_EM_MLE,FILTERED_ONE_SIDED,2019-01-31,0.93942077413641889,"[[1.8509204283641474, -0.882511390879068], [1.0, 0.0]]",1541.2876107423963,1498.0309544810912
2025Q1,H2,False,usd_uzs,-0.10057057616062993,True,72,576,0,160,9.36582638585146e-06,True,-730.01547724054558,2,,DynamicFactorMQ_EM_MLE,FILTERED_ONE_SIDED,2019-01-31,0.93942077413641889,"[[1.8509204283641474, -0.882511390879068], [1.0, 0.0]]",1541.2876107423963,1498.0309544810912
2025Q1,H2,False,rub_uzs,-0.0076137604612500345,True,72,576,0,160,9.36582638585146e-06,True,-730.01547724054558,2,,DynamicFactorMQ_EM_MLE,FILTERED_ONE_SIDED,2019-01-31,0.93942077413641889,"[[1.8509204283641474, -0.882511390879068], [1.0, 0.0]]",1541.2876107423963,1498.0309544810912
2025Q1,H2,False,gold_price,-0.053838379624444245,True,72,576,0,160,9.36582638585146e-06,True,-730.01547724054558,2,,DynamicFactorMQ_EM_MLE,FILTERED_ONE_SIDED,2019-01-31,0.93942077413641889,"[[1.8509204283641474, -0.882511390879068], [1.0, 0.0]]",1541.2876107423963,1498.0309544810912
2025Q1,H2,False,m2,0.49021393999197022,True,72,576,0,160,9.36582638585146e-06,True,-730.01547724054558,2,,DynamicFactorMQ_EM_MLE,FILTERED_ONE_SIDED,2019-01-31,0.93942077413641889,"[[1.8509204283641474, -0.882511390879068], [1.0, 0.0]]",1541.2876107423963,1498.0309544810912
2025Q1,H2,False,fx_reserves_ex_gold,-0.060418904357169428,True,72,576,0,160,9.36582638585146e-06,True,-730.01547724054558,2,,DynamicFactorMQ_EM_MLE,FILTERED_ONE_SIDED,2019-01-31,0.93942077413641889,"[[1.8509204283641474, -0.882511390879068], [1.0, 0.0]]",1541.2876107423963,1498.0309544810912
2025Q1,H2,False,pos_turnover,0.34456200857940278,True,72,576,0,160,9.36582638585146e-06,True,-730.01547724054558,2,,DynamicFactorMQ_EM_MLE,FILTERED_ONE_SIDED,2019-01-31,0.93942077413641889,"[[1.8509204283641474, -0.882511390879068], [1.0, 0.0]]",1541.2876107423963,1498.0309544810912
2025Q1,H3,False,industrial_production,0.038176687150300349,True,72,576,0,160,9.36582638585146e-06,True,-730.01547724054558,2,,DynamicFactorMQ_EM_MLE,FILTERED_ONE_SIDED,2019-01-31,0.93942077413641889,"[[1.8509204283641474, -0.882511390879068], [1.0, 0.0]]",1541.2876107423963,1498.0309544810912
2025Q1,H3,False,ppi,-0.030996862523370736,True,72,576,0,160,9.36582638585146e-06,True,-730.01547724054558,2,,DynamicFactorMQ_EM_MLE,FILTERED_ONE_SIDED,2019-01-31,0.93942077413641889,"[[1.8509204283641474, -0.882511390879068], [1.0, 0.0]]",1541.2876107423963,1498.0309544810912
2025Q1,H3,False,usd_uzs,-0.10057057616062993,True,72,576,0,160,9.36582638585146e-06,True,-730.01547724054558,2,,DynamicFactorMQ_EM_MLE,FILTERED_ONE_SIDED,2019-01-31,0.93942077413641889,"[[1.8509204283641474, -0.882511390879068], [1.0, 0.0]]",1541.2876107423963,1498.0309544810912
2025Q1,H3,False,rub_uzs,-0.0076137604612500345,True,72,576,0,160,9.36582638585146e-06,True,-730.01547724054558,2,,DynamicFactorMQ_EM_MLE,FILTERED_ONE_SIDED,2019-01-31,0.93942077413641889,"[[1.8509204283641474, -0.882511390879068], [1.0, 0.0]]",1541.2876107423963,1498.0309544810912
2025Q1,H3,False,gold_price,-0.053838379624444245,True,72,576,0,160,9.36582638585146e-06,True,-730.01547724054558,2,,DynamicFactorMQ_EM_MLE,FILTERED_ONE_SIDED,2019-01-31,0.93942077413641889,"[[1.8509204283641474, -0.882511390879068], [1.0, 0.0]]",1541.2876107423963,1498.0309544810912
2025Q1,H3,False,m2,0.49021393999197022,True,72,576,0,160,9.36582638585146e-06,True,-730.01547724054558,2,,DynamicFactorMQ_EM_MLE,FILTERED_ONE_SIDED,2019-01-31,0.93942077413641889,"[[1.8509204283641474, -0.882511390879068], [1.0, 0.0]]",1541.2876107423963,1498.0309544810912
2025Q1,H3,False,fx_reserves_ex_gold,-0.060418904357169428,True,72,576,0,160,9.36582638585146e-06,True,-730.01547724054558,2,,DynamicFactorMQ_EM_MLE,FILTERED_ONE_SIDED,2019-01-31,0.93942077413641889,"[[1.8509204283641474, -0.882511390879068], [1.0, 0.0]]",1541.2876107423963,1498.0309544810912
2025Q1,H3,False,pos_turnover,0.34456200857940278,True,72,576,0,160,9.36582638585146e-06,True,-730.01547724054558,2,,DynamicFactorMQ_EM_MLE,FILTERED_ONE_SIDED,2019-01-31,0.93942077413641889,"[[1.8509204283641474, -0.882511390879068], [1.0, 0.0]]",1541.2876107423963,1498.0309544810912
2025Q2,H1,False,industrial_production,0.019922989740322514,True,75,596,4,69,8.4582335162018884e-06,True,-753.52628084552839,2,,DynamicFactorMQ_EM_MLE,FILTERED_ONE_SIDED,2019-01-31,0.87778069646076307,"[[1.421284731311613, -0.47707735024061393], [1.0, 0.0]]",1589.0848358482467,1545.0525616910568
2025Q2,H1,False,ppi,-0.040521600858143068,True,75,596,4,69,8.4582335162018884e-06,True,-753.52628084552839,2,,DynamicFactorMQ_EM_MLE,FILTERED_ONE_SIDED,2019-01-31,0.87778069646076307,"[[1.421284731311613, -0.47707735024061393], [1.0, 0.0]]",1589.0848358482467,1545.0525616910568
2025Q2,H1,False,usd_uzs,-0.10827791889323772,True,75,596,4,69,8.4582335162018884e-06,True,-753.52628084552839,2,,DynamicFactorMQ_EM_MLE,FILTERED_ONE_SIDED,2019-01-31,0.87778069646076307,"[[1.421284731311613, -0.47707735024061393], [1.0, 0.0]]",1589.0848358482467,1545.0525616910568
2025Q2,H1,False,rub_uzs,0.031180812706919914,True,75,596,4,69,8.4582335162018884e-06,True,-753.52628084552839,2,,DynamicFactorMQ_EM_MLE,FILTERED_ONE_SIDED,2019-01-31,0.87778069646076307,"[[1.421284731311613, -0.47707735024061393], [1.0, 0.0]]",1589.0848358482467,1545.0525616910568
2025Q2,H1,False,gold_price,-0.019434816530335759,True,75,596,4,69,8.4582335162018884e-06,True,-753.52628084552839,2,,DynamicFactorMQ_EM_MLE,FILTERED_ONE_SIDED,2019-01-31,0.87778069646076307,"[[1.421284731311613, -0.47707735024061393], [1.0, 0.0]]",1589.0848358482467,1545.0525616910568
2025Q2,H1,False,m2,0.54303233274175022,True,75,596,4,69,8.4582335162018884e-06,True,-753.52628084552839,2,,DynamicFactorMQ_EM_MLE,FILTERED_ONE_SIDED,2019-01-31,0.87778069646076307,"[[1.421284731311613, -0.47707735024061393], [1.0, 0.0]]",1589.0848358482467,1545.0525616910568
2025Q2,H1,False,fx_reserves_ex_gold,-0.0047974637311205201,True,75,596,4,69,8.4582335162018884e-06,True,-753.52628084552839,2,,DynamicFactorMQ_EM_MLE,FILTERED_ONE_SIDED,2019-01-31,0.87778069646076307,"[[1.421284731311613, -0.47707735024061393], [1.0, 0.0]]",1589.0848358482467,1545.0525616910568
2025Q2,H1,False,pos_turnover,0.35926607326468379,True,75,596,4,69,8.4582335162018884e-06,True,-753.52628084552839,2,,DynamicFactorMQ_EM_MLE,FILTERED_ONE_SIDED,2019-01-31,0.87778069646076307,"[[1.421284731311613, -0.47707735024061393], [1.0, 0.0]]",1589.0848358482467,1545.0525616910568
2025Q2,H2,False,industrial_production,0.023453547515664679,True,75,597,3,68,8.791338397680587e-06,True,-754.93081249983629,2,,DynamicFactorMQ_EM_MLE,FILTERED_ONE_SIDED,2019-01-31,0.87754312725094219,"[[1.4233829961642133, -0.4789980255443962], [1.0, 0.0]]",1591.8938991568625,1547.8616249996726
2025Q2,H2,False,ppi,-0.04040994233981534,True,75,597,3,68,8.791338397680587e-06,True,-754.93081249983629,2,,DynamicFactorMQ_EM_MLE,FILTERED_ONE_SIDED,2019-01-31,0.87754312725094219,"[[1.4233829961642133, -0.4789980255443962], [1.0, 0.0]]",1591.8938991568625,1547.8616249996726
2025Q2,H2,False,usd_uzs,-0.10818721565655284,True,75,597,3,68,8.791338397680587e-06,True,-754.93081249983629,2,,DynamicFactorMQ_EM_MLE,FILTERED_ONE_SIDED,2019-01-31,0.87754312725094219,"[[1.4233829961642133, -0.4789980255443962], [1.0, 0.0]]",1591.8938991568625,1547.8616249996726
2025Q2,H2,False,rub_uzs,0.031070230623495562,True,75,597,3,68,8.791338397680587e-06,True,-754.93081249983629,2,,DynamicFactorMQ_EM_MLE,FILTERED_ONE_SIDED,2019-01-31,0.87754312725094219,"[[1.4233829961642133, -0.4789980255443962], [1.0, 0.0]]",1591.8938991568625,1547.8616249996726
2025Q2,H2,False,gold_price,-0.019413014389265876,True,75,597,3,68,8.791338397680587e-06,True,-754.93081249983629,2,,DynamicFactorMQ_EM_MLE,FILTERED_ONE_SIDED,2019-01-31,0.87754312725094219,"[[1.4233829961642133, -0.4789980255443962], [1.0, 0.0]]",1591.8938991568625,1547.8616249996726
2025Q2,H2,False,m2,0.54215669011529466,True,75,597,3,68,8.791338397680587e-06,True,-754.93081249983629,2,,DynamicFactorMQ_EM_MLE,FILTERED_ONE_SIDED,2019-01-31,0.87754312725094219,"[[1.4233829961642133, -0.4789980255443962], [1.0, 0.0]]",1591.8938991568625,1547.8616249996726
2025Q2,H2,False,fx_reserves_ex_gold,-0.0049250464541698083,True,75,597,3,68,8.791338397680587e-06,True,-754.93081249983629,2,,DynamicFactorMQ_EM_MLE,FILTERED_ONE_SIDED,2019-01-31,0.87754312725094219,"[[1.4233829961642133, -0.4789980255443962], [1.0, 0.0]]",1591.8938991568625,1547.8616249996726
2025Q2,H2,False,pos_turnover,0.35886337801098378,True,75,597,3,68,8.791338397680587e-06,True,-754.93081249983629,2,,DynamicFactorMQ_EM_MLE,FILTERED_ONE_SIDED,2019-01-31,0.87754312725094219,"[[1.4233829961642133, -0.4789980255443962], [1.0, 0.0]]",1591.8938991568625,1547.8616249996726
2025Q2,H3,False,industrial_production,0.023453547515664679,True,75,597,3,68,8.791338397680587e-06,True,-754.93081249983629,2,,DynamicFactorMQ_EM_MLE,FILTERED_ONE_SIDED,2019-01-31,0.87754312725094219,"[[1.4233829961642133, -0.4789980255443962], [1.0, 0.0]]",1591.8938991568625,1547.8616249996726
2025Q2,H3,False,ppi,-0.04040994233981534,True,75,597,3,68,8.791338397680587e-06,True,-754.93081249983629,2,,DynamicFactorMQ_EM_MLE,FILTERED_ONE_SIDED,2019-01-31,0.87754312725094219,"[[1.4233829961642133, -0.4789980255443962], [1.0, 0.0]]",1591.8938991568625,1547.8616249996726
2025Q2,H3,False,usd_uzs,-0.10818721565655284,True,75,597,3,68,8.791338397680587e-06,True,-754.93081249983629,2,,DynamicFactorMQ_EM_MLE,FILTERED_ONE_SIDED,2019-01-31,0.87754312725094219,"[[1.4233829961642133, -0.4789980255443962], [1.0, 0.0]]",1591.8938991568625,1547.8616249996726
2025Q2,H3,False,rub_uzs,0.031070230623495562,True,75,597,3,68,8.791338397680587e-06,True,-754.93081249983629,2,,DynamicFactorMQ_EM_MLE,FILTERED_ONE_SIDED,2019-01-31,0.87754312725094219,"[[1.4233829961642133, -0.4789980255443962], [1.0, 0.0]]",1591.8938991568625,1547.8616249996726
2025Q2,H3,False,gold_price,-0.019413014389265876,True,75,597,3,68,8.791338397680587e-06,True,-754.93081249983629,2,,DynamicFactorMQ_EM_MLE,FILTERED_ONE_SIDED,2019-01-31,0.87754312725094219,"[[1.4233829961642133, -0.4789980255443962], [1.0, 0.0]]",1591.8938991568625,1547.8616249996726
2025Q2,H3,False,m2,0.54215669011529466,True,75,597,3,68,8.791338397680587e-06,True,-754.93081249983629,2,,DynamicFactorMQ_EM_MLE,FILTERED_ONE_SIDED,2019-01-31,0.87754312725094219,"[[1.4233829961642133, -0.4789980255443962], [1.0, 0.0]]",1591.8938991568625,1547.8616249996726
2025Q2,H3,False,fx_reserves_ex_gold,-0.0049250464541698083,True,75,597,3,68,8.791338397680587e-06,True,-754.93081249983629,2,,DynamicFactorMQ_EM_MLE,FILTERED_ONE_SIDED,2019-01-31,0.87754312725094219,"[[1.4233829961642133, -0.4789980255443962], [1.0, 0.0]]",1591.8938991568625,1547.8616249996726
2025Q2,H3,False,pos_turnover,0.35886337801098378,True,75,597,3,68,8.791338397680587e-06,True,-754.93081249983629,2,,DynamicFactorMQ_EM_MLE,FILTERED_ONE_SIDED,2019-01-31,0.87754312725094219,"[[1.4233829961642133, -0.4789980255443962], [1.0, 0.0]]",1591.8938991568625,1547.8616249996726
2025Q3,H1,False,industrial_production,0.027145990341851674,True,78,617,7,44,8.5033699158062178e-06,True,-776.88950630571912,2,,DynamicFactorMQ_EM_MLE,FILTERED_ONE_SIDED,2019-01-31,0.89185386540674716,"[[1.3773619395696424, -0.4330022526283638], [1.0, 0.0]]",1636.5564803185405,1591.7790126114382
2025Q3,H1,False,ppi,-0.01533686314030429,True,78,617,7,44,8.5033699158062178e-06,True,-776.88950630571912,2,,DynamicFactorMQ_EM_MLE,FILTERED_ONE_SIDED,2019-01-31,0.89185386540674716,"[[1.3773619395696424, -0.4330022526283638], [1.0, 0.0]]",1636.5564803185405,1591.7790126114382
2025Q3,H1,False,usd_uzs,-0.13026616597568585,True,78,617,7,44,8.5033699158062178e-06,True,-776.88950630571912,2,,DynamicFactorMQ_EM_MLE,FILTERED_ONE_SIDED,2019-01-31,0.89185386540674716,"[[1.3773619395696424, -0.4330022526283638], [1.0, 0.0]]",1636.5564803185405,1591.7790126114382
2025Q3,H1,False,rub_uzs,0.041031084487171195,True,78,617,7,44,8.5033699158062178e-06,True,-776.88950630571912,2,,DynamicFactorMQ_EM_MLE,FILTERED_ONE_SIDED,2019-01-31,0.89185386540674716,"[[1.3773619395696424, -0.4330022526283638], [1.0, 0.0]]",1636.5564803185405,1591.7790126114382
2025Q3,H1,False,gold_price,0.010424466309897453,True,78,617,7,44,8.5033699158062178e-06,True,-776.88950630571912,2,,DynamicFactorMQ_EM_MLE,FILTERED_ONE_SIDED,2019-01-31,0.89185386540674716,"[[1.3773619395696424, -0.4330022526283638], [1.0, 0.0]]",1636.5564803185405,1591.7790126114382
2025Q3,H1,False,m2,0.52976279503933121,True,78,617,7,44,8.5033699158062178e-06,True,-776.88950630571912,2,,DynamicFactorMQ_EM_MLE,FILTERED_ONE_SIDED,2019-01-31,0.89185386540674716,"[[1.3773619395696424, -0.4330022526283638], [1.0, 0.0]]",1636.5564803185405,1591.7790126114382
2025Q3,H1,False,fx_reserves_ex_gold,0.050689511937309695,True,78,617,7,44,8.5033699158062178e-06,True,-776.88950630571912,2,,DynamicFactorMQ_EM_MLE,FILTERED_ONE_SIDED,2019-01-31,0.89185386540674716,"[[1.3773619395696424, -0.4330022526283638], [1.0, 0.0]]",1636.5564803185405,1591.7790126114382
2025Q3,H1,False,pos_turnover,0.35098781254849931,True,78,617,7,44,8.5033699158062178e-06,True,-776.88950630571912,2,,DynamicFactorMQ_EM_MLE,FILTERED_ONE_SIDED,2019-01-31,0.89185386540674716,"[[1.3773619395696424, -0.4330022526283638], [1.0, 0.0]]",1636.5564803185405,1591.7790126114382
2025Q3,H2,False,industrial_production,0.03031406571170207,True,78,618,6,44,8.4541111109006509e-06,True,-778.28333177177205,2,,DynamicFactorMQ_EM_MLE,FILTERED_ONE_SIDED,2019-01-31,0.89185443133607145,"[[1.3780381070007666, -0.43360506558481765], [1.0, 0.0]]",1639.3441312506463,1594.5666635435441
2025Q3,H2,False,ppi,-0.015327122292153677,True,78,618,6,44,8.4541111109006509e-06,True,-778.28333177177205,2,,DynamicFactorMQ_EM_MLE,FILTERED_ONE_SIDED,2019-01-31,0.89185443133607145,"[[1.3780381070007666, -0.43360506558481765], [1.0, 0.0]]",1639.3441312506463,1594.5666635435441
2025Q3,H2,False,usd_uzs,-0.13031146406922936,True,78,618,6,44,8.4541111109006509e-06,True,-778.28333177177205,2,,DynamicFactorMQ_EM_MLE,FILTERED_ONE_SIDED,2019-01-31,0.89185443133607145,"[[1.3780381070007666, -0.43360506558481765], [1.0, 0.0]]",1639.3441312506463,1594.5666635435441
2025Q3,H2,False,rub_uzs,0.041016760805851225,True,78,618,6,44,8.4541111109006509e-06,True,-778.28333177177205,2,,DynamicFactorMQ_EM_MLE,FILTERED_ONE_SIDED,2019-01-31,0.89185443133607145,"[[1.3780381070007666, -0.43360506558481765], [1.0, 0.0]]",1639.3441312506463,1594.5666635435441
2025Q3,H2,False,gold_price,0.010416133055538972,True,78,618,6,44,8.4541111109006509e-06,True,-778.28333177177205,2,,DynamicFactorMQ_EM_MLE,FILTERED_ONE_SIDED,2019-01-31,0.89185443133607145,"[[1.3780381070007666, -0.43360506558481765], [1.0, 0.0]]",1639.3441312506463,1594.5666635435441
2025Q3,H2,False,m2,0.52975479434161998,True,78,618,6,44,8.4541111109006509e-06,True,-778.28333177177205,2,,DynamicFactorMQ_EM_MLE,FILTERED_ONE_SIDED,2019-01-31,0.89185443133607145,"[[1.3780381070007666, -0.43360506558481765], [1.0, 0.0]]",1639.3441312506463,1594.5666635435441
2025Q3,H2,False,fx_reserves_ex_gold,0.050631716019023346,True,78,618,6,44,8.4541111109006509e-06,True,-778.28333177177205,2,,DynamicFactorMQ_EM_MLE,FILTERED_ONE_SIDED,2019-01-31,0.89185443133607145,"[[1.3780381070007666, -0.43360506558481765], [1.0, 0.0]]",1639.3441312506463,1594.5666635435441
2025Q3,H2,False,pos_turnover,0.35106913118076888,True,78,618,6,44,8.4541111109006509e-06,True,-778.28333177177205,2,,DynamicFactorMQ_EM_MLE,FILTERED_ONE_SIDED,2019-01-31,0.89185443133607145,"[[1.3780381070007666, -0.43360506558481765], [1.0, 0.0]]",1639.3441312506463,1594.5666635435441
2025Q3,H3,False,industrial_production,0.03031406571170207,True,78,618,6,44,8.4541111109006509e-06,True,-778.28333177177205,2,,DynamicFactorMQ_EM_MLE,FILTERED_ONE_SIDED,2019-01-31,0.89185443133607145,"[[1.3780381070007666, -0.43360506558481765], [1.0, 0.0]]",1639.3441312506463,1594.5666635435441
2025Q3,H3,False,ppi,-0.015327122292153677,True,78,618,6,44,8.4541111109006509e-06,True,-778.28333177177205,2,,DynamicFactorMQ_EM_MLE,FILTERED_ONE_SIDED,2019-01-31,0.89185443133607145,"[[1.3780381070007666, -0.43360506558481765], [1.0, 0.0]]",1639.3441312506463,1594.5666635435441
2025Q3,H3,False,usd_uzs,-0.13031146406922936,True,78,618,6,44,8.4541111109006509e-06,True,-778.28333177177205,2,,DynamicFactorMQ_EM_MLE,FILTERED_ONE_SIDED,2019-01-31,0.89185443133607145,"[[1.3780381070007666, -0.43360506558481765], [1.0, 0.0]]",1639.3441312506463,1594.5666635435441
2025Q3,H3,False,rub_uzs,0.041016760805851225,True,78,618,6,44,8.4541111109006509e-06,True,-778.28333177177205,2,,DynamicFactorMQ_EM_MLE,FILTERED_ONE_SIDED,2019-01-31,0.89185443133607145,"[[1.3780381070007666, -0.43360506558481765], [1.0, 0.0]]",1639.3441312506463,1594.5666635435441
2025Q3,H3,False,gold_price,0.010416133055538972,True,78,618,6,44,8.4541111109006509e-06,True,-778.28333177177205,2,,DynamicFactorMQ_EM_MLE,FILTERED_ONE_SIDED,2019-01-31,0.89185443133607145,"[[1.3780381070007666, -0.43360506558481765], [1.0, 0.0]]",1639.3441312506463,1594.5666635435441
2025Q3,H3,False,m2,0.52975479434161998,True,78,618,6,44,8.4541111109006509e-06,True,-778.28333177177205,2,,DynamicFactorMQ_EM_MLE,FILTERED_ONE_SIDED,2019-01-31,0.89185443133607145,"[[1.3780381070007666, -0.43360506558481765], [1.0, 0.0]]",1639.3441312506463,1594.5666635435441
2025Q3,H3,False,fx_reserves_ex_gold,0.050631716019023346,True,78,618,6,44,8.4541111109006509e-06,True,-778.28333177177205,2,,DynamicFactorMQ_EM_MLE,FILTERED_ONE_SIDED,2019-01-31,0.89185443133607145,"[[1.3780381070007666, -0.43360506558481765], [1.0, 0.0]]",1639.3441312506463,1594.5666635435441
2025Q3,H3,False,pos_turnover,0.35106913118076888,True,78,618,6,44,8.4541111109006509e-06,True,-778.28333177177205,2,,DynamicFactorMQ_EM_MLE,FILTERED_ONE_SIDED,2019-01-31,0.89185443133607145,"[[1.3780381070007666, -0.43360506558481765], [1.0, 0.0]]",1639.3441312506463,1594.5666635435441
2025Q4,H1,False,industrial_production,0.034504885898960419,True,81,638,10,39,8.9274786726301444e-06,True,-801.11854149955229,2,,DynamicFactorMQ_EM_MLE,FILTERED_ONE_SIDED,2019-01-31,0.89472317820403569,"[[1.3629453204917177, -0.4189292032531371], [1.0, 0.0]]",1685.731616937881,1640.2370829991046
2025Q4,H1,False,ppi,-0.031267272860159678,True,81,638,10,39,8.9274786726301444e-06,True,-801.11854149955229,2,,DynamicFactorMQ_EM_MLE,FILTERED_ONE_SIDED,2019-01-31,0.89472317820403569,"[[1.3629453204917177, -0.4189292032531371], [1.0, 0.0]]",1685.731616937881,1640.2370829991046
2025Q4,H1,False,usd_uzs,-0.15214811927190972,True,81,638,10,39,8.9274786726301444e-06,True,-801.11854149955229,2,,DynamicFactorMQ_EM_MLE,FILTERED_ONE_SIDED,2019-01-31,0.89472317820403569,"[[1.3629453204917177, -0.4189292032531371], [1.0, 0.0]]",1685.731616937881,1640.2370829991046
2025Q4,H1,False,rub_uzs,0.030942744319058812,True,81,638,10,39,8.9274786726301444e-06,True,-801.11854149955229,2,,DynamicFactorMQ_EM_MLE,FILTERED_ONE_SIDED,2019-01-31,0.89472317820403569,"[[1.3629453204917177, -0.4189292032531371], [1.0, 0.0]]",1685.731616937881,1640.2370829991046
2025Q4,H1,False,gold_price,0.02127423445647756,True,81,638,10,39,8.9274786726301444e-06,True,-801.11854149955229,2,,DynamicFactorMQ_EM_MLE,FILTERED_ONE_SIDED,2019-01-31,0.89472317820403569,"[[1.3629453204917177, -0.4189292032531371], [1.0, 0.0]]",1685.731616937881,1640.2370829991046
2025Q4,H1,False,m2,0.53705986172970532,True,81,638,10,39,8.9274786726301444e-06,True,-801.11854149955229,2,,DynamicFactorMQ_EM_MLE,FILTERED_ONE_SIDED,2019-01-31,0.89472317820403569,"[[1.3629453204917177, -0.4189292032531371], [1.0, 0.0]]",1685.731616937881,1640.2370829991046
2025Q4,H1,False,fx_reserves_ex_gold,0.078654291943498961,True,81,638,10,39,8.9274786726301444e-06,True,-801.11854149955229,2,,DynamicFactorMQ_EM_MLE,FILTERED_ONE_SIDED,2019-01-31,0.89472317820403569,"[[1.3629453204917177, -0.4189292032531371], [1.0, 0.0]]",1685.731616937881,1640.2370829991046
2025Q4,H1,False,pos_turnover,0.3514695440495566,True,81,638,10,39,8.9274786726301444e-06,True,-801.11854149955229,2,,DynamicFactorMQ_EM_MLE,FILTERED_ONE_SIDED,2019-01-31,0.89472317820403569,"[[1.3629453204917177, -0.4189292032531371], [1.0, 0.0]]",1685.731616937881,1640.2370829991046
2025Q4,H2,False,industrial_production,0.0372536167672428,True,81,639,9,39,8.7626118007078597e-06,True,-802.50892008736525,2,,DynamicFactorMQ_EM_MLE,FILTERED_ONE_SIDED,2019-01-31,0.89475580159332246,"[[1.363326316155327, -0.419256186359922], [1.0, 0.0]]",1688.5123741135069,1643.0178401747305
2025Q4,H2,False,ppi,-0.031280370535988755,True,81,639,9,39,8.7626118007078597e-06,True,-802.50892008736525,2,,DynamicFactorMQ_EM_MLE,FILTERED_ONE_SIDED,2019-01-31,0.89475580159332246,"[[1.363326316155327, -0.419256186359922], [1.0, 0.0]]",1688.5123741135069,1643.0178401747305
2025Q4,H2,False,usd_uzs,-0.15216602240103677,True,81,639,9,39,8.7626118007078597e-06,True,-802.50892008736525,2,,DynamicFactorMQ_EM_MLE,FILTERED_ONE_SIDED,2019-01-31,0.89475580159332246,"[[1.363326316155327, -0.419256186359922], [1.0, 0.0]]",1688.5123741135069,1643.0178401747305
2025Q4,H2,False,rub_uzs,0.030926357036075946,True,81,639,9,39,8.7626118007078597e-06,True,-802.50892008736525,2,,DynamicFactorMQ_EM_MLE,FILTERED_ONE_SIDED,2019-01-31,0.89475580159332246,"[[1.363326316155327, -0.419256186359922], [1.0, 0.0]]",1688.5123741135069,1643.0178401747305
2025Q4,H2,False,gold_price,0.021272517566900472,True,81,639,9,39,8.7626118007078597e-06,True,-802.50892008736525,2,,DynamicFactorMQ_EM_MLE,FILTERED_ONE_SIDED,2019-01-31,0.89475580159332246,"[[1.363326316155327, -0.419256186359922], [1.0, 0.0]]",1688.5123741135069,1643.0178401747305
2025Q4,H2,False,m2,0.53699040277987964,True,81,639,9,39,8.7626118007078597e-06,True,-802.50892008736525,2,,DynamicFactorMQ_EM_MLE,FILTERED_ONE_SIDED,2019-01-31,0.89475580159332246,"[[1.363326316155327, -0.419256186359922], [1.0, 0.0]]",1688.5123741135069,1643.0178401747305
2025Q4,H2,False,fx_reserves_ex_gold,0.078610025552538057,True,81,639,9,39,8.7626118007078597e-06,True,-802.50892008736525,2,,DynamicFactorMQ_EM_MLE,FILTERED_ONE_SIDED,2019-01-31,0.89475580159332246,"[[1.363326316155327, -0.419256186359922], [1.0, 0.0]]",1688.5123741135069,1643.0178401747305
2025Q4,H2,False,pos_turnover,0.35148415173490993,True,81,639,9,39,8.7626118007078597e-06,True,-802.50892008736525,2,,DynamicFactorMQ_EM_MLE,FILTERED_ONE_SIDED,2019-01-31,0.89475580159332246,"[[1.363326316155327, -0.419256186359922], [1.0, 0.0]]",1688.5123741135069,1643.0178401747305
2025Q4,H3,False,industrial_production,0.0372536167672428,True,81,639,9,39,8.7626118007078597e-06,True,-802.50892008736525,2,,DynamicFactorMQ_EM_MLE,FILTERED_ONE_SIDED,2019-01-31,0.89475580159332246,"[[1.363326316155327, -0.419256186359922], [1.0, 0.0]]",1688.5123741135069,1643.0178401747305
2025Q4,H3,False,ppi,-0.031280370535988755,True,81,639,9,39,8.7626118007078597e-06,True,-802.50892008736525,2,,DynamicFactorMQ_EM_MLE,FILTERED_ONE_SIDED,2019-01-31,0.89475580159332246,"[[1.363326316155327, -0.419256186359922], [1.0, 0.0]]",1688.5123741135069,1643.0178401747305
2025Q4,H3,False,usd_uzs,-0.15216602240103677,True,81,639,9,39,8.7626118007078597e-06,True,-802.50892008736525,2,,DynamicFactorMQ_EM_MLE,FILTERED_ONE_SIDED,2019-01-31,0.89475580159332246,"[[1.363326316155327, -0.419256186359922], [1.0, 0.0]]",1688.5123741135069,1643.0178401747305
2025Q4,H3,False,rub_uzs,0.030926357036075946,True,81,639,9,39,8.7626118007078597e-06,True,-802.50892008736525,2,,DynamicFactorMQ_EM_MLE,FILTERED_ONE_SIDED,2019-01-31,0.89475580159332246,"[[1.363326316155327, -0.419256186359922], [1.0, 0.0]]",1688.5123741135069,1643.0178401747305
2025Q4,H3,False,gold_price,0.021272517566900472,True,81,639,9,39,8.7626118007078597e-06,True,-802.50892008736525,2,,DynamicFactorMQ_EM_MLE,FILTERED_ONE_SIDED,2019-01-31,0.89475580159332246,"[[1.363326316155327, -0.419256186359922], [1.0, 0.0]]",1688.5123741135069,1643.0178401747305
2025Q4,H3,False,m2,0.53699040277987964,True,81,639,9,39,8.7626118007078597e-06,True,-802.50892008736525,2,,DynamicFactorMQ_EM_MLE,FILTERED_ONE_SIDED,2019-01-31,0.89475580159332246,"[[1.363326316155327, -0.419256186359922], [1.0, 0.0]]",1688.5123741135069,1643.0178401747305
2025Q4,H3,False,fx_reserves_ex_gold,0.078610025552538057,True,81,639,9,39,8.7626118007078597e-06,True,-802.50892008736525,2,,DynamicFactorMQ_EM_MLE,FILTERED_ONE_SIDED,2019-01-31,0.89475580159332246,"[[1.363326316155327, -0.419256186359922], [1.0, 0.0]]",1688.5123741135069,1643.0178401747305
2025Q4,H3,False,pos_turnover,0.35148415173490993,True,81,639,9,39,8.7626118007078597e-06,True,-802.50892008736525,2,,DynamicFactorMQ_EM_MLE,FILTERED_ONE_SIDED,2019-01-31,0.89475580159332246,"[[1.363326316155327, -0.419256186359922], [1.0, 0.0]]",1688.5123741135069,1643.0178401747305
2026Q1,H1,False,industrial_production,0.044723386480521245,True,84,659,13,44,8.9111300781830287e-06,True,-824.55264955604093,2,,DynamicFactorMQ_EM_MLE,FILTERED_ONE_SIDED,2019-01-31,0.91173993472959824,"[[1.3576189490245827, -0.4065257033906067], [1.0, 0.0]]",1733.2908182901049,1687.1052991120819
2026Q1,H1,False,ppi,-0.047148266709868637,True,84,659,13,44,8.9111300781830287e-06,True,-824.55264955604093,2,,DynamicFactorMQ_EM_MLE,FILTERED_ONE_SIDED,2019-01-31,0.91173993472959824,"[[1.3576189490245827, -0.4065257033906067], [1.0, 0.0]]",1733.2908182901049,1687.1052991120819
2026Q1,H1,False,usd_uzs,-0.17710876474674001,True,84,659,13,44,8.9111300781830287e-06,True,-824.55264955604093,2,,DynamicFactorMQ_EM_MLE,FILTERED_ONE_SIDED,2019-01-31,0.91173993472959824,"[[1.3576189490245827, -0.4065257033906067], [1.0, 0.0]]",1733.2908182901049,1687.1052991120819
2026Q1,H1,False,rub_uzs,0.035531823975075733,True,84,659,13,44,8.9111300781830287e-06,True,-824.55264955604093,2,,DynamicFactorMQ_EM_MLE,FILTERED_ONE_SIDED,2019-01-31,0.91173993472959824,"[[1.3576189490245827, -0.4065257033906067], [1.0, 0.0]]",1733.2908182901049,1687.1052991120819
2026Q1,H1,False,gold_price,0.052912039206768374,True,84,659,13,44,8.9111300781830287e-06,True,-824.55264955604093,2,,DynamicFactorMQ_EM_MLE,FILTERED_ONE_SIDED,2019-01-31,0.91173993472959824,"[[1.3576189490245827, -0.4065257033906067], [1.0, 0.0]]",1733.2908182901049,1687.1052991120819
2026Q1,H1,False,m2,0.56052274717080064,True,84,659,13,44,8.9111300781830287e-06,True,-824.55264955604093,2,,DynamicFactorMQ_EM_MLE,FILTERED_ONE_SIDED,2019-01-31,0.91173993472959824,"[[1.3576189490245827, -0.4065257033906067], [1.0, 0.0]]",1733.2908182901049,1687.1052991120819
2026Q1,H1,False,fx_reserves_ex_gold,0.11669542086607002,True,84,659,13,44,8.9111300781830287e-06,True,-824.55264955604093,2,,DynamicFactorMQ_EM_MLE,FILTERED_ONE_SIDED,2019-01-31,0.91173993472959824,"[[1.3576189490245827, -0.4065257033906067], [1.0, 0.0]]",1733.2908182901049,1687.1052991120819
2026Q1,H1,False,pos_turnover,0.36458882662493741,True,84,659,13,44,8.9111300781830287e-06,True,-824.55264955604093,2,,DynamicFactorMQ_EM_MLE,FILTERED_ONE_SIDED,2019-01-31,0.91173993472959824,"[[1.3576189490245827, -0.4065257033906067], [1.0, 0.0]]",1733.2908182901049,1687.1052991120819
2026Q1,H2,False,industrial_production,0.048125935454860116,True,84,660,12,44,8.4086035193166802e-06,True,-825.91969568881143,2,,DynamicFactorMQ_EM_MLE,FILTERED_ONE_SIDED,2019-01-31,0.9118111063654798,"[[1.357778458088276, -0.4066379843772458], [1.0, 0.0]]",1736.0249105556459,1689.8393913776229
2026Q1,H2,False,ppi,-0.047166165681876294,True,84,660,12,44,8.4086035193166802e-06,True,-825.91969568881143,2,,DynamicFactorMQ_EM_MLE,FILTERED_ONE_SIDED,2019-01-31,0.9118111063654798,"[[1.357778458088276, -0.4066379843772458], [1.0, 0.0]]",1736.0249105556459,1689.8393913776229
2026Q1,H2,False,usd_uzs,-0.17697372180781271,True,84,660,12,44,8.4086035193166802e-06,True,-825.91969568881143,2,,DynamicFactorMQ_EM_MLE,FILTERED_ONE_SIDED,2019-01-31,0.9118111063654798,"[[1.357778458088276, -0.4066379843772458], [1.0, 0.0]]",1736.0249105556459,1689.8393913776229
2026Q1,H2,False,rub_uzs,0.035506286363647145,True,84,660,12,44,8.4086035193166802e-06,True,-825.91969568881143,2,,DynamicFactorMQ_EM_MLE,FILTERED_ONE_SIDED,2019-01-31,0.9118111063654798,"[[1.357778458088276, -0.4066379843772458], [1.0, 0.0]]",1736.0249105556459,1689.8393913776229
2026Q1,H2,False,gold_price,0.052856911961699449,True,84,660,12,44,8.4086035193166802e-06,True,-825.91969568881143,2,,DynamicFactorMQ_EM_MLE,FILTERED_ONE_SIDED,2019-01-31,0.9118111063654798,"[[1.357778458088276, -0.4066379843772458], [1.0, 0.0]]",1736.0249105556459,1689.8393913776229
2026Q1,H2,False,m2,0.56004289217223058,True,84,660,12,44,8.4086035193166802e-06,True,-825.91969568881143,2,,DynamicFactorMQ_EM_MLE,FILTERED_ONE_SIDED,2019-01-31,0.9118111063654798,"[[1.357778458088276, -0.4066379843772458], [1.0, 0.0]]",1736.0249105556459,1689.8393913776229
2026Q1,H2,False,fx_reserves_ex_gold,0.11656602575722486,True,84,660,12,44,8.4086035193166802e-06,True,-825.91969568881143,2,,DynamicFactorMQ_EM_MLE,FILTERED_ONE_SIDED,2019-01-31,0.9118111063654798,"[[1.357778458088276, -0.4066379843772458], [1.0, 0.0]]",1736.0249105556459,1689.8393913776229
2026Q1,H2,False,pos_turnover,0.36431735494865308,True,84,660,12,44,8.4086035193166802e-06,True,-825.91969568881143,2,,DynamicFactorMQ_EM_MLE,FILTERED_ONE_SIDED,2019-01-31,0.9118111063654798,"[[1.357778458088276, -0.4066379843772458], [1.0, 0.0]]",1736.0249105556459,1689.8393913776229
2026Q1,H3,False,industrial_production,0.048125935454860116,True,84,660,12,44,8.4086035193166802e-06,True,-825.91969568881143,2,,DynamicFactorMQ_EM_MLE,FILTERED_ONE_SIDED,2019-01-31,0.9118111063654798,"[[1.357778458088276, -0.4066379843772458], [1.0, 0.0]]",1736.0249105556459,1689.8393913776229
2026Q1,H3,False,ppi,-0.047166165681876294,True,84,660,12,44,8.4086035193166802e-06,True,-825.91969568881143,2,,DynamicFactorMQ_EM_MLE,FILTERED_ONE_SIDED,2019-01-31,0.9118111063654798,"[[1.357778458088276, -0.4066379843772458], [1.0, 0.0]]",1736.0249105556459,1689.8393913776229
2026Q1,H3,False,usd_uzs,-0.17697372180781271,True,84,660,12,44,8.4086035193166802e-06,True,-825.91969568881143,2,,DynamicFactorMQ_EM_MLE,FILTERED_ONE_SIDED,2019-01-31,0.9118111063654798,"[[1.357778458088276, -0.4066379843772458], [1.0, 0.0]]",1736.0249105556459,1689.8393913776229
2026Q1,H3,False,rub_uzs,0.035506286363647145,True,84,660,12,44,8.4086035193166802e-06,True,-825.91969568881143,2,,DynamicFactorMQ_EM_MLE,FILTERED_ONE_SIDED,2019-01-31,0.9118111063654798,"[[1.357778458088276, -0.4066379843772458], [1.0, 0.0]]",1736.0249105556459,1689.8393913776229
2026Q1,H3,False,gold_price,0.052856911961699449,True,84,660,12,44,8.4086035193166802e-06,True,-825.91969568881143,2,,DynamicFactorMQ_EM_MLE,FILTERED_ONE_SIDED,2019-01-31,0.9118111063654798,"[[1.357778458088276, -0.4066379843772458], [1.0, 0.0]]",1736.0249105556459,1689.8393913776229
2026Q1,H3,False,m2,0.56004289217223058,True,84,660,12,44,8.4086035193166802e-06,True,-825.91969568881143,2,,DynamicFactorMQ_EM_MLE,FILTERED_ONE_SIDED,2019-01-31,0.9118111063654798,"[[1.357778458088276, -0.4066379843772458], [1.0, 0.0]]",1736.0249105556459,1689.8393913776229
2026Q1,H3,False,fx_reserves_ex_gold,0.11656602575722486,True,84,660,12,44,8.4086035193166802e-06,True,-825.91969568881143,2,,DynamicFactorMQ_EM_MLE,FILTERED_ONE_SIDED,2019-01-31,0.9118111063654798,"[[1.357778458088276, -0.4066379843772458], [1.0, 0.0]]",1736.0249105556459,1689.8393913776229
2026Q1,H3,False,pos_turnover,0.36431735494865308,True,84,660,12,44,8.4086035193166802e-06,True,-825.91969568881143,2,,DynamicFactorMQ_EM_MLE,FILTERED_ONE_SIDED,2019-01-31,0.9118111063654798,"[[1.357778458088276, -0.4066379843772458], [1.0, 0.0]]",1736.0249105556459,1689.8393913776229
2026Q2,H1,False,industrial_production,0.06069890772293305,True,87,680,16,54,8.5244325576599483e-06,True,-847.95256170126049,2,,DynamicFactorMQ_EM_MLE,FILTERED_ONE_SIDED,2019-01-31,0.9188374054436238,"[[1.360231191011056, -0.40556912070971873], [1.0, 0.0]]",1780.7573776569582,1733.905123402521
2026Q2,H1,False,ppi,-0.034923697729961262,True,87,680,16,54,8.5244325576599483e-06,True,-847.95256170126049,2,,DynamicFactorMQ_EM_MLE,FILTERED_ONE_SIDED,2019-01-31,0.9188374054436238,"[[1.360231191011056, -0.40556912070971873], [1.0, 0.0]]",1780.7573776569582,1733.905123402521
2026Q2,H1,False,usd_uzs,-0.1615785037702458,True,87,680,16,54,8.5244325576599483e-06,True,-847.95256170126049,2,,DynamicFactorMQ_EM_MLE,FILTERED_ONE_SIDED,2019-01-31,0.9188374054436238,"[[1.360231191011056, -0.40556912070971873], [1.0, 0.0]]",1780.7573776569582,1733.905123402521
2026Q2,H1,False,rub_uzs,0.029929514859708375,True,87,680,16,54,8.5244325576599483e-06,True,-847.95256170126049,2,,DynamicFactorMQ_EM_MLE,FILTERED_ONE_SIDED,2019-01-31,0.9188374054436238,"[[1.360231191011056, -0.40556912070971873], [1.0, 0.0]]",1780.7573776569582,1733.905123402521
2026Q2,H1,False,gold_price,0.071915574507772168,True,87,680,16,54,8.5244325576599483e-06,True,-847.95256170126049,2,,DynamicFactorMQ_EM_MLE,FILTERED_ONE_SIDED,2019-01-31,0.9188374054436238,"[[1.360231191011056, -0.40556912070971873], [1.0, 0.0]]",1780.7573776569582,1733.905123402521
2026Q2,H1,False,m2,0.54926841111239633,True,87,680,16,54,8.5244325576599483e-06,True,-847.95256170126049,2,,DynamicFactorMQ_EM_MLE,FILTERED_ONE_SIDED,2019-01-31,0.9188374054436238,"[[1.360231191011056, -0.40556912070971873], [1.0, 0.0]]",1780.7573776569582,1733.905123402521
2026Q2,H1,False,fx_reserves_ex_gold,0.10356260911708329,True,87,680,16,54,8.5244325576599483e-06,True,-847.95256170126049,2,,DynamicFactorMQ_EM_MLE,FILTERED_ONE_SIDED,2019-01-31,0.9188374054436238,"[[1.360231191011056, -0.40556912070971873], [1.0, 0.0]]",1780.7573776569582,1733.905123402521
2026Q2,H1,False,pos_turnover,0.35857561706294255,True,87,680,16,54,8.5244325576599483e-06,True,-847.95256170126049,2,,DynamicFactorMQ_EM_MLE,FILTERED_ONE_SIDED,2019-01-31,0.9188374054436238,"[[1.360231191011056, -0.40556912070971873], [1.0, 0.0]]",1780.7573776569582,1733.905123402521
2026Q2,H2,False,industrial_production,0.066537310885815396,True,87,681,15,53,8.7471764304601559e-06,True,-849.2515867957228,2,,DynamicFactorMQ_EM_MLE,FILTERED_ONE_SIDED,2019-01-31,0.91885929894553242,"[[1.3617139759132428, -0.40692113801330065], [1.0, 0.0]]",1783.3554278458828,1736.5031735914456
2026Q2,H2,False,ppi,-0.034823155923846862,True,87,681,15,53,8.7471764304601559e-06,True,-849.2515867957228,2,,DynamicFactorMQ_EM_MLE,FILTERED_ONE_SIDED,2019-01-31,0.91885929894553242,"[[1.3617139759132428, -0.40692113801330065], [1.0, 0.0]]",1783.3554278458828,1736.5031735914456
2026Q2,H2,False,usd_uzs,-0.16126479720235834,True,87,681,15,53,8.7471764304601559e-06,True,-849.2515867957228,2,,DynamicFactorMQ_EM_MLE,FILTERED_ONE_SIDED,2019-01-31,0.91885929894553242,"[[1.3617139759132428, -0.40692113801330065], [1.0, 0.0]]",1783.3554278458828,1736.5031735914456
2026Q2,H2,False,rub_uzs,0.029812842206411991,True,87,681,15,53,8.7471764304601559e-06,True,-849.2515867957228,2,,DynamicFactorMQ_EM_MLE,FILTERED_ONE_SIDED,2019-01-31,0.91885929894553242,"[[1.3617139759132428, -0.40692113801330065], [1.0, 0.0]]",1783.3554278458828,1736.5031735914456
2026Q2,H2,False,gold_price,0.071740949262298431,True,87,681,15,53,8.7471764304601559e-06,True,-849.2515867957228,2,,DynamicFactorMQ_EM_MLE,FILTERED_ONE_SIDED,2019-01-31,0.91885929894553242,"[[1.3617139759132428, -0.40692113801330065], [1.0, 0.0]]",1783.3554278458828,1736.5031735914456
2026Q2,H2,False,m2,0.5479429255115863,True,87,681,15,53,8.7471764304601559e-06,True,-849.2515867957228,2,,DynamicFactorMQ_EM_MLE,FILTERED_ONE_SIDED,2019-01-31,0.91885929894553242,"[[1.3617139759132428, -0.40692113801330065], [1.0, 0.0]]",1783.3554278458828,1736.5031735914456
2026Q2,H2,False,fx_reserves_ex_gold,0.10322640999443244,True,87,681,15,53,8.7471764304601559e-06,True,-849.2515867957228,2,,DynamicFactorMQ_EM_MLE,FILTERED_ONE_SIDED,2019-01-31,0.91885929894553242,"[[1.3617139759132428, -0.40692113801330065], [1.0, 0.0]]",1783.3554278458828,1736.5031735914456
2026Q2,H2,False,pos_turnover,0.35786995997954774,True,87,681,15,53,8.7471764304601559e-06,True,-849.2515867957228,2,,DynamicFactorMQ_EM_MLE,FILTERED_ONE_SIDED,2019-01-31,0.91885929894553242,"[[1.3617139759132428, -0.40692113801330065], [1.0, 0.0]]",1783.3554278458828,1736.5031735914456
2026Q2,H3,False,industrial_production,0.066537310885815396,True,87,681,15,53,8.7471764304601559e-06,True,-849.2515867957228,2,,DynamicFactorMQ_EM_MLE,FILTERED_ONE_SIDED,2019-01-31,0.91885929894553242,"[[1.3617139759132428, -0.40692113801330065], [1.0, 0.0]]",1783.3554278458828,1736.5031735914456
2026Q2,H3,False,ppi,-0.034823155923846862,True,87,681,15,53,8.7471764304601559e-06,True,-849.2515867957228,2,,DynamicFactorMQ_EM_MLE,FILTERED_ONE_SIDED,2019-01-31,0.91885929894553242,"[[1.3617139759132428, -0.40692113801330065], [1.0, 0.0]]",1783.3554278458828,1736.5031735914456
2026Q2,H3,False,usd_uzs,-0.16126479720235834,True,87,681,15,53,8.7471764304601559e-06,True,-849.2515867957228,2,,DynamicFactorMQ_EM_MLE,FILTERED_ONE_SIDED,2019-01-31,0.91885929894553242,"[[1.3617139759132428, -0.40692113801330065], [1.0, 0.0]]",1783.3554278458828,1736.5031735914456
2026Q2,H3,False,rub_uzs,0.029812842206411991,True,87,681,15,53,8.7471764304601559e-06,True,-849.2515867957228,2,,DynamicFactorMQ_EM_MLE,FILTERED_ONE_SIDED,2019-01-31,0.91885929894553242,"[[1.3617139759132428, -0.40692113801330065], [1.0, 0.0]]",1783.3554278458828,1736.5031735914456
2026Q2,H3,False,gold_price,0.071740949262298431,True,87,681,15,53,8.7471764304601559e-06,True,-849.2515867957228,2,,DynamicFactorMQ_EM_MLE,FILTERED_ONE_SIDED,2019-01-31,0.91885929894553242,"[[1.3617139759132428, -0.40692113801330065], [1.0, 0.0]]",1783.3554278458828,1736.5031735914456
2026Q2,H3,False,m2,0.5479429255115863,True,87,681,15,53,8.7471764304601559e-06,True,-849.2515867957228,2,,DynamicFactorMQ_EM_MLE,FILTERED_ONE_SIDED,2019-01-31,0.91885929894553242,"[[1.3617139759132428, -0.40692113801330065], [1.0, 0.0]]",1783.3554278458828,1736.5031735914456
2026Q2,H3,False,fx_reserves_ex_gold,0.10322640999443244,True,87,681,15,53,8.7471764304601559e-06,True,-849.2515867957228,2,,DynamicFactorMQ_EM_MLE,FILTERED_ONE_SIDED,2019-01-31,0.91885929894553242,"[[1.3617139759132428, -0.40692113801330065], [1.0, 0.0]]",1783.3554278458828,1736.5031735914456
2026Q2,H3,False,pos_turnover,0.35786995997954774,True,87,681,15,53,8.7471764304601559e-06,True,-849.2515867957228,2,,DynamicFactorMQ_EM_MLE,FILTERED_ONE_SIDED,2019-01-31,0.91885929894553242,"[[1.3617139759132428, -0.40692113801330065], [1.0, 0.0]]",1783.3554278458828,1736.5031735914456
2026Q3,H3,True,industrial_production,0.077893365895492381,True,90,702,18,43,8.7164378630521204e-06,True,-873.59237377817203,2,,DynamicFactorMQ_EM_MLE,FILTERED_ONE_SIDED,2019-01-31,0.91975856457852212,"[[1.354396313917802, -0.39976179244393545], [1.0, 0.0]]",1832.6811312926191,1785.1847475563441
2026Q3,H3,True,ppi,-0.04151232442061676,True,90,702,18,43,8.7164378630521204e-06,True,-873.59237377817203,2,,DynamicFactorMQ_EM_MLE,FILTERED_ONE_SIDED,2019-01-31,0.91975856457852212,"[[1.354396313917802, -0.39976179244393545], [1.0, 0.0]]",1832.6811312926191,1785.1847475563441
2026Q3,H3,True,usd_uzs,-0.16581450334901571,True,90,702,18,43,8.7164378630521204e-06,True,-873.59237377817203,2,,DynamicFactorMQ_EM_MLE,FILTERED_ONE_SIDED,2019-01-31,0.91975856457852212,"[[1.354396313917802, -0.39976179244393545], [1.0, 0.0]]",1832.6811312926191,1785.1847475563441
2026Q3,H3,True,rub_uzs,0.036923020260192944,True,90,702,18,43,8.7164378630521204e-06,True,-873.59237377817203,2,,DynamicFactorMQ_EM_MLE,FILTERED_ONE_SIDED,2019-01-31,0.91975856457852212,"[[1.354396313917802, -0.39976179244393545], [1.0, 0.0]]",1832.6811312926191,1785.1847475563441
2026Q3,H3,True,gold_price,0.016334088322440061,True,90,702,18,43,8.7164378630521204e-06,True,-873.59237377817203,2,,DynamicFactorMQ_EM_MLE,FILTERED_ONE_SIDED,2019-01-31,0.91975856457852212,"[[1.354396313917802, -0.39976179244393545], [1.0, 0.0]]",1832.6811312926191,1785.1847475563441
2026Q3,H3,True,m2,0.51978396995338572,True,90,702,18,43,8.7164378630521204e-06,True,-873.59237377817203,2,,DynamicFactorMQ_EM_MLE,FILTERED_ONE_SIDED,2019-01-31,0.91975856457852212,"[[1.354396313917802, -0.39976179244393545], [1.0, 0.0]]",1832.6811312926191,1785.1847475563441
2026Q3,H3,True,fx_reserves_ex_gold,0.057997974943382928,True,90,702,18,43,8.7164378630521204e-06,True,-873.59237377817203,2,,DynamicFactorMQ_EM_MLE,FILTERED_ONE_SIDED,2019-01-31,0.91975856457852212,"[[1.354396313917802, -0.39976179244393545], [1.0, 0.0]]",1832.6811312926191,1785.1847475563441
2026Q3,H3,True,pos_turnover,0.33550660080966882,True,90,702,18,43,8.7164378630521204e-06,True,-873.59237377817203,2,,DynamicFactorMQ_EM_MLE,FILTERED_ONE_SIDED,2019-01-31,0.91975856457852212,"[[1.354396313917802, -0.39976179244393545], [1.0, 0.0]]",1832.6811312926191,1785.1847475563441
