model,horizon,lag_mode,evidence_class,family,predictors,variable_key,monthly_lags,forecast_count,rmse,mae,bias,median_error,median_absolute_error,maximum_absolute_error,production_rmse,production_mae,pct_beating_production,forecast_correlation,share_underpredictions,exploratory_dm_style_statistic,dm_interpretation,rmse_relative_to_production,mae_relative_to_production,estimation_failure_rate
challenger_umidas_construction_yoy_log_l1,H1,conservative,DEVELOPMENT_PSEUDO_OOS,univariate_umidas,construction_yoy_log,construction,1,1,0.24254416462736028,0.24254416462736028,0.24254416462736028,0.24254416462736028,0.24254416462736028,0.24254416462736028,0.7285867151727796,0.7285867151727796,1.0,,1.0,,not calculated: fewer than 8 matched forecasts,0.3328967706607751,0.3328967706607751,0.9444444444444444
challenger_umidas_construction_yoy_log_l1,H1,conservative,HISTORICAL_POST_DEVELOPMENT_TEST,univariate_umidas,construction_yoy_log,construction,1,4,0.6307596336116141,0.47637806252190296,0.280651773034587,0.0715636900135026,0.26728997950081856,1.186205203019103,0.799938051857473,0.6256251475500503,0.75,0.9579265000653333,0.5,,not calculated: fewer than 8 matched forecasts,0.7885106004733453,0.7614432769964582,0.0
challenger_umidas_construction_yoy_log_l1,H1,standard,DEVELOPMENT_PSEUDO_OOS,univariate_umidas,construction_yoy_log,construction,1,1,0.41734455003712334,0.41734455003712334,0.41734455003712334,0.41734455003712334,0.41734455003712334,0.41734455003712334,0.6366876702296107,0.6366876702296107,1.0,,1.0,,not calculated: fewer than 8 matched forecasts,0.6554933754043251,0.6554933754043251,0.9444444444444444
challenger_umidas_construction_yoy_log_l1,H1,standard,HISTORICAL_POST_DEVELOPMENT_TEST,univariate_umidas,construction_yoy_log,construction,1,4,0.6049345652807748,0.5384864982998374,0.35483289009181873,0.38579027466839033,0.3869003437892444,1.0150582274465316,0.851830629865615,0.7137680464798368,0.5,0.650504288508379,0.75,,not calculated: fewer than 8 matched forecasts,0.7101582686410437,0.754427857839177,0.0
challenger_umidas_construction_yoy_log_l1,H2,conservative,DEVELOPMENT_PSEUDO_OOS,univariate_umidas,construction_yoy_log,construction,1,1,0.41734455003712334,0.41734455003712334,0.41734455003712334,0.41734455003712334,0.41734455003712334,0.41734455003712334,0.6366876702296107,0.6366876702296107,1.0,,1.0,,not calculated: fewer than 8 matched forecasts,0.6554933754043251,0.6554933754043251,0.9444444444444444
challenger_umidas_construction_yoy_log_l1,H2,conservative,HISTORICAL_POST_DEVELOPMENT_TEST,univariate_umidas,construction_yoy_log,construction,1,4,0.6049345652807748,0.5384864982998374,0.35483289009181873,0.38579027466839033,0.3869003437892444,1.0150582274465316,0.851830629865615,0.7137680464798368,0.5,0.650504288508379,0.75,,not calculated: fewer than 8 matched forecasts,0.7101582686410437,0.754427857839177,0.0
challenger_umidas_construction_yoy_log_l1,H2,standard,DEVELOPMENT_PSEUDO_OOS,univariate_umidas,construction_yoy_log,construction,1,2,0.6937469615648745,0.6840239857047616,0.6840239857047616,0.6840239857047616,0.6840239857047616,0.7997652214898849,0.6043003989889123,0.59646843712166,0.0,1.0,1.0,,not calculated: fewer than 8 matched forecasts,1.1480167193760256,1.1467899106373725,0.8888888888888888
challenger_umidas_construction_yoy_log_l1,H2,standard,HISTORICAL_POST_DEVELOPMENT_TEST,univariate_umidas,construction_yoy_log,construction,1,4,1.2446094002387798,1.1675111811364907,1.1675111811364907,0.9524621197827541,0.9524621197827541,1.9109437021370344,0.8662872552429961,0.6668517621268637,0.0,0.7353309403300463,1.0,,not calculated: fewer than 8 matched forecasts,1.436716738825464,1.7507806793714076,0.0
challenger_umidas_construction_yoy_log_l1,H3,conservative,DEVELOPMENT_PSEUDO_OOS,univariate_umidas,construction_yoy_log,construction,1,2,0.6937469615648745,0.6840239857047616,0.6840239857047616,0.6840239857047616,0.6840239857047616,0.7997652214898849,0.6043003989889123,0.59646843712166,0.0,1.0,1.0,,not calculated: fewer than 8 matched forecasts,1.1480167193760256,1.1467899106373725,0.8888888888888888
challenger_umidas_construction_yoy_log_l1,H3,conservative,HISTORICAL_POST_DEVELOPMENT_TEST,univariate_umidas,construction_yoy_log,construction,1,4,1.2446094002387798,1.1675111811364907,1.1675111811364907,0.9524621197827541,0.9524621197827541,1.9109437021370344,0.8662872552429961,0.6668517621268637,0.0,0.7353309403300463,1.0,,not calculated: fewer than 8 matched forecasts,1.436716738825464,1.7507806793714076,0.0
challenger_umidas_construction_yoy_log_l1,H3,standard,DEVELOPMENT_PSEUDO_OOS,univariate_umidas,construction_yoy_log,construction,1,2,0.5891201951482458,0.5697139175299011,0.5697139175299011,0.5697139175299011,0.5697139175299011,0.71967610111043,0.24874492484919333,0.24113558853959116,0.0,1.0,1.0,,not calculated: fewer than 8 matched forecasts,2.368370713514705,2.362628929973818,0.8888888888888888
challenger_umidas_construction_yoy_log_l1,H3,standard,HISTORICAL_POST_DEVELOPMENT_TEST,univariate_umidas,construction_yoy_log,construction,1,4,1.3082949215307687,1.157452640961495,1.157452640961495,0.9548666030531074,0.9548666030531074,2.15340775075164,0.5297814262018278,0.3705560639322456,0.0,0.6624274123773359,1.0,,not calculated: fewer than 8 matched forecasts,2.469499413957097,3.1235560651171252,0.0
challenger_umidas_construction_yoy_log_l2,H1,conservative,DEVELOPMENT_PSEUDO_OOS,univariate_umidas,construction_yoy_log,construction,2,1,0.4886239738969529,0.4886239738969529,0.4886239738969529,0.4886239738969529,0.4886239738969529,0.4886239738969529,0.7285867151727796,0.7285867151727796,1.0,,1.0,,not calculated: fewer than 8 matched forecasts,0.6706462850905521,0.6706462850905521,0.9444444444444444
challenger_umidas_construction_yoy_log_l2,H1,conservative,HISTORICAL_POST_DEVELOPMENT_TEST,univariate_umidas,construction_yoy_log,construction,2,4,0.6378399066921336,0.48506872026910663,0.2957651990886032,0.09606532903633536,0.2853688502168388,1.1907503256165928,0.799938051857473,0.6256251475500503,0.75,0.9608874735039493,0.5,,not calculated: fewer than 8 matched forecasts,0.7973616272048266,0.7753344349546002,0.0
challenger_umidas_construction_yoy_log_l2,H1,standard,DEVELOPMENT_PSEUDO_OOS,univariate_umidas,construction_yoy_log,construction,2,1,0.1987567573268123,0.1987567573268123,0.1987567573268123,0.1987567573268123,0.1987567573268123,0.1987567573268123,0.6366876702296107,0.6366876702296107,1.0,,1.0,,not calculated: fewer than 8 matched forecasts,0.3121730899157102,0.3121730899157102,0.9444444444444444
challenger_umidas_construction_yoy_log_l2,H1,standard,HISTORICAL_POST_DEVELOPMENT_TEST,univariate_umidas,construction_yoy_log,construction,2,4,0.6178336442627248,0.40305313611243854,0.3350067006873445,0.1369251509643008,0.19286030020516298,1.2022693716709645,0.851830629865615,0.7137680464798368,1.0,0.8015609733669898,0.75,,not calculated: fewer than 8 matched forecasts,0.7253010429552109,0.5646836365121934,0.0
challenger_umidas_construction_yoy_log_l2,H2,conservative,DEVELOPMENT_PSEUDO_OOS,univariate_umidas,construction_yoy_log,construction,2,1,0.1987567573268123,0.1987567573268123,0.1987567573268123,0.1987567573268123,0.1987567573268123,0.1987567573268123,0.6366876702296107,0.6366876702296107,1.0,,1.0,,not calculated: fewer than 8 matched forecasts,0.3121730899157102,0.3121730899157102,0.9444444444444444
challenger_umidas_construction_yoy_log_l2,H2,conservative,HISTORICAL_POST_DEVELOPMENT_TEST,univariate_umidas,construction_yoy_log,construction,2,4,0.6178336442627248,0.40305313611243854,0.3350067006873445,0.1369251509643008,0.19286030020516298,1.2022693716709645,0.851830629865615,0.7137680464798368,1.0,0.8015609733669898,0.75,,not calculated: fewer than 8 matched forecasts,0.7253010429552109,0.5646836365121934,0.0
challenger_umidas_construction_yoy_log_l2,H2,standard,DEVELOPMENT_PSEUDO_OOS,univariate_umidas,construction_yoy_log,construction,2,1,0.4184385024108668,0.4184385024108668,0.4184385024108668,0.4184385024108668,0.4184385024108668,0.4184385024108668,0.693444597778818,0.693444597778818,1.0,,1.0,,not calculated: fewer than 8 matched forecasts,0.6034202353744956,0.6034202353744956,0.9444444444444444
challenger_umidas_construction_yoy_log_l2,H2,standard,HISTORICAL_POST_DEVELOPMENT_TEST,univariate_umidas,construction_yoy_log,construction,2,4,0.6379095560291055,0.5519178532602169,0.3422251386599442,0.3434500555609752,0.40033713228236856,1.1013858727183718,0.8662872552429961,0.6668517621268637,0.5,0.772409041711009,0.75,,not calculated: fewer than 8 matched forecasts,0.7363718583741256,0.8276469893397665,0.0
challenger_umidas_construction_yoy_log_l2,H3,conservative,DEVELOPMENT_PSEUDO_OOS,univariate_umidas,construction_yoy_log,construction,2,1,0.4184385024108668,0.4184385024108668,0.4184385024108668,0.4184385024108668,0.4184385024108668,0.4184385024108668,0.693444597778818,0.693444597778818,1.0,,1.0,,not calculated: fewer than 8 matched forecasts,0.6034202353744956,0.6034202353744956,0.9444444444444444
challenger_umidas_construction_yoy_log_l2,H3,conservative,HISTORICAL_POST_DEVELOPMENT_TEST,univariate_umidas,construction_yoy_log,construction,2,4,0.6379095560291055,0.5519178532602169,0.3422251386599442,0.3434500555609752,0.40033713228236856,1.1013858727183718,0.8662872552429961,0.6668517621268637,0.5,0.772409041711009,0.75,,not calculated: fewer than 8 matched forecasts,0.7363718583741256,0.8276469893397665,0.0
challenger_umidas_construction_yoy_log_l2,H3,standard,DEVELOPMENT_PSEUDO_OOS,univariate_umidas,construction_yoy_log,construction,2,2,0.5837857899927229,0.5688593161906472,0.5688593161906472,0.5688593161906472,0.5688593161906472,0.7000268692689025,0.24874492484919333,0.24113558853959116,0.0,1.0,1.0,,not calculated: fewer than 8 matched forecasts,2.346925431128514,2.3590848602476124,0.8888888888888888
challenger_umidas_construction_yoy_log_l2,H3,standard,HISTORICAL_POST_DEVELOPMENT_TEST,univariate_umidas,construction_yoy_log,construction,2,4,1.3249948254242367,1.184303956819739,1.184303956819739,1.0261419199918431,1.0261419199918431,2.1469532902562314,0.5297814262018278,0.3705560639322456,0.0,0.5964061745169649,1.0,,not calculated: fewer than 8 matched forecasts,2.5010216664701663,3.19601828736038,0.0
challenger_umidas_construction_yoy_log_l3,H1,conservative,DEVELOPMENT_PSEUDO_OOS,univariate_umidas,construction_yoy_log,construction,3,0,,,,,,,,,,,,,,,,1.0
challenger_umidas_construction_yoy_log_l3,H1,conservative,HISTORICAL_POST_DEVELOPMENT_TEST,univariate_umidas,construction_yoy_log,construction,3,4,0.7318883356480238,0.6182615149429658,0.5602825250561938,0.5930551342212182,0.5930551342212182,1.1709778115558827,0.799938051857473,0.6256251475500503,0.75,0.5456041638717801,0.75,,not calculated: fewer than 8 matched forecasts,0.9149312674257258,0.98822996064669,0.0
challenger_umidas_construction_yoy_log_l3,H1,standard,DEVELOPMENT_PSEUDO_OOS,univariate_umidas,construction_yoy_log,construction,3,1,0.449161248035324,0.449161248035324,0.449161248035324,0.449161248035324,0.449161248035324,0.449161248035324,0.6366876702296107,0.6366876702296107,1.0,,1.0,,not calculated: fewer than 8 matched forecasts,0.7054655980275879,0.7054655980275879,0.9444444444444444
challenger_umidas_construction_yoy_log_l3,H1,standard,HISTORICAL_POST_DEVELOPMENT_TEST,univariate_umidas,construction_yoy_log,construction,3,4,0.6275764934393832,0.437178724624361,0.3633135463853947,0.19568847233600373,0.21331209802592532,1.209607597347504,0.851830629865615,0.7137680464798368,1.0,0.7671387733120961,0.75,,not calculated: fewer than 8 matched forecasts,0.7367385856251609,0.6124941103492098,0.0
challenger_umidas_construction_yoy_log_l3,H2,conservative,DEVELOPMENT_PSEUDO_OOS,univariate_umidas,construction_yoy_log,construction,3,1,0.449161248035324,0.449161248035324,0.449161248035324,0.449161248035324,0.449161248035324,0.449161248035324,0.6366876702296107,0.6366876702296107,1.0,,1.0,,not calculated: fewer than 8 matched forecasts,0.7054655980275879,0.7054655980275879,0.9444444444444444
challenger_umidas_construction_yoy_log_l3,H2,conservative,HISTORICAL_POST_DEVELOPMENT_TEST,univariate_umidas,construction_yoy_log,construction,3,4,0.6275764934393832,0.437178724624361,0.3633135463853947,0.19568847233600373,0.21331209802592532,1.209607597347504,0.851830629865615,0.7137680464798368,1.0,0.7671387733120961,0.75,,not calculated: fewer than 8 matched forecasts,0.7367385856251609,0.6124941103492098,0.0
challenger_umidas_construction_yoy_log_l3,H2,standard,DEVELOPMENT_PSEUDO_OOS,univariate_umidas,construction_yoy_log,construction,3,1,0.16973281568557663,0.16973281568557663,0.16973281568557663,0.16973281568557663,0.16973281568557663,0.16973281568557663,0.693444597778818,0.693444597778818,1.0,,1.0,,not calculated: fewer than 8 matched forecasts,0.24476766598117597,0.24476766598117597,0.9444444444444444
challenger_umidas_construction_yoy_log_l3,H2,standard,HISTORICAL_POST_DEVELOPMENT_TEST,univariate_umidas,construction_yoy_log,construction,3,4,0.6112332597943797,0.43260149058943975,0.2938051833892952,0.1472823304171209,0.27611884823495236,1.158248687123228,0.8662872552429961,0.6668517621268637,0.75,0.8740255032254405,0.75,,not calculated: fewer than 8 matched forecasts,0.7055780355708072,0.6487221226044244,0.0
challenger_umidas_construction_yoy_log_l3,H3,conservative,DEVELOPMENT_PSEUDO_OOS,univariate_umidas,construction_yoy_log,construction,3,1,0.16973281568557663,0.16973281568557663,0.16973281568557663,0.16973281568557663,0.16973281568557663,0.16973281568557663,0.693444597778818,0.693444597778818,1.0,,1.0,,not calculated: fewer than 8 matched forecasts,0.24476766598117597,0.24476766598117597,0.9444444444444444
challenger_umidas_construction_yoy_log_l3,H3,conservative,HISTORICAL_POST_DEVELOPMENT_TEST,univariate_umidas,construction_yoy_log,construction,3,4,0.6112332597943797,0.43260149058943975,0.2938051833892952,0.1472823304171209,0.27611884823495236,1.158248687123228,0.8662872552429961,0.6668517621268637,0.75,0.8740255032254405,0.75,,not calculated: fewer than 8 matched forecasts,0.7055780355708072,0.6487221226044244,0.0
challenger_umidas_construction_yoy_log_l3,H3,standard,DEVELOPMENT_PSEUDO_OOS,univariate_umidas,construction_yoy_log,construction,3,1,0.5161514967703775,0.5161514967703775,0.5161514967703775,0.5161514967703775,0.5161514967703775,0.5161514967703775,0.1800809771011762,0.1800809771011762,0.0,,1.0,,not calculated: fewer than 8 matched forecasts,2.8662188815223075,2.8662188815223075,0.9444444444444444
challenger_umidas_construction_yoy_log_l3,H3,standard,HISTORICAL_POST_DEVELOPMENT_TEST,univariate_umidas,construction_yoy_log,construction,3,4,0.6897563553154074,0.6181608975114123,0.34232250582591206,0.3976553383645274,0.5184650139626985,1.125656129945594,0.5297814262018278,0.3705560639322456,0.0,0.935163605131167,0.75,,not calculated: fewer than 8 matched forecasts,1.3019640198798417,1.6681980344664933,0.0
challenger_umidas_cpi_food_mom_log_l1,H1,conservative,DEVELOPMENT_PSEUDO_OOS,univariate_umidas,cpi_food_mom_log,cpi_food,1,5,0.7810953061647787,0.594204933639368,-0.09573707433779717,0.232521349430737,0.384665979333521,1.5571699495934368,0.48360539792390383,0.4586121320707184,0.8,0.01282883521665006,0.6,,not calculated: fewer than 8 matched forecasts,1.615150098650647,1.295658993922431,0.7222222222222222
challenger_umidas_cpi_food_mom_log_l1,H1,conservative,HISTORICAL_POST_DEVELOPMENT_TEST,univariate_umidas,cpi_food_mom_log,cpi_food,1,4,1.0238068875810324,0.8533426390107739,0.8533426390107739,0.7578816551523997,0.7578816551523997,1.7320817276879978,0.799938051857473,0.6256251475500503,0.25,0.67802223127148,1.0,,not calculated: fewer than 8 matched forecasts,1.2798577154865072,1.3639839164913141,0.0
challenger_umidas_cpi_food_mom_log_l1,H1,standard,DEVELOPMENT_PSEUDO_OOS,univariate_umidas,cpi_food_mom_log,cpi_food,1,5,0.7810953061647787,0.594204933639368,-0.09573707433779717,0.232521349430737,0.384665979333521,1.5571699495934368,0.45773869408471507,0.4147394443900986,0.8,0.26596843696429506,0.6,,not calculated: fewer than 8 matched forecasts,1.7064218434201657,1.4327186422144755,0.7222222222222222
challenger_umidas_cpi_food_mom_log_l1,H1,standard,HISTORICAL_POST_DEVELOPMENT_TEST,univariate_umidas,cpi_food_mom_log,cpi_food,1,4,1.0238068875810324,0.8533426390107739,0.8533426390107739,0.7578816551523997,0.7578816551523997,1.7320817276879978,0.851830629865615,0.7137680464798368,0.25,0.15693380453203548,1.0,,not calculated: fewer than 8 matched forecasts,1.2018902017441524,1.1955461486673316,0.0
challenger_umidas_cpi_food_mom_log_l1,H2,conservative,DEVELOPMENT_PSEUDO_OOS,univariate_umidas,cpi_food_mom_log,cpi_food,1,6,0.22860888573673466,0.17423825352629674,0.1366023817066481,0.09599908880516672,0.10739471771885434,0.46391674813231987,0.44916368288749586,0.41287699871072,0.8333333333333334,0.24538686317006594,0.8333333333333334,,not calculated: fewer than 8 matched forecasts,0.5089656498207924,0.42201007581043726,0.6666666666666666
challenger_umidas_cpi_food_mom_log_l1,H2,conservative,HISTORICAL_POST_DEVELOPMENT_TEST,univariate_umidas,cpi_food_mom_log,cpi_food,1,4,0.9632375331050274,0.896729946967439,0.896729946967439,0.7731733342055582,0.7731733342055582,1.4766970284101513,0.851830629865615,0.7137680464798368,0.0,0.8132562813986508,1.0,,not calculated: fewer than 8 matched forecasts,1.13078527506928,1.2563324337506199,0.0
challenger_umidas_cpi_food_mom_log_l1,H2,standard,DEVELOPMENT_PSEUDO_OOS,univariate_umidas,cpi_food_mom_log,cpi_food,1,6,0.22860888573673466,0.17423825352629674,0.1366023817066481,0.09599908880516672,0.10739471771885434,0.46391674813231987,0.495334629592146,0.45564079295316856,0.8333333333333334,0.1167684706858441,0.8333333333333334,,not calculated: fewer than 8 matched forecasts,0.4615241335437603,0.38240266504014536,0.6666666666666666
challenger_umidas_cpi_food_mom_log_l1,H2,standard,HISTORICAL_POST_DEVELOPMENT_TEST,univariate_umidas,cpi_food_mom_log,cpi_food,1,4,0.9632375331050274,0.896729946967439,0.896729946967439,0.7731733342055582,0.7731733342055582,1.4766970284101513,0.8662872552429961,0.6668517621268637,0.25,0.8535396429735236,1.0,,not calculated: fewer than 8 matched forecasts,1.1119146995125033,1.3447215676650528,0.0
challenger_umidas_cpi_food_mom_log_l1,H3,conservative,DEVELOPMENT_PSEUDO_OOS,univariate_umidas,cpi_food_mom_log,cpi_food,1,6,0.23747687501215806,0.1981813179083988,0.0015128927835371304,0.00800172928641274,0.18407668710310032,0.41730852616746983,0.495334629592146,0.45564079295316856,1.0,-0.27555297825084013,0.5,,not calculated: fewer than 8 matched forecasts,0.47942716059988444,0.43495077915196273,0.6666666666666666
challenger_umidas_cpi_food_mom_log_l1,H3,conservative,HISTORICAL_POST_DEVELOPMENT_TEST,univariate_umidas,cpi_food_mom_log,cpi_food,1,4,0.9546149918975029,0.881537915569903,0.881537915569903,0.6990598610972945,0.6990598610972945,1.513143724576902,0.8662872552429961,0.6668517621268637,0.5,0.8059342698008003,1.0,,not calculated: fewer than 8 matched forecasts,1.1019612560613403,1.3219398457586993,0.0
challenger_umidas_cpi_food_mom_log_l1,H3,standard,DEVELOPMENT_PSEUDO_OOS,univariate_umidas,cpi_food_mom_log,cpi_food,1,6,0.23747687501215806,0.1981813179083988,0.0015128927835371304,0.00800172928641274,0.18407668710310032,0.41730852616746983,0.31172919940339583,0.2775803015524958,0.6666666666666666,0.29508686871145356,0.5,,not calculated: fewer than 8 matched forecasts,0.7618050393311058,0.7139603091428982,0.6666666666666666
challenger_umidas_cpi_food_mom_log_l1,H3,standard,HISTORICAL_POST_DEVELOPMENT_TEST,univariate_umidas,cpi_food_mom_log,cpi_food,1,4,0.9546149918975029,0.881537915569903,0.881537915569903,0.6990598610972945,0.6990598610972945,1.513143724576902,0.5297814262018278,0.3705560639322456,0.0,0.9422965186241352,1.0,,not calculated: fewer than 8 matched forecasts,1.8019034731765562,2.3789596268247495,0.0
challenger_umidas_cpi_food_mom_log_l2,H1,conservative,DEVELOPMENT_PSEUDO_OOS,univariate_umidas,cpi_food_mom_log,cpi_food,2,5,1.4183814554416707,0.9824314128087769,-0.48066159551442506,0.24236574041878,0.6272173438903099,3.005573630930222,0.48360539792390383,0.4586121320707184,0.6,-0.06760940543303494,0.6,,not calculated: fewer than 8 matched forecasts,2.932931397231541,2.1421836539145134,0.7222222222222222
challenger_umidas_cpi_food_mom_log_l2,H1,conservative,HISTORICAL_POST_DEVELOPMENT_TEST,univariate_umidas,cpi_food_mom_log,cpi_food,2,4,1.0182848132832492,0.8435373035332918,0.8435373035332918,0.7499515813264237,0.7499515813264237,1.72797136131837,0.799938051857473,0.6256251475500503,0.25,0.6668600817630376,1.0,,not calculated: fewer than 8 matched forecasts,1.2729545880693767,1.3483110562875966,0.0
challenger_umidas_cpi_food_mom_log_l2,H1,standard,DEVELOPMENT_PSEUDO_OOS,univariate_umidas,cpi_food_mom_log,cpi_food,2,5,1.4183814554416707,0.9824314128087769,-0.48066159551442506,0.24236574041878,0.6272173438903099,3.005573630930222,0.45773869408471507,0.4147394443900986,0.6,0.1832979263151071,0.6,,not calculated: fewer than 8 matched forecasts,3.0986706471862453,2.368791842920816,0.7222222222222222
challenger_umidas_cpi_food_mom_log_l2,H1,standard,HISTORICAL_POST_DEVELOPMENT_TEST,univariate_umidas,cpi_food_mom_log,cpi_food,2,4,1.0182848132832492,0.8435373035332918,0.8435373035332918,0.7499515813264237,0.7499515813264237,1.72797136131837,0.851830629865615,0.7137680464798368,0.25,0.14379706637028752,1.0,,not calculated: fewer than 8 matched forecasts,1.1954076051995148,1.1818087230066565,0.0
challenger_umidas_cpi_food_mom_log_l2,H2,conservative,DEVELOPMENT_PSEUDO_OOS,univariate_umidas,cpi_food_mom_log,cpi_food,2,5,0.9273970499773506,0.7515384947646495,0.10127662660976071,0.3221811564206689,0.8900467757186199,1.5992482555673568,0.45773869408471507,0.4147394443900986,0.4,0.2084357297532835,0.6,,not calculated: fewer than 8 matched forecasts,2.026040319426687,1.8120738331745512,0.7222222222222222
challenger_umidas_cpi_food_mom_log_l2,H2,conservative,HISTORICAL_POST_DEVELOPMENT_TEST,univariate_umidas,cpi_food_mom_log,cpi_food,2,4,1.1254353338841399,0.901524162569675,0.901524162569675,0.6755834661407643,0.6755834661407643,2.010732040615398,0.851830629865615,0.7137680464798368,0.25,0.40185757738374345,1.0,,not calculated: fewer than 8 matched forecasts,1.3211961326885941,1.2630492034713718,0.0
challenger_umidas_cpi_food_mom_log_l2,H2,standard,DEVELOPMENT_PSEUDO_OOS,univariate_umidas,cpi_food_mom_log,cpi_food,2,5,0.9273970499773506,0.7515384947646495,0.10127662660976071,0.3221811564206689,0.8900467757186199,1.5992482555673568,0.5113466351414381,0.4655873119233128,0.4,0.348376189936111,0.6,,not calculated: fewer than 8 matched forecasts,1.813636750969982,1.6141730573801287,0.7222222222222222
challenger_umidas_cpi_food_mom_log_l2,H2,standard,HISTORICAL_POST_DEVELOPMENT_TEST,univariate_umidas,cpi_food_mom_log,cpi_food,2,4,1.1254353338841399,0.901524162569675,0.901524162569675,0.6755834661407643,0.6755834661407643,2.010732040615398,0.8662872552429961,0.6668517621268637,0.25,0.5328933099488737,1.0,,not calculated: fewer than 8 matched forecasts,1.299147975538959,1.3519108950006293,0.0
challenger_umidas_cpi_food_mom_log_l2,H3,conservative,DEVELOPMENT_PSEUDO_OOS,univariate_umidas,cpi_food_mom_log,cpi_food,2,6,0.31882060033163145,0.270565048319461,-0.01628375332533727,0.06600767532721408,0.2981302400358956,0.5507290017667197,0.495334629592146,0.45564079295316856,0.8333333333333334,-0.5903926312597152,0.6666666666666666,,not calculated: fewer than 8 matched forecasts,0.6436469030928554,0.5938121706922542,0.6666666666666666
challenger_umidas_cpi_food_mom_log_l2,H3,conservative,HISTORICAL_POST_DEVELOPMENT_TEST,univariate_umidas,cpi_food_mom_log,cpi_food,2,4,0.9745819102103911,0.9054284782153583,0.9054284782153583,0.7665606260761924,0.7665606260761924,1.4944875179388903,0.8662872552429961,0.6668517621268637,0.25,0.8492414950740221,1.0,,not calculated: fewer than 8 matched forecasts,1.125010098338591,1.357765742910502,0.0
challenger_umidas_cpi_food_mom_log_l2,H3,standard,DEVELOPMENT_PSEUDO_OOS,univariate_umidas,cpi_food_mom_log,cpi_food,2,6,0.31882060033163145,0.270565048319461,-0.01628375332533727,0.06600767532721408,0.2981302400358956,0.5507290017667197,0.31172919940339583,0.2775803015524958,0.5,0.017297787844426694,0.6666666666666666,,not calculated: fewer than 8 matched forecasts,1.0227485937852712,0.9747271215075466,0.6666666666666666
challenger_umidas_cpi_food_mom_log_l2,H3,standard,HISTORICAL_POST_DEVELOPMENT_TEST,univariate_umidas,cpi_food_mom_log,cpi_food,2,4,0.9745819102103911,0.9054284782153583,0.9054284782153583,0.7665606260761924,0.7665606260761924,1.4944875179388903,0.5297814262018278,0.3705560639322456,0.0,0.9561590926241694,1.0,,not calculated: fewer than 8 matched forecasts,1.8395924470162723,2.4434318213745696,0.0
challenger_umidas_cpi_food_mom_log_l3,H1,conservative,DEVELOPMENT_PSEUDO_OOS,univariate_umidas,cpi_food_mom_log,cpi_food,3,5,1.3995944045822764,0.9502662230148102,-0.48285117514885256,0.002255542451420567,0.6359572056095439,2.946836289799613,0.48360539792390383,0.4586121320707184,0.4,-0.09882381153495103,0.6,,not calculated: fewer than 8 matched forecasts,2.8940835040110637,2.072047720857673,0.7222222222222222
challenger_umidas_cpi_food_mom_log_l3,H1,conservative,HISTORICAL_POST_DEVELOPMENT_TEST,univariate_umidas,cpi_food_mom_log,cpi_food,3,4,1.0377792583123604,0.8384489171114327,0.8384489171114327,0.7026817016487308,0.7026817016487308,1.7979789160067954,0.799938051857473,0.6256251475500503,0.25,0.6221428991694253,1.0,,not calculated: fewer than 8 matched forecasts,1.2973245314466728,1.3401777732158,0.0
challenger_umidas_cpi_food_mom_log_l3,H1,standard,DEVELOPMENT_PSEUDO_OOS,univariate_umidas,cpi_food_mom_log,cpi_food,3,5,1.3995944045822764,0.9502662230148102,-0.48285117514885256,0.002255542451420567,0.6359572056095439,2.946836289799613,0.45773869408471507,0.4147394443900986,0.2,0.16942808771415702,0.6,,not calculated: fewer than 8 matched forecasts,3.0576274688354164,2.291236668873487,0.7222222222222222
challenger_umidas_cpi_food_mom_log_l3,H1,standard,HISTORICAL_POST_DEVELOPMENT_TEST,univariate_umidas,cpi_food_mom_log,cpi_food,3,4,1.0377792583123604,0.8384489171114327,0.8384489171114327,0.7026817016487308,0.7026817016487308,1.7979789160067954,0.851830629865615,0.7137680464798368,0.25,0.24617124512489327,1.0,,not calculated: fewer than 8 matched forecasts,1.2182929586320237,1.1746798154477456,0.0
challenger_umidas_cpi_food_mom_log_l3,H2,conservative,DEVELOPMENT_PSEUDO_OOS,univariate_umidas,cpi_food_mom_log,cpi_food,3,5,1.003185097523334,0.8479572119485272,0.1746239393251507,0.5192991669187945,0.97549821898797,1.63750439306766,0.45773869408471507,0.4147394443900986,0.2,0.15887718754811914,0.6,,not calculated: fewer than 8 matched forecasts,2.191610869885672,2.044554052956076,0.7222222222222222
challenger_umidas_cpi_food_mom_log_l3,H2,conservative,HISTORICAL_POST_DEVELOPMENT_TEST,univariate_umidas,cpi_food_mom_log,cpi_food,3,4,1.1490647007967738,0.9416745401118018,0.9416745401118018,0.6909386792082235,0.6909386792082235,2.0378689544337103,0.851830629865615,0.7137680464798368,0.25,0.49403493940867527,1.0,,not calculated: fewer than 8 matched forecasts,1.34893564578448,1.3193004993092012,0.0
challenger_umidas_cpi_food_mom_log_l3,H2,standard,DEVELOPMENT_PSEUDO_OOS,univariate_umidas,cpi_food_mom_log,cpi_food,3,5,1.003185097523334,0.8479572119485272,0.1746239393251507,0.5192991669187945,0.97549821898797,1.63750439306766,0.5113466351414381,0.4655873119233128,0.2,0.30368893276252895,0.6,,not calculated: fewer than 8 matched forecasts,1.9618494159951867,1.821263574485455,0.7222222222222222
challenger_umidas_cpi_food_mom_log_l3,H2,standard,HISTORICAL_POST_DEVELOPMENT_TEST,univariate_umidas,cpi_food_mom_log,cpi_food,3,4,1.1490647007967738,0.9416745401118018,0.9416745401118018,0.6909386792082235,0.6909386792082235,2.0378689544337103,0.8662872552429961,0.6668517621268637,0.25,0.6175464643746482,1.0,,not calculated: fewer than 8 matched forecasts,1.32642457088262,1.4121197447366947,0.0
challenger_umidas_cpi_food_mom_log_l3,H3,conservative,DEVELOPMENT_PSEUDO_OOS,univariate_umidas,cpi_food_mom_log,cpi_food,3,5,0.9210211381023409,0.8092646787713461,0.003547433944374312,0.34257896880161187,0.8093007313931482,1.5840859997865415,0.5113466351414381,0.4655873119233128,0.4,0.2005435677773544,0.6,,not calculated: fewer than 8 matched forecasts,1.8011678865308014,1.7381587900845559,0.7222222222222222
challenger_umidas_cpi_food_mom_log_l3,H3,conservative,HISTORICAL_POST_DEVELOPMENT_TEST,univariate_umidas,cpi_food_mom_log,cpi_food,3,4,1.1332237848536744,0.9094660034679871,0.9094660034679871,0.6526724161384632,0.6526724161384632,2.045900072406724,0.8662872552429961,0.6668517621268637,0.25,0.5836395317646315,1.0,,not calculated: fewer than 8 matched forecasts,1.3081385856655616,1.3638203497690808,0.0
challenger_umidas_cpi_food_mom_log_l3,H3,standard,DEVELOPMENT_PSEUDO_OOS,univariate_umidas,cpi_food_mom_log,cpi_food,3,5,0.9210211381023409,0.8092646787713461,0.003547433944374312,0.34257896880161187,0.8093007313931482,1.5840859997865415,0.29675915694592536,0.25753960798676995,0.2,-0.10812064247591706,0.6,,not calculated: fewer than 8 matched forecasts,3.103598040852255,3.1422921122599474,0.7222222222222222
challenger_umidas_cpi_food_mom_log_l3,H3,standard,HISTORICAL_POST_DEVELOPMENT_TEST,univariate_umidas,cpi_food_mom_log,cpi_food,3,4,1.1332237848536744,0.9094660034679871,0.9094660034679871,0.6526724161384632,0.6526724161384632,2.045900072406724,0.5297814262018278,0.3705560639322456,0.0,0.6300822092615431,1.0,,not calculated: fewer than 8 matched forecasts,2.1390402320785715,2.454327676673181,0.0
challenger_umidas_cpi_headline_mom_log_l1,H1,conservative,DEVELOPMENT_PSEUDO_OOS,univariate_umidas,cpi_headline_mom_log,cpi_headline,1,5,0.6009361635519506,0.4996177137991058,-0.041652093341324206,0.2729279677554288,0.3668957972821776,1.138031907109915,0.48360539792390383,0.4586121320707184,0.8,0.04334145503188605,0.6,,not calculated: fewer than 8 matched forecasts,1.2426167411111257,1.0894123353066123,0.7222222222222222
challenger_umidas_cpi_headline_mom_log_l1,H1,conservative,HISTORICAL_POST_DEVELOPMENT_TEST,univariate_umidas,cpi_headline_mom_log,cpi_headline,1,4,0.9553073248154142,0.7477682444709708,0.7477682444709708,0.6380081601008452,0.6380081601008452,1.6779352426189877,0.799938051857473,0.6256251475500503,0.25,0.6515388113203232,1.0,,not calculated: fewer than 8 matched forecasts,1.1942266311712144,1.1952336753073836,0.0
challenger_umidas_cpi_headline_mom_log_l1,H1,standard,DEVELOPMENT_PSEUDO_OOS,univariate_umidas,cpi_headline_mom_log,cpi_headline,1,5,0.6009361635519506,0.4996177137991058,-0.041652093341324206,0.2729279677554288,0.3668957972821776,1.138031907109915,0.45773869408471507,0.4147394443900986,0.6,0.24723997097353118,0.6,,not calculated: fewer than 8 matched forecasts,1.3128367151777942,1.2046544416189453,0.7222222222222222
challenger_umidas_cpi_headline_mom_log_l1,H1,standard,HISTORICAL_POST_DEVELOPMENT_TEST,univariate_umidas,cpi_headline_mom_log,cpi_headline,1,4,0.9553073248154142,0.7477682444709708,0.7477682444709708,0.6380081601008452,0.6380081601008452,1.6779352426189877,0.851830629865615,0.7137680464798368,0.25,0.16631173461712917,1.0,,not calculated: fewer than 8 matched forecasts,1.1214756681925417,1.047634799790795,0.0
challenger_umidas_cpi_headline_mom_log_l1,H2,conservative,DEVELOPMENT_PSEUDO_OOS,univariate_umidas,cpi_headline_mom_log,cpi_headline,1,6,0.2067165600220375,0.13431467584896714,0.08869841060540029,0.03448855212466606,0.08154725291948939,0.47069346133936296,0.44916368288749586,0.41287699871072,1.0,0.729935288248691,0.8333333333333334,,not calculated: fewer than 8 matched forecasts,0.46022545432243855,0.3253140191107473,0.6666666666666666
challenger_umidas_cpi_headline_mom_log_l1,H2,conservative,HISTORICAL_POST_DEVELOPMENT_TEST,univariate_umidas,cpi_headline_mom_log,cpi_headline,1,4,0.9595564777085095,0.8899122921580578,0.8899122921580578,0.7354419855991909,0.7354419855991909,1.5025012728327054,0.851830629865615,0.7137680464798368,0.25,0.7752086137050993,1.0,,not calculated: fewer than 8 matched forecasts,1.126463928468843,1.24678079461098,0.0
challenger_umidas_cpi_headline_mom_log_l1,H2,standard,DEVELOPMENT_PSEUDO_OOS,univariate_umidas,cpi_headline_mom_log,cpi_headline,1,6,0.2067165600220375,0.13431467584896714,0.08869841060540029,0.03448855212466606,0.08154725291948939,0.47069346133936296,0.495334629592146,0.45564079295316856,1.0,0.6334760501118777,0.8333333333333334,,not calculated: fewer than 8 matched forecasts,0.41732709096524506,0.29478193771551137,0.6666666666666666
challenger_umidas_cpi_headline_mom_log_l1,H2,standard,HISTORICAL_POST_DEVELOPMENT_TEST,univariate_umidas,cpi_headline_mom_log,cpi_headline,1,4,0.9595564777085095,0.8899122921580578,0.8899122921580578,0.7354419855991909,0.7354419855991909,1.5025012728327054,0.8662872552429961,0.6668517621268637,0.5,0.8343547756794495,1.0,,not calculated: fewer than 8 matched forecasts,1.1076654676621684,1.3344979239760313,0.0
challenger_umidas_cpi_headline_mom_log_l1,H3,conservative,DEVELOPMENT_PSEUDO_OOS,univariate_umidas,cpi_headline_mom_log,cpi_headline,1,6,0.4341196732329908,0.32653986853178196,0.1802223639402989,0.07625472479676665,0.22535438087435056,0.8367306315791989,0.495334629592146,0.45564079295316856,0.8333333333333334,0.5208228439914907,0.6666666666666666,,not calculated: fewer than 8 matched forecasts,0.8764169660224259,0.7166607414919152,0.6666666666666666
challenger_umidas_cpi_headline_mom_log_l1,H3,conservative,HISTORICAL_POST_DEVELOPMENT_TEST,univariate_umidas,cpi_headline_mom_log,cpi_headline,1,4,0.915573257324268,0.8382855297396947,0.8382855297396947,0.6556180429226828,0.6556180429226828,1.4725363402689586,0.8662872552429961,0.6668517621268637,0.5,0.8159211483574408,1.0,,not calculated: fewer than 8 matched forecasts,1.0568933708570456,1.2570792751091464,0.0
challenger_umidas_cpi_headline_mom_log_l1,H3,standard,DEVELOPMENT_PSEUDO_OOS,univariate_umidas,cpi_headline_mom_log,cpi_headline,1,6,0.4341196732329908,0.32653986853178196,0.1802223639402989,0.07625472479676665,0.22535438087435056,0.8367306315791989,0.31172919940339583,0.2775803015524958,0.5,0.18580887775205063,0.6666666666666666,,not calculated: fewer than 8 matched forecasts,1.3926179326923254,1.1763798320898753,0.6666666666666666
challenger_umidas_cpi_headline_mom_log_l1,H3,standard,HISTORICAL_POST_DEVELOPMENT_TEST,univariate_umidas,cpi_headline_mom_log,cpi_headline,1,4,0.915573257324268,0.8382855297396947,0.8382855297396947,0.6556180429226828,0.6556180429226828,1.4725363402689586,0.5297814262018278,0.3705560639322456,0.0,0.9476117140390317,1.0,,not calculated: fewer than 8 matched forecasts,1.7282094313655068,2.262236706759092,0.0
challenger_umidas_cpi_headline_mom_log_l2,H1,conservative,DEVELOPMENT_PSEUDO_OOS,univariate_umidas,cpi_headline_mom_log,cpi_headline,2,5,0.42826475612333875,0.4125223847013542,0.1945339719667027,0.3496283926281665,0.3621756912711884,0.5477672155602038,0.48360539792390383,0.4586121320707184,0.6,-0.3602688305394041,0.8,,not calculated: fewer than 8 matched forecasts,0.885566534124433,0.8995016831297933,0.7222222222222222
challenger_umidas_cpi_headline_mom_log_l2,H1,conservative,HISTORICAL_POST_DEVELOPMENT_TEST,univariate_umidas,cpi_headline_mom_log,cpi_headline,2,4,0.9006022507526892,0.7049803066958071,0.7049803066958071,0.4659709927019726,0.4659709927019726,1.63867821004097,0.799938051857473,0.6256251475500503,0.5,0.874044330440893,1.0,,not calculated: fewer than 8 matched forecasts,1.1258399930613023,1.1268413833051818,0.0
challenger_umidas_cpi_headline_mom_log_l2,H1,standard,DEVELOPMENT_PSEUDO_OOS,univariate_umidas,cpi_headline_mom_log,cpi_headline,2,5,0.42826475612333875,0.4125223847013542,0.1945339719667027,0.3496283926281665,0.3621756912711884,0.5477672155602038,0.45773869408471507,0.4147394443900986,0.8,-0.611417443966244,0.8,,not calculated: fewer than 8 matched forecasts,0.9356096866132066,0.9946543312464415,0.7222222222222222
challenger_umidas_cpi_headline_mom_log_l2,H1,standard,HISTORICAL_POST_DEVELOPMENT_TEST,univariate_umidas,cpi_headline_mom_log,cpi_headline,2,4,0.9006022507526892,0.7049803066958071,0.7049803066958071,0.4659709927019726,0.4659709927019726,1.63867821004097,0.851830629865615,0.7137680464798368,0.5,0.6733753871413203,1.0,,not calculated: fewer than 8 matched forecasts,1.0572550682930577,0.9876882415409752,0.0
challenger_umidas_cpi_headline_mom_log_l2,H2,conservative,DEVELOPMENT_PSEUDO_OOS,univariate_umidas,cpi_headline_mom_log,cpi_headline,2,5,0.6617878346724956,0.6472167363196984,0.021612191945286695,0.47885980459040667,0.6509366015983566,0.8811560280796069,0.45773869408471507,0.4147394443900986,0.2,-0.17559727810079323,0.6,,not calculated: fewer than 8 matched forecasts,1.4457764729630145,1.5605381766170636,0.7222222222222222
challenger_umidas_cpi_headline_mom_log_l2,H2,conservative,HISTORICAL_POST_DEVELOPMENT_TEST,univariate_umidas,cpi_headline_mom_log,cpi_headline,2,4,0.9649621768998603,0.7356752293375721,0.7356752293375721,0.5475499301921785,0.5475499301921785,1.7581939220703413,0.851830629865615,0.7137680464798368,0.25,0.3648322661643414,1.0,,not calculated: fewer than 8 matched forecasts,1.1328099073545794,1.0306922997825094,0.0
challenger_umidas_cpi_headline_mom_log_l2,H2,standard,DEVELOPMENT_PSEUDO_OOS,univariate_umidas,cpi_headline_mom_log,cpi_headline,2,5,0.6617878346724956,0.6472167363196984,0.021612191945286695,0.47885980459040667,0.6509366015983566,0.8811560280796069,0.5113466351414381,0.4655873119233128,0.4,-0.022001511639858487,0.6,,not calculated: fewer than 8 matched forecasts,1.2942059049424381,1.390108191836426,0.7222222222222222
challenger_umidas_cpi_headline_mom_log_l2,H2,standard,HISTORICAL_POST_DEVELOPMENT_TEST,univariate_umidas,cpi_headline_mom_log,cpi_headline,2,4,0.9649621768998603,0.7356752293375721,0.7356752293375721,0.5475499301921785,0.5475499301921785,1.7581939220703413,0.8662872552429961,0.6668517621268637,0.25,0.5090120844855452,1.0,,not calculated: fewer than 8 matched forecasts,1.1139055446789248,1.1032065462213103,0.0
challenger_umidas_cpi_headline_mom_log_l2,H3,conservative,DEVELOPMENT_PSEUDO_OOS,univariate_umidas,cpi_headline_mom_log,cpi_headline,2,6,0.6016175052634974,0.4061679945952921,0.25726037218214975,0.06346664713885009,0.261083204830006,1.2868566368336154,0.495334629592146,0.45564079295316856,0.6666666666666666,0.4585534783750466,0.8333333333333334,,not calculated: fewer than 8 matched forecasts,1.2145678281344143,0.8914214900794422,0.6666666666666666
challenger_umidas_cpi_headline_mom_log_l2,H3,conservative,HISTORICAL_POST_DEVELOPMENT_TEST,univariate_umidas,cpi_headline_mom_log,cpi_headline,2,4,0.9229456914664773,0.8471478357586832,0.8471478357586832,0.6723222720255397,0.6723222720255397,1.4733456153398885,0.8662872552429961,0.6668517621268637,0.5,0.8279381089366125,1.0,,not calculated: fewer than 8 matched forecasts,1.0654037513314083,1.2703690443237061,0.0
challenger_umidas_cpi_headline_mom_log_l2,H3,standard,DEVELOPMENT_PSEUDO_OOS,univariate_umidas,cpi_headline_mom_log,cpi_headline,2,6,0.6016175052634974,0.4061679945952921,0.25726037218214975,0.06346664713885009,0.261083204830006,1.2868566368336154,0.31172919940339583,0.2775803015524958,0.3333333333333333,0.14587363250918747,0.8333333333333334,,not calculated: fewer than 8 matched forecasts,1.9299363242676832,1.4632450225164046,0.6666666666666666
challenger_umidas_cpi_headline_mom_log_l2,H3,standard,HISTORICAL_POST_DEVELOPMENT_TEST,univariate_umidas,cpi_headline_mom_log,cpi_headline,2,4,0.9229456914664773,0.8471478357586832,0.8471478357586832,0.6723222720255397,0.6723222720255397,1.4733456153398885,0.5297814262018278,0.3705560639322456,0.0,0.952898686412663,1.0,,not calculated: fewer than 8 matched forecasts,1.7421254234663712,2.286152942064875,0.0
challenger_umidas_cpi_headline_mom_log_l3,H1,conservative,DEVELOPMENT_PSEUDO_OOS,univariate_umidas,cpi_headline_mom_log,cpi_headline,3,5,0.34366498226194836,0.3094779823975866,0.027068628331729627,0.07728043959049913,0.3677084291612429,0.4996346562136038,0.48360539792390383,0.4586121320707184,0.8,-0.43709909438998423,0.6,,not calculated: fewer than 8 matched forecasts,0.7106309891024514,0.6748142073787635,0.7222222222222222
challenger_umidas_cpi_headline_mom_log_l3,H1,conservative,HISTORICAL_POST_DEVELOPMENT_TEST,univariate_umidas,cpi_headline_mom_log,cpi_headline,3,4,0.9046195369927659,0.6614584446600951,0.6614584446600951,0.428401151332404,0.428401151332404,1.6572950893340126,0.799938051857473,0.6256251475500503,0.5,0.7117906105921685,1.0,,not calculated: fewer than 8 matched forecasts,1.1308619897406058,1.057275985868484,0.0
challenger_umidas_cpi_headline_mom_log_l3,H1,standard,DEVELOPMENT_PSEUDO_OOS,univariate_umidas,cpi_headline_mom_log,cpi_headline,3,5,0.34366498226194836,0.3094779823975866,0.027068628331729627,0.07728043959049913,0.3677084291612429,0.4996346562136038,0.45773869408471507,0.4147394443900986,0.8,-0.4473370547785722,0.6,,not calculated: fewer than 8 matched forecasts,0.7507885758907357,0.746198574993739,0.7222222222222222
challenger_umidas_cpi_headline_mom_log_l3,H1,standard,HISTORICAL_POST_DEVELOPMENT_TEST,univariate_umidas,cpi_headline_mom_log,cpi_headline,3,4,0.9046195369927659,0.6614584446600951,0.6614584446600951,0.428401151332404,0.428401151332404,1.6572950893340126,0.851830629865615,0.7137680464798368,0.5,0.6543555772838452,1.0,,not calculated: fewer than 8 matched forecasts,1.0619711304998258,0.9267134441255498,0.0
challenger_umidas_cpi_headline_mom_log_l3,H2,conservative,DEVELOPMENT_PSEUDO_OOS,univariate_umidas,cpi_headline_mom_log,cpi_headline,3,5,1.198539966371321,0.9132452194390556,-0.29765269601130695,0.46507613988716745,0.5638623419378836,2.4633824466880228,0.45773869408471507,0.4147394443900986,0.4,0.19582490391019183,0.6,,not calculated: fewer than 8 matched forecasts,2.618393380021973,2.2019733878508765,0.7222222222222222
challenger_umidas_cpi_headline_mom_log_l3,H2,conservative,HISTORICAL_POST_DEVELOPMENT_TEST,univariate_umidas,cpi_headline_mom_log,cpi_headline,3,4,0.9358407713513887,0.7147578636488163,0.7147578636488163,0.4716306402217918,0.4716306402217918,1.7256939188697213,0.851830629865615,0.7137680464798368,0.25,0.5704559949138379,1.0,,not calculated: fewer than 8 matched forecasts,1.098623057847811,1.0013867490620532,0.0
challenger_umidas_cpi_headline_mom_log_l3,H2,standard,DEVELOPMENT_PSEUDO_OOS,univariate_umidas,cpi_headline_mom_log,cpi_headline,3,5,1.198539966371321,0.9132452194390556,-0.29765269601130695,0.46507613988716745,0.5638623419378836,2.4633824466880228,0.5113466351414381,0.4655873119233128,0.6,0.3463044114921884,0.6,,not calculated: fewer than 8 matched forecasts,2.343889416696378,1.96149077960586,0.7222222222222222
challenger_umidas_cpi_headline_mom_log_l3,H2,standard,HISTORICAL_POST_DEVELOPMENT_TEST,univariate_umidas,cpi_headline_mom_log,cpi_headline,3,4,0.9358407713513887,0.7147578636488163,0.7147578636488163,0.4716306402217918,0.4716306402217918,1.7256939188697213,0.8662872552429961,0.6668517621268637,0.25,0.69283070691451,1.0,,not calculated: fewer than 8 matched forecasts,1.0802892062505094,1.0718392066164157,0.0
challenger_umidas_cpi_headline_mom_log_l3,H3,conservative,DEVELOPMENT_PSEUDO_OOS,univariate_umidas,cpi_headline_mom_log,cpi_headline,3,5,0.8646128773503361,0.8209312445351553,0.43886586679064693,0.7256586325999059,0.852143616018127,1.196701187891854,0.5113466351414381,0.4655873119233128,0.2,0.8310378040424837,0.8,,not calculated: fewer than 8 matched forecasts,1.690854731274774,1.7632165299864775,0.7222222222222222
challenger_umidas_cpi_headline_mom_log_l3,H3,conservative,HISTORICAL_POST_DEVELOPMENT_TEST,univariate_umidas,cpi_headline_mom_log,cpi_headline,3,4,0.8788612443123082,0.6085295727088575,0.6030856902329549,0.37348046346276753,0.37348046346276753,1.6762695989580898,0.8662872552429961,0.6668517621268637,0.25,0.5599657993590942,0.75,,not calculated: fewer than 8 matched forecasts,1.0145148032517055,0.9125409982692514,0.0
challenger_umidas_cpi_headline_mom_log_l3,H3,standard,DEVELOPMENT_PSEUDO_OOS,univariate_umidas,cpi_headline_mom_log,cpi_headline,3,5,0.8646128773503361,0.8209312445351553,0.43886586679064693,0.7256586325999059,0.852143616018127,1.196701187891854,0.29675915694592536,0.25753960798676995,0.0,0.27897910645939106,0.8,,not calculated: fewer than 8 matched forecasts,2.913517096653174,3.1875921958277087,0.7222222222222222
challenger_umidas_cpi_headline_mom_log_l3,H3,standard,HISTORICAL_POST_DEVELOPMENT_TEST,univariate_umidas,cpi_headline_mom_log,cpi_headline,3,4,0.8788612443123082,0.6085295727088575,0.6030856902329549,0.37348046346276753,0.37348046346276753,1.6762695989580898,0.5297814262018278,0.3705560639322456,0.25,0.6518539724387197,0.75,,not calculated: fewer than 8 matched forecasts,1.6589129041634114,1.642206488948793,0.0
challenger_umidas_cpi_services_mom_log_l1,H1,conservative,DEVELOPMENT_PSEUDO_OOS,univariate_umidas,cpi_services_mom_log,cpi_services,1,5,0.22043223623742858,0.14721775923954858,0.13100400385584585,0.08061850759847466,0.08061850759847466,0.46986492587981754,0.48360539792390383,0.4586121320707184,1.0,0.9566960486626109,0.8,,not calculated: fewer than 8 matched forecasts,0.45581012367466167,0.32100711896746653,0.7222222222222222
challenger_umidas_cpi_services_mom_log_l1,H1,conservative,HISTORICAL_POST_DEVELOPMENT_TEST,univariate_umidas,cpi_services_mom_log,cpi_services,1,4,0.9090773583455665,0.8277981898495803,0.8277981898495803,0.6349897618561671,0.6349897618561671,1.4732346667157339,0.799938051857473,0.6256251475500503,0.0,0.9787632813608352,1.0,,not calculated: fewer than 8 matched forecasts,1.13643469795526,1.32315363775136,0.0
challenger_umidas_cpi_services_mom_log_l1,H1,standard,DEVELOPMENT_PSEUDO_OOS,univariate_umidas,cpi_services_mom_log,cpi_services,1,5,0.22043223623742858,0.14721775923954858,0.13100400385584585,0.08061850759847466,0.08061850759847466,0.46986492587981754,0.45773869408471507,0.4147394443900986,1.0,0.8229117769073822,0.8,,not calculated: fewer than 8 matched forecasts,0.4815678444624402,0.35496445112917074,0.7222222222222222
challenger_umidas_cpi_services_mom_log_l1,H1,standard,HISTORICAL_POST_DEVELOPMENT_TEST,univariate_umidas,cpi_services_mom_log,cpi_services,1,4,0.9090773583455665,0.8277981898495803,0.8277981898495803,0.6349897618561671,0.6349897618561671,1.4732346667157339,0.851830629865615,0.7137680464798368,0.25,0.748447686650956,1.0,,not calculated: fewer than 8 matched forecasts,1.0672043555054866,1.1597579829079177,0.0
challenger_umidas_cpi_services_mom_log_l1,H2,conservative,DEVELOPMENT_PSEUDO_OOS,univariate_umidas,cpi_services_mom_log,cpi_services,1,6,0.4365140084905673,0.32016639192127005,0.28347366319255024,0.16988875290011718,0.18258975647648557,0.8559577528374165,0.44916368288749586,0.41287699871072,0.6666666666666666,0.7957960703655903,0.8333333333333334,,not calculated: fewer than 8 matched forecasts,0.9718372725158704,0.7754522361890954,0.6666666666666666
challenger_umidas_cpi_services_mom_log_l1,H2,conservative,HISTORICAL_POST_DEVELOPMENT_TEST,univariate_umidas,cpi_services_mom_log,cpi_services,1,4,0.9639269460000006,0.8797645812057502,0.8797645812057502,0.7310281989141845,0.7310281989141845,1.5438132714165098,0.851830629865615,0.7137680464798368,0.25,0.842791530316913,1.0,,not calculated: fewer than 8 matched forecasts,1.1315946060217041,1.2325636956495538,0.0
challenger_umidas_cpi_services_mom_log_l1,H2,standard,DEVELOPMENT_PSEUDO_OOS,univariate_umidas,cpi_services_mom_log,cpi_services,1,6,0.4365140084905673,0.32016639192127005,0.28347366319255024,0.16988875290011718,0.18258975647648557,0.8559577528374165,0.495334629592146,0.45564079295316856,0.6666666666666666,0.8056866764146488,0.8333333333333334,,not calculated: fewer than 8 matched forecasts,0.8812507392224705,0.7026728003130687,0.6666666666666666
challenger_umidas_cpi_services_mom_log_l1,H2,standard,HISTORICAL_POST_DEVELOPMENT_TEST,univariate_umidas,cpi_services_mom_log,cpi_services,1,4,0.9639269460000006,0.8797645812057502,0.8797645812057502,0.7310281989141845,0.7310281989141845,1.5438132714165098,0.8662872552429961,0.6668517621268637,0.25,0.8955902583760583,1.0,,not calculated: fewer than 8 matched forecasts,1.1127105243278874,1.3192805825387943,0.0
challenger_umidas_cpi_services_mom_log_l1,H3,conservative,DEVELOPMENT_PSEUDO_OOS,univariate_umidas,cpi_services_mom_log,cpi_services,1,6,0.30701657584269676,0.2307280720728017,0.16827676813828596,0.08773597214935247,0.13006449587924962,0.5568302302345582,0.495334629592146,0.45564079295316856,1.0,0.7318470991892863,0.6666666666666666,,not calculated: fewer than 8 matched forecasts,0.6198164987888922,0.506381508506672,0.6666666666666666
challenger_umidas_cpi_services_mom_log_l1,H3,conservative,HISTORICAL_POST_DEVELOPMENT_TEST,univariate_umidas,cpi_services_mom_log,cpi_services,1,4,0.9524443626210605,0.8817515529666307,0.8817515529666307,0.7167291497930584,0.7167291497930584,1.4992855218954375,0.8662872552429961,0.6668517621268637,0.5,0.819658193063649,1.0,,not calculated: fewer than 8 matched forecasts,1.0994555868813942,1.322260212906034,0.0
challenger_umidas_cpi_services_mom_log_l1,H3,standard,DEVELOPMENT_PSEUDO_OOS,univariate_umidas,cpi_services_mom_log,cpi_services,1,6,0.30701657584269676,0.2307280720728017,0.16827676813828596,0.08773597214935247,0.13006449587924962,0.5568302302345582,0.31172919940339583,0.2775803015524958,0.5,0.43553449508190467,0.6666666666666666,,not calculated: fewer than 8 matched forecasts,0.9848823159020126,0.831211980037303,0.6666666666666666
challenger_umidas_cpi_services_mom_log_l1,H3,standard,HISTORICAL_POST_DEVELOPMENT_TEST,univariate_umidas,cpi_services_mom_log,cpi_services,1,4,0.9524443626210605,0.8817515529666307,0.8817515529666307,0.7167291497930584,0.7167291497930584,1.4992855218954375,0.5297814262018278,0.3705560639322456,0.0,0.9486694670979273,1.0,,not calculated: fewer than 8 matched forecasts,1.797806256533828,2.3795361587385995,0.0
challenger_umidas_cpi_services_mom_log_l2,H1,conservative,DEVELOPMENT_PSEUDO_OOS,univariate_umidas,cpi_services_mom_log,cpi_services,2,5,3.941841270563816,1.8946384399443623,-1.6255758074096271,0.08377661805963399,0.11488830578827613,8.800535618384973,0.48360539792390383,0.4586121320707184,0.8,0.1330009066940626,0.8,,not calculated: fewer than 8 matched forecasts,8.150945559098313,4.131243609691964,0.7222222222222222
challenger_umidas_cpi_services_mom_log_l2,H1,conservative,HISTORICAL_POST_DEVELOPMENT_TEST,univariate_umidas,cpi_services_mom_log,cpi_services,2,4,0.9179343270066098,0.8363732466440308,0.8363732466440308,0.6396493278596873,0.6396493278596873,1.4864540589940658,0.799938051857473,0.6256251475500503,0.0,0.9803963683431705,1.0,,not calculated: fewer than 8 matched forecasts,1.1475067661491374,1.336860019005423,0.0
challenger_umidas_cpi_services_mom_log_l2,H1,standard,DEVELOPMENT_PSEUDO_OOS,univariate_umidas,cpi_services_mom_log,cpi_services,2,5,3.941841270563816,1.8946384399443623,-1.6255758074096271,0.08377661805963399,0.11488830578827613,8.800535618384973,0.45773869408471507,0.4147394443900986,0.8,0.39772076526442696,0.8,,not calculated: fewer than 8 matched forecasts,8.611553538085394,4.568261990924331,0.7222222222222222
challenger_umidas_cpi_services_mom_log_l2,H1,standard,HISTORICAL_POST_DEVELOPMENT_TEST,univariate_umidas,cpi_services_mom_log,cpi_services,2,4,0.9179343270066098,0.8363732466440308,0.8363732466440308,0.6396493278596873,0.6396493278596873,1.4864540589940658,0.851830629865615,0.7137680464798368,0.25,0.7433052079916355,1.0,,not calculated: fewer than 8 matched forecasts,1.0776019255745986,1.1717717692307166,0.0
challenger_umidas_cpi_services_mom_log_l2,H2,conservative,DEVELOPMENT_PSEUDO_OOS,univariate_umidas,cpi_services_mom_log,cpi_services,2,5,0.5660723805620577,0.42223910434611495,0.37109710214069247,0.27754072808982144,0.27754072808982144,1.0817167867791984,0.45773869408471507,0.4147394443900986,0.6,0.9225818642093874,0.8,,not calculated: fewer than 8 matched forecasts,1.2366714631673523,1.018082822980691,0.7222222222222222
challenger_umidas_cpi_services_mom_log_l2,H2,conservative,HISTORICAL_POST_DEVELOPMENT_TEST,univariate_umidas,cpi_services_mom_log,cpi_services,2,4,0.9286939319327401,0.8355077000798605,0.8355077000798605,0.6597446201093011,0.6597446201093011,1.5196391513710434,0.851830629865615,0.7137680464798368,0.25,0.8223150923754947,1.0,,not calculated: fewer than 8 matched forecasts,1.0902330808170764,1.1705591251953904,0.0
challenger_umidas_cpi_services_mom_log_l2,H2,standard,DEVELOPMENT_PSEUDO_OOS,univariate_umidas,cpi_services_mom_log,cpi_services,2,5,0.5660723805620577,0.42223910434611495,0.37109710214069247,0.27754072808982144,0.27754072808982144,1.0817167867791984,0.5113466351414381,0.4655873119233128,0.6,0.8853922048864175,0.8,,not calculated: fewer than 8 matched forecasts,1.1070227936583223,0.9068956424131726,0.7222222222222222
challenger_umidas_cpi_services_mom_log_l2,H2,standard,HISTORICAL_POST_DEVELOPMENT_TEST,univariate_umidas,cpi_services_mom_log,cpi_services,2,4,0.9286939319327401,0.8355077000798605,0.8355077000798605,0.6597446201093011,0.6597446201093011,1.5196391513710434,0.8662872552429961,0.6668517621268637,0.5,0.8817903306192142,1.0,,not calculated: fewer than 8 matched forecasts,1.0720392413856288,1.252913687166521,0.0
challenger_umidas_cpi_services_mom_log_l2,H3,conservative,DEVELOPMENT_PSEUDO_OOS,univariate_umidas,cpi_services_mom_log,cpi_services,2,6,1.626808723101203,0.8585593781496166,-0.48380224551199796,0.11850485064998129,0.300607207711884,3.9296411778753146,0.495334629592146,0.45564079295316856,0.6666666666666666,-0.5068650209783884,0.6666666666666666,,not calculated: fewer than 8 matched forecasts,3.2842620441068338,1.8842899745323298,0.6666666666666666
challenger_umidas_cpi_services_mom_log_l2,H3,conservative,HISTORICAL_POST_DEVELOPMENT_TEST,univariate_umidas,cpi_services_mom_log,cpi_services,2,4,1.033979812176972,0.9408542397764095,0.9408542397764095,0.8247150213267709,0.8247150213267709,1.6300459987755938,0.8662872552429961,0.6668517621268637,0.0,0.9431841639534263,1.0,,not calculated: fewer than 8 matched forecasts,1.1935761560833973,1.4108896357649854,0.0
challenger_umidas_cpi_services_mom_log_l2,H3,standard,DEVELOPMENT_PSEUDO_OOS,univariate_umidas,cpi_services_mom_log,cpi_services,2,6,1.626808723101203,0.8585593781496166,-0.48380224551199796,0.11850485064998129,0.300607207711884,3.9296411778753146,0.31172919940339583,0.2775803015524958,0.3333333333333333,-0.14881421858494742,0.6666666666666666,,not calculated: fewer than 8 matched forecasts,5.218660062049617,3.0930126285897357,0.6666666666666666
challenger_umidas_cpi_services_mom_log_l2,H3,standard,HISTORICAL_POST_DEVELOPMENT_TEST,univariate_umidas,cpi_services_mom_log,cpi_services,2,4,1.033979812176972,0.9408542397764095,0.9408542397764095,0.8247150213267709,0.8247150213267709,1.6300459987755938,0.5297814262018278,0.3705560639322456,0.0,0.9918470188874862,1.0,,not calculated: fewer than 8 matched forecasts,1.9517101979016207,2.539033445552898,0.0
challenger_umidas_cpi_services_mom_log_l3,H1,conservative,DEVELOPMENT_PSEUDO_OOS,univariate_umidas,cpi_services_mom_log,cpi_services,3,5,0.29626151320856,0.21981454409360418,-0.15347740942680127,-0.06222726541274515,0.16584283666700728,0.5834729834733485,0.48360539792390383,0.4586121320707184,0.8,0.5607454711386131,0.2,,not calculated: fewer than 8 matched forecasts,0.6126100214770085,0.4793038140990753,0.7222222222222222
challenger_umidas_cpi_services_mom_log_l3,H1,conservative,HISTORICAL_POST_DEVELOPMENT_TEST,univariate_umidas,cpi_services_mom_log,cpi_services,3,4,1.008324719198637,0.7634348735393113,0.7634348735393113,0.5269849888091862,0.5269849888091862,1.8411533166076879,0.799938051857473,0.6256251475500503,0.25,0.91391301054343,1.0,,not calculated: fewer than 8 matched forecasts,1.2605035063118772,1.2202752343458767,0.0
challenger_umidas_cpi_services_mom_log_l3,H1,standard,DEVELOPMENT_PSEUDO_OOS,univariate_umidas,cpi_services_mom_log,cpi_services,3,5,0.29626151320856,0.21981454409360418,-0.15347740942680127,-0.06222726541274515,0.16584283666700728,0.5834729834733485,0.45773869408471507,0.4147394443900986,0.8,0.5274986566454877,0.2,,not calculated: fewer than 8 matched forecasts,0.6472284668897359,0.5300063619867549,0.7222222222222222
challenger_umidas_cpi_services_mom_log_l3,H1,standard,HISTORICAL_POST_DEVELOPMENT_TEST,univariate_umidas,cpi_services_mom_log,cpi_services,3,4,1.008324719198637,0.7634348735393113,0.7634348735393113,0.5269849888091862,0.5269849888091862,1.8411533166076879,0.851830629865615,0.7137680464798368,0.5,0.9134579148431566,1.0,,not calculated: fewer than 8 matched forecasts,1.1837150295449117,1.0695839878296898,0.0
challenger_umidas_cpi_services_mom_log_l3,H2,conservative,DEVELOPMENT_PSEUDO_OOS,univariate_umidas,cpi_services_mom_log,cpi_services,3,5,4.19073166701773,2.251241626022874,-1.463126070509547,0.2764520057559814,0.5790438483486486,9.285919241331053,0.45773869408471507,0.4147394443900986,0.6,0.4766334739447903,0.8,,not calculated: fewer than 8 matched forecasts,9.155292574505705,5.428086613110724,0.7222222222222222
challenger_umidas_cpi_services_mom_log_l3,H2,conservative,HISTORICAL_POST_DEVELOPMENT_TEST,univariate_umidas,cpi_services_mom_log,cpi_services,3,4,0.9401796098691936,0.8484625342502081,0.8484625342502081,0.6734762446324192,0.6734762446324192,1.5289421846011226,0.851830629865615,0.7137680464798368,0.25,0.8225722269137886,1.0,,not calculated: fewer than 8 matched forecasts,1.1037166038717303,1.1887090469160926,0.0
challenger_umidas_cpi_services_mom_log_l3,H2,standard,DEVELOPMENT_PSEUDO_OOS,univariate_umidas,cpi_services_mom_log,cpi_services,3,5,4.19073166701773,2.251241626022874,-1.463126070509547,0.2764520057559814,0.5790438483486486,9.285919241331053,0.5113466351414381,0.4655873119233128,0.6,0.593066653027455,0.8,,not calculated: fewer than 8 matched forecasts,8.195481067081975,4.835272715493753,0.7222222222222222
challenger_umidas_cpi_services_mom_log_l3,H2,standard,HISTORICAL_POST_DEVELOPMENT_TEST,univariate_umidas,cpi_services_mom_log,cpi_services,3,4,0.9401796098691936,0.8484625342502081,0.8484625342502081,0.6734762446324192,0.6734762446324192,1.5289421846011226,0.8662872552429961,0.6668517621268637,0.25,0.8809057757367013,1.0,,not calculated: fewer than 8 matched forecasts,1.085297751039256,1.2723405446873428,0.0
challenger_umidas_cpi_services_mom_log_l3,H3,conservative,DEVELOPMENT_PSEUDO_OOS,univariate_umidas,cpi_services_mom_log,cpi_services,3,5,2.149566176656,1.1938806788564522,-0.763386219952267,0.061846170087803465,0.42849400614062017,4.748856927718013,0.5113466351414381,0.4655873119233128,0.4,-0.8138120727891139,0.6,,not calculated: fewer than 8 matched forecasts,4.203735839703789,2.5642465941019825,0.7222222222222222
challenger_umidas_cpi_services_mom_log_l3,H3,conservative,HISTORICAL_POST_DEVELOPMENT_TEST,univariate_umidas,cpi_services_mom_log,cpi_services,3,4,1.0144854169855837,0.9095787984698436,0.9095787984698436,0.771168493730026,0.771168493730026,1.620166084278151,0.8662872552429961,0.6668517621268637,0.0,0.9347819236701238,1.0,,not calculated: fewer than 8 matched forecasts,1.1710727715843143,1.363989495309758,0.0
challenger_umidas_cpi_services_mom_log_l3,H3,standard,DEVELOPMENT_PSEUDO_OOS,univariate_umidas,cpi_services_mom_log,cpi_services,3,5,2.149566176656,1.1938806788564522,-0.763386219952267,0.061846170087803465,0.42849400614062017,4.748856927718013,0.29675915694592536,0.25753960798676995,0.2,-0.34470442180863237,0.6,,not calculated: fewer than 8 matched forecasts,7.243470424899772,4.635716766788676,0.7222222222222222
challenger_umidas_cpi_services_mom_log_l3,H3,standard,HISTORICAL_POST_DEVELOPMENT_TEST,univariate_umidas,cpi_services_mom_log,cpi_services,3,4,1.0144854169855837,0.9095787984698436,0.9095787984698436,0.771168493730026,0.771168493730026,1.620166084278151,0.5297814262018278,0.3705560639322456,0.0,0.9930258325563006,1.0,,not calculated: fewer than 8 matched forecasts,1.9149131449525394,2.454632070563432,0.0
challenger_umidas_exports_non_gold_yoy_log_l1,H1,conservative,DEVELOPMENT_PSEUDO_OOS,univariate_umidas,exports_non_gold_yoy_log,exports_non_gold,1,1,0.35555409877813826,0.35555409877813826,0.35555409877813826,0.35555409877813826,0.35555409877813826,0.35555409877813826,0.7285867151727796,0.7285867151727796,1.0,,1.0,,not calculated: fewer than 8 matched forecasts,0.4880051905610452,0.4880051905610452,0.9444444444444444
challenger_umidas_exports_non_gold_yoy_log_l1,H1,conservative,HISTORICAL_POST_DEVELOPMENT_TEST,univariate_umidas,exports_non_gold_yoy_log,exports_non_gold,1,4,0.6453117780023994,0.5119356374687289,0.33565272371645816,0.2798418491294701,0.4254279037378059,1.135493024111434,0.799938051857473,0.6256251475500503,0.75,0.984948588438671,0.75,,not calculated: fewer than 8 matched forecasts,0.8067021896307743,0.8182785482224784,0.0
challenger_umidas_exports_non_gold_yoy_log_l1,H1,standard,DEVELOPMENT_PSEUDO_OOS,univariate_umidas,exports_non_gold_yoy_log,exports_non_gold,1,1,0.4384101843446073,0.4384101843446073,0.4384101843446073,0.4384101843446073,0.4384101843446073,0.4384101843446073,0.6366876702296107,0.6366876702296107,1.0,,1.0,,not calculated: fewer than 8 matched forecasts,0.6885796676202353,0.6885796676202353,0.9444444444444444
challenger_umidas_exports_non_gold_yoy_log_l1,H1,standard,HISTORICAL_POST_DEVELOPMENT_TEST,univariate_umidas,exports_non_gold_yoy_log,exports_non_gold,1,4,0.44395196032761647,0.41263687105878155,0.1459347390469583,0.30251752593970016,0.4928733376985135,0.5334042640236465,0.851830629865615,0.7137680464798368,0.5,0.38922109927148885,0.75,,not calculated: fewer than 8 matched forecasts,0.5211739807919967,0.5781105964239015,0.0
challenger_umidas_exports_non_gold_yoy_log_l1,H2,conservative,DEVELOPMENT_PSEUDO_OOS,univariate_umidas,exports_non_gold_yoy_log,exports_non_gold,1,1,0.4384101843446073,0.4384101843446073,0.4384101843446073,0.4384101843446073,0.4384101843446073,0.4384101843446073,0.6366876702296107,0.6366876702296107,1.0,,1.0,,not calculated: fewer than 8 matched forecasts,0.6885796676202353,0.6885796676202353,0.9444444444444444
challenger_umidas_exports_non_gold_yoy_log_l1,H2,conservative,HISTORICAL_POST_DEVELOPMENT_TEST,univariate_umidas,exports_non_gold_yoy_log,exports_non_gold,1,4,0.44395196032761647,0.41263687105878155,0.1459347390469583,0.30251752593970016,0.4928733376985135,0.5334042640236465,0.851830629865615,0.7137680464798368,0.5,0.38922109927148885,0.75,,not calculated: fewer than 8 matched forecasts,0.5211739807919967,0.5781105964239015,0.0
challenger_umidas_exports_non_gold_yoy_log_l1,H2,standard,DEVELOPMENT_PSEUDO_OOS,univariate_umidas,exports_non_gold_yoy_log,exports_non_gold,1,2,0.9148120504927211,0.8552058411166508,0.8552058411166508,0.8552058411166508,0.8552058411166508,1.1800197217416306,0.6043003989889123,0.59646843712166,0.0,-1.0,1.0,,not calculated: fewer than 8 matched forecasts,1.5138365819770145,1.4337822219790264,0.8888888888888888
challenger_umidas_exports_non_gold_yoy_log_l1,H2,standard,HISTORICAL_POST_DEVELOPMENT_TEST,univariate_umidas,exports_non_gold_yoy_log,exports_non_gold,1,4,1.4573383348350002,1.3950639969784169,1.3950639969784169,1.3486098759714804,1.3486098759714804,2.033833062920256,0.8662872552429961,0.6668517621268637,0.0,0.7184684372619483,1.0,,not calculated: fewer than 8 matched forecasts,1.6822807054066755,2.092015161703983,0.0
challenger_umidas_exports_non_gold_yoy_log_l1,H3,conservative,DEVELOPMENT_PSEUDO_OOS,univariate_umidas,exports_non_gold_yoy_log,exports_non_gold,1,2,0.9148120504927211,0.8552058411166508,0.8552058411166508,0.8552058411166508,0.8552058411166508,1.1800197217416306,0.6043003989889123,0.59646843712166,0.0,-1.0,1.0,,not calculated: fewer than 8 matched forecasts,1.5138365819770145,1.4337822219790264,0.8888888888888888
challenger_umidas_exports_non_gold_yoy_log_l1,H3,conservative,HISTORICAL_POST_DEVELOPMENT_TEST,univariate_umidas,exports_non_gold_yoy_log,exports_non_gold,1,4,1.4573383348350002,1.3950639969784169,1.3950639969784169,1.3486098759714804,1.3486098759714804,2.033833062920256,0.8662872552429961,0.6668517621268637,0.0,0.7184684372619483,1.0,,not calculated: fewer than 8 matched forecasts,1.6822807054066755,2.092015161703983,0.0
challenger_umidas_exports_non_gold_yoy_log_l1,H3,standard,DEVELOPMENT_PSEUDO_OOS,univariate_umidas,exports_non_gold_yoy_log,exports_non_gold,1,2,0.8330861494113055,0.8304406478580382,0.8304406478580382,0.8304406478580382,0.8304406478580382,0.8967796463889028,0.24874492484919333,0.24113558853959116,0.0,1.0,1.0,,not calculated: fewer than 8 matched forecasts,3.3491583794780175,3.4438742654599537,0.8888888888888888
challenger_umidas_exports_non_gold_yoy_log_l1,H3,standard,HISTORICAL_POST_DEVELOPMENT_TEST,univariate_umidas,exports_non_gold_yoy_log,exports_non_gold,1,4,1.16740560994866,1.0842369844430912,1.0842369844430912,1.0557336339499108,1.0557336339499108,1.7210600099795217,0.5297814262018278,0.3705560639322456,0.0,0.9156428229418423,1.0,,not calculated: fewer than 8 matched forecasts,2.203560850213575,2.9259728553284146,0.0
challenger_umidas_exports_non_gold_yoy_log_l2,H1,conservative,DEVELOPMENT_PSEUDO_OOS,univariate_umidas,exports_non_gold_yoy_log,exports_non_gold,2,1,0.546986620453878,0.546986620453878,0.546986620453878,0.546986620453878,0.546986620453878,0.546986620453878,0.7285867151727796,0.7285867151727796,1.0,,1.0,,not calculated: fewer than 8 matched forecasts,0.7507501976949493,0.7507501976949493,0.9444444444444444
challenger_umidas_exports_non_gold_yoy_log_l2,H1,conservative,HISTORICAL_POST_DEVELOPMENT_TEST,univariate_umidas,exports_non_gold_yoy_log,exports_non_gold,2,4,0.5583742584229151,0.45179638645229003,-0.08095474480621023,-0.0032647960430942646,0.37410643768917407,0.9187792690487608,0.799938051857473,0.6256251475500503,0.75,0.9746569386546907,0.5,,not calculated: fewer than 8 matched forecasts,0.6980218744768527,0.7221518959420443,0.0
challenger_umidas_exports_non_gold_yoy_log_l2,H1,standard,DEVELOPMENT_PSEUDO_OOS,univariate_umidas,exports_non_gold_yoy_log,exports_non_gold,2,1,0.8194235786434314,0.8194235786434314,0.8194235786434314,0.8194235786434314,0.8194235786434314,0.8194235786434314,0.6366876702296107,0.6366876702296107,0.0,,1.0,,not calculated: fewer than 8 matched forecasts,1.287010282997816,1.287010282997816,0.9444444444444444
challenger_umidas_exports_non_gold_yoy_log_l2,H1,standard,HISTORICAL_POST_DEVELOPMENT_TEST,univariate_umidas,exports_non_gold_yoy_log,exports_non_gold,2,4,0.4762310238729406,0.43751354741236526,0.1743909746373724,0.33294578450466705,0.5398634903857324,0.5579174750901412,0.851830629865615,0.7137680464798368,0.5,0.37948120400096286,0.75,,not calculated: fewer than 8 matched forecasts,0.5590677385574535,0.6129632022196787,0.0
challenger_umidas_exports_non_gold_yoy_log_l2,H2,conservative,DEVELOPMENT_PSEUDO_OOS,univariate_umidas,exports_non_gold_yoy_log,exports_non_gold,2,1,0.8194235786434314,0.8194235786434314,0.8194235786434314,0.8194235786434314,0.8194235786434314,0.8194235786434314,0.6366876702296107,0.6366876702296107,0.0,,1.0,,not calculated: fewer than 8 matched forecasts,1.287010282997816,1.287010282997816,0.9444444444444444
challenger_umidas_exports_non_gold_yoy_log_l2,H2,conservative,HISTORICAL_POST_DEVELOPMENT_TEST,univariate_umidas,exports_non_gold_yoy_log,exports_non_gold,2,4,0.4762310238729406,0.43751354741236526,0.1743909746373724,0.33294578450466705,0.5398634903857324,0.5579174750901412,0.851830629865615,0.7137680464798368,0.5,0.37948120400096286,0.75,,not calculated: fewer than 8 matched forecasts,0.5590677385574535,0.6129632022196787,0.0
challenger_umidas_exports_non_gold_yoy_log_l2,H2,standard,DEVELOPMENT_PSEUDO_OOS,univariate_umidas,exports_non_gold_yoy_log,exports_non_gold,2,1,0.6090846319676348,0.6090846319676348,0.6090846319676348,0.6090846319676348,0.6090846319676348,0.6090846319676348,0.693444597778818,0.693444597778818,1.0,,1.0,,not calculated: fewer than 8 matched forecasts,0.8783464950460388,0.8783464950460388,0.9444444444444444
challenger_umidas_exports_non_gold_yoy_log_l2,H2,standard,HISTORICAL_POST_DEVELOPMENT_TEST,univariate_umidas,exports_non_gold_yoy_log,exports_non_gold,2,4,0.519851245803202,0.49413473660041696,0.19507989915719293,0.35863069238249556,0.5384442695123823,0.6611678867502286,0.8662872552429961,0.6668517621268637,0.5,0.4678441545479325,0.75,,not calculated: fewer than 8 matched forecasts,0.6000910698580948,0.7409963723038215,0.0
challenger_umidas_exports_non_gold_yoy_log_l2,H3,conservative,DEVELOPMENT_PSEUDO_OOS,univariate_umidas,exports_non_gold_yoy_log,exports_non_gold,2,1,0.6090846319676348,0.6090846319676348,0.6090846319676348,0.6090846319676348,0.6090846319676348,0.6090846319676348,0.693444597778818,0.693444597778818,1.0,,1.0,,not calculated: fewer than 8 matched forecasts,0.8783464950460388,0.8783464950460388,0.9444444444444444
challenger_umidas_exports_non_gold_yoy_log_l2,H3,conservative,HISTORICAL_POST_DEVELOPMENT_TEST,univariate_umidas,exports_non_gold_yoy_log,exports_non_gold,2,4,0.519851245803202,0.49413473660041696,0.19507989915719293,0.35863069238249556,0.5384442695123823,0.6611678867502286,0.8662872552429961,0.6668517621268637,0.5,0.4678441545479325,0.75,,not calculated: fewer than 8 matched forecasts,0.6000910698580948,0.7409963723038215,0.0
challenger_umidas_exports_non_gold_yoy_log_l2,H3,standard,DEVELOPMENT_PSEUDO_OOS,univariate_umidas,exports_non_gold_yoy_log,exports_non_gold,2,2,0.9326852696378765,0.7460678930970293,0.7460678930970293,0.7460678930970293,0.7460678930970293,1.305786135688101,0.24874492484919333,0.24113558853959116,0.5,-1.0,1.0,,not calculated: fewer than 8 matched forecasts,3.7495650220937606,3.093976702549384,0.8888888888888888
challenger_umidas_exports_non_gold_yoy_log_l2,H3,standard,HISTORICAL_POST_DEVELOPMENT_TEST,univariate_umidas,exports_non_gold_yoy_log,exports_non_gold,2,4,1.5009730286408611,1.4086219361232089,1.4086219361232089,1.4792704372753036,1.4792704372753036,2.01288992492686,0.5297814262018278,0.3705560639322456,0.0,0.738253443010627,1.0,,not calculated: fewer than 8 matched forecasts,2.83319300074715,3.8013733230412567,0.0
challenger_umidas_exports_non_gold_yoy_log_l3,H1,conservative,DEVELOPMENT_PSEUDO_OOS,univariate_umidas,exports_non_gold_yoy_log,exports_non_gold,3,0,,,,,,,,,,,,,,,,1.0
challenger_umidas_exports_non_gold_yoy_log_l3,H1,conservative,HISTORICAL_POST_DEVELOPMENT_TEST,univariate_umidas,exports_non_gold_yoy_log,exports_non_gold,3,4,0.5057075500115669,0.4345867770723313,0.26786622732755827,0.2887712234411657,0.3980468274119273,0.8273635619174478,0.799938051857473,0.6256251475500503,0.75,0.9439595850684573,0.75,,not calculated: fewer than 8 matched forecasts,0.6321833907479502,0.6946440352888215,0.0
challenger_umidas_exports_non_gold_yoy_log_l3,H1,standard,DEVELOPMENT_PSEUDO_OOS,univariate_umidas,exports_non_gold_yoy_log,exports_non_gold,3,1,0.8311540141530056,0.8311540141530056,0.8311540141530056,0.8311540141530056,0.8311540141530056,0.8311540141530056,0.6366876702296107,0.6366876702296107,0.0,,1.0,,not calculated: fewer than 8 matched forecasts,1.3054344430028995,1.3054344430028995,0.9444444444444444
challenger_umidas_exports_non_gold_yoy_log_l3,H1,standard,HISTORICAL_POST_DEVELOPMENT_TEST,univariate_umidas,exports_non_gold_yoy_log,exports_non_gold,3,4,0.4652752919591085,0.34160641261112157,-0.08702485120678394,0.0783282277645756,0.25458156140433763,0.8486825774076507,0.851830629865615,0.7137680464798368,0.75,0.5064629015301285,0.5,,not calculated: fewer than 8 matched forecasts,0.546206341549975,0.47859583277208473,0.0
challenger_umidas_exports_non_gold_yoy_log_l3,H2,conservative,DEVELOPMENT_PSEUDO_OOS,univariate_umidas,exports_non_gold_yoy_log,exports_non_gold,3,1,0.8311540141530056,0.8311540141530056,0.8311540141530056,0.8311540141530056,0.8311540141530056,0.8311540141530056,0.6366876702296107,0.6366876702296107,0.0,,1.0,,not calculated: fewer than 8 matched forecasts,1.3054344430028995,1.3054344430028995,0.9444444444444444
challenger_umidas_exports_non_gold_yoy_log_l3,H2,conservative,HISTORICAL_POST_DEVELOPMENT_TEST,univariate_umidas,exports_non_gold_yoy_log,exports_non_gold,3,4,0.4652752919591085,0.34160641261112157,-0.08702485120678394,0.0783282277645756,0.25458156140433763,0.8486825774076507,0.851830629865615,0.7137680464798368,0.75,0.5064629015301285,0.5,,not calculated: fewer than 8 matched forecasts,0.546206341549975,0.47859583277208473,0.0
challenger_umidas_exports_non_gold_yoy_log_l3,H2,standard,DEVELOPMENT_PSEUDO_OOS,univariate_umidas,exports_non_gold_yoy_log,exports_non_gold,3,1,1.0055458503015027,1.0055458503015027,1.0055458503015027,1.0055458503015027,1.0055458503015027,1.0055458503015027,0.693444597778818,0.693444597778818,0.0,,1.0,,not calculated: fewer than 8 matched forecasts,1.4500738105428763,1.4500738105428763,0.9444444444444444
challenger_umidas_exports_non_gold_yoy_log_l3,H2,standard,HISTORICAL_POST_DEVELOPMENT_TEST,univariate_umidas,exports_non_gold_yoy_log,exports_non_gold,3,4,0.5564944242835622,0.5309057843970997,0.23518331093539646,0.4177417203298055,0.5871593581920038,0.6966947500053813,0.8662872552429961,0.6668517621268637,0.5,0.4850691020912606,0.75,,not calculated: fewer than 8 matched forecasts,0.6423901782180368,0.7961376344029195,0.0
challenger_umidas_exports_non_gold_yoy_log_l3,H3,conservative,DEVELOPMENT_PSEUDO_OOS,univariate_umidas,exports_non_gold_yoy_log,exports_non_gold,3,1,1.0055458503015027,1.0055458503015027,1.0055458503015027,1.0055458503015027,1.0055458503015027,1.0055458503015027,0.693444597778818,0.693444597778818,0.0,,1.0,,not calculated: fewer than 8 matched forecasts,1.4500738105428763,1.4500738105428763,0.9444444444444444
challenger_umidas_exports_non_gold_yoy_log_l3,H3,conservative,HISTORICAL_POST_DEVELOPMENT_TEST,univariate_umidas,exports_non_gold_yoy_log,exports_non_gold,3,4,0.5564944242835622,0.5309057843970997,0.23518331093539646,0.4177417203298055,0.5871593581920038,0.6966947500053813,0.8662872552429961,0.6668517621268637,0.5,0.4850691020912606,0.75,,not calculated: fewer than 8 matched forecasts,0.6423901782180368,0.7961376344029195,0.0
challenger_umidas_exports_non_gold_yoy_log_l3,H3,standard,DEVELOPMENT_PSEUDO_OOS,univariate_umidas,exports_non_gold_yoy_log,exports_non_gold,3,1,0.7138898484363692,0.7138898484363692,0.7138898484363692,0.7138898484363692,0.7138898484363692,0.7138898484363692,0.1800809771011762,0.1800809771011762,0.0,,1.0,,not calculated: fewer than 8 matched forecasts,3.964271295769787,3.964271295769787,0.9444444444444444
challenger_umidas_exports_non_gold_yoy_log_l3,H3,standard,HISTORICAL_POST_DEVELOPMENT_TEST,univariate_umidas,exports_non_gold_yoy_log,exports_non_gold,3,4,0.6048972211169569,0.5536034753453183,0.21069193366622296,0.3500003053536527,0.6057233761230902,0.8285902073157771,0.5297814262018278,0.3705560639322456,0.25,0.6662930700203109,0.75,,not calculated: fewer than 8 matched forecasts,1.141786388121717,1.4939803425981502,0.0
challenger_umidas_exports_total_yoy_log_l1,H1,conservative,DEVELOPMENT_PSEUDO_OOS,univariate_umidas,exports_total_yoy_log,exports_total,1,1,0.48607457920964237,0.48607457920964237,0.48607457920964237,0.48607457920964237,0.48607457920964237,0.48607457920964237,0.7285867151727796,0.7285867151727796,1.0,,1.0,,not calculated: fewer than 8 matched forecasts,0.6671471893285522,0.6671471893285522,0.9444444444444444
challenger_umidas_exports_total_yoy_log_l1,H1,conservative,HISTORICAL_POST_DEVELOPMENT_TEST,univariate_umidas,exports_total_yoy_log,exports_total,1,4,0.643818117156839,0.5597746521811096,0.19140583519597554,0.2753333932538897,0.591098687037805,0.9516941882463907,0.799938051857473,0.6256251475500503,0.75,0.9845662989462898,0.75,,not calculated: fewer than 8 matched forecasts,0.8048349689852605,0.894744487770654,0.0
challenger_umidas_exports_total_yoy_log_l1,H1,standard,DEVELOPMENT_PSEUDO_OOS,univariate_umidas,exports_total_yoy_log,exports_total,1,1,0.4296442254021331,0.4296442254021331,0.4296442254021331,0.4296442254021331,0.4296442254021331,0.4296442254021331,0.6366876702296107,0.6366876702296107,1.0,,1.0,,not calculated: fewer than 8 matched forecasts,0.6748115999280921,0.6748115999280921,0.9444444444444444
challenger_umidas_exports_total_yoy_log_l1,H1,standard,HISTORICAL_POST_DEVELOPMENT_TEST,univariate_umidas,exports_total_yoy_log,exports_total,1,4,0.5966258075337176,0.5014687997573624,0.31234058937482323,0.3025338104846602,0.4211007650188634,1.0225511572950507,0.851830629865615,0.7137680464798368,0.75,0.7657777497773054,0.75,,not calculated: fewer than 8 matched forecasts,0.700404266547496,0.7025654934127515,0.0
challenger_umidas_exports_total_yoy_log_l1,H2,conservative,DEVELOPMENT_PSEUDO_OOS,univariate_umidas,exports_total_yoy_log,exports_total,1,1,0.4296442254021331,0.4296442254021331,0.4296442254021331,0.4296442254021331,0.4296442254021331,0.4296442254021331,0.6366876702296107,0.6366876702296107,1.0,,1.0,,not calculated: fewer than 8 matched forecasts,0.6748115999280921,0.6748115999280921,0.9444444444444444
challenger_umidas_exports_total_yoy_log_l1,H2,conservative,HISTORICAL_POST_DEVELOPMENT_TEST,univariate_umidas,exports_total_yoy_log,exports_total,1,4,0.5966258075337176,0.5014687997573624,0.31234058937482323,0.3025338104846602,0.4211007650188634,1.0225511572950507,0.851830629865615,0.7137680464798368,0.75,0.7657777497773054,0.75,,not calculated: fewer than 8 matched forecasts,0.700404266547496,0.7025654934127515,0.0
challenger_umidas_exports_total_yoy_log_l1,H2,standard,DEVELOPMENT_PSEUDO_OOS,univariate_umidas,exports_total_yoy_log,exports_total,1,2,0.8491139642736233,0.8011724408377092,0.8011724408377092,0.8011724408377092,0.8011724408377092,1.0824503183300838,0.6043003989889123,0.59646843712166,0.0,-0.9999999999999998,1.0,,not calculated: fewer than 8 matched forecasts,1.405118986673386,1.343193354377436,0.8888888888888888
challenger_umidas_exports_total_yoy_log_l1,H2,standard,HISTORICAL_POST_DEVELOPMENT_TEST,univariate_umidas,exports_total_yoy_log,exports_total,1,4,1.121760965983461,1.019375698483664,1.019375698483664,0.9679926925383335,0.9679926925383335,1.6680886652240572,0.8662872552429961,0.6668517621268637,0.0,0.8841737802589769,1.0,,not calculated: fewer than 8 matched forecasts,1.2949064634095349,1.528639131480221,0.0
challenger_umidas_exports_total_yoy_log_l1,H3,conservative,DEVELOPMENT_PSEUDO_OOS,univariate_umidas,exports_total_yoy_log,exports_total,1,2,0.8491139642736233,0.8011724408377092,0.8011724408377092,0.8011724408377092,0.8011724408377092,1.0824503183300838,0.6043003989889123,0.59646843712166,0.0,-0.9999999999999998,1.0,,not calculated: fewer than 8 matched forecasts,1.405118986673386,1.343193354377436,0.8888888888888888
challenger_umidas_exports_total_yoy_log_l1,H3,conservative,HISTORICAL_POST_DEVELOPMENT_TEST,univariate_umidas,exports_total_yoy_log,exports_total,1,4,1.121760965983461,1.019375698483664,1.019375698483664,0.9679926925383335,0.9679926925383335,1.6680886652240572,0.8662872552429961,0.6668517621268637,0.0,0.8841737802589769,1.0,,not calculated: fewer than 8 matched forecasts,1.2949064634095349,1.528639131480221,0.0
challenger_umidas_exports_total_yoy_log_l1,H3,standard,DEVELOPMENT_PSEUDO_OOS,univariate_umidas,exports_total_yoy_log,exports_total,1,2,0.7365480436260022,0.7207343731601044,0.7207343731601044,0.7207343731601044,0.7207343731601044,0.872540117171333,0.24874492484919333,0.24113558853959116,0.0,1.0,1.0,,not calculated: fewer than 8 matched forecasts,2.9610575736270777,2.9889174697320535,0.8888888888888888
challenger_umidas_exports_total_yoy_log_l1,H3,standard,HISTORICAL_POST_DEVELOPMENT_TEST,univariate_umidas,exports_total_yoy_log,exports_total,1,4,0.9688825930834845,0.8874154641995358,0.8874154641995358,0.9247491975682647,0.9247491975682647,1.383466483476461,0.5297814262018278,0.3705560639322456,0.0,0.8984837759744047,1.0,,not calculated: fewer than 8 matched forecasts,1.828834581894864,2.3948210556386833,0.0
challenger_umidas_exports_total_yoy_log_l2,H1,conservative,DEVELOPMENT_PSEUDO_OOS,univariate_umidas,exports_total_yoy_log,exports_total,2,1,0.5127314802521852,0.5127314802521852,0.5127314802521852,0.5127314802521852,0.5127314802521852,0.5127314802521852,0.7285867151727796,0.7285867151727796,1.0,,1.0,,not calculated: fewer than 8 matched forecasts,0.7037343250632757,0.7037343250632757,0.9444444444444444
challenger_umidas_exports_total_yoy_log_l2,H1,conservative,HISTORICAL_POST_DEVELOPMENT_TEST,univariate_umidas,exports_total_yoy_log,exports_total,2,4,0.6460522234127785,0.5978502500041081,0.25812951698310704,0.4103154455292488,0.6427999271076645,0.8913286429159326,0.799938051857473,0.6256251475500503,0.5,0.9631369271354157,0.75,,not calculated: fewer than 8 matched forecasts,0.8076278180699512,0.9556045698375317,0.0
challenger_umidas_exports_total_yoy_log_l2,H1,standard,DEVELOPMENT_PSEUDO_OOS,univariate_umidas,exports_total_yoy_log,exports_total,2,1,0.48624939516187027,0.48624939516187027,0.48624939516187027,0.48624939516187027,0.48624939516187027,0.48624939516187027,0.6366876702296107,0.6366876702296107,1.0,,1.0,,not calculated: fewer than 8 matched forecasts,0.7637173105402097,0.7637173105402097,0.9444444444444444
challenger_umidas_exports_total_yoy_log_l2,H1,standard,HISTORICAL_POST_DEVELOPMENT_TEST,univariate_umidas,exports_total_yoy_log,exports_total,2,4,0.6441900202933745,0.5604348750278665,0.1923011690588221,0.2764258614475552,0.5911444499041285,0.9526203652782668,0.851830629865615,0.7137680464798368,0.75,0.7488269626634111,0.75,,not calculated: fewer than 8 matched forecasts,0.7562419073789376,0.7851778708669024,0.0
challenger_umidas_exports_total_yoy_log_l2,H2,conservative,DEVELOPMENT_PSEUDO_OOS,univariate_umidas,exports_total_yoy_log,exports_total,2,1,0.48624939516187027,0.48624939516187027,0.48624939516187027,0.48624939516187027,0.48624939516187027,0.48624939516187027,0.6366876702296107,0.6366876702296107,1.0,,1.0,,not calculated: fewer than 8 matched forecasts,0.7637173105402097,0.7637173105402097,0.9444444444444444
challenger_umidas_exports_total_yoy_log_l2,H2,conservative,HISTORICAL_POST_DEVELOPMENT_TEST,univariate_umidas,exports_total_yoy_log,exports_total,2,4,0.6441900202933745,0.5604348750278665,0.1923011690588221,0.2764258614475552,0.5911444499041285,0.9526203652782668,0.851830629865615,0.7137680464798368,0.75,0.7488269626634111,0.75,,not calculated: fewer than 8 matched forecasts,0.7562419073789376,0.7851778708669024,0.0
challenger_umidas_exports_total_yoy_log_l2,H2,standard,DEVELOPMENT_PSEUDO_OOS,univariate_umidas,exports_total_yoy_log,exports_total,2,1,0.5235632917604542,0.5235632917604542,0.5235632917604542,0.5235632917604542,0.5235632917604542,0.5235632917604542,0.693444597778818,0.693444597778818,1.0,,1.0,,not calculated: fewer than 8 matched forecasts,0.7550181996333768,0.7550181996333768,0.9444444444444444
challenger_umidas_exports_total_yoy_log_l2,H2,standard,HISTORICAL_POST_DEVELOPMENT_TEST,univariate_umidas,exports_total_yoy_log,exports_total,2,4,0.6072281844933403,0.5077462846484917,0.31801455628434483,0.3132266970314812,0.44876872835675785,1.0250682878027106,0.8662872552429961,0.6668517621268637,0.75,0.8524954305860489,0.75,,not calculated: fewer than 8 matched forecasts,0.7009547708548604,0.7614080272189439,0.0
challenger_umidas_exports_total_yoy_log_l2,H3,conservative,DEVELOPMENT_PSEUDO_OOS,univariate_umidas,exports_total_yoy_log,exports_total,2,1,0.5235632917604542,0.5235632917604542,0.5235632917604542,0.5235632917604542,0.5235632917604542,0.5235632917604542,0.693444597778818,0.693444597778818,1.0,,1.0,,not calculated: fewer than 8 matched forecasts,0.7550181996333768,0.7550181996333768,0.9444444444444444
challenger_umidas_exports_total_yoy_log_l2,H3,conservative,HISTORICAL_POST_DEVELOPMENT_TEST,univariate_umidas,exports_total_yoy_log,exports_total,2,4,0.6072281844933403,0.5077462846484917,0.31801455628434483,0.3132266970314812,0.44876872835675785,1.0250682878027106,0.8662872552429961,0.6668517621268637,0.75,0.8524954305860489,0.75,,not calculated: fewer than 8 matched forecasts,0.7009547708548604,0.7614080272189439,0.0
challenger_umidas_exports_total_yoy_log_l2,H3,standard,DEVELOPMENT_PSEUDO_OOS,univariate_umidas,exports_total_yoy_log,exports_total,2,2,0.8360564728387456,0.7904642492066203,0.7904642492066203,0.7904642492066203,0.7904642492066203,1.062781520972071,0.24874492484919333,0.24113558853959116,0.0,-1.0,1.0,,not calculated: fewer than 8 matched forecasts,3.36109962181388,3.2780903639897057,0.8888888888888888
challenger_umidas_exports_total_yoy_log_l2,H3,standard,HISTORICAL_POST_DEVELOPMENT_TEST,univariate_umidas,exports_total_yoy_log,exports_total,2,4,0.9247736225246955,0.7850148986534264,0.7850148986534264,0.8598208340472926,0.8598208340472926,1.3077564645429556,0.5297814262018278,0.3705560639322456,0.25,0.9421467064062379,1.0,,not calculated: fewer than 8 matched forecasts,1.745575772927135,2.118478079465359,0.0
challenger_umidas_exports_total_yoy_log_l3,H1,conservative,DEVELOPMENT_PSEUDO_OOS,univariate_umidas,exports_total_yoy_log,exports_total,3,0,,,,,,,,,,,,,,,,1.0
challenger_umidas_exports_total_yoy_log_l3,H1,conservative,HISTORICAL_POST_DEVELOPMENT_TEST,univariate_umidas,exports_total_yoy_log,exports_total,3,4,0.6987488647821718,0.6401873828213722,0.3141234312014014,0.4296295056630979,0.625587157625223,1.0493626167193515,0.799938051857473,0.6256251475500503,0.5,0.9807542122039299,0.75,,not calculated: fewer than 8 matched forecasts,0.8735037208939644,1.0232762946444012,0.0
challenger_umidas_exports_total_yoy_log_l3,H1,standard,DEVELOPMENT_PSEUDO_OOS,univariate_umidas,exports_total_yoy_log,exports_total,3,1,0.5110944165702698,0.5110944165702698,0.5110944165702698,0.5110944165702698,0.5110944165702698,0.5110944165702698,0.6366876702296107,0.6366876702296107,1.0,,1.0,,not calculated: fewer than 8 matched forecasts,0.8027396170338152,0.8027396170338152,0.9444444444444444
challenger_umidas_exports_total_yoy_log_l3,H1,standard,HISTORICAL_POST_DEVELOPMENT_TEST,univariate_umidas,exports_total_yoy_log,exports_total,3,4,0.6751740331374918,0.626710496359463,0.24723412706820103,0.43101421174170795,0.7017160503552482,0.8858608233719121,0.851830629865615,0.7137680464798368,0.75,0.7374151630310787,0.75,,not calculated: fewer than 8 matched forecasts,0.792615350359035,0.8780310346621364,0.0
challenger_umidas_exports_total_yoy_log_l3,H2,conservative,DEVELOPMENT_PSEUDO_OOS,univariate_umidas,exports_total_yoy_log,exports_total,3,1,0.5110944165702698,0.5110944165702698,0.5110944165702698,0.5110944165702698,0.5110944165702698,0.5110944165702698,0.6366876702296107,0.6366876702296107,1.0,,1.0,,not calculated: fewer than 8 matched forecasts,0.8027396170338152,0.8027396170338152,0.9444444444444444
challenger_umidas_exports_total_yoy_log_l3,H2,conservative,HISTORICAL_POST_DEVELOPMENT_TEST,univariate_umidas,exports_total_yoy_log,exports_total,3,4,0.6751740331374918,0.626710496359463,0.24723412706820103,0.43101421174170795,0.7017160503552482,0.8858608233719121,0.851830629865615,0.7137680464798368,0.75,0.7374151630310787,0.75,,not calculated: fewer than 8 matched forecasts,0.792615350359035,0.8780310346621364,0.0
challenger_umidas_exports_total_yoy_log_l3,H2,standard,DEVELOPMENT_PSEUDO_OOS,univariate_umidas,exports_total_yoy_log,exports_total,3,1,0.6286264475226284,0.6286264475226284,0.6286264475226284,0.6286264475226284,0.6286264475226284,0.6286264475226284,0.693444597778818,0.693444597778818,1.0,,1.0,,not calculated: fewer than 8 matched forecasts,0.9065272835583269,0.9065272835583269,0.9444444444444444
challenger_umidas_exports_total_yoy_log_l3,H2,standard,HISTORICAL_POST_DEVELOPMENT_TEST,univariate_umidas,exports_total_yoy_log,exports_total,3,4,0.6627026255969777,0.566776848882542,0.19314705943437271,0.28216503914616764,0.6402381204716368,0.9555177383414941,0.8662872552429961,0.6668517621268637,0.75,0.8544884752495404,0.75,,not calculated: fewer than 8 matched forecasts,0.764991775633462,0.8499292962424786,0.0
challenger_umidas_exports_total_yoy_log_l3,H3,conservative,DEVELOPMENT_PSEUDO_OOS,univariate_umidas,exports_total_yoy_log,exports_total,3,1,0.6286264475226284,0.6286264475226284,0.6286264475226284,0.6286264475226284,0.6286264475226284,0.6286264475226284,0.693444597778818,0.693444597778818,1.0,,1.0,,not calculated: fewer than 8 matched forecasts,0.9065272835583269,0.9065272835583269,0.9444444444444444
challenger_umidas_exports_total_yoy_log_l3,H3,conservative,HISTORICAL_POST_DEVELOPMENT_TEST,univariate_umidas,exports_total_yoy_log,exports_total,3,4,0.6627026255969777,0.566776848882542,0.19314705943437271,0.28216503914616764,0.6402381204716368,0.9555177383414941,0.8662872552429961,0.6668517621268637,0.75,0.8544884752495404,0.75,,not calculated: fewer than 8 matched forecasts,0.764991775633462,0.8499292962424786,0.0
challenger_umidas_exports_total_yoy_log_l3,H3,standard,DEVELOPMENT_PSEUDO_OOS,univariate_umidas,exports_total_yoy_log,exports_total,3,1,0.518787844123497,0.518787844123497,0.518787844123497,0.518787844123497,0.518787844123497,0.518787844123497,0.1800809771011762,0.1800809771011762,0.0,,1.0,,not calculated: fewer than 8 matched forecasts,2.8808586696640512,2.8808586696640512,0.9444444444444444
challenger_umidas_exports_total_yoy_log_l3,H3,standard,HISTORICAL_POST_DEVELOPMENT_TEST,univariate_umidas,exports_total_yoy_log,exports_total,3,4,0.7281189735254947,0.6105590823838876,0.39777901698596185,0.3700735914602564,0.46498482139131214,1.276529015819186,0.5297814262018278,0.3705560639322456,0.0,0.961001277367852,0.75,,not calculated: fewer than 8 matched forecasts,1.374376181410534,1.6476834190885765,0.0
challenger_umidas_fx_reserves_exgold_yoy_log_l1,H1,conservative,DEVELOPMENT_PSEUDO_OOS,univariate_umidas,fx_reserves_exgold_yoy_log,fx_reserves_ex_gold,1,17,1.2434209539508092,0.8311622659491105,0.42759648724833726,0.3566077636223355,0.42130768516603556,3.6349357978955945,0.8753822084899305,0.6973557485228659,0.6470588235294118,0.8182137522863263,0.8235294117647058,-1.4090207341136263,exploratory only; positive favors challenger; small/overlapping sample,1.4204320602948515,1.1918769834617018,0.05555555555555555
challenger_umidas_fx_reserves_exgold_yoy_log_l1,H1,conservative,HISTORICAL_POST_DEVELOPMENT_TEST,univariate_umidas,fx_reserves_exgold_yoy_log,fx_reserves_ex_gold,1,4,0.6998908128620724,0.6343982954963285,0.6343982954963285,0.6016114061129221,0.6016114061129221,1.0811103420446626,0.799938051857473,0.6256251475500503,0.5,0.7902687089470833,1.0,,not calculated: fewer than 8 matched forecasts,0.8749312665360914,1.0140230103930987,0.0
challenger_umidas_fx_reserves_exgold_yoy_log_l1,H1,standard,DEVELOPMENT_PSEUDO_OOS,univariate_umidas,fx_reserves_exgold_yoy_log,fx_reserves_ex_gold,1,17,1.2434209539508092,0.8311622659491105,0.42759648724833726,0.3566077636223355,0.42130768516603556,3.6349357978955945,0.8498954496075838,0.5652095304771751,0.29411764705882354,0.8840061312779461,0.8235294117647058,-1.5323347658033084,exploratory only; positive favors challenger; small/overlapping sample,1.4630281342545428,1.4705383068247384,0.05555555555555555
challenger_umidas_fx_reserves_exgold_yoy_log_l1,H1,standard,HISTORICAL_POST_DEVELOPMENT_TEST,univariate_umidas,fx_reserves_exgold_yoy_log,fx_reserves_ex_gold,1,4,0.6998908128620724,0.6343982954963285,0.6343982954963285,0.6016114061129221,0.6016114061129221,1.0811103420446626,0.851830629865615,0.7137680464798368,0.75,0.7718773678813015,1.0,,not calculated: fewer than 8 matched forecasts,0.8216314233411487,0.8888017593741493,0.0
challenger_umidas_fx_reserves_exgold_yoy_log_l1,H2,conservative,DEVELOPMENT_PSEUDO_OOS,univariate_umidas,fx_reserves_exgold_yoy_log,fx_reserves_ex_gold,1,17,1.3544180096356637,0.846395290002737,0.2687419433207696,0.1040180578588874,0.3935259412926122,4.151826750587336,0.8498954496075838,0.5652095304771751,0.4117647058823529,0.6690580702225374,0.6470588235294118,-1.4339982791128283,exploratory only; positive favors challenger; small/overlapping sample,1.5936289696115322,1.4974894165145665,0.05555555555555555
challenger_umidas_fx_reserves_exgold_yoy_log_l1,H2,conservative,HISTORICAL_POST_DEVELOPMENT_TEST,univariate_umidas,fx_reserves_exgold_yoy_log,fx_reserves_ex_gold,1,4,0.9565658852332031,0.8649383782358318,0.8649383782358318,0.806003084283422,0.806003084283422,1.4583807996904241,0.851830629865615,0.7137680464798368,0.0,0.7952974038513224,1.0,,not calculated: fewer than 8 matched forecasts,1.1229531454910364,1.211791957487502,0.0
challenger_umidas_fx_reserves_exgold_yoy_log_l1,H2,standard,DEVELOPMENT_PSEUDO_OOS,univariate_umidas,fx_reserves_exgold_yoy_log,fx_reserves_ex_gold,1,17,1.3544180096356637,0.846395290002737,0.2687419433207696,0.1040180578588874,0.3935259412926122,4.151826750587336,0.8299463018090937,0.6245142484312887,0.47058823529411764,0.6510806191507178,0.6470588235294118,-1.4141581118978293,exploratory only; positive favors challenger; small/overlapping sample,1.6319345079113448,1.3552857955263458,0.05555555555555555
challenger_umidas_fx_reserves_exgold_yoy_log_l1,H2,standard,HISTORICAL_POST_DEVELOPMENT_TEST,univariate_umidas,fx_reserves_exgold_yoy_log,fx_reserves_ex_gold,1,4,0.9565658852332031,0.8649383782358318,0.8649383782358318,0.806003084283422,0.806003084283422,1.4583807996904241,0.8662872552429961,0.6668517621268637,0.25,0.8425393714866011,1.0,,not calculated: fewer than 8 matched forecasts,1.1042132727265894,1.297047450961498,0.0
challenger_umidas_fx_reserves_exgold_yoy_log_l1,H3,conservative,DEVELOPMENT_PSEUDO_OOS,univariate_umidas,fx_reserves_exgold_yoy_log,fx_reserves_ex_gold,1,17,1.3975056920449906,1.0110734392683323,0.2696113486650968,0.2855474796381987,0.8066870145336082,4.325095914666157,0.8299463018090937,0.6245142484312887,0.29411764705882354,0.5406454993253897,0.5882352941176471,-1.419891029820044,exploratory only; positive favors challenger; small/overlapping sample,1.6838507370883478,1.6189757748650857,0.05555555555555555
challenger_umidas_fx_reserves_exgold_yoy_log_l1,H3,conservative,HISTORICAL_POST_DEVELOPMENT_TEST,univariate_umidas,fx_reserves_exgold_yoy_log,fx_reserves_ex_gold,1,4,1.0587173966451782,0.9362475314233247,0.9362475314233247,1.1045560617989314,1.1045560617989314,1.4110102912149172,0.8662872552429961,0.6668517621268637,0.5,0.7313841810579838,1.0,,not calculated: fewer than 8 matched forecasts,1.2221320240342273,1.4039814912346449,0.0
challenger_umidas_fx_reserves_exgold_yoy_log_l1,H3,standard,DEVELOPMENT_PSEUDO_OOS,univariate_umidas,fx_reserves_exgold_yoy_log,fx_reserves_ex_gold,1,17,1.3975056920449906,1.0110734392683323,0.2696113486650968,0.2855474796381987,0.8066870145336082,4.325095914666157,0.6784344208279974,0.5221098705669958,0.23529411764705882,0.44810069869007707,0.5882352941176471,-1.6207593686691604,exploratory only; positive favors challenger; small/overlapping sample,2.059897978553919,1.9365146998089438,0.05555555555555555
challenger_umidas_fx_reserves_exgold_yoy_log_l1,H3,standard,HISTORICAL_POST_DEVELOPMENT_TEST,univariate_umidas,fx_reserves_exgold_yoy_log,fx_reserves_ex_gold,1,4,1.0587173966451782,0.9362475314233247,0.9362475314233247,1.1045560617989314,1.1045560617989314,1.4110102912149172,0.5297814262018278,0.3705560639322456,0.25,0.8901368793599834,1.0,,not calculated: fewer than 8 matched forecasts,1.9984041423185808,2.5266015660035537,0.0
challenger_umidas_fx_reserves_exgold_yoy_log_l2,H1,conservative,DEVELOPMENT_PSEUDO_OOS,univariate_umidas,fx_reserves_exgold_yoy_log,fx_reserves_ex_gold,2,17,1.3196592935296658,1.030410947923833,0.49705644227909446,0.523688044620652,0.7384031339184336,3.357541502652137,0.8753822084899305,0.6973557485228659,0.23529411764705882,0.7019594863865725,0.7058823529411765,-2.194719069921043,exploratory only; positive favors challenger; small/overlapping sample,1.5075235488348924,1.4775972666841026,0.05555555555555555
challenger_umidas_fx_reserves_exgold_yoy_log_l2,H1,conservative,HISTORICAL_POST_DEVELOPMENT_TEST,univariate_umidas,fx_reserves_exgold_yoy_log,fx_reserves_ex_gold,2,4,0.9880464602045623,0.9204647119508609,0.9204647119508609,1.0627605278999162,1.0627605278999162,1.2429990979652459,0.799938051857473,0.6256251475500503,0.5,0.21090595176365703,1.0,,not calculated: fewer than 8 matched forecasts,1.2351537196040339,1.4712719198635207,0.0
challenger_umidas_fx_reserves_exgold_yoy_log_l2,H1,standard,DEVELOPMENT_PSEUDO_OOS,univariate_umidas,fx_reserves_exgold_yoy_log,fx_reserves_ex_gold,2,17,1.3196592935296658,1.030410947923833,0.49705644227909446,0.523688044620652,0.7384031339184336,3.357541502652137,0.8498954496075838,0.5652095304771751,0.23529411764705882,0.7564243944624428,0.7058823529411765,-2.1498142828196527,exploratory only; positive favors challenger; small/overlapping sample,1.552731331999698,1.8230601084414024,0.05555555555555555
challenger_umidas_fx_reserves_exgold_yoy_log_l2,H1,standard,HISTORICAL_POST_DEVELOPMENT_TEST,univariate_umidas,fx_reserves_exgold_yoy_log,fx_reserves_ex_gold,2,4,0.9880464602045623,0.9204647119508609,0.9204647119508609,1.0627605278999162,1.0627605278999162,1.2429990979652459,0.851830629865615,0.7137680464798368,0.5,0.5515392090522623,1.0,,not calculated: fewer than 8 matched forecasts,1.1599095237517307,1.289585204171595,0.0
challenger_umidas_fx_reserves_exgold_yoy_log_l2,H2,conservative,DEVELOPMENT_PSEUDO_OOS,univariate_umidas,fx_reserves_exgold_yoy_log,fx_reserves_ex_gold,2,17,1.4920393353855348,1.117386658222983,0.373304210131391,0.38183700875755644,0.8453667236294491,4.0518069704473625,0.8498954496075838,0.5652095304771751,0.11764705882352941,0.6784782461570756,0.6470588235294118,-2.018628397694689,exploratory only; positive favors challenger; small/overlapping sample,1.755556328810142,1.9769423514137054,0.05555555555555555
challenger_umidas_fx_reserves_exgold_yoy_log_l2,H2,conservative,HISTORICAL_POST_DEVELOPMENT_TEST,univariate_umidas,fx_reserves_exgold_yoy_log,fx_reserves_ex_gold,2,4,1.0320092403980141,0.9626624878056245,0.9626624878056245,1.0170635102267451,1.0170635102267451,1.3980503189335947,0.851830629865615,0.7137680464798368,0.25,0.8675153213711759,1.0,,not calculated: fewer than 8 matched forecasts,1.2115192905904595,1.3487049365032322,0.0
challenger_umidas_fx_reserves_exgold_yoy_log_l2,H2,standard,DEVELOPMENT_PSEUDO_OOS,univariate_umidas,fx_reserves_exgold_yoy_log,fx_reserves_ex_gold,2,17,1.4920393353855348,1.117386658222983,0.373304210131391,0.38183700875755644,0.8453667236294491,4.0518069704473625,0.8299463018090937,0.6245142484312887,0.35294117647058826,0.6348254446065161,0.6470588235294118,-1.9807900852073692,exploratory only; positive favors challenger; small/overlapping sample,1.7977540620799555,1.7892092310619587,0.05555555555555555
challenger_umidas_fx_reserves_exgold_yoy_log_l2,H2,standard,HISTORICAL_POST_DEVELOPMENT_TEST,univariate_umidas,fx_reserves_exgold_yoy_log,fx_reserves_ex_gold,2,4,1.0320092403980141,0.9626624878056245,0.9626624878056245,1.0170635102267451,1.0170635102267451,1.3980503189335947,0.8662872552429961,0.6668517621268637,0.25,0.8382557699140237,1.0,,not calculated: fewer than 8 matched forecasts,1.191301423577486,1.443592927962429,0.0
challenger_umidas_fx_reserves_exgold_yoy_log_l2,H3,conservative,DEVELOPMENT_PSEUDO_OOS,univariate_umidas,fx_reserves_exgold_yoy_log,fx_reserves_ex_gold,2,17,1.4269640110655746,1.0562228869388859,0.3700076049250524,0.3133844113320867,0.8897243144037104,4.2759269786363,0.8299463018090937,0.6245142484312887,0.35294117647058826,0.5434317076534487,0.6470588235294118,-1.5248569486177337,exploratory only; positive favors challenger; small/overlapping sample,1.7193449840732087,1.6912710792299808,0.05555555555555555
challenger_umidas_fx_reserves_exgold_yoy_log_l2,H3,conservative,HISTORICAL_POST_DEVELOPMENT_TEST,univariate_umidas,fx_reserves_exgold_yoy_log,fx_reserves_ex_gold,2,4,0.7462227738910289,0.6776756446986818,0.6776756446986818,0.7619763880520489,0.7619763880520489,1.0116536212010434,0.8662872552429961,0.6668517621268637,0.25,0.49679813903308934,1.0,,not calculated: fewer than 8 matched forecasts,0.86140338481802,1.0162313173429973,0.0
challenger_umidas_fx_reserves_exgold_yoy_log_l2,H3,standard,DEVELOPMENT_PSEUDO_OOS,univariate_umidas,fx_reserves_exgold_yoy_log,fx_reserves_ex_gold,2,17,1.4269640110655746,1.0562228869388859,0.3700076049250524,0.3133844113320867,0.8897243144037104,4.2759269786363,0.6784344208279974,0.5221098705669958,0.23529411764705882,0.4580182334126399,0.6470588235294118,-1.7466133224391227,exploratory only; positive favors challenger; small/overlapping sample,2.103319005135429,2.0229896933223257,0.05555555555555555
challenger_umidas_fx_reserves_exgold_yoy_log_l2,H3,standard,HISTORICAL_POST_DEVELOPMENT_TEST,univariate_umidas,fx_reserves_exgold_yoy_log,fx_reserves_ex_gold,2,4,0.7462227738910289,0.6776756446986818,0.6776756446986818,0.7619763880520489,0.7619763880520489,1.0116536212010434,0.5297814262018278,0.3705560639322456,0.25,0.6849799324827388,1.0,,not calculated: fewer than 8 matched forecasts,1.4085483880417218,1.8288073267709135,0.0
challenger_umidas_fx_reserves_exgold_yoy_log_l3,H1,conservative,DEVELOPMENT_PSEUDO_OOS,univariate_umidas,fx_reserves_exgold_yoy_log,fx_reserves_ex_gold,3,17,1.4448796598849105,1.0593562165795627,0.7082363071017603,0.6135769274932379,1.0754533528332715,3.742337200438315,0.8753822084899305,0.6973557485228659,0.4117647058823529,0.6560845152075748,0.7647058823529411,-1.9833727604733362,exploratory only; positive favors challenger; small/overlapping sample,1.6505700548533948,1.5191044439276276,0.05555555555555555
challenger_umidas_fx_reserves_exgold_yoy_log_l3,H1,conservative,HISTORICAL_POST_DEVELOPMENT_TEST,univariate_umidas,fx_reserves_exgold_yoy_log,fx_reserves_ex_gold,3,4,0.6652670794861809,0.5661533862286812,0.5661533862286812,0.6305235333583958,0.6305235333583958,0.9869315768742419,0.799938051857473,0.6256251475500503,0.5,0.6464789714726538,1.0,,not calculated: fewer than 8 matched forecasts,0.83164824818799,0.9049402640634561,0.0
challenger_umidas_fx_reserves_exgold_yoy_log_l3,H1,standard,DEVELOPMENT_PSEUDO_OOS,univariate_umidas,fx_reserves_exgold_yoy_log,fx_reserves_ex_gold,3,17,1.4448796598849105,1.0593562165795627,0.7082363071017603,0.6135769274932379,1.0754533528332715,3.742337200438315,0.8498954496075838,0.5652095304771751,0.35294117647058826,0.7353256617966323,0.7647058823529411,-1.9374346553657897,exploratory only; positive favors challenger; small/overlapping sample,1.7000675324853716,1.8742716806017174,0.05555555555555555
challenger_umidas_fx_reserves_exgold_yoy_log_l3,H1,standard,HISTORICAL_POST_DEVELOPMENT_TEST,univariate_umidas,fx_reserves_exgold_yoy_log,fx_reserves_ex_gold,3,4,0.6652670794861809,0.5661533862286812,0.5661533862286812,0.6305235333583958,0.6305235333583958,0.9869315768742419,0.851830629865615,0.7137680464798368,0.75,0.8413572567614275,1.0,,not calculated: fewer than 8 matched forecasts,0.7809851585063731,0.7931895929228521,0.0
challenger_umidas_fx_reserves_exgold_yoy_log_l3,H2,conservative,DEVELOPMENT_PSEUDO_OOS,univariate_umidas,fx_reserves_exgold_yoy_log,fx_reserves_ex_gold,3,17,1.6891662745139153,1.3185829323185647,0.45041077706031746,-0.18004992004521192,1.0863759850888535,3.68362384250356,0.8498954496075838,0.5652095304771751,0.17647058823529413,0.5562906241828907,0.4117647058823529,-2.4323511547230714,exploratory only; positive favors challenger; small/overlapping sample,1.9874989038873454,2.3329099408592033,0.05555555555555555
challenger_umidas_fx_reserves_exgold_yoy_log_l3,H2,conservative,HISTORICAL_POST_DEVELOPMENT_TEST,univariate_umidas,fx_reserves_exgold_yoy_log,fx_reserves_ex_gold,3,4,1.2516470117123568,1.1754113494399971,1.1754113494399971,1.3390440746983598,1.3390440746983598,1.5721498426546425,0.851830629865615,0.7137680464798368,0.25,0.7436187942692953,1.0,,not calculated: fewer than 8 matched forecasts,1.469361358736087,1.6467693604902798,0.0
challenger_umidas_fx_reserves_exgold_yoy_log_l3,H2,standard,DEVELOPMENT_PSEUDO_OOS,univariate_umidas,fx_reserves_exgold_yoy_log,fx_reserves_ex_gold,3,17,1.6891662745139153,1.3185829323185647,0.45041077706031746,-0.18004992004521192,1.0863759850888535,3.68362384250356,0.8299463018090937,0.6245142484312887,0.23529411764705882,0.5132247987632451,0.4117647058823529,-2.4535687110901696,exploratory only; positive favors challenger; small/overlapping sample,2.035271764970719,2.111373656615042,0.05555555555555555
challenger_umidas_fx_reserves_exgold_yoy_log_l3,H2,standard,HISTORICAL_POST_DEVELOPMENT_TEST,univariate_umidas,fx_reserves_exgold_yoy_log,fx_reserves_ex_gold,3,4,1.2516470117123568,1.1754113494399971,1.1754113494399971,1.3390440746983598,1.3390440746983598,1.5721498426546425,0.8662872552429961,0.6668517621268637,0.25,0.6552520703445093,1.0,,not calculated: fewer than 8 matched forecasts,1.4448406162471663,1.7626276425980016,0.0
challenger_umidas_fx_reserves_exgold_yoy_log_l3,H3,conservative,DEVELOPMENT_PSEUDO_OOS,univariate_umidas,fx_reserves_exgold_yoy_log,fx_reserves_ex_gold,3,17,1.5398794855874935,1.1692559064461663,0.37698860072543267,0.36744332459506257,0.9643405450351654,4.087351424173335,0.8299463018090937,0.6245142484312887,0.17647058823529413,0.6141152184251857,0.5882352941176471,-2.1800474764086872,exploratory only; positive favors challenger; small/overlapping sample,1.8553965265354004,1.8722645790439674,0.05555555555555555
challenger_umidas_fx_reserves_exgold_yoy_log_l3,H3,conservative,HISTORICAL_POST_DEVELOPMENT_TEST,univariate_umidas,fx_reserves_exgold_yoy_log,fx_reserves_ex_gold,3,4,0.8336913974162394,0.8009580678727,0.8009580678727,0.7413538019816244,0.7413538019816244,1.157556991467163,0.8662872552429961,0.6668517621268637,0.25,0.5597529502128378,1.0,,not calculated: fewer than 8 matched forecasts,0.9623729223424701,1.2011036235671273,0.0
challenger_umidas_fx_reserves_exgold_yoy_log_l3,H3,standard,DEVELOPMENT_PSEUDO_OOS,univariate_umidas,fx_reserves_exgold_yoy_log,fx_reserves_ex_gold,3,17,1.5398794855874935,1.1692559064461663,0.37698860072543267,0.36744332459506257,0.9643405450351654,4.087351424173335,0.6784344208279974,0.5221098705669958,0.23529411764705882,0.5139924644087219,0.5882352941176471,-2.2744521092945753,exploratory only; positive favors challenger; small/overlapping sample,2.2697543613841744,2.239482477464732,0.05555555555555555
challenger_umidas_fx_reserves_exgold_yoy_log_l3,H3,standard,HISTORICAL_POST_DEVELOPMENT_TEST,univariate_umidas,fx_reserves_exgold_yoy_log,fx_reserves_ex_gold,3,4,0.8336913974162394,0.8009580678727,0.8009580678727,0.7413538019816244,0.7413538019816244,1.157556991467163,0.5297814262018278,0.3705560639322456,0.25,0.6898214412335797,1.0,,not calculated: fewer than 8 matched forecasts,1.5736516158998615,2.161503064807897,0.0
challenger_umidas_gold_exports_proxy_usd_m_l1,H1,conservative,DEVELOPMENT_PSEUDO_OOS,univariate_umidas,gold_exports_proxy_usd_m,gold_exports_proxy,1,5,0.7116501133455743,0.5335314437139577,0.31251717292170333,0.11211388414858803,0.5525356769806358,1.3264565394465615,0.48360539792390383,0.4586121320707184,0.4,0.1049674514631838,0.8,,not calculated: fewer than 8 matched forecasts,1.4715512200663106,1.163360945784327,0.7222222222222222
challenger_umidas_gold_exports_proxy_usd_m_l1,H1,conservative,HISTORICAL_POST_DEVELOPMENT_TEST,univariate_umidas,gold_exports_proxy_usd_m,gold_exports_proxy,1,4,0.6446938127478654,0.5500899356601814,0.5313343227340888,0.6385761522302369,0.6385761522302369,0.8856962123280665,0.799938051857473,0.6256251475500503,0.5,0.8719848871786153,0.75,,not calculated: fewer than 8 matched forecasts,0.8059296732426627,0.8792644250544196,0.0
challenger_umidas_gold_exports_proxy_usd_m_l1,H1,standard,DEVELOPMENT_PSEUDO_OOS,univariate_umidas,gold_exports_proxy_usd_m,gold_exports_proxy,1,5,0.21011952004965265,0.14851763001297477,0.12846855398099385,0.07438933461146391,0.07438933461146391,0.4425343704860829,0.45773869408471507,0.4147394443900986,1.0,0.9059934769758361,0.8,,not calculated: fewer than 8 matched forecasts,0.4590381428640271,0.35809863764315847,0.7222222222222222
challenger_umidas_gold_exports_proxy_usd_m_l1,H1,standard,HISTORICAL_POST_DEVELOPMENT_TEST,univariate_umidas,gold_exports_proxy_usd_m,gold_exports_proxy,1,4,0.9557686050220462,0.8687957224545104,0.8687957224545104,0.7217220650604204,0.7217220650604204,1.5388851127619851,0.851830629865615,0.7137680464798368,0.25,0.851195232960843,1.0,,not calculated: fewer than 8 matched forecasts,1.1220171845344755,1.2171961560050768,0.0
challenger_umidas_gold_exports_proxy_usd_m_l1,H2,conservative,DEVELOPMENT_PSEUDO_OOS,univariate_umidas,gold_exports_proxy_usd_m,gold_exports_proxy,1,5,0.21011952004965265,0.14851763001297477,0.12846855398099385,0.07438933461146391,0.07438933461146391,0.4425343704860829,0.45773869408471507,0.4147394443900986,1.0,0.9059934769758361,0.8,,not calculated: fewer than 8 matched forecasts,0.4590381428640271,0.35809863764315847,0.7222222222222222
challenger_umidas_gold_exports_proxy_usd_m_l1,H2,conservative,HISTORICAL_POST_DEVELOPMENT_TEST,univariate_umidas,gold_exports_proxy_usd_m,gold_exports_proxy,1,4,0.9557686050220462,0.8687957224545104,0.8687957224545104,0.7217220650604204,0.7217220650604204,1.5388851127619851,0.851830629865615,0.7137680464798368,0.25,0.851195232960843,1.0,,not calculated: fewer than 8 matched forecasts,1.1220171845344755,1.2171961560050768,0.0
challenger_umidas_gold_exports_proxy_usd_m_l1,H2,standard,DEVELOPMENT_PSEUDO_OOS,univariate_umidas,gold_exports_proxy_usd_m,gold_exports_proxy,1,6,0.3283350810943253,0.23429031761511668,0.08264745441626638,0.05675692997515602,0.14253635971156964,0.7158524175607415,0.495334629592146,0.45564079295316856,0.6666666666666666,0.13026414729383193,0.6666666666666666,,not calculated: fewer than 8 matched forecasts,0.6628550912434154,0.5141996090749438,0.6666666666666666
challenger_umidas_gold_exports_proxy_usd_m_l1,H2,standard,HISTORICAL_POST_DEVELOPMENT_TEST,univariate_umidas,gold_exports_proxy_usd_m,gold_exports_proxy,1,4,0.9762075788196889,0.9155673298327418,0.9155673298327418,0.7769563164374333,0.7769563164374333,1.482463413598465,0.8662872552429961,0.6668517621268637,0.5,0.7777946366819062,1.0,,not calculated: fewer than 8 matched forecasts,1.1268866913502724,1.3729697990339296,0.0
challenger_umidas_gold_exports_proxy_usd_m_l1,H3,conservative,DEVELOPMENT_PSEUDO_OOS,univariate_umidas,gold_exports_proxy_usd_m,gold_exports_proxy,1,6,0.3283350810943253,0.23429031761511668,0.08264745441626638,0.05675692997515602,0.14253635971156964,0.7158524175607415,0.495334629592146,0.45564079295316856,0.6666666666666666,0.13026414729383193,0.6666666666666666,,not calculated: fewer than 8 matched forecasts,0.6628550912434154,0.5141996090749438,0.6666666666666666
challenger_umidas_gold_exports_proxy_usd_m_l1,H3,conservative,HISTORICAL_POST_DEVELOPMENT_TEST,univariate_umidas,gold_exports_proxy_usd_m,gold_exports_proxy,1,4,0.9762075788196889,0.9155673298327418,0.9155673298327418,0.7769563164374333,0.7769563164374333,1.482463413598465,0.8662872552429961,0.6668517621268637,0.5,0.7777946366819062,1.0,,not calculated: fewer than 8 matched forecasts,1.1268866913502724,1.3729697990339296,0.0
challenger_umidas_gold_exports_proxy_usd_m_l1,H3,standard,DEVELOPMENT_PSEUDO_OOS,univariate_umidas,gold_exports_proxy_usd_m,gold_exports_proxy,1,6,0.21487555926616092,0.15319684775152176,0.06517229673307323,0.03406264062130093,0.08867785563126507,0.4559565757563364,0.31172919940339583,0.2775803015524958,0.6666666666666666,0.690960439433312,0.6666666666666666,,not calculated: fewer than 8 matched forecasts,0.6893019956981937,0.5519010062842996,0.6666666666666666
challenger_umidas_gold_exports_proxy_usd_m_l1,H3,standard,HISTORICAL_POST_DEVELOPMENT_TEST,univariate_umidas,gold_exports_proxy_usd_m,gold_exports_proxy,1,4,0.9375794939050949,0.8624374242813659,0.8624374242813659,0.6839905994831939,0.6839905994831939,1.4950189989685247,0.5297814262018278,0.3705560639322456,0.0,0.9232324528247475,1.0,,not calculated: fewer than 8 matched forecasts,1.7697477630103073,2.3274141438394014,0.0
challenger_umidas_gold_exports_proxy_usd_m_l2,H1,conservative,DEVELOPMENT_PSEUDO_OOS,univariate_umidas,gold_exports_proxy_usd_m,gold_exports_proxy,2,5,0.48243661878269717,0.3787847489654622,0.19592773572955674,0.18131503825479633,0.2456391994317002,0.9724651419592201,0.48360539792390383,0.4586121320707184,0.8,-0.04410600743309751,0.6,,not calculated: fewer than 8 matched forecasts,0.9975831966594579,0.8259370445678774,0.7222222222222222
challenger_umidas_gold_exports_proxy_usd_m_l2,H1,conservative,HISTORICAL_POST_DEVELOPMENT_TEST,univariate_umidas,gold_exports_proxy_usd_m,gold_exports_proxy,2,4,1.0533677754918527,0.8603432795227852,0.7332355196792322,0.657289335831845,0.657289335831845,1.8725789267403448,0.799938051857473,0.6256251475500503,0.25,0.7692638449456678,0.75,,not calculated: fewer than 8 matched forecasts,1.3168116869123934,1.3751737488364906,0.0
challenger_umidas_gold_exports_proxy_usd_m_l2,H1,standard,DEVELOPMENT_PSEUDO_OOS,univariate_umidas,gold_exports_proxy_usd_m,gold_exports_proxy,2,5,0.6848189045166836,0.5265182473678018,0.25048779097053836,0.06973136202250974,0.6895758734178674,1.1718144707152671,0.45773869408471507,0.4147394443900986,0.4,0.23616012210636703,0.6,,not calculated: fewer than 8 matched forecasts,1.4960913581623976,1.2695157272587885,0.7222222222222222
challenger_umidas_gold_exports_proxy_usd_m_l2,H1,standard,HISTORICAL_POST_DEVELOPMENT_TEST,univariate_umidas,gold_exports_proxy_usd_m,gold_exports_proxy,2,4,0.6855851248576145,0.522224964826091,0.522224964826091,0.5358290656124272,0.5358290656124272,0.9879522591639471,0.851830629865615,0.7137680464798368,0.75,0.831677299486757,1.0,,not calculated: fewer than 8 matched forecasts,0.8048373712104865,0.7316451995877393,0.0
challenger_umidas_gold_exports_proxy_usd_m_l2,H2,conservative,DEVELOPMENT_PSEUDO_OOS,univariate_umidas,gold_exports_proxy_usd_m,gold_exports_proxy,2,5,0.6848189045166836,0.5265182473678018,0.25048779097053836,0.06973136202250974,0.6895758734178674,1.1718144707152671,0.45773869408471507,0.4147394443900986,0.4,0.23616012210636703,0.6,,not calculated: fewer than 8 matched forecasts,1.4960913581623976,1.2695157272587885,0.7222222222222222
challenger_umidas_gold_exports_proxy_usd_m_l2,H2,conservative,HISTORICAL_POST_DEVELOPMENT_TEST,univariate_umidas,gold_exports_proxy_usd_m,gold_exports_proxy,2,4,0.6855851248576145,0.522224964826091,0.522224964826091,0.5358290656124272,0.5358290656124272,0.9879522591639471,0.851830629865615,0.7137680464798368,0.75,0.831677299486757,1.0,,not calculated: fewer than 8 matched forecasts,0.8048373712104865,0.7316451995877393,0.0
challenger_umidas_gold_exports_proxy_usd_m_l2,H2,standard,DEVELOPMENT_PSEUDO_OOS,univariate_umidas,gold_exports_proxy_usd_m,gold_exports_proxy,2,5,0.30591117808694923,0.202472296417387,0.1359601830730794,0.08983933908693054,0.10521957121350667,0.6510222884257288,0.5113466351414381,0.4655873119233128,0.8,0.4277062234583635,0.6,,not calculated: fewer than 8 matched forecasts,0.5982461936066802,0.43487503038041625,0.7222222222222222
challenger_umidas_gold_exports_proxy_usd_m_l2,H2,standard,HISTORICAL_POST_DEVELOPMENT_TEST,univariate_umidas,gold_exports_proxy_usd_m,gold_exports_proxy,2,4,0.9905688835825835,0.923999244877046,0.923999244877046,0.8421778254670023,0.8421778254670023,1.4951224450923872,0.8662872552429961,0.6668517621268637,0.25,0.882138801807775,1.0,,not calculated: fewer than 8 matched forecasts,1.14346468516927,1.385614160979396,0.0
challenger_umidas_gold_exports_proxy_usd_m_l2,H3,conservative,DEVELOPMENT_PSEUDO_OOS,univariate_umidas,gold_exports_proxy_usd_m,gold_exports_proxy,2,5,0.30591117808694923,0.202472296417387,0.1359601830730794,0.08983933908693054,0.10521957121350667,0.6510222884257288,0.5113466351414381,0.4655873119233128,0.8,0.4277062234583635,0.6,,not calculated: fewer than 8 matched forecasts,0.5982461936066802,0.43487503038041625,0.7222222222222222
challenger_umidas_gold_exports_proxy_usd_m_l2,H3,conservative,HISTORICAL_POST_DEVELOPMENT_TEST,univariate_umidas,gold_exports_proxy_usd_m,gold_exports_proxy,2,4,0.9905688835825835,0.923999244877046,0.923999244877046,0.8421778254670023,0.8421778254670023,1.4951224450923872,0.8662872552429961,0.6668517621268637,0.25,0.882138801807775,1.0,,not calculated: fewer than 8 matched forecasts,1.14346468516927,1.385614160979396,0.0
challenger_umidas_gold_exports_proxy_usd_m_l2,H3,standard,DEVELOPMENT_PSEUDO_OOS,univariate_umidas,gold_exports_proxy_usd_m,gold_exports_proxy,2,6,0.3426429802338096,0.2622664184766313,0.061718059946528424,0.021252318691283634,0.18350420469782902,0.6870316339594655,0.31172919940339583,0.2775803015524958,0.5,-0.2917862796977658,0.5,,not calculated: fewer than 8 matched forecasts,1.0991687044061906,0.9448308003478109,0.6666666666666666
challenger_umidas_gold_exports_proxy_usd_m_l2,H3,standard,HISTORICAL_POST_DEVELOPMENT_TEST,univariate_umidas,gold_exports_proxy_usd_m,gold_exports_proxy,2,4,0.9633883594283743,0.9037970388898016,0.9037970388898016,0.7145135962909723,0.7145135962909723,1.4814649605184522,0.5297814262018278,0.3705560639322456,0.0,0.8915584408351869,1.0,,not calculated: fewer than 8 matched forecasts,1.8184638263655506,2.4390291425781565,0.0
challenger_umidas_gold_exports_proxy_usd_m_l3,H1,conservative,DEVELOPMENT_PSEUDO_OOS,univariate_umidas,gold_exports_proxy_usd_m,gold_exports_proxy,3,4,0.47266452403995773,0.32520521288101256,0.25596409359220496,0.12291923594313392,0.15382781297591164,0.9165001410601672,0.4909559589982895,0.46001216021601987,0.75,-0.5868995427767658,0.75,,not calculated: fewer than 8 matched forecasts,0.962743226509253,0.7069491657096575,0.7777777777777778
challenger_umidas_gold_exports_proxy_usd_m_l3,H1,conservative,HISTORICAL_POST_DEVELOPMENT_TEST,univariate_umidas,gold_exports_proxy_usd_m,gold_exports_proxy,3,4,0.7491113416945326,0.6188472101653428,0.5610293585775799,0.5898351863308511,0.5898351863308511,1.1800827648241432,0.799938051857473,0.6256251475500503,0.5,0.6770715575419043,0.75,,not calculated: fewer than 8 matched forecasts,0.9364616921961398,0.9891661366055219,0.0
challenger_umidas_gold_exports_proxy_usd_m_l3,H1,standard,DEVELOPMENT_PSEUDO_OOS,univariate_umidas,gold_exports_proxy_usd_m,gold_exports_proxy,3,5,0.4451698610555135,0.35550433991059727,0.09621696330202881,0.037494204008241105,0.3045388177720705,0.8480569141382208,0.45773869408471507,0.4147394443900986,0.6,-0.22542254279431265,0.6,,not calculated: fewer than 8 matched forecasts,0.9725414670168229,0.8571751366291904,0.7222222222222222
challenger_umidas_gold_exports_proxy_usd_m_l3,H1,standard,HISTORICAL_POST_DEVELOPMENT_TEST,univariate_umidas,gold_exports_proxy_usd_m,gold_exports_proxy,3,4,1.0550931889108177,0.8037583084883029,0.7157882901235502,0.5568081313346225,0.5568081313346225,1.9254769345544611,0.851830629865615,0.7137680464798368,0.5,0.7824513672960083,0.75,,not calculated: fewer than 8 matched forecasts,1.2386185139612431,1.126077739753524,0.0
challenger_umidas_gold_exports_proxy_usd_m_l3,H2,conservative,DEVELOPMENT_PSEUDO_OOS,univariate_umidas,gold_exports_proxy_usd_m,gold_exports_proxy,3,5,0.4451698610555135,0.35550433991059727,0.09621696330202881,0.037494204008241105,0.3045388177720705,0.8480569141382208,0.45773869408471507,0.4147394443900986,0.6,-0.22542254279431265,0.6,,not calculated: fewer than 8 matched forecasts,0.9725414670168229,0.8571751366291904,0.7222222222222222
challenger_umidas_gold_exports_proxy_usd_m_l3,H2,conservative,HISTORICAL_POST_DEVELOPMENT_TEST,univariate_umidas,gold_exports_proxy_usd_m,gold_exports_proxy,3,4,1.0550931889108177,0.8037583084883029,0.7157882901235502,0.5568081313346225,0.5568081313346225,1.9254769345544611,0.851830629865615,0.7137680464798368,0.5,0.7824513672960083,0.75,,not calculated: fewer than 8 matched forecasts,1.2386185139612431,1.126077739753524,0.0
challenger_umidas_gold_exports_proxy_usd_m_l3,H2,standard,DEVELOPMENT_PSEUDO_OOS,univariate_umidas,gold_exports_proxy_usd_m,gold_exports_proxy,3,5,0.9896359559148743,0.8107945689575292,0.23201663560867622,0.13407327474292696,0.8448145400840419,1.6281401965885447,0.5113466351414381,0.4655873119233128,0.2,0.135394416387559,0.6,,not calculated: fewer than 8 matched forecasts,1.935352435909042,1.7414447262494896,0.7222222222222222
challenger_umidas_gold_exports_proxy_usd_m_l3,H2,standard,HISTORICAL_POST_DEVELOPMENT_TEST,univariate_umidas,gold_exports_proxy_usd_m,gold_exports_proxy,3,4,0.713750108496544,0.5663070984670011,0.5663070984670011,0.5494929493057441,0.5494929493057441,1.057140486944843,0.8662872552429961,0.6668517621268637,0.75,0.8204644254740219,1.0,,not calculated: fewer than 8 matched forecasts,0.8239185145305352,0.8492248661993718,0.0
challenger_umidas_gold_exports_proxy_usd_m_l3,H3,conservative,DEVELOPMENT_PSEUDO_OOS,univariate_umidas,gold_exports_proxy_usd_m,gold_exports_proxy,3,5,0.9896359559148743,0.8107945689575292,0.23201663560867622,0.13407327474292696,0.8448145400840419,1.6281401965885447,0.5113466351414381,0.4655873119233128,0.2,0.135394416387559,0.6,,not calculated: fewer than 8 matched forecasts,1.935352435909042,1.7414447262494896,0.7222222222222222
challenger_umidas_gold_exports_proxy_usd_m_l3,H3,conservative,HISTORICAL_POST_DEVELOPMENT_TEST,univariate_umidas,gold_exports_proxy_usd_m,gold_exports_proxy,3,4,0.713750108496544,0.5663070984670011,0.5663070984670011,0.5494929493057441,0.5494929493057441,1.057140486944843,0.8662872552429961,0.6668517621268637,0.75,0.8204644254740219,1.0,,not calculated: fewer than 8 matched forecasts,0.8239185145305352,0.8492248661993718,0.0
challenger_umidas_gold_exports_proxy_usd_m_l3,H3,standard,DEVELOPMENT_PSEUDO_OOS,univariate_umidas,gold_exports_proxy_usd_m,gold_exports_proxy,3,5,0.30309095601944325,0.22575165804241717,0.12439787511133371,0.07122521179044217,0.1583057298879389,0.6220963962324157,0.29675915694592536,0.25753960798676995,0.6,0.01089612121919099,0.6,,not calculated: fewer than 8 matched forecasts,1.0213364909736269,0.8765706362883579,0.7222222222222222
challenger_umidas_gold_exports_proxy_usd_m_l3,H3,standard,HISTORICAL_POST_DEVELOPMENT_TEST,univariate_umidas,gold_exports_proxy_usd_m,gold_exports_proxy,3,4,0.9829515873985751,0.9187350698016388,0.9187350698016388,0.7795189211173277,0.7795189211173277,1.5104668262351364,0.5297814262018278,0.3705560639322456,0.0,0.9532189227808302,1.0,,not calculated: fewer than 8 matched forecasts,1.8553908060644348,2.479341614470584,0.0
challenger_umidas_gold_price_mom_dlog_l1,H1,conservative,DEVELOPMENT_PSEUDO_OOS,univariate_umidas,gold_price_mom_dlog,gold_price,1,17,1.36103836552849,0.8821119523954167,0.42168569612605544,0.46762873695008533,0.5130131073490736,3.900490615523699,0.8753822084899305,0.6973557485228659,0.4117647058823529,0.803084437747891,0.8235294117647058,-1.509098865861879,exploratory only; positive favors challenger; small/overlapping sample,1.5547932689611499,1.2649382388600083,0.05555555555555555
challenger_umidas_gold_price_mom_dlog_l1,H1,conservative,HISTORICAL_POST_DEVELOPMENT_TEST,univariate_umidas,gold_price_mom_dlog,gold_price,1,4,0.9362396129594167,0.8399586673060053,0.8399586673060053,0.784965667928915,0.784965667928915,1.473300511324898,0.799938051857473,0.6256251475500503,0.0,0.9595788271187061,1.0,,not calculated: fewer than 8 matched forecasts,1.1703901455687082,1.3425909597708559,0.0
challenger_umidas_gold_price_mom_dlog_l1,H1,standard,DEVELOPMENT_PSEUDO_OOS,univariate_umidas,gold_price_mom_dlog,gold_price,1,17,1.36103836552849,0.8821119523954167,0.42168569612605544,0.46762873695008533,0.5130131073490736,3.900490615523699,0.8498954496075838,0.5652095304771751,0.17647058823529413,0.841140579971396,0.8235294117647058,-1.68087426455312,exploratory only; positive favors challenger; small/overlapping sample,1.6014185817289792,1.560681313442642,0.05555555555555555
challenger_umidas_gold_price_mom_dlog_l1,H1,standard,HISTORICAL_POST_DEVELOPMENT_TEST,univariate_umidas,gold_price_mom_dlog,gold_price,1,4,0.9362396129594167,0.8399586673060053,0.8399586673060053,0.784965667928915,0.784965667928915,1.473300511324898,0.851830629865615,0.7137680464798368,0.25,0.6024571312110726,1.0,,not calculated: fewer than 8 matched forecasts,1.0990912748783384,1.1767949986673063,0.0
challenger_umidas_gold_price_mom_dlog_l1,H2,conservative,DEVELOPMENT_PSEUDO_OOS,univariate_umidas,gold_price_mom_dlog,gold_price,1,17,1.4499580931326748,1.0775051937215705,0.37995495975577226,0.3473211051742533,0.7178318889811255,3.9030255718678672,0.8498954496075838,0.5652095304771751,0.17647058823529413,0.637230122811345,0.6470588235294118,-2.107120024227409,exploratory only; positive favors challenger; small/overlapping sample,1.7060428948080069,1.9063818559674541,0.05555555555555555
challenger_umidas_gold_price_mom_dlog_l1,H2,conservative,HISTORICAL_POST_DEVELOPMENT_TEST,univariate_umidas,gold_price_mom_dlog,gold_price,1,4,1.1817873838190778,0.9605852575305962,0.9605852575305962,0.9041765403153423,0.9041765403153423,1.9061411178656131,0.851830629865615,0.7137680464798368,0.5,0.3596880956659918,1.0,,not calculated: fewer than 8 matched forecasts,1.3873501872144665,1.3457947049717527,0.0
challenger_umidas_gold_price_mom_dlog_l1,H2,standard,DEVELOPMENT_PSEUDO_OOS,univariate_umidas,gold_price_mom_dlog,gold_price,1,17,1.4499580931326748,1.0775051937215705,0.37995495975577226,0.3473211051742533,0.7178318889811255,3.9030255718678672,0.8299463018090937,0.6245142484312887,0.23529411764705882,0.561025133952705,0.6470588235294118,-2.0925044199376823,exploratory only; positive favors challenger; small/overlapping sample,1.7470504898595207,1.7253492557265835,0.05555555555555555
challenger_umidas_gold_price_mom_dlog_l1,H2,standard,HISTORICAL_POST_DEVELOPMENT_TEST,univariate_umidas,gold_price_mom_dlog,gold_price,1,4,1.1817873838190778,0.9605852575305962,0.9605852575305962,0.9041765403153423,0.9041765403153423,1.9061411178656131,0.8662872552429961,0.6668517621268637,0.5,0.5020988881273442,1.0,,not calculated: fewer than 8 matched forecasts,1.3641980493959627,1.440477947403027,0.0
challenger_umidas_gold_price_mom_dlog_l1,H3,conservative,DEVELOPMENT_PSEUDO_OOS,univariate_umidas,gold_price_mom_dlog,gold_price,1,17,1.4438252428566958,0.9307425672812997,0.4288568625058211,0.3804818105990906,0.706194854354389,4.7347910415679575,0.8299463018090937,0.6245142484312887,0.23529411764705882,0.6394572034565993,0.8235294117647058,-1.2734836424705065,exploratory only; positive favors challenger; small/overlapping sample,1.739661035550717,1.490346408619536,0.05555555555555555
challenger_umidas_gold_price_mom_dlog_l1,H3,conservative,HISTORICAL_POST_DEVELOPMENT_TEST,univariate_umidas,gold_price_mom_dlog,gold_price,1,4,0.9067875047075085,0.7537027768501907,0.7537027768501907,0.5921893619181646,0.5921893619181646,1.5799883349325512,0.8662872552429961,0.6668517621268637,0.25,0.8733296422061295,1.0,,not calculated: fewer than 8 matched forecasts,1.0467515240694056,1.130240361735453,0.0
challenger_umidas_gold_price_mom_dlog_l1,H3,standard,DEVELOPMENT_PSEUDO_OOS,univariate_umidas,gold_price_mom_dlog,gold_price,1,17,1.4438252428566958,0.9307425672812997,0.4288568625058211,0.3804818105990906,0.706194854354389,4.7347910415679575,0.6784344208279974,0.5221098705669958,0.17647058823529413,0.5542806741343039,0.8235294117647058,-1.4157515530396667,exploratory only; positive favors challenger; small/overlapping sample,2.1281721541996275,1.7826565245176096,0.05555555555555555
challenger_umidas_gold_price_mom_dlog_l1,H3,standard,HISTORICAL_POST_DEVELOPMENT_TEST,univariate_umidas,gold_price_mom_dlog,gold_price,1,4,0.9067875047075085,0.7537027768501907,0.7537027768501907,0.5921893619181646,0.5921893619181646,1.5799883349325512,0.5297814262018278,0.3705560639322456,0.0,0.9739698497035795,1.0,,not calculated: fewer than 8 matched forecasts,1.7116257004488769,2.0339777167646127,0.0
challenger_umidas_gold_price_mom_dlog_l2,H1,conservative,DEVELOPMENT_PSEUDO_OOS,univariate_umidas,gold_price_mom_dlog,gold_price,2,17,1.372957927493808,0.9920095563243301,0.47227907476257325,0.33082266702032204,0.7313407266427605,3.562836821110161,0.8753822084899305,0.6973557485228659,0.47058823529411764,0.6877223672630538,0.7058823529411765,-1.9544549789600665,exploratory only; positive favors challenger; small/overlapping sample,1.568409677713482,1.4225301195632185,0.05555555555555555
challenger_umidas_gold_price_mom_dlog_l2,H1,conservative,HISTORICAL_POST_DEVELOPMENT_TEST,univariate_umidas,gold_price_mom_dlog,gold_price,2,4,0.9884974757583084,0.9471292162335425,0.9471292162335425,0.8205226117417608,0.8205226117417608,1.4227287896327185,0.799938051857473,0.6256251475500503,0.25,0.894240149240768,1.0,,not calculated: fewer than 8 matched forecasts,1.2357175327051844,1.513892496077728,0.0
challenger_umidas_gold_price_mom_dlog_l2,H1,standard,DEVELOPMENT_PSEUDO_OOS,univariate_umidas,gold_price_mom_dlog,gold_price,2,17,1.372957927493808,0.9920095563243301,0.47227907476257325,0.33082266702032204,0.7313407266427605,3.562836821110161,0.8498954496075838,0.5652095304771751,0.23529411764705882,0.7264642626572271,0.7058823529411765,-2.1988238159218083,exploratory only; positive favors challenger; small/overlapping sample,1.6154433208552113,1.7551182399327756,0.05555555555555555
challenger_umidas_gold_price_mom_dlog_l2,H1,standard,HISTORICAL_POST_DEVELOPMENT_TEST,univariate_umidas,gold_price_mom_dlog,gold_price,2,4,0.9884974757583084,0.9471292162335425,0.9471292162335425,0.8205226117417608,0.8205226117417608,1.4227287896327185,0.851830629865615,0.7137680464798368,0.25,0.6913325023495022,1.0,,not calculated: fewer than 8 matched forecasts,1.1604389899835534,1.326942584365603,0.0
challenger_umidas_gold_price_mom_dlog_l2,H2,conservative,DEVELOPMENT_PSEUDO_OOS,univariate_umidas,gold_price_mom_dlog,gold_price,2,17,2.0198941099921526,1.272662027717224,0.5442505311934115,0.24488323748410856,0.6927057386343272,6.839057626464955,0.8498954496075838,0.5652095304771751,0.23529411764705882,0.4662893392007048,0.5882352941176471,-1.357163031530625,exploratory only; positive favors challenger; small/overlapping sample,2.376638339368429,2.251664133552005,0.05555555555555555
challenger_umidas_gold_price_mom_dlog_l2,H2,conservative,HISTORICAL_POST_DEVELOPMENT_TEST,univariate_umidas,gold_price_mom_dlog,gold_price,2,4,1.1620744708834219,0.9581661456817216,0.9581661456817216,0.8532196181821261,0.8532196181821261,1.9069499349231211,0.851830629865615,0.7137680464798368,0.5,0.3634134027212053,1.0,,not calculated: fewer than 8 matched forecasts,1.3642083650675383,1.3424054921023827,0.0
challenger_umidas_gold_price_mom_dlog_l2,H2,standard,DEVELOPMENT_PSEUDO_OOS,univariate_umidas,gold_price_mom_dlog,gold_price,2,17,2.0198941099921526,1.272662027717224,0.5442505311934115,0.24488323748410856,0.6927057386343272,6.839057626464955,0.8299463018090937,0.6245142484312887,0.23529411764705882,0.39039280930348935,0.5882352941176471,-1.3560904078625302,exploratory only; positive favors challenger; small/overlapping sample,2.433764817783083,2.037843061089497,0.05555555555555555
challenger_umidas_gold_price_mom_dlog_l2,H2,standard,HISTORICAL_POST_DEVELOPMENT_TEST,univariate_umidas,gold_price_mom_dlog,gold_price,2,4,1.1620744708834219,0.9581661456817216,0.9581661456817216,0.8532196181821261,0.8532196181821261,1.9069499349231211,0.8662872552429961,0.6668517621268637,0.25,0.5071285691097878,1.0,,not calculated: fewer than 8 matched forecasts,1.3414424186091212,1.4368502868249713,0.0
challenger_umidas_gold_price_mom_dlog_l2,H3,conservative,DEVELOPMENT_PSEUDO_OOS,univariate_umidas,gold_price_mom_dlog,gold_price,2,17,1.673771429676657,1.2119339530275401,0.2592917245377308,0.24216126623391254,0.6761509809752644,3.7366921593968607,0.8299463018090937,0.6245142484312887,0.17647058823529413,0.4383261503481349,0.5882352941176471,-2.2860518224013173,exploratory only; positive favors challenger; small/overlapping sample,2.0167225590718543,1.9406025660291746,0.05555555555555555
challenger_umidas_gold_price_mom_dlog_l2,H3,conservative,HISTORICAL_POST_DEVELOPMENT_TEST,univariate_umidas,gold_price_mom_dlog,gold_price,2,4,1.1971048915285298,0.9664916711392657,0.9664916711392657,0.8939718817986799,0.8939718817986799,1.9599640521213226,0.8662872552429961,0.6668517621268637,0.5,0.5224174232759506,1.0,,not calculated: fewer than 8 matched forecasts,1.3818798375288788,1.4493351086855157,0.0
challenger_umidas_gold_price_mom_dlog_l2,H3,standard,DEVELOPMENT_PSEUDO_OOS,univariate_umidas,gold_price_mom_dlog,gold_price,2,17,1.673771429676657,1.2119339530275401,0.2592917245377308,0.24216126623391254,0.6761509809752644,3.7366921593968607,0.6784344208279974,0.5221098705669958,0.29411764705882354,0.37236507579153577,0.5882352941176471,-2.411614490032343,exploratory only; positive favors challenger; small/overlapping sample,2.4671086523497694,2.3212239824376737,0.05555555555555555
challenger_umidas_gold_price_mom_dlog_l2,H3,standard,HISTORICAL_POST_DEVELOPMENT_TEST,univariate_umidas,gold_price_mom_dlog,gold_price,2,4,1.1971048915285298,0.9664916711392657,0.9664916711392657,0.8939718817986799,0.8939718817986799,1.9599640521213226,0.5297814262018278,0.3705560639322456,0.25,0.7166184675561109,1.0,,not calculated: fewer than 8 matched forecasts,2.2596203496807297,2.6082198220779462,0.0
challenger_umidas_gold_price_mom_dlog_l3,H1,conservative,DEVELOPMENT_PSEUDO_OOS,univariate_umidas,gold_price_mom_dlog,gold_price,3,17,1.5468764059293494,1.130289242239995,0.3009970462367759,0.5887372162153035,0.8658103916012649,3.7594395669978624,0.8753822084899305,0.6973557485228659,0.29411764705882354,0.6552293142247528,0.6470588235294118,-2.1314730455194835,exploratory only; positive favors challenger; small/overlapping sample,1.7670868689435364,1.6208215744032597,0.05555555555555555
challenger_umidas_gold_price_mom_dlog_l3,H1,conservative,HISTORICAL_POST_DEVELOPMENT_TEST,univariate_umidas,gold_price_mom_dlog,gold_price,3,4,1.2576716997815054,1.158443995414619,1.158443995414619,1.0575076289601228,1.0575076289601228,1.8854067413520648,0.799938051857473,0.6256251475500503,0.0,0.9085802162932487,1.0,,not calculated: fewer than 8 matched forecasts,1.5722113691943584,1.8516582972265243,0.0
challenger_umidas_gold_price_mom_dlog_l3,H1,standard,DEVELOPMENT_PSEUDO_OOS,univariate_umidas,gold_price_mom_dlog,gold_price,3,17,1.5468764059293494,1.130289242239995,0.3009970462367759,0.5887372162153035,0.8658103916012649,3.7594395669978624,0.8498954496075838,0.5652095304771751,0.17647058823529413,0.6827461830742754,0.6470588235294118,-2.5379868398531893,exploratory only; positive favors challenger; small/overlapping sample,1.8200784657025493,1.999770317541805,0.05555555555555555
challenger_umidas_gold_price_mom_dlog_l3,H1,standard,HISTORICAL_POST_DEVELOPMENT_TEST,univariate_umidas,gold_price_mom_dlog,gold_price,3,4,1.2576716997815054,1.158443995414619,1.158443995414619,1.0575076289601228,1.0575076289601228,1.8854067413520648,0.851830629865615,0.7137680464798368,0.0,0.9362375489616319,1.0,,not calculated: fewer than 8 matched forecasts,1.4764339948422798,1.6229978368012357,0.0
challenger_umidas_gold_price_mom_dlog_l3,H2,conservative,DEVELOPMENT_PSEUDO_OOS,univariate_umidas,gold_price_mom_dlog,gold_price,3,17,2.0872849260893256,1.5012685792787641,0.5500127595351737,0.5473994268861802,1.3518799740686696,6.320337457804024,0.8498954496075838,0.5652095304771751,0.17647058823529413,0.21327903311592916,0.6470588235294118,-1.7144711808861477,exploratory only; positive favors challenger; small/overlapping sample,2.455931405507669,2.6561275037441887,0.05555555555555555
challenger_umidas_gold_price_mom_dlog_l3,H2,conservative,HISTORICAL_POST_DEVELOPMENT_TEST,univariate_umidas,gold_price_mom_dlog,gold_price,3,4,1.167161399956272,1.058938269493054,1.058938269493054,0.8774081223923131,0.8774081223923131,1.8428673965664686,0.851830629865615,0.7137680464798368,0.25,0.4089180867793205,1.0,,not calculated: fewer than 8 matched forecasts,1.370180126230497,1.4835887859025472,0.0
challenger_umidas_gold_price_mom_dlog_l3,H2,standard,DEVELOPMENT_PSEUDO_OOS,univariate_umidas,gold_price_mom_dlog,gold_price,3,17,2.0872849260893256,1.5012685792787641,0.5500127595351737,0.5473994268861802,1.3518799740686696,6.320337457804024,0.8299463018090937,0.6245142484312887,0.17647058823529413,0.15000430521799937,0.6470588235294118,-1.7178343097725446,exploratory only; positive favors challenger; small/overlapping sample,2.5149638254180067,2.403898042438241,0.05555555555555555
challenger_umidas_gold_price_mom_dlog_l3,H2,standard,HISTORICAL_POST_DEVELOPMENT_TEST,univariate_umidas,gold_price_mom_dlog,gold_price,3,4,1.167161399956272,1.058938269493054,1.058938269493054,0.8774081223923131,0.8774081223923131,1.8428673965664686,0.8662872552429961,0.6668517621268637,0.25,0.5441016559241475,1.0,,not calculated: fewer than 8 matched forecasts,1.3473145228586791,1.5879665161499548,0.0
challenger_umidas_gold_price_mom_dlog_l3,H3,conservative,DEVELOPMENT_PSEUDO_OOS,univariate_umidas,gold_price_mom_dlog,gold_price,3,17,2.6272569953050664,1.5739131637291213,0.5476301023286039,0.2031759368658248,0.6682865983822479,9.051807968568655,0.8299463018090937,0.6245142484312887,0.23529411764705882,0.26329034756003017,0.5882352941176471,-1.3594746857819626,exploratory only; positive favors challenger; small/overlapping sample,3.165574675829322,2.520219783107621,0.05555555555555555
challenger_umidas_gold_price_mom_dlog_l3,H3,conservative,HISTORICAL_POST_DEVELOPMENT_TEST,univariate_umidas,gold_price_mom_dlog,gold_price,3,4,1.1724886063601092,0.9758760522586516,0.9758760522586516,0.8553220591683233,0.8553220591683233,1.9263171125815957,0.8662872552429961,0.6668517621268637,0.25,0.5058339494568191,1.0,,not calculated: fewer than 8 matched forecasts,1.3534639916077522,1.463407773185127,0.0
challenger_umidas_gold_price_mom_dlog_l3,H3,standard,DEVELOPMENT_PSEUDO_OOS,univariate_umidas,gold_price_mom_dlog,gold_price,3,17,2.6272569953050664,1.5739131637291213,0.5476301023286039,0.2031759368658248,0.6682865983822479,9.051807968568655,0.6784344208279974,0.5221098705669958,0.29411764705882354,0.19883450596298224,0.5882352941176471,-1.397340635364069,exploratory only; positive favors challenger; small/overlapping sample,3.8725290383978783,3.014524820264169,0.05555555555555555
challenger_umidas_gold_price_mom_dlog_l3,H3,standard,HISTORICAL_POST_DEVELOPMENT_TEST,univariate_umidas,gold_price_mom_dlog,gold_price,3,4,1.1724886063601092,0.9758760522586516,0.9758760522586516,0.8553220591683233,0.8553220591683233,1.9263171125815957,0.5297814262018278,0.3705560639322456,0.0,0.7022261141230308,1.0,,not calculated: fewer than 8 matched forecasts,2.213155366291443,2.633544953772733,0.0
challenger_umidas_imports_total_yoy_log_l1,H1,conservative,DEVELOPMENT_PSEUDO_OOS,univariate_umidas,imports_total_yoy_log,imports_total,1,1,0.12933754388251284,0.12933754388251284,0.12933754388251284,0.12933754388251284,0.12933754388251284,0.12933754388251284,0.7285867151727796,0.7285867151727796,1.0,,1.0,,not calculated: fewer than 8 matched forecasts,0.17751839443276327,0.17751839443276327,0.9444444444444444
challenger_umidas_imports_total_yoy_log_l1,H1,conservative,HISTORICAL_POST_DEVELOPMENT_TEST,univariate_umidas,imports_total_yoy_log,imports_total,1,4,0.7113324258659045,0.5994126572300751,0.45028376299079675,0.42360552919277694,0.42360552919277694,1.2521817820561898,0.799938051857473,0.6256251475500503,0.5,0.979581034875758,0.75,,not calculated: fewer than 8 matched forecasts,0.8892343903558227,0.9581019234558851,0.0
challenger_umidas_imports_total_yoy_log_l1,H1,standard,DEVELOPMENT_PSEUDO_OOS,univariate_umidas,imports_total_yoy_log,imports_total,1,1,0.4234062753911836,0.4234062753911836,0.4234062753911836,0.4234062753911836,0.4234062753911836,0.4234062753911836,0.6366876702296107,0.6366876702296107,1.0,,1.0,,not calculated: fewer than 8 matched forecasts,0.6650140959043376,0.6650140959043376,0.9444444444444444
challenger_umidas_imports_total_yoy_log_l1,H1,standard,HISTORICAL_POST_DEVELOPMENT_TEST,univariate_umidas,imports_total_yoy_log,imports_total,1,4,0.6062675779796569,0.5218034763104504,0.30085757027098525,0.3226070393087763,0.4734953067474308,1.0001080145453187,0.851830629865615,0.7137680464798368,0.75,0.7680020683702649,0.75,,not calculated: fewer than 8 matched forecasts,0.7117231486208729,0.7310546877012528,0.0
challenger_umidas_imports_total_yoy_log_l1,H2,conservative,DEVELOPMENT_PSEUDO_OOS,univariate_umidas,imports_total_yoy_log,imports_total,1,1,0.4234062753911836,0.4234062753911836,0.4234062753911836,0.4234062753911836,0.4234062753911836,0.4234062753911836,0.6366876702296107,0.6366876702296107,1.0,,1.0,,not calculated: fewer than 8 matched forecasts,0.6650140959043376,0.6650140959043376,0.9444444444444444
challenger_umidas_imports_total_yoy_log_l1,H2,conservative,HISTORICAL_POST_DEVELOPMENT_TEST,univariate_umidas,imports_total_yoy_log,imports_total,1,4,0.6062675779796569,0.5218034763104504,0.30085757027098525,0.3226070393087763,0.4734953067474308,1.0001080145453187,0.851830629865615,0.7137680464798368,0.75,0.7680020683702649,0.75,,not calculated: fewer than 8 matched forecasts,0.7117231486208729,0.7310546877012528,0.0
challenger_umidas_imports_total_yoy_log_l1,H2,standard,DEVELOPMENT_PSEUDO_OOS,univariate_umidas,imports_total_yoy_log,imports_total,1,2,0.7401552845487831,0.6051273878059051,0.6051273878059051,0.6051273878059051,0.6051273878059051,1.0313323734321784,0.6043003989889123,0.59646843712166,0.5,-0.9999999999999998,1.0,,not calculated: fewer than 8 matched forecasts,1.224813496378915,1.014517030818982,0.8888888888888888
challenger_umidas_imports_total_yoy_log_l1,H2,standard,HISTORICAL_POST_DEVELOPMENT_TEST,univariate_umidas,imports_total_yoy_log,imports_total,1,4,1.327823098854599,1.2360414052463504,1.2360414052463504,1.269428074843029,1.269428074843029,1.8560392442353848,0.8662872552429961,0.6668517621268637,0.0,0.8249220960794176,1.0,,not calculated: fewer than 8 matched forecasts,1.5327745973616347,1.8535474830329721,0.0
challenger_umidas_imports_total_yoy_log_l1,H3,conservative,DEVELOPMENT_PSEUDO_OOS,univariate_umidas,imports_total_yoy_log,imports_total,1,2,0.7401552845487831,0.6051273878059051,0.6051273878059051,0.6051273878059051,0.6051273878059051,1.0313323734321784,0.6043003989889123,0.59646843712166,0.5,-0.9999999999999998,1.0,,not calculated: fewer than 8 matched forecasts,1.224813496378915,1.014517030818982,0.8888888888888888
challenger_umidas_imports_total_yoy_log_l1,H3,conservative,HISTORICAL_POST_DEVELOPMENT_TEST,univariate_umidas,imports_total_yoy_log,imports_total,1,4,1.327823098854599,1.2360414052463504,1.2360414052463504,1.269428074843029,1.269428074843029,1.8560392442353848,0.8662872552429961,0.6668517621268637,0.0,0.8249220960794176,1.0,,not calculated: fewer than 8 matched forecasts,1.5327745973616347,1.8535474830329721,0.0
challenger_umidas_imports_total_yoy_log_l1,H3,standard,DEVELOPMENT_PSEUDO_OOS,univariate_umidas,imports_total_yoy_log,imports_total,1,2,0.6488809490416485,0.624059733938493,0.624059733938493,0.624059733938493,0.624059733938493,0.8018121868211683,0.24874492484919333,0.24113558853959116,0.0,1.0,1.0,,not calculated: fewer than 8 matched forecasts,2.608619851983094,2.5880034453563496,0.8888888888888888
challenger_umidas_imports_total_yoy_log_l1,H3,standard,HISTORICAL_POST_DEVELOPMENT_TEST,univariate_umidas,imports_total_yoy_log,imports_total,1,4,1.191623649255976,1.1104024382496163,1.1104024382496163,1.0956672885524599,1.0956672885524599,1.722896505780711,0.5297814262018278,0.3705560639322456,0.0,0.9347106775254117,1.0,,not calculated: fewer than 8 matched forecasts,2.249274116306996,2.996584178022379,0.0
challenger_umidas_imports_total_yoy_log_l2,H1,conservative,DEVELOPMENT_PSEUDO_OOS,univariate_umidas,imports_total_yoy_log,imports_total,2,1,0.16055888658337203,0.16055888658337203,0.16055888658337203,0.16055888658337203,0.16055888658337203,0.16055888658337203,0.7285867151727796,0.7285867151727796,1.0,,1.0,,not calculated: fewer than 8 matched forecasts,0.22037031864531942,0.22037031864531942,0.9444444444444444
challenger_umidas_imports_total_yoy_log_l2,H1,conservative,HISTORICAL_POST_DEVELOPMENT_TEST,univariate_umidas,imports_total_yoy_log,imports_total,2,4,0.6484619503965683,0.5472286607556853,0.27441492767796305,0.2640919752420601,0.4178881720677703,1.1151032263831766,0.799938051857473,0.6256251475500503,0.75,0.9875686519955597,0.75,,not calculated: fewer than 8 matched forecasts,0.8106402100647994,0.8746909597522321,0.0
challenger_umidas_imports_total_yoy_log_l2,H1,standard,DEVELOPMENT_PSEUDO_OOS,univariate_umidas,imports_total_yoy_log,imports_total,2,1,0.11834865345567458,0.11834865345567458,0.11834865345567458,0.11834865345567458,0.11834865345567458,0.11834865345567458,0.6366876702296107,0.6366876702296107,1.0,,1.0,,not calculated: fewer than 8 matched forecasts,0.1858818051447331,0.1858818051447331,0.9444444444444444
challenger_umidas_imports_total_yoy_log_l2,H1,standard,HISTORICAL_POST_DEVELOPMENT_TEST,univariate_umidas,imports_total_yoy_log,imports_total,2,4,0.7216618158852867,0.628699129521082,0.43530875698084515,0.4446022911514884,0.4446022911514884,1.2388111907008774,0.851830629865615,0.7137680464798368,0.5,0.627053212438073,0.75,,not calculated: fewer than 8 matched forecasts,0.8471893244777265,0.8808171402764554,0.0
challenger_umidas_imports_total_yoy_log_l2,H2,conservative,DEVELOPMENT_PSEUDO_OOS,univariate_umidas,imports_total_yoy_log,imports_total,2,1,0.11834865345567458,0.11834865345567458,0.11834865345567458,0.11834865345567458,0.11834865345567458,0.11834865345567458,0.6366876702296107,0.6366876702296107,1.0,,1.0,,not calculated: fewer than 8 matched forecasts,0.1858818051447331,0.1858818051447331,0.9444444444444444
challenger_umidas_imports_total_yoy_log_l2,H2,conservative,HISTORICAL_POST_DEVELOPMENT_TEST,univariate_umidas,imports_total_yoy_log,imports_total,2,4,0.7216618158852867,0.628699129521082,0.43530875698084515,0.4446022911514884,0.4446022911514884,1.2388111907008774,0.851830629865615,0.7137680464798368,0.5,0.627053212438073,0.75,,not calculated: fewer than 8 matched forecasts,0.8471893244777265,0.8808171402764554,0.0
challenger_umidas_imports_total_yoy_log_l2,H2,standard,DEVELOPMENT_PSEUDO_OOS,univariate_umidas,imports_total_yoy_log,imports_total,2,1,0.5611893024819796,0.5611893024819796,0.5611893024819796,0.5611893024819796,0.5611893024819796,0.5611893024819796,0.693444597778818,0.693444597778818,1.0,,1.0,,not calculated: fewer than 8 matched forecasts,0.8092777768830169,0.8092777768830169,0.9444444444444444
challenger_umidas_imports_total_yoy_log_l2,H2,standard,HISTORICAL_POST_DEVELOPMENT_TEST,univariate_umidas,imports_total_yoy_log,imports_total,2,4,0.7315237585048265,0.6634171341573776,0.40434935751662415,0.5249705204132082,0.6549442027749386,1.085591942521587,0.8662872552429961,0.6668517621268637,0.25,0.8416204934470537,0.75,,not calculated: fewer than 8 matched forecasts,0.8444355542315256,0.9948494880503401,0.0
challenger_umidas_imports_total_yoy_log_l2,H3,conservative,DEVELOPMENT_PSEUDO_OOS,univariate_umidas,imports_total_yoy_log,imports_total,2,1,0.5611893024819796,0.5611893024819796,0.5611893024819796,0.5611893024819796,0.5611893024819796,0.5611893024819796,0.693444597778818,0.693444597778818,1.0,,1.0,,not calculated: fewer than 8 matched forecasts,0.8092777768830169,0.8092777768830169,0.9444444444444444
challenger_umidas_imports_total_yoy_log_l2,H3,conservative,HISTORICAL_POST_DEVELOPMENT_TEST,univariate_umidas,imports_total_yoy_log,imports_total,2,4,0.7315237585048265,0.6634171341573776,0.40434935751662415,0.5249705204132082,0.6549442027749386,1.085591942521587,0.8662872552429961,0.6668517621268637,0.25,0.8416204934470537,0.75,,not calculated: fewer than 8 matched forecasts,0.8444355542315256,0.9948494880503401,0.0
challenger_umidas_imports_total_yoy_log_l2,H3,standard,DEVELOPMENT_PSEUDO_OOS,univariate_umidas,imports_total_yoy_log,imports_total,2,2,0.7320712024760548,0.5989879475945701,0.5989879475945701,0.5989879475945701,0.5989879475945701,1.019869978728214,0.24874492484919333,0.24113558853959116,0.5,-1.0,1.0,,not calculated: fewer than 8 matched forecasts,2.943059855069959,2.4840296333787513,0.8888888888888888
challenger_umidas_imports_total_yoy_log_l2,H3,standard,HISTORICAL_POST_DEVELOPMENT_TEST,univariate_umidas,imports_total_yoy_log,imports_total,2,4,1.333155058367853,1.2339028237522993,1.2339028237522993,1.2897644554048147,1.2897644554048147,1.854172029391834,0.5297814262018278,0.3705560639322456,0.0,0.9484486115867133,1.0,,not calculated: fewer than 8 matched forecasts,2.5164246846584777,3.3298681194376907,0.0
challenger_umidas_imports_total_yoy_log_l3,H1,conservative,DEVELOPMENT_PSEUDO_OOS,univariate_umidas,imports_total_yoy_log,imports_total,3,0,,,,,,,,,,,,,,,,1.0
challenger_umidas_imports_total_yoy_log_l3,H1,conservative,HISTORICAL_POST_DEVELOPMENT_TEST,univariate_umidas,imports_total_yoy_log,imports_total,3,4,0.6464691703534684,0.5542294596583812,0.35780035963725987,0.34788948386505103,0.3872577445047387,1.1282806708611801,0.799938051857473,0.6256251475500503,0.75,0.9882184839752701,0.75,,not calculated: fewer than 8 matched forecasts,0.8081490421068899,0.8858810452692722,0.0
challenger_umidas_imports_total_yoy_log_l3,H1,standard,DEVELOPMENT_PSEUDO_OOS,univariate_umidas,imports_total_yoy_log,imports_total,3,1,0.13959634357490902,0.13959634357490902,0.13959634357490902,0.13959634357490902,0.13959634357490902,0.13959634357490902,0.6366876702296107,0.6366876702296107,1.0,,1.0,,not calculated: fewer than 8 matched forecasts,0.21925403946422575,0.21925403946422575,0.9444444444444444
challenger_umidas_imports_total_yoy_log_l3,H1,standard,HISTORICAL_POST_DEVELOPMENT_TEST,univariate_umidas,imports_total_yoy_log,imports_total,3,4,0.6769819043792837,0.5705693264685567,0.2958256148767793,0.2806437040151999,0.42801615166140916,1.1715024746602722,0.851830629865615,0.7137680464798368,0.75,0.6871229416735197,0.75,,not calculated: fewer than 8 matched forecasts,0.7947376868639774,0.7993763930488231,0.0
challenger_umidas_imports_total_yoy_log_l3,H2,conservative,DEVELOPMENT_PSEUDO_OOS,univariate_umidas,imports_total_yoy_log,imports_total,3,1,0.13959634357490902,0.13959634357490902,0.13959634357490902,0.13959634357490902,0.13959634357490902,0.13959634357490902,0.6366876702296107,0.6366876702296107,1.0,,1.0,,not calculated: fewer than 8 matched forecasts,0.21925403946422575,0.21925403946422575,0.9444444444444444
challenger_umidas_imports_total_yoy_log_l3,H2,conservative,HISTORICAL_POST_DEVELOPMENT_TEST,univariate_umidas,imports_total_yoy_log,imports_total,3,4,0.6769819043792837,0.5705693264685567,0.2958256148767793,0.2806437040151999,0.42801615166140916,1.1715024746602722,0.851830629865615,0.7137680464798368,0.75,0.6871229416735197,0.75,,not calculated: fewer than 8 matched forecasts,0.7947376868639774,0.7993763930488231,0.0
challenger_umidas_imports_total_yoy_log_l3,H2,standard,DEVELOPMENT_PSEUDO_OOS,univariate_umidas,imports_total_yoy_log,imports_total,3,1,0.22173195133788948,0.22173195133788948,0.22173195133788948,0.22173195133788948,0.22173195133788948,0.22173195133788948,0.693444597778818,0.693444597778818,1.0,,1.0,,not calculated: fewer than 8 matched forecasts,0.31975438563963465,0.31975438563963465,0.9444444444444444
challenger_umidas_imports_total_yoy_log_l3,H2,standard,HISTORICAL_POST_DEVELOPMENT_TEST,univariate_umidas,imports_total_yoy_log,imports_total,3,4,0.7282205556157384,0.6395868300123546,0.4595867015156607,0.4808980686912836,0.4808980686912836,1.2365509256734635,0.8662872552429961,0.6668517621268637,0.5,0.7469430406168606,0.75,,not calculated: fewer than 8 matched forecasts,0.8406224969931831,0.9591139535606084,0.0
challenger_umidas_imports_total_yoy_log_l3,H3,conservative,DEVELOPMENT_PSEUDO_OOS,univariate_umidas,imports_total_yoy_log,imports_total,3,1,0.22173195133788948,0.22173195133788948,0.22173195133788948,0.22173195133788948,0.22173195133788948,0.22173195133788948,0.693444597778818,0.693444597778818,1.0,,1.0,,not calculated: fewer than 8 matched forecasts,0.31975438563963465,0.31975438563963465,0.9444444444444444
challenger_umidas_imports_total_yoy_log_l3,H3,conservative,HISTORICAL_POST_DEVELOPMENT_TEST,univariate_umidas,imports_total_yoy_log,imports_total,3,4,0.7282205556157384,0.6395868300123546,0.4595867015156607,0.4808980686912836,0.4808980686912836,1.2365509256734635,0.8662872552429961,0.6668517621268637,0.5,0.7469430406168606,0.75,,not calculated: fewer than 8 matched forecasts,0.8406224969931831,0.9591139535606084,0.0
challenger_umidas_imports_total_yoy_log_l3,H3,standard,DEVELOPMENT_PSEUDO_OOS,univariate_umidas,imports_total_yoy_log,imports_total,3,1,0.6603016821499859,0.6603016821499859,0.6603016821499859,0.6603016821499859,0.6603016821499859,0.6603016821499859,0.1800809771011762,0.1800809771011762,0.0,,1.0,,not calculated: fewer than 8 matched forecasts,3.6666931331619983,3.6666931331619983,0.9444444444444444
challenger_umidas_imports_total_yoy_log_l3,H3,standard,HISTORICAL_POST_DEVELOPMENT_TEST,univariate_umidas,imports_total_yoy_log,imports_total,3,4,0.6226144778443479,0.5113291457805145,0.3727071007241036,0.36107487242857594,0.4411360899311507,1.0459227481520843,0.5297814262018278,0.3705560639322456,0.25,0.9693468345674704,0.75,,not calculated: fewer than 8 matched forecasts,1.1752289662324893,1.3798968511118699,0.0
challenger_umidas_ind_prod_yoy_log_l1,H1,conservative,DEVELOPMENT_PSEUDO_OOS,univariate_umidas,ind_prod_yoy_log,industrial_production,1,9,0.5444006299288148,0.49039284779154346,0.43386797011202827,0.4484001120244647,0.4484001120244647,0.8635826436652643,0.5358969477023715,0.49110179287101513,0.6666666666666666,0.7950880334173364,0.8888888888888888,-0.11093104781877923,exploratory only; positive favors challenger; small/overlapping sample,1.0158681296150358,0.9985564192805587,0.5
challenger_umidas_ind_prod_yoy_log_l1,H1,conservative,HISTORICAL_POST_DEVELOPMENT_TEST,univariate_umidas,ind_prod_yoy_log,industrial_production,1,4,0.8081481339699759,0.6903183186332298,0.6903183186332298,0.5796101083169227,0.5796101083169227,1.3173601665428505,0.799938051857473,0.6256251475500503,0.5,0.9223444723443845,1.0,,not calculated: fewer than 8 matched forecasts,1.010263397388634,1.1034056436773971,0.0
challenger_umidas_ind_prod_yoy_log_l1,H1,standard,DEVELOPMENT_PSEUDO_OOS,univariate_umidas,ind_prod_yoy_log,industrial_production,1,9,0.5444006299288148,0.49039284779154346,0.43386797011202827,0.4484001120244647,0.4484001120244647,0.8635826436652643,0.4430324066114803,0.3874624706041613,0.1111111111111111,0.884093984333131,0.8888888888888888,-2.2741601136102547,exploratory only; positive favors challenger; small/overlapping sample,1.2288054368136323,1.2656525082981205,0.5
challenger_umidas_ind_prod_yoy_log_l1,H1,standard,HISTORICAL_POST_DEVELOPMENT_TEST,univariate_umidas,ind_prod_yoy_log,industrial_production,1,4,0.8081481339699759,0.6903183186332298,0.6903183186332298,0.5796101083169227,0.5796101083169227,1.3173601665428505,0.851830629865615,0.7137680464798368,0.5,0.8749848238001372,1.0,,not calculated: fewer than 8 matched forecasts,0.9487192707515925,0.9671465709872326,0.0
challenger_umidas_ind_prod_yoy_log_l1,H2,conservative,DEVELOPMENT_PSEUDO_OOS,univariate_umidas,ind_prod_yoy_log,industrial_production,1,9,2.0313241225322085,1.2202885651439734,0.5824632057952156,0.3702302260349777,0.6435952942842658,5.626141051292822,0.4430324066114803,0.3874624706041613,0.3333333333333333,-0.0825705978965414,0.7777777777777778,-1.1347159468035846,exploratory only; positive favors challenger; small/overlapping sample,4.585046358275974,3.149436804140555,0.5
challenger_umidas_ind_prod_yoy_log_l1,H2,conservative,HISTORICAL_POST_DEVELOPMENT_TEST,univariate_umidas,ind_prod_yoy_log,industrial_production,1,4,0.8384209390502044,0.6620398125463107,0.6620398125463107,0.5850438787697341,0.5850438787697341,1.3916970201677676,0.851830629865615,0.7137680464798368,0.75,0.9504535368211591,1.0,,not calculated: fewer than 8 matched forecasts,0.9842577968609487,0.9275279494667217,0.0
challenger_umidas_ind_prod_yoy_log_l1,H2,standard,DEVELOPMENT_PSEUDO_OOS,univariate_umidas,ind_prod_yoy_log,industrial_production,1,9,2.0313241225322085,1.2202885651439734,0.5824632057952156,0.3702302260349777,0.6435952942842658,5.626141051292822,0.48199197338595384,0.4248846030889752,0.4444444444444444,0.1659666077836352,0.7777777777777778,-1.125230885062745,exploratory only; positive favors challenger; small/overlapping sample,4.214435581286394,2.8720470364712947,0.5
challenger_umidas_ind_prod_yoy_log_l1,H2,standard,HISTORICAL_POST_DEVELOPMENT_TEST,univariate_umidas,ind_prod_yoy_log,industrial_production,1,4,0.8384209390502044,0.6620398125463107,0.6620398125463107,0.5850438787697341,0.5850438787697341,1.3916970201677676,0.8662872552429961,0.6668517621268637,0.5,0.964678332324395,1.0,,not calculated: fewer than 8 matched forecasts,0.967832475862784,0.9927840790804755,0.0
challenger_umidas_ind_prod_yoy_log_l1,H3,conservative,DEVELOPMENT_PSEUDO_OOS,univariate_umidas,ind_prod_yoy_log,industrial_production,1,10,1.1871073289990022,0.7178523990708218,0.2150301808698428,-0.18038025284671022,0.3093038691445078,3.37344783622166,0.46224681042946664,0.40381454044325,0.4,0.10806115796856285,0.4,-1.0536515777275122,exploratory only; positive favors challenger; small/overlapping sample,2.5681244352904855,1.7776784319922354,0.4444444444444444
challenger_umidas_ind_prod_yoy_log_l1,H3,conservative,HISTORICAL_POST_DEVELOPMENT_TEST,univariate_umidas,ind_prod_yoy_log,industrial_production,1,4,0.5693292180899256,0.4627188865753886,0.049281836191626516,0.05231406880876488,0.465751119192527,0.8369762595155672,0.8662872552429961,0.6668517621268637,0.5,-0.2250166762914056,0.5,,not calculated: fewer than 8 matched forecasts,0.6572060418114164,0.6938856772299564,0.0
challenger_umidas_ind_prod_yoy_log_l1,H3,standard,DEVELOPMENT_PSEUDO_OOS,univariate_umidas,ind_prod_yoy_log,industrial_production,1,10,1.1871073289990022,0.7178523990708218,0.2150301808698428,-0.18038025284671022,0.3093038691445078,3.37344783622166,0.34154231864504175,0.30703036072505163,0.4,0.25040470073277205,0.4,-1.154215329552472,exploratory only; positive favors challenger; small/overlapping sample,3.4757254495093464,2.3380502090269335,0.4444444444444444
challenger_umidas_ind_prod_yoy_log_l1,H3,standard,HISTORICAL_POST_DEVELOPMENT_TEST,univariate_umidas,ind_prod_yoy_log,industrial_production,1,4,0.5693292180899256,0.4627188865753886,0.049281836191626516,0.05231406880876488,0.465751119192527,0.8369762595155672,0.5297814262018278,0.3705560639322456,0.5,0.00914935900916562,0.5,,not calculated: fewer than 8 matched forecasts,1.0746492608690128,1.2487149222849974,0.0
challenger_umidas_ind_prod_yoy_log_l2,H1,conservative,DEVELOPMENT_PSEUDO_OOS,univariate_umidas,ind_prod_yoy_log,industrial_production,2,9,0.7025070036154702,0.6370013835456972,0.4397970421663751,0.5430558197220732,0.5430558197220732,1.3921539973882693,0.5358969477023715,0.49110179287101513,0.2222222222222222,0.36944217691372355,0.7777777777777778,-0.9587824851844425,exploratory only; positive favors challenger; small/overlapping sample,1.3108994306226787,1.2970862513487131,0.5
challenger_umidas_ind_prod_yoy_log_l2,H1,conservative,HISTORICAL_POST_DEVELOPMENT_TEST,univariate_umidas,ind_prod_yoy_log,industrial_production,2,4,0.8995408653997752,0.8709927825862072,0.8709927825862072,0.8505152222116634,0.8505152222116634,1.2075522667631597,0.799938051857473,0.6256251475500503,0.25,0.7325041558875127,1.0,,not calculated: fewer than 8 matched forecasts,1.1245131586264991,1.3921959275406641,0.0
challenger_umidas_ind_prod_yoy_log_l2,H1,standard,DEVELOPMENT_PSEUDO_OOS,univariate_umidas,ind_prod_yoy_log,industrial_production,2,9,0.7025070036154702,0.6370013835456972,0.4397970421663751,0.5430558197220732,0.5430558197220732,1.3921539973882693,0.4430324066114803,0.3874624706041613,0.1111111111111111,0.6796553651021869,0.7777777777777778,-1.7319622582022896,exploratory only; positive favors challenger; small/overlapping sample,1.585678594007543,1.644033762940797,0.5
challenger_umidas_ind_prod_yoy_log_l2,H1,standard,HISTORICAL_POST_DEVELOPMENT_TEST,univariate_umidas,ind_prod_yoy_log,industrial_production,2,4,0.8995408653997752,0.8709927825862072,0.8709927825862072,0.8505152222116634,0.8505152222116634,1.2075522667631597,0.851830629865615,0.7137680464798368,0.25,0.6555262465891818,1.0,,not calculated: fewer than 8 matched forecasts,1.0560090631416799,1.2202742710069072,0.0
challenger_umidas_ind_prod_yoy_log_l2,H2,conservative,DEVELOPMENT_PSEUDO_OOS,univariate_umidas,ind_prod_yoy_log,industrial_production,2,9,2.0040168283119817,1.2570894228024532,0.6426690420408573,0.4352230339062384,0.6979458142618409,5.536112806486563,0.4430324066114803,0.3874624706041613,0.2222222222222222,-0.04983639882323315,0.7777777777777778,-1.140434610681367,exploratory only; positive favors challenger; small/overlapping sample,4.5234091195261374,3.244415958124416,0.5
challenger_umidas_ind_prod_yoy_log_l2,H2,conservative,HISTORICAL_POST_DEVELOPMENT_TEST,univariate_umidas,ind_prod_yoy_log,industrial_production,2,4,0.8569977402045609,0.6744852696496546,0.6744852696496546,0.6539866450992711,0.6539866450992711,1.3706014361902064,0.851830629865615,0.7137680464798368,0.5,0.9650100035171159,1.0,,not calculated: fewer than 8 matched forecasts,1.0060658893420644,0.9449642260900903,0.0
challenger_umidas_ind_prod_yoy_log_l2,H2,standard,DEVELOPMENT_PSEUDO_OOS,univariate_umidas,ind_prod_yoy_log,industrial_production,2,9,2.0040168283119817,1.2570894228024532,0.6426690420408573,0.4352230339062384,0.6979458142618409,5.536112806486563,0.48199197338595384,0.4248846030889752,0.4444444444444444,0.2027292348753035,0.7777777777777778,-1.13066430517645,exploratory only; positive favors challenger; small/overlapping sample,4.15778050043848,2.9586608073420955,0.5
challenger_umidas_ind_prod_yoy_log_l2,H2,standard,HISTORICAL_POST_DEVELOPMENT_TEST,univariate_umidas,ind_prod_yoy_log,industrial_production,2,4,0.8569977402045609,0.6744852696496546,0.6744852696496546,0.6539866450992711,0.6539866450992711,1.3706014361902064,0.8662872552429961,0.6668517621268637,0.5,0.9617577780646179,1.0,,not calculated: fewer than 8 matched forecasts,0.9892766343009057,1.0114470830795206,0.0
challenger_umidas_ind_prod_yoy_log_l2,H3,conservative,DEVELOPMENT_PSEUDO_OOS,univariate_umidas,ind_prod_yoy_log,industrial_production,2,9,1.6709641847779269,1.1459786153672784,-0.045384888009324956,-0.10856995527913949,0.6308111945829431,4.097162392340795,0.48199197338595384,0.4248846030889752,0.4444444444444444,0.06869371673220696,0.4444444444444444,-1.4103737321795713,exploratory only; positive favors challenger; small/overlapping sample,3.4667884052913607,2.6971526081101573,0.5
challenger_umidas_ind_prod_yoy_log_l2,H3,conservative,HISTORICAL_POST_DEVELOPMENT_TEST,univariate_umidas,ind_prod_yoy_log,industrial_production,2,4,0.38719896478907856,0.29423077969212685,-0.06971185513255906,0.13650238879791798,0.17050562412967363,0.7278852696493718,0.8662872552429961,0.6668517621268637,0.75,-0.059350795195495604,0.75,,not calculated: fewer than 8 matched forecasts,0.44696370914572453,0.4412236667917083,0.0
challenger_umidas_ind_prod_yoy_log_l2,H3,standard,DEVELOPMENT_PSEUDO_OOS,univariate_umidas,ind_prod_yoy_log,industrial_production,2,9,1.6709641847779269,1.1459786153672784,-0.045384888009324956,-0.10856995527913949,0.6308111945829431,4.097162392340795,0.3494360491696128,0.3122641664763363,0.2222222222222222,0.1353214808957504,0.4444444444444444,-1.4925026742304703,exploratory only; positive favors challenger; small/overlapping sample,4.781888384866833,3.669901123458307,0.5
challenger_umidas_ind_prod_yoy_log_l2,H3,standard,HISTORICAL_POST_DEVELOPMENT_TEST,univariate_umidas,ind_prod_yoy_log,industrial_production,2,4,0.38719896478907856,0.29423077969212685,-0.06971185513255906,0.13650238879791798,0.17050562412967363,0.7278852696493718,0.5297814262018278,0.3705560639322456,0.5,0.11427494720843152,0.75,,not calculated: fewer than 8 matched forecasts,0.7308654959178762,0.7940250027750876,0.0
challenger_umidas_ind_prod_yoy_log_l3,H1,conservative,DEVELOPMENT_PSEUDO_OOS,univariate_umidas,ind_prod_yoy_log,industrial_production,3,8,0.7534460139771194,0.590001983693413,0.38340239390539343,0.35520166124532615,0.4731309368550747,1.5633529720356005,0.44773384583862713,0.42868617788575625,0.625,0.48592136744763814,0.75,-1.2497352702538973,exploratory only; positive favors challenger; small/overlapping sample,1.6827988792446071,1.376302792413911,0.5555555555555556
challenger_umidas_ind_prod_yoy_log_l3,H1,conservative,HISTORICAL_POST_DEVELOPMENT_TEST,univariate_umidas,ind_prod_yoy_log,industrial_production,3,4,0.7697963591053555,0.6476337143859228,0.6476337143859228,0.6870538252194294,0.6870538252194294,1.1829661221360679,0.799938051857473,0.6256251475500503,0.5,0.7331318190876642,1.0,,not calculated: fewer than 8 matched forecasts,0.9623199662997305,1.0351785201123358,0.0
challenger_umidas_ind_prod_yoy_log_l3,H1,standard,DEVELOPMENT_PSEUDO_OOS,univariate_umidas,ind_prod_yoy_log,industrial_production,3,8,0.7534460139771194,0.590001983693413,0.38340239390539343,0.35520166124532615,0.4731309368550747,1.5633529720356005,0.40291186038424964,0.350400791132805,0.5,0.4576625621046875,0.75,-1.4234801053660187,exploratory only; positive favors challenger; small/overlapping sample,1.870002072558926,1.6837918138997494,0.5555555555555556
challenger_umidas_ind_prod_yoy_log_l3,H1,standard,HISTORICAL_POST_DEVELOPMENT_TEST,univariate_umidas,ind_prod_yoy_log,industrial_production,3,4,0.7697963591053555,0.6476337143859228,0.6476337143859228,0.6870538252194294,0.6870538252194294,1.1829661221360679,0.851830629865615,0.7137680464798368,0.75,0.9276189255728851,1.0,,not calculated: fewer than 8 matched forecasts,0.9036965003557089,0.9073447845976357,0.0
challenger_umidas_ind_prod_yoy_log_l3,H2,conservative,DEVELOPMENT_PSEUDO_OOS,univariate_umidas,ind_prod_yoy_log,industrial_production,3,9,1.9631553690253911,1.2522778078303025,0.7127421698321246,0.552033866739162,0.7281781783836445,5.434215502896061,0.4430324066114803,0.3874624706041613,0.1111111111111111,0.024282917852089567,0.7777777777777778,-1.1336556780078524,exploratory only; positive favors challenger; small/overlapping sample,4.4311778094079495,3.2319976845180762,0.5
challenger_umidas_ind_prod_yoy_log_l3,H2,conservative,HISTORICAL_POST_DEVELOPMENT_TEST,univariate_umidas,ind_prod_yoy_log,industrial_production,3,4,0.9189511807483772,0.8600932131002987,0.8600932131002987,0.9065324087785376,0.9065324087785376,1.2605088521915135,0.851830629865615,0.7137680464798368,0.25,0.8215078474175738,1.0,,not calculated: fewer than 8 matched forecasts,1.078795653184426,1.205003806687773,0.0
challenger_umidas_ind_prod_yoy_log_l3,H2,standard,DEVELOPMENT_PSEUDO_OOS,univariate_umidas,ind_prod_yoy_log,industrial_production,3,9,1.9631553690253911,1.2522778078303025,0.7127421698321246,0.552033866739162,0.7281781783836445,5.434215502896061,0.48199197338595384,0.4248846030889752,0.1111111111111111,0.26190187792591524,0.7777777777777778,-1.1235730791264593,exploratory only; positive favors challenger; small/overlapping sample,4.073004276885332,2.9473362854903518,0.5
challenger_umidas_ind_prod_yoy_log_l3,H2,standard,HISTORICAL_POST_DEVELOPMENT_TEST,univariate_umidas,ind_prod_yoy_log,industrial_production,3,4,0.9189511807483772,0.8600932131002987,0.8600932131002987,0.9065324087785376,0.9065324087785376,1.2605088521915135,0.8662872552429961,0.6668517621268637,0.25,0.7887073388461974,1.0,,not calculated: fewer than 8 matched forecasts,1.0607926818577156,1.289781720538773,0.0
challenger_umidas_ind_prod_yoy_log_l3,H3,conservative,DEVELOPMENT_PSEUDO_OOS,univariate_umidas,ind_prod_yoy_log,industrial_production,3,9,1.5394574747131593,1.0489339631667498,0.025736188207839444,-0.07421662763576897,0.5610267450937609,3.7703406540585602,0.48199197338595384,0.4248846030889752,0.4444444444444444,0.14263916129808538,0.4444444444444444,-1.3824716390524994,exploratory only; positive favors challenger; small/overlapping sample,3.193948363701158,2.468750233688963,0.5
challenger_umidas_ind_prod_yoy_log_l3,H3,conservative,HISTORICAL_POST_DEVELOPMENT_TEST,univariate_umidas,ind_prod_yoy_log,industrial_production,3,4,0.5099174625233726,0.3833804410663131,-0.10242779125486656,0.11861990940567235,0.2809526498114465,0.9385490869708093,0.8662872552429961,0.6668517621268637,0.75,-0.049824149591788824,0.5,,not calculated: fewer than 8 matched forecasts,0.5886239921425823,0.5749110414637815,0.0
challenger_umidas_ind_prod_yoy_log_l3,H3,standard,DEVELOPMENT_PSEUDO_OOS,univariate_umidas,ind_prod_yoy_log,industrial_production,3,9,1.5394574747131593,1.0489339631667498,0.025736188207839444,-0.07421662763576897,0.5610267450937609,3.7703406540585602,0.3494360491696128,0.3122641664763363,0.3333333333333333,0.16168168428672197,0.4444444444444444,-1.4793145443248636,exploratory only; positive favors challenger; small/overlapping sample,4.405548535623243,3.3591237028672616,0.5
challenger_umidas_ind_prod_yoy_log_l3,H3,standard,HISTORICAL_POST_DEVELOPMENT_TEST,univariate_umidas,ind_prod_yoy_log,industrial_production,3,4,0.5099174625233726,0.3833804410663131,-0.10242779125486656,0.11861990940567235,0.2809526498114465,0.9385490869708093,0.5297814262018278,0.3705560639322456,0.5,0.07672951888425587,0.5,,not calculated: fewer than 8 matched forecasts,0.9625053603315875,1.0346084665245483,0.0
challenger_umidas_m2_yoy_log_l1,H1,conservative,DEVELOPMENT_PSEUDO_OOS,univariate_umidas,m2_yoy_log,m2,1,17,1.2465328709869248,0.7724162526274138,0.36327143148121005,0.3018033628097978,0.5197614723288568,3.7962007889519818,0.8753822084899305,0.6973557485228659,0.6470588235294118,0.7410406205137268,0.8823529411764706,-1.235663409843768,exploratory only; positive favors challenger; small/overlapping sample,1.423986984082352,1.1076358863658047,0.05555555555555555
challenger_umidas_m2_yoy_log_l1,H1,conservative,HISTORICAL_POST_DEVELOPMENT_TEST,univariate_umidas,m2_yoy_log,m2,1,4,0.6355584127014954,0.49170591672137287,0.47890801086870005,0.4068927326295042,0.4068927326295042,1.1274423899211374,0.799938051857473,0.6256251475500503,1.0,0.9738500216452777,0.75,,not calculated: fewer than 8 matched forecasts,0.79450953886456,0.7859433378707594,0.0
challenger_umidas_m2_yoy_log_l1,H1,standard,DEVELOPMENT_PSEUDO_OOS,univariate_umidas,m2_yoy_log,m2,1,17,1.333182858335393,0.8487187535585764,0.4008387452774592,0.38295299605361155,0.43479938725442757,3.7201271870124746,0.8498954496075838,0.5652095304771751,0.4117647058823529,0.8243087284062112,0.7647058823529411,-1.7226165593101856,exploratory only; positive favors challenger; small/overlapping sample,1.568643365429188,1.5016002169001823,0.05555555555555555
challenger_umidas_m2_yoy_log_l1,H1,standard,HISTORICAL_POST_DEVELOPMENT_TEST,univariate_umidas,m2_yoy_log,m2,1,4,0.6449595582297238,0.5092473496040131,0.49241968160495597,0.44362059632651585,0.44362059632651585,1.1160928697649064,0.851830629865615,0.7137680464798368,0.75,0.729466304217082,0.75,,not calculated: fewer than 8 matched forecasts,0.7571453005058915,0.7134633612635373,0.0
challenger_umidas_m2_yoy_log_l1,H2,conservative,DEVELOPMENT_PSEUDO_OOS,univariate_umidas,m2_yoy_log,m2,1,17,1.333182858335393,0.8487187535585764,0.4008387452774592,0.38295299605361155,0.43479938725442757,3.7201271870124746,0.8498954496075838,0.5652095304771751,0.4117647058823529,0.8243087284062112,0.7647058823529411,-1.7226165593101856,exploratory only; positive favors challenger; small/overlapping sample,1.568643365429188,1.5016002169001823,0.05555555555555555
challenger_umidas_m2_yoy_log_l1,H2,conservative,HISTORICAL_POST_DEVELOPMENT_TEST,univariate_umidas,m2_yoy_log,m2,1,4,0.6449595582297238,0.5092473496040131,0.49241968160495597,0.44362059632651585,0.44362059632651585,1.1160928697649064,0.851830629865615,0.7137680464798368,0.75,0.729466304217082,0.75,,not calculated: fewer than 8 matched forecasts,0.7571453005058915,0.7134633612635373,0.0
challenger_umidas_m2_yoy_log_l1,H2,standard,DEVELOPMENT_PSEUDO_OOS,univariate_umidas,m2_yoy_log,m2,1,17,1.2873548420186642,0.9133403438372454,0.608263505954549,0.4564538815860306,0.7280790817231058,3.732122131257624,0.8299463018090937,0.6245142484312887,0.29411764705882354,0.8814644911808223,0.8235294117647058,-1.5917400374636017,exploratory only; positive favors challenger; small/overlapping sample,1.5511302830225573,1.4624811941944578,0.05555555555555555
challenger_umidas_m2_yoy_log_l1,H2,standard,HISTORICAL_POST_DEVELOPMENT_TEST,univariate_umidas,m2_yoy_log,m2,1,4,0.8114045166466892,0.6950955903902385,0.6950955903902385,0.6089455392257013,0.6089455392257013,1.3462046827857002,0.8662872552429961,0.6668517621268637,0.5,0.8269406519742192,1.0,,not calculated: fewer than 8 matched forecasts,0.9366460279033978,1.0423539831000725,0.0
challenger_umidas_m2_yoy_log_l1,H3,conservative,DEVELOPMENT_PSEUDO_OOS,univariate_umidas,m2_yoy_log,m2,1,17,1.2873548420186642,0.9133403438372454,0.608263505954549,0.4564538815860306,0.7280790817231058,3.732122131257624,0.8299463018090937,0.6245142484312887,0.29411764705882354,0.8814644911808223,0.8235294117647058,-1.5917400374636017,exploratory only; positive favors challenger; small/overlapping sample,1.5511302830225573,1.4624811941944578,0.05555555555555555
challenger_umidas_m2_yoy_log_l1,H3,conservative,HISTORICAL_POST_DEVELOPMENT_TEST,univariate_umidas,m2_yoy_log,m2,1,4,0.8114045166466892,0.6950955903902385,0.6950955903902385,0.6089455392257013,0.6089455392257013,1.3462046827857002,0.8662872552429961,0.6668517621268637,0.5,0.8269406519742192,1.0,,not calculated: fewer than 8 matched forecasts,0.9366460279033978,1.0423539831000725,0.0
challenger_umidas_m2_yoy_log_l1,H3,standard,DEVELOPMENT_PSEUDO_OOS,univariate_umidas,m2_yoy_log,m2,1,17,1.2890388841094167,0.8404382075566112,0.3134236959061078,0.26850488496592284,0.3608541604317299,3.687602761773464,0.6784344208279974,0.5221098705669958,0.35294117647058826,0.6165797148042289,0.7647058823529411,-1.7040747458996905,exploratory only; positive favors challenger; small/overlapping sample,1.9000198759611948,1.6096960715259423,0.05555555555555555
challenger_umidas_m2_yoy_log_l1,H3,standard,HISTORICAL_POST_DEVELOPMENT_TEST,univariate_umidas,m2_yoy_log,m2,1,4,0.6557229419098821,0.5205836292984685,0.5205836292984685,0.44945395182508374,0.44945395182508374,1.124868149610763,0.5297814262018278,0.3705560639322456,0.25,0.947765412341878,1.0,,not calculated: fewer than 8 matched forecasts,1.2377235393301145,1.4048714350378426,0.0
challenger_umidas_m2_yoy_log_l2,H1,conservative,DEVELOPMENT_PSEUDO_OOS,univariate_umidas,m2_yoy_log,m2,2,17,1.337953679466718,0.8407934160745473,0.37140964998094456,0.29235153051348295,0.3865521823909912,3.2992448203106095,0.8753822084899305,0.6973557485228659,0.5294117647058824,0.6844877076047675,0.7058823529411765,-1.6619376378400008,exploratory only; positive favors challenger; small/overlapping sample,1.5284222897044502,1.205687940273684,0.05555555555555555
challenger_umidas_m2_yoy_log_l2,H1,conservative,HISTORICAL_POST_DEVELOPMENT_TEST,univariate_umidas,m2_yoy_log,m2,2,4,0.6647635326774178,0.6106090015405246,0.6106090015405246,0.5984934019065524,0.5984934019065524,0.9700155412604907,0.799938051857473,0.6256251475500503,0.25,0.8455612114461787,1.0,,not calculated: fewer than 8 matched forecasts,0.8310187659329655,0.9759981738772346,0.0
challenger_umidas_m2_yoy_log_l2,H1,standard,DEVELOPMENT_PSEUDO_OOS,univariate_umidas,m2_yoy_log,m2,2,17,1.33115602948935,0.855120773290497,0.4213364948606089,0.4487820594982228,0.48114837209121486,3.777100330750696,0.8498954496075838,0.5652095304771751,0.29411764705882354,0.8190602560047723,0.8235294117647058,-1.670472051936275,exploratory only; positive favors challenger; small/overlapping sample,1.5662585675731941,1.5129270247240272,0.05555555555555555
challenger_umidas_m2_yoy_log_l2,H1,standard,HISTORICAL_POST_DEVELOPMENT_TEST,univariate_umidas,m2_yoy_log,m2,2,4,0.6860609276078447,0.5315728350216133,0.5269294920766194,0.455272365351568,0.455272365351568,1.2064599234933295,0.851830629865615,0.7137680464798368,0.75,0.7220941381978165,0.75,,not calculated: fewer than 8 matched forecasts,0.8053959361805032,0.7447417093595401,0.0
challenger_umidas_m2_yoy_log_l2,H2,conservative,DEVELOPMENT_PSEUDO_OOS,univariate_umidas,m2_yoy_log,m2,2,17,1.33115602948935,0.855120773290497,0.4213364948606089,0.4487820594982228,0.48114837209121486,3.777100330750696,0.8498954496075838,0.5652095304771751,0.29411764705882354,0.8190602560047723,0.8235294117647058,-1.670472051936275,exploratory only; positive favors challenger; small/overlapping sample,1.5662585675731941,1.5129270247240272,0.05555555555555555
challenger_umidas_m2_yoy_log_l2,H2,conservative,HISTORICAL_POST_DEVELOPMENT_TEST,univariate_umidas,m2_yoy_log,m2,2,4,0.6860609276078447,0.5315728350216133,0.5269294920766194,0.455272365351568,0.455272365351568,1.2064599234933295,0.851830629865615,0.7137680464798368,0.75,0.7220941381978165,0.75,,not calculated: fewer than 8 matched forecasts,0.8053959361805032,0.7447417093595401,0.0
challenger_umidas_m2_yoy_log_l2,H2,standard,DEVELOPMENT_PSEUDO_OOS,univariate_umidas,m2_yoy_log,m2,2,17,1.5765658514206602,1.0785126043684334,0.5327592210862672,0.38442639294073455,0.41574093612773844,4.076052235958816,0.8299463018090937,0.6245142484312887,0.4117647058823529,0.853571915782028,0.7647058823529411,-2.1024943540515055,exploratory only; positive favors challenger; small/overlapping sample,1.8995998271021945,1.726962366475287,0.05555555555555555
challenger_umidas_m2_yoy_log_l2,H2,standard,HISTORICAL_POST_DEVELOPMENT_TEST,univariate_umidas,m2_yoy_log,m2,2,4,0.7935679234435453,0.6147798019617892,0.48329765602676944,0.35830508994668575,0.35830508994668575,1.4795447360837457,0.8662872552429961,0.6668517621268637,0.5,0.8222733890217631,0.75,,not calculated: fewer than 8 matched forecasts,0.916056329630461,0.9219137398707687,0.0
challenger_umidas_m2_yoy_log_l2,H3,conservative,DEVELOPMENT_PSEUDO_OOS,univariate_umidas,m2_yoy_log,m2,2,17,1.5765658514206602,1.0785126043684334,0.5327592210862672,0.38442639294073455,0.41574093612773844,4.076052235958816,0.8299463018090937,0.6245142484312887,0.4117647058823529,0.853571915782028,0.7647058823529411,-2.1024943540515055,exploratory only; positive favors challenger; small/overlapping sample,1.8995998271021945,1.726962366475287,0.05555555555555555
challenger_umidas_m2_yoy_log_l2,H3,conservative,HISTORICAL_POST_DEVELOPMENT_TEST,univariate_umidas,m2_yoy_log,m2,2,4,0.7935679234435453,0.6147798019617892,0.48329765602676944,0.35830508994668575,0.35830508994668575,1.4795447360837457,0.8662872552429961,0.6668517621268637,0.5,0.8222733890217631,0.75,,not calculated: fewer than 8 matched forecasts,0.916056329630461,0.9219137398707687,0.0
challenger_umidas_m2_yoy_log_l2,H3,standard,DEVELOPMENT_PSEUDO_OOS,univariate_umidas,m2_yoy_log,m2,2,17,1.6319235235825986,1.0168179181589985,0.7103785751612458,0.3858084776337769,0.5180096308665423,5.4750118461072175,0.6784344208279974,0.5221098705669958,0.35294117647058826,0.5717059056035805,0.6470588235294118,-1.2621925609209304,exploratory only; positive favors challenger; small/overlapping sample,2.4054255997077982,1.9475171328493839,0.05555555555555555
challenger_umidas_m2_yoy_log_l2,H3,standard,HISTORICAL_POST_DEVELOPMENT_TEST,univariate_umidas,m2_yoy_log,m2,2,4,0.8883110254236328,0.6428402650188516,0.6428402650188516,0.47397153955125404,0.47397153955125404,1.5696391125568399,0.5297814262018278,0.3705560639322456,0.5,0.9943026232563351,1.0,,not calculated: fewer than 8 matched forecasts,1.6767500359388177,1.7347989348688457,0.0
challenger_umidas_m2_yoy_log_l3,H1,conservative,DEVELOPMENT_PSEUDO_OOS,univariate_umidas,m2_yoy_log,m2,3,17,1.352344107845077,1.0653192179766595,0.37612486489566305,0.19045081781623274,0.9680023832014015,3.0114127332759324,0.8753822084899305,0.6973557485228659,0.35294117647058826,0.6913494787259681,0.6470588235294118,-2.602621936772516,exploratory only; positive favors challenger; small/overlapping sample,1.544861312840622,1.52765531829803,0.05555555555555555
challenger_umidas_m2_yoy_log_l3,H1,conservative,HISTORICAL_POST_DEVELOPMENT_TEST,univariate_umidas,m2_yoy_log,m2,3,4,0.6577419647581964,0.6029793713236751,0.6029793713236751,0.6587467265874118,0.6587467265874118,0.8624915891855185,0.799938051857473,0.6256251475500503,0.5,0.6716312903719541,1.0,,not calculated: fewer than 8 matched forecasts,0.8222411263358527,0.9638029636195794,0.0
challenger_umidas_m2_yoy_log_l3,H1,standard,DEVELOPMENT_PSEUDO_OOS,univariate_umidas,m2_yoy_log,m2,3,17,1.691240312065618,0.9660462843943679,0.1614953589541658,0.22676271225510192,0.3440074433061513,5.6164377771717255,0.8498954496075838,0.5652095304771751,0.5294117647058824,0.7392281536458497,0.6470588235294118,-1.4039495420947612,exploratory only; positive favors challenger; small/overlapping sample,1.9899392482293,1.7091825815088229,0.05555555555555555
challenger_umidas_m2_yoy_log_l3,H1,standard,HISTORICAL_POST_DEVELOPMENT_TEST,univariate_umidas,m2_yoy_log,m2,3,4,0.6609048799262884,0.6025671848067786,0.6025671848067786,0.602048719670754,0.602048719670754,0.9634583589002643,0.851830629865615,0.7137680464798368,0.75,0.6521432273162735,1.0,,not calculated: fewer than 8 matched forecasts,0.7758641879672171,0.8442058842204005,0.0
challenger_umidas_m2_yoy_log_l3,H2,conservative,DEVELOPMENT_PSEUDO_OOS,univariate_umidas,m2_yoy_log,m2,3,17,1.691240312065618,0.9660462843943679,0.1614953589541658,0.22676271225510192,0.3440074433061513,5.6164377771717255,0.8498954496075838,0.5652095304771751,0.5294117647058824,0.7392281536458497,0.6470588235294118,-1.4039495420947612,exploratory only; positive favors challenger; small/overlapping sample,1.9899392482293,1.7091825815088229,0.05555555555555555
challenger_umidas_m2_yoy_log_l3,H2,conservative,HISTORICAL_POST_DEVELOPMENT_TEST,univariate_umidas,m2_yoy_log,m2,3,4,0.6609048799262884,0.6025671848067786,0.6025671848067786,0.602048719670754,0.602048719670754,0.9634583589002643,0.851830629865615,0.7137680464798368,0.75,0.6521432273162735,1.0,,not calculated: fewer than 8 matched forecasts,0.7758641879672171,0.8442058842204005,0.0
challenger_umidas_m2_yoy_log_l3,H2,standard,DEVELOPMENT_PSEUDO_OOS,univariate_umidas,m2_yoy_log,m2,3,17,1.7489471869782085,1.2476485523429413,0.6501665396138824,0.5669536100874293,0.5931650120092176,3.7751165064654657,0.8299463018090937,0.6245142484312887,0.23529411764705882,0.76782576319367,0.7647058823529411,-2.157918794980599,exploratory only; positive favors challenger; small/overlapping sample,2.1073016207987223,1.9977903714397192,0.05555555555555555
challenger_umidas_m2_yoy_log_l3,H2,standard,HISTORICAL_POST_DEVELOPMENT_TEST,univariate_umidas,m2_yoy_log,m2,3,4,0.8509163138692691,0.6452540215222704,0.5234623579074442,0.3677274600448386,0.3677274600448386,1.601977838769752,0.8662872552429961,0.6668517621268637,0.25,0.8042570834425665,0.75,,not calculated: fewer than 8 matched forecasts,0.9822565306361163,0.9676123812948935,0.0
challenger_umidas_m2_yoy_log_l3,H3,conservative,DEVELOPMENT_PSEUDO_OOS,univariate_umidas,m2_yoy_log,m2,3,17,1.7489471869782085,1.2476485523429413,0.6501665396138824,0.5669536100874293,0.5931650120092176,3.7751165064654657,0.8299463018090937,0.6245142484312887,0.23529411764705882,0.76782576319367,0.7647058823529411,-2.157918794980599,exploratory only; positive favors challenger; small/overlapping sample,2.1073016207987223,1.9977903714397192,0.05555555555555555
challenger_umidas_m2_yoy_log_l3,H3,conservative,HISTORICAL_POST_DEVELOPMENT_TEST,univariate_umidas,m2_yoy_log,m2,3,4,0.8509163138692691,0.6452540215222704,0.5234623579074442,0.3677274600448386,0.3677274600448386,1.601977838769752,0.8662872552429961,0.6668517621268637,0.25,0.8042570834425665,0.75,,not calculated: fewer than 8 matched forecasts,0.9822565306361163,0.9676123812948935,0.0
challenger_umidas_m2_yoy_log_l3,H3,standard,DEVELOPMENT_PSEUDO_OOS,univariate_umidas,m2_yoy_log,m2,3,17,1.6746151379583116,1.25818228418488,0.6808499890425873,0.708857316788249,0.952169015225456,4.510602619730132,0.6784344208279974,0.5221098705669958,0.11764705882352941,0.6846378659227689,0.5882352941176471,-1.9690874181542097,exploratory only; positive favors challenger; small/overlapping sample,2.4683522630153734,2.409803673733522,0.05555555555555555
challenger_umidas_m2_yoy_log_l3,H3,standard,HISTORICAL_POST_DEVELOPMENT_TEST,univariate_umidas,m2_yoy_log,m2,3,4,0.9482057575623744,0.7260849284887338,0.3728299855162043,0.08895294689862432,0.4422078898711539,1.7730565604742248,0.5297814262018278,0.3705560639322456,0.0,0.9363316333290304,0.5,,not calculated: fewer than 8 matched forecasts,1.7898055889961342,1.9594468939023892,0.0
challenger_umidas_manufacturing_yoy_log_l1,H1,conservative,DEVELOPMENT_PSEUDO_OOS,univariate_umidas,manufacturing_yoy_log,manufacturing,1,9,0.4730717552639999,0.2855175495829249,0.20136005191535794,0.05943819945777218,0.16861356602862454,1.3214864307342573,0.5358969477023715,0.49110179287101513,0.8888888888888888,0.5412342469138203,0.7777777777777778,0.5760728920169753,exploratory only; positive favors challenger; small/overlapping sample,0.8827662805176795,0.5813816070875439,0.5
challenger_umidas_manufacturing_yoy_log_l1,H1,conservative,HISTORICAL_POST_DEVELOPMENT_TEST,univariate_umidas,manufacturing_yoy_log,manufacturing,1,4,0.8093202210405683,0.6482449063202649,0.6482449063202649,0.6042520944172858,0.6042520944172858,1.3609160257533652,0.799938051857473,0.6256251475500503,0.75,0.9516377119133954,1.0,,not calculated: fewer than 8 matched forecasts,1.0117286196866242,1.0361554500467152,0.0
challenger_umidas_manufacturing_yoy_log_l1,H1,standard,DEVELOPMENT_PSEUDO_OOS,univariate_umidas,manufacturing_yoy_log,manufacturing,1,9,0.4730717552639999,0.2855175495829249,0.20136005191535794,0.05943819945777218,0.16861356602862454,1.3214864307342573,0.4430324066114803,0.3874624706041613,0.6666666666666666,0.19277023462840973,0.7777777777777778,-0.16968187940674676,exploratory only; positive favors challenger; small/overlapping sample,1.0678039533998758,0.7368908507131645,0.5
challenger_umidas_manufacturing_yoy_log_l1,H1,standard,HISTORICAL_POST_DEVELOPMENT_TEST,univariate_umidas,manufacturing_yoy_log,manufacturing,1,4,0.8093202210405683,0.6482449063202649,0.6482449063202649,0.6042520944172858,0.6042520944172858,1.3609160257533652,0.851830629865615,0.7137680464798368,0.75,0.5282787843112127,1.0,,not calculated: fewer than 8 matched forecasts,0.9500952333308875,0.9082010738884724,0.0
challenger_umidas_manufacturing_yoy_log_l1,H2,conservative,DEVELOPMENT_PSEUDO_OOS,univariate_umidas,manufacturing_yoy_log,manufacturing,1,9,3.1085531620886333,1.678232554790191,0.7893963963902286,-0.10858408176057033,0.7597871885810124,8.90008659128273,0.4430324066114803,0.3874624706041613,0.2222222222222222,-0.1780827023601993,0.4444444444444444,-1.0861407776845002,exploratory only; positive favors challenger; small/overlapping sample,7.016536749228586,4.3313422127654375,0.5
challenger_umidas_manufacturing_yoy_log_l1,H2,conservative,HISTORICAL_POST_DEVELOPMENT_TEST,univariate_umidas,manufacturing_yoy_log,manufacturing,1,4,0.8965348817630031,0.7429149310979521,0.6425618718626953,0.6576152736695815,0.6576152736695815,1.455723058582132,0.851830629865615,0.7137680464798368,0.25,0.9962843966362795,0.75,,not calculated: fewer than 8 matched forecasts,1.0524802118285423,1.0408352331851531,0.0
challenger_umidas_manufacturing_yoy_log_l1,H2,standard,DEVELOPMENT_PSEUDO_OOS,univariate_umidas,manufacturing_yoy_log,manufacturing,1,9,3.1085531620886333,1.678232554790191,0.7893963963902286,-0.10858408176057033,0.7597871885810124,8.90008659128273,0.48199197338595384,0.4248846030889752,0.2222222222222222,0.03165834579656406,0.4444444444444444,-1.0823764904391078,exploratory only; positive favors challenger; small/overlapping sample,6.449387819160771,3.9498549549435,0.5
challenger_umidas_manufacturing_yoy_log_l1,H2,standard,HISTORICAL_POST_DEVELOPMENT_TEST,univariate_umidas,manufacturing_yoy_log,manufacturing,1,4,0.8965348817630031,0.7429149310979521,0.6425618718626953,0.6576152736695815,0.6576152736695815,1.455723058582132,0.8662872552429961,0.6668517621268637,0.5,0.9792701413894107,0.75,,not calculated: fewer than 8 matched forecasts,1.0349163933059624,1.1140630846179245,0.0
challenger_umidas_manufacturing_yoy_log_l1,H3,conservative,DEVELOPMENT_PSEUDO_OOS,univariate_umidas,manufacturing_yoy_log,manufacturing,1,10,1.3151815736043297,0.74673453333529,0.29877016038665455,-0.11550794573142298,0.3360796190891948,3.7832137242729145,0.46224681042946664,0.40381454044325,0.5,0.17063960174614748,0.4,-1.0637507039862384,exploratory only; positive favors challenger; small/overlapping sample,2.8451933987006077,1.8492016966888598,0.4444444444444444
challenger_umidas_manufacturing_yoy_log_l1,H3,conservative,HISTORICAL_POST_DEVELOPMENT_TEST,univariate_umidas,manufacturing_yoy_log,manufacturing,1,4,0.44031737023305645,0.35506256487556653,-0.01380730844676048,-0.008011729717911198,0.34926698614671725,0.6346380103214528,0.8662872552429961,0.6668517621268637,0.75,-0.158407698862201,0.5,,not calculated: fewer than 8 matched forecasts,0.5082810206062032,0.5324460173024458,0.0
challenger_umidas_manufacturing_yoy_log_l1,H3,standard,DEVELOPMENT_PSEUDO_OOS,univariate_umidas,manufacturing_yoy_log,manufacturing,1,10,1.3151815736043297,0.74673453333529,0.29877016038665455,-0.11550794573142298,0.3360796190891948,3.7832137242729145,0.34154231864504175,0.30703036072505163,0.4,0.31914382940764513,0.4,-1.142862733251487,exploratory only; positive favors challenger; small/overlapping sample,3.850713372275171,2.4321195192940457,0.4444444444444444
challenger_umidas_manufacturing_yoy_log_l1,H3,standard,HISTORICAL_POST_DEVELOPMENT_TEST,univariate_umidas,manufacturing_yoy_log,manufacturing,1,4,0.44031737023305645,0.35506256487556653,-0.01380730844676048,-0.008011729717911198,0.34926698614671725,0.6346380103214528,0.5297814262018278,0.3705560639322456,0.75,0.07302138832613489,0.5,,not calculated: fewer than 8 matched forecasts,0.8311302519415078,0.9581885156802832,0.0
challenger_umidas_manufacturing_yoy_log_l2,H1,conservative,DEVELOPMENT_PSEUDO_OOS,univariate_umidas,manufacturing_yoy_log,manufacturing,2,9,0.5799889301452694,0.35951695474497064,0.2709898489886586,0.17077995140115476,0.2401257743599965,1.611457973521687,0.5358969477023715,0.49110179287101513,0.7777777777777778,0.5697263353361668,0.7777777777777778,-0.2459740419877519,exploratory only; positive favors challenger; small/overlapping sample,1.082276979990164,0.7320619878889254,0.5
challenger_umidas_manufacturing_yoy_log_l2,H1,conservative,HISTORICAL_POST_DEVELOPMENT_TEST,univariate_umidas,manufacturing_yoy_log,manufacturing,2,4,0.8584160506668156,0.7207199026901407,0.7207199026901407,0.7125947161690847,0.7125947161690847,1.3574515493991646,0.799938051857473,0.6256251475500503,0.5,0.9154831854237545,1.0,,not calculated: fewer than 8 matched forecasts,1.0731031592678402,1.151999572767306,0.0
challenger_umidas_manufacturing_yoy_log_l2,H1,standard,DEVELOPMENT_PSEUDO_OOS,univariate_umidas,manufacturing_yoy_log,manufacturing,2,9,0.5799889301452694,0.35951695474497064,0.2709898489886586,0.17077995140115476,0.2401257743599965,1.611457973521687,0.4430324066114803,0.3874624706041613,0.6666666666666666,0.18018042828481187,0.7777777777777778,-0.5538850327494403,exploratory only; positive favors challenger; small/overlapping sample,1.309134324013218,0.9278755544617887,0.5
challenger_umidas_manufacturing_yoy_log_l2,H1,standard,HISTORICAL_POST_DEVELOPMENT_TEST,univariate_umidas,manufacturing_yoy_log,manufacturing,2,4,0.8584160506668156,0.7207199026901407,0.7207199026901407,0.7125947161690847,0.7125947161690847,1.3574515493991646,0.851830629865615,0.7137680464798368,0.75,0.44984889962139857,1.0,,not calculated: fewer than 8 matched forecasts,1.0077309039735276,1.0097396573643065,0.0
challenger_umidas_manufacturing_yoy_log_l2,H2,conservative,DEVELOPMENT_PSEUDO_OOS,univariate_umidas,manufacturing_yoy_log,manufacturing,2,9,3.1272182313112817,1.7892243934589536,0.618865935253616,-0.1654214327893495,0.952961936209995,8.708548680836822,0.4430324066114803,0.3874624706041613,0.3333333333333333,-0.22051756024526348,0.4444444444444444,-1.1544527624751935,exploratory only; positive favors challenger; small/overlapping sample,7.058667006392859,4.617800507669962,0.5
challenger_umidas_manufacturing_yoy_log_l2,H2,conservative,HISTORICAL_POST_DEVELOPMENT_TEST,univariate_umidas,manufacturing_yoy_log,manufacturing,2,4,0.8479430641795229,0.6017864077647406,0.6017864077647406,0.4185803375583972,0.4185803375583972,1.5197852607316644,0.851830629865615,0.7137680464798368,0.75,0.9335029026816655,1.0,,not calculated: fewer than 8 matched forecasts,0.9954362222373885,0.8431120035880457,0.0
challenger_umidas_manufacturing_yoy_log_l2,H2,standard,DEVELOPMENT_PSEUDO_OOS,univariate_umidas,manufacturing_yoy_log,manufacturing,2,9,3.1272182313112817,1.7892243934589536,0.618865935253616,-0.1654214327893495,0.952961936209995,8.708548680836822,0.48199197338595384,0.4248846030889752,0.3333333333333333,-0.003236219380361331,0.4444444444444444,-1.1504750615004626,exploratory only; positive favors challenger; small/overlapping sample,6.488112674040672,4.211083151639344,0.5
challenger_umidas_manufacturing_yoy_log_l2,H2,standard,HISTORICAL_POST_DEVELOPMENT_TEST,univariate_umidas,manufacturing_yoy_log,manufacturing,2,4,0.8479430641795229,0.6017864077647406,0.6017864077647406,0.4185803375583972,0.4185803375583972,1.5197852607316644,0.8662872552429961,0.6668517621268637,1.0,0.9756024677811841,1.0,,not calculated: fewer than 8 matched forecasts,0.9788243553712128,0.9024290583643312,0.0
challenger_umidas_manufacturing_yoy_log_l2,H3,conservative,DEVELOPMENT_PSEUDO_OOS,univariate_umidas,manufacturing_yoy_log,manufacturing,2,9,2.707490201088669,1.6521887819189063,0.2993638912224194,-0.25941800644134805,1.1772085064123203,7.412432879024275,0.48199197338595384,0.4248846030889752,0.2222222222222222,0.007214288208054961,0.3333333333333333,-1.1855800914449968,exploratory only; positive favors challenger; small/overlapping sample,5.617293130565585,3.8885588461131433,0.5
challenger_umidas_manufacturing_yoy_log_l2,H3,conservative,HISTORICAL_POST_DEVELOPMENT_TEST,univariate_umidas,manufacturing_yoy_log,manufacturing,2,4,0.29725212876210444,0.26301616895667945,-0.10760170735022201,-0.04932813725429108,0.20474259886074853,0.49375581662675394,0.8662872552429961,0.6668517621268637,0.75,0.1196218823940102,0.5,,not calculated: fewer than 8 matched forecasts,0.34313344328114853,0.3944147468663996,0.0
challenger_umidas_manufacturing_yoy_log_l2,H3,standard,DEVELOPMENT_PSEUDO_OOS,univariate_umidas,manufacturing_yoy_log,manufacturing,2,9,2.707490201088669,1.6521887819189063,0.2993638912224194,-0.25941800644134805,1.1772085064123203,7.412432879024275,0.3494360491696128,0.3122641664763363,0.2222222222222222,0.13792832701932817,0.3333333333333333,-1.2078940411682546,exploratory only; positive favors challenger; small/overlapping sample,7.748170824168401,5.29099704446591,0.5
challenger_umidas_manufacturing_yoy_log_l2,H3,standard,HISTORICAL_POST_DEVELOPMENT_TEST,univariate_umidas,manufacturing_yoy_log,manufacturing,2,4,0.29725212876210444,0.26301616895667945,-0.10760170735022201,-0.04932813725429108,0.20474259886074853,0.49375581662675394,0.5297814262018278,0.3705560639322456,0.25,0.23479081030310914,0.5,,not calculated: fewer than 8 matched forecasts,0.5610844662735722,0.7097877880221943,0.0
challenger_umidas_manufacturing_yoy_log_l3,H1,conservative,DEVELOPMENT_PSEUDO_OOS,univariate_umidas,manufacturing_yoy_log,manufacturing,3,8,0.49162609226910337,0.37050233253917286,0.002648284676434298,-0.014676840236340638,0.3667233995646022,1.0678542154196684,0.44773384583862713,0.42868617788575625,0.625,0.13986305753392586,0.5,-0.2883399482233176,exploratory only; positive favors challenger; small/overlapping sample,1.0980320045902805,0.8642740346013926,0.5555555555555556
challenger_umidas_manufacturing_yoy_log_l3,H1,conservative,HISTORICAL_POST_DEVELOPMENT_TEST,univariate_umidas,manufacturing_yoy_log,manufacturing,3,4,0.7228314778569476,0.6193845326574732,0.6193845326574732,0.538852084590177,0.538852084590177,1.2092224892368142,0.799938051857473,0.6256251475500503,0.5,0.9397897336667038,1.0,,not calculated: fewer than 8 matched forecasts,0.903609318469746,0.9900249935332437,0.0
challenger_umidas_manufacturing_yoy_log_l3,H1,standard,DEVELOPMENT_PSEUDO_OOS,univariate_umidas,manufacturing_yoy_log,manufacturing,3,8,0.49162609226910337,0.37050233253917286,0.002648284676434298,-0.014676840236340638,0.3667233995646022,1.0678542154196684,0.40291186038424964,0.350400791132805,0.625,0.030106095682889546,0.5,-0.5463508117739504,exploratory only; positive favors challenger; small/overlapping sample,1.220182726316988,1.0573672831656058,0.5555555555555556
challenger_umidas_manufacturing_yoy_log_l3,H1,standard,HISTORICAL_POST_DEVELOPMENT_TEST,univariate_umidas,manufacturing_yoy_log,manufacturing,3,4,0.7228314778569476,0.6193845326574732,0.6193845326574732,0.538852084590177,0.538852084590177,1.2092224892368142,0.851830629865615,0.7137680464798368,0.75,0.5527456101122411,1.0,,not calculated: fewer than 8 matched forecasts,0.8485624401308294,0.8677672469539026,0.0
challenger_umidas_manufacturing_yoy_log_l3,H2,conservative,DEVELOPMENT_PSEUDO_OOS,univariate_umidas,manufacturing_yoy_log,manufacturing,3,9,3.2766399611270733,1.8343131886173052,0.7404581477923693,0.10404801943896658,0.929345877455531,9.200959337553968,0.4430324066114803,0.3874624706041613,0.3333333333333333,-0.20536959675806626,0.5555555555555556,-1.1361129433253951,exploratory only; positive favors challenger; small/overlapping sample,7.395937435341024,4.734169959111402,0.5
challenger_umidas_manufacturing_yoy_log_l3,H2,conservative,HISTORICAL_POST_DEVELOPMENT_TEST,univariate_umidas,manufacturing_yoy_log,manufacturing,3,4,0.8761957890590522,0.713302550478913,0.713302550478913,0.5592023294937736,0.5592023294937736,1.5105468277740473,0.851830629865615,0.7137680464798368,0.5,0.9210648842896475,1.0,,not calculated: fewer than 8 matched forecasts,1.028603290770703,0.9993478329504668,0.0
challenger_umidas_manufacturing_yoy_log_l3,H2,standard,DEVELOPMENT_PSEUDO_OOS,univariate_umidas,manufacturing_yoy_log,manufacturing,3,9,3.2766399611270733,1.8343131886173052,0.7404581477923693,0.10404801943896658,0.929345877455531,9.200959337553968,0.48199197338595384,0.4248846030889752,0.3333333333333333,0.014494613007651693,0.5555555555555556,-1.1325741258830462,exploratory only; positive favors challenger; small/overlapping sample,6.798121425360983,4.3172032483210065,0.5
challenger_umidas_manufacturing_yoy_log_l3,H2,standard,HISTORICAL_POST_DEVELOPMENT_TEST,univariate_umidas,manufacturing_yoy_log,manufacturing,3,4,0.8761957890590522,0.713302550478913,0.713302550478913,0.5592023294937736,0.5592023294937736,1.5105468277740473,0.8662872552429961,0.6668517621268637,0.25,0.9606193080383395,1.0,,not calculated: fewer than 8 matched forecasts,1.0114379309589134,1.0696568427800186,0.0
challenger_umidas_manufacturing_yoy_log_l3,H3,conservative,DEVELOPMENT_PSEUDO_OOS,univariate_umidas,manufacturing_yoy_log,manufacturing,3,9,2.8221559457353504,1.8833791369128656,0.16438864019336455,-0.3345349728713831,1.4398604824356172,7.308108628557056,0.48199197338595384,0.4248846030889752,0.2222222222222222,-0.03724374444161047,0.2222222222222222,-1.3421466001720597,exploratory only; positive favors challenger; small/overlapping sample,5.855192828025616,4.43268389398066,0.5
challenger_umidas_manufacturing_yoy_log_l3,H3,conservative,HISTORICAL_POST_DEVELOPMENT_TEST,univariate_umidas,manufacturing_yoy_log,manufacturing,3,4,0.19391455607915223,0.14494846596657274,-0.09565744020834233,-0.0550066048476765,0.10429763060590691,0.35734853472367334,0.8662872552429961,0.6668517621268637,1.0,0.17122602839348222,0.5,,not calculated: fewer than 8 matched forecasts,0.22384556035602604,0.21736234977361782,0.0
challenger_umidas_manufacturing_yoy_log_l3,H3,standard,DEVELOPMENT_PSEUDO_OOS,univariate_umidas,manufacturing_yoy_log,manufacturing,3,9,2.8221559457353504,1.8833791369128656,0.16438864019336455,-0.3345349728713831,1.4398604824356172,7.308108628557056,0.3494360491696128,0.3122641664763363,0.1111111111111111,0.09926836664434237,0.2222222222222222,-1.3660824186234732,exploratory only; positive favors challenger; small/overlapping sample,8.076315973815008,6.03136491184809,0.5
challenger_umidas_manufacturing_yoy_log_l3,H3,standard,HISTORICAL_POST_DEVELOPMENT_TEST,univariate_umidas,manufacturing_yoy_log,manufacturing,3,4,0.19391455607915223,0.14494846596657274,-0.09565744020834233,-0.0550066048476765,0.10429763060590691,0.35734853472367334,0.5297814262018278,0.3705560639322456,1.0,0.32613821305493884,0.5,,not calculated: fewer than 8 matched forecasts,0.36602747187531204,0.39116473882094094,0.0
challenger_umidas_mining_yoy_log_l1,H1,conservative,DEVELOPMENT_PSEUDO_OOS,univariate_umidas,mining_yoy_log,mining,1,9,0.7244921610044633,0.596612640799749,-0.2574830709356182,-0.16582932571840914,0.5320705235591987,1.2715856523203755,0.5358969477023715,0.49110179287101513,0.4444444444444444,0.3997469938613993,0.3333333333333333,-0.8830875181340504,exploratory only; positive favors challenger; small/overlapping sample,1.3519244028365591,1.2148451694951266,0.5
challenger_umidas_mining_yoy_log_l1,H1,conservative,HISTORICAL_POST_DEVELOPMENT_TEST,univariate_umidas,mining_yoy_log,mining,1,4,0.71019278513584,0.6315648129858078,0.30046110088915134,0.23728593941915976,0.5683896515158162,1.1011808134222019,0.799938051857473,0.6256251475500503,0.5,0.8072049869770492,0.5,,not calculated: fewer than 8 matched forecasts,0.8878097291243459,1.0094939684873878,0.0
challenger_umidas_mining_yoy_log_l1,H1,standard,DEVELOPMENT_PSEUDO_OOS,univariate_umidas,mining_yoy_log,mining,1,9,0.7244921610044633,0.596612640799749,-0.2574830709356182,-0.16582932571840914,0.5320705235591987,1.2715856523203755,0.4430324066114803,0.3874624706041613,0.4444444444444444,0.4385211731786528,0.3333333333333333,-1.316400936923268,exploratory only; positive favors challenger; small/overlapping sample,1.6353028586457574,1.539794653839544,0.5
challenger_umidas_mining_yoy_log_l1,H1,standard,HISTORICAL_POST_DEVELOPMENT_TEST,univariate_umidas,mining_yoy_log,mining,1,4,0.71019278513584,0.6315648129858078,0.30046110088915134,0.23728593941915976,0.5683896515158162,1.1011808134222019,0.851830629865615,0.7137680464798368,0.5,0.8936545318468541,0.5,,not calculated: fewer than 8 matched forecasts,0.8337253442599032,0.8848320068411032,0.0
challenger_umidas_mining_yoy_log_l1,H2,conservative,DEVELOPMENT_PSEUDO_OOS,univariate_umidas,mining_yoy_log,mining,1,9,0.9010309008209363,0.6462503320062991,0.5488065399311796,0.5613276996210335,0.5613276996210335,2.2548228913269712,0.4430324066114803,0.3874624706041613,0.3333333333333333,-0.011238272031143722,0.7777777777777778,-1.2142485299604722,exploratory only; positive favors challenger; small/overlapping sample,2.0337810222788066,1.6679043288982696,0.5
challenger_umidas_mining_yoy_log_l1,H2,conservative,HISTORICAL_POST_DEVELOPMENT_TEST,univariate_umidas,mining_yoy_log,mining,1,4,1.136529425173337,1.053530737924345,1.053530737924345,0.9587454611790647,0.9587454611790647,1.73293091162044,0.851830629865615,0.7137680464798368,0.25,0.347772256666866,1.0,,not calculated: fewer than 8 matched forecasts,1.3342199556179803,1.476012751089308,0.0
challenger_umidas_mining_yoy_log_l1,H2,standard,DEVELOPMENT_PSEUDO_OOS,univariate_umidas,mining_yoy_log,mining,1,9,0.9010309008209363,0.6462503320062991,0.5488065399311796,0.5613276996210335,0.5613276996210335,2.2548228913269712,0.48199197338595384,0.4248846030889752,0.3333333333333333,-0.1681695858674397,0.7777777777777778,-1.154447846669385,exploratory only; positive favors challenger; small/overlapping sample,1.869389845833466,1.5210020022094508,0.5
challenger_umidas_mining_yoy_log_l1,H2,standard,HISTORICAL_POST_DEVELOPMENT_TEST,univariate_umidas,mining_yoy_log,mining,1,4,1.136529425173337,1.053530737924345,1.053530737924345,0.9587454611790647,0.9587454611790647,1.73293091162044,0.8662872552429961,0.6668517621268637,0.25,0.4879726176387412,1.0,,not calculated: fewer than 8 matched forecasts,1.3119544565555652,1.579857470218274,0.0
challenger_umidas_mining_yoy_log_l1,H3,conservative,DEVELOPMENT_PSEUDO_OOS,univariate_umidas,mining_yoy_log,mining,1,10,1.0316272533241164,0.9626314987884055,0.8982882626915167,0.9512100736344826,0.9512100736344826,1.6221557768882482,0.46224681042946664,0.40381454044325,0.0,0.5830217451969051,0.9,-3.7895944659258785,exploratory only; positive favors challenger; small/overlapping sample,2.2317671643113055,2.383845558735369,0.4444444444444444
challenger_umidas_mining_yoy_log_l1,H3,conservative,HISTORICAL_POST_DEVELOPMENT_TEST,univariate_umidas,mining_yoy_log,mining,1,4,1.772971051471127,1.70240846105385,1.70240846105385,1.8448000404233675,1.8448000404233675,2.2264715494930547,0.8662872552429961,0.6668517621268637,0.0,0.7184650610156728,1.0,,not calculated: fewer than 8 matched forecasts,2.0466318080297783,2.552903895198794,0.0
challenger_umidas_mining_yoy_log_l1,H3,standard,DEVELOPMENT_PSEUDO_OOS,univariate_umidas,mining_yoy_log,mining,1,10,1.0316272533241164,0.9626314987884055,0.8982882626915167,0.9512100736344826,0.9512100736344826,1.6221557768882482,0.34154231864504175,0.30703036072505163,0.0,0.30701616791038777,0.9,-3.644369424538435,exploratory only; positive favors challenger; small/overlapping sample,3.020496134759413,3.135297423079441,0.4444444444444444
challenger_umidas_mining_yoy_log_l1,H3,standard,HISTORICAL_POST_DEVELOPMENT_TEST,univariate_umidas,mining_yoy_log,mining,1,4,1.772971051471127,1.70240846105385,1.70240846105385,1.8448000404233675,1.8448000404233675,2.2264715494930547,0.5297814262018278,0.3705560639322456,0.0,0.8856045305307418,1.0,,not calculated: fewer than 8 matched forecasts,3.3466085517231563,4.594199439049329,0.0
challenger_umidas_mining_yoy_log_l2,H1,conservative,DEVELOPMENT_PSEUDO_OOS,univariate_umidas,mining_yoy_log,mining,2,9,0.5563100645013782,0.440270545487883,-0.01731850142676736,0.11195137037531833,0.4108589203372768,0.9871327795971006,0.5358969477023715,0.49110179287101513,0.6666666666666666,0.45309837962075244,0.5555555555555556,-0.12705549207130562,exploratory only; positive favors challenger; small/overlapping sample,1.0380914966702588,0.896495496206664,0.5
challenger_umidas_mining_yoy_log_l2,H1,conservative,HISTORICAL_POST_DEVELOPMENT_TEST,univariate_umidas,mining_yoy_log,mining,2,4,0.827001308519561,0.6782601185834474,-0.6483019312510296,-0.6772137027847922,0.6772137027847922,1.2986966940993696,0.799938051857473,0.6256251475500503,0.5,0.9668703889753091,0.25,,not calculated: fewer than 8 matched forecasts,1.0338316905905982,1.0841318019896031,0.0
challenger_umidas_mining_yoy_log_l2,H1,standard,DEVELOPMENT_PSEUDO_OOS,univariate_umidas,mining_yoy_log,mining,2,9,0.5563100645013782,0.440270545487883,-0.01731850142676736,0.11195137037531833,0.4108589203372768,0.9871327795971006,0.4430324066114803,0.3874624706041613,0.5555555555555556,0.4269392059168424,0.5555555555555556,-0.7043964460935941,exploratory only; positive favors challenger; small/overlapping sample,1.255687069838296,1.1362921028232214,0.5
challenger_umidas_mining_yoy_log_l2,H1,standard,HISTORICAL_POST_DEVELOPMENT_TEST,univariate_umidas,mining_yoy_log,mining,2,4,0.827001308519561,0.6782601185834474,-0.6483019312510296,-0.6772137027847922,0.6772137027847922,1.2986966940993696,0.851830629865615,0.7137680464798368,0.5,0.826065712707008,0.25,,not calculated: fewer than 8 matched forecasts,0.9708518096490953,0.950252847446019,0.0
challenger_umidas_mining_yoy_log_l2,H2,conservative,DEVELOPMENT_PSEUDO_OOS,univariate_umidas,mining_yoy_log,mining,2,9,0.6504924721297407,0.4816296127365718,-0.08647275811763411,-0.08193587256687351,0.41361736494944523,1.4594704441560777,0.4430324066114803,0.3874624706041613,0.4444444444444444,0.24451167706609475,0.3333333333333333,-1.0829016178223745,exploratory only; positive favors challenger; small/overlapping sample,1.4682728902497502,1.2430355176995023,0.5
challenger_umidas_mining_yoy_log_l2,H2,conservative,HISTORICAL_POST_DEVELOPMENT_TEST,univariate_umidas,mining_yoy_log,mining,2,4,0.7984062078620763,0.6878568356240458,0.6878568356240458,0.72810683675708,0.72810683675708,1.1499139945117074,0.851830629865615,0.7137680464798368,0.5,0.8826084624886542,1.0,,not calculated: fewer than 8 matched forecasts,0.9372828117110945,0.9636979954712458,0.0
challenger_umidas_mining_yoy_log_l2,H2,standard,DEVELOPMENT_PSEUDO_OOS,univariate_umidas,mining_yoy_log,mining,2,9,0.6504924721297407,0.4816296127365718,-0.08647275811763411,-0.08193587256687351,0.41361736494944523,1.4594704441560777,0.48199197338595384,0.4248846030889752,0.4444444444444444,0.3095477339732388,0.3333333333333333,-0.9152548017103463,exploratory only; positive favors challenger; small/overlapping sample,1.3495919186373266,1.1335539326091175,0.5
challenger_umidas_mining_yoy_log_l2,H2,standard,HISTORICAL_POST_DEVELOPMENT_TEST,univariate_umidas,mining_yoy_log,mining,2,4,0.7984062078620763,0.6878568356240458,0.6878568356240458,0.72810683675708,0.72810683675708,1.1499139945117074,0.8662872552429961,0.6668517621268637,0.5,0.8632659712180407,1.0,,not calculated: fewer than 8 matched forecasts,0.9216414105481917,1.0314988648004593,0.0
challenger_umidas_mining_yoy_log_l2,H3,conservative,DEVELOPMENT_PSEUDO_OOS,univariate_umidas,mining_yoy_log,mining,2,9,0.9620778219570563,0.8777720472610064,0.7872102330736236,0.7536825576209409,0.7536825576209409,1.6042062491742648,0.48199197338595384,0.4248846030889752,0.0,0.5801246740335884,0.8888888888888888,-2.8690251596884893,exploratory only; positive favors challenger; small/overlapping sample,1.9960453183453222,2.0659069330342197,0.5
challenger_umidas_mining_yoy_log_l2,H3,conservative,HISTORICAL_POST_DEVELOPMENT_TEST,univariate_umidas,mining_yoy_log,mining,2,4,1.6904529588523258,1.6378786823045561,1.6378786823045561,1.6871864309745925,1.6871864309745925,2.1760265894019026,0.8662872552429961,0.6668517621268637,0.0,0.6827428601568426,1.0,,not calculated: fewer than 8 matched forecasts,1.9513769233256801,2.456136093995897,0.0
challenger_umidas_mining_yoy_log_l2,H3,standard,DEVELOPMENT_PSEUDO_OOS,univariate_umidas,mining_yoy_log,mining,2,9,0.9620778219570563,0.8777720472610064,0.7872102330736236,0.7536825576209409,0.7536825576209409,1.6042062491742648,0.3494360491696128,0.3122641664763363,0.1111111111111111,0.2604851427686412,0.8888888888888888,-2.848887903843569,exploratory only; positive favors challenger; small/overlapping sample,2.7532300237577183,2.810991914845679,0.5
challenger_umidas_mining_yoy_log_l2,H3,standard,HISTORICAL_POST_DEVELOPMENT_TEST,univariate_umidas,mining_yoy_log,mining,2,4,1.6904529588523258,1.6378786823045561,1.6378786823045561,1.6871864309745925,1.6871864309745925,2.1760265894019026,0.5297814262018278,0.3705560639322456,0.0,0.8632980282292603,1.0,,not calculated: fewer than 8 matched forecasts,3.1908498019111824,4.420056347004038,0.0
challenger_umidas_mining_yoy_log_l3,H1,conservative,DEVELOPMENT_PSEUDO_OOS,univariate_umidas,mining_yoy_log,mining,3,8,0.9688078017606325,0.7653568114448308,-0.4382285408905966,-0.42040810598087885,0.5883814421917477,2.256486846073088,0.44773384583862713,0.42868617788575625,0.375,0.2478592705954406,0.25,-1.1875391299972082,exploratory only; positive favors challenger; small/overlapping sample,2.163802917213035,1.785354534217794,0.5555555555555556
challenger_umidas_mining_yoy_log_l3,H1,conservative,HISTORICAL_POST_DEVELOPMENT_TEST,univariate_umidas,mining_yoy_log,mining,3,4,0.6712175690734741,0.5973000719255468,-0.303180827987638,-0.3137317056549924,0.6078509495929012,0.9315919188879587,0.799938051857473,0.6256251475500503,0.5,0.8462986800165762,0.5,,not calculated: fewer than 8 matched forecasts,0.839086936188237,0.9547251645247564,0.0
challenger_umidas_mining_yoy_log_l3,H1,standard,DEVELOPMENT_PSEUDO_OOS,univariate_umidas,mining_yoy_log,mining,3,8,0.9688078017606325,0.7653568114448308,-0.4382285408905966,-0.42040810598087885,0.5883814421917477,2.256486846073088,0.40291186038424964,0.350400791132805,0.375,0.5446970725907901,0.25,-1.2430058940023903,exploratory only; positive favors challenger; small/overlapping sample,2.4045154710429677,2.1842325440262886,0.5555555555555556
challenger_umidas_mining_yoy_log_l3,H1,standard,HISTORICAL_POST_DEVELOPMENT_TEST,univariate_umidas,mining_yoy_log,mining,3,4,0.6712175690734741,0.5973000719255468,-0.303180827987638,-0.3137317056549924,0.6078509495929012,0.9315919188879587,0.851830629865615,0.7137680464798368,0.5,0.9385173037922503,0.5,,not calculated: fewer than 8 matched forecasts,0.7879706898768897,0.8368265781458176,0.0
challenger_umidas_mining_yoy_log_l3,H2,conservative,DEVELOPMENT_PSEUDO_OOS,univariate_umidas,mining_yoy_log,mining,3,9,0.6505039693655639,0.5192333208732811,0.07231319219092273,-0.14490580425116484,0.34929951151021754,1.3753349727125217,0.4430324066114803,0.3874624706041613,0.4444444444444444,0.22997397037355657,0.4444444444444444,-1.1803906580471106,exploratory only; positive favors challenger; small/overlapping sample,1.4682988414796188,1.340086744565616,0.5
challenger_umidas_mining_yoy_log_l3,H2,conservative,HISTORICAL_POST_DEVELOPMENT_TEST,univariate_umidas,mining_yoy_log,mining,3,4,0.46243067026467727,0.4404766666844546,-0.2138613637639688,-0.36805045666960545,0.4906295463016699,0.5725751475576359,0.851830629865615,0.7137680464798368,0.5,0.8196378058142197,0.25,,not calculated: fewer than 8 matched forecasts,0.542866919844888,0.6171145778475216,0.0
challenger_umidas_mining_yoy_log_l3,H2,standard,DEVELOPMENT_PSEUDO_OOS,univariate_umidas,mining_yoy_log,mining,3,9,0.6505039693655639,0.5192333208732811,0.07231319219092273,-0.14490580425116484,0.34929951151021754,1.3753349727125217,0.48199197338595384,0.4248846030889752,0.5555555555555556,0.1660936461059332,0.4444444444444444,-1.0017722762645045,exploratory only; positive favors challenger; small/overlapping sample,1.349615772220909,1.222057276489608,0.5
challenger_umidas_mining_yoy_log_l3,H2,standard,HISTORICAL_POST_DEVELOPMENT_TEST,univariate_umidas,mining_yoy_log,mining,3,4,0.46243067026467727,0.4404766666844546,-0.2138613637639688,-0.36805045666960545,0.4906295463016699,0.5725751475576359,0.8662872552429961,0.6668517621268637,0.5,0.8743970638719221,0.25,,not calculated: fewer than 8 matched forecasts,0.5338075418585768,0.660531607923767,0.0
challenger_umidas_mining_yoy_log_l3,H3,conservative,DEVELOPMENT_PSEUDO_OOS,univariate_umidas,mining_yoy_log,mining,3,9,0.7830291706095167,0.5835054021306703,0.20711580387179307,0.17620972481886188,0.36594344829240644,1.7022083129205674,0.48199197338595384,0.4248846030889752,0.5555555555555556,0.710207691227116,0.6666666666666666,-1.1449753468734298,exploratory only; positive favors challenger; small/overlapping sample,1.6245689012387519,1.373326775996348,0.5
challenger_umidas_mining_yoy_log_l3,H3,conservative,HISTORICAL_POST_DEVELOPMENT_TEST,univariate_umidas,mining_yoy_log,mining,3,4,1.375522001000309,1.241870197659165,1.241870197659165,1.2588452328090631,1.2588452328090631,1.9920164710101362,0.8662872552429961,0.6668517621268637,0.0,0.8195059197973097,1.0,,not calculated: fewer than 8 matched forecasts,1.5878358970137119,1.8622882448392006,0.0
challenger_umidas_mining_yoy_log_l3,H3,standard,DEVELOPMENT_PSEUDO_OOS,univariate_umidas,mining_yoy_log,mining,3,9,0.7830291706095167,0.5835054021306703,0.20711580387179307,0.17620972481886188,0.36594344829240644,1.7022083129205674,0.3494360491696128,0.3122641664763363,0.4444444444444444,0.35377106648839907,0.6666666666666666,-1.4287458187536153,exploratory only; positive favors challenger; small/overlapping sample,2.2408368354389276,1.8686274788269337,0.5
challenger_umidas_mining_yoy_log_l3,H3,standard,HISTORICAL_POST_DEVELOPMENT_TEST,univariate_umidas,mining_yoy_log,mining,3,4,1.375522001000309,1.241870197659165,1.241870197659165,1.2588452328090631,1.2588452328090631,1.9920164710101362,0.5297814262018278,0.3705560639322456,0.0,0.9054457823353071,1.0,,not calculated: fewer than 8 matched forecasts,2.5963952924168474,3.3513692489086755,0.0
challenger_umidas_ppi_mom_log_l1,H1,conservative,DEVELOPMENT_PSEUDO_OOS,univariate_umidas,ppi_mom_log,ppi,1,17,1.2791049733612878,0.8398847617889326,0.44219411774471074,0.3894049661501571,0.43275705887796345,3.955102576756067,0.8753822084899305,0.6973557485228659,0.5882352941176471,0.7269964688132605,0.8235294117647058,-1.2857656279272673,exploratory only; positive favors challenger; small/overlapping sample,1.4611959906836527,1.204384940638936,0.05555555555555555
challenger_umidas_ppi_mom_log_l1,H1,conservative,HISTORICAL_POST_DEVELOPMENT_TEST,univariate_umidas,ppi_mom_log,ppi,1,4,0.9068141902118224,0.8119054781414097,0.8119054781414097,0.6916206193480328,0.6916206193480328,1.4698310088816546,0.799938051857473,0.6256251475500503,0.0,0.977192112355314,1.0,,not calculated: fewer than 8 matched forecasts,1.133605518710081,1.2977507079452186,0.0
challenger_umidas_ppi_mom_log_l1,H1,standard,DEVELOPMENT_PSEUDO_OOS,univariate_umidas,ppi_mom_log,ppi,1,17,1.2791049733612878,0.8398847617889326,0.44219411774471074,0.3894049661501571,0.43275705887796345,3.955102576756067,0.8498954496075838,0.5652095304771751,0.29411764705882354,0.8085334518152232,0.8235294117647058,-1.353334464591266,exploratory only; positive favors challenger; small/overlapping sample,1.5050144979031008,1.4859706294758765,0.05555555555555555
challenger_umidas_ppi_mom_log_l1,H1,standard,HISTORICAL_POST_DEVELOPMENT_TEST,univariate_umidas,ppi_mom_log,ppi,1,4,0.9068141902118224,0.8119054781414097,0.8119054781414097,0.6916206193480328,0.6916206193480328,1.4698310088816546,0.851830629865615,0.7137680464798368,0.25,0.7455119234813934,1.0,,not calculated: fewer than 8 matched forecasts,1.0645475267247453,1.1374920496169132,0.0
challenger_umidas_ppi_mom_log_l1,H2,conservative,DEVELOPMENT_PSEUDO_OOS,univariate_umidas,ppi_mom_log,ppi,1,17,1.2397306859312331,0.862348442386457,0.4005252897895871,0.3445065163849197,0.6149315565222588,3.666217733949548,0.8498954496075838,0.5652095304771751,0.23529411764705882,0.7999233293224617,0.7058823529411765,-1.4868889449983056,exploratory only; positive favors challenger; small/overlapping sample,1.458686108395621,1.5257146171233593,0.05555555555555555
challenger_umidas_ppi_mom_log_l1,H2,conservative,HISTORICAL_POST_DEVELOPMENT_TEST,univariate_umidas,ppi_mom_log,ppi,1,4,0.9321460153037857,0.8167874836851183,0.8167874836851183,0.7018024645338583,0.7018024645338583,1.5330079809361177,0.851830629865615,0.7137680464798368,0.0,0.7781801221621073,1.0,,not calculated: fewer than 8 matched forecasts,1.0942856274736696,1.1443318143945405,0.0
challenger_umidas_ppi_mom_log_l1,H2,standard,DEVELOPMENT_PSEUDO_OOS,univariate_umidas,ppi_mom_log,ppi,1,17,1.2729000296164745,0.8876004581271123,0.37752190869069807,0.36600849642577593,0.6083740600468532,3.643334839282116,0.8299463018090937,0.6245142484312887,0.47058823529411764,0.7408104433410061,0.7058823529411765,-1.6146584399416124,exploratory only; positive favors challenger; small/overlapping sample,1.5337137196007051,1.4212653439960214,0.05555555555555555
challenger_umidas_ppi_mom_log_l1,H2,standard,HISTORICAL_POST_DEVELOPMENT_TEST,univariate_umidas,ppi_mom_log,ppi,1,4,0.8751808051275151,0.7909780132463085,0.7909780132463085,0.725606860268496,0.725606860268496,1.3619362556447898,0.8662872552429961,0.6668517621268637,0.25,0.7968801690193368,1.0,,not calculated: fewer than 8 matched forecasts,1.0102662827263045,1.186137696815189,0.0
challenger_umidas_ppi_mom_log_l1,H3,conservative,DEVELOPMENT_PSEUDO_OOS,univariate_umidas,ppi_mom_log,ppi,1,17,1.233418426921869,0.794465923767262,0.3685472381696471,0.3082361962994602,0.4948349811342698,3.7170135787433622,0.8299463018090937,0.6245142484312887,0.47058823529411764,0.7934872932800793,0.7647058823529411,-1.359497364251438,exploratory only; positive favors challenger; small/overlapping sample,1.4861424458827013,1.2721341839083309,0.05555555555555555
challenger_umidas_ppi_mom_log_l1,H3,conservative,HISTORICAL_POST_DEVELOPMENT_TEST,univariate_umidas,ppi_mom_log,ppi,1,4,0.8412698065912353,0.7338134869813722,0.7338134869813722,0.5979224864034727,0.5979224864034727,1.4044479021954341,0.8662872552429961,0.6668517621268637,0.5,0.8471779403257744,1.0,,not calculated: fewer than 8 matched forecasts,0.9711210704066708,1.1004147078219304,0.0
challenger_umidas_ppi_mom_log_l1,H3,standard,DEVELOPMENT_PSEUDO_OOS,univariate_umidas,ppi_mom_log,ppi,1,17,1.233418426921869,0.794465923767262,0.3685472381696471,0.3082361962994602,0.4948349811342698,3.7170135787433622,0.6784344208279974,0.5221098705669958,0.35294117647058826,0.7103998856224201,0.7647058823529411,-1.535421355542089,exploratory only; positive favors challenger; small/overlapping sample,1.8180363334403635,1.5216450953215952,0.05555555555555555
challenger_umidas_ppi_mom_log_l1,H3,standard,HISTORICAL_POST_DEVELOPMENT_TEST,univariate_umidas,ppi_mom_log,ppi,1,4,0.8412698065912353,0.7338134869813722,0.7338134869813722,0.5979224864034727,0.5979224864034727,1.4044479021954341,0.5297814262018278,0.3705560639322456,0.0,0.9636702137739699,1.0,,not calculated: fewer than 8 matched forecasts,1.5879564004773954,1.9803035448788295,0.0
challenger_umidas_ppi_mom_log_l2,H1,conservative,DEVELOPMENT_PSEUDO_OOS,univariate_umidas,ppi_mom_log,ppi,2,17,1.2940380676021677,0.8546381030292155,0.460375560354425,0.42303670029829554,0.45476965845714723,3.9872934187671074,0.8753822084899305,0.6973557485228659,0.5294117647058824,0.7227589407425706,0.8235294117647058,-1.312279001024737,exploratory only; positive favors challenger; small/overlapping sample,1.478254932590457,1.225541059695147,0.05555555555555555
challenger_umidas_ppi_mom_log_l2,H1,conservative,HISTORICAL_POST_DEVELOPMENT_TEST,univariate_umidas,ppi_mom_log,ppi,2,4,0.9196670050802428,0.8219562490850292,0.8219562490850292,0.7179470843625957,0.7179470843625957,1.485602380853356,0.799938051857473,0.6256251475500503,0.0,0.9786948051417819,1.0,,not calculated: fewer than 8 matched forecasts,1.1496727814669607,1.313815872497792,0.0
challenger_umidas_ppi_mom_log_l2,H1,standard,DEVELOPMENT_PSEUDO_OOS,univariate_umidas,ppi_mom_log,ppi,2,17,1.2940380676021677,0.8546381030292155,0.460375560354425,0.42303670029829554,0.45476965845714723,3.9872934187671074,0.8498954496075838,0.5652095304771751,0.29411764705882354,0.8026147940439278,0.8235294117647058,-1.3797613493770624,exploratory only; positive favors challenger; small/overlapping sample,1.522585005249357,1.5120730577697297,0.05555555555555555
challenger_umidas_ppi_mom_log_l2,H1,standard,HISTORICAL_POST_DEVELOPMENT_TEST,univariate_umidas,ppi_mom_log,ppi,2,4,0.9196670050802428,0.8219562490850292,0.8219562490850292,0.7179470843625957,0.7179470843625957,1.485602380853356,0.851830629865615,0.7137680464798368,0.25,0.7258102398246811,1.0,,not calculated: fewer than 8 matched forecasts,1.079635989639548,1.1515733341367063,0.0
challenger_umidas_ppi_mom_log_l2,H2,conservative,DEVELOPMENT_PSEUDO_OOS,univariate_umidas,ppi_mom_log,ppi,2,17,1.337323617381216,0.937477052038857,0.40385395810972946,0.334038558716907,0.5934749391257617,3.935922844909668,0.8498954496075838,0.5652095304771751,0.4117647058823529,0.7594879218227047,0.7058823529411765,-1.5449392243318933,exploratory only; positive favors challenger; small/overlapping sample,1.5735154459277185,1.6586363135939994,0.05555555555555555
challenger_umidas_ppi_mom_log_l2,H2,conservative,HISTORICAL_POST_DEVELOPMENT_TEST,univariate_umidas,ppi_mom_log,ppi,2,4,0.8589024319533797,0.683739531287108,0.683739531287108,0.5579052861284857,0.5579052861284857,1.497894720809878,0.851830629865615,0.7137680464798368,0.5,0.828533486385648,1.0,,not calculated: fewer than 8 matched forecasts,1.008301887534709,0.9579295888337624,0.0
challenger_umidas_ppi_mom_log_l2,H2,standard,DEVELOPMENT_PSEUDO_OOS,univariate_umidas,ppi_mom_log,ppi,2,17,1.3314532786544777,0.9508334926423471,0.36251400649521887,0.36837758579348723,0.6261081165752138,3.711503076298891,0.8299463018090937,0.6245142484312887,0.4117647058823529,0.7288500612347385,0.7058823529411765,-1.7686292915041484,exploratory only; positive favors challenger; small/overlapping sample,1.6042643671671446,1.5225168921777792,0.05555555555555555
challenger_umidas_ppi_mom_log_l2,H2,standard,HISTORICAL_POST_DEVELOPMENT_TEST,univariate_umidas,ppi_mom_log,ppi,2,4,0.8907032823020373,0.8044508432339124,0.8044508432339124,0.7371395677726293,0.7371395677726293,1.390943842430561,0.8662872552429961,0.6668517621268637,0.25,0.7961687558957808,1.0,,not calculated: fewer than 8 matched forecasts,1.0281846776704484,1.2063413323947572,0.0
challenger_umidas_ppi_mom_log_l2,H3,conservative,DEVELOPMENT_PSEUDO_OOS,univariate_umidas,ppi_mom_log,ppi,2,17,1.293943438043458,0.9028013492152498,0.3916121580915106,0.3679513218215176,0.5892327844858896,3.710464041324708,0.8299463018090937,0.6245142484312887,0.47058823529411764,0.7318785107721414,0.7058823529411765,-1.6271604542075906,exploratory only; positive favors challenger; small/overlapping sample,1.5590688641216381,1.4456056871128047,0.05555555555555555
challenger_umidas_ppi_mom_log_l2,H3,conservative,HISTORICAL_POST_DEVELOPMENT_TEST,univariate_umidas,ppi_mom_log,ppi,2,4,0.8839012215813628,0.7959502148010786,0.7959502148010786,0.725703078998956,0.725703078998956,1.3819976828145304,0.8662872552429961,0.6668517621268637,0.25,0.8103765061983783,1.0,,not calculated: fewer than 8 matched forecasts,1.0203327086157188,1.19359392897526,0.0
challenger_umidas_ppi_mom_log_l2,H3,standard,DEVELOPMENT_PSEUDO_OOS,univariate_umidas,ppi_mom_log,ppi,2,17,1.293943438043458,0.9028013492152498,0.3916121580915106,0.3679513218215176,0.5892327844858896,3.710464041324708,0.6784344208279974,0.5221098705669958,0.35294117647058826,0.6471097287172409,0.7058823529411765,-1.7912008299759874,exploratory only; positive favors challenger; small/overlapping sample,1.9072490992781006,1.7291405508860318,0.05555555555555555
challenger_umidas_ppi_mom_log_l2,H3,standard,HISTORICAL_POST_DEVELOPMENT_TEST,univariate_umidas,ppi_mom_log,ppi,2,4,0.8839012215813628,0.7959502148010786,0.7959502148010786,0.725703078998956,0.725703078998956,1.3819976828145304,0.5297814262018278,0.3705560639322456,0.0,0.9396618705767956,1.0,,not calculated: fewer than 8 matched forecasts,1.6684262185602332,2.1479886372784183,0.0
challenger_umidas_ppi_mom_log_l3,H1,conservative,DEVELOPMENT_PSEUDO_OOS,univariate_umidas,ppi_mom_log,ppi,3,17,1.321725017781128,0.8771610870227643,0.4796014067744865,0.4300974945943423,0.44781679147121434,4.086027284278683,0.8753822084899305,0.6973557485228659,0.6470588235294118,0.7064055881720374,0.8235294117647058,-1.3292553264815945,exploratory only; positive favors challenger; small/overlapping sample,1.509883345768652,1.2578387557294264,0.05555555555555555
challenger_umidas_ppi_mom_log_l3,H1,conservative,HISTORICAL_POST_DEVELOPMENT_TEST,univariate_umidas,ppi_mom_log,ppi,3,4,0.9147528531967425,0.8175104976817602,0.8175104976817602,0.7178826712862532,0.7178826712862532,1.4752183016290603,0.799938051857473,0.6256251475500503,0.0,0.9771633448380669,1.0,,not calculated: fewer than 8 matched forecasts,1.1435296159154662,1.3067097780246422,0.0
challenger_umidas_ppi_mom_log_l3,H1,standard,DEVELOPMENT_PSEUDO_OOS,univariate_umidas,ppi_mom_log,ppi,3,17,1.321725017781128,0.8771610870227643,0.4796014067744865,0.4300974945943423,0.44781679147121434,4.086027284278683,0.8498954496075838,0.5652095304771751,0.23529411764705882,0.785091698778772,0.8235294117647058,-1.391011375873695,exploratory only; positive favors challenger; small/overlapping sample,1.5551618947852923,1.5519219682694056,0.05555555555555555
challenger_umidas_ppi_mom_log_l3,H1,standard,HISTORICAL_POST_DEVELOPMENT_TEST,univariate_umidas,ppi_mom_log,ppi,3,4,0.9147528531967425,0.8175104976817602,0.8175104976817602,0.7178826712862532,0.7178826712862532,1.4752183016290603,0.851830629865615,0.7137680464798368,0.25,0.7238114301756942,1.0,,not calculated: fewer than 8 matched forecasts,1.0738670589258503,1.1453447681127793,0.0
challenger_umidas_ppi_mom_log_l3,H2,conservative,DEVELOPMENT_PSEUDO_OOS,univariate_umidas,ppi_mom_log,ppi,3,17,1.3614098532929237,0.9658111604679329,0.4335591167535988,0.3297116107529616,0.6320335400521442,3.856079671127202,0.8498954496075838,0.5652095304771751,0.29411764705882354,0.750435576524843,0.7647058823529411,-1.669551682339739,exploratory only; positive favors challenger; small/overlapping sample,1.6018556799210042,1.7087665872381026,0.05555555555555555
challenger_umidas_ppi_mom_log_l3,H2,conservative,HISTORICAL_POST_DEVELOPMENT_TEST,univariate_umidas,ppi_mom_log,ppi,3,4,0.8712016043727496,0.6829738974121371,0.6829738974121371,0.54985153649621,0.54985153649621,1.548568962134273,0.851830629865615,0.7137680464798368,0.5,0.7796792983527014,1.0,,not calculated: fewer than 8 matched forecasts,1.022740406165238,0.9568569240111401,0.0
challenger_umidas_ppi_mom_log_l3,H2,standard,DEVELOPMENT_PSEUDO_OOS,univariate_umidas,ppi_mom_log,ppi,3,17,1.3481271214774073,0.9618248202830137,0.38055175737540936,0.3961414024632477,0.6388066274831621,3.7384194335433847,0.8299463018090937,0.6245142484312887,0.4117647058823529,0.7228770959739361,0.7058823529411765,-1.796997704421881,exploratory only; positive favors challenger; small/overlapping sample,1.6243546341959687,1.5401166950137843,0.05555555555555555
challenger_umidas_ppi_mom_log_l3,H2,standard,HISTORICAL_POST_DEVELOPMENT_TEST,univariate_umidas,ppi_mom_log,ppi,3,4,0.9040024578792405,0.8130087870845584,0.8130087870845584,0.7644432378286004,0.7644432378286004,1.4077893353280846,0.8662872552429961,0.6668517621268637,0.25,0.781181422114986,1.0,,not calculated: fewer than 8 matched forecasts,1.0435366010615788,1.219174685077745,0.0
challenger_umidas_ppi_mom_log_l3,H3,conservative,DEVELOPMENT_PSEUDO_OOS,univariate_umidas,ppi_mom_log,ppi,3,17,1.3522612246101597,0.966014274151869,0.3797998204228772,0.36302707229682607,0.6745312418909108,3.775812137030117,0.8299463018090937,0.6245142484312887,0.4117647058823529,0.720911462393258,0.7058823529411765,-1.7802585426241193,exploratory only; positive favors challenger; small/overlapping sample,1.6293358036086656,1.546825034942583,0.05555555555555555
challenger_umidas_ppi_mom_log_l3,H3,conservative,HISTORICAL_POST_DEVELOPMENT_TEST,univariate_umidas,ppi_mom_log,ppi,3,4,0.899841448257762,0.8091965281384761,0.8091965281384761,0.7349679929661295,0.7349679929661295,1.4147654616609175,0.8662872552429961,0.6668517621268637,0.25,0.8108915767269067,1.0,,not calculated: fewer than 8 matched forecasts,1.0387333333275852,1.2134578838895418,0.0
challenger_umidas_ppi_mom_log_l3,H3,standard,DEVELOPMENT_PSEUDO_OOS,univariate_umidas,ppi_mom_log,ppi,3,17,1.3522612246101597,0.966014274151869,0.3797998204228772,0.36302707229682607,0.6745312418909108,3.775812137030117,0.6784344208279974,0.5221098705669958,0.29411764705882354,0.6329377931919796,0.7058823529411765,-1.9021655491912597,exploratory only; positive favors challenger; small/overlapping sample,1.9932084562569632,1.8502126249840982,0.05555555555555555
challenger_umidas_ppi_mom_log_l3,H3,standard,HISTORICAL_POST_DEVELOPMENT_TEST,univariate_umidas,ppi_mom_log,ppi,3,4,0.899841448257762,0.8091965281384761,0.8091965281384761,0.7349679929661295,0.7349679929661295,1.4147654616609175,0.5297814262018278,0.3705560639322456,0.0,0.9417701085243219,1.0,,not calculated: fewer than 8 matched forecasts,1.6985145264699306,2.1837357606605887,0.0
challenger_umidas_retail_yoy_log_l1,H1,conservative,DEVELOPMENT_PSEUDO_OOS,univariate_umidas,retail_yoy_log,retail_trade,1,5,0.394560485854887,0.285409745034152,-0.08645518078738093,-0.09757243407104976,0.10561279965955084,0.714263985145065,0.48360539792390383,0.4586121320707184,0.8,0.13631934991225392,0.2,,not calculated: fewer than 8 matched forecasts,0.8158727912234176,0.6223336128189072,0.7222222222222222
challenger_umidas_retail_yoy_log_l1,H1,conservative,HISTORICAL_POST_DEVELOPMENT_TEST,univariate_umidas,retail_yoy_log,retail_trade,1,4,0.9424938604953895,0.8572745076852724,0.8572745076852724,0.7164780773883637,0.7164780773883637,1.5147417590657506,0.799938051857473,0.6256251475500503,0.0,0.9667277096878487,1.0,,not calculated: fewer than 8 matched forecasts,1.1782085604090202,1.3702686201831267,0.0
challenger_umidas_retail_yoy_log_l1,H1,standard,DEVELOPMENT_PSEUDO_OOS,univariate_umidas,retail_yoy_log,retail_trade,1,5,0.27012366629502227,0.20032833567267225,0.18779465733293926,0.17907982115160603,0.17907982115160603,0.4933301330271025,0.45773869408471507,0.4147394443900986,1.0,0.2594626933210743,0.6,,not calculated: fewer than 8 matched forecasts,0.5901263532792569,0.4830221441012637,0.7222222222222222
challenger_umidas_retail_yoy_log_l1,H1,standard,HISTORICAL_POST_DEVELOPMENT_TEST,univariate_umidas,retail_yoy_log,retail_trade,1,4,0.9697570111513948,0.9080736262953619,0.9080736262953619,0.744107163977719,0.744107163977719,1.4930587422916446,0.851830629865615,0.7137680464798368,0.25,0.6114482390659661,1.0,,not calculated: fewer than 8 matched forecasts,1.1384387660542141,1.272225102782062,0.0
challenger_umidas_retail_yoy_log_l1,H2,conservative,DEVELOPMENT_PSEUDO_OOS,univariate_umidas,retail_yoy_log,retail_trade,1,5,0.27012366629502227,0.20032833567267225,0.18779465733293926,0.17907982115160603,0.17907982115160603,0.4933301330271025,0.45773869408471507,0.4147394443900986,1.0,0.2594626933210743,0.6,,not calculated: fewer than 8 matched forecasts,0.5901263532792569,0.4830221441012637,0.7222222222222222
challenger_umidas_retail_yoy_log_l1,H2,conservative,HISTORICAL_POST_DEVELOPMENT_TEST,univariate_umidas,retail_yoy_log,retail_trade,1,4,0.9697570111513948,0.9080736262953619,0.9080736262953619,0.744107163977719,0.744107163977719,1.4930587422916446,0.851830629865615,0.7137680464798368,0.25,0.6114482390659661,1.0,,not calculated: fewer than 8 matched forecasts,1.1384387660542141,1.272225102782062,0.0
challenger_umidas_retail_yoy_log_l1,H2,standard,DEVELOPMENT_PSEUDO_OOS,univariate_umidas,retail_yoy_log,retail_trade,1,6,1.4731064001578744,1.0485359402027996,-0.696948531446289,-0.452796002712073,0.7986124925502538,3.221784955712634,0.495334629592146,0.45564079295316856,0.3333333333333333,-0.6535247377520784,0.3333333333333333,,not calculated: fewer than 8 matched forecasts,2.973962069582772,2.3012336832417235,0.6666666666666666
challenger_umidas_retail_yoy_log_l1,H2,standard,HISTORICAL_POST_DEVELOPMENT_TEST,univariate_umidas,retail_yoy_log,retail_trade,1,4,0.9890872691805302,0.8721913573929594,0.7839132855549054,0.9139864607234482,0.9139864607234482,1.484236364448833,0.8662872552429961,0.6668517621268637,0.5,-0.24592449492561647,0.75,,not calculated: fewer than 8 matched forecasts,1.141754381349046,1.3079238999252,0.0
challenger_umidas_retail_yoy_log_l1,H3,conservative,DEVELOPMENT_PSEUDO_OOS,univariate_umidas,retail_yoy_log,retail_trade,1,6,1.4731064001578744,1.0485359402027996,-0.696948531446289,-0.452796002712073,0.7986124925502538,3.221784955712634,0.495334629592146,0.45564079295316856,0.3333333333333333,-0.6535247377520784,0.3333333333333333,,not calculated: fewer than 8 matched forecasts,2.973962069582772,2.3012336832417235,0.6666666666666666
challenger_umidas_retail_yoy_log_l1,H3,conservative,HISTORICAL_POST_DEVELOPMENT_TEST,univariate_umidas,retail_yoy_log,retail_trade,1,4,0.9890872691805302,0.8721913573929594,0.7839132855549054,0.9139864607234482,0.9139864607234482,1.484236364448833,0.8662872552429961,0.6668517621268637,0.5,-0.24592449492561647,0.75,,not calculated: fewer than 8 matched forecasts,1.141754381349046,1.3079238999252,0.0
challenger_umidas_retail_yoy_log_l1,H3,standard,DEVELOPMENT_PSEUDO_OOS,univariate_umidas,retail_yoy_log,retail_trade,1,6,0.7011046041670188,0.48124444366273655,-0.28472865987532847,-0.15782336245670026,0.3013420510123246,1.5865174074214732,0.31172919940339583,0.2775803015524958,0.3333333333333333,-0.2682956400391612,0.3333333333333333,,not calculated: fewer than 8 matched forecasts,2.2490822339031142,1.7337125183997393,0.6666666666666666
challenger_umidas_retail_yoy_log_l1,H3,standard,HISTORICAL_POST_DEVELOPMENT_TEST,univariate_umidas,retail_yoy_log,retail_trade,1,4,0.9185364131737451,0.8253478261565819,0.8253478261565819,0.6988315411322792,0.6988315411322792,1.4750067137168212,0.5297814262018278,0.3705560639322456,0.0,0.8663970620039013,1.0,,not calculated: fewer than 8 matched forecasts,1.7338025980997975,2.227322412155945,0.0
challenger_umidas_retail_yoy_log_l2,H1,conservative,DEVELOPMENT_PSEUDO_OOS,univariate_umidas,retail_yoy_log,retail_trade,2,5,1.6303162362903905,1.1900219035560424,-0.9317564544289374,-0.6779128679500914,0.6779128679500914,3.4091952495281728,0.48360539792390383,0.4586121320707184,0.2,-0.9160964332727517,0.2,,not calculated: fewer than 8 matched forecasts,3.3711704693315347,2.5948330197521683,0.7222222222222222
challenger_umidas_retail_yoy_log_l2,H1,conservative,HISTORICAL_POST_DEVELOPMENT_TEST,univariate_umidas,retail_yoy_log,retail_trade,2,4,1.0811062454468972,0.9229104158743704,0.9229104158743704,0.8485366388036888,0.8485366388036888,1.785508642650437,0.799938051857473,0.6256251475500503,0.25,0.795002893881663,1.0,,not calculated: fewer than 8 matched forecasts,1.3514874594808257,1.4751811360021092,0.0
challenger_umidas_retail_yoy_log_l2,H1,standard,DEVELOPMENT_PSEUDO_OOS,univariate_umidas,retail_yoy_log,retail_trade,2,5,0.4057302805441759,0.33523665575515177,-0.024352337128829938,-0.08329220232987833,0.2468172934923567,0.6735886186010474,0.45773869408471507,0.4147394443900986,0.8,-0.03469283006998387,0.4,,not calculated: fewer than 8 matched forecasts,0.8863796873355133,0.8083066616635395,0.7222222222222222
challenger_umidas_retail_yoy_log_l2,H1,standard,HISTORICAL_POST_DEVELOPMENT_TEST,univariate_umidas,retail_yoy_log,retail_trade,2,4,0.9801817267624691,0.9187484693742092,0.9187484693742092,0.7427682748807851,0.7427682748807851,1.5087022756379955,0.851830629865615,0.7137680464798368,0.25,0.6512650526816276,1.0,,not calculated: fewer than 8 matched forecasts,1.1506767805674032,1.2871807219520337,0.0
challenger_umidas_retail_yoy_log_l2,H2,conservative,DEVELOPMENT_PSEUDO_OOS,univariate_umidas,retail_yoy_log,retail_trade,2,5,0.4057302805441759,0.33523665575515177,-0.024352337128829938,-0.08329220232987833,0.2468172934923567,0.6735886186010474,0.45773869408471507,0.4147394443900986,0.8,-0.03469283006998387,0.4,,not calculated: fewer than 8 matched forecasts,0.8863796873355133,0.8083066616635395,0.7222222222222222
challenger_umidas_retail_yoy_log_l2,H2,conservative,HISTORICAL_POST_DEVELOPMENT_TEST,univariate_umidas,retail_yoy_log,retail_trade,2,4,0.9801817267624691,0.9187484693742092,0.9187484693742092,0.7427682748807851,0.7427682748807851,1.5087022756379955,0.851830629865615,0.7137680464798368,0.25,0.6512650526816276,1.0,,not calculated: fewer than 8 matched forecasts,1.1506767805674032,1.2871807219520337,0.0
challenger_umidas_retail_yoy_log_l2,H2,standard,DEVELOPMENT_PSEUDO_OOS,univariate_umidas,retail_yoy_log,retail_trade,2,5,0.7402219215276793,0.6294746084346532,-0.21179603619369763,-0.05382698587307555,0.7067533261089922,1.1329800856483931,0.5113466351414381,0.4655873119233128,0.4,-0.4240871524295941,0.4,,not calculated: fewer than 8 matched forecasts,1.4475932188796636,1.3520012086118325,0.7222222222222222
challenger_umidas_retail_yoy_log_l2,H2,standard,HISTORICAL_POST_DEVELOPMENT_TEST,univariate_umidas,retail_yoy_log,retail_trade,2,4,1.0138903733540416,0.8949520225097292,0.7977061792328399,0.9227104838593854,0.9227104838593854,1.5398954357663674,0.8662872552429961,0.6668517621268637,0.25,-0.29086025882389965,0.75,,not calculated: fewer than 8 matched forecasts,1.1703858820705406,1.342055421215894,0.0
challenger_umidas_retail_yoy_log_l2,H3,conservative,DEVELOPMENT_PSEUDO_OOS,univariate_umidas,retail_yoy_log,retail_trade,2,5,0.7402219215276793,0.6294746084346532,-0.21179603619369763,-0.05382698587307555,0.7067533261089922,1.1329800856483931,0.5113466351414381,0.4655873119233128,0.4,-0.4240871524295941,0.4,,not calculated: fewer than 8 matched forecasts,1.4475932188796636,1.3520012086118325,0.7222222222222222
challenger_umidas_retail_yoy_log_l2,H3,conservative,HISTORICAL_POST_DEVELOPMENT_TEST,univariate_umidas,retail_yoy_log,retail_trade,2,4,1.0138903733540416,0.8949520225097292,0.7977061792328399,0.9227104838593854,0.9227104838593854,1.5398954357663674,0.8662872552429961,0.6668517621268637,0.25,-0.29086025882389965,0.75,,not calculated: fewer than 8 matched forecasts,1.1703858820705406,1.342055421215894,0.0
challenger_umidas_retail_yoy_log_l2,H3,standard,DEVELOPMENT_PSEUDO_OOS,univariate_umidas,retail_yoy_log,retail_trade,2,6,1.5725341592015956,1.2583736381187978,-0.9176461871555553,-1.0120943392474575,1.0120943392474575,3.2645400962546187,0.31172919940339583,0.2775803015524958,0.0,-0.7372273782339206,0.3333333333333333,,not calculated: fewer than 8 matched forecasts,5.044552009279838,4.53336793382226,0.6666666666666666
challenger_umidas_retail_yoy_log_l2,H3,standard,HISTORICAL_POST_DEVELOPMENT_TEST,univariate_umidas,retail_yoy_log,retail_trade,2,4,0.9920290590638066,0.9012452797981256,0.7517413256446461,0.9176721852867891,0.9176721852867891,1.4706288403119654,0.5297814262018278,0.3705560639322456,0.0,-0.15496462344349426,0.75,,not calculated: fewer than 8 matched forecasts,1.8725251773660312,2.4321428456313536,0.0
challenger_umidas_retail_yoy_log_l3,H1,conservative,DEVELOPMENT_PSEUDO_OOS,univariate_umidas,retail_yoy_log,retail_trade,3,4,0.3552229989843276,0.24702431804861535,0.09145046908281729,-0.056949591009954226,0.13871424326360904,0.6769495742628653,0.4909559589982895,0.46001216021601987,1.0,-0.7489960396810785,0.25,,not calculated: fewer than 8 matched forecasts,0.7235333281402644,0.5369951914588817,0.7777777777777778
challenger_umidas_retail_yoy_log_l3,H1,conservative,HISTORICAL_POST_DEVELOPMENT_TEST,univariate_umidas,retail_yoy_log,retail_trade,3,4,0.8337467670337249,0.7524828130887631,0.7524828130887631,0.7023725610041827,0.7023725610041827,1.2946367783072414,0.799938051857473,0.6256251475500503,0.5,0.8599606080252418,1.0,,not calculated: fewer than 8 matched forecasts,1.0422641667035932,1.2027694475445685,0.0
challenger_umidas_retail_yoy_log_l3,H1,standard,DEVELOPMENT_PSEUDO_OOS,univariate_umidas,retail_yoy_log,retail_trade,3,5,1.6688183850011327,1.1723998599756562,-0.9015673359002978,-0.6383022671091769,0.6770813101883961,3.526563581038399,0.45773869408471507,0.4147394443900986,0.2,-0.9325608449891422,0.2,,not calculated: fewer than 8 matched forecasts,3.6457883210814583,2.8268347171553616,0.7222222222222222
challenger_umidas_retail_yoy_log_l3,H1,standard,HISTORICAL_POST_DEVELOPMENT_TEST,univariate_umidas,retail_yoy_log,retail_trade,3,4,1.09260407216716,0.9757173969208901,0.9757173969208901,0.8370332692052078,0.8370332692052078,1.775496353780495,0.851830629865615,0.7137680464798368,0.0,0.9408697245497079,1.0,,not calculated: fewer than 8 matched forecasts,1.2826541261371753,1.3669950647593931,0.0
challenger_umidas_retail_yoy_log_l3,H2,conservative,DEVELOPMENT_PSEUDO_OOS,univariate_umidas,retail_yoy_log,retail_trade,3,5,1.6688183850011327,1.1723998599756562,-0.9015673359002978,-0.6383022671091769,0.6770813101883961,3.526563581038399,0.45773869408471507,0.4147394443900986,0.2,-0.9325608449891422,0.2,,not calculated: fewer than 8 matched forecasts,3.6457883210814583,2.8268347171553616,0.7222222222222222
challenger_umidas_retail_yoy_log_l3,H2,conservative,HISTORICAL_POST_DEVELOPMENT_TEST,univariate_umidas,retail_yoy_log,retail_trade,3,4,1.09260407216716,0.9757173969208901,0.9757173969208901,0.8370332692052078,0.8370332692052078,1.775496353780495,0.851830629865615,0.7137680464798368,0.0,0.9408697245497079,1.0,,not calculated: fewer than 8 matched forecasts,1.2826541261371753,1.3669950647593931,0.0
challenger_umidas_retail_yoy_log_l3,H2,standard,DEVELOPMENT_PSEUDO_OOS,univariate_umidas,retail_yoy_log,retail_trade,3,5,1.4036615549677522,1.2374933114380293,-0.9065889064351511,-1.3986299661807653,1.3986299661807653,2.252520013252518,0.5113466351414381,0.4655873119233128,0.2,-0.63528666410008,0.2,,not calculated: fewer than 8 matched forecasts,2.7450294154756696,2.657918890285089,0.7222222222222222
challenger_umidas_retail_yoy_log_l3,H2,standard,HISTORICAL_POST_DEVELOPMENT_TEST,univariate_umidas,retail_yoy_log,retail_trade,3,4,1.0569644869583799,0.957995681278214,0.7952415228322212,0.9630278894684032,0.9630278894684032,1.5804186292840638,0.8662872552429961,0.6668517621268637,0.25,-0.4301000501725276,0.75,,not calculated: fewer than 8 matched forecasts,1.2201085500927729,1.436594661192426,0.0
challenger_umidas_retail_yoy_log_l3,H3,conservative,DEVELOPMENT_PSEUDO_OOS,univariate_umidas,retail_yoy_log,retail_trade,3,5,1.4036615549677522,1.2374933114380293,-0.9065889064351511,-1.3986299661807653,1.3986299661807653,2.252520013252518,0.5113466351414381,0.4655873119233128,0.2,-0.63528666410008,0.2,,not calculated: fewer than 8 matched forecasts,2.7450294154756696,2.657918890285089,0.7222222222222222
challenger_umidas_retail_yoy_log_l3,H3,conservative,HISTORICAL_POST_DEVELOPMENT_TEST,univariate_umidas,retail_yoy_log,retail_trade,3,4,1.0569644869583799,0.957995681278214,0.7952415228322212,0.9630278894684032,0.9630278894684032,1.5804186292840638,0.8662872552429961,0.6668517621268637,0.25,-0.4301000501725276,0.75,,not calculated: fewer than 8 matched forecasts,1.2201085500927729,1.436594661192426,0.0
challenger_umidas_retail_yoy_log_l3,H3,standard,DEVELOPMENT_PSEUDO_OOS,univariate_umidas,retail_yoy_log,retail_trade,3,5,0.9503075981634772,0.9005018554519806,-0.3956145529307603,-0.7534202425016527,0.7534202425016527,1.403566081581463,0.29675915694592536,0.25753960798676995,0.0,-0.6355447681683805,0.4,,not calculated: fewer than 8 matched forecasts,3.2022856782028115,3.49655675292571,0.7222222222222222
challenger_umidas_retail_yoy_log_l3,H3,standard,HISTORICAL_POST_DEVELOPMENT_TEST,univariate_umidas,retail_yoy_log,retail_trade,3,4,1.2160700951651138,1.0529526194292917,0.9500584903225948,1.1151530757673092,1.1151530757673092,1.7757160679691548,0.5297814262018278,0.3705560639322456,0.0,-0.009041564861889102,0.75,,not calculated: fewer than 8 matched forecasts,2.2954185160538914,2.841547398403441,0.0
challenger_umidas_rub_uzs_mom_dlog_l1,H1,conservative,DEVELOPMENT_PSEUDO_OOS,univariate_umidas,rub_uzs_mom_dlog,rub_uzs,1,17,1.7646577074364658,0.9916455760649096,0.5995214280338362,0.2567537688549466,0.38859129740451515,5.340084872341648,0.8753822084899305,0.6973557485228659,0.5882352941176471,0.8274952218534842,0.6470588235294118,-1.3867313864500568,exploratory only; positive favors challenger; small/overlapping sample,2.0158711135797143,1.4220081761215941,0.05555555555555555
challenger_umidas_rub_uzs_mom_dlog_l1,H1,conservative,HISTORICAL_POST_DEVELOPMENT_TEST,univariate_umidas,rub_uzs_mom_dlog,rub_uzs,1,4,0.7995074038215927,0.7704341241633412,0.7704341241633412,0.6870371379967981,0.6870371379967981,1.1252277751731654,0.799938051857473,0.6256251475500503,0.25,0.7966338137363144,1.0,,not calculated: fewer than 8 matched forecasts,0.9994616482677873,1.231462845092406,0.0
challenger_umidas_rub_uzs_mom_dlog_l1,H1,standard,DEVELOPMENT_PSEUDO_OOS,univariate_umidas,rub_uzs_mom_dlog,rub_uzs,1,17,1.3406751624771625,0.839611975210677,0.3498950821116003,0.3546491940945238,0.49078153609904085,3.6086935775810574,0.8498954496075838,0.5652095304771751,0.35294117647058826,0.8739296687883662,0.8823529411764706,-1.7755627283768758,exploratory only; positive favors challenger; small/overlapping sample,1.5774589252080158,1.4854880003559725,0.05555555555555555
challenger_umidas_rub_uzs_mom_dlog_l1,H1,standard,HISTORICAL_POST_DEVELOPMENT_TEST,univariate_umidas,rub_uzs_mom_dlog,rub_uzs,1,4,0.8501792547659286,0.7591734743774681,0.7591734743774681,0.593561179165353,0.593561179165353,1.401358530543794,0.851830629865615,0.7137680464798368,0.5,0.7756850567886913,1.0,,not calculated: fewer than 8 matched forecasts,0.998061380934439,1.0636137021285301,0.0
challenger_umidas_rub_uzs_mom_dlog_l1,H2,conservative,DEVELOPMENT_PSEUDO_OOS,univariate_umidas,rub_uzs_mom_dlog,rub_uzs,1,17,1.3406751624771625,0.839611975210677,0.3498950821116003,0.3546491940945238,0.49078153609904085,3.6086935775810574,0.8498954496075838,0.5652095304771751,0.35294117647058826,0.8739296687883662,0.8823529411764706,-1.7755627283768758,exploratory only; positive favors challenger; small/overlapping sample,1.5774589252080158,1.4854880003559725,0.05555555555555555
challenger_umidas_rub_uzs_mom_dlog_l1,H2,conservative,HISTORICAL_POST_DEVELOPMENT_TEST,univariate_umidas,rub_uzs_mom_dlog,rub_uzs,1,4,0.8501792547659286,0.7591734743774681,0.7591734743774681,0.593561179165353,0.593561179165353,1.401358530543794,0.851830629865615,0.7137680464798368,0.5,0.7756850567886913,1.0,,not calculated: fewer than 8 matched forecasts,0.998061380934439,1.0636137021285301,0.0
challenger_umidas_rub_uzs_mom_dlog_l1,H2,standard,DEVELOPMENT_PSEUDO_OOS,univariate_umidas,rub_uzs_mom_dlog,rub_uzs,1,17,1.4467389776339095,0.9440595317677963,0.22077881280199013,0.36338833456371944,0.47222687767559535,3.6902427740036154,0.8299463018090937,0.6245142484312887,0.47058823529411764,0.4104917550462202,0.8235294117647058,-1.7190531633197468,exploratory only; positive favors challenger; small/overlapping sample,1.7431717865123906,1.5116701246435456,0.05555555555555555
challenger_umidas_rub_uzs_mom_dlog_l1,H2,standard,HISTORICAL_POST_DEVELOPMENT_TEST,univariate_umidas,rub_uzs_mom_dlog,rub_uzs,1,4,0.8356469921347477,0.7312413198285646,0.7312413198285646,0.6075517084433288,0.6075517084433288,1.38584992351588,0.8662872552429961,0.6668517621268637,0.5,0.8364523018265629,1.0,,not calculated: fewer than 8 matched forecasts,0.9646303660560563,1.096557528012427,0.0
challenger_umidas_rub_uzs_mom_dlog_l1,H3,conservative,DEVELOPMENT_PSEUDO_OOS,univariate_umidas,rub_uzs_mom_dlog,rub_uzs,1,17,1.4467389776339095,0.9440595317677963,0.22077881280199013,0.36338833456371944,0.47222687767559535,3.6902427740036154,0.8299463018090937,0.6245142484312887,0.47058823529411764,0.4104917550462202,0.8235294117647058,-1.7190531633197468,exploratory only; positive favors challenger; small/overlapping sample,1.7431717865123906,1.5116701246435456,0.05555555555555555
challenger_umidas_rub_uzs_mom_dlog_l1,H3,conservative,HISTORICAL_POST_DEVELOPMENT_TEST,univariate_umidas,rub_uzs_mom_dlog,rub_uzs,1,4,0.8356469921347477,0.7312413198285646,0.7312413198285646,0.6075517084433288,0.6075517084433288,1.38584992351588,0.8662872552429961,0.6668517621268637,0.5,0.8364523018265629,1.0,,not calculated: fewer than 8 matched forecasts,0.9646303660560563,1.096557528012427,0.0
challenger_umidas_rub_uzs_mom_dlog_l1,H3,standard,DEVELOPMENT_PSEUDO_OOS,univariate_umidas,rub_uzs_mom_dlog,rub_uzs,1,17,1.1649342026030707,0.7729615264420351,0.3275615265405669,0.2251433792393982,0.49483087711014484,3.671925564418446,0.6784344208279974,0.5221098705669958,0.35294117647058826,0.6360223285749469,0.6470588235294118,-1.448805042158275,exploratory only; positive favors challenger; small/overlapping sample,1.7170918320761541,1.4804576010076613,0.05555555555555555
challenger_umidas_rub_uzs_mom_dlog_l1,H3,standard,HISTORICAL_POST_DEVELOPMENT_TEST,univariate_umidas,rub_uzs_mom_dlog,rub_uzs,1,4,0.8815681384231756,0.6898902066243393,0.6898902066243393,0.5359691073446666,0.5359691073446666,1.5082428249445048,0.5297814262018278,0.3705560639322456,0.0,0.9987081931937006,1.0,,not calculated: fewer than 8 matched forecasts,1.6640223586987923,1.8617701173296206,0.0
challenger_umidas_rub_uzs_mom_dlog_l2,H1,conservative,DEVELOPMENT_PSEUDO_OOS,univariate_umidas,rub_uzs_mom_dlog,rub_uzs,2,17,2.0010000177329235,1.201250317723178,0.5468760940980008,0.27047637104683364,0.4168128033143699,5.807020502375637,0.8753822084899305,0.6973557485228659,0.5294117647058824,0.6968971356621291,0.6470588235294118,-1.5975927498457498,exploratory only; positive favors challenger; small/overlapping sample,2.285858677873667,1.7225789279971637,0.05555555555555555
challenger_umidas_rub_uzs_mom_dlog_l2,H1,conservative,HISTORICAL_POST_DEVELOPMENT_TEST,univariate_umidas,rub_uzs_mom_dlog,rub_uzs,2,4,0.8026750728558079,0.7749463810112183,0.7749463810112183,0.6889310732617302,0.6889310732617302,1.1232742574400767,0.799938051857473,0.6256251475500503,0.25,0.788460978421378,1.0,,not calculated: fewer than 8 matched forecasts,1.0034215411955707,1.2386752419494491,0.0
challenger_umidas_rub_uzs_mom_dlog_l2,H1,standard,DEVELOPMENT_PSEUDO_OOS,univariate_umidas,rub_uzs_mom_dlog,rub_uzs,2,17,2.1902577190410204,1.2244578013644805,0.6692696817613576,0.1611627821299777,0.3851177510336363,7.061278672128733,0.8498954496075838,0.5652095304771751,0.35294117647058826,0.718651543921383,0.5882352941176471,-1.391229153025632,exploratory only; positive favors challenger; small/overlapping sample,2.5770907704616053,2.1663785469624663,0.05555555555555555
challenger_umidas_rub_uzs_mom_dlog_l2,H1,standard,HISTORICAL_POST_DEVELOPMENT_TEST,univariate_umidas,rub_uzs_mom_dlog,rub_uzs,2,4,0.7912634260641099,0.7641652599832753,0.7641652599832753,0.7008824330821075,0.7008824330821075,1.0925758964975918,0.851830629865615,0.7137680464798368,0.5,0.4023253182276743,1.0,,not calculated: fewer than 8 matched forecasts,0.9288975980928742,1.070607270459903,0.0
challenger_umidas_rub_uzs_mom_dlog_l2,H2,conservative,DEVELOPMENT_PSEUDO_OOS,univariate_umidas,rub_uzs_mom_dlog,rub_uzs,2,17,2.1902577190410204,1.2244578013644805,0.6692696817613576,0.1611627821299777,0.3851177510336363,7.061278672128733,0.8498954496075838,0.5652095304771751,0.35294117647058826,0.718651543921383,0.5882352941176471,-1.391229153025632,exploratory only; positive favors challenger; small/overlapping sample,2.5770907704616053,2.1663785469624663,0.05555555555555555
challenger_umidas_rub_uzs_mom_dlog_l2,H2,conservative,HISTORICAL_POST_DEVELOPMENT_TEST,univariate_umidas,rub_uzs_mom_dlog,rub_uzs,2,4,0.7912634260641099,0.7641652599832753,0.7641652599832753,0.7008824330821075,0.7008824330821075,1.0925758964975918,0.851830629865615,0.7137680464798368,0.5,0.4023253182276743,1.0,,not calculated: fewer than 8 matched forecasts,0.9288975980928742,1.070607270459903,0.0
challenger_umidas_rub_uzs_mom_dlog_l2,H2,standard,DEVELOPMENT_PSEUDO_OOS,univariate_umidas,rub_uzs_mom_dlog,rub_uzs,2,17,1.320396287168203,0.8454574773675967,0.02395725702109499,0.2630589531845118,0.4636253129683201,3.9814032430248254,0.8299463018090937,0.6245142484312887,0.4117647058823529,0.8294643081649777,0.5882352941176471,-1.459582531886741,exploratory only; positive favors challenger; small/overlapping sample,1.5909418287545112,1.3537841282105143,0.05555555555555555
challenger_umidas_rub_uzs_mom_dlog_l2,H2,standard,HISTORICAL_POST_DEVELOPMENT_TEST,univariate_umidas,rub_uzs_mom_dlog,rub_uzs,2,4,0.8461699699152053,0.7704328039881352,0.7704328039881352,0.7413115341626453,0.7413115341626453,1.2550856969773498,0.8662872552429961,0.6668517621268637,0.25,0.7885001387118901,1.0,,not calculated: fewer than 8 matched forecasts,0.9767775813322478,1.15532843690914,0.0
challenger_umidas_rub_uzs_mom_dlog_l2,H3,conservative,DEVELOPMENT_PSEUDO_OOS,univariate_umidas,rub_uzs_mom_dlog,rub_uzs,2,17,1.320396287168203,0.8454574773675967,0.02395725702109499,0.2630589531845118,0.4636253129683201,3.9814032430248254,0.8299463018090937,0.6245142484312887,0.4117647058823529,0.8294643081649777,0.5882352941176471,-1.459582531886741,exploratory only; positive favors challenger; small/overlapping sample,1.5909418287545112,1.3537841282105143,0.05555555555555555
challenger_umidas_rub_uzs_mom_dlog_l2,H3,conservative,HISTORICAL_POST_DEVELOPMENT_TEST,univariate_umidas,rub_uzs_mom_dlog,rub_uzs,2,4,0.8461699699152053,0.7704328039881352,0.7704328039881352,0.7413115341626453,0.7413115341626453,1.2550856969773498,0.8662872552429961,0.6668517621268637,0.25,0.7885001387118901,1.0,,not calculated: fewer than 8 matched forecasts,0.9767775813322478,1.15532843690914,0.0
challenger_umidas_rub_uzs_mom_dlog_l2,H3,standard,DEVELOPMENT_PSEUDO_OOS,univariate_umidas,rub_uzs_mom_dlog,rub_uzs,2,17,1.4244607158612672,0.9065048872757046,0.18140501792582409,0.14244017521828134,0.3758598004807219,3.6997549273125268,0.6784344208279974,0.5221098705669958,0.4117647058823529,0.40061267994108807,0.8235294117647058,-2.052254730689672,exploratory only; positive favors challenger; small/overlapping sample,2.0996291935229046,1.7362339583644861,0.05555555555555555
challenger_umidas_rub_uzs_mom_dlog_l2,H3,standard,HISTORICAL_POST_DEVELOPMENT_TEST,univariate_umidas,rub_uzs_mom_dlog,rub_uzs,2,4,0.9140460155304215,0.6917279298695693,0.6917279298695693,0.5204269532724064,0.5204269532724064,1.6254978588262485,0.5297814262018278,0.3705560639322456,0.25,0.990892529541538,1.0,,not calculated: fewer than 8 matched forecasts,1.7253266542081502,1.866729483601295,0.0
challenger_umidas_rub_uzs_mom_dlog_l3,H1,conservative,DEVELOPMENT_PSEUDO_OOS,univariate_umidas,rub_uzs_mom_dlog,rub_uzs,3,17,1.8307175122437378,1.314532342054691,0.47622531269928947,0.26274843324032027,0.7467272496214079,4.463276911913299,0.8753822084899305,0.6973557485228659,0.23529411764705882,0.8723911774247409,0.5882352941176471,-2.073515711607025,exploratory only; positive favors challenger; small/overlapping sample,2.091335069971092,1.885024028036084,0.05555555555555555
challenger_umidas_rub_uzs_mom_dlog_l3,H1,conservative,HISTORICAL_POST_DEVELOPMENT_TEST,univariate_umidas,rub_uzs_mom_dlog,rub_uzs,3,4,0.8964809813973765,0.8627226001755064,0.8627226001755064,0.8488544569589438,0.8488544569589438,1.1957804832641958,0.799938051857473,0.6256251475500503,0.25,0.7907731048918579,1.0,,not calculated: fewer than 8 matched forecasts,1.1206880074222358,1.3789768578739687,0.0
challenger_umidas_rub_uzs_mom_dlog_l3,H1,standard,DEVELOPMENT_PSEUDO_OOS,univariate_umidas,rub_uzs_mom_dlog,rub_uzs,3,17,2.5591400101079227,1.4356241484825663,0.6821224493354796,0.19453322743207657,0.37430720733328116,8.312874475685845,0.8498954496075838,0.5652095304771751,0.35294117647058826,0.6376997376268124,0.7058823529411765,-1.4388478694780615,exploratory only; positive favors challenger; small/overlapping sample,3.011123322626961,2.5399857416957357,0.05555555555555555
challenger_umidas_rub_uzs_mom_dlog_l3,H1,standard,HISTORICAL_POST_DEVELOPMENT_TEST,univariate_umidas,rub_uzs_mom_dlog,rub_uzs,3,4,0.7927902024100746,0.7698503099601355,0.7698503099601355,0.7031083783711556,0.7031083783711556,1.0771590238572264,0.851830629865615,0.7137680464798368,0.5,0.39282526038617016,1.0,,not calculated: fewer than 8 matched forecasts,0.9306899454122064,1.0785721128269685,0.0
challenger_umidas_rub_uzs_mom_dlog_l3,H2,conservative,DEVELOPMENT_PSEUDO_OOS,univariate_umidas,rub_uzs_mom_dlog,rub_uzs,3,17,2.5591400101079227,1.4356241484825663,0.6821224493354796,0.19453322743207657,0.37430720733328116,8.312874475685845,0.8498954496075838,0.5652095304771751,0.35294117647058826,0.6376997376268124,0.7058823529411765,-1.4388478694780615,exploratory only; positive favors challenger; small/overlapping sample,3.011123322626961,2.5399857416957357,0.05555555555555555
challenger_umidas_rub_uzs_mom_dlog_l3,H2,conservative,HISTORICAL_POST_DEVELOPMENT_TEST,univariate_umidas,rub_uzs_mom_dlog,rub_uzs,3,4,0.7927902024100746,0.7698503099601355,0.7698503099601355,0.7031083783711556,0.7031083783711556,1.0771590238572264,0.851830629865615,0.7137680464798368,0.5,0.39282526038617016,1.0,,not calculated: fewer than 8 matched forecasts,0.9306899454122064,1.0785721128269685,0.0
challenger_umidas_rub_uzs_mom_dlog_l3,H2,standard,DEVELOPMENT_PSEUDO_OOS,univariate_umidas,rub_uzs_mom_dlog,rub_uzs,3,17,1.9493817369013247,1.2722214934172704,0.1904041846682183,-0.005359447457260025,0.6768977993157694,5.197365535052464,0.8299463018090937,0.6245142484312887,0.4117647058823529,0.798170179645854,0.47058823529411764,-1.896394193227239,exploratory only; positive favors challenger; small/overlapping sample,2.3488046547735886,2.037137657968495,0.05555555555555555
challenger_umidas_rub_uzs_mom_dlog_l3,H2,standard,HISTORICAL_POST_DEVELOPMENT_TEST,univariate_umidas,rub_uzs_mom_dlog,rub_uzs,3,4,0.8131579033876052,0.7838749345974494,0.7838749345974494,0.8698877587315152,0.8698877587315152,0.9628415040536558,0.8662872552429961,0.6668517621268637,0.25,0.4035809692037699,1.0,,not calculated: fewer than 8 matched forecasts,0.9386700525329926,1.175486036202935,0.0
challenger_umidas_rub_uzs_mom_dlog_l3,H3,conservative,DEVELOPMENT_PSEUDO_OOS,univariate_umidas,rub_uzs_mom_dlog,rub_uzs,3,17,1.9493817369013247,1.2722214934172704,0.1904041846682183,-0.005359447457260025,0.6768977993157694,5.197365535052464,0.8299463018090937,0.6245142484312887,0.4117647058823529,0.798170179645854,0.47058823529411764,-1.896394193227239,exploratory only; positive favors challenger; small/overlapping sample,2.3488046547735886,2.037137657968495,0.05555555555555555
challenger_umidas_rub_uzs_mom_dlog_l3,H3,conservative,HISTORICAL_POST_DEVELOPMENT_TEST,univariate_umidas,rub_uzs_mom_dlog,rub_uzs,3,4,0.8131579033876052,0.7838749345974494,0.7838749345974494,0.8698877587315152,0.8698877587315152,0.9628415040536558,0.8662872552429961,0.6668517621268637,0.25,0.4035809692037699,1.0,,not calculated: fewer than 8 matched forecasts,0.9386700525329926,1.175486036202935,0.0
challenger_umidas_rub_uzs_mom_dlog_l3,H3,standard,DEVELOPMENT_PSEUDO_OOS,univariate_umidas,rub_uzs_mom_dlog,rub_uzs,3,17,1.8223669362487398,1.131440291100873,-0.07397857008888803,0.2062356456521508,0.6425836393578841,6.06654232101058,0.6784344208279974,0.5221098705669958,0.29411764705882354,0.7070731358220292,0.5882352941176471,-1.410557552367386,exploratory only; positive favors challenger; small/overlapping sample,2.686135727053215,2.167054014650523,0.05555555555555555
challenger_umidas_rub_uzs_mom_dlog_l3,H3,standard,HISTORICAL_POST_DEVELOPMENT_TEST,univariate_umidas,rub_uzs_mom_dlog,rub_uzs,3,4,0.919712703486163,0.7316666930792222,0.7316666930792222,0.6430201369892132,0.6430201369892132,1.499163314534269,0.5297814262018278,0.3705560639322456,0.25,0.9844199704280538,1.0,,not calculated: fewer than 8 matched forecasts,1.736022929455789,1.9745101060146297,0.0
challenger_umidas_usd_uzs_mom_dlog_l1,H1,conservative,DEVELOPMENT_PSEUDO_OOS,univariate_umidas,usd_uzs_mom_dlog,usd_uzs,1,17,1.2575444224373928,0.8002287445610236,0.3729041402609046,0.3256130969873645,0.4824780273785727,3.875856736042418,0.8753822084899305,0.6973557485228659,0.7058823529411765,0.7536338409245569,0.8235294117647058,-1.2450882347157233,exploratory only; positive favors challenger; small/overlapping sample,1.4365661196230015,1.1475186750178263,0.05555555555555555
challenger_umidas_usd_uzs_mom_dlog_l1,H1,conservative,HISTORICAL_POST_DEVELOPMENT_TEST,univariate_umidas,usd_uzs_mom_dlog,usd_uzs,1,4,0.7665966204764632,0.6061166988288758,0.6061166988288758,0.39219546393957705,0.39219546393957705,1.3968924643928498,0.799938051857473,0.6256251475500503,0.5,0.9911744856970506,1.0,,not calculated: fewer than 8 matched forecasts,0.9583199832742169,0.9688176717359114,0.0
challenger_umidas_usd_uzs_mom_dlog_l1,H1,standard,DEVELOPMENT_PSEUDO_OOS,univariate_umidas,usd_uzs_mom_dlog,usd_uzs,1,17,1.1520323449544092,0.7261358042932167,0.23791514405795033,0.30088560031207123,0.39656400280217685,3.166076165706346,0.8498954496075838,0.5652095304771751,0.4117647058823529,0.8772697527880257,0.6470588235294118,-1.5794931227435032,exploratory only; positive favors challenger; small/overlapping sample,1.3554988975247826,1.2847196749852756,0.05555555555555555
challenger_umidas_usd_uzs_mom_dlog_l1,H1,standard,HISTORICAL_POST_DEVELOPMENT_TEST,univariate_umidas,usd_uzs_mom_dlog,usd_uzs,1,4,0.9309177354532212,0.7199224942901112,0.11649029598114935,0.10213022237285907,0.705562420681821,1.4291699866461212,0.851830629865615,0.7137680464798368,0.75,0.9038866472398336,0.5,,not calculated: fewer than 8 matched forecasts,1.0928436978135936,1.0086224759438684,0.0
challenger_umidas_usd_uzs_mom_dlog_l1,H2,conservative,DEVELOPMENT_PSEUDO_OOS,univariate_umidas,usd_uzs_mom_dlog,usd_uzs,1,17,1.1520323449544092,0.7261358042932167,0.23791514405795033,0.30088560031207123,0.39656400280217685,3.166076165706346,0.8498954496075838,0.5652095304771751,0.4117647058823529,0.8772697527880257,0.6470588235294118,-1.5794931227435032,exploratory only; positive favors challenger; small/overlapping sample,1.3554988975247826,1.2847196749852756,0.05555555555555555
challenger_umidas_usd_uzs_mom_dlog_l1,H2,conservative,HISTORICAL_POST_DEVELOPMENT_TEST,univariate_umidas,usd_uzs_mom_dlog,usd_uzs,1,4,0.9309177354532212,0.7199224942901112,0.11649029598114935,0.10213022237285907,0.705562420681821,1.4291699866461212,0.851830629865615,0.7137680464798368,0.75,0.9038866472398336,0.5,,not calculated: fewer than 8 matched forecasts,1.0928436978135936,1.0086224759438684,0.0
challenger_umidas_usd_uzs_mom_dlog_l1,H2,standard,DEVELOPMENT_PSEUDO_OOS,univariate_umidas,usd_uzs_mom_dlog,usd_uzs,1,17,1.2278848135727851,0.7762160515206352,0.3116159410237747,0.2739632672215109,0.45869410407515065,3.635756734060373,0.8299463018090937,0.6245142484312887,0.5294117647058824,0.7702859075542847,0.8235294117647058,-1.3991531215819024,exploratory only; positive favors challenger; small/overlapping sample,1.479475010487156,1.2429116765076296,0.05555555555555555
challenger_umidas_usd_uzs_mom_dlog_l1,H2,standard,HISTORICAL_POST_DEVELOPMENT_TEST,univariate_umidas,usd_uzs_mom_dlog,usd_uzs,1,4,0.8196687513710719,0.6309320969501446,0.6309320969501446,0.4105705078003381,0.4105705078003381,1.5106608531718813,0.8662872552429961,0.6668517621268637,0.5,0.8980941834913474,1.0,,not calculated: fewer than 8 matched forecasts,0.9461858597251929,0.9461354573583842,0.0
challenger_umidas_usd_uzs_mom_dlog_l1,H3,conservative,DEVELOPMENT_PSEUDO_OOS,univariate_umidas,usd_uzs_mom_dlog,usd_uzs,1,17,1.2278848135727851,0.7762160515206352,0.3116159410237747,0.2739632672215109,0.45869410407515065,3.635756734060373,0.8299463018090937,0.6245142484312887,0.5294117647058824,0.7702859075542847,0.8235294117647058,-1.3991531215819024,exploratory only; positive favors challenger; small/overlapping sample,1.479475010487156,1.2429116765076296,0.05555555555555555
challenger_umidas_usd_uzs_mom_dlog_l1,H3,conservative,HISTORICAL_POST_DEVELOPMENT_TEST,univariate_umidas,usd_uzs_mom_dlog,usd_uzs,1,4,0.8196687513710719,0.6309320969501446,0.6309320969501446,0.4105705078003381,0.4105705078003381,1.5106608531718813,0.8662872552429961,0.6668517621268637,0.5,0.8980941834913474,1.0,,not calculated: fewer than 8 matched forecasts,0.9461858597251929,0.9461354573583842,0.0
challenger_umidas_usd_uzs_mom_dlog_l1,H3,standard,DEVELOPMENT_PSEUDO_OOS,univariate_umidas,usd_uzs_mom_dlog,usd_uzs,1,17,1.193318409237365,0.7232788626396518,0.2780075349315443,0.2279835608938594,0.2598358298064145,3.665229764555158,0.6784344208279974,0.5221098705669958,0.47058823529411764,0.6596474943825941,0.7647058823529411,-1.5142276737226132,exploratory only; positive favors challenger; small/overlapping sample,1.7589296365313773,1.3853001128942315,0.05555555555555555
challenger_umidas_usd_uzs_mom_dlog_l1,H3,standard,HISTORICAL_POST_DEVELOPMENT_TEST,univariate_umidas,usd_uzs_mom_dlog,usd_uzs,1,4,0.6155918434902955,0.47496259664212803,0.47496259664212803,0.3190106855011883,0.3190106855011883,1.1203938815455512,0.5297814262018278,0.3705560639322456,0.0,0.8018134682694401,1.0,,not calculated: fewer than 8 matched forecasts,1.161973246030292,1.2817563733863837,0.0
challenger_umidas_usd_uzs_mom_dlog_l2,H1,conservative,DEVELOPMENT_PSEUDO_OOS,univariate_umidas,usd_uzs_mom_dlog,usd_uzs,2,17,1.2682966582814061,0.7962238158613583,0.40127643422980486,0.36564250701637135,0.45806246123192373,3.9314633809784585,0.8753822084899305,0.6973557485228659,0.7058823529411765,0.7752086010939094,0.8235294117647058,-1.2397813547868597,exploratory only; positive favors challenger; small/overlapping sample,1.4488490238672647,1.141775654030119,0.05555555555555555
challenger_umidas_usd_uzs_mom_dlog_l2,H1,conservative,HISTORICAL_POST_DEVELOPMENT_TEST,univariate_umidas,usd_uzs_mom_dlog,usd_uzs,2,4,0.8170652306688727,0.620617165651939,0.620617165651939,0.35913428347319254,0.35913428347319254,1.5311085035946732,0.799938051857473,0.6256251475500503,0.5,0.9890380571416036,1.0,,not calculated: fewer than 8 matched forecasts,1.0214106314503104,0.9919952356171703,0.0
challenger_umidas_usd_uzs_mom_dlog_l2,H1,standard,DEVELOPMENT_PSEUDO_OOS,univariate_umidas,usd_uzs_mom_dlog,usd_uzs,2,17,1.2611272205828177,0.8397323410899318,0.23808496830789605,0.33333453694840376,0.4606077938239457,3.480858341824515,0.8498954496075838,0.5652095304771751,0.35294117647058826,0.8203960441368366,0.7058823529411765,-1.7061270760807496,exploratory only; positive favors challenger; small/overlapping sample,1.4838615987002979,1.4857009583348537,0.05555555555555555
challenger_umidas_usd_uzs_mom_dlog_l2,H1,standard,HISTORICAL_POST_DEVELOPMENT_TEST,univariate_umidas,usd_uzs_mom_dlog,usd_uzs,2,4,0.9334918500710848,0.7758721941581079,0.24961992557696355,0.31590823226081,0.8274845843690262,1.419167774948523,0.851830629865615,0.7137680464798368,0.75,0.9558084080226011,0.75,,not calculated: fewer than 8 matched forecasts,1.095865559821854,1.0870088651131926,0.0
challenger_umidas_usd_uzs_mom_dlog_l2,H2,conservative,DEVELOPMENT_PSEUDO_OOS,univariate_umidas,usd_uzs_mom_dlog,usd_uzs,2,17,1.2611272205828177,0.8397323410899318,0.23808496830789605,0.33333453694840376,0.4606077938239457,3.480858341824515,0.8498954496075838,0.5652095304771751,0.35294117647058826,0.8203960441368366,0.7058823529411765,-1.7061270760807496,exploratory only; positive favors challenger; small/overlapping sample,1.4838615987002979,1.4857009583348537,0.05555555555555555
challenger_umidas_usd_uzs_mom_dlog_l2,H2,conservative,HISTORICAL_POST_DEVELOPMENT_TEST,univariate_umidas,usd_uzs_mom_dlog,usd_uzs,2,4,0.9334918500710848,0.7758721941581079,0.24961992557696355,0.31590823226081,0.8274845843690262,1.419167774948523,0.851830629865615,0.7137680464798368,0.75,0.9558084080226011,0.75,,not calculated: fewer than 8 matched forecasts,1.095865559821854,1.0870088651131926,0.0
challenger_umidas_usd_uzs_mom_dlog_l2,H2,standard,DEVELOPMENT_PSEUDO_OOS,univariate_umidas,usd_uzs_mom_dlog,usd_uzs,2,17,1.1549039864551787,0.7365274713545552,0.26901434571514693,0.34062073829876116,0.42769349630730424,3.1644936904569283,0.8299463018090937,0.6245142484312887,0.47058823529411764,0.8553035673186368,0.6470588235294118,-1.4557703870411554,exploratory only; positive favors challenger; small/overlapping sample,1.3915406140587063,1.1793605561516514,0.05555555555555555
challenger_umidas_usd_uzs_mom_dlog_l2,H2,standard,HISTORICAL_POST_DEVELOPMENT_TEST,univariate_umidas,usd_uzs_mom_dlog,usd_uzs,2,4,0.9052802872361422,0.7260397076011968,0.15707909050510116,0.2007848931640881,0.7403438030630767,1.3646678098844198,0.8662872552429961,0.6668517621268637,0.75,0.8829490164555697,0.75,,not calculated: fewer than 8 matched forecasts,1.0450116653074948,1.0887572753584074,0.0
challenger_umidas_usd_uzs_mom_dlog_l2,H3,conservative,DEVELOPMENT_PSEUDO_OOS,univariate_umidas,usd_uzs_mom_dlog,usd_uzs,2,17,1.1549039864551787,0.7365274713545552,0.26901434571514693,0.34062073829876116,0.42769349630730424,3.1644936904569283,0.8299463018090937,0.6245142484312887,0.47058823529411764,0.8553035673186368,0.6470588235294118,-1.4557703870411554,exploratory only; positive favors challenger; small/overlapping sample,1.3915406140587063,1.1793605561516514,0.05555555555555555
challenger_umidas_usd_uzs_mom_dlog_l2,H3,conservative,HISTORICAL_POST_DEVELOPMENT_TEST,univariate_umidas,usd_uzs_mom_dlog,usd_uzs,2,4,0.9052802872361422,0.7260397076011968,0.15707909050510116,0.2007848931640881,0.7403438030630767,1.3646678098844198,0.8662872552429961,0.6668517621268637,0.75,0.8829490164555697,0.75,,not calculated: fewer than 8 matched forecasts,1.0450116653074948,1.0887572753584074,0.0
challenger_umidas_usd_uzs_mom_dlog_l2,H3,standard,DEVELOPMENT_PSEUDO_OOS,univariate_umidas,usd_uzs_mom_dlog,usd_uzs,2,17,1.2891127407880547,0.7772992068502969,0.20826278842784376,0.2542112154878051,0.28047400649135756,3.678854753527218,0.6784344208279974,0.5221098705669958,0.47058823529411764,0.6412998880900215,0.6470588235294118,-1.6227699888539158,exploratory only; positive favors challenger; small/overlapping sample,1.9001287393625357,1.4887655849259718,0.05555555555555555
challenger_umidas_usd_uzs_mom_dlog_l2,H3,standard,HISTORICAL_POST_DEVELOPMENT_TEST,univariate_umidas,usd_uzs_mom_dlog,usd_uzs,2,4,0.610545773359269,0.5043604593387367,0.5043604593387367,0.39513984003240754,0.39513984003240754,1.0418295246006322,0.5297814262018278,0.3705560639322456,0.0,0.7063273467635988,1.0,,not calculated: fewer than 8 matched forecasts,1.1524484309245542,1.3610908265448238,0.0
challenger_umidas_usd_uzs_mom_dlog_l3,H1,conservative,DEVELOPMENT_PSEUDO_OOS,univariate_umidas,usd_uzs_mom_dlog,usd_uzs,3,17,1.26226860947712,0.8090500063726641,0.4529142149875722,0.40305768526351393,0.41480803628393925,3.895289222352572,0.8753822084899305,0.6973557485228659,0.5882352941176471,0.8143958012655502,0.7647058823529411,-1.2605944974264724,exploratory only; positive favors challenger; small/overlapping sample,1.4419628331886984,1.1601682614453073,0.05555555555555555
challenger_umidas_usd_uzs_mom_dlog_l3,H1,conservative,HISTORICAL_POST_DEVELOPMENT_TEST,univariate_umidas,usd_uzs_mom_dlog,usd_uzs,3,4,0.6236200092650025,0.4423423301702323,0.4423423301702323,0.22431058061643228,0.22431058061643228,1.1987358702672646,0.799938051857473,0.6256251475500503,1.0,0.9988125082398008,1.0,,not calculated: fewer than 8 matched forecasts,0.7795853789139593,0.7070405208333552,0.0
challenger_umidas_usd_uzs_mom_dlog_l3,H1,standard,DEVELOPMENT_PSEUDO_OOS,univariate_umidas,usd_uzs_mom_dlog,usd_uzs,3,17,1.4881560647348038,0.9521735762596502,0.08892990696347003,0.29823001358437917,0.43332245435890027,3.7031182182109283,0.8498954496075838,0.5652095304771751,0.4117647058823529,0.6704533298974891,0.7058823529411765,-1.9734317277479452,exploratory only; positive favors challenger; small/overlapping sample,1.750987213100058,1.6846382180707085,0.05555555555555555
challenger_umidas_usd_uzs_mom_dlog_l3,H1,standard,HISTORICAL_POST_DEVELOPMENT_TEST,univariate_umidas,usd_uzs_mom_dlog,usd_uzs,3,4,0.9669571536778192,0.912498366499777,0.3022504769877137,0.6397473321451219,1.011790933101179,1.2204957790241266,0.851830629865615,0.7137680464798368,0.25,0.8766374382271208,0.75,,not calculated: fewer than 8 matched forecasts,1.135151894961052,1.2784242317935621,0.0
challenger_umidas_usd_uzs_mom_dlog_l3,H2,conservative,DEVELOPMENT_PSEUDO_OOS,univariate_umidas,usd_uzs_mom_dlog,usd_uzs,3,17,1.4881560647348038,0.9521735762596502,0.08892990696347003,0.29823001358437917,0.43332245435890027,3.7031182182109283,0.8498954496075838,0.5652095304771751,0.4117647058823529,0.6704533298974891,0.7058823529411765,-1.9734317277479452,exploratory only; positive favors challenger; small/overlapping sample,1.750987213100058,1.6846382180707085,0.05555555555555555
challenger_umidas_usd_uzs_mom_dlog_l3,H2,conservative,HISTORICAL_POST_DEVELOPMENT_TEST,univariate_umidas,usd_uzs_mom_dlog,usd_uzs,3,4,0.9669571536778192,0.912498366499777,0.3022504769877137,0.6397473321451219,1.011790933101179,1.2204957790241266,0.851830629865615,0.7137680464798368,0.25,0.8766374382271208,0.75,,not calculated: fewer than 8 matched forecasts,1.135151894961052,1.2784242317935621,0.0
challenger_umidas_usd_uzs_mom_dlog_l3,H2,standard,DEVELOPMENT_PSEUDO_OOS,univariate_umidas,usd_uzs_mom_dlog,usd_uzs,3,17,1.257222428440739,0.839693052404117,0.2707695923373694,0.4170382841790765,0.5151441909003642,3.4770797213017346,0.8299463018090937,0.6245142484312887,0.4117647058823529,0.7837396583086501,0.6470588235294118,-1.5758176402849542,exploratory only; positive favors challenger; small/overlapping sample,1.5148238213728777,1.3445538744925898,0.05555555555555555
challenger_umidas_usd_uzs_mom_dlog_l3,H2,standard,HISTORICAL_POST_DEVELOPMENT_TEST,univariate_umidas,usd_uzs_mom_dlog,usd_uzs,3,4,0.9301967841215502,0.8186657977938305,0.3117632263554191,0.4571473430204964,0.894403540006607,1.3465633622575064,0.8662872552429961,0.6668517621268637,0.5,0.9108862627870876,0.75,,not calculated: fewer than 8 matched forecasts,1.0737740610770352,1.2276578458498326,0.0
challenger_umidas_usd_uzs_mom_dlog_l3,H3,conservative,DEVELOPMENT_PSEUDO_OOS,univariate_umidas,usd_uzs_mom_dlog,usd_uzs,3,17,1.257222428440739,0.839693052404117,0.2707695923373694,0.4170382841790765,0.5151441909003642,3.4770797213017346,0.8299463018090937,0.6245142484312887,0.4117647058823529,0.7837396583086501,0.6470588235294118,-1.5758176402849542,exploratory only; positive favors challenger; small/overlapping sample,1.5148238213728777,1.3445538744925898,0.05555555555555555
challenger_umidas_usd_uzs_mom_dlog_l3,H3,conservative,HISTORICAL_POST_DEVELOPMENT_TEST,univariate_umidas,usd_uzs_mom_dlog,usd_uzs,3,4,0.9301967841215502,0.8186657977938305,0.3117632263554191,0.4571473430204964,0.894403540006607,1.3465633622575064,0.8662872552429961,0.6668517621268637,0.5,0.9108862627870876,0.75,,not calculated: fewer than 8 matched forecasts,1.0737740610770352,1.2276578458498326,0.0
challenger_umidas_usd_uzs_mom_dlog_l3,H3,standard,DEVELOPMENT_PSEUDO_OOS,univariate_umidas,usd_uzs_mom_dlog,usd_uzs,3,17,0.9973546801029969,0.6545658766198699,0.1450189592327509,0.11742646918652788,0.30309677061986484,3.0555262755951285,0.6784344208279974,0.5221098705669958,0.5294117647058824,0.8212703325399529,0.5882352941176471,-1.3496450414893508,exploratory only; positive favors challenger; small/overlapping sample,1.4700826630903725,1.2536937405704107,0.05555555555555555
challenger_umidas_usd_uzs_mom_dlog_l3,H3,standard,HISTORICAL_POST_DEVELOPMENT_TEST,univariate_umidas,usd_uzs_mom_dlog,usd_uzs,3,4,0.5428048533880165,0.444157068120143,-0.24157350917234144,-0.1794903365808107,0.38207389552861226,0.935295821153872,0.5297814262018278,0.3705560639322456,0.5,0.5731206785066236,0.5,,not calculated: fewer than 8 matched forecasts,1.0245826420898858,1.1986231271102743,0.0
challenger_umidas_utilities_yoy_log_l1,H1,conservative,DEVELOPMENT_PSEUDO_OOS,univariate_umidas,utilities_yoy_log,electricity_gas,1,9,0.5697387761178769,0.43723378766594617,0.43723378766594617,0.27534735514490283,0.27534735514490283,1.12346038085035,0.5358969477023715,0.49110179287101513,0.4444444444444444,0.5308515829046986,1.0,-0.36847617819341927,exploratory only; positive favors challenger; small/overlapping sample,1.0631498808877349,0.8903119353522355,0.5
challenger_umidas_utilities_yoy_log_l1,H1,conservative,HISTORICAL_POST_DEVELOPMENT_TEST,univariate_umidas,utilities_yoy_log,electricity_gas,1,4,1.0224027390890154,0.8437467237301313,0.8437467237301313,0.5941007242095022,0.5941007242095022,1.8168588998447168,0.799938051857473,0.6256251475500503,0.25,0.9576589683675867,1.0,,not calculated: fewer than 8 matched forecasts,1.2781023939478497,1.3486457937860166,0.0
challenger_umidas_utilities_yoy_log_l1,H1,standard,DEVELOPMENT_PSEUDO_OOS,univariate_umidas,utilities_yoy_log,electricity_gas,1,9,0.5697387761178769,0.43723378766594617,0.43723378766594617,0.27534735514490283,0.27534735514490283,1.12346038085035,0.4430324066114803,0.3874624706041613,0.3333333333333333,0.6662206177375692,1.0,-1.1282256662006998,exploratory only; positive favors challenger; small/overlapping sample,1.2859979712895189,1.1284545493765568,0.5
challenger_umidas_utilities_yoy_log_l1,H1,standard,HISTORICAL_POST_DEVELOPMENT_TEST,univariate_umidas,utilities_yoy_log,electricity_gas,1,4,1.0224027390890154,0.8437467237301313,0.8437467237301313,0.5941007242095022,0.5941007242095022,1.8168588998447168,0.851830629865615,0.7137680464798368,0.25,0.8709681457243724,1.0,,not calculated: fewer than 8 matched forecasts,1.2002418124484557,1.1821021239201217,0.0
challenger_umidas_utilities_yoy_log_l1,H2,conservative,DEVELOPMENT_PSEUDO_OOS,univariate_umidas,utilities_yoy_log,electricity_gas,1,9,2.1532874273520304,1.23877718812814,-0.11430670897482169,0.5128043579722643,0.5828912808999993,6.088877536963327,0.4430324066114803,0.3874624706041613,0.3333333333333333,0.3538321759454557,0.8888888888888888,-1.0870321026635952,exploratory only; positive favors challenger; small/overlapping sample,4.860338420436064,3.197154000996647,0.5
challenger_umidas_utilities_yoy_log_l1,H2,conservative,HISTORICAL_POST_DEVELOPMENT_TEST,univariate_umidas,utilities_yoy_log,electricity_gas,1,4,0.8169086445580431,0.7095740287600567,0.7095740287600567,0.630863903352826,0.630863903352826,1.3161628161816301,0.851830629865615,0.7137680464798368,0.5,0.7981747444107355,1.0,,not calculated: fewer than 8 matched forecasts,0.9590036046096615,0.9941241167344711,0.0
challenger_umidas_utilities_yoy_log_l1,H2,standard,DEVELOPMENT_PSEUDO_OOS,univariate_umidas,utilities_yoy_log,electricity_gas,1,9,2.1532874273520304,1.23877718812814,-0.11430670897482169,0.5128043579722643,0.5828912808999993,6.088877536963327,0.48199197338595384,0.4248846030889752,0.4444444444444444,0.6106098731041254,0.8888888888888888,-1.0785596361559389,exploratory only; positive favors challenger; small/overlapping sample,4.467475697209984,2.9155614939257455,0.5
challenger_umidas_utilities_yoy_log_l1,H2,standard,HISTORICAL_POST_DEVELOPMENT_TEST,univariate_umidas,utilities_yoy_log,electricity_gas,1,4,0.8169086445580431,0.7095740287600567,0.7095740287600567,0.630863903352826,0.630863903352826,1.3161628161816301,0.8662872552429961,0.6668517621268637,0.25,0.8470076487692408,1.0,,not calculated: fewer than 8 matched forecasts,0.9429997262615827,1.0640656125687278,0.0
challenger_umidas_utilities_yoy_log_l1,H3,conservative,DEVELOPMENT_PSEUDO_OOS,univariate_umidas,utilities_yoy_log,electricity_gas,1,10,0.5780514245396519,0.4905961351730463,0.47214404842996255,0.4517214677132091,0.4517214677132091,0.9742788747304338,0.46224681042946664,0.40381454044325,0.4,0.14347651467229228,0.9,-1.405443468374515,exploratory only; positive favors challenger; small/overlapping sample,1.250525501739196,1.214904581282635,0.4444444444444444
challenger_umidas_utilities_yoy_log_l1,H3,conservative,HISTORICAL_POST_DEVELOPMENT_TEST,univariate_umidas,utilities_yoy_log,electricity_gas,1,4,0.8700088111017162,0.8059139729195259,0.8059139729195259,0.7110869034512448,0.7110869034512448,1.3410014134330996,0.8662872552429961,0.6668517621268637,0.25,0.737191485517818,1.0,,not calculated: fewer than 8 matched forecasts,1.0042959836199785,1.2085354177503196,0.0
challenger_umidas_utilities_yoy_log_l1,H3,standard,DEVELOPMENT_PSEUDO_OOS,univariate_umidas,utilities_yoy_log,electricity_gas,1,10,0.5780514245396519,0.4905961351730463,0.47214404842996255,0.4517214677132091,0.4517214677132091,0.9742788747304338,0.34154231864504175,0.30703036072505163,0.3,0.12497825624344731,0.9,-1.9713468640042424,exploratory only; positive favors challenger; small/overlapping sample,1.6924737960229443,1.5978749919535788,0.4444444444444444
challenger_umidas_utilities_yoy_log_l1,H3,standard,HISTORICAL_POST_DEVELOPMENT_TEST,univariate_umidas,utilities_yoy_log,electricity_gas,1,4,0.8700088111017162,0.8059139729195259,0.8059139729195259,0.7110869034512448,0.7110869034512448,1.3410014134330996,0.5297814262018278,0.3705560639322456,0.0,0.8958234808854104,1.0,,not calculated: fewer than 8 matched forecasts,1.6422033088987043,2.1748773029575448,0.0
challenger_umidas_utilities_yoy_log_l2,H1,conservative,DEVELOPMENT_PSEUDO_OOS,univariate_umidas,utilities_yoy_log,electricity_gas,2,9,1.0444843669781627,0.8152106717392722,0.6282199111533218,0.7671227601701665,0.7671227601701665,2.0088595172356314,0.5358969477023715,0.49110179287101513,0.4444444444444444,-0.2863225367603299,0.7777777777777778,-1.5224996861739009,exploratory only; positive favors challenger; small/overlapping sample,1.9490395895261796,1.6599627278359015,0.5
challenger_umidas_utilities_yoy_log_l2,H1,conservative,HISTORICAL_POST_DEVELOPMENT_TEST,univariate_umidas,utilities_yoy_log,electricity_gas,2,4,0.9286422180372248,0.767557908837559,0.767557908837559,0.5117207974240481,0.5117207974240481,1.660843211493619,0.799938051857473,0.6256251475500503,0.5,0.9567483182930118,1.0,,not calculated: fewer than 8 matched forecasts,1.1608926664769827,1.2268654990025862,0.0
challenger_umidas_utilities_yoy_log_l2,H1,standard,DEVELOPMENT_PSEUDO_OOS,univariate_umidas,utilities_yoy_log,electricity_gas,2,9,1.0444843669781627,0.8152106717392722,0.6282199111533218,0.7671227601701665,0.7671227601701665,2.0088595172356314,0.4430324066114803,0.3874624706041613,0.2222222222222222,0.18796120888066062,0.7777777777777778,-1.7577780019654459,exploratory only; positive favors challenger; small/overlapping sample,2.3575800582329163,2.1039732453781474,0.5
challenger_umidas_utilities_yoy_log_l2,H1,standard,HISTORICAL_POST_DEVELOPMENT_TEST,univariate_umidas,utilities_yoy_log,electricity_gas,2,4,0.9286422180372248,0.767557908837559,0.767557908837559,0.5117207974240481,0.5117207974240481,1.660843211493619,0.851830629865615,0.7137680464798368,0.25,0.7482549879760512,1.0,,not calculated: fewer than 8 matched forecasts,1.0901723716881695,1.0753604236320233,0.0
challenger_umidas_utilities_yoy_log_l2,H2,conservative,DEVELOPMENT_PSEUDO_OOS,univariate_umidas,utilities_yoy_log,electricity_gas,2,9,3.108003666802073,1.7449202678474718,-0.21093884742007074,0.5890209765648722,1.168963337418325,8.762845747928118,0.4430324066114803,0.3874624706041613,0.3333333333333333,0.39255385390152125,0.6666666666666666,-1.1228952637109249,exploratory only; positive favors challenger; small/overlapping sample,7.015296444279422,4.5034562060337295,0.5
challenger_umidas_utilities_yoy_log_l2,H2,conservative,HISTORICAL_POST_DEVELOPMENT_TEST,univariate_umidas,utilities_yoy_log,electricity_gas,2,4,1.0609792941713834,0.8966373383895365,0.8966373383895365,0.7071512016539905,0.7071512016539905,1.8068493562352854,0.851830629865615,0.7137680464798368,0.0,0.9255445405180291,1.0,,not calculated: fewer than 8 matched forecasts,1.245528461847825,1.2562026877100692,0.0
challenger_umidas_utilities_yoy_log_l2,H2,standard,DEVELOPMENT_PSEUDO_OOS,univariate_umidas,utilities_yoy_log,electricity_gas,2,9,3.108003666802073,1.7449202678474718,-0.21093884742007074,0.5890209765648722,1.168963337418325,8.762845747928118,0.48199197338595384,0.4248846030889752,0.3333333333333333,0.645496780479117,0.6666666666666666,-1.1187844828319387,exploratory only; positive favors challenger; small/overlapping sample,6.448247768460964,4.10680983768684,0.5
challenger_umidas_utilities_yoy_log_l2,H2,standard,HISTORICAL_POST_DEVELOPMENT_TEST,univariate_umidas,utilities_yoy_log,electricity_gas,2,4,1.0609792941713834,0.8966373383895365,0.8966373383895365,0.7071512016539905,0.7071512016539905,1.8068493562352854,0.8662872552429961,0.6668517621268637,0.0,0.9730566260452774,1.0,,not calculated: fewer than 8 matched forecasts,1.2247430488559774,1.3445826933557052,0.0
challenger_umidas_utilities_yoy_log_l2,H3,conservative,DEVELOPMENT_PSEUDO_OOS,univariate_umidas,utilities_yoy_log,electricity_gas,2,9,2.0043805499283645,1.230696508018894,-0.049686926123102694,0.708815070534139,0.7419673713266901,5.535179273823195,0.48199197338595384,0.4248846030889752,0.3333333333333333,0.5434457524149932,0.6666666666666666,-1.1274802160213437,exploratory only; positive favors challenger; small/overlapping sample,4.158535122167609,2.896542965011075,0.5
challenger_umidas_utilities_yoy_log_l2,H3,conservative,HISTORICAL_POST_DEVELOPMENT_TEST,univariate_umidas,utilities_yoy_log,electricity_gas,2,4,0.7984554345020766,0.7451642839605228,0.7451642839605228,0.716720697064964,0.716720697064964,1.1551469989519845,0.8662872552429961,0.6668517621268637,0.25,0.7174543606680522,1.0,,not calculated: fewer than 8 matched forecasts,0.9216982353943409,1.1174361773955404,0.0
challenger_umidas_utilities_yoy_log_l2,H3,standard,DEVELOPMENT_PSEUDO_OOS,univariate_umidas,utilities_yoy_log,electricity_gas,2,9,2.0043805499283645,1.230696508018894,-0.049686926123102694,0.708815070534139,0.7419673713266901,5.535179273823195,0.3494360491696128,0.3122641664763363,0.3333333333333333,0.2559329560934141,0.6666666666666666,-1.1672043576989288,exploratory only; positive favors challenger; small/overlapping sample,5.736043990571385,3.941203122684131,0.5
challenger_umidas_utilities_yoy_log_l2,H3,standard,HISTORICAL_POST_DEVELOPMENT_TEST,univariate_umidas,utilities_yoy_log,electricity_gas,2,4,0.7984554345020766,0.7451642839605228,0.7451642839605228,0.716720697064964,0.716720697064964,1.1551469989519845,0.5297814262018278,0.3705560639322456,0.0,0.8658418548812715,1.0,,not calculated: fewer than 8 matched forecasts,1.5071412378996722,2.0109353387798627,0.0
challenger_umidas_utilities_yoy_log_l3,H1,conservative,DEVELOPMENT_PSEUDO_OOS,univariate_umidas,utilities_yoy_log,electricity_gas,3,8,1.0170676696452239,0.8261330148314343,0.41814073154719633,0.20397079609478697,0.6266012442940716,2.1710125819981094,0.44773384583862713,0.42868617788575625,0.375,0.44671865365962854,0.5,-1.468222808212596,exploratory only; positive favors challenger; small/overlapping sample,2.271589872193394,1.9271277159106273,0.5555555555555556
challenger_umidas_utilities_yoy_log_l3,H1,conservative,HISTORICAL_POST_DEVELOPMENT_TEST,univariate_umidas,utilities_yoy_log,electricity_gas,3,4,0.8979714431065947,0.6554330562790998,0.6440263440777538,0.4686453846082914,0.4686453846082914,1.6616280314971243,0.799938051857473,0.6256251475500503,0.5,0.7654169736285553,0.75,,not calculated: fewer than 8 matched forecasts,1.1225512288376407,1.0476449977207236,0.0
challenger_umidas_utilities_yoy_log_l3,H1,standard,DEVELOPMENT_PSEUDO_OOS,univariate_umidas,utilities_yoy_log,electricity_gas,3,8,1.0170676696452239,0.8261330148314343,0.41814073154719633,0.20397079609478697,0.6266012442940716,2.1710125819981094,0.40291186038424964,0.350400791132805,0.25,0.7211545582586673,0.5,-1.5455090792989972,exploratory only; positive favors challenger; small/overlapping sample,2.5242932006897614,2.3576802214419734,0.5555555555555556
challenger_umidas_utilities_yoy_log_l3,H1,standard,HISTORICAL_POST_DEVELOPMENT_TEST,univariate_umidas,utilities_yoy_log,electricity_gas,3,4,0.8979714431065947,0.6554330562790998,0.6440263440777538,0.4686453846082914,0.4686453846082914,1.6616280314971243,0.851830629865615,0.7137680464798368,0.5,0.8745119583751806,0.75,,not calculated: fewer than 8 matched forecasts,1.0541666519414299,0.9182717824250697,0.0
challenger_umidas_utilities_yoy_log_l3,H2,conservative,DEVELOPMENT_PSEUDO_OOS,univariate_umidas,utilities_yoy_log,electricity_gas,3,9,2.8299971209155736,1.9674343453247372,0.04664277904385066,0.9146303425104465,1.5608746370856021,7.223500937767188,0.4430324066114803,0.3874624706041613,0.2222222222222222,0.41953238342589666,0.5555555555555556,-1.39232162778162,exploratory only; positive favors challenger; small/overlapping sample,6.387788068508846,5.077741702975677,0.5
challenger_umidas_utilities_yoy_log_l3,H2,conservative,HISTORICAL_POST_DEVELOPMENT_TEST,univariate_umidas,utilities_yoy_log,electricity_gas,3,4,0.9521954051894562,0.8216740701432119,0.8216740701432119,0.6347324719324172,0.6347324719324172,1.6355394096421962,0.851830629865615,0.7137680464798368,0.25,0.8768780756522176,1.0,,not calculated: fewer than 8 matched forecasts,1.1178224541417052,1.1511779971036058,0.0
challenger_umidas_utilities_yoy_log_l3,H2,standard,DEVELOPMENT_PSEUDO_OOS,univariate_umidas,utilities_yoy_log,electricity_gas,3,9,2.8299971209155736,1.9674343453247372,0.04664277904385066,0.9146303425104465,1.5608746370856021,7.223500937767188,0.48199197338595384,0.4248846030889752,0.2222222222222222,0.6907761092342208,0.5555555555555556,-1.3861271465002891,exploratory only; positive favors challenger; small/overlapping sample,5.871461097235867,4.630514570359087,0.5
challenger_umidas_utilities_yoy_log_l3,H2,standard,HISTORICAL_POST_DEVELOPMENT_TEST,univariate_umidas,utilities_yoy_log,electricity_gas,3,4,0.9521954051894562,0.8216740701432119,0.8216740701432119,0.6347324719324172,0.6347324719324172,1.6355394096421962,0.8662872552429961,0.6668517621268637,0.25,0.9425487809875316,1.0,,not calculated: fewer than 8 matched forecasts,1.0991682024946363,1.232169001882152,0.0
challenger_umidas_utilities_yoy_log_l3,H3,conservative,DEVELOPMENT_PSEUDO_OOS,univariate_umidas,utilities_yoy_log,electricity_gas,3,9,2.689446550824232,1.5844256935034275,-0.1166683540362019,0.6201502488216475,0.6449784182928209,7.462604240406195,0.48199197338595384,0.4248846030889752,0.2222222222222222,0.5929618284964808,0.7777777777777778,-1.1470450119215934,exploratory only; positive favors challenger; small/overlapping sample,5.57985754810623,3.729072981191631,0.5
challenger_umidas_utilities_yoy_log_l3,H3,conservative,HISTORICAL_POST_DEVELOPMENT_TEST,univariate_umidas,utilities_yoy_log,electricity_gas,3,4,1.1074007033750108,1.0421241790570914,1.0421241790570914,0.9391688372640448,0.9391688372640448,1.6453331056180227,0.8662872552429961,0.6668517621268637,0.0,0.8945030762529654,1.0,,not calculated: fewer than 8 matched forecasts,1.2783296726030926,1.5627523810289263,0.0
challenger_umidas_utilities_yoy_log_l3,H3,standard,DEVELOPMENT_PSEUDO_OOS,univariate_umidas,utilities_yoy_log,electricity_gas,3,9,2.689446550824232,1.5844256935034275,-0.1166683540362019,0.6201502488216475,0.6449784182928209,7.462604240406195,0.3494360491696128,0.3122641664763363,0.2222222222222222,0.3066520254010227,0.7777777777777778,-1.1690539961422686,exploratory only; positive favors challenger; small/overlapping sample,7.696534336441061,5.073991394473682,0.5
challenger_umidas_utilities_yoy_log_l3,H3,standard,HISTORICAL_POST_DEVELOPMENT_TEST,univariate_umidas,utilities_yoy_log,electricity_gas,3,4,1.1074007033750108,1.0421241790570914,1.0421241790570914,0.9391688372640448,0.9391688372640448,1.6453331056180227,0.5297814262018278,0.3705560639322456,0.0,0.969842334549014,1.0,,not calculated: fewer than 8 matched forecasts,2.0902973350997223,2.812325260578218,0.0
challenger_umidas_wholesale_yoy_log_l1,H1,conservative,DEVELOPMENT_PSEUDO_OOS,univariate_umidas,wholesale_yoy_log,wholesale_trade,1,5,0.21559819170552239,0.1550258552794496,0.11354812500247106,0.08502112954559937,0.09970150049758342,0.4507771873990123,0.48360539792390383,0.4586121320707184,1.0,0.965777920466146,0.8,,not calculated: fewer than 8 matched forecasts,0.44581427881300684,0.3380326084691202,0.7222222222222222
challenger_umidas_wholesale_yoy_log_l1,H1,conservative,HISTORICAL_POST_DEVELOPMENT_TEST,univariate_umidas,wholesale_yoy_log,wholesale_trade,1,4,0.8304316719709102,0.7261078190311838,0.7261078190311838,0.5590977028602029,0.5590977028602029,1.4103614079230962,0.799938051857473,0.6256251475500503,0.5,0.9784294352742577,1.0,,not calculated: fewer than 8 matched forecasts,1.0381199769690044,1.1606116248277807,0.0
challenger_umidas_wholesale_yoy_log_l1,H1,standard,DEVELOPMENT_PSEUDO_OOS,univariate_umidas,wholesale_yoy_log,wholesale_trade,1,5,0.28563500264617314,0.2079419710663224,0.20045582610877055,0.1268850864635791,0.1268850864635791,0.5092497804175924,0.45773869408471507,0.4147394443900986,0.8,0.1007718539291823,0.8,,not calculated: fewer than 8 matched forecasts,0.6240132336142634,0.501379779230101,0.7222222222222222
challenger_umidas_wholesale_yoy_log_l1,H1,standard,HISTORICAL_POST_DEVELOPMENT_TEST,univariate_umidas,wholesale_yoy_log,wholesale_trade,1,4,0.9394470657802629,0.8666856020345066,0.8666856020345066,0.6603574859439196,0.6603574859439196,1.494527646238848,0.851830629865615,0.7137680464798368,0.25,0.6762174980322012,1.0,,not calculated: fewer than 8 matched forecasts,1.1028566393867174,1.214239844875137,0.0
challenger_umidas_wholesale_yoy_log_l1,H2,conservative,DEVELOPMENT_PSEUDO_OOS,univariate_umidas,wholesale_yoy_log,wholesale_trade,1,5,0.28563500264617314,0.2079419710663224,0.20045582610877055,0.1268850864635791,0.1268850864635791,0.5092497804175924,0.45773869408471507,0.4147394443900986,0.8,0.1007718539291823,0.8,,not calculated: fewer than 8 matched forecasts,0.6240132336142634,0.501379779230101,0.7222222222222222
challenger_umidas_wholesale_yoy_log_l1,H2,conservative,HISTORICAL_POST_DEVELOPMENT_TEST,univariate_umidas,wholesale_yoy_log,wholesale_trade,1,4,0.9394470657802629,0.8666856020345066,0.8666856020345066,0.6603574859439196,0.6603574859439196,1.494527646238848,0.851830629865615,0.7137680464798368,0.25,0.6762174980322012,1.0,,not calculated: fewer than 8 matched forecasts,1.1028566393867174,1.214239844875137,0.0
challenger_umidas_wholesale_yoy_log_l1,H2,standard,DEVELOPMENT_PSEUDO_OOS,univariate_umidas,wholesale_yoy_log,wholesale_trade,1,6,0.19903847264672603,0.13742461484471225,0.07721879139970629,0.04754072659089825,0.07588277282051603,0.45050115413161773,0.495334629592146,0.45564079295316856,1.0,0.8517226694294445,0.6666666666666666,,not calculated: fewer than 8 matched forecasts,0.4018262821854641,0.30160735599201927,0.6666666666666666
challenger_umidas_wholesale_yoy_log_l1,H2,standard,HISTORICAL_POST_DEVELOPMENT_TEST,univariate_umidas,wholesale_yoy_log,wholesale_trade,1,4,0.9978700799092911,0.9345425663079472,0.9345425663079472,0.7892753307922131,0.7892753307922131,1.5252170097759175,0.8662872552429961,0.6668517621268637,0.25,0.8344298760811645,1.0,,not calculated: fewer than 8 matched forecasts,1.1518928321638364,1.4014247534224213,0.0
challenger_umidas_wholesale_yoy_log_l1,H3,conservative,DEVELOPMENT_PSEUDO_OOS,univariate_umidas,wholesale_yoy_log,wholesale_trade,1,6,0.19903847264672603,0.13742461484471225,0.07721879139970629,0.04754072659089825,0.07588277282051603,0.45050115413161773,0.495334629592146,0.45564079295316856,1.0,0.8517226694294445,0.6666666666666666,,not calculated: fewer than 8 matched forecasts,0.4018262821854641,0.30160735599201927,0.6666666666666666
challenger_umidas_wholesale_yoy_log_l1,H3,conservative,HISTORICAL_POST_DEVELOPMENT_TEST,univariate_umidas,wholesale_yoy_log,wholesale_trade,1,4,0.9978700799092911,0.9345425663079472,0.9345425663079472,0.7892753307922131,0.7892753307922131,1.5252170097759175,0.8662872552429961,0.6668517621268637,0.25,0.8344298760811645,1.0,,not calculated: fewer than 8 matched forecasts,1.1518928321638364,1.4014247534224213,0.0
challenger_umidas_wholesale_yoy_log_l1,H3,standard,DEVELOPMENT_PSEUDO_OOS,univariate_umidas,wholesale_yoy_log,wholesale_trade,1,6,0.8518100120903404,0.7905591931508119,0.4419452573001892,0.533082323858459,0.8542623611233009,1.1709317085560285,0.31172919940339583,0.2775803015524958,0.16666666666666666,-0.32965946159518417,0.8333333333333334,,not calculated: fewer than 8 matched forecasts,2.7325319980309204,2.8480378064626533,0.6666666666666666
challenger_umidas_wholesale_yoy_log_l1,H3,standard,HISTORICAL_POST_DEVELOPMENT_TEST,univariate_umidas,wholesale_yoy_log,wholesale_trade,1,4,1.0712653256975917,0.9996315004743987,0.9996315004743987,0.8837923960899317,0.8837923960899317,1.5854953385980428,0.5297814262018278,0.3705560639322456,0.0,0.9612061082485146,1.0,,not calculated: fewer than 8 matched forecasts,2.0220892479712527,2.6976525221759062,0.0
challenger_umidas_wholesale_yoy_log_l2,H1,conservative,DEVELOPMENT_PSEUDO_OOS,univariate_umidas,wholesale_yoy_log,wholesale_trade,2,5,0.22405451624523107,0.1587266784608854,0.11774137419272819,0.020465108497187856,0.10246326067039302,0.4328149635371785,0.48360539792390383,0.4586121320707184,1.0,0.8890176019899348,0.8,,not calculated: fewer than 8 matched forecasts,0.46330027995362955,0.3461022231230673,0.7222222222222222
challenger_umidas_wholesale_yoy_log_l2,H1,conservative,HISTORICAL_POST_DEVELOPMENT_TEST,univariate_umidas,wholesale_yoy_log,wholesale_trade,2,4,0.8362396201024079,0.7449613980941419,0.7449613980941419,0.547188369746852,0.547188369746852,1.4004452924643696,0.799938051857473,0.6256251475500503,0.25,0.9827238103300584,1.0,,not calculated: fewer than 8 matched forecasts,1.045380474351285,1.1907472086303,0.0
challenger_umidas_wholesale_yoy_log_l2,H1,standard,DEVELOPMENT_PSEUDO_OOS,univariate_umidas,wholesale_yoy_log,wholesale_trade,2,5,0.2671341351846492,0.215202799322406,0.1685554277053427,0.09157204007357489,0.11661842904265818,0.46925378339881973,0.45773869408471507,0.4147394443900986,0.8,0.5600994129970753,0.8,,not calculated: fewer than 8 matched forecasts,0.5835952665500677,0.5188867425881707,0.7222222222222222
challenger_umidas_wholesale_yoy_log_l2,H1,standard,HISTORICAL_POST_DEVELOPMENT_TEST,univariate_umidas,wholesale_yoy_log,wholesale_trade,2,4,1.0614049949146958,0.9594984536018778,0.9594984536018778,0.9541366051790692,0.9541366051790692,1.49196559842603,0.851830629865615,0.7137680464798368,0.25,0.09107663772164096,1.0,,not calculated: fewer than 8 matched forecasts,1.2460282099531257,1.344272075969126,0.0
challenger_umidas_wholesale_yoy_log_l2,H2,conservative,DEVELOPMENT_PSEUDO_OOS,univariate_umidas,wholesale_yoy_log,wholesale_trade,2,5,0.2671341351846492,0.215202799322406,0.1685554277053427,0.09157204007357489,0.11661842904265818,0.46925378339881973,0.45773869408471507,0.4147394443900986,0.8,0.5600994129970753,0.8,,not calculated: fewer than 8 matched forecasts,0.5835952665500677,0.5188867425881707,0.7222222222222222
challenger_umidas_wholesale_yoy_log_l2,H2,conservative,HISTORICAL_POST_DEVELOPMENT_TEST,univariate_umidas,wholesale_yoy_log,wholesale_trade,2,4,1.0614049949146958,0.9594984536018778,0.9594984536018778,0.9541366051790692,0.9541366051790692,1.49196559842603,0.851830629865615,0.7137680464798368,0.25,0.09107663772164096,1.0,,not calculated: fewer than 8 matched forecasts,1.2460282099531257,1.344272075969126,0.0
challenger_umidas_wholesale_yoy_log_l2,H2,standard,DEVELOPMENT_PSEUDO_OOS,univariate_umidas,wholesale_yoy_log,wholesale_trade,2,5,0.28254099257775644,0.20772956741547724,0.19540504386920254,0.11484754195986646,0.11484754195986646,0.4916967953113094,0.5113466351414381,0.4655873119233128,1.0,0.12483138463094517,0.8,,not calculated: fewer than 8 matched forecasts,0.5525429780125684,0.44616672769143784,0.7222222222222222
challenger_umidas_wholesale_yoy_log_l2,H2,standard,HISTORICAL_POST_DEVELOPMENT_TEST,univariate_umidas,wholesale_yoy_log,wholesale_trade,2,4,0.9871049101807906,0.9225908270678691,0.9225908270678691,0.7613556656179727,0.7613556656179727,1.5208703317756438,0.8662872552429961,0.6668517621268637,0.25,0.7850475206219029,1.0,,not calculated: fewer than 8 matched forecasts,1.1394660422470428,1.383502120659243,0.0
challenger_umidas_wholesale_yoy_log_l2,H3,conservative,DEVELOPMENT_PSEUDO_OOS,univariate_umidas,wholesale_yoy_log,wholesale_trade,2,5,0.28254099257775644,0.20772956741547724,0.19540504386920254,0.11484754195986646,0.11484754195986646,0.4916967953113094,0.5113466351414381,0.4655873119233128,1.0,0.12483138463094517,0.8,,not calculated: fewer than 8 matched forecasts,0.5525429780125684,0.44616672769143784,0.7222222222222222
challenger_umidas_wholesale_yoy_log_l2,H3,conservative,HISTORICAL_POST_DEVELOPMENT_TEST,univariate_umidas,wholesale_yoy_log,wholesale_trade,2,4,0.9871049101807906,0.9225908270678691,0.9225908270678691,0.7613556656179727,0.7613556656179727,1.5208703317756438,0.8662872552429961,0.6668517621268637,0.25,0.7850475206219029,1.0,,not calculated: fewer than 8 matched forecasts,1.1394660422470428,1.383502120659243,0.0
challenger_umidas_wholesale_yoy_log_l2,H3,standard,DEVELOPMENT_PSEUDO_OOS,univariate_umidas,wholesale_yoy_log,wholesale_trade,2,6,0.9177610752816331,0.8224644458948482,0.353999659268933,0.5107491739834855,0.8390584988766991,1.4053943598777456,0.31172919940339583,0.2775803015524958,0.16666666666666666,-0.3593971308473126,0.8333333333333334,,not calculated: fewer than 8 matched forecasts,2.944097239007747,2.9629784292863603,0.6666666666666666
challenger_umidas_wholesale_yoy_log_l2,H3,standard,HISTORICAL_POST_DEVELOPMENT_TEST,univariate_umidas,wholesale_yoy_log,wholesale_trade,2,4,1.1350533948115664,1.0555980809265777,1.0555980809265777,1.0014998514889535,1.0014998514889535,1.5788922859908006,0.5297814262018278,0.3705560639322456,0.0,0.9419348846735829,1.0,,not calculated: fewer than 8 matched forecasts,2.142493750581493,2.848686565063441,0.0
challenger_umidas_wholesale_yoy_log_l3,H1,conservative,DEVELOPMENT_PSEUDO_OOS,univariate_umidas,wholesale_yoy_log,wholesale_trade,3,4,0.4797229917844748,0.4253006969292632,0.3964372573240236,0.49713725252202234,0.49713725252202234,0.6492014034625289,0.4909559589982895,0.46001216021601987,0.5,0.6507890210161285,0.75,,not calculated: fewer than 8 matched forecasts,0.9771202141293212,0.924542291946247,0.7777777777777778
challenger_umidas_wholesale_yoy_log_l3,H1,conservative,HISTORICAL_POST_DEVELOPMENT_TEST,univariate_umidas,wholesale_yoy_log,wholesale_trade,3,4,0.712881023222825,0.5045867074437069,0.5045867074437069,0.33038889509116043,0.33038889509116043,1.3209935045689587,0.799938051857473,0.6256251475500503,0.75,0.9847370110368944,1.0,,not calculated: fewer than 8 matched forecasts,0.8911702869584717,0.8065320094942952,0.0
challenger_umidas_wholesale_yoy_log_l3,H1,standard,DEVELOPMENT_PSEUDO_OOS,univariate_umidas,wholesale_yoy_log,wholesale_trade,3,5,0.2724476375829026,0.22944652262912618,0.16946144197176274,0.22976524259614362,0.22976524259614362,0.4519573893973563,0.45773869408471507,0.4147394443900986,0.8,0.7083975673665988,0.6,,not calculated: fewer than 8 matched forecasts,0.5952034230527163,0.5532305299934571,0.7222222222222222
challenger_umidas_wholesale_yoy_log_l3,H1,standard,HISTORICAL_POST_DEVELOPMENT_TEST,univariate_umidas,wholesale_yoy_log,wholesale_trade,3,4,1.0586914754010162,0.9526312013933369,0.9526312013933369,0.9561825393884198,0.9561825393884198,1.4773136046659694,0.851830629865615,0.7137680464798368,0.25,0.07596063899417291,1.0,,not calculated: fewer than 8 matched forecasts,1.2428426946422855,1.3346509501112105,0.0
challenger_umidas_wholesale_yoy_log_l3,H2,conservative,DEVELOPMENT_PSEUDO_OOS,univariate_umidas,wholesale_yoy_log,wholesale_trade,3,5,0.2724476375829026,0.22944652262912618,0.16946144197176274,0.22976524259614362,0.22976524259614362,0.4519573893973563,0.45773869408471507,0.4147394443900986,0.8,0.7083975673665988,0.6,,not calculated: fewer than 8 matched forecasts,0.5952034230527163,0.5532305299934571,0.7222222222222222
challenger_umidas_wholesale_yoy_log_l3,H2,conservative,HISTORICAL_POST_DEVELOPMENT_TEST,univariate_umidas,wholesale_yoy_log,wholesale_trade,3,4,1.0586914754010162,0.9526312013933369,0.9526312013933369,0.9561825393884198,0.9561825393884198,1.4773136046659694,0.851830629865615,0.7137680464798368,0.25,0.07596063899417291,1.0,,not calculated: fewer than 8 matched forecasts,1.2428426946422855,1.3346509501112105,0.0
challenger_umidas_wholesale_yoy_log_l3,H2,standard,DEVELOPMENT_PSEUDO_OOS,univariate_umidas,wholesale_yoy_log,wholesale_trade,3,5,0.26731174384550876,0.21414108753449596,0.16805615578258432,0.08830009104275849,0.1152123293797791,0.4585321458232867,0.5113466351414381,0.4655873119233128,0.8,0.5807269750630202,0.8,,not calculated: fewer than 8 matched forecasts,0.5227603458690415,0.45993754995146274,0.7222222222222222
challenger_umidas_wholesale_yoy_log_l3,H2,standard,HISTORICAL_POST_DEVELOPMENT_TEST,univariate_umidas,wholesale_yoy_log,wholesale_trade,3,4,1.0837438974525813,0.9937621880638932,0.9937621880638932,0.9388681831720107,0.9388681831720107,1.5299131078380563,0.8662872552429961,0.6668517621268637,0.5,0.3236759449030755,1.0,,not calculated: fewer than 8 matched forecasts,1.2510214029970785,1.4902295300148538,0.0
challenger_umidas_wholesale_yoy_log_l3,H3,conservative,DEVELOPMENT_PSEUDO_OOS,univariate_umidas,wholesale_yoy_log,wholesale_trade,3,5,0.26731174384550876,0.21414108753449596,0.16805615578258432,0.08830009104275849,0.1152123293797791,0.4585321458232867,0.5113466351414381,0.4655873119233128,0.8,0.5807269750630202,0.8,,not calculated: fewer than 8 matched forecasts,0.5227603458690415,0.45993754995146274,0.7222222222222222
challenger_umidas_wholesale_yoy_log_l3,H3,conservative,HISTORICAL_POST_DEVELOPMENT_TEST,univariate_umidas,wholesale_yoy_log,wholesale_trade,3,4,1.0837438974525813,0.9937621880638932,0.9937621880638932,0.9388681831720107,0.9388681831720107,1.5299131078380563,0.8662872552429961,0.6668517621268637,0.5,0.3236759449030755,1.0,,not calculated: fewer than 8 matched forecasts,1.2510214029970785,1.4902295300148538,0.0
challenger_umidas_wholesale_yoy_log_l3,H3,standard,DEVELOPMENT_PSEUDO_OOS,univariate_umidas,wholesale_yoy_log,wholesale_trade,3,5,1.1832446577418123,1.116083102468479,1.116083102468479,1.2801810275229482,1.2801810275229482,1.5409436582927905,0.29675915694592536,0.25753960798676995,0.0,0.13842192111933463,1.0,,not calculated: fewer than 8 matched forecasts,3.987222062224081,4.3336367217186,0.7222222222222222
challenger_umidas_wholesale_yoy_log_l3,H3,standard,HISTORICAL_POST_DEVELOPMENT_TEST,univariate_umidas,wholesale_yoy_log,wholesale_trade,3,4,1.2108669402084722,1.1613598414282185,1.1613598414282185,1.1536667566073135,1.1536667566073135,1.652428879715476,0.5297814262018278,0.3705560639322456,0.0,0.8648333877644677,1.0,,not calculated: fewer than 8 matched forecasts,2.2855971922035168,3.1341002198268373,0.0
