target_quarter,horizon,lag_mode,evidence_class,actual,training_first_quarter,training_last_quarter,n_training_quarters,model,family,predictors,monthly_lags,prediction,error,n_effective_train,failure,condition_number,coefficients
2021Q1,H1,standard,DEVELOPMENT_PSEUDO_OOS,4.799999999999997,2018Q1,2020Q4,12,multi_almon_usd_uzs_mom_dlog__ppi_mom_log,multivariate_midas,usd_uzs_mom_dlog|ppi_mom_log,3,,,11,insufficient_effective_training,,[]
2021Q1,H1,conservative,DEVELOPMENT_PSEUDO_OOS,4.799999999999997,2018Q1,2020Q4,12,multi_almon_usd_uzs_mom_dlog__ppi_mom_log,multivariate_midas,usd_uzs_mom_dlog|ppi_mom_log,3,,,11,insufficient_effective_training,,[]
2021Q1,H2,standard,DEVELOPMENT_PSEUDO_OOS,4.799999999999997,2018Q1,2020Q4,12,multi_almon_usd_uzs_mom_dlog__ppi_mom_log,multivariate_midas,usd_uzs_mom_dlog|ppi_mom_log,3,,,11,insufficient_effective_training,,[]
2021Q1,H2,conservative,DEVELOPMENT_PSEUDO_OOS,4.799999999999997,2018Q1,2020Q4,12,multi_almon_usd_uzs_mom_dlog__ppi_mom_log,multivariate_midas,usd_uzs_mom_dlog|ppi_mom_log,3,,,11,insufficient_effective_training,,[]
2021Q1,H3,standard,DEVELOPMENT_PSEUDO_OOS,4.799999999999997,2018Q1,2020Q4,12,multi_almon_usd_uzs_mom_dlog__ppi_mom_log,multivariate_midas,usd_uzs_mom_dlog|ppi_mom_log,3,,,11,insufficient_effective_training,,[]
2021Q1,H3,conservative,DEVELOPMENT_PSEUDO_OOS,4.799999999999997,2018Q1,2020Q4,12,multi_almon_usd_uzs_mom_dlog__ppi_mom_log,multivariate_midas,usd_uzs_mom_dlog|ppi_mom_log,3,,,11,insufficient_effective_training,,[]
2021Q2,H1,standard,DEVELOPMENT_PSEUDO_OOS,8.400000000000006,2018Q1,2021Q1,13,multi_almon_usd_uzs_mom_dlog__ppi_mom_log,multivariate_midas,usd_uzs_mom_dlog|ppi_mom_log,3,4.937317938062398,3.462682061937608,12,,24.432117311071718,"[1.3816105046763456, 0.7164825660402862, 0.13145847907064295, -0.601435524996489, -0.026885077970932536, 0.1401623336169437]"
2021Q2,H1,conservative,DEVELOPMENT_PSEUDO_OOS,8.400000000000006,2018Q1,2021Q1,13,multi_almon_usd_uzs_mom_dlog__ppi_mom_log,multivariate_midas,usd_uzs_mom_dlog|ppi_mom_log,3,4.25282990198508,4.147170098014926,12,,28.446162233228698,"[1.546143352158137, 0.5477673895651498, -0.3271333403406872, 0.48662479139094594, 0.13759850012934116, 0.020803857079964044]"
2021Q2,H2,standard,DEVELOPMENT_PSEUDO_OOS,8.400000000000006,2018Q1,2021Q1,13,multi_almon_usd_uzs_mom_dlog__ppi_mom_log,multivariate_midas,usd_uzs_mom_dlog|ppi_mom_log,3,4.739730645111819,3.660269354888187,12,,25.58729551619719,"[1.1745949254868786, 0.724797682366815, -0.07502537756119096, -0.11357513072703888, 0.07121603424206857, -0.008308803446795354]"
2021Q2,H2,conservative,DEVELOPMENT_PSEUDO_OOS,8.400000000000006,2018Q1,2021Q1,13,multi_almon_usd_uzs_mom_dlog__ppi_mom_log,multivariate_midas,usd_uzs_mom_dlog|ppi_mom_log,3,5.112081450495003,3.2879185495050027,12,,24.481268280963324,"[1.3317964456454014, 0.7361798834832171, 0.23612143452093912, -0.6903798183218437, -0.04851601119680471, 0.13931553903072838]"
2021Q2,H3,standard,DEVELOPMENT_PSEUDO_OOS,8.400000000000006,2018Q1,2021Q1,13,multi_almon_usd_uzs_mom_dlog__ppi_mom_log,multivariate_midas,usd_uzs_mom_dlog|ppi_mom_log,3,4.937636386716279,3.4623636132837268,12,,23.536751736720483,"[1.3498662151766938, 0.6641569291498877, -0.6100443884154212, 0.6953608066555935, 0.04527183742581126, 0.20843262025806694]"
2021Q2,H3,conservative,DEVELOPMENT_PSEUDO_OOS,8.400000000000006,2018Q1,2021Q1,13,multi_almon_usd_uzs_mom_dlog__ppi_mom_log,multivariate_midas,usd_uzs_mom_dlog|ppi_mom_log,3,4.74223180174788,3.6577681982521257,12,,23.566308889995113,"[1.1026098761770482, 0.6691523069176454, 0.05339695680357612, -0.6908494703149569, -0.008489773916428245, 0.4131844925043324]"
2021Q3,H1,standard,DEVELOPMENT_PSEUDO_OOS,8.799999999999997,2018Q1,2021Q2,14,multi_almon_usd_uzs_mom_dlog__ppi_mom_log,multivariate_midas,usd_uzs_mom_dlog|ppi_mom_log,3,7.871718521466137,0.9282814785338598,13,,24.068446502615327,"[1.8140888253310925, 0.7630765731922146, 0.1681229576531448, -0.7894733639341964, -0.10763341853191266, 0.18924615622927324]"
2021Q3,H1,conservative,DEVELOPMENT_PSEUDO_OOS,8.799999999999997,2018Q1,2021Q2,14,multi_almon_usd_uzs_mom_dlog__ppi_mom_log,multivariate_midas,usd_uzs_mom_dlog|ppi_mom_log,3,7.2082309419899,1.5917690580100974,13,,28.43043708174614,"[1.9236068998821962, 0.5869022388057671, -0.30559306087038685, 0.3966683303486028, 0.08635274677266597, 0.038719415164043175]"
2021Q3,H2,standard,DEVELOPMENT_PSEUDO_OOS,8.799999999999997,2018Q1,2021Q2,14,multi_almon_usd_uzs_mom_dlog__ppi_mom_log,multivariate_midas,usd_uzs_mom_dlog|ppi_mom_log,3,7.779706290167822,1.020293709832175,13,,25.45452482451797,"[1.5511415861470523, 0.7502096346967551, -0.1255165539829065, -0.11199488270977699, -0.0014252674256168274, 0.10243210593397559]"
2021Q3,H2,conservative,DEVELOPMENT_PSEUDO_OOS,8.799999999999997,2018Q1,2021Q2,14,multi_almon_usd_uzs_mom_dlog__ppi_mom_log,multivariate_midas,usd_uzs_mom_dlog|ppi_mom_log,3,7.971001566817749,0.8289984331822478,13,,23.59837910095577,"[1.7031111312202973, 0.7973931949389763, 0.4944466707083609, -1.0948131086143225, -0.2778152861738708, 0.37146900223521545]"
2021Q3,H3,standard,DEVELOPMENT_PSEUDO_OOS,8.799999999999997,2018Q1,2021Q2,14,multi_almon_usd_uzs_mom_dlog__ppi_mom_log,multivariate_midas,usd_uzs_mom_dlog|ppi_mom_log,3,7.385113487282647,1.4148865127173504,13,,23.485255700192823,"[1.707223311665195, 0.6761219056139434, -0.6842037681181801, 0.7226053240549081, 0.007388981814170192, 0.2703872263850574]"
2021Q3,H3,conservative,DEVELOPMENT_PSEUDO_OOS,8.799999999999997,2018Q1,2021Q2,14,multi_almon_usd_uzs_mom_dlog__ppi_mom_log,multivariate_midas,usd_uzs_mom_dlog|ppi_mom_log,3,7.393245009402605,1.406754990597392,13,,23.457900204122502,"[1.4929119643998439, 0.6788538575513473, -0.06097119481027785, -0.5944253996818172, -0.030688931406823772, 0.4394898094948655]"
2021Q4,H1,standard,DEVELOPMENT_PSEUDO_OOS,8.200000000000003,2018Q1,2021Q3,15,multi_almon_usd_uzs_mom_dlog__ppi_mom_log,multivariate_midas,usd_uzs_mom_dlog|ppi_mom_log,3,8.72416330964156,-0.5241633096415566,14,,24.25930189416116,"[1.7239328609921225, 0.8098079300947743, 0.17572795181991194, -0.817968788357614, -0.129126942359302, 0.2040707666825884]"
2021Q4,H1,conservative,DEVELOPMENT_PSEUDO_OOS,8.200000000000003,2018Q1,2021Q3,15,multi_almon_usd_uzs_mom_dlog__ppi_mom_log,multivariate_midas,usd_uzs_mom_dlog|ppi_mom_log,3,7.660320701633616,0.5396792983663872,14,,28.281305821297405,"[1.6943572748734932, 0.6722565361647816, -0.27538647115331155, 0.3485046661606645, 0.05669252474449704, 0.05364288833981659]"
2021Q4,H2,standard,DEVELOPMENT_PSEUDO_OOS,8.200000000000003,2018Q1,2021Q3,15,multi_almon_usd_uzs_mom_dlog__ppi_mom_log,multivariate_midas,usd_uzs_mom_dlog|ppi_mom_log,3,8.591086529272497,-0.3910865292724939,14,,25.211140152749294,"[1.4475844731741851, 0.7998266019115484, -0.09673704370110084, -0.18054201351666, -0.02605167104500339, 0.13260735152673658]"
2021Q4,H2,conservative,DEVELOPMENT_PSEUDO_OOS,8.200000000000003,2018Q1,2021Q3,15,multi_almon_usd_uzs_mom_dlog__ppi_mom_log,multivariate_midas,usd_uzs_mom_dlog|ppi_mom_log,3,8.824146863321902,-0.624146863321899,14,,23.612289095422692,"[1.6184892873703365, 0.8424985463007016, 0.5535342129181294, -1.172899016620719, -0.3293086525048524, 0.41950739075344623]"
2021Q4,H3,standard,DEVELOPMENT_PSEUDO_OOS,8.200000000000003,2018Q1,2021Q3,15,multi_almon_usd_uzs_mom_dlog__ppi_mom_log,multivariate_midas,usd_uzs_mom_dlog|ppi_mom_log,3,8.70508465226426,-0.5050846522642569,14,,23.527230911459547,"[1.5665749741652328, 0.7424165955855637, -0.6834209007379741, 0.7117778960536305, 0.0019862414596107936, 0.24708035255176744]"
2021Q4,H3,conservative,DEVELOPMENT_PSEUDO_OOS,8.200000000000003,2018Q1,2021Q3,15,multi_almon_usd_uzs_mom_dlog__ppi_mom_log,multivariate_midas,usd_uzs_mom_dlog|ppi_mom_log,3,8.71536116597864,-0.5153611659786375,14,,23.492790937295855,"[1.3542504603327583, 0.7444879928800252, -0.060854322442968733, -0.5965977597026071, -0.034491193311311064, 0.41133501740535766]"
2022Q1,H1,standard,DEVELOPMENT_PSEUDO_OOS,5.099999999999994,2018Q1,2021Q4,16,multi_almon_usd_uzs_mom_dlog__ppi_mom_log,multivariate_midas,usd_uzs_mom_dlog|ppi_mom_log,3,7.700954709913133,-2.6009547099131387,15,,24.4891812198783,"[1.7576080703873622, 0.7861794984374102, 0.17043595061096553, -0.796087782257253, -0.11164413584143995, 0.18940930370774278]"
2022Q1,H1,conservative,DEVELOPMENT_PSEUDO_OOS,5.099999999999994,2018Q1,2021Q4,16,multi_almon_usd_uzs_mom_dlog__ppi_mom_log,multivariate_midas,usd_uzs_mom_dlog|ppi_mom_log,3,7.605588175370471,-2.5055881753704767,15,,27.822450138053778,"[1.6159318708394432, 0.7003514586418349, -0.25708816491127096, 0.32197663785738484, 0.04181022398986278, 0.06297778430721823]"
2022Q1,H2,standard,DEVELOPMENT_PSEUDO_OOS,5.099999999999994,2018Q1,2021Q4,16,multi_almon_usd_uzs_mom_dlog__ppi_mom_log,multivariate_midas,usd_uzs_mom_dlog|ppi_mom_log,3,7.871889135081886,-2.7718891350818913,15,,25.29906781948175,"[1.4871280507633218, 0.7830728358029436, -0.11345709041729268, -0.14872246554959956, -0.008386954312171624, 0.10295304742836711]"
2022Q1,H2,conservative,DEVELOPMENT_PSEUDO_OOS,5.099999999999994,2018Q1,2021Q4,16,multi_almon_usd_uzs_mom_dlog__ppi_mom_log,multivariate_midas,usd_uzs_mom_dlog|ppi_mom_log,3,7.505960666150882,-2.4059606661508877,15,,24.315166832668346,"[1.6775299341065906, 0.8143805014775689, 0.5182582670828789, -1.1233814555048962, -0.29563534282858445, 0.38308472632548074]"
2022Q1,H3,standard,DEVELOPMENT_PSEUDO_OOS,5.099999999999994,2018Q1,2021Q4,16,multi_almon_usd_uzs_mom_dlog__ppi_mom_log,multivariate_midas,usd_uzs_mom_dlog|ppi_mom_log,3,7.922579694271452,-2.8225796942714574,15,,23.972227748055417,"[1.6202620782783828, 0.724115903061396, -0.6727394467590488, 0.7041633892489636, 0.0057127042155418195, 0.23903907761174475]"
2022Q1,H3,conservative,DEVELOPMENT_PSEUDO_OOS,5.099999999999994,2018Q1,2021Q4,16,multi_almon_usd_uzs_mom_dlog__ppi_mom_log,multivariate_midas,usd_uzs_mom_dlog|ppi_mom_log,3,7.784147187915269,-2.6841471879152747,15,,23.80031634265761,"[1.4112956220564579, 0.7261483897012985, -0.06206621854753591, -0.5778498686208484, -0.029626845155311776, 0.3983545280617213]"
2022Q2,H1,standard,DEVELOPMENT_PSEUDO_OOS,4.5,2018Q1,2022Q1,17,multi_almon_usd_uzs_mom_dlog__ppi_mom_log,multivariate_midas,usd_uzs_mom_dlog|ppi_mom_log,3,4.25528560310702,0.2447143968929799,16,,24.900695451204843,"[1.9518655943102998, 0.7184608417372066, 0.1568969157458336, -0.7726400881060553, -0.12635970897265086, 0.22747594335474997]"
2022Q2,H1,conservative,DEVELOPMENT_PSEUDO_OOS,4.5,2018Q1,2022Q1,17,multi_almon_usd_uzs_mom_dlog__ppi_mom_log,multivariate_midas,usd_uzs_mom_dlog|ppi_mom_log,3,5.5698782741196045,-1.0698782741196045,16,,28.293272317283364,"[1.825746074349238, 0.6348346009602435, -0.2602518939366697, 0.29503378494680815, 0.02407797759479602, 0.10765725414479999]"
2022Q2,H2,standard,DEVELOPMENT_PSEUDO_OOS,4.5,2018Q1,2022Q1,17,multi_almon_usd_uzs_mom_dlog__ppi_mom_log,multivariate_midas,usd_uzs_mom_dlog|ppi_mom_log,3,4.884893463966603,-0.38489346396660284,16,,25.630147923984218,"[1.6343785599582845, 0.7018588356859119, -0.22692852481595063, 0.07044500208797938, 0.04835480894980748, 0.027824988842231113]"
2022Q2,H2,conservative,DEVELOPMENT_PSEUDO_OOS,4.5,2018Q1,2022Q1,17,multi_almon_usd_uzs_mom_dlog__ppi_mom_log,multivariate_midas,usd_uzs_mom_dlog|ppi_mom_log,3,4.4487165706165275,0.05128342938347252,16,,24.382327239799285,"[1.8646031352122188, 0.7731819445709656, 0.6576855727150648, -1.2667226602496984, -0.4167865115616533, 0.5268822724593957]"
2022Q2,H3,standard,DEVELOPMENT_PSEUDO_OOS,4.5,2018Q1,2022Q1,17,multi_almon_usd_uzs_mom_dlog__ppi_mom_log,multivariate_midas,usd_uzs_mom_dlog|ppi_mom_log,3,5.903861153866415,-1.4038611538664147,16,,24.538865974579025,"[1.6985653223122572, 0.6647772018740956, -0.5983182079013014, 0.3938870561970945, -0.024495908961762014, 0.3846162873044635]"
2022Q2,H3,conservative,DEVELOPMENT_PSEUDO_OOS,4.5,2018Q1,2022Q1,17,multi_almon_usd_uzs_mom_dlog__ppi_mom_log,multivariate_midas,usd_uzs_mom_dlog|ppi_mom_log,3,5.747865076126969,-1.2478650761269687,16,,24.113889438951485,"[1.5656196053920495, 0.6508745163085496, -0.12227552050085483, -0.4479381349285283, -0.007150032497667214, 0.38408522968827263]"
2022Q3,H1,standard,DEVELOPMENT_PSEUDO_OOS,5.299999999999997,2018Q1,2022Q2,18,multi_almon_usd_uzs_mom_dlog__ppi_mom_log,multivariate_midas,usd_uzs_mom_dlog|ppi_mom_log,3,5.612636048790069,-0.3126360487900719,17,,25.561347314162926,"[1.9575783827162303, 0.7175135755351649, 0.15602730719138924, -0.7602187342043513, -0.1251190448934717, 0.22645322640215795]"
2022Q3,H1,conservative,DEVELOPMENT_PSEUDO_OOS,5.299999999999997,2018Q1,2022Q2,18,multi_almon_usd_uzs_mom_dlog__ppi_mom_log,multivariate_midas,usd_uzs_mom_dlog|ppi_mom_log,3,5.189315415813794,0.11068458418620342,17,,28.042461997521425,"[1.6801952047079032, 0.6520148339399706, -0.19809729833794937, 0.1633086279479627, 0.025012684011746444, 0.10263536842446297]"
2022Q3,H2,standard,DEVELOPMENT_PSEUDO_OOS,5.299999999999997,2018Q1,2022Q2,18,multi_almon_usd_uzs_mom_dlog__ppi_mom_log,multivariate_midas,usd_uzs_mom_dlog|ppi_mom_log,3,5.535996997510101,-0.23599699751010395,17,,25.861250188394415,"[1.6131016506565279, 0.7003898892253838, -0.27330251662397725, 0.14625232052939774, 0.06584709040935965, 0.0003212331987243189]"
2022Q3,H2,conservative,DEVELOPMENT_PSEUDO_OOS,5.299999999999997,2018Q1,2022Q2,18,multi_almon_usd_uzs_mom_dlog__ppi_mom_log,multivariate_midas,usd_uzs_mom_dlog|ppi_mom_log,3,3.1999999815507474,2.1000000184492498,17,,25.003644642184515,"[1.8661875689931686, 0.7732014458808465, 0.6586036734872894, -1.2655129616257597, -0.4176346390219955, 0.5278977140524906]"
2022Q3,H3,standard,DEVELOPMENT_PSEUDO_OOS,5.299999999999997,2018Q1,2022Q2,18,multi_almon_usd_uzs_mom_dlog__ppi_mom_log,multivariate_midas,usd_uzs_mom_dlog|ppi_mom_log,3,5.0818523367271204,0.2181476632728767,17,,24.843275954165854,"[1.6316310079115304, 0.6574780085923019, -0.6152065643467141, 0.5292701063406666, -0.008888387230892303, 0.3342538257678637]"
2022Q3,H3,conservative,DEVELOPMENT_PSEUDO_OOS,5.299999999999997,2018Q1,2022Q2,18,multi_almon_usd_uzs_mom_dlog__ppi_mom_log,multivariate_midas,usd_uzs_mom_dlog|ppi_mom_log,3,5.393224126330184,-0.09322412633018651,17,,24.555210983983375,"[1.5179918910114982, 0.6565595527768728, -0.23868265251281018, -0.22033143435561214, 0.007908337322928338, 0.33817663485320304]"
2022Q4,H1,standard,DEVELOPMENT_PSEUDO_OOS,6.099999999999994,2018Q1,2022Q3,19,multi_almon_usd_uzs_mom_dlog__ppi_mom_log,multivariate_midas,usd_uzs_mom_dlog|ppi_mom_log,3,4.946847826891528,1.1531521731084666,18,,25.255879190832836,"[1.9158464267534483, 0.7204648065925948, 0.1737456995598943, -0.7715020166138351, -0.12330877468145279, 0.21880297713924587]"
2022Q4,H1,conservative,DEVELOPMENT_PSEUDO_OOS,6.099999999999994,2018Q1,2022Q3,19,multi_almon_usd_uzs_mom_dlog__ppi_mom_log,multivariate_midas,usd_uzs_mom_dlog|ppi_mom_log,3,5.232244516825085,0.8677554831749097,18,,28.091202980380356,"[1.6933843770789117, 0.6510993280430093, -0.19835561340339167, 0.15627684123691965, 0.02417779060519959, 0.1056164992979976]"
2022Q4,H2,standard,DEVELOPMENT_PSEUDO_OOS,6.099999999999994,2018Q1,2022Q3,19,multi_almon_usd_uzs_mom_dlog__ppi_mom_log,multivariate_midas,usd_uzs_mom_dlog|ppi_mom_log,3,5.039420908470502,1.0605790915294921,18,,25.366376243340568,"[1.5823727061051664, 0.7030024815052397, -0.25668056890143276, 0.1283159162935552, 0.0578724956173467, 0.014148037567964067]"
2022Q4,H2,conservative,DEVELOPMENT_PSEUDO_OOS,6.099999999999994,2018Q1,2022Q3,19,multi_almon_usd_uzs_mom_dlog__ppi_mom_log,multivariate_midas,usd_uzs_mom_dlog|ppi_mom_log,3,5.018188828235488,1.0818111717645067,18,,24.77868894918119,"[1.9735492296581685, 0.7197017024183016, 0.33405863715356565, -0.911849465699018, -0.18719156698320177, 0.28655481391847903]"
2022Q4,H3,standard,DEVELOPMENT_PSEUDO_OOS,6.099999999999994,2018Q1,2022Q3,19,multi_almon_usd_uzs_mom_dlog__ppi_mom_log,multivariate_midas,usd_uzs_mom_dlog|ppi_mom_log,3,4.929232613403456,1.1707673865965385,18,,24.515991891779517,"[1.6606886348890244, 0.6552582896611696, -0.6202212154703752, 0.5397540905837318, -0.006424194031125763, 0.32761852942056646]"
2022Q4,H3,conservative,DEVELOPMENT_PSEUDO_OOS,6.099999999999994,2018Q1,2022Q3,19,multi_almon_usd_uzs_mom_dlog__ppi_mom_log,multivariate_midas,usd_uzs_mom_dlog|ppi_mom_log,3,4.976619791185065,1.123380208814929,18,,24.069917575675632,"[1.505473737077656, 0.657227002880314, -0.23337539191664425, -0.2269619910324827, 0.006811743346466614, 0.34052831343075973]"
2023Q1,H1,standard,DEVELOPMENT_PSEUDO_OOS,6.400000000000006,2018Q1,2022Q4,20,multi_almon_usd_uzs_mom_dlog__ppi_mom_log,multivariate_midas,usd_uzs_mom_dlog|ppi_mom_log,3,5.924570068224117,0.47542993177588855,19,,25.186751538338427,"[2.0073457802293944, 0.7249540771180398, 0.171176433296239, -0.7604949973330554, -0.14210482021615423, 0.2299967339766222]"
2023Q1,H1,conservative,DEVELOPMENT_PSEUDO_OOS,6.400000000000006,2018Q1,2022Q4,20,multi_almon_usd_uzs_mom_dlog__ppi_mom_log,multivariate_midas,usd_uzs_mom_dlog|ppi_mom_log,3,5.608957741038743,0.7910422589612631,19,,27.66571058330848,"[1.800358693168691, 0.6492256946803749, -0.22097630445790456, 0.18775048424957153, 0.010016651139404142, 0.11732800530120618]"
2023Q1,H2,standard,DEVELOPMENT_PSEUDO_OOS,6.400000000000006,2018Q1,2022Q4,20,multi_almon_usd_uzs_mom_dlog__ppi_mom_log,multivariate_midas,usd_uzs_mom_dlog|ppi_mom_log,3,5.906701407008107,0.4932985929918985,19,,25.48008453167157,"[1.6473888197297908, 0.703046026139587, -0.24303001629252366, 0.11855651580803364, 0.04059514693070709, 0.041300295307645285]"
2023Q1,H2,conservative,DEVELOPMENT_PSEUDO_OOS,6.400000000000006,2018Q1,2022Q4,20,multi_almon_usd_uzs_mom_dlog__ppi_mom_log,multivariate_midas,usd_uzs_mom_dlog|ppi_mom_log,3,5.992227313227197,0.40777268677280887,19,,24.976141681301414,"[2.043284590324452, 0.7210481285271259, 0.33391007866640415, -0.8974446762853057, -0.20151562752148416, 0.30104881418084983]"
2023Q1,H3,standard,DEVELOPMENT_PSEUDO_OOS,6.400000000000006,2018Q1,2022Q4,20,multi_almon_usd_uzs_mom_dlog__ppi_mom_log,multivariate_midas,usd_uzs_mom_dlog|ppi_mom_log,3,5.718995358096423,0.6810046419035825,19,,24.778405216126515,"[1.7264621648783847, 0.6556621846195967, -0.604682721840381, 0.5135117245521661, -0.01572336939714919, 0.3403746878460051]"
2023Q1,H3,conservative,DEVELOPMENT_PSEUDO_OOS,6.400000000000006,2018Q1,2022Q4,20,multi_almon_usd_uzs_mom_dlog__ppi_mom_log,multivariate_midas,usd_uzs_mom_dlog|ppi_mom_log,3,5.667117351101743,0.7328826488982623,19,,24.285980048568774,"[1.5759485192559055, 0.6564332815613458, -0.22577796236278233, -0.227529012708752, -0.000502234827247483, 0.3467058304696966]"
2023Q2,H1,standard,DEVELOPMENT_PSEUDO_OOS,7.099999999999994,2018Q1,2023Q1,21,multi_almon_usd_uzs_mom_dlog__ppi_mom_log,multivariate_midas,usd_uzs_mom_dlog|ppi_mom_log,3,6.36199127046499,0.7380087295350046,20,,25.557604160598157,"[2.0200130624318122, 0.728063173849642, 0.17618527827638333, -0.7685683391732796, -0.14208600949732286, 0.22705661542519745]"
2023Q2,H1,conservative,DEVELOPMENT_PSEUDO_OOS,7.099999999999994,2018Q1,2023Q1,21,multi_almon_usd_uzs_mom_dlog__ppi_mom_log,multivariate_midas,usd_uzs_mom_dlog|ppi_mom_log,3,5.971680068384171,1.128319931615823,20,,28.070467583870155,"[1.7817110864539911, 0.6596669671032989, -0.19689061042096395, 0.161692442360233, 0.010364340306348307, 0.10863627770709597]"
2023Q2,H2,standard,DEVELOPMENT_PSEUDO_OOS,7.099999999999994,2018Q1,2023Q1,21,multi_almon_usd_uzs_mom_dlog__ppi_mom_log,multivariate_midas,usd_uzs_mom_dlog|ppi_mom_log,3,6.023606482666746,1.0763935173332486,20,,25.794066907064046,"[1.6609693200646602, 0.7066219964112093, -0.23964892124863166, 0.11034782002729772, 0.03616134745342464, 0.04768096541953279]"
2023Q2,H2,conservative,DEVELOPMENT_PSEUDO_OOS,7.099999999999994,2018Q1,2023Q1,21,multi_almon_usd_uzs_mom_dlog__ppi_mom_log,multivariate_midas,usd_uzs_mom_dlog|ppi_mom_log,3,6.4635524791014785,0.6364475208985159,20,,25.376362390978215,"[2.0548612155290993, 0.7239877735806212, 0.33954763243138675, -0.9064960360829092, -0.2038850913662304, 0.3019247773668442]"
2023Q2,H3,standard,DEVELOPMENT_PSEUDO_OOS,7.099999999999994,2018Q1,2023Q1,21,multi_almon_usd_uzs_mom_dlog__ppi_mom_log,multivariate_midas,usd_uzs_mom_dlog|ppi_mom_log,3,5.92791623647283,1.172083763527164,20,,25.06407049667345,"[1.7503707348399493, 0.6613009053574672, -0.6035423854966194, 0.5157370960609484, -0.01560672078226183, 0.3302038995155434]"
2023Q2,H3,conservative,DEVELOPMENT_PSEUDO_OOS,7.099999999999994,2018Q1,2023Q1,21,multi_almon_usd_uzs_mom_dlog__ppi_mom_log,multivariate_midas,usd_uzs_mom_dlog|ppi_mom_log,3,5.683767167360089,1.4162328326399054,20,,24.564722560835854,"[1.5994606714108481, 0.6630202724311561, -0.22335343631608243, -0.22586403811004357, -0.0006267818448059126, 0.3354249444511972]"
2023Q3,H1,standard,DEVELOPMENT_PSEUDO_OOS,6.5,2018Q1,2023Q2,22,multi_almon_usd_uzs_mom_dlog__ppi_mom_log,multivariate_midas,usd_uzs_mom_dlog|ppi_mom_log,3,6.6540991808397605,-0.15409918083976049,21,,25.81023013155748,"[2.0421085792520484, 0.7362436095611966, 0.18270054824256637, -0.7873887083371343, -0.149080881014082, 0.22945273117844936]"
2023Q3,H1,conservative,DEVELOPMENT_PSEUDO_OOS,6.5,2018Q1,2023Q2,22,multi_almon_usd_uzs_mom_dlog__ppi_mom_log,multivariate_midas,usd_uzs_mom_dlog|ppi_mom_log,3,6.531396543135609,-0.031396543135609356,21,,28.391386387967646,"[1.784498825903106, 0.6735152570210707, -0.1877788810508515, 0.15429366180908055, 0.003949190401968283, 0.10624943465353975]"
2023Q3,H2,standard,DEVELOPMENT_PSEUDO_OOS,6.5,2018Q1,2023Q2,22,multi_almon_usd_uzs_mom_dlog__ppi_mom_log,multivariate_midas,usd_uzs_mom_dlog|ppi_mom_log,3,6.127567000700288,0.3724329992997122,21,,25.895649799921646,"[1.6899179830494613, 0.7173083272800187, -0.23476481465721796, 0.08929639295033644, 0.034033485414976694, 0.038632654131363714]"
2023Q3,H2,conservative,DEVELOPMENT_PSEUDO_OOS,6.5,2018Q1,2023Q2,22,multi_almon_usd_uzs_mom_dlog__ppi_mom_log,multivariate_midas,usd_uzs_mom_dlog|ppi_mom_log,3,6.649585664027142,-0.1495856640271418,21,,25.363093177316422,"[2.088864549203474, 0.7329894735795789, 0.36497032403359386, -0.9466807952366766, -0.22673569854965547, 0.32052994116945066]"
2023Q3,H3,standard,DEVELOPMENT_PSEUDO_OOS,6.5,2018Q1,2023Q2,22,multi_almon_usd_uzs_mom_dlog__ppi_mom_log,multivariate_midas,usd_uzs_mom_dlog|ppi_mom_log,3,4.996274536749331,1.5037254632506691,21,,25.193530873281077,"[1.7902249832842492, 0.6758089631248526, -0.60414143305286, 0.5171110071867155, -0.018416792922243796, 0.3082293589039823]"
2023Q3,H3,conservative,DEVELOPMENT_PSEUDO_OOS,6.5,2018Q1,2023Q2,22,multi_almon_usd_uzs_mom_dlog__ppi_mom_log,multivariate_midas,usd_uzs_mom_dlog|ppi_mom_log,3,5.07426314896035,1.42573685103965,21,,24.70363623122531,"[1.64087812299849, 0.6819537840085484, -0.219002222800509, -0.21093128302660707, -0.0007850513101087531, 0.29433310160281423]"
2023Q4,H1,standard,DEVELOPMENT_PSEUDO_OOS,6.299999999999997,2018Q1,2023Q3,23,multi_almon_usd_uzs_mom_dlog__ppi_mom_log,multivariate_midas,usd_uzs_mom_dlog|ppi_mom_log,3,6.721675815177467,-0.42167581517747,22,,25.983887127968238,"[2.0417360334962833, 0.7331395711462717, 0.18197148177355058, -0.7860296870606266, -0.14499675428125164, 0.22625669377442464]"
2023Q4,H1,conservative,DEVELOPMENT_PSEUDO_OOS,6.299999999999997,2018Q1,2023Q3,23,multi_almon_usd_uzs_mom_dlog__ppi_mom_log,multivariate_midas,usd_uzs_mom_dlog|ppi_mom_log,3,5.676827613567367,0.6231723864326302,22,,28.53912780785543,"[1.7849404784971599, 0.672817430513825, -0.18808788753966396, 0.1547691150371503, 0.004760140451337824, 0.10563931082270187]"
2023Q4,H2,standard,DEVELOPMENT_PSEUDO_OOS,6.299999999999997,2018Q1,2023Q3,23,multi_almon_usd_uzs_mom_dlog__ppi_mom_log,multivariate_midas,usd_uzs_mom_dlog|ppi_mom_log,3,6.305732836025411,-0.0057328360254134125,22,,26.00920125690848,"[1.6749604829935716, 0.7217097356085366, -0.24099738382669367, 0.11285982983855278, 0.03346849264245544, 0.03790668994654392]"
2023Q4,H2,conservative,DEVELOPMENT_PSEUDO_OOS,6.299999999999997,2018Q1,2023Q3,23,multi_almon_usd_uzs_mom_dlog__ppi_mom_log,multivariate_midas,usd_uzs_mom_dlog|ppi_mom_log,3,7.917483574562677,-1.61748357456268,22,,25.57218737530828,"[2.0883242478772805, 0.7301324640075132, 0.3608558649754619, -0.9425014581332247, -0.22143899935088834, 0.3158578099204846]"
2023Q4,H3,standard,DEVELOPMENT_PSEUDO_OOS,6.299999999999997,2018Q1,2023Q3,23,multi_almon_usd_uzs_mom_dlog__ppi_mom_log,multivariate_midas,usd_uzs_mom_dlog|ppi_mom_log,3,6.91811159016595,-0.6181115901659524,22,,25.560645918388108,"[1.7750039607007861, 0.6928029393713537, -0.5501044125274407, 0.5437907588691959, -0.0001627878757474166, 0.21538213258881375]"
2023Q4,H3,conservative,DEVELOPMENT_PSEUDO_OOS,6.299999999999997,2018Q1,2023Q3,23,multi_almon_usd_uzs_mom_dlog__ppi_mom_log,multivariate_midas,usd_uzs_mom_dlog|ppi_mom_log,3,6.5245562475115335,-0.22455624751153636,22,,25.013580297456137,"[1.6176751648079233, 0.7061852825663097, -0.23897154287346373, -0.06186318057908213, 0.01715732723664881, 0.1946319653712391]"
2024Q1,H1,standard,DEVELOPMENT_PSEUDO_OOS,6.400000000000006,2018Q1,2023Q4,24,multi_almon_usd_uzs_mom_dlog__ppi_mom_log,multivariate_midas,usd_uzs_mom_dlog|ppi_mom_log,3,5.425171303733897,0.9748286962661084,23,,26.251385050340488,"[2.03079086601902, 0.7284081330750354, 0.15673234160211866, -0.7485873063532575, -0.13441954222624491, 0.21951162629845647]"
2024Q1,H1,conservative,DEVELOPMENT_PSEUDO_OOS,6.400000000000006,2018Q1,2023Q4,24,multi_almon_usd_uzs_mom_dlog__ppi_mom_log,multivariate_midas,usd_uzs_mom_dlog|ppi_mom_log,3,6.053036258449191,0.3469637415508151,23,,28.77782974970847,"[1.749639407823924, 0.6841131266158766, -0.1634216827833282, 0.1496156695847891, -0.0053201411619905326, 0.1066667198795202]"
2024Q1,H2,standard,DEVELOPMENT_PSEUDO_OOS,6.400000000000006,2018Q1,2023Q4,24,multi_almon_usd_uzs_mom_dlog__ppi_mom_log,multivariate_midas,usd_uzs_mom_dlog|ppi_mom_log,3,6.184273609855547,0.21572639014445905,23,,27.162647607465736,"[1.6750349598535115, 0.7216628868810175, -0.24123923426135296, 0.1131794669911501, 0.03378679785610905, 0.03727745531849355]"
2024Q1,H2,conservative,DEVELOPMENT_PSEUDO_OOS,6.400000000000006,2018Q1,2023Q4,24,multi_almon_usd_uzs_mom_dlog__ppi_mom_log,multivariate_midas,usd_uzs_mom_dlog|ppi_mom_log,3,5.562686042016064,0.8373139579839419,23,,26.635799208538,"[2.0295235480239247, 0.7119385075232494, 0.20988711124152196, -0.7465952023374007, -0.11009046836245318, 0.177823234472646]"
2024Q1,H3,standard,DEVELOPMENT_PSEUDO_OOS,6.400000000000006,2018Q1,2023Q4,24,multi_almon_usd_uzs_mom_dlog__ppi_mom_log,multivariate_midas,usd_uzs_mom_dlog|ppi_mom_log,3,6.0349253125355435,0.36507468746446214,23,,26.581672940796874,"[1.7913739180871553, 0.6894557862644164, -0.5399602144846984, 0.5412228947953086, 0.0012443612349192779, 0.19576509711249052]"
2024Q1,H3,conservative,DEVELOPMENT_PSEUDO_OOS,6.400000000000006,2018Q1,2023Q4,24,multi_almon_usd_uzs_mom_dlog__ppi_mom_log,multivariate_midas,usd_uzs_mom_dlog|ppi_mom_log,3,6.012706933379105,0.38729306662090046,23,,26.0311159068086,"[1.6260200041073913, 0.7051554572064986, -0.24472095877545347, -0.04907812943496932, 0.017984574948859466, 0.18726117656407354]"
2024Q2,H1,standard,DEVELOPMENT_PSEUDO_OOS,6.599999999999994,2018Q1,2024Q1,25,multi_almon_usd_uzs_mom_dlog__ppi_mom_log,multivariate_midas,usd_uzs_mom_dlog|ppi_mom_log,3,5.913684300111491,0.6863156998885032,24,,27.012953421762113,"[1.9929216686033582, 0.7244857633271138, 0.14801945562640556, -0.7178769400047682, -0.08741799996678634, 0.1636502242907766]"
2024Q2,H1,conservative,DEVELOPMENT_PSEUDO_OOS,6.599999999999994,2018Q1,2024Q1,25,multi_almon_usd_uzs_mom_dlog__ppi_mom_log,multivariate_midas,usd_uzs_mom_dlog|ppi_mom_log,3,6.099741111618627,0.5002588883813672,24,,29.68945185948422,"[1.7453813382407581, 0.6823255679061259, -0.1654636799196637, 0.15383234076679206, 0.010181071286176402, 0.08807935767746514]"
2024Q2,H2,standard,DEVELOPMENT_PSEUDO_OOS,6.599999999999994,2018Q1,2024Q1,25,multi_almon_usd_uzs_mom_dlog__ppi_mom_log,multivariate_midas,usd_uzs_mom_dlog|ppi_mom_log,3,6.209858516138738,0.3901414838612567,24,,27.59019711963939,"[1.67798735872933, 0.7230036372342336, -0.24101829638271247, 0.11241733789066807, 0.03139657600221263, 0.0416285688626464]"
2024Q2,H2,conservative,DEVELOPMENT_PSEUDO_OOS,6.599999999999994,2018Q1,2024Q1,25,multi_almon_usd_uzs_mom_dlog__ppi_mom_log,multivariate_midas,usd_uzs_mom_dlog|ppi_mom_log,3,6.159019164809301,0.4409808351906932,24,,27.193996181808867,"[1.9806315678780184, 0.7103182887500645, 0.16827771535797909, -0.6936975253934615, -0.056633864045414484, 0.12110642217872442]"
2024Q2,H3,standard,DEVELOPMENT_PSEUDO_OOS,6.599999999999994,2018Q1,2024Q1,25,multi_almon_usd_uzs_mom_dlog__ppi_mom_log,multivariate_midas,usd_uzs_mom_dlog|ppi_mom_log,3,6.370528939531236,0.2294710604687582,24,,26.9710543942773,"[1.7978284491947099, 0.6919493650354631, -0.5392458378991783, 0.5423491819171746, 0.002475735257346068, 0.190206777178942]"
2024Q2,H3,conservative,DEVELOPMENT_PSEUDO_OOS,6.599999999999994,2018Q1,2024Q1,25,multi_almon_usd_uzs_mom_dlog__ppi_mom_log,multivariate_midas,usd_uzs_mom_dlog|ppi_mom_log,3,6.474991302858367,0.12500869714162732,24,,26.40731528489002,"[1.6321561479770599, 0.7080356236158645, -0.24490404731243734, -0.04576068328059145, 0.019346681076966243, 0.18087773581373115]"
2024Q3,H1,standard,DEVELOPMENT_PSEUDO_OOS,6.599999999999994,2018Q1,2024Q2,26,multi_almon_usd_uzs_mom_dlog__ppi_mom_log,multivariate_midas,usd_uzs_mom_dlog|ppi_mom_log,3,6.844272612153237,-0.24427261215324236,25,,27.393776793903026,"[1.9921059597659723, 0.7287241303091083, 0.14720939075528064, -0.7096941141006137, -0.08497359011804917, 0.15768721740855274]"
2024Q3,H1,conservative,DEVELOPMENT_PSEUDO_OOS,6.599999999999994,2018Q1,2024Q2,26,multi_almon_usd_uzs_mom_dlog__ppi_mom_log,multivariate_midas,usd_uzs_mom_dlog|ppi_mom_log,3,6.340348280200146,0.259651719799848,25,,30.08598045627687,"[1.7456526313084626, 0.6859977004303429, -0.16294985560395786, 0.15211831424427485, 0.011083303637565933, 0.08423226713436596]"
2024Q3,H2,standard,DEVELOPMENT_PSEUDO_OOS,6.599999999999994,2018Q1,2024Q2,26,multi_almon_usd_uzs_mom_dlog__ppi_mom_log,multivariate_midas,usd_uzs_mom_dlog|ppi_mom_log,3,6.716230793705622,-0.11623079370562728,25,,27.980211589829807,"[1.6829908743851025, 0.7258062887227283, -0.2356180730000518, 0.10258822998909527, 0.023413312035250378, 0.05504504337038152]"
2024Q3,H2,conservative,DEVELOPMENT_PSEUDO_OOS,6.599999999999994,2018Q1,2024Q2,26,multi_almon_usd_uzs_mom_dlog__ppi_mom_log,multivariate_midas,usd_uzs_mom_dlog|ppi_mom_log,3,6.774976605603678,-0.17497660560368367,25,,27.655989949759025,"[1.9856119916094501, 0.7140334488407953, 0.1721830539856045, -0.6952549573015525, -0.06421537297609603, 0.1303324607946148]"
2024Q3,H3,standard,DEVELOPMENT_PSEUDO_OOS,6.599999999999994,2018Q1,2024Q2,26,multi_almon_usd_uzs_mom_dlog__ppi_mom_log,multivariate_midas,usd_uzs_mom_dlog|ppi_mom_log,3,6.458167304908434,0.14183269509156027,25,,27.50279528609738,"[1.7924259590220881, 0.6942295611754394, -0.5376757113397899, 0.5308435721605068, -0.0003134845673278819, 0.19892574295423548]"
2024Q3,H3,conservative,DEVELOPMENT_PSEUDO_OOS,6.599999999999994,2018Q1,2024Q2,26,multi_almon_usd_uzs_mom_dlog__ppi_mom_log,multivariate_midas,usd_uzs_mom_dlog|ppi_mom_log,3,6.485604435634264,0.11439556436573017,25,,27.006106588710804,"[1.6316520812144222, 0.7085996359037972, -0.24425845713908576, -0.04957092564119388, 0.018335703484454124, 0.1846777723872277]"
2024Q4,H1,standard,DEVELOPMENT_PSEUDO_OOS,6.700000000000003,2018Q1,2024Q3,27,multi_almon_usd_uzs_mom_dlog__ppi_mom_log,multivariate_midas,usd_uzs_mom_dlog|ppi_mom_log,3,6.396182374347421,0.30381762565258175,26,,27.87710883160998,"[1.9893319732645303, 0.7271416106081612, 0.1489755649734715, -0.7064308052315499, -0.08634570945864217, 0.15902227072374495]"
2024Q4,H1,conservative,DEVELOPMENT_PSEUDO_OOS,6.700000000000003,2018Q1,2024Q3,27,multi_almon_usd_uzs_mom_dlog__ppi_mom_log,multivariate_midas,usd_uzs_mom_dlog|ppi_mom_log,3,6.361803203825224,0.3381967961747785,26,,30.541981296515594,"[1.7356109980405336, 0.6889638628743613, -0.1570962254228822, 0.1393306876712864, 0.012968816587290544, 0.08172435719322449]"
2024Q4,H2,standard,DEVELOPMENT_PSEUDO_OOS,6.700000000000003,2018Q1,2024Q3,27,multi_almon_usd_uzs_mom_dlog__ppi_mom_log,multivariate_midas,usd_uzs_mom_dlog|ppi_mom_log,3,6.319146767027311,0.3808532329726919,26,,28.263330066383087,"[1.6816117666869965, 0.7248165120370977, -0.23226585971263886, 0.09977330792847304, 0.0216594425276162, 0.05837574407365059]"
2024Q4,H2,conservative,DEVELOPMENT_PSEUDO_OOS,6.700000000000003,2018Q1,2024Q3,27,multi_almon_usd_uzs_mom_dlog__ppi_mom_log,multivariate_midas,usd_uzs_mom_dlog|ppi_mom_log,3,6.403355733386916,0.29664426661308685,26,,27.956531451022975,"[1.983094074863139, 0.7127904175188902, 0.17384061354140168, -0.6929982385855387, -0.06562534495301536, 0.13245785432811444]"
2024Q4,H3,standard,DEVELOPMENT_PSEUDO_OOS,6.700000000000003,2018Q1,2024Q3,27,multi_almon_usd_uzs_mom_dlog__ppi_mom_log,multivariate_midas,usd_uzs_mom_dlog|ppi_mom_log,3,6.341190531524423,0.35880946847558004,26,,27.6743829332054,"[1.7967214097195259, 0.6955047873323928, -0.5395444184544665, 0.5345209201973903, 8.6857434792309e-06, 0.19574567064477477]"
2024Q4,H3,conservative,DEVELOPMENT_PSEUDO_OOS,6.700000000000003,2018Q1,2024Q3,27,multi_almon_usd_uzs_mom_dlog__ppi_mom_log,multivariate_midas,usd_uzs_mom_dlog|ppi_mom_log,3,6.288787334729548,0.41121266527045464,26,,27.160772914489446,"[1.6346620317135374, 0.7098181040942936, -0.2467856852641967, -0.0462696039634221, 0.018639315285529756, 0.1822830465130015]"
2025Q1,H1,standard,DEVELOPMENT_PSEUDO_OOS,6.799999999999997,2018Q1,2024Q4,28,multi_almon_usd_uzs_mom_dlog__ppi_mom_log,multivariate_midas,usd_uzs_mom_dlog|ppi_mom_log,3,6.343880758032853,0.45611924196714426,27,,28.10135412649257,"[1.994575464839333, 0.730510041524109, 0.14940989741358757, -0.7085395014550793, -0.09097550598533166, 0.16280988811965688]"
2025Q1,H1,conservative,DEVELOPMENT_PSEUDO_OOS,6.799999999999997,2018Q1,2024Q4,28,multi_almon_usd_uzs_mom_dlog__ppi_mom_log,multivariate_midas,usd_uzs_mom_dlog|ppi_mom_log,3,6.335841352731571,0.4641586472684258,27,,30.714461216464382,"[1.748318375508735, 0.691408641548391, -0.16300511727464537, 0.14755107460498593, 0.00839573471129218, 0.08610404255578077]"
2025Q1,H2,standard,DEVELOPMENT_PSEUDO_OOS,6.799999999999997,2018Q1,2024Q4,28,multi_almon_usd_uzs_mom_dlog__ppi_mom_log,multivariate_midas,usd_uzs_mom_dlog|ppi_mom_log,3,6.390802556217841,0.4091974437821557,27,,28.510085589578193,"[1.6854462831797576, 0.7281780821608808, -0.22749101259767912, 0.08992764128145225, 0.015811454647765955, 0.06622393030734142]"
2025Q1,H2,conservative,DEVELOPMENT_PSEUDO_OOS,6.799999999999997,2018Q1,2024Q4,28,multi_almon_usd_uzs_mom_dlog__ppi_mom_log,multivariate_midas,usd_uzs_mom_dlog|ppi_mom_log,3,6.315748910507286,0.48425108949271145,27,,28.240110187109867,"[1.9880724874141162, 0.7157821227863805, 0.17740743407636583, -0.6974028058326266, -0.0712788045000276, 0.13773730126569622]"
2025Q1,H3,standard,DEVELOPMENT_PSEUDO_OOS,6.799999999999997,2018Q1,2024Q4,28,multi_almon_usd_uzs_mom_dlog__ppi_mom_log,multivariate_midas,usd_uzs_mom_dlog|ppi_mom_log,3,6.233371937669492,0.5666280623305049,27,,28.021194690271503,"[1.797355573354482, 0.6989239154186359, -0.5390442181282983, 0.5318587581554824, -0.0006765580633568691, 0.1945587444849738]"
2025Q1,H3,conservative,DEVELOPMENT_PSEUDO_OOS,6.799999999999997,2018Q1,2024Q4,28,multi_almon_usd_uzs_mom_dlog__ppi_mom_log,multivariate_midas,usd_uzs_mom_dlog|ppi_mom_log,3,6.249597796850081,0.5504022031499165,27,,27.501456338579757,"[1.635538780776532, 0.7134620678002314, -0.24334594724416392, -0.052128863405169756, 0.017839098212197257, 0.1806067932827593]"
2025Q2,H1,standard,DEVELOPMENT_PSEUDO_OOS,7.200000000000003,2018Q1,2025Q1,29,multi_almon_usd_uzs_mom_dlog__ppi_mom_log,multivariate_midas,usd_uzs_mom_dlog|ppi_mom_log,3,6.998154068458941,0.20184593154106167,28,,28.38283741197555,"[1.995043822710581, 0.734788243798838, 0.14793839622468957, -0.7061558635099232, -0.09286717643144204, 0.16257084215215767]"
2025Q2,H1,conservative,DEVELOPMENT_PSEUDO_OOS,7.200000000000003,2018Q1,2025Q1,29,multi_almon_usd_uzs_mom_dlog__ppi_mom_log,multivariate_midas,usd_uzs_mom_dlog|ppi_mom_log,3,6.511254190662126,0.6887458093378767,28,,31.0002583810162,"[1.743038225458034, 0.6967023434075029, -0.15867135584306336, 0.14106264272637126, 0.006080245226301018, 0.08558464298972349]"
2025Q2,H2,standard,DEVELOPMENT_PSEUDO_OOS,7.200000000000003,2018Q1,2025Q1,29,multi_almon_usd_uzs_mom_dlog__ppi_mom_log,multivariate_midas,usd_uzs_mom_dlog|ppi_mom_log,3,6.9286348576696355,0.27136514233036735,28,,28.690266601217456,"[1.6885415059933744, 0.7320518664449566, -0.22424104883338358, 0.08057864996128743, 0.015087272358344783, 0.06362614249318385]"
2025Q2,H2,conservative,DEVELOPMENT_PSEUDO_OOS,7.200000000000003,2018Q1,2025Q1,29,multi_almon_usd_uzs_mom_dlog__ppi_mom_log,multivariate_midas,usd_uzs_mom_dlog|ppi_mom_log,3,6.911608980315466,0.2883910196845365,28,,28.521361126011335,"[1.987280909386673, 0.7202496055840097, 0.17696819499935332, -0.6957518558330611, -0.07290781081395314, 0.13690317003610233]"
2025Q2,H3,standard,DEVELOPMENT_PSEUDO_OOS,7.200000000000003,2018Q1,2025Q1,29,multi_almon_usd_uzs_mom_dlog__ppi_mom_log,multivariate_midas,usd_uzs_mom_dlog|ppi_mom_log,3,7.70803076835673,-0.5080307683567273,28,,28.203667594661738,"[1.7973098263281673, 0.7063457989493752, -0.5322482101282697, 0.5123771055759552, -0.004222468836916571, 0.1928492474526884]"
2025Q2,H3,conservative,DEVELOPMENT_PSEUDO_OOS,7.200000000000003,2018Q1,2025Q1,29,multi_almon_usd_uzs_mom_dlog__ppi_mom_log,multivariate_midas,usd_uzs_mom_dlog|ppi_mom_log,3,7.758163362009587,-0.5581633620095845,28,,27.69039284333973,"[1.6413341738256015, 0.7191419817330231, -0.23857347372943408, -0.05857077267610668, 0.015930620506634463, 0.174582698111703]"
2025Q3,H1,standard,HISTORICAL_POST_DEVELOPMENT_TEST,7.599999999999994,2018Q1,2025Q2,30,multi_almon_usd_uzs_mom_dlog__ppi_mom_log,multivariate_midas,usd_uzs_mom_dlog|ppi_mom_log,3,7.547968276193457,0.052031723806537755,29,,28.620327413093342,"[1.9994624980242557, 0.7371514612552331, 0.1471264031521136, -0.7095725597989246, -0.09638904090297246, 0.16642310713853084]"
2025Q3,H1,conservative,HISTORICAL_POST_DEVELOPMENT_TEST,7.599999999999994,2018Q1,2025Q2,30,multi_almon_usd_uzs_mom_dlog__ppi_mom_log,multivariate_midas,usd_uzs_mom_dlog|ppi_mom_log,3,7.1286970288716285,0.47130297112836583,29,,31.25213331317173,"[1.7308027602605365, 0.707186202222307, -0.148022675327998, 0.1157540441455127, -0.004589383356281451, 0.09629497524742939]"
2025Q3,H2,standard,HISTORICAL_POST_DEVELOPMENT_TEST,7.599999999999994,2018Q1,2025Q2,30,multi_almon_usd_uzs_mom_dlog__ppi_mom_log,multivariate_midas,usd_uzs_mom_dlog|ppi_mom_log,3,7.696404800428005,-0.0964048004280107,29,,29.013245606053623,"[1.6909877373208035, 0.7345708855463444, -0.22708056938494628, 0.07926862050514538, 0.01204473599251693, 0.06868848387646068]"
2025Q3,H2,conservative,HISTORICAL_POST_DEVELOPMENT_TEST,7.599999999999994,2018Q1,2025Q2,30,multi_almon_usd_uzs_mom_dlog__ppi_mom_log,multivariate_midas,usd_uzs_mom_dlog|ppi_mom_log,3,7.209840697932984,0.3901593020670102,29,,28.881071859181663,"[1.9896110094990929, 0.7229055938488217, 0.17606116152360296, -0.6987208699547784, -0.07544632587421696, 0.1402383149365422]"
2025Q3,H3,standard,HISTORICAL_POST_DEVELOPMENT_TEST,7.599999999999994,2018Q1,2025Q2,30,multi_almon_usd_uzs_mom_dlog__ppi_mom_log,multivariate_midas,usd_uzs_mom_dlog|ppi_mom_log,3,7.222690194634109,0.37730980536588543,29,,28.877169272368935,"[1.816736320099626, 0.7021703545832553, -0.5245155469165789, 0.5334108943757786, 0.006202343403370725, 0.1572560123232614]"
2025Q3,H3,conservative,HISTORICAL_POST_DEVELOPMENT_TEST,7.599999999999994,2018Q1,2025Q2,30,multi_almon_usd_uzs_mom_dlog__ppi_mom_log,multivariate_midas,usd_uzs_mom_dlog|ppi_mom_log,3,7.591371354416163,0.008628645583831585,29,,28.50112038908565,"[1.651184541064584, 0.7178611891869408, -0.22845821972452401, -0.04040310262964841, 0.024933908411844175, 0.13596420122091915]"
2025Q4,H1,standard,HISTORICAL_POST_DEVELOPMENT_TEST,7.700000000000003,2018Q1,2025Q3,31,multi_almon_usd_uzs_mom_dlog__ppi_mom_log,multivariate_midas,usd_uzs_mom_dlog|ppi_mom_log,3,8.807021664409012,-1.1070216644090092,30,,29.231270556736213,"[1.9987165565202636, 0.7375978817492959, 0.14608405076290798, -0.709672300851105, -0.09599558414687881, 0.16631461461831656]"
2025Q4,H1,conservative,HISTORICAL_POST_DEVELOPMENT_TEST,7.700000000000003,2018Q1,2025Q3,31,multi_almon_usd_uzs_mom_dlog__ppi_mom_log,multivariate_midas,usd_uzs_mom_dlog|ppi_mom_log,3,7.283614024603138,0.4163859753968646,30,,31.82796052817823,"[1.7145591056583076, 0.7118994467316878, -0.14608499132237135, 0.09495906312466237, -0.0006517169170187076, 0.09535221695045798]"
2025Q4,H2,standard,HISTORICAL_POST_DEVELOPMENT_TEST,7.700000000000003,2018Q1,2025Q3,31,multi_almon_usd_uzs_mom_dlog__ppi_mom_log,multivariate_midas,usd_uzs_mom_dlog|ppi_mom_log,3,8.13588427609722,-0.4358842760972177,30,,29.413348016735185,"[1.6917617280393706, 0.7336991119944619, -0.22293856928892028, 0.07601306133400194, 0.009010537234492633, 0.07388323134094543]"
2025Q4,H2,conservative,HISTORICAL_POST_DEVELOPMENT_TEST,7.700000000000003,2018Q1,2025Q3,31,multi_almon_usd_uzs_mom_dlog__ppi_mom_log,multivariate_midas,usd_uzs_mom_dlog|ppi_mom_log,3,8.67100626341136,-0.9710062634113577,30,,29.224428758374945,"[1.9765144858205876, 0.7251197618860894, 0.16060787447343766, -0.6886854597134255, -0.062196737650712486, 0.12594332058186858]"
2025Q4,H3,standard,HISTORICAL_POST_DEVELOPMENT_TEST,7.700000000000003,2018Q1,2025Q3,31,multi_almon_usd_uzs_mom_dlog__ppi_mom_log,multivariate_midas,usd_uzs_mom_dlog|ppi_mom_log,3,8.590844232047347,-0.8908442320473444,30,,29.01047677856737,"[1.813759780882285, 0.7080669683121807, -0.5258411964459859, 0.5221038826015554, 0.0036300773066950676, 0.15738122479219294]"
2025Q4,H3,conservative,HISTORICAL_POST_DEVELOPMENT_TEST,7.700000000000003,2018Q1,2025Q3,31,multi_almon_usd_uzs_mom_dlog__ppi_mom_log,multivariate_midas,usd_uzs_mom_dlog|ppi_mom_log,3,8.32255460213457,-0.6225546021345671,30,,28.621972218114248,"[1.6513174968744446, 0.7179599468289689, -0.22878489455648784, -0.040183747424148306, 0.02492331600115466, 0.13592928257278036]"
2026Q1,H1,standard,HISTORICAL_POST_DEVELOPMENT_TEST,8.700000000000003,2018Q1,2025Q4,32,multi_almon_usd_uzs_mom_dlog__ppi_mom_log,multivariate_midas,usd_uzs_mom_dlog|ppi_mom_log,3,7.054692544946278,1.6453074550537252,31,,29.219070166939993,"[1.9517115485827126, 0.7234756628677046, 0.14438294715828168, -0.6448572371458573, -0.07341721778854404, 0.1464970093241545]"
2026Q1,H1,conservative,HISTORICAL_POST_DEVELOPMENT_TEST,8.700000000000003,2018Q1,2025Q4,32,multi_almon_usd_uzs_mom_dlog__ppi_mom_log,multivariate_midas,usd_uzs_mom_dlog|ppi_mom_log,3,7.600836774596875,1.099163225403128,31,,31.931378028688517,"[1.7092723310832898, 0.7186882505701024, -0.14462673633879994, 0.08063881733578036, -0.006715193670379205, 0.10035090407771044]"
2026Q1,H2,standard,HISTORICAL_POST_DEVELOPMENT_TEST,8.700000000000003,2018Q1,2025Q4,32,multi_almon_usd_uzs_mom_dlog__ppi_mom_log,multivariate_midas,usd_uzs_mom_dlog|ppi_mom_log,3,7.101191022447333,1.59880897755267,31,,29.506331444169867,"[1.6851419679419442, 0.7285176356714771, -0.20995854081291315, 0.07408801841413988, 0.013959031858600646, 0.06794139746269004]"
2026Q1,H2,conservative,HISTORICAL_POST_DEVELOPMENT_TEST,8.700000000000003,2018Q1,2025Q4,32,multi_almon_usd_uzs_mom_dlog__ppi_mom_log,multivariate_midas,usd_uzs_mom_dlog|ppi_mom_log,3,6.999892652650809,1.7001073473491939,31,,29.241508261788205,"[1.941327862620619, 0.7137709379329695, 0.15135539597414832, -0.6267518690326748, -0.04538072696514628, 0.11225952969597042]"
2026Q1,H3,standard,HISTORICAL_POST_DEVELOPMENT_TEST,8.700000000000003,2018Q1,2025Q4,32,multi_almon_usd_uzs_mom_dlog__ppi_mom_log,multivariate_midas,usd_uzs_mom_dlog|ppi_mom_log,3,7.2802920726788205,1.4197079273211823,31,,29.155993427255005,"[1.7967361461717053, 0.7005725708497991, -0.47322627243043236, 0.45964600576754305, 0.011208365184971814, 0.14450698486145572]"
2026Q1,H3,conservative,HISTORICAL_POST_DEVELOPMENT_TEST,8.700000000000003,2018Q1,2025Q4,32,multi_almon_usd_uzs_mom_dlog__ppi_mom_log,multivariate_midas,usd_uzs_mom_dlog|ppi_mom_log,3,7.233340331839251,1.4666596681607516,31,,28.76213409371766,"[1.6488433825249282, 0.7119097305025562, -0.20839178136867875, -0.041416692047074655, 0.030056365533203344, 0.12386033443753558]"
2026Q2,H1,standard,HISTORICAL_POST_DEVELOPMENT_TEST,8.5,2018Q1,2026Q1,33,multi_almon_usd_uzs_mom_dlog__ppi_mom_log,multivariate_midas,usd_uzs_mom_dlog|ppi_mom_log,3,8.644803136303041,-0.1448031363030413,32,,29.37416653213613,"[1.8929794906547077, 0.7490180006612807, 0.1170689717461157, -0.5997529934754152, -0.0868178703974708, 0.15488999854480479]"
2026Q2,H1,conservative,HISTORICAL_POST_DEVELOPMENT_TEST,8.5,2018Q1,2026Q1,33,multi_almon_usd_uzs_mom_dlog__ppi_mom_log,multivariate_midas,usd_uzs_mom_dlog|ppi_mom_log,3,7.8975518196441135,0.6024481803558865,32,,31.79698605018557,"[1.782575573687779, 0.7194345411210105, -0.21338651241100354, 0.1670483512251245, -0.01425423324101227, 0.11367209954340815]"
2026Q2,H2,standard,HISTORICAL_POST_DEVELOPMENT_TEST,8.5,2018Q1,2026Q1,33,multi_almon_usd_uzs_mom_dlog__ppi_mom_log,multivariate_midas,usd_uzs_mom_dlog|ppi_mom_log,3,8.505688818974487,-0.005688818974487475,32,,29.70905376410897,"[1.6033348772614233, 0.7517002528961194, -0.2127189956908261, 0.09545671145536691, -0.00360320491843541, 0.09499324870568152]"
2026Q2,H2,conservative,HISTORICAL_POST_DEVELOPMENT_TEST,8.5,2018Q1,2026Q1,33,multi_almon_usd_uzs_mom_dlog__ppi_mom_log,multivariate_midas,usd_uzs_mom_dlog|ppi_mom_log,3,8.638786344062824,-0.13878634406282409,32,,29.374541209985882,"[1.8711114733934548, 0.7394048226538085, 0.12629672036338502, -0.580733374183047, -0.0532924893781026, 0.11356471981677635]"
2026Q2,H3,standard,HISTORICAL_POST_DEVELOPMENT_TEST,8.5,2018Q1,2026Q1,33,multi_almon_usd_uzs_mom_dlog__ppi_mom_log,multivariate_midas,usd_uzs_mom_dlog|ppi_mom_log,3,8.516421989804922,-0.01642198980492182,32,,29.53675765053618,"[1.7034245499764584, 0.7200430330380573, -0.4615259799199663, 0.42041098503592045, -0.0039628768818573135, 0.18419779215918394]"
2026Q2,H3,conservative,HISTORICAL_POST_DEVELOPMENT_TEST,8.5,2018Q1,2026Q1,33,multi_almon_usd_uzs_mom_dlog__ppi_mom_log,multivariate_midas,usd_uzs_mom_dlog|ppi_mom_log,3,8.478758916414064,0.021241083585936238,32,,29.215136958555462,"[1.5617440591823235, 0.7298791758996742, -0.21330357656012733, -0.030961709231629872, 0.019289842993462147, 0.15393903079331184]"
2021Q1,H1,standard,DEVELOPMENT_PSEUDO_OOS,4.799999999999997,2018Q1,2020Q4,12,multi_almon_usd_uzs_mom_dlog__m2_yoy_log,multivariate_midas,usd_uzs_mom_dlog|m2_yoy_log,3,,,11,insufficient_effective_training,,[]
2021Q1,H1,conservative,DEVELOPMENT_PSEUDO_OOS,4.799999999999997,2018Q1,2020Q4,12,multi_almon_usd_uzs_mom_dlog__m2_yoy_log,multivariate_midas,usd_uzs_mom_dlog|m2_yoy_log,3,,,11,insufficient_effective_training,,[]
2021Q1,H2,standard,DEVELOPMENT_PSEUDO_OOS,4.799999999999997,2018Q1,2020Q4,12,multi_almon_usd_uzs_mom_dlog__m2_yoy_log,multivariate_midas,usd_uzs_mom_dlog|m2_yoy_log,3,,,11,insufficient_effective_training,,[]
2021Q1,H2,conservative,DEVELOPMENT_PSEUDO_OOS,4.799999999999997,2018Q1,2020Q4,12,multi_almon_usd_uzs_mom_dlog__m2_yoy_log,multivariate_midas,usd_uzs_mom_dlog|m2_yoy_log,3,,,11,insufficient_effective_training,,[]
2021Q1,H3,standard,DEVELOPMENT_PSEUDO_OOS,4.799999999999997,2018Q1,2020Q4,12,multi_almon_usd_uzs_mom_dlog__m2_yoy_log,multivariate_midas,usd_uzs_mom_dlog|m2_yoy_log,3,,,11,insufficient_effective_training,,[]
2021Q1,H3,conservative,DEVELOPMENT_PSEUDO_OOS,4.799999999999997,2018Q1,2020Q4,12,multi_almon_usd_uzs_mom_dlog__m2_yoy_log,multivariate_midas,usd_uzs_mom_dlog|m2_yoy_log,3,,,11,insufficient_effective_training,,[]
2021Q2,H1,standard,DEVELOPMENT_PSEUDO_OOS,8.400000000000006,2018Q1,2021Q1,13,multi_almon_usd_uzs_mom_dlog__m2_yoy_log,multivariate_midas,usd_uzs_mom_dlog|m2_yoy_log,3,5.078541501984072,3.321458498015934,12,,348.45179876864944,"[1.2315086380027933, 0.7383482181640006, 0.2224407251145693, -0.6777855371218462, 0.004928162488130328, -0.002374169242194024]"
2021Q2,H1,conservative,DEVELOPMENT_PSEUDO_OOS,8.400000000000006,2018Q1,2021Q1,13,multi_almon_usd_uzs_mom_dlog__m2_yoy_log,multivariate_midas,usd_uzs_mom_dlog|m2_yoy_log,3,4.375243119174334,4.024756880825672,12,,238.31368588786685,"[0.4346448544883107, 0.658877024296459, -0.04232595452224783, 0.21122319553021135, -0.046240544065117684, 0.1324332403365268]"
2021Q2,H2,standard,DEVELOPMENT_PSEUDO_OOS,8.400000000000006,2018Q1,2021Q1,13,multi_almon_usd_uzs_mom_dlog__m2_yoy_log,multivariate_midas,usd_uzs_mom_dlog|m2_yoy_log,3,5.300681221350653,3.0993187786493523,12,,346.42722988014026,"[2.1188609803375726, 0.746216589157713, -0.17273747768798123, -0.018019540695029673, 0.13536557302536922, -0.30504068604539447]"
2021Q2,H2,conservative,DEVELOPMENT_PSEUDO_OOS,8.400000000000006,2018Q1,2021Q1,13,multi_almon_usd_uzs_mom_dlog__m2_yoy_log,multivariate_midas,usd_uzs_mom_dlog|m2_yoy_log,3,5.078541501984072,3.321458498015934,12,,348.45179876864944,"[1.2315086380027933, 0.7383482181640006, 0.2224407251145693, -0.6777855371218462, 0.004928162488130328, -0.002374169242194024]"
2021Q2,H3,standard,DEVELOPMENT_PSEUDO_OOS,8.400000000000006,2018Q1,2021Q1,13,multi_almon_usd_uzs_mom_dlog__m2_yoy_log,multivariate_midas,usd_uzs_mom_dlog|m2_yoy_log,3,5.249889370964116,3.15011062903589,12,,273.4483635750829,"[2.4562885375224908, 0.7789520588145911, -0.6240147529692469, 0.8658823253609478, -0.003302465300765167, -0.03424774859559382]"
2021Q2,H3,conservative,DEVELOPMENT_PSEUDO_OOS,8.400000000000006,2018Q1,2021Q1,13,multi_almon_usd_uzs_mom_dlog__m2_yoy_log,multivariate_midas,usd_uzs_mom_dlog|m2_yoy_log,3,5.300681221350653,3.0993187786493523,12,,346.42722988014026,"[2.1188609803375726, 0.746216589157713, -0.17273747768798123, -0.018019540695029673, 0.13536557302536922, -0.30504068604539447]"
2021Q3,H1,standard,DEVELOPMENT_PSEUDO_OOS,8.799999999999997,2018Q1,2021Q2,14,multi_almon_usd_uzs_mom_dlog__m2_yoy_log,multivariate_midas,usd_uzs_mom_dlog|m2_yoy_log,3,8.0014528574606,0.7985471425393964,13,,356.5994529794514,"[1.77504508050636, 0.7779460594421482, 0.19779899989298583, -0.747788567075767, -0.04200304792881182, 0.07880951561800298]"
2021Q3,H1,conservative,DEVELOPMENT_PSEUDO_OOS,8.799999999999997,2018Q1,2021Q2,14,multi_almon_usd_uzs_mom_dlog__m2_yoy_log,multivariate_midas,usd_uzs_mom_dlog|m2_yoy_log,3,7.484838759378952,1.3151612406210456,13,,238.86630260082453,"[1.3414232696805262, 0.6866200952077528, -0.11840195750342417, 0.24093277227898072, -0.005343779630427425, 0.026579245222481507]"
2021Q3,H2,standard,DEVELOPMENT_PSEUDO_OOS,8.799999999999997,2018Q1,2021Q2,14,multi_almon_usd_uzs_mom_dlog__m2_yoy_log,multivariate_midas,usd_uzs_mom_dlog|m2_yoy_log,3,9.0849190758047,-0.2849190758047033,13,,316.1979033663478,"[4.18966466346177, 0.7752704580612527, -0.53468545447838, 0.40659768263103147, 0.21382827339036625, -0.5427578324524133]"
2021Q3,H2,conservative,DEVELOPMENT_PSEUDO_OOS,8.799999999999997,2018Q1,2021Q2,14,multi_almon_usd_uzs_mom_dlog__m2_yoy_log,multivariate_midas,usd_uzs_mom_dlog|m2_yoy_log,3,8.0014528574606,0.7985471425393964,13,,356.5994529794514,"[1.77504508050636, 0.7779460594421482, 0.19779899989298583, -0.747788567075767, -0.04200304792881182, 0.07880951561800298]"
2021Q3,H3,standard,DEVELOPMENT_PSEUDO_OOS,8.799999999999997,2018Q1,2021Q2,14,multi_almon_usd_uzs_mom_dlog__m2_yoy_log,multivariate_midas,usd_uzs_mom_dlog|m2_yoy_log,3,8.442158573160706,0.35784142683929154,13,,274.8777383398166,"[3.413755392384186, 0.7944614476599344, -0.7415416902123669, 0.9929790221261963, -0.029573197120423167, -0.010256295813777683]"
2021Q3,H3,conservative,DEVELOPMENT_PSEUDO_OOS,8.799999999999997,2018Q1,2021Q2,14,multi_almon_usd_uzs_mom_dlog__m2_yoy_log,multivariate_midas,usd_uzs_mom_dlog|m2_yoy_log,3,9.0849190758047,-0.2849190758047033,13,,316.1979033663478,"[4.18966466346177, 0.7752704580612527, -0.53468545447838, 0.40659768263103147, 0.21382827339036625, -0.5427578324524133]"
2021Q4,H1,standard,DEVELOPMENT_PSEUDO_OOS,8.200000000000003,2018Q1,2021Q3,15,multi_almon_usd_uzs_mom_dlog__m2_yoy_log,multivariate_midas,usd_uzs_mom_dlog|m2_yoy_log,3,8.812517742053862,-0.6125177420538588,14,,364.2585514853424,"[1.8606609427286445, 0.8149482743303684, 0.1911356244704837, -0.7601846182750455, -0.046328731349005836, 0.07959875287652346]"
2021Q4,H1,conservative,DEVELOPMENT_PSEUDO_OOS,8.200000000000003,2018Q1,2021Q3,15,multi_almon_usd_uzs_mom_dlog__m2_yoy_log,multivariate_midas,usd_uzs_mom_dlog|m2_yoy_log,3,8.055906733407879,0.14409326659212418,14,,244.69377975547508,"[1.3869910739932811, 0.7482551997860625, -0.13063848797694835, 0.24124588133320857, 0.0007022065470611016, 0.004814170577347621]"
2021Q4,H2,standard,DEVELOPMENT_PSEUDO_OOS,8.200000000000003,2018Q1,2021Q3,15,multi_almon_usd_uzs_mom_dlog__m2_yoy_log,multivariate_midas,usd_uzs_mom_dlog|m2_yoy_log,3,6.261253247779626,1.9387467522203767,14,,306.6675197135239,"[4.0776534874396155, 0.7628384984371805, -0.5161204071687411, 0.3890572044762123, 0.20953470176270161, -0.5277470549817973]"
2021Q4,H2,conservative,DEVELOPMENT_PSEUDO_OOS,8.200000000000003,2018Q1,2021Q3,15,multi_almon_usd_uzs_mom_dlog__m2_yoy_log,multivariate_midas,usd_uzs_mom_dlog|m2_yoy_log,3,8.812517742053862,-0.6125177420538588,14,,364.2585514853424,"[1.8606609427286445, 0.8149482743303684, 0.1911356244704837, -0.7601846182750455, -0.046328731349005836, 0.07959875287652346]"
2021Q4,H3,standard,DEVELOPMENT_PSEUDO_OOS,8.200000000000003,2018Q1,2021Q3,15,multi_almon_usd_uzs_mom_dlog__m2_yoy_log,multivariate_midas,usd_uzs_mom_dlog|m2_yoy_log,3,8.470204807133944,-0.27020480713394157,14,,276.0122991669181,"[3.492193728367402, 0.8126605216559775, -0.7563541826457726, 1.008874434956634, -0.02796032070702792, -0.01911501506079394]"
2021Q4,H3,conservative,DEVELOPMENT_PSEUDO_OOS,8.200000000000003,2018Q1,2021Q3,15,multi_almon_usd_uzs_mom_dlog__m2_yoy_log,multivariate_midas,usd_uzs_mom_dlog|m2_yoy_log,3,6.261253247779626,1.9387467522203767,14,,306.6675197135239,"[4.0776534874396155, 0.7628384984371805, -0.5161204071687411, 0.3890572044762123, 0.20953470176270161, -0.5277470549817973]"
2022Q1,H1,standard,DEVELOPMENT_PSEUDO_OOS,5.099999999999994,2018Q1,2021Q4,16,multi_almon_usd_uzs_mom_dlog__m2_yoy_log,multivariate_midas,usd_uzs_mom_dlog|m2_yoy_log,3,7.956973614462298,-2.8569736144623032,15,,369.40594371624235,"[1.9709213493271631, 0.7882448175888579, 0.1958786143799737, -0.7683436945149145, -0.03152518533069215, 0.04903675171801364]"
2022Q1,H1,conservative,DEVELOPMENT_PSEUDO_OOS,5.099999999999994,2018Q1,2021Q4,16,multi_almon_usd_uzs_mom_dlog__m2_yoy_log,multivariate_midas,usd_uzs_mom_dlog|m2_yoy_log,3,7.794168313559621,-2.6941683135596266,15,,248.9641601304043,"[1.3921624134454857, 0.754399578464311, -0.13034059655640814, 0.23901989199122536, 0.0012811947703391668, 0.002555955998888748]"
2022Q1,H2,standard,DEVELOPMENT_PSEUDO_OOS,5.099999999999994,2018Q1,2021Q4,16,multi_almon_usd_uzs_mom_dlog__m2_yoy_log,multivariate_midas,usd_uzs_mom_dlog|m2_yoy_log,3,6.453226453348952,-1.3532264533489577,15,,296.66176637598767,"[3.4040401411066954, 0.827240640342892, -0.39621512919282187, 0.18763481771059903, 0.13484234630386382, -0.35488832855860974]"
2022Q1,H2,conservative,DEVELOPMENT_PSEUDO_OOS,5.099999999999994,2018Q1,2021Q4,16,multi_almon_usd_uzs_mom_dlog__m2_yoy_log,multivariate_midas,usd_uzs_mom_dlog|m2_yoy_log,3,7.956973614462298,-2.8569736144623032,15,,369.40594371624235,"[1.9709213493271631, 0.7882448175888579, 0.1958786143799737, -0.7683436945149145, -0.03152518533069215, 0.04903675171801364]"
2022Q1,H3,standard,DEVELOPMENT_PSEUDO_OOS,5.099999999999994,2018Q1,2021Q4,16,multi_almon_usd_uzs_mom_dlog__m2_yoy_log,multivariate_midas,usd_uzs_mom_dlog|m2_yoy_log,3,8.143216263126428,-3.0432162631264337,15,,288.5502078024626,"[3.5225697264425713, 0.8102776413556424, -0.759492500719598, 1.019153702212356, -0.015601369948045507, -0.045166819660169666]"
2022Q1,H3,conservative,DEVELOPMENT_PSEUDO_OOS,5.099999999999994,2018Q1,2021Q4,16,multi_almon_usd_uzs_mom_dlog__m2_yoy_log,multivariate_midas,usd_uzs_mom_dlog|m2_yoy_log,3,6.453226453348952,-1.3532264533489577,15,,296.66176637598767,"[3.4040401411066954, 0.827240640342892, -0.39621512919282187, 0.18763481771059903, 0.13484234630386382, -0.35488832855860974]"
2022Q2,H1,standard,DEVELOPMENT_PSEUDO_OOS,4.5,2018Q1,2022Q1,17,multi_almon_usd_uzs_mom_dlog__m2_yoy_log,multivariate_midas,usd_uzs_mom_dlog|m2_yoy_log,3,3.1981480568085505,1.3018519431914495,16,,282.2118616457607,"[3.9270495335945714, 0.7339708369612195, 0.19045458152223627, -0.9513728473623511, 0.07450728266610074, -0.23262843146070117]"
2022Q2,H1,conservative,DEVELOPMENT_PSEUDO_OOS,4.5,2018Q1,2022Q1,17,multi_almon_usd_uzs_mom_dlog__m2_yoy_log,multivariate_midas,usd_uzs_mom_dlog|m2_yoy_log,3,6.303260194134076,-1.8032601941340758,16,,257.6883803452032,"[1.5976186346217391, 0.7439345926176162, -0.16603883208847914, 0.34591842293699193, 0.13420441876896472, -0.2748491404959019]"
2022Q2,H2,standard,DEVELOPMENT_PSEUDO_OOS,4.5,2018Q1,2022Q1,17,multi_almon_usd_uzs_mom_dlog__m2_yoy_log,multivariate_midas,usd_uzs_mom_dlog|m2_yoy_log,3,0.7747724695405438,3.725227530459456,16,,266.0139486520902,"[4.151982255885077, 0.8167446095347058, -0.499206290760153, 0.329837566970792, 0.15623690837612436, -0.42923348099835396]"
2022Q2,H2,conservative,DEVELOPMENT_PSEUDO_OOS,4.5,2018Q1,2022Q1,17,multi_almon_usd_uzs_mom_dlog__m2_yoy_log,multivariate_midas,usd_uzs_mom_dlog|m2_yoy_log,3,3.1981480568085505,1.3018519431914495,16,,282.2118616457607,"[3.9270495335945714, 0.7339708369612195, 0.19045458152223627, -0.9513728473623511, 0.07450728266610074, -0.23262843146070117]"
2022Q2,H3,standard,DEVELOPMENT_PSEUDO_OOS,4.5,2018Q1,2022Q1,17,multi_almon_usd_uzs_mom_dlog__m2_yoy_log,multivariate_midas,usd_uzs_mom_dlog|m2_yoy_log,3,4.224919836370446,0.27508016362955434,16,,288.1862709092024,"[4.527500757646404, 0.7205922995455486, -0.6838248991706026, 0.7973668160522486, -0.1591434165093154, 0.2147450720955776]"
2022Q2,H3,conservative,DEVELOPMENT_PSEUDO_OOS,4.5,2018Q1,2022Q1,17,multi_almon_usd_uzs_mom_dlog__m2_yoy_log,multivariate_midas,usd_uzs_mom_dlog|m2_yoy_log,3,0.7747724695405438,3.725227530459456,16,,266.0139486520902,"[4.151982255885077, 0.8167446095347058, -0.499206290760153, 0.329837566970792, 0.15623690837612436, -0.42923348099835396]"
2022Q3,H1,standard,DEVELOPMENT_PSEUDO_OOS,5.299999999999997,2018Q1,2022Q2,18,multi_almon_usd_uzs_mom_dlog__m2_yoy_log,multivariate_midas,usd_uzs_mom_dlog|m2_yoy_log,3,3.9735817904082875,1.3264182095917096,17,,276.5211966777369,"[3.457155134129528, 0.7231955404331986, 0.19204024735272954, -0.8597948901878584, 0.06402707801691976, -0.1910132975397411]"
2022Q3,H1,conservative,DEVELOPMENT_PSEUDO_OOS,5.299999999999997,2018Q1,2022Q2,18,multi_almon_usd_uzs_mom_dlog__m2_yoy_log,multivariate_midas,usd_uzs_mom_dlog|m2_yoy_log,3,3.7651948782560867,1.5348051217439105,17,,271.06044737499946,"[1.6975606952720994, 0.7420706227675062, -0.08531352665987733, 0.13557141760641453, 0.07066702777796408, -0.15388567793269453]"
2022Q3,H2,standard,DEVELOPMENT_PSEUDO_OOS,5.299999999999997,2018Q1,2022Q2,18,multi_almon_usd_uzs_mom_dlog__m2_yoy_log,multivariate_midas,usd_uzs_mom_dlog|m2_yoy_log,3,4.235745906298643,1.0642540937013543,17,,256.76580352133976,"[3.20246631990987, 0.7710605871302708, -0.17834037294399266, -0.1337275696822757, 0.09272131798634475, -0.2509680532972108]"
2022Q3,H2,conservative,DEVELOPMENT_PSEUDO_OOS,5.299999999999997,2018Q1,2022Q2,18,multi_almon_usd_uzs_mom_dlog__m2_yoy_log,multivariate_midas,usd_uzs_mom_dlog|m2_yoy_log,3,3.9735817904082875,1.3264182095917096,17,,276.5211966777369,"[3.457155134129528, 0.7231955404331986, 0.19204024735272954, -0.8597948901878584, 0.06402707801691976, -0.1910132975397411]"
2022Q3,H3,standard,DEVELOPMENT_PSEUDO_OOS,5.299999999999997,2018Q1,2022Q2,18,multi_almon_usd_uzs_mom_dlog__m2_yoy_log,multivariate_midas,usd_uzs_mom_dlog|m2_yoy_log,3,3.6310999745950436,1.6689000254049535,17,,273.8356514503742,"[4.43547007416394, 0.7162396138763055, -0.6689763676782257, 0.7673259794457039, -0.1634474623340596, 0.22834340470307674]"
2022Q3,H3,conservative,DEVELOPMENT_PSEUDO_OOS,5.299999999999997,2018Q1,2022Q2,18,multi_almon_usd_uzs_mom_dlog__m2_yoy_log,multivariate_midas,usd_uzs_mom_dlog|m2_yoy_log,3,4.235745906298643,1.0642540937013543,17,,256.76580352133976,"[3.20246631990987, 0.7710605871302708, -0.17834037294399266, -0.1337275696822757, 0.09272131798634475, -0.2509680532972108]"
2022Q4,H1,standard,DEVELOPMENT_PSEUDO_OOS,6.099999999999994,2018Q1,2022Q3,19,multi_almon_usd_uzs_mom_dlog__m2_yoy_log,multivariate_midas,usd_uzs_mom_dlog|m2_yoy_log,3,3.5797575933645103,2.520242406635484,18,,286.9465511355743,"[3.142956182736423, 0.7075439260380293, 0.14858618160798526, -0.8045298199546093, 0.05616921228125571, -0.15627851856091335]"
2022Q4,H1,conservative,DEVELOPMENT_PSEUDO_OOS,6.099999999999994,2018Q1,2022Q3,19,multi_almon_usd_uzs_mom_dlog__m2_yoy_log,multivariate_midas,usd_uzs_mom_dlog|m2_yoy_log,3,5.3473513758531475,0.7526486241468469,18,,286.06097376511605,"[1.5495846398001953, 0.7132076958842792, -0.045006161396724156, 0.02434227551508836, 0.0260455451855095, -0.050295281306642625]"
2022Q4,H2,standard,DEVELOPMENT_PSEUDO_OOS,6.099999999999994,2018Q1,2022Q3,19,multi_almon_usd_uzs_mom_dlog__m2_yoy_log,multivariate_midas,usd_uzs_mom_dlog|m2_yoy_log,3,4.443534913409307,1.6564650865906874,18,,264.04759580720497,"[2.9372369698503835, 0.7531178872238556, -0.2180481211402207, -0.07109692439345504, 0.10076914015632299, -0.25053047630678715]"
2022Q4,H2,conservative,DEVELOPMENT_PSEUDO_OOS,6.099999999999994,2018Q1,2022Q3,19,multi_almon_usd_uzs_mom_dlog__m2_yoy_log,multivariate_midas,usd_uzs_mom_dlog|m2_yoy_log,3,3.5797575933645103,2.520242406635484,18,,286.9465511355743,"[3.142956182736423, 0.7075439260380293, 0.14858618160798526, -0.8045298199546093, 0.05616921228125571, -0.15627851856091335]"
2022Q4,H3,standard,DEVELOPMENT_PSEUDO_OOS,6.099999999999994,2018Q1,2022Q3,19,multi_almon_usd_uzs_mom_dlog__m2_yoy_log,multivariate_midas,usd_uzs_mom_dlog|m2_yoy_log,3,3.1196641999408,2.980335800059194,18,,281.10257000416925,"[3.9492390036842084, 0.6856323004072458, -0.6523467254491433, 0.7652974281727888, -0.15165780221772862, 0.23201437996418134]"
2022Q4,H3,conservative,DEVELOPMENT_PSEUDO_OOS,6.099999999999994,2018Q1,2022Q3,19,multi_almon_usd_uzs_mom_dlog__m2_yoy_log,multivariate_midas,usd_uzs_mom_dlog|m2_yoy_log,3,4.443534913409307,1.6564650865906874,18,,264.04759580720497,"[2.9372369698503835, 0.7531178872238556, -0.2180481211402207, -0.07109692439345504, 0.10076914015632299, -0.25053047630678715]"
2023Q1,H1,standard,DEVELOPMENT_PSEUDO_OOS,6.400000000000006,2018Q1,2022Q4,20,multi_almon_usd_uzs_mom_dlog__m2_yoy_log,multivariate_midas,usd_uzs_mom_dlog|m2_yoy_log,3,5.966991192200637,0.4330088077993688,19,,269.5944577305796,"[2.177413697167228, 0.7009988938562808, 0.16497208431367297, -0.7048575970649132, 0.014768633491720196, -0.03625424703126556]"
2023Q1,H1,conservative,DEVELOPMENT_PSEUDO_OOS,6.400000000000006,2018Q1,2022Q4,20,multi_almon_usd_uzs_mom_dlog__m2_yoy_log,multivariate_midas,usd_uzs_mom_dlog|m2_yoy_log,3,6.114389548658854,0.28561045134115126,19,,301.98008305339806,"[1.4215374615775325, 0.7056085214794485, -0.053387278182841634, 0.04393458251934442, 0.023580156787912587, -0.03793820539906512]"
2023Q1,H2,standard,DEVELOPMENT_PSEUDO_OOS,6.400000000000006,2018Q1,2022Q4,20,multi_almon_usd_uzs_mom_dlog__m2_yoy_log,multivariate_midas,usd_uzs_mom_dlog|m2_yoy_log,3,5.741896530218394,0.6581034697816115,19,,259.102170879117,"[2.387841418784544, 0.7385690282406199, -0.18798813061686376, -0.05901057091879096, 0.11972749858305987, -0.2647087794268277]"
2023Q1,H2,conservative,DEVELOPMENT_PSEUDO_OOS,6.400000000000006,2018Q1,2022Q4,20,multi_almon_usd_uzs_mom_dlog__m2_yoy_log,multivariate_midas,usd_uzs_mom_dlog|m2_yoy_log,3,5.966991192200637,0.4330088077993688,19,,269.5944577305796,"[2.177413697167228, 0.7009988938562808, 0.16497208431367297, -0.7048575970649132, 0.014768633491720196, -0.03625424703126556]"
2023Q1,H3,standard,DEVELOPMENT_PSEUDO_OOS,6.400000000000006,2018Q1,2022Q4,20,multi_almon_usd_uzs_mom_dlog__m2_yoy_log,multivariate_midas,usd_uzs_mom_dlog|m2_yoy_log,3,5.736564059457243,0.6634359405427626,19,,268.8724619458015,"[2.860777575359004, 0.6874275089977246, -0.5191138729443708, 0.5961949912541649, -0.07716748851902544, 0.12590515003520528]"
2023Q1,H3,conservative,DEVELOPMENT_PSEUDO_OOS,6.400000000000006,2018Q1,2022Q4,20,multi_almon_usd_uzs_mom_dlog__m2_yoy_log,multivariate_midas,usd_uzs_mom_dlog|m2_yoy_log,3,5.741896530218394,0.6581034697816115,19,,259.102170879117,"[2.387841418784544, 0.7385690282406199, -0.18798813061686376, -0.05901057091879096, 0.11972749858305987, -0.2647087794268277]"
2023Q2,H1,standard,DEVELOPMENT_PSEUDO_OOS,7.099999999999994,2018Q1,2023Q1,21,multi_almon_usd_uzs_mom_dlog__m2_yoy_log,multivariate_midas,usd_uzs_mom_dlog|m2_yoy_log,3,6.391999612852786,0.7080003871472087,20,,276.61676574674743,"[2.089812298516801, 0.7019275043447643, 0.17150847151943072, -0.7110031909609752, 0.018223249716673773, -0.03968709403919263]"
2023Q2,H1,conservative,DEVELOPMENT_PSEUDO_OOS,7.099999999999994,2018Q1,2023Q1,21,multi_almon_usd_uzs_mom_dlog__m2_yoy_log,multivariate_midas,usd_uzs_mom_dlog|m2_yoy_log,3,6.284157930757161,0.8158420692428336,20,,295.6963928607103,"[1.3243326749417519, 0.7097981147808821, -0.04174704374751738, 0.03061185552136831, 0.028686952577412828, -0.04531449376657287]"
2023Q2,H2,standard,DEVELOPMENT_PSEUDO_OOS,7.099999999999994,2018Q1,2023Q1,21,multi_almon_usd_uzs_mom_dlog__m2_yoy_log,multivariate_midas,usd_uzs_mom_dlog|m2_yoy_log,3,7.2157370220020365,-0.11573702200204217,20,,264.9144319789356,"[2.2473130895385456, 0.739159568300328, -0.18169758150547638, -0.06179704600315277, 0.12258322132628363, -0.2646734463770326]"
2023Q2,H2,conservative,DEVELOPMENT_PSEUDO_OOS,7.099999999999994,2018Q1,2023Q1,21,multi_almon_usd_uzs_mom_dlog__m2_yoy_log,multivariate_midas,usd_uzs_mom_dlog|m2_yoy_log,3,6.391999612852786,0.7080003871472087,20,,276.61676574674743,"[2.089812298516801, 0.7019275043447643, 0.17150847151943072, -0.7110031909609752, 0.018223249716673773, -0.03968709403919263]"
2023Q2,H3,standard,DEVELOPMENT_PSEUDO_OOS,7.099999999999994,2018Q1,2023Q1,21,multi_almon_usd_uzs_mom_dlog__m2_yoy_log,multivariate_midas,usd_uzs_mom_dlog|m2_yoy_log,3,5.357505780898935,1.7424942191010597,20,,277.3744491076029,"[2.740479312924662, 0.6874468599003304, -0.5109050764897599, 0.5885200640317806, -0.07829083424725292, 0.1332197250437011]"
2023Q2,H3,conservative,DEVELOPMENT_PSEUDO_OOS,7.099999999999994,2018Q1,2023Q1,21,multi_almon_usd_uzs_mom_dlog__m2_yoy_log,multivariate_midas,usd_uzs_mom_dlog|m2_yoy_log,3,7.2157370220020365,-0.11573702200204217,20,,264.9144319789356,"[2.2473130895385456, 0.739159568300328, -0.18169758150547638, -0.06179704600315277, 0.12258322132628363, -0.2646734463770326]"
2023Q3,H1,standard,DEVELOPMENT_PSEUDO_OOS,6.5,2018Q1,2023Q2,22,multi_almon_usd_uzs_mom_dlog__m2_yoy_log,multivariate_midas,usd_uzs_mom_dlog|m2_yoy_log,3,6.575740659572499,-0.07574065957249942,21,,285.71301286252384,"[1.9849881253271415, 0.7050667029444075, 0.176314036990174, -0.7203158712600581, 0.024122477257815245, -0.0473472942879945]"
2023Q3,H1,conservative,DEVELOPMENT_PSEUDO_OOS,6.5,2018Q1,2023Q2,22,multi_almon_usd_uzs_mom_dlog__m2_yoy_log,multivariate_midas,usd_uzs_mom_dlog|m2_yoy_log,3,6.981393428289396,-0.4813934282893957,21,,304.91422887013124,"[1.1918046989605942, 0.7129666705887897, -0.033882096350844076, 0.026148367089334323, 0.024453395242341358, -0.032026422043492264]"
2023Q3,H2,standard,DEVELOPMENT_PSEUDO_OOS,6.5,2018Q1,2023Q2,22,multi_almon_usd_uzs_mom_dlog__m2_yoy_log,multivariate_midas,usd_uzs_mom_dlog|m2_yoy_log,3,5.5575027289115,0.9424972710884996,21,,273.65266108644244,"[2.2564175548935106, 0.7384203479760836, -0.18230415377235862, -0.06004662743876164, 0.12037510442205968, -0.26055669306238166]"
2023Q3,H2,conservative,DEVELOPMENT_PSEUDO_OOS,6.5,2018Q1,2023Q2,22,multi_almon_usd_uzs_mom_dlog__m2_yoy_log,multivariate_midas,usd_uzs_mom_dlog|m2_yoy_log,3,6.575740659572499,-0.07574065957249942,21,,285.71301286252384,"[1.9849881253271415, 0.7050667029444075, 0.176314036990174, -0.7203158712600581, 0.024122477257815245, -0.0473472942879945]"
2023Q3,H3,standard,DEVELOPMENT_PSEUDO_OOS,6.5,2018Q1,2023Q2,22,multi_almon_usd_uzs_mom_dlog__m2_yoy_log,multivariate_midas,usd_uzs_mom_dlog|m2_yoy_log,3,6.075892482328604,0.42410751767139576,21,,280.7865909777809,"[2.6118274366998535, 0.7184696950378884, -0.5163354162219331, 0.5630090703054299, -0.017152719163716634, 0.013339199228154297]"
2023Q3,H3,conservative,DEVELOPMENT_PSEUDO_OOS,6.5,2018Q1,2023Q2,22,multi_almon_usd_uzs_mom_dlog__m2_yoy_log,multivariate_midas,usd_uzs_mom_dlog|m2_yoy_log,3,5.5575027289115,0.9424972710884996,21,,273.65266108644244,"[2.2564175548935106, 0.7384203479760836, -0.18230415377235862, -0.06004662743876164, 0.12037510442205968, -0.26055669306238166]"
2023Q4,H1,standard,DEVELOPMENT_PSEUDO_OOS,6.299999999999997,2018Q1,2023Q3,23,multi_almon_usd_uzs_mom_dlog__m2_yoy_log,multivariate_midas,usd_uzs_mom_dlog|m2_yoy_log,3,6.646812735809713,-0.34681273580971617,22,,287.0586374967178,"[1.9769777754059212, 0.7041121670101397, 0.17753076256413314, -0.7212916761792071, 0.02306682084868117, -0.044904017213104164]"
2023Q4,H1,conservative,DEVELOPMENT_PSEUDO_OOS,6.299999999999997,2018Q1,2023Q3,23,multi_almon_usd_uzs_mom_dlog__m2_yoy_log,multivariate_midas,usd_uzs_mom_dlog|m2_yoy_log,3,6.100488842517473,0.19951115748252413,22,,309.25764409259335,"[1.2188467827462073, 0.7035502928421352, -0.033855785620381176, 0.032142871883018474, 0.00873626978423836, -0.0005268308183453141]"
2023Q4,H2,standard,DEVELOPMENT_PSEUDO_OOS,6.299999999999997,2018Q1,2023Q3,23,multi_almon_usd_uzs_mom_dlog__m2_yoy_log,multivariate_midas,usd_uzs_mom_dlog|m2_yoy_log,3,6.6056915814443435,-0.3056915814443464,22,,276.96402511197454,"[2.2478305186798333, 0.7492968018418211, -0.2016007115647481, 0.0027046344339045868, 0.10991710900496687, -0.240527125526595]"
2023Q4,H2,conservative,DEVELOPMENT_PSEUDO_OOS,6.299999999999997,2018Q1,2023Q3,23,multi_almon_usd_uzs_mom_dlog__m2_yoy_log,multivariate_midas,usd_uzs_mom_dlog|m2_yoy_log,3,6.646812735809713,-0.34681273580971617,22,,287.0586374967178,"[1.9769777754059212, 0.7041121670101397, 0.17753076256413314, -0.7212916761792071, 0.02306682084868117, -0.044904017213104164]"
2023Q4,H3,standard,DEVELOPMENT_PSEUDO_OOS,6.299999999999997,2018Q1,2023Q3,23,multi_almon_usd_uzs_mom_dlog__m2_yoy_log,multivariate_midas,usd_uzs_mom_dlog|m2_yoy_log,3,6.634957500955004,-0.33495750095500654,22,,285.0733926140302,"[2.6083326228601478, 0.7216990357935723, -0.5107768285404982, 0.571283532437239, -0.019249566021396824, 0.017071765919376758]"
2023Q4,H3,conservative,DEVELOPMENT_PSEUDO_OOS,6.299999999999997,2018Q1,2023Q3,23,multi_almon_usd_uzs_mom_dlog__m2_yoy_log,multivariate_midas,usd_uzs_mom_dlog|m2_yoy_log,3,6.6056915814443435,-0.3056915814443464,22,,276.96402511197454,"[2.2478305186798333, 0.7492968018418211, -0.2016007115647481, 0.0027046344339045868, 0.10991710900496687, -0.240527125526595]"
2024Q1,H1,standard,DEVELOPMENT_PSEUDO_OOS,6.400000000000006,2018Q1,2023Q4,24,multi_almon_usd_uzs_mom_dlog__m2_yoy_log,multivariate_midas,usd_uzs_mom_dlog|m2_yoy_log,3,6.180745642157148,0.21925435784285785,23,,289.8878051915549,"[1.9612050907194107, 0.7024277157070429, 0.162376454996921, -0.6986140380925323, 0.02042480540218583, -0.03895923290020764]"
2024Q1,H1,conservative,DEVELOPMENT_PSEUDO_OOS,6.400000000000006,2018Q1,2023Q4,24,multi_almon_usd_uzs_mom_dlog__m2_yoy_log,multivariate_midas,usd_uzs_mom_dlog|m2_yoy_log,3,5.923021198042957,0.4769788019570491,23,,313.15579809418495,"[1.2114549773470211, 0.7054780633012091, -0.030102468732919604, 0.03471020454111427, 0.007848049048828187, 0.0011289419262370815]"
2024Q1,H2,standard,DEVELOPMENT_PSEUDO_OOS,6.400000000000006,2018Q1,2023Q4,24,multi_almon_usd_uzs_mom_dlog__m2_yoy_log,multivariate_midas,usd_uzs_mom_dlog|m2_yoy_log,3,6.055140419543389,0.3448595804566166,23,,277.81251778736714,"[2.217538058340572, 0.7459751800516675, -0.20948734957740386, 0.01621432328189054, 0.10796704475733931, -0.2351986476435286]"
2024Q1,H2,conservative,DEVELOPMENT_PSEUDO_OOS,6.400000000000006,2018Q1,2023Q4,24,multi_almon_usd_uzs_mom_dlog__m2_yoy_log,multivariate_midas,usd_uzs_mom_dlog|m2_yoy_log,3,6.180745642157148,0.21925435784285785,23,,289.8878051915549,"[1.9612050907194107, 0.7024277157070429, 0.162376454996921, -0.6986140380925323, 0.02042480540218583, -0.03895923290020764]"
2024Q1,H3,standard,DEVELOPMENT_PSEUDO_OOS,6.400000000000006,2018Q1,2023Q4,24,multi_almon_usd_uzs_mom_dlog__m2_yoy_log,multivariate_midas,usd_uzs_mom_dlog|m2_yoy_log,3,6.397736255402727,0.0022637445972790715,23,,281.81110248016864,"[2.553587075755876, 0.7178089326309334, -0.5049184313689511, 0.5663384732049926, -0.019266855575610253, 0.01913263779677865]"
2024Q1,H3,conservative,DEVELOPMENT_PSEUDO_OOS,6.400000000000006,2018Q1,2023Q4,24,multi_almon_usd_uzs_mom_dlog__m2_yoy_log,multivariate_midas,usd_uzs_mom_dlog|m2_yoy_log,3,6.055140419543389,0.3448595804566166,23,,277.81251778736714,"[2.217538058340572, 0.7459751800516675, -0.20948734957740386, 0.01621432328189054, 0.10796704475733931, -0.2351986476435286]"
2024Q2,H1,standard,DEVELOPMENT_PSEUDO_OOS,6.599999999999994,2018Q1,2024Q1,25,multi_almon_usd_uzs_mom_dlog__m2_yoy_log,multivariate_midas,usd_uzs_mom_dlog|m2_yoy_log,3,5.8927264816574425,0.7072735183425518,24,,285.5712363911763,"[1.9995309969837345, 0.7039222895836347, 0.16080384179588608, -0.6997255336201282, 0.020617455201917267, -0.04057858596474806]"
2024Q2,H1,conservative,DEVELOPMENT_PSEUDO_OOS,6.599999999999994,2018Q1,2024Q1,25,multi_almon_usd_uzs_mom_dlog__m2_yoy_log,multivariate_midas,usd_uzs_mom_dlog|m2_yoy_log,3,6.064501269996356,0.5354987300036385,24,,309.55452516802615,"[1.2916411529361644, 0.7084239051341286, -0.0365278152133263, 0.04027328199388664, 0.008165258634327044, -0.001984799509795021]"
2024Q2,H2,standard,DEVELOPMENT_PSEUDO_OOS,6.599999999999994,2018Q1,2024Q1,25,multi_almon_usd_uzs_mom_dlog__m2_yoy_log,multivariate_midas,usd_uzs_mom_dlog|m2_yoy_log,3,5.973489170755555,0.626510829244439,24,,274.02824200061474,"[2.274611093847551, 0.7489836813414336, -0.21213898362623584, 0.015129452816420093, 0.10576684637917644, -0.23272038611639811]"
2024Q2,H2,conservative,DEVELOPMENT_PSEUDO_OOS,6.599999999999994,2018Q1,2024Q1,25,multi_almon_usd_uzs_mom_dlog__m2_yoy_log,multivariate_midas,usd_uzs_mom_dlog|m2_yoy_log,3,5.8927264816574425,0.7072735183425518,24,,285.5712363911763,"[1.9995309969837345, 0.7039222895836347, 0.16080384179588608, -0.6997255336201282, 0.020617455201917267, -0.04057858596474806]"
2024Q2,H3,standard,DEVELOPMENT_PSEUDO_OOS,6.599999999999994,2018Q1,2024Q1,25,multi_almon_usd_uzs_mom_dlog__m2_yoy_log,multivariate_midas,usd_uzs_mom_dlog|m2_yoy_log,3,6.140163620768245,0.45983637923174925,24,,279.55646964057485,"[2.553937284511386, 0.7178222019605697, -0.5049512710573575, 0.5663741296447626, -0.01928657608155615, 0.019160875715243497]"
2024Q2,H3,conservative,DEVELOPMENT_PSEUDO_OOS,6.599999999999994,2018Q1,2024Q1,25,multi_almon_usd_uzs_mom_dlog__m2_yoy_log,multivariate_midas,usd_uzs_mom_dlog|m2_yoy_log,3,5.973489170755555,0.626510829244439,24,,274.02824200061474,"[2.274611093847551, 0.7489836813414336, -0.21213898362623584, 0.015129452816420093, 0.10576684637917644, -0.23272038611639811]"
2024Q3,H1,standard,DEVELOPMENT_PSEUDO_OOS,6.599999999999994,2018Q1,2024Q2,26,multi_almon_usd_uzs_mom_dlog__m2_yoy_log,multivariate_midas,usd_uzs_mom_dlog|m2_yoy_log,3,6.836914084942666,-0.23691408494267208,25,,288.67395371239644,"[2.014251118357823, 0.7112002758096698, 0.15961693658418538, -0.688078288377863, 0.009304959504318755, -0.019043842214323148]"
2024Q3,H1,conservative,DEVELOPMENT_PSEUDO_OOS,6.599999999999994,2018Q1,2024Q2,26,multi_almon_usd_uzs_mom_dlog__m2_yoy_log,multivariate_midas,usd_uzs_mom_dlog|m2_yoy_log,3,6.3464062234813134,0.25359377651868087,25,,308.4019805463227,"[1.3641528104990495, 0.7111523298782134, -0.04184890150690765, 0.045609655034705536, 0.003998409046460649, 0.004151910686138738]"
2024Q3,H2,standard,DEVELOPMENT_PSEUDO_OOS,6.599999999999994,2018Q1,2024Q2,26,multi_almon_usd_uzs_mom_dlog__m2_yoy_log,multivariate_midas,usd_uzs_mom_dlog|m2_yoy_log,3,6.380342547610086,0.21965745238990841,25,,277.34021087942716,"[2.3064665968931783, 0.7535617661395209, -0.20865408682849543, 0.004548674870796219, 0.10172768028189094, -0.22561207107446202]"
2024Q3,H2,conservative,DEVELOPMENT_PSEUDO_OOS,6.599999999999994,2018Q1,2024Q2,26,multi_almon_usd_uzs_mom_dlog__m2_yoy_log,multivariate_midas,usd_uzs_mom_dlog|m2_yoy_log,3,6.836914084942666,-0.23691408494267208,25,,288.67395371239644,"[2.014251118357823, 0.7112002758096698, 0.15961693658418538, -0.688078288377863, 0.009304959504318755, -0.019043842214323148]"
2024Q3,H3,standard,DEVELOPMENT_PSEUDO_OOS,6.599999999999994,2018Q1,2024Q2,26,multi_almon_usd_uzs_mom_dlog__m2_yoy_log,multivariate_midas,usd_uzs_mom_dlog|m2_yoy_log,3,6.724255162732672,-0.12425516273267778,25,,284.64390313154496,"[2.558050810246924, 0.722180446974402, -0.4982245147375264, 0.546962028982987, -0.022316425331943335, 0.024967570639803816]"
2024Q3,H3,conservative,DEVELOPMENT_PSEUDO_OOS,6.599999999999994,2018Q1,2024Q2,26,multi_almon_usd_uzs_mom_dlog__m2_yoy_log,multivariate_midas,usd_uzs_mom_dlog|m2_yoy_log,3,6.380342547610086,0.21965745238990841,25,,277.34021087942716,"[2.3064665968931783, 0.7535617661395209, -0.20865408682849543, 0.004548674870796219, 0.10172768028189094, -0.22561207107446202]"
2024Q4,H1,standard,DEVELOPMENT_PSEUDO_OOS,6.700000000000003,2018Q1,2024Q3,27,multi_almon_usd_uzs_mom_dlog__m2_yoy_log,multivariate_midas,usd_uzs_mom_dlog|m2_yoy_log,3,6.291739788905128,0.4082602110948752,26,,294.5400368922958,"[2.0171822344295287, 0.7089083485107257, 0.16007787709373347, -0.6849193550432419, 0.012272752091717853, -0.02510102661321928]"
2024Q4,H1,conservative,DEVELOPMENT_PSEUDO_OOS,6.700000000000003,2018Q1,2024Q3,27,multi_almon_usd_uzs_mom_dlog__m2_yoy_log,multivariate_midas,usd_uzs_mom_dlog|m2_yoy_log,3,6.450666109921986,0.24933389007801665,26,,313.40403125560414,"[1.3634470463105604, 0.7139897140412403, -0.03710317068463892, 0.03409327775864783, 0.002236138823816458, 0.007497252672679144]"
2024Q4,H2,standard,DEVELOPMENT_PSEUDO_OOS,6.700000000000003,2018Q1,2024Q3,27,multi_almon_usd_uzs_mom_dlog__m2_yoy_log,multivariate_midas,usd_uzs_mom_dlog|m2_yoy_log,3,5.308595336838529,1.3914046631614738,26,,284.24636547276117,"[2.301224029059963, 0.755150257586925, -0.21381999963433646, 0.008972058412744652, 0.10040103632643171, -0.2225812171175538]"
2024Q4,H2,conservative,DEVELOPMENT_PSEUDO_OOS,6.700000000000003,2018Q1,2024Q3,27,multi_almon_usd_uzs_mom_dlog__m2_yoy_log,multivariate_midas,usd_uzs_mom_dlog|m2_yoy_log,3,6.291739788905128,0.4082602110948752,26,,294.5400368922958,"[2.0171822344295287, 0.7089083485107257, 0.16007787709373347, -0.6849193550432419, 0.012272752091717853, -0.02510102661321928]"
2024Q4,H3,standard,DEVELOPMENT_PSEUDO_OOS,6.700000000000003,2018Q1,2024Q3,27,multi_almon_usd_uzs_mom_dlog__m2_yoy_log,multivariate_midas,usd_uzs_mom_dlog|m2_yoy_log,3,6.2814520221577785,0.4185479778422243,26,,291.3652764045537,"[2.5622383957871775, 0.7211824684440569, -0.49601308389230936, 0.544170611130622, -0.023035493937259455, 0.026228800111481376]"
2024Q4,H3,conservative,DEVELOPMENT_PSEUDO_OOS,6.700000000000003,2018Q1,2024Q3,27,multi_almon_usd_uzs_mom_dlog__m2_yoy_log,multivariate_midas,usd_uzs_mom_dlog|m2_yoy_log,3,5.308595336838529,1.3914046631614738,26,,284.24636547276117,"[2.301224029059963, 0.755150257586925, -0.21381999963433646, 0.008972058412744652, 0.10040103632643171, -0.2225812171175538]"
2025Q1,H1,standard,DEVELOPMENT_PSEUDO_OOS,6.799999999999997,2018Q1,2024Q4,28,multi_almon_usd_uzs_mom_dlog__m2_yoy_log,multivariate_midas,usd_uzs_mom_dlog|m2_yoy_log,3,6.3876018595344854,0.4123981404655117,27,,300.1079103825348,"[1.9818439072099634, 0.7121194557523913, 0.15994499498015574, -0.6807412118844396, 0.010671151390221567, -0.020853141892454574]"
2025Q1,H1,conservative,DEVELOPMENT_PSEUDO_OOS,6.799999999999997,2018Q1,2024Q4,28,multi_almon_usd_uzs_mom_dlog__m2_yoy_log,multivariate_midas,usd_uzs_mom_dlog|m2_yoy_log,3,6.609926388380965,0.1900736116190318,27,,320.2360260955194,"[1.3629386052631087, 0.715077808093688, -0.04180902263192629, 0.04078823555022759, 0.0034064304404723966, 0.005374052547918395]"
2025Q1,H2,standard,DEVELOPMENT_PSEUDO_OOS,6.799999999999997,2018Q1,2024Q4,28,multi_almon_usd_uzs_mom_dlog__m2_yoy_log,multivariate_midas,usd_uzs_mom_dlog|m2_yoy_log,3,6.406579533491658,0.3934204665083394,27,,289.247589583841,"[2.1403966558068475, 0.7593205530106123, -0.19739618829318567, -0.008972799428845508, 0.08037754327377489, -0.17590200849831672]"
2025Q1,H2,conservative,DEVELOPMENT_PSEUDO_OOS,6.799999999999997,2018Q1,2024Q4,28,multi_almon_usd_uzs_mom_dlog__m2_yoy_log,multivariate_midas,usd_uzs_mom_dlog|m2_yoy_log,3,6.3876018595344854,0.4123981404655117,27,,300.1079103825348,"[1.9818439072099634, 0.7121194557523913, 0.15994499498015574, -0.6807412118844396, 0.010671151390221567, -0.020853141892454574]"
2025Q1,H3,standard,DEVELOPMENT_PSEUDO_OOS,6.799999999999997,2018Q1,2024Q4,28,multi_almon_usd_uzs_mom_dlog__m2_yoy_log,multivariate_midas,usd_uzs_mom_dlog|m2_yoy_log,3,6.3164062151942755,0.4835937848057217,27,,297.5239557390241,"[2.5055814222765673, 0.7234925946340142, -0.4922752375481315, 0.5383343944338688, -0.023397698195422922, 0.02900282060965148]"
2025Q1,H3,conservative,DEVELOPMENT_PSEUDO_OOS,6.799999999999997,2018Q1,2024Q4,28,multi_almon_usd_uzs_mom_dlog__m2_yoy_log,multivariate_midas,usd_uzs_mom_dlog|m2_yoy_log,3,6.406579533491658,0.3934204665083394,27,,289.247589583841,"[2.1403966558068475, 0.7593205530106123, -0.19739618829318567, -0.008972799428845508, 0.08037754327377489, -0.17590200849831672]"
2025Q2,H1,standard,DEVELOPMENT_PSEUDO_OOS,7.200000000000003,2018Q1,2025Q1,29,multi_almon_usd_uzs_mom_dlog__m2_yoy_log,multivariate_midas,usd_uzs_mom_dlog|m2_yoy_log,3,6.828906976215627,0.3710930237843755,28,,305.1325770219936,"[1.9198672744280139, 0.7148533920448371, 0.15969424646091568, -0.6758419551958054, 0.01129747038133877, -0.020092123041888954]"
2025Q2,H1,conservative,DEVELOPMENT_PSEUDO_OOS,7.200000000000003,2018Q1,2025Q1,29,multi_almon_usd_uzs_mom_dlog__m2_yoy_log,multivariate_midas,usd_uzs_mom_dlog|m2_yoy_log,3,6.7227616775427474,0.4772383224572554,28,,327.02185715130014,"[1.3394029416523, 0.7164597641488154, -0.04020152828600595, 0.03873433872613251, 0.002965977840583278, 0.006996075383271627]"
2025Q2,H2,standard,DEVELOPMENT_PSEUDO_OOS,7.200000000000003,2018Q1,2025Q1,29,multi_almon_usd_uzs_mom_dlog__m2_yoy_log,multivariate_midas,usd_uzs_mom_dlog|m2_yoy_log,3,6.716879191879445,0.4831208081205576,28,,294.6269217192342,"[2.086607205780344, 0.761398528211417, -0.1942456796299626, -0.012918140785556175, 0.08059343368535443, -0.17441803627337732]"
2025Q2,H2,conservative,DEVELOPMENT_PSEUDO_OOS,7.200000000000003,2018Q1,2025Q1,29,multi_almon_usd_uzs_mom_dlog__m2_yoy_log,multivariate_midas,usd_uzs_mom_dlog|m2_yoy_log,3,6.828906976215627,0.3710930237843755,28,,305.1325770219936,"[1.9198672744280139, 0.7148533920448371, 0.15969424646091568, -0.6758419551958054, 0.01129747038133877, -0.020092123041888954]"
2025Q2,H3,standard,DEVELOPMENT_PSEUDO_OOS,7.200000000000003,2018Q1,2025Q1,29,multi_almon_usd_uzs_mom_dlog__m2_yoy_log,multivariate_midas,usd_uzs_mom_dlog|m2_yoy_log,3,6.653037549547533,0.5469624504524697,28,,301.8964091392477,"[2.4287737519144015, 0.7274878384855578, -0.4834168923332371, 0.5198130858220069, -0.02256802475526143, 0.029844334945893225]"
2025Q2,H3,conservative,DEVELOPMENT_PSEUDO_OOS,7.200000000000003,2018Q1,2025Q1,29,multi_almon_usd_uzs_mom_dlog__m2_yoy_log,multivariate_midas,usd_uzs_mom_dlog|m2_yoy_log,3,6.716879191879445,0.4831208081205576,28,,294.6269217192342,"[2.086607205780344, 0.761398528211417, -0.1942456796299626, -0.012918140785556175, 0.08059343368535443, -0.17441803627337732]"
2025Q3,H1,standard,HISTORICAL_POST_DEVELOPMENT_TEST,7.599999999999994,2018Q1,2025Q2,30,multi_almon_usd_uzs_mom_dlog__m2_yoy_log,multivariate_midas,usd_uzs_mom_dlog|m2_yoy_log,3,7.602339857089514,-0.002339857089519448,29,,311.4971561302441,"[1.8724893797265538, 0.717459792420926, 0.15907826800494995, -0.6763927282697364, 0.0105208249999581, -0.016917227723904138]"
2025Q3,H1,conservative,HISTORICAL_POST_DEVELOPMENT_TEST,7.599999999999994,2018Q1,2025Q2,30,multi_almon_usd_uzs_mom_dlog__m2_yoy_log,multivariate_midas,usd_uzs_mom_dlog|m2_yoy_log,3,7.120553927259161,0.4794460727408332,29,,332.48458437375405,"[1.2700042549404407, 0.7211742306994902, -0.031406520250628706, 0.02191574198296713, 0.0029384498267382986, 0.009001757698270885]"
2025Q3,H2,standard,HISTORICAL_POST_DEVELOPMENT_TEST,7.599999999999994,2018Q1,2025Q2,30,multi_almon_usd_uzs_mom_dlog__m2_yoy_log,multivariate_midas,usd_uzs_mom_dlog|m2_yoy_log,3,7.851087817178812,-0.251087817178818,29,,301.5846215901775,"[2.027208091660991, 0.7639558923038604, -0.19805447509620483, -0.011367504854873853, 0.08041435503526151, -0.1717570871299361]"
2025Q3,H2,conservative,HISTORICAL_POST_DEVELOPMENT_TEST,7.599999999999994,2018Q1,2025Q2,30,multi_almon_usd_uzs_mom_dlog__m2_yoy_log,multivariate_midas,usd_uzs_mom_dlog|m2_yoy_log,3,7.602339857089514,-0.002339857089519448,29,,311.4971561302441,"[1.8724893797265538, 0.717459792420926, 0.15907826800494995, -0.6763927282697364, 0.0105208249999581, -0.016917227723904138]"
2025Q3,H3,standard,HISTORICAL_POST_DEVELOPMENT_TEST,7.599999999999994,2018Q1,2025Q2,30,multi_almon_usd_uzs_mom_dlog__m2_yoy_log,multivariate_midas,usd_uzs_mom_dlog|m2_yoy_log,3,7.374142461148285,0.22585753885170945,29,,306.6677475240083,"[2.350709713124903, 0.7340027173844568, -0.4736241156350729, 0.4876186720285584, -0.020019357318965203, 0.02706176897207002]"
2025Q3,H3,conservative,HISTORICAL_POST_DEVELOPMENT_TEST,7.599999999999994,2018Q1,2025Q2,30,multi_almon_usd_uzs_mom_dlog__m2_yoy_log,multivariate_midas,usd_uzs_mom_dlog|m2_yoy_log,3,7.851087817178812,-0.251087817178818,29,,301.5846215901775,"[2.027208091660991, 0.7639558923038604, -0.19805447509620483, -0.011367504854873853, 0.08041435503526151, -0.1717570871299361]"
2025Q4,H1,standard,HISTORICAL_POST_DEVELOPMENT_TEST,7.700000000000003,2018Q1,2025Q3,31,multi_almon_usd_uzs_mom_dlog__m2_yoy_log,multivariate_midas,usd_uzs_mom_dlog|m2_yoy_log,3,8.607547540530017,-0.9075475405300146,30,,321.00382212943424,"[1.8726212785868352, 0.7174409739008792, 0.15910683897410072, -0.6763597364030602, 0.010506951806461884, -0.016895043393661935]"
2025Q4,H1,conservative,HISTORICAL_POST_DEVELOPMENT_TEST,7.700000000000003,2018Q1,2025Q3,31,multi_almon_usd_uzs_mom_dlog__m2_yoy_log,multivariate_midas,usd_uzs_mom_dlog|m2_yoy_log,3,7.4604110949179505,0.23958890508205233,30,,338.46553802027245,"[1.2077142680018909, 0.7274600662541615, -0.022105973892057096, -0.005675523409324715, 0.004288298152755887, 0.007850343465311105]"
2025Q4,H2,standard,HISTORICAL_POST_DEVELOPMENT_TEST,7.700000000000003,2018Q1,2025Q3,31,multi_almon_usd_uzs_mom_dlog__m2_yoy_log,multivariate_midas,usd_uzs_mom_dlog|m2_yoy_log,3,8.225793361802813,-0.5257933618028101,30,,310.6944494875588,"[2.0358560284979994, 0.761486233196421, -0.18856642523868777, -0.017858874150619392, 0.07961026764355839, -0.17052378667820212]"
2025Q4,H2,conservative,HISTORICAL_POST_DEVELOPMENT_TEST,7.700000000000003,2018Q1,2025Q3,31,multi_almon_usd_uzs_mom_dlog__m2_yoy_log,multivariate_midas,usd_uzs_mom_dlog|m2_yoy_log,3,8.607547540530017,-0.9075475405300146,30,,321.00382212943424,"[1.8726212785868352, 0.7174409739008792, 0.15910683897410072, -0.6763597364030602, 0.010506951806461884, -0.016895043393661935]"
2025Q4,H3,standard,HISTORICAL_POST_DEVELOPMENT_TEST,7.700000000000003,2018Q1,2025Q3,31,multi_almon_usd_uzs_mom_dlog__m2_yoy_log,multivariate_midas,usd_uzs_mom_dlog|m2_yoy_log,3,8.603145562111418,-0.9031455621114155,30,,313.17158780157047,"[2.3298549355263316, 0.737219574025045, -0.473827785349835, 0.4807650391093039, -0.018432354671610862, 0.024375200646670647]"
2025Q4,H3,conservative,HISTORICAL_POST_DEVELOPMENT_TEST,7.700000000000003,2018Q1,2025Q3,31,multi_almon_usd_uzs_mom_dlog__m2_yoy_log,multivariate_midas,usd_uzs_mom_dlog|m2_yoy_log,3,8.225793361802813,-0.5257933618028101,30,,310.6944494875588,"[2.0358560284979994, 0.761486233196421, -0.18856642523868777, -0.017858874150619392, 0.07961026764355839, -0.17052378667820212]"
2026Q1,H1,standard,HISTORICAL_POST_DEVELOPMENT_TEST,8.700000000000003,2018Q1,2025Q4,32,multi_almon_usd_uzs_mom_dlog__m2_yoy_log,multivariate_midas,usd_uzs_mom_dlog|m2_yoy_log,3,7.061433813966995,1.6385661860330076,31,,329.37862800772325,"[1.8507382283337774, 0.709426411162979, 0.16599807208186323, -0.6374787296187365, 0.007205149779069275, -0.01005361988923792]"
2026Q1,H1,conservative,HISTORICAL_POST_DEVELOPMENT_TEST,8.700000000000003,2018Q1,2025Q4,32,multi_almon_usd_uzs_mom_dlog__m2_yoy_log,multivariate_midas,usd_uzs_mom_dlog|m2_yoy_log,3,7.567963862416287,1.1320361375837162,31,,346.00110571516234,"[1.18981796719334, 0.7305217892777576, -0.021832342470535317, -0.012866243630908072, 0.005650507435918328, 0.005506355142250896]"
2026Q1,H2,standard,HISTORICAL_POST_DEVELOPMENT_TEST,8.700000000000003,2018Q1,2025Q4,32,multi_almon_usd_uzs_mom_dlog__m2_yoy_log,multivariate_midas,usd_uzs_mom_dlog|m2_yoy_log,3,6.569791374159674,2.1302086258403286,31,,319.03224622329367,"[2.031050070781209, 0.7555720554043024, -0.16999851371536284, -0.02490117795695187, 0.0800630906006844, -0.17127566351669704]"
2026Q1,H2,conservative,HISTORICAL_POST_DEVELOPMENT_TEST,8.700000000000003,2018Q1,2025Q4,32,multi_almon_usd_uzs_mom_dlog__m2_yoy_log,multivariate_midas,usd_uzs_mom_dlog|m2_yoy_log,3,7.061433813966995,1.6385661860330076,31,,329.37862800772325,"[1.8507382283337774, 0.709426411162979, 0.16599807208186323, -0.6374787296187365, 0.007205149779069275, -0.01005361988923792]"
2026Q1,H3,standard,HISTORICAL_POST_DEVELOPMENT_TEST,8.700000000000003,2018Q1,2025Q4,32,multi_almon_usd_uzs_mom_dlog__m2_yoy_log,multivariate_midas,usd_uzs_mom_dlog|m2_yoy_log,3,6.875856276462749,1.8241437235372535,31,,322.3996060865467,"[2.3344613598677624, 0.7309417372334944, -0.4228333901628212, 0.4145172768751347, -0.014962027568875214, 0.01670282861892164]"
2026Q1,H3,conservative,HISTORICAL_POST_DEVELOPMENT_TEST,8.700000000000003,2018Q1,2025Q4,32,multi_almon_usd_uzs_mom_dlog__m2_yoy_log,multivariate_midas,usd_uzs_mom_dlog|m2_yoy_log,3,6.569791374159674,2.1302086258403286,31,,319.03224622329367,"[2.031050070781209, 0.7555720554043024, -0.16999851371536284, -0.02490117795695187, 0.0800630906006844, -0.17127566351669704]"
2026Q2,H1,standard,HISTORICAL_POST_DEVELOPMENT_TEST,8.5,2018Q1,2026Q1,33,multi_almon_usd_uzs_mom_dlog__m2_yoy_log,multivariate_midas,usd_uzs_mom_dlog|m2_yoy_log,3,8.878553080958474,-0.37855308095847384,32,,328.93838510320904,"[1.542746114618047, 0.7301239290548874, 0.1501702070097515, -0.579567226224341, -0.01030312688133228, 0.032267866271582735]"
2026Q2,H1,conservative,HISTORICAL_POST_DEVELOPMENT_TEST,8.5,2018Q1,2026Q1,33,multi_almon_usd_uzs_mom_dlog__m2_yoy_log,multivariate_midas,usd_uzs_mom_dlog|m2_yoy_log,3,8.352730935959258,0.14726906404074214,32,,354.6046350998907,"[1.2345678386422747, 0.7288315017455418, -0.08848493810974031, 0.07539274168446676, 0.0007684689062914529, 0.01639325566164368]"
2026Q2,H2,standard,HISTORICAL_POST_DEVELOPMENT_TEST,8.5,2018Q1,2026Q1,33,multi_almon_usd_uzs_mom_dlog__m2_yoy_log,multivariate_midas,usd_uzs_mom_dlog|m2_yoy_log,3,8.693590468938751,-0.19359046893875131,32,,314.8549616363375,"[1.5544281183389446, 0.7677082170543362, -0.15845417848321294, 0.016944907291831367, 0.06971255528431397, -0.13624625596569329]"
2026Q2,H2,conservative,HISTORICAL_POST_DEVELOPMENT_TEST,8.5,2018Q1,2026Q1,33,multi_almon_usd_uzs_mom_dlog__m2_yoy_log,multivariate_midas,usd_uzs_mom_dlog|m2_yoy_log,3,8.878553080958474,-0.37855308095847384,32,,328.93838510320904,"[1.542746114618047, 0.7301239290548874, 0.1501702070097515, -0.579567226224341, -0.01030312688133228, 0.032267866271582735]"
2026Q2,H3,standard,HISTORICAL_POST_DEVELOPMENT_TEST,8.5,2018Q1,2026Q1,33,multi_almon_usd_uzs_mom_dlog__m2_yoy_log,multivariate_midas,usd_uzs_mom_dlog|m2_yoy_log,3,8.612698661072155,-0.1126986610721552,32,,317.6677459372544,"[1.9092654852411994, 0.7485170506000105, -0.3708449621594839, 0.3504899581212153, -0.006408901539279865, 0.011168593439593588]"
2026Q2,H3,conservative,HISTORICAL_POST_DEVELOPMENT_TEST,8.5,2018Q1,2026Q1,33,multi_almon_usd_uzs_mom_dlog__m2_yoy_log,multivariate_midas,usd_uzs_mom_dlog|m2_yoy_log,3,8.693590468938751,-0.19359046893875131,32,,314.8549616363375,"[1.5544281183389446, 0.7677082170543362, -0.15845417848321294, 0.016944907291831367, 0.06971255528431397, -0.13624625596569329]"
2021Q1,H1,standard,DEVELOPMENT_PSEUDO_OOS,4.799999999999997,2018Q1,2020Q4,12,multi_almon_usd_uzs_mom_dlog__fx_reserves_exgold_yoy_log,multivariate_midas,usd_uzs_mom_dlog|fx_reserves_exgold_yoy_log,3,,,11,insufficient_effective_training,,[]
2021Q1,H1,conservative,DEVELOPMENT_PSEUDO_OOS,4.799999999999997,2018Q1,2020Q4,12,multi_almon_usd_uzs_mom_dlog__fx_reserves_exgold_yoy_log,multivariate_midas,usd_uzs_mom_dlog|fx_reserves_exgold_yoy_log,3,,,11,insufficient_effective_training,,[]
2021Q1,H2,standard,DEVELOPMENT_PSEUDO_OOS,4.799999999999997,2018Q1,2020Q4,12,multi_almon_usd_uzs_mom_dlog__fx_reserves_exgold_yoy_log,multivariate_midas,usd_uzs_mom_dlog|fx_reserves_exgold_yoy_log,3,,,11,insufficient_effective_training,,[]
2021Q1,H2,conservative,DEVELOPMENT_PSEUDO_OOS,4.799999999999997,2018Q1,2020Q4,12,multi_almon_usd_uzs_mom_dlog__fx_reserves_exgold_yoy_log,multivariate_midas,usd_uzs_mom_dlog|fx_reserves_exgold_yoy_log,3,,,11,insufficient_effective_training,,[]
2021Q1,H3,standard,DEVELOPMENT_PSEUDO_OOS,4.799999999999997,2018Q1,2020Q4,12,multi_almon_usd_uzs_mom_dlog__fx_reserves_exgold_yoy_log,multivariate_midas,usd_uzs_mom_dlog|fx_reserves_exgold_yoy_log,3,,,11,insufficient_effective_training,,[]
2021Q1,H3,conservative,DEVELOPMENT_PSEUDO_OOS,4.799999999999997,2018Q1,2020Q4,12,multi_almon_usd_uzs_mom_dlog__fx_reserves_exgold_yoy_log,multivariate_midas,usd_uzs_mom_dlog|fx_reserves_exgold_yoy_log,3,,,11,insufficient_effective_training,,[]
2021Q2,H1,standard,DEVELOPMENT_PSEUDO_OOS,8.400000000000006,2018Q1,2021Q1,13,multi_almon_usd_uzs_mom_dlog__fx_reserves_exgold_yoy_log,multivariate_midas,usd_uzs_mom_dlog|fx_reserves_exgold_yoy_log,3,5.21280180346297,3.187198196537036,12,,172.43655615483212,"[2.7679630405739073, 0.49210188288039913, 0.2936316168573897, -0.9585541045108832, 0.033412715162550816, -0.108874341906719]"
2021Q2,H1,conservative,DEVELOPMENT_PSEUDO_OOS,8.400000000000006,2018Q1,2021Q1,13,multi_almon_usd_uzs_mom_dlog__fx_reserves_exgold_yoy_log,multivariate_midas,usd_uzs_mom_dlog|fx_reserves_exgold_yoy_log,3,4.213750603842849,4.186249396157157,12,,166.0366991355872,"[1.713435864345122, 0.6397681024931915, -0.34204099282871725, 0.6011456728974486, -0.09774439297238025, 0.18764144487959658]"
2021Q2,H2,standard,DEVELOPMENT_PSEUDO_OOS,8.400000000000006,2018Q1,2021Q1,13,multi_almon_usd_uzs_mom_dlog__fx_reserves_exgold_yoy_log,multivariate_midas,usd_uzs_mom_dlog|fx_reserves_exgold_yoy_log,3,4.451000352661478,3.9489996473385274,12,,151.46196885260383,"[2.57375115127191, 0.5164940502074742, -0.019582441265827755, -0.31934045229218644, 0.007185793413452712, -0.06598466228039446]"
2021Q2,H2,conservative,DEVELOPMENT_PSEUDO_OOS,8.400000000000006,2018Q1,2021Q1,13,multi_almon_usd_uzs_mom_dlog__fx_reserves_exgold_yoy_log,multivariate_midas,usd_uzs_mom_dlog|fx_reserves_exgold_yoy_log,3,4.411940638906187,3.9880593610938186,12,,145.68141646246724,"[2.858304873111975, 0.4248406419638871, 0.32264415450183503, -0.9591305215639208, 0.03748716329143109, -0.1438855970646457]"
2021Q2,H3,standard,DEVELOPMENT_PSEUDO_OOS,8.400000000000006,2018Q1,2021Q1,13,multi_almon_usd_uzs_mom_dlog__fx_reserves_exgold_yoy_log,multivariate_midas,usd_uzs_mom_dlog|fx_reserves_exgold_yoy_log,3,4.448462733782128,3.951537266217878,12,,160.7368841827136,"[3.1306572556664776, 0.40834731225847626, -0.5542468733219035, 0.7864003940034897, -0.0006128234236739416, -0.054249453755934166]"
2021Q2,H3,conservative,DEVELOPMENT_PSEUDO_OOS,8.400000000000006,2018Q1,2021Q1,13,multi_almon_usd_uzs_mom_dlog__fx_reserves_exgold_yoy_log,multivariate_midas,usd_uzs_mom_dlog|fx_reserves_exgold_yoy_log,3,4.248149559540676,4.15185044045933,12,,158.832042146795,"[2.361979128899788, 0.5185980656102296, 0.03916612691375976, -0.2210834334290631, 0.028667607751568597, -0.0935347590060962]"
2021Q3,H1,standard,DEVELOPMENT_PSEUDO_OOS,8.799999999999997,2018Q1,2021Q2,14,multi_almon_usd_uzs_mom_dlog__fx_reserves_exgold_yoy_log,multivariate_midas,usd_uzs_mom_dlog|fx_reserves_exgold_yoy_log,3,6.194919564206533,2.6050804357934645,13,,170.92076763851807,"[3.317539272179172, 0.4636650116075766, 0.33853504563498393, -1.1857784406025735, 0.08065518534092539, -0.20623471486163258]"
2021Q3,H1,conservative,DEVELOPMENT_PSEUDO_OOS,8.799999999999997,2018Q1,2021Q2,14,multi_almon_usd_uzs_mom_dlog__fx_reserves_exgold_yoy_log,multivariate_midas,usd_uzs_mom_dlog|fx_reserves_exgold_yoy_log,3,7.9557373880655655,0.8442626119344316,13,,166.88865169919222,"[1.6257382500965245, 0.7289079344237138, -0.2560440189307645, 0.41374294220205665, -0.05654309231246826, 0.11897664091941416]"
2021Q3,H2,standard,DEVELOPMENT_PSEUDO_OOS,8.799999999999997,2018Q1,2021Q2,14,multi_almon_usd_uzs_mom_dlog__fx_reserves_exgold_yoy_log,multivariate_midas,usd_uzs_mom_dlog|fx_reserves_exgold_yoy_log,3,7.158527310829618,1.6414726891703788,13,,152.06720403675635,"[2.775516965838819, 0.569365977277237, -0.11247678705657857, -0.26776611383151033, -0.014090182390891354, -0.010110053903407107]"
2021Q3,H2,conservative,DEVELOPMENT_PSEUDO_OOS,8.799999999999997,2018Q1,2021Q2,14,multi_almon_usd_uzs_mom_dlog__fx_reserves_exgold_yoy_log,multivariate_midas,usd_uzs_mom_dlog|fx_reserves_exgold_yoy_log,3,7.064599098564147,1.7354009014358498,13,,146.37202671035428,"[2.9864043488294683, 0.49256514026422266, 0.2724513465529438, -0.979719090015433, 0.01890860035249227, -0.09027264011184785]"
2021Q3,H3,standard,DEVELOPMENT_PSEUDO_OOS,8.799999999999997,2018Q1,2021Q2,14,multi_almon_usd_uzs_mom_dlog__fx_reserves_exgold_yoy_log,multivariate_midas,usd_uzs_mom_dlog|fx_reserves_exgold_yoy_log,3,7.937450013776657,0.8625499862233399,13,,162.42694772216961,"[3.0444492491525907, 0.5103365201065369, -0.6261609012955028, 0.8418890206564884, -0.0012289451672121143, -0.037078041310688654]"
2021Q3,H3,conservative,DEVELOPMENT_PSEUDO_OOS,8.799999999999997,2018Q1,2021Q2,14,multi_almon_usd_uzs_mom_dlog__fx_reserves_exgold_yoy_log,multivariate_midas,usd_uzs_mom_dlog|fx_reserves_exgold_yoy_log,3,8.657373580077406,0.14262641992259084,13,,160.53966978261857,"[2.3463550077591404, 0.6172152266436473, -0.09374857725669586, -0.11045437290905936, 0.02539503569499177, -0.07208962230078617]"
2021Q4,H1,standard,DEVELOPMENT_PSEUDO_OOS,8.200000000000003,2018Q1,2021Q3,15,multi_almon_usd_uzs_mom_dlog__fx_reserves_exgold_yoy_log,multivariate_midas,usd_uzs_mom_dlog|fx_reserves_exgold_yoy_log,3,9.519758225350449,-1.319758225350446,14,,133.65362322463963,"[2.0555777220356486, 0.7252244110438221, 0.2673207415957571, -0.9686027967795358, 0.051772784847019276, -0.11505723350532998]"
2021Q4,H1,conservative,DEVELOPMENT_PSEUDO_OOS,8.200000000000003,2018Q1,2021Q3,15,multi_almon_usd_uzs_mom_dlog__fx_reserves_exgold_yoy_log,multivariate_midas,usd_uzs_mom_dlog|fx_reserves_exgold_yoy_log,3,6.9231210974504584,1.2768789025495444,14,,143.31538254853137,"[1.2625476709201093, 0.808322533150992, -0.23961696722782455, 0.3892486084072733, -0.058006091429834455, 0.13103206832589284]"
2021Q4,H2,standard,DEVELOPMENT_PSEUDO_OOS,8.200000000000003,2018Q1,2021Q3,15,multi_almon_usd_uzs_mom_dlog__fx_reserves_exgold_yoy_log,multivariate_midas,usd_uzs_mom_dlog|fx_reserves_exgold_yoy_log,3,8.59118448318918,-0.39118448318917665,14,,128.55992157239822,"[2.104081096818088, 0.7102194120392967, -0.12173646194394253, -0.2050605644759751, 0.007351876079606079, -0.037912110062708615]"
2021Q4,H2,conservative,DEVELOPMENT_PSEUDO_OOS,8.200000000000003,2018Q1,2021Q3,15,multi_almon_usd_uzs_mom_dlog__fx_reserves_exgold_yoy_log,multivariate_midas,usd_uzs_mom_dlog|fx_reserves_exgold_yoy_log,3,8.296237265204772,-0.09623726520476872,14,,125.65196227418626,"[2.3221231577571686, 0.6412128755663369, 0.254765195285347, -0.9252303623019807, 0.036528610529457446, -0.10988449911835078]"
2021Q4,H3,standard,DEVELOPMENT_PSEUDO_OOS,8.200000000000003,2018Q1,2021Q3,15,multi_almon_usd_uzs_mom_dlog__fx_reserves_exgold_yoy_log,multivariate_midas,usd_uzs_mom_dlog|fx_reserves_exgold_yoy_log,3,7.903181888453225,0.29681811154677806,14,,139.85085668144202,"[2.74222505978868, 0.5673688326153601, -0.5871757299562991, 0.8182024968210384, 0.018028340963430506, -0.06567794092741372]"
2021Q4,H3,conservative,DEVELOPMENT_PSEUDO_OOS,8.200000000000003,2018Q1,2021Q3,15,multi_almon_usd_uzs_mom_dlog__fx_reserves_exgold_yoy_log,multivariate_midas,usd_uzs_mom_dlog|fx_reserves_exgold_yoy_log,3,7.562374545355704,0.637625454644299,14,,138.699633608189,"[2.297294427240735, 0.6263549371852917, -0.09158420979421825, -0.10546533299549679, 0.028667003306105193, -0.07700279144687983]"
2022Q1,H1,standard,DEVELOPMENT_PSEUDO_OOS,5.099999999999994,2018Q1,2021Q4,16,multi_almon_usd_uzs_mom_dlog__fx_reserves_exgold_yoy_log,multivariate_midas,usd_uzs_mom_dlog|fx_reserves_exgold_yoy_log,3,7.751204702357483,-2.6512047023574885,15,,138.6215565587341,"[1.8898292558306269, 0.7348331260823872, 0.23289199851316253, -0.8504615970063557, 0.023011201567987416, -0.050666421859626054]"
2022Q1,H1,conservative,DEVELOPMENT_PSEUDO_OOS,5.099999999999994,2018Q1,2021Q4,16,multi_almon_usd_uzs_mom_dlog__fx_reserves_exgold_yoy_log,multivariate_midas,usd_uzs_mom_dlog|fx_reserves_exgold_yoy_log,3,7.982710321119747,-2.8827103211197525,15,,150.07526850332323,"[1.1318690942972751, 0.8378571675507276, -0.1696532229260722, 0.28774342261199065, -0.03009777468253494, 0.07322647376513985]"
2022Q1,H2,standard,DEVELOPMENT_PSEUDO_OOS,5.099999999999994,2018Q1,2021Q4,16,multi_almon_usd_uzs_mom_dlog__fx_reserves_exgold_yoy_log,multivariate_midas,usd_uzs_mom_dlog|fx_reserves_exgold_yoy_log,3,7.994780017895313,-2.894780017895319,15,,138.48799818818776,"[2.0915602455305407, 0.7042585688750674, -0.12359864424090547, -0.1847076459980088, 0.011359719710192007, -0.04473670440494626]"
2022Q1,H2,conservative,DEVELOPMENT_PSEUDO_OOS,5.099999999999994,2018Q1,2021Q4,16,multi_almon_usd_uzs_mom_dlog__fx_reserves_exgold_yoy_log,multivariate_midas,usd_uzs_mom_dlog|fx_reserves_exgold_yoy_log,3,7.947793076376575,-2.847793076376581,15,,135.43943289328382,"[2.3237129238544822, 0.6392443352841198, 0.2556043793147561, -0.924171360054565, 0.03719547182705796, -0.11101921214814384]"
2022Q1,H3,standard,DEVELOPMENT_PSEUDO_OOS,5.099999999999994,2018Q1,2021Q4,16,multi_almon_usd_uzs_mom_dlog__fx_reserves_exgold_yoy_log,multivariate_midas,usd_uzs_mom_dlog|fx_reserves_exgold_yoy_log,3,7.847510361924789,-2.7475103619247943,15,,144.5067467304645,"[2.733893784911914, 0.5760056960160236, -0.5996399351923462, 0.8252931008815562, 0.014287577826103515, -0.05936364833564142]"
2022Q1,H3,conservative,DEVELOPMENT_PSEUDO_OOS,5.099999999999994,2018Q1,2021Q4,16,multi_almon_usd_uzs_mom_dlog__fx_reserves_exgold_yoy_log,multivariate_midas,usd_uzs_mom_dlog|fx_reserves_exgold_yoy_log,3,7.224741428825754,-2.12474142882576,15,,143.28748069249315,"[2.280622841706347, 0.6453673040787931, -0.09846348729468934, -0.13262076782443522, 0.02016014753403106, -0.06254167482545711]"
2022Q2,H1,standard,DEVELOPMENT_PSEUDO_OOS,4.5,2018Q1,2022Q1,17,multi_almon_usd_uzs_mom_dlog__fx_reserves_exgold_yoy_log,multivariate_midas,usd_uzs_mom_dlog|fx_reserves_exgold_yoy_log,3,3.7559887731213246,0.7440112268786754,16,,139.32824630857337,"[2.22068491532117, 0.6421204703732855, 0.260915715284855, -0.8966017454110585, 0.04062839582904815, -0.08837782549958625]"
2022Q2,H1,conservative,DEVELOPMENT_PSEUDO_OOS,4.5,2018Q1,2022Q1,17,multi_almon_usd_uzs_mom_dlog__fx_reserves_exgold_yoy_log,multivariate_midas,usd_uzs_mom_dlog|fx_reserves_exgold_yoy_log,3,5.579024142536462,-1.0790241425364622,16,,152.38253727119542,"[1.339645361218301, 0.7596303643579942, -0.10757117795500798, 0.20019734616324228, -0.008776779793830514, 0.0300646994544346]"
2022Q2,H2,standard,DEVELOPMENT_PSEUDO_OOS,4.5,2018Q1,2022Q1,17,multi_almon_usd_uzs_mom_dlog__fx_reserves_exgold_yoy_log,multivariate_midas,usd_uzs_mom_dlog|fx_reserves_exgold_yoy_log,3,5.106683528319655,-0.606683528319655,16,,139.72714950871594,"[2.3707513918663867, 0.6163871207061384, -0.16802753575747914, -0.08318948686134849, 0.007813428530237254, -0.03958388233743859]"
2022Q2,H2,conservative,DEVELOPMENT_PSEUDO_OOS,4.5,2018Q1,2022Q1,17,multi_almon_usd_uzs_mom_dlog__fx_reserves_exgold_yoy_log,multivariate_midas,usd_uzs_mom_dlog|fx_reserves_exgold_yoy_log,3,3.89315514590065,0.6068448540993501,16,,136.36934558850788,"[2.6310972719169485, 0.5495379652318935, 0.2562942703209651, -0.9132526165539228, 0.029523921440338663, -0.09781136782496944]"
2022Q2,H3,standard,DEVELOPMENT_PSEUDO_OOS,4.5,2018Q1,2022Q1,17,multi_almon_usd_uzs_mom_dlog__fx_reserves_exgold_yoy_log,multivariate_midas,usd_uzs_mom_dlog|fx_reserves_exgold_yoy_log,3,5.287064137328088,-0.7870641373280884,16,,143.60836512652895,"[3.0652054917350564, 0.48450772990294816, -0.48814394273618056, 0.5878275512572095, 0.021564639612046632, -0.08046564438584192]"
2022Q2,H3,conservative,DEVELOPMENT_PSEUDO_OOS,4.5,2018Q1,2022Q1,17,multi_almon_usd_uzs_mom_dlog__fx_reserves_exgold_yoy_log,multivariate_midas,usd_uzs_mom_dlog|fx_reserves_exgold_yoy_log,3,5.330180342410201,-0.830180342410201,16,,142.2304310343912,"[2.5295728588388315, 0.5634817393013405, -0.13082033392019105, -0.016788544546093062, 0.03210603982297211, -0.08981435005154899]"
2022Q3,H1,standard,DEVELOPMENT_PSEUDO_OOS,5.299999999999997,2018Q1,2022Q2,18,multi_almon_usd_uzs_mom_dlog__fx_reserves_exgold_yoy_log,multivariate_midas,usd_uzs_mom_dlog|fx_reserves_exgold_yoy_log,3,5.249387195455568,0.0506128045444294,17,,138.11318427007797,"[2.154954951125127, 0.6556886659204861, 0.24573473501875207, -0.8328667173900377, 0.030846442243793237, -0.06707427801714214]"
2022Q3,H1,conservative,DEVELOPMENT_PSEUDO_OOS,5.299999999999997,2018Q1,2022Q2,18,multi_almon_usd_uzs_mom_dlog__fx_reserves_exgold_yoy_log,multivariate_midas,usd_uzs_mom_dlog|fx_reserves_exgold_yoy_log,3,4.56393594910814,0.7360640508918568,17,,147.88614247047437,"[1.1660503613193265, 0.7785498646003404, -0.0282819940644079, 0.055507554502609635, 0.005049367317635667, 0.003983054226408461]"
2022Q3,H2,standard,DEVELOPMENT_PSEUDO_OOS,5.299999999999997,2018Q1,2022Q2,18,multi_almon_usd_uzs_mom_dlog__fx_reserves_exgold_yoy_log,multivariate_midas,usd_uzs_mom_dlog|fx_reserves_exgold_yoy_log,3,5.691317734048617,-0.39131773404862,17,,139.63062047670957,"[2.3469705347798775, 0.6156367077041429, -0.22476060936911574, 0.018656683705476608, 0.011625743142367417, -0.048203377640609696]"
2022Q3,H2,conservative,DEVELOPMENT_PSEUDO_OOS,5.299999999999997,2018Q1,2022Q2,18,multi_almon_usd_uzs_mom_dlog__fx_reserves_exgold_yoy_log,multivariate_midas,usd_uzs_mom_dlog|fx_reserves_exgold_yoy_log,3,5.381662266739507,-0.08166226673951016,17,,135.78891751721545,"[2.5849362713642767, 0.5604632258922826, 0.25255099915894474, -0.8756651024340865, 0.028978528842593276, -0.09393121569047036]"
2022Q3,H3,standard,DEVELOPMENT_PSEUDO_OOS,5.299999999999997,2018Q1,2022Q2,18,multi_almon_usd_uzs_mom_dlog__fx_reserves_exgold_yoy_log,multivariate_midas,usd_uzs_mom_dlog|fx_reserves_exgold_yoy_log,3,5.6352196893668,-0.33521968936680313,17,,143.20723599380528,"[3.0082659394740765, 0.4807857560840352, -0.5024908620863298, 0.6585738265654179, 0.023180395324234992, -0.08315923151803617]"
2022Q3,H3,conservative,DEVELOPMENT_PSEUDO_OOS,5.299999999999997,2018Q1,2022Q2,18,multi_almon_usd_uzs_mom_dlog__fx_reserves_exgold_yoy_log,multivariate_midas,usd_uzs_mom_dlog|fx_reserves_exgold_yoy_log,3,5.591544709981801,-0.29154470998180404,17,,142.18366853483118,"[2.510508575492321, 0.5622674564631714, -0.2056146595831307, 0.109818955157854, 0.031454564229690896, -0.08909297632424189]"
2022Q4,H1,standard,DEVELOPMENT_PSEUDO_OOS,6.099999999999994,2018Q1,2022Q3,19,multi_almon_usd_uzs_mom_dlog__fx_reserves_exgold_yoy_log,multivariate_midas,usd_uzs_mom_dlog|fx_reserves_exgold_yoy_log,3,4.880102919596769,1.219897080403225,18,,130.46791499454258,"[2.1673097366409566, 0.654407903885464, 0.24377532092438012, -0.8324571230243297, 0.03098621261321538, -0.06750575161277098]"
2022Q4,H1,conservative,DEVELOPMENT_PSEUDO_OOS,6.099999999999994,2018Q1,2022Q3,19,multi_almon_usd_uzs_mom_dlog__fx_reserves_exgold_yoy_log,multivariate_midas,usd_uzs_mom_dlog|fx_reserves_exgold_yoy_log,3,5.269131896631453,0.830868103368541,18,,145.20557530578924,"[1.2891651203659271, 0.7669039308421182, -0.017328395751126907, 0.0018072944007387903, 0.006897297606234365, -0.0011848241031179874]"
2022Q4,H2,standard,DEVELOPMENT_PSEUDO_OOS,6.099999999999994,2018Q1,2022Q3,19,multi_almon_usd_uzs_mom_dlog__fx_reserves_exgold_yoy_log,multivariate_midas,usd_uzs_mom_dlog|fx_reserves_exgold_yoy_log,3,5.744378585377385,0.3556214146226093,18,,130.84908457168305,"[2.2385668788510547, 0.628699734033997, -0.20341224177901976, 0.0026352220760558556, 0.012069698696806797, -0.04694014550196693]"
2022Q4,H2,conservative,DEVELOPMENT_PSEUDO_OOS,6.099999999999994,2018Q1,2022Q3,19,multi_almon_usd_uzs_mom_dlog__fx_reserves_exgold_yoy_log,multivariate_midas,usd_uzs_mom_dlog|fx_reserves_exgold_yoy_log,3,5.968097628853194,0.1319023711468006,18,,128.5349591098084,"[2.5646680630789094, 0.5626644125637507, 0.25588224261196235, -0.876646114247633, 0.029056943795333856, -0.09377092240166532]"
2022Q4,H3,standard,DEVELOPMENT_PSEUDO_OOS,6.099999999999994,2018Q1,2022Q3,19,multi_almon_usd_uzs_mom_dlog__fx_reserves_exgold_yoy_log,multivariate_midas,usd_uzs_mom_dlog|fx_reserves_exgold_yoy_log,3,6.880020767186958,-0.7800207671869641,18,,135.74323291104122,"[2.916238478389921, 0.49315449042846715, -0.4883080108082954, 0.6422708215298119, 0.02478287027268089, -0.0844332341075493]"
2022Q4,H3,conservative,DEVELOPMENT_PSEUDO_OOS,6.099999999999994,2018Q1,2022Q3,19,multi_almon_usd_uzs_mom_dlog__fx_reserves_exgold_yoy_log,multivariate_midas,usd_uzs_mom_dlog|fx_reserves_exgold_yoy_log,3,6.869522648104843,-0.7695226481048483,18,,132.8661801855991,"[2.4262223733984705, 0.572497840186985, -0.18925567089208178, 0.09795950666944983, 0.033097522766936394, -0.09063351644387399]"
2023Q1,H1,standard,DEVELOPMENT_PSEUDO_OOS,6.400000000000006,2018Q1,2022Q4,20,multi_almon_usd_uzs_mom_dlog__fx_reserves_exgold_yoy_log,multivariate_midas,usd_uzs_mom_dlog|fx_reserves_exgold_yoy_log,3,5.991171998119725,0.40882800188028057,19,,130.57116236711707,"[2.2490380098488987, 0.6497658280465093, 0.22242748176922136, -0.7893446744642725, 0.0267139024430037, -0.06025153860626206]"
2023Q1,H1,conservative,DEVELOPMENT_PSEUDO_OOS,6.400000000000006,2018Q1,2022Q4,20,multi_almon_usd_uzs_mom_dlog__fx_reserves_exgold_yoy_log,multivariate_midas,usd_uzs_mom_dlog|fx_reserves_exgold_yoy_log,3,5.650369804466609,0.7496301955333964,19,,141.37568515802525,"[1.4538289488054859, 0.7486111954405276, -0.05515393555213979, 0.04655429197725021, 0.0027648626392171582, 0.004606736241882292]"
2023Q1,H2,standard,DEVELOPMENT_PSEUDO_OOS,6.400000000000006,2018Q1,2022Q4,20,multi_almon_usd_uzs_mom_dlog__fx_reserves_exgold_yoy_log,multivariate_midas,usd_uzs_mom_dlog|fx_reserves_exgold_yoy_log,3,5.927754908587165,0.4722450914128409,19,,131.86296746755792,"[2.2790683657147133, 0.6214291819711233, -0.20477771636989306, 0.009830709133129611, 0.01573331773218639, -0.05640850057004532]"
2023Q1,H2,conservative,DEVELOPMENT_PSEUDO_OOS,6.400000000000006,2018Q1,2022Q4,20,multi_almon_usd_uzs_mom_dlog__fx_reserves_exgold_yoy_log,multivariate_midas,usd_uzs_mom_dlog|fx_reserves_exgold_yoy_log,3,5.826592734879031,0.5734072651209745,19,,128.33534337313182,"[2.5836453955875074, 0.5594251911953794, 0.2564047253347391, -0.8773451236286766, 0.03028046809105961, -0.09712064410705884]"
2023Q1,H3,standard,DEVELOPMENT_PSEUDO_OOS,6.400000000000006,2018Q1,2022Q4,20,multi_almon_usd_uzs_mom_dlog__fx_reserves_exgold_yoy_log,multivariate_midas,usd_uzs_mom_dlog|fx_reserves_exgold_yoy_log,3,7.177511286107743,-0.7775112861077371,19,,141.17719813869036,"[2.76116162810535, 0.5210853079949885, -0.49279539662683564, 0.6378472050634696, 0.022770219456063556, -0.07559595864665447]"
2023Q1,H3,conservative,DEVELOPMENT_PSEUDO_OOS,6.400000000000006,2018Q1,2022Q4,20,multi_almon_usd_uzs_mom_dlog__fx_reserves_exgold_yoy_log,multivariate_midas,usd_uzs_mom_dlog|fx_reserves_exgold_yoy_log,3,6.973496904341674,-0.5734969043416687,19,,138.24340800306067,"[2.2777153734408175, 0.598995662142312, -0.19061770431863623, 0.08880237287599882, 0.031190785284111622, -0.08208625409620712]"
2023Q2,H1,standard,DEVELOPMENT_PSEUDO_OOS,7.099999999999994,2018Q1,2023Q1,21,multi_almon_usd_uzs_mom_dlog__fx_reserves_exgold_yoy_log,multivariate_midas,usd_uzs_mom_dlog|fx_reserves_exgold_yoy_log,3,7.090464027316473,0.00953597268352091,20,,136.87159140138004,"[2.316878273021078, 0.6400064700299151, 0.22272977909808162, -0.7960545157598573, 0.023366982655795954, -0.05635501744233079]"
2023Q2,H1,conservative,DEVELOPMENT_PSEUDO_OOS,7.099999999999994,2018Q1,2023Q1,21,multi_almon_usd_uzs_mom_dlog__fx_reserves_exgold_yoy_log,multivariate_midas,usd_uzs_mom_dlog|fx_reserves_exgold_yoy_log,3,5.923025098565644,1.1769749014343507,20,,149.1129788215434,"[1.5754047881648685, 0.7311244479275028, -0.06118395091902189, 0.046894285738904015, -0.004382453707765577, 0.01389821341439254]"
2023Q2,H2,standard,DEVELOPMENT_PSEUDO_OOS,7.099999999999994,2018Q1,2023Q1,21,multi_almon_usd_uzs_mom_dlog__fx_reserves_exgold_yoy_log,multivariate_midas,usd_uzs_mom_dlog|fx_reserves_exgold_yoy_log,3,7.294921675623162,-0.19492167562316798,20,,132.0126594703752,"[2.377312561781923, 0.6089299623020641, -0.20219517467658765, -0.010712827695551735, 0.00998512865761525, -0.047269955922975865]"
2023Q2,H2,conservative,DEVELOPMENT_PSEUDO_OOS,7.099999999999994,2018Q1,2023Q1,21,multi_almon_usd_uzs_mom_dlog__fx_reserves_exgold_yoy_log,multivariate_midas,usd_uzs_mom_dlog|fx_reserves_exgold_yoy_log,3,7.822836042491955,-0.7228360424919611,20,,130.99653380593975,"[2.6796986880293274, 0.5467564526150431, 0.25976895455328913, -0.8886401241503766, 0.024361413347958494, -0.0876350363171784]"
2023Q2,H3,standard,DEVELOPMENT_PSEUDO_OOS,7.099999999999994,2018Q1,2023Q1,21,multi_almon_usd_uzs_mom_dlog__fx_reserves_exgold_yoy_log,multivariate_midas,usd_uzs_mom_dlog|fx_reserves_exgold_yoy_log,3,7.097883796705332,0.002116203294662,20,,147.2596138860208,"[2.635883888701002, 0.5402245525703602, -0.4812794077257077, 0.6232141906384971, 0.023694785927869555, -0.07287926292655686]"
2023Q2,H3,conservative,DEVELOPMENT_PSEUDO_OOS,7.099999999999994,2018Q1,2023Q1,21,multi_almon_usd_uzs_mom_dlog__fx_reserves_exgold_yoy_log,multivariate_midas,usd_uzs_mom_dlog|fx_reserves_exgold_yoy_log,3,6.646593696543487,0.45340630345650723,20,,144.46277491341237,"[2.1897072696354125, 0.6123461924611456, -0.1899659819099283, 0.09380475679316447, 0.03195349784072876, -0.08027092678928793]"
2023Q3,H1,standard,DEVELOPMENT_PSEUDO_OOS,6.5,2018Q1,2023Q2,22,multi_almon_usd_uzs_mom_dlog__fx_reserves_exgold_yoy_log,multivariate_midas,usd_uzs_mom_dlog|fx_reserves_exgold_yoy_log,3,6.773053856550871,-0.2730538565508711,21,,138.83202534203093,"[2.318961651486246, 0.6396714007400155, 0.22296581066671015, -0.7966228518650972, 0.02347681417320374, -0.05663646927897445]"
2023Q3,H1,conservative,DEVELOPMENT_PSEUDO_OOS,6.5,2018Q1,2023Q2,22,multi_almon_usd_uzs_mom_dlog__fx_reserves_exgold_yoy_log,multivariate_midas,usd_uzs_mom_dlog|fx_reserves_exgold_yoy_log,3,6.80661783887742,-0.3066178388774201,21,,157.5181629121443,"[1.7895119529983528, 0.6944640254252367, -0.06406103399453808, 0.06305193333863696, 0.008164809103145765, -0.01812878888928421]"
2023Q3,H2,standard,DEVELOPMENT_PSEUDO_OOS,6.5,2018Q1,2023Q2,22,multi_almon_usd_uzs_mom_dlog__fx_reserves_exgold_yoy_log,multivariate_midas,usd_uzs_mom_dlog|fx_reserves_exgold_yoy_log,3,6.936982774785202,-0.43698277478520176,21,,141.7722135855911,"[2.3337822543711604, 0.6164255935424541, -0.20147006809654397, -0.006337793515402472, 0.010122412285285431, -0.045641624028930905]"
2023Q3,H2,conservative,DEVELOPMENT_PSEUDO_OOS,6.5,2018Q1,2023Q2,22,multi_almon_usd_uzs_mom_dlog__fx_reserves_exgold_yoy_log,multivariate_midas,usd_uzs_mom_dlog|fx_reserves_exgold_yoy_log,3,7.363295782525926,-0.8632957825259258,21,,140.7449819661599,"[2.522956606461599, 0.5751852301597851, 0.24698770004533405, -0.8525989907662135, 0.023768766024541088, -0.07929211387072294]"
2023Q3,H3,standard,DEVELOPMENT_PSEUDO_OOS,6.5,2018Q1,2023Q2,22,multi_almon_usd_uzs_mom_dlog__fx_reserves_exgold_yoy_log,multivariate_midas,usd_uzs_mom_dlog|fx_reserves_exgold_yoy_log,3,6.893566350710453,-0.3935663507104534,21,,150.06147547461097,"[2.636441402223456, 0.5401364193100081, -0.48134785111117706, 0.6232420144517252, 0.023669260574979534, -0.07285136463998496]"
2023Q3,H3,conservative,DEVELOPMENT_PSEUDO_OOS,6.5,2018Q1,2023Q2,22,multi_almon_usd_uzs_mom_dlog__fx_reserves_exgold_yoy_log,multivariate_midas,usd_uzs_mom_dlog|fx_reserves_exgold_yoy_log,3,6.952644292610591,-0.45264429261059114,21,,147.81085649087154,"[2.3070082002377053, 0.5931179478741225, -0.19269023639021646, 0.08034858351857183, 0.02664812475493189, -0.07454928277162298]"
2023Q4,H1,standard,DEVELOPMENT_PSEUDO_OOS,6.299999999999997,2018Q1,2023Q3,23,multi_almon_usd_uzs_mom_dlog__fx_reserves_exgold_yoy_log,multivariate_midas,usd_uzs_mom_dlog|fx_reserves_exgold_yoy_log,3,7.507011282078585,-1.2070112820785877,22,,154.8354949412938,"[2.2865720246220866, 0.6449922209339067, 0.22497436508566654, -0.7981107228933599, 0.024356320704547296, -0.05669099916637926]"
2023Q4,H1,conservative,DEVELOPMENT_PSEUDO_OOS,6.299999999999997,2018Q1,2023Q3,23,multi_almon_usd_uzs_mom_dlog__fx_reserves_exgold_yoy_log,multivariate_midas,usd_uzs_mom_dlog|fx_reserves_exgold_yoy_log,3,6.313228930691546,-0.013228930691548513,22,,173.15788386393723,"[1.7367101131913036, 0.7025935118474983, -0.05619666623804824, 0.05631997886594527, 0.009616269603015426, -0.018953669696742947]"
2023Q4,H2,standard,DEVELOPMENT_PSEUDO_OOS,6.299999999999997,2018Q1,2023Q3,23,multi_almon_usd_uzs_mom_dlog__fx_reserves_exgold_yoy_log,multivariate_midas,usd_uzs_mom_dlog|fx_reserves_exgold_yoy_log,3,6.64660791988745,-0.346607919887453,22,,157.8300756207822,"[2.3110134723112292, 0.6216683937950538, -0.19300293885097153, -0.031563607060625505, 0.009250979174924567, -0.04174479625472016]"
2023Q4,H2,conservative,DEVELOPMENT_PSEUDO_OOS,6.299999999999997,2018Q1,2023Q3,23,multi_almon_usd_uzs_mom_dlog__fx_reserves_exgold_yoy_log,multivariate_midas,usd_uzs_mom_dlog|fx_reserves_exgold_yoy_log,3,7.28052244281443,-0.9805224428144328,22,,155.25124930137534,"[2.437736714657703, 0.5907036283843211, 0.2457073688633033, -0.8484482477961718, 0.023534926776205722, -0.07348861429850845]"
2023Q4,H3,standard,DEVELOPMENT_PSEUDO_OOS,6.299999999999997,2018Q1,2023Q3,23,multi_almon_usd_uzs_mom_dlog__fx_reserves_exgold_yoy_log,multivariate_midas,usd_uzs_mom_dlog|fx_reserves_exgold_yoy_log,3,5.747286053482636,0.5527139465173612,22,,165.98694789689077,"[2.5939473982894925, 0.5495200793302228, -0.48227936355202816, 0.6151096280375173, 0.02570878317848252, -0.07447351617523473]"
2023Q4,H3,conservative,DEVELOPMENT_PSEUDO_OOS,6.299999999999997,2018Q1,2023Q3,23,multi_almon_usd_uzs_mom_dlog__fx_reserves_exgold_yoy_log,multivariate_midas,usd_uzs_mom_dlog|fx_reserves_exgold_yoy_log,3,5.2681885714538055,1.0318114285461917,22,,163.83700644613364,"[2.2617836767905373, 0.6022913347780056, -0.1841177796429671, 0.05829531135860578, 0.028996218355746062, -0.07650301307816573]"
2024Q1,H1,standard,DEVELOPMENT_PSEUDO_OOS,6.400000000000006,2018Q1,2023Q4,24,multi_almon_usd_uzs_mom_dlog__fx_reserves_exgold_yoy_log,multivariate_midas,usd_uzs_mom_dlog|fx_reserves_exgold_yoy_log,3,6.236361942092574,0.16363805790743147,23,,170.6512341482031,"[2.12756666228769, 0.6776949953263509, 0.16827212015038406, -0.7090474073574994, 0.014776781251706339, -0.03235757785901344]"
2024Q1,H1,conservative,DEVELOPMENT_PSEUDO_OOS,6.400000000000006,2018Q1,2023Q4,24,multi_almon_usd_uzs_mom_dlog__fx_reserves_exgold_yoy_log,multivariate_midas,usd_uzs_mom_dlog|fx_reserves_exgold_yoy_log,3,6.128801265078966,0.27119873492103963,23,,196.72768470607954,"[1.7356921809420656, 0.7028658657122716, -0.05640699985618085, 0.056140804152513046, 0.009505404251026639, -0.018682354138513046]"
2024Q1,H2,standard,DEVELOPMENT_PSEUDO_OOS,6.400000000000006,2018Q1,2023Q4,24,multi_almon_usd_uzs_mom_dlog__fx_reserves_exgold_yoy_log,multivariate_midas,usd_uzs_mom_dlog|fx_reserves_exgold_yoy_log,3,7.1375059073837095,-0.7375059073837038,23,,169.83636618293625,"[2.2580189036598237, 0.6310734236055863, -0.20209968453802601, -0.010759699191280944, 0.011424230892416176, -0.04415376738214455]"
2024Q1,H2,conservative,DEVELOPMENT_PSEUDO_OOS,6.400000000000006,2018Q1,2023Q4,24,multi_almon_usd_uzs_mom_dlog__fx_reserves_exgold_yoy_log,multivariate_midas,usd_uzs_mom_dlog|fx_reserves_exgold_yoy_log,3,7.4992945889850695,-1.0992945889850638,23,,168.33079333246224,"[2.3156238185148923, 0.6165434967542291, 0.20162002034744345, -0.7809200477310605, 0.027012765047213727, -0.0752249394798496]"
2024Q1,H3,standard,DEVELOPMENT_PSEUDO_OOS,6.400000000000006,2018Q1,2023Q4,24,multi_almon_usd_uzs_mom_dlog__fx_reserves_exgold_yoy_log,multivariate_midas,usd_uzs_mom_dlog|fx_reserves_exgold_yoy_log,3,7.149949531549932,-0.7499495315499267,23,,169.73985454967155,"[2.6733921867148163, 0.5387842113083424, -0.49356047647476986, 0.6124926576725866, 0.019272951178696984, -0.06490907442890406]"
2024Q1,H3,conservative,DEVELOPMENT_PSEUDO_OOS,6.400000000000006,2018Q1,2023Q4,24,multi_almon_usd_uzs_mom_dlog__fx_reserves_exgold_yoy_log,multivariate_midas,usd_uzs_mom_dlog|fx_reserves_exgold_yoy_log,3,7.063104202802975,-0.6631042028029697,23,,167.77977881888398,"[2.4041964706701093, 0.5799482319340751, -0.16673366043348603, -0.000505004200481933, 0.017397076877705864, -0.05940029632772659]"
2024Q2,H1,standard,DEVELOPMENT_PSEUDO_OOS,6.599999999999994,2018Q1,2024Q1,25,multi_almon_usd_uzs_mom_dlog__fx_reserves_exgold_yoy_log,multivariate_midas,usd_uzs_mom_dlog|fx_reserves_exgold_yoy_log,3,5.838817426303151,0.7611825736968436,24,,175.25711688013195,"[2.1393254597846525, 0.6764152316378452, 0.1676133045514947, -0.709494564771424, 0.014314508407304083, -0.031859087841378475]"
2024Q2,H1,conservative,DEVELOPMENT_PSEUDO_OOS,6.599999999999994,2018Q1,2024Q1,25,multi_almon_usd_uzs_mom_dlog__fx_reserves_exgold_yoy_log,multivariate_midas,usd_uzs_mom_dlog|fx_reserves_exgold_yoy_log,3,6.077049076006945,0.522950923993049,24,,201.43432806342287,"[1.7625098753766142, 0.6996280553271226, -0.06057482100039206, 0.059845006298348, 0.008546930277852804, -0.017554421498681638]"
2024Q2,H2,standard,DEVELOPMENT_PSEUDO_OOS,6.599999999999994,2018Q1,2024Q1,25,multi_almon_usd_uzs_mom_dlog__fx_reserves_exgold_yoy_log,multivariate_midas,usd_uzs_mom_dlog|fx_reserves_exgold_yoy_log,3,6.50155059304867,0.09844940695132465,24,,178.91173353299348,"[2.2130155062055494, 0.6404564900467342, -0.19826852876673134, -0.01415256005129445, 0.005479331441880175, -0.028923924167960913]"
2024Q2,H2,conservative,DEVELOPMENT_PSEUDO_OOS,6.599999999999994,2018Q1,2024Q1,25,multi_almon_usd_uzs_mom_dlog__fx_reserves_exgold_yoy_log,multivariate_midas,usd_uzs_mom_dlog|fx_reserves_exgold_yoy_log,3,6.134252011500207,0.46574798849978727,24,,177.23495310410593,"[2.2480331189860396, 0.6311888202792822, 0.1890761366669317, -0.7528305515538323, 0.01776399220231817, -0.05171349122927929]"
2024Q2,H3,standard,DEVELOPMENT_PSEUDO_OOS,6.599999999999994,2018Q1,2024Q1,25,multi_almon_usd_uzs_mom_dlog__fx_reserves_exgold_yoy_log,multivariate_midas,usd_uzs_mom_dlog|fx_reserves_exgold_yoy_log,3,5.795567586459477,0.8044324135405176,24,,179.72914942689923,"[2.579539156709818, 0.5553903697919557, -0.48534486613126865, 0.6057101962544792, 0.02072838896385376, -0.06427486838799254]"
2024Q2,H3,conservative,DEVELOPMENT_PSEUDO_OOS,6.599999999999994,2018Q1,2024Q1,25,multi_almon_usd_uzs_mom_dlog__fx_reserves_exgold_yoy_log,multivariate_midas,usd_uzs_mom_dlog|fx_reserves_exgold_yoy_log,3,6.049458777515561,0.5505412224844335,24,,177.53507192269512,"[2.3204529337860977, 0.5946370186188276, -0.16342963592347057, 0.002815161352483383, 0.01878680982430636, -0.05900916626922978]"
2024Q3,H1,standard,DEVELOPMENT_PSEUDO_OOS,6.599999999999994,2018Q1,2024Q2,26,multi_almon_usd_uzs_mom_dlog__fx_reserves_exgold_yoy_log,multivariate_midas,usd_uzs_mom_dlog|fx_reserves_exgold_yoy_log,3,6.858938266421745,-0.258938266421751,25,,185.09908127785448,"[2.187432092989527, 0.6685881289206819, 0.1576487774622718, -0.6956870205636554, 0.004865501644996328, -0.016136660446176454]"
2024Q3,H1,conservative,DEVELOPMENT_PSEUDO_OOS,6.599999999999994,2018Q1,2024Q2,26,multi_almon_usd_uzs_mom_dlog__fx_reserves_exgold_yoy_log,multivariate_midas,usd_uzs_mom_dlog|fx_reserves_exgold_yoy_log,3,6.341657375095862,0.25834262490413273,25,,209.93495812099135,"[1.8253592486964847, 0.6902619562013879, -0.07368112200030291, 0.07125501087841996, 0.001686151812938963, -0.006275395112685489]"
2024Q3,H2,standard,DEVELOPMENT_PSEUDO_OOS,6.599999999999994,2018Q1,2024Q2,26,multi_almon_usd_uzs_mom_dlog__fx_reserves_exgold_yoy_log,multivariate_midas,usd_uzs_mom_dlog|fx_reserves_exgold_yoy_log,3,7.093330659443119,-0.4933306594431244,25,,184.86223443689286,"[2.2224779139552497, 0.6391917064749131, -0.19788208469888582, -0.016512126548816723, 0.005076630681722372, -0.02840498246658707]"
2024Q3,H2,conservative,DEVELOPMENT_PSEUDO_OOS,6.599999999999994,2018Q1,2024Q2,26,multi_almon_usd_uzs_mom_dlog__fx_reserves_exgold_yoy_log,multivariate_midas,usd_uzs_mom_dlog|fx_reserves_exgold_yoy_log,3,7.316948972525076,-0.7169489725250813,25,,183.9716205913422,"[2.282775369265882, 0.6262268354030256, 0.18617132193619476, -0.7475773979342668, 0.01609206023119547, -0.04952200429875969]"
2024Q3,H3,standard,DEVELOPMENT_PSEUDO_OOS,6.599999999999994,2018Q1,2024Q2,26,multi_almon_usd_uzs_mom_dlog__fx_reserves_exgold_yoy_log,multivariate_midas,usd_uzs_mom_dlog|fx_reserves_exgold_yoy_log,3,6.676791483381491,-0.07679148338149666,25,,183.43117703224095,"[2.6033116617948386, 0.5570636005797903, -0.4768651077796421, 0.5676204959980277, 0.01699663063086626, -0.05833185980828828]"
2024Q3,H3,conservative,DEVELOPMENT_PSEUDO_OOS,6.599999999999994,2018Q1,2024Q2,26,multi_almon_usd_uzs_mom_dlog__fx_reserves_exgold_yoy_log,multivariate_midas,usd_uzs_mom_dlog|fx_reserves_exgold_yoy_log,3,6.604116592735695,-0.0041165927357003085,25,,180.66237133582933,"[2.3506554851277657, 0.5926573718757328, -0.16276065935033673, -0.007901168881113533, 0.01640132151940632, -0.0553334837122324]"
2024Q4,H1,standard,DEVELOPMENT_PSEUDO_OOS,6.700000000000003,2018Q1,2024Q3,27,multi_almon_usd_uzs_mom_dlog__fx_reserves_exgold_yoy_log,multivariate_midas,usd_uzs_mom_dlog|fx_reserves_exgold_yoy_log,3,5.881802253474928,0.8181977465250752,26,,187.5168443713416,"[2.1799677234705714, 0.6675715840109135, 0.16004570282745617, -0.6921997145936274, 0.006418953237791847, -0.018922558027951786]"
2024Q4,H1,conservative,DEVELOPMENT_PSEUDO_OOS,6.700000000000003,2018Q1,2024Q3,27,multi_almon_usd_uzs_mom_dlog__fx_reserves_exgold_yoy_log,multivariate_midas,usd_uzs_mom_dlog|fx_reserves_exgold_yoy_log,3,6.339182200614006,0.36081779938599645,26,,212.7582772954665,"[1.8210342394317067, 0.6926949938544559, -0.07022003527784167, 0.06072838742927203, 0.0001750349043418975, -0.0034904700630810637]"
2024Q4,H2,standard,DEVELOPMENT_PSEUDO_OOS,6.700000000000003,2018Q1,2024Q3,27,multi_almon_usd_uzs_mom_dlog__fx_reserves_exgold_yoy_log,multivariate_midas,usd_uzs_mom_dlog|fx_reserves_exgold_yoy_log,3,5.785141783817499,0.9148582161825036,26,,188.07414488948626,"[2.2117354451820175, 0.6378722638252218, -0.18543575259801226, -0.027557795278390137, 0.002998800656754619, -0.023483621231949692]"
2024Q4,H2,conservative,DEVELOPMENT_PSEUDO_OOS,6.700000000000003,2018Q1,2024Q3,27,multi_almon_usd_uzs_mom_dlog__fx_reserves_exgold_yoy_log,multivariate_midas,usd_uzs_mom_dlog|fx_reserves_exgold_yoy_log,3,5.526724694270982,1.173275305729021,26,,187.13499335655587,"[2.2653666795148335, 0.6247175198817854, 0.18584966223690527, -0.7286519153009814, 0.012925562980345306, -0.042099679944140406]"
2024Q4,H3,standard,DEVELOPMENT_PSEUDO_OOS,6.700000000000003,2018Q1,2024Q3,27,multi_almon_usd_uzs_mom_dlog__fx_reserves_exgold_yoy_log,multivariate_midas,usd_uzs_mom_dlog|fx_reserves_exgold_yoy_log,3,6.393257548492221,0.3067424515077821,26,,185.6201115376971,"[2.600665655971864, 0.5568762402081475, -0.4749206269325757, 0.5654524332535349, 0.017174498587493037, -0.0586180033130832]"
2024Q4,H3,conservative,DEVELOPMENT_PSEUDO_OOS,6.700000000000003,2018Q1,2024Q3,27,multi_almon_usd_uzs_mom_dlog__fx_reserves_exgold_yoy_log,multivariate_midas,usd_uzs_mom_dlog|fx_reserves_exgold_yoy_log,3,6.387844533986613,0.3121554660133903,26,,182.70396879221403,"[2.3504769688232425, 0.5926452411951864, -0.16264017447839754, -0.007973631203653402, 0.016413111176885264, -0.05535268573726454]"
2025Q1,H1,standard,DEVELOPMENT_PSEUDO_OOS,6.799999999999997,2018Q1,2024Q4,28,multi_almon_usd_uzs_mom_dlog__fx_reserves_exgold_yoy_log,multivariate_midas,usd_uzs_mom_dlog|fx_reserves_exgold_yoy_log,3,6.296308305312186,0.5036916946878112,27,,185.87428585821675,"[2.127756884463615, 0.6799807469754271, 0.15461035424648717, -0.6789873032519139, -0.0027437120231625922, -0.00019034136903817167]"
2025Q1,H1,conservative,DEVELOPMENT_PSEUDO_OOS,6.799999999999997,2018Q1,2024Q4,28,multi_almon_usd_uzs_mom_dlog__fx_reserves_exgold_yoy_log,multivariate_midas,usd_uzs_mom_dlog|fx_reserves_exgold_yoy_log,3,6.3849107195612556,0.4150892804387416,27,,212.78796817098024,"[1.8187289501627286, 0.6953539234158064, -0.07874808112764803, 0.07186571307091268, -0.00397662584090841, 0.004823234503169238]"
2025Q1,H2,standard,DEVELOPMENT_PSEUDO_OOS,6.799999999999997,2018Q1,2024Q4,28,multi_almon_usd_uzs_mom_dlog__fx_reserves_exgold_yoy_log,multivariate_midas,usd_uzs_mom_dlog|fx_reserves_exgold_yoy_log,3,6.549066018076577,0.25093398192341976,27,,187.85678027844304,"[2.15727696749338, 0.6602729917573338, -0.18116378538809963, -0.03659096806936556, -0.0008875625080694283, -0.012353237446625642]"
2025Q1,H2,conservative,DEVELOPMENT_PSEUDO_OOS,6.799999999999997,2018Q1,2024Q4,28,multi_almon_usd_uzs_mom_dlog__fx_reserves_exgold_yoy_log,multivariate_midas,usd_uzs_mom_dlog|fx_reserves_exgold_yoy_log,3,6.349777392346721,0.45022260765327626,27,,186.79173161712666,"[2.1926056943909726, 0.654249803587692, 0.17354592074413489, -0.7059984596018987, 0.007819020655147724, -0.027469585024439414]"
2025Q1,H3,standard,DEVELOPMENT_PSEUDO_OOS,6.799999999999997,2018Q1,2024Q4,28,multi_almon_usd_uzs_mom_dlog__fx_reserves_exgold_yoy_log,multivariate_midas,usd_uzs_mom_dlog|fx_reserves_exgold_yoy_log,3,4.977583809924572,1.8224161900754252,27,,183.38312854724765,"[2.570398998554718, 0.5656294447541941, -0.4722197760105481, 0.5637544836934201, 0.018991417912500808, -0.06105799344636395]"
2025Q1,H3,conservative,DEVELOPMENT_PSEUDO_OOS,6.799999999999997,2018Q1,2024Q4,28,multi_almon_usd_uzs_mom_dlog__fx_reserves_exgold_yoy_log,multivariate_midas,usd_uzs_mom_dlog|fx_reserves_exgold_yoy_log,3,5.180746862906657,1.6192531370933398,27,,180.04431241754395,"[2.317651821865914, 0.6016526213866289, -0.1591432862462802, -0.00908010616893955, 0.01831214997360109, -0.05791737791456897]"
2025Q2,H1,standard,DEVELOPMENT_PSEUDO_OOS,7.200000000000003,2018Q1,2025Q1,29,multi_almon_usd_uzs_mom_dlog__fx_reserves_exgold_yoy_log,multivariate_midas,usd_uzs_mom_dlog|fx_reserves_exgold_yoy_log,3,6.571500624310635,0.6284993756893682,28,,185.47560174545364,"[2.106014346867833, 0.6888970844614604, 0.15345306371547437, -0.6751373351456911, 0.0004457226489827937, -0.005524291664365577]"
2025Q2,H1,conservative,DEVELOPMENT_PSEUDO_OOS,7.200000000000003,2018Q1,2025Q1,29,multi_almon_usd_uzs_mom_dlog__fx_reserves_exgold_yoy_log,multivariate_midas,usd_uzs_mom_dlog|fx_reserves_exgold_yoy_log,3,6.496221196061666,0.703778803938337,28,,211.93273734513284,"[1.792472264045408, 0.7039359709819744, -0.07430012628087944, 0.06648315974790611, -0.00128109676362953, 0.0003695743047496536]"
2025Q2,H2,standard,DEVELOPMENT_PSEUDO_OOS,7.200000000000003,2018Q1,2025Q1,29,multi_almon_usd_uzs_mom_dlog__fx_reserves_exgold_yoy_log,multivariate_midas,usd_uzs_mom_dlog|fx_reserves_exgold_yoy_log,3,6.135385434666029,1.064614565333974,28,,188.5229845331137,"[2.1505172726571256, 0.6633669525406727, -0.18027814280066362, -0.03943525538309034, -0.0005902907820449776, -0.012821712783138761]"
2025Q2,H2,conservative,DEVELOPMENT_PSEUDO_OOS,7.200000000000003,2018Q1,2025Q1,29,multi_almon_usd_uzs_mom_dlog__fx_reserves_exgold_yoy_log,multivariate_midas,usd_uzs_mom_dlog|fx_reserves_exgold_yoy_log,3,6.047008580576487,1.1529914194235156,28,,187.32787790811798,"[2.1766712074282233, 0.6602592508792668, 0.17097298592443894, -0.7006349883047777, 0.00841094867628589, -0.028350618105273284]"
2025Q2,H3,standard,DEVELOPMENT_PSEUDO_OOS,7.200000000000003,2018Q1,2025Q1,29,multi_almon_usd_uzs_mom_dlog__fx_reserves_exgold_yoy_log,multivariate_midas,usd_uzs_mom_dlog|fx_reserves_exgold_yoy_log,3,5.805768191660287,1.3942318083397156,28,,182.15936133331374,"[2.448994262566675, 0.6095868632660768, -0.4612738044832593, 0.5046876052339387, 0.011088925104709046, -0.04160546434130488]"
2025Q2,H3,conservative,DEVELOPMENT_PSEUDO_OOS,7.200000000000003,2018Q1,2025Q1,29,multi_almon_usd_uzs_mom_dlog__fx_reserves_exgold_yoy_log,multivariate_midas,usd_uzs_mom_dlog|fx_reserves_exgold_yoy_log,3,5.97990363363342,1.2200963663665831,28,,179.5800273599298,"[2.2392083445112205, 0.6350963766777586, -0.16199319383116428, -0.03013142729658332, 0.011369378835218158, -0.04082540987685504]"
2025Q3,H1,standard,HISTORICAL_POST_DEVELOPMENT_TEST,7.599999999999994,2018Q1,2025Q2,30,multi_almon_usd_uzs_mom_dlog__fx_reserves_exgold_yoy_log,multivariate_midas,usd_uzs_mom_dlog|fx_reserves_exgold_yoy_log,3,7.405372289892928,0.19462771010706614,29,,185.58956918605983,"[2.046485824279886, 0.7051683490746657, 0.15061945162610044, -0.6728029080319006, -0.002258650901353243, 0.0016694404891504089]"
2025Q3,H1,conservative,HISTORICAL_POST_DEVELOPMENT_TEST,7.599999999999994,2018Q1,2025Q2,30,multi_almon_usd_uzs_mom_dlog__fx_reserves_exgold_yoy_log,multivariate_midas,usd_uzs_mom_dlog|fx_reserves_exgold_yoy_log,3,6.877827109977944,0.7221728900220503,29,,210.0231183900619,"[1.69927427935712, 0.7257735929593101, -0.06099792334146754, 0.043581695133719324, -0.0041273893674889095, 0.008232926681039032]"
2025Q3,H2,standard,HISTORICAL_POST_DEVELOPMENT_TEST,7.599999999999994,2018Q1,2025Q2,30,multi_almon_usd_uzs_mom_dlog__fx_reserves_exgold_yoy_log,multivariate_midas,usd_uzs_mom_dlog|fx_reserves_exgold_yoy_log,3,7.438680859918027,0.16131914008196713,29,,194.20619521251274,"[2.0357944313391623, 0.6988664331528401, -0.1890880281598222, -0.028682176591138715, -0.0009247583741470722, -0.006865533580371008]"
2025Q3,H2,conservative,HISTORICAL_POST_DEVELOPMENT_TEST,7.599999999999994,2018Q1,2025Q2,30,multi_almon_usd_uzs_mom_dlog__fx_reserves_exgold_yoy_log,multivariate_midas,usd_uzs_mom_dlog|fx_reserves_exgold_yoy_log,3,7.3108548096912145,0.28914519030877983,29,,193.04951798270906,"[2.0550014469055586, 0.6984915258552531, 0.1620931012030486, -0.6922791853950142, 0.007854080486900283, -0.02154670865745484]"
2025Q3,H3,standard,HISTORICAL_POST_DEVELOPMENT_TEST,7.599999999999994,2018Q1,2025Q2,30,multi_almon_usd_uzs_mom_dlog__fx_reserves_exgold_yoy_log,multivariate_midas,usd_uzs_mom_dlog|fx_reserves_exgold_yoy_log,3,6.958349418477588,0.6416505815224065,29,,184.5554473721879,"[2.2680255605942756, 0.6607374535543324, -0.44051990547000897, 0.4435476289245743, 0.014695868157553749, -0.042354827856234206]"
2025Q3,H3,conservative,HISTORICAL_POST_DEVELOPMENT_TEST,7.599999999999994,2018Q1,2025Q2,30,multi_almon_usd_uzs_mom_dlog__fx_reserves_exgold_yoy_log,multivariate_midas,usd_uzs_mom_dlog|fx_reserves_exgold_yoy_log,3,7.189519316855155,0.4104806831448391,29,,183.28942006034768,"[2.0916817564358663, 0.6781833448361684, -0.17118149253544776, -0.018245189551617032, 0.015148293476386132, -0.042153561129470274]"
2025Q4,H1,standard,HISTORICAL_POST_DEVELOPMENT_TEST,7.700000000000003,2018Q1,2025Q3,31,multi_almon_usd_uzs_mom_dlog__fx_reserves_exgold_yoy_log,multivariate_midas,usd_uzs_mom_dlog|fx_reserves_exgold_yoy_log,3,8.536496201688117,-0.8364962016881137,30,,188.74389058602225,"[2.0310493933031806, 0.7106503429122062, 0.14987139424758095, -0.6752177937685235, -0.00102360021778225, -3.408958694678388e-05]"
2025Q4,H1,conservative,HISTORICAL_POST_DEVELOPMENT_TEST,7.700000000000003,2018Q1,2025Q3,31,multi_almon_usd_uzs_mom_dlog__fx_reserves_exgold_yoy_log,multivariate_midas,usd_uzs_mom_dlog|fx_reserves_exgold_yoy_log,3,7.479872192068945,0.2201278079310578,30,,209.49973514450076,"[1.602400038315605, 0.7506792068848526, -0.04290197951243173, 0.0065573618458337375, 0.00045442089754021975, 0.0020369450395731348]"
2025Q4,H2,standard,HISTORICAL_POST_DEVELOPMENT_TEST,7.700000000000003,2018Q1,2025Q3,31,multi_almon_usd_uzs_mom_dlog__fx_reserves_exgold_yoy_log,multivariate_midas,usd_uzs_mom_dlog|fx_reserves_exgold_yoy_log,3,8.077331513043665,-0.3773315130436625,30,,197.41285646827487,"[2.0266037730119306, 0.7026277552873977, -0.19443391240176278, -0.024028118961581364, -0.0007641452494188128, -0.0067719765978044855]"
2025Q4,H2,conservative,HISTORICAL_POST_DEVELOPMENT_TEST,7.700000000000003,2018Q1,2025Q3,31,multi_almon_usd_uzs_mom_dlog__fx_reserves_exgold_yoy_log,multivariate_midas,usd_uzs_mom_dlog|fx_reserves_exgold_yoy_log,3,8.422047228228685,-0.7220472282286821,30,,195.82844761200073,"[2.0354049202578235, 0.70566665799224, 0.15891881752602566, -0.6942755468010462, 0.008208386010637336, -0.021427777932356507]"
2025Q4,H3,standard,HISTORICAL_POST_DEVELOPMENT_TEST,7.700000000000003,2018Q1,2025Q3,31,multi_almon_usd_uzs_mom_dlog__fx_reserves_exgold_yoy_log,multivariate_midas,usd_uzs_mom_dlog|fx_reserves_exgold_yoy_log,3,8.096652018058126,-0.39665201805812345,30,,185.89627504412576,"[2.2172779638129914, 0.6769831011956078, -0.4430844598350901, 0.43161684584615934, 0.015101877371264782, -0.041595072524362786]"
2025Q4,H3,conservative,HISTORICAL_POST_DEVELOPMENT_TEST,7.700000000000003,2018Q1,2025Q3,31,multi_almon_usd_uzs_mom_dlog__fx_reserves_exgold_yoy_log,multivariate_midas,usd_uzs_mom_dlog|fx_reserves_exgold_yoy_log,3,7.80756505172136,-0.10756505172135711,30,,185.78594012129005,"[2.071563294843501, 0.6873370312945193, -0.1854002564987184, -0.0072299928881815086, 0.015345233759904597, -0.041557538440957886]"
2026Q1,H1,standard,HISTORICAL_POST_DEVELOPMENT_TEST,8.700000000000003,2018Q1,2025Q4,32,multi_almon_usd_uzs_mom_dlog__fx_reserves_exgold_yoy_log,multivariate_midas,usd_uzs_mom_dlog|fx_reserves_exgold_yoy_log,3,6.896258312607737,1.8037416873922663,31,,191.8719976817431,"[2.060390933378911, 0.6952716889358922, 0.15084636433089338, -0.6429584309807392, -0.00268365133041526, 0.0016467652401097599]"
2026Q1,H1,conservative,HISTORICAL_POST_DEVELOPMENT_TEST,8.700000000000003,2018Q1,2025Q4,32,multi_almon_usd_uzs_mom_dlog__fx_reserves_exgold_yoy_log,multivariate_midas,usd_uzs_mom_dlog|fx_reserves_exgold_yoy_log,3,7.614583757625667,1.085416242374336,31,,211.2268709104076,"[1.5830826950820016, 0.7561422173161694, -0.04203826282228643, 0.0015308703643865072, 0.00095120567446072, 0.0016087975785694097]"
2026Q1,H2,standard,HISTORICAL_POST_DEVELOPMENT_TEST,8.700000000000003,2018Q1,2025Q4,32,multi_almon_usd_uzs_mom_dlog__fx_reserves_exgold_yoy_log,multivariate_midas,usd_uzs_mom_dlog|fx_reserves_exgold_yoy_log,3,6.64502095697593,2.0549790430240726,31,,200.27397840779403,"[2.037433393893976, 0.6963234348836198, -0.18299973435946482, -0.029469115682826126, -0.0005771833302047336, -0.0076790702011796386]"
2026Q1,H2,conservative,HISTORICAL_POST_DEVELOPMENT_TEST,8.700000000000003,2018Q1,2025Q4,32,multi_almon_usd_uzs_mom_dlog__fx_reserves_exgold_yoy_log,multivariate_midas,usd_uzs_mom_dlog|fx_reserves_exgold_yoy_log,3,6.661031928106773,2.0389680718932297,31,,198.73703315201277,"[2.052723226972653, 0.6938016582342472, 0.16244604642425045, -0.6683077843365755, 0.008286720806748638, -0.0227481230820733]"
2026Q1,H3,standard,HISTORICAL_POST_DEVELOPMENT_TEST,8.700000000000003,2018Q1,2025Q4,32,multi_almon_usd_uzs_mom_dlog__fx_reserves_exgold_yoy_log,multivariate_midas,usd_uzs_mom_dlog|fx_reserves_exgold_yoy_log,3,7.289249208563978,1.4107507914360244,31,,189.17194117924853,"[2.2337967311113975, 0.6695414326590117, -0.4233800456269334, 0.4027667213907663, 0.014779547672143178, -0.04188832040743007]"
2026Q1,H3,conservative,HISTORICAL_POST_DEVELOPMENT_TEST,8.700000000000003,2018Q1,2025Q4,32,multi_almon_usd_uzs_mom_dlog__fx_reserves_exgold_yoy_log,multivariate_midas,usd_uzs_mom_dlog|fx_reserves_exgold_yoy_log,3,7.337009023850791,1.362990976149212,31,,188.89078250195615,"[2.075928588767992, 0.6853051455941443, -0.18221358896425338, -0.008737803626282886, 0.015340255548489168, -0.04173261450734467]"
2026Q2,H1,standard,HISTORICAL_POST_DEVELOPMENT_TEST,8.5,2018Q1,2026Q1,33,multi_almon_usd_uzs_mom_dlog__fx_reserves_exgold_yoy_log,multivariate_midas,usd_uzs_mom_dlog|fx_reserves_exgold_yoy_log,3,8.59535858043022,-0.09535858043022039,32,,191.4635420218887,"[1.8313737774103207, 0.7453225592604498, 0.1304918532162671, -0.5753765465692531, -0.0010979494210033858, 0.0039799714151246834]"
2026Q2,H1,conservative,HISTORICAL_POST_DEVELOPMENT_TEST,8.5,2018Q1,2026Q1,33,multi_almon_usd_uzs_mom_dlog__fx_reserves_exgold_yoy_log,multivariate_midas,usd_uzs_mom_dlog|fx_reserves_exgold_yoy_log,3,8.038681489613214,0.4613185103867856,32,,216.19494350083326,"[1.576579358505094, 0.7690312614370481, -0.09549767672480677, 0.08169799704634896, 0.0014985801533732301, 0.002930630317425187]"
2026Q2,H2,standard,HISTORICAL_POST_DEVELOPMENT_TEST,8.5,2018Q1,2026Q1,33,multi_almon_usd_uzs_mom_dlog__fx_reserves_exgold_yoy_log,multivariate_midas,usd_uzs_mom_dlog|fx_reserves_exgold_yoy_log,3,8.637230036684455,-0.13723003668445521,32,,200.39361806871736,"[1.7548817641865537, 0.7534319035056756, -0.16580439149437762, 0.009820181497773535, 0.0011264593661297617, -0.0036658951834122044]"
2026Q2,H2,conservative,HISTORICAL_POST_DEVELOPMENT_TEST,8.5,2018Q1,2026Q1,33,multi_almon_usd_uzs_mom_dlog__fx_reserves_exgold_yoy_log,multivariate_midas,usd_uzs_mom_dlog|fx_reserves_exgold_yoy_log,3,8.841343520817189,-0.34134352081718866,32,,201.26420328658224,"[1.8349470638030574, 0.7439357677198026, 0.13097514635995566, -0.5836799789135538, 0.007148878002820824, -0.014487607033178862]"
2026Q2,H3,standard,HISTORICAL_POST_DEVELOPMENT_TEST,8.5,2018Q1,2026Q1,33,multi_almon_usd_uzs_mom_dlog__fx_reserves_exgold_yoy_log,multivariate_midas,usd_uzs_mom_dlog|fx_reserves_exgold_yoy_log,3,8.75357352327951,-0.25357352327950977,32,,186.0582937002531,"[2.0682478474257557, 0.7034117077891631, -0.3896429035173528, 0.37285736763410265, 0.02228902648224851, -0.05302699741268749]"
2026Q2,H3,conservative,HISTORICAL_POST_DEVELOPMENT_TEST,8.5,2018Q1,2026Q1,33,multi_almon_usd_uzs_mom_dlog__fx_reserves_exgold_yoy_log,multivariate_midas,usd_uzs_mom_dlog|fx_reserves_exgold_yoy_log,3,8.628823023178391,-0.12882302317839134,32,,185.328138203644,"[1.9072808248471775, 0.7185897507835781, -0.17177553710399573, 0.019046523027375185, 0.022949853650980456, -0.05288058944821672]"
2021Q1,H1,standard,DEVELOPMENT_PSEUDO_OOS,4.799999999999997,2018Q1,2020Q4,12,multi_almon_ppi_mom_log__m2_yoy_log,multivariate_midas,ppi_mom_log|m2_yoy_log,3,,,11,insufficient_effective_training,,[]
2021Q1,H1,conservative,DEVELOPMENT_PSEUDO_OOS,4.799999999999997,2018Q1,2020Q4,12,multi_almon_ppi_mom_log__m2_yoy_log,multivariate_midas,ppi_mom_log|m2_yoy_log,3,,,11,insufficient_effective_training,,[]
2021Q1,H2,standard,DEVELOPMENT_PSEUDO_OOS,4.799999999999997,2018Q1,2020Q4,12,multi_almon_ppi_mom_log__m2_yoy_log,multivariate_midas,ppi_mom_log|m2_yoy_log,3,,,11,insufficient_effective_training,,[]
2021Q1,H2,conservative,DEVELOPMENT_PSEUDO_OOS,4.799999999999997,2018Q1,2020Q4,12,multi_almon_ppi_mom_log__m2_yoy_log,multivariate_midas,ppi_mom_log|m2_yoy_log,3,,,11,insufficient_effective_training,,[]
2021Q1,H3,standard,DEVELOPMENT_PSEUDO_OOS,4.799999999999997,2018Q1,2020Q4,12,multi_almon_ppi_mom_log__m2_yoy_log,multivariate_midas,ppi_mom_log|m2_yoy_log,3,,,11,insufficient_effective_training,,[]
2021Q1,H3,conservative,DEVELOPMENT_PSEUDO_OOS,4.799999999999997,2018Q1,2020Q4,12,multi_almon_ppi_mom_log__m2_yoy_log,multivariate_midas,ppi_mom_log|m2_yoy_log,3,,,11,insufficient_effective_training,,[]
2021Q2,H1,standard,DEVELOPMENT_PSEUDO_OOS,8.400000000000006,2018Q1,2021Q1,13,multi_almon_ppi_mom_log__m2_yoy_log,multivariate_midas,ppi_mom_log|m2_yoy_log,3,4.449874668397271,3.9501253316027345,12,,265.01884980119416,"[-1.456149220942771, 0.6473281878392066, 0.13060868256384922, 0.02567090373945516, -0.11024140816046146, 0.3217070016719416]"
2021Q2,H1,conservative,DEVELOPMENT_PSEUDO_OOS,8.400000000000006,2018Q1,2021Q1,13,multi_almon_ppi_mom_log__m2_yoy_log,multivariate_midas,ppi_mom_log|m2_yoy_log,3,3.515568055335212,4.884431944664794,12,,203.4867671039285,"[-0.08759529849739964, 0.37741333178704584, 0.35126289947580125, -0.2567074731685184, -0.27460975681154526, 0.6220577013980415]"
2021Q2,H2,standard,DEVELOPMENT_PSEUDO_OOS,8.400000000000006,2018Q1,2021Q1,13,multi_almon_ppi_mom_log__m2_yoy_log,multivariate_midas,ppi_mom_log|m2_yoy_log,3,4.416687892328625,3.983312107671381,12,,255.73525877054777,"[0.13146557120670732, 0.6324805379957238, 0.10506669261606776, -0.055704007147566875, 0.09719603700656054, -0.1527807290334332]"
2021Q2,H2,conservative,DEVELOPMENT_PSEUDO_OOS,8.400000000000006,2018Q1,2021Q1,13,multi_almon_ppi_mom_log__m2_yoy_log,multivariate_midas,ppi_mom_log|m2_yoy_log,3,4.750519226505336,3.6494807734946697,12,,260.6173789264953,"[-0.9860660932841975, 0.7102841967491029, 0.12211772248680175, -0.017965113294154483, -0.11147521453425924, 0.3024423406337975]"
2021Q2,H3,standard,DEVELOPMENT_PSEUDO_OOS,8.400000000000006,2018Q1,2021Q1,13,multi_almon_ppi_mom_log__m2_yoy_log,multivariate_midas,ppi_mom_log|m2_yoy_log,3,4.309934923224217,4.0900650767757885,12,,233.3053532056656,"[-0.16310547160740205, 0.5380239043638801, 0.14758014164336597, -0.03283911677965236, -0.15023514283059025, 0.3685616730074778]"
2021Q2,H3,conservative,DEVELOPMENT_PSEUDO_OOS,8.400000000000006,2018Q1,2021Q1,13,multi_almon_ppi_mom_log__m2_yoy_log,multivariate_midas,ppi_mom_log|m2_yoy_log,3,4.4727562021137475,3.927243797886258,12,,247.0133549052284,"[0.286955060001189, 0.6477468806913348, 0.11001991885961711, -0.08722191497466324, 0.09062004656722611, -0.14510702741779452]"
2021Q3,H1,standard,DEVELOPMENT_PSEUDO_OOS,8.799999999999997,2018Q1,2021Q2,14,multi_almon_ppi_mom_log__m2_yoy_log,multivariate_midas,ppi_mom_log|m2_yoy_log,3,7.300835878576,1.4991641214239975,13,,272.3096665506996,"[-1.229446969387219, 0.7297359191064846, 0.07294030573645355, 0.05707230704365361, -0.1854883071781025, 0.4715134742748244]"
2021Q3,H1,conservative,DEVELOPMENT_PSEUDO_OOS,8.799999999999997,2018Q1,2021Q2,14,multi_almon_ppi_mom_log__m2_yoy_log,multivariate_midas,ppi_mom_log|m2_yoy_log,3,6.898355204858479,1.901644795141518,13,,203.22157021291318,"[0.8585499113817785, 0.569935876217499, 0.15714947497275744, -0.09311992650644528, -0.10640236618457732, 0.2473483567866501]"
2021Q3,H2,standard,DEVELOPMENT_PSEUDO_OOS,8.799999999999997,2018Q1,2021Q2,14,multi_almon_ppi_mom_log__m2_yoy_log,multivariate_midas,ppi_mom_log|m2_yoy_log,3,7.619793061784879,1.1802069382151181,13,,252.42206554999643,"[1.4685725501697227, 0.6834100045036486, -0.0254540866302172, 0.14661670306712948, 0.1310623969500908, -0.2689009857792393]"
2021Q3,H2,conservative,DEVELOPMENT_PSEUDO_OOS,8.799999999999997,2018Q1,2021Q2,14,multi_almon_ppi_mom_log__m2_yoy_log,multivariate_midas,ppi_mom_log|m2_yoy_log,3,7.440853791059522,1.3591462089404756,13,,268.0309984878518,"[-0.8726043744812576, 0.7641586535012177, 0.07647999481584827, 0.03157396437525098, -0.17901136836113307, 0.4411673110222488]"
2021Q3,H3,standard,DEVELOPMENT_PSEUDO_OOS,8.799999999999997,2018Q1,2021Q2,14,multi_almon_ppi_mom_log__m2_yoy_log,multivariate_midas,ppi_mom_log|m2_yoy_log,3,6.643857946977685,2.156142053022312,13,,237.72650304734464,"[0.604191790799844, 0.5670169254609339, 0.11745101911062542, -0.030400432285926846, -0.15558679215374727, 0.36028379819027395]"
2021Q3,H3,conservative,DEVELOPMENT_PSEUDO_OOS,8.799999999999997,2018Q1,2021Q2,14,multi_almon_ppi_mom_log__m2_yoy_log,multivariate_midas,ppi_mom_log|m2_yoy_log,3,7.6421696744766585,1.1578303255233386,13,,246.6880762137178,"[1.4049212999393832, 0.6768768932206046, 0.07374723504445528, -0.08542619441307295, 0.1327051413971655, -0.2656615918828732]"
2021Q4,H1,standard,DEVELOPMENT_PSEUDO_OOS,8.200000000000003,2018Q1,2021Q3,15,multi_almon_ppi_mom_log__m2_yoy_log,multivariate_midas,ppi_mom_log|m2_yoy_log,3,8.698845121039383,-0.4988451210393805,14,,278.7930175685576,"[-1.1804714170105188, 0.8135727440528451, 0.04280736431876132, 0.07711374594388007, -0.1990178755785752, 0.48795999054608197]"
2021Q4,H1,conservative,DEVELOPMENT_PSEUDO_OOS,8.200000000000003,2018Q1,2021Q3,15,multi_almon_ppi_mom_log__m2_yoy_log,multivariate_midas,ppi_mom_log|m2_yoy_log,3,7.645324484195566,0.554675515804437,14,,208.07888054580167,"[0.9261097985022362, 0.7070693128306657, 0.08137098076637349, -0.024417328651877346, -0.05333654054008674, 0.12395581597883548]"
2021Q4,H2,standard,DEVELOPMENT_PSEUDO_OOS,8.200000000000003,2018Q1,2021Q3,15,multi_almon_ppi_mom_log__m2_yoy_log,multivariate_midas,ppi_mom_log|m2_yoy_log,3,6.91978546032715,1.280214539672853,14,,252.93291045424675,"[1.7204140514309758, 0.7398655854112096, -0.05140268685249874, 0.17895593209839628, 0.14070521619306664, -0.30632220542689115]"
2021Q4,H2,conservative,DEVELOPMENT_PSEUDO_OOS,8.200000000000003,2018Q1,2021Q3,15,multi_almon_ppi_mom_log__m2_yoy_log,multivariate_midas,ppi_mom_log|m2_yoy_log,3,9.017497504158154,-0.8174975041581511,14,,274.4861684255281,"[-0.8647512435313761, 0.8318687116094845, 0.0600623708588391, 0.041340020788295496, -0.18989786392049912, 0.45492594972104167]"
2021Q4,H3,standard,DEVELOPMENT_PSEUDO_OOS,8.200000000000003,2018Q1,2021Q3,15,multi_almon_ppi_mom_log__m2_yoy_log,multivariate_midas,ppi_mom_log|m2_yoy_log,3,8.849034710988374,-0.6490347109883707,14,,242.3284406017641,"[0.800874692729675, 0.6988438800104959, 0.09860275143101528, -0.06661360433804092, -0.11336334355530886, 0.25336347593433123]"
2021Q4,H3,conservative,DEVELOPMENT_PSEUDO_OOS,8.200000000000003,2018Q1,2021Q3,15,multi_almon_ppi_mom_log__m2_yoy_log,multivariate_midas,ppi_mom_log|m2_yoy_log,3,6.691027132568429,1.5089728674315737,14,,248.89911260057752,"[1.6059027465237217, 0.7312616133617008, 0.06581844472337679, -0.10268138057960371, 0.1466067901769682, -0.308131740945382]"
2022Q1,H1,standard,DEVELOPMENT_PSEUDO_OOS,5.099999999999994,2018Q1,2021Q4,16,multi_almon_ppi_mom_log__m2_yoy_log,multivariate_midas,ppi_mom_log|m2_yoy_log,3,10.214507839727323,-5.114507839727329,15,,283.35302571158286,"[-1.1245099196751627, 0.7890510560476265, 0.05527337725967102, 0.06513086000162367, -0.18841544316422154, 0.4668477149381896]"
2022Q1,H1,conservative,DEVELOPMENT_PSEUDO_OOS,5.099999999999994,2018Q1,2021Q4,16,multi_almon_ppi_mom_log__m2_yoy_log,multivariate_midas,ppi_mom_log|m2_yoy_log,3,7.933182881779907,-2.833182881779913,15,,210.96078156980715,"[0.9627820335213106, 0.7414940809358129, 0.05561111386565018, 0.0007874820553766329, -0.03614686580183912, 0.08458461245205112]"
2022Q1,H2,standard,DEVELOPMENT_PSEUDO_OOS,5.099999999999994,2018Q1,2021Q4,16,multi_almon_ppi_mom_log__m2_yoy_log,multivariate_midas,ppi_mom_log|m2_yoy_log,3,7.131192500235022,-2.0311925002350275,15,,256.1263749455815,"[1.4830779936361538, 0.7862033859366702, -0.07591926049248188, 0.22720224018306917, 0.10190554765001747, -0.22286384129246345]"
2022Q1,H2,conservative,DEVELOPMENT_PSEUDO_OOS,5.099999999999994,2018Q1,2021Q4,16,multi_almon_ppi_mom_log__m2_yoy_log,multivariate_midas,ppi_mom_log|m2_yoy_log,3,9.987597315090131,-4.887597315090137,15,,277.3191877426178,"[-0.7320161196489482, 0.7961864326968154, 0.06566360221608021, 0.032074325104892734, -0.1713362000188109, 0.41706673833736563]"
2022Q1,H3,standard,DEVELOPMENT_PSEUDO_OOS,5.099999999999994,2018Q1,2021Q4,16,multi_almon_ppi_mom_log__m2_yoy_log,multivariate_midas,ppi_mom_log|m2_yoy_log,3,7.116556666846521,-2.016556666846527,15,,253.20618144570653,"[0.8719431702142322, 0.6962275319225852, 0.0956132828882481, -0.06874290973406658, -0.08308881931996748, 0.19017311394939113]"
2022Q1,H3,conservative,DEVELOPMENT_PSEUDO_OOS,5.099999999999994,2018Q1,2021Q4,16,multi_almon_ppi_mom_log__m2_yoy_log,multivariate_midas,ppi_mom_log|m2_yoy_log,3,7.292105898811199,-2.1921058988112048,15,,248.84582165423024,"[1.2602236450186695, 0.7799024864082871, 0.06615705542289915, -0.090711363328242, 0.09745262850167724, -0.20064989495527136]"
2022Q2,H1,standard,DEVELOPMENT_PSEUDO_OOS,4.5,2018Q1,2022Q1,17,multi_almon_ppi_mom_log__m2_yoy_log,multivariate_midas,ppi_mom_log|m2_yoy_log,3,5.205670781986329,-0.7056707819863286,16,,245.67819158110814,"[1.4048670749931398, 0.7014429164053477, 0.013836695979371684, 0.07724328859593496, -0.02858088599092168, 0.05524581724495137]"
2022Q2,H1,conservative,DEVELOPMENT_PSEUDO_OOS,4.5,2018Q1,2022Q1,17,multi_almon_ppi_mom_log__m2_yoy_log,multivariate_midas,ppi_mom_log|m2_yoy_log,3,5.927371530992113,-1.4273715309921133,16,,218.17130770128375,"[1.1573354195842915, 0.7760531581630281, -0.059668679844119, 0.15694537598104552, 0.13502116391452335, -0.27069694402614997]"
2022Q2,H2,standard,DEVELOPMENT_PSEUDO_OOS,4.5,2018Q1,2022Q1,17,multi_almon_ppi_mom_log__m2_yoy_log,multivariate_midas,ppi_mom_log|m2_yoy_log,3,3.1919663627113586,1.3080336372886414,16,,243.82159361048338,"[2.375709786046367, 0.7646920865982096, -0.09937432590188218, 0.2705519931618044, 0.12166814545809168, -0.30001413998128706]"
2022Q2,H2,conservative,DEVELOPMENT_PSEUDO_OOS,4.5,2018Q1,2022Q1,17,multi_almon_ppi_mom_log__m2_yoy_log,multivariate_midas,ppi_mom_log|m2_yoy_log,3,5.116337700641844,-0.6163377006418438,16,,238.87834040428896,"[1.6162030852249882, 0.712976232447294, -0.035050005483081466, 0.14905075903440335, -0.016216125704083262, 0.023100099060340773]"
2022Q2,H3,standard,DEVELOPMENT_PSEUDO_OOS,4.5,2018Q1,2022Q1,17,multi_almon_ppi_mom_log__m2_yoy_log,multivariate_midas,ppi_mom_log|m2_yoy_log,3,6.6698311152686856,-2.1698311152686856,16,,238.4946767678269,"[1.617835324040168, 0.6158016384225393, 0.10544481078551038, -0.035518114840054585, -0.18605463971819614, 0.3719927402477346]"
2022Q2,H3,conservative,DEVELOPMENT_PSEUDO_OOS,4.5,2018Q1,2022Q1,17,multi_almon_ppi_mom_log__m2_yoy_log,multivariate_midas,ppi_mom_log|m2_yoy_log,3,3.441248696827742,1.058751303172258,16,,238.07355092471508,"[2.170149119472446, 0.7479909562851104, 0.058129503040314084, -0.04716348765014751, 0.1128131785476375, -0.2714976992801224]"
2022Q3,H1,standard,DEVELOPMENT_PSEUDO_OOS,5.299999999999997,2018Q1,2022Q2,18,multi_almon_ppi_mom_log__m2_yoy_log,multivariate_midas,ppi_mom_log|m2_yoy_log,3,4.6977817671420805,0.6022182328579166,17,,254.35548869393972,"[1.5233786345507245, 0.7075935663254947, 0.016792156142098398, 0.06931468960451334, -0.027529537443794272, 0.045610296672052686]"
2022Q3,H1,conservative,DEVELOPMENT_PSEUDO_OOS,5.299999999999997,2018Q1,2022Q2,18,multi_almon_ppi_mom_log__m2_yoy_log,multivariate_midas,ppi_mom_log|m2_yoy_log,3,4.054696824529786,1.2453031754702115,17,,227.00693700706523,"[1.3225297743325346, 0.7541308472641362, -0.025218777350683202, 0.11177477819429635, 0.0801858022439077, -0.16827659455401833]"
2022Q3,H2,standard,DEVELOPMENT_PSEUDO_OOS,5.299999999999997,2018Q1,2022Q2,18,multi_almon_ppi_mom_log__m2_yoy_log,multivariate_midas,ppi_mom_log|m2_yoy_log,3,3.936532406960719,1.3634675930392781,17,,244.49163577970157,"[2.033453028200429, 0.7419998438637921, -0.08053533075907685, 0.24438778851017184, 0.09685897233413865, -0.22943265747026353]"
2022Q3,H2,conservative,DEVELOPMENT_PSEUDO_OOS,5.299999999999997,2018Q1,2022Q2,18,multi_almon_ppi_mom_log__m2_yoy_log,multivariate_midas,ppi_mom_log|m2_yoy_log,3,4.320978706002244,0.9790212939977527,17,,247.871070246232,"[1.7098821405009645, 0.7184502941072379, -0.03510187527022332, 0.14794363260011295, -0.016188781834437393, 0.016771172285771963]"
2022Q3,H3,standard,DEVELOPMENT_PSEUDO_OOS,5.299999999999997,2018Q1,2022Q2,18,multi_almon_ppi_mom_log__m2_yoy_log,multivariate_midas,ppi_mom_log|m2_yoy_log,3,4.235610219578587,1.0643897804214104,17,,243.58750723307415,"[2.123901649442039, 0.6734744962488863, 0.07823427326399454, 0.0005158252249886572, -0.134135663785099, 0.23379162556374197]"
2022Q3,H3,conservative,DEVELOPMENT_PSEUDO_OOS,5.299999999999997,2018Q1,2022Q2,18,multi_almon_ppi_mom_log__m2_yoy_log,multivariate_midas,ppi_mom_log|m2_yoy_log,3,4.2765014000771835,1.0234985999228137,17,,239.08002898087614,"[1.9041967355431983, 0.7312401248465271, 0.06979784379765161, -0.06266578297082984, 0.09322893640808116, -0.21573620630864532]"
2022Q4,H1,standard,DEVELOPMENT_PSEUDO_OOS,6.099999999999994,2018Q1,2022Q3,19,multi_almon_ppi_mom_log__m2_yoy_log,multivariate_midas,ppi_mom_log|m2_yoy_log,3,5.2589909813190125,0.8410090186809818,18,,251.03849950104245,"[1.3287529101045943, 0.69941192469941, 0.01531855034013882, 0.07797025902751337, -0.03337977395215619, 0.06721704695051733]"
2022Q4,H1,conservative,DEVELOPMENT_PSEUDO_OOS,6.099999999999994,2018Q1,2022Q3,19,multi_almon_ppi_mom_log__m2_yoy_log,multivariate_midas,ppi_mom_log|m2_yoy_log,3,5.138197902706818,0.9618020972931767,18,,239.96559382395102,"[1.2100292032228417, 0.7133253452756071, -0.0038666128482858705, 0.09240724701209499, 0.03575627674809445, -0.06716298648693392]"
2022Q4,H2,standard,DEVELOPMENT_PSEUDO_OOS,6.099999999999994,2018Q1,2022Q3,19,multi_almon_ppi_mom_log__m2_yoy_log,multivariate_midas,ppi_mom_log|m2_yoy_log,3,5.384489533645532,0.7155104663544627,18,,243.9364152725734,"[1.6240637204323236, 0.7161176366459117, -0.05143690371514946, 0.19281191205739034, 0.10758916882682068, -0.22816719031064803]"
2022Q4,H2,conservative,DEVELOPMENT_PSEUDO_OOS,6.099999999999994,2018Q1,2022Q3,19,multi_almon_ppi_mom_log__m2_yoy_log,multivariate_midas,ppi_mom_log|m2_yoy_log,3,5.403081628434055,0.696918371565939,18,,247.16078227940713,"[1.4120226747183158, 0.704599187849338, -0.026636061751927148, 0.13850622089320314, -0.023934722087308846, 0.04799019907318769]"
2022Q4,H3,standard,DEVELOPMENT_PSEUDO_OOS,6.099999999999994,2018Q1,2022Q3,19,multi_almon_ppi_mom_log__m2_yoy_log,multivariate_midas,ppi_mom_log|m2_yoy_log,3,4.430987595607065,1.6690124043929293,18,,249.3420326132957,"[1.8476543946997153, 0.6574666397152874, 0.08807588722030774, -0.02051138630555794, -0.12617980120054684, 0.23411295568466095]"
2022Q4,H3,conservative,DEVELOPMENT_PSEUDO_OOS,6.099999999999994,2018Q1,2022Q3,19,multi_almon_ppi_mom_log__m2_yoy_log,multivariate_midas,ppi_mom_log|m2_yoy_log,3,5.252540839410811,0.8474591605891835,18,,241.64559457365357,"[1.627216371258501, 0.716807059655592, 0.07969359003672223, -0.09159750737032324, 0.10414145871998515, -0.2209817692032892]"
2023Q1,H1,standard,DEVELOPMENT_PSEUDO_OOS,6.400000000000006,2018Q1,2022Q4,20,multi_almon_ppi_mom_log__m2_yoy_log,multivariate_midas,ppi_mom_log|m2_yoy_log,3,5.856059714520066,0.5439402854799393,19,,254.44056517039792,"[1.1163616297933467, 0.6988539804170562, 0.008069272566070242, 0.08493691861882534, -0.043543587143286655, 0.09765031372147298]"
2023Q1,H1,conservative,DEVELOPMENT_PSEUDO_OOS,6.400000000000006,2018Q1,2022Q4,20,multi_almon_ppi_mom_log__m2_yoy_log,multivariate_midas,ppi_mom_log|m2_yoy_log,3,6.174464332931894,0.22553566706811168,19,,251.26209578866377,"[1.052680085506538, 0.7106553429901405, -0.013866178239628033, 0.09594104243085849, 0.035218743953131515, -0.05673103097011928]"
2023Q1,H2,standard,DEVELOPMENT_PSEUDO_OOS,6.400000000000006,2018Q1,2022Q4,20,multi_almon_ppi_mom_log__m2_yoy_log,multivariate_midas,ppi_mom_log|m2_yoy_log,3,5.959149655243159,0.44085034475684637,19,,249.63456574166725,"[1.4505712602846426, 0.7117594585365875, -0.05541418530892349, 0.19910751833955512, 0.11612603581096426, -0.23659196319008052]"
2023Q1,H2,conservative,DEVELOPMENT_PSEUDO_OOS,6.400000000000006,2018Q1,2022Q4,20,multi_almon_ppi_mom_log__m2_yoy_log,multivariate_midas,ppi_mom_log|m2_yoy_log,3,5.8787920308285,0.5212079691715052,19,,248.58840558393683,"[1.2283576029840118, 0.7032419045595496, -0.03230950919705138, 0.14614459676160682, -0.03218170985575097, 0.07313169474195658]"
2023Q1,H3,standard,DEVELOPMENT_PSEUDO_OOS,6.400000000000006,2018Q1,2022Q4,20,multi_almon_ppi_mom_log__m2_yoy_log,multivariate_midas,ppi_mom_log|m2_yoy_log,3,5.948919234168527,0.4510807658314784,19,,251.57495388758232,"[1.4141426383585358, 0.6570711086651235, 0.07891050793742263, -0.007241134102911249, -0.08583161848979326, 0.17355425863528787]"
2023Q1,H3,conservative,DEVELOPMENT_PSEUDO_OOS,6.400000000000006,2018Q1,2022Q4,20,multi_almon_ppi_mom_log__m2_yoy_log,multivariate_midas,ppi_mom_log|m2_yoy_log,3,5.943671466348873,0.45632853365113313,19,,247.29545412855282,"[1.4247971220419013, 0.7117900033149768, 0.07579785423212942, -0.0887280543692691, 0.11442625851103383, -0.2312747702555813]"
2023Q2,H1,standard,DEVELOPMENT_PSEUDO_OOS,7.099999999999994,2018Q1,2023Q1,21,multi_almon_ppi_mom_log__m2_yoy_log,multivariate_midas,ppi_mom_log|m2_yoy_log,3,6.086155961092752,1.0138440389072425,20,,263.0154233938454,"[1.027159965333679, 0.6997270608908374, 0.01145353862500264, 0.07832989080672392, -0.03817710476061131, 0.09083054735569374]"
2023Q2,H1,conservative,DEVELOPMENT_PSEUDO_OOS,7.099999999999994,2018Q1,2023Q1,21,multi_almon_ppi_mom_log__m2_yoy_log,multivariate_midas,ppi_mom_log|m2_yoy_log,3,6.184849128365474,0.9151508716345207,20,,256.070236900902,"[1.0033846959660555, 0.7125423324824042, -0.014401354292083758, 0.09611495246807703, 0.039200539919121646, -0.0628129981235388]"
2023Q2,H2,standard,DEVELOPMENT_PSEUDO_OOS,7.099999999999994,2018Q1,2023Q1,21,multi_almon_ppi_mom_log__m2_yoy_log,multivariate_midas,ppi_mom_log|m2_yoy_log,3,6.883582040516688,0.216417959483306,20,,256.70270395593815,"[1.367569578320674, 0.7124367152727125, -0.05544601035975259, 0.1991202248654787, 0.11802953873264166, -0.23680896879582242]"
2023Q2,H2,conservative,DEVELOPMENT_PSEUDO_OOS,7.099999999999994,2018Q1,2023Q1,21,multi_almon_ppi_mom_log__m2_yoy_log,multivariate_midas,ppi_mom_log|m2_yoy_log,3,6.054759347667272,1.0452406523327227,20,,257.0187649940963,"[1.1447816017439387, 0.7050352176149386, -0.033743336353731966, 0.14574687110674014, -0.027156670565354313, 0.06682481024469944]"
2023Q2,H3,standard,DEVELOPMENT_PSEUDO_OOS,7.099999999999994,2018Q1,2023Q1,21,multi_almon_ppi_mom_log__m2_yoy_log,multivariate_midas,ppi_mom_log|m2_yoy_log,3,4.416425440911575,2.6835745590884192,20,,261.2147577212641,"[1.349751721087659, 0.6581385263571499, 0.0791573503682377, -0.01084460985006707, -0.08617847933611644, 0.1773475265903995]"
2023Q2,H3,conservative,DEVELOPMENT_PSEUDO_OOS,7.099999999999994,2018Q1,2023Q1,21,multi_almon_ppi_mom_log__m2_yoy_log,multivariate_midas,ppi_mom_log|m2_yoy_log,3,7.008674024037875,0.09132597596211944,20,,255.38249678490297,"[1.3470567968155933, 0.7136475781915218, 0.07623454264124849, -0.09484231980925126, 0.11710368420482298, -0.23299284328299263]"
2023Q3,H1,standard,DEVELOPMENT_PSEUDO_OOS,6.5,2018Q1,2023Q2,22,multi_almon_ppi_mom_log__m2_yoy_log,multivariate_midas,ppi_mom_log|m2_yoy_log,3,6.17759627739872,0.3224037226012797,21,,272.49585222932717,"[0.9017088795458179, 0.7057638344783581, 0.009357793734498597, 0.0734632985001625, -0.028284278515783634, 0.0765105960212612]"
2023Q3,H1,conservative,DEVELOPMENT_PSEUDO_OOS,6.5,2018Q1,2023Q2,22,multi_almon_ppi_mom_log__m2_yoy_log,multivariate_midas,ppi_mom_log|m2_yoy_log,3,6.935289266322647,-0.43528926632264664,21,,265.3715043301503,"[0.8969970995307303, 0.7145816159518439, -0.011921033035539527, 0.08810482529539221, 0.033575439054258305, -0.046713265124253056]"
2023Q3,H2,standard,DEVELOPMENT_PSEUDO_OOS,6.5,2018Q1,2023Q2,22,multi_almon_ppi_mom_log__m2_yoy_log,multivariate_midas,ppi_mom_log|m2_yoy_log,3,5.886322621738827,0.6136773782611726,21,,265.5132442506236,"[1.3540260935945725, 0.7140213017738555, -0.05598024963482393, 0.19794615767747467, 0.12212307295305713, -0.24445907017545315]"
2023Q3,H2,conservative,DEVELOPMENT_PSEUDO_OOS,6.5,2018Q1,2023Q2,22,multi_almon_ppi_mom_log__m2_yoy_log,multivariate_midas,ppi_mom_log|m2_yoy_log,3,6.366597640688991,0.13340235931100874,21,,266.8011814894843,"[1.0311282081323276, 0.7134283661097347, -0.05155500533409002, 0.1568092060177742, -0.01574170256606444, 0.04974658740703014]"
2023Q3,H3,standard,DEVELOPMENT_PSEUDO_OOS,6.5,2018Q1,2023Q2,22,multi_almon_ppi_mom_log__m2_yoy_log,multivariate_midas,ppi_mom_log|m2_yoy_log,3,6.463559348725396,0.03644065127460383,21,,265.6154593505516,"[1.2246031725110804, 0.7079608131198278, 0.0745406954470512, -0.0547983459419767, 0.005497584464869809, -0.002464353452021728]"
2023Q3,H3,conservative,DEVELOPMENT_PSEUDO_OOS,6.5,2018Q1,2023Q2,22,multi_almon_ppi_mom_log__m2_yoy_log,multivariate_midas,ppi_mom_log|m2_yoy_log,3,5.92820452172569,0.5717954782743098,21,,264.7886879699241,"[1.3440442342329166, 0.7146899617191578, 0.0761089126713988, -0.09716066274968121, 0.1189985535736684, -0.23658952002039424]"
2023Q4,H1,standard,DEVELOPMENT_PSEUDO_OOS,6.299999999999997,2018Q1,2023Q3,23,multi_almon_ppi_mom_log__m2_yoy_log,multivariate_midas,ppi_mom_log|m2_yoy_log,3,5.919615270964521,0.3803847290354758,22,,271.2488011318226,"[0.9459184366320512, 0.7117910948041184, 0.0009361532755945631, 0.07858734167178569, -0.023483575856713568, 0.06547456213109765]"
2023Q4,H1,conservative,DEVELOPMENT_PSEUDO_OOS,6.299999999999997,2018Q1,2023Q3,23,multi_almon_ppi_mom_log__m2_yoy_log,multivariate_midas,ppi_mom_log|m2_yoy_log,3,6.028092997444394,0.2719070025556034,22,,269.566333398689,"[0.9120490206696427, 0.7033100130263896, 0.0015735191182239608, 0.07352001146302864, 0.019179621942911673, -0.017780738301486132]"
2023Q4,H2,standard,DEVELOPMENT_PSEUDO_OOS,6.299999999999997,2018Q1,2023Q3,23,multi_almon_ppi_mom_log__m2_yoy_log,multivariate_midas,ppi_mom_log|m2_yoy_log,3,7.493728751587986,-1.1937287515879884,22,,267.15875438438417,"[1.406075269430375, 0.7242209994676133, -0.061173194973776414, 0.20103872165073886, 0.11540299027649203, -0.23312162681282023]"
2023Q4,H2,conservative,DEVELOPMENT_PSEUDO_OOS,6.299999999999997,2018Q1,2023Q3,23,multi_almon_ppi_mom_log__m2_yoy_log,multivariate_midas,ppi_mom_log|m2_yoy_log,3,6.6891019662556355,-0.3891019662556383,22,,267.25892946343515,"[1.0458801777730582, 0.7154993543827785, -0.054514905052880654, 0.1589062809300931, -0.013685481133132948, 0.045159491944121555]"
2023Q4,H3,standard,DEVELOPMENT_PSEUDO_OOS,6.299999999999997,2018Q1,2023Q3,23,multi_almon_ppi_mom_log__m2_yoy_log,multivariate_midas,ppi_mom_log|m2_yoy_log,3,6.370206448508977,-0.07020644850897995,22,,268.0558745848125,"[1.227804424334836, 0.7085884410161016, 0.07433399650521522, -0.0551437014712573, 0.005279206654349999, -0.0021485334499408704]"
2023Q4,H3,conservative,DEVELOPMENT_PSEUDO_OOS,6.299999999999997,2018Q1,2023Q3,23,multi_almon_ppi_mom_log__m2_yoy_log,multivariate_midas,ppi_mom_log|m2_yoy_log,3,6.730455690740205,-0.4304556907402075,22,,266.3436818571653,"[1.3938451824609552, 0.7246695113775895, 0.07278309436463311, -0.10000864491565885, 0.11310407779729503, -0.22671721374608406]"
2024Q1,H1,standard,DEVELOPMENT_PSEUDO_OOS,6.400000000000006,2018Q1,2023Q4,24,multi_almon_ppi_mom_log__m2_yoy_log,multivariate_midas,ppi_mom_log|m2_yoy_log,3,5.832551153547006,0.5674488464529999,23,,270.46678939930536,"[0.9958681104468343, 0.7157925644646443, -0.005563455288703771, 0.08298557277293417, -0.019947286400826547, 0.05695419656253109]"
2024Q1,H1,conservative,DEVELOPMENT_PSEUDO_OOS,6.400000000000006,2018Q1,2023Q4,24,multi_almon_ppi_mom_log__m2_yoy_log,multivariate_midas,ppi_mom_log|m2_yoy_log,3,5.827426029939722,0.5725739700602839,23,,271.0108902481871,"[0.9389013615692786, 0.7066744346240209, -0.003120374253433679, 0.07715423610941734, 0.017620998940495625, -0.015419857311999574]"
2024Q1,H2,standard,DEVELOPMENT_PSEUDO_OOS,6.400000000000006,2018Q1,2023Q4,24,multi_almon_ppi_mom_log__m2_yoy_log,multivariate_midas,ppi_mom_log|m2_yoy_log,3,5.816932110791651,0.5830678892083547,23,,266.3037880750745,"[1.2841345994228546, 0.7122949929279154, -0.0014447892929925557, 0.07912544872112522, 0.10792306088786874, -0.21309081390438378]"
2024Q1,H2,conservative,DEVELOPMENT_PSEUDO_OOS,6.400000000000006,2018Q1,2023Q4,24,multi_almon_ppi_mom_log__m2_yoy_log,multivariate_midas,ppi_mom_log|m2_yoy_log,3,5.592216356197642,0.807783643802364,23,,269.1043098884523,"[1.018167564493663, 0.7127585715583569, -0.045660879413585355, 0.14166436653381445, -0.016707217066536884, 0.05216641700236474]"
2024Q1,H3,standard,DEVELOPMENT_PSEUDO_OOS,6.400000000000006,2018Q1,2023Q4,24,multi_almon_ppi_mom_log__m2_yoy_log,multivariate_midas,ppi_mom_log|m2_yoy_log,3,6.023403233375554,0.3765967666244521,23,,268.6940307258284,"[1.222128048471, 0.708059990990558, 0.07420753643165642, -0.05616595884535973, 0.005190989359774578, -0.0016598883362883288]"
2024Q1,H3,conservative,DEVELOPMENT_PSEUDO_OOS,6.400000000000006,2018Q1,2023Q4,24,multi_almon_ppi_mom_log__m2_yoy_log,multivariate_midas,ppi_mom_log|m2_yoy_log,3,5.804752716305572,0.5952472836944338,23,,268.0547202529524,"[1.3630137716701038, 0.721488759698163, 0.07205614739934789, -0.10562880582022494, 0.11090480388208201, -0.2205370844333413]"
2024Q2,H1,standard,DEVELOPMENT_PSEUDO_OOS,6.599999999999994,2018Q1,2024Q1,25,multi_almon_ppi_mom_log__m2_yoy_log,multivariate_midas,ppi_mom_log|m2_yoy_log,3,6.181729190664446,0.4182708093355485,24,,270.8594601544182,"[1.0376710857301958, 0.7141084742871849, 0.0182943550645861, 0.053456484367187994, -0.018991508993141948, 0.05316259389750677]"
2024Q2,H1,conservative,DEVELOPMENT_PSEUDO_OOS,6.599999999999994,2018Q1,2024Q1,25,multi_almon_ppi_mom_log__m2_yoy_log,multivariate_midas,ppi_mom_log|m2_yoy_log,3,5.930506289220255,0.6694937107797392,24,,271.53606212427337,"[0.9772629823799689, 0.7057365905702477, 0.020717345266044768, 0.048044623354025096, 0.017180744630074796, -0.01638713448318463]"
2024Q2,H2,standard,DEVELOPMENT_PSEUDO_OOS,6.599999999999994,2018Q1,2024Q1,25,multi_almon_ppi_mom_log__m2_yoy_log,multivariate_midas,ppi_mom_log|m2_yoy_log,3,5.953674591355033,0.6463254086449615,24,,263.8424905268458,"[1.3662695223873829, 0.7168973053798767, -0.0077502842597781604, 0.08986017973034272, 0.10440107831631629, -0.20884482690407152]"
2024Q2,H2,conservative,DEVELOPMENT_PSEUDO_OOS,6.599999999999994,2018Q1,2024Q1,25,multi_almon_ppi_mom_log__m2_yoy_log,multivariate_midas,ppi_mom_log|m2_yoy_log,3,6.3408523722289365,0.2591476277710578,24,,269.54521757405814,"[1.0760755546762792, 0.7138431914561292, -0.01035738365087318, 0.09853808314420939, -0.01852952768000693, 0.05233831072495754]"
2024Q2,H3,standard,DEVELOPMENT_PSEUDO_OOS,6.599999999999994,2018Q1,2024Q1,25,multi_almon_ppi_mom_log__m2_yoy_log,multivariate_midas,ppi_mom_log|m2_yoy_log,3,6.219523351467412,0.3804766485325821,24,,266.69769124431224,"[1.2770833924515321, 0.7109616075993009, 0.07452321320212842, -0.060646441878340805, 0.002061684817115883, 0.0028792161361635427]"
2024Q2,H3,conservative,DEVELOPMENT_PSEUDO_OOS,6.599999999999994,2018Q1,2024Q1,25,multi_almon_ppi_mom_log__m2_yoy_log,multivariate_midas,ppi_mom_log|m2_yoy_log,3,5.838265738290717,0.761734261709277,24,,265.20606736529635,"[1.451174538588167, 0.726904293543872, 0.07239061737215308, -0.11096686869125727, 0.1076956833435021, -0.21707154663390693]"
2024Q3,H1,standard,DEVELOPMENT_PSEUDO_OOS,6.599999999999994,2018Q1,2024Q2,26,multi_almon_ppi_mom_log__m2_yoy_log,multivariate_midas,ppi_mom_log|m2_yoy_log,3,6.597348967977032,0.002651032022962241,25,,273.26772088607646,"[1.0596618582905035, 0.7184186250317048, 0.01782024885960405, 0.05344294423225942, -0.025264049176915937, 0.06482695130768495]"
2024Q3,H1,conservative,DEVELOPMENT_PSEUDO_OOS,6.599999999999994,2018Q1,2024Q2,26,multi_almon_ppi_mom_log__m2_yoy_log,multivariate_midas,ppi_mom_log|m2_yoy_log,3,6.34180215982585,0.2581978401741445,25,,270.4641296979264,"[1.0575875025320491, 0.7104578545455612, 0.02085111934743427, 0.043703283817412855, 0.011743548123576253, -0.008069385047228095]"
2024Q3,H2,standard,DEVELOPMENT_PSEUDO_OOS,6.599999999999994,2018Q1,2024Q2,26,multi_almon_ppi_mom_log__m2_yoy_log,multivariate_midas,ppi_mom_log|m2_yoy_log,3,5.926525061056058,0.6734749389439365,25,,267.0902763663225,"[1.3954732755110426, 0.7212164183795721, -0.01890419090111066, 0.10994636087367649, 0.1005891458981969, -0.20194320500889207]"
2024Q3,H2,conservative,DEVELOPMENT_PSEUDO_OOS,6.599999999999994,2018Q1,2024Q2,26,multi_almon_ppi_mom_log__m2_yoy_log,multivariate_midas,ppi_mom_log|m2_yoy_log,3,6.458527552889236,0.14147244711075846,25,,271.89625541873215,"[1.0900136372416964, 0.7166318842931837, -0.01305743228622603, 0.1027713145327604, -0.022376139142259666, 0.05951080889296584]"
2024Q3,H3,standard,DEVELOPMENT_PSEUDO_OOS,6.599999999999994,2018Q1,2024Q2,26,multi_almon_ppi_mom_log__m2_yoy_log,multivariate_midas,ppi_mom_log|m2_yoy_log,3,6.275436450962923,0.3245635490370713,25,,271.55052462835533,"[1.2818775457606295, 0.7121367961299432, 0.07330785650667956, -0.055281432241849386, -0.0007492702154753283, 0.008339753856417276]"
2024Q3,H3,conservative,DEVELOPMENT_PSEUDO_OOS,6.599999999999994,2018Q1,2024Q2,26,multi_almon_ppi_mom_log__m2_yoy_log,multivariate_midas,ppi_mom_log|m2_yoy_log,3,6.030752210304868,0.569247789695126,25,,268.8430108280297,"[1.466946057826024, 0.7301767358017434, 0.06985648057443261, -0.09781619325303614, 0.10202312978194117, -0.2064526619692651]"
2024Q4,H1,standard,DEVELOPMENT_PSEUDO_OOS,6.700000000000003,2018Q1,2024Q3,27,multi_almon_ppi_mom_log__m2_yoy_log,multivariate_midas,ppi_mom_log|m2_yoy_log,3,6.383735723711451,0.31626427628855147,26,,277.73134301361455,"[1.0594803570010354, 0.7184394795259994, 0.017841790940821375, 0.05342621536929182, -0.02530061089769542, 0.06490425344611012]"
2024Q4,H1,conservative,DEVELOPMENT_PSEUDO_OOS,6.700000000000003,2018Q1,2024Q3,27,multi_almon_ppi_mom_log__m2_yoy_log,multivariate_midas,ppi_mom_log|m2_yoy_log,3,6.318339631470023,0.38166036852998,26,,274.8847901566938,"[1.0592294899675414, 0.7115437229851517, 0.023515515678164928, 0.04004983105161005, 0.009654493144381049, -0.003975769974972954]"
2024Q4,H2,standard,DEVELOPMENT_PSEUDO_OOS,6.700000000000003,2018Q1,2024Q3,27,multi_almon_ppi_mom_log__m2_yoy_log,multivariate_midas,ppi_mom_log|m2_yoy_log,3,5.526685880379373,1.1733141196206303,26,,272.7900334427781,"[1.349729752212574, 0.725530996900775, -0.010436687395878108, 0.0935686072519342, 0.09634954103617877, -0.19171124192620764]"
2024Q4,H2,conservative,DEVELOPMENT_PSEUDO_OOS,6.700000000000003,2018Q1,2024Q3,27,multi_almon_ppi_mom_log__m2_yoy_log,multivariate_midas,ppi_mom_log|m2_yoy_log,3,6.4894535310465615,0.2105464689534413,26,,276.7219155605199,"[1.0823347456823318, 0.7179466654184965, -0.012102234278045493, 0.10142804963787282, -0.02435499396569163, 0.06364346544409333]"
2024Q4,H3,standard,DEVELOPMENT_PSEUDO_OOS,6.700000000000003,2018Q1,2024Q3,27,multi_almon_ppi_mom_log__m2_yoy_log,multivariate_midas,ppi_mom_log|m2_yoy_log,3,6.413556199186394,0.28644380081360854,26,,277.8742428307384,"[1.2717772655386081, 0.7158962351314004, 0.07376576728946053, -0.06177319430355474, 0.0011879972443746833, 0.0049926579464555365]"
2024Q4,H3,conservative,DEVELOPMENT_PSEUDO_OOS,6.700000000000003,2018Q1,2024Q3,27,multi_almon_ppi_mom_log__m2_yoy_log,multivariate_midas,ppi_mom_log|m2_yoy_log,3,5.49182438105783,1.2081756189421728,26,,275.2498986203322,"[1.4443995372446792, 0.7354022538698263, 0.07085319923277589, -0.10827731301832826, 0.09943989203759285, -0.19995434741923251]"
2025Q1,H1,standard,DEVELOPMENT_PSEUDO_OOS,6.799999999999997,2018Q1,2024Q4,28,multi_almon_ppi_mom_log__m2_yoy_log,multivariate_midas,ppi_mom_log|m2_yoy_log,3,6.517130313451725,0.28286968654827227,27,,284.1810438931289,"[1.0486129245709972, 0.7218919225590494, 0.013571735254519525, 0.05714735797843466, -0.026343521742646203, 0.06748851937309863]"
2025Q1,H1,conservative,DEVELOPMENT_PSEUDO_OOS,6.799999999999997,2018Q1,2024Q4,28,multi_almon_ppi_mom_log__m2_yoy_log,multivariate_midas,ppi_mom_log|m2_yoy_log,3,6.5195675311790495,0.28043246882094763,27,,280.79092315242275,"[1.0535988077291745, 0.7159920279123726, 0.01801196826688959, 0.04488378100448112, 0.011658897985938221, -0.007693772236579799]"
2025Q1,H2,standard,DEVELOPMENT_PSEUDO_OOS,6.799999999999997,2018Q1,2024Q4,28,multi_almon_ppi_mom_log__m2_yoy_log,multivariate_midas,ppi_mom_log|m2_yoy_log,3,6.382586021714057,0.41741397828594007,27,,278.41120619185057,"[1.2375451243449052, 0.7294149091186098, -0.02145847342803414, 0.11365497452374962, 0.07981168118251547, -0.15343135793314933]"
2025Q1,H2,conservative,DEVELOPMENT_PSEUDO_OOS,6.799999999999997,2018Q1,2024Q4,28,multi_almon_ppi_mom_log__m2_yoy_log,multivariate_midas,ppi_mom_log|m2_yoy_log,3,6.515021398396892,0.28497860160310484,27,,283.0103322772839,"[1.07330509948643, 0.7199069368598108, -0.014928864070718806, 0.10446127328072662, -0.024830212626279935, 0.065010088367772]"
2025Q1,H3,standard,DEVELOPMENT_PSEUDO_OOS,6.799999999999997,2018Q1,2024Q4,28,multi_almon_ppi_mom_log__m2_yoy_log,multivariate_midas,ppi_mom_log|m2_yoy_log,3,6.4335397029719745,0.36646029702802263,27,,284.86501836685136,"[1.2405714121950393, 0.7174648341483687, 0.07387667479659663, -0.06319271468989092, 0.0007683699420389933, 0.007102349416471532]"
2025Q1,H3,conservative,DEVELOPMENT_PSEUDO_OOS,6.799999999999997,2018Q1,2024Q4,28,multi_almon_ppi_mom_log__m2_yoy_log,multivariate_midas,ppi_mom_log|m2_yoy_log,3,6.439796407497289,0.3602035925027085,27,,280.38425273009886,"[1.3154375016561675, 0.7386169668057191, 0.07173577522907454, -0.1054806142232867, 0.08161381006678825, -0.1588354037935572]"
2025Q2,H1,standard,DEVELOPMENT_PSEUDO_OOS,7.200000000000003,2018Q1,2025Q1,29,multi_almon_ppi_mom_log__m2_yoy_log,multivariate_midas,ppi_mom_log|m2_yoy_log,3,6.746511684366331,0.4534883156336722,28,,290.59570987849645,"[1.0160747540597372, 0.7237813772322143, 0.013382837490735627, 0.05595049903909961, -0.02550105240328715, 0.0670290035172561]"
2025Q2,H1,conservative,DEVELOPMENT_PSEUDO_OOS,7.200000000000003,2018Q1,2025Q1,29,multi_almon_ppi_mom_log__m2_yoy_log,multivariate_midas,ppi_mom_log|m2_yoy_log,3,6.680141589249212,0.5198584107507909,28,,287.78400563461344,"[1.0293897047396114, 0.7176649636339514, 0.017834089132771076, 0.04345870749287399, 0.010754093392518649, -0.00490492748215432]"
2025Q2,H2,standard,DEVELOPMENT_PSEUDO_OOS,7.200000000000003,2018Q1,2025Q1,29,multi_almon_ppi_mom_log__m2_yoy_log,multivariate_midas,ppi_mom_log|m2_yoy_log,3,6.647641453704524,0.552358546295479,28,,284.6117985765707,"[1.1902179521861336, 0.7319071355392534, -0.021300890691468385, 0.11133469841936483, 0.0801339686564575, -0.1522336578857985]"
2025Q2,H2,conservative,DEVELOPMENT_PSEUDO_OOS,7.200000000000003,2018Q1,2025Q1,29,multi_almon_ppi_mom_log__m2_yoy_log,multivariate_midas,ppi_mom_log|m2_yoy_log,3,6.8628478839552125,0.33715211604479034,28,,289.4451007137332,"[1.040862929010443, 0.7219449093782679, -0.015705318879221955, 0.1040909780744551, -0.023993083413122562, 0.06455777019029896]"
2025Q2,H3,standard,DEVELOPMENT_PSEUDO_OOS,7.200000000000003,2018Q1,2025Q1,29,multi_almon_ppi_mom_log__m2_yoy_log,multivariate_midas,ppi_mom_log|m2_yoy_log,3,6.7273848152161,0.4726151847839031,28,,292.56772600313684,"[1.2039678371921871, 0.719990300499836, 0.07329377708963294, -0.06657604563720555, 0.0008504109257907455, 0.008525024776886547]"
2025Q2,H3,conservative,DEVELOPMENT_PSEUDO_OOS,7.200000000000003,2018Q1,2025Q1,29,multi_almon_ppi_mom_log__m2_yoy_log,multivariate_midas,ppi_mom_log|m2_yoy_log,3,6.451119702540058,0.7488802974599444,28,,287.51546039655886,"[1.2808318322465533, 0.7413596737544828, 0.07117076054877247, -0.10926205333753278, 0.08228142196239419, -0.1586710268171806]"
2025Q3,H1,standard,HISTORICAL_POST_DEVELOPMENT_TEST,7.599999999999994,2018Q1,2025Q2,30,multi_almon_ppi_mom_log__m2_yoy_log,multivariate_midas,ppi_mom_log|m2_yoy_log,3,7.151390164278849,0.448609835721145,29,,296.8858949872604,"[0.9633389499508942, 0.7280504615998191, 0.008542847026308531, 0.061454594423083035, -0.02679805206843966, 0.07147261565218249]"
2025Q3,H1,conservative,HISTORICAL_POST_DEVELOPMENT_TEST,7.599999999999994,2018Q1,2025Q2,30,multi_almon_ppi_mom_log__m2_yoy_log,multivariate_midas,ppi_mom_log|m2_yoy_log,3,7.191311586017809,0.40868841398218514,29,,294.96669984929235,"[0.9821073143667516, 0.7220255713394637, 0.01244298265794836, 0.048670914496770315, 0.010362493104551285, -0.0023345826989419893]"
2025Q3,H2,standard,HISTORICAL_POST_DEVELOPMENT_TEST,7.599999999999994,2018Q1,2025Q2,30,multi_almon_ppi_mom_log__m2_yoy_log,multivariate_midas,ppi_mom_log|m2_yoy_log,3,6.91161767340014,0.6883823265998545,29,,289.3578064524503,"[1.109702038526075, 0.7343729508202881, -0.026945096001595184, 0.12275493441318065, 0.08009490901518235, -0.1491819581486335]"
2025Q3,H2,conservative,HISTORICAL_POST_DEVELOPMENT_TEST,7.599999999999994,2018Q1,2025Q2,30,multi_almon_ppi_mom_log__m2_yoy_log,multivariate_midas,ppi_mom_log|m2_yoy_log,3,6.8983376603383455,0.7016623396616488,29,,294.8311023360648,"[0.9969692736780377, 0.7244922867915917, -0.018354019577510906, 0.10815386703260155, -0.02474153439354221, 0.06757951171983262]"
2025Q3,H3,standard,HISTORICAL_POST_DEVELOPMENT_TEST,7.599999999999994,2018Q1,2025Q2,30,multi_almon_ppi_mom_log__m2_yoy_log,multivariate_midas,ppi_mom_log|m2_yoy_log,3,6.853288954679818,0.7467110453201764,29,,292.55985408389637,"[1.1137754529944983, 0.7202257791169597, 0.070592627231673, -0.04893036859612267, 0.0028554644541997076, 0.007138268536939663]"
2025Q3,H3,conservative,HISTORICAL_POST_DEVELOPMENT_TEST,7.599999999999994,2018Q1,2025Q2,30,multi_almon_ppi_mom_log__m2_yoy_log,multivariate_midas,ppi_mom_log|m2_yoy_log,3,7.069384345183105,0.5306156548168897,29,,287.9492157339849,"[1.1427156063942634, 0.7405480645154199, 0.06713597404638755, -0.08084463781637402, 0.07989258897133833, -0.1497076201920064]"
2025Q4,H1,standard,HISTORICAL_POST_DEVELOPMENT_TEST,7.700000000000003,2018Q1,2025Q3,31,multi_almon_ppi_mom_log__m2_yoy_log,multivariate_midas,ppi_mom_log|m2_yoy_log,3,7.1968055482054645,0.5031944517945384,30,,298.001921238377,"[0.8838446376235323, 0.7302077542601754, 0.01552233856286108, 0.05509608868116467, -0.02527893390547431, 0.07063657328355394]"
2025Q4,H1,conservative,HISTORICAL_POST_DEVELOPMENT_TEST,7.700000000000003,2018Q1,2025Q3,31,multi_almon_ppi_mom_log__m2_yoy_log,multivariate_midas,ppi_mom_log|m2_yoy_log,3,7.211530691391377,0.48846930860862603,30,,296.32662440526934,"[0.9118437674126305, 0.724060826248828, 0.018689492884767976, 0.04312558661160937, 0.011302014840885333, -0.002298339210272504]"
2025Q4,H2,standard,HISTORICAL_POST_DEVELOPMENT_TEST,7.700000000000003,2018Q1,2025Q3,31,multi_almon_ppi_mom_log__m2_yoy_log,multivariate_midas,ppi_mom_log|m2_yoy_log,3,7.167651801538929,0.5323481984610741,30,,292.66779084536654,"[1.0156747028933772, 0.7395307154172639, -0.005992800452988688, 0.08599639661963816, 0.08159868205944076, -0.14971648106349372]"
2025Q4,H2,conservative,HISTORICAL_POST_DEVELOPMENT_TEST,7.700000000000003,2018Q1,2025Q3,31,multi_almon_ppi_mom_log__m2_yoy_log,multivariate_midas,ppi_mom_log|m2_yoy_log,3,7.277031611695339,0.422968388304664,30,,296.82074659896847,"[0.8823583168170366, 0.7288013504300089, -0.003336134048578618, 0.08852223220532847, -0.023288309122894923, 0.06765518215392291]"
2025Q4,H3,standard,HISTORICAL_POST_DEVELOPMENT_TEST,7.700000000000003,2018Q1,2025Q3,31,multi_almon_ppi_mom_log__m2_yoy_log,multivariate_midas,ppi_mom_log|m2_yoy_log,3,7.206591387645731,0.4934086123542718,30,,298.19337413055104,"[1.037688219699222, 0.7295833860364525, 0.07152699348098268, -0.06193601526794977, 0.008052897942011805, -0.0007591620825239676]"
2025Q4,H3,conservative,HISTORICAL_POST_DEVELOPMENT_TEST,7.700000000000003,2018Q1,2025Q3,31,multi_almon_ppi_mom_log__m2_yoy_log,multivariate_midas,ppi_mom_log|m2_yoy_log,3,7.182142331630989,0.5178576683690137,30,,294.1060348598013,"[1.0900609100526222, 0.7468566362240386, 0.06784219744705791, -0.09148612685592247, 0.08273522504648578, -0.15354770246189448]"
2026Q1,H1,standard,HISTORICAL_POST_DEVELOPMENT_TEST,8.700000000000003,2018Q1,2025Q4,32,multi_almon_ppi_mom_log__m2_yoy_log,multivariate_midas,ppi_mom_log|m2_yoy_log,3,7.626492740765338,1.073507259234665,31,,303.967789047086,"[0.8424551096406426, 0.7376653367881622, 0.009836417154905741, 0.057518024867780085, -0.025039883534308083, 0.07124871653509213]"
2026Q1,H1,conservative,HISTORICAL_POST_DEVELOPMENT_TEST,8.700000000000003,2018Q1,2025Q4,32,multi_almon_ppi_mom_log__m2_yoy_log,multivariate_midas,ppi_mom_log|m2_yoy_log,3,7.382254607597417,1.3177453924025855,31,,301.9264757696873,"[0.8683703741862703, 0.7316460691739036, 0.01290000900632525, 0.04619026923588111, 0.01401854750656506, -0.006636492988161602]"
2026Q1,H2,standard,HISTORICAL_POST_DEVELOPMENT_TEST,8.700000000000003,2018Q1,2025Q4,32,multi_almon_ppi_mom_log__m2_yoy_log,multivariate_midas,ppi_mom_log|m2_yoy_log,3,7.21729286164433,1.4827071383556731,31,,297.74692865232566,"[0.9633090228032807, 0.7460691638055221, -0.012280391641229835, 0.09342500308476748, 0.0819698679364872, -0.14903571716021669]"
2026Q1,H2,conservative,HISTORICAL_POST_DEVELOPMENT_TEST,8.700000000000003,2018Q1,2025Q4,32,multi_almon_ppi_mom_log__m2_yoy_log,multivariate_midas,ppi_mom_log|m2_yoy_log,3,7.626863088834616,1.0731369111653866,31,,302.7420170878838,"[0.8476382000307722, 0.7349180141711141, -0.010572181106672178, 0.09450279484427075, -0.022636019776287153, 0.06737153337071738]"
2026Q1,H3,standard,HISTORICAL_POST_DEVELOPMENT_TEST,8.700000000000003,2018Q1,2025Q4,32,multi_almon_ppi_mom_log__m2_yoy_log,multivariate_midas,ppi_mom_log|m2_yoy_log,3,7.528402886119331,1.1715971138806722,31,,304.2922274167015,"[0.9898160537299179, 0.7353522846792983, 0.06996878534171189, -0.06458318188024814, 0.007108496492096883, 0.0025290011123549894]"
2026Q1,H3,conservative,HISTORICAL_POST_DEVELOPMENT_TEST,8.700000000000003,2018Q1,2025Q4,32,multi_almon_ppi_mom_log__m2_yoy_log,multivariate_midas,ppi_mom_log|m2_yoy_log,3,7.078150322270557,1.621849677729446,31,,299.5517522204584,"[1.041918199371721, 0.7535140686908357, 0.06611807410721535, -0.09441439110333927, 0.08314129809488524, -0.15303843548599927]"
2026Q2,H1,standard,HISTORICAL_POST_DEVELOPMENT_TEST,8.5,2018Q1,2026Q1,33,multi_almon_ppi_mom_log__m2_yoy_log,multivariate_midas,ppi_mom_log|m2_yoy_log,3,8.534993663382172,-0.03499366338217236,32,,307.9313201730916,"[0.7015509966045427, 0.7514116717836112, 0.0023533238450606578, 0.0639454408413152, -0.03543288659177124, 0.09575006241600556]"
2026Q2,H1,conservative,HISTORICAL_POST_DEVELOPMENT_TEST,8.5,2018Q1,2026Q1,33,multi_almon_ppi_mom_log__m2_yoy_log,multivariate_midas,ppi_mom_log|m2_yoy_log,3,8.525216771397671,-0.025216771397671423,32,,307.91593919645317,"[0.7552749107584658, 0.7477107127271259, 0.003587485265961955, 0.04837999565334814, 0.009987108996997618, 0.004425271252585128]"
2026Q2,H2,standard,HISTORICAL_POST_DEVELOPMENT_TEST,8.5,2018Q1,2026Q1,33,multi_almon_ppi_mom_log__m2_yoy_log,multivariate_midas,ppi_mom_log|m2_yoy_log,3,8.5047199385649,-0.004719938564900161,32,,300.04663646641944,"[0.7218797859713512, 0.7560698778054902, -0.025250720697706244, 0.11891632812565817, 0.0743810632664551, -0.1261252179550404]"
2026Q2,H2,conservative,HISTORICAL_POST_DEVELOPMENT_TEST,8.5,2018Q1,2026Q1,33,multi_almon_ppi_mom_log__m2_yoy_log,multivariate_midas,ppi_mom_log|m2_yoy_log,3,8.526742963534403,-0.026742963534402975,32,,306.3034837417554,"[0.7023506077242845, 0.7477572270333053, -0.01553561388757152, 0.0973808146512051, -0.03246001007329502, 0.09093591428538658]"
2026Q2,H3,standard,HISTORICAL_POST_DEVELOPMENT_TEST,8.5,2018Q1,2026Q1,33,multi_almon_ppi_mom_log__m2_yoy_log,multivariate_midas,ppi_mom_log|m2_yoy_log,3,8.386411140795063,0.11358885920493655,32,,304.1376741559961,"[0.7643215845911185, 0.7427004912995729, 0.06409390321558334, -0.040416293279719726, 0.011686043966442239, -0.00039563870579689686]"
2026Q2,H3,conservative,HISTORICAL_POST_DEVELOPMENT_TEST,8.5,2018Q1,2026Q1,33,multi_almon_ppi_mom_log__m2_yoy_log,multivariate_midas,ppi_mom_log|m2_yoy_log,3,8.505095597298698,-0.005095597298698351,32,,299.9234822924095,"[0.7515177419881128, 0.7602147804322205, 0.0589378303532855, -0.05951397859786144, 0.07239646182790571, -0.12311488200916765]"
