model,forecast_origin,target_quarter,horizon,latest_m2_period_available,m2_release_date,m2_assumed_availability_date,m2_value_used,m2_source_periods_used,m2_value_usage,m2_economic_lag,latest_fdi_quarter_available,fdi_release_date,fdi_assumed_availability_date,fdi_value_used,gdp_latest_available_quarter,leakage_flag,timing_leakage_flag,historical_value_vintage_verified,valid_real_time_forecast,notes
M0,2025-07-31 00:00:00,2025Q3,H1,2025-06,,2025-07-25 00:00:00,27.886194878409931,"[""2019-01"", ""2019-02"", ""2019-03"", ""2019-04"", ""2019-05"", ""2019-06"", ""2019-07"", ""2019-08"", ""2019-09"", ""2019-10"", ""2019-11"", ""2019-12"", ""2020-01"", ""2020-02"", ""2020-03"", ""2020-04"", ""2020-05"", ""2020-06"", ""2020-07"", ""2020-08"", ""2020-09"", ""2020-10"", ""2020-11"", ""2020-12"", ""2021-01"", ""2021-02"", ""2021-03"", ""2021-04"", ""2021-05"", ""2021-06"", ""2021-07"", ""2021-08"", ""2021-09"", ""2021-10"", ""2021-11"", ""2021-12"", ""2022-01"", ""2022-02"", ""2022-03"", ""2022-04"", ""2022-05"", ""2022-06"", ""2022-07"", ""2022-08"", ""2022-09"", ""2022-10"", ""2022-11"", ""2022-12"", ""2023-01"", ""2023-02"", ""2023-03"", ""2023-04"", ""2023-05"", ""2023-06"", ""2023-07"", ""2023-08"", ""2023-09"", ""2023-10"", ""2023-11"", ""2023-12"", ""2024-01"", ""2024-02"", ""2024-03"", ""2024-04"", ""2024-05"", ""2024-06"", ""2024-07"", ""2024-08"", ""2024-09"", ""2024-10"", ""2024-11"", ""2024-12"", ""2025-01"", ""2025-02"", ""2025-03"", ""2025-04"", ""2025-05"", ""2025-06""]",latest_factor_input; full historical cells retained in factor design,0,,,,,2025Q2,False,False,False,False,Historical M2 vintages incomplete; revised-snapshot pseudo-real-time only.
M1,2025-07-31 00:00:00,2025Q3,H1,2025-06,,2025-07-25 00:00:00,27.886194878409931,"[""2019-01"", ""2019-02"", ""2019-03"", ""2019-04"", ""2019-05"", ""2019-06"", ""2019-07"", ""2019-08"", ""2019-09"", ""2019-10"", ""2019-11"", ""2019-12"", ""2020-01"", ""2020-02"", ""2020-03"", ""2020-04"", ""2020-05"", ""2020-06"", ""2020-07"", ""2020-08"", ""2020-09"", ""2020-10"", ""2020-11"", ""2020-12"", ""2021-01"", ""2021-02"", ""2021-03"", ""2021-04"", ""2021-05"", ""2021-06"", ""2021-07"", ""2021-08"", ""2021-09"", ""2021-10"", ""2021-11"", ""2021-12"", ""2022-01"", ""2022-02"", ""2022-03"", ""2022-04"", ""2022-05"", ""2022-06"", ""2022-07"", ""2022-08"", ""2022-09"", ""2022-10"", ""2022-11"", ""2022-12"", ""2023-01"", ""2023-02"", ""2023-03"", ""2023-04"", ""2023-05"", ""2023-06"", ""2023-07"", ""2023-08"", ""2023-09"", ""2023-10"", ""2023-11"", ""2023-12"", ""2024-01"", ""2024-02"", ""2024-03"", ""2024-04"", ""2024-05"", ""2024-06"", ""2024-07"", ""2024-08"", ""2024-09"", ""2024-10"", ""2024-11"", ""2024-12"", ""2025-01"", ""2025-02"", ""2025-03"", ""2025-04"", ""2025-05"", ""2025-06""]",latest_factor_input; full historical cells retained in factor design,1,,,,,2025Q2,False,False,False,False,Historical M2 vintages incomplete; revised-snapshot pseudo-real-time only.
M2,2025-07-31 00:00:00,2025Q3,H1,2025-06,,2025-07-25 00:00:00,28.372830651031578,"[""2019-01"", ""2019-02"", ""2019-03"", ""2019-04"", ""2019-05"", ""2019-06"", ""2019-07"", ""2019-08"", ""2019-09"", ""2019-10"", ""2019-11"", ""2019-12"", ""2020-01"", ""2020-02"", ""2020-03"", ""2020-04"", ""2020-05"", ""2020-06"", ""2020-07"", ""2020-08"", ""2020-09"", ""2020-10"", ""2020-11"", ""2020-12"", ""2021-01"", ""2021-02"", ""2021-03"", ""2021-04"", ""2021-05"", ""2021-06"", ""2021-07"", ""2021-08"", ""2021-09"", ""2021-10"", ""2021-11"", ""2021-12"", ""2022-01"", ""2022-02"", ""2022-03"", ""2022-04"", ""2022-05"", ""2022-06"", ""2022-07"", ""2022-08"", ""2022-09"", ""2022-10"", ""2022-11"", ""2022-12"", ""2023-01"", ""2023-02"", ""2023-03"", ""2023-04"", ""2023-05"", ""2023-06"", ""2023-07"", ""2023-08"", ""2023-09"", ""2023-10"", ""2023-11"", ""2023-12"", ""2024-01"", ""2024-02"", ""2024-03"", ""2024-04"", ""2024-05"", ""2024-06"", ""2024-07"", ""2024-08"", ""2024-09"", ""2024-10"", ""2024-11"", ""2024-12"", ""2025-01"", ""2025-02"", ""2025-03"", ""2025-04"", ""2025-05""]",latest_factor_input; full historical cells retained in factor design,2,,,,,2025Q2,False,False,False,False,Historical M2 vintages incomplete; revised-snapshot pseudo-real-time only.
B1,2025-07-31 00:00:00,2025Q3,H1,2025-06,,2025-07-25 00:00:00,27.886194878409931,"[""2025-06""]",quarter_mean_lagged_bridge_regressor,1,,,,,2025Q2,False,False,False,False,Historical M2 vintages incomplete; revised-snapshot pseudo-real-time only.
B2,2025-07-31 00:00:00,2025Q3,H1,2025-06,,2025-07-25 00:00:00,28.129512764720754,"[""2025-05"", ""2025-06""]",quarter_mean_lagged_bridge_regressor,2,,,,,2025Q2,False,False,False,False,Historical M2 vintages incomplete; revised-snapshot pseudo-real-time only.
B3,2025-07-31 00:00:00,2025Q3,H1,2025-06,,2025-07-25 00:00:00,27.886194878409931,"[""2025-06""]",quarter_mean_lagged_bridge_regressor,1,2025Q1,,2025-06-29 00:00:00,761.73635349621145,2025Q2,False,False,False,False,No future reference-period timing under stated assumptions; historical revision leakage cannot be ruled out. FDI revised diagnostic only.
B3_120D,2025-07-31 00:00:00,2025Q3,H1,2025-06,,2025-07-25 00:00:00,27.886194878409931,"[""2025-06""]",quarter_mean_lagged_bridge_regressor,1,2025Q1,,2025-07-29 00:00:00,761.73635349621145,2025Q2,False,False,False,False,No future reference-period timing under stated assumptions; historical revision leakage cannot be ruled out. FDI revised diagnostic only.
B4,2025-07-31 00:00:00,2025Q3,H1,2025-06,,2025-07-25 00:00:00,27.886194878409931,"[""2025-06""]",quarter_mean_lagged_bridge_regressor,1,2024Q4,,2025-03-31 00:00:00,1174.1784529404117,2025Q2,False,False,False,False,No future reference-period timing under stated assumptions; historical revision leakage cannot be ruled out. FDI revised diagnostic only.
B4_120D,2025-07-31 00:00:00,2025Q3,H1,2025-06,,2025-07-25 00:00:00,27.886194878409931,"[""2025-06""]",quarter_mean_lagged_bridge_regressor,1,2024Q4,,2025-04-30 00:00:00,1174.1784529404117,2025Q2,False,False,False,False,No future reference-period timing under stated assumptions; historical revision leakage cannot be ruled out. FDI revised diagnostic only.
B5,2025-07-31 00:00:00,2025Q3,H1,2025-06,,2025-07-25 00:00:00,27.886194878409931,"[""2019-01"", ""2019-02"", ""2019-03"", ""2019-04"", ""2019-05"", ""2019-06"", ""2019-07"", ""2019-08"", ""2019-09"", ""2019-10"", ""2019-11"", ""2019-12"", ""2020-01"", ""2020-02"", ""2020-03"", ""2020-04"", ""2020-05"", ""2020-06"", ""2020-07"", ""2020-08"", ""2020-09"", ""2020-10"", ""2020-11"", ""2020-12"", ""2021-01"", ""2021-02"", ""2021-03"", ""2021-04"", ""2021-05"", ""2021-06"", ""2021-07"", ""2021-08"", ""2021-09"", ""2021-10"", ""2021-11"", ""2021-12"", ""2022-01"", ""2022-02"", ""2022-03"", ""2022-04"", ""2022-05"", ""2022-06"", ""2022-07"", ""2022-08"", ""2022-09"", ""2022-10"", ""2022-11"", ""2022-12"", ""2023-01"", ""2023-02"", ""2023-03"", ""2023-04"", ""2023-05"", ""2023-06"", ""2023-07"", ""2023-08"", ""2023-09"", ""2023-10"", ""2023-11"", ""2023-12"", ""2024-01"", ""2024-02"", ""2024-03"", ""2024-04"", ""2024-05"", ""2024-06"", ""2024-07"", ""2024-08"", ""2024-09"", ""2024-10"", ""2024-11"", ""2024-12"", ""2025-01"", ""2025-02"", ""2025-03"", ""2025-04"", ""2025-05"", ""2025-06""]",latest_factor_input; full historical cells retained in factor design,1,2025Q1,,2025-06-29 00:00:00,761.73635349621145,2025Q2,False,False,False,False,No future reference-period timing under stated assumptions; historical revision leakage cannot be ruled out. FDI revised diagnostic only.
B5_120D,2025-07-31 00:00:00,2025Q3,H1,2025-06,,2025-07-25 00:00:00,27.886194878409931,"[""2019-01"", ""2019-02"", ""2019-03"", ""2019-04"", ""2019-05"", ""2019-06"", ""2019-07"", ""2019-08"", ""2019-09"", ""2019-10"", ""2019-11"", ""2019-12"", ""2020-01"", ""2020-02"", ""2020-03"", ""2020-04"", ""2020-05"", ""2020-06"", ""2020-07"", ""2020-08"", ""2020-09"", ""2020-10"", ""2020-11"", ""2020-12"", ""2021-01"", ""2021-02"", ""2021-03"", ""2021-04"", ""2021-05"", ""2021-06"", ""2021-07"", ""2021-08"", ""2021-09"", ""2021-10"", ""2021-11"", ""2021-12"", ""2022-01"", ""2022-02"", ""2022-03"", ""2022-04"", ""2022-05"", ""2022-06"", ""2022-07"", ""2022-08"", ""2022-09"", ""2022-10"", ""2022-11"", ""2022-12"", ""2023-01"", ""2023-02"", ""2023-03"", ""2023-04"", ""2023-05"", ""2023-06"", ""2023-07"", ""2023-08"", ""2023-09"", ""2023-10"", ""2023-11"", ""2023-12"", ""2024-01"", ""2024-02"", ""2024-03"", ""2024-04"", ""2024-05"", ""2024-06"", ""2024-07"", ""2024-08"", ""2024-09"", ""2024-10"", ""2024-11"", ""2024-12"", ""2025-01"", ""2025-02"", ""2025-03"", ""2025-04"", ""2025-05"", ""2025-06""]",latest_factor_input; full historical cells retained in factor design,1,2025Q1,,2025-07-29 00:00:00,761.73635349621145,2025Q2,False,False,False,False,No future reference-period timing under stated assumptions; historical revision leakage cannot be ruled out. FDI revised diagnostic only.
M0,2025-08-31 00:00:00,2025Q3,H2,2025-07,,2025-08-25 00:00:00,26.518717875312703,"[""2019-01"", ""2019-02"", ""2019-03"", ""2019-04"", ""2019-05"", ""2019-06"", ""2019-07"", ""2019-08"", ""2019-09"", ""2019-10"", ""2019-11"", ""2019-12"", ""2020-01"", ""2020-02"", ""2020-03"", ""2020-04"", ""2020-05"", ""2020-06"", ""2020-07"", ""2020-08"", ""2020-09"", ""2020-10"", ""2020-11"", ""2020-12"", ""2021-01"", ""2021-02"", ""2021-03"", ""2021-04"", ""2021-05"", ""2021-06"", ""2021-07"", ""2021-08"", ""2021-09"", ""2021-10"", ""2021-11"", ""2021-12"", ""2022-01"", ""2022-02"", ""2022-03"", ""2022-04"", ""2022-05"", ""2022-06"", ""2022-07"", ""2022-08"", ""2022-09"", ""2022-10"", ""2022-11"", ""2022-12"", ""2023-01"", ""2023-02"", ""2023-03"", ""2023-04"", ""2023-05"", ""2023-06"", ""2023-07"", ""2023-08"", ""2023-09"", ""2023-10"", ""2023-11"", ""2023-12"", ""2024-01"", ""2024-02"", ""2024-03"", ""2024-04"", ""2024-05"", ""2024-06"", ""2024-07"", ""2024-08"", ""2024-09"", ""2024-10"", ""2024-11"", ""2024-12"", ""2025-01"", ""2025-02"", ""2025-03"", ""2025-04"", ""2025-05"", ""2025-06"", ""2025-07""]",latest_factor_input; full historical cells retained in factor design,0,,,,,2025Q2,False,False,False,False,Historical M2 vintages incomplete; revised-snapshot pseudo-real-time only.
M1,2025-08-31 00:00:00,2025Q3,H2,2025-07,,2025-08-25 00:00:00,26.518717875312703,"[""2019-01"", ""2019-02"", ""2019-03"", ""2019-04"", ""2019-05"", ""2019-06"", ""2019-07"", ""2019-08"", ""2019-09"", ""2019-10"", ""2019-11"", ""2019-12"", ""2020-01"", ""2020-02"", ""2020-03"", ""2020-04"", ""2020-05"", ""2020-06"", ""2020-07"", ""2020-08"", ""2020-09"", ""2020-10"", ""2020-11"", ""2020-12"", ""2021-01"", ""2021-02"", ""2021-03"", ""2021-04"", ""2021-05"", ""2021-06"", ""2021-07"", ""2021-08"", ""2021-09"", ""2021-10"", ""2021-11"", ""2021-12"", ""2022-01"", ""2022-02"", ""2022-03"", ""2022-04"", ""2022-05"", ""2022-06"", ""2022-07"", ""2022-08"", ""2022-09"", ""2022-10"", ""2022-11"", ""2022-12"", ""2023-01"", ""2023-02"", ""2023-03"", ""2023-04"", ""2023-05"", ""2023-06"", ""2023-07"", ""2023-08"", ""2023-09"", ""2023-10"", ""2023-11"", ""2023-12"", ""2024-01"", ""2024-02"", ""2024-03"", ""2024-04"", ""2024-05"", ""2024-06"", ""2024-07"", ""2024-08"", ""2024-09"", ""2024-10"", ""2024-11"", ""2024-12"", ""2025-01"", ""2025-02"", ""2025-03"", ""2025-04"", ""2025-05"", ""2025-06"", ""2025-07""]",latest_factor_input; full historical cells retained in factor design,1,,,,,2025Q2,False,False,False,False,Historical M2 vintages incomplete; revised-snapshot pseudo-real-time only.
M2,2025-08-31 00:00:00,2025Q3,H2,2025-07,,2025-08-25 00:00:00,27.886194878409931,"[""2019-01"", ""2019-02"", ""2019-03"", ""2019-04"", ""2019-05"", ""2019-06"", ""2019-07"", ""2019-08"", ""2019-09"", ""2019-10"", ""2019-11"", ""2019-12"", ""2020-01"", ""2020-02"", ""2020-03"", ""2020-04"", ""2020-05"", ""2020-06"", ""2020-07"", ""2020-08"", ""2020-09"", ""2020-10"", ""2020-11"", ""2020-12"", ""2021-01"", ""2021-02"", ""2021-03"", ""2021-04"", ""2021-05"", ""2021-06"", ""2021-07"", ""2021-08"", ""2021-09"", ""2021-10"", ""2021-11"", ""2021-12"", ""2022-01"", ""2022-02"", ""2022-03"", ""2022-04"", ""2022-05"", ""2022-06"", ""2022-07"", ""2022-08"", ""2022-09"", ""2022-10"", ""2022-11"", ""2022-12"", ""2023-01"", ""2023-02"", ""2023-03"", ""2023-04"", ""2023-05"", ""2023-06"", ""2023-07"", ""2023-08"", ""2023-09"", ""2023-10"", ""2023-11"", ""2023-12"", ""2024-01"", ""2024-02"", ""2024-03"", ""2024-04"", ""2024-05"", ""2024-06"", ""2024-07"", ""2024-08"", ""2024-09"", ""2024-10"", ""2024-11"", ""2024-12"", ""2025-01"", ""2025-02"", ""2025-03"", ""2025-04"", ""2025-05"", ""2025-06""]",latest_factor_input; full historical cells retained in factor design,2,,,,,2025Q2,False,False,False,False,Historical M2 vintages incomplete; revised-snapshot pseudo-real-time only.
B1,2025-08-31 00:00:00,2025Q3,H2,2025-07,,2025-08-25 00:00:00,27.202456376861317,"[""2025-06"", ""2025-07""]",quarter_mean_lagged_bridge_regressor,1,,,,,2025Q2,False,False,False,False,Historical M2 vintages incomplete; revised-snapshot pseudo-real-time only.
B2,2025-08-31 00:00:00,2025Q3,H2,2025-07,,2025-08-25 00:00:00,27.592581134918067,"[""2025-05"", ""2025-06"", ""2025-07""]",quarter_mean_lagged_bridge_regressor,2,,,,,2025Q2,False,False,False,False,Historical M2 vintages incomplete; revised-snapshot pseudo-real-time only.
B3,2025-08-31 00:00:00,2025Q3,H2,2025-07,,2025-08-25 00:00:00,27.202456376861317,"[""2025-06"", ""2025-07""]",quarter_mean_lagged_bridge_regressor,1,2025Q1,,2025-06-29 00:00:00,761.73635349621145,2025Q2,False,False,False,False,No future reference-period timing under stated assumptions; historical revision leakage cannot be ruled out. FDI revised diagnostic only.
B3_120D,2025-08-31 00:00:00,2025Q3,H2,2025-07,,2025-08-25 00:00:00,27.202456376861317,"[""2025-06"", ""2025-07""]",quarter_mean_lagged_bridge_regressor,1,2025Q1,,2025-07-29 00:00:00,761.73635349621145,2025Q2,False,False,False,False,No future reference-period timing under stated assumptions; historical revision leakage cannot be ruled out. FDI revised diagnostic only.
B4,2025-08-31 00:00:00,2025Q3,H2,2025-07,,2025-08-25 00:00:00,27.202456376861317,"[""2025-06"", ""2025-07""]",quarter_mean_lagged_bridge_regressor,1,2024Q4,,2025-03-31 00:00:00,1174.1784529404117,2025Q2,False,False,False,False,No future reference-period timing under stated assumptions; historical revision leakage cannot be ruled out. FDI revised diagnostic only.
B4_120D,2025-08-31 00:00:00,2025Q3,H2,2025-07,,2025-08-25 00:00:00,27.202456376861317,"[""2025-06"", ""2025-07""]",quarter_mean_lagged_bridge_regressor,1,2024Q4,,2025-04-30 00:00:00,1174.1784529404117,2025Q2,False,False,False,False,No future reference-period timing under stated assumptions; historical revision leakage cannot be ruled out. FDI revised diagnostic only.
B5,2025-08-31 00:00:00,2025Q3,H2,2025-07,,2025-08-25 00:00:00,26.518717875312703,"[""2019-01"", ""2019-02"", ""2019-03"", ""2019-04"", ""2019-05"", ""2019-06"", ""2019-07"", ""2019-08"", ""2019-09"", ""2019-10"", ""2019-11"", ""2019-12"", ""2020-01"", ""2020-02"", ""2020-03"", ""2020-04"", ""2020-05"", ""2020-06"", ""2020-07"", ""2020-08"", ""2020-09"", ""2020-10"", ""2020-11"", ""2020-12"", ""2021-01"", ""2021-02"", ""2021-03"", ""2021-04"", ""2021-05"", ""2021-06"", ""2021-07"", ""2021-08"", ""2021-09"", ""2021-10"", ""2021-11"", ""2021-12"", ""2022-01"", ""2022-02"", ""2022-03"", ""2022-04"", ""2022-05"", ""2022-06"", ""2022-07"", ""2022-08"", ""2022-09"", ""2022-10"", ""2022-11"", ""2022-12"", ""2023-01"", ""2023-02"", ""2023-03"", ""2023-04"", ""2023-05"", ""2023-06"", ""2023-07"", ""2023-08"", ""2023-09"", ""2023-10"", ""2023-11"", ""2023-12"", ""2024-01"", ""2024-02"", ""2024-03"", ""2024-04"", ""2024-05"", ""2024-06"", ""2024-07"", ""2024-08"", ""2024-09"", ""2024-10"", ""2024-11"", ""2024-12"", ""2025-01"", ""2025-02"", ""2025-03"", ""2025-04"", ""2025-05"", ""2025-06"", ""2025-07""]",latest_factor_input; full historical cells retained in factor design,1,2025Q1,,2025-06-29 00:00:00,761.73635349621145,2025Q2,False,False,False,False,No future reference-period timing under stated assumptions; historical revision leakage cannot be ruled out. FDI revised diagnostic only.
B5_120D,2025-08-31 00:00:00,2025Q3,H2,2025-07,,2025-08-25 00:00:00,26.518717875312703,"[""2019-01"", ""2019-02"", ""2019-03"", ""2019-04"", ""2019-05"", ""2019-06"", ""2019-07"", ""2019-08"", ""2019-09"", ""2019-10"", ""2019-11"", ""2019-12"", ""2020-01"", ""2020-02"", ""2020-03"", ""2020-04"", ""2020-05"", ""2020-06"", ""2020-07"", ""2020-08"", ""2020-09"", ""2020-10"", ""2020-11"", ""2020-12"", ""2021-01"", ""2021-02"", ""2021-03"", ""2021-04"", ""2021-05"", ""2021-06"", ""2021-07"", ""2021-08"", ""2021-09"", ""2021-10"", ""2021-11"", ""2021-12"", ""2022-01"", ""2022-02"", ""2022-03"", ""2022-04"", ""2022-05"", ""2022-06"", ""2022-07"", ""2022-08"", ""2022-09"", ""2022-10"", ""2022-11"", ""2022-12"", ""2023-01"", ""2023-02"", ""2023-03"", ""2023-04"", ""2023-05"", ""2023-06"", ""2023-07"", ""2023-08"", ""2023-09"", ""2023-10"", ""2023-11"", ""2023-12"", ""2024-01"", ""2024-02"", ""2024-03"", ""2024-04"", ""2024-05"", ""2024-06"", ""2024-07"", ""2024-08"", ""2024-09"", ""2024-10"", ""2024-11"", ""2024-12"", ""2025-01"", ""2025-02"", ""2025-03"", ""2025-04"", ""2025-05"", ""2025-06"", ""2025-07""]",latest_factor_input; full historical cells retained in factor design,1,2025Q1,,2025-07-29 00:00:00,761.73635349621145,2025Q2,False,False,False,False,No future reference-period timing under stated assumptions; historical revision leakage cannot be ruled out. FDI revised diagnostic only.
M0,2025-09-30 00:00:00,2025Q3,H3,2025-08,,2025-09-25 00:00:00,25.962284811634184,"[""2019-01"", ""2019-02"", ""2019-03"", ""2019-04"", ""2019-05"", ""2019-06"", ""2019-07"", ""2019-08"", ""2019-09"", ""2019-10"", ""2019-11"", ""2019-12"", ""2020-01"", ""2020-02"", ""2020-03"", ""2020-04"", ""2020-05"", ""2020-06"", ""2020-07"", ""2020-08"", ""2020-09"", ""2020-10"", ""2020-11"", ""2020-12"", ""2021-01"", ""2021-02"", ""2021-03"", ""2021-04"", ""2021-05"", ""2021-06"", ""2021-07"", ""2021-08"", ""2021-09"", ""2021-10"", ""2021-11"", ""2021-12"", ""2022-01"", ""2022-02"", ""2022-03"", ""2022-04"", ""2022-05"", ""2022-06"", ""2022-07"", ""2022-08"", ""2022-09"", ""2022-10"", ""2022-11"", ""2022-12"", ""2023-01"", ""2023-02"", ""2023-03"", ""2023-04"", ""2023-05"", ""2023-06"", ""2023-07"", ""2023-08"", ""2023-09"", ""2023-10"", ""2023-11"", ""2023-12"", ""2024-01"", ""2024-02"", ""2024-03"", ""2024-04"", ""2024-05"", ""2024-06"", ""2024-07"", ""2024-08"", ""2024-09"", ""2024-10"", ""2024-11"", ""2024-12"", ""2025-01"", ""2025-02"", ""2025-03"", ""2025-04"", ""2025-05"", ""2025-06"", ""2025-07"", ""2025-08""]",latest_factor_input; full historical cells retained in factor design,0,,,,,2025Q2,False,False,False,False,Historical M2 vintages incomplete; revised-snapshot pseudo-real-time only.
M1,2025-09-30 00:00:00,2025Q3,H3,2025-08,,2025-09-25 00:00:00,25.962284811634184,"[""2019-01"", ""2019-02"", ""2019-03"", ""2019-04"", ""2019-05"", ""2019-06"", ""2019-07"", ""2019-08"", ""2019-09"", ""2019-10"", ""2019-11"", ""2019-12"", ""2020-01"", ""2020-02"", ""2020-03"", ""2020-04"", ""2020-05"", ""2020-06"", ""2020-07"", ""2020-08"", ""2020-09"", ""2020-10"", ""2020-11"", ""2020-12"", ""2021-01"", ""2021-02"", ""2021-03"", ""2021-04"", ""2021-05"", ""2021-06"", ""2021-07"", ""2021-08"", ""2021-09"", ""2021-10"", ""2021-11"", ""2021-12"", ""2022-01"", ""2022-02"", ""2022-03"", ""2022-04"", ""2022-05"", ""2022-06"", ""2022-07"", ""2022-08"", ""2022-09"", ""2022-10"", ""2022-11"", ""2022-12"", ""2023-01"", ""2023-02"", ""2023-03"", ""2023-04"", ""2023-05"", ""2023-06"", ""2023-07"", ""2023-08"", ""2023-09"", ""2023-10"", ""2023-11"", ""2023-12"", ""2024-01"", ""2024-02"", ""2024-03"", ""2024-04"", ""2024-05"", ""2024-06"", ""2024-07"", ""2024-08"", ""2024-09"", ""2024-10"", ""2024-11"", ""2024-12"", ""2025-01"", ""2025-02"", ""2025-03"", ""2025-04"", ""2025-05"", ""2025-06"", ""2025-07"", ""2025-08""]",latest_factor_input; full historical cells retained in factor design,1,,,,,2025Q2,False,False,False,False,Historical M2 vintages incomplete; revised-snapshot pseudo-real-time only.
M2,2025-09-30 00:00:00,2025Q3,H3,2025-08,,2025-09-25 00:00:00,26.518717875312703,"[""2019-01"", ""2019-02"", ""2019-03"", ""2019-04"", ""2019-05"", ""2019-06"", ""2019-07"", ""2019-08"", ""2019-09"", ""2019-10"", ""2019-11"", ""2019-12"", ""2020-01"", ""2020-02"", ""2020-03"", ""2020-04"", ""2020-05"", ""2020-06"", ""2020-07"", ""2020-08"", ""2020-09"", ""2020-10"", ""2020-11"", ""2020-12"", ""2021-01"", ""2021-02"", ""2021-03"", ""2021-04"", ""2021-05"", ""2021-06"", ""2021-07"", ""2021-08"", ""2021-09"", ""2021-10"", ""2021-11"", ""2021-12"", ""2022-01"", ""2022-02"", ""2022-03"", ""2022-04"", ""2022-05"", ""2022-06"", ""2022-07"", ""2022-08"", ""2022-09"", ""2022-10"", ""2022-11"", ""2022-12"", ""2023-01"", ""2023-02"", ""2023-03"", ""2023-04"", ""2023-05"", ""2023-06"", ""2023-07"", ""2023-08"", ""2023-09"", ""2023-10"", ""2023-11"", ""2023-12"", ""2024-01"", ""2024-02"", ""2024-03"", ""2024-04"", ""2024-05"", ""2024-06"", ""2024-07"", ""2024-08"", ""2024-09"", ""2024-10"", ""2024-11"", ""2024-12"", ""2025-01"", ""2025-02"", ""2025-03"", ""2025-04"", ""2025-05"", ""2025-06"", ""2025-07""]",latest_factor_input; full historical cells retained in factor design,2,,,,,2025Q2,False,False,False,False,Historical M2 vintages incomplete; revised-snapshot pseudo-real-time only.
B1,2025-09-30 00:00:00,2025Q3,H3,2025-08,,2025-09-25 00:00:00,26.789065855118938,"[""2025-06"", ""2025-07"", ""2025-08""]",quarter_mean_lagged_bridge_regressor,1,,,,,2025Q2,False,False,False,False,Historical M2 vintages incomplete; revised-snapshot pseudo-real-time only.
B2,2025-09-30 00:00:00,2025Q3,H3,2025-08,,2025-09-25 00:00:00,27.592581134918067,"[""2025-05"", ""2025-06"", ""2025-07""]",quarter_mean_lagged_bridge_regressor,2,,,,,2025Q2,False,False,False,False,Historical M2 vintages incomplete; revised-snapshot pseudo-real-time only.
B3,2025-09-30 00:00:00,2025Q3,H3,2025-08,,2025-09-25 00:00:00,26.789065855118938,"[""2025-06"", ""2025-07"", ""2025-08""]",quarter_mean_lagged_bridge_regressor,1,2025Q2,,2025-09-28 00:00:00,785.25613309900427,2025Q2,False,False,False,False,No future reference-period timing under stated assumptions; historical revision leakage cannot be ruled out. FDI revised diagnostic only.
B3_120D,2025-09-30 00:00:00,2025Q3,H3,2025-08,,2025-09-25 00:00:00,26.789065855118938,"[""2025-06"", ""2025-07"", ""2025-08""]",quarter_mean_lagged_bridge_regressor,1,2025Q1,,2025-07-29 00:00:00,761.73635349621145,2025Q2,False,False,False,False,No future reference-period timing under stated assumptions; historical revision leakage cannot be ruled out. FDI revised diagnostic only.
B4,2025-09-30 00:00:00,2025Q3,H3,2025-08,,2025-09-25 00:00:00,26.789065855118938,"[""2025-06"", ""2025-07"", ""2025-08""]",quarter_mean_lagged_bridge_regressor,1,2025Q1,,2025-06-29 00:00:00,761.73635349621145,2025Q2,False,False,False,False,No future reference-period timing under stated assumptions; historical revision leakage cannot be ruled out. FDI revised diagnostic only.
B4_120D,2025-09-30 00:00:00,2025Q3,H3,2025-08,,2025-09-25 00:00:00,26.789065855118938,"[""2025-06"", ""2025-07"", ""2025-08""]",quarter_mean_lagged_bridge_regressor,1,2024Q4,,2025-04-30 00:00:00,1174.1784529404117,2025Q2,False,False,False,False,No future reference-period timing under stated assumptions; historical revision leakage cannot be ruled out. FDI revised diagnostic only.
B5,2025-09-30 00:00:00,2025Q3,H3,2025-08,,2025-09-25 00:00:00,25.962284811634184,"[""2019-01"", ""2019-02"", ""2019-03"", ""2019-04"", ""2019-05"", ""2019-06"", ""2019-07"", ""2019-08"", ""2019-09"", ""2019-10"", ""2019-11"", ""2019-12"", ""2020-01"", ""2020-02"", ""2020-03"", ""2020-04"", ""2020-05"", ""2020-06"", ""2020-07"", ""2020-08"", ""2020-09"", ""2020-10"", ""2020-11"", ""2020-12"", ""2021-01"", ""2021-02"", ""2021-03"", ""2021-04"", ""2021-05"", ""2021-06"", ""2021-07"", ""2021-08"", ""2021-09"", ""2021-10"", ""2021-11"", ""2021-12"", ""2022-01"", ""2022-02"", ""2022-03"", ""2022-04"", ""2022-05"", ""2022-06"", ""2022-07"", ""2022-08"", ""2022-09"", ""2022-10"", ""2022-11"", ""2022-12"", ""2023-01"", ""2023-02"", ""2023-03"", ""2023-04"", ""2023-05"", ""2023-06"", ""2023-07"", ""2023-08"", ""2023-09"", ""2023-10"", ""2023-11"", ""2023-12"", ""2024-01"", ""2024-02"", ""2024-03"", ""2024-04"", ""2024-05"", ""2024-06"", ""2024-07"", ""2024-08"", ""2024-09"", ""2024-10"", ""2024-11"", ""2024-12"", ""2025-01"", ""2025-02"", ""2025-03"", ""2025-04"", ""2025-05"", ""2025-06"", ""2025-07"", ""2025-08""]",latest_factor_input; full historical cells retained in factor design,1,2025Q2,,2025-09-28 00:00:00,785.25613309900427,2025Q2,False,False,False,False,No future reference-period timing under stated assumptions; historical revision leakage cannot be ruled out. FDI revised diagnostic only.
B5_120D,2025-09-30 00:00:00,2025Q3,H3,2025-08,,2025-09-25 00:00:00,25.962284811634184,"[""2019-01"", ""2019-02"", ""2019-03"", ""2019-04"", ""2019-05"", ""2019-06"", ""2019-07"", ""2019-08"", ""2019-09"", ""2019-10"", ""2019-11"", ""2019-12"", ""2020-01"", ""2020-02"", ""2020-03"", ""2020-04"", ""2020-05"", ""2020-06"", ""2020-07"", ""2020-08"", ""2020-09"", ""2020-10"", ""2020-11"", ""2020-12"", ""2021-01"", ""2021-02"", ""2021-03"", ""2021-04"", ""2021-05"", ""2021-06"", ""2021-07"", ""2021-08"", ""2021-09"", ""2021-10"", ""2021-11"", ""2021-12"", ""2022-01"", ""2022-02"", ""2022-03"", ""2022-04"", ""2022-05"", ""2022-06"", ""2022-07"", ""2022-08"", ""2022-09"", ""2022-10"", ""2022-11"", ""2022-12"", ""2023-01"", ""2023-02"", ""2023-03"", ""2023-04"", ""2023-05"", ""2023-06"", ""2023-07"", ""2023-08"", ""2023-09"", ""2023-10"", ""2023-11"", ""2023-12"", ""2024-01"", ""2024-02"", ""2024-03"", ""2024-04"", ""2024-05"", ""2024-06"", ""2024-07"", ""2024-08"", ""2024-09"", ""2024-10"", ""2024-11"", ""2024-12"", ""2025-01"", ""2025-02"", ""2025-03"", ""2025-04"", ""2025-05"", ""2025-06"", ""2025-07"", ""2025-08""]",latest_factor_input; full historical cells retained in factor design,1,2025Q1,,2025-07-29 00:00:00,761.73635349621145,2025Q2,False,False,False,False,No future reference-period timing under stated assumptions; historical revision leakage cannot be ruled out. FDI revised diagnostic only.
M0,2025-10-31 00:00:00,2025Q4,H1,2025-09,,2025-10-25 00:00:00,26.44579910765863,"[""2019-01"", ""2019-02"", ""2019-03"", ""2019-04"", ""2019-05"", ""2019-06"", ""2019-07"", ""2019-08"", ""2019-09"", ""2019-10"", ""2019-11"", ""2019-12"", ""2020-01"", ""2020-02"", ""2020-03"", ""2020-04"", ""2020-05"", ""2020-06"", ""2020-07"", ""2020-08"", ""2020-09"", ""2020-10"", ""2020-11"", ""2020-12"", ""2021-01"", ""2021-02"", ""2021-03"", ""2021-04"", ""2021-05"", ""2021-06"", ""2021-07"", ""2021-08"", ""2021-09"", ""2021-10"", ""2021-11"", ""2021-12"", ""2022-01"", ""2022-02"", ""2022-03"", ""2022-04"", ""2022-05"", ""2022-06"", ""2022-07"", ""2022-08"", ""2022-09"", ""2022-10"", ""2022-11"", ""2022-12"", ""2023-01"", ""2023-02"", ""2023-03"", ""2023-04"", ""2023-05"", ""2023-06"", ""2023-07"", ""2023-08"", ""2023-09"", ""2023-10"", ""2023-11"", ""2023-12"", ""2024-01"", ""2024-02"", ""2024-03"", ""2024-04"", ""2024-05"", ""2024-06"", ""2024-07"", ""2024-08"", ""2024-09"", ""2024-10"", ""2024-11"", ""2024-12"", ""2025-01"", ""2025-02"", ""2025-03"", ""2025-04"", ""2025-05"", ""2025-06"", ""2025-07"", ""2025-08"", ""2025-09""]",latest_factor_input; full historical cells retained in factor design,0,,,,,2025Q3,False,False,False,False,Historical M2 vintages incomplete; revised-snapshot pseudo-real-time only.
M1,2025-10-31 00:00:00,2025Q4,H1,2025-09,,2025-10-25 00:00:00,26.44579910765863,"[""2019-01"", ""2019-02"", ""2019-03"", ""2019-04"", ""2019-05"", ""2019-06"", ""2019-07"", ""2019-08"", ""2019-09"", ""2019-10"", ""2019-11"", ""2019-12"", ""2020-01"", ""2020-02"", ""2020-03"", ""2020-04"", ""2020-05"", ""2020-06"", ""2020-07"", ""2020-08"", ""2020-09"", ""2020-10"", ""2020-11"", ""2020-12"", ""2021-01"", ""2021-02"", ""2021-03"", ""2021-04"", ""2021-05"", ""2021-06"", ""2021-07"", ""2021-08"", ""2021-09"", ""2021-10"", ""2021-11"", ""2021-12"", ""2022-01"", ""2022-02"", ""2022-03"", ""2022-04"", ""2022-05"", ""2022-06"", ""2022-07"", ""2022-08"", ""2022-09"", ""2022-10"", ""2022-11"", ""2022-12"", ""2023-01"", ""2023-02"", ""2023-03"", ""2023-04"", ""2023-05"", ""2023-06"", ""2023-07"", ""2023-08"", ""2023-09"", ""2023-10"", ""2023-11"", ""2023-12"", ""2024-01"", ""2024-02"", ""2024-03"", ""2024-04"", ""2024-05"", ""2024-06"", ""2024-07"", ""2024-08"", ""2024-09"", ""2024-10"", ""2024-11"", ""2024-12"", ""2025-01"", ""2025-02"", ""2025-03"", ""2025-04"", ""2025-05"", ""2025-06"", ""2025-07"", ""2025-08"", ""2025-09""]",latest_factor_input; full historical cells retained in factor design,1,,,,,2025Q3,False,False,False,False,Historical M2 vintages incomplete; revised-snapshot pseudo-real-time only.
M2,2025-10-31 00:00:00,2025Q4,H1,2025-09,,2025-10-25 00:00:00,25.962284811634184,"[""2019-01"", ""2019-02"", ""2019-03"", ""2019-04"", ""2019-05"", ""2019-06"", ""2019-07"", ""2019-08"", ""2019-09"", ""2019-10"", ""2019-11"", ""2019-12"", ""2020-01"", ""2020-02"", ""2020-03"", ""2020-04"", ""2020-05"", ""2020-06"", ""2020-07"", ""2020-08"", ""2020-09"", ""2020-10"", ""2020-11"", ""2020-12"", ""2021-01"", ""2021-02"", ""2021-03"", ""2021-04"", ""2021-05"", ""2021-06"", ""2021-07"", ""2021-08"", ""2021-09"", ""2021-10"", ""2021-11"", ""2021-12"", ""2022-01"", ""2022-02"", ""2022-03"", ""2022-04"", ""2022-05"", ""2022-06"", ""2022-07"", ""2022-08"", ""2022-09"", ""2022-10"", ""2022-11"", ""2022-12"", ""2023-01"", ""2023-02"", ""2023-03"", ""2023-04"", ""2023-05"", ""2023-06"", ""2023-07"", ""2023-08"", ""2023-09"", ""2023-10"", ""2023-11"", ""2023-12"", ""2024-01"", ""2024-02"", ""2024-03"", ""2024-04"", ""2024-05"", ""2024-06"", ""2024-07"", ""2024-08"", ""2024-09"", ""2024-10"", ""2024-11"", ""2024-12"", ""2025-01"", ""2025-02"", ""2025-03"", ""2025-04"", ""2025-05"", ""2025-06"", ""2025-07"", ""2025-08""]",latest_factor_input; full historical cells retained in factor design,2,,,,,2025Q3,False,False,False,False,Historical M2 vintages incomplete; revised-snapshot pseudo-real-time only.
B1,2025-10-31 00:00:00,2025Q4,H1,2025-09,,2025-10-25 00:00:00,26.44579910765863,"[""2025-09""]",quarter_mean_lagged_bridge_regressor,1,,,,,2025Q3,False,False,False,False,Historical M2 vintages incomplete; revised-snapshot pseudo-real-time only.
B2,2025-10-31 00:00:00,2025Q4,H1,2025-09,,2025-10-25 00:00:00,26.204041959646407,"[""2025-08"", ""2025-09""]",quarter_mean_lagged_bridge_regressor,2,,,,,2025Q3,False,False,False,False,Historical M2 vintages incomplete; revised-snapshot pseudo-real-time only.
B3,2025-10-31 00:00:00,2025Q4,H1,2025-09,,2025-10-25 00:00:00,26.44579910765863,"[""2025-09""]",quarter_mean_lagged_bridge_regressor,1,2025Q2,,2025-09-28 00:00:00,785.25613309900427,2025Q3,False,False,False,False,No future reference-period timing under stated assumptions; historical revision leakage cannot be ruled out. FDI revised diagnostic only.
B3_120D,2025-10-31 00:00:00,2025Q4,H1,2025-09,,2025-10-25 00:00:00,26.44579910765863,"[""2025-09""]",quarter_mean_lagged_bridge_regressor,1,2025Q2,,2025-10-28 00:00:00,785.25613309900427,2025Q3,False,False,False,False,No future reference-period timing under stated assumptions; historical revision leakage cannot be ruled out. FDI revised diagnostic only.
B4,2025-10-31 00:00:00,2025Q4,H1,2025-09,,2025-10-25 00:00:00,26.44579910765863,"[""2025-09""]",quarter_mean_lagged_bridge_regressor,1,2025Q1,,2025-06-29 00:00:00,761.73635349621145,2025Q3,False,False,False,False,No future reference-period timing under stated assumptions; historical revision leakage cannot be ruled out. FDI revised diagnostic only.
B4_120D,2025-10-31 00:00:00,2025Q4,H1,2025-09,,2025-10-25 00:00:00,26.44579910765863,"[""2025-09""]",quarter_mean_lagged_bridge_regressor,1,2025Q1,,2025-07-29 00:00:00,761.73635349621145,2025Q3,False,False,False,False,No future reference-period timing under stated assumptions; historical revision leakage cannot be ruled out. FDI revised diagnostic only.
B5,2025-10-31 00:00:00,2025Q4,H1,2025-09,,2025-10-25 00:00:00,26.44579910765863,"[""2019-01"", ""2019-02"", ""2019-03"", ""2019-04"", ""2019-05"", ""2019-06"", ""2019-07"", ""2019-08"", ""2019-09"", ""2019-10"", ""2019-11"", ""2019-12"", ""2020-01"", ""2020-02"", ""2020-03"", ""2020-04"", ""2020-05"", ""2020-06"", ""2020-07"", ""2020-08"", ""2020-09"", ""2020-10"", ""2020-11"", ""2020-12"", ""2021-01"", ""2021-02"", ""2021-03"", ""2021-04"", ""2021-05"", ""2021-06"", ""2021-07"", ""2021-08"", ""2021-09"", ""2021-10"", ""2021-11"", ""2021-12"", ""2022-01"", ""2022-02"", ""2022-03"", ""2022-04"", ""2022-05"", ""2022-06"", ""2022-07"", ""2022-08"", ""2022-09"", ""2022-10"", ""2022-11"", ""2022-12"", ""2023-01"", ""2023-02"", ""2023-03"", ""2023-04"", ""2023-05"", ""2023-06"", ""2023-07"", ""2023-08"", ""2023-09"", ""2023-10"", ""2023-11"", ""2023-12"", ""2024-01"", ""2024-02"", ""2024-03"", ""2024-04"", ""2024-05"", ""2024-06"", ""2024-07"", ""2024-08"", ""2024-09"", ""2024-10"", ""2024-11"", ""2024-12"", ""2025-01"", ""2025-02"", ""2025-03"", ""2025-04"", ""2025-05"", ""2025-06"", ""2025-07"", ""2025-08"", ""2025-09""]",latest_factor_input; full historical cells retained in factor design,1,2025Q2,,2025-09-28 00:00:00,785.25613309900427,2025Q3,False,False,False,False,No future reference-period timing under stated assumptions; historical revision leakage cannot be ruled out. FDI revised diagnostic only.
B5_120D,2025-10-31 00:00:00,2025Q4,H1,2025-09,,2025-10-25 00:00:00,26.44579910765863,"[""2019-01"", ""2019-02"", ""2019-03"", ""2019-04"", ""2019-05"", ""2019-06"", ""2019-07"", ""2019-08"", ""2019-09"", ""2019-10"", ""2019-11"", ""2019-12"", ""2020-01"", ""2020-02"", ""2020-03"", ""2020-04"", ""2020-05"", ""2020-06"", ""2020-07"", ""2020-08"", ""2020-09"", ""2020-10"", ""2020-11"", ""2020-12"", ""2021-01"", ""2021-02"", ""2021-03"", ""2021-04"", ""2021-05"", ""2021-06"", ""2021-07"", ""2021-08"", ""2021-09"", ""2021-10"", ""2021-11"", ""2021-12"", ""2022-01"", ""2022-02"", ""2022-03"", ""2022-04"", ""2022-05"", ""2022-06"", ""2022-07"", ""2022-08"", ""2022-09"", ""2022-10"", ""2022-11"", ""2022-12"", ""2023-01"", ""2023-02"", ""2023-03"", ""2023-04"", ""2023-05"", ""2023-06"", ""2023-07"", ""2023-08"", ""2023-09"", ""2023-10"", ""2023-11"", ""2023-12"", ""2024-01"", ""2024-02"", ""2024-03"", ""2024-04"", ""2024-05"", ""2024-06"", ""2024-07"", ""2024-08"", ""2024-09"", ""2024-10"", ""2024-11"", ""2024-12"", ""2025-01"", ""2025-02"", ""2025-03"", ""2025-04"", ""2025-05"", ""2025-06"", ""2025-07"", ""2025-08"", ""2025-09""]",latest_factor_input; full historical cells retained in factor design,1,2025Q2,,2025-10-28 00:00:00,785.25613309900427,2025Q3,False,False,False,False,No future reference-period timing under stated assumptions; historical revision leakage cannot be ruled out. FDI revised diagnostic only.
M0,2025-11-30 00:00:00,2025Q4,H2,2025-10,,2025-11-25 00:00:00,26.290790572545042,"[""2019-01"", ""2019-02"", ""2019-03"", ""2019-04"", ""2019-05"", ""2019-06"", ""2019-07"", ""2019-08"", ""2019-09"", ""2019-10"", ""2019-11"", ""2019-12"", ""2020-01"", ""2020-02"", ""2020-03"", ""2020-04"", ""2020-05"", ""2020-06"", ""2020-07"", ""2020-08"", ""2020-09"", ""2020-10"", ""2020-11"", ""2020-12"", ""2021-01"", ""2021-02"", ""2021-03"", ""2021-04"", ""2021-05"", ""2021-06"", ""2021-07"", ""2021-08"", ""2021-09"", ""2021-10"", ""2021-11"", ""2021-12"", ""2022-01"", ""2022-02"", ""2022-03"", ""2022-04"", ""2022-05"", ""2022-06"", ""2022-07"", ""2022-08"", ""2022-09"", ""2022-10"", ""2022-11"", ""2022-12"", ""2023-01"", ""2023-02"", ""2023-03"", ""2023-04"", ""2023-05"", ""2023-06"", ""2023-07"", ""2023-08"", ""2023-09"", ""2023-10"", ""2023-11"", ""2023-12"", ""2024-01"", ""2024-02"", ""2024-03"", ""2024-04"", ""2024-05"", ""2024-06"", ""2024-07"", ""2024-08"", ""2024-09"", ""2024-10"", ""2024-11"", ""2024-12"", ""2025-01"", ""2025-02"", ""2025-03"", ""2025-04"", ""2025-05"", ""2025-06"", ""2025-07"", ""2025-08"", ""2025-09"", ""2025-10""]",latest_factor_input; full historical cells retained in factor design,0,,,,,2025Q3,False,False,False,False,Historical M2 vintages incomplete; revised-snapshot pseudo-real-time only.
M1,2025-11-30 00:00:00,2025Q4,H2,2025-10,,2025-11-25 00:00:00,26.290790572545042,"[""2019-01"", ""2019-02"", ""2019-03"", ""2019-04"", ""2019-05"", ""2019-06"", ""2019-07"", ""2019-08"", ""2019-09"", ""2019-10"", ""2019-11"", ""2019-12"", ""2020-01"", ""2020-02"", ""2020-03"", ""2020-04"", ""2020-05"", ""2020-06"", ""2020-07"", ""2020-08"", ""2020-09"", ""2020-10"", ""2020-11"", ""2020-12"", ""2021-01"", ""2021-02"", ""2021-03"", ""2021-04"", ""2021-05"", ""2021-06"", ""2021-07"", ""2021-08"", ""2021-09"", ""2021-10"", ""2021-11"", ""2021-12"", ""2022-01"", ""2022-02"", ""2022-03"", ""2022-04"", ""2022-05"", ""2022-06"", ""2022-07"", ""2022-08"", ""2022-09"", ""2022-10"", ""2022-11"", ""2022-12"", ""2023-01"", ""2023-02"", ""2023-03"", ""2023-04"", ""2023-05"", ""2023-06"", ""2023-07"", ""2023-08"", ""2023-09"", ""2023-10"", ""2023-11"", ""2023-12"", ""2024-01"", ""2024-02"", ""2024-03"", ""2024-04"", ""2024-05"", ""2024-06"", ""2024-07"", ""2024-08"", ""2024-09"", ""2024-10"", ""2024-11"", ""2024-12"", ""2025-01"", ""2025-02"", ""2025-03"", ""2025-04"", ""2025-05"", ""2025-06"", ""2025-07"", ""2025-08"", ""2025-09"", ""2025-10""]",latest_factor_input; full historical cells retained in factor design,1,,,,,2025Q3,False,False,False,False,Historical M2 vintages incomplete; revised-snapshot pseudo-real-time only.
M2,2025-11-30 00:00:00,2025Q4,H2,2025-10,,2025-11-25 00:00:00,26.44579910765863,"[""2019-01"", ""2019-02"", ""2019-03"", ""2019-04"", ""2019-05"", ""2019-06"", ""2019-07"", ""2019-08"", ""2019-09"", ""2019-10"", ""2019-11"", ""2019-12"", ""2020-01"", ""2020-02"", ""2020-03"", ""2020-04"", ""2020-05"", ""2020-06"", ""2020-07"", ""2020-08"", ""2020-09"", ""2020-10"", ""2020-11"", ""2020-12"", ""2021-01"", ""2021-02"", ""2021-03"", ""2021-04"", ""2021-05"", ""2021-06"", ""2021-07"", ""2021-08"", ""2021-09"", ""2021-10"", ""2021-11"", ""2021-12"", ""2022-01"", ""2022-02"", ""2022-03"", ""2022-04"", ""2022-05"", ""2022-06"", ""2022-07"", ""2022-08"", ""2022-09"", ""2022-10"", ""2022-11"", ""2022-12"", ""2023-01"", ""2023-02"", ""2023-03"", ""2023-04"", ""2023-05"", ""2023-06"", ""2023-07"", ""2023-08"", ""2023-09"", ""2023-10"", ""2023-11"", ""2023-12"", ""2024-01"", ""2024-02"", ""2024-03"", ""2024-04"", ""2024-05"", ""2024-06"", ""2024-07"", ""2024-08"", ""2024-09"", ""2024-10"", ""2024-11"", ""2024-12"", ""2025-01"", ""2025-02"", ""2025-03"", ""2025-04"", ""2025-05"", ""2025-06"", ""2025-07"", ""2025-08"", ""2025-09""]",latest_factor_input; full historical cells retained in factor design,2,,,,,2025Q3,False,False,False,False,Historical M2 vintages incomplete; revised-snapshot pseudo-real-time only.
B1,2025-11-30 00:00:00,2025Q4,H2,2025-10,,2025-11-25 00:00:00,26.368294840101836,"[""2025-09"", ""2025-10""]",quarter_mean_lagged_bridge_regressor,1,,,,,2025Q3,False,False,False,False,Historical M2 vintages incomplete; revised-snapshot pseudo-real-time only.
B2,2025-11-30 00:00:00,2025Q4,H2,2025-10,,2025-11-25 00:00:00,26.232958163945952,"[""2025-08"", ""2025-09"", ""2025-10""]",quarter_mean_lagged_bridge_regressor,2,,,,,2025Q3,False,False,False,False,Historical M2 vintages incomplete; revised-snapshot pseudo-real-time only.
B3,2025-11-30 00:00:00,2025Q4,H2,2025-10,,2025-11-25 00:00:00,26.368294840101836,"[""2025-09"", ""2025-10""]",quarter_mean_lagged_bridge_regressor,1,2025Q2,,2025-09-28 00:00:00,785.25613309900427,2025Q3,False,False,False,False,No future reference-period timing under stated assumptions; historical revision leakage cannot be ruled out. FDI revised diagnostic only.
B3_120D,2025-11-30 00:00:00,2025Q4,H2,2025-10,,2025-11-25 00:00:00,26.368294840101836,"[""2025-09"", ""2025-10""]",quarter_mean_lagged_bridge_regressor,1,2025Q2,,2025-10-28 00:00:00,785.25613309900427,2025Q3,False,False,False,False,No future reference-period timing under stated assumptions; historical revision leakage cannot be ruled out. FDI revised diagnostic only.
B4,2025-11-30 00:00:00,2025Q4,H2,2025-10,,2025-11-25 00:00:00,26.368294840101836,"[""2025-09"", ""2025-10""]",quarter_mean_lagged_bridge_regressor,1,2025Q1,,2025-06-29 00:00:00,761.73635349621145,2025Q3,False,False,False,False,No future reference-period timing under stated assumptions; historical revision leakage cannot be ruled out. FDI revised diagnostic only.
B4_120D,2025-11-30 00:00:00,2025Q4,H2,2025-10,,2025-11-25 00:00:00,26.368294840101836,"[""2025-09"", ""2025-10""]",quarter_mean_lagged_bridge_regressor,1,2025Q1,,2025-07-29 00:00:00,761.73635349621145,2025Q3,False,False,False,False,No future reference-period timing under stated assumptions; historical revision leakage cannot be ruled out. FDI revised diagnostic only.
B5,2025-11-30 00:00:00,2025Q4,H2,2025-10,,2025-11-25 00:00:00,26.290790572545042,"[""2019-01"", ""2019-02"", ""2019-03"", ""2019-04"", ""2019-05"", ""2019-06"", ""2019-07"", ""2019-08"", ""2019-09"", ""2019-10"", ""2019-11"", ""2019-12"", ""2020-01"", ""2020-02"", ""2020-03"", ""2020-04"", ""2020-05"", ""2020-06"", ""2020-07"", ""2020-08"", ""2020-09"", ""2020-10"", ""2020-11"", ""2020-12"", ""2021-01"", ""2021-02"", ""2021-03"", ""2021-04"", ""2021-05"", ""2021-06"", ""2021-07"", ""2021-08"", ""2021-09"", ""2021-10"", ""2021-11"", ""2021-12"", ""2022-01"", ""2022-02"", ""2022-03"", ""2022-04"", ""2022-05"", ""2022-06"", ""2022-07"", ""2022-08"", ""2022-09"", ""2022-10"", ""2022-11"", ""2022-12"", ""2023-01"", ""2023-02"", ""2023-03"", ""2023-04"", ""2023-05"", ""2023-06"", ""2023-07"", ""2023-08"", ""2023-09"", ""2023-10"", ""2023-11"", ""2023-12"", ""2024-01"", ""2024-02"", ""2024-03"", ""2024-04"", ""2024-05"", ""2024-06"", ""2024-07"", ""2024-08"", ""2024-09"", ""2024-10"", ""2024-11"", ""2024-12"", ""2025-01"", ""2025-02"", ""2025-03"", ""2025-04"", ""2025-05"", ""2025-06"", ""2025-07"", ""2025-08"", ""2025-09"", ""2025-10""]",latest_factor_input; full historical cells retained in factor design,1,2025Q2,,2025-09-28 00:00:00,785.25613309900427,2025Q3,False,False,False,False,No future reference-period timing under stated assumptions; historical revision leakage cannot be ruled out. FDI revised diagnostic only.
B5_120D,2025-11-30 00:00:00,2025Q4,H2,2025-10,,2025-11-25 00:00:00,26.290790572545042,"[""2019-01"", ""2019-02"", ""2019-03"", ""2019-04"", ""2019-05"", ""2019-06"", ""2019-07"", ""2019-08"", ""2019-09"", ""2019-10"", ""2019-11"", ""2019-12"", ""2020-01"", ""2020-02"", ""2020-03"", ""2020-04"", ""2020-05"", ""2020-06"", ""2020-07"", ""2020-08"", ""2020-09"", ""2020-10"", ""2020-11"", ""2020-12"", ""2021-01"", ""2021-02"", ""2021-03"", ""2021-04"", ""2021-05"", ""2021-06"", ""2021-07"", ""2021-08"", ""2021-09"", ""2021-10"", ""2021-11"", ""2021-12"", ""2022-01"", ""2022-02"", ""2022-03"", ""2022-04"", ""2022-05"", ""2022-06"", ""2022-07"", ""2022-08"", ""2022-09"", ""2022-10"", ""2022-11"", ""2022-12"", ""2023-01"", ""2023-02"", ""2023-03"", ""2023-04"", ""2023-05"", ""2023-06"", ""2023-07"", ""2023-08"", ""2023-09"", ""2023-10"", ""2023-11"", ""2023-12"", ""2024-01"", ""2024-02"", ""2024-03"", ""2024-04"", ""2024-05"", ""2024-06"", ""2024-07"", ""2024-08"", ""2024-09"", ""2024-10"", ""2024-11"", ""2024-12"", ""2025-01"", ""2025-02"", ""2025-03"", ""2025-04"", ""2025-05"", ""2025-06"", ""2025-07"", ""2025-08"", ""2025-09"", ""2025-10""]",latest_factor_input; full historical cells retained in factor design,1,2025Q2,,2025-10-28 00:00:00,785.25613309900427,2025Q3,False,False,False,False,No future reference-period timing under stated assumptions; historical revision leakage cannot be ruled out. FDI revised diagnostic only.
M0,2025-12-31 00:00:00,2025Q4,H3,2025-11,,2025-12-25 00:00:00,29.206187146707485,"[""2019-01"", ""2019-02"", ""2019-03"", ""2019-04"", ""2019-05"", ""2019-06"", ""2019-07"", ""2019-08"", ""2019-09"", ""2019-10"", ""2019-11"", ""2019-12"", ""2020-01"", ""2020-02"", ""2020-03"", ""2020-04"", ""2020-05"", ""2020-06"", ""2020-07"", ""2020-08"", ""2020-09"", ""2020-10"", ""2020-11"", ""2020-12"", ""2021-01"", ""2021-02"", ""2021-03"", ""2021-04"", ""2021-05"", ""2021-06"", ""2021-07"", ""2021-08"", ""2021-09"", ""2021-10"", ""2021-11"", ""2021-12"", ""2022-01"", ""2022-02"", ""2022-03"", ""2022-04"", ""2022-05"", ""2022-06"", ""2022-07"", ""2022-08"", ""2022-09"", ""2022-10"", ""2022-11"", ""2022-12"", ""2023-01"", ""2023-02"", ""2023-03"", ""2023-04"", ""2023-05"", ""2023-06"", ""2023-07"", ""2023-08"", ""2023-09"", ""2023-10"", ""2023-11"", ""2023-12"", ""2024-01"", ""2024-02"", ""2024-03"", ""2024-04"", ""2024-05"", ""2024-06"", ""2024-07"", ""2024-08"", ""2024-09"", ""2024-10"", ""2024-11"", ""2024-12"", ""2025-01"", ""2025-02"", ""2025-03"", ""2025-04"", ""2025-05"", ""2025-06"", ""2025-07"", ""2025-08"", ""2025-09"", ""2025-10"", ""2025-11""]",latest_factor_input; full historical cells retained in factor design,0,,,,,2025Q3,False,False,False,False,Historical M2 vintages incomplete; revised-snapshot pseudo-real-time only.
M1,2025-12-31 00:00:00,2025Q4,H3,2025-11,,2025-12-25 00:00:00,29.206187146707485,"[""2019-01"", ""2019-02"", ""2019-03"", ""2019-04"", ""2019-05"", ""2019-06"", ""2019-07"", ""2019-08"", ""2019-09"", ""2019-10"", ""2019-11"", ""2019-12"", ""2020-01"", ""2020-02"", ""2020-03"", ""2020-04"", ""2020-05"", ""2020-06"", ""2020-07"", ""2020-08"", ""2020-09"", ""2020-10"", ""2020-11"", ""2020-12"", ""2021-01"", ""2021-02"", ""2021-03"", ""2021-04"", ""2021-05"", ""2021-06"", ""2021-07"", ""2021-08"", ""2021-09"", ""2021-10"", ""2021-11"", ""2021-12"", ""2022-01"", ""2022-02"", ""2022-03"", ""2022-04"", ""2022-05"", ""2022-06"", ""2022-07"", ""2022-08"", ""2022-09"", ""2022-10"", ""2022-11"", ""2022-12"", ""2023-01"", ""2023-02"", ""2023-03"", ""2023-04"", ""2023-05"", ""2023-06"", ""2023-07"", ""2023-08"", ""2023-09"", ""2023-10"", ""2023-11"", ""2023-12"", ""2024-01"", ""2024-02"", ""2024-03"", ""2024-04"", ""2024-05"", ""2024-06"", ""2024-07"", ""2024-08"", ""2024-09"", ""2024-10"", ""2024-11"", ""2024-12"", ""2025-01"", ""2025-02"", ""2025-03"", ""2025-04"", ""2025-05"", ""2025-06"", ""2025-07"", ""2025-08"", ""2025-09"", ""2025-10"", ""2025-11""]",latest_factor_input; full historical cells retained in factor design,1,,,,,2025Q3,False,False,False,False,Historical M2 vintages incomplete; revised-snapshot pseudo-real-time only.
M2,2025-12-31 00:00:00,2025Q4,H3,2025-11,,2025-12-25 00:00:00,26.290790572545042,"[""2019-01"", ""2019-02"", ""2019-03"", ""2019-04"", ""2019-05"", ""2019-06"", ""2019-07"", ""2019-08"", ""2019-09"", ""2019-10"", ""2019-11"", ""2019-12"", ""2020-01"", ""2020-02"", ""2020-03"", ""2020-04"", ""2020-05"", ""2020-06"", ""2020-07"", ""2020-08"", ""2020-09"", ""2020-10"", ""2020-11"", ""2020-12"", ""2021-01"", ""2021-02"", ""2021-03"", ""2021-04"", ""2021-05"", ""2021-06"", ""2021-07"", ""2021-08"", ""2021-09"", ""2021-10"", ""2021-11"", ""2021-12"", ""2022-01"", ""2022-02"", ""2022-03"", ""2022-04"", ""2022-05"", ""2022-06"", ""2022-07"", ""2022-08"", ""2022-09"", ""2022-10"", ""2022-11"", ""2022-12"", ""2023-01"", ""2023-02"", ""2023-03"", ""2023-04"", ""2023-05"", ""2023-06"", ""2023-07"", ""2023-08"", ""2023-09"", ""2023-10"", ""2023-11"", ""2023-12"", ""2024-01"", ""2024-02"", ""2024-03"", ""2024-04"", ""2024-05"", ""2024-06"", ""2024-07"", ""2024-08"", ""2024-09"", ""2024-10"", ""2024-11"", ""2024-12"", ""2025-01"", ""2025-02"", ""2025-03"", ""2025-04"", ""2025-05"", ""2025-06"", ""2025-07"", ""2025-08"", ""2025-09"", ""2025-10""]",latest_factor_input; full historical cells retained in factor design,2,,,,,2025Q3,False,False,False,False,Historical M2 vintages incomplete; revised-snapshot pseudo-real-time only.
B1,2025-12-31 00:00:00,2025Q4,H3,2025-11,,2025-12-25 00:00:00,27.31425894230372,"[""2025-09"", ""2025-10"", ""2025-11""]",quarter_mean_lagged_bridge_regressor,1,,,,,2025Q3,False,False,False,False,Historical M2 vintages incomplete; revised-snapshot pseudo-real-time only.
B2,2025-12-31 00:00:00,2025Q4,H3,2025-11,,2025-12-25 00:00:00,26.232958163945952,"[""2025-08"", ""2025-09"", ""2025-10""]",quarter_mean_lagged_bridge_regressor,2,,,,,2025Q3,False,False,False,False,Historical M2 vintages incomplete; revised-snapshot pseudo-real-time only.
B3,2025-12-31 00:00:00,2025Q4,H3,2025-11,,2025-12-25 00:00:00,27.31425894230372,"[""2025-09"", ""2025-10"", ""2025-11""]",quarter_mean_lagged_bridge_regressor,1,2025Q3,,2025-12-29 00:00:00,1057.3616439185096,2025Q3,False,False,False,False,No future reference-period timing under stated assumptions; historical revision leakage cannot be ruled out. FDI revised diagnostic only.
B3_120D,2025-12-31 00:00:00,2025Q4,H3,2025-11,,2025-12-25 00:00:00,27.31425894230372,"[""2025-09"", ""2025-10"", ""2025-11""]",quarter_mean_lagged_bridge_regressor,1,2025Q2,,2025-10-28 00:00:00,785.25613309900427,2025Q3,False,False,False,False,No future reference-period timing under stated assumptions; historical revision leakage cannot be ruled out. FDI revised diagnostic only.
B4,2025-12-31 00:00:00,2025Q4,H3,2025-11,,2025-12-25 00:00:00,27.31425894230372,"[""2025-09"", ""2025-10"", ""2025-11""]",quarter_mean_lagged_bridge_regressor,1,2025Q2,,2025-09-28 00:00:00,785.25613309900427,2025Q3,False,False,False,False,No future reference-period timing under stated assumptions; historical revision leakage cannot be ruled out. FDI revised diagnostic only.
B4_120D,2025-12-31 00:00:00,2025Q4,H3,2025-11,,2025-12-25 00:00:00,27.31425894230372,"[""2025-09"", ""2025-10"", ""2025-11""]",quarter_mean_lagged_bridge_regressor,1,2025Q1,,2025-07-29 00:00:00,761.73635349621145,2025Q3,False,False,False,False,No future reference-period timing under stated assumptions; historical revision leakage cannot be ruled out. FDI revised diagnostic only.
B5,2025-12-31 00:00:00,2025Q4,H3,2025-11,,2025-12-25 00:00:00,29.206187146707485,"[""2019-01"", ""2019-02"", ""2019-03"", ""2019-04"", ""2019-05"", ""2019-06"", ""2019-07"", ""2019-08"", ""2019-09"", ""2019-10"", ""2019-11"", ""2019-12"", ""2020-01"", ""2020-02"", ""2020-03"", ""2020-04"", ""2020-05"", ""2020-06"", ""2020-07"", ""2020-08"", ""2020-09"", ""2020-10"", ""2020-11"", ""2020-12"", ""2021-01"", ""2021-02"", ""2021-03"", ""2021-04"", ""2021-05"", ""2021-06"", ""2021-07"", ""2021-08"", ""2021-09"", ""2021-10"", ""2021-11"", ""2021-12"", ""2022-01"", ""2022-02"", ""2022-03"", ""2022-04"", ""2022-05"", ""2022-06"", ""2022-07"", ""2022-08"", ""2022-09"", ""2022-10"", ""2022-11"", ""2022-12"", ""2023-01"", ""2023-02"", ""2023-03"", ""2023-04"", ""2023-05"", ""2023-06"", ""2023-07"", ""2023-08"", ""2023-09"", ""2023-10"", ""2023-11"", ""2023-12"", ""2024-01"", ""2024-02"", ""2024-03"", ""2024-04"", ""2024-05"", ""2024-06"", ""2024-07"", ""2024-08"", ""2024-09"", ""2024-10"", ""2024-11"", ""2024-12"", ""2025-01"", ""2025-02"", ""2025-03"", ""2025-04"", ""2025-05"", ""2025-06"", ""2025-07"", ""2025-08"", ""2025-09"", ""2025-10"", ""2025-11""]",latest_factor_input; full historical cells retained in factor design,1,2025Q3,,2025-12-29 00:00:00,1057.3616439185096,2025Q3,False,False,False,False,No future reference-period timing under stated assumptions; historical revision leakage cannot be ruled out. FDI revised diagnostic only.
B5_120D,2025-12-31 00:00:00,2025Q4,H3,2025-11,,2025-12-25 00:00:00,29.206187146707485,"[""2019-01"", ""2019-02"", ""2019-03"", ""2019-04"", ""2019-05"", ""2019-06"", ""2019-07"", ""2019-08"", ""2019-09"", ""2019-10"", ""2019-11"", ""2019-12"", ""2020-01"", ""2020-02"", ""2020-03"", ""2020-04"", ""2020-05"", ""2020-06"", ""2020-07"", ""2020-08"", ""2020-09"", ""2020-10"", ""2020-11"", ""2020-12"", ""2021-01"", ""2021-02"", ""2021-03"", ""2021-04"", ""2021-05"", ""2021-06"", ""2021-07"", ""2021-08"", ""2021-09"", ""2021-10"", ""2021-11"", ""2021-12"", ""2022-01"", ""2022-02"", ""2022-03"", ""2022-04"", ""2022-05"", ""2022-06"", ""2022-07"", ""2022-08"", ""2022-09"", ""2022-10"", ""2022-11"", ""2022-12"", ""2023-01"", ""2023-02"", ""2023-03"", ""2023-04"", ""2023-05"", ""2023-06"", ""2023-07"", ""2023-08"", ""2023-09"", ""2023-10"", ""2023-11"", ""2023-12"", ""2024-01"", ""2024-02"", ""2024-03"", ""2024-04"", ""2024-05"", ""2024-06"", ""2024-07"", ""2024-08"", ""2024-09"", ""2024-10"", ""2024-11"", ""2024-12"", ""2025-01"", ""2025-02"", ""2025-03"", ""2025-04"", ""2025-05"", ""2025-06"", ""2025-07"", ""2025-08"", ""2025-09"", ""2025-10"", ""2025-11""]",latest_factor_input; full historical cells retained in factor design,1,2025Q2,,2025-10-28 00:00:00,785.25613309900427,2025Q3,False,False,False,False,No future reference-period timing under stated assumptions; historical revision leakage cannot be ruled out. FDI revised diagnostic only.
M0,2026-01-31 00:00:00,2026Q1,H1,2025-12,,2026-01-25 00:00:00,31.217614055656817,"[""2019-01"", ""2019-02"", ""2019-03"", ""2019-04"", ""2019-05"", ""2019-06"", ""2019-07"", ""2019-08"", ""2019-09"", ""2019-10"", ""2019-11"", ""2019-12"", ""2020-01"", ""2020-02"", ""2020-03"", ""2020-04"", ""2020-05"", ""2020-06"", ""2020-07"", ""2020-08"", ""2020-09"", ""2020-10"", ""2020-11"", ""2020-12"", ""2021-01"", ""2021-02"", ""2021-03"", ""2021-04"", ""2021-05"", ""2021-06"", ""2021-07"", ""2021-08"", ""2021-09"", ""2021-10"", ""2021-11"", ""2021-12"", ""2022-01"", ""2022-02"", ""2022-03"", ""2022-04"", ""2022-05"", ""2022-06"", ""2022-07"", ""2022-08"", ""2022-09"", ""2022-10"", ""2022-11"", ""2022-12"", ""2023-01"", ""2023-02"", ""2023-03"", ""2023-04"", ""2023-05"", ""2023-06"", ""2023-07"", ""2023-08"", ""2023-09"", ""2023-10"", ""2023-11"", ""2023-12"", ""2024-01"", ""2024-02"", ""2024-03"", ""2024-04"", ""2024-05"", ""2024-06"", ""2024-07"", ""2024-08"", ""2024-09"", ""2024-10"", ""2024-11"", ""2024-12"", ""2025-01"", ""2025-02"", ""2025-03"", ""2025-04"", ""2025-05"", ""2025-06"", ""2025-07"", ""2025-08"", ""2025-09"", ""2025-10"", ""2025-11"", ""2025-12""]",latest_factor_input; full historical cells retained in factor design,0,,,,,2025Q4,False,False,False,False,Historical M2 vintages incomplete; revised-snapshot pseudo-real-time only.
M1,2026-01-31 00:00:00,2026Q1,H1,2025-12,,2026-01-25 00:00:00,31.217614055656817,"[""2019-01"", ""2019-02"", ""2019-03"", ""2019-04"", ""2019-05"", ""2019-06"", ""2019-07"", ""2019-08"", ""2019-09"", ""2019-10"", ""2019-11"", ""2019-12"", ""2020-01"", ""2020-02"", ""2020-03"", ""2020-04"", ""2020-05"", ""2020-06"", ""2020-07"", ""2020-08"", ""2020-09"", ""2020-10"", ""2020-11"", ""2020-12"", ""2021-01"", ""2021-02"", ""2021-03"", ""2021-04"", ""2021-05"", ""2021-06"", ""2021-07"", ""2021-08"", ""2021-09"", ""2021-10"", ""2021-11"", ""2021-12"", ""2022-01"", ""2022-02"", ""2022-03"", ""2022-04"", ""2022-05"", ""2022-06"", ""2022-07"", ""2022-08"", ""2022-09"", ""2022-10"", ""2022-11"", ""2022-12"", ""2023-01"", ""2023-02"", ""2023-03"", ""2023-04"", ""2023-05"", ""2023-06"", ""2023-07"", ""2023-08"", ""2023-09"", ""2023-10"", ""2023-11"", ""2023-12"", ""2024-01"", ""2024-02"", ""2024-03"", ""2024-04"", ""2024-05"", ""2024-06"", ""2024-07"", ""2024-08"", ""2024-09"", ""2024-10"", ""2024-11"", ""2024-12"", ""2025-01"", ""2025-02"", ""2025-03"", ""2025-04"", ""2025-05"", ""2025-06"", ""2025-07"", ""2025-08"", ""2025-09"", ""2025-10"", ""2025-11"", ""2025-12""]",latest_factor_input; full historical cells retained in factor design,1,,,,,2025Q4,False,False,False,False,Historical M2 vintages incomplete; revised-snapshot pseudo-real-time only.
M2,2026-01-31 00:00:00,2026Q1,H1,2025-12,,2026-01-25 00:00:00,29.206187146707485,"[""2019-01"", ""2019-02"", ""2019-03"", ""2019-04"", ""2019-05"", ""2019-06"", ""2019-07"", ""2019-08"", ""2019-09"", ""2019-10"", ""2019-11"", ""2019-12"", ""2020-01"", ""2020-02"", ""2020-03"", ""2020-04"", ""2020-05"", ""2020-06"", ""2020-07"", ""2020-08"", ""2020-09"", ""2020-10"", ""2020-11"", ""2020-12"", ""2021-01"", ""2021-02"", ""2021-03"", ""2021-04"", ""2021-05"", ""2021-06"", ""2021-07"", ""2021-08"", ""2021-09"", ""2021-10"", ""2021-11"", ""2021-12"", ""2022-01"", ""2022-02"", ""2022-03"", ""2022-04"", ""2022-05"", ""2022-06"", ""2022-07"", ""2022-08"", ""2022-09"", ""2022-10"", ""2022-11"", ""2022-12"", ""2023-01"", ""2023-02"", ""2023-03"", ""2023-04"", ""2023-05"", ""2023-06"", ""2023-07"", ""2023-08"", ""2023-09"", ""2023-10"", ""2023-11"", ""2023-12"", ""2024-01"", ""2024-02"", ""2024-03"", ""2024-04"", ""2024-05"", ""2024-06"", ""2024-07"", ""2024-08"", ""2024-09"", ""2024-10"", ""2024-11"", ""2024-12"", ""2025-01"", ""2025-02"", ""2025-03"", ""2025-04"", ""2025-05"", ""2025-06"", ""2025-07"", ""2025-08"", ""2025-09"", ""2025-10"", ""2025-11""]",latest_factor_input; full historical cells retained in factor design,2,,,,,2025Q4,False,False,False,False,Historical M2 vintages incomplete; revised-snapshot pseudo-real-time only.
B1,2026-01-31 00:00:00,2026Q1,H1,2025-12,,2026-01-25 00:00:00,31.217614055656817,"[""2025-12""]",quarter_mean_lagged_bridge_regressor,1,,,,,2025Q4,False,False,False,False,Historical M2 vintages incomplete; revised-snapshot pseudo-real-time only.
B2,2026-01-31 00:00:00,2026Q1,H1,2025-12,,2026-01-25 00:00:00,30.211900601182151,"[""2025-11"", ""2025-12""]",quarter_mean_lagged_bridge_regressor,2,,,,,2025Q4,False,False,False,False,Historical M2 vintages incomplete; revised-snapshot pseudo-real-time only.
B3,2026-01-31 00:00:00,2026Q1,H1,2025-12,,2026-01-25 00:00:00,31.217614055656817,"[""2025-12""]",quarter_mean_lagged_bridge_regressor,1,2025Q3,,2025-12-29 00:00:00,1057.3616439185096,2025Q4,False,False,False,False,No future reference-period timing under stated assumptions; historical revision leakage cannot be ruled out. FDI revised diagnostic only.
B3_120D,2026-01-31 00:00:00,2026Q1,H1,2025-12,,2026-01-25 00:00:00,31.217614055656817,"[""2025-12""]",quarter_mean_lagged_bridge_regressor,1,2025Q3,,2026-01-28 00:00:00,1057.3616439185096,2025Q4,False,False,False,False,No future reference-period timing under stated assumptions; historical revision leakage cannot be ruled out. FDI revised diagnostic only.
B4,2026-01-31 00:00:00,2026Q1,H1,2025-12,,2026-01-25 00:00:00,31.217614055656817,"[""2025-12""]",quarter_mean_lagged_bridge_regressor,1,2025Q2,,2025-09-28 00:00:00,785.25613309900427,2025Q4,False,False,False,False,No future reference-period timing under stated assumptions; historical revision leakage cannot be ruled out. FDI revised diagnostic only.
B4_120D,2026-01-31 00:00:00,2026Q1,H1,2025-12,,2026-01-25 00:00:00,31.217614055656817,"[""2025-12""]",quarter_mean_lagged_bridge_regressor,1,2025Q2,,2025-10-28 00:00:00,785.25613309900427,2025Q4,False,False,False,False,No future reference-period timing under stated assumptions; historical revision leakage cannot be ruled out. FDI revised diagnostic only.
B5,2026-01-31 00:00:00,2026Q1,H1,2025-12,,2026-01-25 00:00:00,31.217614055656817,"[""2019-01"", ""2019-02"", ""2019-03"", ""2019-04"", ""2019-05"", ""2019-06"", ""2019-07"", ""2019-08"", ""2019-09"", ""2019-10"", ""2019-11"", ""2019-12"", ""2020-01"", ""2020-02"", ""2020-03"", ""2020-04"", ""2020-05"", ""2020-06"", ""2020-07"", ""2020-08"", ""2020-09"", ""2020-10"", ""2020-11"", ""2020-12"", ""2021-01"", ""2021-02"", ""2021-03"", ""2021-04"", ""2021-05"", ""2021-06"", ""2021-07"", ""2021-08"", ""2021-09"", ""2021-10"", ""2021-11"", ""2021-12"", ""2022-01"", ""2022-02"", ""2022-03"", ""2022-04"", ""2022-05"", ""2022-06"", ""2022-07"", ""2022-08"", ""2022-09"", ""2022-10"", ""2022-11"", ""2022-12"", ""2023-01"", ""2023-02"", ""2023-03"", ""2023-04"", ""2023-05"", ""2023-06"", ""2023-07"", ""2023-08"", ""2023-09"", ""2023-10"", ""2023-11"", ""2023-12"", ""2024-01"", ""2024-02"", ""2024-03"", ""2024-04"", ""2024-05"", ""2024-06"", ""2024-07"", ""2024-08"", ""2024-09"", ""2024-10"", ""2024-11"", ""2024-12"", ""2025-01"", ""2025-02"", ""2025-03"", ""2025-04"", ""2025-05"", ""2025-06"", ""2025-07"", ""2025-08"", ""2025-09"", ""2025-10"", ""2025-11"", ""2025-12""]",latest_factor_input; full historical cells retained in factor design,1,2025Q3,,2025-12-29 00:00:00,1057.3616439185096,2025Q4,False,False,False,False,No future reference-period timing under stated assumptions; historical revision leakage cannot be ruled out. FDI revised diagnostic only.
B5_120D,2026-01-31 00:00:00,2026Q1,H1,2025-12,,2026-01-25 00:00:00,31.217614055656817,"[""2019-01"", ""2019-02"", ""2019-03"", ""2019-04"", ""2019-05"", ""2019-06"", ""2019-07"", ""2019-08"", ""2019-09"", ""2019-10"", ""2019-11"", ""2019-12"", ""2020-01"", ""2020-02"", ""2020-03"", ""2020-04"", ""2020-05"", ""2020-06"", ""2020-07"", ""2020-08"", ""2020-09"", ""2020-10"", ""2020-11"", ""2020-12"", ""2021-01"", ""2021-02"", ""2021-03"", ""2021-04"", ""2021-05"", ""2021-06"", ""2021-07"", ""2021-08"", ""2021-09"", ""2021-10"", ""2021-11"", ""2021-12"", ""2022-01"", ""2022-02"", ""2022-03"", ""2022-04"", ""2022-05"", ""2022-06"", ""2022-07"", ""2022-08"", ""2022-09"", ""2022-10"", ""2022-11"", ""2022-12"", ""2023-01"", ""2023-02"", ""2023-03"", ""2023-04"", ""2023-05"", ""2023-06"", ""2023-07"", ""2023-08"", ""2023-09"", ""2023-10"", ""2023-11"", ""2023-12"", ""2024-01"", ""2024-02"", ""2024-03"", ""2024-04"", ""2024-05"", ""2024-06"", ""2024-07"", ""2024-08"", ""2024-09"", ""2024-10"", ""2024-11"", ""2024-12"", ""2025-01"", ""2025-02"", ""2025-03"", ""2025-04"", ""2025-05"", ""2025-06"", ""2025-07"", ""2025-08"", ""2025-09"", ""2025-10"", ""2025-11"", ""2025-12""]",latest_factor_input; full historical cells retained in factor design,1,2025Q3,,2026-01-28 00:00:00,1057.3616439185096,2025Q4,False,False,False,False,No future reference-period timing under stated assumptions; historical revision leakage cannot be ruled out. FDI revised diagnostic only.
M0,2026-02-28 00:00:00,2026Q1,H2,2026-01,,2026-02-25 00:00:00,33.417577072507676,"[""2019-01"", ""2019-02"", ""2019-03"", ""2019-04"", ""2019-05"", ""2019-06"", ""2019-07"", ""2019-08"", ""2019-09"", ""2019-10"", ""2019-11"", ""2019-12"", ""2020-01"", ""2020-02"", ""2020-03"", ""2020-04"", ""2020-05"", ""2020-06"", ""2020-07"", ""2020-08"", ""2020-09"", ""2020-10"", ""2020-11"", ""2020-12"", ""2021-01"", ""2021-02"", ""2021-03"", ""2021-04"", ""2021-05"", ""2021-06"", ""2021-07"", ""2021-08"", ""2021-09"", ""2021-10"", ""2021-11"", ""2021-12"", ""2022-01"", ""2022-02"", ""2022-03"", ""2022-04"", ""2022-05"", ""2022-06"", ""2022-07"", ""2022-08"", ""2022-09"", ""2022-10"", ""2022-11"", ""2022-12"", ""2023-01"", ""2023-02"", ""2023-03"", ""2023-04"", ""2023-05"", ""2023-06"", ""2023-07"", ""2023-08"", ""2023-09"", ""2023-10"", ""2023-11"", ""2023-12"", ""2024-01"", ""2024-02"", ""2024-03"", ""2024-04"", ""2024-05"", ""2024-06"", ""2024-07"", ""2024-08"", ""2024-09"", ""2024-10"", ""2024-11"", ""2024-12"", ""2025-01"", ""2025-02"", ""2025-03"", ""2025-04"", ""2025-05"", ""2025-06"", ""2025-07"", ""2025-08"", ""2025-09"", ""2025-10"", ""2025-11"", ""2025-12"", ""2026-01""]",latest_factor_input; full historical cells retained in factor design,0,,,,,2025Q4,False,False,False,False,Historical M2 vintages incomplete; revised-snapshot pseudo-real-time only.
M1,2026-02-28 00:00:00,2026Q1,H2,2026-01,,2026-02-25 00:00:00,33.417577072507676,"[""2019-01"", ""2019-02"", ""2019-03"", ""2019-04"", ""2019-05"", ""2019-06"", ""2019-07"", ""2019-08"", ""2019-09"", ""2019-10"", ""2019-11"", ""2019-12"", ""2020-01"", ""2020-02"", ""2020-03"", ""2020-04"", ""2020-05"", ""2020-06"", ""2020-07"", ""2020-08"", ""2020-09"", ""2020-10"", ""2020-11"", ""2020-12"", ""2021-01"", ""2021-02"", ""2021-03"", ""2021-04"", ""2021-05"", ""2021-06"", ""2021-07"", ""2021-08"", ""2021-09"", ""2021-10"", ""2021-11"", ""2021-12"", ""2022-01"", ""2022-02"", ""2022-03"", ""2022-04"", ""2022-05"", ""2022-06"", ""2022-07"", ""2022-08"", ""2022-09"", ""2022-10"", ""2022-11"", ""2022-12"", ""2023-01"", ""2023-02"", ""2023-03"", ""2023-04"", ""2023-05"", ""2023-06"", ""2023-07"", ""2023-08"", ""2023-09"", ""2023-10"", ""2023-11"", ""2023-12"", ""2024-01"", ""2024-02"", ""2024-03"", ""2024-04"", ""2024-05"", ""2024-06"", ""2024-07"", ""2024-08"", ""2024-09"", ""2024-10"", ""2024-11"", ""2024-12"", ""2025-01"", ""2025-02"", ""2025-03"", ""2025-04"", ""2025-05"", ""2025-06"", ""2025-07"", ""2025-08"", ""2025-09"", ""2025-10"", ""2025-11"", ""2025-12"", ""2026-01""]",latest_factor_input; full historical cells retained in factor design,1,,,,,2025Q4,False,False,False,False,Historical M2 vintages incomplete; revised-snapshot pseudo-real-time only.
M2,2026-02-28 00:00:00,2026Q1,H2,2026-01,,2026-02-25 00:00:00,31.217614055656817,"[""2019-01"", ""2019-02"", ""2019-03"", ""2019-04"", ""2019-05"", ""2019-06"", ""2019-07"", ""2019-08"", ""2019-09"", ""2019-10"", ""2019-11"", ""2019-12"", ""2020-01"", ""2020-02"", ""2020-03"", ""2020-04"", ""2020-05"", ""2020-06"", ""2020-07"", ""2020-08"", ""2020-09"", ""2020-10"", ""2020-11"", ""2020-12"", ""2021-01"", ""2021-02"", ""2021-03"", ""2021-04"", ""2021-05"", ""2021-06"", ""2021-07"", ""2021-08"", ""2021-09"", ""2021-10"", ""2021-11"", ""2021-12"", ""2022-01"", ""2022-02"", ""2022-03"", ""2022-04"", ""2022-05"", ""2022-06"", ""2022-07"", ""2022-08"", ""2022-09"", ""2022-10"", ""2022-11"", ""2022-12"", ""2023-01"", ""2023-02"", ""2023-03"", ""2023-04"", ""2023-05"", ""2023-06"", ""2023-07"", ""2023-08"", ""2023-09"", ""2023-10"", ""2023-11"", ""2023-12"", ""2024-01"", ""2024-02"", ""2024-03"", ""2024-04"", ""2024-05"", ""2024-06"", ""2024-07"", ""2024-08"", ""2024-09"", ""2024-10"", ""2024-11"", ""2024-12"", ""2025-01"", ""2025-02"", ""2025-03"", ""2025-04"", ""2025-05"", ""2025-06"", ""2025-07"", ""2025-08"", ""2025-09"", ""2025-10"", ""2025-11"", ""2025-12""]",latest_factor_input; full historical cells retained in factor design,2,,,,,2025Q4,False,False,False,False,Historical M2 vintages incomplete; revised-snapshot pseudo-real-time only.
B1,2026-02-28 00:00:00,2026Q1,H2,2026-01,,2026-02-25 00:00:00,32.317595564082247,"[""2025-12"", ""2026-01""]",quarter_mean_lagged_bridge_regressor,1,,,,,2025Q4,False,False,False,False,Historical M2 vintages incomplete; revised-snapshot pseudo-real-time only.
B2,2026-02-28 00:00:00,2026Q1,H2,2026-01,,2026-02-25 00:00:00,31.280459424957325,"[""2025-11"", ""2025-12"", ""2026-01""]",quarter_mean_lagged_bridge_regressor,2,,,,,2025Q4,False,False,False,False,Historical M2 vintages incomplete; revised-snapshot pseudo-real-time only.
B3,2026-02-28 00:00:00,2026Q1,H2,2026-01,,2026-02-25 00:00:00,32.317595564082247,"[""2025-12"", ""2026-01""]",quarter_mean_lagged_bridge_regressor,1,2025Q3,,2025-12-29 00:00:00,1057.3616439185096,2025Q4,False,False,False,False,No future reference-period timing under stated assumptions; historical revision leakage cannot be ruled out. FDI revised diagnostic only.
B3_120D,2026-02-28 00:00:00,2026Q1,H2,2026-01,,2026-02-25 00:00:00,32.317595564082247,"[""2025-12"", ""2026-01""]",quarter_mean_lagged_bridge_regressor,1,2025Q3,,2026-01-28 00:00:00,1057.3616439185096,2025Q4,False,False,False,False,No future reference-period timing under stated assumptions; historical revision leakage cannot be ruled out. FDI revised diagnostic only.
B4,2026-02-28 00:00:00,2026Q1,H2,2026-01,,2026-02-25 00:00:00,32.317595564082247,"[""2025-12"", ""2026-01""]",quarter_mean_lagged_bridge_regressor,1,2025Q2,,2025-09-28 00:00:00,785.25613309900427,2025Q4,False,False,False,False,No future reference-period timing under stated assumptions; historical revision leakage cannot be ruled out. FDI revised diagnostic only.
B4_120D,2026-02-28 00:00:00,2026Q1,H2,2026-01,,2026-02-25 00:00:00,32.317595564082247,"[""2025-12"", ""2026-01""]",quarter_mean_lagged_bridge_regressor,1,2025Q2,,2025-10-28 00:00:00,785.25613309900427,2025Q4,False,False,False,False,No future reference-period timing under stated assumptions; historical revision leakage cannot be ruled out. FDI revised diagnostic only.
B5,2026-02-28 00:00:00,2026Q1,H2,2026-01,,2026-02-25 00:00:00,33.417577072507676,"[""2019-01"", ""2019-02"", ""2019-03"", ""2019-04"", ""2019-05"", ""2019-06"", ""2019-07"", ""2019-08"", ""2019-09"", ""2019-10"", ""2019-11"", ""2019-12"", ""2020-01"", ""2020-02"", ""2020-03"", ""2020-04"", ""2020-05"", ""2020-06"", ""2020-07"", ""2020-08"", ""2020-09"", ""2020-10"", ""2020-11"", ""2020-12"", ""2021-01"", ""2021-02"", ""2021-03"", ""2021-04"", ""2021-05"", ""2021-06"", ""2021-07"", ""2021-08"", ""2021-09"", ""2021-10"", ""2021-11"", ""2021-12"", ""2022-01"", ""2022-02"", ""2022-03"", ""2022-04"", ""2022-05"", ""2022-06"", ""2022-07"", ""2022-08"", ""2022-09"", ""2022-10"", ""2022-11"", ""2022-12"", ""2023-01"", ""2023-02"", ""2023-03"", ""2023-04"", ""2023-05"", ""2023-06"", ""2023-07"", ""2023-08"", ""2023-09"", ""2023-10"", ""2023-11"", ""2023-12"", ""2024-01"", ""2024-02"", ""2024-03"", ""2024-04"", ""2024-05"", ""2024-06"", ""2024-07"", ""2024-08"", ""2024-09"", ""2024-10"", ""2024-11"", ""2024-12"", ""2025-01"", ""2025-02"", ""2025-03"", ""2025-04"", ""2025-05"", ""2025-06"", ""2025-07"", ""2025-08"", ""2025-09"", ""2025-10"", ""2025-11"", ""2025-12"", ""2026-01""]",latest_factor_input; full historical cells retained in factor design,1,2025Q3,,2025-12-29 00:00:00,1057.3616439185096,2025Q4,False,False,False,False,No future reference-period timing under stated assumptions; historical revision leakage cannot be ruled out. FDI revised diagnostic only.
B5_120D,2026-02-28 00:00:00,2026Q1,H2,2026-01,,2026-02-25 00:00:00,33.417577072507676,"[""2019-01"", ""2019-02"", ""2019-03"", ""2019-04"", ""2019-05"", ""2019-06"", ""2019-07"", ""2019-08"", ""2019-09"", ""2019-10"", ""2019-11"", ""2019-12"", ""2020-01"", ""2020-02"", ""2020-03"", ""2020-04"", ""2020-05"", ""2020-06"", ""2020-07"", ""2020-08"", ""2020-09"", ""2020-10"", ""2020-11"", ""2020-12"", ""2021-01"", ""2021-02"", ""2021-03"", ""2021-04"", ""2021-05"", ""2021-06"", ""2021-07"", ""2021-08"", ""2021-09"", ""2021-10"", ""2021-11"", ""2021-12"", ""2022-01"", ""2022-02"", ""2022-03"", ""2022-04"", ""2022-05"", ""2022-06"", ""2022-07"", ""2022-08"", ""2022-09"", ""2022-10"", ""2022-11"", ""2022-12"", ""2023-01"", ""2023-02"", ""2023-03"", ""2023-04"", ""2023-05"", ""2023-06"", ""2023-07"", ""2023-08"", ""2023-09"", ""2023-10"", ""2023-11"", ""2023-12"", ""2024-01"", ""2024-02"", ""2024-03"", ""2024-04"", ""2024-05"", ""2024-06"", ""2024-07"", ""2024-08"", ""2024-09"", ""2024-10"", ""2024-11"", ""2024-12"", ""2025-01"", ""2025-02"", ""2025-03"", ""2025-04"", ""2025-05"", ""2025-06"", ""2025-07"", ""2025-08"", ""2025-09"", ""2025-10"", ""2025-11"", ""2025-12"", ""2026-01""]",latest_factor_input; full historical cells retained in factor design,1,2025Q3,,2026-01-28 00:00:00,1057.3616439185096,2025Q4,False,False,False,False,No future reference-period timing under stated assumptions; historical revision leakage cannot be ruled out. FDI revised diagnostic only.
M0,2026-03-31 00:00:00,2026Q1,H3,2026-02,,2026-03-25 00:00:00,32.086581177444096,"[""2019-01"", ""2019-02"", ""2019-03"", ""2019-04"", ""2019-05"", ""2019-06"", ""2019-07"", ""2019-08"", ""2019-09"", ""2019-10"", ""2019-11"", ""2019-12"", ""2020-01"", ""2020-02"", ""2020-03"", ""2020-04"", ""2020-05"", ""2020-06"", ""2020-07"", ""2020-08"", ""2020-09"", ""2020-10"", ""2020-11"", ""2020-12"", ""2021-01"", ""2021-02"", ""2021-03"", ""2021-04"", ""2021-05"", ""2021-06"", ""2021-07"", ""2021-08"", ""2021-09"", ""2021-10"", ""2021-11"", ""2021-12"", ""2022-01"", ""2022-02"", ""2022-03"", ""2022-04"", ""2022-05"", ""2022-06"", ""2022-07"", ""2022-08"", ""2022-09"", ""2022-10"", ""2022-11"", ""2022-12"", ""2023-01"", ""2023-02"", ""2023-03"", ""2023-04"", ""2023-05"", ""2023-06"", ""2023-07"", ""2023-08"", ""2023-09"", ""2023-10"", ""2023-11"", ""2023-12"", ""2024-01"", ""2024-02"", ""2024-03"", ""2024-04"", ""2024-05"", ""2024-06"", ""2024-07"", ""2024-08"", ""2024-09"", ""2024-10"", ""2024-11"", ""2024-12"", ""2025-01"", ""2025-02"", ""2025-03"", ""2025-04"", ""2025-05"", ""2025-06"", ""2025-07"", ""2025-08"", ""2025-09"", ""2025-10"", ""2025-11"", ""2025-12"", ""2026-01"", ""2026-02""]",latest_factor_input; full historical cells retained in factor design,0,,,,,2025Q4,False,False,False,False,Historical M2 vintages incomplete; revised-snapshot pseudo-real-time only.
M1,2026-03-31 00:00:00,2026Q1,H3,2026-02,,2026-03-25 00:00:00,32.086581177444096,"[""2019-01"", ""2019-02"", ""2019-03"", ""2019-04"", ""2019-05"", ""2019-06"", ""2019-07"", ""2019-08"", ""2019-09"", ""2019-10"", ""2019-11"", ""2019-12"", ""2020-01"", ""2020-02"", ""2020-03"", ""2020-04"", ""2020-05"", ""2020-06"", ""2020-07"", ""2020-08"", ""2020-09"", ""2020-10"", ""2020-11"", ""2020-12"", ""2021-01"", ""2021-02"", ""2021-03"", ""2021-04"", ""2021-05"", ""2021-06"", ""2021-07"", ""2021-08"", ""2021-09"", ""2021-10"", ""2021-11"", ""2021-12"", ""2022-01"", ""2022-02"", ""2022-03"", ""2022-04"", ""2022-05"", ""2022-06"", ""2022-07"", ""2022-08"", ""2022-09"", ""2022-10"", ""2022-11"", ""2022-12"", ""2023-01"", ""2023-02"", ""2023-03"", ""2023-04"", ""2023-05"", ""2023-06"", ""2023-07"", ""2023-08"", ""2023-09"", ""2023-10"", ""2023-11"", ""2023-12"", ""2024-01"", ""2024-02"", ""2024-03"", ""2024-04"", ""2024-05"", ""2024-06"", ""2024-07"", ""2024-08"", ""2024-09"", ""2024-10"", ""2024-11"", ""2024-12"", ""2025-01"", ""2025-02"", ""2025-03"", ""2025-04"", ""2025-05"", ""2025-06"", ""2025-07"", ""2025-08"", ""2025-09"", ""2025-10"", ""2025-11"", ""2025-12"", ""2026-01"", ""2026-02""]",latest_factor_input; full historical cells retained in factor design,1,,,,,2025Q4,False,False,False,False,Historical M2 vintages incomplete; revised-snapshot pseudo-real-time only.
M2,2026-03-31 00:00:00,2026Q1,H3,2026-02,,2026-03-25 00:00:00,33.417577072507676,"[""2019-01"", ""2019-02"", ""2019-03"", ""2019-04"", ""2019-05"", ""2019-06"", ""2019-07"", ""2019-08"", ""2019-09"", ""2019-10"", ""2019-11"", ""2019-12"", ""2020-01"", ""2020-02"", ""2020-03"", ""2020-04"", ""2020-05"", ""2020-06"", ""2020-07"", ""2020-08"", ""2020-09"", ""2020-10"", ""2020-11"", ""2020-12"", ""2021-01"", ""2021-02"", ""2021-03"", ""2021-04"", ""2021-05"", ""2021-06"", ""2021-07"", ""2021-08"", ""2021-09"", ""2021-10"", ""2021-11"", ""2021-12"", ""2022-01"", ""2022-02"", ""2022-03"", ""2022-04"", ""2022-05"", ""2022-06"", ""2022-07"", ""2022-08"", ""2022-09"", ""2022-10"", ""2022-11"", ""2022-12"", ""2023-01"", ""2023-02"", ""2023-03"", ""2023-04"", ""2023-05"", ""2023-06"", ""2023-07"", ""2023-08"", ""2023-09"", ""2023-10"", ""2023-11"", ""2023-12"", ""2024-01"", ""2024-02"", ""2024-03"", ""2024-04"", ""2024-05"", ""2024-06"", ""2024-07"", ""2024-08"", ""2024-09"", ""2024-10"", ""2024-11"", ""2024-12"", ""2025-01"", ""2025-02"", ""2025-03"", ""2025-04"", ""2025-05"", ""2025-06"", ""2025-07"", ""2025-08"", ""2025-09"", ""2025-10"", ""2025-11"", ""2025-12"", ""2026-01""]",latest_factor_input; full historical cells retained in factor design,2,,,,,2025Q4,False,False,False,False,Historical M2 vintages incomplete; revised-snapshot pseudo-real-time only.
B1,2026-03-31 00:00:00,2026Q1,H3,2026-02,,2026-03-25 00:00:00,32.240590768536201,"[""2025-12"", ""2026-01"", ""2026-02""]",quarter_mean_lagged_bridge_regressor,1,,,,,2025Q4,False,False,False,False,Historical M2 vintages incomplete; revised-snapshot pseudo-real-time only.
B2,2026-03-31 00:00:00,2026Q1,H3,2026-02,,2026-03-25 00:00:00,31.280459424957325,"[""2025-11"", ""2025-12"", ""2026-01""]",quarter_mean_lagged_bridge_regressor,2,,,,,2025Q4,False,False,False,False,Historical M2 vintages incomplete; revised-snapshot pseudo-real-time only.
B3,2026-03-31 00:00:00,2026Q1,H3,2026-02,,2026-03-25 00:00:00,32.240590768536201,"[""2025-12"", ""2026-01"", ""2026-02""]",quarter_mean_lagged_bridge_regressor,1,2025Q4,,2026-03-31 00:00:00,1727.0084327350708,2025Q4,False,False,False,False,No future reference-period timing under stated assumptions; historical revision leakage cannot be ruled out. FDI revised diagnostic only.
B3_120D,2026-03-31 00:00:00,2026Q1,H3,2026-02,,2026-03-25 00:00:00,32.240590768536201,"[""2025-12"", ""2026-01"", ""2026-02""]",quarter_mean_lagged_bridge_regressor,1,2025Q3,,2026-01-28 00:00:00,1057.3616439185096,2025Q4,False,False,False,False,No future reference-period timing under stated assumptions; historical revision leakage cannot be ruled out. FDI revised diagnostic only.
B4,2026-03-31 00:00:00,2026Q1,H3,2026-02,,2026-03-25 00:00:00,32.240590768536201,"[""2025-12"", ""2026-01"", ""2026-02""]",quarter_mean_lagged_bridge_regressor,1,2025Q3,,2025-12-29 00:00:00,1057.3616439185096,2025Q4,False,False,False,False,No future reference-period timing under stated assumptions; historical revision leakage cannot be ruled out. FDI revised diagnostic only.
B4_120D,2026-03-31 00:00:00,2026Q1,H3,2026-02,,2026-03-25 00:00:00,32.240590768536201,"[""2025-12"", ""2026-01"", ""2026-02""]",quarter_mean_lagged_bridge_regressor,1,2025Q2,,2025-10-28 00:00:00,785.25613309900427,2025Q4,False,False,False,False,No future reference-period timing under stated assumptions; historical revision leakage cannot be ruled out. FDI revised diagnostic only.
B5,2026-03-31 00:00:00,2026Q1,H3,2026-02,,2026-03-25 00:00:00,32.086581177444096,"[""2019-01"", ""2019-02"", ""2019-03"", ""2019-04"", ""2019-05"", ""2019-06"", ""2019-07"", ""2019-08"", ""2019-09"", ""2019-10"", ""2019-11"", ""2019-12"", ""2020-01"", ""2020-02"", ""2020-03"", ""2020-04"", ""2020-05"", ""2020-06"", ""2020-07"", ""2020-08"", ""2020-09"", ""2020-10"", ""2020-11"", ""2020-12"", ""2021-01"", ""2021-02"", ""2021-03"", ""2021-04"", ""2021-05"", ""2021-06"", ""2021-07"", ""2021-08"", ""2021-09"", ""2021-10"", ""2021-11"", ""2021-12"", ""2022-01"", ""2022-02"", ""2022-03"", ""2022-04"", ""2022-05"", ""2022-06"", ""2022-07"", ""2022-08"", ""2022-09"", ""2022-10"", ""2022-11"", ""2022-12"", ""2023-01"", ""2023-02"", ""2023-03"", ""2023-04"", ""2023-05"", ""2023-06"", ""2023-07"", ""2023-08"", ""2023-09"", ""2023-10"", ""2023-11"", ""2023-12"", ""2024-01"", ""2024-02"", ""2024-03"", ""2024-04"", ""2024-05"", ""2024-06"", ""2024-07"", ""2024-08"", ""2024-09"", ""2024-10"", ""2024-11"", ""2024-12"", ""2025-01"", ""2025-02"", ""2025-03"", ""2025-04"", ""2025-05"", ""2025-06"", ""2025-07"", ""2025-08"", ""2025-09"", ""2025-10"", ""2025-11"", ""2025-12"", ""2026-01"", ""2026-02""]",latest_factor_input; full historical cells retained in factor design,1,2025Q4,,2026-03-31 00:00:00,1727.0084327350708,2025Q4,False,False,False,False,No future reference-period timing under stated assumptions; historical revision leakage cannot be ruled out. FDI revised diagnostic only.
B5_120D,2026-03-31 00:00:00,2026Q1,H3,2026-02,,2026-03-25 00:00:00,32.086581177444096,"[""2019-01"", ""2019-02"", ""2019-03"", ""2019-04"", ""2019-05"", ""2019-06"", ""2019-07"", ""2019-08"", ""2019-09"", ""2019-10"", ""2019-11"", ""2019-12"", ""2020-01"", ""2020-02"", ""2020-03"", ""2020-04"", ""2020-05"", ""2020-06"", ""2020-07"", ""2020-08"", ""2020-09"", ""2020-10"", ""2020-11"", ""2020-12"", ""2021-01"", ""2021-02"", ""2021-03"", ""2021-04"", ""2021-05"", ""2021-06"", ""2021-07"", ""2021-08"", ""2021-09"", ""2021-10"", ""2021-11"", ""2021-12"", ""2022-01"", ""2022-02"", ""2022-03"", ""2022-04"", ""2022-05"", ""2022-06"", ""2022-07"", ""2022-08"", ""2022-09"", ""2022-10"", ""2022-11"", ""2022-12"", ""2023-01"", ""2023-02"", ""2023-03"", ""2023-04"", ""2023-05"", ""2023-06"", ""2023-07"", ""2023-08"", ""2023-09"", ""2023-10"", ""2023-11"", ""2023-12"", ""2024-01"", ""2024-02"", ""2024-03"", ""2024-04"", ""2024-05"", ""2024-06"", ""2024-07"", ""2024-08"", ""2024-09"", ""2024-10"", ""2024-11"", ""2024-12"", ""2025-01"", ""2025-02"", ""2025-03"", ""2025-04"", ""2025-05"", ""2025-06"", ""2025-07"", ""2025-08"", ""2025-09"", ""2025-10"", ""2025-11"", ""2025-12"", ""2026-01"", ""2026-02""]",latest_factor_input; full historical cells retained in factor design,1,2025Q3,,2026-01-28 00:00:00,1057.3616439185096,2025Q4,False,False,False,False,No future reference-period timing under stated assumptions; historical revision leakage cannot be ruled out. FDI revised diagnostic only.
M0,2026-04-30 00:00:00,2026Q2,H1,2026-03,,2026-04-25 00:00:00,32.863258651449989,"[""2019-01"", ""2019-02"", ""2019-03"", ""2019-04"", ""2019-05"", ""2019-06"", ""2019-07"", ""2019-08"", ""2019-09"", ""2019-10"", ""2019-11"", ""2019-12"", ""2020-01"", ""2020-02"", ""2020-03"", ""2020-04"", ""2020-05"", ""2020-06"", ""2020-07"", ""2020-08"", ""2020-09"", ""2020-10"", ""2020-11"", ""2020-12"", ""2021-01"", ""2021-02"", ""2021-03"", ""2021-04"", ""2021-05"", ""2021-06"", ""2021-07"", ""2021-08"", ""2021-09"", ""2021-10"", ""2021-11"", ""2021-12"", ""2022-01"", ""2022-02"", ""2022-03"", ""2022-04"", ""2022-05"", ""2022-06"", ""2022-07"", ""2022-08"", ""2022-09"", ""2022-10"", ""2022-11"", ""2022-12"", ""2023-01"", ""2023-02"", ""2023-03"", ""2023-04"", ""2023-05"", ""2023-06"", ""2023-07"", ""2023-08"", ""2023-09"", ""2023-10"", ""2023-11"", ""2023-12"", ""2024-01"", ""2024-02"", ""2024-03"", ""2024-04"", ""2024-05"", ""2024-06"", ""2024-07"", ""2024-08"", ""2024-09"", ""2024-10"", ""2024-11"", ""2024-12"", ""2025-01"", ""2025-02"", ""2025-03"", ""2025-04"", ""2025-05"", ""2025-06"", ""2025-07"", ""2025-08"", ""2025-09"", ""2025-10"", ""2025-11"", ""2025-12"", ""2026-01"", ""2026-02"", ""2026-03""]",latest_factor_input; full historical cells retained in factor design,0,,,,,2026Q1,False,False,False,False,Historical M2 vintages incomplete; revised-snapshot pseudo-real-time only.
M1,2026-04-30 00:00:00,2026Q2,H1,2026-03,,2026-04-25 00:00:00,32.863258651449989,"[""2019-01"", ""2019-02"", ""2019-03"", ""2019-04"", ""2019-05"", ""2019-06"", ""2019-07"", ""2019-08"", ""2019-09"", ""2019-10"", ""2019-11"", ""2019-12"", ""2020-01"", ""2020-02"", ""2020-03"", ""2020-04"", ""2020-05"", ""2020-06"", ""2020-07"", ""2020-08"", ""2020-09"", ""2020-10"", ""2020-11"", ""2020-12"", ""2021-01"", ""2021-02"", ""2021-03"", ""2021-04"", ""2021-05"", ""2021-06"", ""2021-07"", ""2021-08"", ""2021-09"", ""2021-10"", ""2021-11"", ""2021-12"", ""2022-01"", ""2022-02"", ""2022-03"", ""2022-04"", ""2022-05"", ""2022-06"", ""2022-07"", ""2022-08"", ""2022-09"", ""2022-10"", ""2022-11"", ""2022-12"", ""2023-01"", ""2023-02"", ""2023-03"", ""2023-04"", ""2023-05"", ""2023-06"", ""2023-07"", ""2023-08"", ""2023-09"", ""2023-10"", ""2023-11"", ""2023-12"", ""2024-01"", ""2024-02"", ""2024-03"", ""2024-04"", ""2024-05"", ""2024-06"", ""2024-07"", ""2024-08"", ""2024-09"", ""2024-10"", ""2024-11"", ""2024-12"", ""2025-01"", ""2025-02"", ""2025-03"", ""2025-04"", ""2025-05"", ""2025-06"", ""2025-07"", ""2025-08"", ""2025-09"", ""2025-10"", ""2025-11"", ""2025-12"", ""2026-01"", ""2026-02"", ""2026-03""]",latest_factor_input; full historical cells retained in factor design,1,,,,,2026Q1,False,False,False,False,Historical M2 vintages incomplete; revised-snapshot pseudo-real-time only.
M2,2026-04-30 00:00:00,2026Q2,H1,2026-03,,2026-04-25 00:00:00,32.086581177444096,"[""2019-01"", ""2019-02"", ""2019-03"", ""2019-04"", ""2019-05"", ""2019-06"", ""2019-07"", ""2019-08"", ""2019-09"", ""2019-10"", ""2019-11"", ""2019-12"", ""2020-01"", ""2020-02"", ""2020-03"", ""2020-04"", ""2020-05"", ""2020-06"", ""2020-07"", ""2020-08"", ""2020-09"", ""2020-10"", ""2020-11"", ""2020-12"", ""2021-01"", ""2021-02"", ""2021-03"", ""2021-04"", ""2021-05"", ""2021-06"", ""2021-07"", ""2021-08"", ""2021-09"", ""2021-10"", ""2021-11"", ""2021-12"", ""2022-01"", ""2022-02"", ""2022-03"", ""2022-04"", ""2022-05"", ""2022-06"", ""2022-07"", ""2022-08"", ""2022-09"", ""2022-10"", ""2022-11"", ""2022-12"", ""2023-01"", ""2023-02"", ""2023-03"", ""2023-04"", ""2023-05"", ""2023-06"", ""2023-07"", ""2023-08"", ""2023-09"", ""2023-10"", ""2023-11"", ""2023-12"", ""2024-01"", ""2024-02"", ""2024-03"", ""2024-04"", ""2024-05"", ""2024-06"", ""2024-07"", ""2024-08"", ""2024-09"", ""2024-10"", ""2024-11"", ""2024-12"", ""2025-01"", ""2025-02"", ""2025-03"", ""2025-04"", ""2025-05"", ""2025-06"", ""2025-07"", ""2025-08"", ""2025-09"", ""2025-10"", ""2025-11"", ""2025-12"", ""2026-01"", ""2026-02""]",latest_factor_input; full historical cells retained in factor design,2,,,,,2026Q1,False,False,False,False,Historical M2 vintages incomplete; revised-snapshot pseudo-real-time only.
B1,2026-04-30 00:00:00,2026Q2,H1,2026-03,,2026-04-25 00:00:00,32.863258651449989,"[""2026-03""]",quarter_mean_lagged_bridge_regressor,1,,,,,2026Q1,False,False,False,False,Historical M2 vintages incomplete; revised-snapshot pseudo-real-time only.
B2,2026-04-30 00:00:00,2026Q2,H1,2026-03,,2026-04-25 00:00:00,32.474919914447042,"[""2026-02"", ""2026-03""]",quarter_mean_lagged_bridge_regressor,2,,,,,2026Q1,False,False,False,False,Historical M2 vintages incomplete; revised-snapshot pseudo-real-time only.
B3,2026-04-30 00:00:00,2026Q2,H1,2026-03,,2026-04-25 00:00:00,32.863258651449989,"[""2026-03""]",quarter_mean_lagged_bridge_regressor,1,2025Q4,,2026-03-31 00:00:00,1727.0084327350708,2026Q1,False,False,False,False,No future reference-period timing under stated assumptions; historical revision leakage cannot be ruled out. FDI revised diagnostic only.
B3_120D,2026-04-30 00:00:00,2026Q2,H1,2026-03,,2026-04-25 00:00:00,32.863258651449989,"[""2026-03""]",quarter_mean_lagged_bridge_regressor,1,2025Q4,,2026-04-30 00:00:00,1727.0084327350708,2026Q1,False,False,False,False,No future reference-period timing under stated assumptions; historical revision leakage cannot be ruled out. FDI revised diagnostic only.
B4,2026-04-30 00:00:00,2026Q2,H1,2026-03,,2026-04-25 00:00:00,32.863258651449989,"[""2026-03""]",quarter_mean_lagged_bridge_regressor,1,2025Q3,,2025-12-29 00:00:00,1057.3616439185096,2026Q1,False,False,False,False,No future reference-period timing under stated assumptions; historical revision leakage cannot be ruled out. FDI revised diagnostic only.
B4_120D,2026-04-30 00:00:00,2026Q2,H1,2026-03,,2026-04-25 00:00:00,32.863258651449989,"[""2026-03""]",quarter_mean_lagged_bridge_regressor,1,2025Q3,,2026-01-28 00:00:00,1057.3616439185096,2026Q1,False,False,False,False,No future reference-period timing under stated assumptions; historical revision leakage cannot be ruled out. FDI revised diagnostic only.
B5,2026-04-30 00:00:00,2026Q2,H1,2026-03,,2026-04-25 00:00:00,32.863258651449989,"[""2019-01"", ""2019-02"", ""2019-03"", ""2019-04"", ""2019-05"", ""2019-06"", ""2019-07"", ""2019-08"", ""2019-09"", ""2019-10"", ""2019-11"", ""2019-12"", ""2020-01"", ""2020-02"", ""2020-03"", ""2020-04"", ""2020-05"", ""2020-06"", ""2020-07"", ""2020-08"", ""2020-09"", ""2020-10"", ""2020-11"", ""2020-12"", ""2021-01"", ""2021-02"", ""2021-03"", ""2021-04"", ""2021-05"", ""2021-06"", ""2021-07"", ""2021-08"", ""2021-09"", ""2021-10"", ""2021-11"", ""2021-12"", ""2022-01"", ""2022-02"", ""2022-03"", ""2022-04"", ""2022-05"", ""2022-06"", ""2022-07"", ""2022-08"", ""2022-09"", ""2022-10"", ""2022-11"", ""2022-12"", ""2023-01"", ""2023-02"", ""2023-03"", ""2023-04"", ""2023-05"", ""2023-06"", ""2023-07"", ""2023-08"", ""2023-09"", ""2023-10"", ""2023-11"", ""2023-12"", ""2024-01"", ""2024-02"", ""2024-03"", ""2024-04"", ""2024-05"", ""2024-06"", ""2024-07"", ""2024-08"", ""2024-09"", ""2024-10"", ""2024-11"", ""2024-12"", ""2025-01"", ""2025-02"", ""2025-03"", ""2025-04"", ""2025-05"", ""2025-06"", ""2025-07"", ""2025-08"", ""2025-09"", ""2025-10"", ""2025-11"", ""2025-12"", ""2026-01"", ""2026-02"", ""2026-03""]",latest_factor_input; full historical cells retained in factor design,1,2025Q4,,2026-03-31 00:00:00,1727.0084327350708,2026Q1,False,False,False,False,No future reference-period timing under stated assumptions; historical revision leakage cannot be ruled out. FDI revised diagnostic only.
B5_120D,2026-04-30 00:00:00,2026Q2,H1,2026-03,,2026-04-25 00:00:00,32.863258651449989,"[""2019-01"", ""2019-02"", ""2019-03"", ""2019-04"", ""2019-05"", ""2019-06"", ""2019-07"", ""2019-08"", ""2019-09"", ""2019-10"", ""2019-11"", ""2019-12"", ""2020-01"", ""2020-02"", ""2020-03"", ""2020-04"", ""2020-05"", ""2020-06"", ""2020-07"", ""2020-08"", ""2020-09"", ""2020-10"", ""2020-11"", ""2020-12"", ""2021-01"", ""2021-02"", ""2021-03"", ""2021-04"", ""2021-05"", ""2021-06"", ""2021-07"", ""2021-08"", ""2021-09"", ""2021-10"", ""2021-11"", ""2021-12"", ""2022-01"", ""2022-02"", ""2022-03"", ""2022-04"", ""2022-05"", ""2022-06"", ""2022-07"", ""2022-08"", ""2022-09"", ""2022-10"", ""2022-11"", ""2022-12"", ""2023-01"", ""2023-02"", ""2023-03"", ""2023-04"", ""2023-05"", ""2023-06"", ""2023-07"", ""2023-08"", ""2023-09"", ""2023-10"", ""2023-11"", ""2023-12"", ""2024-01"", ""2024-02"", ""2024-03"", ""2024-04"", ""2024-05"", ""2024-06"", ""2024-07"", ""2024-08"", ""2024-09"", ""2024-10"", ""2024-11"", ""2024-12"", ""2025-01"", ""2025-02"", ""2025-03"", ""2025-04"", ""2025-05"", ""2025-06"", ""2025-07"", ""2025-08"", ""2025-09"", ""2025-10"", ""2025-11"", ""2025-12"", ""2026-01"", ""2026-02"", ""2026-03""]",latest_factor_input; full historical cells retained in factor design,1,2025Q4,,2026-04-30 00:00:00,1727.0084327350708,2026Q1,False,False,False,False,No future reference-period timing under stated assumptions; historical revision leakage cannot be ruled out. FDI revised diagnostic only.
M0,2026-05-31 00:00:00,2026Q2,H2,2026-04,,2026-05-25 00:00:00,31.032006481399499,"[""2019-01"", ""2019-02"", ""2019-03"", ""2019-04"", ""2019-05"", ""2019-06"", ""2019-07"", ""2019-08"", ""2019-09"", ""2019-10"", ""2019-11"", ""2019-12"", ""2020-01"", ""2020-02"", ""2020-03"", ""2020-04"", ""2020-05"", ""2020-06"", ""2020-07"", ""2020-08"", ""2020-09"", ""2020-10"", ""2020-11"", ""2020-12"", ""2021-01"", ""2021-02"", ""2021-03"", ""2021-04"", ""2021-05"", ""2021-06"", ""2021-07"", ""2021-08"", ""2021-09"", ""2021-10"", ""2021-11"", ""2021-12"", ""2022-01"", ""2022-02"", ""2022-03"", ""2022-04"", ""2022-05"", ""2022-06"", ""2022-07"", ""2022-08"", ""2022-09"", ""2022-10"", ""2022-11"", ""2022-12"", ""2023-01"", ""2023-02"", ""2023-03"", ""2023-04"", ""2023-05"", ""2023-06"", ""2023-07"", ""2023-08"", ""2023-09"", ""2023-10"", ""2023-11"", ""2023-12"", ""2024-01"", ""2024-02"", ""2024-03"", ""2024-04"", ""2024-05"", ""2024-06"", ""2024-07"", ""2024-08"", ""2024-09"", ""2024-10"", ""2024-11"", ""2024-12"", ""2025-01"", ""2025-02"", ""2025-03"", ""2025-04"", ""2025-05"", ""2025-06"", ""2025-07"", ""2025-08"", ""2025-09"", ""2025-10"", ""2025-11"", ""2025-12"", ""2026-01"", ""2026-02"", ""2026-03"", ""2026-04""]",latest_factor_input; full historical cells retained in factor design,0,,,,,2026Q1,False,False,False,False,Historical M2 vintages incomplete; revised-snapshot pseudo-real-time only.
M1,2026-05-31 00:00:00,2026Q2,H2,2026-04,,2026-05-25 00:00:00,31.032006481399499,"[""2019-01"", ""2019-02"", ""2019-03"", ""2019-04"", ""2019-05"", ""2019-06"", ""2019-07"", ""2019-08"", ""2019-09"", ""2019-10"", ""2019-11"", ""2019-12"", ""2020-01"", ""2020-02"", ""2020-03"", ""2020-04"", ""2020-05"", ""2020-06"", ""2020-07"", ""2020-08"", ""2020-09"", ""2020-10"", ""2020-11"", ""2020-12"", ""2021-01"", ""2021-02"", ""2021-03"", ""2021-04"", ""2021-05"", ""2021-06"", ""2021-07"", ""2021-08"", ""2021-09"", ""2021-10"", ""2021-11"", ""2021-12"", ""2022-01"", ""2022-02"", ""2022-03"", ""2022-04"", ""2022-05"", ""2022-06"", ""2022-07"", ""2022-08"", ""2022-09"", ""2022-10"", ""2022-11"", ""2022-12"", ""2023-01"", ""2023-02"", ""2023-03"", ""2023-04"", ""2023-05"", ""2023-06"", ""2023-07"", ""2023-08"", ""2023-09"", ""2023-10"", ""2023-11"", ""2023-12"", ""2024-01"", ""2024-02"", ""2024-03"", ""2024-04"", ""2024-05"", ""2024-06"", ""2024-07"", ""2024-08"", ""2024-09"", ""2024-10"", ""2024-11"", ""2024-12"", ""2025-01"", ""2025-02"", ""2025-03"", ""2025-04"", ""2025-05"", ""2025-06"", ""2025-07"", ""2025-08"", ""2025-09"", ""2025-10"", ""2025-11"", ""2025-12"", ""2026-01"", ""2026-02"", ""2026-03"", ""2026-04""]",latest_factor_input; full historical cells retained in factor design,1,,,,,2026Q1,False,False,False,False,Historical M2 vintages incomplete; revised-snapshot pseudo-real-time only.
M2,2026-05-31 00:00:00,2026Q2,H2,2026-04,,2026-05-25 00:00:00,32.863258651449989,"[""2019-01"", ""2019-02"", ""2019-03"", ""2019-04"", ""2019-05"", ""2019-06"", ""2019-07"", ""2019-08"", ""2019-09"", ""2019-10"", ""2019-11"", ""2019-12"", ""2020-01"", ""2020-02"", ""2020-03"", ""2020-04"", ""2020-05"", ""2020-06"", ""2020-07"", ""2020-08"", ""2020-09"", ""2020-10"", ""2020-11"", ""2020-12"", ""2021-01"", ""2021-02"", ""2021-03"", ""2021-04"", ""2021-05"", ""2021-06"", ""2021-07"", ""2021-08"", ""2021-09"", ""2021-10"", ""2021-11"", ""2021-12"", ""2022-01"", ""2022-02"", ""2022-03"", ""2022-04"", ""2022-05"", ""2022-06"", ""2022-07"", ""2022-08"", ""2022-09"", ""2022-10"", ""2022-11"", ""2022-12"", ""2023-01"", ""2023-02"", ""2023-03"", ""2023-04"", ""2023-05"", ""2023-06"", ""2023-07"", ""2023-08"", ""2023-09"", ""2023-10"", ""2023-11"", ""2023-12"", ""2024-01"", ""2024-02"", ""2024-03"", ""2024-04"", ""2024-05"", ""2024-06"", ""2024-07"", ""2024-08"", ""2024-09"", ""2024-10"", ""2024-11"", ""2024-12"", ""2025-01"", ""2025-02"", ""2025-03"", ""2025-04"", ""2025-05"", ""2025-06"", ""2025-07"", ""2025-08"", ""2025-09"", ""2025-10"", ""2025-11"", ""2025-12"", ""2026-01"", ""2026-02"", ""2026-03""]",latest_factor_input; full historical cells retained in factor design,2,,,,,2026Q1,False,False,False,False,Historical M2 vintages incomplete; revised-snapshot pseudo-real-time only.
B1,2026-05-31 00:00:00,2026Q2,H2,2026-04,,2026-05-25 00:00:00,31.947632566424744,"[""2026-03"", ""2026-04""]",quarter_mean_lagged_bridge_regressor,1,,,,,2026Q1,False,False,False,False,Historical M2 vintages incomplete; revised-snapshot pseudo-real-time only.
B2,2026-05-31 00:00:00,2026Q2,H2,2026-04,,2026-05-25 00:00:00,31.993948770097859,"[""2026-02"", ""2026-03"", ""2026-04""]",quarter_mean_lagged_bridge_regressor,2,,,,,2026Q1,False,False,False,False,Historical M2 vintages incomplete; revised-snapshot pseudo-real-time only.
B3,2026-05-31 00:00:00,2026Q2,H2,2026-04,,2026-05-25 00:00:00,31.947632566424744,"[""2026-03"", ""2026-04""]",quarter_mean_lagged_bridge_regressor,1,2025Q4,,2026-03-31 00:00:00,1727.0084327350708,2026Q1,False,False,False,False,No future reference-period timing under stated assumptions; historical revision leakage cannot be ruled out. FDI revised diagnostic only.
B3_120D,2026-05-31 00:00:00,2026Q2,H2,2026-04,,2026-05-25 00:00:00,31.947632566424744,"[""2026-03"", ""2026-04""]",quarter_mean_lagged_bridge_regressor,1,2025Q4,,2026-04-30 00:00:00,1727.0084327350708,2026Q1,False,False,False,False,No future reference-period timing under stated assumptions; historical revision leakage cannot be ruled out. FDI revised diagnostic only.
B4,2026-05-31 00:00:00,2026Q2,H2,2026-04,,2026-05-25 00:00:00,31.947632566424744,"[""2026-03"", ""2026-04""]",quarter_mean_lagged_bridge_regressor,1,2025Q3,,2025-12-29 00:00:00,1057.3616439185096,2026Q1,False,False,False,False,No future reference-period timing under stated assumptions; historical revision leakage cannot be ruled out. FDI revised diagnostic only.
B4_120D,2026-05-31 00:00:00,2026Q2,H2,2026-04,,2026-05-25 00:00:00,31.947632566424744,"[""2026-03"", ""2026-04""]",quarter_mean_lagged_bridge_regressor,1,2025Q3,,2026-01-28 00:00:00,1057.3616439185096,2026Q1,False,False,False,False,No future reference-period timing under stated assumptions; historical revision leakage cannot be ruled out. FDI revised diagnostic only.
B5,2026-05-31 00:00:00,2026Q2,H2,2026-04,,2026-05-25 00:00:00,31.032006481399499,"[""2019-01"", ""2019-02"", ""2019-03"", ""2019-04"", ""2019-05"", ""2019-06"", ""2019-07"", ""2019-08"", ""2019-09"", ""2019-10"", ""2019-11"", ""2019-12"", ""2020-01"", ""2020-02"", ""2020-03"", ""2020-04"", ""2020-05"", ""2020-06"", ""2020-07"", ""2020-08"", ""2020-09"", ""2020-10"", ""2020-11"", ""2020-12"", ""2021-01"", ""2021-02"", ""2021-03"", ""2021-04"", ""2021-05"", ""2021-06"", ""2021-07"", ""2021-08"", ""2021-09"", ""2021-10"", ""2021-11"", ""2021-12"", ""2022-01"", ""2022-02"", ""2022-03"", ""2022-04"", ""2022-05"", ""2022-06"", ""2022-07"", ""2022-08"", ""2022-09"", ""2022-10"", ""2022-11"", ""2022-12"", ""2023-01"", ""2023-02"", ""2023-03"", ""2023-04"", ""2023-05"", ""2023-06"", ""2023-07"", ""2023-08"", ""2023-09"", ""2023-10"", ""2023-11"", ""2023-12"", ""2024-01"", ""2024-02"", ""2024-03"", ""2024-04"", ""2024-05"", ""2024-06"", ""2024-07"", ""2024-08"", ""2024-09"", ""2024-10"", ""2024-11"", ""2024-12"", ""2025-01"", ""2025-02"", ""2025-03"", ""2025-04"", ""2025-05"", ""2025-06"", ""2025-07"", ""2025-08"", ""2025-09"", ""2025-10"", ""2025-11"", ""2025-12"", ""2026-01"", ""2026-02"", ""2026-03"", ""2026-04""]",latest_factor_input; full historical cells retained in factor design,1,2025Q4,,2026-03-31 00:00:00,1727.0084327350708,2026Q1,False,False,False,False,No future reference-period timing under stated assumptions; historical revision leakage cannot be ruled out. FDI revised diagnostic only.
B5_120D,2026-05-31 00:00:00,2026Q2,H2,2026-04,,2026-05-25 00:00:00,31.032006481399499,"[""2019-01"", ""2019-02"", ""2019-03"", ""2019-04"", ""2019-05"", ""2019-06"", ""2019-07"", ""2019-08"", ""2019-09"", ""2019-10"", ""2019-11"", ""2019-12"", ""2020-01"", ""2020-02"", ""2020-03"", ""2020-04"", ""2020-05"", ""2020-06"", ""2020-07"", ""2020-08"", ""2020-09"", ""2020-10"", ""2020-11"", ""2020-12"", ""2021-01"", ""2021-02"", ""2021-03"", ""2021-04"", ""2021-05"", ""2021-06"", ""2021-07"", ""2021-08"", ""2021-09"", ""2021-10"", ""2021-11"", ""2021-12"", ""2022-01"", ""2022-02"", ""2022-03"", ""2022-04"", ""2022-05"", ""2022-06"", ""2022-07"", ""2022-08"", ""2022-09"", ""2022-10"", ""2022-11"", ""2022-12"", ""2023-01"", ""2023-02"", ""2023-03"", ""2023-04"", ""2023-05"", ""2023-06"", ""2023-07"", ""2023-08"", ""2023-09"", ""2023-10"", ""2023-11"", ""2023-12"", ""2024-01"", ""2024-02"", ""2024-03"", ""2024-04"", ""2024-05"", ""2024-06"", ""2024-07"", ""2024-08"", ""2024-09"", ""2024-10"", ""2024-11"", ""2024-12"", ""2025-01"", ""2025-02"", ""2025-03"", ""2025-04"", ""2025-05"", ""2025-06"", ""2025-07"", ""2025-08"", ""2025-09"", ""2025-10"", ""2025-11"", ""2025-12"", ""2026-01"", ""2026-02"", ""2026-03"", ""2026-04""]",latest_factor_input; full historical cells retained in factor design,1,2025Q4,,2026-04-30 00:00:00,1727.0084327350708,2026Q1,False,False,False,False,No future reference-period timing under stated assumptions; historical revision leakage cannot be ruled out. FDI revised diagnostic only.
M0,2026-06-30 00:00:00,2026Q2,H3,2026-05,,2026-06-25 00:00:00,31.530987705367153,"[""2019-01"", ""2019-02"", ""2019-03"", ""2019-04"", ""2019-05"", ""2019-06"", ""2019-07"", ""2019-08"", ""2019-09"", ""2019-10"", ""2019-11"", ""2019-12"", ""2020-01"", ""2020-02"", ""2020-03"", ""2020-04"", ""2020-05"", ""2020-06"", ""2020-07"", ""2020-08"", ""2020-09"", ""2020-10"", ""2020-11"", ""2020-12"", ""2021-01"", ""2021-02"", ""2021-03"", ""2021-04"", ""2021-05"", ""2021-06"", ""2021-07"", ""2021-08"", ""2021-09"", ""2021-10"", ""2021-11"", ""2021-12"", ""2022-01"", ""2022-02"", ""2022-03"", ""2022-04"", ""2022-05"", ""2022-06"", ""2022-07"", ""2022-08"", ""2022-09"", ""2022-10"", ""2022-11"", ""2022-12"", ""2023-01"", ""2023-02"", ""2023-03"", ""2023-04"", ""2023-05"", ""2023-06"", ""2023-07"", ""2023-08"", ""2023-09"", ""2023-10"", ""2023-11"", ""2023-12"", ""2024-01"", ""2024-02"", ""2024-03"", ""2024-04"", ""2024-05"", ""2024-06"", ""2024-07"", ""2024-08"", ""2024-09"", ""2024-10"", ""2024-11"", ""2024-12"", ""2025-01"", ""2025-02"", ""2025-03"", ""2025-04"", ""2025-05"", ""2025-06"", ""2025-07"", ""2025-08"", ""2025-09"", ""2025-10"", ""2025-11"", ""2025-12"", ""2026-01"", ""2026-02"", ""2026-03"", ""2026-04"", ""2026-05""]",latest_factor_input; full historical cells retained in factor design,0,,,,,2026Q1,False,False,False,False,Historical M2 vintages incomplete; revised-snapshot pseudo-real-time only.
M1,2026-06-30 00:00:00,2026Q2,H3,2026-05,,2026-06-25 00:00:00,31.530987705367153,"[""2019-01"", ""2019-02"", ""2019-03"", ""2019-04"", ""2019-05"", ""2019-06"", ""2019-07"", ""2019-08"", ""2019-09"", ""2019-10"", ""2019-11"", ""2019-12"", ""2020-01"", ""2020-02"", ""2020-03"", ""2020-04"", ""2020-05"", ""2020-06"", ""2020-07"", ""2020-08"", ""2020-09"", ""2020-10"", ""2020-11"", ""2020-12"", ""2021-01"", ""2021-02"", ""2021-03"", ""2021-04"", ""2021-05"", ""2021-06"", ""2021-07"", ""2021-08"", ""2021-09"", ""2021-10"", ""2021-11"", ""2021-12"", ""2022-01"", ""2022-02"", ""2022-03"", ""2022-04"", ""2022-05"", ""2022-06"", ""2022-07"", ""2022-08"", ""2022-09"", ""2022-10"", ""2022-11"", ""2022-12"", ""2023-01"", ""2023-02"", ""2023-03"", ""2023-04"", ""2023-05"", ""2023-06"", ""2023-07"", ""2023-08"", ""2023-09"", ""2023-10"", ""2023-11"", ""2023-12"", ""2024-01"", ""2024-02"", ""2024-03"", ""2024-04"", ""2024-05"", ""2024-06"", ""2024-07"", ""2024-08"", ""2024-09"", ""2024-10"", ""2024-11"", ""2024-12"", ""2025-01"", ""2025-02"", ""2025-03"", ""2025-04"", ""2025-05"", ""2025-06"", ""2025-07"", ""2025-08"", ""2025-09"", ""2025-10"", ""2025-11"", ""2025-12"", ""2026-01"", ""2026-02"", ""2026-03"", ""2026-04"", ""2026-05""]",latest_factor_input; full historical cells retained in factor design,1,,,,,2026Q1,False,False,False,False,Historical M2 vintages incomplete; revised-snapshot pseudo-real-time only.
M2,2026-06-30 00:00:00,2026Q2,H3,2026-05,,2026-06-25 00:00:00,31.032006481399499,"[""2019-01"", ""2019-02"", ""2019-03"", ""2019-04"", ""2019-05"", ""2019-06"", ""2019-07"", ""2019-08"", ""2019-09"", ""2019-10"", ""2019-11"", ""2019-12"", ""2020-01"", ""2020-02"", ""2020-03"", ""2020-04"", ""2020-05"", ""2020-06"", ""2020-07"", ""2020-08"", ""2020-09"", ""2020-10"", ""2020-11"", ""2020-12"", ""2021-01"", ""2021-02"", ""2021-03"", ""2021-04"", ""2021-05"", ""2021-06"", ""2021-07"", ""2021-08"", ""2021-09"", ""2021-10"", ""2021-11"", ""2021-12"", ""2022-01"", ""2022-02"", ""2022-03"", ""2022-04"", ""2022-05"", ""2022-06"", ""2022-07"", ""2022-08"", ""2022-09"", ""2022-10"", ""2022-11"", ""2022-12"", ""2023-01"", ""2023-02"", ""2023-03"", ""2023-04"", ""2023-05"", ""2023-06"", ""2023-07"", ""2023-08"", ""2023-09"", ""2023-10"", ""2023-11"", ""2023-12"", ""2024-01"", ""2024-02"", ""2024-03"", ""2024-04"", ""2024-05"", ""2024-06"", ""2024-07"", ""2024-08"", ""2024-09"", ""2024-10"", ""2024-11"", ""2024-12"", ""2025-01"", ""2025-02"", ""2025-03"", ""2025-04"", ""2025-05"", ""2025-06"", ""2025-07"", ""2025-08"", ""2025-09"", ""2025-10"", ""2025-11"", ""2025-12"", ""2026-01"", ""2026-02"", ""2026-03"", ""2026-04""]",latest_factor_input; full historical cells retained in factor design,2,,,,,2026Q1,False,False,False,False,Historical M2 vintages incomplete; revised-snapshot pseudo-real-time only.
B1,2026-06-30 00:00:00,2026Q2,H3,2026-05,,2026-06-25 00:00:00,31.808750946072212,"[""2026-03"", ""2026-04"", ""2026-05""]",quarter_mean_lagged_bridge_regressor,1,,,,,2026Q1,False,False,False,False,Historical M2 vintages incomplete; revised-snapshot pseudo-real-time only.
B2,2026-06-30 00:00:00,2026Q2,H3,2026-05,,2026-06-25 00:00:00,31.993948770097859,"[""2026-02"", ""2026-03"", ""2026-04""]",quarter_mean_lagged_bridge_regressor,2,,,,,2026Q1,False,False,False,False,Historical M2 vintages incomplete; revised-snapshot pseudo-real-time only.
B3,2026-06-30 00:00:00,2026Q2,H3,2026-05,,2026-06-25 00:00:00,31.808750946072212,"[""2026-03"", ""2026-04"", ""2026-05""]",quarter_mean_lagged_bridge_regressor,1,2026Q1,,2026-06-29 00:00:00,772.37086748734816,2026Q1,False,False,False,False,No future reference-period timing under stated assumptions; historical revision leakage cannot be ruled out. FDI revised diagnostic only.
B3_120D,2026-06-30 00:00:00,2026Q2,H3,2026-05,,2026-06-25 00:00:00,31.808750946072212,"[""2026-03"", ""2026-04"", ""2026-05""]",quarter_mean_lagged_bridge_regressor,1,2025Q4,,2026-04-30 00:00:00,1727.0084327350708,2026Q1,False,False,False,False,No future reference-period timing under stated assumptions; historical revision leakage cannot be ruled out. FDI revised diagnostic only.
B4,2026-06-30 00:00:00,2026Q2,H3,2026-05,,2026-06-25 00:00:00,31.808750946072212,"[""2026-03"", ""2026-04"", ""2026-05""]",quarter_mean_lagged_bridge_regressor,1,2025Q4,,2026-03-31 00:00:00,1727.0084327350708,2026Q1,False,False,False,False,No future reference-period timing under stated assumptions; historical revision leakage cannot be ruled out. FDI revised diagnostic only.
B4_120D,2026-06-30 00:00:00,2026Q2,H3,2026-05,,2026-06-25 00:00:00,31.808750946072212,"[""2026-03"", ""2026-04"", ""2026-05""]",quarter_mean_lagged_bridge_regressor,1,2025Q3,,2026-01-28 00:00:00,1057.3616439185096,2026Q1,False,False,False,False,No future reference-period timing under stated assumptions; historical revision leakage cannot be ruled out. FDI revised diagnostic only.
B5,2026-06-30 00:00:00,2026Q2,H3,2026-05,,2026-06-25 00:00:00,31.530987705367153,"[""2019-01"", ""2019-02"", ""2019-03"", ""2019-04"", ""2019-05"", ""2019-06"", ""2019-07"", ""2019-08"", ""2019-09"", ""2019-10"", ""2019-11"", ""2019-12"", ""2020-01"", ""2020-02"", ""2020-03"", ""2020-04"", ""2020-05"", ""2020-06"", ""2020-07"", ""2020-08"", ""2020-09"", ""2020-10"", ""2020-11"", ""2020-12"", ""2021-01"", ""2021-02"", ""2021-03"", ""2021-04"", ""2021-05"", ""2021-06"", ""2021-07"", ""2021-08"", ""2021-09"", ""2021-10"", ""2021-11"", ""2021-12"", ""2022-01"", ""2022-02"", ""2022-03"", ""2022-04"", ""2022-05"", ""2022-06"", ""2022-07"", ""2022-08"", ""2022-09"", ""2022-10"", ""2022-11"", ""2022-12"", ""2023-01"", ""2023-02"", ""2023-03"", ""2023-04"", ""2023-05"", ""2023-06"", ""2023-07"", ""2023-08"", ""2023-09"", ""2023-10"", ""2023-11"", ""2023-12"", ""2024-01"", ""2024-02"", ""2024-03"", ""2024-04"", ""2024-05"", ""2024-06"", ""2024-07"", ""2024-08"", ""2024-09"", ""2024-10"", ""2024-11"", ""2024-12"", ""2025-01"", ""2025-02"", ""2025-03"", ""2025-04"", ""2025-05"", ""2025-06"", ""2025-07"", ""2025-08"", ""2025-09"", ""2025-10"", ""2025-11"", ""2025-12"", ""2026-01"", ""2026-02"", ""2026-03"", ""2026-04"", ""2026-05""]",latest_factor_input; full historical cells retained in factor design,1,2026Q1,,2026-06-29 00:00:00,772.37086748734816,2026Q1,False,False,False,False,No future reference-period timing under stated assumptions; historical revision leakage cannot be ruled out. FDI revised diagnostic only.
B5_120D,2026-06-30 00:00:00,2026Q2,H3,2026-05,,2026-06-25 00:00:00,31.530987705367153,"[""2019-01"", ""2019-02"", ""2019-03"", ""2019-04"", ""2019-05"", ""2019-06"", ""2019-07"", ""2019-08"", ""2019-09"", ""2019-10"", ""2019-11"", ""2019-12"", ""2020-01"", ""2020-02"", ""2020-03"", ""2020-04"", ""2020-05"", ""2020-06"", ""2020-07"", ""2020-08"", ""2020-09"", ""2020-10"", ""2020-11"", ""2020-12"", ""2021-01"", ""2021-02"", ""2021-03"", ""2021-04"", ""2021-05"", ""2021-06"", ""2021-07"", ""2021-08"", ""2021-09"", ""2021-10"", ""2021-11"", ""2021-12"", ""2022-01"", ""2022-02"", ""2022-03"", ""2022-04"", ""2022-05"", ""2022-06"", ""2022-07"", ""2022-08"", ""2022-09"", ""2022-10"", ""2022-11"", ""2022-12"", ""2023-01"", ""2023-02"", ""2023-03"", ""2023-04"", ""2023-05"", ""2023-06"", ""2023-07"", ""2023-08"", ""2023-09"", ""2023-10"", ""2023-11"", ""2023-12"", ""2024-01"", ""2024-02"", ""2024-03"", ""2024-04"", ""2024-05"", ""2024-06"", ""2024-07"", ""2024-08"", ""2024-09"", ""2024-10"", ""2024-11"", ""2024-12"", ""2025-01"", ""2025-02"", ""2025-03"", ""2025-04"", ""2025-05"", ""2025-06"", ""2025-07"", ""2025-08"", ""2025-09"", ""2025-10"", ""2025-11"", ""2025-12"", ""2026-01"", ""2026-02"", ""2026-03"", ""2026-04"", ""2026-05""]",latest_factor_input; full historical cells retained in factor design,1,2025Q4,,2026-04-30 00:00:00,1727.0084327350708,2026Q1,False,False,False,False,No future reference-period timing under stated assumptions; historical revision leakage cannot be ruled out. FDI revised diagnostic only.
M0,2026-10-05 16:54:48.927036,2026Q3,H3,2026-08,,2026-09-25 00:00:00,29.973970335589328,"[""2019-01"", ""2019-02"", ""2019-03"", ""2019-04"", ""2019-05"", ""2019-06"", ""2019-07"", ""2019-08"", ""2019-09"", ""2019-10"", ""2019-11"", ""2019-12"", ""2020-01"", ""2020-02"", ""2020-03"", ""2020-04"", ""2020-05"", ""2020-06"", ""2020-07"", ""2020-08"", ""2020-09"", ""2020-10"", ""2020-11"", ""2020-12"", ""2021-01"", ""2021-02"", ""2021-03"", ""2021-04"", ""2021-05"", ""2021-06"", ""2021-07"", ""2021-08"", ""2021-09"", ""2021-10"", ""2021-11"", ""2021-12"", ""2022-01"", ""2022-02"", ""2022-03"", ""2022-04"", ""2022-05"", ""2022-06"", ""2022-07"", ""2022-08"", ""2022-09"", ""2022-10"", ""2022-11"", ""2022-12"", ""2023-01"", ""2023-02"", ""2023-03"", ""2023-04"", ""2023-05"", ""2023-06"", ""2023-07"", ""2023-08"", ""2023-09"", ""2023-10"", ""2023-11"", ""2023-12"", ""2024-01"", ""2024-02"", ""2024-03"", ""2024-04"", ""2024-05"", ""2024-06"", ""2024-07"", ""2024-08"", ""2024-09"", ""2024-10"", ""2024-11"", ""2024-12"", ""2025-01"", ""2025-02"", ""2025-03"", ""2025-04"", ""2025-05"", ""2025-06"", ""2025-07"", ""2025-08"", ""2025-09"", ""2025-10"", ""2025-11"", ""2025-12"", ""2026-01"", ""2026-02"", ""2026-03"", ""2026-04"", ""2026-05"", ""2026-06"", ""2026-07"", ""2026-08""]",latest_factor_input; full historical cells retained in factor design,0,,,,,2026Q2,False,False,False,False,Historical M2 vintages incomplete; revised-snapshot pseudo-real-time only.
M1,2026-10-05 16:54:48.927036,2026Q3,H3,2026-08,,2026-09-25 00:00:00,29.973970335589328,"[""2019-01"", ""2019-02"", ""2019-03"", ""2019-04"", ""2019-05"", ""2019-06"", ""2019-07"", ""2019-08"", ""2019-09"", ""2019-10"", ""2019-11"", ""2019-12"", ""2020-01"", ""2020-02"", ""2020-03"", ""2020-04"", ""2020-05"", ""2020-06"", ""2020-07"", ""2020-08"", ""2020-09"", ""2020-10"", ""2020-11"", ""2020-12"", ""2021-01"", ""2021-02"", ""2021-03"", ""2021-04"", ""2021-05"", ""2021-06"", ""2021-07"", ""2021-08"", ""2021-09"", ""2021-10"", ""2021-11"", ""2021-12"", ""2022-01"", ""2022-02"", ""2022-03"", ""2022-04"", ""2022-05"", ""2022-06"", ""2022-07"", ""2022-08"", ""2022-09"", ""2022-10"", ""2022-11"", ""2022-12"", ""2023-01"", ""2023-02"", ""2023-03"", ""2023-04"", ""2023-05"", ""2023-06"", ""2023-07"", ""2023-08"", ""2023-09"", ""2023-10"", ""2023-11"", ""2023-12"", ""2024-01"", ""2024-02"", ""2024-03"", ""2024-04"", ""2024-05"", ""2024-06"", ""2024-07"", ""2024-08"", ""2024-09"", ""2024-10"", ""2024-11"", ""2024-12"", ""2025-01"", ""2025-02"", ""2025-03"", ""2025-04"", ""2025-05"", ""2025-06"", ""2025-07"", ""2025-08"", ""2025-09"", ""2025-10"", ""2025-11"", ""2025-12"", ""2026-01"", ""2026-02"", ""2026-03"", ""2026-04"", ""2026-05"", ""2026-06"", ""2026-07"", ""2026-08""]",latest_factor_input; full historical cells retained in factor design,1,,,,,2026Q2,False,False,False,False,Historical M2 vintages incomplete; revised-snapshot pseudo-real-time only.
M2,2026-10-05 16:54:48.927036,2026Q3,H3,2026-08,,2026-09-25 00:00:00,31.937271538575374,"[""2019-01"", ""2019-02"", ""2019-03"", ""2019-04"", ""2019-05"", ""2019-06"", ""2019-07"", ""2019-08"", ""2019-09"", ""2019-10"", ""2019-11"", ""2019-12"", ""2020-01"", ""2020-02"", ""2020-03"", ""2020-04"", ""2020-05"", ""2020-06"", ""2020-07"", ""2020-08"", ""2020-09"", ""2020-10"", ""2020-11"", ""2020-12"", ""2021-01"", ""2021-02"", ""2021-03"", ""2021-04"", ""2021-05"", ""2021-06"", ""2021-07"", ""2021-08"", ""2021-09"", ""2021-10"", ""2021-11"", ""2021-12"", ""2022-01"", ""2022-02"", ""2022-03"", ""2022-04"", ""2022-05"", ""2022-06"", ""2022-07"", ""2022-08"", ""2022-09"", ""2022-10"", ""2022-11"", ""2022-12"", ""2023-01"", ""2023-02"", ""2023-03"", ""2023-04"", ""2023-05"", ""2023-06"", ""2023-07"", ""2023-08"", ""2023-09"", ""2023-10"", ""2023-11"", ""2023-12"", ""2024-01"", ""2024-02"", ""2024-03"", ""2024-04"", ""2024-05"", ""2024-06"", ""2024-07"", ""2024-08"", ""2024-09"", ""2024-10"", ""2024-11"", ""2024-12"", ""2025-01"", ""2025-02"", ""2025-03"", ""2025-04"", ""2025-05"", ""2025-06"", ""2025-07"", ""2025-08"", ""2025-09"", ""2025-10"", ""2025-11"", ""2025-12"", ""2026-01"", ""2026-02"", ""2026-03"", ""2026-04"", ""2026-05"", ""2026-06"", ""2026-07""]",latest_factor_input; full historical cells retained in factor design,2,,,,,2026Q2,False,False,False,False,Historical M2 vintages incomplete; revised-snapshot pseudo-real-time only.
B1,2026-10-05 16:54:48.927036,2026Q3,H3,2026-08,,2026-09-25 00:00:00,30.898368014563953,"[""2026-06"", ""2026-07"", ""2026-08""]",quarter_mean_lagged_bridge_regressor,1,,,,,2026Q2,False,False,False,False,Historical M2 vintages incomplete; revised-snapshot pseudo-real-time only.
B2,2026-10-05 16:54:48.927036,2026Q3,H3,2026-08,,2026-09-25 00:00:00,31.417373804489895,"[""2026-05"", ""2026-06"", ""2026-07""]",quarter_mean_lagged_bridge_regressor,2,,,,,2026Q2,False,False,False,False,Historical M2 vintages incomplete; revised-snapshot pseudo-real-time only.
