model,lag_mode,evaluation_group,horizon,sample,comparison,n,quarters,first_quarter,last_quarter,rmse,mae,bias,bias_convention,benchmark_rmse,benchmark_mae,rmse_difference,mae_difference
COMBO_EQUAL__DFM_DOMESTIC_3_IMPORTS__BRIDGE_A,conservative,DEVELOPMENT_PSEUDO_OOS,H1,MATCHED_SAMPLE,ar1,6,6,2024Q1,2025Q2,0.333536835766,0.259935154937,0.259935154937,actual_minus_forecast,0.385847446846,0.361584023211,-0.0523106110797,-0.101648868274
COMBO_EQUAL__DFM_DOMESTIC_3_IMPORTS__BRIDGE_A,conservative,DEVELOPMENT_PSEUDO_OOS,H2,MATCHED_SAMPLE,ar1,6,6,2024Q1,2025Q2,0.319381195575,0.255129004741,0.243103855784,actual_minus_forecast,0.385847446846,0.361584023211,-0.0664662512706,-0.10645501847
COMBO_EQUAL__DFM_DOMESTIC_3_IMPORTS__BRIDGE_A,conservative,DEVELOPMENT_PSEUDO_OOS,H3,MATCHED_SAMPLE,ar1,6,6,2024Q1,2025Q2,0.447162732019,0.389130319732,0.161971618812,actual_minus_forecast,0.385847446846,0.361584023211,0.0613152851729,0.0275462965204
COMBO_EQUAL__DFM_DOMESTIC_3_IMPORTS__BRIDGE_A,conservative,DEVELOPMENT_PSEUDO_OOS,ALL,MATCHED_SAMPLE,ar1,18,6,2024Q1,2025Q2,0.371126967405,0.301398159803,0.221670209844,actual_minus_forecast,0.385847446846,0.361584023211,-0.0147204794405,-0.0601858634079
COMBO_EQUAL__DFM_DOMESTIC_3_IMPORTS__BRIDGE_A,conservative,HISTORICAL_POST_DEVELOPMENT_TEST,H1,MATCHED_SAMPLE,ar1,4,4,2025Q3,2026Q2,1.02437244687,0.946561318494,0.946561318494,actual_minus_forecast,0.833979369096,0.731322873107,0.190393077779,0.215238445386
COMBO_EQUAL__DFM_DOMESTIC_3_IMPORTS__BRIDGE_A,conservative,HISTORICAL_POST_DEVELOPMENT_TEST,H2,MATCHED_SAMPLE,ar1,4,4,2025Q3,2026Q2,1.02567591037,0.878356663509,0.84110749494,actual_minus_forecast,0.833979369096,0.731322873107,0.191696541276,0.147033790402
COMBO_EQUAL__DFM_DOMESTIC_3_IMPORTS__BRIDGE_A,conservative,HISTORICAL_POST_DEVELOPMENT_TEST,H3,MATCHED_SAMPLE,ar1,4,4,2025Q3,2026Q2,0.990069014787,0.814639397019,0.814639397019,actual_minus_forecast,0.833979369096,0.731322873107,0.156089645692,0.0833165239118
COMBO_EQUAL__DFM_DOMESTIC_3_IMPORTS__BRIDGE_A,conservative,HISTORICAL_POST_DEVELOPMENT_TEST,ALL,MATCHED_SAMPLE,ar1,12,4,2025Q3,2026Q2,1.01350655927,0.879852459674,0.867436070151,actual_minus_forecast,0.833979369096,0.731322873107,0.179527190178,0.148529586567
COMBO_EQUAL__DFM_DOMESTIC_3_IMPORTS__BRIDGE_A,standard,DEVELOPMENT_PSEUDO_OOS,H1,MATCHED_SAMPLE,ar1,6,6,2024Q1,2025Q2,0.289530266068,0.227215209137,0.212182164246,actual_minus_forecast,0.385847446846,0.361584023211,-0.0963171807774,-0.134368814074
COMBO_EQUAL__DFM_DOMESTIC_3_IMPORTS__BRIDGE_A,standard,DEVELOPMENT_PSEUDO_OOS,H2,MATCHED_SAMPLE,ar1,6,6,2024Q1,2025Q2,0.33075204078,0.291427127866,0.181316400697,actual_minus_forecast,0.385847446846,0.361584023211,-0.0550954060658,-0.0701568953447
COMBO_EQUAL__DFM_DOMESTIC_3_IMPORTS__BRIDGE_A,standard,DEVELOPMENT_PSEUDO_OOS,H3,MATCHED_SAMPLE,ar1,6,6,2024Q1,2025Q2,0.294808555039,0.236919429658,-0.0989648649678,actual_minus_forecast,0.385847446846,0.361584023211,-0.0910388918067,-0.124664593553
COMBO_EQUAL__DFM_DOMESTIC_3_IMPORTS__BRIDGE_A,standard,DEVELOPMENT_PSEUDO_OOS,ALL,MATCHED_SAMPLE,ar1,18,6,2024Q1,2025Q2,0.305579652232,0.251853922221,0.0981778999917,actual_minus_forecast,0.385847446846,0.361584023211,-0.0802677946141,-0.10973010099
COMBO_EQUAL__DFM_DOMESTIC_3_IMPORTS__BRIDGE_A,standard,HISTORICAL_POST_DEVELOPMENT_TEST,H1,MATCHED_SAMPLE,ar1,4,4,2025Q3,2026Q2,0.979719279727,0.844033259391,0.779577699994,actual_minus_forecast,0.833979369096,0.731322873107,0.145739910632,0.112710386284
COMBO_EQUAL__DFM_DOMESTIC_3_IMPORTS__BRIDGE_A,standard,HISTORICAL_POST_DEVELOPMENT_TEST,H2,MATCHED_SAMPLE,ar1,4,4,2025Q3,2026Q2,0.940078632881,0.77125924227,0.739365961256,actual_minus_forecast,0.833979369096,0.731322873107,0.106099263785,0.0399363691631
COMBO_EQUAL__DFM_DOMESTIC_3_IMPORTS__BRIDGE_A,standard,HISTORICAL_POST_DEVELOPMENT_TEST,H3,MATCHED_SAMPLE,ar1,4,4,2025Q3,2026Q2,0.579485573665,0.45260012988,0.441507468747,actual_minus_forecast,0.833979369096,0.731322873107,-0.254493795431,-0.278722743228
COMBO_EQUAL__DFM_DOMESTIC_3_IMPORTS__BRIDGE_A,standard,HISTORICAL_POST_DEVELOPMENT_TEST,ALL,MATCHED_SAMPLE,ar1,12,4,2025Q3,2026Q2,0.852330380614,0.689297543847,0.653483709999,actual_minus_forecast,0.833979369096,0.731322873107,0.0183510115186,-0.0420253292602
COMBO_EQUAL__DFM_DOMESTIC_3_IMPORTS__BRIDGE_A,conservative,DEVELOPMENT_PSEUDO_OOS,H1,MATCHED_SAMPLE,ar2,6,6,2024Q1,2025Q2,0.333536835766,0.259935154937,0.259935154937,actual_minus_forecast,0.563783752251,0.542624868135,-0.230246916485,-0.282689713198
COMBO_EQUAL__DFM_DOMESTIC_3_IMPORTS__BRIDGE_A,conservative,DEVELOPMENT_PSEUDO_OOS,H2,MATCHED_SAMPLE,ar2,6,6,2024Q1,2025Q2,0.319381195575,0.255129004741,0.243103855784,actual_minus_forecast,0.563783752251,0.542624868135,-0.244402556676,-0.287495863394
COMBO_EQUAL__DFM_DOMESTIC_3_IMPORTS__BRIDGE_A,conservative,DEVELOPMENT_PSEUDO_OOS,H3,MATCHED_SAMPLE,ar2,6,6,2024Q1,2025Q2,0.447162732019,0.389130319732,0.161971618812,actual_minus_forecast,0.563783752251,0.542624868135,-0.116621020233,-0.153494548403
COMBO_EQUAL__DFM_DOMESTIC_3_IMPORTS__BRIDGE_A,conservative,DEVELOPMENT_PSEUDO_OOS,ALL,MATCHED_SAMPLE,ar2,18,6,2024Q1,2025Q2,0.371126967405,0.301398159803,0.221670209844,actual_minus_forecast,0.563783752251,0.542624868135,-0.192656784846,-0.241226708332
COMBO_EQUAL__DFM_DOMESTIC_3_IMPORTS__BRIDGE_A,conservative,HISTORICAL_POST_DEVELOPMENT_TEST,H1,MATCHED_SAMPLE,ar2,4,4,2025Q3,2026Q2,1.02437244687,0.946561318494,0.946561318494,actual_minus_forecast,0.987139893295,0.80890796493,0.0372325535796,0.137653353564
COMBO_EQUAL__DFM_DOMESTIC_3_IMPORTS__BRIDGE_A,conservative,HISTORICAL_POST_DEVELOPMENT_TEST,H2,MATCHED_SAMPLE,ar2,4,4,2025Q3,2026Q2,1.02567591037,0.878356663509,0.84110749494,actual_minus_forecast,0.987139893295,0.80890796493,0.0385360170768,0.069448698579
COMBO_EQUAL__DFM_DOMESTIC_3_IMPORTS__BRIDGE_A,conservative,HISTORICAL_POST_DEVELOPMENT_TEST,H3,MATCHED_SAMPLE,ar2,4,4,2025Q3,2026Q2,0.990069014787,0.814639397019,0.814639397019,actual_minus_forecast,0.987139893295,0.80890796493,0.00292912149215,0.00573143208917
COMBO_EQUAL__DFM_DOMESTIC_3_IMPORTS__BRIDGE_A,conservative,HISTORICAL_POST_DEVELOPMENT_TEST,ALL,MATCHED_SAMPLE,ar2,12,4,2025Q3,2026Q2,1.01350655927,0.879852459674,0.867436070151,actual_minus_forecast,0.987139893295,0.80890796493,0.026366665979,0.070944494744
COMBO_EQUAL__DFM_DOMESTIC_3_IMPORTS__BRIDGE_A,standard,DEVELOPMENT_PSEUDO_OOS,H1,MATCHED_SAMPLE,ar2,6,6,2024Q1,2025Q2,0.289530266068,0.227215209137,0.212182164246,actual_minus_forecast,0.563783752251,0.542624868135,-0.274253486183,-0.315409658998
COMBO_EQUAL__DFM_DOMESTIC_3_IMPORTS__BRIDGE_A,standard,DEVELOPMENT_PSEUDO_OOS,H2,MATCHED_SAMPLE,ar2,6,6,2024Q1,2025Q2,0.33075204078,0.291427127866,0.181316400697,actual_minus_forecast,0.563783752251,0.542624868135,-0.233031711472,-0.251197740269
COMBO_EQUAL__DFM_DOMESTIC_3_IMPORTS__BRIDGE_A,standard,DEVELOPMENT_PSEUDO_OOS,H3,MATCHED_SAMPLE,ar2,6,6,2024Q1,2025Q2,0.294808555039,0.236919429658,-0.0989648649678,actual_minus_forecast,0.563783752251,0.542624868135,-0.268975197212,-0.305705438477
COMBO_EQUAL__DFM_DOMESTIC_3_IMPORTS__BRIDGE_A,standard,DEVELOPMENT_PSEUDO_OOS,ALL,MATCHED_SAMPLE,ar2,18,6,2024Q1,2025Q2,0.305579652232,0.251853922221,0.0981778999917,actual_minus_forecast,0.563783752251,0.542624868135,-0.25820410002,-0.290770945914
COMBO_EQUAL__DFM_DOMESTIC_3_IMPORTS__BRIDGE_A,standard,HISTORICAL_POST_DEVELOPMENT_TEST,H1,MATCHED_SAMPLE,ar2,4,4,2025Q3,2026Q2,0.979719279727,0.844033259391,0.779577699994,actual_minus_forecast,0.987139893295,0.80890796493,-0.00742061356787,0.0351252944614
COMBO_EQUAL__DFM_DOMESTIC_3_IMPORTS__BRIDGE_A,standard,HISTORICAL_POST_DEVELOPMENT_TEST,H2,MATCHED_SAMPLE,ar2,4,4,2025Q3,2026Q2,0.940078632881,0.77125924227,0.739365961256,actual_minus_forecast,0.987139893295,0.80890796493,-0.0470612604143,-0.0376487226595
COMBO_EQUAL__DFM_DOMESTIC_3_IMPORTS__BRIDGE_A,standard,HISTORICAL_POST_DEVELOPMENT_TEST,H3,MATCHED_SAMPLE,ar2,4,4,2025Q3,2026Q2,0.579485573665,0.45260012988,0.441507468747,actual_minus_forecast,0.987139893295,0.80890796493,-0.40765431963,-0.35630783505
COMBO_EQUAL__DFM_DOMESTIC_3_IMPORTS__BRIDGE_A,standard,HISTORICAL_POST_DEVELOPMENT_TEST,ALL,MATCHED_SAMPLE,ar2,12,4,2025Q3,2026Q2,0.852330380614,0.689297543847,0.653483709999,actual_minus_forecast,0.987139893295,0.80890796493,-0.134809512681,-0.119610421083
COMBO_EQUAL__DFM_DOMESTIC_3_IMPORTS__BRIDGE_A,conservative,DEVELOPMENT_PSEUDO_OOS,H1,MATCHED_SAMPLE,ensemble_ar2_umidas_usd,6,6,2024Q1,2025Q2,0.333536835766,0.259935154937,0.259935154937,actual_minus_forecast,0.473618726641,0.452200043662,-0.140081890876,-0.192264888725
COMBO_EQUAL__DFM_DOMESTIC_3_IMPORTS__BRIDGE_A,conservative,DEVELOPMENT_PSEUDO_OOS,H2,MATCHED_SAMPLE,ensemble_ar2_umidas_usd,6,6,2024Q1,2025Q2,0.319381195575,0.255129004741,0.243103855784,actual_minus_forecast,0.449163682887,0.412876998711,-0.129782487312,-0.15774799397
COMBO_EQUAL__DFM_DOMESTIC_3_IMPORTS__BRIDGE_A,conservative,DEVELOPMENT_PSEUDO_OOS,H3,MATCHED_SAMPLE,ensemble_ar2_umidas_usd,6,6,2024Q1,2025Q2,0.447162732019,0.389130319732,0.161971618812,actual_minus_forecast,0.495334629592,0.455640792953,-0.0481718975736,-0.0665104732216
COMBO_EQUAL__DFM_DOMESTIC_3_IMPORTS__BRIDGE_A,conservative,DEVELOPMENT_PSEUDO_OOS,ALL,MATCHED_SAMPLE,ensemble_ar2_umidas_usd,18,6,2024Q1,2025Q2,0.371126967405,0.301398159803,0.221670209844,actual_minus_forecast,0.473081778527,0.440239278442,-0.101954811122,-0.138841118639
COMBO_EQUAL__DFM_DOMESTIC_3_IMPORTS__BRIDGE_A,conservative,HISTORICAL_POST_DEVELOPMENT_TEST,H1,MATCHED_SAMPLE,ensemble_ar2_umidas_usd,4,4,2025Q3,2026Q2,1.02437244687,0.946561318494,0.946561318494,actual_minus_forecast,0.799938051857,0.62562514755,0.224434395017,0.320936170944
COMBO_EQUAL__DFM_DOMESTIC_3_IMPORTS__BRIDGE_A,conservative,HISTORICAL_POST_DEVELOPMENT_TEST,H2,MATCHED_SAMPLE,ensemble_ar2_umidas_usd,4,4,2025Q3,2026Q2,1.02567591037,0.878356663509,0.84110749494,actual_minus_forecast,0.851830629866,0.71376804648,0.173845280506,0.164588617029
COMBO_EQUAL__DFM_DOMESTIC_3_IMPORTS__BRIDGE_A,conservative,HISTORICAL_POST_DEVELOPMENT_TEST,H3,MATCHED_SAMPLE,ensemble_ar2_umidas_usd,4,4,2025Q3,2026Q2,0.990069014787,0.814639397019,0.814639397019,actual_minus_forecast,0.866287255243,0.666851762127,0.123781759544,0.147787634892
COMBO_EQUAL__DFM_DOMESTIC_3_IMPORTS__BRIDGE_A,conservative,HISTORICAL_POST_DEVELOPMENT_TEST,ALL,MATCHED_SAMPLE,ensemble_ar2_umidas_usd,12,4,2025Q3,2026Q2,1.01350655927,0.879852459674,0.867436070151,actual_minus_forecast,0.839835284919,0.668748318719,0.173671274355,0.211104140955
COMBO_EQUAL__DFM_DOMESTIC_3_IMPORTS__BRIDGE_A,standard,DEVELOPMENT_PSEUDO_OOS,H1,MATCHED_SAMPLE,ensemble_ar2_umidas_usd,6,6,2024Q1,2025Q2,0.289530266068,0.227215209137,0.212182164246,actual_minus_forecast,0.449163682887,0.412876998711,-0.159633416819,-0.185661789573
COMBO_EQUAL__DFM_DOMESTIC_3_IMPORTS__BRIDGE_A,standard,DEVELOPMENT_PSEUDO_OOS,H2,MATCHED_SAMPLE,ensemble_ar2_umidas_usd,6,6,2024Q1,2025Q2,0.33075204078,0.291427127866,0.181316400697,actual_minus_forecast,0.495334629592,0.455640792953,-0.164582588812,-0.164213665087
COMBO_EQUAL__DFM_DOMESTIC_3_IMPORTS__BRIDGE_A,standard,DEVELOPMENT_PSEUDO_OOS,H3,MATCHED_SAMPLE,ensemble_ar2_umidas_usd,6,6,2024Q1,2025Q2,0.294808555039,0.236919429658,-0.0989648649678,actual_minus_forecast,0.311729199403,0.277580301552,-0.0169206443644,-0.0406608718943
COMBO_EQUAL__DFM_DOMESTIC_3_IMPORTS__BRIDGE_A,standard,DEVELOPMENT_PSEUDO_OOS,ALL,MATCHED_SAMPLE,ensemble_ar2_umidas_usd,18,6,2024Q1,2025Q2,0.305579652232,0.251853922221,0.0981778999917,actual_minus_forecast,0.425941898643,0.382032697739,-0.120362246412,-0.130178775518
COMBO_EQUAL__DFM_DOMESTIC_3_IMPORTS__BRIDGE_A,standard,HISTORICAL_POST_DEVELOPMENT_TEST,H1,MATCHED_SAMPLE,ensemble_ar2_umidas_usd,4,4,2025Q3,2026Q2,0.979719279727,0.844033259391,0.779577699994,actual_minus_forecast,0.851830629866,0.71376804648,0.127888649862,0.130265212911
COMBO_EQUAL__DFM_DOMESTIC_3_IMPORTS__BRIDGE_A,standard,HISTORICAL_POST_DEVELOPMENT_TEST,H2,MATCHED_SAMPLE,ensemble_ar2_umidas_usd,4,4,2025Q3,2026Q2,0.940078632881,0.77125924227,0.739365961256,actual_minus_forecast,0.866287255243,0.666851762127,0.0737913776377,0.104407480143
COMBO_EQUAL__DFM_DOMESTIC_3_IMPORTS__BRIDGE_A,standard,HISTORICAL_POST_DEVELOPMENT_TEST,H3,MATCHED_SAMPLE,ensemble_ar2_umidas_usd,4,4,2025Q3,2026Q2,0.579485573665,0.45260012988,0.441507468747,actual_minus_forecast,0.529781426202,0.370556063932,0.0497041474633,0.0820440659473
COMBO_EQUAL__DFM_DOMESTIC_3_IMPORTS__BRIDGE_A,standard,HISTORICAL_POST_DEVELOPMENT_TEST,ALL,MATCHED_SAMPLE,ensemble_ar2_umidas_usd,12,4,2025Q3,2026Q2,0.852330380614,0.689297543847,0.653483709999,actual_minus_forecast,0.765231422539,0.583725290846,0.0870989580755,0.105572253001
COMBO_EQUAL__DFM_DOMESTIC_3_IMPORTS__BRIDGE_A,conservative,DEVELOPMENT_PSEUDO_OOS,H1,MATCHED_SAMPLE,umidas_usd_uzs_mom_dlog,6,6,2024Q1,2025Q2,0.333536835766,0.259935154937,0.259935154937,actual_minus_forecast,0.391489259917,0.361775219189,-0.0579524241508,-0.101840064252
COMBO_EQUAL__DFM_DOMESTIC_3_IMPORTS__BRIDGE_A,conservative,DEVELOPMENT_PSEUDO_OOS,H2,MATCHED_SAMPLE,umidas_usd_uzs_mom_dlog,6,6,2024Q1,2025Q2,0.319381195575,0.255129004741,0.243103855784,actual_minus_forecast,0.375942290112,0.324961882186,-0.0565610945367,-0.069832877445
COMBO_EQUAL__DFM_DOMESTIC_3_IMPORTS__BRIDGE_A,conservative,DEVELOPMENT_PSEUDO_OOS,H3,MATCHED_SAMPLE,umidas_usd_uzs_mom_dlog,6,6,2024Q1,2025Q2,0.447162732019,0.389130319732,0.161971618812,actual_minus_forecast,0.464896459626,0.412981871049,-0.0177337276077,-0.0238515513177
COMBO_EQUAL__DFM_DOMESTIC_3_IMPORTS__BRIDGE_A,conservative,DEVELOPMENT_PSEUDO_OOS,ALL,MATCHED_SAMPLE,umidas_usd_uzs_mom_dlog,18,6,2024Q1,2025Q2,0.371126967405,0.301398159803,0.221670209844,actual_minus_forecast,0.41260358873,0.366572990808,-0.0414766213245,-0.0651748310048
COMBO_EQUAL__DFM_DOMESTIC_3_IMPORTS__BRIDGE_A,conservative,HISTORICAL_POST_DEVELOPMENT_TEST,H1,MATCHED_SAMPLE,umidas_usd_uzs_mom_dlog,4,4,2025Q3,2026Q2,1.02437244687,0.946561318494,0.946561318494,actual_minus_forecast,0.623620009265,0.44234233017,0.40075243761,0.504218988323
COMBO_EQUAL__DFM_DOMESTIC_3_IMPORTS__BRIDGE_A,conservative,HISTORICAL_POST_DEVELOPMENT_TEST,H2,MATCHED_SAMPLE,umidas_usd_uzs_mom_dlog,4,4,2025Q3,2026Q2,1.02567591037,0.878356663509,0.84110749494,actual_minus_forecast,0.966957153678,0.9124983665,0.0587187566941,-0.0341417029909
COMBO_EQUAL__DFM_DOMESTIC_3_IMPORTS__BRIDGE_A,conservative,HISTORICAL_POST_DEVELOPMENT_TEST,H3,MATCHED_SAMPLE,umidas_usd_uzs_mom_dlog,4,4,2025Q3,2026Q2,0.990069014787,0.814639397019,0.814639397019,actual_minus_forecast,0.930196784122,0.818665797794,0.0598722306657,-0.00402640077479
COMBO_EQUAL__DFM_DOMESTIC_3_IMPORTS__BRIDGE_A,conservative,HISTORICAL_POST_DEVELOPMENT_TEST,ALL,MATCHED_SAMPLE,umidas_usd_uzs_mom_dlog,12,4,2025Q3,2026Q2,1.01350655927,0.879852459674,0.867436070151,actual_minus_forecast,0.854239254189,0.724502164821,0.159267305085,0.155350294853
COMBO_EQUAL__DFM_DOMESTIC_3_IMPORTS__BRIDGE_A,standard,DEVELOPMENT_PSEUDO_OOS,H1,MATCHED_SAMPLE,umidas_usd_uzs_mom_dlog,6,6,2024Q1,2025Q2,0.289530266068,0.227215209137,0.212182164246,actual_minus_forecast,0.375942290112,0.324961882186,-0.0864120240435,-0.0977466730487
COMBO_EQUAL__DFM_DOMESTIC_3_IMPORTS__BRIDGE_A,standard,DEVELOPMENT_PSEUDO_OOS,H2,MATCHED_SAMPLE,umidas_usd_uzs_mom_dlog,6,6,2024Q1,2025Q2,0.33075204078,0.291427127866,0.181316400697,actual_minus_forecast,0.464896459626,0.412981871049,-0.134144418846,-0.121554743183
COMBO_EQUAL__DFM_DOMESTIC_3_IMPORTS__BRIDGE_A,standard,DEVELOPMENT_PSEUDO_OOS,H3,MATCHED_SAMPLE,umidas_usd_uzs_mom_dlog,6,6,2024Q1,2025Q2,0.294808555039,0.236919429658,-0.0989648649678,actual_minus_forecast,0.523137754912,0.369755492537,-0.228329199873,-0.132836062879
COMBO_EQUAL__DFM_DOMESTIC_3_IMPORTS__BRIDGE_A,standard,DEVELOPMENT_PSEUDO_OOS,ALL,MATCHED_SAMPLE,umidas_usd_uzs_mom_dlog,18,6,2024Q1,2025Q2,0.305579652232,0.251853922221,0.0981778999917,actual_minus_forecast,0.458669973686,0.369233081924,-0.153090321454,-0.117379159703
COMBO_EQUAL__DFM_DOMESTIC_3_IMPORTS__BRIDGE_A,standard,HISTORICAL_POST_DEVELOPMENT_TEST,H1,MATCHED_SAMPLE,umidas_usd_uzs_mom_dlog,4,4,2025Q3,2026Q2,0.979719279727,0.844033259391,0.779577699994,actual_minus_forecast,0.966957153678,0.9124983665,0.0127621260494,-0.0684651071085
COMBO_EQUAL__DFM_DOMESTIC_3_IMPORTS__BRIDGE_A,standard,HISTORICAL_POST_DEVELOPMENT_TEST,H2,MATCHED_SAMPLE,umidas_usd_uzs_mom_dlog,4,4,2025Q3,2026Q2,0.940078632881,0.77125924227,0.739365961256,actual_minus_forecast,0.930196784122,0.818665797794,0.00988184875918,-0.0474065555235
COMBO_EQUAL__DFM_DOMESTIC_3_IMPORTS__BRIDGE_A,standard,HISTORICAL_POST_DEVELOPMENT_TEST,H3,MATCHED_SAMPLE,umidas_usd_uzs_mom_dlog,4,4,2025Q3,2026Q2,0.579485573665,0.45260012988,0.441507468747,actual_minus_forecast,0.542804853388,0.44415706812,0.0366807202771,0.00844306175937
COMBO_EQUAL__DFM_DOMESTIC_3_IMPORTS__BRIDGE_A,standard,HISTORICAL_POST_DEVELOPMENT_TEST,ALL,MATCHED_SAMPLE,umidas_usd_uzs_mom_dlog,12,4,2025Q3,2026Q2,0.852330380614,0.689297543847,0.653483709999,actual_minus_forecast,0.835645320117,0.725107077471,0.0166850604972,-0.0358095336242
COMBO_EQUAL__DFM_DOMESTIC_3_IMPORTS__BRIDGE_B,conservative,DEVELOPMENT_PSEUDO_OOS,H1,MATCHED_SAMPLE,ar1,6,6,2024Q1,2025Q2,0.278033581644,0.214088053808,0.214088053808,actual_minus_forecast,0.385847446846,0.361584023211,-0.107813865202,-0.147495969403
COMBO_EQUAL__DFM_DOMESTIC_3_IMPORTS__BRIDGE_B,conservative,DEVELOPMENT_PSEUDO_OOS,H2,MATCHED_SAMPLE,ar1,6,6,2024Q1,2025Q2,0.267284917772,0.215165808305,0.184505597689,actual_minus_forecast,0.385847446846,0.361584023211,-0.118562529073,-0.146418214906
COMBO_EQUAL__DFM_DOMESTIC_3_IMPORTS__BRIDGE_B,conservative,DEVELOPMENT_PSEUDO_OOS,H3,MATCHED_SAMPLE,ar1,6,6,2024Q1,2025Q2,0.34020415736,0.309936934132,0.159587272681,actual_minus_forecast,0.385847446846,0.361584023211,-0.0456432894858,-0.0516470890791
COMBO_EQUAL__DFM_DOMESTIC_3_IMPORTS__BRIDGE_B,conservative,DEVELOPMENT_PSEUDO_OOS,ALL,MATCHED_SAMPLE,ar1,18,6,2024Q1,2025Q2,0.296919050964,0.246396932082,0.186060308059,actual_minus_forecast,0.385847446846,0.361584023211,-0.0889283958821,-0.115187091129
COMBO_EQUAL__DFM_DOMESTIC_3_IMPORTS__BRIDGE_B,conservative,HISTORICAL_POST_DEVELOPMENT_TEST,H1,MATCHED_SAMPLE,ar1,4,4,2025Q3,2026Q2,0.787330605507,0.6817808223,0.6817808223,actual_minus_forecast,0.833979369096,0.731322873107,-0.0466487635886,-0.049542050807
COMBO_EQUAL__DFM_DOMESTIC_3_IMPORTS__BRIDGE_B,conservative,HISTORICAL_POST_DEVELOPMENT_TEST,H2,MATCHED_SAMPLE,ar1,4,4,2025Q3,2026Q2,0.839966189442,0.748263620115,0.602140109562,actual_minus_forecast,0.833979369096,0.731322873107,0.00598682034594,0.0169407470078
COMBO_EQUAL__DFM_DOMESTIC_3_IMPORTS__BRIDGE_B,conservative,HISTORICAL_POST_DEVELOPMENT_TEST,H3,MATCHED_SAMPLE,ar1,4,4,2025Q3,2026Q2,0.834728929298,0.694719006998,0.599266912438,actual_minus_forecast,0.833979369096,0.731322873107,0.000749560202415,-0.0366038661091
COMBO_EQUAL__DFM_DOMESTIC_3_IMPORTS__BRIDGE_B,conservative,HISTORICAL_POST_DEVELOPMENT_TEST,ALL,MATCHED_SAMPLE,ar1,12,4,2025Q3,2026Q2,0.821016659835,0.708254483138,0.627729281433,actual_minus_forecast,0.833979369096,0.731322873107,-0.0129627092606,-0.0230683899695
COMBO_EQUAL__DFM_DOMESTIC_3_IMPORTS__BRIDGE_B,standard,DEVELOPMENT_PSEUDO_OOS,H1,MATCHED_SAMPLE,ar1,6,6,2024Q1,2025Q2,0.253796914299,0.202029371969,0.16997541687,actual_minus_forecast,0.385847446846,0.361584023211,-0.132050532547,-0.159554651242
COMBO_EQUAL__DFM_DOMESTIC_3_IMPORTS__BRIDGE_B,standard,DEVELOPMENT_PSEUDO_OOS,H2,MATCHED_SAMPLE,ar1,6,6,2024Q1,2025Q2,0.295323158495,0.259093097377,0.174823497078,actual_minus_forecast,0.385847446846,0.361584023211,-0.0905242883507,-0.102490925834
COMBO_EQUAL__DFM_DOMESTIC_3_IMPORTS__BRIDGE_B,standard,DEVELOPMENT_PSEUDO_OOS,H3,MATCHED_SAMPLE,ar1,6,6,2024Q1,2025Q2,0.231444574257,0.201402415971,-0.0874919923604,actual_minus_forecast,0.385847446846,0.361584023211,-0.154402872589,-0.16018160724
COMBO_EQUAL__DFM_DOMESTIC_3_IMPORTS__BRIDGE_B,standard,DEVELOPMENT_PSEUDO_OOS,ALL,MATCHED_SAMPLE,ar1,18,6,2024Q1,2025Q2,0.261530898496,0.220841628439,0.0857689738623,actual_minus_forecast,0.385847446846,0.361584023211,-0.12431654835,-0.140742394772
COMBO_EQUAL__DFM_DOMESTIC_3_IMPORTS__BRIDGE_B,standard,HISTORICAL_POST_DEVELOPMENT_TEST,H1,MATCHED_SAMPLE,ar1,4,4,2025Q3,2026Q2,0.82982394747,0.738907194652,0.581676989065,actual_minus_forecast,0.833979369096,0.731322873107,-0.00415542162544,0.00758432154432
COMBO_EQUAL__DFM_DOMESTIC_3_IMPORTS__BRIDGE_B,standard,HISTORICAL_POST_DEVELOPMENT_TEST,H2,MATCHED_SAMPLE,ar1,4,4,2025Q3,2026Q2,0.824006278871,0.687897862063,0.574187698914,actual_minus_forecast,0.833979369096,0.731322873107,-0.00997309022465,-0.0434250110441
COMBO_EQUAL__DFM_DOMESTIC_3_IMPORTS__BRIDGE_B,standard,HISTORICAL_POST_DEVELOPMENT_TEST,H3,MATCHED_SAMPLE,ar1,4,4,2025Q3,2026Q2,0.489460021196,0.38659178177,0.292996823021,actual_minus_forecast,0.833979369096,0.731322873107,-0.3445193479,-0.344731091337
COMBO_EQUAL__DFM_DOMESTIC_3_IMPORTS__BRIDGE_B,standard,HISTORICAL_POST_DEVELOPMENT_TEST,ALL,MATCHED_SAMPLE,ar1,12,4,2025Q3,2026Q2,0.731930152351,0.604465612828,0.482953837,actual_minus_forecast,0.833979369096,0.731322873107,-0.102049216744,-0.126857260279
COMBO_EQUAL__DFM_DOMESTIC_3_IMPORTS__BRIDGE_B,conservative,DEVELOPMENT_PSEUDO_OOS,H1,MATCHED_SAMPLE,ar2,6,6,2024Q1,2025Q2,0.278033581644,0.214088053808,0.214088053808,actual_minus_forecast,0.563783752251,0.542624868135,-0.285750170607,-0.328536814327
COMBO_EQUAL__DFM_DOMESTIC_3_IMPORTS__BRIDGE_B,conservative,DEVELOPMENT_PSEUDO_OOS,H2,MATCHED_SAMPLE,ar2,6,6,2024Q1,2025Q2,0.267284917772,0.215165808305,0.184505597689,actual_minus_forecast,0.563783752251,0.542624868135,-0.296498834479,-0.32745905983
COMBO_EQUAL__DFM_DOMESTIC_3_IMPORTS__BRIDGE_B,conservative,DEVELOPMENT_PSEUDO_OOS,H3,MATCHED_SAMPLE,ar2,6,6,2024Q1,2025Q2,0.34020415736,0.309936934132,0.159587272681,actual_minus_forecast,0.563783752251,0.542624868135,-0.223579594892,-0.232687934003
COMBO_EQUAL__DFM_DOMESTIC_3_IMPORTS__BRIDGE_B,conservative,DEVELOPMENT_PSEUDO_OOS,ALL,MATCHED_SAMPLE,ar2,18,6,2024Q1,2025Q2,0.296919050964,0.246396932082,0.186060308059,actual_minus_forecast,0.563783752251,0.542624868135,-0.266864701288,-0.296227936053
COMBO_EQUAL__DFM_DOMESTIC_3_IMPORTS__BRIDGE_B,conservative,HISTORICAL_POST_DEVELOPMENT_TEST,H1,MATCHED_SAMPLE,ar2,4,4,2025Q3,2026Q2,0.787330605507,0.6817808223,0.6817808223,actual_minus_forecast,0.987139893295,0.80890796493,-0.199809287788,-0.12712714263
COMBO_EQUAL__DFM_DOMESTIC_3_IMPORTS__BRIDGE_B,conservative,HISTORICAL_POST_DEVELOPMENT_TEST,H2,MATCHED_SAMPLE,ar2,4,4,2025Q3,2026Q2,0.839966189442,0.748263620115,0.602140109562,actual_minus_forecast,0.987139893295,0.80890796493,-0.147173703853,-0.0606443448149
COMBO_EQUAL__DFM_DOMESTIC_3_IMPORTS__BRIDGE_B,conservative,HISTORICAL_POST_DEVELOPMENT_TEST,H3,MATCHED_SAMPLE,ar2,4,4,2025Q3,2026Q2,0.834728929298,0.694719006998,0.599266912438,actual_minus_forecast,0.987139893295,0.80890796493,-0.152410963997,-0.114188957932
COMBO_EQUAL__DFM_DOMESTIC_3_IMPORTS__BRIDGE_B,conservative,HISTORICAL_POST_DEVELOPMENT_TEST,ALL,MATCHED_SAMPLE,ar2,12,4,2025Q3,2026Q2,0.821016659835,0.708254483138,0.627729281433,actual_minus_forecast,0.987139893295,0.80890796493,-0.16612323346,-0.100653481792
COMBO_EQUAL__DFM_DOMESTIC_3_IMPORTS__BRIDGE_B,standard,DEVELOPMENT_PSEUDO_OOS,H1,MATCHED_SAMPLE,ar2,6,6,2024Q1,2025Q2,0.253796914299,0.202029371969,0.16997541687,actual_minus_forecast,0.563783752251,0.542624868135,-0.309986837952,-0.340595496166
COMBO_EQUAL__DFM_DOMESTIC_3_IMPORTS__BRIDGE_B,standard,DEVELOPMENT_PSEUDO_OOS,H2,MATCHED_SAMPLE,ar2,6,6,2024Q1,2025Q2,0.295323158495,0.259093097377,0.174823497078,actual_minus_forecast,0.563783752251,0.542624868135,-0.268460593756,-0.283531770758
COMBO_EQUAL__DFM_DOMESTIC_3_IMPORTS__BRIDGE_B,standard,DEVELOPMENT_PSEUDO_OOS,H3,MATCHED_SAMPLE,ar2,6,6,2024Q1,2025Q2,0.231444574257,0.201402415971,-0.0874919923604,actual_minus_forecast,0.563783752251,0.542624868135,-0.332339177994,-0.341222452164
COMBO_EQUAL__DFM_DOMESTIC_3_IMPORTS__BRIDGE_B,standard,DEVELOPMENT_PSEUDO_OOS,ALL,MATCHED_SAMPLE,ar2,18,6,2024Q1,2025Q2,0.261530898496,0.220841628439,0.0857689738623,actual_minus_forecast,0.563783752251,0.542624868135,-0.302252853756,-0.321783239696
COMBO_EQUAL__DFM_DOMESTIC_3_IMPORTS__BRIDGE_B,standard,HISTORICAL_POST_DEVELOPMENT_TEST,H1,MATCHED_SAMPLE,ar2,4,4,2025Q3,2026Q2,0.82982394747,0.738907194652,0.581676989065,actual_minus_forecast,0.987139893295,0.80890796493,-0.157315945825,-0.0700007702783
COMBO_EQUAL__DFM_DOMESTIC_3_IMPORTS__BRIDGE_B,standard,HISTORICAL_POST_DEVELOPMENT_TEST,H2,MATCHED_SAMPLE,ar2,4,4,2025Q3,2026Q2,0.824006278871,0.687897862063,0.574187698914,actual_minus_forecast,0.987139893295,0.80890796493,-0.163133614424,-0.121010102867
COMBO_EQUAL__DFM_DOMESTIC_3_IMPORTS__BRIDGE_B,standard,HISTORICAL_POST_DEVELOPMENT_TEST,H3,MATCHED_SAMPLE,ar2,4,4,2025Q3,2026Q2,0.489460021196,0.38659178177,0.292996823021,actual_minus_forecast,0.987139893295,0.80890796493,-0.497679872099,-0.42231618316
COMBO_EQUAL__DFM_DOMESTIC_3_IMPORTS__BRIDGE_B,standard,HISTORICAL_POST_DEVELOPMENT_TEST,ALL,MATCHED_SAMPLE,ar2,12,4,2025Q3,2026Q2,0.731930152351,0.604465612828,0.482953837,actual_minus_forecast,0.987139893295,0.80890796493,-0.255209740944,-0.204442352102
COMBO_EQUAL__DFM_DOMESTIC_3_IMPORTS__BRIDGE_B,conservative,DEVELOPMENT_PSEUDO_OOS,H1,MATCHED_SAMPLE,ensemble_ar2_umidas_usd,6,6,2024Q1,2025Q2,0.278033581644,0.214088053808,0.214088053808,actual_minus_forecast,0.473618726641,0.452200043662,-0.195585144998,-0.238111989854
COMBO_EQUAL__DFM_DOMESTIC_3_IMPORTS__BRIDGE_B,conservative,DEVELOPMENT_PSEUDO_OOS,H2,MATCHED_SAMPLE,ensemble_ar2_umidas_usd,6,6,2024Q1,2025Q2,0.267284917772,0.215165808305,0.184505597689,actual_minus_forecast,0.449163682887,0.412876998711,-0.181878765115,-0.197711190405
COMBO_EQUAL__DFM_DOMESTIC_3_IMPORTS__BRIDGE_B,conservative,DEVELOPMENT_PSEUDO_OOS,H3,MATCHED_SAMPLE,ensemble_ar2_umidas_usd,6,6,2024Q1,2025Q2,0.34020415736,0.309936934132,0.159587272681,actual_minus_forecast,0.495334629592,0.455640792953,-0.155130472232,-0.145703858821
COMBO_EQUAL__DFM_DOMESTIC_3_IMPORTS__BRIDGE_B,conservative,DEVELOPMENT_PSEUDO_OOS,ALL,MATCHED_SAMPLE,ensemble_ar2_umidas_usd,18,6,2024Q1,2025Q2,0.296919050964,0.246396932082,0.186060308059,actual_minus_forecast,0.473081778527,0.440239278442,-0.176162727564,-0.19384234636
COMBO_EQUAL__DFM_DOMESTIC_3_IMPORTS__BRIDGE_B,conservative,HISTORICAL_POST_DEVELOPMENT_TEST,H1,MATCHED_SAMPLE,ensemble_ar2_umidas_usd,4,4,2025Q3,2026Q2,0.787330605507,0.6817808223,0.6817808223,actual_minus_forecast,0.799938051857,0.62562514755,-0.0126074463504,0.0561556747501
COMBO_EQUAL__DFM_DOMESTIC_3_IMPORTS__BRIDGE_B,conservative,HISTORICAL_POST_DEVELOPMENT_TEST,H2,MATCHED_SAMPLE,ensemble_ar2_umidas_usd,4,4,2025Q3,2026Q2,0.839966189442,0.748263620115,0.602140109562,actual_minus_forecast,0.851830629866,0.71376804648,-0.011864440424,0.0344955736351
COMBO_EQUAL__DFM_DOMESTIC_3_IMPORTS__BRIDGE_B,conservative,HISTORICAL_POST_DEVELOPMENT_TEST,H3,MATCHED_SAMPLE,ensemble_ar2_umidas_usd,4,4,2025Q3,2026Q2,0.834728929298,0.694719006998,0.599266912438,actual_minus_forecast,0.866287255243,0.666851762127,-0.0315583259449,0.0278672448712
COMBO_EQUAL__DFM_DOMESTIC_3_IMPORTS__BRIDGE_B,conservative,HISTORICAL_POST_DEVELOPMENT_TEST,ALL,MATCHED_SAMPLE,ensemble_ar2_umidas_usd,12,4,2025Q3,2026Q2,0.821016659835,0.708254483138,0.627729281433,actual_minus_forecast,0.839835284919,0.668748318719,-0.0188186250836,0.0395061644188
COMBO_EQUAL__DFM_DOMESTIC_3_IMPORTS__BRIDGE_B,standard,DEVELOPMENT_PSEUDO_OOS,H1,MATCHED_SAMPLE,ensemble_ar2_umidas_usd,6,6,2024Q1,2025Q2,0.253796914299,0.202029371969,0.16997541687,actual_minus_forecast,0.449163682887,0.412876998711,-0.195366768588,-0.210847626742
COMBO_EQUAL__DFM_DOMESTIC_3_IMPORTS__BRIDGE_B,standard,DEVELOPMENT_PSEUDO_OOS,H2,MATCHED_SAMPLE,ensemble_ar2_umidas_usd,6,6,2024Q1,2025Q2,0.295323158495,0.259093097377,0.174823497078,actual_minus_forecast,0.495334629592,0.455640792953,-0.200011471097,-0.196547695576
COMBO_EQUAL__DFM_DOMESTIC_3_IMPORTS__BRIDGE_B,standard,DEVELOPMENT_PSEUDO_OOS,H3,MATCHED_SAMPLE,ensemble_ar2_umidas_usd,6,6,2024Q1,2025Q2,0.231444574257,0.201402415971,-0.0874919923604,actual_minus_forecast,0.311729199403,0.277580301552,-0.0802846251465,-0.0761778855811
COMBO_EQUAL__DFM_DOMESTIC_3_IMPORTS__BRIDGE_B,standard,DEVELOPMENT_PSEUDO_OOS,ALL,MATCHED_SAMPLE,ensemble_ar2_umidas_usd,18,6,2024Q1,2025Q2,0.261530898496,0.220841628439,0.0857689738623,actual_minus_forecast,0.425941898643,0.382032697739,-0.164411000147,-0.1611910693
COMBO_EQUAL__DFM_DOMESTIC_3_IMPORTS__BRIDGE_B,standard,HISTORICAL_POST_DEVELOPMENT_TEST,H1,MATCHED_SAMPLE,ensemble_ar2_umidas_usd,4,4,2025Q3,2026Q2,0.82982394747,0.738907194652,0.581676989065,actual_minus_forecast,0.851830629866,0.71376804648,-0.0220066823954,0.0251391481717
COMBO_EQUAL__DFM_DOMESTIC_3_IMPORTS__BRIDGE_B,standard,HISTORICAL_POST_DEVELOPMENT_TEST,H2,MATCHED_SAMPLE,ensemble_ar2_umidas_usd,4,4,2025Q3,2026Q2,0.824006278871,0.687897862063,0.574187698914,actual_minus_forecast,0.866287255243,0.666851762127,-0.0422809763719,0.0210460999362
COMBO_EQUAL__DFM_DOMESTIC_3_IMPORTS__BRIDGE_B,standard,HISTORICAL_POST_DEVELOPMENT_TEST,H3,MATCHED_SAMPLE,ensemble_ar2_umidas_usd,4,4,2025Q3,2026Q2,0.489460021196,0.38659178177,0.292996823021,actual_minus_forecast,0.529781426202,0.370556063932,-0.0403214050059,0.0160357178381
COMBO_EQUAL__DFM_DOMESTIC_3_IMPORTS__BRIDGE_B,standard,HISTORICAL_POST_DEVELOPMENT_TEST,ALL,MATCHED_SAMPLE,ensemble_ar2_umidas_usd,12,4,2025Q3,2026Q2,0.731930152351,0.604465612828,0.482953837,actual_minus_forecast,0.765231422539,0.583725290846,-0.0333012701874,0.020740321982
COMBO_EQUAL__DFM_DOMESTIC_3_IMPORTS__BRIDGE_B,conservative,DEVELOPMENT_PSEUDO_OOS,H1,MATCHED_SAMPLE,umidas_usd_uzs_mom_dlog,6,6,2024Q1,2025Q2,0.278033581644,0.214088053808,0.214088053808,actual_minus_forecast,0.391489259917,0.361775219189,-0.113455678273,-0.14768716538
COMBO_EQUAL__DFM_DOMESTIC_3_IMPORTS__BRIDGE_B,conservative,DEVELOPMENT_PSEUDO_OOS,H2,MATCHED_SAMPLE,umidas_usd_uzs_mom_dlog,6,6,2024Q1,2025Q2,0.267284917772,0.215165808305,0.184505597689,actual_minus_forecast,0.375942290112,0.324961882186,-0.10865737234,-0.109796073881
COMBO_EQUAL__DFM_DOMESTIC_3_IMPORTS__BRIDGE_B,conservative,DEVELOPMENT_PSEUDO_OOS,H3,MATCHED_SAMPLE,umidas_usd_uzs_mom_dlog,6,6,2024Q1,2025Q2,0.34020415736,0.309936934132,0.159587272681,actual_minus_forecast,0.464896459626,0.412981871049,-0.124692302266,-0.103044936917
COMBO_EQUAL__DFM_DOMESTIC_3_IMPORTS__BRIDGE_B,conservative,DEVELOPMENT_PSEUDO_OOS,ALL,MATCHED_SAMPLE,umidas_usd_uzs_mom_dlog,18,6,2024Q1,2025Q2,0.296919050964,0.246396932082,0.186060308059,actual_minus_forecast,0.41260358873,0.366572990808,-0.115684537766,-0.120176058726
COMBO_EQUAL__DFM_DOMESTIC_3_IMPORTS__BRIDGE_B,conservative,HISTORICAL_POST_DEVELOPMENT_TEST,H1,MATCHED_SAMPLE,umidas_usd_uzs_mom_dlog,4,4,2025Q3,2026Q2,0.787330605507,0.6817808223,0.6817808223,actual_minus_forecast,0.623620009265,0.44234233017,0.163710596242,0.23943849213
COMBO_EQUAL__DFM_DOMESTIC_3_IMPORTS__BRIDGE_B,conservative,HISTORICAL_POST_DEVELOPMENT_TEST,H2,MATCHED_SAMPLE,umidas_usd_uzs_mom_dlog,4,4,2025Q3,2026Q2,0.839966189442,0.748263620115,0.602140109562,actual_minus_forecast,0.966957153678,0.9124983665,-0.126990964236,-0.164234746385
COMBO_EQUAL__DFM_DOMESTIC_3_IMPORTS__BRIDGE_B,conservative,HISTORICAL_POST_DEVELOPMENT_TEST,H3,MATCHED_SAMPLE,umidas_usd_uzs_mom_dlog,4,4,2025Q3,2026Q2,0.834728929298,0.694719006998,0.599266912438,actual_minus_forecast,0.930196784122,0.818665797794,-0.0954678548234,-0.123946790796
COMBO_EQUAL__DFM_DOMESTIC_3_IMPORTS__BRIDGE_B,conservative,HISTORICAL_POST_DEVELOPMENT_TEST,ALL,MATCHED_SAMPLE,umidas_usd_uzs_mom_dlog,12,4,2025Q3,2026Q2,0.821016659835,0.708254483138,0.627729281433,actual_minus_forecast,0.854239254189,0.724502164821,-0.0332225943543,-0.0162476816835
COMBO_EQUAL__DFM_DOMESTIC_3_IMPORTS__BRIDGE_B,standard,DEVELOPMENT_PSEUDO_OOS,H1,MATCHED_SAMPLE,umidas_usd_uzs_mom_dlog,6,6,2024Q1,2025Q2,0.253796914299,0.202029371969,0.16997541687,actual_minus_forecast,0.375942290112,0.324961882186,-0.122145375813,-0.122932510217
COMBO_EQUAL__DFM_DOMESTIC_3_IMPORTS__BRIDGE_B,standard,DEVELOPMENT_PSEUDO_OOS,H2,MATCHED_SAMPLE,umidas_usd_uzs_mom_dlog,6,6,2024Q1,2025Q2,0.295323158495,0.259093097377,0.174823497078,actual_minus_forecast,0.464896459626,0.412981871049,-0.169573301131,-0.153888773672
COMBO_EQUAL__DFM_DOMESTIC_3_IMPORTS__BRIDGE_B,standard,DEVELOPMENT_PSEUDO_OOS,H3,MATCHED_SAMPLE,umidas_usd_uzs_mom_dlog,6,6,2024Q1,2025Q2,0.231444574257,0.201402415971,-0.0874919923604,actual_minus_forecast,0.523137754912,0.369755492537,-0.291693180655,-0.168353076565
COMBO_EQUAL__DFM_DOMESTIC_3_IMPORTS__BRIDGE_B,standard,DEVELOPMENT_PSEUDO_OOS,ALL,MATCHED_SAMPLE,umidas_usd_uzs_mom_dlog,18,6,2024Q1,2025Q2,0.261530898496,0.220841628439,0.0857689738623,actual_minus_forecast,0.458669973686,0.369233081924,-0.19713907519,-0.148391453485
COMBO_EQUAL__DFM_DOMESTIC_3_IMPORTS__BRIDGE_B,standard,HISTORICAL_POST_DEVELOPMENT_TEST,H1,MATCHED_SAMPLE,umidas_usd_uzs_mom_dlog,4,4,2025Q3,2026Q2,0.82982394747,0.738907194652,0.581676989065,actual_minus_forecast,0.966957153678,0.9124983665,-0.137133206208,-0.173591171848
COMBO_EQUAL__DFM_DOMESTIC_3_IMPORTS__BRIDGE_B,standard,HISTORICAL_POST_DEVELOPMENT_TEST,H2,MATCHED_SAMPLE,umidas_usd_uzs_mom_dlog,4,4,2025Q3,2026Q2,0.824006278871,0.687897862063,0.574187698914,actual_minus_forecast,0.930196784122,0.818665797794,-0.106190505251,-0.130767935731
COMBO_EQUAL__DFM_DOMESTIC_3_IMPORTS__BRIDGE_B,standard,HISTORICAL_POST_DEVELOPMENT_TEST,H3,MATCHED_SAMPLE,umidas_usd_uzs_mom_dlog,4,4,2025Q3,2026Q2,0.489460021196,0.38659178177,0.292996823021,actual_minus_forecast,0.542804853388,0.44415706812,-0.0533448321921,-0.0575652863498
COMBO_EQUAL__DFM_DOMESTIC_3_IMPORTS__BRIDGE_B,standard,HISTORICAL_POST_DEVELOPMENT_TEST,ALL,MATCHED_SAMPLE,umidas_usd_uzs_mom_dlog,12,4,2025Q3,2026Q2,0.731930152351,0.604465612828,0.482953837,actual_minus_forecast,0.835645320117,0.725107077471,-0.103715167766,-0.120641464643
COMBO_EQUAL__DFM_DOMESTIC_3_SERVICES_RAW_BREAK__BRIDGE_A,conservative,DEVELOPMENT_PSEUDO_OOS,H1,MATCHED_SAMPLE,ar1,6,6,2024Q1,2025Q2,0.332820038433,0.259576888971,0.259576888971,actual_minus_forecast,0.385847446846,0.361584023211,-0.0530274084127,-0.10200713424
COMBO_EQUAL__DFM_DOMESTIC_3_SERVICES_RAW_BREAK__BRIDGE_A,conservative,DEVELOPMENT_PSEUDO_OOS,H2,MATCHED_SAMPLE,ar1,6,6,2024Q1,2025Q2,0.318703560511,0.254749243724,0.242724136442,actual_minus_forecast,0.385847446846,0.361584023211,-0.0671438863343,-0.106834779487
COMBO_EQUAL__DFM_DOMESTIC_3_SERVICES_RAW_BREAK__BRIDGE_A,conservative,DEVELOPMENT_PSEUDO_OOS,H3,MATCHED_SAMPLE,ar1,6,6,2024Q1,2025Q2,0.446264252976,0.38849264491,0.161332518324,actual_minus_forecast,0.385847446846,0.361584023211,0.06041680613,0.0269086216984
COMBO_EQUAL__DFM_DOMESTIC_3_SERVICES_RAW_BREAK__BRIDGE_A,conservative,DEVELOPMENT_PSEUDO_OOS,ALL,MATCHED_SAMPLE,ar1,18,6,2024Q1,2025Q2,0.370356999371,0.300939592535,0.221211181246,actual_minus_forecast,0.385847446846,0.361584023211,-0.0154904474747,-0.0606444306761
COMBO_EQUAL__DFM_DOMESTIC_3_SERVICES_RAW_BREAK__BRIDGE_A,conservative,HISTORICAL_POST_DEVELOPMENT_TEST,H1,MATCHED_SAMPLE,ar1,4,4,2025Q3,2026Q2,1.02109261627,0.943197999934,0.943197999934,actual_minus_forecast,0.833979369096,0.731322873107,0.187113247173,0.211875126827
COMBO_EQUAL__DFM_DOMESTIC_3_SERVICES_RAW_BREAK__BRIDGE_A,conservative,HISTORICAL_POST_DEVELOPMENT_TEST,H2,MATCHED_SAMPLE,ar1,4,4,2025Q3,2026Q2,1.03350778195,0.89057244102,0.847153359716,actual_minus_forecast,0.833979369096,0.731322873107,0.199528412854,0.159249567913
COMBO_EQUAL__DFM_DOMESTIC_3_SERVICES_RAW_BREAK__BRIDGE_A,conservative,HISTORICAL_POST_DEVELOPMENT_TEST,H3,MATCHED_SAMPLE,ar1,4,4,2025Q3,2026Q2,0.995260000753,0.820659525315,0.820659525315,actual_minus_forecast,0.833979369096,0.731322873107,0.161280631657,0.0893366522079
COMBO_EQUAL__DFM_DOMESTIC_3_SERVICES_RAW_BREAK__BRIDGE_A,conservative,HISTORICAL_POST_DEVELOPMENT_TEST,ALL,MATCHED_SAMPLE,ar1,12,4,2025Q3,2026Q2,1.01674495908,0.884809988756,0.870336961655,actual_minus_forecast,0.833979369096,0.731322873107,0.182765589985,0.153487115649
COMBO_EQUAL__DFM_DOMESTIC_3_SERVICES_RAW_BREAK__BRIDGE_A,standard,DEVELOPMENT_PSEUDO_OOS,H1,MATCHED_SAMPLE,ar1,6,6,2024Q1,2025Q2,0.296235543643,0.233575971069,0.221567787487,actual_minus_forecast,0.385847446846,0.361584023211,-0.0896119032028,-0.128008052142
COMBO_EQUAL__DFM_DOMESTIC_3_SERVICES_RAW_BREAK__BRIDGE_A,standard,DEVELOPMENT_PSEUDO_OOS,H2,MATCHED_SAMPLE,ar1,6,6,2024Q1,2025Q2,0.339536542905,0.297140325844,0.190209562317,actual_minus_forecast,0.385847446846,0.361584023211,-0.0463109039405,-0.064443697367
COMBO_EQUAL__DFM_DOMESTIC_3_SERVICES_RAW_BREAK__BRIDGE_A,standard,DEVELOPMENT_PSEUDO_OOS,H3,MATCHED_SAMPLE,ar1,6,6,2024Q1,2025Q2,0.292209407326,0.238595786198,-0.0872836486765,actual_minus_forecast,0.385847446846,0.361584023211,-0.0936380395193,-0.122988237013
COMBO_EQUAL__DFM_DOMESTIC_3_SERVICES_RAW_BREAK__BRIDGE_A,standard,DEVELOPMENT_PSEUDO_OOS,ALL,MATCHED_SAMPLE,ar1,18,6,2024Q1,2025Q2,0.310068217771,0.256437361037,0.108164567042,actual_minus_forecast,0.385847446846,0.361584023211,-0.0757792290745,-0.105146662174
COMBO_EQUAL__DFM_DOMESTIC_3_SERVICES_RAW_BREAK__BRIDGE_A,standard,HISTORICAL_POST_DEVELOPMENT_TEST,H1,MATCHED_SAMPLE,ar1,4,4,2025Q3,2026Q2,0.984054673067,0.84736879882,0.786108842397,actual_minus_forecast,0.833979369096,0.731322873107,0.150075303972,0.116045925713
COMBO_EQUAL__DFM_DOMESTIC_3_SERVICES_RAW_BREAK__BRIDGE_A,standard,HISTORICAL_POST_DEVELOPMENT_TEST,H2,MATCHED_SAMPLE,ar1,4,4,2025Q3,2026Q2,0.934654354321,0.76792494291,0.740396059729,actual_minus_forecast,0.833979369096,0.731322873107,0.100674985225,0.036602069803
COMBO_EQUAL__DFM_DOMESTIC_3_SERVICES_RAW_BREAK__BRIDGE_A,standard,HISTORICAL_POST_DEVELOPMENT_TEST,H3,MATCHED_SAMPLE,ar1,4,4,2025Q3,2026Q2,0.581898369501,0.459350030983,0.446595124719,actual_minus_forecast,0.833979369096,0.731322873107,-0.252080999595,-0.271972842124
COMBO_EQUAL__DFM_DOMESTIC_3_SERVICES_RAW_BREAK__BRIDGE_A,standard,HISTORICAL_POST_DEVELOPMENT_TEST,ALL,MATCHED_SAMPLE,ar1,12,4,2025Q3,2026Q2,0.852554607061,0.691547924238,0.657700008948,actual_minus_forecast,0.833979369096,0.731322873107,0.0185752379655,-0.0397749488692
COMBO_EQUAL__DFM_DOMESTIC_3_SERVICES_RAW_BREAK__BRIDGE_A,conservative,DEVELOPMENT_PSEUDO_OOS,H1,MATCHED_SAMPLE,ar2,6,6,2024Q1,2025Q2,0.332820038433,0.259576888971,0.259576888971,actual_minus_forecast,0.563783752251,0.542624868135,-0.230963713818,-0.283047979164
COMBO_EQUAL__DFM_DOMESTIC_3_SERVICES_RAW_BREAK__BRIDGE_A,conservative,DEVELOPMENT_PSEUDO_OOS,H2,MATCHED_SAMPLE,ar2,6,6,2024Q1,2025Q2,0.318703560511,0.254749243724,0.242724136442,actual_minus_forecast,0.563783752251,0.542624868135,-0.24508019174,-0.287875624411
COMBO_EQUAL__DFM_DOMESTIC_3_SERVICES_RAW_BREAK__BRIDGE_A,conservative,DEVELOPMENT_PSEUDO_OOS,H3,MATCHED_SAMPLE,ar2,6,6,2024Q1,2025Q2,0.446264252976,0.38849264491,0.161332518324,actual_minus_forecast,0.563783752251,0.542624868135,-0.117519499276,-0.154132223225
COMBO_EQUAL__DFM_DOMESTIC_3_SERVICES_RAW_BREAK__BRIDGE_A,conservative,DEVELOPMENT_PSEUDO_OOS,ALL,MATCHED_SAMPLE,ar2,18,6,2024Q1,2025Q2,0.370356999371,0.300939592535,0.221211181246,actual_minus_forecast,0.563783752251,0.542624868135,-0.19342675288,-0.2416852756
COMBO_EQUAL__DFM_DOMESTIC_3_SERVICES_RAW_BREAK__BRIDGE_A,conservative,HISTORICAL_POST_DEVELOPMENT_TEST,H1,MATCHED_SAMPLE,ar2,4,4,2025Q3,2026Q2,1.02109261627,0.943197999934,0.943197999934,actual_minus_forecast,0.987139893295,0.80890796493,0.0339527229738,0.134290035004
COMBO_EQUAL__DFM_DOMESTIC_3_SERVICES_RAW_BREAK__BRIDGE_A,conservative,HISTORICAL_POST_DEVELOPMENT_TEST,H2,MATCHED_SAMPLE,ar2,4,4,2025Q3,2026Q2,1.03350778195,0.89057244102,0.847153359716,actual_minus_forecast,0.987139893295,0.80890796493,0.0463678886546,0.0816644760899
COMBO_EQUAL__DFM_DOMESTIC_3_SERVICES_RAW_BREAK__BRIDGE_A,conservative,HISTORICAL_POST_DEVELOPMENT_TEST,H3,MATCHED_SAMPLE,ar2,4,4,2025Q3,2026Q2,0.995260000753,0.820659525315,0.820659525315,actual_minus_forecast,0.987139893295,0.80890796493,0.008120107458,0.0117515603853
COMBO_EQUAL__DFM_DOMESTIC_3_SERVICES_RAW_BREAK__BRIDGE_A,conservative,HISTORICAL_POST_DEVELOPMENT_TEST,ALL,MATCHED_SAMPLE,ar2,12,4,2025Q3,2026Q2,1.01674495908,0.884809988756,0.870336961655,actual_minus_forecast,0.987139893295,0.80890796493,0.0296050657857,0.0759020238266
COMBO_EQUAL__DFM_DOMESTIC_3_SERVICES_RAW_BREAK__BRIDGE_A,standard,DEVELOPMENT_PSEUDO_OOS,H1,MATCHED_SAMPLE,ar2,6,6,2024Q1,2025Q2,0.296235543643,0.233575971069,0.221567787487,actual_minus_forecast,0.563783752251,0.542624868135,-0.267548208609,-0.309048897066
COMBO_EQUAL__DFM_DOMESTIC_3_SERVICES_RAW_BREAK__BRIDGE_A,standard,DEVELOPMENT_PSEUDO_OOS,H2,MATCHED_SAMPLE,ar2,6,6,2024Q1,2025Q2,0.339536542905,0.297140325844,0.190209562317,actual_minus_forecast,0.563783752251,0.542624868135,-0.224247209346,-0.245484542291
COMBO_EQUAL__DFM_DOMESTIC_3_SERVICES_RAW_BREAK__BRIDGE_A,standard,DEVELOPMENT_PSEUDO_OOS,H3,MATCHED_SAMPLE,ar2,6,6,2024Q1,2025Q2,0.292209407326,0.238595786198,-0.0872836486765,actual_minus_forecast,0.563783752251,0.542624868135,-0.271574344925,-0.304029081937
COMBO_EQUAL__DFM_DOMESTIC_3_SERVICES_RAW_BREAK__BRIDGE_A,standard,DEVELOPMENT_PSEUDO_OOS,ALL,MATCHED_SAMPLE,ar2,18,6,2024Q1,2025Q2,0.310068217771,0.256437361037,0.108164567042,actual_minus_forecast,0.563783752251,0.542624868135,-0.25371553448,-0.286187507098
COMBO_EQUAL__DFM_DOMESTIC_3_SERVICES_RAW_BREAK__BRIDGE_A,standard,HISTORICAL_POST_DEVELOPMENT_TEST,H1,MATCHED_SAMPLE,ar2,4,4,2025Q3,2026Q2,0.984054673067,0.84736879882,0.786108842397,actual_minus_forecast,0.987139893295,0.80890796493,-0.00308522022763,0.0384608338904
COMBO_EQUAL__DFM_DOMESTIC_3_SERVICES_RAW_BREAK__BRIDGE_A,standard,HISTORICAL_POST_DEVELOPMENT_TEST,H2,MATCHED_SAMPLE,ar2,4,4,2025Q3,2026Q2,0.934654354321,0.76792494291,0.740396059729,actual_minus_forecast,0.987139893295,0.80890796493,-0.0524855389745,-0.0409830220197
COMBO_EQUAL__DFM_DOMESTIC_3_SERVICES_RAW_BREAK__BRIDGE_A,standard,HISTORICAL_POST_DEVELOPMENT_TEST,H3,MATCHED_SAMPLE,ar2,4,4,2025Q3,2026Q2,0.581898369501,0.459350030983,0.446595124719,actual_minus_forecast,0.987139893295,0.80890796493,-0.405241523794,-0.349557933946
COMBO_EQUAL__DFM_DOMESTIC_3_SERVICES_RAW_BREAK__BRIDGE_A,standard,HISTORICAL_POST_DEVELOPMENT_TEST,ALL,MATCHED_SAMPLE,ar2,12,4,2025Q3,2026Q2,0.852554607061,0.691547924238,0.657700008948,actual_minus_forecast,0.987139893295,0.80890796493,-0.134585286234,-0.117360040692
COMBO_EQUAL__DFM_DOMESTIC_3_SERVICES_RAW_BREAK__BRIDGE_A,conservative,DEVELOPMENT_PSEUDO_OOS,H1,MATCHED_SAMPLE,ensemble_ar2_umidas_usd,6,6,2024Q1,2025Q2,0.332820038433,0.259576888971,0.259576888971,actual_minus_forecast,0.473618726641,0.452200043662,-0.140798688209,-0.192623154691
COMBO_EQUAL__DFM_DOMESTIC_3_SERVICES_RAW_BREAK__BRIDGE_A,conservative,DEVELOPMENT_PSEUDO_OOS,H2,MATCHED_SAMPLE,ensemble_ar2_umidas_usd,6,6,2024Q1,2025Q2,0.318703560511,0.254749243724,0.242724136442,actual_minus_forecast,0.449163682887,0.412876998711,-0.130460122376,-0.158127754986
COMBO_EQUAL__DFM_DOMESTIC_3_SERVICES_RAW_BREAK__BRIDGE_A,conservative,DEVELOPMENT_PSEUDO_OOS,H3,MATCHED_SAMPLE,ensemble_ar2_umidas_usd,6,6,2024Q1,2025Q2,0.446264252976,0.38849264491,0.161332518324,actual_minus_forecast,0.495334629592,0.455640792953,-0.0490703766165,-0.0671481480436
COMBO_EQUAL__DFM_DOMESTIC_3_SERVICES_RAW_BREAK__BRIDGE_A,conservative,DEVELOPMENT_PSEUDO_OOS,ALL,MATCHED_SAMPLE,ensemble_ar2_umidas_usd,18,6,2024Q1,2025Q2,0.370356999371,0.300939592535,0.221211181246,actual_minus_forecast,0.473081778527,0.440239278442,-0.102724779156,-0.139299685907
COMBO_EQUAL__DFM_DOMESTIC_3_SERVICES_RAW_BREAK__BRIDGE_A,conservative,HISTORICAL_POST_DEVELOPMENT_TEST,H1,MATCHED_SAMPLE,ensemble_ar2_umidas_usd,4,4,2025Q3,2026Q2,1.02109261627,0.943197999934,0.943197999934,actual_minus_forecast,0.799938051857,0.62562514755,0.221154564411,0.317572852384
COMBO_EQUAL__DFM_DOMESTIC_3_SERVICES_RAW_BREAK__BRIDGE_A,conservative,HISTORICAL_POST_DEVELOPMENT_TEST,H2,MATCHED_SAMPLE,ensemble_ar2_umidas_usd,4,4,2025Q3,2026Q2,1.03350778195,0.89057244102,0.847153359716,actual_minus_forecast,0.851830629866,0.71376804648,0.181677152084,0.17680439454
COMBO_EQUAL__DFM_DOMESTIC_3_SERVICES_RAW_BREAK__BRIDGE_A,conservative,HISTORICAL_POST_DEVELOPMENT_TEST,H3,MATCHED_SAMPLE,ensemble_ar2_umidas_usd,4,4,2025Q3,2026Q2,0.995260000753,0.820659525315,0.820659525315,actual_minus_forecast,0.866287255243,0.666851762127,0.12897274551,0.153807763188
COMBO_EQUAL__DFM_DOMESTIC_3_SERVICES_RAW_BREAK__BRIDGE_A,conservative,HISTORICAL_POST_DEVELOPMENT_TEST,ALL,MATCHED_SAMPLE,ensemble_ar2_umidas_usd,12,4,2025Q3,2026Q2,1.01674495908,0.884809988756,0.870336961655,actual_minus_forecast,0.839835284919,0.668748318719,0.176909674162,0.216061670038
COMBO_EQUAL__DFM_DOMESTIC_3_SERVICES_RAW_BREAK__BRIDGE_A,standard,DEVELOPMENT_PSEUDO_OOS,H1,MATCHED_SAMPLE,ensemble_ar2_umidas_usd,6,6,2024Q1,2025Q2,0.296235543643,0.233575971069,0.221567787487,actual_minus_forecast,0.449163682887,0.412876998711,-0.152928139245,-0.179301027641
COMBO_EQUAL__DFM_DOMESTIC_3_SERVICES_RAW_BREAK__BRIDGE_A,standard,DEVELOPMENT_PSEUDO_OOS,H2,MATCHED_SAMPLE,ensemble_ar2_umidas_usd,6,6,2024Q1,2025Q2,0.339536542905,0.297140325844,0.190209562317,actual_minus_forecast,0.495334629592,0.455640792953,-0.155798086687,-0.158500467109
COMBO_EQUAL__DFM_DOMESTIC_3_SERVICES_RAW_BREAK__BRIDGE_A,standard,DEVELOPMENT_PSEUDO_OOS,H3,MATCHED_SAMPLE,ensemble_ar2_umidas_usd,6,6,2024Q1,2025Q2,0.292209407326,0.238595786198,-0.0872836486765,actual_minus_forecast,0.311729199403,0.277580301552,-0.0195197920771,-0.0389845153542
COMBO_EQUAL__DFM_DOMESTIC_3_SERVICES_RAW_BREAK__BRIDGE_A,standard,DEVELOPMENT_PSEUDO_OOS,ALL,MATCHED_SAMPLE,ensemble_ar2_umidas_usd,18,6,2024Q1,2025Q2,0.310068217771,0.256437361037,0.108164567042,actual_minus_forecast,0.425941898643,0.382032697739,-0.115873680872,-0.125595336701
COMBO_EQUAL__DFM_DOMESTIC_3_SERVICES_RAW_BREAK__BRIDGE_A,standard,HISTORICAL_POST_DEVELOPMENT_TEST,H1,MATCHED_SAMPLE,ensemble_ar2_umidas_usd,4,4,2025Q3,2026Q2,0.984054673067,0.84736879882,0.786108842397,actual_minus_forecast,0.851830629866,0.71376804648,0.132224043202,0.13360075234
COMBO_EQUAL__DFM_DOMESTIC_3_SERVICES_RAW_BREAK__BRIDGE_A,standard,HISTORICAL_POST_DEVELOPMENT_TEST,H2,MATCHED_SAMPLE,ensemble_ar2_umidas_usd,4,4,2025Q3,2026Q2,0.934654354321,0.76792494291,0.740396059729,actual_minus_forecast,0.866287255243,0.666851762127,0.0683670990776,0.101073180783
COMBO_EQUAL__DFM_DOMESTIC_3_SERVICES_RAW_BREAK__BRIDGE_A,standard,HISTORICAL_POST_DEVELOPMENT_TEST,H3,MATCHED_SAMPLE,ensemble_ar2_umidas_usd,4,4,2025Q3,2026Q2,0.581898369501,0.459350030983,0.446595124719,actual_minus_forecast,0.529781426202,0.370556063932,0.0521169432989,0.0887939670512
COMBO_EQUAL__DFM_DOMESTIC_3_SERVICES_RAW_BREAK__BRIDGE_A,standard,HISTORICAL_POST_DEVELOPMENT_TEST,ALL,MATCHED_SAMPLE,ensemble_ar2_umidas_usd,12,4,2025Q3,2026Q2,0.852554607061,0.691547924238,0.657700008948,actual_minus_forecast,0.765231422539,0.583725290846,0.0873231845225,0.107822633392
COMBO_EQUAL__DFM_DOMESTIC_3_SERVICES_RAW_BREAK__BRIDGE_A,conservative,DEVELOPMENT_PSEUDO_OOS,H1,MATCHED_SAMPLE,umidas_usd_uzs_mom_dlog,6,6,2024Q1,2025Q2,0.332820038433,0.259576888971,0.259576888971,actual_minus_forecast,0.391489259917,0.361775219189,-0.0586692214838,-0.102198330218
COMBO_EQUAL__DFM_DOMESTIC_3_SERVICES_RAW_BREAK__BRIDGE_A,conservative,DEVELOPMENT_PSEUDO_OOS,H2,MATCHED_SAMPLE,umidas_usd_uzs_mom_dlog,6,6,2024Q1,2025Q2,0.318703560511,0.254749243724,0.242724136442,actual_minus_forecast,0.375942290112,0.324961882186,-0.0572387296004,-0.0702126384616
COMBO_EQUAL__DFM_DOMESTIC_3_SERVICES_RAW_BREAK__BRIDGE_A,conservative,DEVELOPMENT_PSEUDO_OOS,H3,MATCHED_SAMPLE,umidas_usd_uzs_mom_dlog,6,6,2024Q1,2025Q2,0.446264252976,0.38849264491,0.161332518324,actual_minus_forecast,0.464896459626,0.412981871049,-0.0186322066506,-0.0244892261397
COMBO_EQUAL__DFM_DOMESTIC_3_SERVICES_RAW_BREAK__BRIDGE_A,conservative,DEVELOPMENT_PSEUDO_OOS,ALL,MATCHED_SAMPLE,umidas_usd_uzs_mom_dlog,18,6,2024Q1,2025Q2,0.370356999371,0.300939592535,0.221211181246,actual_minus_forecast,0.41260358873,0.366572990808,-0.0422465893587,-0.065633398273
COMBO_EQUAL__DFM_DOMESTIC_3_SERVICES_RAW_BREAK__BRIDGE_A,conservative,HISTORICAL_POST_DEVELOPMENT_TEST,H1,MATCHED_SAMPLE,umidas_usd_uzs_mom_dlog,4,4,2025Q3,2026Q2,1.02109261627,0.943197999934,0.943197999934,actual_minus_forecast,0.623620009265,0.44234233017,0.397472607004,0.500855669764
COMBO_EQUAL__DFM_DOMESTIC_3_SERVICES_RAW_BREAK__BRIDGE_A,conservative,HISTORICAL_POST_DEVELOPMENT_TEST,H2,MATCHED_SAMPLE,umidas_usd_uzs_mom_dlog,4,4,2025Q3,2026Q2,1.03350778195,0.89057244102,0.847153359716,actual_minus_forecast,0.966957153678,0.9124983665,0.0665506282719,-0.02192592548
COMBO_EQUAL__DFM_DOMESTIC_3_SERVICES_RAW_BREAK__BRIDGE_A,conservative,HISTORICAL_POST_DEVELOPMENT_TEST,H3,MATCHED_SAMPLE,umidas_usd_uzs_mom_dlog,4,4,2025Q3,2026Q2,0.995260000753,0.820659525315,0.820659525315,actual_minus_forecast,0.930196784122,0.818665797794,0.0650632166315,0.00199372752132
COMBO_EQUAL__DFM_DOMESTIC_3_SERVICES_RAW_BREAK__BRIDGE_A,conservative,HISTORICAL_POST_DEVELOPMENT_TEST,ALL,MATCHED_SAMPLE,umidas_usd_uzs_mom_dlog,12,4,2025Q3,2026Q2,1.01674495908,0.884809988756,0.870336961655,actual_minus_forecast,0.854239254189,0.724502164821,0.162505704891,0.160307823935
COMBO_EQUAL__DFM_DOMESTIC_3_SERVICES_RAW_BREAK__BRIDGE_A,standard,DEVELOPMENT_PSEUDO_OOS,H1,MATCHED_SAMPLE,umidas_usd_uzs_mom_dlog,6,6,2024Q1,2025Q2,0.296235543643,0.233575971069,0.221567787487,actual_minus_forecast,0.375942290112,0.324961882186,-0.0797067464689,-0.0913859111166
COMBO_EQUAL__DFM_DOMESTIC_3_SERVICES_RAW_BREAK__BRIDGE_A,standard,DEVELOPMENT_PSEUDO_OOS,H2,MATCHED_SAMPLE,umidas_usd_uzs_mom_dlog,6,6,2024Q1,2025Q2,0.339536542905,0.297140325844,0.190209562317,actual_minus_forecast,0.464896459626,0.412981871049,-0.125359916721,-0.115841545205
COMBO_EQUAL__DFM_DOMESTIC_3_SERVICES_RAW_BREAK__BRIDGE_A,standard,DEVELOPMENT_PSEUDO_OOS,H3,MATCHED_SAMPLE,umidas_usd_uzs_mom_dlog,6,6,2024Q1,2025Q2,0.292209407326,0.238595786198,-0.0872836486765,actual_minus_forecast,0.523137754912,0.369755492537,-0.230928347586,-0.131159706339
COMBO_EQUAL__DFM_DOMESTIC_3_SERVICES_RAW_BREAK__BRIDGE_A,standard,DEVELOPMENT_PSEUDO_OOS,ALL,MATCHED_SAMPLE,umidas_usd_uzs_mom_dlog,18,6,2024Q1,2025Q2,0.310068217771,0.256437361037,0.108164567042,actual_minus_forecast,0.458669973686,0.369233081924,-0.148601755914,-0.112795720887
COMBO_EQUAL__DFM_DOMESTIC_3_SERVICES_RAW_BREAK__BRIDGE_A,standard,HISTORICAL_POST_DEVELOPMENT_TEST,H1,MATCHED_SAMPLE,umidas_usd_uzs_mom_dlog,4,4,2025Q3,2026Q2,0.984054673067,0.84736879882,0.786108842397,actual_minus_forecast,0.966957153678,0.9124983665,0.0170975193896,-0.0651295676795
COMBO_EQUAL__DFM_DOMESTIC_3_SERVICES_RAW_BREAK__BRIDGE_A,standard,HISTORICAL_POST_DEVELOPMENT_TEST,H2,MATCHED_SAMPLE,umidas_usd_uzs_mom_dlog,4,4,2025Q3,2026Q2,0.934654354321,0.76792494291,0.740396059729,actual_minus_forecast,0.930196784122,0.818665797794,0.00445757019904,-0.0507408548837
COMBO_EQUAL__DFM_DOMESTIC_3_SERVICES_RAW_BREAK__BRIDGE_A,standard,HISTORICAL_POST_DEVELOPMENT_TEST,H3,MATCHED_SAMPLE,umidas_usd_uzs_mom_dlog,4,4,2025Q3,2026Q2,0.581898369501,0.459350030983,0.446595124719,actual_minus_forecast,0.542804853388,0.44415706812,0.0390935161127,0.0151929628633
COMBO_EQUAL__DFM_DOMESTIC_3_SERVICES_RAW_BREAK__BRIDGE_A,standard,HISTORICAL_POST_DEVELOPMENT_TEST,ALL,MATCHED_SAMPLE,umidas_usd_uzs_mom_dlog,12,4,2025Q3,2026Q2,0.852554607061,0.691547924238,0.657700008948,actual_minus_forecast,0.835645320117,0.725107077471,0.0169092869442,-0.0335591532333
COMBO_EQUAL__DFM_DOMESTIC_3_SERVICES_RAW_BREAK__BRIDGE_B,conservative,DEVELOPMENT_PSEUDO_OOS,H1,MATCHED_SAMPLE,ar1,6,6,2024Q1,2025Q2,0.277265507542,0.213715216889,0.213715216889,actual_minus_forecast,0.385847446846,0.361584023211,-0.108581939304,-0.147868806322
COMBO_EQUAL__DFM_DOMESTIC_3_SERVICES_RAW_BREAK__BRIDGE_B,conservative,DEVELOPMENT_PSEUDO_OOS,H2,MATCHED_SAMPLE,ar1,6,6,2024Q1,2025Q2,0.26666706023,0.214820131166,0.184159939776,actual_minus_forecast,0.385847446846,0.361584023211,-0.119180386616,-0.146763892045
COMBO_EQUAL__DFM_DOMESTIC_3_SERVICES_RAW_BREAK__BRIDGE_B,conservative,DEVELOPMENT_PSEUDO_OOS,H3,MATCHED_SAMPLE,ar1,6,6,2024Q1,2025Q2,0.339454326099,0.309461164809,0.159110715516,actual_minus_forecast,0.385847446846,0.361584023211,-0.0463931207463,-0.0521228584022
COMBO_EQUAL__DFM_DOMESTIC_3_SERVICES_RAW_BREAK__BRIDGE_B,conservative,DEVELOPMENT_PSEUDO_OOS,ALL,MATCHED_SAMPLE,ar1,18,6,2024Q1,2025Q2,0.296207541088,0.245998837621,0.185661957394,actual_minus_forecast,0.385847446846,0.361584023211,-0.089639905758,-0.11558518559
COMBO_EQUAL__DFM_DOMESTIC_3_SERVICES_RAW_BREAK__BRIDGE_B,conservative,HISTORICAL_POST_DEVELOPMENT_TEST,H1,MATCHED_SAMPLE,ar1,4,4,2025Q3,2026Q2,0.786769618611,0.68122572431,0.68122572431,actual_minus_forecast,0.833979369096,0.731322873107,-0.0472097504843,-0.0500971487975
COMBO_EQUAL__DFM_DOMESTIC_3_SERVICES_RAW_BREAK__BRIDGE_B,conservative,HISTORICAL_POST_DEVELOPMENT_TEST,H2,MATCHED_SAMPLE,ar1,4,4,2025Q3,2026Q2,0.843367687398,0.754667293433,0.603796085018,actual_minus_forecast,0.833979369096,0.731322873107,0.00938831830253,0.0233444203262
COMBO_EQUAL__DFM_DOMESTIC_3_SERVICES_RAW_BREAK__BRIDGE_B,conservative,HISTORICAL_POST_DEVELOPMENT_TEST,H3,MATCHED_SAMPLE,ar1,4,4,2025Q3,2026Q2,0.836445396266,0.701325526796,0.600081543538,actual_minus_forecast,0.833979369096,0.731322873107,0.00246602717064,-0.0299973463111
COMBO_EQUAL__DFM_DOMESTIC_3_SERVICES_RAW_BREAK__BRIDGE_B,conservative,HISTORICAL_POST_DEVELOPMENT_TEST,ALL,MATCHED_SAMPLE,ar1,12,4,2025Q3,2026Q2,0.822580571505,0.712406181513,0.628367784289,actual_minus_forecast,0.833979369096,0.731322873107,-0.0113987975907,-0.0189166915941
COMBO_EQUAL__DFM_DOMESTIC_3_SERVICES_RAW_BREAK__BRIDGE_B,standard,DEVELOPMENT_PSEUDO_OOS,H1,MATCHED_SAMPLE,ar1,6,6,2024Q1,2025Q2,0.25639695063,0.204978729089,0.174325392885,actual_minus_forecast,0.385847446846,0.361584023211,-0.129450496216,-0.156605294122
COMBO_EQUAL__DFM_DOMESTIC_3_SERVICES_RAW_BREAK__BRIDGE_B,standard,DEVELOPMENT_PSEUDO_OOS,H2,MATCHED_SAMPLE,ar1,6,6,2024Q1,2025Q2,0.299122704402,0.261807045456,0.178827735263,actual_minus_forecast,0.385847446846,0.361584023211,-0.0867247424432,-0.0997769777554
COMBO_EQUAL__DFM_DOMESTIC_3_SERVICES_RAW_BREAK__BRIDGE_B,standard,DEVELOPMENT_PSEUDO_OOS,H3,MATCHED_SAMPLE,ar1,6,6,2024Q1,2025Q2,0.229932833298,0.202009357618,-0.0819435943582,actual_minus_forecast,0.385847446846,0.361584023211,-0.155914613547,-0.159574665593
COMBO_EQUAL__DFM_DOMESTIC_3_SERVICES_RAW_BREAK__BRIDGE_B,standard,DEVELOPMENT_PSEUDO_OOS,ALL,MATCHED_SAMPLE,ar1,18,6,2024Q1,2025Q2,0.263364700501,0.222931710721,0.0904031779298,actual_minus_forecast,0.385847446846,0.361584023211,-0.122482746345,-0.13865231249
COMBO_EQUAL__DFM_DOMESTIC_3_SERVICES_RAW_BREAK__BRIDGE_B,standard,HISTORICAL_POST_DEVELOPMENT_TEST,H1,MATCHED_SAMPLE,ar1,4,4,2025Q3,2026Q2,0.83118635245,0.740122366133,0.583788489764,actual_minus_forecast,0.833979369096,0.731322873107,-0.00279301664551,0.00879949302584
COMBO_EQUAL__DFM_DOMESTIC_3_SERVICES_RAW_BREAK__BRIDGE_B,standard,HISTORICAL_POST_DEVELOPMENT_TEST,H2,MATCHED_SAMPLE,ar1,4,4,2025Q3,2026Q2,0.82242908239,0.684843374826,0.573845035681,actual_minus_forecast,0.833979369096,0.731322873107,-0.0115502867061,-0.0464794982816
COMBO_EQUAL__DFM_DOMESTIC_3_SERVICES_RAW_BREAK__BRIDGE_B,standard,HISTORICAL_POST_DEVELOPMENT_TEST,H3,MATCHED_SAMPLE,ar1,4,4,2025Q3,2026Q2,0.488796797565,0.386629905307,0.293658432297,actual_minus_forecast,0.833979369096,0.731322873107,-0.345182571531,-0.3446929678
COMBO_EQUAL__DFM_DOMESTIC_3_SERVICES_RAW_BREAK__BRIDGE_B,standard,HISTORICAL_POST_DEVELOPMENT_TEST,ALL,MATCHED_SAMPLE,ar1,12,4,2025Q3,2026Q2,0.731706374937,0.603865215422,0.483763985914,actual_minus_forecast,0.833979369096,0.731322873107,-0.102272994159,-0.127457657685
COMBO_EQUAL__DFM_DOMESTIC_3_SERVICES_RAW_BREAK__BRIDGE_B,conservative,DEVELOPMENT_PSEUDO_OOS,H1,MATCHED_SAMPLE,ar2,6,6,2024Q1,2025Q2,0.277265507542,0.213715216889,0.213715216889,actual_minus_forecast,0.563783752251,0.542624868135,-0.28651824471,-0.328909651246
COMBO_EQUAL__DFM_DOMESTIC_3_SERVICES_RAW_BREAK__BRIDGE_B,conservative,DEVELOPMENT_PSEUDO_OOS,H2,MATCHED_SAMPLE,ar2,6,6,2024Q1,2025Q2,0.26666706023,0.214820131166,0.184159939776,actual_minus_forecast,0.563783752251,0.542624868135,-0.297116692022,-0.327804736969
COMBO_EQUAL__DFM_DOMESTIC_3_SERVICES_RAW_BREAK__BRIDGE_B,conservative,DEVELOPMENT_PSEUDO_OOS,H3,MATCHED_SAMPLE,ar2,6,6,2024Q1,2025Q2,0.339454326099,0.309461164809,0.159110715516,actual_minus_forecast,0.563783752251,0.542624868135,-0.224329426152,-0.233163703326
COMBO_EQUAL__DFM_DOMESTIC_3_SERVICES_RAW_BREAK__BRIDGE_B,conservative,DEVELOPMENT_PSEUDO_OOS,ALL,MATCHED_SAMPLE,ar2,18,6,2024Q1,2025Q2,0.296207541088,0.245998837621,0.185661957394,actual_minus_forecast,0.563783752251,0.542624868135,-0.267576211164,-0.296626030514
COMBO_EQUAL__DFM_DOMESTIC_3_SERVICES_RAW_BREAK__BRIDGE_B,conservative,HISTORICAL_POST_DEVELOPMENT_TEST,H1,MATCHED_SAMPLE,ar2,4,4,2025Q3,2026Q2,0.786769618611,0.68122572431,0.68122572431,actual_minus_forecast,0.987139893295,0.80890796493,-0.200370274684,-0.12768224062
COMBO_EQUAL__DFM_DOMESTIC_3_SERVICES_RAW_BREAK__BRIDGE_B,conservative,HISTORICAL_POST_DEVELOPMENT_TEST,H2,MATCHED_SAMPLE,ar2,4,4,2025Q3,2026Q2,0.843367687398,0.754667293433,0.603796085018,actual_minus_forecast,0.987139893295,0.80890796493,-0.143772205897,-0.0542406714965
COMBO_EQUAL__DFM_DOMESTIC_3_SERVICES_RAW_BREAK__BRIDGE_B,conservative,HISTORICAL_POST_DEVELOPMENT_TEST,H3,MATCHED_SAMPLE,ar2,4,4,2025Q3,2026Q2,0.836445396266,0.701325526796,0.600081543538,actual_minus_forecast,0.987139893295,0.80890796493,-0.150694497029,-0.107582438134
COMBO_EQUAL__DFM_DOMESTIC_3_SERVICES_RAW_BREAK__BRIDGE_B,conservative,HISTORICAL_POST_DEVELOPMENT_TEST,ALL,MATCHED_SAMPLE,ar2,12,4,2025Q3,2026Q2,0.822580571505,0.712406181513,0.628367784289,actual_minus_forecast,0.987139893295,0.80890796493,-0.16455932179,-0.0965017834168
COMBO_EQUAL__DFM_DOMESTIC_3_SERVICES_RAW_BREAK__BRIDGE_B,standard,DEVELOPMENT_PSEUDO_OOS,H1,MATCHED_SAMPLE,ar2,6,6,2024Q1,2025Q2,0.25639695063,0.204978729089,0.174325392885,actual_minus_forecast,0.563783752251,0.542624868135,-0.307386801621,-0.337646139046
COMBO_EQUAL__DFM_DOMESTIC_3_SERVICES_RAW_BREAK__BRIDGE_B,standard,DEVELOPMENT_PSEUDO_OOS,H2,MATCHED_SAMPLE,ar2,6,6,2024Q1,2025Q2,0.299122704402,0.261807045456,0.178827735263,actual_minus_forecast,0.563783752251,0.542624868135,-0.264661047849,-0.280817822679
COMBO_EQUAL__DFM_DOMESTIC_3_SERVICES_RAW_BREAK__BRIDGE_B,standard,DEVELOPMENT_PSEUDO_OOS,H3,MATCHED_SAMPLE,ar2,6,6,2024Q1,2025Q2,0.229932833298,0.202009357618,-0.0819435943582,actual_minus_forecast,0.563783752251,0.542624868135,-0.333850918953,-0.340615510517
COMBO_EQUAL__DFM_DOMESTIC_3_SERVICES_RAW_BREAK__BRIDGE_B,standard,DEVELOPMENT_PSEUDO_OOS,ALL,MATCHED_SAMPLE,ar2,18,6,2024Q1,2025Q2,0.263364700501,0.222931710721,0.0904031779298,actual_minus_forecast,0.563783752251,0.542624868135,-0.30041905175,-0.319693157414
COMBO_EQUAL__DFM_DOMESTIC_3_SERVICES_RAW_BREAK__BRIDGE_B,standard,HISTORICAL_POST_DEVELOPMENT_TEST,H1,MATCHED_SAMPLE,ar2,4,4,2025Q3,2026Q2,0.83118635245,0.740122366133,0.583788489764,actual_minus_forecast,0.987139893295,0.80890796493,-0.155953540845,-0.0687855987968
COMBO_EQUAL__DFM_DOMESTIC_3_SERVICES_RAW_BREAK__BRIDGE_B,standard,HISTORICAL_POST_DEVELOPMENT_TEST,H2,MATCHED_SAMPLE,ar2,4,4,2025Q3,2026Q2,0.82242908239,0.684843374826,0.573845035681,actual_minus_forecast,0.987139893295,0.80890796493,-0.164710810906,-0.124064590104
COMBO_EQUAL__DFM_DOMESTIC_3_SERVICES_RAW_BREAK__BRIDGE_B,standard,HISTORICAL_POST_DEVELOPMENT_TEST,H3,MATCHED_SAMPLE,ar2,4,4,2025Q3,2026Q2,0.488796797565,0.386629905307,0.293658432297,actual_minus_forecast,0.987139893295,0.80890796493,-0.49834309573,-0.422278059623
COMBO_EQUAL__DFM_DOMESTIC_3_SERVICES_RAW_BREAK__BRIDGE_B,standard,HISTORICAL_POST_DEVELOPMENT_TEST,ALL,MATCHED_SAMPLE,ar2,12,4,2025Q3,2026Q2,0.731706374937,0.603865215422,0.483763985914,actual_minus_forecast,0.987139893295,0.80890796493,-0.255433518358,-0.205042749508
COMBO_EQUAL__DFM_DOMESTIC_3_SERVICES_RAW_BREAK__BRIDGE_B,conservative,DEVELOPMENT_PSEUDO_OOS,H1,MATCHED_SAMPLE,ensemble_ar2_umidas_usd,6,6,2024Q1,2025Q2,0.277265507542,0.213715216889,0.213715216889,actual_minus_forecast,0.473618726641,0.452200043662,-0.1963532191,-0.238484826773
COMBO_EQUAL__DFM_DOMESTIC_3_SERVICES_RAW_BREAK__BRIDGE_B,conservative,DEVELOPMENT_PSEUDO_OOS,H2,MATCHED_SAMPLE,ensemble_ar2_umidas_usd,6,6,2024Q1,2025Q2,0.26666706023,0.214820131166,0.184159939776,actual_minus_forecast,0.449163682887,0.412876998711,-0.182496622658,-0.198056867544
COMBO_EQUAL__DFM_DOMESTIC_3_SERVICES_RAW_BREAK__BRIDGE_B,conservative,DEVELOPMENT_PSEUDO_OOS,H3,MATCHED_SAMPLE,ensemble_ar2_umidas_usd,6,6,2024Q1,2025Q2,0.339454326099,0.309461164809,0.159110715516,actual_minus_forecast,0.495334629592,0.455640792953,-0.155880303493,-0.146179628144
COMBO_EQUAL__DFM_DOMESTIC_3_SERVICES_RAW_BREAK__BRIDGE_B,conservative,DEVELOPMENT_PSEUDO_OOS,ALL,MATCHED_SAMPLE,ensemble_ar2_umidas_usd,18,6,2024Q1,2025Q2,0.296207541088,0.245998837621,0.185661957394,actual_minus_forecast,0.473081778527,0.440239278442,-0.17687423744,-0.194240440821
COMBO_EQUAL__DFM_DOMESTIC_3_SERVICES_RAW_BREAK__BRIDGE_B,conservative,HISTORICAL_POST_DEVELOPMENT_TEST,H1,MATCHED_SAMPLE,ensemble_ar2_umidas_usd,4,4,2025Q3,2026Q2,0.786769618611,0.68122572431,0.68122572431,actual_minus_forecast,0.799938051857,0.62562514755,-0.0131684332461,0.0556005767596
COMBO_EQUAL__DFM_DOMESTIC_3_SERVICES_RAW_BREAK__BRIDGE_B,conservative,HISTORICAL_POST_DEVELOPMENT_TEST,H2,MATCHED_SAMPLE,ensemble_ar2_umidas_usd,4,4,2025Q3,2026Q2,0.843367687398,0.754667293433,0.603796085018,actual_minus_forecast,0.851830629866,0.71376804648,-0.00846294246739,0.0408992469536
COMBO_EQUAL__DFM_DOMESTIC_3_SERVICES_RAW_BREAK__BRIDGE_B,conservative,HISTORICAL_POST_DEVELOPMENT_TEST,H3,MATCHED_SAMPLE,ensemble_ar2_umidas_usd,4,4,2025Q3,2026Q2,0.836445396266,0.701325526796,0.600081543538,actual_minus_forecast,0.866287255243,0.666851762127,-0.0298418589767,0.0344737646693
COMBO_EQUAL__DFM_DOMESTIC_3_SERVICES_RAW_BREAK__BRIDGE_B,conservative,HISTORICAL_POST_DEVELOPMENT_TEST,ALL,MATCHED_SAMPLE,ensemble_ar2_umidas_usd,12,4,2025Q3,2026Q2,0.822580571505,0.712406181513,0.628367784289,actual_minus_forecast,0.839835284919,0.668748318719,-0.0172547134137,0.0436578627942
COMBO_EQUAL__DFM_DOMESTIC_3_SERVICES_RAW_BREAK__BRIDGE_B,standard,DEVELOPMENT_PSEUDO_OOS,H1,MATCHED_SAMPLE,ensemble_ar2_umidas_usd,6,6,2024Q1,2025Q2,0.25639695063,0.204978729089,0.174325392885,actual_minus_forecast,0.449163682887,0.412876998711,-0.192766732257,-0.207898269622
COMBO_EQUAL__DFM_DOMESTIC_3_SERVICES_RAW_BREAK__BRIDGE_B,standard,DEVELOPMENT_PSEUDO_OOS,H2,MATCHED_SAMPLE,ensemble_ar2_umidas_usd,6,6,2024Q1,2025Q2,0.299122704402,0.261807045456,0.178827735263,actual_minus_forecast,0.495334629592,0.455640792953,-0.19621192519,-0.193833747497
COMBO_EQUAL__DFM_DOMESTIC_3_SERVICES_RAW_BREAK__BRIDGE_B,standard,DEVELOPMENT_PSEUDO_OOS,H3,MATCHED_SAMPLE,ensemble_ar2_umidas_usd,6,6,2024Q1,2025Q2,0.229932833298,0.202009357618,-0.0819435943582,actual_minus_forecast,0.311729199403,0.277580301552,-0.0817963661052,-0.0755709439347
COMBO_EQUAL__DFM_DOMESTIC_3_SERVICES_RAW_BREAK__BRIDGE_B,standard,DEVELOPMENT_PSEUDO_OOS,ALL,MATCHED_SAMPLE,ensemble_ar2_umidas_usd,18,6,2024Q1,2025Q2,0.263364700501,0.222931710721,0.0904031779298,actual_minus_forecast,0.425941898643,0.382032697739,-0.162577198142,-0.159100987018
COMBO_EQUAL__DFM_DOMESTIC_3_SERVICES_RAW_BREAK__BRIDGE_B,standard,HISTORICAL_POST_DEVELOPMENT_TEST,H1,MATCHED_SAMPLE,ensemble_ar2_umidas_usd,4,4,2025Q3,2026Q2,0.83118635245,0.740122366133,0.583788489764,actual_minus_forecast,0.851830629866,0.71376804648,-0.0206442774154,0.0263543196532
COMBO_EQUAL__DFM_DOMESTIC_3_SERVICES_RAW_BREAK__BRIDGE_B,standard,HISTORICAL_POST_DEVELOPMENT_TEST,H2,MATCHED_SAMPLE,ensemble_ar2_umidas_usd,4,4,2025Q3,2026Q2,0.82242908239,0.684843374826,0.573845035681,actual_minus_forecast,0.866287255243,0.666851762127,-0.0438581728534,0.0179916126987
COMBO_EQUAL__DFM_DOMESTIC_3_SERVICES_RAW_BREAK__BRIDGE_B,standard,HISTORICAL_POST_DEVELOPMENT_TEST,H3,MATCHED_SAMPLE,ensemble_ar2_umidas_usd,4,4,2025Q3,2026Q2,0.488796797565,0.386629905307,0.293658432297,actual_minus_forecast,0.529781426202,0.370556063932,-0.040984628637,0.0160738413745
COMBO_EQUAL__DFM_DOMESTIC_3_SERVICES_RAW_BREAK__BRIDGE_B,standard,HISTORICAL_POST_DEVELOPMENT_TEST,ALL,MATCHED_SAMPLE,ensemble_ar2_umidas_usd,12,4,2025Q3,2026Q2,0.731706374937,0.603865215422,0.483763985914,actual_minus_forecast,0.765231422539,0.583725290846,-0.033525047602,0.0201399245755
COMBO_EQUAL__DFM_DOMESTIC_3_SERVICES_RAW_BREAK__BRIDGE_B,conservative,DEVELOPMENT_PSEUDO_OOS,H1,MATCHED_SAMPLE,umidas_usd_uzs_mom_dlog,6,6,2024Q1,2025Q2,0.277265507542,0.213715216889,0.213715216889,actual_minus_forecast,0.391489259917,0.361775219189,-0.114223752375,-0.1480600023
COMBO_EQUAL__DFM_DOMESTIC_3_SERVICES_RAW_BREAK__BRIDGE_B,conservative,DEVELOPMENT_PSEUDO_OOS,H2,MATCHED_SAMPLE,umidas_usd_uzs_mom_dlog,6,6,2024Q1,2025Q2,0.26666706023,0.214820131166,0.184159939776,actual_minus_forecast,0.375942290112,0.324961882186,-0.109275229882,-0.11014175102
COMBO_EQUAL__DFM_DOMESTIC_3_SERVICES_RAW_BREAK__BRIDGE_B,conservative,DEVELOPMENT_PSEUDO_OOS,H3,MATCHED_SAMPLE,umidas_usd_uzs_mom_dlog,6,6,2024Q1,2025Q2,0.339454326099,0.309461164809,0.159110715516,actual_minus_forecast,0.464896459626,0.412981871049,-0.125442133527,-0.10352070624
COMBO_EQUAL__DFM_DOMESTIC_3_SERVICES_RAW_BREAK__BRIDGE_B,conservative,DEVELOPMENT_PSEUDO_OOS,ALL,MATCHED_SAMPLE,umidas_usd_uzs_mom_dlog,18,6,2024Q1,2025Q2,0.296207541088,0.245998837621,0.185661957394,actual_minus_forecast,0.41260358873,0.366572990808,-0.116396047642,-0.120574153187
COMBO_EQUAL__DFM_DOMESTIC_3_SERVICES_RAW_BREAK__BRIDGE_B,conservative,HISTORICAL_POST_DEVELOPMENT_TEST,H1,MATCHED_SAMPLE,umidas_usd_uzs_mom_dlog,4,4,2025Q3,2026Q2,0.786769618611,0.68122572431,0.68122572431,actual_minus_forecast,0.623620009265,0.44234233017,0.163149609346,0.238883394139
COMBO_EQUAL__DFM_DOMESTIC_3_SERVICES_RAW_BREAK__BRIDGE_B,conservative,HISTORICAL_POST_DEVELOPMENT_TEST,H2,MATCHED_SAMPLE,umidas_usd_uzs_mom_dlog,4,4,2025Q3,2026Q2,0.843367687398,0.754667293433,0.603796085018,actual_minus_forecast,0.966957153678,0.9124983665,-0.12358946628,-0.157831073066
COMBO_EQUAL__DFM_DOMESTIC_3_SERVICES_RAW_BREAK__BRIDGE_B,conservative,HISTORICAL_POST_DEVELOPMENT_TEST,H3,MATCHED_SAMPLE,umidas_usd_uzs_mom_dlog,4,4,2025Q3,2026Q2,0.836445396266,0.701325526796,0.600081543538,actual_minus_forecast,0.930196784122,0.818665797794,-0.0937513878552,-0.117340270998
COMBO_EQUAL__DFM_DOMESTIC_3_SERVICES_RAW_BREAK__BRIDGE_B,conservative,HISTORICAL_POST_DEVELOPMENT_TEST,ALL,MATCHED_SAMPLE,umidas_usd_uzs_mom_dlog,12,4,2025Q3,2026Q2,0.822580571505,0.712406181513,0.628367784289,actual_minus_forecast,0.854239254189,0.724502164821,-0.0316586826845,-0.0120959833082
COMBO_EQUAL__DFM_DOMESTIC_3_SERVICES_RAW_BREAK__BRIDGE_B,standard,DEVELOPMENT_PSEUDO_OOS,H1,MATCHED_SAMPLE,umidas_usd_uzs_mom_dlog,6,6,2024Q1,2025Q2,0.25639695063,0.204978729089,0.174325392885,actual_minus_forecast,0.375942290112,0.324961882186,-0.119545339482,-0.119983153097
COMBO_EQUAL__DFM_DOMESTIC_3_SERVICES_RAW_BREAK__BRIDGE_B,standard,DEVELOPMENT_PSEUDO_OOS,H2,MATCHED_SAMPLE,umidas_usd_uzs_mom_dlog,6,6,2024Q1,2025Q2,0.299122704402,0.261807045456,0.178827735263,actual_minus_forecast,0.464896459626,0.412981871049,-0.165773755224,-0.151174825593
COMBO_EQUAL__DFM_DOMESTIC_3_SERVICES_RAW_BREAK__BRIDGE_B,standard,DEVELOPMENT_PSEUDO_OOS,H3,MATCHED_SAMPLE,umidas_usd_uzs_mom_dlog,6,6,2024Q1,2025Q2,0.229932833298,0.202009357618,-0.0819435943582,actual_minus_forecast,0.523137754912,0.369755492537,-0.293204921614,-0.167746134919
COMBO_EQUAL__DFM_DOMESTIC_3_SERVICES_RAW_BREAK__BRIDGE_B,standard,DEVELOPMENT_PSEUDO_OOS,ALL,MATCHED_SAMPLE,umidas_usd_uzs_mom_dlog,18,6,2024Q1,2025Q2,0.263364700501,0.222931710721,0.0904031779298,actual_minus_forecast,0.458669973686,0.369233081924,-0.195305273185,-0.146301371203
COMBO_EQUAL__DFM_DOMESTIC_3_SERVICES_RAW_BREAK__BRIDGE_B,standard,HISTORICAL_POST_DEVELOPMENT_TEST,H1,MATCHED_SAMPLE,umidas_usd_uzs_mom_dlog,4,4,2025Q3,2026Q2,0.83118635245,0.740122366133,0.583788489764,actual_minus_forecast,0.966957153678,0.9124983665,-0.135770801228,-0.172376000367
COMBO_EQUAL__DFM_DOMESTIC_3_SERVICES_RAW_BREAK__BRIDGE_B,standard,HISTORICAL_POST_DEVELOPMENT_TEST,H2,MATCHED_SAMPLE,umidas_usd_uzs_mom_dlog,4,4,2025Q3,2026Q2,0.82242908239,0.684843374826,0.573845035681,actual_minus_forecast,0.930196784122,0.818665797794,-0.107767701732,-0.133822422968
COMBO_EQUAL__DFM_DOMESTIC_3_SERVICES_RAW_BREAK__BRIDGE_B,standard,HISTORICAL_POST_DEVELOPMENT_TEST,H3,MATCHED_SAMPLE,umidas_usd_uzs_mom_dlog,4,4,2025Q3,2026Q2,0.488796797565,0.386629905307,0.293658432297,actual_minus_forecast,0.542804853388,0.44415706812,-0.0540080558232,-0.0575271628134
COMBO_EQUAL__DFM_DOMESTIC_3_SERVICES_RAW_BREAK__BRIDGE_B,standard,HISTORICAL_POST_DEVELOPMENT_TEST,ALL,MATCHED_SAMPLE,umidas_usd_uzs_mom_dlog,12,4,2025Q3,2026Q2,0.731706374937,0.603865215422,0.483763985914,actual_minus_forecast,0.835645320117,0.725107077471,-0.10393894518,-0.121241862049
COMBO_EQUAL__DFM_DOMESTIC_3_SERVICES__BRIDGE_A,conservative,DEVELOPMENT_PSEUDO_OOS,H1,MATCHED_SAMPLE,ar1,6,6,2024Q1,2025Q2,0.331516162262,0.258928931898,0.258928931898,actual_minus_forecast,0.385847446846,0.361584023211,-0.0543312845834,-0.102655091313
COMBO_EQUAL__DFM_DOMESTIC_3_SERVICES__BRIDGE_A,conservative,DEVELOPMENT_PSEUDO_OOS,H2,MATCHED_SAMPLE,ar1,6,6,2024Q1,2025Q2,0.317370738385,0.254000488239,0.241975380956,actual_minus_forecast,0.385847446846,0.361584023211,-0.068476708461,-0.107583534972
COMBO_EQUAL__DFM_DOMESTIC_3_SERVICES__BRIDGE_A,conservative,DEVELOPMENT_PSEUDO_OOS,H3,MATCHED_SAMPLE,ar1,6,6,2024Q1,2025Q2,0.444563852998,0.387278519079,0.160118392494,actual_minus_forecast,0.385847446846,0.361584023211,0.0587164061521,0.0256944958684
COMBO_EQUAL__DFM_DOMESTIC_3_SERVICES__BRIDGE_A,conservative,DEVELOPMENT_PSEUDO_OOS,ALL,MATCHED_SAMPLE,ar1,18,6,2024Q1,2025Q2,0.368901147923,0.300069313072,0.220340901783,actual_minus_forecast,0.385847446846,0.361584023211,-0.0169462989229,-0.061514710139
COMBO_EQUAL__DFM_DOMESTIC_3_SERVICES__BRIDGE_A,conservative,HISTORICAL_POST_DEVELOPMENT_TEST,H1,MATCHED_SAMPLE,ar1,4,4,2025Q3,2026Q2,1.01499160102,0.936539826811,0.936539826811,actual_minus_forecast,0.833979369096,0.731322873107,0.181012231926,0.205216953704
COMBO_EQUAL__DFM_DOMESTIC_3_SERVICES__BRIDGE_A,conservative,HISTORICAL_POST_DEVELOPMENT_TEST,H2,MATCHED_SAMPLE,ar1,4,4,2025Q3,2026Q2,1.02231373505,0.881510596515,0.833431922885,actual_minus_forecast,0.833979369096,0.731322873107,0.188334365956,0.150187723408
COMBO_EQUAL__DFM_DOMESTIC_3_SERVICES__BRIDGE_A,conservative,HISTORICAL_POST_DEVELOPMENT_TEST,H3,MATCHED_SAMPLE,ar1,4,4,2025Q3,2026Q2,0.978568037572,0.804716175287,0.799503293142,actual_minus_forecast,0.833979369096,0.731322873107,0.144588668476,0.07339330218
COMBO_EQUAL__DFM_DOMESTIC_3_SERVICES__BRIDGE_A,conservative,HISTORICAL_POST_DEVELOPMENT_TEST,ALL,MATCHED_SAMPLE,ar1,12,4,2025Q3,2026Q2,1.00547314355,0.874255532871,0.856491680946,actual_minus_forecast,0.833979369096,0.731322873107,0.171493774451,0.142932659764
COMBO_EQUAL__DFM_DOMESTIC_3_SERVICES__BRIDGE_A,standard,DEVELOPMENT_PSEUDO_OOS,H1,MATCHED_SAMPLE,ar1,6,6,2024Q1,2025Q2,0.293812064249,0.231468742935,0.219460559352,actual_minus_forecast,0.385847446846,0.361584023211,-0.0920353825966,-0.130115280276
COMBO_EQUAL__DFM_DOMESTIC_3_SERVICES__BRIDGE_A,standard,DEVELOPMENT_PSEUDO_OOS,H2,MATCHED_SAMPLE,ar1,6,6,2024Q1,2025Q2,0.336788145575,0.294703931293,0.187773167766,actual_minus_forecast,0.385847446846,0.361584023211,-0.0490593012704,-0.0668800919177
COMBO_EQUAL__DFM_DOMESTIC_3_SERVICES__BRIDGE_A,standard,DEVELOPMENT_PSEUDO_OOS,H3,MATCHED_SAMPLE,ar1,6,6,2024Q1,2025Q2,0.292319028793,0.238295759918,-0.0906175502749,actual_minus_forecast,0.385847446846,0.361584023211,-0.0935284180527,-0.123288263293
COMBO_EQUAL__DFM_DOMESTIC_3_SERVICES__BRIDGE_A,standard,DEVELOPMENT_PSEUDO_OOS,ALL,MATCHED_SAMPLE,ar1,18,6,2024Q1,2025Q2,0.308330017294,0.254822811382,0.105538725615,actual_minus_forecast,0.385847446846,0.361584023211,-0.0775174295521,-0.106761211829
COMBO_EQUAL__DFM_DOMESTIC_3_SERVICES__BRIDGE_A,standard,HISTORICAL_POST_DEVELOPMENT_TEST,H1,MATCHED_SAMPLE,ar1,4,4,2025Q3,2026Q2,0.978448173592,0.841070249902,0.77877358082,actual_minus_forecast,0.833979369096,0.731322873107,0.144468804496,0.109747376795
COMBO_EQUAL__DFM_DOMESTIC_3_SERVICES__BRIDGE_A,standard,HISTORICAL_POST_DEVELOPMENT_TEST,H2,MATCHED_SAMPLE,ar1,4,4,2025Q3,2026Q2,0.926457083242,0.757750607001,0.729962159416,actual_minus_forecast,0.833979369096,0.731322873107,0.0924777141466,0.0264277338938
COMBO_EQUAL__DFM_DOMESTIC_3_SERVICES__BRIDGE_A,standard,HISTORICAL_POST_DEVELOPMENT_TEST,H3,MATCHED_SAMPLE,ar1,4,4,2025Q3,2026Q2,0.565229264326,0.445499298513,0.428851016944,actual_minus_forecast,0.833979369096,0.731322873107,-0.26875010477,-0.285823574594
COMBO_EQUAL__DFM_DOMESTIC_3_SERVICES__BRIDGE_A,standard,HISTORICAL_POST_DEVELOPMENT_TEST,ALL,MATCHED_SAMPLE,ar1,12,4,2025Q3,2026Q2,0.843636508761,0.681440051805,0.645862252393,actual_minus_forecast,0.833979369096,0.731322873107,0.00965713966562,-0.0498828213017
COMBO_EQUAL__DFM_DOMESTIC_3_SERVICES__BRIDGE_A,conservative,DEVELOPMENT_PSEUDO_OOS,H1,MATCHED_SAMPLE,ar2,6,6,2024Q1,2025Q2,0.331516162262,0.258928931898,0.258928931898,actual_minus_forecast,0.563783752251,0.542624868135,-0.232267589989,-0.283695936237
COMBO_EQUAL__DFM_DOMESTIC_3_SERVICES__BRIDGE_A,conservative,DEVELOPMENT_PSEUDO_OOS,H2,MATCHED_SAMPLE,ar2,6,6,2024Q1,2025Q2,0.317370738385,0.254000488239,0.241975380956,actual_minus_forecast,0.563783752251,0.542624868135,-0.246413013867,-0.288624379896
COMBO_EQUAL__DFM_DOMESTIC_3_SERVICES__BRIDGE_A,conservative,DEVELOPMENT_PSEUDO_OOS,H3,MATCHED_SAMPLE,ar2,6,6,2024Q1,2025Q2,0.444563852998,0.387278519079,0.160118392494,actual_minus_forecast,0.563783752251,0.542624868135,-0.119219899254,-0.155346349056
COMBO_EQUAL__DFM_DOMESTIC_3_SERVICES__BRIDGE_A,conservative,DEVELOPMENT_PSEUDO_OOS,ALL,MATCHED_SAMPLE,ar2,18,6,2024Q1,2025Q2,0.368901147923,0.300069313072,0.220340901783,actual_minus_forecast,0.563783752251,0.542624868135,-0.194882604329,-0.242555555063
COMBO_EQUAL__DFM_DOMESTIC_3_SERVICES__BRIDGE_A,conservative,HISTORICAL_POST_DEVELOPMENT_TEST,H1,MATCHED_SAMPLE,ar2,4,4,2025Q3,2026Q2,1.01499160102,0.936539826811,0.936539826811,actual_minus_forecast,0.987139893295,0.80890796493,0.0278517077265,0.127631861882
COMBO_EQUAL__DFM_DOMESTIC_3_SERVICES__BRIDGE_A,conservative,HISTORICAL_POST_DEVELOPMENT_TEST,H2,MATCHED_SAMPLE,ar2,4,4,2025Q3,2026Q2,1.02231373505,0.881510596515,0.833431922885,actual_minus_forecast,0.987139893295,0.80890796493,0.035173841757,0.0726026315852
COMBO_EQUAL__DFM_DOMESTIC_3_SERVICES__BRIDGE_A,conservative,HISTORICAL_POST_DEVELOPMENT_TEST,H3,MATCHED_SAMPLE,ar2,4,4,2025Q3,2026Q2,0.978568037572,0.804716175287,0.799503293142,actual_minus_forecast,0.987139893295,0.80890796493,-0.00857185572302,-0.00419178964271
COMBO_EQUAL__DFM_DOMESTIC_3_SERVICES__BRIDGE_A,conservative,HISTORICAL_POST_DEVELOPMENT_TEST,ALL,MATCHED_SAMPLE,ar2,12,4,2025Q3,2026Q2,1.00547314355,0.874255532871,0.856491680946,actual_minus_forecast,0.987139893295,0.80890796493,0.0183332502511,0.0653475679413
COMBO_EQUAL__DFM_DOMESTIC_3_SERVICES__BRIDGE_A,standard,DEVELOPMENT_PSEUDO_OOS,H1,MATCHED_SAMPLE,ar2,6,6,2024Q1,2025Q2,0.293812064249,0.231468742935,0.219460559352,actual_minus_forecast,0.563783752251,0.542624868135,-0.269971688002,-0.3111561252
COMBO_EQUAL__DFM_DOMESTIC_3_SERVICES__BRIDGE_A,standard,DEVELOPMENT_PSEUDO_OOS,H2,MATCHED_SAMPLE,ar2,6,6,2024Q1,2025Q2,0.336788145575,0.294703931293,0.187773167766,actual_minus_forecast,0.563783752251,0.542624868135,-0.226995606676,-0.247920936842
COMBO_EQUAL__DFM_DOMESTIC_3_SERVICES__BRIDGE_A,standard,DEVELOPMENT_PSEUDO_OOS,H3,MATCHED_SAMPLE,ar2,6,6,2024Q1,2025Q2,0.292319028793,0.238295759918,-0.0906175502749,actual_minus_forecast,0.563783752251,0.542624868135,-0.271464723458,-0.304329108217
COMBO_EQUAL__DFM_DOMESTIC_3_SERVICES__BRIDGE_A,standard,DEVELOPMENT_PSEUDO_OOS,ALL,MATCHED_SAMPLE,ar2,18,6,2024Q1,2025Q2,0.308330017294,0.254822811382,0.105538725615,actual_minus_forecast,0.563783752251,0.542624868135,-0.255453734958,-0.287802056753
COMBO_EQUAL__DFM_DOMESTIC_3_SERVICES__BRIDGE_A,standard,HISTORICAL_POST_DEVELOPMENT_TEST,H1,MATCHED_SAMPLE,ar2,4,4,2025Q3,2026Q2,0.978448173592,0.841070249902,0.77877358082,actual_minus_forecast,0.987139893295,0.80890796493,-0.00869171970354,0.0321622849725
COMBO_EQUAL__DFM_DOMESTIC_3_SERVICES__BRIDGE_A,standard,HISTORICAL_POST_DEVELOPMENT_TEST,H2,MATCHED_SAMPLE,ar2,4,4,2025Q3,2026Q2,0.926457083242,0.757750607001,0.729962159416,actual_minus_forecast,0.987139893295,0.80890796493,-0.0606828100528,-0.0511573579288
COMBO_EQUAL__DFM_DOMESTIC_3_SERVICES__BRIDGE_A,standard,HISTORICAL_POST_DEVELOPMENT_TEST,H3,MATCHED_SAMPLE,ar2,4,4,2025Q3,2026Q2,0.565229264326,0.445499298513,0.428851016944,actual_minus_forecast,0.987139893295,0.80890796493,-0.421910628969,-0.363408666417
COMBO_EQUAL__DFM_DOMESTIC_3_SERVICES__BRIDGE_A,standard,HISTORICAL_POST_DEVELOPMENT_TEST,ALL,MATCHED_SAMPLE,ar2,12,4,2025Q3,2026Q2,0.843636508761,0.681440051805,0.645862252393,actual_minus_forecast,0.987139893295,0.80890796493,-0.143503384534,-0.127467913124
COMBO_EQUAL__DFM_DOMESTIC_3_SERVICES__BRIDGE_A,conservative,DEVELOPMENT_PSEUDO_OOS,H1,MATCHED_SAMPLE,ensemble_ar2_umidas_usd,6,6,2024Q1,2025Q2,0.331516162262,0.258928931898,0.258928931898,actual_minus_forecast,0.473618726641,0.452200043662,-0.142102564379,-0.193271111764
COMBO_EQUAL__DFM_DOMESTIC_3_SERVICES__BRIDGE_A,conservative,DEVELOPMENT_PSEUDO_OOS,H2,MATCHED_SAMPLE,ensemble_ar2_umidas_usd,6,6,2024Q1,2025Q2,0.317370738385,0.254000488239,0.241975380956,actual_minus_forecast,0.449163682887,0.412876998711,-0.131792944503,-0.158876510472
COMBO_EQUAL__DFM_DOMESTIC_3_SERVICES__BRIDGE_A,conservative,DEVELOPMENT_PSEUDO_OOS,H3,MATCHED_SAMPLE,ensemble_ar2_umidas_usd,6,6,2024Q1,2025Q2,0.444563852998,0.387278519079,0.160118392494,actual_minus_forecast,0.495334629592,0.455640792953,-0.0507707765944,-0.0683622738737
COMBO_EQUAL__DFM_DOMESTIC_3_SERVICES__BRIDGE_A,conservative,DEVELOPMENT_PSEUDO_OOS,ALL,MATCHED_SAMPLE,ensemble_ar2_umidas_usd,18,6,2024Q1,2025Q2,0.368901147923,0.300069313072,0.220340901783,actual_minus_forecast,0.473081778527,0.440239278442,-0.104180630605,-0.14016996537
COMBO_EQUAL__DFM_DOMESTIC_3_SERVICES__BRIDGE_A,conservative,HISTORICAL_POST_DEVELOPMENT_TEST,H1,MATCHED_SAMPLE,ensemble_ar2_umidas_usd,4,4,2025Q3,2026Q2,1.01499160102,0.936539826811,0.936539826811,actual_minus_forecast,0.799938051857,0.62562514755,0.215053549164,0.310914679261
COMBO_EQUAL__DFM_DOMESTIC_3_SERVICES__BRIDGE_A,conservative,HISTORICAL_POST_DEVELOPMENT_TEST,H2,MATCHED_SAMPLE,ensemble_ar2_umidas_usd,4,4,2025Q3,2026Q2,1.02231373505,0.881510596515,0.833431922885,actual_minus_forecast,0.851830629866,0.71376804648,0.170483105186,0.167742550035
COMBO_EQUAL__DFM_DOMESTIC_3_SERVICES__BRIDGE_A,conservative,HISTORICAL_POST_DEVELOPMENT_TEST,H3,MATCHED_SAMPLE,ensemble_ar2_umidas_usd,4,4,2025Q3,2026Q2,0.978568037572,0.804716175287,0.799503293142,actual_minus_forecast,0.866287255243,0.666851762127,0.112280782329,0.13786441316
COMBO_EQUAL__DFM_DOMESTIC_3_SERVICES__BRIDGE_A,conservative,HISTORICAL_POST_DEVELOPMENT_TEST,ALL,MATCHED_SAMPLE,ensemble_ar2_umidas_usd,12,4,2025Q3,2026Q2,1.00547314355,0.874255532871,0.856491680946,actual_minus_forecast,0.839835284919,0.668748318719,0.165637858628,0.205507214152
COMBO_EQUAL__DFM_DOMESTIC_3_SERVICES__BRIDGE_A,standard,DEVELOPMENT_PSEUDO_OOS,H1,MATCHED_SAMPLE,ensemble_ar2_umidas_usd,6,6,2024Q1,2025Q2,0.293812064249,0.231468742935,0.219460559352,actual_minus_forecast,0.449163682887,0.412876998711,-0.155351618638,-0.181408255776
COMBO_EQUAL__DFM_DOMESTIC_3_SERVICES__BRIDGE_A,standard,DEVELOPMENT_PSEUDO_OOS,H2,MATCHED_SAMPLE,ensemble_ar2_umidas_usd,6,6,2024Q1,2025Q2,0.336788145575,0.294703931293,0.187773167766,actual_minus_forecast,0.495334629592,0.455640792953,-0.158546484017,-0.16093686166
COMBO_EQUAL__DFM_DOMESTIC_3_SERVICES__BRIDGE_A,standard,DEVELOPMENT_PSEUDO_OOS,H3,MATCHED_SAMPLE,ensemble_ar2_umidas_usd,6,6,2024Q1,2025Q2,0.292319028793,0.238295759918,-0.0906175502749,actual_minus_forecast,0.311729199403,0.277580301552,-0.0194101706105,-0.0392845416343
COMBO_EQUAL__DFM_DOMESTIC_3_SERVICES__BRIDGE_A,standard,DEVELOPMENT_PSEUDO_OOS,ALL,MATCHED_SAMPLE,ensemble_ar2_umidas_usd,18,6,2024Q1,2025Q2,0.308330017294,0.254822811382,0.105538725615,actual_minus_forecast,0.425941898643,0.382032697739,-0.117611881349,-0.127209886357
COMBO_EQUAL__DFM_DOMESTIC_3_SERVICES__BRIDGE_A,standard,HISTORICAL_POST_DEVELOPMENT_TEST,H1,MATCHED_SAMPLE,ensemble_ar2_umidas_usd,4,4,2025Q3,2026Q2,0.978448173592,0.841070249902,0.77877358082,actual_minus_forecast,0.851830629866,0.71376804648,0.126617543726,0.127302203423
COMBO_EQUAL__DFM_DOMESTIC_3_SERVICES__BRIDGE_A,standard,HISTORICAL_POST_DEVELOPMENT_TEST,H2,MATCHED_SAMPLE,ensemble_ar2_umidas_usd,4,4,2025Q3,2026Q2,0.926457083242,0.757750607001,0.729962159416,actual_minus_forecast,0.866287255243,0.666851762127,0.0601698279993,0.0908988448742
COMBO_EQUAL__DFM_DOMESTIC_3_SERVICES__BRIDGE_A,standard,HISTORICAL_POST_DEVELOPMENT_TEST,H3,MATCHED_SAMPLE,ensemble_ar2_umidas_usd,4,4,2025Q3,2026Q2,0.565229264326,0.445499298513,0.428851016944,actual_minus_forecast,0.529781426202,0.370556063932,0.0354478381241,0.0749432345808
COMBO_EQUAL__DFM_DOMESTIC_3_SERVICES__BRIDGE_A,standard,HISTORICAL_POST_DEVELOPMENT_TEST,ALL,MATCHED_SAMPLE,ensemble_ar2_umidas_usd,12,4,2025Q3,2026Q2,0.843636508761,0.681440051805,0.645862252393,actual_minus_forecast,0.765231422539,0.583725290846,0.0784050862225,0.0977147609592
COMBO_EQUAL__DFM_DOMESTIC_3_SERVICES__BRIDGE_A,conservative,DEVELOPMENT_PSEUDO_OOS,H1,MATCHED_SAMPLE,umidas_usd_uzs_mom_dlog,6,6,2024Q1,2025Q2,0.331516162262,0.258928931898,0.258928931898,actual_minus_forecast,0.391489259917,0.361775219189,-0.0599730976546,-0.102846287291
COMBO_EQUAL__DFM_DOMESTIC_3_SERVICES__BRIDGE_A,conservative,DEVELOPMENT_PSEUDO_OOS,H2,MATCHED_SAMPLE,umidas_usd_uzs_mom_dlog,6,6,2024Q1,2025Q2,0.317370738385,0.254000488239,0.241975380956,actual_minus_forecast,0.375942290112,0.324961882186,-0.0585715517271,-0.0709613939468
COMBO_EQUAL__DFM_DOMESTIC_3_SERVICES__BRIDGE_A,conservative,DEVELOPMENT_PSEUDO_OOS,H3,MATCHED_SAMPLE,umidas_usd_uzs_mom_dlog,6,6,2024Q1,2025Q2,0.444563852998,0.387278519079,0.160118392494,actual_minus_forecast,0.464896459626,0.412981871049,-0.0203326066285,-0.0257033519698
COMBO_EQUAL__DFM_DOMESTIC_3_SERVICES__BRIDGE_A,conservative,DEVELOPMENT_PSEUDO_OOS,ALL,MATCHED_SAMPLE,umidas_usd_uzs_mom_dlog,18,6,2024Q1,2025Q2,0.368901147923,0.300069313072,0.220340901783,actual_minus_forecast,0.41260358873,0.366572990808,-0.0437024408069,-0.0665036777358
COMBO_EQUAL__DFM_DOMESTIC_3_SERVICES__BRIDGE_A,conservative,HISTORICAL_POST_DEVELOPMENT_TEST,H1,MATCHED_SAMPLE,umidas_usd_uzs_mom_dlog,4,4,2025Q3,2026Q2,1.01499160102,0.936539826811,0.936539826811,actual_minus_forecast,0.623620009265,0.44234233017,0.391371591757,0.494197496641
COMBO_EQUAL__DFM_DOMESTIC_3_SERVICES__BRIDGE_A,conservative,HISTORICAL_POST_DEVELOPMENT_TEST,H2,MATCHED_SAMPLE,umidas_usd_uzs_mom_dlog,4,4,2025Q3,2026Q2,1.02231373505,0.881510596515,0.833431922885,actual_minus_forecast,0.966957153678,0.9124983665,0.0553565813742,-0.0309877699847
COMBO_EQUAL__DFM_DOMESTIC_3_SERVICES__BRIDGE_A,conservative,HISTORICAL_POST_DEVELOPMENT_TEST,H3,MATCHED_SAMPLE,umidas_usd_uzs_mom_dlog,4,4,2025Q3,2026Q2,0.978568037572,0.804716175287,0.799503293142,actual_minus_forecast,0.930196784122,0.818665797794,0.0483712534505,-0.0139496225067
COMBO_EQUAL__DFM_DOMESTIC_3_SERVICES__BRIDGE_A,conservative,HISTORICAL_POST_DEVELOPMENT_TEST,ALL,MATCHED_SAMPLE,umidas_usd_uzs_mom_dlog,12,4,2025Q3,2026Q2,1.00547314355,0.874255532871,0.856491680946,actual_minus_forecast,0.854239254189,0.724502164821,0.151233889357,0.14975336805
COMBO_EQUAL__DFM_DOMESTIC_3_SERVICES__BRIDGE_A,standard,DEVELOPMENT_PSEUDO_OOS,H1,MATCHED_SAMPLE,umidas_usd_uzs_mom_dlog,6,6,2024Q1,2025Q2,0.293812064249,0.231468742935,0.219460559352,actual_minus_forecast,0.375942290112,0.324961882186,-0.0821302258626,-0.0934931392511
COMBO_EQUAL__DFM_DOMESTIC_3_SERVICES__BRIDGE_A,standard,DEVELOPMENT_PSEUDO_OOS,H2,MATCHED_SAMPLE,umidas_usd_uzs_mom_dlog,6,6,2024Q1,2025Q2,0.336788145575,0.294703931293,0.187773167766,actual_minus_forecast,0.464896459626,0.412981871049,-0.128108314051,-0.118277939756
COMBO_EQUAL__DFM_DOMESTIC_3_SERVICES__BRIDGE_A,standard,DEVELOPMENT_PSEUDO_OOS,H3,MATCHED_SAMPLE,umidas_usd_uzs_mom_dlog,6,6,2024Q1,2025Q2,0.292319028793,0.238295759918,-0.0906175502749,actual_minus_forecast,0.523137754912,0.369755492537,-0.230818726119,-0.131459732619
COMBO_EQUAL__DFM_DOMESTIC_3_SERVICES__BRIDGE_A,standard,DEVELOPMENT_PSEUDO_OOS,ALL,MATCHED_SAMPLE,umidas_usd_uzs_mom_dlog,18,6,2024Q1,2025Q2,0.308330017294,0.254822811382,0.105538725615,actual_minus_forecast,0.458669973686,0.369233081924,-0.150339956392,-0.114410270542
COMBO_EQUAL__DFM_DOMESTIC_3_SERVICES__BRIDGE_A,standard,HISTORICAL_POST_DEVELOPMENT_TEST,H1,MATCHED_SAMPLE,umidas_usd_uzs_mom_dlog,4,4,2025Q3,2026Q2,0.978448173592,0.841070249902,0.77877358082,actual_minus_forecast,0.966957153678,0.9124983665,0.0114910199137,-0.0714281165974
COMBO_EQUAL__DFM_DOMESTIC_3_SERVICES__BRIDGE_A,standard,HISTORICAL_POST_DEVELOPMENT_TEST,H2,MATCHED_SAMPLE,umidas_usd_uzs_mom_dlog,4,4,2025Q3,2026Q2,0.926457083242,0.757750607001,0.729962159416,actual_minus_forecast,0.930196784122,0.818665797794,-0.00373970087923,-0.0609151907928
COMBO_EQUAL__DFM_DOMESTIC_3_SERVICES__BRIDGE_A,standard,HISTORICAL_POST_DEVELOPMENT_TEST,H3,MATCHED_SAMPLE,umidas_usd_uzs_mom_dlog,4,4,2025Q3,2026Q2,0.565229264326,0.445499298513,0.428851016944,actual_minus_forecast,0.542804853388,0.44415706812,0.0224244109379,0.00134223039293
COMBO_EQUAL__DFM_DOMESTIC_3_SERVICES__BRIDGE_A,standard,HISTORICAL_POST_DEVELOPMENT_TEST,ALL,MATCHED_SAMPLE,umidas_usd_uzs_mom_dlog,12,4,2025Q3,2026Q2,0.843636508761,0.681440051805,0.645862252393,actual_minus_forecast,0.835645320117,0.725107077471,0.00799118864431,-0.0436670256658
COMBO_EQUAL__DFM_DOMESTIC_3_SERVICES__BRIDGE_B,conservative,DEVELOPMENT_PSEUDO_OOS,H1,MATCHED_SAMPLE,ar1,6,6,2024Q1,2025Q2,0.276064617845,0.213133019508,0.213133019508,actual_minus_forecast,0.385847446846,0.361584023211,-0.109782829001,-0.148451003703
COMBO_EQUAL__DFM_DOMESTIC_3_SERVICES__BRIDGE_B,conservative,DEVELOPMENT_PSEUDO_OOS,H2,MATCHED_SAMPLE,ar1,6,6,2024Q1,2025Q2,0.265646283446,0.214247612671,0.18358742128,actual_minus_forecast,0.385847446846,0.361584023211,-0.1202011634,-0.14733641054
COMBO_EQUAL__DFM_DOMESTIC_3_SERVICES__BRIDGE_B,conservative,DEVELOPMENT_PSEUDO_OOS,H3,MATCHED_SAMPLE,ar1,6,6,2024Q1,2025Q2,0.338256228535,0.308697610789,0.158347161496,actual_minus_forecast,0.385847446846,0.361584023211,-0.0475912183105,-0.0528864124222
COMBO_EQUAL__DFM_DOMESTIC_3_SERVICES__BRIDGE_B,conservative,DEVELOPMENT_PSEUDO_OOS,ALL,MATCHED_SAMPLE,ar1,18,6,2024Q1,2025Q2,0.295068860481,0.245359414323,0.185022534095,actual_minus_forecast,0.385847446846,0.361584023211,-0.0907785863643,-0.116224608888
COMBO_EQUAL__DFM_DOMESTIC_3_SERVICES__BRIDGE_B,conservative,HISTORICAL_POST_DEVELOPMENT_TEST,H1,MATCHED_SAMPLE,ar1,4,4,2025Q3,2026Q2,0.782148417625,0.675738300386,0.675738300386,actual_minus_forecast,0.833979369096,0.731322873107,-0.0518309514703,-0.0555845727212
COMBO_EQUAL__DFM_DOMESTIC_3_SERVICES__BRIDGE_B,conservative,HISTORICAL_POST_DEVELOPMENT_TEST,H2,MATCHED_SAMPLE,ar1,4,4,2025Q3,2026Q2,0.839672020814,0.751777512042,0.597554717295,actual_minus_forecast,0.833979369096,0.731322873107,0.00569265171863,0.020454638935
COMBO_EQUAL__DFM_DOMESTIC_3_SERVICES__BRIDGE_B,conservative,HISTORICAL_POST_DEVELOPMENT_TEST,H3,MATCHED_SAMPLE,ar1,4,4,2025Q3,2026Q2,0.833725879635,0.698164530945,0.593440994453,actual_minus_forecast,0.833979369096,0.731322873107,-0.000253489460243,-0.0331583421624
COMBO_EQUAL__DFM_DOMESTIC_3_SERVICES__BRIDGE_B,conservative,HISTORICAL_POST_DEVELOPMENT_TEST,ALL,MATCHED_SAMPLE,ar1,12,4,2025Q3,2026Q2,0.818922888536,0.708560114458,0.622244670711,actual_minus_forecast,0.833979369096,0.731322873107,-0.0150564805593,-0.0227627586495
COMBO_EQUAL__DFM_DOMESTIC_3_SERVICES__BRIDGE_B,standard,DEVELOPMENT_PSEUDO_OOS,H1,MATCHED_SAMPLE,ar1,6,6,2024Q1,2025Q2,0.255331549785,0.20399481147,0.173341475265,actual_minus_forecast,0.385847446846,0.361584023211,-0.130515897061,-0.157589211741
COMBO_EQUAL__DFM_DOMESTIC_3_SERVICES__BRIDGE_B,standard,DEVELOPMENT_PSEUDO_OOS,H2,MATCHED_SAMPLE,ar1,6,6,2024Q1,2025Q2,0.298113583975,0.260817777923,0.17783846773,actual_minus_forecast,0.385847446846,0.361584023211,-0.0877338628703,-0.100766245288
COMBO_EQUAL__DFM_DOMESTIC_3_SERVICES__BRIDGE_B,standard,DEVELOPMENT_PSEUDO_OOS,H3,MATCHED_SAMPLE,ar1,6,6,2024Q1,2025Q2,0.230180908749,0.201728874622,-0.0833316331222,actual_minus_forecast,0.385847446846,0.361584023211,-0.155666538097,-0.159855148589
COMBO_EQUAL__DFM_DOMESTIC_3_SERVICES__BRIDGE_B,standard,DEVELOPMENT_PSEUDO_OOS,ALL,MATCHED_SAMPLE,ar1,18,6,2024Q1,2025Q2,0.262709700378,0.222180488005,0.0892827699578,actual_minus_forecast,0.385847446846,0.361584023211,-0.123137746467,-0.139403535206
COMBO_EQUAL__DFM_DOMESTIC_3_SERVICES__BRIDGE_B,standard,HISTORICAL_POST_DEVELOPMENT_TEST,H1,MATCHED_SAMPLE,ar1,4,4,2025Q3,2026Q2,0.829245291892,0.738087603562,0.580719455852,actual_minus_forecast,0.833979369096,0.731322873107,-0.00473407720378,0.00676473045467
COMBO_EQUAL__DFM_DOMESTIC_3_SERVICES__BRIDGE_B,standard,HISTORICAL_POST_DEVELOPMENT_TEST,H2,MATCHED_SAMPLE,ar1,4,4,2025Q3,2026Q2,0.823213427265,0.683626874962,0.573332032748,actual_minus_forecast,0.833979369096,0.731322873107,-0.0107659418308,-0.0476959981456
COMBO_EQUAL__DFM_DOMESTIC_3_SERVICES__BRIDGE_B,standard,HISTORICAL_POST_DEVELOPMENT_TEST,H3,MATCHED_SAMPLE,ar1,4,4,2025Q3,2026Q2,0.490677246301,0.385516944247,0.292754929548,actual_minus_forecast,0.833979369096,0.731322873107,-0.343302122794,-0.34580592886
COMBO_EQUAL__DFM_DOMESTIC_3_SERVICES__BRIDGE_B,standard,HISTORICAL_POST_DEVELOPMENT_TEST,ALL,MATCHED_SAMPLE,ar1,12,4,2025Q3,2026Q2,0.731685784335,0.602410474257,0.482268806049,actual_minus_forecast,0.833979369096,0.731322873107,-0.102293584761,-0.12891239885
COMBO_EQUAL__DFM_DOMESTIC_3_SERVICES__BRIDGE_B,conservative,DEVELOPMENT_PSEUDO_OOS,H1,MATCHED_SAMPLE,ar2,6,6,2024Q1,2025Q2,0.276064617845,0.213133019508,0.213133019508,actual_minus_forecast,0.563783752251,0.542624868135,-0.287719134407,-0.329491848627
COMBO_EQUAL__DFM_DOMESTIC_3_SERVICES__BRIDGE_B,conservative,DEVELOPMENT_PSEUDO_OOS,H2,MATCHED_SAMPLE,ar2,6,6,2024Q1,2025Q2,0.265646283446,0.214247612671,0.18358742128,actual_minus_forecast,0.563783752251,0.542624868135,-0.298137468805,-0.328377255464
COMBO_EQUAL__DFM_DOMESTIC_3_SERVICES__BRIDGE_B,conservative,DEVELOPMENT_PSEUDO_OOS,H3,MATCHED_SAMPLE,ar2,6,6,2024Q1,2025Q2,0.338256228535,0.308697610789,0.158347161496,actual_minus_forecast,0.563783752251,0.542624868135,-0.225527523716,-0.233927257346
COMBO_EQUAL__DFM_DOMESTIC_3_SERVICES__BRIDGE_B,conservative,DEVELOPMENT_PSEUDO_OOS,ALL,MATCHED_SAMPLE,ar2,18,6,2024Q1,2025Q2,0.295068860481,0.245359414323,0.185022534095,actual_minus_forecast,0.563783752251,0.542624868135,-0.26871489177,-0.297265453812
COMBO_EQUAL__DFM_DOMESTIC_3_SERVICES__BRIDGE_B,conservative,HISTORICAL_POST_DEVELOPMENT_TEST,H1,MATCHED_SAMPLE,ar2,4,4,2025Q3,2026Q2,0.782148417625,0.675738300386,0.675738300386,actual_minus_forecast,0.987139893295,0.80890796493,-0.20499147567,-0.133169664544
COMBO_EQUAL__DFM_DOMESTIC_3_SERVICES__BRIDGE_B,conservative,HISTORICAL_POST_DEVELOPMENT_TEST,H2,MATCHED_SAMPLE,ar2,4,4,2025Q3,2026Q2,0.839672020814,0.751777512042,0.597554717295,actual_minus_forecast,0.987139893295,0.80890796493,-0.147467872481,-0.0571304528877
COMBO_EQUAL__DFM_DOMESTIC_3_SERVICES__BRIDGE_B,conservative,HISTORICAL_POST_DEVELOPMENT_TEST,H3,MATCHED_SAMPLE,ar2,4,4,2025Q3,2026Q2,0.833725879635,0.698164530945,0.593440994453,actual_minus_forecast,0.987139893295,0.80890796493,-0.15341401366,-0.110743433985
COMBO_EQUAL__DFM_DOMESTIC_3_SERVICES__BRIDGE_B,conservative,HISTORICAL_POST_DEVELOPMENT_TEST,ALL,MATCHED_SAMPLE,ar2,12,4,2025Q3,2026Q2,0.818922888536,0.708560114458,0.622244670711,actual_minus_forecast,0.987139893295,0.80890796493,-0.168217004759,-0.100347850472
COMBO_EQUAL__DFM_DOMESTIC_3_SERVICES__BRIDGE_B,standard,DEVELOPMENT_PSEUDO_OOS,H1,MATCHED_SAMPLE,ar2,6,6,2024Q1,2025Q2,0.255331549785,0.20399481147,0.173341475265,actual_minus_forecast,0.563783752251,0.542624868135,-0.308452202466,-0.338630056665
COMBO_EQUAL__DFM_DOMESTIC_3_SERVICES__BRIDGE_B,standard,DEVELOPMENT_PSEUDO_OOS,H2,MATCHED_SAMPLE,ar2,6,6,2024Q1,2025Q2,0.298113583975,0.260817777923,0.17783846773,actual_minus_forecast,0.563783752251,0.542624868135,-0.265670168276,-0.281807090212
COMBO_EQUAL__DFM_DOMESTIC_3_SERVICES__BRIDGE_B,standard,DEVELOPMENT_PSEUDO_OOS,H3,MATCHED_SAMPLE,ar2,6,6,2024Q1,2025Q2,0.230180908749,0.201728874622,-0.0833316331222,actual_minus_forecast,0.563783752251,0.542624868135,-0.333602843503,-0.340895993513
COMBO_EQUAL__DFM_DOMESTIC_3_SERVICES__BRIDGE_B,standard,DEVELOPMENT_PSEUDO_OOS,ALL,MATCHED_SAMPLE,ar2,18,6,2024Q1,2025Q2,0.262709700378,0.222180488005,0.0892827699578,actual_minus_forecast,0.563783752251,0.542624868135,-0.301074051873,-0.32044438013
COMBO_EQUAL__DFM_DOMESTIC_3_SERVICES__BRIDGE_B,standard,HISTORICAL_POST_DEVELOPMENT_TEST,H1,MATCHED_SAMPLE,ar2,4,4,2025Q3,2026Q2,0.829245291892,0.738087603562,0.580719455852,actual_minus_forecast,0.987139893295,0.80890796493,-0.157894601403,-0.070820361368
COMBO_EQUAL__DFM_DOMESTIC_3_SERVICES__BRIDGE_B,standard,HISTORICAL_POST_DEVELOPMENT_TEST,H2,MATCHED_SAMPLE,ar2,4,4,2025Q3,2026Q2,0.823213427265,0.683626874962,0.573332032748,actual_minus_forecast,0.987139893295,0.80890796493,-0.16392646603,-0.125281089968
COMBO_EQUAL__DFM_DOMESTIC_3_SERVICES__BRIDGE_B,standard,HISTORICAL_POST_DEVELOPMENT_TEST,H3,MATCHED_SAMPLE,ar2,4,4,2025Q3,2026Q2,0.490677246301,0.385516944247,0.292754929548,actual_minus_forecast,0.987139893295,0.80890796493,-0.496462646994,-0.423391020683
COMBO_EQUAL__DFM_DOMESTIC_3_SERVICES__BRIDGE_B,standard,HISTORICAL_POST_DEVELOPMENT_TEST,ALL,MATCHED_SAMPLE,ar2,12,4,2025Q3,2026Q2,0.731685784335,0.602410474257,0.482268806049,actual_minus_forecast,0.987139893295,0.80890796493,-0.25545410896,-0.206497490673
COMBO_EQUAL__DFM_DOMESTIC_3_SERVICES__BRIDGE_B,conservative,DEVELOPMENT_PSEUDO_OOS,H1,MATCHED_SAMPLE,ensemble_ar2_umidas_usd,6,6,2024Q1,2025Q2,0.276064617845,0.213133019508,0.213133019508,actual_minus_forecast,0.473618726641,0.452200043662,-0.197554108797,-0.239067024154
COMBO_EQUAL__DFM_DOMESTIC_3_SERVICES__BRIDGE_B,conservative,DEVELOPMENT_PSEUDO_OOS,H2,MATCHED_SAMPLE,ensemble_ar2_umidas_usd,6,6,2024Q1,2025Q2,0.265646283446,0.214247612671,0.18358742128,actual_minus_forecast,0.449163682887,0.412876998711,-0.183517399442,-0.19862938604
COMBO_EQUAL__DFM_DOMESTIC_3_SERVICES__BRIDGE_B,conservative,DEVELOPMENT_PSEUDO_OOS,H3,MATCHED_SAMPLE,ensemble_ar2_umidas_usd,6,6,2024Q1,2025Q2,0.338256228535,0.308697610789,0.158347161496,actual_minus_forecast,0.495334629592,0.455640792953,-0.157078401057,-0.146943182164
COMBO_EQUAL__DFM_DOMESTIC_3_SERVICES__BRIDGE_B,conservative,DEVELOPMENT_PSEUDO_OOS,ALL,MATCHED_SAMPLE,ensemble_ar2_umidas_usd,18,6,2024Q1,2025Q2,0.295068860481,0.245359414323,0.185022534095,actual_minus_forecast,0.473081778527,0.440239278442,-0.178012918046,-0.194879864119
COMBO_EQUAL__DFM_DOMESTIC_3_SERVICES__BRIDGE_B,conservative,HISTORICAL_POST_DEVELOPMENT_TEST,H1,MATCHED_SAMPLE,ensemble_ar2_umidas_usd,4,4,2025Q3,2026Q2,0.782148417625,0.675738300386,0.675738300386,actual_minus_forecast,0.799938051857,0.62562514755,-0.0177896342321,0.0501131528359
COMBO_EQUAL__DFM_DOMESTIC_3_SERVICES__BRIDGE_B,conservative,HISTORICAL_POST_DEVELOPMENT_TEST,H2,MATCHED_SAMPLE,ensemble_ar2_umidas_usd,4,4,2025Q3,2026Q2,0.839672020814,0.751777512042,0.597554717295,actual_minus_forecast,0.851830629866,0.71376804648,-0.0121586090513,0.0380094655624
COMBO_EQUAL__DFM_DOMESTIC_3_SERVICES__BRIDGE_B,conservative,HISTORICAL_POST_DEVELOPMENT_TEST,H3,MATCHED_SAMPLE,ensemble_ar2_umidas_usd,4,4,2025Q3,2026Q2,0.833725879635,0.698164530945,0.593440994453,actual_minus_forecast,0.866287255243,0.666851762127,-0.0325613756075,0.0313127688179
COMBO_EQUAL__DFM_DOMESTIC_3_SERVICES__BRIDGE_B,conservative,HISTORICAL_POST_DEVELOPMENT_TEST,ALL,MATCHED_SAMPLE,ensemble_ar2_umidas_usd,12,4,2025Q3,2026Q2,0.818922888536,0.708560114458,0.622244670711,actual_minus_forecast,0.839835284919,0.668748318719,-0.0209123963823,0.0398117957387
COMBO_EQUAL__DFM_DOMESTIC_3_SERVICES__BRIDGE_B,standard,DEVELOPMENT_PSEUDO_OOS,H1,MATCHED_SAMPLE,ensemble_ar2_umidas_usd,6,6,2024Q1,2025Q2,0.255331549785,0.20399481147,0.173341475265,actual_minus_forecast,0.449163682887,0.412876998711,-0.193832133102,-0.208882187241
COMBO_EQUAL__DFM_DOMESTIC_3_SERVICES__BRIDGE_B,standard,DEVELOPMENT_PSEUDO_OOS,H2,MATCHED_SAMPLE,ensemble_ar2_umidas_usd,6,6,2024Q1,2025Q2,0.298113583975,0.260817777923,0.17783846773,actual_minus_forecast,0.495334629592,0.455640792953,-0.197221045617,-0.19482301503
COMBO_EQUAL__DFM_DOMESTIC_3_SERVICES__BRIDGE_B,standard,DEVELOPMENT_PSEUDO_OOS,H3,MATCHED_SAMPLE,ensemble_ar2_umidas_usd,6,6,2024Q1,2025Q2,0.230180908749,0.201728874622,-0.0833316331222,actual_minus_forecast,0.311729199403,0.277580301552,-0.0815482906545,-0.0758514269306
COMBO_EQUAL__DFM_DOMESTIC_3_SERVICES__BRIDGE_B,standard,DEVELOPMENT_PSEUDO_OOS,ALL,MATCHED_SAMPLE,ensemble_ar2_umidas_usd,18,6,2024Q1,2025Q2,0.262709700378,0.222180488005,0.0892827699578,actual_minus_forecast,0.425941898643,0.382032697739,-0.163232198265,-0.159852209734
COMBO_EQUAL__DFM_DOMESTIC_3_SERVICES__BRIDGE_B,standard,HISTORICAL_POST_DEVELOPMENT_TEST,H1,MATCHED_SAMPLE,ensemble_ar2_umidas_usd,4,4,2025Q3,2026Q2,0.829245291892,0.738087603562,0.580719455852,actual_minus_forecast,0.851830629866,0.71376804648,-0.0225853379737,0.024319557082
COMBO_EQUAL__DFM_DOMESTIC_3_SERVICES__BRIDGE_B,standard,HISTORICAL_POST_DEVELOPMENT_TEST,H2,MATCHED_SAMPLE,ensemble_ar2_umidas_usd,4,4,2025Q3,2026Q2,0.823213427265,0.683626874962,0.573332032748,actual_minus_forecast,0.866287255243,0.666851762127,-0.0430738279781,0.0167751128347
COMBO_EQUAL__DFM_DOMESTIC_3_SERVICES__BRIDGE_B,standard,HISTORICAL_POST_DEVELOPMENT_TEST,H3,MATCHED_SAMPLE,ensemble_ar2_umidas_usd,4,4,2025Q3,2026Q2,0.490677246301,0.385516944247,0.292754929548,actual_minus_forecast,0.529781426202,0.370556063932,-0.0391041799006,0.0149608803148
COMBO_EQUAL__DFM_DOMESTIC_3_SERVICES__BRIDGE_B,standard,HISTORICAL_POST_DEVELOPMENT_TEST,ALL,MATCHED_SAMPLE,ensemble_ar2_umidas_usd,12,4,2025Q3,2026Q2,0.731685784335,0.602410474257,0.482268806049,actual_minus_forecast,0.765231422539,0.583725290846,-0.0335456382042,0.0186851834105
COMBO_EQUAL__DFM_DOMESTIC_3_SERVICES__BRIDGE_B,conservative,DEVELOPMENT_PSEUDO_OOS,H1,MATCHED_SAMPLE,umidas_usd_uzs_mom_dlog,6,6,2024Q1,2025Q2,0.276064617845,0.213133019508,0.213133019508,actual_minus_forecast,0.391489259917,0.361775219189,-0.115424642072,-0.148642199681
COMBO_EQUAL__DFM_DOMESTIC_3_SERVICES__BRIDGE_B,conservative,DEVELOPMENT_PSEUDO_OOS,H2,MATCHED_SAMPLE,umidas_usd_uzs_mom_dlog,6,6,2024Q1,2025Q2,0.265646283446,0.214247612671,0.18358742128,actual_minus_forecast,0.375942290112,0.324961882186,-0.110296006666,-0.110714269515
COMBO_EQUAL__DFM_DOMESTIC_3_SERVICES__BRIDGE_B,conservative,DEVELOPMENT_PSEUDO_OOS,H3,MATCHED_SAMPLE,umidas_usd_uzs_mom_dlog,6,6,2024Q1,2025Q2,0.338256228535,0.308697610789,0.158347161496,actual_minus_forecast,0.464896459626,0.412981871049,-0.126640231091,-0.10428426026
COMBO_EQUAL__DFM_DOMESTIC_3_SERVICES__BRIDGE_B,conservative,DEVELOPMENT_PSEUDO_OOS,ALL,MATCHED_SAMPLE,umidas_usd_uzs_mom_dlog,18,6,2024Q1,2025Q2,0.295068860481,0.245359414323,0.185022534095,actual_minus_forecast,0.41260358873,0.366572990808,-0.117534728248,-0.121213576485
COMBO_EQUAL__DFM_DOMESTIC_3_SERVICES__BRIDGE_B,conservative,HISTORICAL_POST_DEVELOPMENT_TEST,H1,MATCHED_SAMPLE,umidas_usd_uzs_mom_dlog,4,4,2025Q3,2026Q2,0.782148417625,0.675738300386,0.675738300386,actual_minus_forecast,0.623620009265,0.44234233017,0.15852840836,0.233395970216
COMBO_EQUAL__DFM_DOMESTIC_3_SERVICES__BRIDGE_B,conservative,HISTORICAL_POST_DEVELOPMENT_TEST,H2,MATCHED_SAMPLE,umidas_usd_uzs_mom_dlog,4,4,2025Q3,2026Q2,0.839672020814,0.751777512042,0.597554717295,actual_minus_forecast,0.966957153678,0.9124983665,-0.127285132864,-0.160720854458
COMBO_EQUAL__DFM_DOMESTIC_3_SERVICES__BRIDGE_B,conservative,HISTORICAL_POST_DEVELOPMENT_TEST,H3,MATCHED_SAMPLE,umidas_usd_uzs_mom_dlog,4,4,2025Q3,2026Q2,0.833725879635,0.698164530945,0.593440994453,actual_minus_forecast,0.930196784122,0.818665797794,-0.0964709044861,-0.120501266849
COMBO_EQUAL__DFM_DOMESTIC_3_SERVICES__BRIDGE_B,conservative,HISTORICAL_POST_DEVELOPMENT_TEST,ALL,MATCHED_SAMPLE,umidas_usd_uzs_mom_dlog,12,4,2025Q3,2026Q2,0.818922888536,0.708560114458,0.622244670711,actual_minus_forecast,0.854239254189,0.724502164821,-0.0353163656531,-0.0159420503636
COMBO_EQUAL__DFM_DOMESTIC_3_SERVICES__BRIDGE_B,standard,DEVELOPMENT_PSEUDO_OOS,H1,MATCHED_SAMPLE,umidas_usd_uzs_mom_dlog,6,6,2024Q1,2025Q2,0.255331549785,0.20399481147,0.173341475265,actual_minus_forecast,0.375942290112,0.324961882186,-0.120610740327,-0.120967070716
COMBO_EQUAL__DFM_DOMESTIC_3_SERVICES__BRIDGE_B,standard,DEVELOPMENT_PSEUDO_OOS,H2,MATCHED_SAMPLE,umidas_usd_uzs_mom_dlog,6,6,2024Q1,2025Q2,0.298113583975,0.260817777923,0.17783846773,actual_minus_forecast,0.464896459626,0.412981871049,-0.166782875651,-0.152164093126
COMBO_EQUAL__DFM_DOMESTIC_3_SERVICES__BRIDGE_B,standard,DEVELOPMENT_PSEUDO_OOS,H3,MATCHED_SAMPLE,umidas_usd_uzs_mom_dlog,6,6,2024Q1,2025Q2,0.230180908749,0.201728874622,-0.0833316331222,actual_minus_forecast,0.523137754912,0.369755492537,-0.292956846163,-0.168026617915
COMBO_EQUAL__DFM_DOMESTIC_3_SERVICES__BRIDGE_B,standard,DEVELOPMENT_PSEUDO_OOS,ALL,MATCHED_SAMPLE,umidas_usd_uzs_mom_dlog,18,6,2024Q1,2025Q2,0.262709700378,0.222180488005,0.0892827699578,actual_minus_forecast,0.458669973686,0.369233081924,-0.195960273307,-0.147052593919
COMBO_EQUAL__DFM_DOMESTIC_3_SERVICES__BRIDGE_B,standard,HISTORICAL_POST_DEVELOPMENT_TEST,H1,MATCHED_SAMPLE,umidas_usd_uzs_mom_dlog,4,4,2025Q3,2026Q2,0.829245291892,0.738087603562,0.580719455852,actual_minus_forecast,0.966957153678,0.9124983665,-0.137711861786,-0.174410762938
COMBO_EQUAL__DFM_DOMESTIC_3_SERVICES__BRIDGE_B,standard,HISTORICAL_POST_DEVELOPMENT_TEST,H2,MATCHED_SAMPLE,umidas_usd_uzs_mom_dlog,4,4,2025Q3,2026Q2,0.823213427265,0.683626874962,0.573332032748,actual_minus_forecast,0.930196784122,0.818665797794,-0.106983356857,-0.135038922832
COMBO_EQUAL__DFM_DOMESTIC_3_SERVICES__BRIDGE_B,standard,HISTORICAL_POST_DEVELOPMENT_TEST,H3,MATCHED_SAMPLE,umidas_usd_uzs_mom_dlog,4,4,2025Q3,2026Q2,0.490677246301,0.385516944247,0.292754929548,actual_minus_forecast,0.542804853388,0.44415706812,-0.0521276070867,-0.0586401238731
COMBO_EQUAL__DFM_DOMESTIC_3_SERVICES__BRIDGE_B,standard,HISTORICAL_POST_DEVELOPMENT_TEST,ALL,MATCHED_SAMPLE,umidas_usd_uzs_mom_dlog,12,4,2025Q3,2026Q2,0.731685784335,0.602410474257,0.482268806049,actual_minus_forecast,0.835645320117,0.725107077471,-0.103959535782,-0.122696603214
COMBO_EQUAL__DFM_DOMESTIC_3__BRIDGE_A,conservative,DEVELOPMENT_PSEUDO_OOS,H1,MATCHED_SAMPLE,ar1,6,6,2024Q1,2025Q2,0.333536735086,0.259934530829,0.259934530829,actual_minus_forecast,0.385847446846,0.361584023211,-0.0523107117599,-0.101649492382
COMBO_EQUAL__DFM_DOMESTIC_3__BRIDGE_A,conservative,DEVELOPMENT_PSEUDO_OOS,H2,MATCHED_SAMPLE,ar1,6,6,2024Q1,2025Q2,0.319381131788,0.255128854841,0.243103899162,actual_minus_forecast,0.385847446846,0.361584023211,-0.0664663150573,-0.10645516837
COMBO_EQUAL__DFM_DOMESTIC_3__BRIDGE_A,conservative,DEVELOPMENT_PSEUDO_OOS,H3,MATCHED_SAMPLE,ar1,6,6,2024Q1,2025Q2,0.447163803474,0.389131139316,0.161971157988,actual_minus_forecast,0.385847446846,0.361584023211,0.061316356628,0.0275471161044
COMBO_EQUAL__DFM_DOMESTIC_3__BRIDGE_A,conservative,DEVELOPMENT_PSEUDO_OOS,ALL,MATCHED_SAMPLE,ar1,18,6,2024Q1,2025Q2,0.371127349271,0.301398174995,0.221669862659,actual_minus_forecast,0.385847446846,0.361584023211,-0.0147200975745,-0.060185848216
COMBO_EQUAL__DFM_DOMESTIC_3__BRIDGE_A,conservative,HISTORICAL_POST_DEVELOPMENT_TEST,H1,MATCHED_SAMPLE,ar1,4,4,2025Q3,2026Q2,1.02439167952,0.946570118112,0.946570118112,actual_minus_forecast,0.833979369096,0.731322873107,0.190412310425,0.215247245005
COMBO_EQUAL__DFM_DOMESTIC_3__BRIDGE_A,conservative,HISTORICAL_POST_DEVELOPMENT_TEST,H2,MATCHED_SAMPLE,ar1,4,4,2025Q3,2026Q2,1.02567774497,0.878306991989,0.841223832429,actual_minus_forecast,0.833979369096,0.731322873107,0.191698375879,0.146984118882
COMBO_EQUAL__DFM_DOMESTIC_3__BRIDGE_A,conservative,HISTORICAL_POST_DEVELOPMENT_TEST,H3,MATCHED_SAMPLE,ar1,4,4,2025Q3,2026Q2,0.990033026047,0.814777929465,0.814777929465,actual_minus_forecast,0.833979369096,0.731322873107,0.156053656951,0.0834550563582
COMBO_EQUAL__DFM_DOMESTIC_3__BRIDGE_A,conservative,HISTORICAL_POST_DEVELOPMENT_TEST,ALL,MATCHED_SAMPLE,ar1,12,4,2025Q3,2026Q2,1.0135019392,0.879885013189,0.867523960002,actual_minus_forecast,0.833979369096,0.731322873107,0.179522570102,0.148562140082
COMBO_EQUAL__DFM_DOMESTIC_3__BRIDGE_A,standard,DEVELOPMENT_PSEUDO_OOS,H1,MATCHED_SAMPLE,ar1,6,6,2024Q1,2025Q2,0.290092376421,0.228318641444,0.213210658951,actual_minus_forecast,0.385847446846,0.361584023211,-0.0957550704244,-0.133265381767
COMBO_EQUAL__DFM_DOMESTIC_3__BRIDGE_A,standard,DEVELOPMENT_PSEUDO_OOS,H2,MATCHED_SAMPLE,ar1,6,6,2024Q1,2025Q2,0.331598367078,0.292615730962,0.180610273137,actual_minus_forecast,0.385847446846,0.361584023211,-0.0542490797681,-0.0689682922488
COMBO_EQUAL__DFM_DOMESTIC_3__BRIDGE_A,standard,DEVELOPMENT_PSEUDO_OOS,H3,MATCHED_SAMPLE,ar1,6,6,2024Q1,2025Q2,0.29584985671,0.237600555823,-0.0989022178292,actual_minus_forecast,0.385847446846,0.361584023211,-0.0899975901355,-0.123983467388
COMBO_EQUAL__DFM_DOMESTIC_3__BRIDGE_A,standard,DEVELOPMENT_PSEUDO_OOS,ALL,MATCHED_SAMPLE,ar1,18,6,2024Q1,2025Q2,0.30639745518,0.252844976077,0.0983062380861,actual_minus_forecast,0.385847446846,0.361584023211,-0.0794499916661,-0.108739047134
COMBO_EQUAL__DFM_DOMESTIC_3__BRIDGE_A,standard,HISTORICAL_POST_DEVELOPMENT_TEST,H1,MATCHED_SAMPLE,ar1,4,4,2025Q3,2026Q2,0.979913818853,0.844270707549,0.779981887886,actual_minus_forecast,0.833979369096,0.731322873107,0.145934449758,0.112947834442
COMBO_EQUAL__DFM_DOMESTIC_3__BRIDGE_A,standard,HISTORICAL_POST_DEVELOPMENT_TEST,H2,MATCHED_SAMPLE,ar1,4,4,2025Q3,2026Q2,0.939800051219,0.771187828967,0.739070762017,actual_minus_forecast,0.833979369096,0.731322873107,0.105820682123,0.0398649558598
COMBO_EQUAL__DFM_DOMESTIC_3__BRIDGE_A,standard,HISTORICAL_POST_DEVELOPMENT_TEST,H3,MATCHED_SAMPLE,ar1,4,4,2025Q3,2026Q2,0.579232742231,0.452432980736,0.441143445739,actual_minus_forecast,0.833979369096,0.731322873107,-0.254746626865,-0.278889892371
COMBO_EQUAL__DFM_DOMESTIC_3__BRIDGE_A,standard,HISTORICAL_POST_DEVELOPMENT_TEST,ALL,MATCHED_SAMPLE,ar1,12,4,2025Q3,2026Q2,0.852245230421,0.689297172417,0.653398698547,actual_minus_forecast,0.833979369096,0.731322873107,0.0182658613248,-0.0420257006899
COMBO_EQUAL__DFM_DOMESTIC_3__BRIDGE_A,conservative,DEVELOPMENT_PSEUDO_OOS,H1,MATCHED_SAMPLE,ar2,6,6,2024Q1,2025Q2,0.333536735086,0.259934530829,0.259934530829,actual_minus_forecast,0.563783752251,0.542624868135,-0.230247017166,-0.282690337306
COMBO_EQUAL__DFM_DOMESTIC_3__BRIDGE_A,conservative,DEVELOPMENT_PSEUDO_OOS,H2,MATCHED_SAMPLE,ar2,6,6,2024Q1,2025Q2,0.319381131788,0.255128854841,0.243103899162,actual_minus_forecast,0.563783752251,0.542624868135,-0.244402620463,-0.287496013294
COMBO_EQUAL__DFM_DOMESTIC_3__BRIDGE_A,conservative,DEVELOPMENT_PSEUDO_OOS,H3,MATCHED_SAMPLE,ar2,6,6,2024Q1,2025Q2,0.447163803474,0.389131139316,0.161971157988,actual_minus_forecast,0.563783752251,0.542624868135,-0.116619948778,-0.15349372882
COMBO_EQUAL__DFM_DOMESTIC_3__BRIDGE_A,conservative,DEVELOPMENT_PSEUDO_OOS,ALL,MATCHED_SAMPLE,ar2,18,6,2024Q1,2025Q2,0.371127349271,0.301398174995,0.221669862659,actual_minus_forecast,0.563783752251,0.542624868135,-0.19265640298,-0.24122669314
COMBO_EQUAL__DFM_DOMESTIC_3__BRIDGE_A,conservative,HISTORICAL_POST_DEVELOPMENT_TEST,H1,MATCHED_SAMPLE,ar2,4,4,2025Q3,2026Q2,1.02439167952,0.946570118112,0.946570118112,actual_minus_forecast,0.987139893295,0.80890796493,0.0372517862257,0.137662153182
COMBO_EQUAL__DFM_DOMESTIC_3__BRIDGE_A,conservative,HISTORICAL_POST_DEVELOPMENT_TEST,H2,MATCHED_SAMPLE,ar2,4,4,2025Q3,2026Q2,1.02567774497,0.878306991989,0.841223832429,actual_minus_forecast,0.987139893295,0.80890796493,0.0385378516793,0.0693990270595
COMBO_EQUAL__DFM_DOMESTIC_3__BRIDGE_A,conservative,HISTORICAL_POST_DEVELOPMENT_TEST,H3,MATCHED_SAMPLE,ar2,4,4,2025Q3,2026Q2,0.990033026047,0.814777929465,0.814777929465,actual_minus_forecast,0.987139893295,0.80890796493,0.00289313275206,0.00586996453557
COMBO_EQUAL__DFM_DOMESTIC_3__BRIDGE_A,conservative,HISTORICAL_POST_DEVELOPMENT_TEST,ALL,MATCHED_SAMPLE,ar2,12,4,2025Q3,2026Q2,1.0135019392,0.879885013189,0.867523960002,actual_minus_forecast,0.987139893295,0.80890796493,0.0263620459024,0.0709770482592
COMBO_EQUAL__DFM_DOMESTIC_3__BRIDGE_A,standard,DEVELOPMENT_PSEUDO_OOS,H1,MATCHED_SAMPLE,ar2,6,6,2024Q1,2025Q2,0.290092376421,0.228318641444,0.213210658951,actual_minus_forecast,0.563783752251,0.542624868135,-0.27369137583,-0.314306226691
COMBO_EQUAL__DFM_DOMESTIC_3__BRIDGE_A,standard,DEVELOPMENT_PSEUDO_OOS,H2,MATCHED_SAMPLE,ar2,6,6,2024Q1,2025Q2,0.331598367078,0.292615730962,0.180610273137,actual_minus_forecast,0.563783752251,0.542624868135,-0.232185385174,-0.250009137173
COMBO_EQUAL__DFM_DOMESTIC_3__BRIDGE_A,standard,DEVELOPMENT_PSEUDO_OOS,H3,MATCHED_SAMPLE,ar2,6,6,2024Q1,2025Q2,0.29584985671,0.237600555823,-0.0989022178292,actual_minus_forecast,0.563783752251,0.542624868135,-0.267933895541,-0.305024312312
COMBO_EQUAL__DFM_DOMESTIC_3__BRIDGE_A,standard,DEVELOPMENT_PSEUDO_OOS,ALL,MATCHED_SAMPLE,ar2,18,6,2024Q1,2025Q2,0.30639745518,0.252844976077,0.0983062380861,actual_minus_forecast,0.563783752251,0.542624868135,-0.257386297072,-0.289779892058
COMBO_EQUAL__DFM_DOMESTIC_3__BRIDGE_A,standard,HISTORICAL_POST_DEVELOPMENT_TEST,H1,MATCHED_SAMPLE,ar2,4,4,2025Q3,2026Q2,0.979913818853,0.844270707549,0.779981887886,actual_minus_forecast,0.987139893295,0.80890796493,-0.0072260744418,0.0353627426193
COMBO_EQUAL__DFM_DOMESTIC_3__BRIDGE_A,standard,HISTORICAL_POST_DEVELOPMENT_TEST,H2,MATCHED_SAMPLE,ar2,4,4,2025Q3,2026Q2,0.939800051219,0.771187828967,0.739070762017,actual_minus_forecast,0.987139893295,0.80890796493,-0.0473398420759,-0.0377201359628
COMBO_EQUAL__DFM_DOMESTIC_3__BRIDGE_A,standard,HISTORICAL_POST_DEVELOPMENT_TEST,H3,MATCHED_SAMPLE,ar2,4,4,2025Q3,2026Q2,0.579232742231,0.452432980736,0.441143445739,actual_minus_forecast,0.987139893295,0.80890796493,-0.407907151064,-0.356474984194
COMBO_EQUAL__DFM_DOMESTIC_3__BRIDGE_A,standard,HISTORICAL_POST_DEVELOPMENT_TEST,ALL,MATCHED_SAMPLE,ar2,12,4,2025Q3,2026Q2,0.852245230421,0.689297172417,0.653398698547,actual_minus_forecast,0.987139893295,0.80890796493,-0.134894662875,-0.119610792513
COMBO_EQUAL__DFM_DOMESTIC_3__BRIDGE_A,conservative,DEVELOPMENT_PSEUDO_OOS,H1,MATCHED_SAMPLE,ensemble_ar2_umidas_usd,6,6,2024Q1,2025Q2,0.333536735086,0.259934530829,0.259934530829,actual_minus_forecast,0.473618726641,0.452200043662,-0.140081991556,-0.192265512833
COMBO_EQUAL__DFM_DOMESTIC_3__BRIDGE_A,conservative,DEVELOPMENT_PSEUDO_OOS,H2,MATCHED_SAMPLE,ensemble_ar2_umidas_usd,6,6,2024Q1,2025Q2,0.319381131788,0.255128854841,0.243103899162,actual_minus_forecast,0.449163682887,0.412876998711,-0.129782551099,-0.15774814387
COMBO_EQUAL__DFM_DOMESTIC_3__BRIDGE_A,conservative,DEVELOPMENT_PSEUDO_OOS,H3,MATCHED_SAMPLE,ensemble_ar2_umidas_usd,6,6,2024Q1,2025Q2,0.447163803474,0.389131139316,0.161971157988,actual_minus_forecast,0.495334629592,0.455640792953,-0.0481708261185,-0.0665096536376
COMBO_EQUAL__DFM_DOMESTIC_3__BRIDGE_A,conservative,DEVELOPMENT_PSEUDO_OOS,ALL,MATCHED_SAMPLE,ensemble_ar2_umidas_usd,18,6,2024Q1,2025Q2,0.371127349271,0.301398174995,0.221669862659,actual_minus_forecast,0.473081778527,0.440239278442,-0.101954429256,-0.138841103447
COMBO_EQUAL__DFM_DOMESTIC_3__BRIDGE_A,conservative,HISTORICAL_POST_DEVELOPMENT_TEST,H1,MATCHED_SAMPLE,ensemble_ar2_umidas_usd,4,4,2025Q3,2026Q2,1.02439167952,0.946570118112,0.946570118112,actual_minus_forecast,0.799938051857,0.62562514755,0.224453627663,0.320944970562
COMBO_EQUAL__DFM_DOMESTIC_3__BRIDGE_A,conservative,HISTORICAL_POST_DEVELOPMENT_TEST,H2,MATCHED_SAMPLE,ensemble_ar2_umidas_usd,4,4,2025Q3,2026Q2,1.02567774497,0.878306991989,0.841223832429,actual_minus_forecast,0.851830629866,0.71376804648,0.173847115109,0.16453894551
COMBO_EQUAL__DFM_DOMESTIC_3__BRIDGE_A,conservative,HISTORICAL_POST_DEVELOPMENT_TEST,H3,MATCHED_SAMPLE,ensemble_ar2_umidas_usd,4,4,2025Q3,2026Q2,0.990033026047,0.814777929465,0.814777929465,actual_minus_forecast,0.866287255243,0.666851762127,0.123745770804,0.147926167339
COMBO_EQUAL__DFM_DOMESTIC_3__BRIDGE_A,conservative,HISTORICAL_POST_DEVELOPMENT_TEST,ALL,MATCHED_SAMPLE,ensemble_ar2_umidas_usd,12,4,2025Q3,2026Q2,1.0135019392,0.879885013189,0.867523960002,actual_minus_forecast,0.839835284919,0.668748318719,0.173666654279,0.21113669447
COMBO_EQUAL__DFM_DOMESTIC_3__BRIDGE_A,standard,DEVELOPMENT_PSEUDO_OOS,H1,MATCHED_SAMPLE,ensemble_ar2_umidas_usd,6,6,2024Q1,2025Q2,0.290092376421,0.228318641444,0.213210658951,actual_minus_forecast,0.449163682887,0.412876998711,-0.159071306466,-0.184558357266
COMBO_EQUAL__DFM_DOMESTIC_3__BRIDGE_A,standard,DEVELOPMENT_PSEUDO_OOS,H2,MATCHED_SAMPLE,ensemble_ar2_umidas_usd,6,6,2024Q1,2025Q2,0.331598367078,0.292615730962,0.180610273137,actual_minus_forecast,0.495334629592,0.455640792953,-0.163736262515,-0.163025061991
COMBO_EQUAL__DFM_DOMESTIC_3__BRIDGE_A,standard,DEVELOPMENT_PSEUDO_OOS,H3,MATCHED_SAMPLE,ensemble_ar2_umidas_usd,6,6,2024Q1,2025Q2,0.29584985671,0.237600555823,-0.0989022178292,actual_minus_forecast,0.311729199403,0.277580301552,-0.0158793426933,-0.0399797457291
COMBO_EQUAL__DFM_DOMESTIC_3__BRIDGE_A,standard,DEVELOPMENT_PSEUDO_OOS,ALL,MATCHED_SAMPLE,ensemble_ar2_umidas_usd,18,6,2024Q1,2025Q2,0.30639745518,0.252844976077,0.0983062380861,actual_minus_forecast,0.425941898643,0.382032697739,-0.119544443463,-0.129187721662
COMBO_EQUAL__DFM_DOMESTIC_3__BRIDGE_A,standard,HISTORICAL_POST_DEVELOPMENT_TEST,H1,MATCHED_SAMPLE,ensemble_ar2_umidas_usd,4,4,2025Q3,2026Q2,0.979913818853,0.844270707549,0.779981887886,actual_minus_forecast,0.851830629866,0.71376804648,0.128083188988,0.130502661069
COMBO_EQUAL__DFM_DOMESTIC_3__BRIDGE_A,standard,HISTORICAL_POST_DEVELOPMENT_TEST,H2,MATCHED_SAMPLE,ensemble_ar2_umidas_usd,4,4,2025Q3,2026Q2,0.939800051219,0.771187828967,0.739070762017,actual_minus_forecast,0.866287255243,0.666851762127,0.0735127959762,0.10433606684
COMBO_EQUAL__DFM_DOMESTIC_3__BRIDGE_A,standard,HISTORICAL_POST_DEVELOPMENT_TEST,H3,MATCHED_SAMPLE,ensemble_ar2_umidas_usd,4,4,2025Q3,2026Q2,0.579232742231,0.452432980736,0.441143445739,actual_minus_forecast,0.529781426202,0.370556063932,0.0494513160291,0.0818769168035
COMBO_EQUAL__DFM_DOMESTIC_3__BRIDGE_A,standard,HISTORICAL_POST_DEVELOPMENT_TEST,ALL,MATCHED_SAMPLE,ensemble_ar2_umidas_usd,12,4,2025Q3,2026Q2,0.852245230421,0.689297172417,0.653398698547,actual_minus_forecast,0.765231422539,0.583725290846,0.0870138078817,0.105571881571
COMBO_EQUAL__DFM_DOMESTIC_3__BRIDGE_A,conservative,DEVELOPMENT_PSEUDO_OOS,H1,MATCHED_SAMPLE,umidas_usd_uzs_mom_dlog,6,6,2024Q1,2025Q2,0.333536735086,0.259934530829,0.259934530829,actual_minus_forecast,0.391489259917,0.361775219189,-0.0579525248311,-0.10184068836
COMBO_EQUAL__DFM_DOMESTIC_3__BRIDGE_A,conservative,DEVELOPMENT_PSEUDO_OOS,H2,MATCHED_SAMPLE,umidas_usd_uzs_mom_dlog,6,6,2024Q1,2025Q2,0.319381131788,0.255128854841,0.243103899162,actual_minus_forecast,0.375942290112,0.324961882186,-0.0565611583234,-0.0698330273451
COMBO_EQUAL__DFM_DOMESTIC_3__BRIDGE_A,conservative,DEVELOPMENT_PSEUDO_OOS,H3,MATCHED_SAMPLE,umidas_usd_uzs_mom_dlog,6,6,2024Q1,2025Q2,0.447163803474,0.389131139316,0.161971157988,actual_minus_forecast,0.464896459626,0.412981871049,-0.0177326561526,-0.0238507317337
COMBO_EQUAL__DFM_DOMESTIC_3__BRIDGE_A,conservative,DEVELOPMENT_PSEUDO_OOS,ALL,MATCHED_SAMPLE,umidas_usd_uzs_mom_dlog,18,6,2024Q1,2025Q2,0.371127349271,0.301398174995,0.221669862659,actual_minus_forecast,0.41260358873,0.366572990808,-0.0414762394585,-0.0651748158129
COMBO_EQUAL__DFM_DOMESTIC_3__BRIDGE_A,conservative,HISTORICAL_POST_DEVELOPMENT_TEST,H1,MATCHED_SAMPLE,umidas_usd_uzs_mom_dlog,4,4,2025Q3,2026Q2,1.02439167952,0.946570118112,0.946570118112,actual_minus_forecast,0.623620009265,0.44234233017,0.400771670256,0.504227787942
COMBO_EQUAL__DFM_DOMESTIC_3__BRIDGE_A,conservative,HISTORICAL_POST_DEVELOPMENT_TEST,H2,MATCHED_SAMPLE,umidas_usd_uzs_mom_dlog,4,4,2025Q3,2026Q2,1.02567774497,0.878306991989,0.841223832429,actual_minus_forecast,0.966957153678,0.9124983665,0.0587205912966,-0.0341913745104
COMBO_EQUAL__DFM_DOMESTIC_3__BRIDGE_A,conservative,HISTORICAL_POST_DEVELOPMENT_TEST,H3,MATCHED_SAMPLE,umidas_usd_uzs_mom_dlog,4,4,2025Q3,2026Q2,0.990033026047,0.814777929465,0.814777929465,actual_minus_forecast,0.930196784122,0.818665797794,0.0598362419256,-0.00388786832839
COMBO_EQUAL__DFM_DOMESTIC_3__BRIDGE_A,conservative,HISTORICAL_POST_DEVELOPMENT_TEST,ALL,MATCHED_SAMPLE,umidas_usd_uzs_mom_dlog,12,4,2025Q3,2026Q2,1.0135019392,0.879885013189,0.867523960002,actual_minus_forecast,0.854239254189,0.724502164821,0.159262685008,0.155382848368
COMBO_EQUAL__DFM_DOMESTIC_3__BRIDGE_A,standard,DEVELOPMENT_PSEUDO_OOS,H1,MATCHED_SAMPLE,umidas_usd_uzs_mom_dlog,6,6,2024Q1,2025Q2,0.290092376421,0.228318641444,0.213210658951,actual_minus_forecast,0.375942290112,0.324961882186,-0.0858499136905,-0.0966432407416
COMBO_EQUAL__DFM_DOMESTIC_3__BRIDGE_A,standard,DEVELOPMENT_PSEUDO_OOS,H2,MATCHED_SAMPLE,umidas_usd_uzs_mom_dlog,6,6,2024Q1,2025Q2,0.331598367078,0.292615730962,0.180610273137,actual_minus_forecast,0.464896459626,0.412981871049,-0.133298092549,-0.120366140087
COMBO_EQUAL__DFM_DOMESTIC_3__BRIDGE_A,standard,DEVELOPMENT_PSEUDO_OOS,H3,MATCHED_SAMPLE,umidas_usd_uzs_mom_dlog,6,6,2024Q1,2025Q2,0.29584985671,0.237600555823,-0.0989022178292,actual_minus_forecast,0.523137754912,0.369755492537,-0.227287898202,-0.132154936713
COMBO_EQUAL__DFM_DOMESTIC_3__BRIDGE_A,standard,DEVELOPMENT_PSEUDO_OOS,ALL,MATCHED_SAMPLE,umidas_usd_uzs_mom_dlog,18,6,2024Q1,2025Q2,0.30639745518,0.252844976077,0.0983062380861,actual_minus_forecast,0.458669973686,0.369233081924,-0.152272518506,-0.116388105847
COMBO_EQUAL__DFM_DOMESTIC_3__BRIDGE_A,standard,HISTORICAL_POST_DEVELOPMENT_TEST,H1,MATCHED_SAMPLE,umidas_usd_uzs_mom_dlog,4,4,2025Q3,2026Q2,0.979913818853,0.844270707549,0.779981887886,actual_minus_forecast,0.966957153678,0.9124983665,0.0129566651755,-0.0682276589506
COMBO_EQUAL__DFM_DOMESTIC_3__BRIDGE_A,standard,HISTORICAL_POST_DEVELOPMENT_TEST,H2,MATCHED_SAMPLE,umidas_usd_uzs_mom_dlog,4,4,2025Q3,2026Q2,0.939800051219,0.771187828967,0.739070762017,actual_minus_forecast,0.930196784122,0.818665797794,0.0096032670976,-0.0474779688268
COMBO_EQUAL__DFM_DOMESTIC_3__BRIDGE_A,standard,HISTORICAL_POST_DEVELOPMENT_TEST,H3,MATCHED_SAMPLE,umidas_usd_uzs_mom_dlog,4,4,2025Q3,2026Q2,0.579232742231,0.452432980736,0.441143445739,actual_minus_forecast,0.542804853388,0.44415706812,0.0364278888429,0.00827591261556
COMBO_EQUAL__DFM_DOMESTIC_3__BRIDGE_A,standard,HISTORICAL_POST_DEVELOPMENT_TEST,ALL,MATCHED_SAMPLE,umidas_usd_uzs_mom_dlog,12,4,2025Q3,2026Q2,0.852245230421,0.689297172417,0.653398698547,actual_minus_forecast,0.835645320117,0.725107077471,0.0165999103035,-0.0358099050539
COMBO_EQUAL__DFM_DOMESTIC_3__BRIDGE_B,conservative,DEVELOPMENT_PSEUDO_OOS,H1,MATCHED_SAMPLE,ar1,6,6,2024Q1,2025Q2,0.278033480648,0.214087755906,0.214087755906,actual_minus_forecast,0.385847446846,0.361584023211,-0.107813966198,-0.147496267305
COMBO_EQUAL__DFM_DOMESTIC_3__BRIDGE_B,conservative,DEVELOPMENT_PSEUDO_OOS,H2,MATCHED_SAMPLE,ar1,6,6,2024Q1,2025Q2,0.267284879926,0.215165734624,0.184505613173,actual_minus_forecast,0.385847446846,0.361584023211,-0.11856256692,-0.146418288587
COMBO_EQUAL__DFM_DOMESTIC_3__BRIDGE_B,conservative,DEVELOPMENT_PSEUDO_OOS,H3,MATCHED_SAMPLE,ar1,6,6,2024Q1,2025Q2,0.340204616111,0.309937374021,0.159586999682,actual_minus_forecast,0.385847446846,0.361584023211,-0.0456428307343,-0.0516466491903
COMBO_EQUAL__DFM_DOMESTIC_3__BRIDGE_B,conservative,DEVELOPMENT_PSEUDO_OOS,ALL,MATCHED_SAMPLE,ar1,18,6,2024Q1,2025Q2,0.296919183293,0.24639695485,0.18606012292,actual_minus_forecast,0.385847446846,0.361584023211,-0.0889282635528,-0.115187068361
COMBO_EQUAL__DFM_DOMESTIC_3__BRIDGE_B,conservative,HISTORICAL_POST_DEVELOPMENT_TEST,H1,MATCHED_SAMPLE,ar1,4,4,2025Q3,2026Q2,0.787433424195,0.681840934326,0.681840934326,actual_minus_forecast,0.833979369096,0.731322873107,-0.0465459449006,-0.0494819387809
COMBO_EQUAL__DFM_DOMESTIC_3__BRIDGE_B,conservative,HISTORICAL_POST_DEVELOPMENT_TEST,H2,MATCHED_SAMPLE,ar1,4,4,2025Q3,2026Q2,0.839944162329,0.748192451015,0.602227085596,actual_minus_forecast,0.833979369096,0.731322873107,0.00596479323298,0.0168695779076
COMBO_EQUAL__DFM_DOMESTIC_3__BRIDGE_B,conservative,HISTORICAL_POST_DEVELOPMENT_TEST,H3,MATCHED_SAMPLE,ar1,4,4,2025Q3,2026Q2,0.834700802267,0.69462249464,0.59936367701,actual_minus_forecast,0.833979369096,0.731322873107,0.000721433171668,-0.0367003784673
COMBO_EQUAL__DFM_DOMESTIC_3__BRIDGE_B,conservative,HISTORICAL_POST_DEVELOPMENT_TEST,ALL,MATCHED_SAMPLE,ar1,12,4,2025Q3,2026Q2,0.821032484675,0.70821862666,0.627810565644,actual_minus_forecast,0.833979369096,0.731322873107,-0.0129468844206,-0.0231042464469
COMBO_EQUAL__DFM_DOMESTIC_3__BRIDGE_B,standard,DEVELOPMENT_PSEUDO_OOS,H1,MATCHED_SAMPLE,ar1,6,6,2024Q1,2025Q2,0.254041798503,0.202584796125,0.170496160162,actual_minus_forecast,0.385847446846,0.361584023211,-0.131805648343,-0.158999227086
COMBO_EQUAL__DFM_DOMESTIC_3__BRIDGE_B,standard,DEVELOPMENT_PSEUDO_OOS,H2,MATCHED_SAMPLE,ar1,6,6,2024Q1,2025Q2,0.295630303333,0.259729596894,0.174409036131,actual_minus_forecast,0.385847446846,0.361584023211,-0.0902171435131,-0.101854426317
COMBO_EQUAL__DFM_DOMESTIC_3__BRIDGE_B,standard,DEVELOPMENT_PSEUDO_OOS,H3,MATCHED_SAMPLE,ar1,6,6,2024Q1,2025Q2,0.231844654773,0.201757217057,-0.0875052731017,actual_minus_forecast,0.385847446846,0.361584023211,-0.154002792073,-0.159826806154
COMBO_EQUAL__DFM_DOMESTIC_3__BRIDGE_B,standard,DEVELOPMENT_PSEUDO_OOS,ALL,MATCHED_SAMPLE,ar1,18,6,2024Q1,2025Q2,0.261843754672,0.221357203359,0.0857999743971,actual_minus_forecast,0.385847446846,0.361584023211,-0.124003692174,-0.140226819852
COMBO_EQUAL__DFM_DOMESTIC_3__BRIDGE_B,standard,HISTORICAL_POST_DEVELOPMENT_TEST,H1,MATCHED_SAMPLE,ar1,4,4,2025Q3,2026Q2,0.829812351844,0.738887041507,0.581829574255,actual_minus_forecast,0.833979369096,0.731322873107,-0.00416701725143,0.00756416839935
COMBO_EQUAL__DFM_DOMESTIC_3__BRIDGE_B,standard,HISTORICAL_POST_DEVELOPMENT_TEST,H2,MATCHED_SAMPLE,ar1,4,4,2025Q3,2026Q2,0.823930143432,0.687879069559,0.574057877773,actual_minus_forecast,0.833979369096,0.731322873107,-0.0100492256637,-0.0434438035487
COMBO_EQUAL__DFM_DOMESTIC_3__BRIDGE_B,standard,HISTORICAL_POST_DEVELOPMENT_TEST,H3,MATCHED_SAMPLE,ar1,4,4,2025Q3,2026Q2,0.489413191962,0.386539341639,0.292847296618,actual_minus_forecast,0.833979369096,0.731322873107,-0.344566177133,-0.344783531468
COMBO_EQUAL__DFM_DOMESTIC_3__BRIDGE_B,standard,HISTORICAL_POST_DEVELOPMENT_TEST,ALL,MATCHED_SAMPLE,ar1,12,4,2025Q3,2026Q2,0.731886761049,0.604435150901,0.482911582882,actual_minus_forecast,0.833979369096,0.731322873107,-0.102092608047,-0.126887722206
COMBO_EQUAL__DFM_DOMESTIC_3__BRIDGE_B,conservative,DEVELOPMENT_PSEUDO_OOS,H1,MATCHED_SAMPLE,ar2,6,6,2024Q1,2025Q2,0.278033480648,0.214087755906,0.214087755906,actual_minus_forecast,0.563783752251,0.542624868135,-0.285750271603,-0.328537112229
COMBO_EQUAL__DFM_DOMESTIC_3__BRIDGE_B,conservative,DEVELOPMENT_PSEUDO_OOS,H2,MATCHED_SAMPLE,ar2,6,6,2024Q1,2025Q2,0.267284879926,0.215165734624,0.184505613173,actual_minus_forecast,0.563783752251,0.542624868135,-0.296498872325,-0.327459133511
COMBO_EQUAL__DFM_DOMESTIC_3__BRIDGE_B,conservative,DEVELOPMENT_PSEUDO_OOS,H3,MATCHED_SAMPLE,ar2,6,6,2024Q1,2025Q2,0.340204616111,0.309937374021,0.159586999682,actual_minus_forecast,0.563783752251,0.542624868135,-0.22357913614,-0.232687494114
COMBO_EQUAL__DFM_DOMESTIC_3__BRIDGE_B,conservative,DEVELOPMENT_PSEUDO_OOS,ALL,MATCHED_SAMPLE,ar2,18,6,2024Q1,2025Q2,0.296919183293,0.24639695485,0.18606012292,actual_minus_forecast,0.563783752251,0.542624868135,-0.266864568959,-0.296227913285
COMBO_EQUAL__DFM_DOMESTIC_3__BRIDGE_B,conservative,HISTORICAL_POST_DEVELOPMENT_TEST,H1,MATCHED_SAMPLE,ar2,4,4,2025Q3,2026Q2,0.787433424195,0.681840934326,0.681840934326,actual_minus_forecast,0.987139893295,0.80890796493,-0.1997064691,-0.127067030604
COMBO_EQUAL__DFM_DOMESTIC_3__BRIDGE_B,conservative,HISTORICAL_POST_DEVELOPMENT_TEST,H2,MATCHED_SAMPLE,ar2,4,4,2025Q3,2026Q2,0.839944162329,0.748192451015,0.602227085596,actual_minus_forecast,0.987139893295,0.80890796493,-0.147195730966,-0.0607155139151
COMBO_EQUAL__DFM_DOMESTIC_3__BRIDGE_B,conservative,HISTORICAL_POST_DEVELOPMENT_TEST,H3,MATCHED_SAMPLE,ar2,4,4,2025Q3,2026Q2,0.834700802267,0.69462249464,0.59936367701,actual_minus_forecast,0.987139893295,0.80890796493,-0.152439091028,-0.11428547029
COMBO_EQUAL__DFM_DOMESTIC_3__BRIDGE_B,conservative,HISTORICAL_POST_DEVELOPMENT_TEST,ALL,MATCHED_SAMPLE,ar2,12,4,2025Q3,2026Q2,0.821032484675,0.70821862666,0.627810565644,actual_minus_forecast,0.987139893295,0.80890796493,-0.16610740862,-0.10068933827
COMBO_EQUAL__DFM_DOMESTIC_3__BRIDGE_B,standard,DEVELOPMENT_PSEUDO_OOS,H1,MATCHED_SAMPLE,ar2,6,6,2024Q1,2025Q2,0.254041798503,0.202584796125,0.170496160162,actual_minus_forecast,0.563783752251,0.542624868135,-0.309741953749,-0.34004007201
COMBO_EQUAL__DFM_DOMESTIC_3__BRIDGE_B,standard,DEVELOPMENT_PSEUDO_OOS,H2,MATCHED_SAMPLE,ar2,6,6,2024Q1,2025Q2,0.295630303333,0.259729596894,0.174409036131,actual_minus_forecast,0.563783752251,0.542624868135,-0.268153448919,-0.282895271241
COMBO_EQUAL__DFM_DOMESTIC_3__BRIDGE_B,standard,DEVELOPMENT_PSEUDO_OOS,H3,MATCHED_SAMPLE,ar2,6,6,2024Q1,2025Q2,0.231844654773,0.201757217057,-0.0875052731017,actual_minus_forecast,0.563783752251,0.542624868135,-0.331939097478,-0.340867651078
COMBO_EQUAL__DFM_DOMESTIC_3__BRIDGE_B,standard,DEVELOPMENT_PSEUDO_OOS,ALL,MATCHED_SAMPLE,ar2,18,6,2024Q1,2025Q2,0.261843754672,0.221357203359,0.0857999743971,actual_minus_forecast,0.563783752251,0.542624868135,-0.30193999758,-0.321267664776
COMBO_EQUAL__DFM_DOMESTIC_3__BRIDGE_B,standard,HISTORICAL_POST_DEVELOPMENT_TEST,H1,MATCHED_SAMPLE,ar2,4,4,2025Q3,2026Q2,0.829812351844,0.738887041507,0.581829574255,actual_minus_forecast,0.987139893295,0.80890796493,-0.157327541451,-0.0700209234233
COMBO_EQUAL__DFM_DOMESTIC_3__BRIDGE_B,standard,HISTORICAL_POST_DEVELOPMENT_TEST,H2,MATCHED_SAMPLE,ar2,4,4,2025Q3,2026Q2,0.823930143432,0.687879069559,0.574057877773,actual_minus_forecast,0.987139893295,0.80890796493,-0.163209749863,-0.121028895371
COMBO_EQUAL__DFM_DOMESTIC_3__BRIDGE_B,standard,HISTORICAL_POST_DEVELOPMENT_TEST,H3,MATCHED_SAMPLE,ar2,4,4,2025Q3,2026Q2,0.489413191962,0.386539341639,0.292847296618,actual_minus_forecast,0.987139893295,0.80890796493,-0.497726701333,-0.422368623291
COMBO_EQUAL__DFM_DOMESTIC_3__BRIDGE_B,standard,HISTORICAL_POST_DEVELOPMENT_TEST,ALL,MATCHED_SAMPLE,ar2,12,4,2025Q3,2026Q2,0.731886761049,0.604435150901,0.482911582882,actual_minus_forecast,0.987139893295,0.80890796493,-0.255253132246,-0.204472814028
COMBO_EQUAL__DFM_DOMESTIC_3__BRIDGE_B,conservative,DEVELOPMENT_PSEUDO_OOS,H1,MATCHED_SAMPLE,ensemble_ar2_umidas_usd,6,6,2024Q1,2025Q2,0.278033480648,0.214087755906,0.214087755906,actual_minus_forecast,0.473618726641,0.452200043662,-0.195585245993,-0.238112287756
COMBO_EQUAL__DFM_DOMESTIC_3__BRIDGE_B,conservative,DEVELOPMENT_PSEUDO_OOS,H2,MATCHED_SAMPLE,ensemble_ar2_umidas_usd,6,6,2024Q1,2025Q2,0.267284879926,0.215165734624,0.184505613173,actual_minus_forecast,0.449163682887,0.412876998711,-0.181878802962,-0.197711264086
COMBO_EQUAL__DFM_DOMESTIC_3__BRIDGE_B,conservative,DEVELOPMENT_PSEUDO_OOS,H3,MATCHED_SAMPLE,ensemble_ar2_umidas_usd,6,6,2024Q1,2025Q2,0.340204616111,0.309937374021,0.159586999682,actual_minus_forecast,0.495334629592,0.455640792953,-0.155130013481,-0.145703418932
COMBO_EQUAL__DFM_DOMESTIC_3__BRIDGE_B,conservative,DEVELOPMENT_PSEUDO_OOS,ALL,MATCHED_SAMPLE,ensemble_ar2_umidas_usd,18,6,2024Q1,2025Q2,0.296919183293,0.24639695485,0.18606012292,actual_minus_forecast,0.473081778527,0.440239278442,-0.176162595235,-0.193842323592
COMBO_EQUAL__DFM_DOMESTIC_3__BRIDGE_B,conservative,HISTORICAL_POST_DEVELOPMENT_TEST,H1,MATCHED_SAMPLE,ensemble_ar2_umidas_usd,4,4,2025Q3,2026Q2,0.787433424195,0.681840934326,0.681840934326,actual_minus_forecast,0.799938051857,0.62562514755,-0.0125046276624,0.0562157867763
COMBO_EQUAL__DFM_DOMESTIC_3__BRIDGE_B,conservative,HISTORICAL_POST_DEVELOPMENT_TEST,H2,MATCHED_SAMPLE,ensemble_ar2_umidas_usd,4,4,2025Q3,2026Q2,0.839944162329,0.748192451015,0.602227085596,actual_minus_forecast,0.851830629866,0.71376804648,-0.0118864675369,0.0344244045349
COMBO_EQUAL__DFM_DOMESTIC_3__BRIDGE_B,conservative,HISTORICAL_POST_DEVELOPMENT_TEST,H3,MATCHED_SAMPLE,ensemble_ar2_umidas_usd,4,4,2025Q3,2026Q2,0.834700802267,0.69462249464,0.59936367701,actual_minus_forecast,0.866287255243,0.666851762127,-0.0315864529756,0.027770732513
COMBO_EQUAL__DFM_DOMESTIC_3__BRIDGE_B,conservative,HISTORICAL_POST_DEVELOPMENT_TEST,ALL,MATCHED_SAMPLE,ensemble_ar2_umidas_usd,12,4,2025Q3,2026Q2,0.821032484675,0.70821862666,0.627810565644,actual_minus_forecast,0.839835284919,0.668748318719,-0.0188028002436,0.0394703079414
COMBO_EQUAL__DFM_DOMESTIC_3__BRIDGE_B,standard,DEVELOPMENT_PSEUDO_OOS,H1,MATCHED_SAMPLE,ensemble_ar2_umidas_usd,6,6,2024Q1,2025Q2,0.254041798503,0.202584796125,0.170496160162,actual_minus_forecast,0.449163682887,0.412876998711,-0.195121884385,-0.210292202586
COMBO_EQUAL__DFM_DOMESTIC_3__BRIDGE_B,standard,DEVELOPMENT_PSEUDO_OOS,H2,MATCHED_SAMPLE,ensemble_ar2_umidas_usd,6,6,2024Q1,2025Q2,0.295630303333,0.259729596894,0.174409036131,actual_minus_forecast,0.495334629592,0.455640792953,-0.19970432626,-0.195911196059
COMBO_EQUAL__DFM_DOMESTIC_3__BRIDGE_B,standard,DEVELOPMENT_PSEUDO_OOS,H3,MATCHED_SAMPLE,ensemble_ar2_umidas_usd,6,6,2024Q1,2025Q2,0.231844654773,0.201757217057,-0.0875052731017,actual_minus_forecast,0.311729199403,0.277580301552,-0.0798845446305,-0.0758230844952
COMBO_EQUAL__DFM_DOMESTIC_3__BRIDGE_B,standard,DEVELOPMENT_PSEUDO_OOS,ALL,MATCHED_SAMPLE,ensemble_ar2_umidas_usd,18,6,2024Q1,2025Q2,0.261843754672,0.221357203359,0.0857999743971,actual_minus_forecast,0.425941898643,0.382032697739,-0.164098143971,-0.16067549438
COMBO_EQUAL__DFM_DOMESTIC_3__BRIDGE_B,standard,HISTORICAL_POST_DEVELOPMENT_TEST,H1,MATCHED_SAMPLE,ensemble_ar2_umidas_usd,4,4,2025Q3,2026Q2,0.829812351844,0.738887041507,0.581829574255,actual_minus_forecast,0.851830629866,0.71376804648,-0.0220182780213,0.0251189950267
COMBO_EQUAL__DFM_DOMESTIC_3__BRIDGE_B,standard,HISTORICAL_POST_DEVELOPMENT_TEST,H2,MATCHED_SAMPLE,ensemble_ar2_umidas_usd,4,4,2025Q3,2026Q2,0.823930143432,0.687879069559,0.574057877773,actual_minus_forecast,0.866287255243,0.666851762127,-0.042357111811,0.0210273074317
COMBO_EQUAL__DFM_DOMESTIC_3__BRIDGE_B,standard,HISTORICAL_POST_DEVELOPMENT_TEST,H3,MATCHED_SAMPLE,ensemble_ar2_umidas_usd,4,4,2025Q3,2026Q2,0.489413191962,0.386539341639,0.292847296618,actual_minus_forecast,0.529781426202,0.370556063932,-0.0403682342394,0.015983277707
COMBO_EQUAL__DFM_DOMESTIC_3__BRIDGE_B,standard,HISTORICAL_POST_DEVELOPMENT_TEST,ALL,MATCHED_SAMPLE,ensemble_ar2_umidas_usd,12,4,2025Q3,2026Q2,0.731886761049,0.604435150901,0.482911582882,actual_minus_forecast,0.765231422539,0.583725290846,-0.0333446614898,0.0207098600551
COMBO_EQUAL__DFM_DOMESTIC_3__BRIDGE_B,conservative,DEVELOPMENT_PSEUDO_OOS,H1,MATCHED_SAMPLE,umidas_usd_uzs_mom_dlog,6,6,2024Q1,2025Q2,0.278033480648,0.214087755906,0.214087755906,actual_minus_forecast,0.391489259917,0.361775219189,-0.113455779269,-0.147687463283
COMBO_EQUAL__DFM_DOMESTIC_3__BRIDGE_B,conservative,DEVELOPMENT_PSEUDO_OOS,H2,MATCHED_SAMPLE,umidas_usd_uzs_mom_dlog,6,6,2024Q1,2025Q2,0.267284879926,0.215165734624,0.184505613173,actual_minus_forecast,0.375942290112,0.324961882186,-0.108657410186,-0.109796147562
COMBO_EQUAL__DFM_DOMESTIC_3__BRIDGE_B,conservative,DEVELOPMENT_PSEUDO_OOS,H3,MATCHED_SAMPLE,umidas_usd_uzs_mom_dlog,6,6,2024Q1,2025Q2,0.340204616111,0.309937374021,0.159586999682,actual_minus_forecast,0.464896459626,0.412981871049,-0.124691843515,-0.103044497028
COMBO_EQUAL__DFM_DOMESTIC_3__BRIDGE_B,conservative,DEVELOPMENT_PSEUDO_OOS,ALL,MATCHED_SAMPLE,umidas_usd_uzs_mom_dlog,18,6,2024Q1,2025Q2,0.296919183293,0.24639695485,0.18606012292,actual_minus_forecast,0.41260358873,0.366572990808,-0.115684405437,-0.120176035958
COMBO_EQUAL__DFM_DOMESTIC_3__BRIDGE_B,conservative,HISTORICAL_POST_DEVELOPMENT_TEST,H1,MATCHED_SAMPLE,umidas_usd_uzs_mom_dlog,4,4,2025Q3,2026Q2,0.787433424195,0.681840934326,0.681840934326,actual_minus_forecast,0.623620009265,0.44234233017,0.16381341493,0.239498604156
COMBO_EQUAL__DFM_DOMESTIC_3__BRIDGE_B,conservative,HISTORICAL_POST_DEVELOPMENT_TEST,H2,MATCHED_SAMPLE,umidas_usd_uzs_mom_dlog,4,4,2025Q3,2026Q2,0.839944162329,0.748192451015,0.602227085596,actual_minus_forecast,0.966957153678,0.9124983665,-0.127012991349,-0.164305915485
COMBO_EQUAL__DFM_DOMESTIC_3__BRIDGE_B,conservative,HISTORICAL_POST_DEVELOPMENT_TEST,H3,MATCHED_SAMPLE,umidas_usd_uzs_mom_dlog,4,4,2025Q3,2026Q2,0.834700802267,0.69462249464,0.59936367701,actual_minus_forecast,0.930196784122,0.818665797794,-0.0954959818542,-0.124043303154
COMBO_EQUAL__DFM_DOMESTIC_3__BRIDGE_B,conservative,HISTORICAL_POST_DEVELOPMENT_TEST,ALL,MATCHED_SAMPLE,umidas_usd_uzs_mom_dlog,12,4,2025Q3,2026Q2,0.821032484675,0.70821862666,0.627810565644,actual_minus_forecast,0.854239254189,0.724502164821,-0.0332067695143,-0.016283538161
COMBO_EQUAL__DFM_DOMESTIC_3__BRIDGE_B,standard,DEVELOPMENT_PSEUDO_OOS,H1,MATCHED_SAMPLE,umidas_usd_uzs_mom_dlog,6,6,2024Q1,2025Q2,0.254041798503,0.202584796125,0.170496160162,actual_minus_forecast,0.375942290112,0.324961882186,-0.121900491609,-0.122377086061
COMBO_EQUAL__DFM_DOMESTIC_3__BRIDGE_B,standard,DEVELOPMENT_PSEUDO_OOS,H2,MATCHED_SAMPLE,umidas_usd_uzs_mom_dlog,6,6,2024Q1,2025Q2,0.295630303333,0.259729596894,0.174409036131,actual_minus_forecast,0.464896459626,0.412981871049,-0.169266156294,-0.153252274155
COMBO_EQUAL__DFM_DOMESTIC_3__BRIDGE_B,standard,DEVELOPMENT_PSEUDO_OOS,H3,MATCHED_SAMPLE,umidas_usd_uzs_mom_dlog,6,6,2024Q1,2025Q2,0.231844654773,0.201757217057,-0.0875052731017,actual_minus_forecast,0.523137754912,0.369755492537,-0.291293100139,-0.16799827548
COMBO_EQUAL__DFM_DOMESTIC_3__BRIDGE_B,standard,DEVELOPMENT_PSEUDO_OOS,ALL,MATCHED_SAMPLE,umidas_usd_uzs_mom_dlog,18,6,2024Q1,2025Q2,0.261843754672,0.221357203359,0.0857999743971,actual_minus_forecast,0.458669973686,0.369233081924,-0.196826219014,-0.147875878565
COMBO_EQUAL__DFM_DOMESTIC_3__BRIDGE_B,standard,HISTORICAL_POST_DEVELOPMENT_TEST,H1,MATCHED_SAMPLE,umidas_usd_uzs_mom_dlog,4,4,2025Q3,2026Q2,0.829812351844,0.738887041507,0.581829574255,actual_minus_forecast,0.966957153678,0.9124983665,-0.137144801834,-0.173611324993
COMBO_EQUAL__DFM_DOMESTIC_3__BRIDGE_B,standard,HISTORICAL_POST_DEVELOPMENT_TEST,H2,MATCHED_SAMPLE,umidas_usd_uzs_mom_dlog,4,4,2025Q3,2026Q2,0.823930143432,0.687879069559,0.574057877773,actual_minus_forecast,0.930196784122,0.818665797794,-0.10626664069,-0.130786728235
COMBO_EQUAL__DFM_DOMESTIC_3__BRIDGE_B,standard,HISTORICAL_POST_DEVELOPMENT_TEST,H3,MATCHED_SAMPLE,umidas_usd_uzs_mom_dlog,4,4,2025Q3,2026Q2,0.489413191962,0.386539341639,0.292847296618,actual_minus_forecast,0.542804853388,0.44415706812,-0.0533916614256,-0.0576177264809
COMBO_EQUAL__DFM_DOMESTIC_3__BRIDGE_B,standard,HISTORICAL_POST_DEVELOPMENT_TEST,ALL,MATCHED_SAMPLE,umidas_usd_uzs_mom_dlog,12,4,2025Q3,2026Q2,0.731886761049,0.604435150901,0.482911582882,actual_minus_forecast,0.835645320117,0.725107077471,-0.103758559068,-0.12067192657
COMBO_EQUAL__DFM_POS_HISTORICAL_ROBUSTNESS_ONLY__BRIDGE_A,conservative,DEVELOPMENT_PSEUDO_OOS,H1,MATCHED_SAMPLE,ar1,4,4,2024Q1,2024Q4,0.148958635132,0.132876541392,0.132876541392,actual_minus_forecast,0.305760655464,0.299888737484,-0.156802020332,-0.167012196092
COMBO_EQUAL__DFM_POS_HISTORICAL_ROBUSTNESS_ONLY__BRIDGE_A,conservative,DEVELOPMENT_PSEUDO_OOS,H2,MATCHED_SAMPLE,ar1,4,4,2024Q1,2024Q4,0.213490923773,0.159364630405,0.141327089322,actual_minus_forecast,0.305760655464,0.299888737484,-0.0922697316909,-0.140524107079
COMBO_EQUAL__DFM_POS_HISTORICAL_ROBUSTNESS_ONLY__BRIDGE_A,conservative,DEVELOPMENT_PSEUDO_OOS,H3,MATCHED_SAMPLE,ar1,4,4,2024Q1,2024Q4,0.37296293709,0.302178252222,-0.0385615117029,actual_minus_forecast,0.305760655464,0.299888737484,0.0672022816258,0.00228951473858
COMBO_EQUAL__DFM_POS_HISTORICAL_ROBUSTNESS_ONLY__BRIDGE_A,conservative,DEVELOPMENT_PSEUDO_OOS,ALL,MATCHED_SAMPLE,ar1,12,4,2024Q1,2024Q4,0.262594999925,0.198139808006,0.0785473730037,actual_minus_forecast,0.305760655464,0.299888737484,-0.0431656555393,-0.101748929477
COMBO_EQUAL__DFM_POS_HISTORICAL_ROBUSTNESS_ONLY__BRIDGE_A,standard,DEVELOPMENT_PSEUDO_OOS,H1,MATCHED_SAMPLE,ar1,4,4,2024Q1,2024Q4,0.174729107261,0.131815798573,0.107299495398,actual_minus_forecast,0.305760655464,0.299888737484,-0.131031548204,-0.168072938911
COMBO_EQUAL__DFM_POS_HISTORICAL_ROBUSTNESS_ONLY__BRIDGE_A,standard,DEVELOPMENT_PSEUDO_OOS,H2,MATCHED_SAMPLE,ar1,4,4,2024Q1,2024Q4,0.256975429634,0.232670487414,0.0602390660698,actual_minus_forecast,0.305760655464,0.299888737484,-0.0487852258304,-0.0672182500699
COMBO_EQUAL__DFM_POS_HISTORICAL_ROBUSTNESS_ONLY__BRIDGE_A,standard,DEVELOPMENT_PSEUDO_OOS,H3,MATCHED_SAMPLE,ar1,4,4,2024Q1,2024Q4,0.321258100271,0.240127823365,-0.130950512105,actual_minus_forecast,0.305760655464,0.299888737484,0.0154974448063,-0.0597609141191
COMBO_EQUAL__DFM_POS_HISTORICAL_ROBUSTNESS_ONLY__BRIDGE_A,standard,DEVELOPMENT_PSEUDO_OOS,ALL,MATCHED_SAMPLE,ar1,12,4,2024Q1,2024Q4,0.258052578201,0.201538036451,0.0121960164541,actual_minus_forecast,0.305760655464,0.299888737484,-0.0477080772629,-0.0983507010332
COMBO_EQUAL__DFM_POS_HISTORICAL_ROBUSTNESS_ONLY__BRIDGE_A,conservative,DEVELOPMENT_PSEUDO_OOS,H1,MATCHED_SAMPLE,ar2,4,4,2024Q1,2024Q4,0.148958635132,0.132876541392,0.132876541392,actual_minus_forecast,0.502319962387,0.488992150286,-0.353361327255,-0.356115608895
COMBO_EQUAL__DFM_POS_HISTORICAL_ROBUSTNESS_ONLY__BRIDGE_A,conservative,DEVELOPMENT_PSEUDO_OOS,H2,MATCHED_SAMPLE,ar2,4,4,2024Q1,2024Q4,0.213490923773,0.159364630405,0.141327089322,actual_minus_forecast,0.502319962387,0.488992150286,-0.288829038614,-0.329627519881
COMBO_EQUAL__DFM_POS_HISTORICAL_ROBUSTNESS_ONLY__BRIDGE_A,conservative,DEVELOPMENT_PSEUDO_OOS,H3,MATCHED_SAMPLE,ar2,4,4,2024Q1,2024Q4,0.37296293709,0.302178252222,-0.0385615117029,actual_minus_forecast,0.502319962387,0.488992150286,-0.129357025297,-0.186813898064
COMBO_EQUAL__DFM_POS_HISTORICAL_ROBUSTNESS_ONLY__BRIDGE_A,conservative,DEVELOPMENT_PSEUDO_OOS,ALL,MATCHED_SAMPLE,ar2,12,4,2024Q1,2024Q4,0.262594999925,0.198139808006,0.0785473730037,actual_minus_forecast,0.502319962387,0.488992150286,-0.239724962462,-0.29085234228
COMBO_EQUAL__DFM_POS_HISTORICAL_ROBUSTNESS_ONLY__BRIDGE_A,standard,DEVELOPMENT_PSEUDO_OOS,H1,MATCHED_SAMPLE,ar2,4,4,2024Q1,2024Q4,0.174729107261,0.131815798573,0.107299495398,actual_minus_forecast,0.502319962387,0.488992150286,-0.327590855126,-0.357176351713
COMBO_EQUAL__DFM_POS_HISTORICAL_ROBUSTNESS_ONLY__BRIDGE_A,standard,DEVELOPMENT_PSEUDO_OOS,H2,MATCHED_SAMPLE,ar2,4,4,2024Q1,2024Q4,0.256975429634,0.232670487414,0.0602390660698,actual_minus_forecast,0.502319962387,0.488992150286,-0.245344532753,-0.256321662872
COMBO_EQUAL__DFM_POS_HISTORICAL_ROBUSTNESS_ONLY__BRIDGE_A,standard,DEVELOPMENT_PSEUDO_OOS,H3,MATCHED_SAMPLE,ar2,4,4,2024Q1,2024Q4,0.321258100271,0.240127823365,-0.130950512105,actual_minus_forecast,0.502319962387,0.488992150286,-0.181061862117,-0.248864326921
COMBO_EQUAL__DFM_POS_HISTORICAL_ROBUSTNESS_ONLY__BRIDGE_A,standard,DEVELOPMENT_PSEUDO_OOS,ALL,MATCHED_SAMPLE,ar2,12,4,2024Q1,2024Q4,0.258052578201,0.201538036451,0.0121960164541,actual_minus_forecast,0.502319962387,0.488992150286,-0.244267384186,-0.287454113836
COMBO_EQUAL__DFM_POS_HISTORICAL_ROBUSTNESS_ONLY__BRIDGE_A,conservative,DEVELOPMENT_PSEUDO_OOS,H1,MATCHED_SAMPLE,ensemble_ar2_umidas_usd,4,4,2024Q1,2024Q4,0.148958635132,0.132876541392,0.132876541392,actual_minus_forecast,0.391074138278,0.383433140818,-0.242115503146,-0.250556599426
COMBO_EQUAL__DFM_POS_HISTORICAL_ROBUSTNESS_ONLY__BRIDGE_A,conservative,DEVELOPMENT_PSEUDO_OOS,H2,MATCHED_SAMPLE,ensemble_ar2_umidas_usd,4,4,2024Q1,2024Q4,0.213490923773,0.159364630405,0.141327089322,actual_minus_forecast,0.395503746166,0.354247392604,-0.182012822393,-0.194882762199
COMBO_EQUAL__DFM_POS_HISTORICAL_ROBUSTNESS_ONLY__BRIDGE_A,conservative,DEVELOPMENT_PSEUDO_OOS,H3,MATCHED_SAMPLE,ensemble_ar2_umidas_usd,4,4,2024Q1,2024Q4,0.37296293709,0.302178252222,-0.0385615117029,actual_minus_forecast,0.430633378642,0.385226970869,-0.0576704415519,-0.0830487186465
COMBO_EQUAL__DFM_POS_HISTORICAL_ROBUSTNESS_ONLY__BRIDGE_A,conservative,DEVELOPMENT_PSEUDO_OOS,ALL,MATCHED_SAMPLE,ensemble_ar2_umidas_usd,12,4,2024Q1,2024Q4,0.262594999925,0.198139808006,0.0785473730037,actual_minus_forecast,0.40612284745,0.37430250143,-0.143527847525,-0.176162693424
COMBO_EQUAL__DFM_POS_HISTORICAL_ROBUSTNESS_ONLY__BRIDGE_A,standard,DEVELOPMENT_PSEUDO_OOS,H1,MATCHED_SAMPLE,ensemble_ar2_umidas_usd,4,4,2024Q1,2024Q4,0.174729107261,0.131815798573,0.107299495398,actual_minus_forecast,0.395503746166,0.354247392604,-0.220774638905,-0.222431594031
COMBO_EQUAL__DFM_POS_HISTORICAL_ROBUSTNESS_ONLY__BRIDGE_A,standard,DEVELOPMENT_PSEUDO_OOS,H2,MATCHED_SAMPLE,ensemble_ar2_umidas_usd,4,4,2024Q1,2024Q4,0.256975429634,0.232670487414,0.0602390660698,actual_minus_forecast,0.430633378642,0.385226970869,-0.173657949008,-0.152556483455
COMBO_EQUAL__DFM_POS_HISTORICAL_ROBUSTNESS_ONLY__BRIDGE_A,standard,DEVELOPMENT_PSEUDO_OOS,H3,MATCHED_SAMPLE,ensemble_ar2_umidas_usd,4,4,2024Q1,2024Q4,0.321258100271,0.240127823365,-0.130950512105,actual_minus_forecast,0.338859295021,0.295802658059,-0.01760119475,-0.0556748346941
COMBO_EQUAL__DFM_POS_HISTORICAL_ROBUSTNESS_ONLY__BRIDGE_A,standard,DEVELOPMENT_PSEUDO_OOS,ALL,MATCHED_SAMPLE,ensemble_ar2_umidas_usd,12,4,2024Q1,2024Q4,0.258052578201,0.201538036451,0.0121960164541,actual_minus_forecast,0.390168314899,0.345092340511,-0.132115736698,-0.14355430406
COMBO_EQUAL__DFM_POS_HISTORICAL_ROBUSTNESS_ONLY__BRIDGE_A,conservative,DEVELOPMENT_PSEUDO_OOS,H1,MATCHED_SAMPLE,umidas_usd_uzs_mom_dlog,4,4,2024Q1,2024Q4,0.148958635132,0.132876541392,0.132876541392,actual_minus_forecast,0.288242345143,0.27787413135,-0.139283710011,-0.144997589958
COMBO_EQUAL__DFM_POS_HISTORICAL_ROBUSTNESS_ONLY__BRIDGE_A,conservative,DEVELOPMENT_PSEUDO_OOS,H2,MATCHED_SAMPLE,umidas_usd_uzs_mom_dlog,4,4,2024Q1,2024Q4,0.213490923773,0.159364630405,0.141327089322,actual_minus_forecast,0.355715934002,0.282251764272,-0.142225010228,-0.122887133867
COMBO_EQUAL__DFM_POS_HISTORICAL_ROBUSTNESS_ONLY__BRIDGE_A,conservative,DEVELOPMENT_PSEUDO_OOS,H3,MATCHED_SAMPLE,umidas_usd_uzs_mom_dlog,4,4,2024Q1,2024Q4,0.37296293709,0.302178252222,-0.0385615117029,actual_minus_forecast,0.419836032183,0.347949521369,-0.0468730950928,-0.0457712691461
COMBO_EQUAL__DFM_POS_HISTORICAL_ROBUSTNESS_ONLY__BRIDGE_A,conservative,DEVELOPMENT_PSEUDO_OOS,ALL,MATCHED_SAMPLE,umidas_usd_uzs_mom_dlog,12,4,2024Q1,2024Q4,0.262594999925,0.198139808006,0.0785473730037,actual_minus_forecast,0.358645493097,0.302691805663,-0.0960504931715,-0.104551997657
COMBO_EQUAL__DFM_POS_HISTORICAL_ROBUSTNESS_ONLY__BRIDGE_A,standard,DEVELOPMENT_PSEUDO_OOS,H1,MATCHED_SAMPLE,umidas_usd_uzs_mom_dlog,4,4,2024Q1,2024Q4,0.174729107261,0.131815798573,0.107299495398,actual_minus_forecast,0.355715934002,0.282251764272,-0.180986826741,-0.150435965699
COMBO_EQUAL__DFM_POS_HISTORICAL_ROBUSTNESS_ONLY__BRIDGE_A,standard,DEVELOPMENT_PSEUDO_OOS,H2,MATCHED_SAMPLE,umidas_usd_uzs_mom_dlog,4,4,2024Q1,2024Q4,0.256975429634,0.232670487414,0.0602390660698,actual_minus_forecast,0.419836032183,0.347949521369,-0.162860602549,-0.115279033955
COMBO_EQUAL__DFM_POS_HISTORICAL_ROBUSTNESS_ONLY__BRIDGE_A,standard,DEVELOPMENT_PSEUDO_OOS,H3,MATCHED_SAMPLE,umidas_usd_uzs_mom_dlog,4,4,2024Q1,2024Q4,0.321258100271,0.240127823365,-0.130950512105,actual_minus_forecast,0.251170937479,0.232029463734,0.0700871627913,0.00809835963066
COMBO_EQUAL__DFM_POS_HISTORICAL_ROBUSTNESS_ONLY__BRIDGE_A,standard,DEVELOPMENT_PSEUDO_OOS,ALL,MATCHED_SAMPLE,umidas_usd_uzs_mom_dlog,12,4,2024Q1,2024Q4,0.258052578201,0.201538036451,0.0121960164541,actual_minus_forecast,0.349229131782,0.287410249792,-0.0911765535808,-0.0858722133409
COMBO_EQUAL__DFM_POS_HISTORICAL_ROBUSTNESS_ONLY__BRIDGE_B,conservative,DEVELOPMENT_PSEUDO_OOS,H1,MATCHED_SAMPLE,ar1,4,4,2024Q1,2024Q4,0.11990343534,0.108514023336,0.108514023336,actual_minus_forecast,0.305760655464,0.299888737484,-0.185857220125,-0.191374714148
COMBO_EQUAL__DFM_POS_HISTORICAL_ROBUSTNESS_ONLY__BRIDGE_B,conservative,DEVELOPMENT_PSEUDO_OOS,H2,MATCHED_SAMPLE,ar1,4,4,2024Q1,2024Q4,0.18666313891,0.141678140604,0.0956879088045,actual_minus_forecast,0.305760655464,0.299888737484,-0.119097516555,-0.158210596879
COMBO_EQUAL__DFM_POS_HISTORICAL_ROBUSTNESS_ONLY__BRIDGE_B,conservative,DEVELOPMENT_PSEUDO_OOS,H3,MATCHED_SAMPLE,ar1,4,4,2024Q1,2024Q4,0.260914598808,0.239203181301,0.0136777382634,actual_minus_forecast,0.305760655464,0.299888737484,-0.044846056656,-0.0606855561831
COMBO_EQUAL__DFM_POS_HISTORICAL_ROBUSTNESS_ONLY__BRIDGE_B,conservative,DEVELOPMENT_PSEUDO_OOS,ALL,MATCHED_SAMPLE,ar1,12,4,2024Q1,2024Q4,0.197734155796,0.163131781747,0.0726265568013,actual_minus_forecast,0.305760655464,0.299888737484,-0.108026499668,-0.136756955737
COMBO_EQUAL__DFM_POS_HISTORICAL_ROBUSTNESS_ONLY__BRIDGE_B,standard,DEVELOPMENT_PSEUDO_OOS,H1,MATCHED_SAMPLE,ar1,4,4,2024Q1,2024Q4,0.169853911167,0.128475572887,0.0794846773374,actual_minus_forecast,0.305760655464,0.299888737484,-0.135906744298,-0.171413164597
COMBO_EQUAL__DFM_POS_HISTORICAL_ROBUSTNESS_ONLY__BRIDGE_B,standard,DEVELOPMENT_PSEUDO_OOS,H2,MATCHED_SAMPLE,ar1,4,4,2024Q1,2024Q4,0.222411896432,0.198332866719,0.0683114651213,actual_minus_forecast,0.305760655464,0.299888737484,-0.0833487590325,-0.101555870764
COMBO_EQUAL__DFM_POS_HISTORICAL_ROBUSTNESS_ONLY__BRIDGE_B,standard,DEVELOPMENT_PSEUDO_OOS,H3,MATCHED_SAMPLE,ar1,4,4,2024Q1,2024Q4,0.214217853455,0.184432413929,-0.0750730238754,actual_minus_forecast,0.305760655464,0.299888737484,-0.0915428020093,-0.115456323555
COMBO_EQUAL__DFM_POS_HISTORICAL_ROBUSTNESS_ONLY__BRIDGE_B,standard,DEVELOPMENT_PSEUDO_OOS,ALL,MATCHED_SAMPLE,ar1,12,4,2024Q1,2024Q4,0.203475380617,0.170413617845,0.0242410395278,actual_minus_forecast,0.305760655464,0.299888737484,-0.102285274847,-0.129475119639
COMBO_EQUAL__DFM_POS_HISTORICAL_ROBUSTNESS_ONLY__BRIDGE_B,conservative,DEVELOPMENT_PSEUDO_OOS,H1,MATCHED_SAMPLE,ar2,4,4,2024Q1,2024Q4,0.11990343534,0.108514023336,0.108514023336,actual_minus_forecast,0.502319962387,0.488992150286,-0.382416527047,-0.38047812695
COMBO_EQUAL__DFM_POS_HISTORICAL_ROBUSTNESS_ONLY__BRIDGE_B,conservative,DEVELOPMENT_PSEUDO_OOS,H2,MATCHED_SAMPLE,ar2,4,4,2024Q1,2024Q4,0.18666313891,0.141678140604,0.0956879088045,actual_minus_forecast,0.502319962387,0.488992150286,-0.315656823477,-0.347314009682
COMBO_EQUAL__DFM_POS_HISTORICAL_ROBUSTNESS_ONLY__BRIDGE_B,conservative,DEVELOPMENT_PSEUDO_OOS,H3,MATCHED_SAMPLE,ar2,4,4,2024Q1,2024Q4,0.260914598808,0.239203181301,0.0136777382634,actual_minus_forecast,0.502319962387,0.488992150286,-0.241405363579,-0.249788968986
COMBO_EQUAL__DFM_POS_HISTORICAL_ROBUSTNESS_ONLY__BRIDGE_B,conservative,DEVELOPMENT_PSEUDO_OOS,ALL,MATCHED_SAMPLE,ar2,12,4,2024Q1,2024Q4,0.197734155796,0.163131781747,0.0726265568013,actual_minus_forecast,0.502319962387,0.488992150286,-0.304585806591,-0.325860368539
COMBO_EQUAL__DFM_POS_HISTORICAL_ROBUSTNESS_ONLY__BRIDGE_B,standard,DEVELOPMENT_PSEUDO_OOS,H1,MATCHED_SAMPLE,ar2,4,4,2024Q1,2024Q4,0.169853911167,0.128475572887,0.0794846773374,actual_minus_forecast,0.502319962387,0.488992150286,-0.332466051221,-0.360516577399
COMBO_EQUAL__DFM_POS_HISTORICAL_ROBUSTNESS_ONLY__BRIDGE_B,standard,DEVELOPMENT_PSEUDO_OOS,H2,MATCHED_SAMPLE,ar2,4,4,2024Q1,2024Q4,0.222411896432,0.198332866719,0.0683114651213,actual_minus_forecast,0.502319962387,0.488992150286,-0.279908065955,-0.290659283567
COMBO_EQUAL__DFM_POS_HISTORICAL_ROBUSTNESS_ONLY__BRIDGE_B,standard,DEVELOPMENT_PSEUDO_OOS,H3,MATCHED_SAMPLE,ar2,4,4,2024Q1,2024Q4,0.214217853455,0.184432413929,-0.0750730238754,actual_minus_forecast,0.502319962387,0.488992150286,-0.288102108932,-0.304559736357
COMBO_EQUAL__DFM_POS_HISTORICAL_ROBUSTNESS_ONLY__BRIDGE_B,standard,DEVELOPMENT_PSEUDO_OOS,ALL,MATCHED_SAMPLE,ar2,12,4,2024Q1,2024Q4,0.203475380617,0.170413617845,0.0242410395278,actual_minus_forecast,0.502319962387,0.488992150286,-0.29884458177,-0.318578532441
COMBO_EQUAL__DFM_POS_HISTORICAL_ROBUSTNESS_ONLY__BRIDGE_B,conservative,DEVELOPMENT_PSEUDO_OOS,H1,MATCHED_SAMPLE,ensemble_ar2_umidas_usd,4,4,2024Q1,2024Q4,0.11990343534,0.108514023336,0.108514023336,actual_minus_forecast,0.391074138278,0.383433140818,-0.271170702939,-0.274919117482
COMBO_EQUAL__DFM_POS_HISTORICAL_ROBUSTNESS_ONLY__BRIDGE_B,conservative,DEVELOPMENT_PSEUDO_OOS,H2,MATCHED_SAMPLE,ensemble_ar2_umidas_usd,4,4,2024Q1,2024Q4,0.18666313891,0.141678140604,0.0956879088045,actual_minus_forecast,0.395503746166,0.354247392604,-0.208840607256,-0.212569252
COMBO_EQUAL__DFM_POS_HISTORICAL_ROBUSTNESS_ONLY__BRIDGE_B,conservative,DEVELOPMENT_PSEUDO_OOS,H3,MATCHED_SAMPLE,ensemble_ar2_umidas_usd,4,4,2024Q1,2024Q4,0.260914598808,0.239203181301,0.0136777382634,actual_minus_forecast,0.430633378642,0.385226970869,-0.169718779834,-0.146023789568
COMBO_EQUAL__DFM_POS_HISTORICAL_ROBUSTNESS_ONLY__BRIDGE_B,conservative,DEVELOPMENT_PSEUDO_OOS,ALL,MATCHED_SAMPLE,ensemble_ar2_umidas_usd,12,4,2024Q1,2024Q4,0.197734155796,0.163131781747,0.0726265568013,actual_minus_forecast,0.40612284745,0.37430250143,-0.208388691654,-0.211170719683
COMBO_EQUAL__DFM_POS_HISTORICAL_ROBUSTNESS_ONLY__BRIDGE_B,standard,DEVELOPMENT_PSEUDO_OOS,H1,MATCHED_SAMPLE,ensemble_ar2_umidas_usd,4,4,2024Q1,2024Q4,0.169853911167,0.128475572887,0.0794846773374,actual_minus_forecast,0.395503746166,0.354247392604,-0.225649834999,-0.225771819717
COMBO_EQUAL__DFM_POS_HISTORICAL_ROBUSTNESS_ONLY__BRIDGE_B,standard,DEVELOPMENT_PSEUDO_OOS,H2,MATCHED_SAMPLE,ensemble_ar2_umidas_usd,4,4,2024Q1,2024Q4,0.222411896432,0.198332866719,0.0683114651213,actual_minus_forecast,0.430633378642,0.385226970869,-0.20822148221,-0.186894104149
COMBO_EQUAL__DFM_POS_HISTORICAL_ROBUSTNESS_ONLY__BRIDGE_B,standard,DEVELOPMENT_PSEUDO_OOS,H3,MATCHED_SAMPLE,ensemble_ar2_umidas_usd,4,4,2024Q1,2024Q4,0.214217853455,0.184432413929,-0.0750730238754,actual_minus_forecast,0.338859295021,0.295802658059,-0.124641441566,-0.11137024413
COMBO_EQUAL__DFM_POS_HISTORICAL_ROBUSTNESS_ONLY__BRIDGE_B,standard,DEVELOPMENT_PSEUDO_OOS,ALL,MATCHED_SAMPLE,ensemble_ar2_umidas_usd,12,4,2024Q1,2024Q4,0.203475380617,0.170413617845,0.0242410395278,actual_minus_forecast,0.390168314899,0.345092340511,-0.186692934282,-0.174678722665
COMBO_EQUAL__DFM_POS_HISTORICAL_ROBUSTNESS_ONLY__BRIDGE_B,conservative,DEVELOPMENT_PSEUDO_OOS,H1,MATCHED_SAMPLE,umidas_usd_uzs_mom_dlog,4,4,2024Q1,2024Q4,0.11990343534,0.108514023336,0.108514023336,actual_minus_forecast,0.288242345143,0.27787413135,-0.168338909803,-0.169360108013
COMBO_EQUAL__DFM_POS_HISTORICAL_ROBUSTNESS_ONLY__BRIDGE_B,conservative,DEVELOPMENT_PSEUDO_OOS,H2,MATCHED_SAMPLE,umidas_usd_uzs_mom_dlog,4,4,2024Q1,2024Q4,0.18666313891,0.141678140604,0.0956879088045,actual_minus_forecast,0.355715934002,0.282251764272,-0.169052795092,-0.140573623668
COMBO_EQUAL__DFM_POS_HISTORICAL_ROBUSTNESS_ONLY__BRIDGE_B,conservative,DEVELOPMENT_PSEUDO_OOS,H3,MATCHED_SAMPLE,umidas_usd_uzs_mom_dlog,4,4,2024Q1,2024Q4,0.260914598808,0.239203181301,0.0136777382634,actual_minus_forecast,0.419836032183,0.347949521369,-0.158921433375,-0.108746340068
COMBO_EQUAL__DFM_POS_HISTORICAL_ROBUSTNESS_ONLY__BRIDGE_B,conservative,DEVELOPMENT_PSEUDO_OOS,ALL,MATCHED_SAMPLE,umidas_usd_uzs_mom_dlog,12,4,2024Q1,2024Q4,0.197734155796,0.163131781747,0.0726265568013,actual_minus_forecast,0.358645493097,0.302691805663,-0.1609113373,-0.139560023916
COMBO_EQUAL__DFM_POS_HISTORICAL_ROBUSTNESS_ONLY__BRIDGE_B,standard,DEVELOPMENT_PSEUDO_OOS,H1,MATCHED_SAMPLE,umidas_usd_uzs_mom_dlog,4,4,2024Q1,2024Q4,0.169853911167,0.128475572887,0.0794846773374,actual_minus_forecast,0.355715934002,0.282251764272,-0.185862022835,-0.153776191385
COMBO_EQUAL__DFM_POS_HISTORICAL_ROBUSTNESS_ONLY__BRIDGE_B,standard,DEVELOPMENT_PSEUDO_OOS,H2,MATCHED_SAMPLE,umidas_usd_uzs_mom_dlog,4,4,2024Q1,2024Q4,0.222411896432,0.198332866719,0.0683114651213,actual_minus_forecast,0.419836032183,0.347949521369,-0.197424135751,-0.149616654649
COMBO_EQUAL__DFM_POS_HISTORICAL_ROBUSTNESS_ONLY__BRIDGE_B,standard,DEVELOPMENT_PSEUDO_OOS,H3,MATCHED_SAMPLE,umidas_usd_uzs_mom_dlog,4,4,2024Q1,2024Q4,0.214217853455,0.184432413929,-0.0750730238754,actual_minus_forecast,0.251170937479,0.232029463734,-0.0369530840243,-0.0475970498048
COMBO_EQUAL__DFM_POS_HISTORICAL_ROBUSTNESS_ONLY__BRIDGE_B,standard,DEVELOPMENT_PSEUDO_OOS,ALL,MATCHED_SAMPLE,umidas_usd_uzs_mom_dlog,12,4,2024Q1,2024Q4,0.203475380617,0.170413617845,0.0242410395278,actual_minus_forecast,0.349229131782,0.287410249792,-0.145753751165,-0.116996631946
