path,classification,imported_by,referenced_by,entrypoint_reachable,test_reachable,phase6d_required,production_required,reproducibility_required,git_tracked,last_modified,candidate_action,reason
.tmp/inspect_cbu_archives.py,UNKNOWN,,,False,False,False,False,False,False,2026-09-29T07:10:42.868227+00:00,REVIEW,Unknown temporary Python source; not proven redundant; keep in place
.tmp/inspect_rosstat.py,UNKNOWN,,,False,False,False,False,False,False,2026-09-29T07:11:49.713372+00:00,REVIEW,Unknown temporary Python source; not proven redundant; keep in place
data/research/phase6a2/_vendor/typing_extensions.py,UNKNOWN,,,False,False,False,False,False,True,2026-10-02T06:58:28.808954+00:00,REVIEW,Third-party recovery dependency or unreadable existing file; no relocation without evidence
scripts/build_master_from_fixtures.py,ACTIVE_DATA_PIPELINE,,docs/modeling/phase4a_results.md;results/README.md;results/phase5b2/repository_inventory.csv;results/phase6c/phase6c_protected_before.json;results/phase6c/preliminary_master_only/phase6c_protected_before.json;results/phase6d/phase6d_protected_start.json;results/research/phase6b1/phase6b1_protected_after.json;results/research/phase6b1/phase6b1_protected_before.json;results/research/phase6b1/phase6b1_run_manifest.json;results/research/phase6b2/phase6b2_protected_before.json,True,False,False,False,True,True,2026-09-29T11:46:54.815728+00:00,KEEP,"Protected hash/path, current input, active import, or pre-existing user change"
scripts/build_pilot.py,ACTIVE_DATA_PIPELINE,,results/phase5b2/repository_inventory.csv;results/phase6c/phase6c_protected_before.json;results/phase6c/preliminary_master_only/phase6c_protected_before.json;results/phase6d/phase6d_protected_start.json;results/research/phase6b1/phase6b1_protected_after.json;results/research/phase6b1/phase6b1_protected_before.json;results/research/phase6b1/phase6b1_run_manifest.json;results/research/phase6b2/phase6b2_protected_before.json,True,False,False,False,True,True,2026-09-29T05:44:33.022552+00:00,KEEP,"Protected hash/path, current input, active import, or pre-existing user change"
scripts/create_registry_v1_1.py,ACTIVE_DATA_PIPELINE,,results/phase5b2/repository_inventory.csv;results/phase6c/phase6c_protected_before.json;results/phase6c/preliminary_master_only/phase6c_protected_before.json;results/phase6d/phase6d_protected_start.json;results/research/phase6b1/phase6b1_protected_after.json;results/research/phase6b1/phase6b1_protected_before.json;results/research/phase6b1/phase6b1_run_manifest.json;results/research/phase6b2/phase6b2_protected_before.json,True,False,False,False,True,True,2026-09-29T06:53:49.573440+00:00,KEEP,"Protected hash/path, current input, active import, or pre-existing user change"
scripts/create_registry_v1_2.py,ACTIVE_DATA_PIPELINE,,docs/phase3b_results.md;results/phase5b2/repository_inventory.csv;results/phase6c/phase6c_protected_before.json;results/phase6c/preliminary_master_only/phase6c_protected_before.json;results/phase6d/phase6d_protected_start.json;results/research/phase6b1/phase6b1_protected_after.json;results/research/phase6b1/phase6b1_protected_before.json;results/research/phase6b1/phase6b1_run_manifest.json;results/research/phase6b2/phase6b2_protected_before.json,True,False,False,False,True,True,2026-09-29T11:43:17.540242+00:00,KEEP,"Protected hash/path, current input, active import, or pre-existing user change"
scripts/download_fx_history.py,ACTIVE_DATA_PIPELINE,,results/phase5b2/repository_inventory.csv;results/phase6c/phase6c_protected_before.json;results/phase6c/preliminary_master_only/phase6c_protected_before.json;results/phase6d/phase6d_protected_start.json;results/research/phase6b1/phase6b1_protected_after.json;results/research/phase6b1/phase6b1_protected_before.json;results/research/phase6b1/phase6b1_run_manifest.json;results/research/phase6b2/phase6b2_protected_before.json,True,False,False,False,True,True,2026-09-29T05:37:39.858532+00:00,KEEP,"Protected hash/path, current input, active import, or pre-existing user change"
scripts/maintenance/cleanup_audit.py,ACTIVE_DATA_PIPELINE,scripts/maintenance/cleanup_seal_plan.py;scripts/maintenance/cleanup_validate.py,,True,False,False,False,True,False,2026-10-05T07:41:03.821636+00:00,KEEP,New cleanup-only administrative utility/documentation; no existing model code changed
scripts/maintenance/cleanup_seal_plan.py,ACTIVE_DATA_PIPELINE,,,True,False,False,False,True,False,2026-10-05T07:38:06.464890+00:00,KEEP,New cleanup-only administrative utility/documentation; no existing model code changed
scripts/maintenance/cleanup_validate.py,ACTIVE_DATA_PIPELINE,,ACTIVE_CORE.md,True,False,False,False,True,False,2026-10-05T07:39:44.647523+00:00,KEEP,New cleanup-only administrative utility/documentation; no existing model code changed
scripts/phase5b2_cleanup.py,ACTIVE_DATA_PIPELINE,,dashboard/current/README.md;docs/REPOSITORY_MAP.md;docs/modeling/phase5b2_repository_cleanup.md;results/phase5b2/git_cleanup_status.txt;results/phase5b2/path_dependency_audit.csv;results/phase5b2/phase5b2_cleanup_manifest.json;results/phase5b2/repository_inventory.csv;results/phase6c/phase6c_protected_before.json;results/phase6c/preliminary_master_only/phase6c_protected_before.json;results/phase6d/phase6d_protected_start.json;results/production/README.md;results/research/phase6b1/phase6b1_protected_after.json;results/research/phase6b1/phase6b1_protected_before.json;results/research/phase6b1/phase6b1_run_manifest.json;results/research/phase6b2/phase6b2_protected_before.json,True,False,False,False,True,True,2026-09-30T09:09:59.114415+00:00,KEEP,"Protected hash/path, current input, active import, or pre-existing user change"
scripts/phase5b2_finalize.py,ACTIVE_DATA_PIPELINE,,results/phase5b2/git_cleanup_status.txt;results/phase5b2/phase5b2_cleanup_manifest.json;results/phase6c/phase6c_protected_before.json;results/phase6c/preliminary_master_only/phase6c_protected_before.json;results/phase6d/phase6d_protected_start.json;results/research/phase6b1/phase6b1_protected_after.json;results/research/phase6b1/phase6b1_protected_before.json;results/research/phase6b1/phase6b1_run_manifest.json;results/research/phase6b2/phase6b2_protected_before.json,True,False,False,False,True,True,2026-09-30T09:28:05.561527+00:00,KEEP,"Protected hash/path, current input, active import, or pre-existing user change"
scripts/research/phase6a2/build.py,ACTIVE_DATA_PIPELINE,scripts/research/phase6a2/report.py;scripts/research/phase6a2/test_recovery.py,results/phase6c/phase6c_protected_before.json;results/phase6c/preliminary_master_only/phase6c_protected_before.json;results/phase6d/phase6d_protected_start.json;results/research/phase6a2/phase6a2_run_manifest.json;results/research/phase6b1/phase6b1_protected_after.json;results/research/phase6b1/phase6b1_protected_before.json;results/research/phase6b1/phase6b1_run_manifest.json;results/research/phase6b2/phase6b2_protected_before.json;scripts/research/phase6a2/README.md,True,True,False,False,True,True,2026-10-02T08:01:41.990907+00:00,KEEP,"Protected hash/path, current input, active import, or pre-existing user change"
scripts/research/phase6a2/collect_sources.py,ACTIVE_REPRODUCIBILITY,,results/phase6c/phase6c_protected_before.json;results/phase6c/preliminary_master_only/phase6c_protected_before.json;results/phase6d/phase6d_protected_start.json;results/research/phase6a2/phase6a2_run_manifest.json;results/research/phase6b1/phase6b1_protected_after.json;results/research/phase6b1/phase6b1_protected_before.json;results/research/phase6b1/phase6b1_run_manifest.json;results/research/phase6b2/phase6b2_protected_before.json;scripts/research/phase6a2/README.md,False,False,False,False,True,True,2026-10-02T07:12:03.992615+00:00,KEEP,"Protected hash/path, current input, active import, or pre-existing user change"
scripts/research/phase6a2/extend_trade.py,ACTIVE_REPRODUCIBILITY,,results/phase6c/phase6c_protected_before.json;results/phase6c/preliminary_master_only/phase6c_protected_before.json;results/phase6d/phase6d_protected_start.json;results/research/phase6a2/phase6a2_run_manifest.json;results/research/phase6b1/phase6b1_protected_after.json;results/research/phase6b1/phase6b1_protected_before.json;results/research/phase6b1/phase6b1_run_manifest.json;results/research/phase6b2/phase6b2_protected_before.json;scripts/research/phase6a2/README.md,False,False,False,False,True,True,2026-10-02T07:27:55.309192+00:00,KEEP,"Protected hash/path, current input, active import, or pre-existing user change"
scripts/research/phase6a2/extract.py,ACTIVE_DATA_PIPELINE,scripts/research/phase6a2/build.py;scripts/research/phase6a2/repair_metadata.py;scripts/research/phase6a2/test_recovery.py,results/phase6c/phase6c_protected_before.json;results/phase6c/preliminary_master_only/phase6c_protected_before.json;results/phase6d/phase6d_protected_start.json;results/research/phase6a2/phase6a2_run_manifest.json;results/research/phase6b1/phase6b1_protected_after.json;results/research/phase6b1/phase6b1_protected_before.json;results/research/phase6b1/phase6b1_run_manifest.json;results/research/phase6b2/phase6b2_protected_before.json;scripts/research/phase6a2/README.md,True,True,False,False,True,True,2026-10-02T07:47:33.045961+00:00,KEEP,"Protected hash/path, current input, active import, or pre-existing user change"
scripts/research/phase6a2/parsers.py,ACTIVE_DATA_PIPELINE,scripts/research/phase6a2/extract.py,results/phase6c/phase6c_protected_before.json;results/phase6c/preliminary_master_only/phase6c_protected_before.json;results/phase6d/phase6d_protected_start.json;results/research/phase6a2/phase6a2_run_manifest.json;results/research/phase6b1/phase6b1_protected_after.json;results/research/phase6b1/phase6b1_protected_before.json;results/research/phase6b1/phase6b1_run_manifest.json;results/research/phase6b2/phase6b2_protected_before.json,True,True,False,False,True,True,2026-10-02T07:11:12.527221+00:00,KEEP,"Protected hash/path, current input, active import, or pre-existing user change"
scripts/research/phase6a2/recovery.py,ACTIVE_DATA_PIPELINE,scripts/research/phase6a2/build.py;scripts/research/phase6a2/collect_sources.py;scripts/research/phase6a2/extend_trade.py;scripts/research/phase6a2/extract.py;scripts/research/phase6a2/parsers.py;scripts/research/phase6a2/repair_metadata.py;scripts/research/phase6a2/report.py,results/phase6c/phase6c_protected_before.json;results/phase6c/preliminary_master_only/phase6c_protected_before.json;results/phase6d/phase6d_protected_start.json;results/research/phase6a2/phase6a2_run_manifest.json;results/research/phase6b1/phase6b1_protected_after.json;results/research/phase6b1/phase6b1_protected_before.json;results/research/phase6b1/phase6b1_run_manifest.json;results/research/phase6b2/phase6b2_protected_before.json,True,True,False,False,True,True,2026-10-02T07:16:42.160816+00:00,KEEP,"Protected hash/path, current input, active import, or pre-existing user change"
scripts/research/phase6a2/repair_metadata.py,ACTIVE_REPRODUCIBILITY,,results/phase6c/phase6c_protected_before.json;results/phase6c/preliminary_master_only/phase6c_protected_before.json;results/phase6d/phase6d_protected_start.json;results/research/phase6a2/phase6a2_run_manifest.json;results/research/phase6b1/phase6b1_protected_after.json;results/research/phase6b1/phase6b1_protected_before.json;results/research/phase6b1/phase6b1_run_manifest.json;results/research/phase6b2/phase6b2_protected_before.json,False,False,False,False,True,True,2026-10-02T07:50:50.046083+00:00,KEEP,"Protected hash/path, current input, active import, or pre-existing user change"
scripts/research/phase6a2/report.py,ACTIVE_REPRODUCIBILITY,,results/phase6c/phase6c_protected_before.json;results/phase6c/preliminary_master_only/phase6c_protected_before.json;results/phase6d/phase6d_protected_start.json;results/research/phase6a2/phase6a2_run_manifest.json;results/research/phase6b1/phase6b1_protected_after.json;results/research/phase6b1/phase6b1_protected_before.json;results/research/phase6b1/phase6b1_run_manifest.json;results/research/phase6b2/phase6b2_protected_before.json,False,False,False,False,True,True,2026-10-02T08:03:17.330961+00:00,KEEP,"Protected hash/path, current input, active import, or pre-existing user change"
scripts/research/phase6a2/test_recovery.py,ACTIVE_TEST,,results/phase6c/phase6c_protected_before.json;results/phase6c/preliminary_master_only/phase6c_protected_before.json;results/phase6d/phase6d_protected_start.json;results/research/phase6a2/phase6a2_run_manifest.json;results/research/phase6b1/phase6b1_protected_after.json;results/research/phase6b1/phase6b1_protected_before.json;results/research/phase6b1/phase6b1_run_manifest.json;results/research/phase6b2/phase6b2_protected_before.json;scripts/maintenance/cleanup_validate.py;scripts/research/phase6a2/README.md,True,True,False,False,True,True,2026-10-02T07:54:58.275592+00:00,KEEP,"Protected hash/path, current input, active import, or pre-existing user change"
scripts/research/phase6b/experiment.py,ACTIVE_DATA_PIPELINE,scripts/research/phase6b/report.py;scripts/research/phase6b/run.py;scripts/research/phase6b/test_experiment.py,results/phase6c/phase6c_protected_before.json;results/phase6c/preliminary_master_only/phase6c_protected_before.json;results/phase6d/phase6d_protected_start.json;results/research/phase6b1/phase6b1_protected_after.json;results/research/phase6b1/phase6b1_protected_before.json;results/research/phase6b1/phase6b1_run_manifest.json;results/research/phase6b2/phase6b2_protected_before.json;results/research/phase6b2/phase6b2_run_manifest.json;scripts/research/phase6b1/reproduce.py;scripts/research/phase6b1/run.py;scripts/research/phase6b2/factors.py;scripts/research/phase6b2/run.py;scripts/research/phase6b2/test_vintages.py,True,True,True,False,True,True,2026-10-02T09:33:23.114529+00:00,KEEP,"Protected hash/path, current input, active import, or pre-existing user change"
scripts/research/phase6b/finalize.py,ACTIVE_REPRODUCIBILITY,,results/phase6c/phase6c_protected_before.json;results/phase6c/preliminary_master_only/phase6c_protected_before.json;results/phase6d/phase6d_protected_start.json;results/research/phase6b1/phase6b1_protected_after.json;results/research/phase6b1/phase6b1_protected_before.json;results/research/phase6b1/phase6b1_run_manifest.json;results/research/phase6b2/phase6b2_protected_before.json;scripts/research/phase6b/README.md,False,False,False,False,True,True,2026-10-02T09:37:27.911173+00:00,KEEP,"Protected hash/path, current input, active import, or pre-existing user change"
scripts/research/phase6b/report.py,ACTIVE_DATA_PIPELINE,scripts/research/phase6b/run.py,results/phase6c/phase6c_protected_before.json;results/phase6c/preliminary_master_only/phase6c_protected_before.json;results/phase6d/phase6d_protected_start.json;results/research/phase6b1/phase6b1_protected_after.json;results/research/phase6b1/phase6b1_protected_before.json;results/research/phase6b1/phase6b1_run_manifest.json;results/research/phase6b2/phase6b2_protected_before.json,True,True,False,False,True,True,2026-10-02T09:34:55.920575+00:00,KEEP,"Protected hash/path, current input, active import, or pre-existing user change"
scripts/research/phase6b/run.py,ACTIVE_DATA_PIPELINE,scripts/research/phase6b/finalize.py;scripts/research/phase6b/test_experiment.py,docs/modeling/phase6b/phase6b_dfm_feasibility_report.md;results/phase6c/phase6c_protected_before.json;results/phase6c/preliminary_master_only/phase6c_protected_before.json;results/phase6d/phase6d_protected_start.json;results/research/phase6b/phase6b_results.md;results/research/phase6b1/phase6b1_protected_after.json;results/research/phase6b1/phase6b1_protected_before.json;results/research/phase6b1/phase6b1_run_manifest.json;results/research/phase6b2/phase6b2_protected_before.json;scripts/research/phase6b/README.md;scripts/research/phase6b/report.py,True,True,False,False,True,True,2026-10-02T09:28:32.304127+00:00,KEEP,"Protected hash/path, current input, active import, or pre-existing user change"
scripts/research/phase6b/test_experiment.py,ACTIVE_TEST,,docs/modeling/phase6b/phase6b_dfm_feasibility_report.md;results/phase6c/phase6c_protected_before.json;results/phase6c/preliminary_master_only/phase6c_protected_before.json;results/phase6d/phase6d_protected_start.json;results/research/phase6b/phase6b_results.md;results/research/phase6b1/phase6b1_protected_after.json;results/research/phase6b1/phase6b1_protected_before.json;results/research/phase6b1/phase6b1_run_manifest.json;results/research/phase6b2/phase6b2_protected_before.json;scripts/maintenance/cleanup_validate.py;scripts/research/phase6b/README.md;scripts/research/phase6b/report.py;scripts/research/phase6c/test_runner.py,True,True,False,False,True,True,2026-10-02T09:34:55.694160+00:00,KEEP,"Protected hash/path, current input, active import, or pre-existing user change"
scripts/research/phase6b1/boundary.py,ACTIVE_DATA_PIPELINE,scripts/research/phase6b1/run.py;scripts/research/phase6b1/test_boundary.py,results/phase6c/phase6c_protected_before.json;results/phase6c/preliminary_master_only/phase6c_protected_before.json;results/phase6d/phase6d_protected_start.json;results/research/phase6b2/phase6b2_protected_before.json;results/research/phase6b2/phase6b2_run_manifest.json;scripts/research/phase6b2/run.py,True,True,True,False,True,True,2026-10-02T10:19:23.755185+00:00,KEEP,"Protected hash/path, current input, active import, or pre-existing user change"
scripts/research/phase6b1/finalize.py,ACTIVE_REPRODUCIBILITY,,results/phase6c/phase6c_protected_before.json;results/phase6c/preliminary_master_only/phase6c_protected_before.json;results/phase6d/phase6d_protected_start.json;results/research/phase6b2/phase6b2_protected_before.json;scripts/research/phase6b1/README.md,False,False,False,False,True,True,2026-10-02T10:23:24.296078+00:00,KEEP,"Protected hash/path, current input, active import, or pre-existing user change"
scripts/research/phase6b1/report.py,ACTIVE_DATA_PIPELINE,scripts/research/phase6b1/run.py,results/phase6c/phase6c_protected_before.json;results/phase6c/preliminary_master_only/phase6c_protected_before.json;results/phase6d/phase6d_protected_start.json;results/research/phase6b2/phase6b2_protected_before.json,True,True,False,False,True,True,2026-10-02T10:23:24.134123+00:00,KEEP,"Protected hash/path, current input, active import, or pre-existing user change"
scripts/research/phase6b1/reproduce.py,ACTIVE_DATA_PIPELINE,scripts/research/phase6b1/run.py;scripts/research/phase6b1/test_boundary.py;scripts/research/phase6b1/test_reproduction.py,results/phase6c/phase6c_protected_before.json;results/phase6c/preliminary_master_only/phase6c_protected_before.json;results/phase6d/phase6d_protected_start.json;results/research/phase6b2/phase6b2_protected_before.json;scripts/research/phase6b1/README.md,True,True,False,False,True,True,2026-10-02T10:02:50.823501+00:00,KEEP,"Protected hash/path, current input, active import, or pre-existing user change"
scripts/research/phase6b1/run.py,ACTIVE_DATA_PIPELINE,scripts/research/phase6b1/finalize.py;scripts/research/phase6b1/test_boundary.py,results/phase6c/phase6c_protected_before.json;results/phase6c/preliminary_master_only/phase6c_protected_before.json;results/phase6d/phase6d_protected_start.json;results/research/phase6b2/phase6b2_protected_before.json;scripts/research/phase6b1/README.md,True,True,False,False,True,True,2026-10-02T10:20:28.676636+00:00,KEEP,"Protected hash/path, current input, active import, or pre-existing user change"
scripts/research/phase6b1/test_boundary.py,ACTIVE_TEST,,results/phase6c/phase6c_protected_before.json;results/phase6c/preliminary_master_only/phase6c_protected_before.json;results/phase6d/phase6d_protected_start.json;results/research/phase6b2/phase6b2_protected_before.json;scripts/maintenance/cleanup_validate.py;scripts/research/phase6c/test_runner.py,True,True,False,False,True,True,2026-10-02T10:19:23.903718+00:00,KEEP,"Protected hash/path, current input, active import, or pre-existing user change"
scripts/research/phase6b1/test_reproduction.py,ACTIVE_TEST,,results/phase6c/phase6c_protected_before.json;results/phase6c/preliminary_master_only/phase6c_protected_before.json;results/phase6d/phase6d_protected_start.json;results/research/phase6b2/phase6b2_protected_before.json;scripts/maintenance/cleanup_validate.py;scripts/research/phase6b1/README.md;scripts/research/phase6c/test_runner.py,True,True,False,False,True,True,2026-10-02T10:02:50.975221+00:00,KEEP,"Protected hash/path, current input, active import, or pre-existing user change"
scripts/research/phase6b2/collect.py,ACTIVE_REPRODUCIBILITY,scripts/research/phase6b2/discover.py;scripts/research/phase6b2/follow_embeds.py,results/phase6c/phase6c_protected_before.json;results/phase6c/preliminary_master_only/phase6c_protected_before.json;results/phase6d/phase6d_protected_start.json;results/research/phase6b2/phase6b2_run_manifest.json,False,False,False,False,True,True,2026-10-02T11:44:59.263265+00:00,KEEP,"Protected hash/path, current input, active import, or pre-existing user change"
scripts/research/phase6b2/discover.py,ACTIVE_REPRODUCIBILITY,,results/phase6c/phase6c_protected_before.json;results/phase6c/preliminary_master_only/phase6c_protected_before.json;results/phase6d/phase6d_protected_start.json;results/research/phase6b2/phase6b2_run_manifest.json,False,False,False,False,True,True,2026-10-02T11:21:15.212420+00:00,KEEP,"Protected hash/path, current input, active import, or pre-existing user change"
scripts/research/phase6b2/evidence.py,ACTIVE_DATA_PIPELINE,scripts/research/phase6b2/run.py;scripts/research/phase6b2/test_vintages.py,results/phase6c/phase6c_protected_before.json;results/phase6c/preliminary_master_only/phase6c_protected_before.json;results/phase6d/phase6d_protected_start.json;results/research/phase6b2/phase6b2_run_manifest.json,True,True,True,False,True,True,2026-10-02T11:44:59.073877+00:00,KEEP,"Protected hash/path, current input, active import, or pre-existing user change"
scripts/research/phase6b2/factors.py,ACTIVE_DATA_PIPELINE,scripts/research/phase6b2/run.py,docs/modeling/phase6b2/phase6b2_verified_gdp_vintage_report.md;results/phase6c/phase6c_protected_before.json;results/phase6c/preliminary_master_only/phase6c_protected_before.json;results/phase6d/phase6d_protected_start.json;results/research/phase6b2/phase6b2_run_manifest.json;scripts/research/phase6b2/README.md;scripts/research/phase6b2/report.py;scripts/research/phase6b2/verify.py,True,True,True,False,True,True,2026-10-02T11:25:47.155033+00:00,KEEP,"Protected hash/path, current input, active import, or pre-existing user change"
scripts/research/phase6b2/follow_embeds.py,ACTIVE_REPRODUCIBILITY,,results/phase6c/phase6c_protected_before.json;results/phase6c/preliminary_master_only/phase6c_protected_before.json;results/phase6d/phase6d_protected_start.json;results/research/phase6b2/phase6b2_run_manifest.json,False,False,False,False,True,True,2026-10-02T11:22:53.234072+00:00,KEEP,"Protected hash/path, current input, active import, or pre-existing user change"
scripts/research/phase6b2/report.py,ACTIVE_DEPENDENCY,,docs/modeling/phase6b2/phase6b2_verified_gdp_vintage_report.md;results/phase6c/phase6c_protected_before.json;results/phase6c/preliminary_master_only/phase6c_protected_before.json;results/phase6d/phase6d_protected_start.json;results/research/phase6b2/phase6b2_run_manifest.json;scripts/research/phase6b2/README.md,False,False,False,False,True,True,2026-10-02T12:02:56.418544+00:00,KEEP,"Protected hash/path, current input, active import, or pre-existing user change"
scripts/research/phase6b2/run.py,ACTIVE_DATA_PIPELINE,scripts/research/phase6b2/report.py;scripts/research/phase6b2/test_vintages.py;scripts/research/phase6b2/verify.py,ACTIVE_CORE.md;docs/modeling/phase6b2/phase6b2_verified_gdp_vintage_report.md;results/phase6c/phase6c_protected_before.json;results/phase6c/preliminary_master_only/phase6c_protected_before.json;results/phase6d/phase6d_frozen_challengers.json;results/phase6d/phase6d_protected_start.json;results/phase6d/snapshots/b1c04f594530fcde95a273e2db06aaf2fdb1cca407dc1d3980a8ff2795f98dbf/manifest.json;results/phase6d/snapshots/ba536eba42aa879ded003f522d5465a5f61a6abc819b38f0431a983d7bb3f1c1/manifest.json;results/phase6d/snapshots/d1a9e5c4426f706b2007d26299921f2b5c788ac67bea615d577627d737664614/manifest.json;results/research/phase6b2/phase6b2_run_manifest.json;scripts/research/phase6b2/README.md;scripts/research/phase6b2/report.py;scripts/research/phase6b2/verify.py;scripts/research/phase6c/run.py;scripts/research/phase6d/common.py;scripts/research/phase6d/frozen.py,True,True,True,False,True,True,2026-10-02T11:47:13.373909+00:00,KEEP,"Protected hash/path, current input, active import, or pre-existing user change"
scripts/research/phase6b2/test_vintages.py,ACTIVE_TEST,,docs/modeling/phase6b2/phase6b2_verified_gdp_vintage_report.md;results/phase6c/phase6c_protected_before.json;results/phase6c/preliminary_master_only/phase6c_protected_before.json;results/phase6d/phase6d_protected_start.json;results/research/phase6b2/phase6b2_run_manifest.json;scripts/maintenance/cleanup_validate.py;scripts/research/phase6b2/README.md;scripts/research/phase6b2/report.py;scripts/research/phase6c/test_runner.py,True,True,False,False,True,True,2026-10-02T11:48:31.048072+00:00,KEEP,"Protected hash/path, current input, active import, or pre-existing user change"
scripts/research/phase6b2/verify.py,ACTIVE_DEPENDENCY,,docs/modeling/phase6b2/phase6b2_verified_gdp_vintage_report.md;results/phase6c/phase6c_protected_before.json;results/phase6c/preliminary_master_only/phase6c_protected_before.json;results/phase6d/phase6d_protected_start.json;results/research/phase6b2/phase6b2_run_manifest.json;scripts/research/phase6b2/README.md;scripts/research/phase6b2/report.py,False,False,False,False,True,True,2026-10-02T11:47:13.507338+00:00,KEEP,"Protected hash/path, current input, active import, or pre-existing user change"
scripts/research/phase6b2/vintages.py,ACTIVE_DATA_PIPELINE,scripts/research/phase6b2/run.py;scripts/research/phase6b2/test_vintages.py,ACTIVE_CORE.md;docs/modeling/phase6b2/phase6b2_verified_gdp_vintage_report.md;results/phase6c/phase6c_protected_before.json;results/phase6c/preliminary_master_only/phase6c_protected_before.json;results/phase6d/phase6d_frozen_challengers.json;results/phase6d/phase6d_protected_start.json;results/phase6d/snapshots/b1c04f594530fcde95a273e2db06aaf2fdb1cca407dc1d3980a8ff2795f98dbf/manifest.json;results/phase6d/snapshots/ba536eba42aa879ded003f522d5465a5f61a6abc819b38f0431a983d7bb3f1c1/manifest.json;results/phase6d/snapshots/d1a9e5c4426f706b2007d26299921f2b5c788ac67bea615d577627d737664614/manifest.json;results/research/phase6b2/phase6b2_run_manifest.json;scripts/research/phase6b2/report.py;scripts/research/phase6c/finalize.py;scripts/research/phase6c/run.py;scripts/research/phase6c/test_phase6c.py;scripts/research/phase6c/verify.py;scripts/research/phase6d/common.py;scripts/research/phase6d/frozen.py,True,True,True,False,True,True,2026-10-02T11:58:48.239560+00:00,KEEP,"Protected hash/path, current input, active import, or pre-existing user change"
scripts/research/phase6c/audit.py,ACTIVE_DATA_PIPELINE,scripts/research/phase6c/finalize.py;scripts/research/phase6c/finish.py;scripts/research/phase6c/run.py;scripts/research/phase6c/test_phase6c.py;scripts/research/phase6c/verify.py,results/phase6d/phase6d_protected_start.json,True,True,True,False,True,False,2026-10-05T05:02:59.734516+00:00,KEEP,"Protected hash/path, current input, active import, or pre-existing user change"
scripts/research/phase6c/finalize.py,ACTIVE_REPRODUCIBILITY,,results/phase6d/phase6d_protected_start.json,False,False,False,False,True,False,2026-10-05T04:57:44.077809+00:00,KEEP,"Protected hash/path, current input, active import, or pre-existing user change"
scripts/research/phase6c/finish.py,ACTIVE_REPRODUCIBILITY,,results/phase6d/phase6d_protected_start.json,False,False,False,False,True,False,2026-10-05T05:01:24.099022+00:00,KEEP,"Protected hash/path, current input, active import, or pre-existing user change"
scripts/research/phase6c/kernel.py,ACTIVE_DATA_PIPELINE,scripts/research/phase6c/finalize.py;scripts/research/phase6c/report.py;scripts/research/phase6c/run.py;scripts/research/phase6c/test_phase6c.py;scripts/research/phase6c/verify.py,ACTIVE_CORE.md;results/phase6d/phase6d_frozen_challengers.json;results/phase6d/phase6d_protected_start.json;results/phase6d/snapshots/b1c04f594530fcde95a273e2db06aaf2fdb1cca407dc1d3980a8ff2795f98dbf/manifest.json;results/phase6d/snapshots/ba536eba42aa879ded003f522d5465a5f61a6abc819b38f0431a983d7bb3f1c1/manifest.json;results/phase6d/snapshots/d1a9e5c4426f706b2007d26299921f2b5c788ac67bea615d577627d737664614/manifest.json;scripts/research/phase6d/common.py;scripts/research/phase6d/frozen.py,True,True,True,False,True,False,2026-10-05T04:35:26.849837+00:00,KEEP,"Protected hash/path, current input, active import, or pre-existing user change"
scripts/research/phase6c/report.py,ACTIVE_REPRODUCIBILITY,scripts/research/phase6c/finalize.py;scripts/research/phase6c/finish.py;scripts/research/phase6c/run.py,results/phase6d/phase6d_protected_start.json,False,False,False,False,True,False,2026-10-05T05:05:13.628752+00:00,KEEP,"Protected hash/path, current input, active import, or pre-existing user change"
scripts/research/phase6c/run.py,ACTIVE_REPRODUCIBILITY,scripts/research/phase6c/finalize.py;scripts/research/phase6c/finish.py;scripts/research/phase6c/verify.py,results/phase6d/phase6d_protected_start.json;scripts/research/phase6c/README.md,False,False,False,False,True,False,2026-10-05T04:48:15.774884+00:00,KEEP,"Protected hash/path, current input, active import, or pre-existing user change"
scripts/research/phase6c/test_phase6c.py,ACTIVE_TEST,,results/phase6d/phase6d_protected_start.json;scripts/maintenance/cleanup_validate.py;scripts/research/phase6c/README.md;scripts/research/phase6c/test_runner.py;scripts/research/phase6d/test_runner.py,True,True,True,False,True,False,2026-10-05T04:50:56.107460+00:00,KEEP,"Protected hash/path, current input, active import, or pre-existing user change"
scripts/research/phase6c/test_runner.py,ACTIVE_TEST,,results/phase6d/phase6d_protected_start.json;scripts/research/phase6c/README.md,False,True,False,False,True,False,2026-10-05T04:58:26.703152+00:00,KEEP,"Protected hash/path, current input, active import, or pre-existing user change"
scripts/research/phase6c/verify.py,ACTIVE_REPRODUCIBILITY,,results/phase6d/phase6d_protected_start.json;scripts/research/phase6c/README.md,False,False,False,False,True,False,2026-10-05T04:52:18.662297+00:00,KEEP,"Protected hash/path, current input, active import, or pre-existing user change"
scripts/research/phase6d/common.py,ACTIVE_DIRECT,scripts/maintenance/cleanup_validate.py;scripts/research/phase6d/evaluation.py;scripts/research/phase6d/frozen.py;scripts/research/phase6d/inputs.py;scripts/research/phase6d/monitor.py;scripts/research/phase6d/sources.py;scripts/research/phase6d/test_phase6d.py,results/phase6d/snapshots/b1c04f594530fcde95a273e2db06aaf2fdb1cca407dc1d3980a8ff2795f98dbf/manifest.json;results/phase6d/snapshots/ba536eba42aa879ded003f522d5465a5f61a6abc819b38f0431a983d7bb3f1c1/manifest.json;results/phase6d/snapshots/d1a9e5c4426f706b2007d26299921f2b5c788ac67bea615d577627d737664614/manifest.json,True,True,True,False,True,False,2026-10-05T06:30:25.488110+00:00,KEEP,"Phase 6D preserved in FULL, including all existing cache/test artifacts"
scripts/research/phase6d/evaluation.py,ACTIVE_DIRECT,scripts/research/phase6d/monitor.py;scripts/research/phase6d/test_phase6d.py,results/phase6d/snapshots/b1c04f594530fcde95a273e2db06aaf2fdb1cca407dc1d3980a8ff2795f98dbf/manifest.json;results/phase6d/snapshots/ba536eba42aa879ded003f522d5465a5f61a6abc819b38f0431a983d7bb3f1c1/manifest.json;results/phase6d/snapshots/d1a9e5c4426f706b2007d26299921f2b5c788ac67bea615d577627d737664614/manifest.json,True,True,True,False,True,False,2026-10-05T06:32:50.208543+00:00,KEEP,"Phase 6D preserved in FULL, including all existing cache/test artifacts"
scripts/research/phase6d/frozen.py,ACTIVE_DIRECT,scripts/research/phase6d/monitor.py;scripts/research/phase6d/test_phase6d.py,results/phase6d/snapshots/b1c04f594530fcde95a273e2db06aaf2fdb1cca407dc1d3980a8ff2795f98dbf/manifest.json;results/phase6d/snapshots/ba536eba42aa879ded003f522d5465a5f61a6abc819b38f0431a983d7bb3f1c1/manifest.json;results/phase6d/snapshots/d1a9e5c4426f706b2007d26299921f2b5c788ac67bea615d577627d737664614/manifest.json,True,True,True,False,True,False,2026-10-05T06:13:14.683519+00:00,KEEP,"Phase 6D preserved in FULL, including all existing cache/test artifacts"
scripts/research/phase6d/inputs.py,ACTIVE_DIRECT,scripts/research/phase6d/monitor.py;scripts/research/phase6d/test_phase6d.py,results/phase6d/snapshots/b1c04f594530fcde95a273e2db06aaf2fdb1cca407dc1d3980a8ff2795f98dbf/manifest.json;results/phase6d/snapshots/ba536eba42aa879ded003f522d5465a5f61a6abc819b38f0431a983d7bb3f1c1/manifest.json;results/phase6d/snapshots/d1a9e5c4426f706b2007d26299921f2b5c788ac67bea615d577627d737664614/manifest.json,True,True,True,False,True,False,2026-10-05T06:27:30.573061+00:00,KEEP,"Phase 6D preserved in FULL, including all existing cache/test artifacts"
scripts/research/phase6d/monitor.py,ACTIVE_DIRECT,scripts/maintenance/cleanup_validate.py;scripts/research/phase6d/test_phase6d.py,ACTIVE_CORE.md;results/phase6d/phase6d_report.md;results/phase6d/phase6d_results.md;results/phase6d/snapshots/b1c04f594530fcde95a273e2db06aaf2fdb1cca407dc1d3980a8ff2795f98dbf/manifest.json;results/phase6d/snapshots/ba536eba42aa879ded003f522d5465a5f61a6abc819b38f0431a983d7bb3f1c1/manifest.json;results/phase6d/snapshots/d1a9e5c4426f706b2007d26299921f2b5c788ac67bea615d577627d737664614/manifest.json,True,True,True,False,True,False,2026-10-05T06:39:42.984259+00:00,KEEP,"Phase 6D preserved in FULL, including all existing cache/test artifacts"
scripts/research/phase6d/sources.py,ACTIVE_DIRECT,scripts/research/phase6d/evaluation.py;scripts/research/phase6d/monitor.py;scripts/research/phase6d/test_phase6d.py,results/phase6d/snapshots/b1c04f594530fcde95a273e2db06aaf2fdb1cca407dc1d3980a8ff2795f98dbf/manifest.json;results/phase6d/snapshots/ba536eba42aa879ded003f522d5465a5f61a6abc819b38f0431a983d7bb3f1c1/manifest.json;results/phase6d/snapshots/d1a9e5c4426f706b2007d26299921f2b5c788ac67bea615d577627d737664614/manifest.json,True,True,True,False,True,False,2026-10-05T06:39:42.861847+00:00,KEEP,"Phase 6D preserved in FULL, including all existing cache/test artifacts"
scripts/research/phase6d/test_phase6d.py,ACTIVE_TEST,,results/phase6d/snapshots/d1a9e5c4426f706b2007d26299921f2b5c788ac67bea615d577627d737664614/manifest.json;scripts/maintenance/cleanup_validate.py;scripts/research/phase6d/test_runner.py,True,True,True,False,True,False,2026-10-05T06:40:02.514522+00:00,KEEP,"Phase 6D preserved in FULL, including all existing cache/test artifacts"
scripts/research/phase6d/test_runner.py,ACTIVE_TEST,,results/phase6d/snapshots/d1a9e5c4426f706b2007d26299921f2b5c788ac67bea615d577627d737664614/manifest.json,True,True,True,False,True,False,2026-10-05T06:25:47.140979+00:00,KEEP,"Phase 6D preserved in FULL, including all existing cache/test artifacts"
scripts/verify_pilot_replay.py,ACTIVE_DATA_PIPELINE,,results/phase5b2/repository_inventory.csv;results/phase6c/phase6c_protected_before.json;results/phase6c/preliminary_master_only/phase6c_protected_before.json;results/phase6d/phase6d_protected_start.json;results/research/phase6b1/phase6b1_protected_after.json;results/research/phase6b1/phase6b1_protected_before.json;results/research/phase6b1/phase6b1_run_manifest.json;results/research/phase6b2/phase6b2_protected_before.json,True,False,False,False,True,True,2026-09-29T06:32:53.281276+00:00,KEEP,"Protected hash/path, current input, active import, or pre-existing user change"
src/uznowcast/__init__.py,ACTIVE_DATA_PIPELINE,src/uznowcast/archive_series.py;src/uznowcast/provenance.py;tests/test_collect_vintage.py,results/phase5b2/repository_inventory.csv;results/phase6c/phase6c_protected_before.json;results/phase6c/preliminary_master_only/phase6c_protected_before.json;results/phase6d/phase6d_protected_start.json;results/research/phase6b/phase6b_protected_after.json;results/research/phase6b/phase6b_protected_before.json;results/research/phase6b1/phase6b1_protected_after.json;results/research/phase6b1/phase6b1_protected_before.json;results/research/phase6b1/phase6b1_run_manifest.json;results/research/phase6b2/phase6b2_protected_before.json;src/uznowcast.egg-info/SOURCES.txt,True,True,True,True,True,True,2026-09-29T05:25:50.322862+00:00,KEEP,"Protected hash/path, current input, active import, or pre-existing user change"
src/uznowcast/archive_series.py,ACTIVE_DATA_PIPELINE,src/uznowcast/pipeline.py,docs/sparse_series_audit.md;results/phase5b2/repository_inventory.csv;results/phase6c/phase6c_protected_before.json;results/phase6c/preliminary_master_only/phase6c_protected_before.json;results/phase6d/phase6d_protected_start.json;results/research/phase6b/phase6b_protected_after.json;results/research/phase6b/phase6b_protected_before.json;results/research/phase6b1/phase6b1_protected_after.json;results/research/phase6b1/phase6b1_protected_before.json;results/research/phase6b1/phase6b1_run_manifest.json;results/research/phase6b2/phase6b2_protected_before.json;src/uznowcast.egg-info/SOURCES.txt,True,True,False,False,True,True,2026-09-29T07:11:27.366976+00:00,KEEP,"Protected hash/path, current input, active import, or pre-existing user change"
src/uznowcast/cli.py,ACTIVE_DATA_PIPELINE,scripts/build_pilot.py,docs/phase3b_results.md;results/phase5b2/repository_inventory.csv;results/phase6c/phase6c_protected_before.json;results/phase6c/preliminary_master_only/phase6c_protected_before.json;results/phase6d/phase6d_protected_start.json;results/research/phase6b/phase6b_protected_after.json;results/research/phase6b/phase6b_protected_before.json;results/research/phase6b1/phase6b1_protected_after.json;results/research/phase6b1/phase6b1_protected_before.json;results/research/phase6b1/phase6b1_run_manifest.json;results/research/phase6b2/phase6b2_protected_before.json;scripts/maintenance/cleanup_audit.py;src/uznowcast.egg-info/SOURCES.txt,True,False,False,False,True,True,2026-09-29T11:43:17.547418+00:00,KEEP,"Protected hash/path, current input, active import, or pre-existing user change"
src/uznowcast/collect_vintage.py,ACTIVE_DATA_PIPELINE,src/uznowcast/cli.py;tests/test_collect_vintage.py,docs/phase3b_results.md;results/phase5b2/repository_inventory.csv;results/phase6c/phase6c_protected_before.json;results/phase6c/preliminary_master_only/phase6c_protected_before.json;results/phase6d/phase6d_protected_start.json;results/research/phase6b/phase6b_protected_after.json;results/research/phase6b/phase6b_protected_before.json;results/research/phase6b1/phase6b1_protected_after.json;results/research/phase6b1/phase6b1_protected_before.json;results/research/phase6b1/phase6b1_run_manifest.json;results/research/phase6b2/phase6b2_protected_before.json;src/uznowcast.egg-info/SOURCES.txt,True,True,False,False,True,True,2026-09-29T11:43:17.556599+00:00,KEEP,"Protected hash/path, current input, active import, or pre-existing user change"
src/uznowcast/io/__init__.py,ACTIVE_DATA_PIPELINE,src/uznowcast/pipeline.py,results/phase5b2/repository_inventory.csv;results/phase6c/phase6c_protected_before.json;results/phase6c/preliminary_master_only/phase6c_protected_before.json;results/phase6d/phase6d_protected_start.json;results/research/phase6b/phase6b_protected_after.json;results/research/phase6b/phase6b_protected_before.json;results/research/phase6b1/phase6b1_protected_after.json;results/research/phase6b1/phase6b1_protected_before.json;results/research/phase6b1/phase6b1_run_manifest.json;results/research/phase6b2/phase6b2_protected_before.json;src/uznowcast.egg-info/SOURCES.txt,True,True,False,False,True,True,2026-09-29T05:26:13.658995+00:00,KEEP,"Protected hash/path, current input, active import, or pre-existing user change"
src/uznowcast/io/cbu.py,ACTIVE_DATA_PIPELINE,scripts/download_fx_history.py;src/uznowcast/pipeline.py;tests/test_cbu_fx_parser.py;tests/test_cbu_m2_parser.py,results/phase5b2/repository_inventory.csv;results/phase6c/phase6c_protected_before.json;results/phase6c/preliminary_master_only/phase6c_protected_before.json;results/phase6d/phase6d_protected_start.json;results/research/phase6b/phase6b_protected_after.json;results/research/phase6b/phase6b_protected_before.json;results/research/phase6b1/phase6b1_protected_after.json;results/research/phase6b1/phase6b1_protected_before.json;results/research/phase6b1/phase6b1_run_manifest.json;results/research/phase6b2/phase6b2_protected_before.json;src/uznowcast.egg-info/SOURCES.txt,True,True,False,False,True,True,2026-09-29T07:06:12.803375+00:00,KEEP,"Protected hash/path, current input, active import, or pre-existing user change"
src/uznowcast/io/cbu_archive.py,ACTIVE_DATA_PIPELINE,src/uznowcast/archive_series.py,docs/sparse_series_audit.md;results/phase5b2/repository_inventory.csv;results/phase6c/phase6c_protected_before.json;results/phase6c/preliminary_master_only/phase6c_protected_before.json;results/phase6d/phase6d_protected_start.json;results/research/phase6b/phase6b_protected_after.json;results/research/phase6b/phase6b_protected_before.json;results/research/phase6b1/phase6b1_protected_after.json;results/research/phase6b1/phase6b1_protected_before.json;results/research/phase6b1/phase6b1_run_manifest.json;results/research/phase6b2/phase6b2_protected_before.json;src/uznowcast.egg-info/SOURCES.txt,True,True,False,False,True,True,2026-09-29T07:07:46.144682+00:00,KEEP,"Protected hash/path, current input, active import, or pre-existing user change"
src/uznowcast/io/cbu_stats.py,ACTIVE_DATA_PIPELINE,src/uznowcast/pipeline.py,results/phase5b2/repository_inventory.csv;results/phase6c/phase6c_protected_before.json;results/phase6c/preliminary_master_only/phase6c_protected_before.json;results/phase6d/phase6d_protected_start.json;results/research/phase6b/phase6b_protected_after.json;results/research/phase6b/phase6b_protected_before.json;results/research/phase6b1/phase6b1_protected_after.json;results/research/phase6b1/phase6b1_protected_before.json;results/research/phase6b1/phase6b1_run_manifest.json;results/research/phase6b2/phase6b2_protected_before.json;src/uznowcast.egg-info/SOURCES.txt,True,True,False,False,True,True,2026-09-29T07:03:58.804135+00:00,KEEP,"Protected hash/path, current input, active import, or pre-existing user change"
src/uznowcast/io/external.py,ACTIVE_DATA_PIPELINE,src/uznowcast/parsers/external.py;src/uznowcast/pipeline.py,results/phase5b2/repository_inventory.csv;results/phase6c/phase6c_protected_before.json;results/phase6c/preliminary_master_only/phase6c_protected_before.json;results/phase6d/phase6d_protected_start.json;results/research/phase6b/phase6b_protected_after.json;results/research/phase6b/phase6b_protected_before.json;results/research/phase6b1/phase6b1_protected_after.json;results/research/phase6b1/phase6b1_protected_before.json;results/research/phase6b1/phase6b1_run_manifest.json;results/research/phase6b2/phase6b2_protected_before.json;src/uznowcast.egg-info/SOURCES.txt,True,True,False,False,True,True,2026-09-29T07:14:40.044188+00:00,KEEP,"Protected hash/path, current input, active import, or pre-existing user change"
src/uznowcast/io/http.py,ACTIVE_DATA_PIPELINE,scripts/download_fx_history.py;src/uznowcast/pipeline.py;tests/test_http.py,docs/phase2c1_results.md;results/phase5b2/repository_inventory.csv;results/phase6c/phase6c_protected_before.json;results/phase6c/preliminary_master_only/phase6c_protected_before.json;results/phase6d/phase6d_protected_start.json;results/research/phase6b/phase6b_protected_after.json;results/research/phase6b/phase6b_protected_before.json;results/research/phase6b1/phase6b1_protected_after.json;results/research/phase6b1/phase6b1_protected_before.json;results/research/phase6b1/phase6b1_run_manifest.json;results/research/phase6b2/phase6b2_protected_before.json;src/uznowcast.egg-info/SOURCES.txt,True,True,False,False,True,True,2026-09-29T09:43:38.236078+00:00,KEEP,"Protected hash/path, current input, active import, or pre-existing user change"
src/uznowcast/io/siat.py,ACTIVE_DATA_PIPELINE,src/uznowcast/pipeline.py,results/phase5b2/repository_inventory.csv;results/phase6c/phase6c_protected_before.json;results/phase6c/preliminary_master_only/phase6c_protected_before.json;results/phase6d/phase6d_protected_start.json;results/research/phase6b/phase6b_protected_after.json;results/research/phase6b/phase6b_protected_before.json;results/research/phase6b1/phase6b1_GDP_source_evidence.csv;results/research/phase6b1/phase6b1_protected_after.json;results/research/phase6b1/phase6b1_protected_before.json;results/research/phase6b1/phase6b1_run_manifest.json;results/research/phase6b2/phase6b2_protected_before.json;scripts/research/phase6b1/run.py;src/uznowcast.egg-info/SOURCES.txt,True,True,False,False,True,True,2026-09-29T05:36:09.722517+00:00,KEEP,"Protected hash/path, current input, active import, or pre-existing user change"
src/uznowcast/master.py,ACTIVE_DATA_PIPELINE,src/uznowcast/pipeline.py;tests/test_master.py,docs/gold_proxy_diagnostic.md;results/phase5b2/repository_inventory.csv;results/phase6c/phase6c_protected_before.json;results/phase6c/preliminary_master_only/phase6c_protected_before.json;results/phase6d/phase6d_protected_start.json;results/research/phase6a1/phase6a1_run_manifest.json;results/research/phase6b/phase6b_protected_after.json;results/research/phase6b/phase6b_protected_before.json;results/research/phase6b1/phase6b1_protected_after.json;results/research/phase6b1/phase6b1_protected_before.json;results/research/phase6b1/phase6b1_run_manifest.json;results/research/phase6b2/phase6b2_protected_before.json;src/uznowcast.egg-info/SOURCES.txt,True,True,False,False,True,True,2026-09-29T07:04:56.620809+00:00,KEEP,"Protected hash/path, current input, active import, or pre-existing user change"
src/uznowcast/models/__init__.py,ACTIVE_DATA_PIPELINE,src/uznowcast/models/evaluate.py;src/uznowcast/models/evaluate_v11.py;src/uznowcast/models/phase4b.py;src/uznowcast/shadow/phase5d.py;tests/models/test_phase4b.py;tests/models/test_phase4c.py;tests/shadow/test_phase5d.py,docs/modeling/model_specifications.md;results/phase5b1/phase5b1_code_hash_inventory.csv;results/phase5b2/repository_inventory.csv;results/phase6c/phase6c_protected_before.json;results/phase6c/preliminary_master_only/phase6c_protected_before.json;results/phase6d/phase6d_protected_start.json;results/production/code_hash_inventory.csv;results/research/phase6b/phase6b_protected_after.json;results/research/phase6b/phase6b_protected_before.json;results/research/phase6b1/phase6b1_protected_after.json;results/research/phase6b1/phase6b1_protected_before.json;results/research/phase6b1/phase6b1_run_manifest.json;results/research/phase6b2/phase6b2_protected_before.json;results/shadow/phase5d/phase5d_freeze_manifest.json;results/shadow/phase5d/phase5d_protected_start.json;src/uznowcast.egg-info/SOURCES.txt;src/uznowcast/operational/phase5b1.py,True,True,True,True,True,True,2026-09-30T04:10:41.417449+00:00,KEEP,"Protected hash/path, current input, active import, or pre-existing user change"
src/uznowcast/models/__main__.py,ACTIVE_REPRODUCIBILITY,,results/phase5b2/repository_inventory.csv;results/phase6c/phase6c_protected_before.json;results/phase6c/preliminary_master_only/phase6c_protected_before.json;results/phase6d/phase6d_protected_start.json;results/research/phase6b/phase6b_protected_after.json;results/research/phase6b/phase6b_protected_before.json;results/research/phase6b1/phase6b1_protected_after.json;results/research/phase6b1/phase6b1_protected_before.json;results/research/phase6b1/phase6b1_run_manifest.json;results/research/phase6b2/phase6b2_protected_before.json;results/shadow/phase5d/phase5d_freeze_manifest.json;results/shadow/phase5d/phase5d_protected_start.json;src/uznowcast.egg-info/SOURCES.txt,False,False,False,False,True,True,2026-09-29T11:46:54.839062+00:00,KEEP,"Protected hash/path, current input, active import, or pre-existing user change"
src/uznowcast/models/benchmarks.py,ACTIVE_DATA_PIPELINE,scripts/research/phase6b1/run.py;scripts/research/phase6b2/run.py;src/uznowcast/models/evaluate.py;src/uznowcast/models/phase4b.py;src/uznowcast/models/phase4c.py;src/uznowcast/models/phase5c.py;src/uznowcast/operational/phase5a.py;src/uznowcast/operational/phase5b.py;src/uznowcast/shadow/phase5d.py;tests/models/test_benchmarks.py;tests/shadow/test_phase5d.py,results/phase5b1/phase5b1_code_hash_inventory.csv;results/phase5b2/repository_inventory.csv;results/phase6c/phase6c_protected_before.json;results/phase6c/preliminary_master_only/phase6c_protected_before.json;results/phase6d/phase6d_frozen_challengers.json;results/phase6d/phase6d_protected_start.json;results/phase6d/snapshots/b1c04f594530fcde95a273e2db06aaf2fdb1cca407dc1d3980a8ff2795f98dbf/manifest.json;results/phase6d/snapshots/ba536eba42aa879ded003f522d5465a5f61a6abc819b38f0431a983d7bb3f1c1/manifest.json;results/phase6d/snapshots/d1a9e5c4426f706b2007d26299921f2b5c788ac67bea615d577627d737664614/manifest.json;results/production/code_hash_inventory.csv;results/research/phase6b/phase6b_protected_after.json;results/research/phase6b/phase6b_protected_before.json;results/research/phase6b1/phase6b1_GDP_source_evidence.csv;results/research/phase6b1/phase6b1_protected_after.json;results/research/phase6b1/phase6b1_protected_before.json;results/research/phase6b1/phase6b1_run_manifest.json;results/research/phase6b2/phase6b2_protected_before.json;results/shadow/phase5d/phase5d_freeze_manifest.json;results/shadow/phase5d/phase5d_protected_start.json;scripts/research/phase6b1/run.py;scripts/research/phase6d/frozen.py;src/uznowcast.egg-info/SOURCES.txt;src/uznowcast/operational/phase5b1.py,True,True,True,True,True,True,2026-09-29T11:46:54.850441+00:00,KEEP,"Protected hash/path, current input, active import, or pre-existing user change"
src/uznowcast/models/bridge.py,ACTIVE_DATA_PIPELINE,src/uznowcast/models/dfm.py;src/uznowcast/models/evaluate.py;src/uznowcast/models/phase5c.py;src/uznowcast/shadow/phase5d.py;tests/models/test_bridge_and_midas.py;tests/shadow/test_phase5d.py,docs/modeling/model_specifications.md;docs/modeling/phase4a1_real_v1_results.md;results/phase5b2/repository_inventory.csv;results/phase6c/phase6c_protected_before.json;results/phase6c/preliminary_master_only/phase6c_protected_before.json;results/phase6d/phase6d_protected_start.json;results/research/phase6b/phase6b_protected_after.json;results/research/phase6b/phase6b_protected_before.json;results/research/phase6b1/phase6b1_protected_after.json;results/research/phase6b1/phase6b1_protected_before.json;results/research/phase6b1/phase6b1_run_manifest.json;results/research/phase6b2/phase6b2_protected_before.json;results/shadow/phase5d/phase5d_freeze_manifest.json;results/shadow/phase5d/phase5d_protected_start.json;src/uznowcast.egg-info/SOURCES.txt,True,True,True,False,True,True,2026-09-29T11:46:54.858904+00:00,KEEP,"Protected hash/path, current input, active import, or pre-existing user change"
src/uznowcast/models/cli.py,ACTIVE_DEPENDENCY,src/uznowcast/models/__main__.py,docs/modeling/model_specifications.md;results/phase5b2/repository_inventory.csv;results/phase6c/phase6c_protected_before.json;results/phase6c/preliminary_master_only/phase6c_protected_before.json;results/phase6d/phase6d_protected_start.json;results/research/phase6b/phase6b_protected_after.json;results/research/phase6b/phase6b_protected_before.json;results/research/phase6b1/phase6b1_protected_after.json;results/research/phase6b1/phase6b1_protected_before.json;results/research/phase6b1/phase6b1_run_manifest.json;results/research/phase6b2/phase6b2_protected_before.json;results/shadow/phase5d/phase5d_freeze_manifest.json;results/shadow/phase5d/phase5d_protected_start.json;src/uznowcast.egg-info/SOURCES.txt,False,False,False,False,True,True,2026-09-30T04:58:06.128889+00:00,KEEP,"Protected hash/path, current input, active import, or pre-existing user change"
src/uznowcast/models/data.py,ACTIVE_DATA_PIPELINE,scripts/maintenance/cleanup_validate.py;scripts/research/phase6b/experiment.py;scripts/research/phase6b/run.py;scripts/research/phase6b/test_experiment.py;scripts/research/phase6b1/boundary.py;scripts/research/phase6b1/reproduce.py;scripts/research/phase6b1/run.py;scripts/research/phase6b1/test_boundary.py;scripts/research/phase6b2/factors.py;scripts/research/phase6b2/run.py;scripts/research/phase6c/kernel.py;scripts/research/phase6c/report.py;scripts/research/phase6c/run.py;scripts/research/phase6c/verify.py;scripts/research/phase6d/inputs.py;scripts/research/phase6d/monitor.py;scripts/research/phase6d/sources.py;src/uznowcast/models/bridge.py;src/uznowcast/models/cli.py;src/uznowcast/models/dfm.py;src/uznowcast/models/evaluate.py;src/uznowcast/models/evaluate_v11.py;src/uznowcast/models/midas.py;src/uznowcast/models/phase4b.py;src/uznowcast/models/phase4c.py;src/uznowcast/models/phase5c.py;src/uznowcast/models/production.py;src/uznowcast/operational/phase5a.py;src/uznowcast/operational/phase5b.py;src/uznowcast/operational/phase5b1.py;src/uznowcast/shadow/phase5d.py;tests/models/conftest.py;tests/models/test_data.py;tests/models/test_phase4c.py;tests/models/test_phase5c.py;tests/models/test_production_guardrails.py;tests/operational/test_phase5a.py;tests/operational/test_phase5b.py;tests/shadow/test_phase5d.py,docs/modeling/phase4a_results.md;results/phase5b1/phase5b1_code_hash_inventory.csv;results/phase5b2/repository_inventory.csv;results/phase6c/phase6c_protected_before.json;results/phase6c/preliminary_master_only/phase6c_protected_before.json;results/phase6d/phase6d_frozen_challengers.json;results/phase6d/phase6d_protected_start.json;results/phase6d/snapshots/b1c04f594530fcde95a273e2db06aaf2fdb1cca407dc1d3980a8ff2795f98dbf/manifest.json;results/phase6d/snapshots/ba536eba42aa879ded003f522d5465a5f61a6abc819b38f0431a983d7bb3f1c1/manifest.json;results/phase6d/snapshots/d1a9e5c4426f706b2007d26299921f2b5c788ac67bea615d577627d737664614/manifest.json;results/production/code_hash_inventory.csv;results/research/phase6a1/phase6a1_run_manifest.json;results/research/phase6b/phase6b_protected_after.json;results/research/phase6b/phase6b_protected_before.json;results/research/phase6b1/phase6b1_GDP_source_evidence.csv;results/research/phase6b1/phase6b1_protected_after.json;results/research/phase6b1/phase6b1_protected_before.json;results/research/phase6b1/phase6b1_run_manifest.json;results/research/phase6b2/phase6b2_protected_before.json;results/shadow/phase5d/phase5d_freeze_manifest.json;results/shadow/phase5d/phase5d_protected_start.json;scripts/research/phase6b1/run.py;scripts/research/phase6d/frozen.py;src/uznowcast.egg-info/SOURCES.txt;src/uznowcast/operational/phase5b1.py,True,True,True,True,True,True,2026-09-29T11:46:54.874774+00:00,KEEP,"Protected hash/path, current input, active import, or pre-existing user change"
src/uznowcast/models/dfm.py,ACTIVE_DATA_PIPELINE,src/uznowcast/models/evaluate.py;src/uznowcast/models/phase4b.py;src/uznowcast/models/phase5c.py;tests/models/test_dfm.py;tests/models/test_phase4b.py,docs/modeling/phase4a_results.md;results/phase5b2/repository_inventory.csv;results/phase6c/phase6c_existing_dfm_audit.md;results/phase6c/phase6c_protected_before.json;results/phase6c/preliminary_master_only/phase6c_protected_before.json;results/phase6d/phase6d_protected_start.json;results/research/phase6b/phase6b_protected_after.json;results/research/phase6b/phase6b_protected_before.json;results/research/phase6b1/phase6b1_protected_after.json;results/research/phase6b1/phase6b1_protected_before.json;results/research/phase6b1/phase6b1_run_manifest.json;results/research/phase6b2/phase6b2_protected_before.json;results/shadow/phase5d/phase5d_freeze_manifest.json;results/shadow/phase5d/phase5d_protected_start.json;scripts/research/phase6c/audit.py;src/uznowcast.egg-info/SOURCES.txt,True,True,True,False,True,True,2026-09-30T04:17:48.031736+00:00,KEEP,"Protected hash/path, current input, active import, or pre-existing user change"
src/uznowcast/models/ensemble.py,ACTIVE_DATA_PIPELINE,src/uznowcast/models/phase4b.py;src/uznowcast/models/phase4c.py;src/uznowcast/operational/phase5a.py;tests/models/test_phase4b.py,results/phase5b1/phase5b1_code_hash_inventory.csv;results/phase5b2/repository_inventory.csv;results/phase6c/phase6c_protected_before.json;results/phase6c/preliminary_master_only/phase6c_protected_before.json;results/phase6d/phase6d_protected_start.json;results/production/code_hash_inventory.csv;results/research/phase6b/phase6b_protected_after.json;results/research/phase6b/phase6b_protected_before.json;results/research/phase6b1/phase6b1_protected_after.json;results/research/phase6b1/phase6b1_protected_before.json;results/research/phase6b1/phase6b1_run_manifest.json;results/research/phase6b2/phase6b2_protected_before.json;results/shadow/phase5d/phase5d_freeze_manifest.json;results/shadow/phase5d/phase5d_protected_start.json;src/uznowcast/operational/phase5b1.py,True,True,False,True,True,True,2026-09-30T04:07:28.996044+00:00,KEEP,"Protected hash/path, current input, active import, or pre-existing user change"
src/uznowcast/models/evaluate.py,ACTIVE_DEPENDENCY,src/uznowcast/models/cli.py;src/uznowcast/models/evaluate_v11.py;tests/models/test_evaluate.py,results/phase5b2/path_dependency_audit.csv;results/phase5b2/repository_inventory.csv;results/phase6c/phase6c_protected_before.json;results/phase6c/preliminary_master_only/phase6c_protected_before.json;results/phase6d/phase6d_protected_start.json;results/research/phase6b/phase6b_protected_after.json;results/research/phase6b/phase6b_protected_before.json;results/research/phase6b1/phase6b1_protected_after.json;results/research/phase6b1/phase6b1_protected_before.json;results/research/phase6b1/phase6b1_run_manifest.json;results/research/phase6b2/phase6b2_protected_before.json;results/shadow/phase5d/phase5d_freeze_manifest.json;results/shadow/phase5d/phase5d_protected_start.json;src/uznowcast.egg-info/SOURCES.txt,False,True,False,False,True,True,2026-09-29T11:46:54.892230+00:00,KEEP,"Protected hash/path, current input, active import, or pre-existing user change"
src/uznowcast/models/evaluate_v11.py,ACTIVE_DEPENDENCY,src/uznowcast/models/cli.py;tests/models/test_evaluate_v11.py,docs/modeling/phase4a1_real_v1_results.md;results/phase5b2/path_dependency_audit.csv;results/phase5b2/repository_inventory.csv;results/phase6c/phase6c_protected_before.json;results/phase6c/preliminary_master_only/phase6c_protected_before.json;results/phase6d/phase6d_protected_start.json;results/research/phase6b/phase6b_protected_after.json;results/research/phase6b/phase6b_protected_before.json;results/research/phase6b1/phase6b1_protected_after.json;results/research/phase6b1/phase6b1_protected_before.json;results/research/phase6b1/phase6b1_run_manifest.json;results/research/phase6b2/phase6b2_protected_before.json;results/shadow/phase5d/phase5d_freeze_manifest.json;results/shadow/phase5d/phase5d_protected_start.json;src/uznowcast.egg-info/SOURCES.txt,False,True,False,False,True,True,2026-09-29T12:16:00.752486+00:00,KEEP,"Protected hash/path, current input, active import, or pre-existing user change"
src/uznowcast/models/matched.py,ACTIVE_DEPENDENCY,src/uznowcast/models/evaluate_v11.py;tests/models/test_matched_and_common.py,docs/modeling/phase4a1_real_v1_results.md;results/phase5b2/repository_inventory.csv;results/phase6c/phase6c_protected_before.json;results/phase6c/preliminary_master_only/phase6c_protected_before.json;results/phase6d/phase6d_protected_start.json;results/research/phase6b/phase6b_protected_after.json;results/research/phase6b/phase6b_protected_before.json;results/research/phase6b1/phase6b1_protected_after.json;results/research/phase6b1/phase6b1_protected_before.json;results/research/phase6b1/phase6b1_run_manifest.json;results/research/phase6b2/phase6b2_protected_before.json;results/shadow/phase5d/phase5d_freeze_manifest.json;results/shadow/phase5d/phase5d_protected_start.json;src/uznowcast.egg-info/SOURCES.txt,False,True,False,False,True,True,2026-09-29T12:16:00.759730+00:00,KEEP,"Protected hash/path, current input, active import, or pre-existing user change"
src/uznowcast/models/metrics.py,ACTIVE_DATA_PIPELINE,src/uznowcast/models/evaluate.py;src/uznowcast/models/matched.py;src/uznowcast/models/phase4b.py;src/uznowcast/models/phase4c.py;tests/models/test_metrics.py,docs/modeling/phase4a_results.md;results/phase5b2/repository_inventory.csv;results/phase6c/phase6c_protected_before.json;results/phase6c/preliminary_master_only/phase6c_protected_before.json;results/phase6d/phase6d_protected_start.json;results/research/phase6b/phase6b_protected_after.json;results/research/phase6b/phase6b_protected_before.json;results/research/phase6b1/phase6b1_protected_after.json;results/research/phase6b1/phase6b1_protected_before.json;results/research/phase6b1/phase6b1_run_manifest.json;results/research/phase6b2/phase6b2_protected_before.json;results/shadow/phase5d/phase5d_freeze_manifest.json;results/shadow/phase5d/phase5d_protected_start.json;src/uznowcast.egg-info/SOURCES.txt,True,True,False,False,True,True,2026-09-29T11:46:54.904191+00:00,KEEP,"Protected hash/path, current input, active import, or pre-existing user change"
src/uznowcast/models/midas.py,ACTIVE_DATA_PIPELINE,scripts/research/phase6b1/run.py;scripts/research/phase6b2/run.py;src/uznowcast/models/evaluate.py;src/uznowcast/models/phase4b.py;src/uznowcast/models/phase4c.py;src/uznowcast/models/phase5c.py;src/uznowcast/operational/phase5a.py;src/uznowcast/operational/phase5b.py;src/uznowcast/shadow/phase5d.py;tests/models/test_bridge_and_midas.py;tests/shadow/test_phase5d.py,docs/modeling/model_specifications.md;results/phase5b1/phase5b1_code_hash_inventory.csv;results/phase5b2/repository_inventory.csv;results/phase6c/phase6c_protected_before.json;results/phase6c/preliminary_master_only/phase6c_protected_before.json;results/phase6d/phase6d_frozen_challengers.json;results/phase6d/phase6d_protected_start.json;results/phase6d/snapshots/b1c04f594530fcde95a273e2db06aaf2fdb1cca407dc1d3980a8ff2795f98dbf/manifest.json;results/phase6d/snapshots/ba536eba42aa879ded003f522d5465a5f61a6abc819b38f0431a983d7bb3f1c1/manifest.json;results/phase6d/snapshots/d1a9e5c4426f706b2007d26299921f2b5c788ac67bea615d577627d737664614/manifest.json;results/production/code_hash_inventory.csv;results/research/phase6b/phase6b_protected_after.json;results/research/phase6b/phase6b_protected_before.json;results/research/phase6b1/phase6b1_GDP_source_evidence.csv;results/research/phase6b1/phase6b1_protected_after.json;results/research/phase6b1/phase6b1_protected_before.json;results/research/phase6b1/phase6b1_run_manifest.json;results/research/phase6b2/phase6b2_protected_before.json;results/shadow/phase5d/phase5d_freeze_manifest.json;results/shadow/phase5d/phase5d_protected_start.json;scripts/research/phase6b1/run.py;scripts/research/phase6d/frozen.py;src/uznowcast.egg-info/SOURCES.txt;src/uznowcast/operational/phase5b1.py,True,True,True,True,True,True,2026-09-29T11:46:54.910661+00:00,KEEP,"Protected hash/path, current input, active import, or pre-existing user change"
src/uznowcast/models/phase4b.py,ACTIVE_DATA_PIPELINE,src/uznowcast/models/cli.py;tests/models/test_phase4b.py,results/phase5b2/path_dependency_audit.csv;results/phase5b2/repository_inventory.csv;results/phase6c/phase6c_protected_before.json;results/phase6c/preliminary_master_only/phase6c_protected_before.json;results/phase6d/phase6d_protected_start.json;results/research/phase6b/phase6b_protected_after.json;results/research/phase6b/phase6b_protected_before.json;results/research/phase6b1/phase6b1_GDP_source_evidence.csv;results/research/phase6b1/phase6b1_benchmark_gdp_information_audit.csv;results/research/phase6b1/phase6b1_protected_after.json;results/research/phase6b1/phase6b1_protected_before.json;results/research/phase6b1/phase6b1_run_manifest.json;results/research/phase6b2/phase6b2_protected_before.json;results/shadow/phase5d/phase5d_freeze_manifest.json;results/shadow/phase5d/phase5d_protected_start.json;scripts/research/phase6b1/run.py,True,True,False,False,True,True,2026-09-30T04:26:52.533035+00:00,KEEP,"Protected hash/path, current input, active import, or pre-existing user change"
src/uznowcast/models/phase4c.py,ACTIVE_DATA_PIPELINE,src/uznowcast/models/cli.py;tests/models/test_phase4c.py,results/phase5b2/path_dependency_audit.csv;results/phase5b2/repository_inventory.csv;results/phase6c/phase6c_protected_before.json;results/phase6c/preliminary_master_only/phase6c_protected_before.json;results/phase6d/phase6d_protected_start.json;results/research/phase6b/phase6b_protected_after.json;results/research/phase6b/phase6b_protected_before.json;results/research/phase6b1/phase6b1_GDP_source_evidence.csv;results/research/phase6b1/phase6b1_benchmark_gdp_information_audit.csv;results/research/phase6b1/phase6b1_protected_after.json;results/research/phase6b1/phase6b1_protected_before.json;results/research/phase6b1/phase6b1_run_manifest.json;results/research/phase6b2/phase6b2_protected_before.json;results/shadow/phase5d/phase5d_freeze_manifest.json;results/shadow/phase5d/phase5d_protected_start.json;scripts/research/phase6b1/run.py,True,True,False,False,True,True,2026-09-30T04:56:55.812601+00:00,KEEP,"Protected hash/path, current input, active import, or pre-existing user change"
src/uznowcast/models/phase5c.py,ACTIVE_DEPENDENCY,src/uznowcast/shadow/phase5d.py;tests/models/test_phase5c.py,results/phase6c/phase6c_protected_before.json;results/phase6c/preliminary_master_only/phase6c_protected_before.json;results/phase6d/phase6d_protected_start.json;results/research/phase6a1/phase6a1_run_manifest.json;results/research/phase6b/phase6b_protected_after.json;results/research/phase6b/phase6b_protected_before.json;results/research/phase6b1/phase6b1_protected_after.json;results/research/phase6b1/phase6b1_protected_before.json;results/research/phase6b1/phase6b1_run_manifest.json;results/research/phase6b2/phase6b2_protected_before.json;results/shadow/phase5d/phase5d_freeze_manifest.json;results/shadow/phase5d/phase5d_protected_start.json,False,True,False,False,True,True,2026-09-30T11:19:20.485045+00:00,KEEP,"Protected hash/path, current input, active import, or pre-existing user change"
src/uznowcast/models/preprocess.py,ACTIVE_DATA_PIPELINE,src/uznowcast/models/dfm.py;tests/models/test_splits_and_preprocess.py,results/phase5b1/phase5b1_code_hash_inventory.csv;results/phase5b2/repository_inventory.csv;results/phase6c/phase6c_protected_before.json;results/phase6c/preliminary_master_only/phase6c_protected_before.json;results/phase6d/phase6d_protected_start.json;results/production/code_hash_inventory.csv;results/research/phase6b/phase6b_protected_after.json;results/research/phase6b/phase6b_protected_before.json;results/research/phase6b1/phase6b1_protected_after.json;results/research/phase6b1/phase6b1_protected_before.json;results/research/phase6b1/phase6b1_run_manifest.json;results/research/phase6b2/phase6b2_protected_before.json;results/shadow/phase5d/phase5d_freeze_manifest.json;results/shadow/phase5d/phase5d_protected_start.json;src/uznowcast.egg-info/SOURCES.txt;src/uznowcast/operational/phase5b1.py,True,True,True,True,True,True,2026-09-30T04:07:06.523756+00:00,KEEP,"Protected hash/path, current input, active import, or pre-existing user change"
src/uznowcast/models/production.py,ACTIVE_DATA_PIPELINE,src/uznowcast/models/evaluate_v11.py;src/uznowcast/models/phase4b.py;tests/models/test_evaluate_v11.py;tests/models/test_production_guardrails.py,docs/modeling/phase4a1_real_v1_results.md;results/phase5b2/path_dependency_audit.csv;results/phase5b2/repository_inventory.csv;results/phase6c/phase6c_protected_before.json;results/phase6c/preliminary_master_only/phase6c_protected_before.json;results/phase6d/phase6d_protected_start.json;results/research/phase6a1/phase6a1_run_manifest.json;results/research/phase6b/phase6b_protected_after.json;results/research/phase6b/phase6b_protected_before.json;results/research/phase6b1/phase6b1_protected_after.json;results/research/phase6b1/phase6b1_protected_before.json;results/research/phase6b1/phase6b1_run_manifest.json;results/research/phase6b2/phase6b2_protected_before.json;results/shadow/phase5d/phase5d_freeze_manifest.json;results/shadow/phase5d/phase5d_protected_start.json;src/uznowcast.egg-info/SOURCES.txt,True,True,False,False,True,True,2026-09-29T12:16:00.771383+00:00,KEEP,"Protected hash/path, current input, active import, or pre-existing user change"
src/uznowcast/models/splits.py,ACTIVE_DATA_PIPELINE,src/uznowcast/models/evaluate.py;src/uznowcast/models/phase4b.py;tests/models/test_splits_and_preprocess.py,results/phase5b1/phase5b1_code_hash_inventory.csv;results/phase5b2/repository_inventory.csv;results/phase6c/phase6c_protected_before.json;results/phase6c/preliminary_master_only/phase6c_protected_before.json;results/phase6d/phase6d_protected_start.json;results/production/code_hash_inventory.csv;results/research/phase6b/phase6b_protected_after.json;results/research/phase6b/phase6b_protected_before.json;results/research/phase6b1/phase6b1_protected_after.json;results/research/phase6b1/phase6b1_protected_before.json;results/research/phase6b1/phase6b1_run_manifest.json;results/research/phase6b2/phase6b2_protected_before.json;results/shadow/phase5d/phase5d_freeze_manifest.json;results/shadow/phase5d/phase5d_protected_start.json;src/uznowcast.egg-info/SOURCES.txt;src/uznowcast/operational/phase5b1.py,True,True,False,True,True,True,2026-09-29T11:46:54.934629+00:00,KEEP,"Protected hash/path, current input, active import, or pre-existing user change"
src/uznowcast/operational/__init__.py,ACTIVE_DIRECT,,results/phase5b1/phase5b1_code_hash_inventory.csv;results/phase5b2/repository_inventory.csv;results/phase6c/phase6c_protected_before.json;results/phase6c/preliminary_master_only/phase6c_protected_before.json;results/phase6d/phase6d_protected_start.json;results/production/code_hash_inventory.csv;results/research/phase6b/phase6b_protected_after.json;results/research/phase6b/phase6b_protected_before.json;results/research/phase6b1/phase6b1_protected_after.json;results/research/phase6b1/phase6b1_protected_before.json;results/research/phase6b1/phase6b1_run_manifest.json;results/research/phase6b2/phase6b2_protected_before.json;results/shadow/phase5d/phase5d_freeze_manifest.json;results/shadow/phase5d/phase5d_protected_start.json;src/uznowcast/operational/phase5b1.py,True,True,False,True,True,True,2026-09-30T08:37:37.836495+00:00,KEEP,"Protected hash/path, current input, active import, or pre-existing user change"
src/uznowcast/operational/__main__.py,ACTIVE_DIRECT,,results/phase5b1/phase5b1_code_hash_inventory.csv;results/phase5b2/repository_inventory.csv;results/phase6c/phase6c_protected_before.json;results/phase6c/preliminary_master_only/phase6c_protected_before.json;results/phase6d/phase6d_protected_start.json;results/production/code_hash_inventory.csv;results/research/phase6b/phase6b_protected_after.json;results/research/phase6b/phase6b_protected_before.json;results/research/phase6b1/phase6b1_protected_after.json;results/research/phase6b1/phase6b1_protected_before.json;results/research/phase6b1/phase6b1_run_manifest.json;results/research/phase6b2/phase6b2_protected_before.json;results/shadow/phase5d/phase5d_freeze_manifest.json;results/shadow/phase5d/phase5d_protected_start.json;src/uznowcast/operational/phase5b1.py,True,True,False,True,True,True,2026-09-30T05:37:19.284976+00:00,KEEP,"Protected hash/path, current input, active import, or pre-existing user change"
src/uznowcast/operational/dashboard.py,ACTIVE_DIRECT,src/uznowcast/operational/dashboard5b.py;src/uznowcast/operational/dashboard5b1.py;src/uznowcast/operational/phase5a.py;tests/operational/test_phase5a.py,results/phase5b1/phase5b1_code_hash_inventory.csv;results/phase5b2/path_dependency_audit.csv;results/phase5b2/repository_inventory.csv;results/phase6c/phase6c_protected_before.json;results/phase6c/preliminary_master_only/phase6c_protected_before.json;results/phase6d/phase6d_protected_start.json;results/production/code_hash_inventory.csv;results/research/phase6b/phase6b_protected_after.json;results/research/phase6b/phase6b_protected_before.json;results/research/phase6b1/phase6b1_protected_after.json;results/research/phase6b1/phase6b1_protected_before.json;results/research/phase6b1/phase6b1_run_manifest.json;results/research/phase6b2/phase6b2_protected_before.json;results/shadow/phase5d/phase5d_freeze_manifest.json;results/shadow/phase5d/phase5d_protected_start.json;src/uznowcast/operational/phase5b1.py,True,True,False,True,True,True,2026-09-30T05:43:22.059245+00:00,KEEP,"Protected hash/path, current input, active import, or pre-existing user change"
src/uznowcast/operational/dashboard5b.py,ACTIVE_DIRECT,src/uznowcast/operational/phase5b.py,results/phase5b1/phase5b1_code_hash_inventory.csv;results/phase5b2/path_dependency_audit.csv;results/phase5b2/repository_inventory.csv;results/phase6c/phase6c_protected_before.json;results/phase6c/preliminary_master_only/phase6c_protected_before.json;results/phase6d/phase6d_protected_start.json;results/production/code_hash_inventory.csv;results/research/phase6b/phase6b_protected_after.json;results/research/phase6b/phase6b_protected_before.json;results/research/phase6b1/phase6b1_protected_after.json;results/research/phase6b1/phase6b1_protected_before.json;results/research/phase6b1/phase6b1_run_manifest.json;results/research/phase6b2/phase6b2_protected_before.json;results/shadow/phase5d/phase5d_freeze_manifest.json;results/shadow/phase5d/phase5d_protected_start.json;src/uznowcast/operational/phase5b1.py,True,True,False,True,True,True,2026-09-30T07:00:56.890720+00:00,KEEP,"Protected hash/path, current input, active import, or pre-existing user change"
src/uznowcast/operational/dashboard5b1.py,ACTIVE_DIRECT,src/uznowcast/operational/phase5b1.py;tests/operational/test_phase5b1.py,results/phase5b1/phase5b1_code_hash_inventory.csv;results/phase5b2/path_dependency_audit.csv;results/phase5b2/repository_inventory.csv;results/phase6c/phase6c_protected_before.json;results/phase6c/preliminary_master_only/phase6c_protected_before.json;results/phase6d/phase6d_protected_start.json;results/production/code_hash_inventory.csv;results/research/phase6b/phase6b_protected_after.json;results/research/phase6b/phase6b_protected_before.json;results/research/phase6b1/phase6b1_protected_after.json;results/research/phase6b1/phase6b1_protected_before.json;results/research/phase6b1/phase6b1_run_manifest.json;results/research/phase6b2/phase6b2_protected_before.json;results/shadow/phase5d/phase5d_freeze_manifest.json;results/shadow/phase5d/phase5d_protected_start.json;src/uznowcast/operational/phase5b1.py,True,True,False,True,True,True,2026-09-30T08:37:25.688240+00:00,KEEP,"Protected hash/path, current input, active import, or pre-existing user change"
src/uznowcast/operational/phase5a.py,ACTIVE_DIRECT,scripts/maintenance/cleanup_validate.py;src/uznowcast/operational/__init__.py;src/uznowcast/operational/__main__.py;src/uznowcast/operational/phase5b.py;src/uznowcast/operational/phase5b1.py;tests/operational/test_phase5a.py,results/phase5b1/phase5b1_code_hash_inventory.csv;results/phase5b2/path_dependency_audit.csv;results/phase5b2/repository_inventory.csv;results/phase6c/phase6c_protected_before.json;results/phase6c/preliminary_master_only/phase6c_protected_before.json;results/phase6d/phase6d_protected_start.json;results/production/code_hash_inventory.csv;results/research/phase6b/phase6b_protected_after.json;results/research/phase6b/phase6b_protected_before.json;results/research/phase6b1/phase6b1_GDP_source_evidence.csv;results/research/phase6b1/phase6b1_protected_after.json;results/research/phase6b1/phase6b1_protected_before.json;results/research/phase6b1/phase6b1_run_manifest.json;results/research/phase6b2/phase6b2_protected_before.json;results/shadow/phase5d/phase5d_freeze_manifest.json;results/shadow/phase5d/phase5d_protected_start.json;scripts/research/phase6b1/run.py;src/uznowcast/operational/phase5b1.py,True,True,False,True,True,True,2026-09-30T05:59:44.420244+00:00,KEEP,"Protected hash/path, current input, active import, or pre-existing user change"
src/uznowcast/operational/phase5b.py,ACTIVE_DIRECT,scripts/maintenance/cleanup_validate.py;src/uznowcast/operational/__init__.py;src/uznowcast/operational/phase5b1.py;tests/operational/test_phase5b.py,results/phase5b1/phase5b1_code_hash_inventory.csv;results/phase5b2/path_dependency_audit.csv;results/phase5b2/repository_inventory.csv;results/phase6c/phase6c_protected_before.json;results/phase6c/preliminary_master_only/phase6c_protected_before.json;results/phase6d/phase6d_protected_start.json;results/production/code_hash_inventory.csv;results/research/phase6b/phase6b_protected_after.json;results/research/phase6b/phase6b_protected_before.json;results/research/phase6b1/phase6b1_protected_after.json;results/research/phase6b1/phase6b1_protected_before.json;results/research/phase6b1/phase6b1_run_manifest.json;results/research/phase6b2/phase6b2_protected_before.json;results/shadow/phase5d/phase5d_freeze_manifest.json;results/shadow/phase5d/phase5d_protected_start.json;src/uznowcast/operational/phase5b1.py,True,True,False,True,True,True,2026-09-30T07:10:22.483357+00:00,KEEP,"Protected hash/path, current input, active import, or pre-existing user change"
src/uznowcast/operational/phase5b1.py,ACTIVE_DIRECT,src/uznowcast/operational/__init__.py;tests/operational/test_phase5b1.py,ACTIVE_CORE.md;docs/REPOSITORY_MAP.md;results/phase5b1/phase5b1_code_hash_inventory.csv;results/phase5b2/path_dependency_audit.csv;results/phase5b2/repository_inventory.csv;results/phase6c/phase6c_protected_before.json;results/phase6c/preliminary_master_only/phase6c_protected_before.json;results/phase6d/phase6d_protected_start.json;results/production/code_hash_inventory.csv;results/research/phase6b/phase6b_protected_after.json;results/research/phase6b/phase6b_protected_before.json;results/research/phase6b1/phase6b1_protected_after.json;results/research/phase6b1/phase6b1_protected_before.json;results/research/phase6b1/phase6b1_run_manifest.json;results/research/phase6b2/phase6b2_protected_before.json;results/shadow/phase5d/phase5d_freeze_manifest.json;results/shadow/phase5d/phase5d_protected_start.json;src/uznowcast/operational/phase5b1.py,True,True,False,True,True,True,2026-09-30T08:40:02.778658+00:00,KEEP,"Protected hash/path, current input, active import, or pre-existing user change"
src/uznowcast/parsers/__init__.py,ACTIVE_DATA_PIPELINE,,results/phase5b2/repository_inventory.csv;results/phase6c/phase6c_protected_before.json;results/phase6c/preliminary_master_only/phase6c_protected_before.json;results/phase6d/phase6d_protected_start.json;results/research/phase6b/phase6b_protected_after.json;results/research/phase6b/phase6b_protected_before.json;results/research/phase6b1/phase6b1_protected_after.json;results/research/phase6b1/phase6b1_protected_before.json;results/research/phase6b1/phase6b1_run_manifest.json;results/research/phase6b2/phase6b2_protected_before.json;src/uznowcast.egg-info/SOURCES.txt,True,True,True,False,True,True,2026-09-29T05:26:13.658995+00:00,KEEP,"Protected hash/path, current input, active import, or pre-existing user change"
src/uznowcast/parsers/cbu.py,ACTIVE_DATA_PIPELINE,scripts/build_master_from_fixtures.py;src/uznowcast/io/cbu.py;src/uznowcast/pipeline.py;src/uznowcast/transforms/frequency.py;tests/test_cbu_fx_parser.py;tests/test_cbu_m2_parser.py,results/phase5b2/repository_inventory.csv;results/phase6c/phase6c_protected_before.json;results/phase6c/preliminary_master_only/phase6c_protected_before.json;results/phase6d/phase6d_protected_start.json;results/research/phase6b/phase6b_protected_after.json;results/research/phase6b/phase6b_protected_before.json;results/research/phase6b1/phase6b1_protected_after.json;results/research/phase6b1/phase6b1_protected_before.json;results/research/phase6b1/phase6b1_run_manifest.json;results/research/phase6b2/phase6b2_protected_before.json;src/uznowcast.egg-info/SOURCES.txt,True,True,False,False,True,True,2026-09-29T06:26:40.786031+00:00,KEEP,"Protected hash/path, current input, active import, or pre-existing user change"
src/uznowcast/parsers/cbu_archive.py,ACTIVE_DATA_PIPELINE,src/uznowcast/archive_series.py,docs/sparse_series_audit.md;results/phase5b2/repository_inventory.csv;results/phase6c/phase6c_protected_before.json;results/phase6c/preliminary_master_only/phase6c_protected_before.json;results/phase6d/phase6d_protected_start.json;results/research/phase6b/phase6b_protected_after.json;results/research/phase6b/phase6b_protected_before.json;results/research/phase6b1/phase6b1_protected_after.json;results/research/phase6b1/phase6b1_protected_before.json;results/research/phase6b1/phase6b1_run_manifest.json;results/research/phase6b2/phase6b2_protected_before.json;src/uznowcast.egg-info/SOURCES.txt,True,True,False,False,True,True,2026-09-29T07:11:27.066263+00:00,KEEP,"Protected hash/path, current input, active import, or pre-existing user change"
src/uznowcast/parsers/cbu_stats.py,ACTIVE_DATA_PIPELINE,src/uznowcast/pipeline.py,results/phase5b2/repository_inventory.csv;results/phase6c/phase6c_protected_before.json;results/phase6c/preliminary_master_only/phase6c_protected_before.json;results/phase6d/phase6d_protected_start.json;results/research/phase6b/phase6b_protected_after.json;results/research/phase6b/phase6b_protected_before.json;results/research/phase6b1/phase6b1_protected_after.json;results/research/phase6b1/phase6b1_protected_before.json;results/research/phase6b1/phase6b1_run_manifest.json;results/research/phase6b2/phase6b2_protected_before.json;src/uznowcast.egg-info/SOURCES.txt,True,True,False,False,True,True,2026-09-29T07:03:59.908382+00:00,KEEP,"Protected hash/path, current input, active import, or pre-existing user change"
src/uznowcast/parsers/external.py,ACTIVE_DATA_PIPELINE,src/uznowcast/pipeline.py,results/phase5b2/repository_inventory.csv;results/phase6c/phase6c_protected_before.json;results/phase6c/preliminary_master_only/phase6c_protected_before.json;results/phase6d/phase6d_protected_start.json;results/research/phase6b/phase6b_protected_after.json;results/research/phase6b/phase6b_protected_before.json;results/research/phase6b1/phase6b1_protected_after.json;results/research/phase6b1/phase6b1_protected_before.json;results/research/phase6b1/phase6b1_run_manifest.json;results/research/phase6b2/phase6b2_protected_before.json;src/uznowcast.egg-info/SOURCES.txt,True,True,False,False,True,True,2026-09-29T07:16:42.814878+00:00,KEEP,"Protected hash/path, current input, active import, or pre-existing user change"
src/uznowcast/parsers/siat.py,ACTIVE_DATA_PIPELINE,scripts/build_master_from_fixtures.py;scripts/research/phase6d/sources.py;src/uznowcast/pipeline.py;src/uznowcast/shadow/phase5d.py;tests/test_siat_parser.py,docs/gold_proxy_diagnostic.md;results/phase5b2/repository_inventory.csv;results/phase6c/phase6c_protected_before.json;results/phase6c/preliminary_master_only/phase6c_protected_before.json;results/phase6d/phase6d_protected_start.json;results/research/phase6b/phase6b_protected_after.json;results/research/phase6b/phase6b_protected_before.json;results/research/phase6b1/phase6b1_protected_after.json;results/research/phase6b1/phase6b1_protected_before.json;results/research/phase6b1/phase6b1_run_manifest.json;results/research/phase6b2/phase6b2_protected_before.json;src/uznowcast.egg-info/SOURCES.txt,True,True,True,False,True,True,2026-09-29T08:56:25.063358+00:00,KEEP,"Protected hash/path, current input, active import, or pre-existing user change"
src/uznowcast/pipeline.py,ACTIVE_DATA_PIPELINE,scripts/verify_pilot_replay.py;src/uznowcast/cli.py;src/uznowcast/collect_vintage.py;tests/test_pipeline.py,results/phase5b2/repository_inventory.csv;results/phase6c/phase6c_protected_before.json;results/phase6c/preliminary_master_only/phase6c_protected_before.json;results/phase6d/phase6d_protected_start.json;results/research/phase6b/phase6b_protected_after.json;results/research/phase6b/phase6b_protected_before.json;results/research/phase6b1/phase6b1_protected_after.json;results/research/phase6b1/phase6b1_protected_before.json;results/research/phase6b1/phase6b1_run_manifest.json;results/research/phase6b2/phase6b2_protected_before.json;scripts/maintenance/cleanup_audit.py;src/uznowcast.egg-info/SOURCES.txt,True,True,False,False,True,True,2026-09-29T07:14:40.418773+00:00,KEEP,"Protected hash/path, current input, active import, or pre-existing user change"
src/uznowcast/provenance.py,ACTIVE_DATA_PIPELINE,scripts/download_fx_history.py;scripts/verify_pilot_replay.py;src/uznowcast/collect_vintage.py;src/uznowcast/io/cbu.py;src/uznowcast/io/http.py;src/uznowcast/master.py;src/uznowcast/models/evaluate.py;src/uznowcast/models/evaluate_v11.py;src/uznowcast/models/phase4b.py;src/uznowcast/models/phase4c.py;src/uznowcast/models/phase5c.py;src/uznowcast/operational/phase5a.py;src/uznowcast/operational/phase5b.py;src/uznowcast/operational/phase5b1.py;src/uznowcast/pipeline.py;src/uznowcast/reporting.py;src/uznowcast/vintages.py;tests/test_pipeline.py;tests/test_provenance.py,results/phase5b1/phase5b1_code_hash_inventory.csv;results/phase5b2/repository_inventory.csv;results/phase6c/phase6c_protected_before.json;results/phase6c/preliminary_master_only/phase6c_protected_before.json;results/phase6d/phase6d_protected_start.json;results/production/code_hash_inventory.csv;results/research/phase6b/phase6b_protected_after.json;results/research/phase6b/phase6b_protected_before.json;results/research/phase6b1/phase6b1_protected_after.json;results/research/phase6b1/phase6b1_protected_before.json;results/research/phase6b1/phase6b1_run_manifest.json;results/research/phase6b2/phase6b2_protected_before.json;src/uznowcast.egg-info/SOURCES.txt;src/uznowcast/operational/phase5b1.py,True,True,False,True,True,True,2026-09-29T06:21:47.774391+00:00,KEEP,"Protected hash/path, current input, active import, or pre-existing user change"
src/uznowcast/registry.py,ACTIVE_DATA_PIPELINE,scripts/build_master_from_fixtures.py;scripts/download_fx_history.py;src/uznowcast/models/data.py;src/uznowcast/models/phase4b.py;src/uznowcast/pipeline.py;src/uznowcast/shadow/phase5d.py;tests/conftest.py;tests/models/test_phase5c.py;tests/test_registry.py,results/phase5b1/phase5b1_code_hash_inventory.csv;results/phase5b2/repository_inventory.csv;results/phase6c/phase6c_protected_before.json;results/phase6c/preliminary_master_only/phase6c_protected_before.json;results/phase6d/phase6d_frozen_challengers.json;results/phase6d/phase6d_protected_start.json;results/phase6d/snapshots/b1c04f594530fcde95a273e2db06aaf2fdb1cca407dc1d3980a8ff2795f98dbf/manifest.json;results/phase6d/snapshots/ba536eba42aa879ded003f522d5465a5f61a6abc819b38f0431a983d7bb3f1c1/manifest.json;results/phase6d/snapshots/d1a9e5c4426f706b2007d26299921f2b5c788ac67bea615d577627d737664614/manifest.json;results/production/code_hash_inventory.csv;results/research/phase6b/phase6b_protected_after.json;results/research/phase6b/phase6b_protected_before.json;results/research/phase6b1/phase6b1_protected_after.json;results/research/phase6b1/phase6b1_protected_before.json;results/research/phase6b1/phase6b1_run_manifest.json;results/research/phase6b2/phase6b2_protected_before.json;scripts/research/phase6d/frozen.py;src/uznowcast.egg-info/SOURCES.txt;src/uznowcast/operational/phase5b1.py,True,True,True,True,True,True,2026-09-29T07:04:55.550140+00:00,KEEP,"Protected hash/path, current input, active import, or pre-existing user change"
src/uznowcast/reporting.py,ACTIVE_DATA_PIPELINE,src/uznowcast/pipeline.py,docs/phase2c1_results.md;results/phase5b2/repository_inventory.csv;results/phase6c/phase6c_protected_before.json;results/phase6c/preliminary_master_only/phase6c_protected_before.json;results/phase6d/phase6d_protected_start.json;results/research/phase6b/phase6b_protected_after.json;results/research/phase6b/phase6b_protected_before.json;results/research/phase6b1/phase6b1_protected_after.json;results/research/phase6b1/phase6b1_protected_before.json;results/research/phase6b1/phase6b1_run_manifest.json;results/research/phase6b2/phase6b2_protected_before.json;src/uznowcast.egg-info/SOURCES.txt,True,True,False,False,True,True,2026-09-29T09:47:16.674278+00:00,KEEP,"Protected hash/path, current input, active import, or pre-existing user change"
src/uznowcast/shadow/__init__.py,ACTIVE_DATA_PIPELINE,tests/shadow/test_phase5d.py,results/phase6c/phase6c_protected_before.json;results/phase6c/preliminary_master_only/phase6c_protected_before.json;results/phase6d/phase6d_protected_start.json;results/research/phase6b/phase6b_protected_after.json;results/research/phase6b/phase6b_protected_before.json;results/research/phase6b1/phase6b1_protected_after.json;results/research/phase6b1/phase6b1_protected_before.json;results/research/phase6b1/phase6b1_run_manifest.json;results/research/phase6b2/phase6b2_protected_before.json;results/shadow/phase5d/phase5d_run_manifest.json,True,True,True,False,True,True,2026-10-02T05:36:57.004680+00:00,KEEP,"Protected hash/path, current input, active import, or pre-existing user change"
src/uznowcast/shadow/evaluation.py,ACTIVE_DEPENDENCY,src/uznowcast/shadow/phase5d.py;tests/shadow/test_phase5d.py,results/phase6c/phase6c_protected_before.json;results/phase6c/preliminary_master_only/phase6c_protected_before.json;results/phase6d/phase6d_protected_start.json;results/research/phase6b/phase6b_protected_after.json;results/research/phase6b/phase6b_protected_before.json;results/research/phase6b1/phase6b1_protected_after.json;results/research/phase6b1/phase6b1_protected_before.json;results/research/phase6b1/phase6b1_run_manifest.json;results/research/phase6b2/phase6b2_protected_before.json;results/shadow/phase5d/phase5d_run_manifest.json,False,True,False,False,True,True,2026-10-02T05:36:58.416560+00:00,KEEP,"Protected hash/path, current input, active import, or pre-existing user change"
src/uznowcast/shadow/phase5d.py,ACTIVE_DEPENDENCY,tests/shadow/test_phase5d.py,results/phase6c/phase6c_protected_before.json;results/phase6c/preliminary_master_only/phase6c_protected_before.json;results/phase6d/phase6d_protected_start.json;results/research/phase6b/phase6b_protected_after.json;results/research/phase6b/phase6b_protected_before.json;results/research/phase6b1/phase6b1_protected_after.json;results/research/phase6b1/phase6b1_protected_before.json;results/research/phase6b1/phase6b1_run_manifest.json;results/research/phase6b2/phase6b2_protected_before.json;results/shadow/phase5d/phase5d_run_manifest.json,False,True,False,False,True,True,2026-10-02T05:58:17.877343+00:00,KEEP,"Protected hash/path, current input, active import, or pre-existing user change"
src/uznowcast/shadow/storage.py,ACTIVE_DATA_PIPELINE,scripts/research/phase6d/common.py;src/uznowcast/shadow/phase5d.py;tests/shadow/test_phase5d.py,results/phase6c/phase6c_protected_before.json;results/phase6c/preliminary_master_only/phase6c_protected_before.json;results/phase6d/phase6d_frozen_challengers.json;results/phase6d/phase6d_protected_start.json;results/phase6d/snapshots/b1c04f594530fcde95a273e2db06aaf2fdb1cca407dc1d3980a8ff2795f98dbf/manifest.json;results/phase6d/snapshots/ba536eba42aa879ded003f522d5465a5f61a6abc819b38f0431a983d7bb3f1c1/manifest.json;results/phase6d/snapshots/d1a9e5c4426f706b2007d26299921f2b5c788ac67bea615d577627d737664614/manifest.json;results/research/phase6b/phase6b_protected_after.json;results/research/phase6b/phase6b_protected_before.json;results/research/phase6b1/phase6b1_protected_after.json;results/research/phase6b1/phase6b1_protected_before.json;results/research/phase6b1/phase6b1_run_manifest.json;results/research/phase6b2/phase6b2_protected_before.json;results/shadow/phase5d/phase5d_run_manifest.json;scripts/research/phase6d/frozen.py,True,True,True,False,True,True,2026-10-02T05:45:00.390218+00:00,KEEP,"Protected hash/path, current input, active import, or pre-existing user change"
src/uznowcast/transforms/__init__.py,ACTIVE_DATA_PIPELINE,,results/phase5b2/repository_inventory.csv;results/phase6c/phase6c_protected_before.json;results/phase6c/preliminary_master_only/phase6c_protected_before.json;results/phase6d/phase6d_protected_start.json;results/research/phase6b/phase6b_protected_after.json;results/research/phase6b/phase6b_protected_before.json;results/research/phase6b1/phase6b1_protected_after.json;results/research/phase6b1/phase6b1_protected_before.json;results/research/phase6b1/phase6b1_run_manifest.json;results/research/phase6b2/phase6b2_protected_before.json;src/uznowcast.egg-info/SOURCES.txt,True,True,False,False,True,True,2026-09-29T05:26:13.658995+00:00,KEEP,"Protected hash/path, current input, active import, or pre-existing user change"
src/uznowcast/transforms/decumulate.py,ACTIVE_DATA_PIPELINE,scripts/build_master_from_fixtures.py;src/uznowcast/archive_series.py;src/uznowcast/pipeline.py;tests/test_decumulate.py,docs/gold_proxy_diagnostic.md;results/phase5b2/repository_inventory.csv;results/phase6c/phase6c_protected_before.json;results/phase6c/preliminary_master_only/phase6c_protected_before.json;results/phase6d/phase6d_protected_start.json;results/research/phase6a1/phase6a1_run_manifest.json;results/research/phase6b/phase6b_protected_after.json;results/research/phase6b/phase6b_protected_before.json;results/research/phase6b1/phase6b1_protected_after.json;results/research/phase6b1/phase6b1_protected_before.json;results/research/phase6b1/phase6b1_run_manifest.json;results/research/phase6b2/phase6b2_protected_before.json;src/uznowcast.egg-info/SOURCES.txt,True,True,False,False,True,True,2026-09-29T05:29:49.988749+00:00,KEEP,"Protected hash/path, current input, active import, or pre-existing user change"
src/uznowcast/transforms/derived.py,ACTIVE_DATA_PIPELINE,src/uznowcast/pipeline.py,docs/gold_proxy_diagnostic.md;results/phase5b2/repository_inventory.csv;results/phase6c/phase6c_protected_before.json;results/phase6c/preliminary_master_only/phase6c_protected_before.json;results/phase6d/phase6d_protected_start.json;results/research/phase6b/phase6b_protected_after.json;results/research/phase6b/phase6b_protected_before.json;results/research/phase6b1/phase6b1_protected_after.json;results/research/phase6b1/phase6b1_protected_before.json;results/research/phase6b1/phase6b1_run_manifest.json;results/research/phase6b2/phase6b2_protected_before.json;src/uznowcast.egg-info/SOURCES.txt,True,True,False,False,True,True,2026-09-29T07:06:12.084650+00:00,KEEP,"Protected hash/path, current input, active import, or pre-existing user change"
src/uznowcast/transforms/frequency.py,ACTIVE_DATA_PIPELINE,src/uznowcast/pipeline.py;tests/test_cbu_fx_parser.py,results/phase5b2/repository_inventory.csv;results/phase6c/phase6c_protected_before.json;results/phase6c/preliminary_master_only/phase6c_protected_before.json;results/phase6d/phase6d_protected_start.json;results/research/phase6b/phase6b_protected_after.json;results/research/phase6b/phase6b_protected_before.json;results/research/phase6b1/phase6b1_protected_after.json;results/research/phase6b1/phase6b1_protected_before.json;results/research/phase6b1/phase6b1_run_manifest.json;results/research/phase6b2/phase6b2_protected_before.json;src/uznowcast.egg-info/SOURCES.txt,True,True,False,False,True,True,2026-09-29T07:04:00.441957+00:00,KEEP,"Protected hash/path, current input, active import, or pre-existing user change"
src/uznowcast/transforms/growth.py,ACTIVE_DATA_PIPELINE,scripts/build_master_from_fixtures.py;src/uznowcast/archive_series.py;src/uznowcast/pipeline.py;src/uznowcast/transforms/derived.py;src/uznowcast/transforms/frequency.py;tests/test_cbu_m2_parser.py;tests/test_decumulate.py;tests/test_siat_parser.py,results/phase5b2/repository_inventory.csv;results/phase6c/phase6c_protected_before.json;results/phase6c/preliminary_master_only/phase6c_protected_before.json;results/phase6d/phase6d_protected_start.json;results/research/phase6a1/phase6a1_run_manifest.json;results/research/phase6b/phase6b_protected_after.json;results/research/phase6b/phase6b_protected_before.json;results/research/phase6b1/phase6b1_protected_after.json;results/research/phase6b1/phase6b1_protected_before.json;results/research/phase6b1/phase6b1_run_manifest.json;results/research/phase6b2/phase6b2_protected_before.json;src/uznowcast.egg-info/SOURCES.txt,True,True,False,False,True,True,2026-09-29T05:29:50.376714+00:00,KEEP,"Protected hash/path, current input, active import, or pre-existing user change"
src/uznowcast/transforms/prices.py,ACTIVE_DATA_PIPELINE,scripts/build_master_from_fixtures.py;src/uznowcast/pipeline.py;tests/test_prices.py;tests/test_siat_parser.py,results/phase5b2/repository_inventory.csv;results/phase6c/phase6c_protected_before.json;results/phase6c/preliminary_master_only/phase6c_protected_before.json;results/phase6d/phase6d_protected_start.json;results/research/phase6b/phase6b_protected_after.json;results/research/phase6b/phase6b_protected_before.json;results/research/phase6b1/phase6b1_protected_after.json;results/research/phase6b1/phase6b1_protected_before.json;results/research/phase6b1/phase6b1_run_manifest.json;results/research/phase6b2/phase6b2_protected_before.json;src/uznowcast.egg-info/SOURCES.txt,True,True,False,False,True,True,2026-09-29T06:24:40.153722+00:00,KEEP,"Protected hash/path, current input, active import, or pre-existing user change"
src/uznowcast/validation/__init__.py,ACTIVE_DATA_PIPELINE,,results/phase5b2/repository_inventory.csv;results/phase6c/phase6c_protected_before.json;results/phase6c/preliminary_master_only/phase6c_protected_before.json;results/phase6d/phase6d_protected_start.json;results/research/phase6b/phase6b_protected_after.json;results/research/phase6b/phase6b_protected_before.json;results/research/phase6b1/phase6b1_protected_after.json;results/research/phase6b1/phase6b1_protected_before.json;results/research/phase6b1/phase6b1_run_manifest.json;results/research/phase6b2/phase6b2_protected_before.json;src/uznowcast.egg-info/SOURCES.txt,True,True,False,True,True,True,2026-09-29T05:26:13.658995+00:00,KEEP,"Protected hash/path, current input, active import, or pre-existing user change"
src/uznowcast/validation/observations.py,ACTIVE_DATA_PIPELINE,src/uznowcast/pipeline.py;tests/test_validate_series.py,results/phase5b2/repository_inventory.csv;results/phase6c/phase6c_protected_before.json;results/phase6c/preliminary_master_only/phase6c_protected_before.json;results/phase6d/phase6d_protected_start.json;results/research/phase6b/phase6b_protected_after.json;results/research/phase6b/phase6b_protected_before.json;results/research/phase6b1/phase6b1_protected_after.json;results/research/phase6b1/phase6b1_protected_before.json;results/research/phase6b1/phase6b1_run_manifest.json;results/research/phase6b2/phase6b2_protected_before.json;src/uznowcast.egg-info/SOURCES.txt,True,True,False,False,True,True,2026-09-29T08:57:23.485069+00:00,KEEP,"Protected hash/path, current input, active import, or pre-existing user change"
src/uznowcast/validation/schema.py,ACTIVE_DATA_PIPELINE,src/uznowcast/io/http.py;src/uznowcast/provenance.py;tests/test_provenance.py,results/phase5b2/repository_inventory.csv;results/phase6c/phase6c_protected_before.json;results/phase6c/preliminary_master_only/phase6c_protected_before.json;results/phase6d/phase6d_protected_start.json;results/research/phase6b/phase6b_protected_after.json;results/research/phase6b/phase6b_protected_before.json;results/research/phase6b1/phase6b1_protected_after.json;results/research/phase6b1/phase6b1_protected_before.json;results/research/phase6b1/phase6b1_run_manifest.json;results/research/phase6b2/phase6b2_protected_before.json;src/uznowcast.egg-info/SOURCES.txt,True,True,False,True,True,True,2026-09-29T05:44:33.322866+00:00,KEEP,"Protected hash/path, current input, active import, or pre-existing user change"
src/uznowcast/vintages.py,ACTIVE_DATA_PIPELINE,src/uznowcast/pipeline.py;tests/test_provenance.py,results/phase5b2/repository_inventory.csv;results/phase6c/phase6c_protected_before.json;results/phase6c/preliminary_master_only/phase6c_protected_before.json;results/phase6d/phase6d_protected_start.json;results/research/phase6b/phase6b_protected_after.json;results/research/phase6b/phase6b_protected_before.json;results/research/phase6b1/phase6b1_protected_after.json;results/research/phase6b1/phase6b1_protected_before.json;results/research/phase6b1/phase6b1_run_manifest.json;results/research/phase6b2/phase6b2_protected_before.json;src/uznowcast.egg-info/SOURCES.txt,True,True,False,False,True,True,2026-09-29T05:36:10.356552+00:00,KEEP,"Protected hash/path, current input, active import, or pre-existing user change"
tests/conftest.py,ACTIVE_TEST,tests/test_cbu_m2_parser.py;tests/test_pipeline.py;tests/test_registry.py,results/phase5b2/repository_inventory.csv,False,True,False,False,True,True,2026-09-29T07:04:55.265432+00:00,KEEP,"Protected hash/path, current input, active import, or pre-existing user change"
tests/models/__init__.py,ACTIVE_TEST,,results/phase5b2/repository_inventory.csv,False,True,False,False,True,True,2026-09-29T11:46:54.936061+00:00,KEEP,"Protected hash/path, current input, active import, or pre-existing user change"
tests/models/conftest.py,ACTIVE_TEST,,results/phase5b2/repository_inventory.csv,False,True,False,False,True,True,2026-09-29T11:46:54.942299+00:00,KEEP,"Protected hash/path, current input, active import, or pre-existing user change"
tests/models/test_benchmarks.py,ACTIVE_TEST,,results/phase5b2/repository_inventory.csv,False,True,False,False,True,True,2026-09-29T11:46:54.952459+00:00,KEEP,"Protected hash/path, current input, active import, or pre-existing user change"
tests/models/test_bridge_and_midas.py,ACTIVE_TEST,,results/phase5b2/repository_inventory.csv,False,True,False,False,True,True,2026-09-29T11:46:54.965633+00:00,KEEP,"Protected hash/path, current input, active import, or pre-existing user change"
tests/models/test_data.py,ACTIVE_TEST,,results/phase5b2/repository_inventory.csv,False,True,False,False,True,True,2026-09-29T11:46:54.972001+00:00,KEEP,"Protected hash/path, current input, active import, or pre-existing user change"
tests/models/test_dfm.py,ACTIVE_TEST,,results/phase5b2/repository_inventory.csv,False,True,False,False,True,True,2026-09-30T04:14:28.637786+00:00,KEEP,"Protected hash/path, current input, active import, or pre-existing user change"
tests/models/test_evaluate.py,ACTIVE_TEST,,docs/modeling/phase4a_results.md;results/phase5b2/repository_inventory.csv,False,True,False,False,True,True,2026-09-29T11:46:54.990115+00:00,KEEP,"Protected hash/path, current input, active import, or pre-existing user change"
tests/models/test_evaluate_v11.py,ACTIVE_TEST,,results/phase5b2/path_dependency_audit.csv;results/phase5b2/repository_inventory.csv,False,True,False,False,True,True,2026-09-29T12:16:00.781696+00:00,KEEP,"Protected hash/path, current input, active import, or pre-existing user change"
tests/models/test_matched_and_common.py,ACTIVE_TEST,,results/phase5b2/repository_inventory.csv,False,True,False,False,True,True,2026-09-29T12:16:00.791005+00:00,KEEP,"Protected hash/path, current input, active import, or pre-existing user change"
tests/models/test_metrics.py,ACTIVE_TEST,,results/phase5b2/repository_inventory.csv,False,True,False,False,True,True,2026-09-29T11:46:55.001138+00:00,KEEP,"Protected hash/path, current input, active import, or pre-existing user change"
tests/models/test_phase4b.py,ACTIVE_TEST,,results/phase5b2/repository_inventory.csv,False,True,False,False,True,True,2026-09-30T04:15:01.428909+00:00,KEEP,"Protected hash/path, current input, active import, or pre-existing user change"
tests/models/test_phase4c.py,ACTIVE_TEST,,results/phase5b2/path_dependency_audit.csv;results/phase5b2/repository_inventory.csv,False,True,False,False,True,True,2026-09-30T05:00:51.352430+00:00,KEEP,"Protected hash/path, current input, active import, or pre-existing user change"
tests/models/test_phase5c.py,ACTIVE_TEST,,results/challengers/phase5c/phase5c_run_manifest.json,False,True,False,False,True,True,2026-09-30T10:52:57.557920+00:00,KEEP,"Protected hash/path, current input, active import, or pre-existing user change"
tests/models/test_production_guardrails.py,ACTIVE_TEST,,results/phase5b2/repository_inventory.csv,False,True,False,False,True,True,2026-09-29T12:16:00.887227+00:00,KEEP,"Protected hash/path, current input, active import, or pre-existing user change"
tests/models/test_splits_and_preprocess.py,ACTIVE_TEST,,results/phase5b2/repository_inventory.csv,False,True,False,False,True,True,2026-09-30T04:14:27.943061+00:00,KEEP,"Protected hash/path, current input, active import, or pre-existing user change"
tests/operational/test_phase5a.py,ACTIVE_TEST,,results/phase5b2/repository_inventory.csv,False,True,False,False,True,True,2026-09-30T05:50:29.478887+00:00,KEEP,"Protected hash/path, current input, active import, or pre-existing user change"
tests/operational/test_phase5b.py,ACTIVE_TEST,,results/phase5b2/path_dependency_audit.csv;results/phase5b2/repository_inventory.csv,False,True,False,False,True,True,2026-09-30T07:10:22.765986+00:00,KEEP,"Protected hash/path, current input, active import, or pre-existing user change"
tests/operational/test_phase5b1.py,ACTIVE_TEST,,results/phase5b2/path_dependency_audit.csv;results/phase5b2/repository_inventory.csv,False,True,False,False,True,True,2026-09-30T08:39:14.577688+00:00,KEEP,"Protected hash/path, current input, active import, or pre-existing user change"
tests/operational/test_phase5b2.py,ACTIVE_TEST,,results/phase5b2/git_cleanup_status.txt;results/phase5b2/phase5b2_cleanup_manifest.json,False,True,False,False,True,True,2026-09-30T09:22:44.601770+00:00,KEEP,"Protected hash/path, current input, active import, or pre-existing user change"
tests/shadow/test_phase5d.py,ACTIVE_TEST,,results/shadow/phase5d/phase5d_run_manifest.json,False,True,False,False,True,True,2026-10-02T05:53:12.730900+00:00,KEEP,"Protected hash/path, current input, active import, or pre-existing user change"
tests/test_cbu_fx_parser.py,ACTIVE_TEST,,results/phase5b2/repository_inventory.csv;src/uznowcast.egg-info/SOURCES.txt,False,True,False,False,True,True,2026-09-29T05:47:18.294294+00:00,KEEP,"Protected hash/path, current input, active import, or pre-existing user change"
tests/test_cbu_m2_parser.py,ACTIVE_TEST,,results/phase5b2/repository_inventory.csv;src/uznowcast.egg-info/SOURCES.txt,False,True,False,False,True,True,2026-09-29T06:27:51.563929+00:00,KEEP,"Protected hash/path, current input, active import, or pre-existing user change"
tests/test_collect_vintage.py,ACTIVE_TEST,,docs/phase3b_results.md;results/phase5b2/repository_inventory.csv;src/uznowcast.egg-info/SOURCES.txt,False,True,False,False,True,True,2026-09-29T11:43:17.562251+00:00,KEEP,"Protected hash/path, current input, active import, or pre-existing user change"
tests/test_decumulate.py,ACTIVE_TEST,,docs/gold_proxy_diagnostic.md;results/phase5b2/repository_inventory.csv;src/uznowcast.egg-info/SOURCES.txt,False,True,False,False,True,True,2026-09-29T05:33:51.415807+00:00,KEEP,"Protected hash/path, current input, active import, or pre-existing user change"
tests/test_http.py,ACTIVE_TEST,,docs/phase2c1_results.md;results/phase5b2/repository_inventory.csv;src/uznowcast.egg-info/SOURCES.txt,False,True,False,False,True,True,2026-09-29T09:45:00.635232+00:00,KEEP,"Protected hash/path, current input, active import, or pre-existing user change"
tests/test_master.py,ACTIVE_TEST,,results/phase5b2/repository_inventory.csv;src/uznowcast.egg-info/SOURCES.txt,False,True,False,False,True,True,2026-09-29T06:28:06.371766+00:00,KEEP,"Protected hash/path, current input, active import, or pre-existing user change"
tests/test_pipeline.py,ACTIVE_TEST,,results/phase5b2/repository_inventory.csv;src/uznowcast.egg-info/SOURCES.txt,False,True,False,False,True,True,2026-09-29T06:28:33.207188+00:00,KEEP,"Protected hash/path, current input, active import, or pre-existing user change"
tests/test_prices.py,ACTIVE_TEST,,results/phase5b2/repository_inventory.csv;src/uznowcast.egg-info/SOURCES.txt,False,True,False,False,True,True,2026-09-29T06:27:51.294629+00:00,KEEP,"Protected hash/path, current input, active import, or pre-existing user change"
tests/test_provenance.py,ACTIVE_TEST,,results/phase5b2/repository_inventory.csv;src/uznowcast.egg-info/SOURCES.txt,False,True,False,False,True,True,2026-09-29T05:44:34.307236+00:00,KEEP,"Protected hash/path, current input, active import, or pre-existing user change"
tests/test_registry.py,ACTIVE_TEST,,docs/gold_proxy_diagnostic.md;docs/phase3b_results.md;results/phase5b2/repository_inventory.csv;src/uznowcast.egg-info/SOURCES.txt,False,True,False,False,True,True,2026-09-29T11:43:17.571385+00:00,KEEP,"Protected hash/path, current input, active import, or pre-existing user change"
tests/test_siat_parser.py,ACTIVE_TEST,,results/phase5b2/repository_inventory.csv;src/uznowcast.egg-info/SOURCES.txt,False,True,False,False,True,True,2026-09-29T06:27:51.894047+00:00,KEEP,"Protected hash/path, current input, active import, or pre-existing user change"
tests/test_validate_series.py,ACTIVE_TEST,,results/phase5b2/repository_inventory.csv;src/uznowcast.egg-info/SOURCES.txt,False,True,False,False,True,True,2026-09-29T09:11:36.762740+00:00,KEEP,"Protected hash/path, current input, active import, or pre-existing user change"
