model,tier,horizon,lag_mode,target_quarter,variable_key,clean_field,total_months,observed_months,missing_months,coverage_fraction,unique_values,status,reason
dfm_tierA_k1,A,H1,standard,2021Q1,ppi,ppi_mom_log,36,36,0,1.0,26,included,included
dfm_tierA_k1,A,H1,standard,2021Q1,usd_uzs,usd_uzs_mom_dlog,36,36,0,1.0,36,included,included
dfm_tierA_k1,A,H1,standard,2021Q1,rub_uzs,rub_uzs_mom_dlog,36,36,0,1.0,36,included,included
dfm_tierA_k1,A,H1,standard,2021Q1,gold_price,gold_price_mom_dlog,36,36,0,1.0,36,included,included
dfm_tierA_k1,A,H1,standard,2021Q1,m2,m2_yoy_log,36,36,0,1.0,36,included,included
dfm_tierA_k1,A,H1,standard,2021Q1,fx_reserves_ex_gold,fx_reserves_exgold_yoy_log,36,36,0,1.0,36,included,included
dfm_tierA_k1,A,H1,standard,2021Q2,ppi,ppi_mom_log,39,39,0,1.0,26,included,included
dfm_tierA_k1,A,H1,standard,2021Q2,usd_uzs,usd_uzs_mom_dlog,39,39,0,1.0,39,included,included
dfm_tierA_k1,A,H1,standard,2021Q2,rub_uzs,rub_uzs_mom_dlog,39,39,0,1.0,39,included,included
dfm_tierA_k1,A,H1,standard,2021Q2,gold_price,gold_price_mom_dlog,39,39,0,1.0,39,included,included
dfm_tierA_k1,A,H1,standard,2021Q2,m2,m2_yoy_log,39,39,0,1.0,39,included,included
dfm_tierA_k1,A,H1,standard,2021Q2,fx_reserves_ex_gold,fx_reserves_exgold_yoy_log,39,39,0,1.0,39,included,included
dfm_tierA_k1,A,H1,standard,2021Q3,ppi,ppi_mom_log,42,42,0,1.0,27,included,included
dfm_tierA_k1,A,H1,standard,2021Q3,usd_uzs,usd_uzs_mom_dlog,42,42,0,1.0,42,included,included
dfm_tierA_k1,A,H1,standard,2021Q3,rub_uzs,rub_uzs_mom_dlog,42,42,0,1.0,42,included,included
dfm_tierA_k1,A,H1,standard,2021Q3,gold_price,gold_price_mom_dlog,42,42,0,1.0,42,included,included
dfm_tierA_k1,A,H1,standard,2021Q3,m2,m2_yoy_log,42,42,0,1.0,42,included,included
dfm_tierA_k1,A,H1,standard,2021Q3,fx_reserves_ex_gold,fx_reserves_exgold_yoy_log,42,42,0,1.0,42,included,included
dfm_tierA_k1,A,H1,standard,2021Q4,ppi,ppi_mom_log,45,45,0,1.0,29,included,included
dfm_tierA_k1,A,H1,standard,2021Q4,usd_uzs,usd_uzs_mom_dlog,45,45,0,1.0,45,included,included
dfm_tierA_k1,A,H1,standard,2021Q4,rub_uzs,rub_uzs_mom_dlog,45,45,0,1.0,45,included,included
dfm_tierA_k1,A,H1,standard,2021Q4,gold_price,gold_price_mom_dlog,45,45,0,1.0,45,included,included
dfm_tierA_k1,A,H1,standard,2021Q4,m2,m2_yoy_log,45,45,0,1.0,45,included,included
dfm_tierA_k1,A,H1,standard,2021Q4,fx_reserves_ex_gold,fx_reserves_exgold_yoy_log,45,45,0,1.0,45,included,included
dfm_tierA_k1,A,H1,standard,2022Q1,ppi,ppi_mom_log,48,48,0,1.0,31,included,included
dfm_tierA_k1,A,H1,standard,2022Q1,usd_uzs,usd_uzs_mom_dlog,48,48,0,1.0,48,included,included
dfm_tierA_k1,A,H1,standard,2022Q1,rub_uzs,rub_uzs_mom_dlog,48,48,0,1.0,48,included,included
dfm_tierA_k1,A,H1,standard,2022Q1,gold_price,gold_price_mom_dlog,48,48,0,1.0,48,included,included
dfm_tierA_k1,A,H1,standard,2022Q1,m2,m2_yoy_log,48,48,0,1.0,48,included,included
dfm_tierA_k1,A,H1,standard,2022Q1,fx_reserves_ex_gold,fx_reserves_exgold_yoy_log,48,48,0,1.0,48,included,included
dfm_tierA_k1,A,H1,standard,2022Q2,ppi,ppi_mom_log,51,51,0,1.0,32,included,included
dfm_tierA_k1,A,H1,standard,2022Q2,usd_uzs,usd_uzs_mom_dlog,51,51,0,1.0,51,included,included
dfm_tierA_k1,A,H1,standard,2022Q2,rub_uzs,rub_uzs_mom_dlog,51,51,0,1.0,51,included,included
dfm_tierA_k1,A,H1,standard,2022Q2,gold_price,gold_price_mom_dlog,51,51,0,1.0,51,included,included
dfm_tierA_k1,A,H1,standard,2022Q2,m2,m2_yoy_log,51,51,0,1.0,51,included,included
dfm_tierA_k1,A,H1,standard,2022Q2,fx_reserves_ex_gold,fx_reserves_exgold_yoy_log,51,51,0,1.0,51,included,included
dfm_tierA_k1,A,H1,standard,2022Q3,ppi,ppi_mom_log,54,54,0,1.0,33,included,included
dfm_tierA_k1,A,H1,standard,2022Q3,usd_uzs,usd_uzs_mom_dlog,54,54,0,1.0,54,included,included
dfm_tierA_k1,A,H1,standard,2022Q3,rub_uzs,rub_uzs_mom_dlog,54,54,0,1.0,54,included,included
dfm_tierA_k1,A,H1,standard,2022Q3,gold_price,gold_price_mom_dlog,54,54,0,1.0,54,included,included
dfm_tierA_k1,A,H1,standard,2022Q3,m2,m2_yoy_log,54,54,0,1.0,54,included,included
dfm_tierA_k1,A,H1,standard,2022Q3,fx_reserves_ex_gold,fx_reserves_exgold_yoy_log,54,54,0,1.0,54,included,included
dfm_tierA_k1,A,H1,standard,2022Q4,ppi,ppi_mom_log,57,57,0,1.0,35,included,included
dfm_tierA_k1,A,H1,standard,2022Q4,usd_uzs,usd_uzs_mom_dlog,57,57,0,1.0,57,included,included
dfm_tierA_k1,A,H1,standard,2022Q4,rub_uzs,rub_uzs_mom_dlog,57,57,0,1.0,57,included,included
dfm_tierA_k1,A,H1,standard,2022Q4,gold_price,gold_price_mom_dlog,57,57,0,1.0,57,included,included
dfm_tierA_k1,A,H1,standard,2022Q4,m2,m2_yoy_log,57,57,0,1.0,57,included,included
dfm_tierA_k1,A,H1,standard,2022Q4,fx_reserves_ex_gold,fx_reserves_exgold_yoy_log,57,57,0,1.0,57,included,included
dfm_tierA_k1,A,H1,standard,2023Q1,ppi,ppi_mom_log,60,60,0,1.0,35,included,included
dfm_tierA_k1,A,H1,standard,2023Q1,usd_uzs,usd_uzs_mom_dlog,60,60,0,1.0,60,included,included
dfm_tierA_k1,A,H1,standard,2023Q1,rub_uzs,rub_uzs_mom_dlog,60,60,0,1.0,60,included,included
dfm_tierA_k1,A,H1,standard,2023Q1,gold_price,gold_price_mom_dlog,60,60,0,1.0,60,included,included
dfm_tierA_k1,A,H1,standard,2023Q1,m2,m2_yoy_log,60,60,0,1.0,60,included,included
dfm_tierA_k1,A,H1,standard,2023Q1,fx_reserves_ex_gold,fx_reserves_exgold_yoy_log,60,60,0,1.0,60,included,included
dfm_tierA_k1,A,H1,standard,2023Q2,ppi,ppi_mom_log,63,63,0,1.0,36,included,included
dfm_tierA_k1,A,H1,standard,2023Q2,usd_uzs,usd_uzs_mom_dlog,63,63,0,1.0,63,included,included
dfm_tierA_k1,A,H1,standard,2023Q2,rub_uzs,rub_uzs_mom_dlog,63,63,0,1.0,63,included,included
dfm_tierA_k1,A,H1,standard,2023Q2,gold_price,gold_price_mom_dlog,63,63,0,1.0,63,included,included
dfm_tierA_k1,A,H1,standard,2023Q2,m2,m2_yoy_log,63,63,0,1.0,63,included,included
dfm_tierA_k1,A,H1,standard,2023Q2,fx_reserves_ex_gold,fx_reserves_exgold_yoy_log,63,63,0,1.0,63,included,included
dfm_tierA_k1,A,H1,standard,2023Q3,ppi,ppi_mom_log,66,66,0,1.0,36,included,included
dfm_tierA_k1,A,H1,standard,2023Q3,usd_uzs,usd_uzs_mom_dlog,66,66,0,1.0,66,included,included
dfm_tierA_k1,A,H1,standard,2023Q3,rub_uzs,rub_uzs_mom_dlog,66,66,0,1.0,66,included,included
dfm_tierA_k1,A,H1,standard,2023Q3,gold_price,gold_price_mom_dlog,66,66,0,1.0,66,included,included
dfm_tierA_k1,A,H1,standard,2023Q3,m2,m2_yoy_log,66,66,0,1.0,66,included,included
dfm_tierA_k1,A,H1,standard,2023Q3,fx_reserves_ex_gold,fx_reserves_exgold_yoy_log,66,66,0,1.0,66,included,included
dfm_tierA_k1,A,H1,standard,2023Q4,ppi,ppi_mom_log,69,69,0,1.0,36,included,included
dfm_tierA_k1,A,H1,standard,2023Q4,usd_uzs,usd_uzs_mom_dlog,69,69,0,1.0,69,included,included
dfm_tierA_k1,A,H1,standard,2023Q4,rub_uzs,rub_uzs_mom_dlog,69,69,0,1.0,69,included,included
dfm_tierA_k1,A,H1,standard,2023Q4,gold_price,gold_price_mom_dlog,69,69,0,1.0,69,included,included
dfm_tierA_k1,A,H1,standard,2023Q4,m2,m2_yoy_log,69,69,0,1.0,69,included,included
dfm_tierA_k1,A,H1,standard,2023Q4,fx_reserves_ex_gold,fx_reserves_exgold_yoy_log,69,69,0,1.0,69,included,included
dfm_tierA_k1,A,H1,standard,2024Q1,ppi,ppi_mom_log,72,72,0,1.0,37,included,included
dfm_tierA_k1,A,H1,standard,2024Q1,usd_uzs,usd_uzs_mom_dlog,72,72,0,1.0,72,included,included
dfm_tierA_k1,A,H1,standard,2024Q1,rub_uzs,rub_uzs_mom_dlog,72,72,0,1.0,72,included,included
dfm_tierA_k1,A,H1,standard,2024Q1,gold_price,gold_price_mom_dlog,72,72,0,1.0,71,included,included
dfm_tierA_k1,A,H1,standard,2024Q1,m2,m2_yoy_log,72,72,0,1.0,72,included,included
dfm_tierA_k1,A,H1,standard,2024Q1,fx_reserves_ex_gold,fx_reserves_exgold_yoy_log,72,72,0,1.0,72,included,included
dfm_tierA_k1,A,H1,standard,2024Q2,ppi,ppi_mom_log,75,75,0,1.0,38,included,included
dfm_tierA_k1,A,H1,standard,2024Q2,usd_uzs,usd_uzs_mom_dlog,75,75,0,1.0,75,included,included
dfm_tierA_k1,A,H1,standard,2024Q2,rub_uzs,rub_uzs_mom_dlog,75,75,0,1.0,75,included,included
dfm_tierA_k1,A,H1,standard,2024Q2,gold_price,gold_price_mom_dlog,75,75,0,1.0,74,included,included
dfm_tierA_k1,A,H1,standard,2024Q2,m2,m2_yoy_log,75,75,0,1.0,75,included,included
dfm_tierA_k1,A,H1,standard,2024Q2,fx_reserves_ex_gold,fx_reserves_exgold_yoy_log,75,75,0,1.0,75,included,included
dfm_tierA_k1,A,H1,standard,2024Q3,ppi,ppi_mom_log,78,78,0,1.0,38,included,included
dfm_tierA_k1,A,H1,standard,2024Q3,usd_uzs,usd_uzs_mom_dlog,78,78,0,1.0,78,included,included
dfm_tierA_k1,A,H1,standard,2024Q3,rub_uzs,rub_uzs_mom_dlog,78,78,0,1.0,78,included,included
dfm_tierA_k1,A,H1,standard,2024Q3,gold_price,gold_price_mom_dlog,78,78,0,1.0,77,included,included
dfm_tierA_k1,A,H1,standard,2024Q3,m2,m2_yoy_log,78,78,0,1.0,78,included,included
dfm_tierA_k1,A,H1,standard,2024Q3,fx_reserves_ex_gold,fx_reserves_exgold_yoy_log,78,78,0,1.0,78,included,included
dfm_tierA_k1,A,H1,standard,2024Q4,ppi,ppi_mom_log,81,81,0,1.0,38,included,included
dfm_tierA_k1,A,H1,standard,2024Q4,usd_uzs,usd_uzs_mom_dlog,81,81,0,1.0,81,included,included
dfm_tierA_k1,A,H1,standard,2024Q4,rub_uzs,rub_uzs_mom_dlog,81,81,0,1.0,81,included,included
dfm_tierA_k1,A,H1,standard,2024Q4,gold_price,gold_price_mom_dlog,81,81,0,1.0,80,included,included
dfm_tierA_k1,A,H1,standard,2024Q4,m2,m2_yoy_log,81,81,0,1.0,81,included,included
dfm_tierA_k1,A,H1,standard,2024Q4,fx_reserves_ex_gold,fx_reserves_exgold_yoy_log,81,81,0,1.0,81,included,included
dfm_tierA_k1,A,H1,standard,2025Q1,ppi,ppi_mom_log,84,84,0,1.0,38,included,included
dfm_tierA_k1,A,H1,standard,2025Q1,usd_uzs,usd_uzs_mom_dlog,84,84,0,1.0,84,included,included
dfm_tierA_k1,A,H1,standard,2025Q1,rub_uzs,rub_uzs_mom_dlog,84,84,0,1.0,84,included,included
dfm_tierA_k1,A,H1,standard,2025Q1,gold_price,gold_price_mom_dlog,84,84,0,1.0,83,included,included
dfm_tierA_k1,A,H1,standard,2025Q1,m2,m2_yoy_log,84,84,0,1.0,84,included,included
dfm_tierA_k1,A,H1,standard,2025Q1,fx_reserves_ex_gold,fx_reserves_exgold_yoy_log,84,84,0,1.0,84,included,included
dfm_tierA_k1,A,H1,standard,2025Q2,ppi,ppi_mom_log,87,87,0,1.0,38,included,included
dfm_tierA_k1,A,H1,standard,2025Q2,usd_uzs,usd_uzs_mom_dlog,87,87,0,1.0,87,included,included
dfm_tierA_k1,A,H1,standard,2025Q2,rub_uzs,rub_uzs_mom_dlog,87,87,0,1.0,87,included,included
dfm_tierA_k1,A,H1,standard,2025Q2,gold_price,gold_price_mom_dlog,87,87,0,1.0,86,included,included
dfm_tierA_k1,A,H1,standard,2025Q2,m2,m2_yoy_log,87,87,0,1.0,87,included,included
dfm_tierA_k1,A,H1,standard,2025Q2,fx_reserves_ex_gold,fx_reserves_exgold_yoy_log,87,87,0,1.0,87,included,included
dfm_tierB_k1,B,H1,standard,2021Q1,ppi,ppi_mom_log,36,36,0,1.0,26,included,included
dfm_tierB_k1,B,H1,standard,2021Q1,usd_uzs,usd_uzs_mom_dlog,36,36,0,1.0,36,included,included
dfm_tierB_k1,B,H1,standard,2021Q1,rub_uzs,rub_uzs_mom_dlog,36,36,0,1.0,36,included,included
dfm_tierB_k1,B,H1,standard,2021Q1,gold_price,gold_price_mom_dlog,36,36,0,1.0,36,included,included
dfm_tierB_k1,B,H1,standard,2021Q1,m2,m2_yoy_log,36,36,0,1.0,36,included,included
dfm_tierB_k1,B,H1,standard,2021Q1,fx_reserves_ex_gold,fx_reserves_exgold_yoy_log,36,36,0,1.0,36,included,included
dfm_tierB_k1,B,H1,standard,2021Q1,industrial_production,ind_prod_yoy_log,36,11,25,0.3055555555555556,11,excluded,insufficient_in_window_coverage
dfm_tierB_k1,B,H1,standard,2021Q1,manufacturing,manufacturing_yoy_log,36,11,25,0.3055555555555556,11,excluded,insufficient_in_window_coverage
dfm_tierB_k1,B,H1,standard,2021Q1,mining,mining_yoy_log,36,11,25,0.3055555555555556,11,excluded,insufficient_in_window_coverage
dfm_tierB_k1,B,H1,standard,2021Q1,electricity_gas,utilities_yoy_log,36,11,25,0.3055555555555556,11,excluded,insufficient_in_window_coverage
dfm_tierB_k1,B,H1,standard,2021Q1,retail_trade,retail_yoy_log,36,0,36,0.0,0,excluded,insufficient_in_window_coverage
dfm_tierB_k1,B,H1,standard,2021Q1,wholesale_trade,wholesale_yoy_log,36,0,36,0.0,0,excluded,insufficient_in_window_coverage
dfm_tierB_k1,B,H1,standard,2021Q2,ppi,ppi_mom_log,39,39,0,1.0,26,included,included
dfm_tierB_k1,B,H1,standard,2021Q2,usd_uzs,usd_uzs_mom_dlog,39,39,0,1.0,39,included,included
dfm_tierB_k1,B,H1,standard,2021Q2,rub_uzs,rub_uzs_mom_dlog,39,39,0,1.0,39,included,included
dfm_tierB_k1,B,H1,standard,2021Q2,gold_price,gold_price_mom_dlog,39,39,0,1.0,39,included,included
dfm_tierB_k1,B,H1,standard,2021Q2,m2,m2_yoy_log,39,39,0,1.0,39,included,included
dfm_tierB_k1,B,H1,standard,2021Q2,fx_reserves_ex_gold,fx_reserves_exgold_yoy_log,39,39,0,1.0,39,included,included
dfm_tierB_k1,B,H1,standard,2021Q2,industrial_production,ind_prod_yoy_log,39,14,25,0.358974358974359,14,included,included
dfm_tierB_k1,B,H1,standard,2021Q2,manufacturing,manufacturing_yoy_log,39,14,25,0.358974358974359,14,included,included
dfm_tierB_k1,B,H1,standard,2021Q2,mining,mining_yoy_log,39,14,25,0.358974358974359,14,included,included
dfm_tierB_k1,B,H1,standard,2021Q2,electricity_gas,utilities_yoy_log,39,14,25,0.358974358974359,14,included,included
dfm_tierB_k1,B,H1,standard,2021Q2,retail_trade,retail_yoy_log,39,3,36,0.07692307692307693,3,excluded,insufficient_in_window_coverage
dfm_tierB_k1,B,H1,standard,2021Q2,wholesale_trade,wholesale_yoy_log,39,3,36,0.07692307692307693,3,excluded,insufficient_in_window_coverage
dfm_tierB_k1,B,H1,standard,2021Q3,ppi,ppi_mom_log,42,42,0,1.0,27,included,included
dfm_tierB_k1,B,H1,standard,2021Q3,usd_uzs,usd_uzs_mom_dlog,42,42,0,1.0,42,included,included
dfm_tierB_k1,B,H1,standard,2021Q3,rub_uzs,rub_uzs_mom_dlog,42,42,0,1.0,42,included,included
dfm_tierB_k1,B,H1,standard,2021Q3,gold_price,gold_price_mom_dlog,42,42,0,1.0,42,included,included
dfm_tierB_k1,B,H1,standard,2021Q3,m2,m2_yoy_log,42,42,0,1.0,42,included,included
dfm_tierB_k1,B,H1,standard,2021Q3,fx_reserves_ex_gold,fx_reserves_exgold_yoy_log,42,42,0,1.0,42,included,included
dfm_tierB_k1,B,H1,standard,2021Q3,industrial_production,ind_prod_yoy_log,42,17,25,0.40476190476190477,17,included,included
dfm_tierB_k1,B,H1,standard,2021Q3,manufacturing,manufacturing_yoy_log,42,17,25,0.40476190476190477,17,included,included
dfm_tierB_k1,B,H1,standard,2021Q3,mining,mining_yoy_log,42,17,25,0.40476190476190477,17,included,included
dfm_tierB_k1,B,H1,standard,2021Q3,electricity_gas,utilities_yoy_log,42,17,25,0.40476190476190477,17,included,included
dfm_tierB_k1,B,H1,standard,2021Q3,retail_trade,retail_yoy_log,42,6,36,0.14285714285714285,6,excluded,insufficient_in_window_coverage
dfm_tierB_k1,B,H1,standard,2021Q3,wholesale_trade,wholesale_yoy_log,42,6,36,0.14285714285714285,6,excluded,insufficient_in_window_coverage
dfm_tierB_k1,B,H1,standard,2021Q4,ppi,ppi_mom_log,45,45,0,1.0,29,included,included
dfm_tierB_k1,B,H1,standard,2021Q4,usd_uzs,usd_uzs_mom_dlog,45,45,0,1.0,45,included,included
dfm_tierB_k1,B,H1,standard,2021Q4,rub_uzs,rub_uzs_mom_dlog,45,45,0,1.0,45,included,included
dfm_tierB_k1,B,H1,standard,2021Q4,gold_price,gold_price_mom_dlog,45,45,0,1.0,45,included,included
dfm_tierB_k1,B,H1,standard,2021Q4,m2,m2_yoy_log,45,45,0,1.0,45,included,included
dfm_tierB_k1,B,H1,standard,2021Q4,fx_reserves_ex_gold,fx_reserves_exgold_yoy_log,45,45,0,1.0,45,included,included
dfm_tierB_k1,B,H1,standard,2021Q4,industrial_production,ind_prod_yoy_log,45,20,25,0.4444444444444444,20,included,included
dfm_tierB_k1,B,H1,standard,2021Q4,manufacturing,manufacturing_yoy_log,45,20,25,0.4444444444444444,20,included,included
dfm_tierB_k1,B,H1,standard,2021Q4,mining,mining_yoy_log,45,20,25,0.4444444444444444,20,included,included
dfm_tierB_k1,B,H1,standard,2021Q4,electricity_gas,utilities_yoy_log,45,20,25,0.4444444444444444,20,included,included
dfm_tierB_k1,B,H1,standard,2021Q4,retail_trade,retail_yoy_log,45,9,36,0.2,9,excluded,insufficient_in_window_coverage
dfm_tierB_k1,B,H1,standard,2021Q4,wholesale_trade,wholesale_yoy_log,45,9,36,0.2,9,excluded,insufficient_in_window_coverage
dfm_tierB_k1,B,H1,standard,2022Q1,ppi,ppi_mom_log,48,48,0,1.0,31,included,included
dfm_tierB_k1,B,H1,standard,2022Q1,usd_uzs,usd_uzs_mom_dlog,48,48,0,1.0,48,included,included
dfm_tierB_k1,B,H1,standard,2022Q1,rub_uzs,rub_uzs_mom_dlog,48,48,0,1.0,48,included,included
dfm_tierB_k1,B,H1,standard,2022Q1,gold_price,gold_price_mom_dlog,48,48,0,1.0,48,included,included
dfm_tierB_k1,B,H1,standard,2022Q1,m2,m2_yoy_log,48,48,0,1.0,48,included,included
dfm_tierB_k1,B,H1,standard,2022Q1,fx_reserves_ex_gold,fx_reserves_exgold_yoy_log,48,48,0,1.0,48,included,included
dfm_tierB_k1,B,H1,standard,2022Q1,industrial_production,ind_prod_yoy_log,48,23,25,0.4791666666666667,23,included,included
dfm_tierB_k1,B,H1,standard,2022Q1,manufacturing,manufacturing_yoy_log,48,23,25,0.4791666666666667,23,included,included
dfm_tierB_k1,B,H1,standard,2022Q1,mining,mining_yoy_log,48,23,25,0.4791666666666667,23,included,included
dfm_tierB_k1,B,H1,standard,2022Q1,electricity_gas,utilities_yoy_log,48,23,25,0.4791666666666667,23,included,included
dfm_tierB_k1,B,H1,standard,2022Q1,retail_trade,retail_yoy_log,48,12,36,0.25,12,included,included
dfm_tierB_k1,B,H1,standard,2022Q1,wholesale_trade,wholesale_yoy_log,48,12,36,0.25,12,included,included
dfm_tierB_k1,B,H1,standard,2022Q2,ppi,ppi_mom_log,51,51,0,1.0,32,included,included
dfm_tierB_k1,B,H1,standard,2022Q2,usd_uzs,usd_uzs_mom_dlog,51,51,0,1.0,51,included,included
dfm_tierB_k1,B,H1,standard,2022Q2,rub_uzs,rub_uzs_mom_dlog,51,51,0,1.0,51,included,included
dfm_tierB_k1,B,H1,standard,2022Q2,gold_price,gold_price_mom_dlog,51,51,0,1.0,51,included,included
dfm_tierB_k1,B,H1,standard,2022Q2,m2,m2_yoy_log,51,51,0,1.0,51,included,included
dfm_tierB_k1,B,H1,standard,2022Q2,fx_reserves_ex_gold,fx_reserves_exgold_yoy_log,51,51,0,1.0,51,included,included
dfm_tierB_k1,B,H1,standard,2022Q2,industrial_production,ind_prod_yoy_log,51,26,25,0.5098039215686274,26,included,included
dfm_tierB_k1,B,H1,standard,2022Q2,manufacturing,manufacturing_yoy_log,51,26,25,0.5098039215686274,26,included,included
dfm_tierB_k1,B,H1,standard,2022Q2,mining,mining_yoy_log,51,26,25,0.5098039215686274,26,included,included
dfm_tierB_k1,B,H1,standard,2022Q2,electricity_gas,utilities_yoy_log,51,26,25,0.5098039215686274,26,included,included
dfm_tierB_k1,B,H1,standard,2022Q2,retail_trade,retail_yoy_log,51,15,36,0.29411764705882354,15,included,included
dfm_tierB_k1,B,H1,standard,2022Q2,wholesale_trade,wholesale_yoy_log,51,15,36,0.29411764705882354,15,included,included
dfm_tierB_k1,B,H1,standard,2022Q3,ppi,ppi_mom_log,54,54,0,1.0,33,included,included
dfm_tierB_k1,B,H1,standard,2022Q3,usd_uzs,usd_uzs_mom_dlog,54,54,0,1.0,54,included,included
dfm_tierB_k1,B,H1,standard,2022Q3,rub_uzs,rub_uzs_mom_dlog,54,54,0,1.0,54,included,included
dfm_tierB_k1,B,H1,standard,2022Q3,gold_price,gold_price_mom_dlog,54,54,0,1.0,54,included,included
dfm_tierB_k1,B,H1,standard,2022Q3,m2,m2_yoy_log,54,54,0,1.0,54,included,included
dfm_tierB_k1,B,H1,standard,2022Q3,fx_reserves_ex_gold,fx_reserves_exgold_yoy_log,54,54,0,1.0,54,included,included
dfm_tierB_k1,B,H1,standard,2022Q3,industrial_production,ind_prod_yoy_log,54,29,25,0.5370370370370371,29,included,included
dfm_tierB_k1,B,H1,standard,2022Q3,manufacturing,manufacturing_yoy_log,54,29,25,0.5370370370370371,29,included,included
dfm_tierB_k1,B,H1,standard,2022Q3,mining,mining_yoy_log,54,29,25,0.5370370370370371,29,included,included
dfm_tierB_k1,B,H1,standard,2022Q3,electricity_gas,utilities_yoy_log,54,29,25,0.5370370370370371,29,included,included
dfm_tierB_k1,B,H1,standard,2022Q3,retail_trade,retail_yoy_log,54,18,36,0.3333333333333333,18,included,included
dfm_tierB_k1,B,H1,standard,2022Q3,wholesale_trade,wholesale_yoy_log,54,18,36,0.3333333333333333,18,included,included
dfm_tierB_k1,B,H1,standard,2022Q4,ppi,ppi_mom_log,57,57,0,1.0,35,included,included
dfm_tierB_k1,B,H1,standard,2022Q4,usd_uzs,usd_uzs_mom_dlog,57,57,0,1.0,57,included,included
dfm_tierB_k1,B,H1,standard,2022Q4,rub_uzs,rub_uzs_mom_dlog,57,57,0,1.0,57,included,included
dfm_tierB_k1,B,H1,standard,2022Q4,gold_price,gold_price_mom_dlog,57,57,0,1.0,57,included,included
dfm_tierB_k1,B,H1,standard,2022Q4,m2,m2_yoy_log,57,57,0,1.0,57,included,included
dfm_tierB_k1,B,H1,standard,2022Q4,fx_reserves_ex_gold,fx_reserves_exgold_yoy_log,57,57,0,1.0,57,included,included
dfm_tierB_k1,B,H1,standard,2022Q4,industrial_production,ind_prod_yoy_log,57,32,25,0.5614035087719298,32,included,included
dfm_tierB_k1,B,H1,standard,2022Q4,manufacturing,manufacturing_yoy_log,57,32,25,0.5614035087719298,32,included,included
dfm_tierB_k1,B,H1,standard,2022Q4,mining,mining_yoy_log,57,32,25,0.5614035087719298,32,included,included
dfm_tierB_k1,B,H1,standard,2022Q4,electricity_gas,utilities_yoy_log,57,32,25,0.5614035087719298,32,included,included
dfm_tierB_k1,B,H1,standard,2022Q4,retail_trade,retail_yoy_log,57,21,36,0.3684210526315789,21,included,included
dfm_tierB_k1,B,H1,standard,2022Q4,wholesale_trade,wholesale_yoy_log,57,21,36,0.3684210526315789,21,included,included
dfm_tierB_k1,B,H1,standard,2023Q1,ppi,ppi_mom_log,60,60,0,1.0,35,included,included
dfm_tierB_k1,B,H1,standard,2023Q1,usd_uzs,usd_uzs_mom_dlog,60,60,0,1.0,60,included,included
dfm_tierB_k1,B,H1,standard,2023Q1,rub_uzs,rub_uzs_mom_dlog,60,60,0,1.0,60,included,included
dfm_tierB_k1,B,H1,standard,2023Q1,gold_price,gold_price_mom_dlog,60,60,0,1.0,60,included,included
dfm_tierB_k1,B,H1,standard,2023Q1,m2,m2_yoy_log,60,60,0,1.0,60,included,included
dfm_tierB_k1,B,H1,standard,2023Q1,fx_reserves_ex_gold,fx_reserves_exgold_yoy_log,60,60,0,1.0,60,included,included
dfm_tierB_k1,B,H1,standard,2023Q1,industrial_production,ind_prod_yoy_log,60,35,25,0.5833333333333334,35,included,included
dfm_tierB_k1,B,H1,standard,2023Q1,manufacturing,manufacturing_yoy_log,60,35,25,0.5833333333333334,35,included,included
dfm_tierB_k1,B,H1,standard,2023Q1,mining,mining_yoy_log,60,35,25,0.5833333333333334,35,included,included
dfm_tierB_k1,B,H1,standard,2023Q1,electricity_gas,utilities_yoy_log,60,35,25,0.5833333333333334,35,included,included
dfm_tierB_k1,B,H1,standard,2023Q1,retail_trade,retail_yoy_log,60,24,36,0.4,24,included,included
dfm_tierB_k1,B,H1,standard,2023Q1,wholesale_trade,wholesale_yoy_log,60,24,36,0.4,24,included,included
dfm_tierB_k1,B,H1,standard,2023Q2,ppi,ppi_mom_log,63,63,0,1.0,36,included,included
dfm_tierB_k1,B,H1,standard,2023Q2,usd_uzs,usd_uzs_mom_dlog,63,63,0,1.0,63,included,included
dfm_tierB_k1,B,H1,standard,2023Q2,rub_uzs,rub_uzs_mom_dlog,63,63,0,1.0,63,included,included
dfm_tierB_k1,B,H1,standard,2023Q2,gold_price,gold_price_mom_dlog,63,63,0,1.0,63,included,included
dfm_tierB_k1,B,H1,standard,2023Q2,m2,m2_yoy_log,63,63,0,1.0,63,included,included
dfm_tierB_k1,B,H1,standard,2023Q2,fx_reserves_ex_gold,fx_reserves_exgold_yoy_log,63,63,0,1.0,63,included,included
dfm_tierB_k1,B,H1,standard,2023Q2,industrial_production,ind_prod_yoy_log,63,38,25,0.6031746031746031,38,included,included
dfm_tierB_k1,B,H1,standard,2023Q2,manufacturing,manufacturing_yoy_log,63,38,25,0.6031746031746031,38,included,included
dfm_tierB_k1,B,H1,standard,2023Q2,mining,mining_yoy_log,63,38,25,0.6031746031746031,38,included,included
dfm_tierB_k1,B,H1,standard,2023Q2,electricity_gas,utilities_yoy_log,63,38,25,0.6031746031746031,38,included,included
dfm_tierB_k1,B,H1,standard,2023Q2,retail_trade,retail_yoy_log,63,27,36,0.42857142857142855,27,included,included
dfm_tierB_k1,B,H1,standard,2023Q2,wholesale_trade,wholesale_yoy_log,63,27,36,0.42857142857142855,27,included,included
dfm_tierB_k1,B,H1,standard,2023Q3,ppi,ppi_mom_log,66,66,0,1.0,36,included,included
dfm_tierB_k1,B,H1,standard,2023Q3,usd_uzs,usd_uzs_mom_dlog,66,66,0,1.0,66,included,included
dfm_tierB_k1,B,H1,standard,2023Q3,rub_uzs,rub_uzs_mom_dlog,66,66,0,1.0,66,included,included
dfm_tierB_k1,B,H1,standard,2023Q3,gold_price,gold_price_mom_dlog,66,66,0,1.0,66,included,included
dfm_tierB_k1,B,H1,standard,2023Q3,m2,m2_yoy_log,66,66,0,1.0,66,included,included
dfm_tierB_k1,B,H1,standard,2023Q3,fx_reserves_ex_gold,fx_reserves_exgold_yoy_log,66,66,0,1.0,66,included,included
dfm_tierB_k1,B,H1,standard,2023Q3,industrial_production,ind_prod_yoy_log,66,41,25,0.6212121212121212,41,included,included
dfm_tierB_k1,B,H1,standard,2023Q3,manufacturing,manufacturing_yoy_log,66,41,25,0.6212121212121212,41,included,included
dfm_tierB_k1,B,H1,standard,2023Q3,mining,mining_yoy_log,66,41,25,0.6212121212121212,41,included,included
dfm_tierB_k1,B,H1,standard,2023Q3,electricity_gas,utilities_yoy_log,66,41,25,0.6212121212121212,41,included,included
dfm_tierB_k1,B,H1,standard,2023Q3,retail_trade,retail_yoy_log,66,30,36,0.45454545454545453,30,included,included
dfm_tierB_k1,B,H1,standard,2023Q3,wholesale_trade,wholesale_yoy_log,66,30,36,0.45454545454545453,30,included,included
dfm_tierB_k1,B,H1,standard,2023Q4,ppi,ppi_mom_log,69,69,0,1.0,36,included,included
dfm_tierB_k1,B,H1,standard,2023Q4,usd_uzs,usd_uzs_mom_dlog,69,69,0,1.0,69,included,included
dfm_tierB_k1,B,H1,standard,2023Q4,rub_uzs,rub_uzs_mom_dlog,69,69,0,1.0,69,included,included
dfm_tierB_k1,B,H1,standard,2023Q4,gold_price,gold_price_mom_dlog,69,69,0,1.0,69,included,included
dfm_tierB_k1,B,H1,standard,2023Q4,m2,m2_yoy_log,69,69,0,1.0,69,included,included
dfm_tierB_k1,B,H1,standard,2023Q4,fx_reserves_ex_gold,fx_reserves_exgold_yoy_log,69,69,0,1.0,69,included,included
dfm_tierB_k1,B,H1,standard,2023Q4,industrial_production,ind_prod_yoy_log,69,44,25,0.6376811594202898,44,included,included
dfm_tierB_k1,B,H1,standard,2023Q4,manufacturing,manufacturing_yoy_log,69,44,25,0.6376811594202898,44,included,included
dfm_tierB_k1,B,H1,standard,2023Q4,mining,mining_yoy_log,69,44,25,0.6376811594202898,44,included,included
dfm_tierB_k1,B,H1,standard,2023Q4,electricity_gas,utilities_yoy_log,69,44,25,0.6376811594202898,44,included,included
dfm_tierB_k1,B,H1,standard,2023Q4,retail_trade,retail_yoy_log,69,33,36,0.4782608695652174,33,included,included
dfm_tierB_k1,B,H1,standard,2023Q4,wholesale_trade,wholesale_yoy_log,69,33,36,0.4782608695652174,33,included,included
dfm_tierB_k1,B,H1,standard,2024Q1,ppi,ppi_mom_log,72,72,0,1.0,37,included,included
dfm_tierB_k1,B,H1,standard,2024Q1,usd_uzs,usd_uzs_mom_dlog,72,72,0,1.0,72,included,included
dfm_tierB_k1,B,H1,standard,2024Q1,rub_uzs,rub_uzs_mom_dlog,72,72,0,1.0,72,included,included
dfm_tierB_k1,B,H1,standard,2024Q1,gold_price,gold_price_mom_dlog,72,72,0,1.0,71,included,included
dfm_tierB_k1,B,H1,standard,2024Q1,m2,m2_yoy_log,72,72,0,1.0,72,included,included
dfm_tierB_k1,B,H1,standard,2024Q1,fx_reserves_ex_gold,fx_reserves_exgold_yoy_log,72,72,0,1.0,72,included,included
dfm_tierB_k1,B,H1,standard,2024Q1,industrial_production,ind_prod_yoy_log,72,47,25,0.6527777777777778,47,included,included
dfm_tierB_k1,B,H1,standard,2024Q1,manufacturing,manufacturing_yoy_log,72,47,25,0.6527777777777778,47,included,included
dfm_tierB_k1,B,H1,standard,2024Q1,mining,mining_yoy_log,72,47,25,0.6527777777777778,47,included,included
dfm_tierB_k1,B,H1,standard,2024Q1,electricity_gas,utilities_yoy_log,72,47,25,0.6527777777777778,47,included,included
dfm_tierB_k1,B,H1,standard,2024Q1,retail_trade,retail_yoy_log,72,36,36,0.5,36,included,included
dfm_tierB_k1,B,H1,standard,2024Q1,wholesale_trade,wholesale_yoy_log,72,35,37,0.4861111111111111,35,included,included
dfm_tierB_k1,B,H1,standard,2024Q2,ppi,ppi_mom_log,75,75,0,1.0,38,included,included
dfm_tierB_k1,B,H1,standard,2024Q2,usd_uzs,usd_uzs_mom_dlog,75,75,0,1.0,75,included,included
dfm_tierB_k1,B,H1,standard,2024Q2,rub_uzs,rub_uzs_mom_dlog,75,75,0,1.0,75,included,included
dfm_tierB_k1,B,H1,standard,2024Q2,gold_price,gold_price_mom_dlog,75,75,0,1.0,74,included,included
dfm_tierB_k1,B,H1,standard,2024Q2,m2,m2_yoy_log,75,75,0,1.0,75,included,included
dfm_tierB_k1,B,H1,standard,2024Q2,fx_reserves_ex_gold,fx_reserves_exgold_yoy_log,75,75,0,1.0,75,included,included
dfm_tierB_k1,B,H1,standard,2024Q2,industrial_production,ind_prod_yoy_log,75,50,25,0.6666666666666666,50,included,included
dfm_tierB_k1,B,H1,standard,2024Q2,manufacturing,manufacturing_yoy_log,75,50,25,0.6666666666666666,50,included,included
dfm_tierB_k1,B,H1,standard,2024Q2,mining,mining_yoy_log,75,50,25,0.6666666666666666,50,included,included
dfm_tierB_k1,B,H1,standard,2024Q2,electricity_gas,utilities_yoy_log,75,50,25,0.6666666666666666,50,included,included
dfm_tierB_k1,B,H1,standard,2024Q2,retail_trade,retail_yoy_log,75,39,36,0.52,39,included,included
dfm_tierB_k1,B,H1,standard,2024Q2,wholesale_trade,wholesale_yoy_log,75,38,37,0.5066666666666667,38,included,included
dfm_tierB_k1,B,H1,standard,2024Q3,ppi,ppi_mom_log,78,78,0,1.0,38,included,included
dfm_tierB_k1,B,H1,standard,2024Q3,usd_uzs,usd_uzs_mom_dlog,78,78,0,1.0,78,included,included
dfm_tierB_k1,B,H1,standard,2024Q3,rub_uzs,rub_uzs_mom_dlog,78,78,0,1.0,78,included,included
dfm_tierB_k1,B,H1,standard,2024Q3,gold_price,gold_price_mom_dlog,78,78,0,1.0,77,included,included
dfm_tierB_k1,B,H1,standard,2024Q3,m2,m2_yoy_log,78,78,0,1.0,78,included,included
dfm_tierB_k1,B,H1,standard,2024Q3,fx_reserves_ex_gold,fx_reserves_exgold_yoy_log,78,78,0,1.0,78,included,included
dfm_tierB_k1,B,H1,standard,2024Q3,industrial_production,ind_prod_yoy_log,78,53,25,0.6794871794871795,53,included,included
dfm_tierB_k1,B,H1,standard,2024Q3,manufacturing,manufacturing_yoy_log,78,53,25,0.6794871794871795,53,included,included
dfm_tierB_k1,B,H1,standard,2024Q3,mining,mining_yoy_log,78,53,25,0.6794871794871795,53,included,included
dfm_tierB_k1,B,H1,standard,2024Q3,electricity_gas,utilities_yoy_log,78,53,25,0.6794871794871795,53,included,included
dfm_tierB_k1,B,H1,standard,2024Q3,retail_trade,retail_yoy_log,78,42,36,0.5384615384615384,42,included,included
dfm_tierB_k1,B,H1,standard,2024Q3,wholesale_trade,wholesale_yoy_log,78,41,37,0.5256410256410257,41,included,included
dfm_tierB_k1,B,H1,standard,2024Q4,ppi,ppi_mom_log,81,81,0,1.0,38,included,included
dfm_tierB_k1,B,H1,standard,2024Q4,usd_uzs,usd_uzs_mom_dlog,81,81,0,1.0,81,included,included
dfm_tierB_k1,B,H1,standard,2024Q4,rub_uzs,rub_uzs_mom_dlog,81,81,0,1.0,81,included,included
dfm_tierB_k1,B,H1,standard,2024Q4,gold_price,gold_price_mom_dlog,81,81,0,1.0,80,included,included
dfm_tierB_k1,B,H1,standard,2024Q4,m2,m2_yoy_log,81,81,0,1.0,81,included,included
dfm_tierB_k1,B,H1,standard,2024Q4,fx_reserves_ex_gold,fx_reserves_exgold_yoy_log,81,81,0,1.0,81,included,included
dfm_tierB_k1,B,H1,standard,2024Q4,industrial_production,ind_prod_yoy_log,81,56,25,0.691358024691358,56,included,included
dfm_tierB_k1,B,H1,standard,2024Q4,manufacturing,manufacturing_yoy_log,81,56,25,0.691358024691358,56,included,included
dfm_tierB_k1,B,H1,standard,2024Q4,mining,mining_yoy_log,81,56,25,0.691358024691358,56,included,included
dfm_tierB_k1,B,H1,standard,2024Q4,electricity_gas,utilities_yoy_log,81,56,25,0.691358024691358,56,included,included
dfm_tierB_k1,B,H1,standard,2024Q4,retail_trade,retail_yoy_log,81,45,36,0.5555555555555556,45,included,included
dfm_tierB_k1,B,H1,standard,2024Q4,wholesale_trade,wholesale_yoy_log,81,44,37,0.5432098765432098,44,included,included
dfm_tierB_k1,B,H1,standard,2025Q1,ppi,ppi_mom_log,84,84,0,1.0,38,included,included
dfm_tierB_k1,B,H1,standard,2025Q1,usd_uzs,usd_uzs_mom_dlog,84,84,0,1.0,84,included,included
dfm_tierB_k1,B,H1,standard,2025Q1,rub_uzs,rub_uzs_mom_dlog,84,84,0,1.0,84,included,included
dfm_tierB_k1,B,H1,standard,2025Q1,gold_price,gold_price_mom_dlog,84,84,0,1.0,83,included,included
dfm_tierB_k1,B,H1,standard,2025Q1,m2,m2_yoy_log,84,84,0,1.0,84,included,included
dfm_tierB_k1,B,H1,standard,2025Q1,fx_reserves_ex_gold,fx_reserves_exgold_yoy_log,84,84,0,1.0,84,included,included
dfm_tierB_k1,B,H1,standard,2025Q1,industrial_production,ind_prod_yoy_log,84,59,25,0.7023809523809523,59,included,included
dfm_tierB_k1,B,H1,standard,2025Q1,manufacturing,manufacturing_yoy_log,84,59,25,0.7023809523809523,59,included,included
dfm_tierB_k1,B,H1,standard,2025Q1,mining,mining_yoy_log,84,59,25,0.7023809523809523,59,included,included
dfm_tierB_k1,B,H1,standard,2025Q1,electricity_gas,utilities_yoy_log,84,59,25,0.7023809523809523,59,included,included
dfm_tierB_k1,B,H1,standard,2025Q1,retail_trade,retail_yoy_log,84,48,36,0.5714285714285714,48,included,included
dfm_tierB_k1,B,H1,standard,2025Q1,wholesale_trade,wholesale_yoy_log,84,46,38,0.5476190476190477,46,included,included
dfm_tierB_k1,B,H1,standard,2025Q2,ppi,ppi_mom_log,87,87,0,1.0,38,included,included
dfm_tierB_k1,B,H1,standard,2025Q2,usd_uzs,usd_uzs_mom_dlog,87,87,0,1.0,87,included,included
dfm_tierB_k1,B,H1,standard,2025Q2,rub_uzs,rub_uzs_mom_dlog,87,87,0,1.0,87,included,included
dfm_tierB_k1,B,H1,standard,2025Q2,gold_price,gold_price_mom_dlog,87,87,0,1.0,86,included,included
dfm_tierB_k1,B,H1,standard,2025Q2,m2,m2_yoy_log,87,87,0,1.0,87,included,included
dfm_tierB_k1,B,H1,standard,2025Q2,fx_reserves_ex_gold,fx_reserves_exgold_yoy_log,87,87,0,1.0,87,included,included
dfm_tierB_k1,B,H1,standard,2025Q2,industrial_production,ind_prod_yoy_log,87,62,25,0.7126436781609196,62,included,included
dfm_tierB_k1,B,H1,standard,2025Q2,manufacturing,manufacturing_yoy_log,87,62,25,0.7126436781609196,62,included,included
dfm_tierB_k1,B,H1,standard,2025Q2,mining,mining_yoy_log,87,62,25,0.7126436781609196,62,included,included
dfm_tierB_k1,B,H1,standard,2025Q2,electricity_gas,utilities_yoy_log,87,62,25,0.7126436781609196,62,included,included
dfm_tierB_k1,B,H1,standard,2025Q2,retail_trade,retail_yoy_log,87,51,36,0.5862068965517241,51,included,included
dfm_tierB_k1,B,H1,standard,2025Q2,wholesale_trade,wholesale_yoy_log,87,49,38,0.5632183908045977,49,included,included
dfm_tierC_k1,C,H1,standard,2021Q1,ppi,ppi_mom_log,36,36,0,1.0,26,included,included
dfm_tierC_k1,C,H1,standard,2021Q1,usd_uzs,usd_uzs_mom_dlog,36,36,0,1.0,36,included,included
dfm_tierC_k1,C,H1,standard,2021Q1,rub_uzs,rub_uzs_mom_dlog,36,36,0,1.0,36,included,included
dfm_tierC_k1,C,H1,standard,2021Q1,gold_price,gold_price_mom_dlog,36,36,0,1.0,36,included,included
dfm_tierC_k1,C,H1,standard,2021Q1,m2,m2_yoy_log,36,36,0,1.0,36,included,included
dfm_tierC_k1,C,H1,standard,2021Q1,fx_reserves_ex_gold,fx_reserves_exgold_yoy_log,36,36,0,1.0,36,included,included
dfm_tierC_k1,C,H1,standard,2021Q1,industrial_production,ind_prod_yoy_log,36,11,25,0.3055555555555556,11,excluded,insufficient_in_window_coverage
dfm_tierC_k1,C,H1,standard,2021Q1,manufacturing,manufacturing_yoy_log,36,11,25,0.3055555555555556,11,excluded,insufficient_in_window_coverage
dfm_tierC_k1,C,H1,standard,2021Q1,mining,mining_yoy_log,36,11,25,0.3055555555555556,11,excluded,insufficient_in_window_coverage
dfm_tierC_k1,C,H1,standard,2021Q1,electricity_gas,utilities_yoy_log,36,11,25,0.3055555555555556,11,excluded,insufficient_in_window_coverage
dfm_tierC_k1,C,H1,standard,2021Q1,retail_trade,retail_yoy_log,36,0,36,0.0,0,excluded,insufficient_in_window_coverage
dfm_tierC_k1,C,H1,standard,2021Q1,wholesale_trade,wholesale_yoy_log,36,0,36,0.0,0,excluded,insufficient_in_window_coverage
dfm_tierC_k1,C,H1,standard,2021Q1,construction,construction_yoy_log,36,0,36,0.0,0,excluded,insufficient_in_window_coverage
dfm_tierC_k1,C,H1,standard,2021Q1,cpi_headline,cpi_headline_mom_log,36,0,36,0.0,0,excluded,insufficient_in_window_coverage
dfm_tierC_k1,C,H1,standard,2021Q1,cpi_food,cpi_food_mom_log,36,0,36,0.0,0,excluded,insufficient_in_window_coverage
dfm_tierC_k1,C,H1,standard,2021Q1,cpi_services,cpi_services_mom_log,36,0,36,0.0,0,excluded,insufficient_in_window_coverage
dfm_tierC_k1,C,H1,standard,2021Q1,exports_total,exports_total_yoy_log,36,0,36,0.0,0,excluded,insufficient_in_window_coverage
dfm_tierC_k1,C,H1,standard,2021Q1,exports_non_gold,exports_non_gold_yoy_log,36,0,36,0.0,0,excluded,insufficient_in_window_coverage
dfm_tierC_k1,C,H1,standard,2021Q1,imports_total,imports_total_yoy_log,36,0,36,0.0,0,excluded,insufficient_in_window_coverage
dfm_tierC_k1,C,H1,standard,2021Q1,gold_exports_proxy,gold_exports_proxy_usd_m,36,0,36,0.0,0,excluded,insufficient_in_window_coverage
dfm_tierC_k1,C,H1,standard,2021Q2,ppi,ppi_mom_log,39,39,0,1.0,26,included,included
dfm_tierC_k1,C,H1,standard,2021Q2,usd_uzs,usd_uzs_mom_dlog,39,39,0,1.0,39,included,included
dfm_tierC_k1,C,H1,standard,2021Q2,rub_uzs,rub_uzs_mom_dlog,39,39,0,1.0,39,included,included
dfm_tierC_k1,C,H1,standard,2021Q2,gold_price,gold_price_mom_dlog,39,39,0,1.0,39,included,included
dfm_tierC_k1,C,H1,standard,2021Q2,m2,m2_yoy_log,39,39,0,1.0,39,included,included
dfm_tierC_k1,C,H1,standard,2021Q2,fx_reserves_ex_gold,fx_reserves_exgold_yoy_log,39,39,0,1.0,39,included,included
dfm_tierC_k1,C,H1,standard,2021Q2,industrial_production,ind_prod_yoy_log,39,14,25,0.358974358974359,14,included,included
dfm_tierC_k1,C,H1,standard,2021Q2,manufacturing,manufacturing_yoy_log,39,14,25,0.358974358974359,14,included,included
dfm_tierC_k1,C,H1,standard,2021Q2,mining,mining_yoy_log,39,14,25,0.358974358974359,14,included,included
dfm_tierC_k1,C,H1,standard,2021Q2,electricity_gas,utilities_yoy_log,39,14,25,0.358974358974359,14,included,included
dfm_tierC_k1,C,H1,standard,2021Q2,retail_trade,retail_yoy_log,39,3,36,0.07692307692307693,3,excluded,insufficient_in_window_coverage
dfm_tierC_k1,C,H1,standard,2021Q2,wholesale_trade,wholesale_yoy_log,39,3,36,0.07692307692307693,3,excluded,insufficient_in_window_coverage
dfm_tierC_k1,C,H1,standard,2021Q2,construction,construction_yoy_log,39,0,39,0.0,0,excluded,insufficient_in_window_coverage
dfm_tierC_k1,C,H1,standard,2021Q2,cpi_headline,cpi_headline_mom_log,39,3,36,0.07692307692307693,3,excluded,insufficient_in_window_coverage
dfm_tierC_k1,C,H1,standard,2021Q2,cpi_food,cpi_food_mom_log,39,3,36,0.07692307692307693,3,excluded,insufficient_in_window_coverage
dfm_tierC_k1,C,H1,standard,2021Q2,cpi_services,cpi_services_mom_log,39,3,36,0.07692307692307693,3,excluded,insufficient_in_window_coverage
dfm_tierC_k1,C,H1,standard,2021Q2,exports_total,exports_total_yoy_log,39,0,39,0.0,0,excluded,insufficient_in_window_coverage
dfm_tierC_k1,C,H1,standard,2021Q2,exports_non_gold,exports_non_gold_yoy_log,39,0,39,0.0,0,excluded,insufficient_in_window_coverage
dfm_tierC_k1,C,H1,standard,2021Q2,imports_total,imports_total_yoy_log,39,0,39,0.0,0,excluded,insufficient_in_window_coverage
dfm_tierC_k1,C,H1,standard,2021Q2,gold_exports_proxy,gold_exports_proxy_usd_m,39,3,36,0.07692307692307693,3,excluded,insufficient_in_window_coverage
dfm_tierC_k1,C,H1,standard,2021Q3,ppi,ppi_mom_log,42,42,0,1.0,27,included,included
dfm_tierC_k1,C,H1,standard,2021Q3,usd_uzs,usd_uzs_mom_dlog,42,42,0,1.0,42,included,included
dfm_tierC_k1,C,H1,standard,2021Q3,rub_uzs,rub_uzs_mom_dlog,42,42,0,1.0,42,included,included
dfm_tierC_k1,C,H1,standard,2021Q3,gold_price,gold_price_mom_dlog,42,42,0,1.0,42,included,included
dfm_tierC_k1,C,H1,standard,2021Q3,m2,m2_yoy_log,42,42,0,1.0,42,included,included
dfm_tierC_k1,C,H1,standard,2021Q3,fx_reserves_ex_gold,fx_reserves_exgold_yoy_log,42,42,0,1.0,42,included,included
dfm_tierC_k1,C,H1,standard,2021Q3,industrial_production,ind_prod_yoy_log,42,17,25,0.40476190476190477,17,included,included
dfm_tierC_k1,C,H1,standard,2021Q3,manufacturing,manufacturing_yoy_log,42,17,25,0.40476190476190477,17,included,included
dfm_tierC_k1,C,H1,standard,2021Q3,mining,mining_yoy_log,42,17,25,0.40476190476190477,17,included,included
dfm_tierC_k1,C,H1,standard,2021Q3,electricity_gas,utilities_yoy_log,42,17,25,0.40476190476190477,17,included,included
dfm_tierC_k1,C,H1,standard,2021Q3,retail_trade,retail_yoy_log,42,6,36,0.14285714285714285,6,excluded,insufficient_in_window_coverage
dfm_tierC_k1,C,H1,standard,2021Q3,wholesale_trade,wholesale_yoy_log,42,6,36,0.14285714285714285,6,excluded,insufficient_in_window_coverage
dfm_tierC_k1,C,H1,standard,2021Q3,construction,construction_yoy_log,42,0,42,0.0,0,excluded,insufficient_in_window_coverage
dfm_tierC_k1,C,H1,standard,2021Q3,cpi_headline,cpi_headline_mom_log,42,6,36,0.14285714285714285,6,excluded,insufficient_in_window_coverage
dfm_tierC_k1,C,H1,standard,2021Q3,cpi_food,cpi_food_mom_log,42,6,36,0.14285714285714285,6,excluded,insufficient_in_window_coverage
dfm_tierC_k1,C,H1,standard,2021Q3,cpi_services,cpi_services_mom_log,42,6,36,0.14285714285714285,6,excluded,insufficient_in_window_coverage
dfm_tierC_k1,C,H1,standard,2021Q3,exports_total,exports_total_yoy_log,42,0,42,0.0,0,excluded,insufficient_in_window_coverage
dfm_tierC_k1,C,H1,standard,2021Q3,exports_non_gold,exports_non_gold_yoy_log,42,0,42,0.0,0,excluded,insufficient_in_window_coverage
dfm_tierC_k1,C,H1,standard,2021Q3,imports_total,imports_total_yoy_log,42,0,42,0.0,0,excluded,insufficient_in_window_coverage
dfm_tierC_k1,C,H1,standard,2021Q3,gold_exports_proxy,gold_exports_proxy_usd_m,42,6,36,0.14285714285714285,6,excluded,insufficient_in_window_coverage
dfm_tierC_k1,C,H1,standard,2021Q4,ppi,ppi_mom_log,45,45,0,1.0,29,included,included
dfm_tierC_k1,C,H1,standard,2021Q4,usd_uzs,usd_uzs_mom_dlog,45,45,0,1.0,45,included,included
dfm_tierC_k1,C,H1,standard,2021Q4,rub_uzs,rub_uzs_mom_dlog,45,45,0,1.0,45,included,included
dfm_tierC_k1,C,H1,standard,2021Q4,gold_price,gold_price_mom_dlog,45,45,0,1.0,45,included,included
dfm_tierC_k1,C,H1,standard,2021Q4,m2,m2_yoy_log,45,45,0,1.0,45,included,included
dfm_tierC_k1,C,H1,standard,2021Q4,fx_reserves_ex_gold,fx_reserves_exgold_yoy_log,45,45,0,1.0,45,included,included
dfm_tierC_k1,C,H1,standard,2021Q4,industrial_production,ind_prod_yoy_log,45,20,25,0.4444444444444444,20,included,included
dfm_tierC_k1,C,H1,standard,2021Q4,manufacturing,manufacturing_yoy_log,45,20,25,0.4444444444444444,20,included,included
dfm_tierC_k1,C,H1,standard,2021Q4,mining,mining_yoy_log,45,20,25,0.4444444444444444,20,included,included
dfm_tierC_k1,C,H1,standard,2021Q4,electricity_gas,utilities_yoy_log,45,20,25,0.4444444444444444,20,included,included
dfm_tierC_k1,C,H1,standard,2021Q4,retail_trade,retail_yoy_log,45,9,36,0.2,9,excluded,insufficient_in_window_coverage
dfm_tierC_k1,C,H1,standard,2021Q4,wholesale_trade,wholesale_yoy_log,45,9,36,0.2,9,excluded,insufficient_in_window_coverage
dfm_tierC_k1,C,H1,standard,2021Q4,construction,construction_yoy_log,45,0,45,0.0,0,excluded,insufficient_in_window_coverage
dfm_tierC_k1,C,H1,standard,2021Q4,cpi_headline,cpi_headline_mom_log,45,9,36,0.2,9,excluded,insufficient_in_window_coverage
dfm_tierC_k1,C,H1,standard,2021Q4,cpi_food,cpi_food_mom_log,45,9,36,0.2,9,excluded,insufficient_in_window_coverage
dfm_tierC_k1,C,H1,standard,2021Q4,cpi_services,cpi_services_mom_log,45,9,36,0.2,9,excluded,insufficient_in_window_coverage
dfm_tierC_k1,C,H1,standard,2021Q4,exports_total,exports_total_yoy_log,45,0,45,0.0,0,excluded,insufficient_in_window_coverage
dfm_tierC_k1,C,H1,standard,2021Q4,exports_non_gold,exports_non_gold_yoy_log,45,0,45,0.0,0,excluded,insufficient_in_window_coverage
dfm_tierC_k1,C,H1,standard,2021Q4,imports_total,imports_total_yoy_log,45,0,45,0.0,0,excluded,insufficient_in_window_coverage
dfm_tierC_k1,C,H1,standard,2021Q4,gold_exports_proxy,gold_exports_proxy_usd_m,45,9,36,0.2,9,excluded,insufficient_in_window_coverage
dfm_tierC_k1,C,H1,standard,2022Q1,ppi,ppi_mom_log,48,48,0,1.0,31,included,included
dfm_tierC_k1,C,H1,standard,2022Q1,usd_uzs,usd_uzs_mom_dlog,48,48,0,1.0,48,included,included
dfm_tierC_k1,C,H1,standard,2022Q1,rub_uzs,rub_uzs_mom_dlog,48,48,0,1.0,48,included,included
dfm_tierC_k1,C,H1,standard,2022Q1,gold_price,gold_price_mom_dlog,48,48,0,1.0,48,included,included
dfm_tierC_k1,C,H1,standard,2022Q1,m2,m2_yoy_log,48,48,0,1.0,48,included,included
dfm_tierC_k1,C,H1,standard,2022Q1,fx_reserves_ex_gold,fx_reserves_exgold_yoy_log,48,48,0,1.0,48,included,included
dfm_tierC_k1,C,H1,standard,2022Q1,industrial_production,ind_prod_yoy_log,48,23,25,0.4791666666666667,23,included,included
dfm_tierC_k1,C,H1,standard,2022Q1,manufacturing,manufacturing_yoy_log,48,23,25,0.4791666666666667,23,included,included
dfm_tierC_k1,C,H1,standard,2022Q1,mining,mining_yoy_log,48,23,25,0.4791666666666667,23,included,included
dfm_tierC_k1,C,H1,standard,2022Q1,electricity_gas,utilities_yoy_log,48,23,25,0.4791666666666667,23,included,included
dfm_tierC_k1,C,H1,standard,2022Q1,retail_trade,retail_yoy_log,48,12,36,0.25,12,included,included
dfm_tierC_k1,C,H1,standard,2022Q1,wholesale_trade,wholesale_yoy_log,48,12,36,0.25,12,included,included
dfm_tierC_k1,C,H1,standard,2022Q1,construction,construction_yoy_log,48,0,48,0.0,0,excluded,insufficient_in_window_coverage
dfm_tierC_k1,C,H1,standard,2022Q1,cpi_headline,cpi_headline_mom_log,48,12,36,0.25,12,included,included
dfm_tierC_k1,C,H1,standard,2022Q1,cpi_food,cpi_food_mom_log,48,12,36,0.25,12,included,included
dfm_tierC_k1,C,H1,standard,2022Q1,cpi_services,cpi_services_mom_log,48,12,36,0.25,11,included,included
dfm_tierC_k1,C,H1,standard,2022Q1,exports_total,exports_total_yoy_log,48,0,48,0.0,0,excluded,insufficient_in_window_coverage
dfm_tierC_k1,C,H1,standard,2022Q1,exports_non_gold,exports_non_gold_yoy_log,48,0,48,0.0,0,excluded,insufficient_in_window_coverage
dfm_tierC_k1,C,H1,standard,2022Q1,imports_total,imports_total_yoy_log,48,0,48,0.0,0,excluded,insufficient_in_window_coverage
dfm_tierC_k1,C,H1,standard,2022Q1,gold_exports_proxy,gold_exports_proxy_usd_m,48,12,36,0.25,12,included,included
dfm_tierC_k1,C,H1,standard,2022Q2,ppi,ppi_mom_log,51,51,0,1.0,32,included,included
dfm_tierC_k1,C,H1,standard,2022Q2,usd_uzs,usd_uzs_mom_dlog,51,51,0,1.0,51,included,included
dfm_tierC_k1,C,H1,standard,2022Q2,rub_uzs,rub_uzs_mom_dlog,51,51,0,1.0,51,included,included
dfm_tierC_k1,C,H1,standard,2022Q2,gold_price,gold_price_mom_dlog,51,51,0,1.0,51,included,included
dfm_tierC_k1,C,H1,standard,2022Q2,m2,m2_yoy_log,51,51,0,1.0,51,included,included
dfm_tierC_k1,C,H1,standard,2022Q2,fx_reserves_ex_gold,fx_reserves_exgold_yoy_log,51,51,0,1.0,51,included,included
dfm_tierC_k1,C,H1,standard,2022Q2,industrial_production,ind_prod_yoy_log,51,26,25,0.5098039215686274,26,included,included
dfm_tierC_k1,C,H1,standard,2022Q2,manufacturing,manufacturing_yoy_log,51,26,25,0.5098039215686274,26,included,included
dfm_tierC_k1,C,H1,standard,2022Q2,mining,mining_yoy_log,51,26,25,0.5098039215686274,26,included,included
dfm_tierC_k1,C,H1,standard,2022Q2,electricity_gas,utilities_yoy_log,51,26,25,0.5098039215686274,26,included,included
dfm_tierC_k1,C,H1,standard,2022Q2,retail_trade,retail_yoy_log,51,15,36,0.29411764705882354,15,included,included
dfm_tierC_k1,C,H1,standard,2022Q2,wholesale_trade,wholesale_yoy_log,51,15,36,0.29411764705882354,15,included,included
dfm_tierC_k1,C,H1,standard,2022Q2,construction,construction_yoy_log,51,3,48,0.058823529411764705,3,excluded,insufficient_in_window_coverage
dfm_tierC_k1,C,H1,standard,2022Q2,cpi_headline,cpi_headline_mom_log,51,15,36,0.29411764705882354,14,included,included
dfm_tierC_k1,C,H1,standard,2022Q2,cpi_food,cpi_food_mom_log,51,15,36,0.29411764705882354,14,included,included
dfm_tierC_k1,C,H1,standard,2022Q2,cpi_services,cpi_services_mom_log,51,15,36,0.29411764705882354,14,included,included
dfm_tierC_k1,C,H1,standard,2022Q2,exports_total,exports_total_yoy_log,51,3,48,0.058823529411764705,3,excluded,insufficient_in_window_coverage
dfm_tierC_k1,C,H1,standard,2022Q2,exports_non_gold,exports_non_gold_yoy_log,51,3,48,0.058823529411764705,3,excluded,insufficient_in_window_coverage
dfm_tierC_k1,C,H1,standard,2022Q2,imports_total,imports_total_yoy_log,51,3,48,0.058823529411764705,3,excluded,insufficient_in_window_coverage
dfm_tierC_k1,C,H1,standard,2022Q2,gold_exports_proxy,gold_exports_proxy_usd_m,51,15,36,0.29411764705882354,15,included,included
dfm_tierC_k1,C,H1,standard,2022Q3,ppi,ppi_mom_log,54,54,0,1.0,33,included,included
dfm_tierC_k1,C,H1,standard,2022Q3,usd_uzs,usd_uzs_mom_dlog,54,54,0,1.0,54,included,included
dfm_tierC_k1,C,H1,standard,2022Q3,rub_uzs,rub_uzs_mom_dlog,54,54,0,1.0,54,included,included
dfm_tierC_k1,C,H1,standard,2022Q3,gold_price,gold_price_mom_dlog,54,54,0,1.0,54,included,included
dfm_tierC_k1,C,H1,standard,2022Q3,m2,m2_yoy_log,54,54,0,1.0,54,included,included
dfm_tierC_k1,C,H1,standard,2022Q3,fx_reserves_ex_gold,fx_reserves_exgold_yoy_log,54,54,0,1.0,54,included,included
dfm_tierC_k1,C,H1,standard,2022Q3,industrial_production,ind_prod_yoy_log,54,29,25,0.5370370370370371,29,included,included
dfm_tierC_k1,C,H1,standard,2022Q3,manufacturing,manufacturing_yoy_log,54,29,25,0.5370370370370371,29,included,included
dfm_tierC_k1,C,H1,standard,2022Q3,mining,mining_yoy_log,54,29,25,0.5370370370370371,29,included,included
dfm_tierC_k1,C,H1,standard,2022Q3,electricity_gas,utilities_yoy_log,54,29,25,0.5370370370370371,29,included,included
dfm_tierC_k1,C,H1,standard,2022Q3,retail_trade,retail_yoy_log,54,18,36,0.3333333333333333,18,included,included
dfm_tierC_k1,C,H1,standard,2022Q3,wholesale_trade,wholesale_yoy_log,54,18,36,0.3333333333333333,18,included,included
dfm_tierC_k1,C,H1,standard,2022Q3,construction,construction_yoy_log,54,6,48,0.1111111111111111,6,excluded,insufficient_in_window_coverage
dfm_tierC_k1,C,H1,standard,2022Q3,cpi_headline,cpi_headline_mom_log,54,18,36,0.3333333333333333,17,included,included
dfm_tierC_k1,C,H1,standard,2022Q3,cpi_food,cpi_food_mom_log,54,18,36,0.3333333333333333,17,included,included
dfm_tierC_k1,C,H1,standard,2022Q3,cpi_services,cpi_services_mom_log,54,18,36,0.3333333333333333,16,included,included
dfm_tierC_k1,C,H1,standard,2022Q3,exports_total,exports_total_yoy_log,54,6,48,0.1111111111111111,6,excluded,insufficient_in_window_coverage
dfm_tierC_k1,C,H1,standard,2022Q3,exports_non_gold,exports_non_gold_yoy_log,54,6,48,0.1111111111111111,6,excluded,insufficient_in_window_coverage
dfm_tierC_k1,C,H1,standard,2022Q3,imports_total,imports_total_yoy_log,54,6,48,0.1111111111111111,6,excluded,insufficient_in_window_coverage
dfm_tierC_k1,C,H1,standard,2022Q3,gold_exports_proxy,gold_exports_proxy_usd_m,54,18,36,0.3333333333333333,18,included,included
dfm_tierC_k1,C,H1,standard,2022Q4,ppi,ppi_mom_log,57,57,0,1.0,35,included,included
dfm_tierC_k1,C,H1,standard,2022Q4,usd_uzs,usd_uzs_mom_dlog,57,57,0,1.0,57,included,included
dfm_tierC_k1,C,H1,standard,2022Q4,rub_uzs,rub_uzs_mom_dlog,57,57,0,1.0,57,included,included
dfm_tierC_k1,C,H1,standard,2022Q4,gold_price,gold_price_mom_dlog,57,57,0,1.0,57,included,included
dfm_tierC_k1,C,H1,standard,2022Q4,m2,m2_yoy_log,57,57,0,1.0,57,included,included
dfm_tierC_k1,C,H1,standard,2022Q4,fx_reserves_ex_gold,fx_reserves_exgold_yoy_log,57,57,0,1.0,57,included,included
dfm_tierC_k1,C,H1,standard,2022Q4,industrial_production,ind_prod_yoy_log,57,32,25,0.5614035087719298,32,included,included
dfm_tierC_k1,C,H1,standard,2022Q4,manufacturing,manufacturing_yoy_log,57,32,25,0.5614035087719298,32,included,included
dfm_tierC_k1,C,H1,standard,2022Q4,mining,mining_yoy_log,57,32,25,0.5614035087719298,32,included,included
dfm_tierC_k1,C,H1,standard,2022Q4,electricity_gas,utilities_yoy_log,57,32,25,0.5614035087719298,32,included,included
dfm_tierC_k1,C,H1,standard,2022Q4,retail_trade,retail_yoy_log,57,21,36,0.3684210526315789,21,included,included
dfm_tierC_k1,C,H1,standard,2022Q4,wholesale_trade,wholesale_yoy_log,57,21,36,0.3684210526315789,21,included,included
dfm_tierC_k1,C,H1,standard,2022Q4,construction,construction_yoy_log,57,9,48,0.15789473684210525,9,excluded,insufficient_in_window_coverage
dfm_tierC_k1,C,H1,standard,2022Q4,cpi_headline,cpi_headline_mom_log,57,21,36,0.3684210526315789,19,included,included
dfm_tierC_k1,C,H1,standard,2022Q4,cpi_food,cpi_food_mom_log,57,21,36,0.3684210526315789,20,included,included
dfm_tierC_k1,C,H1,standard,2022Q4,cpi_services,cpi_services_mom_log,57,21,36,0.3684210526315789,18,included,included
dfm_tierC_k1,C,H1,standard,2022Q4,exports_total,exports_total_yoy_log,57,9,48,0.15789473684210525,9,excluded,insufficient_in_window_coverage
dfm_tierC_k1,C,H1,standard,2022Q4,exports_non_gold,exports_non_gold_yoy_log,57,9,48,0.15789473684210525,9,excluded,insufficient_in_window_coverage
dfm_tierC_k1,C,H1,standard,2022Q4,imports_total,imports_total_yoy_log,57,9,48,0.15789473684210525,9,excluded,insufficient_in_window_coverage
dfm_tierC_k1,C,H1,standard,2022Q4,gold_exports_proxy,gold_exports_proxy_usd_m,57,21,36,0.3684210526315789,21,included,included
dfm_tierC_k1,C,H1,standard,2023Q1,ppi,ppi_mom_log,60,60,0,1.0,35,included,included
dfm_tierC_k1,C,H1,standard,2023Q1,usd_uzs,usd_uzs_mom_dlog,60,60,0,1.0,60,included,included
dfm_tierC_k1,C,H1,standard,2023Q1,rub_uzs,rub_uzs_mom_dlog,60,60,0,1.0,60,included,included
dfm_tierC_k1,C,H1,standard,2023Q1,gold_price,gold_price_mom_dlog,60,60,0,1.0,60,included,included
dfm_tierC_k1,C,H1,standard,2023Q1,m2,m2_yoy_log,60,60,0,1.0,60,included,included
dfm_tierC_k1,C,H1,standard,2023Q1,fx_reserves_ex_gold,fx_reserves_exgold_yoy_log,60,60,0,1.0,60,included,included
dfm_tierC_k1,C,H1,standard,2023Q1,industrial_production,ind_prod_yoy_log,60,35,25,0.5833333333333334,35,included,included
dfm_tierC_k1,C,H1,standard,2023Q1,manufacturing,manufacturing_yoy_log,60,35,25,0.5833333333333334,35,included,included
dfm_tierC_k1,C,H1,standard,2023Q1,mining,mining_yoy_log,60,35,25,0.5833333333333334,35,included,included
dfm_tierC_k1,C,H1,standard,2023Q1,electricity_gas,utilities_yoy_log,60,35,25,0.5833333333333334,35,included,included
dfm_tierC_k1,C,H1,standard,2023Q1,retail_trade,retail_yoy_log,60,24,36,0.4,24,included,included
dfm_tierC_k1,C,H1,standard,2023Q1,wholesale_trade,wholesale_yoy_log,60,24,36,0.4,24,included,included
dfm_tierC_k1,C,H1,standard,2023Q1,construction,construction_yoy_log,60,12,48,0.2,12,included,included
dfm_tierC_k1,C,H1,standard,2023Q1,cpi_headline,cpi_headline_mom_log,60,24,36,0.4,22,included,included
dfm_tierC_k1,C,H1,standard,2023Q1,cpi_food,cpi_food_mom_log,60,24,36,0.4,23,included,included
dfm_tierC_k1,C,H1,standard,2023Q1,cpi_services,cpi_services_mom_log,60,24,36,0.4,21,included,included
dfm_tierC_k1,C,H1,standard,2023Q1,exports_total,exports_total_yoy_log,60,12,48,0.2,12,included,included
dfm_tierC_k1,C,H1,standard,2023Q1,exports_non_gold,exports_non_gold_yoy_log,60,12,48,0.2,12,included,included
dfm_tierC_k1,C,H1,standard,2023Q1,imports_total,imports_total_yoy_log,60,12,48,0.2,12,included,included
dfm_tierC_k1,C,H1,standard,2023Q1,gold_exports_proxy,gold_exports_proxy_usd_m,60,24,36,0.4,24,included,included
dfm_tierC_k1,C,H1,standard,2023Q2,ppi,ppi_mom_log,63,63,0,1.0,36,included,included
dfm_tierC_k1,C,H1,standard,2023Q2,usd_uzs,usd_uzs_mom_dlog,63,63,0,1.0,63,included,included
dfm_tierC_k1,C,H1,standard,2023Q2,rub_uzs,rub_uzs_mom_dlog,63,63,0,1.0,63,included,included
dfm_tierC_k1,C,H1,standard,2023Q2,gold_price,gold_price_mom_dlog,63,63,0,1.0,63,included,included
dfm_tierC_k1,C,H1,standard,2023Q2,m2,m2_yoy_log,63,63,0,1.0,63,included,included
dfm_tierC_k1,C,H1,standard,2023Q2,fx_reserves_ex_gold,fx_reserves_exgold_yoy_log,63,63,0,1.0,63,included,included
dfm_tierC_k1,C,H1,standard,2023Q2,industrial_production,ind_prod_yoy_log,63,38,25,0.6031746031746031,38,included,included
dfm_tierC_k1,C,H1,standard,2023Q2,manufacturing,manufacturing_yoy_log,63,38,25,0.6031746031746031,38,included,included
dfm_tierC_k1,C,H1,standard,2023Q2,mining,mining_yoy_log,63,38,25,0.6031746031746031,38,included,included
dfm_tierC_k1,C,H1,standard,2023Q2,electricity_gas,utilities_yoy_log,63,38,25,0.6031746031746031,38,included,included
dfm_tierC_k1,C,H1,standard,2023Q2,retail_trade,retail_yoy_log,63,27,36,0.42857142857142855,27,included,included
dfm_tierC_k1,C,H1,standard,2023Q2,wholesale_trade,wholesale_yoy_log,63,27,36,0.42857142857142855,27,included,included
dfm_tierC_k1,C,H1,standard,2023Q2,construction,construction_yoy_log,63,15,48,0.23809523809523808,15,included,included
dfm_tierC_k1,C,H1,standard,2023Q2,cpi_headline,cpi_headline_mom_log,63,27,36,0.42857142857142855,24,included,included
dfm_tierC_k1,C,H1,standard,2023Q2,cpi_food,cpi_food_mom_log,63,27,36,0.42857142857142855,26,included,included
dfm_tierC_k1,C,H1,standard,2023Q2,cpi_services,cpi_services_mom_log,63,27,36,0.42857142857142855,23,included,included
dfm_tierC_k1,C,H1,standard,2023Q2,exports_total,exports_total_yoy_log,63,15,48,0.23809523809523808,15,included,included
dfm_tierC_k1,C,H1,standard,2023Q2,exports_non_gold,exports_non_gold_yoy_log,63,15,48,0.23809523809523808,15,included,included
dfm_tierC_k1,C,H1,standard,2023Q2,imports_total,imports_total_yoy_log,63,15,48,0.23809523809523808,15,included,included
dfm_tierC_k1,C,H1,standard,2023Q2,gold_exports_proxy,gold_exports_proxy_usd_m,63,27,36,0.42857142857142855,27,included,included
dfm_tierC_k1,C,H1,standard,2023Q3,ppi,ppi_mom_log,66,66,0,1.0,36,included,included
dfm_tierC_k1,C,H1,standard,2023Q3,usd_uzs,usd_uzs_mom_dlog,66,66,0,1.0,66,included,included
dfm_tierC_k1,C,H1,standard,2023Q3,rub_uzs,rub_uzs_mom_dlog,66,66,0,1.0,66,included,included
dfm_tierC_k1,C,H1,standard,2023Q3,gold_price,gold_price_mom_dlog,66,66,0,1.0,66,included,included
dfm_tierC_k1,C,H1,standard,2023Q3,m2,m2_yoy_log,66,66,0,1.0,66,included,included
dfm_tierC_k1,C,H1,standard,2023Q3,fx_reserves_ex_gold,fx_reserves_exgold_yoy_log,66,66,0,1.0,66,included,included
dfm_tierC_k1,C,H1,standard,2023Q3,industrial_production,ind_prod_yoy_log,66,41,25,0.6212121212121212,41,included,included
dfm_tierC_k1,C,H1,standard,2023Q3,manufacturing,manufacturing_yoy_log,66,41,25,0.6212121212121212,41,included,included
dfm_tierC_k1,C,H1,standard,2023Q3,mining,mining_yoy_log,66,41,25,0.6212121212121212,41,included,included
dfm_tierC_k1,C,H1,standard,2023Q3,electricity_gas,utilities_yoy_log,66,41,25,0.6212121212121212,41,included,included
dfm_tierC_k1,C,H1,standard,2023Q3,retail_trade,retail_yoy_log,66,30,36,0.45454545454545453,30,included,included
dfm_tierC_k1,C,H1,standard,2023Q3,wholesale_trade,wholesale_yoy_log,66,30,36,0.45454545454545453,30,included,included
dfm_tierC_k1,C,H1,standard,2023Q3,construction,construction_yoy_log,66,18,48,0.2727272727272727,18,included,included
dfm_tierC_k1,C,H1,standard,2023Q3,cpi_headline,cpi_headline_mom_log,66,30,36,0.45454545454545453,27,included,included
dfm_tierC_k1,C,H1,standard,2023Q3,cpi_food,cpi_food_mom_log,66,30,36,0.45454545454545453,28,included,included
dfm_tierC_k1,C,H1,standard,2023Q3,cpi_services,cpi_services_mom_log,66,30,36,0.45454545454545453,25,included,included
dfm_tierC_k1,C,H1,standard,2023Q3,exports_total,exports_total_yoy_log,66,18,48,0.2727272727272727,18,included,included
dfm_tierC_k1,C,H1,standard,2023Q3,exports_non_gold,exports_non_gold_yoy_log,66,18,48,0.2727272727272727,18,included,included
dfm_tierC_k1,C,H1,standard,2023Q3,imports_total,imports_total_yoy_log,66,18,48,0.2727272727272727,18,included,included
dfm_tierC_k1,C,H1,standard,2023Q3,gold_exports_proxy,gold_exports_proxy_usd_m,66,30,36,0.45454545454545453,30,included,included
dfm_tierC_k1,C,H1,standard,2023Q4,ppi,ppi_mom_log,69,69,0,1.0,36,included,included
dfm_tierC_k1,C,H1,standard,2023Q4,usd_uzs,usd_uzs_mom_dlog,69,69,0,1.0,69,included,included
dfm_tierC_k1,C,H1,standard,2023Q4,rub_uzs,rub_uzs_mom_dlog,69,69,0,1.0,69,included,included
dfm_tierC_k1,C,H1,standard,2023Q4,gold_price,gold_price_mom_dlog,69,69,0,1.0,69,included,included
dfm_tierC_k1,C,H1,standard,2023Q4,m2,m2_yoy_log,69,69,0,1.0,69,included,included
dfm_tierC_k1,C,H1,standard,2023Q4,fx_reserves_ex_gold,fx_reserves_exgold_yoy_log,69,69,0,1.0,69,included,included
dfm_tierC_k1,C,H1,standard,2023Q4,industrial_production,ind_prod_yoy_log,69,44,25,0.6376811594202898,44,included,included
dfm_tierC_k1,C,H1,standard,2023Q4,manufacturing,manufacturing_yoy_log,69,44,25,0.6376811594202898,44,included,included
dfm_tierC_k1,C,H1,standard,2023Q4,mining,mining_yoy_log,69,44,25,0.6376811594202898,44,included,included
dfm_tierC_k1,C,H1,standard,2023Q4,electricity_gas,utilities_yoy_log,69,44,25,0.6376811594202898,44,included,included
dfm_tierC_k1,C,H1,standard,2023Q4,retail_trade,retail_yoy_log,69,33,36,0.4782608695652174,33,included,included
dfm_tierC_k1,C,H1,standard,2023Q4,wholesale_trade,wholesale_yoy_log,69,33,36,0.4782608695652174,33,included,included
dfm_tierC_k1,C,H1,standard,2023Q4,construction,construction_yoy_log,69,21,48,0.30434782608695654,21,included,included
dfm_tierC_k1,C,H1,standard,2023Q4,cpi_headline,cpi_headline_mom_log,69,33,36,0.4782608695652174,28,included,included
dfm_tierC_k1,C,H1,standard,2023Q4,cpi_food,cpi_food_mom_log,69,33,36,0.4782608695652174,30,included,included
dfm_tierC_k1,C,H1,standard,2023Q4,cpi_services,cpi_services_mom_log,69,33,36,0.4782608695652174,27,included,included
dfm_tierC_k1,C,H1,standard,2023Q4,exports_total,exports_total_yoy_log,69,21,48,0.30434782608695654,21,included,included
dfm_tierC_k1,C,H1,standard,2023Q4,exports_non_gold,exports_non_gold_yoy_log,69,21,48,0.30434782608695654,21,included,included
dfm_tierC_k1,C,H1,standard,2023Q4,imports_total,imports_total_yoy_log,69,21,48,0.30434782608695654,21,included,included
dfm_tierC_k1,C,H1,standard,2023Q4,gold_exports_proxy,gold_exports_proxy_usd_m,69,33,36,0.4782608695652174,33,included,included
dfm_tierC_k1,C,H1,standard,2024Q1,ppi,ppi_mom_log,72,72,0,1.0,37,included,included
dfm_tierC_k1,C,H1,standard,2024Q1,usd_uzs,usd_uzs_mom_dlog,72,72,0,1.0,72,included,included
dfm_tierC_k1,C,H1,standard,2024Q1,rub_uzs,rub_uzs_mom_dlog,72,72,0,1.0,72,included,included
dfm_tierC_k1,C,H1,standard,2024Q1,gold_price,gold_price_mom_dlog,72,72,0,1.0,71,included,included
dfm_tierC_k1,C,H1,standard,2024Q1,m2,m2_yoy_log,72,72,0,1.0,72,included,included
dfm_tierC_k1,C,H1,standard,2024Q1,fx_reserves_ex_gold,fx_reserves_exgold_yoy_log,72,72,0,1.0,72,included,included
dfm_tierC_k1,C,H1,standard,2024Q1,industrial_production,ind_prod_yoy_log,72,47,25,0.6527777777777778,47,included,included
dfm_tierC_k1,C,H1,standard,2024Q1,manufacturing,manufacturing_yoy_log,72,47,25,0.6527777777777778,47,included,included
dfm_tierC_k1,C,H1,standard,2024Q1,mining,mining_yoy_log,72,47,25,0.6527777777777778,47,included,included
dfm_tierC_k1,C,H1,standard,2024Q1,electricity_gas,utilities_yoy_log,72,47,25,0.6527777777777778,47,included,included
dfm_tierC_k1,C,H1,standard,2024Q1,retail_trade,retail_yoy_log,72,36,36,0.5,36,included,included
dfm_tierC_k1,C,H1,standard,2024Q1,wholesale_trade,wholesale_yoy_log,72,35,37,0.4861111111111111,35,included,included
dfm_tierC_k1,C,H1,standard,2024Q1,construction,construction_yoy_log,72,24,48,0.3333333333333333,24,included,included
dfm_tierC_k1,C,H1,standard,2024Q1,cpi_headline,cpi_headline_mom_log,72,36,36,0.5,30,included,included
dfm_tierC_k1,C,H1,standard,2024Q1,cpi_food,cpi_food_mom_log,72,36,36,0.5,32,included,included
dfm_tierC_k1,C,H1,standard,2024Q1,cpi_services,cpi_services_mom_log,72,36,36,0.5,29,included,included
dfm_tierC_k1,C,H1,standard,2024Q1,exports_total,exports_total_yoy_log,72,24,48,0.3333333333333333,24,included,included
dfm_tierC_k1,C,H1,standard,2024Q1,exports_non_gold,exports_non_gold_yoy_log,72,24,48,0.3333333333333333,24,included,included
dfm_tierC_k1,C,H1,standard,2024Q1,imports_total,imports_total_yoy_log,72,24,48,0.3333333333333333,24,included,included
dfm_tierC_k1,C,H1,standard,2024Q1,gold_exports_proxy,gold_exports_proxy_usd_m,72,36,36,0.5,35,included,included
dfm_tierC_k1,C,H1,standard,2024Q2,ppi,ppi_mom_log,75,75,0,1.0,38,included,included
dfm_tierC_k1,C,H1,standard,2024Q2,usd_uzs,usd_uzs_mom_dlog,75,75,0,1.0,75,included,included
dfm_tierC_k1,C,H1,standard,2024Q2,rub_uzs,rub_uzs_mom_dlog,75,75,0,1.0,75,included,included
dfm_tierC_k1,C,H1,standard,2024Q2,gold_price,gold_price_mom_dlog,75,75,0,1.0,74,included,included
dfm_tierC_k1,C,H1,standard,2024Q2,m2,m2_yoy_log,75,75,0,1.0,75,included,included
dfm_tierC_k1,C,H1,standard,2024Q2,fx_reserves_ex_gold,fx_reserves_exgold_yoy_log,75,75,0,1.0,75,included,included
dfm_tierC_k1,C,H1,standard,2024Q2,industrial_production,ind_prod_yoy_log,75,50,25,0.6666666666666666,50,included,included
dfm_tierC_k1,C,H1,standard,2024Q2,manufacturing,manufacturing_yoy_log,75,50,25,0.6666666666666666,50,included,included
dfm_tierC_k1,C,H1,standard,2024Q2,mining,mining_yoy_log,75,50,25,0.6666666666666666,50,included,included
dfm_tierC_k1,C,H1,standard,2024Q2,electricity_gas,utilities_yoy_log,75,50,25,0.6666666666666666,50,included,included
dfm_tierC_k1,C,H1,standard,2024Q2,retail_trade,retail_yoy_log,75,39,36,0.52,39,included,included
dfm_tierC_k1,C,H1,standard,2024Q2,wholesale_trade,wholesale_yoy_log,75,38,37,0.5066666666666667,38,included,included
dfm_tierC_k1,C,H1,standard,2024Q2,construction,construction_yoy_log,75,27,48,0.36,27,included,included
dfm_tierC_k1,C,H1,standard,2024Q2,cpi_headline,cpi_headline_mom_log,75,39,36,0.52,32,included,included
dfm_tierC_k1,C,H1,standard,2024Q2,cpi_food,cpi_food_mom_log,75,39,36,0.52,34,included,included
dfm_tierC_k1,C,H1,standard,2024Q2,cpi_services,cpi_services_mom_log,75,39,36,0.52,31,included,included
dfm_tierC_k1,C,H1,standard,2024Q2,exports_total,exports_total_yoy_log,75,27,48,0.36,27,included,included
dfm_tierC_k1,C,H1,standard,2024Q2,exports_non_gold,exports_non_gold_yoy_log,75,27,48,0.36,27,included,included
dfm_tierC_k1,C,H1,standard,2024Q2,imports_total,imports_total_yoy_log,75,27,48,0.36,27,included,included
dfm_tierC_k1,C,H1,standard,2024Q2,gold_exports_proxy,gold_exports_proxy_usd_m,75,39,36,0.52,38,included,included
dfm_tierC_k1,C,H1,standard,2024Q3,ppi,ppi_mom_log,78,78,0,1.0,38,included,included
dfm_tierC_k1,C,H1,standard,2024Q3,usd_uzs,usd_uzs_mom_dlog,78,78,0,1.0,78,included,included
dfm_tierC_k1,C,H1,standard,2024Q3,rub_uzs,rub_uzs_mom_dlog,78,78,0,1.0,78,included,included
dfm_tierC_k1,C,H1,standard,2024Q3,gold_price,gold_price_mom_dlog,78,78,0,1.0,77,included,included
dfm_tierC_k1,C,H1,standard,2024Q3,m2,m2_yoy_log,78,78,0,1.0,78,included,included
dfm_tierC_k1,C,H1,standard,2024Q3,fx_reserves_ex_gold,fx_reserves_exgold_yoy_log,78,78,0,1.0,78,included,included
dfm_tierC_k1,C,H1,standard,2024Q3,industrial_production,ind_prod_yoy_log,78,53,25,0.6794871794871795,53,included,included
dfm_tierC_k1,C,H1,standard,2024Q3,manufacturing,manufacturing_yoy_log,78,53,25,0.6794871794871795,53,included,included
dfm_tierC_k1,C,H1,standard,2024Q3,mining,mining_yoy_log,78,53,25,0.6794871794871795,53,included,included
dfm_tierC_k1,C,H1,standard,2024Q3,electricity_gas,utilities_yoy_log,78,53,25,0.6794871794871795,53,included,included
dfm_tierC_k1,C,H1,standard,2024Q3,retail_trade,retail_yoy_log,78,42,36,0.5384615384615384,42,included,included
dfm_tierC_k1,C,H1,standard,2024Q3,wholesale_trade,wholesale_yoy_log,78,41,37,0.5256410256410257,41,included,included
dfm_tierC_k1,C,H1,standard,2024Q3,construction,construction_yoy_log,78,30,48,0.38461538461538464,30,included,included
dfm_tierC_k1,C,H1,standard,2024Q3,cpi_headline,cpi_headline_mom_log,78,42,36,0.5384615384615384,35,included,included
dfm_tierC_k1,C,H1,standard,2024Q3,cpi_food,cpi_food_mom_log,78,42,36,0.5384615384615384,37,included,included
dfm_tierC_k1,C,H1,standard,2024Q3,cpi_services,cpi_services_mom_log,78,42,36,0.5384615384615384,34,included,included
dfm_tierC_k1,C,H1,standard,2024Q3,exports_total,exports_total_yoy_log,78,30,48,0.38461538461538464,30,included,included
dfm_tierC_k1,C,H1,standard,2024Q3,exports_non_gold,exports_non_gold_yoy_log,78,30,48,0.38461538461538464,30,included,included
dfm_tierC_k1,C,H1,standard,2024Q3,imports_total,imports_total_yoy_log,78,30,48,0.38461538461538464,30,included,included
dfm_tierC_k1,C,H1,standard,2024Q3,gold_exports_proxy,gold_exports_proxy_usd_m,78,42,36,0.5384615384615384,41,included,included
dfm_tierC_k1,C,H1,standard,2024Q4,ppi,ppi_mom_log,81,81,0,1.0,38,included,included
dfm_tierC_k1,C,H1,standard,2024Q4,usd_uzs,usd_uzs_mom_dlog,81,81,0,1.0,81,included,included
dfm_tierC_k1,C,H1,standard,2024Q4,rub_uzs,rub_uzs_mom_dlog,81,81,0,1.0,81,included,included
dfm_tierC_k1,C,H1,standard,2024Q4,gold_price,gold_price_mom_dlog,81,81,0,1.0,80,included,included
dfm_tierC_k1,C,H1,standard,2024Q4,m2,m2_yoy_log,81,81,0,1.0,81,included,included
dfm_tierC_k1,C,H1,standard,2024Q4,fx_reserves_ex_gold,fx_reserves_exgold_yoy_log,81,81,0,1.0,81,included,included
dfm_tierC_k1,C,H1,standard,2024Q4,industrial_production,ind_prod_yoy_log,81,56,25,0.691358024691358,56,included,included
dfm_tierC_k1,C,H1,standard,2024Q4,manufacturing,manufacturing_yoy_log,81,56,25,0.691358024691358,56,included,included
dfm_tierC_k1,C,H1,standard,2024Q4,mining,mining_yoy_log,81,56,25,0.691358024691358,56,included,included
dfm_tierC_k1,C,H1,standard,2024Q4,electricity_gas,utilities_yoy_log,81,56,25,0.691358024691358,56,included,included
dfm_tierC_k1,C,H1,standard,2024Q4,retail_trade,retail_yoy_log,81,45,36,0.5555555555555556,45,included,included
dfm_tierC_k1,C,H1,standard,2024Q4,wholesale_trade,wholesale_yoy_log,81,44,37,0.5432098765432098,44,included,included
dfm_tierC_k1,C,H1,standard,2024Q4,construction,construction_yoy_log,81,33,48,0.4074074074074074,33,included,included
dfm_tierC_k1,C,H1,standard,2024Q4,cpi_headline,cpi_headline_mom_log,81,45,36,0.5555555555555556,37,included,included
dfm_tierC_k1,C,H1,standard,2024Q4,cpi_food,cpi_food_mom_log,81,45,36,0.5555555555555556,39,included,included
dfm_tierC_k1,C,H1,standard,2024Q4,cpi_services,cpi_services_mom_log,81,45,36,0.5555555555555556,35,included,included
dfm_tierC_k1,C,H1,standard,2024Q4,exports_total,exports_total_yoy_log,81,33,48,0.4074074074074074,33,included,included
dfm_tierC_k1,C,H1,standard,2024Q4,exports_non_gold,exports_non_gold_yoy_log,81,33,48,0.4074074074074074,33,included,included
dfm_tierC_k1,C,H1,standard,2024Q4,imports_total,imports_total_yoy_log,81,33,48,0.4074074074074074,33,included,included
dfm_tierC_k1,C,H1,standard,2024Q4,gold_exports_proxy,gold_exports_proxy_usd_m,81,45,36,0.5555555555555556,44,included,included
dfm_tierC_k1,C,H1,standard,2025Q1,ppi,ppi_mom_log,84,84,0,1.0,38,included,included
dfm_tierC_k1,C,H1,standard,2025Q1,usd_uzs,usd_uzs_mom_dlog,84,84,0,1.0,84,included,included
dfm_tierC_k1,C,H1,standard,2025Q1,rub_uzs,rub_uzs_mom_dlog,84,84,0,1.0,84,included,included
dfm_tierC_k1,C,H1,standard,2025Q1,gold_price,gold_price_mom_dlog,84,84,0,1.0,83,included,included
dfm_tierC_k1,C,H1,standard,2025Q1,m2,m2_yoy_log,84,84,0,1.0,84,included,included
dfm_tierC_k1,C,H1,standard,2025Q1,fx_reserves_ex_gold,fx_reserves_exgold_yoy_log,84,84,0,1.0,84,included,included
dfm_tierC_k1,C,H1,standard,2025Q1,industrial_production,ind_prod_yoy_log,84,59,25,0.7023809523809523,59,included,included
dfm_tierC_k1,C,H1,standard,2025Q1,manufacturing,manufacturing_yoy_log,84,59,25,0.7023809523809523,59,included,included
dfm_tierC_k1,C,H1,standard,2025Q1,mining,mining_yoy_log,84,59,25,0.7023809523809523,59,included,included
dfm_tierC_k1,C,H1,standard,2025Q1,electricity_gas,utilities_yoy_log,84,59,25,0.7023809523809523,59,included,included
dfm_tierC_k1,C,H1,standard,2025Q1,retail_trade,retail_yoy_log,84,48,36,0.5714285714285714,48,included,included
dfm_tierC_k1,C,H1,standard,2025Q1,wholesale_trade,wholesale_yoy_log,84,46,38,0.5476190476190477,46,included,included
dfm_tierC_k1,C,H1,standard,2025Q1,construction,construction_yoy_log,84,36,48,0.42857142857142855,36,included,included
dfm_tierC_k1,C,H1,standard,2025Q1,cpi_headline,cpi_headline_mom_log,84,48,36,0.5714285714285714,37,included,included
dfm_tierC_k1,C,H1,standard,2025Q1,cpi_food,cpi_food_mom_log,84,48,36,0.5714285714285714,41,included,included
dfm_tierC_k1,C,H1,standard,2025Q1,cpi_services,cpi_services_mom_log,84,48,36,0.5714285714285714,38,included,included
dfm_tierC_k1,C,H1,standard,2025Q1,exports_total,exports_total_yoy_log,84,36,48,0.42857142857142855,36,included,included
dfm_tierC_k1,C,H1,standard,2025Q1,exports_non_gold,exports_non_gold_yoy_log,84,36,48,0.42857142857142855,36,included,included
dfm_tierC_k1,C,H1,standard,2025Q1,imports_total,imports_total_yoy_log,84,36,48,0.42857142857142855,36,included,included
dfm_tierC_k1,C,H1,standard,2025Q1,gold_exports_proxy,gold_exports_proxy_usd_m,84,48,36,0.5714285714285714,47,included,included
dfm_tierC_k1,C,H1,standard,2025Q2,ppi,ppi_mom_log,87,87,0,1.0,38,included,included
dfm_tierC_k1,C,H1,standard,2025Q2,usd_uzs,usd_uzs_mom_dlog,87,87,0,1.0,87,included,included
dfm_tierC_k1,C,H1,standard,2025Q2,rub_uzs,rub_uzs_mom_dlog,87,87,0,1.0,87,included,included
dfm_tierC_k1,C,H1,standard,2025Q2,gold_price,gold_price_mom_dlog,87,87,0,1.0,86,included,included
dfm_tierC_k1,C,H1,standard,2025Q2,m2,m2_yoy_log,87,87,0,1.0,87,included,included
dfm_tierC_k1,C,H1,standard,2025Q2,fx_reserves_ex_gold,fx_reserves_exgold_yoy_log,87,87,0,1.0,87,included,included
dfm_tierC_k1,C,H1,standard,2025Q2,industrial_production,ind_prod_yoy_log,87,62,25,0.7126436781609196,62,included,included
dfm_tierC_k1,C,H1,standard,2025Q2,manufacturing,manufacturing_yoy_log,87,62,25,0.7126436781609196,62,included,included
dfm_tierC_k1,C,H1,standard,2025Q2,mining,mining_yoy_log,87,62,25,0.7126436781609196,62,included,included
dfm_tierC_k1,C,H1,standard,2025Q2,electricity_gas,utilities_yoy_log,87,62,25,0.7126436781609196,62,included,included
dfm_tierC_k1,C,H1,standard,2025Q2,retail_trade,retail_yoy_log,87,51,36,0.5862068965517241,51,included,included
dfm_tierC_k1,C,H1,standard,2025Q2,wholesale_trade,wholesale_yoy_log,87,49,38,0.5632183908045977,49,included,included
dfm_tierC_k1,C,H1,standard,2025Q2,construction,construction_yoy_log,87,39,48,0.4482758620689655,39,included,included
dfm_tierC_k1,C,H1,standard,2025Q2,cpi_headline,cpi_headline_mom_log,87,51,36,0.5862068965517241,39,included,included
dfm_tierC_k1,C,H1,standard,2025Q2,cpi_food,cpi_food_mom_log,87,51,36,0.5862068965517241,43,included,included
dfm_tierC_k1,C,H1,standard,2025Q2,cpi_services,cpi_services_mom_log,87,51,36,0.5862068965517241,41,included,included
dfm_tierC_k1,C,H1,standard,2025Q2,exports_total,exports_total_yoy_log,87,39,48,0.4482758620689655,39,included,included
dfm_tierC_k1,C,H1,standard,2025Q2,exports_non_gold,exports_non_gold_yoy_log,87,39,48,0.4482758620689655,39,included,included
dfm_tierC_k1,C,H1,standard,2025Q2,imports_total,imports_total_yoy_log,87,39,48,0.4482758620689655,39,included,included
dfm_tierC_k1,C,H1,standard,2025Q2,gold_exports_proxy,gold_exports_proxy_usd_m,87,51,36,0.5862068965517241,50,included,included
dfm_tierA_k1,A,H1,conservative,2021Q1,ppi,ppi_mom_log,36,36,0,1.0,26,included,included
dfm_tierA_k1,A,H1,conservative,2021Q1,usd_uzs,usd_uzs_mom_dlog,36,36,0,1.0,36,included,included
dfm_tierA_k1,A,H1,conservative,2021Q1,rub_uzs,rub_uzs_mom_dlog,36,36,0,1.0,36,included,included
dfm_tierA_k1,A,H1,conservative,2021Q1,gold_price,gold_price_mom_dlog,36,36,0,1.0,36,included,included
dfm_tierA_k1,A,H1,conservative,2021Q1,m2,m2_yoy_log,36,35,1,0.9722222222222222,35,included,included
dfm_tierA_k1,A,H1,conservative,2021Q1,fx_reserves_ex_gold,fx_reserves_exgold_yoy_log,36,36,0,1.0,36,included,included
dfm_tierA_k1,A,H1,conservative,2021Q2,ppi,ppi_mom_log,39,39,0,1.0,26,included,included
dfm_tierA_k1,A,H1,conservative,2021Q2,usd_uzs,usd_uzs_mom_dlog,39,39,0,1.0,39,included,included
dfm_tierA_k1,A,H1,conservative,2021Q2,rub_uzs,rub_uzs_mom_dlog,39,39,0,1.0,39,included,included
dfm_tierA_k1,A,H1,conservative,2021Q2,gold_price,gold_price_mom_dlog,39,39,0,1.0,39,included,included
dfm_tierA_k1,A,H1,conservative,2021Q2,m2,m2_yoy_log,39,38,1,0.9743589743589743,38,included,included
dfm_tierA_k1,A,H1,conservative,2021Q2,fx_reserves_ex_gold,fx_reserves_exgold_yoy_log,39,39,0,1.0,39,included,included
dfm_tierA_k1,A,H1,conservative,2021Q3,ppi,ppi_mom_log,42,42,0,1.0,27,included,included
dfm_tierA_k1,A,H1,conservative,2021Q3,usd_uzs,usd_uzs_mom_dlog,42,42,0,1.0,42,included,included
dfm_tierA_k1,A,H1,conservative,2021Q3,rub_uzs,rub_uzs_mom_dlog,42,42,0,1.0,42,included,included
dfm_tierA_k1,A,H1,conservative,2021Q3,gold_price,gold_price_mom_dlog,42,42,0,1.0,42,included,included
dfm_tierA_k1,A,H1,conservative,2021Q3,m2,m2_yoy_log,42,41,1,0.9761904761904762,41,included,included
dfm_tierA_k1,A,H1,conservative,2021Q3,fx_reserves_ex_gold,fx_reserves_exgold_yoy_log,42,42,0,1.0,42,included,included
dfm_tierA_k1,A,H1,conservative,2021Q4,ppi,ppi_mom_log,45,45,0,1.0,29,included,included
dfm_tierA_k1,A,H1,conservative,2021Q4,usd_uzs,usd_uzs_mom_dlog,45,45,0,1.0,45,included,included
dfm_tierA_k1,A,H1,conservative,2021Q4,rub_uzs,rub_uzs_mom_dlog,45,45,0,1.0,45,included,included
dfm_tierA_k1,A,H1,conservative,2021Q4,gold_price,gold_price_mom_dlog,45,45,0,1.0,45,included,included
dfm_tierA_k1,A,H1,conservative,2021Q4,m2,m2_yoy_log,45,44,1,0.9777777777777777,44,included,included
dfm_tierA_k1,A,H1,conservative,2021Q4,fx_reserves_ex_gold,fx_reserves_exgold_yoy_log,45,45,0,1.0,45,included,included
dfm_tierA_k1,A,H1,conservative,2022Q1,ppi,ppi_mom_log,48,48,0,1.0,31,included,included
dfm_tierA_k1,A,H1,conservative,2022Q1,usd_uzs,usd_uzs_mom_dlog,48,48,0,1.0,48,included,included
dfm_tierA_k1,A,H1,conservative,2022Q1,rub_uzs,rub_uzs_mom_dlog,48,48,0,1.0,48,included,included
dfm_tierA_k1,A,H1,conservative,2022Q1,gold_price,gold_price_mom_dlog,48,48,0,1.0,48,included,included
dfm_tierA_k1,A,H1,conservative,2022Q1,m2,m2_yoy_log,48,47,1,0.9791666666666666,47,included,included
dfm_tierA_k1,A,H1,conservative,2022Q1,fx_reserves_ex_gold,fx_reserves_exgold_yoy_log,48,48,0,1.0,48,included,included
dfm_tierA_k1,A,H1,conservative,2022Q2,ppi,ppi_mom_log,51,51,0,1.0,32,included,included
dfm_tierA_k1,A,H1,conservative,2022Q2,usd_uzs,usd_uzs_mom_dlog,51,51,0,1.0,51,included,included
dfm_tierA_k1,A,H1,conservative,2022Q2,rub_uzs,rub_uzs_mom_dlog,51,51,0,1.0,51,included,included
dfm_tierA_k1,A,H1,conservative,2022Q2,gold_price,gold_price_mom_dlog,51,51,0,1.0,51,included,included
dfm_tierA_k1,A,H1,conservative,2022Q2,m2,m2_yoy_log,51,50,1,0.9803921568627451,50,included,included
dfm_tierA_k1,A,H1,conservative,2022Q2,fx_reserves_ex_gold,fx_reserves_exgold_yoy_log,51,51,0,1.0,51,included,included
dfm_tierA_k1,A,H1,conservative,2022Q3,ppi,ppi_mom_log,54,54,0,1.0,33,included,included
dfm_tierA_k1,A,H1,conservative,2022Q3,usd_uzs,usd_uzs_mom_dlog,54,54,0,1.0,54,included,included
dfm_tierA_k1,A,H1,conservative,2022Q3,rub_uzs,rub_uzs_mom_dlog,54,54,0,1.0,54,included,included
dfm_tierA_k1,A,H1,conservative,2022Q3,gold_price,gold_price_mom_dlog,54,54,0,1.0,54,included,included
dfm_tierA_k1,A,H1,conservative,2022Q3,m2,m2_yoy_log,54,53,1,0.9814814814814815,53,included,included
dfm_tierA_k1,A,H1,conservative,2022Q3,fx_reserves_ex_gold,fx_reserves_exgold_yoy_log,54,54,0,1.0,54,included,included
dfm_tierA_k1,A,H1,conservative,2022Q4,ppi,ppi_mom_log,57,57,0,1.0,35,included,included
dfm_tierA_k1,A,H1,conservative,2022Q4,usd_uzs,usd_uzs_mom_dlog,57,57,0,1.0,57,included,included
dfm_tierA_k1,A,H1,conservative,2022Q4,rub_uzs,rub_uzs_mom_dlog,57,57,0,1.0,57,included,included
dfm_tierA_k1,A,H1,conservative,2022Q4,gold_price,gold_price_mom_dlog,57,57,0,1.0,57,included,included
dfm_tierA_k1,A,H1,conservative,2022Q4,m2,m2_yoy_log,57,56,1,0.9824561403508771,56,included,included
dfm_tierA_k1,A,H1,conservative,2022Q4,fx_reserves_ex_gold,fx_reserves_exgold_yoy_log,57,57,0,1.0,57,included,included
dfm_tierA_k1,A,H1,conservative,2023Q1,ppi,ppi_mom_log,60,60,0,1.0,35,included,included
dfm_tierA_k1,A,H1,conservative,2023Q1,usd_uzs,usd_uzs_mom_dlog,60,60,0,1.0,60,included,included
dfm_tierA_k1,A,H1,conservative,2023Q1,rub_uzs,rub_uzs_mom_dlog,60,60,0,1.0,60,included,included
dfm_tierA_k1,A,H1,conservative,2023Q1,gold_price,gold_price_mom_dlog,60,60,0,1.0,60,included,included
dfm_tierA_k1,A,H1,conservative,2023Q1,m2,m2_yoy_log,60,59,1,0.9833333333333333,59,included,included
dfm_tierA_k1,A,H1,conservative,2023Q1,fx_reserves_ex_gold,fx_reserves_exgold_yoy_log,60,60,0,1.0,60,included,included
dfm_tierA_k1,A,H1,conservative,2023Q2,ppi,ppi_mom_log,63,63,0,1.0,36,included,included
dfm_tierA_k1,A,H1,conservative,2023Q2,usd_uzs,usd_uzs_mom_dlog,63,63,0,1.0,63,included,included
dfm_tierA_k1,A,H1,conservative,2023Q2,rub_uzs,rub_uzs_mom_dlog,63,63,0,1.0,63,included,included
dfm_tierA_k1,A,H1,conservative,2023Q2,gold_price,gold_price_mom_dlog,63,63,0,1.0,63,included,included
dfm_tierA_k1,A,H1,conservative,2023Q2,m2,m2_yoy_log,63,62,1,0.9841269841269841,62,included,included
dfm_tierA_k1,A,H1,conservative,2023Q2,fx_reserves_ex_gold,fx_reserves_exgold_yoy_log,63,63,0,1.0,63,included,included
dfm_tierA_k1,A,H1,conservative,2023Q3,ppi,ppi_mom_log,66,66,0,1.0,36,included,included
dfm_tierA_k1,A,H1,conservative,2023Q3,usd_uzs,usd_uzs_mom_dlog,66,66,0,1.0,66,included,included
dfm_tierA_k1,A,H1,conservative,2023Q3,rub_uzs,rub_uzs_mom_dlog,66,66,0,1.0,66,included,included
dfm_tierA_k1,A,H1,conservative,2023Q3,gold_price,gold_price_mom_dlog,66,66,0,1.0,66,included,included
dfm_tierA_k1,A,H1,conservative,2023Q3,m2,m2_yoy_log,66,65,1,0.9848484848484849,65,included,included
dfm_tierA_k1,A,H1,conservative,2023Q3,fx_reserves_ex_gold,fx_reserves_exgold_yoy_log,66,66,0,1.0,66,included,included
dfm_tierA_k1,A,H1,conservative,2023Q4,ppi,ppi_mom_log,69,69,0,1.0,36,included,included
dfm_tierA_k1,A,H1,conservative,2023Q4,usd_uzs,usd_uzs_mom_dlog,69,69,0,1.0,69,included,included
dfm_tierA_k1,A,H1,conservative,2023Q4,rub_uzs,rub_uzs_mom_dlog,69,69,0,1.0,69,included,included
dfm_tierA_k1,A,H1,conservative,2023Q4,gold_price,gold_price_mom_dlog,69,69,0,1.0,69,included,included
dfm_tierA_k1,A,H1,conservative,2023Q4,m2,m2_yoy_log,69,68,1,0.9855072463768116,68,included,included
dfm_tierA_k1,A,H1,conservative,2023Q4,fx_reserves_ex_gold,fx_reserves_exgold_yoy_log,69,69,0,1.0,69,included,included
dfm_tierA_k1,A,H1,conservative,2024Q1,ppi,ppi_mom_log,72,72,0,1.0,37,included,included
dfm_tierA_k1,A,H1,conservative,2024Q1,usd_uzs,usd_uzs_mom_dlog,72,72,0,1.0,72,included,included
dfm_tierA_k1,A,H1,conservative,2024Q1,rub_uzs,rub_uzs_mom_dlog,72,72,0,1.0,72,included,included
dfm_tierA_k1,A,H1,conservative,2024Q1,gold_price,gold_price_mom_dlog,72,72,0,1.0,71,included,included
dfm_tierA_k1,A,H1,conservative,2024Q1,m2,m2_yoy_log,72,71,1,0.9861111111111112,71,included,included
dfm_tierA_k1,A,H1,conservative,2024Q1,fx_reserves_ex_gold,fx_reserves_exgold_yoy_log,72,72,0,1.0,72,included,included
dfm_tierA_k1,A,H1,conservative,2024Q2,ppi,ppi_mom_log,75,75,0,1.0,38,included,included
dfm_tierA_k1,A,H1,conservative,2024Q2,usd_uzs,usd_uzs_mom_dlog,75,75,0,1.0,75,included,included
dfm_tierA_k1,A,H1,conservative,2024Q2,rub_uzs,rub_uzs_mom_dlog,75,75,0,1.0,75,included,included
dfm_tierA_k1,A,H1,conservative,2024Q2,gold_price,gold_price_mom_dlog,75,75,0,1.0,74,included,included
dfm_tierA_k1,A,H1,conservative,2024Q2,m2,m2_yoy_log,75,74,1,0.9866666666666667,74,included,included
dfm_tierA_k1,A,H1,conservative,2024Q2,fx_reserves_ex_gold,fx_reserves_exgold_yoy_log,75,75,0,1.0,75,included,included
dfm_tierA_k1,A,H1,conservative,2024Q3,ppi,ppi_mom_log,78,78,0,1.0,38,included,included
dfm_tierA_k1,A,H1,conservative,2024Q3,usd_uzs,usd_uzs_mom_dlog,78,78,0,1.0,78,included,included
dfm_tierA_k1,A,H1,conservative,2024Q3,rub_uzs,rub_uzs_mom_dlog,78,78,0,1.0,78,included,included
dfm_tierA_k1,A,H1,conservative,2024Q3,gold_price,gold_price_mom_dlog,78,78,0,1.0,77,included,included
dfm_tierA_k1,A,H1,conservative,2024Q3,m2,m2_yoy_log,78,77,1,0.9871794871794872,77,included,included
dfm_tierA_k1,A,H1,conservative,2024Q3,fx_reserves_ex_gold,fx_reserves_exgold_yoy_log,78,78,0,1.0,78,included,included
dfm_tierA_k1,A,H1,conservative,2024Q4,ppi,ppi_mom_log,81,81,0,1.0,38,included,included
dfm_tierA_k1,A,H1,conservative,2024Q4,usd_uzs,usd_uzs_mom_dlog,81,81,0,1.0,81,included,included
dfm_tierA_k1,A,H1,conservative,2024Q4,rub_uzs,rub_uzs_mom_dlog,81,81,0,1.0,81,included,included
dfm_tierA_k1,A,H1,conservative,2024Q4,gold_price,gold_price_mom_dlog,81,81,0,1.0,80,included,included
dfm_tierA_k1,A,H1,conservative,2024Q4,m2,m2_yoy_log,81,80,1,0.9876543209876543,80,included,included
dfm_tierA_k1,A,H1,conservative,2024Q4,fx_reserves_ex_gold,fx_reserves_exgold_yoy_log,81,81,0,1.0,81,included,included
dfm_tierA_k1,A,H1,conservative,2025Q1,ppi,ppi_mom_log,84,84,0,1.0,38,included,included
dfm_tierA_k1,A,H1,conservative,2025Q1,usd_uzs,usd_uzs_mom_dlog,84,84,0,1.0,84,included,included
dfm_tierA_k1,A,H1,conservative,2025Q1,rub_uzs,rub_uzs_mom_dlog,84,84,0,1.0,84,included,included
dfm_tierA_k1,A,H1,conservative,2025Q1,gold_price,gold_price_mom_dlog,84,84,0,1.0,83,included,included
dfm_tierA_k1,A,H1,conservative,2025Q1,m2,m2_yoy_log,84,83,1,0.9880952380952381,83,included,included
dfm_tierA_k1,A,H1,conservative,2025Q1,fx_reserves_ex_gold,fx_reserves_exgold_yoy_log,84,84,0,1.0,84,included,included
dfm_tierA_k1,A,H1,conservative,2025Q2,ppi,ppi_mom_log,87,87,0,1.0,38,included,included
dfm_tierA_k1,A,H1,conservative,2025Q2,usd_uzs,usd_uzs_mom_dlog,87,87,0,1.0,87,included,included
dfm_tierA_k1,A,H1,conservative,2025Q2,rub_uzs,rub_uzs_mom_dlog,87,87,0,1.0,87,included,included
dfm_tierA_k1,A,H1,conservative,2025Q2,gold_price,gold_price_mom_dlog,87,87,0,1.0,86,included,included
dfm_tierA_k1,A,H1,conservative,2025Q2,m2,m2_yoy_log,87,86,1,0.9885057471264368,86,included,included
dfm_tierA_k1,A,H1,conservative,2025Q2,fx_reserves_ex_gold,fx_reserves_exgold_yoy_log,87,87,0,1.0,87,included,included
dfm_tierB_k1,B,H1,conservative,2021Q1,ppi,ppi_mom_log,36,36,0,1.0,26,included,included
dfm_tierB_k1,B,H1,conservative,2021Q1,usd_uzs,usd_uzs_mom_dlog,36,36,0,1.0,36,included,included
dfm_tierB_k1,B,H1,conservative,2021Q1,rub_uzs,rub_uzs_mom_dlog,36,36,0,1.0,36,included,included
dfm_tierB_k1,B,H1,conservative,2021Q1,gold_price,gold_price_mom_dlog,36,36,0,1.0,36,included,included
dfm_tierB_k1,B,H1,conservative,2021Q1,m2,m2_yoy_log,36,35,1,0.9722222222222222,35,included,included
dfm_tierB_k1,B,H1,conservative,2021Q1,fx_reserves_ex_gold,fx_reserves_exgold_yoy_log,36,36,0,1.0,36,included,included
dfm_tierB_k1,B,H1,conservative,2021Q1,industrial_production,ind_prod_yoy_log,36,11,25,0.3055555555555556,11,excluded,insufficient_in_window_coverage
dfm_tierB_k1,B,H1,conservative,2021Q1,manufacturing,manufacturing_yoy_log,36,11,25,0.3055555555555556,11,excluded,insufficient_in_window_coverage
dfm_tierB_k1,B,H1,conservative,2021Q1,mining,mining_yoy_log,36,11,25,0.3055555555555556,11,excluded,insufficient_in_window_coverage
dfm_tierB_k1,B,H1,conservative,2021Q1,electricity_gas,utilities_yoy_log,36,11,25,0.3055555555555556,11,excluded,insufficient_in_window_coverage
dfm_tierB_k1,B,H1,conservative,2021Q1,retail_trade,retail_yoy_log,36,0,36,0.0,0,excluded,insufficient_in_window_coverage
dfm_tierB_k1,B,H1,conservative,2021Q1,wholesale_trade,wholesale_yoy_log,36,0,36,0.0,0,excluded,insufficient_in_window_coverage
dfm_tierB_k1,B,H1,conservative,2021Q2,ppi,ppi_mom_log,39,39,0,1.0,26,included,included
dfm_tierB_k1,B,H1,conservative,2021Q2,usd_uzs,usd_uzs_mom_dlog,39,39,0,1.0,39,included,included
dfm_tierB_k1,B,H1,conservative,2021Q2,rub_uzs,rub_uzs_mom_dlog,39,39,0,1.0,39,included,included
dfm_tierB_k1,B,H1,conservative,2021Q2,gold_price,gold_price_mom_dlog,39,39,0,1.0,39,included,included
dfm_tierB_k1,B,H1,conservative,2021Q2,m2,m2_yoy_log,39,38,1,0.9743589743589743,38,included,included
dfm_tierB_k1,B,H1,conservative,2021Q2,fx_reserves_ex_gold,fx_reserves_exgold_yoy_log,39,39,0,1.0,39,included,included
dfm_tierB_k1,B,H1,conservative,2021Q2,industrial_production,ind_prod_yoy_log,39,14,25,0.358974358974359,14,included,included
dfm_tierB_k1,B,H1,conservative,2021Q2,manufacturing,manufacturing_yoy_log,39,14,25,0.358974358974359,14,included,included
dfm_tierB_k1,B,H1,conservative,2021Q2,mining,mining_yoy_log,39,14,25,0.358974358974359,14,included,included
dfm_tierB_k1,B,H1,conservative,2021Q2,electricity_gas,utilities_yoy_log,39,14,25,0.358974358974359,14,included,included
dfm_tierB_k1,B,H1,conservative,2021Q2,retail_trade,retail_yoy_log,39,2,37,0.05128205128205128,2,excluded,insufficient_in_window_coverage
dfm_tierB_k1,B,H1,conservative,2021Q2,wholesale_trade,wholesale_yoy_log,39,2,37,0.05128205128205128,2,excluded,insufficient_in_window_coverage
dfm_tierB_k1,B,H1,conservative,2021Q3,ppi,ppi_mom_log,42,42,0,1.0,27,included,included
dfm_tierB_k1,B,H1,conservative,2021Q3,usd_uzs,usd_uzs_mom_dlog,42,42,0,1.0,42,included,included
dfm_tierB_k1,B,H1,conservative,2021Q3,rub_uzs,rub_uzs_mom_dlog,42,42,0,1.0,42,included,included
dfm_tierB_k1,B,H1,conservative,2021Q3,gold_price,gold_price_mom_dlog,42,42,0,1.0,42,included,included
dfm_tierB_k1,B,H1,conservative,2021Q3,m2,m2_yoy_log,42,41,1,0.9761904761904762,41,included,included
dfm_tierB_k1,B,H1,conservative,2021Q3,fx_reserves_ex_gold,fx_reserves_exgold_yoy_log,42,42,0,1.0,42,included,included
dfm_tierB_k1,B,H1,conservative,2021Q3,industrial_production,ind_prod_yoy_log,42,17,25,0.40476190476190477,17,included,included
dfm_tierB_k1,B,H1,conservative,2021Q3,manufacturing,manufacturing_yoy_log,42,17,25,0.40476190476190477,17,included,included
dfm_tierB_k1,B,H1,conservative,2021Q3,mining,mining_yoy_log,42,17,25,0.40476190476190477,17,included,included
dfm_tierB_k1,B,H1,conservative,2021Q3,electricity_gas,utilities_yoy_log,42,17,25,0.40476190476190477,17,included,included
dfm_tierB_k1,B,H1,conservative,2021Q3,retail_trade,retail_yoy_log,42,5,37,0.11904761904761904,5,excluded,insufficient_in_window_coverage
dfm_tierB_k1,B,H1,conservative,2021Q3,wholesale_trade,wholesale_yoy_log,42,5,37,0.11904761904761904,5,excluded,insufficient_in_window_coverage
dfm_tierB_k1,B,H1,conservative,2021Q4,ppi,ppi_mom_log,45,45,0,1.0,29,included,included
dfm_tierB_k1,B,H1,conservative,2021Q4,usd_uzs,usd_uzs_mom_dlog,45,45,0,1.0,45,included,included
dfm_tierB_k1,B,H1,conservative,2021Q4,rub_uzs,rub_uzs_mom_dlog,45,45,0,1.0,45,included,included
dfm_tierB_k1,B,H1,conservative,2021Q4,gold_price,gold_price_mom_dlog,45,45,0,1.0,45,included,included
dfm_tierB_k1,B,H1,conservative,2021Q4,m2,m2_yoy_log,45,44,1,0.9777777777777777,44,included,included
dfm_tierB_k1,B,H1,conservative,2021Q4,fx_reserves_ex_gold,fx_reserves_exgold_yoy_log,45,45,0,1.0,45,included,included
dfm_tierB_k1,B,H1,conservative,2021Q4,industrial_production,ind_prod_yoy_log,45,20,25,0.4444444444444444,20,included,included
dfm_tierB_k1,B,H1,conservative,2021Q4,manufacturing,manufacturing_yoy_log,45,20,25,0.4444444444444444,20,included,included
dfm_tierB_k1,B,H1,conservative,2021Q4,mining,mining_yoy_log,45,20,25,0.4444444444444444,20,included,included
dfm_tierB_k1,B,H1,conservative,2021Q4,electricity_gas,utilities_yoy_log,45,20,25,0.4444444444444444,20,included,included
dfm_tierB_k1,B,H1,conservative,2021Q4,retail_trade,retail_yoy_log,45,8,37,0.17777777777777778,8,excluded,insufficient_in_window_coverage
dfm_tierB_k1,B,H1,conservative,2021Q4,wholesale_trade,wholesale_yoy_log,45,8,37,0.17777777777777778,8,excluded,insufficient_in_window_coverage
dfm_tierB_k1,B,H1,conservative,2022Q1,ppi,ppi_mom_log,48,48,0,1.0,31,included,included
dfm_tierB_k1,B,H1,conservative,2022Q1,usd_uzs,usd_uzs_mom_dlog,48,48,0,1.0,48,included,included
dfm_tierB_k1,B,H1,conservative,2022Q1,rub_uzs,rub_uzs_mom_dlog,48,48,0,1.0,48,included,included
dfm_tierB_k1,B,H1,conservative,2022Q1,gold_price,gold_price_mom_dlog,48,48,0,1.0,48,included,included
dfm_tierB_k1,B,H1,conservative,2022Q1,m2,m2_yoy_log,48,47,1,0.9791666666666666,47,included,included
dfm_tierB_k1,B,H1,conservative,2022Q1,fx_reserves_ex_gold,fx_reserves_exgold_yoy_log,48,48,0,1.0,48,included,included
dfm_tierB_k1,B,H1,conservative,2022Q1,industrial_production,ind_prod_yoy_log,48,23,25,0.4791666666666667,23,included,included
dfm_tierB_k1,B,H1,conservative,2022Q1,manufacturing,manufacturing_yoy_log,48,23,25,0.4791666666666667,23,included,included
dfm_tierB_k1,B,H1,conservative,2022Q1,mining,mining_yoy_log,48,23,25,0.4791666666666667,23,included,included
dfm_tierB_k1,B,H1,conservative,2022Q1,electricity_gas,utilities_yoy_log,48,23,25,0.4791666666666667,23,included,included
dfm_tierB_k1,B,H1,conservative,2022Q1,retail_trade,retail_yoy_log,48,11,37,0.22916666666666666,11,excluded,insufficient_in_window_coverage
dfm_tierB_k1,B,H1,conservative,2022Q1,wholesale_trade,wholesale_yoy_log,48,11,37,0.22916666666666666,11,excluded,insufficient_in_window_coverage
dfm_tierB_k1,B,H1,conservative,2022Q2,ppi,ppi_mom_log,51,51,0,1.0,32,included,included
dfm_tierB_k1,B,H1,conservative,2022Q2,usd_uzs,usd_uzs_mom_dlog,51,51,0,1.0,51,included,included
dfm_tierB_k1,B,H1,conservative,2022Q2,rub_uzs,rub_uzs_mom_dlog,51,51,0,1.0,51,included,included
dfm_tierB_k1,B,H1,conservative,2022Q2,gold_price,gold_price_mom_dlog,51,51,0,1.0,51,included,included
dfm_tierB_k1,B,H1,conservative,2022Q2,m2,m2_yoy_log,51,50,1,0.9803921568627451,50,included,included
dfm_tierB_k1,B,H1,conservative,2022Q2,fx_reserves_ex_gold,fx_reserves_exgold_yoy_log,51,51,0,1.0,51,included,included
dfm_tierB_k1,B,H1,conservative,2022Q2,industrial_production,ind_prod_yoy_log,51,26,25,0.5098039215686274,26,included,included
dfm_tierB_k1,B,H1,conservative,2022Q2,manufacturing,manufacturing_yoy_log,51,26,25,0.5098039215686274,26,included,included
dfm_tierB_k1,B,H1,conservative,2022Q2,mining,mining_yoy_log,51,26,25,0.5098039215686274,26,included,included
dfm_tierB_k1,B,H1,conservative,2022Q2,electricity_gas,utilities_yoy_log,51,26,25,0.5098039215686274,26,included,included
dfm_tierB_k1,B,H1,conservative,2022Q2,retail_trade,retail_yoy_log,51,14,37,0.27450980392156865,14,included,included
dfm_tierB_k1,B,H1,conservative,2022Q2,wholesale_trade,wholesale_yoy_log,51,14,37,0.27450980392156865,14,included,included
dfm_tierB_k1,B,H1,conservative,2022Q3,ppi,ppi_mom_log,54,54,0,1.0,33,included,included
dfm_tierB_k1,B,H1,conservative,2022Q3,usd_uzs,usd_uzs_mom_dlog,54,54,0,1.0,54,included,included
dfm_tierB_k1,B,H1,conservative,2022Q3,rub_uzs,rub_uzs_mom_dlog,54,54,0,1.0,54,included,included
dfm_tierB_k1,B,H1,conservative,2022Q3,gold_price,gold_price_mom_dlog,54,54,0,1.0,54,included,included
dfm_tierB_k1,B,H1,conservative,2022Q3,m2,m2_yoy_log,54,53,1,0.9814814814814815,53,included,included
dfm_tierB_k1,B,H1,conservative,2022Q3,fx_reserves_ex_gold,fx_reserves_exgold_yoy_log,54,54,0,1.0,54,included,included
dfm_tierB_k1,B,H1,conservative,2022Q3,industrial_production,ind_prod_yoy_log,54,29,25,0.5370370370370371,29,included,included
dfm_tierB_k1,B,H1,conservative,2022Q3,manufacturing,manufacturing_yoy_log,54,29,25,0.5370370370370371,29,included,included
dfm_tierB_k1,B,H1,conservative,2022Q3,mining,mining_yoy_log,54,29,25,0.5370370370370371,29,included,included
dfm_tierB_k1,B,H1,conservative,2022Q3,electricity_gas,utilities_yoy_log,54,29,25,0.5370370370370371,29,included,included
dfm_tierB_k1,B,H1,conservative,2022Q3,retail_trade,retail_yoy_log,54,17,37,0.3148148148148148,17,included,included
dfm_tierB_k1,B,H1,conservative,2022Q3,wholesale_trade,wholesale_yoy_log,54,17,37,0.3148148148148148,17,included,included
dfm_tierB_k1,B,H1,conservative,2022Q4,ppi,ppi_mom_log,57,57,0,1.0,35,included,included
dfm_tierB_k1,B,H1,conservative,2022Q4,usd_uzs,usd_uzs_mom_dlog,57,57,0,1.0,57,included,included
dfm_tierB_k1,B,H1,conservative,2022Q4,rub_uzs,rub_uzs_mom_dlog,57,57,0,1.0,57,included,included
dfm_tierB_k1,B,H1,conservative,2022Q4,gold_price,gold_price_mom_dlog,57,57,0,1.0,57,included,included
dfm_tierB_k1,B,H1,conservative,2022Q4,m2,m2_yoy_log,57,56,1,0.9824561403508771,56,included,included
dfm_tierB_k1,B,H1,conservative,2022Q4,fx_reserves_ex_gold,fx_reserves_exgold_yoy_log,57,57,0,1.0,57,included,included
dfm_tierB_k1,B,H1,conservative,2022Q4,industrial_production,ind_prod_yoy_log,57,32,25,0.5614035087719298,32,included,included
dfm_tierB_k1,B,H1,conservative,2022Q4,manufacturing,manufacturing_yoy_log,57,32,25,0.5614035087719298,32,included,included
dfm_tierB_k1,B,H1,conservative,2022Q4,mining,mining_yoy_log,57,32,25,0.5614035087719298,32,included,included
dfm_tierB_k1,B,H1,conservative,2022Q4,electricity_gas,utilities_yoy_log,57,32,25,0.5614035087719298,32,included,included
dfm_tierB_k1,B,H1,conservative,2022Q4,retail_trade,retail_yoy_log,57,20,37,0.3508771929824561,20,included,included
dfm_tierB_k1,B,H1,conservative,2022Q4,wholesale_trade,wholesale_yoy_log,57,20,37,0.3508771929824561,20,included,included
dfm_tierB_k1,B,H1,conservative,2023Q1,ppi,ppi_mom_log,60,60,0,1.0,35,included,included
dfm_tierB_k1,B,H1,conservative,2023Q1,usd_uzs,usd_uzs_mom_dlog,60,60,0,1.0,60,included,included
dfm_tierB_k1,B,H1,conservative,2023Q1,rub_uzs,rub_uzs_mom_dlog,60,60,0,1.0,60,included,included
dfm_tierB_k1,B,H1,conservative,2023Q1,gold_price,gold_price_mom_dlog,60,60,0,1.0,60,included,included
dfm_tierB_k1,B,H1,conservative,2023Q1,m2,m2_yoy_log,60,59,1,0.9833333333333333,59,included,included
dfm_tierB_k1,B,H1,conservative,2023Q1,fx_reserves_ex_gold,fx_reserves_exgold_yoy_log,60,60,0,1.0,60,included,included
dfm_tierB_k1,B,H1,conservative,2023Q1,industrial_production,ind_prod_yoy_log,60,35,25,0.5833333333333334,35,included,included
dfm_tierB_k1,B,H1,conservative,2023Q1,manufacturing,manufacturing_yoy_log,60,35,25,0.5833333333333334,35,included,included
dfm_tierB_k1,B,H1,conservative,2023Q1,mining,mining_yoy_log,60,35,25,0.5833333333333334,35,included,included
dfm_tierB_k1,B,H1,conservative,2023Q1,electricity_gas,utilities_yoy_log,60,35,25,0.5833333333333334,35,included,included
dfm_tierB_k1,B,H1,conservative,2023Q1,retail_trade,retail_yoy_log,60,23,37,0.38333333333333336,23,included,included
dfm_tierB_k1,B,H1,conservative,2023Q1,wholesale_trade,wholesale_yoy_log,60,23,37,0.38333333333333336,23,included,included
dfm_tierB_k1,B,H1,conservative,2023Q2,ppi,ppi_mom_log,63,63,0,1.0,36,included,included
dfm_tierB_k1,B,H1,conservative,2023Q2,usd_uzs,usd_uzs_mom_dlog,63,63,0,1.0,63,included,included
dfm_tierB_k1,B,H1,conservative,2023Q2,rub_uzs,rub_uzs_mom_dlog,63,63,0,1.0,63,included,included
dfm_tierB_k1,B,H1,conservative,2023Q2,gold_price,gold_price_mom_dlog,63,63,0,1.0,63,included,included
dfm_tierB_k1,B,H1,conservative,2023Q2,m2,m2_yoy_log,63,62,1,0.9841269841269841,62,included,included
dfm_tierB_k1,B,H1,conservative,2023Q2,fx_reserves_ex_gold,fx_reserves_exgold_yoy_log,63,63,0,1.0,63,included,included
dfm_tierB_k1,B,H1,conservative,2023Q2,industrial_production,ind_prod_yoy_log,63,38,25,0.6031746031746031,38,included,included
dfm_tierB_k1,B,H1,conservative,2023Q2,manufacturing,manufacturing_yoy_log,63,38,25,0.6031746031746031,38,included,included
dfm_tierB_k1,B,H1,conservative,2023Q2,mining,mining_yoy_log,63,38,25,0.6031746031746031,38,included,included
dfm_tierB_k1,B,H1,conservative,2023Q2,electricity_gas,utilities_yoy_log,63,38,25,0.6031746031746031,38,included,included
dfm_tierB_k1,B,H1,conservative,2023Q2,retail_trade,retail_yoy_log,63,26,37,0.4126984126984127,26,included,included
dfm_tierB_k1,B,H1,conservative,2023Q2,wholesale_trade,wholesale_yoy_log,63,26,37,0.4126984126984127,26,included,included
dfm_tierB_k1,B,H1,conservative,2023Q3,ppi,ppi_mom_log,66,66,0,1.0,36,included,included
dfm_tierB_k1,B,H1,conservative,2023Q3,usd_uzs,usd_uzs_mom_dlog,66,66,0,1.0,66,included,included
dfm_tierB_k1,B,H1,conservative,2023Q3,rub_uzs,rub_uzs_mom_dlog,66,66,0,1.0,66,included,included
dfm_tierB_k1,B,H1,conservative,2023Q3,gold_price,gold_price_mom_dlog,66,66,0,1.0,66,included,included
dfm_tierB_k1,B,H1,conservative,2023Q3,m2,m2_yoy_log,66,65,1,0.9848484848484849,65,included,included
dfm_tierB_k1,B,H1,conservative,2023Q3,fx_reserves_ex_gold,fx_reserves_exgold_yoy_log,66,66,0,1.0,66,included,included
dfm_tierB_k1,B,H1,conservative,2023Q3,industrial_production,ind_prod_yoy_log,66,41,25,0.6212121212121212,41,included,included
dfm_tierB_k1,B,H1,conservative,2023Q3,manufacturing,manufacturing_yoy_log,66,41,25,0.6212121212121212,41,included,included
dfm_tierB_k1,B,H1,conservative,2023Q3,mining,mining_yoy_log,66,41,25,0.6212121212121212,41,included,included
dfm_tierB_k1,B,H1,conservative,2023Q3,electricity_gas,utilities_yoy_log,66,41,25,0.6212121212121212,41,included,included
dfm_tierB_k1,B,H1,conservative,2023Q3,retail_trade,retail_yoy_log,66,29,37,0.4393939393939394,29,included,included
dfm_tierB_k1,B,H1,conservative,2023Q3,wholesale_trade,wholesale_yoy_log,66,29,37,0.4393939393939394,29,included,included
dfm_tierB_k1,B,H1,conservative,2023Q4,ppi,ppi_mom_log,69,69,0,1.0,36,included,included
dfm_tierB_k1,B,H1,conservative,2023Q4,usd_uzs,usd_uzs_mom_dlog,69,69,0,1.0,69,included,included
dfm_tierB_k1,B,H1,conservative,2023Q4,rub_uzs,rub_uzs_mom_dlog,69,69,0,1.0,69,included,included
dfm_tierB_k1,B,H1,conservative,2023Q4,gold_price,gold_price_mom_dlog,69,69,0,1.0,69,included,included
dfm_tierB_k1,B,H1,conservative,2023Q4,m2,m2_yoy_log,69,68,1,0.9855072463768116,68,included,included
dfm_tierB_k1,B,H1,conservative,2023Q4,fx_reserves_ex_gold,fx_reserves_exgold_yoy_log,69,69,0,1.0,69,included,included
dfm_tierB_k1,B,H1,conservative,2023Q4,industrial_production,ind_prod_yoy_log,69,44,25,0.6376811594202898,44,included,included
dfm_tierB_k1,B,H1,conservative,2023Q4,manufacturing,manufacturing_yoy_log,69,44,25,0.6376811594202898,44,included,included
dfm_tierB_k1,B,H1,conservative,2023Q4,mining,mining_yoy_log,69,44,25,0.6376811594202898,44,included,included
dfm_tierB_k1,B,H1,conservative,2023Q4,electricity_gas,utilities_yoy_log,69,44,25,0.6376811594202898,44,included,included
dfm_tierB_k1,B,H1,conservative,2023Q4,retail_trade,retail_yoy_log,69,32,37,0.463768115942029,32,included,included
dfm_tierB_k1,B,H1,conservative,2023Q4,wholesale_trade,wholesale_yoy_log,69,32,37,0.463768115942029,32,included,included
dfm_tierB_k1,B,H1,conservative,2024Q1,ppi,ppi_mom_log,72,72,0,1.0,37,included,included
dfm_tierB_k1,B,H1,conservative,2024Q1,usd_uzs,usd_uzs_mom_dlog,72,72,0,1.0,72,included,included
dfm_tierB_k1,B,H1,conservative,2024Q1,rub_uzs,rub_uzs_mom_dlog,72,72,0,1.0,72,included,included
dfm_tierB_k1,B,H1,conservative,2024Q1,gold_price,gold_price_mom_dlog,72,72,0,1.0,71,included,included
dfm_tierB_k1,B,H1,conservative,2024Q1,m2,m2_yoy_log,72,71,1,0.9861111111111112,71,included,included
dfm_tierB_k1,B,H1,conservative,2024Q1,fx_reserves_ex_gold,fx_reserves_exgold_yoy_log,72,72,0,1.0,72,included,included
dfm_tierB_k1,B,H1,conservative,2024Q1,industrial_production,ind_prod_yoy_log,72,47,25,0.6527777777777778,47,included,included
dfm_tierB_k1,B,H1,conservative,2024Q1,manufacturing,manufacturing_yoy_log,72,47,25,0.6527777777777778,47,included,included
dfm_tierB_k1,B,H1,conservative,2024Q1,mining,mining_yoy_log,72,47,25,0.6527777777777778,47,included,included
dfm_tierB_k1,B,H1,conservative,2024Q1,electricity_gas,utilities_yoy_log,72,47,25,0.6527777777777778,47,included,included
dfm_tierB_k1,B,H1,conservative,2024Q1,retail_trade,retail_yoy_log,72,35,37,0.4861111111111111,35,included,included
dfm_tierB_k1,B,H1,conservative,2024Q1,wholesale_trade,wholesale_yoy_log,72,34,38,0.4722222222222222,34,included,included
dfm_tierB_k1,B,H1,conservative,2024Q2,ppi,ppi_mom_log,75,75,0,1.0,38,included,included
dfm_tierB_k1,B,H1,conservative,2024Q2,usd_uzs,usd_uzs_mom_dlog,75,75,0,1.0,75,included,included
dfm_tierB_k1,B,H1,conservative,2024Q2,rub_uzs,rub_uzs_mom_dlog,75,75,0,1.0,75,included,included
dfm_tierB_k1,B,H1,conservative,2024Q2,gold_price,gold_price_mom_dlog,75,75,0,1.0,74,included,included
dfm_tierB_k1,B,H1,conservative,2024Q2,m2,m2_yoy_log,75,74,1,0.9866666666666667,74,included,included
dfm_tierB_k1,B,H1,conservative,2024Q2,fx_reserves_ex_gold,fx_reserves_exgold_yoy_log,75,75,0,1.0,75,included,included
dfm_tierB_k1,B,H1,conservative,2024Q2,industrial_production,ind_prod_yoy_log,75,50,25,0.6666666666666666,50,included,included
dfm_tierB_k1,B,H1,conservative,2024Q2,manufacturing,manufacturing_yoy_log,75,50,25,0.6666666666666666,50,included,included
dfm_tierB_k1,B,H1,conservative,2024Q2,mining,mining_yoy_log,75,50,25,0.6666666666666666,50,included,included
dfm_tierB_k1,B,H1,conservative,2024Q2,electricity_gas,utilities_yoy_log,75,50,25,0.6666666666666666,50,included,included
dfm_tierB_k1,B,H1,conservative,2024Q2,retail_trade,retail_yoy_log,75,38,37,0.5066666666666667,38,included,included
dfm_tierB_k1,B,H1,conservative,2024Q2,wholesale_trade,wholesale_yoy_log,75,37,38,0.49333333333333335,37,included,included
dfm_tierB_k1,B,H1,conservative,2024Q3,ppi,ppi_mom_log,78,78,0,1.0,38,included,included
dfm_tierB_k1,B,H1,conservative,2024Q3,usd_uzs,usd_uzs_mom_dlog,78,78,0,1.0,78,included,included
dfm_tierB_k1,B,H1,conservative,2024Q3,rub_uzs,rub_uzs_mom_dlog,78,78,0,1.0,78,included,included
dfm_tierB_k1,B,H1,conservative,2024Q3,gold_price,gold_price_mom_dlog,78,78,0,1.0,77,included,included
dfm_tierB_k1,B,H1,conservative,2024Q3,m2,m2_yoy_log,78,77,1,0.9871794871794872,77,included,included
dfm_tierB_k1,B,H1,conservative,2024Q3,fx_reserves_ex_gold,fx_reserves_exgold_yoy_log,78,78,0,1.0,78,included,included
dfm_tierB_k1,B,H1,conservative,2024Q3,industrial_production,ind_prod_yoy_log,78,53,25,0.6794871794871795,53,included,included
dfm_tierB_k1,B,H1,conservative,2024Q3,manufacturing,manufacturing_yoy_log,78,53,25,0.6794871794871795,53,included,included
dfm_tierB_k1,B,H1,conservative,2024Q3,mining,mining_yoy_log,78,53,25,0.6794871794871795,53,included,included
dfm_tierB_k1,B,H1,conservative,2024Q3,electricity_gas,utilities_yoy_log,78,53,25,0.6794871794871795,53,included,included
dfm_tierB_k1,B,H1,conservative,2024Q3,retail_trade,retail_yoy_log,78,41,37,0.5256410256410257,41,included,included
dfm_tierB_k1,B,H1,conservative,2024Q3,wholesale_trade,wholesale_yoy_log,78,40,38,0.5128205128205128,40,included,included
dfm_tierB_k1,B,H1,conservative,2024Q4,ppi,ppi_mom_log,81,81,0,1.0,38,included,included
dfm_tierB_k1,B,H1,conservative,2024Q4,usd_uzs,usd_uzs_mom_dlog,81,81,0,1.0,81,included,included
dfm_tierB_k1,B,H1,conservative,2024Q4,rub_uzs,rub_uzs_mom_dlog,81,81,0,1.0,81,included,included
dfm_tierB_k1,B,H1,conservative,2024Q4,gold_price,gold_price_mom_dlog,81,81,0,1.0,80,included,included
dfm_tierB_k1,B,H1,conservative,2024Q4,m2,m2_yoy_log,81,80,1,0.9876543209876543,80,included,included
dfm_tierB_k1,B,H1,conservative,2024Q4,fx_reserves_ex_gold,fx_reserves_exgold_yoy_log,81,81,0,1.0,81,included,included
dfm_tierB_k1,B,H1,conservative,2024Q4,industrial_production,ind_prod_yoy_log,81,56,25,0.691358024691358,56,included,included
dfm_tierB_k1,B,H1,conservative,2024Q4,manufacturing,manufacturing_yoy_log,81,56,25,0.691358024691358,56,included,included
dfm_tierB_k1,B,H1,conservative,2024Q4,mining,mining_yoy_log,81,56,25,0.691358024691358,56,included,included
dfm_tierB_k1,B,H1,conservative,2024Q4,electricity_gas,utilities_yoy_log,81,56,25,0.691358024691358,56,included,included
dfm_tierB_k1,B,H1,conservative,2024Q4,retail_trade,retail_yoy_log,81,44,37,0.5432098765432098,44,included,included
dfm_tierB_k1,B,H1,conservative,2024Q4,wholesale_trade,wholesale_yoy_log,81,43,38,0.5308641975308642,43,included,included
dfm_tierB_k1,B,H1,conservative,2025Q1,ppi,ppi_mom_log,84,84,0,1.0,38,included,included
dfm_tierB_k1,B,H1,conservative,2025Q1,usd_uzs,usd_uzs_mom_dlog,84,84,0,1.0,84,included,included
dfm_tierB_k1,B,H1,conservative,2025Q1,rub_uzs,rub_uzs_mom_dlog,84,84,0,1.0,84,included,included
dfm_tierB_k1,B,H1,conservative,2025Q1,gold_price,gold_price_mom_dlog,84,84,0,1.0,83,included,included
dfm_tierB_k1,B,H1,conservative,2025Q1,m2,m2_yoy_log,84,83,1,0.9880952380952381,83,included,included
dfm_tierB_k1,B,H1,conservative,2025Q1,fx_reserves_ex_gold,fx_reserves_exgold_yoy_log,84,84,0,1.0,84,included,included
dfm_tierB_k1,B,H1,conservative,2025Q1,industrial_production,ind_prod_yoy_log,84,59,25,0.7023809523809523,59,included,included
dfm_tierB_k1,B,H1,conservative,2025Q1,manufacturing,manufacturing_yoy_log,84,59,25,0.7023809523809523,59,included,included
dfm_tierB_k1,B,H1,conservative,2025Q1,mining,mining_yoy_log,84,59,25,0.7023809523809523,59,included,included
dfm_tierB_k1,B,H1,conservative,2025Q1,electricity_gas,utilities_yoy_log,84,59,25,0.7023809523809523,59,included,included
dfm_tierB_k1,B,H1,conservative,2025Q1,retail_trade,retail_yoy_log,84,47,37,0.5595238095238095,47,included,included
dfm_tierB_k1,B,H1,conservative,2025Q1,wholesale_trade,wholesale_yoy_log,84,45,39,0.5357142857142857,45,included,included
dfm_tierB_k1,B,H1,conservative,2025Q2,ppi,ppi_mom_log,87,87,0,1.0,38,included,included
dfm_tierB_k1,B,H1,conservative,2025Q2,usd_uzs,usd_uzs_mom_dlog,87,87,0,1.0,87,included,included
dfm_tierB_k1,B,H1,conservative,2025Q2,rub_uzs,rub_uzs_mom_dlog,87,87,0,1.0,87,included,included
dfm_tierB_k1,B,H1,conservative,2025Q2,gold_price,gold_price_mom_dlog,87,87,0,1.0,86,included,included
dfm_tierB_k1,B,H1,conservative,2025Q2,m2,m2_yoy_log,87,86,1,0.9885057471264368,86,included,included
dfm_tierB_k1,B,H1,conservative,2025Q2,fx_reserves_ex_gold,fx_reserves_exgold_yoy_log,87,87,0,1.0,87,included,included
dfm_tierB_k1,B,H1,conservative,2025Q2,industrial_production,ind_prod_yoy_log,87,62,25,0.7126436781609196,62,included,included
dfm_tierB_k1,B,H1,conservative,2025Q2,manufacturing,manufacturing_yoy_log,87,62,25,0.7126436781609196,62,included,included
dfm_tierB_k1,B,H1,conservative,2025Q2,mining,mining_yoy_log,87,62,25,0.7126436781609196,62,included,included
dfm_tierB_k1,B,H1,conservative,2025Q2,electricity_gas,utilities_yoy_log,87,62,25,0.7126436781609196,62,included,included
dfm_tierB_k1,B,H1,conservative,2025Q2,retail_trade,retail_yoy_log,87,50,37,0.5747126436781609,50,included,included
dfm_tierB_k1,B,H1,conservative,2025Q2,wholesale_trade,wholesale_yoy_log,87,48,39,0.5517241379310345,48,included,included
dfm_tierC_k1,C,H1,conservative,2021Q1,ppi,ppi_mom_log,36,36,0,1.0,26,included,included
dfm_tierC_k1,C,H1,conservative,2021Q1,usd_uzs,usd_uzs_mom_dlog,36,36,0,1.0,36,included,included
dfm_tierC_k1,C,H1,conservative,2021Q1,rub_uzs,rub_uzs_mom_dlog,36,36,0,1.0,36,included,included
dfm_tierC_k1,C,H1,conservative,2021Q1,gold_price,gold_price_mom_dlog,36,36,0,1.0,36,included,included
dfm_tierC_k1,C,H1,conservative,2021Q1,m2,m2_yoy_log,36,35,1,0.9722222222222222,35,included,included
dfm_tierC_k1,C,H1,conservative,2021Q1,fx_reserves_ex_gold,fx_reserves_exgold_yoy_log,36,36,0,1.0,36,included,included
dfm_tierC_k1,C,H1,conservative,2021Q1,industrial_production,ind_prod_yoy_log,36,11,25,0.3055555555555556,11,excluded,insufficient_in_window_coverage
dfm_tierC_k1,C,H1,conservative,2021Q1,manufacturing,manufacturing_yoy_log,36,11,25,0.3055555555555556,11,excluded,insufficient_in_window_coverage
dfm_tierC_k1,C,H1,conservative,2021Q1,mining,mining_yoy_log,36,11,25,0.3055555555555556,11,excluded,insufficient_in_window_coverage
dfm_tierC_k1,C,H1,conservative,2021Q1,electricity_gas,utilities_yoy_log,36,11,25,0.3055555555555556,11,excluded,insufficient_in_window_coverage
dfm_tierC_k1,C,H1,conservative,2021Q1,retail_trade,retail_yoy_log,36,0,36,0.0,0,excluded,insufficient_in_window_coverage
dfm_tierC_k1,C,H1,conservative,2021Q1,wholesale_trade,wholesale_yoy_log,36,0,36,0.0,0,excluded,insufficient_in_window_coverage
dfm_tierC_k1,C,H1,conservative,2021Q1,construction,construction_yoy_log,36,0,36,0.0,0,excluded,insufficient_in_window_coverage
dfm_tierC_k1,C,H1,conservative,2021Q1,cpi_headline,cpi_headline_mom_log,36,0,36,0.0,0,excluded,insufficient_in_window_coverage
dfm_tierC_k1,C,H1,conservative,2021Q1,cpi_food,cpi_food_mom_log,36,0,36,0.0,0,excluded,insufficient_in_window_coverage
dfm_tierC_k1,C,H1,conservative,2021Q1,cpi_services,cpi_services_mom_log,36,0,36,0.0,0,excluded,insufficient_in_window_coverage
dfm_tierC_k1,C,H1,conservative,2021Q1,exports_total,exports_total_yoy_log,36,0,36,0.0,0,excluded,insufficient_in_window_coverage
dfm_tierC_k1,C,H1,conservative,2021Q1,exports_non_gold,exports_non_gold_yoy_log,36,0,36,0.0,0,excluded,insufficient_in_window_coverage
dfm_tierC_k1,C,H1,conservative,2021Q1,imports_total,imports_total_yoy_log,36,0,36,0.0,0,excluded,insufficient_in_window_coverage
dfm_tierC_k1,C,H1,conservative,2021Q1,gold_exports_proxy,gold_exports_proxy_usd_m,36,0,36,0.0,0,excluded,insufficient_in_window_coverage
dfm_tierC_k1,C,H1,conservative,2021Q2,ppi,ppi_mom_log,39,39,0,1.0,26,included,included
dfm_tierC_k1,C,H1,conservative,2021Q2,usd_uzs,usd_uzs_mom_dlog,39,39,0,1.0,39,included,included
dfm_tierC_k1,C,H1,conservative,2021Q2,rub_uzs,rub_uzs_mom_dlog,39,39,0,1.0,39,included,included
dfm_tierC_k1,C,H1,conservative,2021Q2,gold_price,gold_price_mom_dlog,39,39,0,1.0,39,included,included
dfm_tierC_k1,C,H1,conservative,2021Q2,m2,m2_yoy_log,39,38,1,0.9743589743589743,38,included,included
dfm_tierC_k1,C,H1,conservative,2021Q2,fx_reserves_ex_gold,fx_reserves_exgold_yoy_log,39,39,0,1.0,39,included,included
dfm_tierC_k1,C,H1,conservative,2021Q2,industrial_production,ind_prod_yoy_log,39,14,25,0.358974358974359,14,included,included
dfm_tierC_k1,C,H1,conservative,2021Q2,manufacturing,manufacturing_yoy_log,39,14,25,0.358974358974359,14,included,included
dfm_tierC_k1,C,H1,conservative,2021Q2,mining,mining_yoy_log,39,14,25,0.358974358974359,14,included,included
dfm_tierC_k1,C,H1,conservative,2021Q2,electricity_gas,utilities_yoy_log,39,14,25,0.358974358974359,14,included,included
dfm_tierC_k1,C,H1,conservative,2021Q2,retail_trade,retail_yoy_log,39,2,37,0.05128205128205128,2,excluded,insufficient_in_window_coverage
dfm_tierC_k1,C,H1,conservative,2021Q2,wholesale_trade,wholesale_yoy_log,39,2,37,0.05128205128205128,2,excluded,insufficient_in_window_coverage
dfm_tierC_k1,C,H1,conservative,2021Q2,construction,construction_yoy_log,39,0,39,0.0,0,excluded,insufficient_in_window_coverage
dfm_tierC_k1,C,H1,conservative,2021Q2,cpi_headline,cpi_headline_mom_log,39,3,36,0.07692307692307693,3,excluded,insufficient_in_window_coverage
dfm_tierC_k1,C,H1,conservative,2021Q2,cpi_food,cpi_food_mom_log,39,3,36,0.07692307692307693,3,excluded,insufficient_in_window_coverage
dfm_tierC_k1,C,H1,conservative,2021Q2,cpi_services,cpi_services_mom_log,39,3,36,0.07692307692307693,3,excluded,insufficient_in_window_coverage
dfm_tierC_k1,C,H1,conservative,2021Q2,exports_total,exports_total_yoy_log,39,0,39,0.0,0,excluded,insufficient_in_window_coverage
dfm_tierC_k1,C,H1,conservative,2021Q2,exports_non_gold,exports_non_gold_yoy_log,39,0,39,0.0,0,excluded,insufficient_in_window_coverage
dfm_tierC_k1,C,H1,conservative,2021Q2,imports_total,imports_total_yoy_log,39,0,39,0.0,0,excluded,insufficient_in_window_coverage
dfm_tierC_k1,C,H1,conservative,2021Q2,gold_exports_proxy,gold_exports_proxy_usd_m,39,2,37,0.05128205128205128,2,excluded,insufficient_in_window_coverage
dfm_tierC_k1,C,H1,conservative,2021Q3,ppi,ppi_mom_log,42,42,0,1.0,27,included,included
dfm_tierC_k1,C,H1,conservative,2021Q3,usd_uzs,usd_uzs_mom_dlog,42,42,0,1.0,42,included,included
dfm_tierC_k1,C,H1,conservative,2021Q3,rub_uzs,rub_uzs_mom_dlog,42,42,0,1.0,42,included,included
dfm_tierC_k1,C,H1,conservative,2021Q3,gold_price,gold_price_mom_dlog,42,42,0,1.0,42,included,included
dfm_tierC_k1,C,H1,conservative,2021Q3,m2,m2_yoy_log,42,41,1,0.9761904761904762,41,included,included
dfm_tierC_k1,C,H1,conservative,2021Q3,fx_reserves_ex_gold,fx_reserves_exgold_yoy_log,42,42,0,1.0,42,included,included
dfm_tierC_k1,C,H1,conservative,2021Q3,industrial_production,ind_prod_yoy_log,42,17,25,0.40476190476190477,17,included,included
dfm_tierC_k1,C,H1,conservative,2021Q3,manufacturing,manufacturing_yoy_log,42,17,25,0.40476190476190477,17,included,included
dfm_tierC_k1,C,H1,conservative,2021Q3,mining,mining_yoy_log,42,17,25,0.40476190476190477,17,included,included
dfm_tierC_k1,C,H1,conservative,2021Q3,electricity_gas,utilities_yoy_log,42,17,25,0.40476190476190477,17,included,included
dfm_tierC_k1,C,H1,conservative,2021Q3,retail_trade,retail_yoy_log,42,5,37,0.11904761904761904,5,excluded,insufficient_in_window_coverage
dfm_tierC_k1,C,H1,conservative,2021Q3,wholesale_trade,wholesale_yoy_log,42,5,37,0.11904761904761904,5,excluded,insufficient_in_window_coverage
dfm_tierC_k1,C,H1,conservative,2021Q3,construction,construction_yoy_log,42,0,42,0.0,0,excluded,insufficient_in_window_coverage
dfm_tierC_k1,C,H1,conservative,2021Q3,cpi_headline,cpi_headline_mom_log,42,6,36,0.14285714285714285,6,excluded,insufficient_in_window_coverage
dfm_tierC_k1,C,H1,conservative,2021Q3,cpi_food,cpi_food_mom_log,42,6,36,0.14285714285714285,6,excluded,insufficient_in_window_coverage
dfm_tierC_k1,C,H1,conservative,2021Q3,cpi_services,cpi_services_mom_log,42,6,36,0.14285714285714285,6,excluded,insufficient_in_window_coverage
dfm_tierC_k1,C,H1,conservative,2021Q3,exports_total,exports_total_yoy_log,42,0,42,0.0,0,excluded,insufficient_in_window_coverage
dfm_tierC_k1,C,H1,conservative,2021Q3,exports_non_gold,exports_non_gold_yoy_log,42,0,42,0.0,0,excluded,insufficient_in_window_coverage
dfm_tierC_k1,C,H1,conservative,2021Q3,imports_total,imports_total_yoy_log,42,0,42,0.0,0,excluded,insufficient_in_window_coverage
dfm_tierC_k1,C,H1,conservative,2021Q3,gold_exports_proxy,gold_exports_proxy_usd_m,42,5,37,0.11904761904761904,5,excluded,insufficient_in_window_coverage
dfm_tierC_k1,C,H1,conservative,2021Q4,ppi,ppi_mom_log,45,45,0,1.0,29,included,included
dfm_tierC_k1,C,H1,conservative,2021Q4,usd_uzs,usd_uzs_mom_dlog,45,45,0,1.0,45,included,included
dfm_tierC_k1,C,H1,conservative,2021Q4,rub_uzs,rub_uzs_mom_dlog,45,45,0,1.0,45,included,included
dfm_tierC_k1,C,H1,conservative,2021Q4,gold_price,gold_price_mom_dlog,45,45,0,1.0,45,included,included
dfm_tierC_k1,C,H1,conservative,2021Q4,m2,m2_yoy_log,45,44,1,0.9777777777777777,44,included,included
dfm_tierC_k1,C,H1,conservative,2021Q4,fx_reserves_ex_gold,fx_reserves_exgold_yoy_log,45,45,0,1.0,45,included,included
dfm_tierC_k1,C,H1,conservative,2021Q4,industrial_production,ind_prod_yoy_log,45,20,25,0.4444444444444444,20,included,included
dfm_tierC_k1,C,H1,conservative,2021Q4,manufacturing,manufacturing_yoy_log,45,20,25,0.4444444444444444,20,included,included
dfm_tierC_k1,C,H1,conservative,2021Q4,mining,mining_yoy_log,45,20,25,0.4444444444444444,20,included,included
dfm_tierC_k1,C,H1,conservative,2021Q4,electricity_gas,utilities_yoy_log,45,20,25,0.4444444444444444,20,included,included
dfm_tierC_k1,C,H1,conservative,2021Q4,retail_trade,retail_yoy_log,45,8,37,0.17777777777777778,8,excluded,insufficient_in_window_coverage
dfm_tierC_k1,C,H1,conservative,2021Q4,wholesale_trade,wholesale_yoy_log,45,8,37,0.17777777777777778,8,excluded,insufficient_in_window_coverage
dfm_tierC_k1,C,H1,conservative,2021Q4,construction,construction_yoy_log,45,0,45,0.0,0,excluded,insufficient_in_window_coverage
dfm_tierC_k1,C,H1,conservative,2021Q4,cpi_headline,cpi_headline_mom_log,45,9,36,0.2,9,excluded,insufficient_in_window_coverage
dfm_tierC_k1,C,H1,conservative,2021Q4,cpi_food,cpi_food_mom_log,45,9,36,0.2,9,excluded,insufficient_in_window_coverage
dfm_tierC_k1,C,H1,conservative,2021Q4,cpi_services,cpi_services_mom_log,45,9,36,0.2,9,excluded,insufficient_in_window_coverage
dfm_tierC_k1,C,H1,conservative,2021Q4,exports_total,exports_total_yoy_log,45,0,45,0.0,0,excluded,insufficient_in_window_coverage
dfm_tierC_k1,C,H1,conservative,2021Q4,exports_non_gold,exports_non_gold_yoy_log,45,0,45,0.0,0,excluded,insufficient_in_window_coverage
dfm_tierC_k1,C,H1,conservative,2021Q4,imports_total,imports_total_yoy_log,45,0,45,0.0,0,excluded,insufficient_in_window_coverage
dfm_tierC_k1,C,H1,conservative,2021Q4,gold_exports_proxy,gold_exports_proxy_usd_m,45,8,37,0.17777777777777778,8,excluded,insufficient_in_window_coverage
dfm_tierC_k1,C,H1,conservative,2022Q1,ppi,ppi_mom_log,48,48,0,1.0,31,included,included
dfm_tierC_k1,C,H1,conservative,2022Q1,usd_uzs,usd_uzs_mom_dlog,48,48,0,1.0,48,included,included
dfm_tierC_k1,C,H1,conservative,2022Q1,rub_uzs,rub_uzs_mom_dlog,48,48,0,1.0,48,included,included
dfm_tierC_k1,C,H1,conservative,2022Q1,gold_price,gold_price_mom_dlog,48,48,0,1.0,48,included,included
dfm_tierC_k1,C,H1,conservative,2022Q1,m2,m2_yoy_log,48,47,1,0.9791666666666666,47,included,included
dfm_tierC_k1,C,H1,conservative,2022Q1,fx_reserves_ex_gold,fx_reserves_exgold_yoy_log,48,48,0,1.0,48,included,included
dfm_tierC_k1,C,H1,conservative,2022Q1,industrial_production,ind_prod_yoy_log,48,23,25,0.4791666666666667,23,included,included
dfm_tierC_k1,C,H1,conservative,2022Q1,manufacturing,manufacturing_yoy_log,48,23,25,0.4791666666666667,23,included,included
dfm_tierC_k1,C,H1,conservative,2022Q1,mining,mining_yoy_log,48,23,25,0.4791666666666667,23,included,included
dfm_tierC_k1,C,H1,conservative,2022Q1,electricity_gas,utilities_yoy_log,48,23,25,0.4791666666666667,23,included,included
dfm_tierC_k1,C,H1,conservative,2022Q1,retail_trade,retail_yoy_log,48,11,37,0.22916666666666666,11,excluded,insufficient_in_window_coverage
dfm_tierC_k1,C,H1,conservative,2022Q1,wholesale_trade,wholesale_yoy_log,48,11,37,0.22916666666666666,11,excluded,insufficient_in_window_coverage
dfm_tierC_k1,C,H1,conservative,2022Q1,construction,construction_yoy_log,48,0,48,0.0,0,excluded,insufficient_in_window_coverage
dfm_tierC_k1,C,H1,conservative,2022Q1,cpi_headline,cpi_headline_mom_log,48,12,36,0.25,12,included,included
dfm_tierC_k1,C,H1,conservative,2022Q1,cpi_food,cpi_food_mom_log,48,12,36,0.25,12,included,included
dfm_tierC_k1,C,H1,conservative,2022Q1,cpi_services,cpi_services_mom_log,48,12,36,0.25,11,included,included
dfm_tierC_k1,C,H1,conservative,2022Q1,exports_total,exports_total_yoy_log,48,0,48,0.0,0,excluded,insufficient_in_window_coverage
dfm_tierC_k1,C,H1,conservative,2022Q1,exports_non_gold,exports_non_gold_yoy_log,48,0,48,0.0,0,excluded,insufficient_in_window_coverage
dfm_tierC_k1,C,H1,conservative,2022Q1,imports_total,imports_total_yoy_log,48,0,48,0.0,0,excluded,insufficient_in_window_coverage
dfm_tierC_k1,C,H1,conservative,2022Q1,gold_exports_proxy,gold_exports_proxy_usd_m,48,11,37,0.22916666666666666,11,excluded,insufficient_in_window_coverage
dfm_tierC_k1,C,H1,conservative,2022Q2,ppi,ppi_mom_log,51,51,0,1.0,32,included,included
dfm_tierC_k1,C,H1,conservative,2022Q2,usd_uzs,usd_uzs_mom_dlog,51,51,0,1.0,51,included,included
dfm_tierC_k1,C,H1,conservative,2022Q2,rub_uzs,rub_uzs_mom_dlog,51,51,0,1.0,51,included,included
dfm_tierC_k1,C,H1,conservative,2022Q2,gold_price,gold_price_mom_dlog,51,51,0,1.0,51,included,included
dfm_tierC_k1,C,H1,conservative,2022Q2,m2,m2_yoy_log,51,50,1,0.9803921568627451,50,included,included
dfm_tierC_k1,C,H1,conservative,2022Q2,fx_reserves_ex_gold,fx_reserves_exgold_yoy_log,51,51,0,1.0,51,included,included
dfm_tierC_k1,C,H1,conservative,2022Q2,industrial_production,ind_prod_yoy_log,51,26,25,0.5098039215686274,26,included,included
dfm_tierC_k1,C,H1,conservative,2022Q2,manufacturing,manufacturing_yoy_log,51,26,25,0.5098039215686274,26,included,included
dfm_tierC_k1,C,H1,conservative,2022Q2,mining,mining_yoy_log,51,26,25,0.5098039215686274,26,included,included
dfm_tierC_k1,C,H1,conservative,2022Q2,electricity_gas,utilities_yoy_log,51,26,25,0.5098039215686274,26,included,included
dfm_tierC_k1,C,H1,conservative,2022Q2,retail_trade,retail_yoy_log,51,14,37,0.27450980392156865,14,included,included
dfm_tierC_k1,C,H1,conservative,2022Q2,wholesale_trade,wholesale_yoy_log,51,14,37,0.27450980392156865,14,included,included
dfm_tierC_k1,C,H1,conservative,2022Q2,construction,construction_yoy_log,51,2,49,0.0392156862745098,2,excluded,insufficient_in_window_coverage
dfm_tierC_k1,C,H1,conservative,2022Q2,cpi_headline,cpi_headline_mom_log,51,15,36,0.29411764705882354,14,included,included
dfm_tierC_k1,C,H1,conservative,2022Q2,cpi_food,cpi_food_mom_log,51,15,36,0.29411764705882354,14,included,included
dfm_tierC_k1,C,H1,conservative,2022Q2,cpi_services,cpi_services_mom_log,51,15,36,0.29411764705882354,14,included,included
dfm_tierC_k1,C,H1,conservative,2022Q2,exports_total,exports_total_yoy_log,51,2,49,0.0392156862745098,2,excluded,insufficient_in_window_coverage
dfm_tierC_k1,C,H1,conservative,2022Q2,exports_non_gold,exports_non_gold_yoy_log,51,2,49,0.0392156862745098,2,excluded,insufficient_in_window_coverage
dfm_tierC_k1,C,H1,conservative,2022Q2,imports_total,imports_total_yoy_log,51,2,49,0.0392156862745098,2,excluded,insufficient_in_window_coverage
dfm_tierC_k1,C,H1,conservative,2022Q2,gold_exports_proxy,gold_exports_proxy_usd_m,51,14,37,0.27450980392156865,14,included,included
dfm_tierC_k1,C,H1,conservative,2022Q3,ppi,ppi_mom_log,54,54,0,1.0,33,included,included
dfm_tierC_k1,C,H1,conservative,2022Q3,usd_uzs,usd_uzs_mom_dlog,54,54,0,1.0,54,included,included
dfm_tierC_k1,C,H1,conservative,2022Q3,rub_uzs,rub_uzs_mom_dlog,54,54,0,1.0,54,included,included
dfm_tierC_k1,C,H1,conservative,2022Q3,gold_price,gold_price_mom_dlog,54,54,0,1.0,54,included,included
dfm_tierC_k1,C,H1,conservative,2022Q3,m2,m2_yoy_log,54,53,1,0.9814814814814815,53,included,included
dfm_tierC_k1,C,H1,conservative,2022Q3,fx_reserves_ex_gold,fx_reserves_exgold_yoy_log,54,54,0,1.0,54,included,included
dfm_tierC_k1,C,H1,conservative,2022Q3,industrial_production,ind_prod_yoy_log,54,29,25,0.5370370370370371,29,included,included
dfm_tierC_k1,C,H1,conservative,2022Q3,manufacturing,manufacturing_yoy_log,54,29,25,0.5370370370370371,29,included,included
dfm_tierC_k1,C,H1,conservative,2022Q3,mining,mining_yoy_log,54,29,25,0.5370370370370371,29,included,included
dfm_tierC_k1,C,H1,conservative,2022Q3,electricity_gas,utilities_yoy_log,54,29,25,0.5370370370370371,29,included,included
dfm_tierC_k1,C,H1,conservative,2022Q3,retail_trade,retail_yoy_log,54,17,37,0.3148148148148148,17,included,included
dfm_tierC_k1,C,H1,conservative,2022Q3,wholesale_trade,wholesale_yoy_log,54,17,37,0.3148148148148148,17,included,included
dfm_tierC_k1,C,H1,conservative,2022Q3,construction,construction_yoy_log,54,5,49,0.09259259259259259,5,excluded,insufficient_in_window_coverage
dfm_tierC_k1,C,H1,conservative,2022Q3,cpi_headline,cpi_headline_mom_log,54,18,36,0.3333333333333333,17,included,included
dfm_tierC_k1,C,H1,conservative,2022Q3,cpi_food,cpi_food_mom_log,54,18,36,0.3333333333333333,17,included,included
dfm_tierC_k1,C,H1,conservative,2022Q3,cpi_services,cpi_services_mom_log,54,18,36,0.3333333333333333,16,included,included
dfm_tierC_k1,C,H1,conservative,2022Q3,exports_total,exports_total_yoy_log,54,5,49,0.09259259259259259,5,excluded,insufficient_in_window_coverage
dfm_tierC_k1,C,H1,conservative,2022Q3,exports_non_gold,exports_non_gold_yoy_log,54,5,49,0.09259259259259259,5,excluded,insufficient_in_window_coverage
dfm_tierC_k1,C,H1,conservative,2022Q3,imports_total,imports_total_yoy_log,54,5,49,0.09259259259259259,5,excluded,insufficient_in_window_coverage
dfm_tierC_k1,C,H1,conservative,2022Q3,gold_exports_proxy,gold_exports_proxy_usd_m,54,17,37,0.3148148148148148,17,included,included
dfm_tierC_k1,C,H1,conservative,2022Q4,ppi,ppi_mom_log,57,57,0,1.0,35,included,included
dfm_tierC_k1,C,H1,conservative,2022Q4,usd_uzs,usd_uzs_mom_dlog,57,57,0,1.0,57,included,included
dfm_tierC_k1,C,H1,conservative,2022Q4,rub_uzs,rub_uzs_mom_dlog,57,57,0,1.0,57,included,included
dfm_tierC_k1,C,H1,conservative,2022Q4,gold_price,gold_price_mom_dlog,57,57,0,1.0,57,included,included
dfm_tierC_k1,C,H1,conservative,2022Q4,m2,m2_yoy_log,57,56,1,0.9824561403508771,56,included,included
dfm_tierC_k1,C,H1,conservative,2022Q4,fx_reserves_ex_gold,fx_reserves_exgold_yoy_log,57,57,0,1.0,57,included,included
dfm_tierC_k1,C,H1,conservative,2022Q4,industrial_production,ind_prod_yoy_log,57,32,25,0.5614035087719298,32,included,included
dfm_tierC_k1,C,H1,conservative,2022Q4,manufacturing,manufacturing_yoy_log,57,32,25,0.5614035087719298,32,included,included
dfm_tierC_k1,C,H1,conservative,2022Q4,mining,mining_yoy_log,57,32,25,0.5614035087719298,32,included,included
dfm_tierC_k1,C,H1,conservative,2022Q4,electricity_gas,utilities_yoy_log,57,32,25,0.5614035087719298,32,included,included
dfm_tierC_k1,C,H1,conservative,2022Q4,retail_trade,retail_yoy_log,57,20,37,0.3508771929824561,20,included,included
dfm_tierC_k1,C,H1,conservative,2022Q4,wholesale_trade,wholesale_yoy_log,57,20,37,0.3508771929824561,20,included,included
dfm_tierC_k1,C,H1,conservative,2022Q4,construction,construction_yoy_log,57,8,49,0.14035087719298245,8,excluded,insufficient_in_window_coverage
dfm_tierC_k1,C,H1,conservative,2022Q4,cpi_headline,cpi_headline_mom_log,57,21,36,0.3684210526315789,19,included,included
dfm_tierC_k1,C,H1,conservative,2022Q4,cpi_food,cpi_food_mom_log,57,21,36,0.3684210526315789,20,included,included
dfm_tierC_k1,C,H1,conservative,2022Q4,cpi_services,cpi_services_mom_log,57,21,36,0.3684210526315789,18,included,included
dfm_tierC_k1,C,H1,conservative,2022Q4,exports_total,exports_total_yoy_log,57,8,49,0.14035087719298245,8,excluded,insufficient_in_window_coverage
dfm_tierC_k1,C,H1,conservative,2022Q4,exports_non_gold,exports_non_gold_yoy_log,57,8,49,0.14035087719298245,8,excluded,insufficient_in_window_coverage
dfm_tierC_k1,C,H1,conservative,2022Q4,imports_total,imports_total_yoy_log,57,8,49,0.14035087719298245,8,excluded,insufficient_in_window_coverage
dfm_tierC_k1,C,H1,conservative,2022Q4,gold_exports_proxy,gold_exports_proxy_usd_m,57,20,37,0.3508771929824561,20,included,included
dfm_tierC_k1,C,H1,conservative,2023Q1,ppi,ppi_mom_log,60,60,0,1.0,35,included,included
dfm_tierC_k1,C,H1,conservative,2023Q1,usd_uzs,usd_uzs_mom_dlog,60,60,0,1.0,60,included,included
dfm_tierC_k1,C,H1,conservative,2023Q1,rub_uzs,rub_uzs_mom_dlog,60,60,0,1.0,60,included,included
dfm_tierC_k1,C,H1,conservative,2023Q1,gold_price,gold_price_mom_dlog,60,60,0,1.0,60,included,included
dfm_tierC_k1,C,H1,conservative,2023Q1,m2,m2_yoy_log,60,59,1,0.9833333333333333,59,included,included
dfm_tierC_k1,C,H1,conservative,2023Q1,fx_reserves_ex_gold,fx_reserves_exgold_yoy_log,60,60,0,1.0,60,included,included
dfm_tierC_k1,C,H1,conservative,2023Q1,industrial_production,ind_prod_yoy_log,60,35,25,0.5833333333333334,35,included,included
dfm_tierC_k1,C,H1,conservative,2023Q1,manufacturing,manufacturing_yoy_log,60,35,25,0.5833333333333334,35,included,included
dfm_tierC_k1,C,H1,conservative,2023Q1,mining,mining_yoy_log,60,35,25,0.5833333333333334,35,included,included
dfm_tierC_k1,C,H1,conservative,2023Q1,electricity_gas,utilities_yoy_log,60,35,25,0.5833333333333334,35,included,included
dfm_tierC_k1,C,H1,conservative,2023Q1,retail_trade,retail_yoy_log,60,23,37,0.38333333333333336,23,included,included
dfm_tierC_k1,C,H1,conservative,2023Q1,wholesale_trade,wholesale_yoy_log,60,23,37,0.38333333333333336,23,included,included
dfm_tierC_k1,C,H1,conservative,2023Q1,construction,construction_yoy_log,60,11,49,0.18333333333333332,11,excluded,insufficient_in_window_coverage
dfm_tierC_k1,C,H1,conservative,2023Q1,cpi_headline,cpi_headline_mom_log,60,24,36,0.4,22,included,included
dfm_tierC_k1,C,H1,conservative,2023Q1,cpi_food,cpi_food_mom_log,60,24,36,0.4,23,included,included
dfm_tierC_k1,C,H1,conservative,2023Q1,cpi_services,cpi_services_mom_log,60,24,36,0.4,21,included,included
dfm_tierC_k1,C,H1,conservative,2023Q1,exports_total,exports_total_yoy_log,60,11,49,0.18333333333333332,11,excluded,insufficient_in_window_coverage
dfm_tierC_k1,C,H1,conservative,2023Q1,exports_non_gold,exports_non_gold_yoy_log,60,11,49,0.18333333333333332,11,excluded,insufficient_in_window_coverage
dfm_tierC_k1,C,H1,conservative,2023Q1,imports_total,imports_total_yoy_log,60,11,49,0.18333333333333332,11,excluded,insufficient_in_window_coverage
dfm_tierC_k1,C,H1,conservative,2023Q1,gold_exports_proxy,gold_exports_proxy_usd_m,60,23,37,0.38333333333333336,23,included,included
dfm_tierC_k1,C,H1,conservative,2023Q2,ppi,ppi_mom_log,63,63,0,1.0,36,included,included
dfm_tierC_k1,C,H1,conservative,2023Q2,usd_uzs,usd_uzs_mom_dlog,63,63,0,1.0,63,included,included
dfm_tierC_k1,C,H1,conservative,2023Q2,rub_uzs,rub_uzs_mom_dlog,63,63,0,1.0,63,included,included
dfm_tierC_k1,C,H1,conservative,2023Q2,gold_price,gold_price_mom_dlog,63,63,0,1.0,63,included,included
dfm_tierC_k1,C,H1,conservative,2023Q2,m2,m2_yoy_log,63,62,1,0.9841269841269841,62,included,included
dfm_tierC_k1,C,H1,conservative,2023Q2,fx_reserves_ex_gold,fx_reserves_exgold_yoy_log,63,63,0,1.0,63,included,included
dfm_tierC_k1,C,H1,conservative,2023Q2,industrial_production,ind_prod_yoy_log,63,38,25,0.6031746031746031,38,included,included
dfm_tierC_k1,C,H1,conservative,2023Q2,manufacturing,manufacturing_yoy_log,63,38,25,0.6031746031746031,38,included,included
dfm_tierC_k1,C,H1,conservative,2023Q2,mining,mining_yoy_log,63,38,25,0.6031746031746031,38,included,included
dfm_tierC_k1,C,H1,conservative,2023Q2,electricity_gas,utilities_yoy_log,63,38,25,0.6031746031746031,38,included,included
dfm_tierC_k1,C,H1,conservative,2023Q2,retail_trade,retail_yoy_log,63,26,37,0.4126984126984127,26,included,included
dfm_tierC_k1,C,H1,conservative,2023Q2,wholesale_trade,wholesale_yoy_log,63,26,37,0.4126984126984127,26,included,included
dfm_tierC_k1,C,H1,conservative,2023Q2,construction,construction_yoy_log,63,14,49,0.2222222222222222,14,included,included
dfm_tierC_k1,C,H1,conservative,2023Q2,cpi_headline,cpi_headline_mom_log,63,27,36,0.42857142857142855,24,included,included
dfm_tierC_k1,C,H1,conservative,2023Q2,cpi_food,cpi_food_mom_log,63,27,36,0.42857142857142855,26,included,included
dfm_tierC_k1,C,H1,conservative,2023Q2,cpi_services,cpi_services_mom_log,63,27,36,0.42857142857142855,23,included,included
dfm_tierC_k1,C,H1,conservative,2023Q2,exports_total,exports_total_yoy_log,63,14,49,0.2222222222222222,14,included,included
dfm_tierC_k1,C,H1,conservative,2023Q2,exports_non_gold,exports_non_gold_yoy_log,63,14,49,0.2222222222222222,14,included,included
dfm_tierC_k1,C,H1,conservative,2023Q2,imports_total,imports_total_yoy_log,63,14,49,0.2222222222222222,14,included,included
dfm_tierC_k1,C,H1,conservative,2023Q2,gold_exports_proxy,gold_exports_proxy_usd_m,63,26,37,0.4126984126984127,26,included,included
dfm_tierC_k1,C,H1,conservative,2023Q3,ppi,ppi_mom_log,66,66,0,1.0,36,included,included
dfm_tierC_k1,C,H1,conservative,2023Q3,usd_uzs,usd_uzs_mom_dlog,66,66,0,1.0,66,included,included
dfm_tierC_k1,C,H1,conservative,2023Q3,rub_uzs,rub_uzs_mom_dlog,66,66,0,1.0,66,included,included
dfm_tierC_k1,C,H1,conservative,2023Q3,gold_price,gold_price_mom_dlog,66,66,0,1.0,66,included,included
dfm_tierC_k1,C,H1,conservative,2023Q3,m2,m2_yoy_log,66,65,1,0.9848484848484849,65,included,included
dfm_tierC_k1,C,H1,conservative,2023Q3,fx_reserves_ex_gold,fx_reserves_exgold_yoy_log,66,66,0,1.0,66,included,included
dfm_tierC_k1,C,H1,conservative,2023Q3,industrial_production,ind_prod_yoy_log,66,41,25,0.6212121212121212,41,included,included
dfm_tierC_k1,C,H1,conservative,2023Q3,manufacturing,manufacturing_yoy_log,66,41,25,0.6212121212121212,41,included,included
dfm_tierC_k1,C,H1,conservative,2023Q3,mining,mining_yoy_log,66,41,25,0.6212121212121212,41,included,included
dfm_tierC_k1,C,H1,conservative,2023Q3,electricity_gas,utilities_yoy_log,66,41,25,0.6212121212121212,41,included,included
dfm_tierC_k1,C,H1,conservative,2023Q3,retail_trade,retail_yoy_log,66,29,37,0.4393939393939394,29,included,included
dfm_tierC_k1,C,H1,conservative,2023Q3,wholesale_trade,wholesale_yoy_log,66,29,37,0.4393939393939394,29,included,included
dfm_tierC_k1,C,H1,conservative,2023Q3,construction,construction_yoy_log,66,17,49,0.25757575757575757,17,included,included
dfm_tierC_k1,C,H1,conservative,2023Q3,cpi_headline,cpi_headline_mom_log,66,30,36,0.45454545454545453,27,included,included
dfm_tierC_k1,C,H1,conservative,2023Q3,cpi_food,cpi_food_mom_log,66,30,36,0.45454545454545453,28,included,included
dfm_tierC_k1,C,H1,conservative,2023Q3,cpi_services,cpi_services_mom_log,66,30,36,0.45454545454545453,25,included,included
dfm_tierC_k1,C,H1,conservative,2023Q3,exports_total,exports_total_yoy_log,66,17,49,0.25757575757575757,17,included,included
dfm_tierC_k1,C,H1,conservative,2023Q3,exports_non_gold,exports_non_gold_yoy_log,66,17,49,0.25757575757575757,17,included,included
dfm_tierC_k1,C,H1,conservative,2023Q3,imports_total,imports_total_yoy_log,66,17,49,0.25757575757575757,17,included,included
dfm_tierC_k1,C,H1,conservative,2023Q3,gold_exports_proxy,gold_exports_proxy_usd_m,66,29,37,0.4393939393939394,29,included,included
dfm_tierC_k1,C,H1,conservative,2023Q4,ppi,ppi_mom_log,69,69,0,1.0,36,included,included
dfm_tierC_k1,C,H1,conservative,2023Q4,usd_uzs,usd_uzs_mom_dlog,69,69,0,1.0,69,included,included
dfm_tierC_k1,C,H1,conservative,2023Q4,rub_uzs,rub_uzs_mom_dlog,69,69,0,1.0,69,included,included
dfm_tierC_k1,C,H1,conservative,2023Q4,gold_price,gold_price_mom_dlog,69,69,0,1.0,69,included,included
dfm_tierC_k1,C,H1,conservative,2023Q4,m2,m2_yoy_log,69,68,1,0.9855072463768116,68,included,included
dfm_tierC_k1,C,H1,conservative,2023Q4,fx_reserves_ex_gold,fx_reserves_exgold_yoy_log,69,69,0,1.0,69,included,included
dfm_tierC_k1,C,H1,conservative,2023Q4,industrial_production,ind_prod_yoy_log,69,44,25,0.6376811594202898,44,included,included
dfm_tierC_k1,C,H1,conservative,2023Q4,manufacturing,manufacturing_yoy_log,69,44,25,0.6376811594202898,44,included,included
dfm_tierC_k1,C,H1,conservative,2023Q4,mining,mining_yoy_log,69,44,25,0.6376811594202898,44,included,included
dfm_tierC_k1,C,H1,conservative,2023Q4,electricity_gas,utilities_yoy_log,69,44,25,0.6376811594202898,44,included,included
dfm_tierC_k1,C,H1,conservative,2023Q4,retail_trade,retail_yoy_log,69,32,37,0.463768115942029,32,included,included
dfm_tierC_k1,C,H1,conservative,2023Q4,wholesale_trade,wholesale_yoy_log,69,32,37,0.463768115942029,32,included,included
dfm_tierC_k1,C,H1,conservative,2023Q4,construction,construction_yoy_log,69,20,49,0.2898550724637681,20,included,included
dfm_tierC_k1,C,H1,conservative,2023Q4,cpi_headline,cpi_headline_mom_log,69,33,36,0.4782608695652174,28,included,included
dfm_tierC_k1,C,H1,conservative,2023Q4,cpi_food,cpi_food_mom_log,69,33,36,0.4782608695652174,30,included,included
dfm_tierC_k1,C,H1,conservative,2023Q4,cpi_services,cpi_services_mom_log,69,33,36,0.4782608695652174,27,included,included
dfm_tierC_k1,C,H1,conservative,2023Q4,exports_total,exports_total_yoy_log,69,20,49,0.2898550724637681,20,included,included
dfm_tierC_k1,C,H1,conservative,2023Q4,exports_non_gold,exports_non_gold_yoy_log,69,20,49,0.2898550724637681,20,included,included
dfm_tierC_k1,C,H1,conservative,2023Q4,imports_total,imports_total_yoy_log,69,20,49,0.2898550724637681,20,included,included
dfm_tierC_k1,C,H1,conservative,2023Q4,gold_exports_proxy,gold_exports_proxy_usd_m,69,32,37,0.463768115942029,32,included,included
dfm_tierC_k1,C,H1,conservative,2024Q1,ppi,ppi_mom_log,72,72,0,1.0,37,included,included
dfm_tierC_k1,C,H1,conservative,2024Q1,usd_uzs,usd_uzs_mom_dlog,72,72,0,1.0,72,included,included
dfm_tierC_k1,C,H1,conservative,2024Q1,rub_uzs,rub_uzs_mom_dlog,72,72,0,1.0,72,included,included
dfm_tierC_k1,C,H1,conservative,2024Q1,gold_price,gold_price_mom_dlog,72,72,0,1.0,71,included,included
dfm_tierC_k1,C,H1,conservative,2024Q1,m2,m2_yoy_log,72,71,1,0.9861111111111112,71,included,included
dfm_tierC_k1,C,H1,conservative,2024Q1,fx_reserves_ex_gold,fx_reserves_exgold_yoy_log,72,72,0,1.0,72,included,included
dfm_tierC_k1,C,H1,conservative,2024Q1,industrial_production,ind_prod_yoy_log,72,47,25,0.6527777777777778,47,included,included
dfm_tierC_k1,C,H1,conservative,2024Q1,manufacturing,manufacturing_yoy_log,72,47,25,0.6527777777777778,47,included,included
dfm_tierC_k1,C,H1,conservative,2024Q1,mining,mining_yoy_log,72,47,25,0.6527777777777778,47,included,included
dfm_tierC_k1,C,H1,conservative,2024Q1,electricity_gas,utilities_yoy_log,72,47,25,0.6527777777777778,47,included,included
dfm_tierC_k1,C,H1,conservative,2024Q1,retail_trade,retail_yoy_log,72,35,37,0.4861111111111111,35,included,included
dfm_tierC_k1,C,H1,conservative,2024Q1,wholesale_trade,wholesale_yoy_log,72,34,38,0.4722222222222222,34,included,included
dfm_tierC_k1,C,H1,conservative,2024Q1,construction,construction_yoy_log,72,23,49,0.3194444444444444,23,included,included
dfm_tierC_k1,C,H1,conservative,2024Q1,cpi_headline,cpi_headline_mom_log,72,36,36,0.5,30,included,included
dfm_tierC_k1,C,H1,conservative,2024Q1,cpi_food,cpi_food_mom_log,72,36,36,0.5,32,included,included
dfm_tierC_k1,C,H1,conservative,2024Q1,cpi_services,cpi_services_mom_log,72,36,36,0.5,29,included,included
dfm_tierC_k1,C,H1,conservative,2024Q1,exports_total,exports_total_yoy_log,72,23,49,0.3194444444444444,23,included,included
dfm_tierC_k1,C,H1,conservative,2024Q1,exports_non_gold,exports_non_gold_yoy_log,72,23,49,0.3194444444444444,23,included,included
dfm_tierC_k1,C,H1,conservative,2024Q1,imports_total,imports_total_yoy_log,72,23,49,0.3194444444444444,23,included,included
dfm_tierC_k1,C,H1,conservative,2024Q1,gold_exports_proxy,gold_exports_proxy_usd_m,72,35,37,0.4861111111111111,35,included,included
dfm_tierC_k1,C,H1,conservative,2024Q2,ppi,ppi_mom_log,75,75,0,1.0,38,included,included
dfm_tierC_k1,C,H1,conservative,2024Q2,usd_uzs,usd_uzs_mom_dlog,75,75,0,1.0,75,included,included
dfm_tierC_k1,C,H1,conservative,2024Q2,rub_uzs,rub_uzs_mom_dlog,75,75,0,1.0,75,included,included
dfm_tierC_k1,C,H1,conservative,2024Q2,gold_price,gold_price_mom_dlog,75,75,0,1.0,74,included,included
dfm_tierC_k1,C,H1,conservative,2024Q2,m2,m2_yoy_log,75,74,1,0.9866666666666667,74,included,included
dfm_tierC_k1,C,H1,conservative,2024Q2,fx_reserves_ex_gold,fx_reserves_exgold_yoy_log,75,75,0,1.0,75,included,included
dfm_tierC_k1,C,H1,conservative,2024Q2,industrial_production,ind_prod_yoy_log,75,50,25,0.6666666666666666,50,included,included
dfm_tierC_k1,C,H1,conservative,2024Q2,manufacturing,manufacturing_yoy_log,75,50,25,0.6666666666666666,50,included,included
dfm_tierC_k1,C,H1,conservative,2024Q2,mining,mining_yoy_log,75,50,25,0.6666666666666666,50,included,included
dfm_tierC_k1,C,H1,conservative,2024Q2,electricity_gas,utilities_yoy_log,75,50,25,0.6666666666666666,50,included,included
dfm_tierC_k1,C,H1,conservative,2024Q2,retail_trade,retail_yoy_log,75,38,37,0.5066666666666667,38,included,included
dfm_tierC_k1,C,H1,conservative,2024Q2,wholesale_trade,wholesale_yoy_log,75,37,38,0.49333333333333335,37,included,included
dfm_tierC_k1,C,H1,conservative,2024Q2,construction,construction_yoy_log,75,26,49,0.3466666666666667,26,included,included
dfm_tierC_k1,C,H1,conservative,2024Q2,cpi_headline,cpi_headline_mom_log,75,39,36,0.52,32,included,included
dfm_tierC_k1,C,H1,conservative,2024Q2,cpi_food,cpi_food_mom_log,75,39,36,0.52,34,included,included
dfm_tierC_k1,C,H1,conservative,2024Q2,cpi_services,cpi_services_mom_log,75,39,36,0.52,31,included,included
dfm_tierC_k1,C,H1,conservative,2024Q2,exports_total,exports_total_yoy_log,75,26,49,0.3466666666666667,26,included,included
dfm_tierC_k1,C,H1,conservative,2024Q2,exports_non_gold,exports_non_gold_yoy_log,75,26,49,0.3466666666666667,26,included,included
dfm_tierC_k1,C,H1,conservative,2024Q2,imports_total,imports_total_yoy_log,75,26,49,0.3466666666666667,26,included,included
dfm_tierC_k1,C,H1,conservative,2024Q2,gold_exports_proxy,gold_exports_proxy_usd_m,75,38,37,0.5066666666666667,37,included,included
dfm_tierC_k1,C,H1,conservative,2024Q3,ppi,ppi_mom_log,78,78,0,1.0,38,included,included
dfm_tierC_k1,C,H1,conservative,2024Q3,usd_uzs,usd_uzs_mom_dlog,78,78,0,1.0,78,included,included
dfm_tierC_k1,C,H1,conservative,2024Q3,rub_uzs,rub_uzs_mom_dlog,78,78,0,1.0,78,included,included
dfm_tierC_k1,C,H1,conservative,2024Q3,gold_price,gold_price_mom_dlog,78,78,0,1.0,77,included,included
dfm_tierC_k1,C,H1,conservative,2024Q3,m2,m2_yoy_log,78,77,1,0.9871794871794872,77,included,included
dfm_tierC_k1,C,H1,conservative,2024Q3,fx_reserves_ex_gold,fx_reserves_exgold_yoy_log,78,78,0,1.0,78,included,included
dfm_tierC_k1,C,H1,conservative,2024Q3,industrial_production,ind_prod_yoy_log,78,53,25,0.6794871794871795,53,included,included
dfm_tierC_k1,C,H1,conservative,2024Q3,manufacturing,manufacturing_yoy_log,78,53,25,0.6794871794871795,53,included,included
dfm_tierC_k1,C,H1,conservative,2024Q3,mining,mining_yoy_log,78,53,25,0.6794871794871795,53,included,included
dfm_tierC_k1,C,H1,conservative,2024Q3,electricity_gas,utilities_yoy_log,78,53,25,0.6794871794871795,53,included,included
dfm_tierC_k1,C,H1,conservative,2024Q3,retail_trade,retail_yoy_log,78,41,37,0.5256410256410257,41,included,included
dfm_tierC_k1,C,H1,conservative,2024Q3,wholesale_trade,wholesale_yoy_log,78,40,38,0.5128205128205128,40,included,included
dfm_tierC_k1,C,H1,conservative,2024Q3,construction,construction_yoy_log,78,29,49,0.3717948717948718,29,included,included
dfm_tierC_k1,C,H1,conservative,2024Q3,cpi_headline,cpi_headline_mom_log,78,42,36,0.5384615384615384,35,included,included
dfm_tierC_k1,C,H1,conservative,2024Q3,cpi_food,cpi_food_mom_log,78,42,36,0.5384615384615384,37,included,included
dfm_tierC_k1,C,H1,conservative,2024Q3,cpi_services,cpi_services_mom_log,78,42,36,0.5384615384615384,34,included,included
dfm_tierC_k1,C,H1,conservative,2024Q3,exports_total,exports_total_yoy_log,78,29,49,0.3717948717948718,29,included,included
dfm_tierC_k1,C,H1,conservative,2024Q3,exports_non_gold,exports_non_gold_yoy_log,78,29,49,0.3717948717948718,29,included,included
dfm_tierC_k1,C,H1,conservative,2024Q3,imports_total,imports_total_yoy_log,78,29,49,0.3717948717948718,29,included,included
dfm_tierC_k1,C,H1,conservative,2024Q3,gold_exports_proxy,gold_exports_proxy_usd_m,78,41,37,0.5256410256410257,40,included,included
dfm_tierC_k1,C,H1,conservative,2024Q4,ppi,ppi_mom_log,81,81,0,1.0,38,included,included
dfm_tierC_k1,C,H1,conservative,2024Q4,usd_uzs,usd_uzs_mom_dlog,81,81,0,1.0,81,included,included
dfm_tierC_k1,C,H1,conservative,2024Q4,rub_uzs,rub_uzs_mom_dlog,81,81,0,1.0,81,included,included
dfm_tierC_k1,C,H1,conservative,2024Q4,gold_price,gold_price_mom_dlog,81,81,0,1.0,80,included,included
dfm_tierC_k1,C,H1,conservative,2024Q4,m2,m2_yoy_log,81,80,1,0.9876543209876543,80,included,included
dfm_tierC_k1,C,H1,conservative,2024Q4,fx_reserves_ex_gold,fx_reserves_exgold_yoy_log,81,81,0,1.0,81,included,included
dfm_tierC_k1,C,H1,conservative,2024Q4,industrial_production,ind_prod_yoy_log,81,56,25,0.691358024691358,56,included,included
dfm_tierC_k1,C,H1,conservative,2024Q4,manufacturing,manufacturing_yoy_log,81,56,25,0.691358024691358,56,included,included
dfm_tierC_k1,C,H1,conservative,2024Q4,mining,mining_yoy_log,81,56,25,0.691358024691358,56,included,included
dfm_tierC_k1,C,H1,conservative,2024Q4,electricity_gas,utilities_yoy_log,81,56,25,0.691358024691358,56,included,included
dfm_tierC_k1,C,H1,conservative,2024Q4,retail_trade,retail_yoy_log,81,44,37,0.5432098765432098,44,included,included
dfm_tierC_k1,C,H1,conservative,2024Q4,wholesale_trade,wholesale_yoy_log,81,43,38,0.5308641975308642,43,included,included
dfm_tierC_k1,C,H1,conservative,2024Q4,construction,construction_yoy_log,81,32,49,0.3950617283950617,32,included,included
dfm_tierC_k1,C,H1,conservative,2024Q4,cpi_headline,cpi_headline_mom_log,81,45,36,0.5555555555555556,37,included,included
dfm_tierC_k1,C,H1,conservative,2024Q4,cpi_food,cpi_food_mom_log,81,45,36,0.5555555555555556,39,included,included
dfm_tierC_k1,C,H1,conservative,2024Q4,cpi_services,cpi_services_mom_log,81,45,36,0.5555555555555556,35,included,included
dfm_tierC_k1,C,H1,conservative,2024Q4,exports_total,exports_total_yoy_log,81,32,49,0.3950617283950617,32,included,included
dfm_tierC_k1,C,H1,conservative,2024Q4,exports_non_gold,exports_non_gold_yoy_log,81,32,49,0.3950617283950617,32,included,included
dfm_tierC_k1,C,H1,conservative,2024Q4,imports_total,imports_total_yoy_log,81,32,49,0.3950617283950617,32,included,included
dfm_tierC_k1,C,H1,conservative,2024Q4,gold_exports_proxy,gold_exports_proxy_usd_m,81,44,37,0.5432098765432098,43,included,included
dfm_tierC_k1,C,H1,conservative,2025Q1,ppi,ppi_mom_log,84,84,0,1.0,38,included,included
dfm_tierC_k1,C,H1,conservative,2025Q1,usd_uzs,usd_uzs_mom_dlog,84,84,0,1.0,84,included,included
dfm_tierC_k1,C,H1,conservative,2025Q1,rub_uzs,rub_uzs_mom_dlog,84,84,0,1.0,84,included,included
dfm_tierC_k1,C,H1,conservative,2025Q1,gold_price,gold_price_mom_dlog,84,84,0,1.0,83,included,included
dfm_tierC_k1,C,H1,conservative,2025Q1,m2,m2_yoy_log,84,83,1,0.9880952380952381,83,included,included
dfm_tierC_k1,C,H1,conservative,2025Q1,fx_reserves_ex_gold,fx_reserves_exgold_yoy_log,84,84,0,1.0,84,included,included
dfm_tierC_k1,C,H1,conservative,2025Q1,industrial_production,ind_prod_yoy_log,84,59,25,0.7023809523809523,59,included,included
dfm_tierC_k1,C,H1,conservative,2025Q1,manufacturing,manufacturing_yoy_log,84,59,25,0.7023809523809523,59,included,included
dfm_tierC_k1,C,H1,conservative,2025Q1,mining,mining_yoy_log,84,59,25,0.7023809523809523,59,included,included
dfm_tierC_k1,C,H1,conservative,2025Q1,electricity_gas,utilities_yoy_log,84,59,25,0.7023809523809523,59,included,included
dfm_tierC_k1,C,H1,conservative,2025Q1,retail_trade,retail_yoy_log,84,47,37,0.5595238095238095,47,included,included
dfm_tierC_k1,C,H1,conservative,2025Q1,wholesale_trade,wholesale_yoy_log,84,45,39,0.5357142857142857,45,included,included
dfm_tierC_k1,C,H1,conservative,2025Q1,construction,construction_yoy_log,84,35,49,0.4166666666666667,35,included,included
dfm_tierC_k1,C,H1,conservative,2025Q1,cpi_headline,cpi_headline_mom_log,84,48,36,0.5714285714285714,37,included,included
dfm_tierC_k1,C,H1,conservative,2025Q1,cpi_food,cpi_food_mom_log,84,48,36,0.5714285714285714,41,included,included
dfm_tierC_k1,C,H1,conservative,2025Q1,cpi_services,cpi_services_mom_log,84,48,36,0.5714285714285714,38,included,included
dfm_tierC_k1,C,H1,conservative,2025Q1,exports_total,exports_total_yoy_log,84,35,49,0.4166666666666667,35,included,included
dfm_tierC_k1,C,H1,conservative,2025Q1,exports_non_gold,exports_non_gold_yoy_log,84,35,49,0.4166666666666667,35,included,included
dfm_tierC_k1,C,H1,conservative,2025Q1,imports_total,imports_total_yoy_log,84,35,49,0.4166666666666667,35,included,included
dfm_tierC_k1,C,H1,conservative,2025Q1,gold_exports_proxy,gold_exports_proxy_usd_m,84,47,37,0.5595238095238095,46,included,included
dfm_tierC_k1,C,H1,conservative,2025Q2,ppi,ppi_mom_log,87,87,0,1.0,38,included,included
dfm_tierC_k1,C,H1,conservative,2025Q2,usd_uzs,usd_uzs_mom_dlog,87,87,0,1.0,87,included,included
dfm_tierC_k1,C,H1,conservative,2025Q2,rub_uzs,rub_uzs_mom_dlog,87,87,0,1.0,87,included,included
dfm_tierC_k1,C,H1,conservative,2025Q2,gold_price,gold_price_mom_dlog,87,87,0,1.0,86,included,included
dfm_tierC_k1,C,H1,conservative,2025Q2,m2,m2_yoy_log,87,86,1,0.9885057471264368,86,included,included
dfm_tierC_k1,C,H1,conservative,2025Q2,fx_reserves_ex_gold,fx_reserves_exgold_yoy_log,87,87,0,1.0,87,included,included
dfm_tierC_k1,C,H1,conservative,2025Q2,industrial_production,ind_prod_yoy_log,87,62,25,0.7126436781609196,62,included,included
dfm_tierC_k1,C,H1,conservative,2025Q2,manufacturing,manufacturing_yoy_log,87,62,25,0.7126436781609196,62,included,included
dfm_tierC_k1,C,H1,conservative,2025Q2,mining,mining_yoy_log,87,62,25,0.7126436781609196,62,included,included
dfm_tierC_k1,C,H1,conservative,2025Q2,electricity_gas,utilities_yoy_log,87,62,25,0.7126436781609196,62,included,included
dfm_tierC_k1,C,H1,conservative,2025Q2,retail_trade,retail_yoy_log,87,50,37,0.5747126436781609,50,included,included
dfm_tierC_k1,C,H1,conservative,2025Q2,wholesale_trade,wholesale_yoy_log,87,48,39,0.5517241379310345,48,included,included
dfm_tierC_k1,C,H1,conservative,2025Q2,construction,construction_yoy_log,87,38,49,0.4367816091954023,38,included,included
dfm_tierC_k1,C,H1,conservative,2025Q2,cpi_headline,cpi_headline_mom_log,87,51,36,0.5862068965517241,39,included,included
dfm_tierC_k1,C,H1,conservative,2025Q2,cpi_food,cpi_food_mom_log,87,51,36,0.5862068965517241,43,included,included
dfm_tierC_k1,C,H1,conservative,2025Q2,cpi_services,cpi_services_mom_log,87,51,36,0.5862068965517241,41,included,included
dfm_tierC_k1,C,H1,conservative,2025Q2,exports_total,exports_total_yoy_log,87,38,49,0.4367816091954023,38,included,included
dfm_tierC_k1,C,H1,conservative,2025Q2,exports_non_gold,exports_non_gold_yoy_log,87,38,49,0.4367816091954023,38,included,included
dfm_tierC_k1,C,H1,conservative,2025Q2,imports_total,imports_total_yoy_log,87,38,49,0.4367816091954023,38,included,included
dfm_tierC_k1,C,H1,conservative,2025Q2,gold_exports_proxy,gold_exports_proxy_usd_m,87,50,37,0.5747126436781609,49,included,included
dfm_tierA_k1,A,H2,standard,2021Q1,ppi,ppi_mom_log,36,36,0,1.0,26,included,included
dfm_tierA_k1,A,H2,standard,2021Q1,usd_uzs,usd_uzs_mom_dlog,36,36,0,1.0,36,included,included
dfm_tierA_k1,A,H2,standard,2021Q1,rub_uzs,rub_uzs_mom_dlog,36,36,0,1.0,36,included,included
dfm_tierA_k1,A,H2,standard,2021Q1,gold_price,gold_price_mom_dlog,36,36,0,1.0,36,included,included
dfm_tierA_k1,A,H2,standard,2021Q1,m2,m2_yoy_log,36,36,0,1.0,36,included,included
dfm_tierA_k1,A,H2,standard,2021Q1,fx_reserves_ex_gold,fx_reserves_exgold_yoy_log,36,36,0,1.0,36,included,included
dfm_tierA_k1,A,H2,standard,2021Q2,ppi,ppi_mom_log,39,39,0,1.0,26,included,included
dfm_tierA_k1,A,H2,standard,2021Q2,usd_uzs,usd_uzs_mom_dlog,39,39,0,1.0,39,included,included
dfm_tierA_k1,A,H2,standard,2021Q2,rub_uzs,rub_uzs_mom_dlog,39,39,0,1.0,39,included,included
dfm_tierA_k1,A,H2,standard,2021Q2,gold_price,gold_price_mom_dlog,39,39,0,1.0,39,included,included
dfm_tierA_k1,A,H2,standard,2021Q2,m2,m2_yoy_log,39,39,0,1.0,39,included,included
dfm_tierA_k1,A,H2,standard,2021Q2,fx_reserves_ex_gold,fx_reserves_exgold_yoy_log,39,39,0,1.0,39,included,included
dfm_tierA_k1,A,H2,standard,2021Q3,ppi,ppi_mom_log,42,42,0,1.0,27,included,included
dfm_tierA_k1,A,H2,standard,2021Q3,usd_uzs,usd_uzs_mom_dlog,42,42,0,1.0,42,included,included
dfm_tierA_k1,A,H2,standard,2021Q3,rub_uzs,rub_uzs_mom_dlog,42,42,0,1.0,42,included,included
dfm_tierA_k1,A,H2,standard,2021Q3,gold_price,gold_price_mom_dlog,42,42,0,1.0,42,included,included
dfm_tierA_k1,A,H2,standard,2021Q3,m2,m2_yoy_log,42,42,0,1.0,42,included,included
dfm_tierA_k1,A,H2,standard,2021Q3,fx_reserves_ex_gold,fx_reserves_exgold_yoy_log,42,42,0,1.0,42,included,included
dfm_tierA_k1,A,H2,standard,2021Q4,ppi,ppi_mom_log,45,45,0,1.0,29,included,included
dfm_tierA_k1,A,H2,standard,2021Q4,usd_uzs,usd_uzs_mom_dlog,45,45,0,1.0,45,included,included
dfm_tierA_k1,A,H2,standard,2021Q4,rub_uzs,rub_uzs_mom_dlog,45,45,0,1.0,45,included,included
dfm_tierA_k1,A,H2,standard,2021Q4,gold_price,gold_price_mom_dlog,45,45,0,1.0,45,included,included
dfm_tierA_k1,A,H2,standard,2021Q4,m2,m2_yoy_log,45,45,0,1.0,45,included,included
dfm_tierA_k1,A,H2,standard,2021Q4,fx_reserves_ex_gold,fx_reserves_exgold_yoy_log,45,45,0,1.0,45,included,included
dfm_tierA_k1,A,H2,standard,2022Q1,ppi,ppi_mom_log,48,48,0,1.0,31,included,included
dfm_tierA_k1,A,H2,standard,2022Q1,usd_uzs,usd_uzs_mom_dlog,48,48,0,1.0,48,included,included
dfm_tierA_k1,A,H2,standard,2022Q1,rub_uzs,rub_uzs_mom_dlog,48,48,0,1.0,48,included,included
dfm_tierA_k1,A,H2,standard,2022Q1,gold_price,gold_price_mom_dlog,48,48,0,1.0,48,included,included
dfm_tierA_k1,A,H2,standard,2022Q1,m2,m2_yoy_log,48,48,0,1.0,48,included,included
dfm_tierA_k1,A,H2,standard,2022Q1,fx_reserves_ex_gold,fx_reserves_exgold_yoy_log,48,48,0,1.0,48,included,included
dfm_tierA_k1,A,H2,standard,2022Q2,ppi,ppi_mom_log,51,51,0,1.0,32,included,included
dfm_tierA_k1,A,H2,standard,2022Q2,usd_uzs,usd_uzs_mom_dlog,51,51,0,1.0,51,included,included
dfm_tierA_k1,A,H2,standard,2022Q2,rub_uzs,rub_uzs_mom_dlog,51,51,0,1.0,51,included,included
dfm_tierA_k1,A,H2,standard,2022Q2,gold_price,gold_price_mom_dlog,51,51,0,1.0,51,included,included
dfm_tierA_k1,A,H2,standard,2022Q2,m2,m2_yoy_log,51,51,0,1.0,51,included,included
dfm_tierA_k1,A,H2,standard,2022Q2,fx_reserves_ex_gold,fx_reserves_exgold_yoy_log,51,51,0,1.0,51,included,included
dfm_tierA_k1,A,H2,standard,2022Q3,ppi,ppi_mom_log,54,54,0,1.0,33,included,included
dfm_tierA_k1,A,H2,standard,2022Q3,usd_uzs,usd_uzs_mom_dlog,54,54,0,1.0,54,included,included
dfm_tierA_k1,A,H2,standard,2022Q3,rub_uzs,rub_uzs_mom_dlog,54,54,0,1.0,54,included,included
dfm_tierA_k1,A,H2,standard,2022Q3,gold_price,gold_price_mom_dlog,54,54,0,1.0,54,included,included
dfm_tierA_k1,A,H2,standard,2022Q3,m2,m2_yoy_log,54,54,0,1.0,54,included,included
dfm_tierA_k1,A,H2,standard,2022Q3,fx_reserves_ex_gold,fx_reserves_exgold_yoy_log,54,54,0,1.0,54,included,included
dfm_tierA_k1,A,H2,standard,2022Q4,ppi,ppi_mom_log,57,57,0,1.0,35,included,included
dfm_tierA_k1,A,H2,standard,2022Q4,usd_uzs,usd_uzs_mom_dlog,57,57,0,1.0,57,included,included
dfm_tierA_k1,A,H2,standard,2022Q4,rub_uzs,rub_uzs_mom_dlog,57,57,0,1.0,57,included,included
dfm_tierA_k1,A,H2,standard,2022Q4,gold_price,gold_price_mom_dlog,57,57,0,1.0,57,included,included
dfm_tierA_k1,A,H2,standard,2022Q4,m2,m2_yoy_log,57,57,0,1.0,57,included,included
dfm_tierA_k1,A,H2,standard,2022Q4,fx_reserves_ex_gold,fx_reserves_exgold_yoy_log,57,57,0,1.0,57,included,included
dfm_tierA_k1,A,H2,standard,2023Q1,ppi,ppi_mom_log,60,60,0,1.0,35,included,included
dfm_tierA_k1,A,H2,standard,2023Q1,usd_uzs,usd_uzs_mom_dlog,60,60,0,1.0,60,included,included
dfm_tierA_k1,A,H2,standard,2023Q1,rub_uzs,rub_uzs_mom_dlog,60,60,0,1.0,60,included,included
dfm_tierA_k1,A,H2,standard,2023Q1,gold_price,gold_price_mom_dlog,60,60,0,1.0,60,included,included
dfm_tierA_k1,A,H2,standard,2023Q1,m2,m2_yoy_log,60,60,0,1.0,60,included,included
dfm_tierA_k1,A,H2,standard,2023Q1,fx_reserves_ex_gold,fx_reserves_exgold_yoy_log,60,60,0,1.0,60,included,included
dfm_tierA_k1,A,H2,standard,2023Q2,ppi,ppi_mom_log,63,63,0,1.0,36,included,included
dfm_tierA_k1,A,H2,standard,2023Q2,usd_uzs,usd_uzs_mom_dlog,63,63,0,1.0,63,included,included
dfm_tierA_k1,A,H2,standard,2023Q2,rub_uzs,rub_uzs_mom_dlog,63,63,0,1.0,63,included,included
dfm_tierA_k1,A,H2,standard,2023Q2,gold_price,gold_price_mom_dlog,63,63,0,1.0,63,included,included
dfm_tierA_k1,A,H2,standard,2023Q2,m2,m2_yoy_log,63,63,0,1.0,63,included,included
dfm_tierA_k1,A,H2,standard,2023Q2,fx_reserves_ex_gold,fx_reserves_exgold_yoy_log,63,63,0,1.0,63,included,included
dfm_tierA_k1,A,H2,standard,2023Q3,ppi,ppi_mom_log,66,66,0,1.0,36,included,included
dfm_tierA_k1,A,H2,standard,2023Q3,usd_uzs,usd_uzs_mom_dlog,66,66,0,1.0,66,included,included
dfm_tierA_k1,A,H2,standard,2023Q3,rub_uzs,rub_uzs_mom_dlog,66,66,0,1.0,66,included,included
dfm_tierA_k1,A,H2,standard,2023Q3,gold_price,gold_price_mom_dlog,66,66,0,1.0,66,included,included
dfm_tierA_k1,A,H2,standard,2023Q3,m2,m2_yoy_log,66,66,0,1.0,66,included,included
dfm_tierA_k1,A,H2,standard,2023Q3,fx_reserves_ex_gold,fx_reserves_exgold_yoy_log,66,66,0,1.0,66,included,included
dfm_tierA_k1,A,H2,standard,2023Q4,ppi,ppi_mom_log,69,69,0,1.0,36,included,included
dfm_tierA_k1,A,H2,standard,2023Q4,usd_uzs,usd_uzs_mom_dlog,69,69,0,1.0,69,included,included
dfm_tierA_k1,A,H2,standard,2023Q4,rub_uzs,rub_uzs_mom_dlog,69,69,0,1.0,69,included,included
dfm_tierA_k1,A,H2,standard,2023Q4,gold_price,gold_price_mom_dlog,69,69,0,1.0,69,included,included
dfm_tierA_k1,A,H2,standard,2023Q4,m2,m2_yoy_log,69,69,0,1.0,69,included,included
dfm_tierA_k1,A,H2,standard,2023Q4,fx_reserves_ex_gold,fx_reserves_exgold_yoy_log,69,69,0,1.0,69,included,included
dfm_tierA_k1,A,H2,standard,2024Q1,ppi,ppi_mom_log,72,72,0,1.0,37,included,included
dfm_tierA_k1,A,H2,standard,2024Q1,usd_uzs,usd_uzs_mom_dlog,72,72,0,1.0,72,included,included
dfm_tierA_k1,A,H2,standard,2024Q1,rub_uzs,rub_uzs_mom_dlog,72,72,0,1.0,72,included,included
dfm_tierA_k1,A,H2,standard,2024Q1,gold_price,gold_price_mom_dlog,72,72,0,1.0,71,included,included
dfm_tierA_k1,A,H2,standard,2024Q1,m2,m2_yoy_log,72,72,0,1.0,72,included,included
dfm_tierA_k1,A,H2,standard,2024Q1,fx_reserves_ex_gold,fx_reserves_exgold_yoy_log,72,72,0,1.0,72,included,included
dfm_tierA_k1,A,H2,standard,2024Q2,ppi,ppi_mom_log,75,75,0,1.0,38,included,included
dfm_tierA_k1,A,H2,standard,2024Q2,usd_uzs,usd_uzs_mom_dlog,75,75,0,1.0,75,included,included
dfm_tierA_k1,A,H2,standard,2024Q2,rub_uzs,rub_uzs_mom_dlog,75,75,0,1.0,75,included,included
dfm_tierA_k1,A,H2,standard,2024Q2,gold_price,gold_price_mom_dlog,75,75,0,1.0,74,included,included
dfm_tierA_k1,A,H2,standard,2024Q2,m2,m2_yoy_log,75,75,0,1.0,75,included,included
dfm_tierA_k1,A,H2,standard,2024Q2,fx_reserves_ex_gold,fx_reserves_exgold_yoy_log,75,75,0,1.0,75,included,included
dfm_tierA_k1,A,H2,standard,2024Q3,ppi,ppi_mom_log,78,78,0,1.0,38,included,included
dfm_tierA_k1,A,H2,standard,2024Q3,usd_uzs,usd_uzs_mom_dlog,78,78,0,1.0,78,included,included
dfm_tierA_k1,A,H2,standard,2024Q3,rub_uzs,rub_uzs_mom_dlog,78,78,0,1.0,78,included,included
dfm_tierA_k1,A,H2,standard,2024Q3,gold_price,gold_price_mom_dlog,78,78,0,1.0,77,included,included
dfm_tierA_k1,A,H2,standard,2024Q3,m2,m2_yoy_log,78,78,0,1.0,78,included,included
dfm_tierA_k1,A,H2,standard,2024Q3,fx_reserves_ex_gold,fx_reserves_exgold_yoy_log,78,78,0,1.0,78,included,included
dfm_tierA_k1,A,H2,standard,2024Q4,ppi,ppi_mom_log,81,81,0,1.0,38,included,included
dfm_tierA_k1,A,H2,standard,2024Q4,usd_uzs,usd_uzs_mom_dlog,81,81,0,1.0,81,included,included
dfm_tierA_k1,A,H2,standard,2024Q4,rub_uzs,rub_uzs_mom_dlog,81,81,0,1.0,81,included,included
dfm_tierA_k1,A,H2,standard,2024Q4,gold_price,gold_price_mom_dlog,81,81,0,1.0,80,included,included
dfm_tierA_k1,A,H2,standard,2024Q4,m2,m2_yoy_log,81,81,0,1.0,81,included,included
dfm_tierA_k1,A,H2,standard,2024Q4,fx_reserves_ex_gold,fx_reserves_exgold_yoy_log,81,81,0,1.0,81,included,included
dfm_tierA_k1,A,H2,standard,2025Q1,ppi,ppi_mom_log,84,84,0,1.0,38,included,included
dfm_tierA_k1,A,H2,standard,2025Q1,usd_uzs,usd_uzs_mom_dlog,84,84,0,1.0,84,included,included
dfm_tierA_k1,A,H2,standard,2025Q1,rub_uzs,rub_uzs_mom_dlog,84,84,0,1.0,84,included,included
dfm_tierA_k1,A,H2,standard,2025Q1,gold_price,gold_price_mom_dlog,84,84,0,1.0,83,included,included
dfm_tierA_k1,A,H2,standard,2025Q1,m2,m2_yoy_log,84,84,0,1.0,84,included,included
dfm_tierA_k1,A,H2,standard,2025Q1,fx_reserves_ex_gold,fx_reserves_exgold_yoy_log,84,84,0,1.0,84,included,included
dfm_tierA_k1,A,H2,standard,2025Q2,ppi,ppi_mom_log,87,87,0,1.0,38,included,included
dfm_tierA_k1,A,H2,standard,2025Q2,usd_uzs,usd_uzs_mom_dlog,87,87,0,1.0,87,included,included
dfm_tierA_k1,A,H2,standard,2025Q2,rub_uzs,rub_uzs_mom_dlog,87,87,0,1.0,87,included,included
dfm_tierA_k1,A,H2,standard,2025Q2,gold_price,gold_price_mom_dlog,87,87,0,1.0,86,included,included
dfm_tierA_k1,A,H2,standard,2025Q2,m2,m2_yoy_log,87,87,0,1.0,87,included,included
dfm_tierA_k1,A,H2,standard,2025Q2,fx_reserves_ex_gold,fx_reserves_exgold_yoy_log,87,87,0,1.0,87,included,included
dfm_tierB_k1,B,H2,standard,2021Q1,ppi,ppi_mom_log,36,36,0,1.0,26,included,included
dfm_tierB_k1,B,H2,standard,2021Q1,usd_uzs,usd_uzs_mom_dlog,36,36,0,1.0,36,included,included
dfm_tierB_k1,B,H2,standard,2021Q1,rub_uzs,rub_uzs_mom_dlog,36,36,0,1.0,36,included,included
dfm_tierB_k1,B,H2,standard,2021Q1,gold_price,gold_price_mom_dlog,36,36,0,1.0,36,included,included
dfm_tierB_k1,B,H2,standard,2021Q1,m2,m2_yoy_log,36,36,0,1.0,36,included,included
dfm_tierB_k1,B,H2,standard,2021Q1,fx_reserves_ex_gold,fx_reserves_exgold_yoy_log,36,36,0,1.0,36,included,included
dfm_tierB_k1,B,H2,standard,2021Q1,industrial_production,ind_prod_yoy_log,36,12,24,0.3333333333333333,12,included,included
dfm_tierB_k1,B,H2,standard,2021Q1,manufacturing,manufacturing_yoy_log,36,12,24,0.3333333333333333,12,included,included
dfm_tierB_k1,B,H2,standard,2021Q1,mining,mining_yoy_log,36,12,24,0.3333333333333333,12,included,included
dfm_tierB_k1,B,H2,standard,2021Q1,electricity_gas,utilities_yoy_log,36,12,24,0.3333333333333333,12,included,included
dfm_tierB_k1,B,H2,standard,2021Q1,retail_trade,retail_yoy_log,36,0,36,0.0,0,excluded,insufficient_in_window_coverage
dfm_tierB_k1,B,H2,standard,2021Q1,wholesale_trade,wholesale_yoy_log,36,0,36,0.0,0,excluded,insufficient_in_window_coverage
dfm_tierB_k1,B,H2,standard,2021Q2,ppi,ppi_mom_log,39,39,0,1.0,26,included,included
dfm_tierB_k1,B,H2,standard,2021Q2,usd_uzs,usd_uzs_mom_dlog,39,39,0,1.0,39,included,included
dfm_tierB_k1,B,H2,standard,2021Q2,rub_uzs,rub_uzs_mom_dlog,39,39,0,1.0,39,included,included
dfm_tierB_k1,B,H2,standard,2021Q2,gold_price,gold_price_mom_dlog,39,39,0,1.0,39,included,included
dfm_tierB_k1,B,H2,standard,2021Q2,m2,m2_yoy_log,39,39,0,1.0,39,included,included
dfm_tierB_k1,B,H2,standard,2021Q2,fx_reserves_ex_gold,fx_reserves_exgold_yoy_log,39,39,0,1.0,39,included,included
dfm_tierB_k1,B,H2,standard,2021Q2,industrial_production,ind_prod_yoy_log,39,15,24,0.38461538461538464,15,included,included
dfm_tierB_k1,B,H2,standard,2021Q2,manufacturing,manufacturing_yoy_log,39,15,24,0.38461538461538464,15,included,included
dfm_tierB_k1,B,H2,standard,2021Q2,mining,mining_yoy_log,39,15,24,0.38461538461538464,15,included,included
dfm_tierB_k1,B,H2,standard,2021Q2,electricity_gas,utilities_yoy_log,39,15,24,0.38461538461538464,15,included,included
dfm_tierB_k1,B,H2,standard,2021Q2,retail_trade,retail_yoy_log,39,3,36,0.07692307692307693,3,excluded,insufficient_in_window_coverage
dfm_tierB_k1,B,H2,standard,2021Q2,wholesale_trade,wholesale_yoy_log,39,3,36,0.07692307692307693,3,excluded,insufficient_in_window_coverage
dfm_tierB_k1,B,H2,standard,2021Q3,ppi,ppi_mom_log,42,42,0,1.0,27,included,included
dfm_tierB_k1,B,H2,standard,2021Q3,usd_uzs,usd_uzs_mom_dlog,42,42,0,1.0,42,included,included
dfm_tierB_k1,B,H2,standard,2021Q3,rub_uzs,rub_uzs_mom_dlog,42,42,0,1.0,42,included,included
dfm_tierB_k1,B,H2,standard,2021Q3,gold_price,gold_price_mom_dlog,42,42,0,1.0,42,included,included
dfm_tierB_k1,B,H2,standard,2021Q3,m2,m2_yoy_log,42,42,0,1.0,42,included,included
dfm_tierB_k1,B,H2,standard,2021Q3,fx_reserves_ex_gold,fx_reserves_exgold_yoy_log,42,42,0,1.0,42,included,included
dfm_tierB_k1,B,H2,standard,2021Q3,industrial_production,ind_prod_yoy_log,42,18,24,0.42857142857142855,18,included,included
dfm_tierB_k1,B,H2,standard,2021Q3,manufacturing,manufacturing_yoy_log,42,18,24,0.42857142857142855,18,included,included
dfm_tierB_k1,B,H2,standard,2021Q3,mining,mining_yoy_log,42,18,24,0.42857142857142855,18,included,included
dfm_tierB_k1,B,H2,standard,2021Q3,electricity_gas,utilities_yoy_log,42,18,24,0.42857142857142855,18,included,included
dfm_tierB_k1,B,H2,standard,2021Q3,retail_trade,retail_yoy_log,42,6,36,0.14285714285714285,6,excluded,insufficient_in_window_coverage
dfm_tierB_k1,B,H2,standard,2021Q3,wholesale_trade,wholesale_yoy_log,42,6,36,0.14285714285714285,6,excluded,insufficient_in_window_coverage
dfm_tierB_k1,B,H2,standard,2021Q4,ppi,ppi_mom_log,45,45,0,1.0,29,included,included
dfm_tierB_k1,B,H2,standard,2021Q4,usd_uzs,usd_uzs_mom_dlog,45,45,0,1.0,45,included,included
dfm_tierB_k1,B,H2,standard,2021Q4,rub_uzs,rub_uzs_mom_dlog,45,45,0,1.0,45,included,included
dfm_tierB_k1,B,H2,standard,2021Q4,gold_price,gold_price_mom_dlog,45,45,0,1.0,45,included,included
dfm_tierB_k1,B,H2,standard,2021Q4,m2,m2_yoy_log,45,45,0,1.0,45,included,included
dfm_tierB_k1,B,H2,standard,2021Q4,fx_reserves_ex_gold,fx_reserves_exgold_yoy_log,45,45,0,1.0,45,included,included
dfm_tierB_k1,B,H2,standard,2021Q4,industrial_production,ind_prod_yoy_log,45,21,24,0.4666666666666667,21,included,included
dfm_tierB_k1,B,H2,standard,2021Q4,manufacturing,manufacturing_yoy_log,45,21,24,0.4666666666666667,21,included,included
dfm_tierB_k1,B,H2,standard,2021Q4,mining,mining_yoy_log,45,21,24,0.4666666666666667,21,included,included
dfm_tierB_k1,B,H2,standard,2021Q4,electricity_gas,utilities_yoy_log,45,21,24,0.4666666666666667,21,included,included
dfm_tierB_k1,B,H2,standard,2021Q4,retail_trade,retail_yoy_log,45,9,36,0.2,9,excluded,insufficient_in_window_coverage
dfm_tierB_k1,B,H2,standard,2021Q4,wholesale_trade,wholesale_yoy_log,45,9,36,0.2,9,excluded,insufficient_in_window_coverage
dfm_tierB_k1,B,H2,standard,2022Q1,ppi,ppi_mom_log,48,48,0,1.0,31,included,included
dfm_tierB_k1,B,H2,standard,2022Q1,usd_uzs,usd_uzs_mom_dlog,48,48,0,1.0,48,included,included
dfm_tierB_k1,B,H2,standard,2022Q1,rub_uzs,rub_uzs_mom_dlog,48,48,0,1.0,48,included,included
dfm_tierB_k1,B,H2,standard,2022Q1,gold_price,gold_price_mom_dlog,48,48,0,1.0,48,included,included
dfm_tierB_k1,B,H2,standard,2022Q1,m2,m2_yoy_log,48,48,0,1.0,48,included,included
dfm_tierB_k1,B,H2,standard,2022Q1,fx_reserves_ex_gold,fx_reserves_exgold_yoy_log,48,48,0,1.0,48,included,included
dfm_tierB_k1,B,H2,standard,2022Q1,industrial_production,ind_prod_yoy_log,48,24,24,0.5,24,included,included
dfm_tierB_k1,B,H2,standard,2022Q1,manufacturing,manufacturing_yoy_log,48,24,24,0.5,24,included,included
dfm_tierB_k1,B,H2,standard,2022Q1,mining,mining_yoy_log,48,24,24,0.5,24,included,included
dfm_tierB_k1,B,H2,standard,2022Q1,electricity_gas,utilities_yoy_log,48,24,24,0.5,24,included,included
dfm_tierB_k1,B,H2,standard,2022Q1,retail_trade,retail_yoy_log,48,12,36,0.25,12,included,included
dfm_tierB_k1,B,H2,standard,2022Q1,wholesale_trade,wholesale_yoy_log,48,12,36,0.25,12,included,included
dfm_tierB_k1,B,H2,standard,2022Q2,ppi,ppi_mom_log,51,51,0,1.0,32,included,included
dfm_tierB_k1,B,H2,standard,2022Q2,usd_uzs,usd_uzs_mom_dlog,51,51,0,1.0,51,included,included
dfm_tierB_k1,B,H2,standard,2022Q2,rub_uzs,rub_uzs_mom_dlog,51,51,0,1.0,51,included,included
dfm_tierB_k1,B,H2,standard,2022Q2,gold_price,gold_price_mom_dlog,51,51,0,1.0,51,included,included
dfm_tierB_k1,B,H2,standard,2022Q2,m2,m2_yoy_log,51,51,0,1.0,51,included,included
dfm_tierB_k1,B,H2,standard,2022Q2,fx_reserves_ex_gold,fx_reserves_exgold_yoy_log,51,51,0,1.0,51,included,included
dfm_tierB_k1,B,H2,standard,2022Q2,industrial_production,ind_prod_yoy_log,51,27,24,0.5294117647058824,27,included,included
dfm_tierB_k1,B,H2,standard,2022Q2,manufacturing,manufacturing_yoy_log,51,27,24,0.5294117647058824,27,included,included
dfm_tierB_k1,B,H2,standard,2022Q2,mining,mining_yoy_log,51,27,24,0.5294117647058824,27,included,included
dfm_tierB_k1,B,H2,standard,2022Q2,electricity_gas,utilities_yoy_log,51,27,24,0.5294117647058824,27,included,included
dfm_tierB_k1,B,H2,standard,2022Q2,retail_trade,retail_yoy_log,51,15,36,0.29411764705882354,15,included,included
dfm_tierB_k1,B,H2,standard,2022Q2,wholesale_trade,wholesale_yoy_log,51,15,36,0.29411764705882354,15,included,included
dfm_tierB_k1,B,H2,standard,2022Q3,ppi,ppi_mom_log,54,54,0,1.0,33,included,included
dfm_tierB_k1,B,H2,standard,2022Q3,usd_uzs,usd_uzs_mom_dlog,54,54,0,1.0,54,included,included
dfm_tierB_k1,B,H2,standard,2022Q3,rub_uzs,rub_uzs_mom_dlog,54,54,0,1.0,54,included,included
dfm_tierB_k1,B,H2,standard,2022Q3,gold_price,gold_price_mom_dlog,54,54,0,1.0,54,included,included
dfm_tierB_k1,B,H2,standard,2022Q3,m2,m2_yoy_log,54,54,0,1.0,54,included,included
dfm_tierB_k1,B,H2,standard,2022Q3,fx_reserves_ex_gold,fx_reserves_exgold_yoy_log,54,54,0,1.0,54,included,included
dfm_tierB_k1,B,H2,standard,2022Q3,industrial_production,ind_prod_yoy_log,54,30,24,0.5555555555555556,30,included,included
dfm_tierB_k1,B,H2,standard,2022Q3,manufacturing,manufacturing_yoy_log,54,30,24,0.5555555555555556,30,included,included
dfm_tierB_k1,B,H2,standard,2022Q3,mining,mining_yoy_log,54,30,24,0.5555555555555556,30,included,included
dfm_tierB_k1,B,H2,standard,2022Q3,electricity_gas,utilities_yoy_log,54,30,24,0.5555555555555556,30,included,included
dfm_tierB_k1,B,H2,standard,2022Q3,retail_trade,retail_yoy_log,54,18,36,0.3333333333333333,18,included,included
dfm_tierB_k1,B,H2,standard,2022Q3,wholesale_trade,wholesale_yoy_log,54,18,36,0.3333333333333333,18,included,included
dfm_tierB_k1,B,H2,standard,2022Q4,ppi,ppi_mom_log,57,57,0,1.0,35,included,included
dfm_tierB_k1,B,H2,standard,2022Q4,usd_uzs,usd_uzs_mom_dlog,57,57,0,1.0,57,included,included
dfm_tierB_k1,B,H2,standard,2022Q4,rub_uzs,rub_uzs_mom_dlog,57,57,0,1.0,57,included,included
dfm_tierB_k1,B,H2,standard,2022Q4,gold_price,gold_price_mom_dlog,57,57,0,1.0,57,included,included
dfm_tierB_k1,B,H2,standard,2022Q4,m2,m2_yoy_log,57,57,0,1.0,57,included,included
dfm_tierB_k1,B,H2,standard,2022Q4,fx_reserves_ex_gold,fx_reserves_exgold_yoy_log,57,57,0,1.0,57,included,included
dfm_tierB_k1,B,H2,standard,2022Q4,industrial_production,ind_prod_yoy_log,57,33,24,0.5789473684210527,33,included,included
dfm_tierB_k1,B,H2,standard,2022Q4,manufacturing,manufacturing_yoy_log,57,33,24,0.5789473684210527,33,included,included
dfm_tierB_k1,B,H2,standard,2022Q4,mining,mining_yoy_log,57,33,24,0.5789473684210527,33,included,included
dfm_tierB_k1,B,H2,standard,2022Q4,electricity_gas,utilities_yoy_log,57,33,24,0.5789473684210527,33,included,included
dfm_tierB_k1,B,H2,standard,2022Q4,retail_trade,retail_yoy_log,57,21,36,0.3684210526315789,21,included,included
dfm_tierB_k1,B,H2,standard,2022Q4,wholesale_trade,wholesale_yoy_log,57,21,36,0.3684210526315789,21,included,included
dfm_tierB_k1,B,H2,standard,2023Q1,ppi,ppi_mom_log,60,60,0,1.0,35,included,included
dfm_tierB_k1,B,H2,standard,2023Q1,usd_uzs,usd_uzs_mom_dlog,60,60,0,1.0,60,included,included
dfm_tierB_k1,B,H2,standard,2023Q1,rub_uzs,rub_uzs_mom_dlog,60,60,0,1.0,60,included,included
dfm_tierB_k1,B,H2,standard,2023Q1,gold_price,gold_price_mom_dlog,60,60,0,1.0,60,included,included
dfm_tierB_k1,B,H2,standard,2023Q1,m2,m2_yoy_log,60,60,0,1.0,60,included,included
dfm_tierB_k1,B,H2,standard,2023Q1,fx_reserves_ex_gold,fx_reserves_exgold_yoy_log,60,60,0,1.0,60,included,included
dfm_tierB_k1,B,H2,standard,2023Q1,industrial_production,ind_prod_yoy_log,60,36,24,0.6,36,included,included
dfm_tierB_k1,B,H2,standard,2023Q1,manufacturing,manufacturing_yoy_log,60,36,24,0.6,36,included,included
dfm_tierB_k1,B,H2,standard,2023Q1,mining,mining_yoy_log,60,36,24,0.6,36,included,included
dfm_tierB_k1,B,H2,standard,2023Q1,electricity_gas,utilities_yoy_log,60,36,24,0.6,36,included,included
dfm_tierB_k1,B,H2,standard,2023Q1,retail_trade,retail_yoy_log,60,24,36,0.4,24,included,included
dfm_tierB_k1,B,H2,standard,2023Q1,wholesale_trade,wholesale_yoy_log,60,24,36,0.4,24,included,included
dfm_tierB_k1,B,H2,standard,2023Q2,ppi,ppi_mom_log,63,63,0,1.0,36,included,included
dfm_tierB_k1,B,H2,standard,2023Q2,usd_uzs,usd_uzs_mom_dlog,63,63,0,1.0,63,included,included
dfm_tierB_k1,B,H2,standard,2023Q2,rub_uzs,rub_uzs_mom_dlog,63,63,0,1.0,63,included,included
dfm_tierB_k1,B,H2,standard,2023Q2,gold_price,gold_price_mom_dlog,63,63,0,1.0,63,included,included
dfm_tierB_k1,B,H2,standard,2023Q2,m2,m2_yoy_log,63,63,0,1.0,63,included,included
dfm_tierB_k1,B,H2,standard,2023Q2,fx_reserves_ex_gold,fx_reserves_exgold_yoy_log,63,63,0,1.0,63,included,included
dfm_tierB_k1,B,H2,standard,2023Q2,industrial_production,ind_prod_yoy_log,63,39,24,0.6190476190476191,39,included,included
dfm_tierB_k1,B,H2,standard,2023Q2,manufacturing,manufacturing_yoy_log,63,39,24,0.6190476190476191,39,included,included
dfm_tierB_k1,B,H2,standard,2023Q2,mining,mining_yoy_log,63,39,24,0.6190476190476191,39,included,included
dfm_tierB_k1,B,H2,standard,2023Q2,electricity_gas,utilities_yoy_log,63,39,24,0.6190476190476191,39,included,included
dfm_tierB_k1,B,H2,standard,2023Q2,retail_trade,retail_yoy_log,63,27,36,0.42857142857142855,27,included,included
dfm_tierB_k1,B,H2,standard,2023Q2,wholesale_trade,wholesale_yoy_log,63,27,36,0.42857142857142855,27,included,included
dfm_tierB_k1,B,H2,standard,2023Q3,ppi,ppi_mom_log,66,66,0,1.0,36,included,included
dfm_tierB_k1,B,H2,standard,2023Q3,usd_uzs,usd_uzs_mom_dlog,66,66,0,1.0,66,included,included
dfm_tierB_k1,B,H2,standard,2023Q3,rub_uzs,rub_uzs_mom_dlog,66,66,0,1.0,66,included,included
dfm_tierB_k1,B,H2,standard,2023Q3,gold_price,gold_price_mom_dlog,66,66,0,1.0,66,included,included
dfm_tierB_k1,B,H2,standard,2023Q3,m2,m2_yoy_log,66,66,0,1.0,66,included,included
dfm_tierB_k1,B,H2,standard,2023Q3,fx_reserves_ex_gold,fx_reserves_exgold_yoy_log,66,66,0,1.0,66,included,included
dfm_tierB_k1,B,H2,standard,2023Q3,industrial_production,ind_prod_yoy_log,66,42,24,0.6363636363636364,42,included,included
dfm_tierB_k1,B,H2,standard,2023Q3,manufacturing,manufacturing_yoy_log,66,42,24,0.6363636363636364,42,included,included
dfm_tierB_k1,B,H2,standard,2023Q3,mining,mining_yoy_log,66,42,24,0.6363636363636364,42,included,included
dfm_tierB_k1,B,H2,standard,2023Q3,electricity_gas,utilities_yoy_log,66,42,24,0.6363636363636364,42,included,included
dfm_tierB_k1,B,H2,standard,2023Q3,retail_trade,retail_yoy_log,66,30,36,0.45454545454545453,30,included,included
dfm_tierB_k1,B,H2,standard,2023Q3,wholesale_trade,wholesale_yoy_log,66,30,36,0.45454545454545453,30,included,included
dfm_tierB_k1,B,H2,standard,2023Q4,ppi,ppi_mom_log,69,69,0,1.0,36,included,included
dfm_tierB_k1,B,H2,standard,2023Q4,usd_uzs,usd_uzs_mom_dlog,69,69,0,1.0,69,included,included
dfm_tierB_k1,B,H2,standard,2023Q4,rub_uzs,rub_uzs_mom_dlog,69,69,0,1.0,69,included,included
dfm_tierB_k1,B,H2,standard,2023Q4,gold_price,gold_price_mom_dlog,69,69,0,1.0,69,included,included
dfm_tierB_k1,B,H2,standard,2023Q4,m2,m2_yoy_log,69,69,0,1.0,69,included,included
dfm_tierB_k1,B,H2,standard,2023Q4,fx_reserves_ex_gold,fx_reserves_exgold_yoy_log,69,69,0,1.0,69,included,included
dfm_tierB_k1,B,H2,standard,2023Q4,industrial_production,ind_prod_yoy_log,69,45,24,0.6521739130434783,45,included,included
dfm_tierB_k1,B,H2,standard,2023Q4,manufacturing,manufacturing_yoy_log,69,45,24,0.6521739130434783,45,included,included
dfm_tierB_k1,B,H2,standard,2023Q4,mining,mining_yoy_log,69,45,24,0.6521739130434783,45,included,included
dfm_tierB_k1,B,H2,standard,2023Q4,electricity_gas,utilities_yoy_log,69,45,24,0.6521739130434783,45,included,included
dfm_tierB_k1,B,H2,standard,2023Q4,retail_trade,retail_yoy_log,69,33,36,0.4782608695652174,33,included,included
dfm_tierB_k1,B,H2,standard,2023Q4,wholesale_trade,wholesale_yoy_log,69,33,36,0.4782608695652174,33,included,included
dfm_tierB_k1,B,H2,standard,2024Q1,ppi,ppi_mom_log,72,72,0,1.0,37,included,included
dfm_tierB_k1,B,H2,standard,2024Q1,usd_uzs,usd_uzs_mom_dlog,72,72,0,1.0,72,included,included
dfm_tierB_k1,B,H2,standard,2024Q1,rub_uzs,rub_uzs_mom_dlog,72,72,0,1.0,72,included,included
dfm_tierB_k1,B,H2,standard,2024Q1,gold_price,gold_price_mom_dlog,72,72,0,1.0,71,included,included
dfm_tierB_k1,B,H2,standard,2024Q1,m2,m2_yoy_log,72,72,0,1.0,72,included,included
dfm_tierB_k1,B,H2,standard,2024Q1,fx_reserves_ex_gold,fx_reserves_exgold_yoy_log,72,72,0,1.0,72,included,included
dfm_tierB_k1,B,H2,standard,2024Q1,industrial_production,ind_prod_yoy_log,72,48,24,0.6666666666666666,48,included,included
dfm_tierB_k1,B,H2,standard,2024Q1,manufacturing,manufacturing_yoy_log,72,48,24,0.6666666666666666,48,included,included
dfm_tierB_k1,B,H2,standard,2024Q1,mining,mining_yoy_log,72,48,24,0.6666666666666666,48,included,included
dfm_tierB_k1,B,H2,standard,2024Q1,electricity_gas,utilities_yoy_log,72,48,24,0.6666666666666666,48,included,included
dfm_tierB_k1,B,H2,standard,2024Q1,retail_trade,retail_yoy_log,72,36,36,0.5,36,included,included
dfm_tierB_k1,B,H2,standard,2024Q1,wholesale_trade,wholesale_yoy_log,72,35,37,0.4861111111111111,35,included,included
dfm_tierB_k1,B,H2,standard,2024Q2,ppi,ppi_mom_log,75,75,0,1.0,38,included,included
dfm_tierB_k1,B,H2,standard,2024Q2,usd_uzs,usd_uzs_mom_dlog,75,75,0,1.0,75,included,included
dfm_tierB_k1,B,H2,standard,2024Q2,rub_uzs,rub_uzs_mom_dlog,75,75,0,1.0,75,included,included
dfm_tierB_k1,B,H2,standard,2024Q2,gold_price,gold_price_mom_dlog,75,75,0,1.0,74,included,included
dfm_tierB_k1,B,H2,standard,2024Q2,m2,m2_yoy_log,75,75,0,1.0,75,included,included
dfm_tierB_k1,B,H2,standard,2024Q2,fx_reserves_ex_gold,fx_reserves_exgold_yoy_log,75,75,0,1.0,75,included,included
dfm_tierB_k1,B,H2,standard,2024Q2,industrial_production,ind_prod_yoy_log,75,51,24,0.68,51,included,included
dfm_tierB_k1,B,H2,standard,2024Q2,manufacturing,manufacturing_yoy_log,75,51,24,0.68,51,included,included
dfm_tierB_k1,B,H2,standard,2024Q2,mining,mining_yoy_log,75,51,24,0.68,51,included,included
dfm_tierB_k1,B,H2,standard,2024Q2,electricity_gas,utilities_yoy_log,75,51,24,0.68,51,included,included
dfm_tierB_k1,B,H2,standard,2024Q2,retail_trade,retail_yoy_log,75,39,36,0.52,39,included,included
dfm_tierB_k1,B,H2,standard,2024Q2,wholesale_trade,wholesale_yoy_log,75,38,37,0.5066666666666667,38,included,included
dfm_tierB_k1,B,H2,standard,2024Q3,ppi,ppi_mom_log,78,78,0,1.0,38,included,included
dfm_tierB_k1,B,H2,standard,2024Q3,usd_uzs,usd_uzs_mom_dlog,78,78,0,1.0,78,included,included
dfm_tierB_k1,B,H2,standard,2024Q3,rub_uzs,rub_uzs_mom_dlog,78,78,0,1.0,78,included,included
dfm_tierB_k1,B,H2,standard,2024Q3,gold_price,gold_price_mom_dlog,78,78,0,1.0,77,included,included
dfm_tierB_k1,B,H2,standard,2024Q3,m2,m2_yoy_log,78,78,0,1.0,78,included,included
dfm_tierB_k1,B,H2,standard,2024Q3,fx_reserves_ex_gold,fx_reserves_exgold_yoy_log,78,78,0,1.0,78,included,included
dfm_tierB_k1,B,H2,standard,2024Q3,industrial_production,ind_prod_yoy_log,78,54,24,0.6923076923076923,54,included,included
dfm_tierB_k1,B,H2,standard,2024Q3,manufacturing,manufacturing_yoy_log,78,54,24,0.6923076923076923,54,included,included
dfm_tierB_k1,B,H2,standard,2024Q3,mining,mining_yoy_log,78,54,24,0.6923076923076923,54,included,included
dfm_tierB_k1,B,H2,standard,2024Q3,electricity_gas,utilities_yoy_log,78,54,24,0.6923076923076923,54,included,included
dfm_tierB_k1,B,H2,standard,2024Q3,retail_trade,retail_yoy_log,78,42,36,0.5384615384615384,42,included,included
dfm_tierB_k1,B,H2,standard,2024Q3,wholesale_trade,wholesale_yoy_log,78,41,37,0.5256410256410257,41,included,included
dfm_tierB_k1,B,H2,standard,2024Q4,ppi,ppi_mom_log,81,81,0,1.0,38,included,included
dfm_tierB_k1,B,H2,standard,2024Q4,usd_uzs,usd_uzs_mom_dlog,81,81,0,1.0,81,included,included
dfm_tierB_k1,B,H2,standard,2024Q4,rub_uzs,rub_uzs_mom_dlog,81,81,0,1.0,81,included,included
dfm_tierB_k1,B,H2,standard,2024Q4,gold_price,gold_price_mom_dlog,81,81,0,1.0,80,included,included
dfm_tierB_k1,B,H2,standard,2024Q4,m2,m2_yoy_log,81,81,0,1.0,81,included,included
dfm_tierB_k1,B,H2,standard,2024Q4,fx_reserves_ex_gold,fx_reserves_exgold_yoy_log,81,81,0,1.0,81,included,included
dfm_tierB_k1,B,H2,standard,2024Q4,industrial_production,ind_prod_yoy_log,81,57,24,0.7037037037037037,57,included,included
dfm_tierB_k1,B,H2,standard,2024Q4,manufacturing,manufacturing_yoy_log,81,57,24,0.7037037037037037,57,included,included
dfm_tierB_k1,B,H2,standard,2024Q4,mining,mining_yoy_log,81,57,24,0.7037037037037037,57,included,included
dfm_tierB_k1,B,H2,standard,2024Q4,electricity_gas,utilities_yoy_log,81,57,24,0.7037037037037037,57,included,included
dfm_tierB_k1,B,H2,standard,2024Q4,retail_trade,retail_yoy_log,81,45,36,0.5555555555555556,45,included,included
dfm_tierB_k1,B,H2,standard,2024Q4,wholesale_trade,wholesale_yoy_log,81,44,37,0.5432098765432098,44,included,included
dfm_tierB_k1,B,H2,standard,2025Q1,ppi,ppi_mom_log,84,84,0,1.0,38,included,included
dfm_tierB_k1,B,H2,standard,2025Q1,usd_uzs,usd_uzs_mom_dlog,84,84,0,1.0,84,included,included
dfm_tierB_k1,B,H2,standard,2025Q1,rub_uzs,rub_uzs_mom_dlog,84,84,0,1.0,84,included,included
dfm_tierB_k1,B,H2,standard,2025Q1,gold_price,gold_price_mom_dlog,84,84,0,1.0,83,included,included
dfm_tierB_k1,B,H2,standard,2025Q1,m2,m2_yoy_log,84,84,0,1.0,84,included,included
dfm_tierB_k1,B,H2,standard,2025Q1,fx_reserves_ex_gold,fx_reserves_exgold_yoy_log,84,84,0,1.0,84,included,included
dfm_tierB_k1,B,H2,standard,2025Q1,industrial_production,ind_prod_yoy_log,84,60,24,0.7142857142857143,60,included,included
dfm_tierB_k1,B,H2,standard,2025Q1,manufacturing,manufacturing_yoy_log,84,60,24,0.7142857142857143,60,included,included
dfm_tierB_k1,B,H2,standard,2025Q1,mining,mining_yoy_log,84,60,24,0.7142857142857143,60,included,included
dfm_tierB_k1,B,H2,standard,2025Q1,electricity_gas,utilities_yoy_log,84,60,24,0.7142857142857143,60,included,included
dfm_tierB_k1,B,H2,standard,2025Q1,retail_trade,retail_yoy_log,84,48,36,0.5714285714285714,48,included,included
dfm_tierB_k1,B,H2,standard,2025Q1,wholesale_trade,wholesale_yoy_log,84,46,38,0.5476190476190477,46,included,included
dfm_tierB_k1,B,H2,standard,2025Q2,ppi,ppi_mom_log,87,87,0,1.0,38,included,included
dfm_tierB_k1,B,H2,standard,2025Q2,usd_uzs,usd_uzs_mom_dlog,87,87,0,1.0,87,included,included
dfm_tierB_k1,B,H2,standard,2025Q2,rub_uzs,rub_uzs_mom_dlog,87,87,0,1.0,87,included,included
dfm_tierB_k1,B,H2,standard,2025Q2,gold_price,gold_price_mom_dlog,87,87,0,1.0,86,included,included
dfm_tierB_k1,B,H2,standard,2025Q2,m2,m2_yoy_log,87,87,0,1.0,87,included,included
dfm_tierB_k1,B,H2,standard,2025Q2,fx_reserves_ex_gold,fx_reserves_exgold_yoy_log,87,87,0,1.0,87,included,included
dfm_tierB_k1,B,H2,standard,2025Q2,industrial_production,ind_prod_yoy_log,87,63,24,0.7241379310344828,63,included,included
dfm_tierB_k1,B,H2,standard,2025Q2,manufacturing,manufacturing_yoy_log,87,63,24,0.7241379310344828,63,included,included
dfm_tierB_k1,B,H2,standard,2025Q2,mining,mining_yoy_log,87,63,24,0.7241379310344828,63,included,included
dfm_tierB_k1,B,H2,standard,2025Q2,electricity_gas,utilities_yoy_log,87,63,24,0.7241379310344828,63,included,included
dfm_tierB_k1,B,H2,standard,2025Q2,retail_trade,retail_yoy_log,87,51,36,0.5862068965517241,51,included,included
dfm_tierB_k1,B,H2,standard,2025Q2,wholesale_trade,wholesale_yoy_log,87,49,38,0.5632183908045977,49,included,included
dfm_tierC_k1,C,H2,standard,2021Q1,ppi,ppi_mom_log,36,36,0,1.0,26,included,included
dfm_tierC_k1,C,H2,standard,2021Q1,usd_uzs,usd_uzs_mom_dlog,36,36,0,1.0,36,included,included
dfm_tierC_k1,C,H2,standard,2021Q1,rub_uzs,rub_uzs_mom_dlog,36,36,0,1.0,36,included,included
dfm_tierC_k1,C,H2,standard,2021Q1,gold_price,gold_price_mom_dlog,36,36,0,1.0,36,included,included
dfm_tierC_k1,C,H2,standard,2021Q1,m2,m2_yoy_log,36,36,0,1.0,36,included,included
dfm_tierC_k1,C,H2,standard,2021Q1,fx_reserves_ex_gold,fx_reserves_exgold_yoy_log,36,36,0,1.0,36,included,included
dfm_tierC_k1,C,H2,standard,2021Q1,industrial_production,ind_prod_yoy_log,36,12,24,0.3333333333333333,12,included,included
dfm_tierC_k1,C,H2,standard,2021Q1,manufacturing,manufacturing_yoy_log,36,12,24,0.3333333333333333,12,included,included
dfm_tierC_k1,C,H2,standard,2021Q1,mining,mining_yoy_log,36,12,24,0.3333333333333333,12,included,included
dfm_tierC_k1,C,H2,standard,2021Q1,electricity_gas,utilities_yoy_log,36,12,24,0.3333333333333333,12,included,included
dfm_tierC_k1,C,H2,standard,2021Q1,retail_trade,retail_yoy_log,36,0,36,0.0,0,excluded,insufficient_in_window_coverage
dfm_tierC_k1,C,H2,standard,2021Q1,wholesale_trade,wholesale_yoy_log,36,0,36,0.0,0,excluded,insufficient_in_window_coverage
dfm_tierC_k1,C,H2,standard,2021Q1,construction,construction_yoy_log,36,0,36,0.0,0,excluded,insufficient_in_window_coverage
dfm_tierC_k1,C,H2,standard,2021Q1,cpi_headline,cpi_headline_mom_log,36,0,36,0.0,0,excluded,insufficient_in_window_coverage
dfm_tierC_k1,C,H2,standard,2021Q1,cpi_food,cpi_food_mom_log,36,0,36,0.0,0,excluded,insufficient_in_window_coverage
dfm_tierC_k1,C,H2,standard,2021Q1,cpi_services,cpi_services_mom_log,36,0,36,0.0,0,excluded,insufficient_in_window_coverage
dfm_tierC_k1,C,H2,standard,2021Q1,exports_total,exports_total_yoy_log,36,0,36,0.0,0,excluded,insufficient_in_window_coverage
dfm_tierC_k1,C,H2,standard,2021Q1,exports_non_gold,exports_non_gold_yoy_log,36,0,36,0.0,0,excluded,insufficient_in_window_coverage
dfm_tierC_k1,C,H2,standard,2021Q1,imports_total,imports_total_yoy_log,36,0,36,0.0,0,excluded,insufficient_in_window_coverage
dfm_tierC_k1,C,H2,standard,2021Q1,gold_exports_proxy,gold_exports_proxy_usd_m,36,0,36,0.0,0,excluded,insufficient_in_window_coverage
dfm_tierC_k1,C,H2,standard,2021Q2,ppi,ppi_mom_log,39,39,0,1.0,26,included,included
dfm_tierC_k1,C,H2,standard,2021Q2,usd_uzs,usd_uzs_mom_dlog,39,39,0,1.0,39,included,included
dfm_tierC_k1,C,H2,standard,2021Q2,rub_uzs,rub_uzs_mom_dlog,39,39,0,1.0,39,included,included
dfm_tierC_k1,C,H2,standard,2021Q2,gold_price,gold_price_mom_dlog,39,39,0,1.0,39,included,included
dfm_tierC_k1,C,H2,standard,2021Q2,m2,m2_yoy_log,39,39,0,1.0,39,included,included
dfm_tierC_k1,C,H2,standard,2021Q2,fx_reserves_ex_gold,fx_reserves_exgold_yoy_log,39,39,0,1.0,39,included,included
dfm_tierC_k1,C,H2,standard,2021Q2,industrial_production,ind_prod_yoy_log,39,15,24,0.38461538461538464,15,included,included
dfm_tierC_k1,C,H2,standard,2021Q2,manufacturing,manufacturing_yoy_log,39,15,24,0.38461538461538464,15,included,included
dfm_tierC_k1,C,H2,standard,2021Q2,mining,mining_yoy_log,39,15,24,0.38461538461538464,15,included,included
dfm_tierC_k1,C,H2,standard,2021Q2,electricity_gas,utilities_yoy_log,39,15,24,0.38461538461538464,15,included,included
dfm_tierC_k1,C,H2,standard,2021Q2,retail_trade,retail_yoy_log,39,3,36,0.07692307692307693,3,excluded,insufficient_in_window_coverage
dfm_tierC_k1,C,H2,standard,2021Q2,wholesale_trade,wholesale_yoy_log,39,3,36,0.07692307692307693,3,excluded,insufficient_in_window_coverage
dfm_tierC_k1,C,H2,standard,2021Q2,construction,construction_yoy_log,39,0,39,0.0,0,excluded,insufficient_in_window_coverage
dfm_tierC_k1,C,H2,standard,2021Q2,cpi_headline,cpi_headline_mom_log,39,3,36,0.07692307692307693,3,excluded,insufficient_in_window_coverage
dfm_tierC_k1,C,H2,standard,2021Q2,cpi_food,cpi_food_mom_log,39,3,36,0.07692307692307693,3,excluded,insufficient_in_window_coverage
dfm_tierC_k1,C,H2,standard,2021Q2,cpi_services,cpi_services_mom_log,39,3,36,0.07692307692307693,3,excluded,insufficient_in_window_coverage
dfm_tierC_k1,C,H2,standard,2021Q2,exports_total,exports_total_yoy_log,39,0,39,0.0,0,excluded,insufficient_in_window_coverage
dfm_tierC_k1,C,H2,standard,2021Q2,exports_non_gold,exports_non_gold_yoy_log,39,0,39,0.0,0,excluded,insufficient_in_window_coverage
dfm_tierC_k1,C,H2,standard,2021Q2,imports_total,imports_total_yoy_log,39,0,39,0.0,0,excluded,insufficient_in_window_coverage
dfm_tierC_k1,C,H2,standard,2021Q2,gold_exports_proxy,gold_exports_proxy_usd_m,39,3,36,0.07692307692307693,3,excluded,insufficient_in_window_coverage
dfm_tierC_k1,C,H2,standard,2021Q3,ppi,ppi_mom_log,42,42,0,1.0,27,included,included
dfm_tierC_k1,C,H2,standard,2021Q3,usd_uzs,usd_uzs_mom_dlog,42,42,0,1.0,42,included,included
dfm_tierC_k1,C,H2,standard,2021Q3,rub_uzs,rub_uzs_mom_dlog,42,42,0,1.0,42,included,included
dfm_tierC_k1,C,H2,standard,2021Q3,gold_price,gold_price_mom_dlog,42,42,0,1.0,42,included,included
dfm_tierC_k1,C,H2,standard,2021Q3,m2,m2_yoy_log,42,42,0,1.0,42,included,included
dfm_tierC_k1,C,H2,standard,2021Q3,fx_reserves_ex_gold,fx_reserves_exgold_yoy_log,42,42,0,1.0,42,included,included
dfm_tierC_k1,C,H2,standard,2021Q3,industrial_production,ind_prod_yoy_log,42,18,24,0.42857142857142855,18,included,included
dfm_tierC_k1,C,H2,standard,2021Q3,manufacturing,manufacturing_yoy_log,42,18,24,0.42857142857142855,18,included,included
dfm_tierC_k1,C,H2,standard,2021Q3,mining,mining_yoy_log,42,18,24,0.42857142857142855,18,included,included
dfm_tierC_k1,C,H2,standard,2021Q3,electricity_gas,utilities_yoy_log,42,18,24,0.42857142857142855,18,included,included
dfm_tierC_k1,C,H2,standard,2021Q3,retail_trade,retail_yoy_log,42,6,36,0.14285714285714285,6,excluded,insufficient_in_window_coverage
dfm_tierC_k1,C,H2,standard,2021Q3,wholesale_trade,wholesale_yoy_log,42,6,36,0.14285714285714285,6,excluded,insufficient_in_window_coverage
dfm_tierC_k1,C,H2,standard,2021Q3,construction,construction_yoy_log,42,0,42,0.0,0,excluded,insufficient_in_window_coverage
dfm_tierC_k1,C,H2,standard,2021Q3,cpi_headline,cpi_headline_mom_log,42,6,36,0.14285714285714285,6,excluded,insufficient_in_window_coverage
dfm_tierC_k1,C,H2,standard,2021Q3,cpi_food,cpi_food_mom_log,42,6,36,0.14285714285714285,6,excluded,insufficient_in_window_coverage
dfm_tierC_k1,C,H2,standard,2021Q3,cpi_services,cpi_services_mom_log,42,6,36,0.14285714285714285,6,excluded,insufficient_in_window_coverage
dfm_tierC_k1,C,H2,standard,2021Q3,exports_total,exports_total_yoy_log,42,0,42,0.0,0,excluded,insufficient_in_window_coverage
dfm_tierC_k1,C,H2,standard,2021Q3,exports_non_gold,exports_non_gold_yoy_log,42,0,42,0.0,0,excluded,insufficient_in_window_coverage
dfm_tierC_k1,C,H2,standard,2021Q3,imports_total,imports_total_yoy_log,42,0,42,0.0,0,excluded,insufficient_in_window_coverage
dfm_tierC_k1,C,H2,standard,2021Q3,gold_exports_proxy,gold_exports_proxy_usd_m,42,6,36,0.14285714285714285,6,excluded,insufficient_in_window_coverage
dfm_tierC_k1,C,H2,standard,2021Q4,ppi,ppi_mom_log,45,45,0,1.0,29,included,included
dfm_tierC_k1,C,H2,standard,2021Q4,usd_uzs,usd_uzs_mom_dlog,45,45,0,1.0,45,included,included
dfm_tierC_k1,C,H2,standard,2021Q4,rub_uzs,rub_uzs_mom_dlog,45,45,0,1.0,45,included,included
dfm_tierC_k1,C,H2,standard,2021Q4,gold_price,gold_price_mom_dlog,45,45,0,1.0,45,included,included
dfm_tierC_k1,C,H2,standard,2021Q4,m2,m2_yoy_log,45,45,0,1.0,45,included,included
dfm_tierC_k1,C,H2,standard,2021Q4,fx_reserves_ex_gold,fx_reserves_exgold_yoy_log,45,45,0,1.0,45,included,included
dfm_tierC_k1,C,H2,standard,2021Q4,industrial_production,ind_prod_yoy_log,45,21,24,0.4666666666666667,21,included,included
dfm_tierC_k1,C,H2,standard,2021Q4,manufacturing,manufacturing_yoy_log,45,21,24,0.4666666666666667,21,included,included
dfm_tierC_k1,C,H2,standard,2021Q4,mining,mining_yoy_log,45,21,24,0.4666666666666667,21,included,included
dfm_tierC_k1,C,H2,standard,2021Q4,electricity_gas,utilities_yoy_log,45,21,24,0.4666666666666667,21,included,included
dfm_tierC_k1,C,H2,standard,2021Q4,retail_trade,retail_yoy_log,45,9,36,0.2,9,excluded,insufficient_in_window_coverage
dfm_tierC_k1,C,H2,standard,2021Q4,wholesale_trade,wholesale_yoy_log,45,9,36,0.2,9,excluded,insufficient_in_window_coverage
dfm_tierC_k1,C,H2,standard,2021Q4,construction,construction_yoy_log,45,0,45,0.0,0,excluded,insufficient_in_window_coverage
dfm_tierC_k1,C,H2,standard,2021Q4,cpi_headline,cpi_headline_mom_log,45,9,36,0.2,9,excluded,insufficient_in_window_coverage
dfm_tierC_k1,C,H2,standard,2021Q4,cpi_food,cpi_food_mom_log,45,9,36,0.2,9,excluded,insufficient_in_window_coverage
dfm_tierC_k1,C,H2,standard,2021Q4,cpi_services,cpi_services_mom_log,45,9,36,0.2,9,excluded,insufficient_in_window_coverage
dfm_tierC_k1,C,H2,standard,2021Q4,exports_total,exports_total_yoy_log,45,0,45,0.0,0,excluded,insufficient_in_window_coverage
dfm_tierC_k1,C,H2,standard,2021Q4,exports_non_gold,exports_non_gold_yoy_log,45,0,45,0.0,0,excluded,insufficient_in_window_coverage
dfm_tierC_k1,C,H2,standard,2021Q4,imports_total,imports_total_yoy_log,45,0,45,0.0,0,excluded,insufficient_in_window_coverage
dfm_tierC_k1,C,H2,standard,2021Q4,gold_exports_proxy,gold_exports_proxy_usd_m,45,9,36,0.2,9,excluded,insufficient_in_window_coverage
dfm_tierC_k1,C,H2,standard,2022Q1,ppi,ppi_mom_log,48,48,0,1.0,31,included,included
dfm_tierC_k1,C,H2,standard,2022Q1,usd_uzs,usd_uzs_mom_dlog,48,48,0,1.0,48,included,included
dfm_tierC_k1,C,H2,standard,2022Q1,rub_uzs,rub_uzs_mom_dlog,48,48,0,1.0,48,included,included
dfm_tierC_k1,C,H2,standard,2022Q1,gold_price,gold_price_mom_dlog,48,48,0,1.0,48,included,included
dfm_tierC_k1,C,H2,standard,2022Q1,m2,m2_yoy_log,48,48,0,1.0,48,included,included
dfm_tierC_k1,C,H2,standard,2022Q1,fx_reserves_ex_gold,fx_reserves_exgold_yoy_log,48,48,0,1.0,48,included,included
dfm_tierC_k1,C,H2,standard,2022Q1,industrial_production,ind_prod_yoy_log,48,24,24,0.5,24,included,included
dfm_tierC_k1,C,H2,standard,2022Q1,manufacturing,manufacturing_yoy_log,48,24,24,0.5,24,included,included
dfm_tierC_k1,C,H2,standard,2022Q1,mining,mining_yoy_log,48,24,24,0.5,24,included,included
dfm_tierC_k1,C,H2,standard,2022Q1,electricity_gas,utilities_yoy_log,48,24,24,0.5,24,included,included
dfm_tierC_k1,C,H2,standard,2022Q1,retail_trade,retail_yoy_log,48,12,36,0.25,12,included,included
dfm_tierC_k1,C,H2,standard,2022Q1,wholesale_trade,wholesale_yoy_log,48,12,36,0.25,12,included,included
dfm_tierC_k1,C,H2,standard,2022Q1,construction,construction_yoy_log,48,0,48,0.0,0,excluded,insufficient_in_window_coverage
dfm_tierC_k1,C,H2,standard,2022Q1,cpi_headline,cpi_headline_mom_log,48,12,36,0.25,12,included,included
dfm_tierC_k1,C,H2,standard,2022Q1,cpi_food,cpi_food_mom_log,48,12,36,0.25,12,included,included
dfm_tierC_k1,C,H2,standard,2022Q1,cpi_services,cpi_services_mom_log,48,12,36,0.25,11,included,included
dfm_tierC_k1,C,H2,standard,2022Q1,exports_total,exports_total_yoy_log,48,0,48,0.0,0,excluded,insufficient_in_window_coverage
dfm_tierC_k1,C,H2,standard,2022Q1,exports_non_gold,exports_non_gold_yoy_log,48,0,48,0.0,0,excluded,insufficient_in_window_coverage
dfm_tierC_k1,C,H2,standard,2022Q1,imports_total,imports_total_yoy_log,48,0,48,0.0,0,excluded,insufficient_in_window_coverage
dfm_tierC_k1,C,H2,standard,2022Q1,gold_exports_proxy,gold_exports_proxy_usd_m,48,12,36,0.25,12,included,included
dfm_tierC_k1,C,H2,standard,2022Q2,ppi,ppi_mom_log,51,51,0,1.0,32,included,included
dfm_tierC_k1,C,H2,standard,2022Q2,usd_uzs,usd_uzs_mom_dlog,51,51,0,1.0,51,included,included
dfm_tierC_k1,C,H2,standard,2022Q2,rub_uzs,rub_uzs_mom_dlog,51,51,0,1.0,51,included,included
dfm_tierC_k1,C,H2,standard,2022Q2,gold_price,gold_price_mom_dlog,51,51,0,1.0,51,included,included
dfm_tierC_k1,C,H2,standard,2022Q2,m2,m2_yoy_log,51,51,0,1.0,51,included,included
dfm_tierC_k1,C,H2,standard,2022Q2,fx_reserves_ex_gold,fx_reserves_exgold_yoy_log,51,51,0,1.0,51,included,included
dfm_tierC_k1,C,H2,standard,2022Q2,industrial_production,ind_prod_yoy_log,51,27,24,0.5294117647058824,27,included,included
dfm_tierC_k1,C,H2,standard,2022Q2,manufacturing,manufacturing_yoy_log,51,27,24,0.5294117647058824,27,included,included
dfm_tierC_k1,C,H2,standard,2022Q2,mining,mining_yoy_log,51,27,24,0.5294117647058824,27,included,included
dfm_tierC_k1,C,H2,standard,2022Q2,electricity_gas,utilities_yoy_log,51,27,24,0.5294117647058824,27,included,included
dfm_tierC_k1,C,H2,standard,2022Q2,retail_trade,retail_yoy_log,51,15,36,0.29411764705882354,15,included,included
dfm_tierC_k1,C,H2,standard,2022Q2,wholesale_trade,wholesale_yoy_log,51,15,36,0.29411764705882354,15,included,included
dfm_tierC_k1,C,H2,standard,2022Q2,construction,construction_yoy_log,51,3,48,0.058823529411764705,3,excluded,insufficient_in_window_coverage
dfm_tierC_k1,C,H2,standard,2022Q2,cpi_headline,cpi_headline_mom_log,51,15,36,0.29411764705882354,14,included,included
dfm_tierC_k1,C,H2,standard,2022Q2,cpi_food,cpi_food_mom_log,51,15,36,0.29411764705882354,14,included,included
dfm_tierC_k1,C,H2,standard,2022Q2,cpi_services,cpi_services_mom_log,51,15,36,0.29411764705882354,14,included,included
dfm_tierC_k1,C,H2,standard,2022Q2,exports_total,exports_total_yoy_log,51,3,48,0.058823529411764705,3,excluded,insufficient_in_window_coverage
dfm_tierC_k1,C,H2,standard,2022Q2,exports_non_gold,exports_non_gold_yoy_log,51,3,48,0.058823529411764705,3,excluded,insufficient_in_window_coverage
dfm_tierC_k1,C,H2,standard,2022Q2,imports_total,imports_total_yoy_log,51,3,48,0.058823529411764705,3,excluded,insufficient_in_window_coverage
dfm_tierC_k1,C,H2,standard,2022Q2,gold_exports_proxy,gold_exports_proxy_usd_m,51,15,36,0.29411764705882354,15,included,included
dfm_tierC_k1,C,H2,standard,2022Q3,ppi,ppi_mom_log,54,54,0,1.0,33,included,included
dfm_tierC_k1,C,H2,standard,2022Q3,usd_uzs,usd_uzs_mom_dlog,54,54,0,1.0,54,included,included
dfm_tierC_k1,C,H2,standard,2022Q3,rub_uzs,rub_uzs_mom_dlog,54,54,0,1.0,54,included,included
dfm_tierC_k1,C,H2,standard,2022Q3,gold_price,gold_price_mom_dlog,54,54,0,1.0,54,included,included
dfm_tierC_k1,C,H2,standard,2022Q3,m2,m2_yoy_log,54,54,0,1.0,54,included,included
dfm_tierC_k1,C,H2,standard,2022Q3,fx_reserves_ex_gold,fx_reserves_exgold_yoy_log,54,54,0,1.0,54,included,included
dfm_tierC_k1,C,H2,standard,2022Q3,industrial_production,ind_prod_yoy_log,54,30,24,0.5555555555555556,30,included,included
dfm_tierC_k1,C,H2,standard,2022Q3,manufacturing,manufacturing_yoy_log,54,30,24,0.5555555555555556,30,included,included
dfm_tierC_k1,C,H2,standard,2022Q3,mining,mining_yoy_log,54,30,24,0.5555555555555556,30,included,included
dfm_tierC_k1,C,H2,standard,2022Q3,electricity_gas,utilities_yoy_log,54,30,24,0.5555555555555556,30,included,included
dfm_tierC_k1,C,H2,standard,2022Q3,retail_trade,retail_yoy_log,54,18,36,0.3333333333333333,18,included,included
dfm_tierC_k1,C,H2,standard,2022Q3,wholesale_trade,wholesale_yoy_log,54,18,36,0.3333333333333333,18,included,included
dfm_tierC_k1,C,H2,standard,2022Q3,construction,construction_yoy_log,54,6,48,0.1111111111111111,6,excluded,insufficient_in_window_coverage
dfm_tierC_k1,C,H2,standard,2022Q3,cpi_headline,cpi_headline_mom_log,54,18,36,0.3333333333333333,17,included,included
dfm_tierC_k1,C,H2,standard,2022Q3,cpi_food,cpi_food_mom_log,54,18,36,0.3333333333333333,17,included,included
dfm_tierC_k1,C,H2,standard,2022Q3,cpi_services,cpi_services_mom_log,54,18,36,0.3333333333333333,16,included,included
dfm_tierC_k1,C,H2,standard,2022Q3,exports_total,exports_total_yoy_log,54,6,48,0.1111111111111111,6,excluded,insufficient_in_window_coverage
dfm_tierC_k1,C,H2,standard,2022Q3,exports_non_gold,exports_non_gold_yoy_log,54,6,48,0.1111111111111111,6,excluded,insufficient_in_window_coverage
dfm_tierC_k1,C,H2,standard,2022Q3,imports_total,imports_total_yoy_log,54,6,48,0.1111111111111111,6,excluded,insufficient_in_window_coverage
dfm_tierC_k1,C,H2,standard,2022Q3,gold_exports_proxy,gold_exports_proxy_usd_m,54,18,36,0.3333333333333333,18,included,included
dfm_tierC_k1,C,H2,standard,2022Q4,ppi,ppi_mom_log,57,57,0,1.0,35,included,included
dfm_tierC_k1,C,H2,standard,2022Q4,usd_uzs,usd_uzs_mom_dlog,57,57,0,1.0,57,included,included
dfm_tierC_k1,C,H2,standard,2022Q4,rub_uzs,rub_uzs_mom_dlog,57,57,0,1.0,57,included,included
dfm_tierC_k1,C,H2,standard,2022Q4,gold_price,gold_price_mom_dlog,57,57,0,1.0,57,included,included
dfm_tierC_k1,C,H2,standard,2022Q4,m2,m2_yoy_log,57,57,0,1.0,57,included,included
dfm_tierC_k1,C,H2,standard,2022Q4,fx_reserves_ex_gold,fx_reserves_exgold_yoy_log,57,57,0,1.0,57,included,included
dfm_tierC_k1,C,H2,standard,2022Q4,industrial_production,ind_prod_yoy_log,57,33,24,0.5789473684210527,33,included,included
dfm_tierC_k1,C,H2,standard,2022Q4,manufacturing,manufacturing_yoy_log,57,33,24,0.5789473684210527,33,included,included
dfm_tierC_k1,C,H2,standard,2022Q4,mining,mining_yoy_log,57,33,24,0.5789473684210527,33,included,included
dfm_tierC_k1,C,H2,standard,2022Q4,electricity_gas,utilities_yoy_log,57,33,24,0.5789473684210527,33,included,included
dfm_tierC_k1,C,H2,standard,2022Q4,retail_trade,retail_yoy_log,57,21,36,0.3684210526315789,21,included,included
dfm_tierC_k1,C,H2,standard,2022Q4,wholesale_trade,wholesale_yoy_log,57,21,36,0.3684210526315789,21,included,included
dfm_tierC_k1,C,H2,standard,2022Q4,construction,construction_yoy_log,57,9,48,0.15789473684210525,9,excluded,insufficient_in_window_coverage
dfm_tierC_k1,C,H2,standard,2022Q4,cpi_headline,cpi_headline_mom_log,57,21,36,0.3684210526315789,19,included,included
dfm_tierC_k1,C,H2,standard,2022Q4,cpi_food,cpi_food_mom_log,57,21,36,0.3684210526315789,20,included,included
dfm_tierC_k1,C,H2,standard,2022Q4,cpi_services,cpi_services_mom_log,57,21,36,0.3684210526315789,18,included,included
dfm_tierC_k1,C,H2,standard,2022Q4,exports_total,exports_total_yoy_log,57,9,48,0.15789473684210525,9,excluded,insufficient_in_window_coverage
dfm_tierC_k1,C,H2,standard,2022Q4,exports_non_gold,exports_non_gold_yoy_log,57,9,48,0.15789473684210525,9,excluded,insufficient_in_window_coverage
dfm_tierC_k1,C,H2,standard,2022Q4,imports_total,imports_total_yoy_log,57,9,48,0.15789473684210525,9,excluded,insufficient_in_window_coverage
dfm_tierC_k1,C,H2,standard,2022Q4,gold_exports_proxy,gold_exports_proxy_usd_m,57,21,36,0.3684210526315789,21,included,included
dfm_tierC_k1,C,H2,standard,2023Q1,ppi,ppi_mom_log,60,60,0,1.0,35,included,included
dfm_tierC_k1,C,H2,standard,2023Q1,usd_uzs,usd_uzs_mom_dlog,60,60,0,1.0,60,included,included
dfm_tierC_k1,C,H2,standard,2023Q1,rub_uzs,rub_uzs_mom_dlog,60,60,0,1.0,60,included,included
dfm_tierC_k1,C,H2,standard,2023Q1,gold_price,gold_price_mom_dlog,60,60,0,1.0,60,included,included
dfm_tierC_k1,C,H2,standard,2023Q1,m2,m2_yoy_log,60,60,0,1.0,60,included,included
dfm_tierC_k1,C,H2,standard,2023Q1,fx_reserves_ex_gold,fx_reserves_exgold_yoy_log,60,60,0,1.0,60,included,included
dfm_tierC_k1,C,H2,standard,2023Q1,industrial_production,ind_prod_yoy_log,60,36,24,0.6,36,included,included
dfm_tierC_k1,C,H2,standard,2023Q1,manufacturing,manufacturing_yoy_log,60,36,24,0.6,36,included,included
dfm_tierC_k1,C,H2,standard,2023Q1,mining,mining_yoy_log,60,36,24,0.6,36,included,included
dfm_tierC_k1,C,H2,standard,2023Q1,electricity_gas,utilities_yoy_log,60,36,24,0.6,36,included,included
dfm_tierC_k1,C,H2,standard,2023Q1,retail_trade,retail_yoy_log,60,24,36,0.4,24,included,included
dfm_tierC_k1,C,H2,standard,2023Q1,wholesale_trade,wholesale_yoy_log,60,24,36,0.4,24,included,included
dfm_tierC_k1,C,H2,standard,2023Q1,construction,construction_yoy_log,60,12,48,0.2,12,included,included
dfm_tierC_k1,C,H2,standard,2023Q1,cpi_headline,cpi_headline_mom_log,60,24,36,0.4,22,included,included
dfm_tierC_k1,C,H2,standard,2023Q1,cpi_food,cpi_food_mom_log,60,24,36,0.4,23,included,included
dfm_tierC_k1,C,H2,standard,2023Q1,cpi_services,cpi_services_mom_log,60,24,36,0.4,21,included,included
dfm_tierC_k1,C,H2,standard,2023Q1,exports_total,exports_total_yoy_log,60,12,48,0.2,12,included,included
dfm_tierC_k1,C,H2,standard,2023Q1,exports_non_gold,exports_non_gold_yoy_log,60,12,48,0.2,12,included,included
dfm_tierC_k1,C,H2,standard,2023Q1,imports_total,imports_total_yoy_log,60,12,48,0.2,12,included,included
dfm_tierC_k1,C,H2,standard,2023Q1,gold_exports_proxy,gold_exports_proxy_usd_m,60,24,36,0.4,24,included,included
dfm_tierC_k1,C,H2,standard,2023Q2,ppi,ppi_mom_log,63,63,0,1.0,36,included,included
dfm_tierC_k1,C,H2,standard,2023Q2,usd_uzs,usd_uzs_mom_dlog,63,63,0,1.0,63,included,included
dfm_tierC_k1,C,H2,standard,2023Q2,rub_uzs,rub_uzs_mom_dlog,63,63,0,1.0,63,included,included
dfm_tierC_k1,C,H2,standard,2023Q2,gold_price,gold_price_mom_dlog,63,63,0,1.0,63,included,included
dfm_tierC_k1,C,H2,standard,2023Q2,m2,m2_yoy_log,63,63,0,1.0,63,included,included
dfm_tierC_k1,C,H2,standard,2023Q2,fx_reserves_ex_gold,fx_reserves_exgold_yoy_log,63,63,0,1.0,63,included,included
dfm_tierC_k1,C,H2,standard,2023Q2,industrial_production,ind_prod_yoy_log,63,39,24,0.6190476190476191,39,included,included
dfm_tierC_k1,C,H2,standard,2023Q2,manufacturing,manufacturing_yoy_log,63,39,24,0.6190476190476191,39,included,included
dfm_tierC_k1,C,H2,standard,2023Q2,mining,mining_yoy_log,63,39,24,0.6190476190476191,39,included,included
dfm_tierC_k1,C,H2,standard,2023Q2,electricity_gas,utilities_yoy_log,63,39,24,0.6190476190476191,39,included,included
dfm_tierC_k1,C,H2,standard,2023Q2,retail_trade,retail_yoy_log,63,27,36,0.42857142857142855,27,included,included
dfm_tierC_k1,C,H2,standard,2023Q2,wholesale_trade,wholesale_yoy_log,63,27,36,0.42857142857142855,27,included,included
dfm_tierC_k1,C,H2,standard,2023Q2,construction,construction_yoy_log,63,15,48,0.23809523809523808,15,included,included
dfm_tierC_k1,C,H2,standard,2023Q2,cpi_headline,cpi_headline_mom_log,63,27,36,0.42857142857142855,24,included,included
dfm_tierC_k1,C,H2,standard,2023Q2,cpi_food,cpi_food_mom_log,63,27,36,0.42857142857142855,26,included,included
dfm_tierC_k1,C,H2,standard,2023Q2,cpi_services,cpi_services_mom_log,63,27,36,0.42857142857142855,23,included,included
dfm_tierC_k1,C,H2,standard,2023Q2,exports_total,exports_total_yoy_log,63,15,48,0.23809523809523808,15,included,included
dfm_tierC_k1,C,H2,standard,2023Q2,exports_non_gold,exports_non_gold_yoy_log,63,15,48,0.23809523809523808,15,included,included
dfm_tierC_k1,C,H2,standard,2023Q2,imports_total,imports_total_yoy_log,63,15,48,0.23809523809523808,15,included,included
dfm_tierC_k1,C,H2,standard,2023Q2,gold_exports_proxy,gold_exports_proxy_usd_m,63,27,36,0.42857142857142855,27,included,included
dfm_tierC_k1,C,H2,standard,2023Q3,ppi,ppi_mom_log,66,66,0,1.0,36,included,included
dfm_tierC_k1,C,H2,standard,2023Q3,usd_uzs,usd_uzs_mom_dlog,66,66,0,1.0,66,included,included
dfm_tierC_k1,C,H2,standard,2023Q3,rub_uzs,rub_uzs_mom_dlog,66,66,0,1.0,66,included,included
dfm_tierC_k1,C,H2,standard,2023Q3,gold_price,gold_price_mom_dlog,66,66,0,1.0,66,included,included
dfm_tierC_k1,C,H2,standard,2023Q3,m2,m2_yoy_log,66,66,0,1.0,66,included,included
dfm_tierC_k1,C,H2,standard,2023Q3,fx_reserves_ex_gold,fx_reserves_exgold_yoy_log,66,66,0,1.0,66,included,included
dfm_tierC_k1,C,H2,standard,2023Q3,industrial_production,ind_prod_yoy_log,66,42,24,0.6363636363636364,42,included,included
dfm_tierC_k1,C,H2,standard,2023Q3,manufacturing,manufacturing_yoy_log,66,42,24,0.6363636363636364,42,included,included
dfm_tierC_k1,C,H2,standard,2023Q3,mining,mining_yoy_log,66,42,24,0.6363636363636364,42,included,included
dfm_tierC_k1,C,H2,standard,2023Q3,electricity_gas,utilities_yoy_log,66,42,24,0.6363636363636364,42,included,included
dfm_tierC_k1,C,H2,standard,2023Q3,retail_trade,retail_yoy_log,66,30,36,0.45454545454545453,30,included,included
dfm_tierC_k1,C,H2,standard,2023Q3,wholesale_trade,wholesale_yoy_log,66,30,36,0.45454545454545453,30,included,included
dfm_tierC_k1,C,H2,standard,2023Q3,construction,construction_yoy_log,66,18,48,0.2727272727272727,18,included,included
dfm_tierC_k1,C,H2,standard,2023Q3,cpi_headline,cpi_headline_mom_log,66,30,36,0.45454545454545453,27,included,included
dfm_tierC_k1,C,H2,standard,2023Q3,cpi_food,cpi_food_mom_log,66,30,36,0.45454545454545453,28,included,included
dfm_tierC_k1,C,H2,standard,2023Q3,cpi_services,cpi_services_mom_log,66,30,36,0.45454545454545453,25,included,included
dfm_tierC_k1,C,H2,standard,2023Q3,exports_total,exports_total_yoy_log,66,18,48,0.2727272727272727,18,included,included
dfm_tierC_k1,C,H2,standard,2023Q3,exports_non_gold,exports_non_gold_yoy_log,66,18,48,0.2727272727272727,18,included,included
dfm_tierC_k1,C,H2,standard,2023Q3,imports_total,imports_total_yoy_log,66,18,48,0.2727272727272727,18,included,included
dfm_tierC_k1,C,H2,standard,2023Q3,gold_exports_proxy,gold_exports_proxy_usd_m,66,30,36,0.45454545454545453,30,included,included
dfm_tierC_k1,C,H2,standard,2023Q4,ppi,ppi_mom_log,69,69,0,1.0,36,included,included
dfm_tierC_k1,C,H2,standard,2023Q4,usd_uzs,usd_uzs_mom_dlog,69,69,0,1.0,69,included,included
dfm_tierC_k1,C,H2,standard,2023Q4,rub_uzs,rub_uzs_mom_dlog,69,69,0,1.0,69,included,included
dfm_tierC_k1,C,H2,standard,2023Q4,gold_price,gold_price_mom_dlog,69,69,0,1.0,69,included,included
dfm_tierC_k1,C,H2,standard,2023Q4,m2,m2_yoy_log,69,69,0,1.0,69,included,included
dfm_tierC_k1,C,H2,standard,2023Q4,fx_reserves_ex_gold,fx_reserves_exgold_yoy_log,69,69,0,1.0,69,included,included
dfm_tierC_k1,C,H2,standard,2023Q4,industrial_production,ind_prod_yoy_log,69,45,24,0.6521739130434783,45,included,included
dfm_tierC_k1,C,H2,standard,2023Q4,manufacturing,manufacturing_yoy_log,69,45,24,0.6521739130434783,45,included,included
dfm_tierC_k1,C,H2,standard,2023Q4,mining,mining_yoy_log,69,45,24,0.6521739130434783,45,included,included
dfm_tierC_k1,C,H2,standard,2023Q4,electricity_gas,utilities_yoy_log,69,45,24,0.6521739130434783,45,included,included
dfm_tierC_k1,C,H2,standard,2023Q4,retail_trade,retail_yoy_log,69,33,36,0.4782608695652174,33,included,included
dfm_tierC_k1,C,H2,standard,2023Q4,wholesale_trade,wholesale_yoy_log,69,33,36,0.4782608695652174,33,included,included
dfm_tierC_k1,C,H2,standard,2023Q4,construction,construction_yoy_log,69,21,48,0.30434782608695654,21,included,included
dfm_tierC_k1,C,H2,standard,2023Q4,cpi_headline,cpi_headline_mom_log,69,33,36,0.4782608695652174,28,included,included
dfm_tierC_k1,C,H2,standard,2023Q4,cpi_food,cpi_food_mom_log,69,33,36,0.4782608695652174,30,included,included
dfm_tierC_k1,C,H2,standard,2023Q4,cpi_services,cpi_services_mom_log,69,33,36,0.4782608695652174,27,included,included
dfm_tierC_k1,C,H2,standard,2023Q4,exports_total,exports_total_yoy_log,69,21,48,0.30434782608695654,21,included,included
dfm_tierC_k1,C,H2,standard,2023Q4,exports_non_gold,exports_non_gold_yoy_log,69,21,48,0.30434782608695654,21,included,included
dfm_tierC_k1,C,H2,standard,2023Q4,imports_total,imports_total_yoy_log,69,21,48,0.30434782608695654,21,included,included
dfm_tierC_k1,C,H2,standard,2023Q4,gold_exports_proxy,gold_exports_proxy_usd_m,69,33,36,0.4782608695652174,33,included,included
dfm_tierC_k1,C,H2,standard,2024Q1,ppi,ppi_mom_log,72,72,0,1.0,37,included,included
dfm_tierC_k1,C,H2,standard,2024Q1,usd_uzs,usd_uzs_mom_dlog,72,72,0,1.0,72,included,included
dfm_tierC_k1,C,H2,standard,2024Q1,rub_uzs,rub_uzs_mom_dlog,72,72,0,1.0,72,included,included
dfm_tierC_k1,C,H2,standard,2024Q1,gold_price,gold_price_mom_dlog,72,72,0,1.0,71,included,included
dfm_tierC_k1,C,H2,standard,2024Q1,m2,m2_yoy_log,72,72,0,1.0,72,included,included
dfm_tierC_k1,C,H2,standard,2024Q1,fx_reserves_ex_gold,fx_reserves_exgold_yoy_log,72,72,0,1.0,72,included,included
dfm_tierC_k1,C,H2,standard,2024Q1,industrial_production,ind_prod_yoy_log,72,48,24,0.6666666666666666,48,included,included
dfm_tierC_k1,C,H2,standard,2024Q1,manufacturing,manufacturing_yoy_log,72,48,24,0.6666666666666666,48,included,included
dfm_tierC_k1,C,H2,standard,2024Q1,mining,mining_yoy_log,72,48,24,0.6666666666666666,48,included,included
dfm_tierC_k1,C,H2,standard,2024Q1,electricity_gas,utilities_yoy_log,72,48,24,0.6666666666666666,48,included,included
dfm_tierC_k1,C,H2,standard,2024Q1,retail_trade,retail_yoy_log,72,36,36,0.5,36,included,included
dfm_tierC_k1,C,H2,standard,2024Q1,wholesale_trade,wholesale_yoy_log,72,35,37,0.4861111111111111,35,included,included
dfm_tierC_k1,C,H2,standard,2024Q1,construction,construction_yoy_log,72,24,48,0.3333333333333333,24,included,included
dfm_tierC_k1,C,H2,standard,2024Q1,cpi_headline,cpi_headline_mom_log,72,36,36,0.5,30,included,included
dfm_tierC_k1,C,H2,standard,2024Q1,cpi_food,cpi_food_mom_log,72,36,36,0.5,32,included,included
dfm_tierC_k1,C,H2,standard,2024Q1,cpi_services,cpi_services_mom_log,72,36,36,0.5,29,included,included
dfm_tierC_k1,C,H2,standard,2024Q1,exports_total,exports_total_yoy_log,72,24,48,0.3333333333333333,24,included,included
dfm_tierC_k1,C,H2,standard,2024Q1,exports_non_gold,exports_non_gold_yoy_log,72,24,48,0.3333333333333333,24,included,included
dfm_tierC_k1,C,H2,standard,2024Q1,imports_total,imports_total_yoy_log,72,24,48,0.3333333333333333,24,included,included
dfm_tierC_k1,C,H2,standard,2024Q1,gold_exports_proxy,gold_exports_proxy_usd_m,72,36,36,0.5,35,included,included
dfm_tierC_k1,C,H2,standard,2024Q2,ppi,ppi_mom_log,75,75,0,1.0,38,included,included
dfm_tierC_k1,C,H2,standard,2024Q2,usd_uzs,usd_uzs_mom_dlog,75,75,0,1.0,75,included,included
dfm_tierC_k1,C,H2,standard,2024Q2,rub_uzs,rub_uzs_mom_dlog,75,75,0,1.0,75,included,included
dfm_tierC_k1,C,H2,standard,2024Q2,gold_price,gold_price_mom_dlog,75,75,0,1.0,74,included,included
dfm_tierC_k1,C,H2,standard,2024Q2,m2,m2_yoy_log,75,75,0,1.0,75,included,included
dfm_tierC_k1,C,H2,standard,2024Q2,fx_reserves_ex_gold,fx_reserves_exgold_yoy_log,75,75,0,1.0,75,included,included
dfm_tierC_k1,C,H2,standard,2024Q2,industrial_production,ind_prod_yoy_log,75,51,24,0.68,51,included,included
dfm_tierC_k1,C,H2,standard,2024Q2,manufacturing,manufacturing_yoy_log,75,51,24,0.68,51,included,included
dfm_tierC_k1,C,H2,standard,2024Q2,mining,mining_yoy_log,75,51,24,0.68,51,included,included
dfm_tierC_k1,C,H2,standard,2024Q2,electricity_gas,utilities_yoy_log,75,51,24,0.68,51,included,included
dfm_tierC_k1,C,H2,standard,2024Q2,retail_trade,retail_yoy_log,75,39,36,0.52,39,included,included
dfm_tierC_k1,C,H2,standard,2024Q2,wholesale_trade,wholesale_yoy_log,75,38,37,0.5066666666666667,38,included,included
dfm_tierC_k1,C,H2,standard,2024Q2,construction,construction_yoy_log,75,27,48,0.36,27,included,included
dfm_tierC_k1,C,H2,standard,2024Q2,cpi_headline,cpi_headline_mom_log,75,39,36,0.52,32,included,included
dfm_tierC_k1,C,H2,standard,2024Q2,cpi_food,cpi_food_mom_log,75,39,36,0.52,34,included,included
dfm_tierC_k1,C,H2,standard,2024Q2,cpi_services,cpi_services_mom_log,75,39,36,0.52,31,included,included
dfm_tierC_k1,C,H2,standard,2024Q2,exports_total,exports_total_yoy_log,75,27,48,0.36,27,included,included
dfm_tierC_k1,C,H2,standard,2024Q2,exports_non_gold,exports_non_gold_yoy_log,75,27,48,0.36,27,included,included
dfm_tierC_k1,C,H2,standard,2024Q2,imports_total,imports_total_yoy_log,75,27,48,0.36,27,included,included
dfm_tierC_k1,C,H2,standard,2024Q2,gold_exports_proxy,gold_exports_proxy_usd_m,75,39,36,0.52,38,included,included
dfm_tierC_k1,C,H2,standard,2024Q3,ppi,ppi_mom_log,78,78,0,1.0,38,included,included
dfm_tierC_k1,C,H2,standard,2024Q3,usd_uzs,usd_uzs_mom_dlog,78,78,0,1.0,78,included,included
dfm_tierC_k1,C,H2,standard,2024Q3,rub_uzs,rub_uzs_mom_dlog,78,78,0,1.0,78,included,included
dfm_tierC_k1,C,H2,standard,2024Q3,gold_price,gold_price_mom_dlog,78,78,0,1.0,77,included,included
dfm_tierC_k1,C,H2,standard,2024Q3,m2,m2_yoy_log,78,78,0,1.0,78,included,included
dfm_tierC_k1,C,H2,standard,2024Q3,fx_reserves_ex_gold,fx_reserves_exgold_yoy_log,78,78,0,1.0,78,included,included
dfm_tierC_k1,C,H2,standard,2024Q3,industrial_production,ind_prod_yoy_log,78,54,24,0.6923076923076923,54,included,included
dfm_tierC_k1,C,H2,standard,2024Q3,manufacturing,manufacturing_yoy_log,78,54,24,0.6923076923076923,54,included,included
dfm_tierC_k1,C,H2,standard,2024Q3,mining,mining_yoy_log,78,54,24,0.6923076923076923,54,included,included
dfm_tierC_k1,C,H2,standard,2024Q3,electricity_gas,utilities_yoy_log,78,54,24,0.6923076923076923,54,included,included
dfm_tierC_k1,C,H2,standard,2024Q3,retail_trade,retail_yoy_log,78,42,36,0.5384615384615384,42,included,included
dfm_tierC_k1,C,H2,standard,2024Q3,wholesale_trade,wholesale_yoy_log,78,41,37,0.5256410256410257,41,included,included
dfm_tierC_k1,C,H2,standard,2024Q3,construction,construction_yoy_log,78,30,48,0.38461538461538464,30,included,included
dfm_tierC_k1,C,H2,standard,2024Q3,cpi_headline,cpi_headline_mom_log,78,42,36,0.5384615384615384,35,included,included
dfm_tierC_k1,C,H2,standard,2024Q3,cpi_food,cpi_food_mom_log,78,42,36,0.5384615384615384,37,included,included
dfm_tierC_k1,C,H2,standard,2024Q3,cpi_services,cpi_services_mom_log,78,42,36,0.5384615384615384,34,included,included
dfm_tierC_k1,C,H2,standard,2024Q3,exports_total,exports_total_yoy_log,78,30,48,0.38461538461538464,30,included,included
dfm_tierC_k1,C,H2,standard,2024Q3,exports_non_gold,exports_non_gold_yoy_log,78,30,48,0.38461538461538464,30,included,included
dfm_tierC_k1,C,H2,standard,2024Q3,imports_total,imports_total_yoy_log,78,30,48,0.38461538461538464,30,included,included
dfm_tierC_k1,C,H2,standard,2024Q3,gold_exports_proxy,gold_exports_proxy_usd_m,78,42,36,0.5384615384615384,41,included,included
dfm_tierC_k1,C,H2,standard,2024Q4,ppi,ppi_mom_log,81,81,0,1.0,38,included,included
dfm_tierC_k1,C,H2,standard,2024Q4,usd_uzs,usd_uzs_mom_dlog,81,81,0,1.0,81,included,included
dfm_tierC_k1,C,H2,standard,2024Q4,rub_uzs,rub_uzs_mom_dlog,81,81,0,1.0,81,included,included
dfm_tierC_k1,C,H2,standard,2024Q4,gold_price,gold_price_mom_dlog,81,81,0,1.0,80,included,included
dfm_tierC_k1,C,H2,standard,2024Q4,m2,m2_yoy_log,81,81,0,1.0,81,included,included
dfm_tierC_k1,C,H2,standard,2024Q4,fx_reserves_ex_gold,fx_reserves_exgold_yoy_log,81,81,0,1.0,81,included,included
dfm_tierC_k1,C,H2,standard,2024Q4,industrial_production,ind_prod_yoy_log,81,57,24,0.7037037037037037,57,included,included
dfm_tierC_k1,C,H2,standard,2024Q4,manufacturing,manufacturing_yoy_log,81,57,24,0.7037037037037037,57,included,included
dfm_tierC_k1,C,H2,standard,2024Q4,mining,mining_yoy_log,81,57,24,0.7037037037037037,57,included,included
dfm_tierC_k1,C,H2,standard,2024Q4,electricity_gas,utilities_yoy_log,81,57,24,0.7037037037037037,57,included,included
dfm_tierC_k1,C,H2,standard,2024Q4,retail_trade,retail_yoy_log,81,45,36,0.5555555555555556,45,included,included
dfm_tierC_k1,C,H2,standard,2024Q4,wholesale_trade,wholesale_yoy_log,81,44,37,0.5432098765432098,44,included,included
dfm_tierC_k1,C,H2,standard,2024Q4,construction,construction_yoy_log,81,33,48,0.4074074074074074,33,included,included
dfm_tierC_k1,C,H2,standard,2024Q4,cpi_headline,cpi_headline_mom_log,81,45,36,0.5555555555555556,37,included,included
dfm_tierC_k1,C,H2,standard,2024Q4,cpi_food,cpi_food_mom_log,81,45,36,0.5555555555555556,39,included,included
dfm_tierC_k1,C,H2,standard,2024Q4,cpi_services,cpi_services_mom_log,81,45,36,0.5555555555555556,35,included,included
dfm_tierC_k1,C,H2,standard,2024Q4,exports_total,exports_total_yoy_log,81,33,48,0.4074074074074074,33,included,included
dfm_tierC_k1,C,H2,standard,2024Q4,exports_non_gold,exports_non_gold_yoy_log,81,33,48,0.4074074074074074,33,included,included
dfm_tierC_k1,C,H2,standard,2024Q4,imports_total,imports_total_yoy_log,81,33,48,0.4074074074074074,33,included,included
dfm_tierC_k1,C,H2,standard,2024Q4,gold_exports_proxy,gold_exports_proxy_usd_m,81,45,36,0.5555555555555556,44,included,included
dfm_tierC_k1,C,H2,standard,2025Q1,ppi,ppi_mom_log,84,84,0,1.0,38,included,included
dfm_tierC_k1,C,H2,standard,2025Q1,usd_uzs,usd_uzs_mom_dlog,84,84,0,1.0,84,included,included
dfm_tierC_k1,C,H2,standard,2025Q1,rub_uzs,rub_uzs_mom_dlog,84,84,0,1.0,84,included,included
dfm_tierC_k1,C,H2,standard,2025Q1,gold_price,gold_price_mom_dlog,84,84,0,1.0,83,included,included
dfm_tierC_k1,C,H2,standard,2025Q1,m2,m2_yoy_log,84,84,0,1.0,84,included,included
dfm_tierC_k1,C,H2,standard,2025Q1,fx_reserves_ex_gold,fx_reserves_exgold_yoy_log,84,84,0,1.0,84,included,included
dfm_tierC_k1,C,H2,standard,2025Q1,industrial_production,ind_prod_yoy_log,84,60,24,0.7142857142857143,60,included,included
dfm_tierC_k1,C,H2,standard,2025Q1,manufacturing,manufacturing_yoy_log,84,60,24,0.7142857142857143,60,included,included
dfm_tierC_k1,C,H2,standard,2025Q1,mining,mining_yoy_log,84,60,24,0.7142857142857143,60,included,included
dfm_tierC_k1,C,H2,standard,2025Q1,electricity_gas,utilities_yoy_log,84,60,24,0.7142857142857143,60,included,included
dfm_tierC_k1,C,H2,standard,2025Q1,retail_trade,retail_yoy_log,84,48,36,0.5714285714285714,48,included,included
dfm_tierC_k1,C,H2,standard,2025Q1,wholesale_trade,wholesale_yoy_log,84,46,38,0.5476190476190477,46,included,included
dfm_tierC_k1,C,H2,standard,2025Q1,construction,construction_yoy_log,84,36,48,0.42857142857142855,36,included,included
dfm_tierC_k1,C,H2,standard,2025Q1,cpi_headline,cpi_headline_mom_log,84,48,36,0.5714285714285714,37,included,included
dfm_tierC_k1,C,H2,standard,2025Q1,cpi_food,cpi_food_mom_log,84,48,36,0.5714285714285714,41,included,included
dfm_tierC_k1,C,H2,standard,2025Q1,cpi_services,cpi_services_mom_log,84,48,36,0.5714285714285714,38,included,included
dfm_tierC_k1,C,H2,standard,2025Q1,exports_total,exports_total_yoy_log,84,36,48,0.42857142857142855,36,included,included
dfm_tierC_k1,C,H2,standard,2025Q1,exports_non_gold,exports_non_gold_yoy_log,84,36,48,0.42857142857142855,36,included,included
dfm_tierC_k1,C,H2,standard,2025Q1,imports_total,imports_total_yoy_log,84,36,48,0.42857142857142855,36,included,included
dfm_tierC_k1,C,H2,standard,2025Q1,gold_exports_proxy,gold_exports_proxy_usd_m,84,48,36,0.5714285714285714,47,included,included
dfm_tierC_k1,C,H2,standard,2025Q2,ppi,ppi_mom_log,87,87,0,1.0,38,included,included
dfm_tierC_k1,C,H2,standard,2025Q2,usd_uzs,usd_uzs_mom_dlog,87,87,0,1.0,87,included,included
dfm_tierC_k1,C,H2,standard,2025Q2,rub_uzs,rub_uzs_mom_dlog,87,87,0,1.0,87,included,included
dfm_tierC_k1,C,H2,standard,2025Q2,gold_price,gold_price_mom_dlog,87,87,0,1.0,86,included,included
dfm_tierC_k1,C,H2,standard,2025Q2,m2,m2_yoy_log,87,87,0,1.0,87,included,included
dfm_tierC_k1,C,H2,standard,2025Q2,fx_reserves_ex_gold,fx_reserves_exgold_yoy_log,87,87,0,1.0,87,included,included
dfm_tierC_k1,C,H2,standard,2025Q2,industrial_production,ind_prod_yoy_log,87,63,24,0.7241379310344828,63,included,included
dfm_tierC_k1,C,H2,standard,2025Q2,manufacturing,manufacturing_yoy_log,87,63,24,0.7241379310344828,63,included,included
dfm_tierC_k1,C,H2,standard,2025Q2,mining,mining_yoy_log,87,63,24,0.7241379310344828,63,included,included
dfm_tierC_k1,C,H2,standard,2025Q2,electricity_gas,utilities_yoy_log,87,63,24,0.7241379310344828,63,included,included
dfm_tierC_k1,C,H2,standard,2025Q2,retail_trade,retail_yoy_log,87,51,36,0.5862068965517241,51,included,included
dfm_tierC_k1,C,H2,standard,2025Q2,wholesale_trade,wholesale_yoy_log,87,49,38,0.5632183908045977,49,included,included
dfm_tierC_k1,C,H2,standard,2025Q2,construction,construction_yoy_log,87,39,48,0.4482758620689655,39,included,included
dfm_tierC_k1,C,H2,standard,2025Q2,cpi_headline,cpi_headline_mom_log,87,51,36,0.5862068965517241,39,included,included
dfm_tierC_k1,C,H2,standard,2025Q2,cpi_food,cpi_food_mom_log,87,51,36,0.5862068965517241,43,included,included
dfm_tierC_k1,C,H2,standard,2025Q2,cpi_services,cpi_services_mom_log,87,51,36,0.5862068965517241,41,included,included
dfm_tierC_k1,C,H2,standard,2025Q2,exports_total,exports_total_yoy_log,87,39,48,0.4482758620689655,39,included,included
dfm_tierC_k1,C,H2,standard,2025Q2,exports_non_gold,exports_non_gold_yoy_log,87,39,48,0.4482758620689655,39,included,included
dfm_tierC_k1,C,H2,standard,2025Q2,imports_total,imports_total_yoy_log,87,39,48,0.4482758620689655,39,included,included
dfm_tierC_k1,C,H2,standard,2025Q2,gold_exports_proxy,gold_exports_proxy_usd_m,87,51,36,0.5862068965517241,50,included,included
dfm_tierA_k1,A,H2,conservative,2021Q1,ppi,ppi_mom_log,36,36,0,1.0,26,included,included
dfm_tierA_k1,A,H2,conservative,2021Q1,usd_uzs,usd_uzs_mom_dlog,36,36,0,1.0,36,included,included
dfm_tierA_k1,A,H2,conservative,2021Q1,rub_uzs,rub_uzs_mom_dlog,36,36,0,1.0,36,included,included
dfm_tierA_k1,A,H2,conservative,2021Q1,gold_price,gold_price_mom_dlog,36,36,0,1.0,36,included,included
dfm_tierA_k1,A,H2,conservative,2021Q1,m2,m2_yoy_log,36,36,0,1.0,36,included,included
dfm_tierA_k1,A,H2,conservative,2021Q1,fx_reserves_ex_gold,fx_reserves_exgold_yoy_log,36,36,0,1.0,36,included,included
dfm_tierA_k1,A,H2,conservative,2021Q2,ppi,ppi_mom_log,39,39,0,1.0,26,included,included
dfm_tierA_k1,A,H2,conservative,2021Q2,usd_uzs,usd_uzs_mom_dlog,39,39,0,1.0,39,included,included
dfm_tierA_k1,A,H2,conservative,2021Q2,rub_uzs,rub_uzs_mom_dlog,39,39,0,1.0,39,included,included
dfm_tierA_k1,A,H2,conservative,2021Q2,gold_price,gold_price_mom_dlog,39,39,0,1.0,39,included,included
dfm_tierA_k1,A,H2,conservative,2021Q2,m2,m2_yoy_log,39,39,0,1.0,39,included,included
dfm_tierA_k1,A,H2,conservative,2021Q2,fx_reserves_ex_gold,fx_reserves_exgold_yoy_log,39,39,0,1.0,39,included,included
dfm_tierA_k1,A,H2,conservative,2021Q3,ppi,ppi_mom_log,42,42,0,1.0,27,included,included
dfm_tierA_k1,A,H2,conservative,2021Q3,usd_uzs,usd_uzs_mom_dlog,42,42,0,1.0,42,included,included
dfm_tierA_k1,A,H2,conservative,2021Q3,rub_uzs,rub_uzs_mom_dlog,42,42,0,1.0,42,included,included
dfm_tierA_k1,A,H2,conservative,2021Q3,gold_price,gold_price_mom_dlog,42,42,0,1.0,42,included,included
dfm_tierA_k1,A,H2,conservative,2021Q3,m2,m2_yoy_log,42,42,0,1.0,42,included,included
dfm_tierA_k1,A,H2,conservative,2021Q3,fx_reserves_ex_gold,fx_reserves_exgold_yoy_log,42,42,0,1.0,42,included,included
dfm_tierA_k1,A,H2,conservative,2021Q4,ppi,ppi_mom_log,45,45,0,1.0,29,included,included
dfm_tierA_k1,A,H2,conservative,2021Q4,usd_uzs,usd_uzs_mom_dlog,45,45,0,1.0,45,included,included
dfm_tierA_k1,A,H2,conservative,2021Q4,rub_uzs,rub_uzs_mom_dlog,45,45,0,1.0,45,included,included
dfm_tierA_k1,A,H2,conservative,2021Q4,gold_price,gold_price_mom_dlog,45,45,0,1.0,45,included,included
dfm_tierA_k1,A,H2,conservative,2021Q4,m2,m2_yoy_log,45,45,0,1.0,45,included,included
dfm_tierA_k1,A,H2,conservative,2021Q4,fx_reserves_ex_gold,fx_reserves_exgold_yoy_log,45,45,0,1.0,45,included,included
dfm_tierA_k1,A,H2,conservative,2022Q1,ppi,ppi_mom_log,48,48,0,1.0,31,included,included
dfm_tierA_k1,A,H2,conservative,2022Q1,usd_uzs,usd_uzs_mom_dlog,48,48,0,1.0,48,included,included
dfm_tierA_k1,A,H2,conservative,2022Q1,rub_uzs,rub_uzs_mom_dlog,48,48,0,1.0,48,included,included
dfm_tierA_k1,A,H2,conservative,2022Q1,gold_price,gold_price_mom_dlog,48,48,0,1.0,48,included,included
dfm_tierA_k1,A,H2,conservative,2022Q1,m2,m2_yoy_log,48,48,0,1.0,48,included,included
dfm_tierA_k1,A,H2,conservative,2022Q1,fx_reserves_ex_gold,fx_reserves_exgold_yoy_log,48,48,0,1.0,48,included,included
dfm_tierA_k1,A,H2,conservative,2022Q2,ppi,ppi_mom_log,51,51,0,1.0,32,included,included
dfm_tierA_k1,A,H2,conservative,2022Q2,usd_uzs,usd_uzs_mom_dlog,51,51,0,1.0,51,included,included
dfm_tierA_k1,A,H2,conservative,2022Q2,rub_uzs,rub_uzs_mom_dlog,51,51,0,1.0,51,included,included
dfm_tierA_k1,A,H2,conservative,2022Q2,gold_price,gold_price_mom_dlog,51,51,0,1.0,51,included,included
dfm_tierA_k1,A,H2,conservative,2022Q2,m2,m2_yoy_log,51,51,0,1.0,51,included,included
dfm_tierA_k1,A,H2,conservative,2022Q2,fx_reserves_ex_gold,fx_reserves_exgold_yoy_log,51,51,0,1.0,51,included,included
dfm_tierA_k1,A,H2,conservative,2022Q3,ppi,ppi_mom_log,54,54,0,1.0,33,included,included
dfm_tierA_k1,A,H2,conservative,2022Q3,usd_uzs,usd_uzs_mom_dlog,54,54,0,1.0,54,included,included
dfm_tierA_k1,A,H2,conservative,2022Q3,rub_uzs,rub_uzs_mom_dlog,54,54,0,1.0,54,included,included
dfm_tierA_k1,A,H2,conservative,2022Q3,gold_price,gold_price_mom_dlog,54,54,0,1.0,54,included,included
dfm_tierA_k1,A,H2,conservative,2022Q3,m2,m2_yoy_log,54,54,0,1.0,54,included,included
dfm_tierA_k1,A,H2,conservative,2022Q3,fx_reserves_ex_gold,fx_reserves_exgold_yoy_log,54,54,0,1.0,54,included,included
dfm_tierA_k1,A,H2,conservative,2022Q4,ppi,ppi_mom_log,57,57,0,1.0,35,included,included
dfm_tierA_k1,A,H2,conservative,2022Q4,usd_uzs,usd_uzs_mom_dlog,57,57,0,1.0,57,included,included
dfm_tierA_k1,A,H2,conservative,2022Q4,rub_uzs,rub_uzs_mom_dlog,57,57,0,1.0,57,included,included
dfm_tierA_k1,A,H2,conservative,2022Q4,gold_price,gold_price_mom_dlog,57,57,0,1.0,57,included,included
dfm_tierA_k1,A,H2,conservative,2022Q4,m2,m2_yoy_log,57,57,0,1.0,57,included,included
dfm_tierA_k1,A,H2,conservative,2022Q4,fx_reserves_ex_gold,fx_reserves_exgold_yoy_log,57,57,0,1.0,57,included,included
dfm_tierA_k1,A,H2,conservative,2023Q1,ppi,ppi_mom_log,60,60,0,1.0,35,included,included
dfm_tierA_k1,A,H2,conservative,2023Q1,usd_uzs,usd_uzs_mom_dlog,60,60,0,1.0,60,included,included
dfm_tierA_k1,A,H2,conservative,2023Q1,rub_uzs,rub_uzs_mom_dlog,60,60,0,1.0,60,included,included
dfm_tierA_k1,A,H2,conservative,2023Q1,gold_price,gold_price_mom_dlog,60,60,0,1.0,60,included,included
dfm_tierA_k1,A,H2,conservative,2023Q1,m2,m2_yoy_log,60,60,0,1.0,60,included,included
dfm_tierA_k1,A,H2,conservative,2023Q1,fx_reserves_ex_gold,fx_reserves_exgold_yoy_log,60,60,0,1.0,60,included,included
dfm_tierA_k1,A,H2,conservative,2023Q2,ppi,ppi_mom_log,63,63,0,1.0,36,included,included
dfm_tierA_k1,A,H2,conservative,2023Q2,usd_uzs,usd_uzs_mom_dlog,63,63,0,1.0,63,included,included
dfm_tierA_k1,A,H2,conservative,2023Q2,rub_uzs,rub_uzs_mom_dlog,63,63,0,1.0,63,included,included
dfm_tierA_k1,A,H2,conservative,2023Q2,gold_price,gold_price_mom_dlog,63,63,0,1.0,63,included,included
dfm_tierA_k1,A,H2,conservative,2023Q2,m2,m2_yoy_log,63,63,0,1.0,63,included,included
dfm_tierA_k1,A,H2,conservative,2023Q2,fx_reserves_ex_gold,fx_reserves_exgold_yoy_log,63,63,0,1.0,63,included,included
dfm_tierA_k1,A,H2,conservative,2023Q3,ppi,ppi_mom_log,66,66,0,1.0,36,included,included
dfm_tierA_k1,A,H2,conservative,2023Q3,usd_uzs,usd_uzs_mom_dlog,66,66,0,1.0,66,included,included
dfm_tierA_k1,A,H2,conservative,2023Q3,rub_uzs,rub_uzs_mom_dlog,66,66,0,1.0,66,included,included
dfm_tierA_k1,A,H2,conservative,2023Q3,gold_price,gold_price_mom_dlog,66,66,0,1.0,66,included,included
dfm_tierA_k1,A,H2,conservative,2023Q3,m2,m2_yoy_log,66,66,0,1.0,66,included,included
dfm_tierA_k1,A,H2,conservative,2023Q3,fx_reserves_ex_gold,fx_reserves_exgold_yoy_log,66,66,0,1.0,66,included,included
dfm_tierA_k1,A,H2,conservative,2023Q4,ppi,ppi_mom_log,69,69,0,1.0,36,included,included
dfm_tierA_k1,A,H2,conservative,2023Q4,usd_uzs,usd_uzs_mom_dlog,69,69,0,1.0,69,included,included
dfm_tierA_k1,A,H2,conservative,2023Q4,rub_uzs,rub_uzs_mom_dlog,69,69,0,1.0,69,included,included
dfm_tierA_k1,A,H2,conservative,2023Q4,gold_price,gold_price_mom_dlog,69,69,0,1.0,69,included,included
dfm_tierA_k1,A,H2,conservative,2023Q4,m2,m2_yoy_log,69,69,0,1.0,69,included,included
dfm_tierA_k1,A,H2,conservative,2023Q4,fx_reserves_ex_gold,fx_reserves_exgold_yoy_log,69,69,0,1.0,69,included,included
dfm_tierA_k1,A,H2,conservative,2024Q1,ppi,ppi_mom_log,72,72,0,1.0,37,included,included
dfm_tierA_k1,A,H2,conservative,2024Q1,usd_uzs,usd_uzs_mom_dlog,72,72,0,1.0,72,included,included
dfm_tierA_k1,A,H2,conservative,2024Q1,rub_uzs,rub_uzs_mom_dlog,72,72,0,1.0,72,included,included
dfm_tierA_k1,A,H2,conservative,2024Q1,gold_price,gold_price_mom_dlog,72,72,0,1.0,71,included,included
dfm_tierA_k1,A,H2,conservative,2024Q1,m2,m2_yoy_log,72,72,0,1.0,72,included,included
dfm_tierA_k1,A,H2,conservative,2024Q1,fx_reserves_ex_gold,fx_reserves_exgold_yoy_log,72,72,0,1.0,72,included,included
dfm_tierA_k1,A,H2,conservative,2024Q2,ppi,ppi_mom_log,75,75,0,1.0,38,included,included
dfm_tierA_k1,A,H2,conservative,2024Q2,usd_uzs,usd_uzs_mom_dlog,75,75,0,1.0,75,included,included
dfm_tierA_k1,A,H2,conservative,2024Q2,rub_uzs,rub_uzs_mom_dlog,75,75,0,1.0,75,included,included
dfm_tierA_k1,A,H2,conservative,2024Q2,gold_price,gold_price_mom_dlog,75,75,0,1.0,74,included,included
dfm_tierA_k1,A,H2,conservative,2024Q2,m2,m2_yoy_log,75,75,0,1.0,75,included,included
dfm_tierA_k1,A,H2,conservative,2024Q2,fx_reserves_ex_gold,fx_reserves_exgold_yoy_log,75,75,0,1.0,75,included,included
dfm_tierA_k1,A,H2,conservative,2024Q3,ppi,ppi_mom_log,78,78,0,1.0,38,included,included
dfm_tierA_k1,A,H2,conservative,2024Q3,usd_uzs,usd_uzs_mom_dlog,78,78,0,1.0,78,included,included
dfm_tierA_k1,A,H2,conservative,2024Q3,rub_uzs,rub_uzs_mom_dlog,78,78,0,1.0,78,included,included
dfm_tierA_k1,A,H2,conservative,2024Q3,gold_price,gold_price_mom_dlog,78,78,0,1.0,77,included,included
dfm_tierA_k1,A,H2,conservative,2024Q3,m2,m2_yoy_log,78,78,0,1.0,78,included,included
dfm_tierA_k1,A,H2,conservative,2024Q3,fx_reserves_ex_gold,fx_reserves_exgold_yoy_log,78,78,0,1.0,78,included,included
dfm_tierA_k1,A,H2,conservative,2024Q4,ppi,ppi_mom_log,81,81,0,1.0,38,included,included
dfm_tierA_k1,A,H2,conservative,2024Q4,usd_uzs,usd_uzs_mom_dlog,81,81,0,1.0,81,included,included
dfm_tierA_k1,A,H2,conservative,2024Q4,rub_uzs,rub_uzs_mom_dlog,81,81,0,1.0,81,included,included
dfm_tierA_k1,A,H2,conservative,2024Q4,gold_price,gold_price_mom_dlog,81,81,0,1.0,80,included,included
dfm_tierA_k1,A,H2,conservative,2024Q4,m2,m2_yoy_log,81,81,0,1.0,81,included,included
dfm_tierA_k1,A,H2,conservative,2024Q4,fx_reserves_ex_gold,fx_reserves_exgold_yoy_log,81,81,0,1.0,81,included,included
dfm_tierA_k1,A,H2,conservative,2025Q1,ppi,ppi_mom_log,84,84,0,1.0,38,included,included
dfm_tierA_k1,A,H2,conservative,2025Q1,usd_uzs,usd_uzs_mom_dlog,84,84,0,1.0,84,included,included
dfm_tierA_k1,A,H2,conservative,2025Q1,rub_uzs,rub_uzs_mom_dlog,84,84,0,1.0,84,included,included
dfm_tierA_k1,A,H2,conservative,2025Q1,gold_price,gold_price_mom_dlog,84,84,0,1.0,83,included,included
dfm_tierA_k1,A,H2,conservative,2025Q1,m2,m2_yoy_log,84,84,0,1.0,84,included,included
dfm_tierA_k1,A,H2,conservative,2025Q1,fx_reserves_ex_gold,fx_reserves_exgold_yoy_log,84,84,0,1.0,84,included,included
dfm_tierA_k1,A,H2,conservative,2025Q2,ppi,ppi_mom_log,87,87,0,1.0,38,included,included
dfm_tierA_k1,A,H2,conservative,2025Q2,usd_uzs,usd_uzs_mom_dlog,87,87,0,1.0,87,included,included
dfm_tierA_k1,A,H2,conservative,2025Q2,rub_uzs,rub_uzs_mom_dlog,87,87,0,1.0,87,included,included
dfm_tierA_k1,A,H2,conservative,2025Q2,gold_price,gold_price_mom_dlog,87,87,0,1.0,86,included,included
dfm_tierA_k1,A,H2,conservative,2025Q2,m2,m2_yoy_log,87,87,0,1.0,87,included,included
dfm_tierA_k1,A,H2,conservative,2025Q2,fx_reserves_ex_gold,fx_reserves_exgold_yoy_log,87,87,0,1.0,87,included,included
dfm_tierB_k1,B,H2,conservative,2021Q1,ppi,ppi_mom_log,36,36,0,1.0,26,included,included
dfm_tierB_k1,B,H2,conservative,2021Q1,usd_uzs,usd_uzs_mom_dlog,36,36,0,1.0,36,included,included
dfm_tierB_k1,B,H2,conservative,2021Q1,rub_uzs,rub_uzs_mom_dlog,36,36,0,1.0,36,included,included
dfm_tierB_k1,B,H2,conservative,2021Q1,gold_price,gold_price_mom_dlog,36,36,0,1.0,36,included,included
dfm_tierB_k1,B,H2,conservative,2021Q1,m2,m2_yoy_log,36,36,0,1.0,36,included,included
dfm_tierB_k1,B,H2,conservative,2021Q1,fx_reserves_ex_gold,fx_reserves_exgold_yoy_log,36,36,0,1.0,36,included,included
dfm_tierB_k1,B,H2,conservative,2021Q1,industrial_production,ind_prod_yoy_log,36,12,24,0.3333333333333333,12,included,included
dfm_tierB_k1,B,H2,conservative,2021Q1,manufacturing,manufacturing_yoy_log,36,12,24,0.3333333333333333,12,included,included
dfm_tierB_k1,B,H2,conservative,2021Q1,mining,mining_yoy_log,36,12,24,0.3333333333333333,12,included,included
dfm_tierB_k1,B,H2,conservative,2021Q1,electricity_gas,utilities_yoy_log,36,12,24,0.3333333333333333,12,included,included
dfm_tierB_k1,B,H2,conservative,2021Q1,retail_trade,retail_yoy_log,36,0,36,0.0,0,excluded,insufficient_in_window_coverage
dfm_tierB_k1,B,H2,conservative,2021Q1,wholesale_trade,wholesale_yoy_log,36,0,36,0.0,0,excluded,insufficient_in_window_coverage
dfm_tierB_k1,B,H2,conservative,2021Q2,ppi,ppi_mom_log,39,39,0,1.0,26,included,included
dfm_tierB_k1,B,H2,conservative,2021Q2,usd_uzs,usd_uzs_mom_dlog,39,39,0,1.0,39,included,included
dfm_tierB_k1,B,H2,conservative,2021Q2,rub_uzs,rub_uzs_mom_dlog,39,39,0,1.0,39,included,included
dfm_tierB_k1,B,H2,conservative,2021Q2,gold_price,gold_price_mom_dlog,39,39,0,1.0,39,included,included
dfm_tierB_k1,B,H2,conservative,2021Q2,m2,m2_yoy_log,39,39,0,1.0,39,included,included
dfm_tierB_k1,B,H2,conservative,2021Q2,fx_reserves_ex_gold,fx_reserves_exgold_yoy_log,39,39,0,1.0,39,included,included
dfm_tierB_k1,B,H2,conservative,2021Q2,industrial_production,ind_prod_yoy_log,39,15,24,0.38461538461538464,15,included,included
dfm_tierB_k1,B,H2,conservative,2021Q2,manufacturing,manufacturing_yoy_log,39,15,24,0.38461538461538464,15,included,included
dfm_tierB_k1,B,H2,conservative,2021Q2,mining,mining_yoy_log,39,15,24,0.38461538461538464,15,included,included
dfm_tierB_k1,B,H2,conservative,2021Q2,electricity_gas,utilities_yoy_log,39,15,24,0.38461538461538464,15,included,included
dfm_tierB_k1,B,H2,conservative,2021Q2,retail_trade,retail_yoy_log,39,3,36,0.07692307692307693,3,excluded,insufficient_in_window_coverage
dfm_tierB_k1,B,H2,conservative,2021Q2,wholesale_trade,wholesale_yoy_log,39,3,36,0.07692307692307693,3,excluded,insufficient_in_window_coverage
dfm_tierB_k1,B,H2,conservative,2021Q3,ppi,ppi_mom_log,42,42,0,1.0,27,included,included
dfm_tierB_k1,B,H2,conservative,2021Q3,usd_uzs,usd_uzs_mom_dlog,42,42,0,1.0,42,included,included
dfm_tierB_k1,B,H2,conservative,2021Q3,rub_uzs,rub_uzs_mom_dlog,42,42,0,1.0,42,included,included
dfm_tierB_k1,B,H2,conservative,2021Q3,gold_price,gold_price_mom_dlog,42,42,0,1.0,42,included,included
dfm_tierB_k1,B,H2,conservative,2021Q3,m2,m2_yoy_log,42,42,0,1.0,42,included,included
dfm_tierB_k1,B,H2,conservative,2021Q3,fx_reserves_ex_gold,fx_reserves_exgold_yoy_log,42,42,0,1.0,42,included,included
dfm_tierB_k1,B,H2,conservative,2021Q3,industrial_production,ind_prod_yoy_log,42,18,24,0.42857142857142855,18,included,included
dfm_tierB_k1,B,H2,conservative,2021Q3,manufacturing,manufacturing_yoy_log,42,18,24,0.42857142857142855,18,included,included
dfm_tierB_k1,B,H2,conservative,2021Q3,mining,mining_yoy_log,42,18,24,0.42857142857142855,18,included,included
dfm_tierB_k1,B,H2,conservative,2021Q3,electricity_gas,utilities_yoy_log,42,18,24,0.42857142857142855,18,included,included
dfm_tierB_k1,B,H2,conservative,2021Q3,retail_trade,retail_yoy_log,42,6,36,0.14285714285714285,6,excluded,insufficient_in_window_coverage
dfm_tierB_k1,B,H2,conservative,2021Q3,wholesale_trade,wholesale_yoy_log,42,6,36,0.14285714285714285,6,excluded,insufficient_in_window_coverage
dfm_tierB_k1,B,H2,conservative,2021Q4,ppi,ppi_mom_log,45,45,0,1.0,29,included,included
dfm_tierB_k1,B,H2,conservative,2021Q4,usd_uzs,usd_uzs_mom_dlog,45,45,0,1.0,45,included,included
dfm_tierB_k1,B,H2,conservative,2021Q4,rub_uzs,rub_uzs_mom_dlog,45,45,0,1.0,45,included,included
dfm_tierB_k1,B,H2,conservative,2021Q4,gold_price,gold_price_mom_dlog,45,45,0,1.0,45,included,included
dfm_tierB_k1,B,H2,conservative,2021Q4,m2,m2_yoy_log,45,45,0,1.0,45,included,included
dfm_tierB_k1,B,H2,conservative,2021Q4,fx_reserves_ex_gold,fx_reserves_exgold_yoy_log,45,45,0,1.0,45,included,included
dfm_tierB_k1,B,H2,conservative,2021Q4,industrial_production,ind_prod_yoy_log,45,21,24,0.4666666666666667,21,included,included
dfm_tierB_k1,B,H2,conservative,2021Q4,manufacturing,manufacturing_yoy_log,45,21,24,0.4666666666666667,21,included,included
dfm_tierB_k1,B,H2,conservative,2021Q4,mining,mining_yoy_log,45,21,24,0.4666666666666667,21,included,included
dfm_tierB_k1,B,H2,conservative,2021Q4,electricity_gas,utilities_yoy_log,45,21,24,0.4666666666666667,21,included,included
dfm_tierB_k1,B,H2,conservative,2021Q4,retail_trade,retail_yoy_log,45,9,36,0.2,9,excluded,insufficient_in_window_coverage
dfm_tierB_k1,B,H2,conservative,2021Q4,wholesale_trade,wholesale_yoy_log,45,9,36,0.2,9,excluded,insufficient_in_window_coverage
dfm_tierB_k1,B,H2,conservative,2022Q1,ppi,ppi_mom_log,48,48,0,1.0,31,included,included
dfm_tierB_k1,B,H2,conservative,2022Q1,usd_uzs,usd_uzs_mom_dlog,48,48,0,1.0,48,included,included
dfm_tierB_k1,B,H2,conservative,2022Q1,rub_uzs,rub_uzs_mom_dlog,48,48,0,1.0,48,included,included
dfm_tierB_k1,B,H2,conservative,2022Q1,gold_price,gold_price_mom_dlog,48,48,0,1.0,48,included,included
dfm_tierB_k1,B,H2,conservative,2022Q1,m2,m2_yoy_log,48,48,0,1.0,48,included,included
dfm_tierB_k1,B,H2,conservative,2022Q1,fx_reserves_ex_gold,fx_reserves_exgold_yoy_log,48,48,0,1.0,48,included,included
dfm_tierB_k1,B,H2,conservative,2022Q1,industrial_production,ind_prod_yoy_log,48,24,24,0.5,24,included,included
dfm_tierB_k1,B,H2,conservative,2022Q1,manufacturing,manufacturing_yoy_log,48,24,24,0.5,24,included,included
dfm_tierB_k1,B,H2,conservative,2022Q1,mining,mining_yoy_log,48,24,24,0.5,24,included,included
dfm_tierB_k1,B,H2,conservative,2022Q1,electricity_gas,utilities_yoy_log,48,24,24,0.5,24,included,included
dfm_tierB_k1,B,H2,conservative,2022Q1,retail_trade,retail_yoy_log,48,12,36,0.25,12,included,included
dfm_tierB_k1,B,H2,conservative,2022Q1,wholesale_trade,wholesale_yoy_log,48,12,36,0.25,12,included,included
dfm_tierB_k1,B,H2,conservative,2022Q2,ppi,ppi_mom_log,51,51,0,1.0,32,included,included
dfm_tierB_k1,B,H2,conservative,2022Q2,usd_uzs,usd_uzs_mom_dlog,51,51,0,1.0,51,included,included
dfm_tierB_k1,B,H2,conservative,2022Q2,rub_uzs,rub_uzs_mom_dlog,51,51,0,1.0,51,included,included
dfm_tierB_k1,B,H2,conservative,2022Q2,gold_price,gold_price_mom_dlog,51,51,0,1.0,51,included,included
dfm_tierB_k1,B,H2,conservative,2022Q2,m2,m2_yoy_log,51,51,0,1.0,51,included,included
dfm_tierB_k1,B,H2,conservative,2022Q2,fx_reserves_ex_gold,fx_reserves_exgold_yoy_log,51,51,0,1.0,51,included,included
dfm_tierB_k1,B,H2,conservative,2022Q2,industrial_production,ind_prod_yoy_log,51,27,24,0.5294117647058824,27,included,included
dfm_tierB_k1,B,H2,conservative,2022Q2,manufacturing,manufacturing_yoy_log,51,27,24,0.5294117647058824,27,included,included
dfm_tierB_k1,B,H2,conservative,2022Q2,mining,mining_yoy_log,51,27,24,0.5294117647058824,27,included,included
dfm_tierB_k1,B,H2,conservative,2022Q2,electricity_gas,utilities_yoy_log,51,27,24,0.5294117647058824,27,included,included
dfm_tierB_k1,B,H2,conservative,2022Q2,retail_trade,retail_yoy_log,51,15,36,0.29411764705882354,15,included,included
dfm_tierB_k1,B,H2,conservative,2022Q2,wholesale_trade,wholesale_yoy_log,51,15,36,0.29411764705882354,15,included,included
dfm_tierB_k1,B,H2,conservative,2022Q3,ppi,ppi_mom_log,54,54,0,1.0,33,included,included
dfm_tierB_k1,B,H2,conservative,2022Q3,usd_uzs,usd_uzs_mom_dlog,54,54,0,1.0,54,included,included
dfm_tierB_k1,B,H2,conservative,2022Q3,rub_uzs,rub_uzs_mom_dlog,54,54,0,1.0,54,included,included
dfm_tierB_k1,B,H2,conservative,2022Q3,gold_price,gold_price_mom_dlog,54,54,0,1.0,54,included,included
dfm_tierB_k1,B,H2,conservative,2022Q3,m2,m2_yoy_log,54,54,0,1.0,54,included,included
dfm_tierB_k1,B,H2,conservative,2022Q3,fx_reserves_ex_gold,fx_reserves_exgold_yoy_log,54,54,0,1.0,54,included,included
dfm_tierB_k1,B,H2,conservative,2022Q3,industrial_production,ind_prod_yoy_log,54,30,24,0.5555555555555556,30,included,included
dfm_tierB_k1,B,H2,conservative,2022Q3,manufacturing,manufacturing_yoy_log,54,30,24,0.5555555555555556,30,included,included
dfm_tierB_k1,B,H2,conservative,2022Q3,mining,mining_yoy_log,54,30,24,0.5555555555555556,30,included,included
dfm_tierB_k1,B,H2,conservative,2022Q3,electricity_gas,utilities_yoy_log,54,30,24,0.5555555555555556,30,included,included
dfm_tierB_k1,B,H2,conservative,2022Q3,retail_trade,retail_yoy_log,54,18,36,0.3333333333333333,18,included,included
dfm_tierB_k1,B,H2,conservative,2022Q3,wholesale_trade,wholesale_yoy_log,54,18,36,0.3333333333333333,18,included,included
dfm_tierB_k1,B,H2,conservative,2022Q4,ppi,ppi_mom_log,57,57,0,1.0,35,included,included
dfm_tierB_k1,B,H2,conservative,2022Q4,usd_uzs,usd_uzs_mom_dlog,57,57,0,1.0,57,included,included
dfm_tierB_k1,B,H2,conservative,2022Q4,rub_uzs,rub_uzs_mom_dlog,57,57,0,1.0,57,included,included
dfm_tierB_k1,B,H2,conservative,2022Q4,gold_price,gold_price_mom_dlog,57,57,0,1.0,57,included,included
dfm_tierB_k1,B,H2,conservative,2022Q4,m2,m2_yoy_log,57,57,0,1.0,57,included,included
dfm_tierB_k1,B,H2,conservative,2022Q4,fx_reserves_ex_gold,fx_reserves_exgold_yoy_log,57,57,0,1.0,57,included,included
dfm_tierB_k1,B,H2,conservative,2022Q4,industrial_production,ind_prod_yoy_log,57,33,24,0.5789473684210527,33,included,included
dfm_tierB_k1,B,H2,conservative,2022Q4,manufacturing,manufacturing_yoy_log,57,33,24,0.5789473684210527,33,included,included
dfm_tierB_k1,B,H2,conservative,2022Q4,mining,mining_yoy_log,57,33,24,0.5789473684210527,33,included,included
dfm_tierB_k1,B,H2,conservative,2022Q4,electricity_gas,utilities_yoy_log,57,33,24,0.5789473684210527,33,included,included
dfm_tierB_k1,B,H2,conservative,2022Q4,retail_trade,retail_yoy_log,57,21,36,0.3684210526315789,21,included,included
dfm_tierB_k1,B,H2,conservative,2022Q4,wholesale_trade,wholesale_yoy_log,57,21,36,0.3684210526315789,21,included,included
dfm_tierB_k1,B,H2,conservative,2023Q1,ppi,ppi_mom_log,60,60,0,1.0,35,included,included
dfm_tierB_k1,B,H2,conservative,2023Q1,usd_uzs,usd_uzs_mom_dlog,60,60,0,1.0,60,included,included
dfm_tierB_k1,B,H2,conservative,2023Q1,rub_uzs,rub_uzs_mom_dlog,60,60,0,1.0,60,included,included
dfm_tierB_k1,B,H2,conservative,2023Q1,gold_price,gold_price_mom_dlog,60,60,0,1.0,60,included,included
dfm_tierB_k1,B,H2,conservative,2023Q1,m2,m2_yoy_log,60,60,0,1.0,60,included,included
dfm_tierB_k1,B,H2,conservative,2023Q1,fx_reserves_ex_gold,fx_reserves_exgold_yoy_log,60,60,0,1.0,60,included,included
dfm_tierB_k1,B,H2,conservative,2023Q1,industrial_production,ind_prod_yoy_log,60,36,24,0.6,36,included,included
dfm_tierB_k1,B,H2,conservative,2023Q1,manufacturing,manufacturing_yoy_log,60,36,24,0.6,36,included,included
dfm_tierB_k1,B,H2,conservative,2023Q1,mining,mining_yoy_log,60,36,24,0.6,36,included,included
dfm_tierB_k1,B,H2,conservative,2023Q1,electricity_gas,utilities_yoy_log,60,36,24,0.6,36,included,included
dfm_tierB_k1,B,H2,conservative,2023Q1,retail_trade,retail_yoy_log,60,24,36,0.4,24,included,included
dfm_tierB_k1,B,H2,conservative,2023Q1,wholesale_trade,wholesale_yoy_log,60,24,36,0.4,24,included,included
dfm_tierB_k1,B,H2,conservative,2023Q2,ppi,ppi_mom_log,63,63,0,1.0,36,included,included
dfm_tierB_k1,B,H2,conservative,2023Q2,usd_uzs,usd_uzs_mom_dlog,63,63,0,1.0,63,included,included
dfm_tierB_k1,B,H2,conservative,2023Q2,rub_uzs,rub_uzs_mom_dlog,63,63,0,1.0,63,included,included
dfm_tierB_k1,B,H2,conservative,2023Q2,gold_price,gold_price_mom_dlog,63,63,0,1.0,63,included,included
dfm_tierB_k1,B,H2,conservative,2023Q2,m2,m2_yoy_log,63,63,0,1.0,63,included,included
dfm_tierB_k1,B,H2,conservative,2023Q2,fx_reserves_ex_gold,fx_reserves_exgold_yoy_log,63,63,0,1.0,63,included,included
dfm_tierB_k1,B,H2,conservative,2023Q2,industrial_production,ind_prod_yoy_log,63,39,24,0.6190476190476191,39,included,included
dfm_tierB_k1,B,H2,conservative,2023Q2,manufacturing,manufacturing_yoy_log,63,39,24,0.6190476190476191,39,included,included
dfm_tierB_k1,B,H2,conservative,2023Q2,mining,mining_yoy_log,63,39,24,0.6190476190476191,39,included,included
dfm_tierB_k1,B,H2,conservative,2023Q2,electricity_gas,utilities_yoy_log,63,39,24,0.6190476190476191,39,included,included
dfm_tierB_k1,B,H2,conservative,2023Q2,retail_trade,retail_yoy_log,63,27,36,0.42857142857142855,27,included,included
dfm_tierB_k1,B,H2,conservative,2023Q2,wholesale_trade,wholesale_yoy_log,63,27,36,0.42857142857142855,27,included,included
dfm_tierB_k1,B,H2,conservative,2023Q3,ppi,ppi_mom_log,66,66,0,1.0,36,included,included
dfm_tierB_k1,B,H2,conservative,2023Q3,usd_uzs,usd_uzs_mom_dlog,66,66,0,1.0,66,included,included
dfm_tierB_k1,B,H2,conservative,2023Q3,rub_uzs,rub_uzs_mom_dlog,66,66,0,1.0,66,included,included
dfm_tierB_k1,B,H2,conservative,2023Q3,gold_price,gold_price_mom_dlog,66,66,0,1.0,66,included,included
dfm_tierB_k1,B,H2,conservative,2023Q3,m2,m2_yoy_log,66,66,0,1.0,66,included,included
dfm_tierB_k1,B,H2,conservative,2023Q3,fx_reserves_ex_gold,fx_reserves_exgold_yoy_log,66,66,0,1.0,66,included,included
dfm_tierB_k1,B,H2,conservative,2023Q3,industrial_production,ind_prod_yoy_log,66,42,24,0.6363636363636364,42,included,included
dfm_tierB_k1,B,H2,conservative,2023Q3,manufacturing,manufacturing_yoy_log,66,42,24,0.6363636363636364,42,included,included
dfm_tierB_k1,B,H2,conservative,2023Q3,mining,mining_yoy_log,66,42,24,0.6363636363636364,42,included,included
dfm_tierB_k1,B,H2,conservative,2023Q3,electricity_gas,utilities_yoy_log,66,42,24,0.6363636363636364,42,included,included
dfm_tierB_k1,B,H2,conservative,2023Q3,retail_trade,retail_yoy_log,66,30,36,0.45454545454545453,30,included,included
dfm_tierB_k1,B,H2,conservative,2023Q3,wholesale_trade,wholesale_yoy_log,66,30,36,0.45454545454545453,30,included,included
dfm_tierB_k1,B,H2,conservative,2023Q4,ppi,ppi_mom_log,69,69,0,1.0,36,included,included
dfm_tierB_k1,B,H2,conservative,2023Q4,usd_uzs,usd_uzs_mom_dlog,69,69,0,1.0,69,included,included
dfm_tierB_k1,B,H2,conservative,2023Q4,rub_uzs,rub_uzs_mom_dlog,69,69,0,1.0,69,included,included
dfm_tierB_k1,B,H2,conservative,2023Q4,gold_price,gold_price_mom_dlog,69,69,0,1.0,69,included,included
dfm_tierB_k1,B,H2,conservative,2023Q4,m2,m2_yoy_log,69,69,0,1.0,69,included,included
dfm_tierB_k1,B,H2,conservative,2023Q4,fx_reserves_ex_gold,fx_reserves_exgold_yoy_log,69,69,0,1.0,69,included,included
dfm_tierB_k1,B,H2,conservative,2023Q4,industrial_production,ind_prod_yoy_log,69,45,24,0.6521739130434783,45,included,included
dfm_tierB_k1,B,H2,conservative,2023Q4,manufacturing,manufacturing_yoy_log,69,45,24,0.6521739130434783,45,included,included
dfm_tierB_k1,B,H2,conservative,2023Q4,mining,mining_yoy_log,69,45,24,0.6521739130434783,45,included,included
dfm_tierB_k1,B,H2,conservative,2023Q4,electricity_gas,utilities_yoy_log,69,45,24,0.6521739130434783,45,included,included
dfm_tierB_k1,B,H2,conservative,2023Q4,retail_trade,retail_yoy_log,69,33,36,0.4782608695652174,33,included,included
dfm_tierB_k1,B,H2,conservative,2023Q4,wholesale_trade,wholesale_yoy_log,69,33,36,0.4782608695652174,33,included,included
dfm_tierB_k1,B,H2,conservative,2024Q1,ppi,ppi_mom_log,72,72,0,1.0,37,included,included
dfm_tierB_k1,B,H2,conservative,2024Q1,usd_uzs,usd_uzs_mom_dlog,72,72,0,1.0,72,included,included
dfm_tierB_k1,B,H2,conservative,2024Q1,rub_uzs,rub_uzs_mom_dlog,72,72,0,1.0,72,included,included
dfm_tierB_k1,B,H2,conservative,2024Q1,gold_price,gold_price_mom_dlog,72,72,0,1.0,71,included,included
dfm_tierB_k1,B,H2,conservative,2024Q1,m2,m2_yoy_log,72,72,0,1.0,72,included,included
dfm_tierB_k1,B,H2,conservative,2024Q1,fx_reserves_ex_gold,fx_reserves_exgold_yoy_log,72,72,0,1.0,72,included,included
dfm_tierB_k1,B,H2,conservative,2024Q1,industrial_production,ind_prod_yoy_log,72,48,24,0.6666666666666666,48,included,included
dfm_tierB_k1,B,H2,conservative,2024Q1,manufacturing,manufacturing_yoy_log,72,48,24,0.6666666666666666,48,included,included
dfm_tierB_k1,B,H2,conservative,2024Q1,mining,mining_yoy_log,72,48,24,0.6666666666666666,48,included,included
dfm_tierB_k1,B,H2,conservative,2024Q1,electricity_gas,utilities_yoy_log,72,48,24,0.6666666666666666,48,included,included
dfm_tierB_k1,B,H2,conservative,2024Q1,retail_trade,retail_yoy_log,72,36,36,0.5,36,included,included
dfm_tierB_k1,B,H2,conservative,2024Q1,wholesale_trade,wholesale_yoy_log,72,35,37,0.4861111111111111,35,included,included
dfm_tierB_k1,B,H2,conservative,2024Q2,ppi,ppi_mom_log,75,75,0,1.0,38,included,included
dfm_tierB_k1,B,H2,conservative,2024Q2,usd_uzs,usd_uzs_mom_dlog,75,75,0,1.0,75,included,included
dfm_tierB_k1,B,H2,conservative,2024Q2,rub_uzs,rub_uzs_mom_dlog,75,75,0,1.0,75,included,included
dfm_tierB_k1,B,H2,conservative,2024Q2,gold_price,gold_price_mom_dlog,75,75,0,1.0,74,included,included
dfm_tierB_k1,B,H2,conservative,2024Q2,m2,m2_yoy_log,75,75,0,1.0,75,included,included
dfm_tierB_k1,B,H2,conservative,2024Q2,fx_reserves_ex_gold,fx_reserves_exgold_yoy_log,75,75,0,1.0,75,included,included
dfm_tierB_k1,B,H2,conservative,2024Q2,industrial_production,ind_prod_yoy_log,75,51,24,0.68,51,included,included
dfm_tierB_k1,B,H2,conservative,2024Q2,manufacturing,manufacturing_yoy_log,75,51,24,0.68,51,included,included
dfm_tierB_k1,B,H2,conservative,2024Q2,mining,mining_yoy_log,75,51,24,0.68,51,included,included
dfm_tierB_k1,B,H2,conservative,2024Q2,electricity_gas,utilities_yoy_log,75,51,24,0.68,51,included,included
dfm_tierB_k1,B,H2,conservative,2024Q2,retail_trade,retail_yoy_log,75,39,36,0.52,39,included,included
dfm_tierB_k1,B,H2,conservative,2024Q2,wholesale_trade,wholesale_yoy_log,75,38,37,0.5066666666666667,38,included,included
dfm_tierB_k1,B,H2,conservative,2024Q3,ppi,ppi_mom_log,78,78,0,1.0,38,included,included
dfm_tierB_k1,B,H2,conservative,2024Q3,usd_uzs,usd_uzs_mom_dlog,78,78,0,1.0,78,included,included
dfm_tierB_k1,B,H2,conservative,2024Q3,rub_uzs,rub_uzs_mom_dlog,78,78,0,1.0,78,included,included
dfm_tierB_k1,B,H2,conservative,2024Q3,gold_price,gold_price_mom_dlog,78,78,0,1.0,77,included,included
dfm_tierB_k1,B,H2,conservative,2024Q3,m2,m2_yoy_log,78,78,0,1.0,78,included,included
dfm_tierB_k1,B,H2,conservative,2024Q3,fx_reserves_ex_gold,fx_reserves_exgold_yoy_log,78,78,0,1.0,78,included,included
dfm_tierB_k1,B,H2,conservative,2024Q3,industrial_production,ind_prod_yoy_log,78,54,24,0.6923076923076923,54,included,included
dfm_tierB_k1,B,H2,conservative,2024Q3,manufacturing,manufacturing_yoy_log,78,54,24,0.6923076923076923,54,included,included
dfm_tierB_k1,B,H2,conservative,2024Q3,mining,mining_yoy_log,78,54,24,0.6923076923076923,54,included,included
dfm_tierB_k1,B,H2,conservative,2024Q3,electricity_gas,utilities_yoy_log,78,54,24,0.6923076923076923,54,included,included
dfm_tierB_k1,B,H2,conservative,2024Q3,retail_trade,retail_yoy_log,78,42,36,0.5384615384615384,42,included,included
dfm_tierB_k1,B,H2,conservative,2024Q3,wholesale_trade,wholesale_yoy_log,78,41,37,0.5256410256410257,41,included,included
dfm_tierB_k1,B,H2,conservative,2024Q4,ppi,ppi_mom_log,81,81,0,1.0,38,included,included
dfm_tierB_k1,B,H2,conservative,2024Q4,usd_uzs,usd_uzs_mom_dlog,81,81,0,1.0,81,included,included
dfm_tierB_k1,B,H2,conservative,2024Q4,rub_uzs,rub_uzs_mom_dlog,81,81,0,1.0,81,included,included
dfm_tierB_k1,B,H2,conservative,2024Q4,gold_price,gold_price_mom_dlog,81,81,0,1.0,80,included,included
dfm_tierB_k1,B,H2,conservative,2024Q4,m2,m2_yoy_log,81,81,0,1.0,81,included,included
dfm_tierB_k1,B,H2,conservative,2024Q4,fx_reserves_ex_gold,fx_reserves_exgold_yoy_log,81,81,0,1.0,81,included,included
dfm_tierB_k1,B,H2,conservative,2024Q4,industrial_production,ind_prod_yoy_log,81,57,24,0.7037037037037037,57,included,included
dfm_tierB_k1,B,H2,conservative,2024Q4,manufacturing,manufacturing_yoy_log,81,57,24,0.7037037037037037,57,included,included
dfm_tierB_k1,B,H2,conservative,2024Q4,mining,mining_yoy_log,81,57,24,0.7037037037037037,57,included,included
dfm_tierB_k1,B,H2,conservative,2024Q4,electricity_gas,utilities_yoy_log,81,57,24,0.7037037037037037,57,included,included
dfm_tierB_k1,B,H2,conservative,2024Q4,retail_trade,retail_yoy_log,81,45,36,0.5555555555555556,45,included,included
dfm_tierB_k1,B,H2,conservative,2024Q4,wholesale_trade,wholesale_yoy_log,81,44,37,0.5432098765432098,44,included,included
dfm_tierB_k1,B,H2,conservative,2025Q1,ppi,ppi_mom_log,84,84,0,1.0,38,included,included
dfm_tierB_k1,B,H2,conservative,2025Q1,usd_uzs,usd_uzs_mom_dlog,84,84,0,1.0,84,included,included
dfm_tierB_k1,B,H2,conservative,2025Q1,rub_uzs,rub_uzs_mom_dlog,84,84,0,1.0,84,included,included
dfm_tierB_k1,B,H2,conservative,2025Q1,gold_price,gold_price_mom_dlog,84,84,0,1.0,83,included,included
dfm_tierB_k1,B,H2,conservative,2025Q1,m2,m2_yoy_log,84,84,0,1.0,84,included,included
dfm_tierB_k1,B,H2,conservative,2025Q1,fx_reserves_ex_gold,fx_reserves_exgold_yoy_log,84,84,0,1.0,84,included,included
dfm_tierB_k1,B,H2,conservative,2025Q1,industrial_production,ind_prod_yoy_log,84,60,24,0.7142857142857143,60,included,included
dfm_tierB_k1,B,H2,conservative,2025Q1,manufacturing,manufacturing_yoy_log,84,60,24,0.7142857142857143,60,included,included
dfm_tierB_k1,B,H2,conservative,2025Q1,mining,mining_yoy_log,84,60,24,0.7142857142857143,60,included,included
dfm_tierB_k1,B,H2,conservative,2025Q1,electricity_gas,utilities_yoy_log,84,60,24,0.7142857142857143,60,included,included
dfm_tierB_k1,B,H2,conservative,2025Q1,retail_trade,retail_yoy_log,84,48,36,0.5714285714285714,48,included,included
dfm_tierB_k1,B,H2,conservative,2025Q1,wholesale_trade,wholesale_yoy_log,84,46,38,0.5476190476190477,46,included,included
dfm_tierB_k1,B,H2,conservative,2025Q2,ppi,ppi_mom_log,87,87,0,1.0,38,included,included
dfm_tierB_k1,B,H2,conservative,2025Q2,usd_uzs,usd_uzs_mom_dlog,87,87,0,1.0,87,included,included
dfm_tierB_k1,B,H2,conservative,2025Q2,rub_uzs,rub_uzs_mom_dlog,87,87,0,1.0,87,included,included
dfm_tierB_k1,B,H2,conservative,2025Q2,gold_price,gold_price_mom_dlog,87,87,0,1.0,86,included,included
dfm_tierB_k1,B,H2,conservative,2025Q2,m2,m2_yoy_log,87,87,0,1.0,87,included,included
dfm_tierB_k1,B,H2,conservative,2025Q2,fx_reserves_ex_gold,fx_reserves_exgold_yoy_log,87,87,0,1.0,87,included,included
dfm_tierB_k1,B,H2,conservative,2025Q2,industrial_production,ind_prod_yoy_log,87,63,24,0.7241379310344828,63,included,included
dfm_tierB_k1,B,H2,conservative,2025Q2,manufacturing,manufacturing_yoy_log,87,63,24,0.7241379310344828,63,included,included
dfm_tierB_k1,B,H2,conservative,2025Q2,mining,mining_yoy_log,87,63,24,0.7241379310344828,63,included,included
dfm_tierB_k1,B,H2,conservative,2025Q2,electricity_gas,utilities_yoy_log,87,63,24,0.7241379310344828,63,included,included
dfm_tierB_k1,B,H2,conservative,2025Q2,retail_trade,retail_yoy_log,87,51,36,0.5862068965517241,51,included,included
dfm_tierB_k1,B,H2,conservative,2025Q2,wholesale_trade,wholesale_yoy_log,87,49,38,0.5632183908045977,49,included,included
dfm_tierC_k1,C,H2,conservative,2021Q1,ppi,ppi_mom_log,36,36,0,1.0,26,included,included
dfm_tierC_k1,C,H2,conservative,2021Q1,usd_uzs,usd_uzs_mom_dlog,36,36,0,1.0,36,included,included
dfm_tierC_k1,C,H2,conservative,2021Q1,rub_uzs,rub_uzs_mom_dlog,36,36,0,1.0,36,included,included
dfm_tierC_k1,C,H2,conservative,2021Q1,gold_price,gold_price_mom_dlog,36,36,0,1.0,36,included,included
dfm_tierC_k1,C,H2,conservative,2021Q1,m2,m2_yoy_log,36,36,0,1.0,36,included,included
dfm_tierC_k1,C,H2,conservative,2021Q1,fx_reserves_ex_gold,fx_reserves_exgold_yoy_log,36,36,0,1.0,36,included,included
dfm_tierC_k1,C,H2,conservative,2021Q1,industrial_production,ind_prod_yoy_log,36,12,24,0.3333333333333333,12,included,included
dfm_tierC_k1,C,H2,conservative,2021Q1,manufacturing,manufacturing_yoy_log,36,12,24,0.3333333333333333,12,included,included
dfm_tierC_k1,C,H2,conservative,2021Q1,mining,mining_yoy_log,36,12,24,0.3333333333333333,12,included,included
dfm_tierC_k1,C,H2,conservative,2021Q1,electricity_gas,utilities_yoy_log,36,12,24,0.3333333333333333,12,included,included
dfm_tierC_k1,C,H2,conservative,2021Q1,retail_trade,retail_yoy_log,36,0,36,0.0,0,excluded,insufficient_in_window_coverage
dfm_tierC_k1,C,H2,conservative,2021Q1,wholesale_trade,wholesale_yoy_log,36,0,36,0.0,0,excluded,insufficient_in_window_coverage
dfm_tierC_k1,C,H2,conservative,2021Q1,construction,construction_yoy_log,36,0,36,0.0,0,excluded,insufficient_in_window_coverage
dfm_tierC_k1,C,H2,conservative,2021Q1,cpi_headline,cpi_headline_mom_log,36,0,36,0.0,0,excluded,insufficient_in_window_coverage
dfm_tierC_k1,C,H2,conservative,2021Q1,cpi_food,cpi_food_mom_log,36,0,36,0.0,0,excluded,insufficient_in_window_coverage
dfm_tierC_k1,C,H2,conservative,2021Q1,cpi_services,cpi_services_mom_log,36,0,36,0.0,0,excluded,insufficient_in_window_coverage
dfm_tierC_k1,C,H2,conservative,2021Q1,exports_total,exports_total_yoy_log,36,0,36,0.0,0,excluded,insufficient_in_window_coverage
dfm_tierC_k1,C,H2,conservative,2021Q1,exports_non_gold,exports_non_gold_yoy_log,36,0,36,0.0,0,excluded,insufficient_in_window_coverage
dfm_tierC_k1,C,H2,conservative,2021Q1,imports_total,imports_total_yoy_log,36,0,36,0.0,0,excluded,insufficient_in_window_coverage
dfm_tierC_k1,C,H2,conservative,2021Q1,gold_exports_proxy,gold_exports_proxy_usd_m,36,0,36,0.0,0,excluded,insufficient_in_window_coverage
dfm_tierC_k1,C,H2,conservative,2021Q2,ppi,ppi_mom_log,39,39,0,1.0,26,included,included
dfm_tierC_k1,C,H2,conservative,2021Q2,usd_uzs,usd_uzs_mom_dlog,39,39,0,1.0,39,included,included
dfm_tierC_k1,C,H2,conservative,2021Q2,rub_uzs,rub_uzs_mom_dlog,39,39,0,1.0,39,included,included
dfm_tierC_k1,C,H2,conservative,2021Q2,gold_price,gold_price_mom_dlog,39,39,0,1.0,39,included,included
dfm_tierC_k1,C,H2,conservative,2021Q2,m2,m2_yoy_log,39,39,0,1.0,39,included,included
dfm_tierC_k1,C,H2,conservative,2021Q2,fx_reserves_ex_gold,fx_reserves_exgold_yoy_log,39,39,0,1.0,39,included,included
dfm_tierC_k1,C,H2,conservative,2021Q2,industrial_production,ind_prod_yoy_log,39,15,24,0.38461538461538464,15,included,included
dfm_tierC_k1,C,H2,conservative,2021Q2,manufacturing,manufacturing_yoy_log,39,15,24,0.38461538461538464,15,included,included
dfm_tierC_k1,C,H2,conservative,2021Q2,mining,mining_yoy_log,39,15,24,0.38461538461538464,15,included,included
dfm_tierC_k1,C,H2,conservative,2021Q2,electricity_gas,utilities_yoy_log,39,15,24,0.38461538461538464,15,included,included
dfm_tierC_k1,C,H2,conservative,2021Q2,retail_trade,retail_yoy_log,39,3,36,0.07692307692307693,3,excluded,insufficient_in_window_coverage
dfm_tierC_k1,C,H2,conservative,2021Q2,wholesale_trade,wholesale_yoy_log,39,3,36,0.07692307692307693,3,excluded,insufficient_in_window_coverage
dfm_tierC_k1,C,H2,conservative,2021Q2,construction,construction_yoy_log,39,0,39,0.0,0,excluded,insufficient_in_window_coverage
dfm_tierC_k1,C,H2,conservative,2021Q2,cpi_headline,cpi_headline_mom_log,39,3,36,0.07692307692307693,3,excluded,insufficient_in_window_coverage
dfm_tierC_k1,C,H2,conservative,2021Q2,cpi_food,cpi_food_mom_log,39,3,36,0.07692307692307693,3,excluded,insufficient_in_window_coverage
dfm_tierC_k1,C,H2,conservative,2021Q2,cpi_services,cpi_services_mom_log,39,3,36,0.07692307692307693,3,excluded,insufficient_in_window_coverage
dfm_tierC_k1,C,H2,conservative,2021Q2,exports_total,exports_total_yoy_log,39,0,39,0.0,0,excluded,insufficient_in_window_coverage
dfm_tierC_k1,C,H2,conservative,2021Q2,exports_non_gold,exports_non_gold_yoy_log,39,0,39,0.0,0,excluded,insufficient_in_window_coverage
dfm_tierC_k1,C,H2,conservative,2021Q2,imports_total,imports_total_yoy_log,39,0,39,0.0,0,excluded,insufficient_in_window_coverage
dfm_tierC_k1,C,H2,conservative,2021Q2,gold_exports_proxy,gold_exports_proxy_usd_m,39,3,36,0.07692307692307693,3,excluded,insufficient_in_window_coverage
dfm_tierC_k1,C,H2,conservative,2021Q3,ppi,ppi_mom_log,42,42,0,1.0,27,included,included
dfm_tierC_k1,C,H2,conservative,2021Q3,usd_uzs,usd_uzs_mom_dlog,42,42,0,1.0,42,included,included
dfm_tierC_k1,C,H2,conservative,2021Q3,rub_uzs,rub_uzs_mom_dlog,42,42,0,1.0,42,included,included
dfm_tierC_k1,C,H2,conservative,2021Q3,gold_price,gold_price_mom_dlog,42,42,0,1.0,42,included,included
dfm_tierC_k1,C,H2,conservative,2021Q3,m2,m2_yoy_log,42,42,0,1.0,42,included,included
dfm_tierC_k1,C,H2,conservative,2021Q3,fx_reserves_ex_gold,fx_reserves_exgold_yoy_log,42,42,0,1.0,42,included,included
dfm_tierC_k1,C,H2,conservative,2021Q3,industrial_production,ind_prod_yoy_log,42,18,24,0.42857142857142855,18,included,included
dfm_tierC_k1,C,H2,conservative,2021Q3,manufacturing,manufacturing_yoy_log,42,18,24,0.42857142857142855,18,included,included
dfm_tierC_k1,C,H2,conservative,2021Q3,mining,mining_yoy_log,42,18,24,0.42857142857142855,18,included,included
dfm_tierC_k1,C,H2,conservative,2021Q3,electricity_gas,utilities_yoy_log,42,18,24,0.42857142857142855,18,included,included
dfm_tierC_k1,C,H2,conservative,2021Q3,retail_trade,retail_yoy_log,42,6,36,0.14285714285714285,6,excluded,insufficient_in_window_coverage
dfm_tierC_k1,C,H2,conservative,2021Q3,wholesale_trade,wholesale_yoy_log,42,6,36,0.14285714285714285,6,excluded,insufficient_in_window_coverage
dfm_tierC_k1,C,H2,conservative,2021Q3,construction,construction_yoy_log,42,0,42,0.0,0,excluded,insufficient_in_window_coverage
dfm_tierC_k1,C,H2,conservative,2021Q3,cpi_headline,cpi_headline_mom_log,42,6,36,0.14285714285714285,6,excluded,insufficient_in_window_coverage
dfm_tierC_k1,C,H2,conservative,2021Q3,cpi_food,cpi_food_mom_log,42,6,36,0.14285714285714285,6,excluded,insufficient_in_window_coverage
dfm_tierC_k1,C,H2,conservative,2021Q3,cpi_services,cpi_services_mom_log,42,6,36,0.14285714285714285,6,excluded,insufficient_in_window_coverage
dfm_tierC_k1,C,H2,conservative,2021Q3,exports_total,exports_total_yoy_log,42,0,42,0.0,0,excluded,insufficient_in_window_coverage
dfm_tierC_k1,C,H2,conservative,2021Q3,exports_non_gold,exports_non_gold_yoy_log,42,0,42,0.0,0,excluded,insufficient_in_window_coverage
dfm_tierC_k1,C,H2,conservative,2021Q3,imports_total,imports_total_yoy_log,42,0,42,0.0,0,excluded,insufficient_in_window_coverage
dfm_tierC_k1,C,H2,conservative,2021Q3,gold_exports_proxy,gold_exports_proxy_usd_m,42,6,36,0.14285714285714285,6,excluded,insufficient_in_window_coverage
dfm_tierC_k1,C,H2,conservative,2021Q4,ppi,ppi_mom_log,45,45,0,1.0,29,included,included
dfm_tierC_k1,C,H2,conservative,2021Q4,usd_uzs,usd_uzs_mom_dlog,45,45,0,1.0,45,included,included
dfm_tierC_k1,C,H2,conservative,2021Q4,rub_uzs,rub_uzs_mom_dlog,45,45,0,1.0,45,included,included
dfm_tierC_k1,C,H2,conservative,2021Q4,gold_price,gold_price_mom_dlog,45,45,0,1.0,45,included,included
dfm_tierC_k1,C,H2,conservative,2021Q4,m2,m2_yoy_log,45,45,0,1.0,45,included,included
dfm_tierC_k1,C,H2,conservative,2021Q4,fx_reserves_ex_gold,fx_reserves_exgold_yoy_log,45,45,0,1.0,45,included,included
dfm_tierC_k1,C,H2,conservative,2021Q4,industrial_production,ind_prod_yoy_log,45,21,24,0.4666666666666667,21,included,included
dfm_tierC_k1,C,H2,conservative,2021Q4,manufacturing,manufacturing_yoy_log,45,21,24,0.4666666666666667,21,included,included
dfm_tierC_k1,C,H2,conservative,2021Q4,mining,mining_yoy_log,45,21,24,0.4666666666666667,21,included,included
dfm_tierC_k1,C,H2,conservative,2021Q4,electricity_gas,utilities_yoy_log,45,21,24,0.4666666666666667,21,included,included
dfm_tierC_k1,C,H2,conservative,2021Q4,retail_trade,retail_yoy_log,45,9,36,0.2,9,excluded,insufficient_in_window_coverage
dfm_tierC_k1,C,H2,conservative,2021Q4,wholesale_trade,wholesale_yoy_log,45,9,36,0.2,9,excluded,insufficient_in_window_coverage
dfm_tierC_k1,C,H2,conservative,2021Q4,construction,construction_yoy_log,45,0,45,0.0,0,excluded,insufficient_in_window_coverage
dfm_tierC_k1,C,H2,conservative,2021Q4,cpi_headline,cpi_headline_mom_log,45,9,36,0.2,9,excluded,insufficient_in_window_coverage
dfm_tierC_k1,C,H2,conservative,2021Q4,cpi_food,cpi_food_mom_log,45,9,36,0.2,9,excluded,insufficient_in_window_coverage
dfm_tierC_k1,C,H2,conservative,2021Q4,cpi_services,cpi_services_mom_log,45,9,36,0.2,9,excluded,insufficient_in_window_coverage
dfm_tierC_k1,C,H2,conservative,2021Q4,exports_total,exports_total_yoy_log,45,0,45,0.0,0,excluded,insufficient_in_window_coverage
dfm_tierC_k1,C,H2,conservative,2021Q4,exports_non_gold,exports_non_gold_yoy_log,45,0,45,0.0,0,excluded,insufficient_in_window_coverage
dfm_tierC_k1,C,H2,conservative,2021Q4,imports_total,imports_total_yoy_log,45,0,45,0.0,0,excluded,insufficient_in_window_coverage
dfm_tierC_k1,C,H2,conservative,2021Q4,gold_exports_proxy,gold_exports_proxy_usd_m,45,9,36,0.2,9,excluded,insufficient_in_window_coverage
dfm_tierC_k1,C,H2,conservative,2022Q1,ppi,ppi_mom_log,48,48,0,1.0,31,included,included
dfm_tierC_k1,C,H2,conservative,2022Q1,usd_uzs,usd_uzs_mom_dlog,48,48,0,1.0,48,included,included
dfm_tierC_k1,C,H2,conservative,2022Q1,rub_uzs,rub_uzs_mom_dlog,48,48,0,1.0,48,included,included
dfm_tierC_k1,C,H2,conservative,2022Q1,gold_price,gold_price_mom_dlog,48,48,0,1.0,48,included,included
dfm_tierC_k1,C,H2,conservative,2022Q1,m2,m2_yoy_log,48,48,0,1.0,48,included,included
dfm_tierC_k1,C,H2,conservative,2022Q1,fx_reserves_ex_gold,fx_reserves_exgold_yoy_log,48,48,0,1.0,48,included,included
dfm_tierC_k1,C,H2,conservative,2022Q1,industrial_production,ind_prod_yoy_log,48,24,24,0.5,24,included,included
dfm_tierC_k1,C,H2,conservative,2022Q1,manufacturing,manufacturing_yoy_log,48,24,24,0.5,24,included,included
dfm_tierC_k1,C,H2,conservative,2022Q1,mining,mining_yoy_log,48,24,24,0.5,24,included,included
dfm_tierC_k1,C,H2,conservative,2022Q1,electricity_gas,utilities_yoy_log,48,24,24,0.5,24,included,included
dfm_tierC_k1,C,H2,conservative,2022Q1,retail_trade,retail_yoy_log,48,12,36,0.25,12,included,included
dfm_tierC_k1,C,H2,conservative,2022Q1,wholesale_trade,wholesale_yoy_log,48,12,36,0.25,12,included,included
dfm_tierC_k1,C,H2,conservative,2022Q1,construction,construction_yoy_log,48,0,48,0.0,0,excluded,insufficient_in_window_coverage
dfm_tierC_k1,C,H2,conservative,2022Q1,cpi_headline,cpi_headline_mom_log,48,12,36,0.25,12,included,included
dfm_tierC_k1,C,H2,conservative,2022Q1,cpi_food,cpi_food_mom_log,48,12,36,0.25,12,included,included
dfm_tierC_k1,C,H2,conservative,2022Q1,cpi_services,cpi_services_mom_log,48,12,36,0.25,11,included,included
dfm_tierC_k1,C,H2,conservative,2022Q1,exports_total,exports_total_yoy_log,48,0,48,0.0,0,excluded,insufficient_in_window_coverage
dfm_tierC_k1,C,H2,conservative,2022Q1,exports_non_gold,exports_non_gold_yoy_log,48,0,48,0.0,0,excluded,insufficient_in_window_coverage
dfm_tierC_k1,C,H2,conservative,2022Q1,imports_total,imports_total_yoy_log,48,0,48,0.0,0,excluded,insufficient_in_window_coverage
dfm_tierC_k1,C,H2,conservative,2022Q1,gold_exports_proxy,gold_exports_proxy_usd_m,48,12,36,0.25,12,included,included
dfm_tierC_k1,C,H2,conservative,2022Q2,ppi,ppi_mom_log,51,51,0,1.0,32,included,included
dfm_tierC_k1,C,H2,conservative,2022Q2,usd_uzs,usd_uzs_mom_dlog,51,51,0,1.0,51,included,included
dfm_tierC_k1,C,H2,conservative,2022Q2,rub_uzs,rub_uzs_mom_dlog,51,51,0,1.0,51,included,included
dfm_tierC_k1,C,H2,conservative,2022Q2,gold_price,gold_price_mom_dlog,51,51,0,1.0,51,included,included
dfm_tierC_k1,C,H2,conservative,2022Q2,m2,m2_yoy_log,51,51,0,1.0,51,included,included
dfm_tierC_k1,C,H2,conservative,2022Q2,fx_reserves_ex_gold,fx_reserves_exgold_yoy_log,51,51,0,1.0,51,included,included
dfm_tierC_k1,C,H2,conservative,2022Q2,industrial_production,ind_prod_yoy_log,51,27,24,0.5294117647058824,27,included,included
dfm_tierC_k1,C,H2,conservative,2022Q2,manufacturing,manufacturing_yoy_log,51,27,24,0.5294117647058824,27,included,included
dfm_tierC_k1,C,H2,conservative,2022Q2,mining,mining_yoy_log,51,27,24,0.5294117647058824,27,included,included
dfm_tierC_k1,C,H2,conservative,2022Q2,electricity_gas,utilities_yoy_log,51,27,24,0.5294117647058824,27,included,included
dfm_tierC_k1,C,H2,conservative,2022Q2,retail_trade,retail_yoy_log,51,15,36,0.29411764705882354,15,included,included
dfm_tierC_k1,C,H2,conservative,2022Q2,wholesale_trade,wholesale_yoy_log,51,15,36,0.29411764705882354,15,included,included
dfm_tierC_k1,C,H2,conservative,2022Q2,construction,construction_yoy_log,51,3,48,0.058823529411764705,3,excluded,insufficient_in_window_coverage
dfm_tierC_k1,C,H2,conservative,2022Q2,cpi_headline,cpi_headline_mom_log,51,15,36,0.29411764705882354,14,included,included
dfm_tierC_k1,C,H2,conservative,2022Q2,cpi_food,cpi_food_mom_log,51,15,36,0.29411764705882354,14,included,included
dfm_tierC_k1,C,H2,conservative,2022Q2,cpi_services,cpi_services_mom_log,51,15,36,0.29411764705882354,14,included,included
dfm_tierC_k1,C,H2,conservative,2022Q2,exports_total,exports_total_yoy_log,51,3,48,0.058823529411764705,3,excluded,insufficient_in_window_coverage
dfm_tierC_k1,C,H2,conservative,2022Q2,exports_non_gold,exports_non_gold_yoy_log,51,3,48,0.058823529411764705,3,excluded,insufficient_in_window_coverage
dfm_tierC_k1,C,H2,conservative,2022Q2,imports_total,imports_total_yoy_log,51,3,48,0.058823529411764705,3,excluded,insufficient_in_window_coverage
dfm_tierC_k1,C,H2,conservative,2022Q2,gold_exports_proxy,gold_exports_proxy_usd_m,51,15,36,0.29411764705882354,15,included,included
dfm_tierC_k1,C,H2,conservative,2022Q3,ppi,ppi_mom_log,54,54,0,1.0,33,included,included
dfm_tierC_k1,C,H2,conservative,2022Q3,usd_uzs,usd_uzs_mom_dlog,54,54,0,1.0,54,included,included
dfm_tierC_k1,C,H2,conservative,2022Q3,rub_uzs,rub_uzs_mom_dlog,54,54,0,1.0,54,included,included
dfm_tierC_k1,C,H2,conservative,2022Q3,gold_price,gold_price_mom_dlog,54,54,0,1.0,54,included,included
dfm_tierC_k1,C,H2,conservative,2022Q3,m2,m2_yoy_log,54,54,0,1.0,54,included,included
dfm_tierC_k1,C,H2,conservative,2022Q3,fx_reserves_ex_gold,fx_reserves_exgold_yoy_log,54,54,0,1.0,54,included,included
dfm_tierC_k1,C,H2,conservative,2022Q3,industrial_production,ind_prod_yoy_log,54,30,24,0.5555555555555556,30,included,included
dfm_tierC_k1,C,H2,conservative,2022Q3,manufacturing,manufacturing_yoy_log,54,30,24,0.5555555555555556,30,included,included
dfm_tierC_k1,C,H2,conservative,2022Q3,mining,mining_yoy_log,54,30,24,0.5555555555555556,30,included,included
dfm_tierC_k1,C,H2,conservative,2022Q3,electricity_gas,utilities_yoy_log,54,30,24,0.5555555555555556,30,included,included
dfm_tierC_k1,C,H2,conservative,2022Q3,retail_trade,retail_yoy_log,54,18,36,0.3333333333333333,18,included,included
dfm_tierC_k1,C,H2,conservative,2022Q3,wholesale_trade,wholesale_yoy_log,54,18,36,0.3333333333333333,18,included,included
dfm_tierC_k1,C,H2,conservative,2022Q3,construction,construction_yoy_log,54,6,48,0.1111111111111111,6,excluded,insufficient_in_window_coverage
dfm_tierC_k1,C,H2,conservative,2022Q3,cpi_headline,cpi_headline_mom_log,54,18,36,0.3333333333333333,17,included,included
dfm_tierC_k1,C,H2,conservative,2022Q3,cpi_food,cpi_food_mom_log,54,18,36,0.3333333333333333,17,included,included
dfm_tierC_k1,C,H2,conservative,2022Q3,cpi_services,cpi_services_mom_log,54,18,36,0.3333333333333333,16,included,included
dfm_tierC_k1,C,H2,conservative,2022Q3,exports_total,exports_total_yoy_log,54,6,48,0.1111111111111111,6,excluded,insufficient_in_window_coverage
dfm_tierC_k1,C,H2,conservative,2022Q3,exports_non_gold,exports_non_gold_yoy_log,54,6,48,0.1111111111111111,6,excluded,insufficient_in_window_coverage
dfm_tierC_k1,C,H2,conservative,2022Q3,imports_total,imports_total_yoy_log,54,6,48,0.1111111111111111,6,excluded,insufficient_in_window_coverage
dfm_tierC_k1,C,H2,conservative,2022Q3,gold_exports_proxy,gold_exports_proxy_usd_m,54,18,36,0.3333333333333333,18,included,included
dfm_tierC_k1,C,H2,conservative,2022Q4,ppi,ppi_mom_log,57,57,0,1.0,35,included,included
dfm_tierC_k1,C,H2,conservative,2022Q4,usd_uzs,usd_uzs_mom_dlog,57,57,0,1.0,57,included,included
dfm_tierC_k1,C,H2,conservative,2022Q4,rub_uzs,rub_uzs_mom_dlog,57,57,0,1.0,57,included,included
dfm_tierC_k1,C,H2,conservative,2022Q4,gold_price,gold_price_mom_dlog,57,57,0,1.0,57,included,included
dfm_tierC_k1,C,H2,conservative,2022Q4,m2,m2_yoy_log,57,57,0,1.0,57,included,included
dfm_tierC_k1,C,H2,conservative,2022Q4,fx_reserves_ex_gold,fx_reserves_exgold_yoy_log,57,57,0,1.0,57,included,included
dfm_tierC_k1,C,H2,conservative,2022Q4,industrial_production,ind_prod_yoy_log,57,33,24,0.5789473684210527,33,included,included
dfm_tierC_k1,C,H2,conservative,2022Q4,manufacturing,manufacturing_yoy_log,57,33,24,0.5789473684210527,33,included,included
dfm_tierC_k1,C,H2,conservative,2022Q4,mining,mining_yoy_log,57,33,24,0.5789473684210527,33,included,included
dfm_tierC_k1,C,H2,conservative,2022Q4,electricity_gas,utilities_yoy_log,57,33,24,0.5789473684210527,33,included,included
dfm_tierC_k1,C,H2,conservative,2022Q4,retail_trade,retail_yoy_log,57,21,36,0.3684210526315789,21,included,included
dfm_tierC_k1,C,H2,conservative,2022Q4,wholesale_trade,wholesale_yoy_log,57,21,36,0.3684210526315789,21,included,included
dfm_tierC_k1,C,H2,conservative,2022Q4,construction,construction_yoy_log,57,9,48,0.15789473684210525,9,excluded,insufficient_in_window_coverage
dfm_tierC_k1,C,H2,conservative,2022Q4,cpi_headline,cpi_headline_mom_log,57,21,36,0.3684210526315789,19,included,included
dfm_tierC_k1,C,H2,conservative,2022Q4,cpi_food,cpi_food_mom_log,57,21,36,0.3684210526315789,20,included,included
dfm_tierC_k1,C,H2,conservative,2022Q4,cpi_services,cpi_services_mom_log,57,21,36,0.3684210526315789,18,included,included
dfm_tierC_k1,C,H2,conservative,2022Q4,exports_total,exports_total_yoy_log,57,9,48,0.15789473684210525,9,excluded,insufficient_in_window_coverage
dfm_tierC_k1,C,H2,conservative,2022Q4,exports_non_gold,exports_non_gold_yoy_log,57,9,48,0.15789473684210525,9,excluded,insufficient_in_window_coverage
dfm_tierC_k1,C,H2,conservative,2022Q4,imports_total,imports_total_yoy_log,57,9,48,0.15789473684210525,9,excluded,insufficient_in_window_coverage
dfm_tierC_k1,C,H2,conservative,2022Q4,gold_exports_proxy,gold_exports_proxy_usd_m,57,21,36,0.3684210526315789,21,included,included
dfm_tierC_k1,C,H2,conservative,2023Q1,ppi,ppi_mom_log,60,60,0,1.0,35,included,included
dfm_tierC_k1,C,H2,conservative,2023Q1,usd_uzs,usd_uzs_mom_dlog,60,60,0,1.0,60,included,included
dfm_tierC_k1,C,H2,conservative,2023Q1,rub_uzs,rub_uzs_mom_dlog,60,60,0,1.0,60,included,included
dfm_tierC_k1,C,H2,conservative,2023Q1,gold_price,gold_price_mom_dlog,60,60,0,1.0,60,included,included
dfm_tierC_k1,C,H2,conservative,2023Q1,m2,m2_yoy_log,60,60,0,1.0,60,included,included
dfm_tierC_k1,C,H2,conservative,2023Q1,fx_reserves_ex_gold,fx_reserves_exgold_yoy_log,60,60,0,1.0,60,included,included
dfm_tierC_k1,C,H2,conservative,2023Q1,industrial_production,ind_prod_yoy_log,60,36,24,0.6,36,included,included
dfm_tierC_k1,C,H2,conservative,2023Q1,manufacturing,manufacturing_yoy_log,60,36,24,0.6,36,included,included
dfm_tierC_k1,C,H2,conservative,2023Q1,mining,mining_yoy_log,60,36,24,0.6,36,included,included
dfm_tierC_k1,C,H2,conservative,2023Q1,electricity_gas,utilities_yoy_log,60,36,24,0.6,36,included,included
dfm_tierC_k1,C,H2,conservative,2023Q1,retail_trade,retail_yoy_log,60,24,36,0.4,24,included,included
dfm_tierC_k1,C,H2,conservative,2023Q1,wholesale_trade,wholesale_yoy_log,60,24,36,0.4,24,included,included
dfm_tierC_k1,C,H2,conservative,2023Q1,construction,construction_yoy_log,60,12,48,0.2,12,included,included
dfm_tierC_k1,C,H2,conservative,2023Q1,cpi_headline,cpi_headline_mom_log,60,24,36,0.4,22,included,included
dfm_tierC_k1,C,H2,conservative,2023Q1,cpi_food,cpi_food_mom_log,60,24,36,0.4,23,included,included
dfm_tierC_k1,C,H2,conservative,2023Q1,cpi_services,cpi_services_mom_log,60,24,36,0.4,21,included,included
dfm_tierC_k1,C,H2,conservative,2023Q1,exports_total,exports_total_yoy_log,60,12,48,0.2,12,included,included
dfm_tierC_k1,C,H2,conservative,2023Q1,exports_non_gold,exports_non_gold_yoy_log,60,12,48,0.2,12,included,included
dfm_tierC_k1,C,H2,conservative,2023Q1,imports_total,imports_total_yoy_log,60,12,48,0.2,12,included,included
dfm_tierC_k1,C,H2,conservative,2023Q1,gold_exports_proxy,gold_exports_proxy_usd_m,60,24,36,0.4,24,included,included
dfm_tierC_k1,C,H2,conservative,2023Q2,ppi,ppi_mom_log,63,63,0,1.0,36,included,included
dfm_tierC_k1,C,H2,conservative,2023Q2,usd_uzs,usd_uzs_mom_dlog,63,63,0,1.0,63,included,included
dfm_tierC_k1,C,H2,conservative,2023Q2,rub_uzs,rub_uzs_mom_dlog,63,63,0,1.0,63,included,included
dfm_tierC_k1,C,H2,conservative,2023Q2,gold_price,gold_price_mom_dlog,63,63,0,1.0,63,included,included
dfm_tierC_k1,C,H2,conservative,2023Q2,m2,m2_yoy_log,63,63,0,1.0,63,included,included
dfm_tierC_k1,C,H2,conservative,2023Q2,fx_reserves_ex_gold,fx_reserves_exgold_yoy_log,63,63,0,1.0,63,included,included
dfm_tierC_k1,C,H2,conservative,2023Q2,industrial_production,ind_prod_yoy_log,63,39,24,0.6190476190476191,39,included,included
dfm_tierC_k1,C,H2,conservative,2023Q2,manufacturing,manufacturing_yoy_log,63,39,24,0.6190476190476191,39,included,included
dfm_tierC_k1,C,H2,conservative,2023Q2,mining,mining_yoy_log,63,39,24,0.6190476190476191,39,included,included
dfm_tierC_k1,C,H2,conservative,2023Q2,electricity_gas,utilities_yoy_log,63,39,24,0.6190476190476191,39,included,included
dfm_tierC_k1,C,H2,conservative,2023Q2,retail_trade,retail_yoy_log,63,27,36,0.42857142857142855,27,included,included
dfm_tierC_k1,C,H2,conservative,2023Q2,wholesale_trade,wholesale_yoy_log,63,27,36,0.42857142857142855,27,included,included
dfm_tierC_k1,C,H2,conservative,2023Q2,construction,construction_yoy_log,63,15,48,0.23809523809523808,15,included,included
dfm_tierC_k1,C,H2,conservative,2023Q2,cpi_headline,cpi_headline_mom_log,63,27,36,0.42857142857142855,24,included,included
dfm_tierC_k1,C,H2,conservative,2023Q2,cpi_food,cpi_food_mom_log,63,27,36,0.42857142857142855,26,included,included
dfm_tierC_k1,C,H2,conservative,2023Q2,cpi_services,cpi_services_mom_log,63,27,36,0.42857142857142855,23,included,included
dfm_tierC_k1,C,H2,conservative,2023Q2,exports_total,exports_total_yoy_log,63,15,48,0.23809523809523808,15,included,included
dfm_tierC_k1,C,H2,conservative,2023Q2,exports_non_gold,exports_non_gold_yoy_log,63,15,48,0.23809523809523808,15,included,included
dfm_tierC_k1,C,H2,conservative,2023Q2,imports_total,imports_total_yoy_log,63,15,48,0.23809523809523808,15,included,included
dfm_tierC_k1,C,H2,conservative,2023Q2,gold_exports_proxy,gold_exports_proxy_usd_m,63,27,36,0.42857142857142855,27,included,included
dfm_tierC_k1,C,H2,conservative,2023Q3,ppi,ppi_mom_log,66,66,0,1.0,36,included,included
dfm_tierC_k1,C,H2,conservative,2023Q3,usd_uzs,usd_uzs_mom_dlog,66,66,0,1.0,66,included,included
dfm_tierC_k1,C,H2,conservative,2023Q3,rub_uzs,rub_uzs_mom_dlog,66,66,0,1.0,66,included,included
dfm_tierC_k1,C,H2,conservative,2023Q3,gold_price,gold_price_mom_dlog,66,66,0,1.0,66,included,included
dfm_tierC_k1,C,H2,conservative,2023Q3,m2,m2_yoy_log,66,66,0,1.0,66,included,included
dfm_tierC_k1,C,H2,conservative,2023Q3,fx_reserves_ex_gold,fx_reserves_exgold_yoy_log,66,66,0,1.0,66,included,included
dfm_tierC_k1,C,H2,conservative,2023Q3,industrial_production,ind_prod_yoy_log,66,42,24,0.6363636363636364,42,included,included
dfm_tierC_k1,C,H2,conservative,2023Q3,manufacturing,manufacturing_yoy_log,66,42,24,0.6363636363636364,42,included,included
dfm_tierC_k1,C,H2,conservative,2023Q3,mining,mining_yoy_log,66,42,24,0.6363636363636364,42,included,included
dfm_tierC_k1,C,H2,conservative,2023Q3,electricity_gas,utilities_yoy_log,66,42,24,0.6363636363636364,42,included,included
dfm_tierC_k1,C,H2,conservative,2023Q3,retail_trade,retail_yoy_log,66,30,36,0.45454545454545453,30,included,included
dfm_tierC_k1,C,H2,conservative,2023Q3,wholesale_trade,wholesale_yoy_log,66,30,36,0.45454545454545453,30,included,included
dfm_tierC_k1,C,H2,conservative,2023Q3,construction,construction_yoy_log,66,18,48,0.2727272727272727,18,included,included
dfm_tierC_k1,C,H2,conservative,2023Q3,cpi_headline,cpi_headline_mom_log,66,30,36,0.45454545454545453,27,included,included
dfm_tierC_k1,C,H2,conservative,2023Q3,cpi_food,cpi_food_mom_log,66,30,36,0.45454545454545453,28,included,included
dfm_tierC_k1,C,H2,conservative,2023Q3,cpi_services,cpi_services_mom_log,66,30,36,0.45454545454545453,25,included,included
dfm_tierC_k1,C,H2,conservative,2023Q3,exports_total,exports_total_yoy_log,66,18,48,0.2727272727272727,18,included,included
dfm_tierC_k1,C,H2,conservative,2023Q3,exports_non_gold,exports_non_gold_yoy_log,66,18,48,0.2727272727272727,18,included,included
dfm_tierC_k1,C,H2,conservative,2023Q3,imports_total,imports_total_yoy_log,66,18,48,0.2727272727272727,18,included,included
dfm_tierC_k1,C,H2,conservative,2023Q3,gold_exports_proxy,gold_exports_proxy_usd_m,66,30,36,0.45454545454545453,30,included,included
dfm_tierC_k1,C,H2,conservative,2023Q4,ppi,ppi_mom_log,69,69,0,1.0,36,included,included
dfm_tierC_k1,C,H2,conservative,2023Q4,usd_uzs,usd_uzs_mom_dlog,69,69,0,1.0,69,included,included
dfm_tierC_k1,C,H2,conservative,2023Q4,rub_uzs,rub_uzs_mom_dlog,69,69,0,1.0,69,included,included
dfm_tierC_k1,C,H2,conservative,2023Q4,gold_price,gold_price_mom_dlog,69,69,0,1.0,69,included,included
dfm_tierC_k1,C,H2,conservative,2023Q4,m2,m2_yoy_log,69,69,0,1.0,69,included,included
dfm_tierC_k1,C,H2,conservative,2023Q4,fx_reserves_ex_gold,fx_reserves_exgold_yoy_log,69,69,0,1.0,69,included,included
dfm_tierC_k1,C,H2,conservative,2023Q4,industrial_production,ind_prod_yoy_log,69,45,24,0.6521739130434783,45,included,included
dfm_tierC_k1,C,H2,conservative,2023Q4,manufacturing,manufacturing_yoy_log,69,45,24,0.6521739130434783,45,included,included
dfm_tierC_k1,C,H2,conservative,2023Q4,mining,mining_yoy_log,69,45,24,0.6521739130434783,45,included,included
dfm_tierC_k1,C,H2,conservative,2023Q4,electricity_gas,utilities_yoy_log,69,45,24,0.6521739130434783,45,included,included
dfm_tierC_k1,C,H2,conservative,2023Q4,retail_trade,retail_yoy_log,69,33,36,0.4782608695652174,33,included,included
dfm_tierC_k1,C,H2,conservative,2023Q4,wholesale_trade,wholesale_yoy_log,69,33,36,0.4782608695652174,33,included,included
dfm_tierC_k1,C,H2,conservative,2023Q4,construction,construction_yoy_log,69,21,48,0.30434782608695654,21,included,included
dfm_tierC_k1,C,H2,conservative,2023Q4,cpi_headline,cpi_headline_mom_log,69,33,36,0.4782608695652174,28,included,included
dfm_tierC_k1,C,H2,conservative,2023Q4,cpi_food,cpi_food_mom_log,69,33,36,0.4782608695652174,30,included,included
dfm_tierC_k1,C,H2,conservative,2023Q4,cpi_services,cpi_services_mom_log,69,33,36,0.4782608695652174,27,included,included
dfm_tierC_k1,C,H2,conservative,2023Q4,exports_total,exports_total_yoy_log,69,21,48,0.30434782608695654,21,included,included
dfm_tierC_k1,C,H2,conservative,2023Q4,exports_non_gold,exports_non_gold_yoy_log,69,21,48,0.30434782608695654,21,included,included
dfm_tierC_k1,C,H2,conservative,2023Q4,imports_total,imports_total_yoy_log,69,21,48,0.30434782608695654,21,included,included
dfm_tierC_k1,C,H2,conservative,2023Q4,gold_exports_proxy,gold_exports_proxy_usd_m,69,33,36,0.4782608695652174,33,included,included
dfm_tierC_k1,C,H2,conservative,2024Q1,ppi,ppi_mom_log,72,72,0,1.0,37,included,included
dfm_tierC_k1,C,H2,conservative,2024Q1,usd_uzs,usd_uzs_mom_dlog,72,72,0,1.0,72,included,included
dfm_tierC_k1,C,H2,conservative,2024Q1,rub_uzs,rub_uzs_mom_dlog,72,72,0,1.0,72,included,included
dfm_tierC_k1,C,H2,conservative,2024Q1,gold_price,gold_price_mom_dlog,72,72,0,1.0,71,included,included
dfm_tierC_k1,C,H2,conservative,2024Q1,m2,m2_yoy_log,72,72,0,1.0,72,included,included
dfm_tierC_k1,C,H2,conservative,2024Q1,fx_reserves_ex_gold,fx_reserves_exgold_yoy_log,72,72,0,1.0,72,included,included
dfm_tierC_k1,C,H2,conservative,2024Q1,industrial_production,ind_prod_yoy_log,72,48,24,0.6666666666666666,48,included,included
dfm_tierC_k1,C,H2,conservative,2024Q1,manufacturing,manufacturing_yoy_log,72,48,24,0.6666666666666666,48,included,included
dfm_tierC_k1,C,H2,conservative,2024Q1,mining,mining_yoy_log,72,48,24,0.6666666666666666,48,included,included
dfm_tierC_k1,C,H2,conservative,2024Q1,electricity_gas,utilities_yoy_log,72,48,24,0.6666666666666666,48,included,included
dfm_tierC_k1,C,H2,conservative,2024Q1,retail_trade,retail_yoy_log,72,36,36,0.5,36,included,included
dfm_tierC_k1,C,H2,conservative,2024Q1,wholesale_trade,wholesale_yoy_log,72,35,37,0.4861111111111111,35,included,included
dfm_tierC_k1,C,H2,conservative,2024Q1,construction,construction_yoy_log,72,24,48,0.3333333333333333,24,included,included
dfm_tierC_k1,C,H2,conservative,2024Q1,cpi_headline,cpi_headline_mom_log,72,36,36,0.5,30,included,included
dfm_tierC_k1,C,H2,conservative,2024Q1,cpi_food,cpi_food_mom_log,72,36,36,0.5,32,included,included
dfm_tierC_k1,C,H2,conservative,2024Q1,cpi_services,cpi_services_mom_log,72,36,36,0.5,29,included,included
dfm_tierC_k1,C,H2,conservative,2024Q1,exports_total,exports_total_yoy_log,72,24,48,0.3333333333333333,24,included,included
dfm_tierC_k1,C,H2,conservative,2024Q1,exports_non_gold,exports_non_gold_yoy_log,72,24,48,0.3333333333333333,24,included,included
dfm_tierC_k1,C,H2,conservative,2024Q1,imports_total,imports_total_yoy_log,72,24,48,0.3333333333333333,24,included,included
dfm_tierC_k1,C,H2,conservative,2024Q1,gold_exports_proxy,gold_exports_proxy_usd_m,72,36,36,0.5,35,included,included
dfm_tierC_k1,C,H2,conservative,2024Q2,ppi,ppi_mom_log,75,75,0,1.0,38,included,included
dfm_tierC_k1,C,H2,conservative,2024Q2,usd_uzs,usd_uzs_mom_dlog,75,75,0,1.0,75,included,included
dfm_tierC_k1,C,H2,conservative,2024Q2,rub_uzs,rub_uzs_mom_dlog,75,75,0,1.0,75,included,included
dfm_tierC_k1,C,H2,conservative,2024Q2,gold_price,gold_price_mom_dlog,75,75,0,1.0,74,included,included
dfm_tierC_k1,C,H2,conservative,2024Q2,m2,m2_yoy_log,75,75,0,1.0,75,included,included
dfm_tierC_k1,C,H2,conservative,2024Q2,fx_reserves_ex_gold,fx_reserves_exgold_yoy_log,75,75,0,1.0,75,included,included
dfm_tierC_k1,C,H2,conservative,2024Q2,industrial_production,ind_prod_yoy_log,75,51,24,0.68,51,included,included
dfm_tierC_k1,C,H2,conservative,2024Q2,manufacturing,manufacturing_yoy_log,75,51,24,0.68,51,included,included
dfm_tierC_k1,C,H2,conservative,2024Q2,mining,mining_yoy_log,75,51,24,0.68,51,included,included
dfm_tierC_k1,C,H2,conservative,2024Q2,electricity_gas,utilities_yoy_log,75,51,24,0.68,51,included,included
dfm_tierC_k1,C,H2,conservative,2024Q2,retail_trade,retail_yoy_log,75,39,36,0.52,39,included,included
dfm_tierC_k1,C,H2,conservative,2024Q2,wholesale_trade,wholesale_yoy_log,75,38,37,0.5066666666666667,38,included,included
dfm_tierC_k1,C,H2,conservative,2024Q2,construction,construction_yoy_log,75,27,48,0.36,27,included,included
dfm_tierC_k1,C,H2,conservative,2024Q2,cpi_headline,cpi_headline_mom_log,75,39,36,0.52,32,included,included
dfm_tierC_k1,C,H2,conservative,2024Q2,cpi_food,cpi_food_mom_log,75,39,36,0.52,34,included,included
dfm_tierC_k1,C,H2,conservative,2024Q2,cpi_services,cpi_services_mom_log,75,39,36,0.52,31,included,included
dfm_tierC_k1,C,H2,conservative,2024Q2,exports_total,exports_total_yoy_log,75,27,48,0.36,27,included,included
dfm_tierC_k1,C,H2,conservative,2024Q2,exports_non_gold,exports_non_gold_yoy_log,75,27,48,0.36,27,included,included
dfm_tierC_k1,C,H2,conservative,2024Q2,imports_total,imports_total_yoy_log,75,27,48,0.36,27,included,included
dfm_tierC_k1,C,H2,conservative,2024Q2,gold_exports_proxy,gold_exports_proxy_usd_m,75,39,36,0.52,38,included,included
dfm_tierC_k1,C,H2,conservative,2024Q3,ppi,ppi_mom_log,78,78,0,1.0,38,included,included
dfm_tierC_k1,C,H2,conservative,2024Q3,usd_uzs,usd_uzs_mom_dlog,78,78,0,1.0,78,included,included
dfm_tierC_k1,C,H2,conservative,2024Q3,rub_uzs,rub_uzs_mom_dlog,78,78,0,1.0,78,included,included
dfm_tierC_k1,C,H2,conservative,2024Q3,gold_price,gold_price_mom_dlog,78,78,0,1.0,77,included,included
dfm_tierC_k1,C,H2,conservative,2024Q3,m2,m2_yoy_log,78,78,0,1.0,78,included,included
dfm_tierC_k1,C,H2,conservative,2024Q3,fx_reserves_ex_gold,fx_reserves_exgold_yoy_log,78,78,0,1.0,78,included,included
dfm_tierC_k1,C,H2,conservative,2024Q3,industrial_production,ind_prod_yoy_log,78,54,24,0.6923076923076923,54,included,included
dfm_tierC_k1,C,H2,conservative,2024Q3,manufacturing,manufacturing_yoy_log,78,54,24,0.6923076923076923,54,included,included
dfm_tierC_k1,C,H2,conservative,2024Q3,mining,mining_yoy_log,78,54,24,0.6923076923076923,54,included,included
dfm_tierC_k1,C,H2,conservative,2024Q3,electricity_gas,utilities_yoy_log,78,54,24,0.6923076923076923,54,included,included
dfm_tierC_k1,C,H2,conservative,2024Q3,retail_trade,retail_yoy_log,78,42,36,0.5384615384615384,42,included,included
dfm_tierC_k1,C,H2,conservative,2024Q3,wholesale_trade,wholesale_yoy_log,78,41,37,0.5256410256410257,41,included,included
dfm_tierC_k1,C,H2,conservative,2024Q3,construction,construction_yoy_log,78,30,48,0.38461538461538464,30,included,included
dfm_tierC_k1,C,H2,conservative,2024Q3,cpi_headline,cpi_headline_mom_log,78,42,36,0.5384615384615384,35,included,included
dfm_tierC_k1,C,H2,conservative,2024Q3,cpi_food,cpi_food_mom_log,78,42,36,0.5384615384615384,37,included,included
dfm_tierC_k1,C,H2,conservative,2024Q3,cpi_services,cpi_services_mom_log,78,42,36,0.5384615384615384,34,included,included
dfm_tierC_k1,C,H2,conservative,2024Q3,exports_total,exports_total_yoy_log,78,30,48,0.38461538461538464,30,included,included
dfm_tierC_k1,C,H2,conservative,2024Q3,exports_non_gold,exports_non_gold_yoy_log,78,30,48,0.38461538461538464,30,included,included
dfm_tierC_k1,C,H2,conservative,2024Q3,imports_total,imports_total_yoy_log,78,30,48,0.38461538461538464,30,included,included
dfm_tierC_k1,C,H2,conservative,2024Q3,gold_exports_proxy,gold_exports_proxy_usd_m,78,42,36,0.5384615384615384,41,included,included
dfm_tierC_k1,C,H2,conservative,2024Q4,ppi,ppi_mom_log,81,81,0,1.0,38,included,included
dfm_tierC_k1,C,H2,conservative,2024Q4,usd_uzs,usd_uzs_mom_dlog,81,81,0,1.0,81,included,included
dfm_tierC_k1,C,H2,conservative,2024Q4,rub_uzs,rub_uzs_mom_dlog,81,81,0,1.0,81,included,included
dfm_tierC_k1,C,H2,conservative,2024Q4,gold_price,gold_price_mom_dlog,81,81,0,1.0,80,included,included
dfm_tierC_k1,C,H2,conservative,2024Q4,m2,m2_yoy_log,81,81,0,1.0,81,included,included
dfm_tierC_k1,C,H2,conservative,2024Q4,fx_reserves_ex_gold,fx_reserves_exgold_yoy_log,81,81,0,1.0,81,included,included
dfm_tierC_k1,C,H2,conservative,2024Q4,industrial_production,ind_prod_yoy_log,81,57,24,0.7037037037037037,57,included,included
dfm_tierC_k1,C,H2,conservative,2024Q4,manufacturing,manufacturing_yoy_log,81,57,24,0.7037037037037037,57,included,included
dfm_tierC_k1,C,H2,conservative,2024Q4,mining,mining_yoy_log,81,57,24,0.7037037037037037,57,included,included
dfm_tierC_k1,C,H2,conservative,2024Q4,electricity_gas,utilities_yoy_log,81,57,24,0.7037037037037037,57,included,included
dfm_tierC_k1,C,H2,conservative,2024Q4,retail_trade,retail_yoy_log,81,45,36,0.5555555555555556,45,included,included
dfm_tierC_k1,C,H2,conservative,2024Q4,wholesale_trade,wholesale_yoy_log,81,44,37,0.5432098765432098,44,included,included
dfm_tierC_k1,C,H2,conservative,2024Q4,construction,construction_yoy_log,81,33,48,0.4074074074074074,33,included,included
dfm_tierC_k1,C,H2,conservative,2024Q4,cpi_headline,cpi_headline_mom_log,81,45,36,0.5555555555555556,37,included,included
dfm_tierC_k1,C,H2,conservative,2024Q4,cpi_food,cpi_food_mom_log,81,45,36,0.5555555555555556,39,included,included
dfm_tierC_k1,C,H2,conservative,2024Q4,cpi_services,cpi_services_mom_log,81,45,36,0.5555555555555556,35,included,included
dfm_tierC_k1,C,H2,conservative,2024Q4,exports_total,exports_total_yoy_log,81,33,48,0.4074074074074074,33,included,included
dfm_tierC_k1,C,H2,conservative,2024Q4,exports_non_gold,exports_non_gold_yoy_log,81,33,48,0.4074074074074074,33,included,included
dfm_tierC_k1,C,H2,conservative,2024Q4,imports_total,imports_total_yoy_log,81,33,48,0.4074074074074074,33,included,included
dfm_tierC_k1,C,H2,conservative,2024Q4,gold_exports_proxy,gold_exports_proxy_usd_m,81,45,36,0.5555555555555556,44,included,included
dfm_tierC_k1,C,H2,conservative,2025Q1,ppi,ppi_mom_log,84,84,0,1.0,38,included,included
dfm_tierC_k1,C,H2,conservative,2025Q1,usd_uzs,usd_uzs_mom_dlog,84,84,0,1.0,84,included,included
dfm_tierC_k1,C,H2,conservative,2025Q1,rub_uzs,rub_uzs_mom_dlog,84,84,0,1.0,84,included,included
dfm_tierC_k1,C,H2,conservative,2025Q1,gold_price,gold_price_mom_dlog,84,84,0,1.0,83,included,included
dfm_tierC_k1,C,H2,conservative,2025Q1,m2,m2_yoy_log,84,84,0,1.0,84,included,included
dfm_tierC_k1,C,H2,conservative,2025Q1,fx_reserves_ex_gold,fx_reserves_exgold_yoy_log,84,84,0,1.0,84,included,included
dfm_tierC_k1,C,H2,conservative,2025Q1,industrial_production,ind_prod_yoy_log,84,60,24,0.7142857142857143,60,included,included
dfm_tierC_k1,C,H2,conservative,2025Q1,manufacturing,manufacturing_yoy_log,84,60,24,0.7142857142857143,60,included,included
dfm_tierC_k1,C,H2,conservative,2025Q1,mining,mining_yoy_log,84,60,24,0.7142857142857143,60,included,included
dfm_tierC_k1,C,H2,conservative,2025Q1,electricity_gas,utilities_yoy_log,84,60,24,0.7142857142857143,60,included,included
dfm_tierC_k1,C,H2,conservative,2025Q1,retail_trade,retail_yoy_log,84,48,36,0.5714285714285714,48,included,included
dfm_tierC_k1,C,H2,conservative,2025Q1,wholesale_trade,wholesale_yoy_log,84,46,38,0.5476190476190477,46,included,included
dfm_tierC_k1,C,H2,conservative,2025Q1,construction,construction_yoy_log,84,36,48,0.42857142857142855,36,included,included
dfm_tierC_k1,C,H2,conservative,2025Q1,cpi_headline,cpi_headline_mom_log,84,48,36,0.5714285714285714,37,included,included
dfm_tierC_k1,C,H2,conservative,2025Q1,cpi_food,cpi_food_mom_log,84,48,36,0.5714285714285714,41,included,included
dfm_tierC_k1,C,H2,conservative,2025Q1,cpi_services,cpi_services_mom_log,84,48,36,0.5714285714285714,38,included,included
dfm_tierC_k1,C,H2,conservative,2025Q1,exports_total,exports_total_yoy_log,84,36,48,0.42857142857142855,36,included,included
dfm_tierC_k1,C,H2,conservative,2025Q1,exports_non_gold,exports_non_gold_yoy_log,84,36,48,0.42857142857142855,36,included,included
dfm_tierC_k1,C,H2,conservative,2025Q1,imports_total,imports_total_yoy_log,84,36,48,0.42857142857142855,36,included,included
dfm_tierC_k1,C,H2,conservative,2025Q1,gold_exports_proxy,gold_exports_proxy_usd_m,84,48,36,0.5714285714285714,47,included,included
dfm_tierC_k1,C,H2,conservative,2025Q2,ppi,ppi_mom_log,87,87,0,1.0,38,included,included
dfm_tierC_k1,C,H2,conservative,2025Q2,usd_uzs,usd_uzs_mom_dlog,87,87,0,1.0,87,included,included
dfm_tierC_k1,C,H2,conservative,2025Q2,rub_uzs,rub_uzs_mom_dlog,87,87,0,1.0,87,included,included
dfm_tierC_k1,C,H2,conservative,2025Q2,gold_price,gold_price_mom_dlog,87,87,0,1.0,86,included,included
dfm_tierC_k1,C,H2,conservative,2025Q2,m2,m2_yoy_log,87,87,0,1.0,87,included,included
dfm_tierC_k1,C,H2,conservative,2025Q2,fx_reserves_ex_gold,fx_reserves_exgold_yoy_log,87,87,0,1.0,87,included,included
dfm_tierC_k1,C,H2,conservative,2025Q2,industrial_production,ind_prod_yoy_log,87,63,24,0.7241379310344828,63,included,included
dfm_tierC_k1,C,H2,conservative,2025Q2,manufacturing,manufacturing_yoy_log,87,63,24,0.7241379310344828,63,included,included
dfm_tierC_k1,C,H2,conservative,2025Q2,mining,mining_yoy_log,87,63,24,0.7241379310344828,63,included,included
dfm_tierC_k1,C,H2,conservative,2025Q2,electricity_gas,utilities_yoy_log,87,63,24,0.7241379310344828,63,included,included
dfm_tierC_k1,C,H2,conservative,2025Q2,retail_trade,retail_yoy_log,87,51,36,0.5862068965517241,51,included,included
dfm_tierC_k1,C,H2,conservative,2025Q2,wholesale_trade,wholesale_yoy_log,87,49,38,0.5632183908045977,49,included,included
dfm_tierC_k1,C,H2,conservative,2025Q2,construction,construction_yoy_log,87,39,48,0.4482758620689655,39,included,included
dfm_tierC_k1,C,H2,conservative,2025Q2,cpi_headline,cpi_headline_mom_log,87,51,36,0.5862068965517241,39,included,included
dfm_tierC_k1,C,H2,conservative,2025Q2,cpi_food,cpi_food_mom_log,87,51,36,0.5862068965517241,43,included,included
dfm_tierC_k1,C,H2,conservative,2025Q2,cpi_services,cpi_services_mom_log,87,51,36,0.5862068965517241,41,included,included
dfm_tierC_k1,C,H2,conservative,2025Q2,exports_total,exports_total_yoy_log,87,39,48,0.4482758620689655,39,included,included
dfm_tierC_k1,C,H2,conservative,2025Q2,exports_non_gold,exports_non_gold_yoy_log,87,39,48,0.4482758620689655,39,included,included
dfm_tierC_k1,C,H2,conservative,2025Q2,imports_total,imports_total_yoy_log,87,39,48,0.4482758620689655,39,included,included
dfm_tierC_k1,C,H2,conservative,2025Q2,gold_exports_proxy,gold_exports_proxy_usd_m,87,51,36,0.5862068965517241,50,included,included
dfm_tierA_k1,A,H3,standard,2021Q1,ppi,ppi_mom_log,36,36,0,1.0,26,included,included
dfm_tierA_k1,A,H3,standard,2021Q1,usd_uzs,usd_uzs_mom_dlog,36,36,0,1.0,36,included,included
dfm_tierA_k1,A,H3,standard,2021Q1,rub_uzs,rub_uzs_mom_dlog,36,36,0,1.0,36,included,included
dfm_tierA_k1,A,H3,standard,2021Q1,gold_price,gold_price_mom_dlog,36,36,0,1.0,36,included,included
dfm_tierA_k1,A,H3,standard,2021Q1,m2,m2_yoy_log,36,36,0,1.0,36,included,included
dfm_tierA_k1,A,H3,standard,2021Q1,fx_reserves_ex_gold,fx_reserves_exgold_yoy_log,36,36,0,1.0,36,included,included
dfm_tierA_k1,A,H3,standard,2021Q2,ppi,ppi_mom_log,39,39,0,1.0,26,included,included
dfm_tierA_k1,A,H3,standard,2021Q2,usd_uzs,usd_uzs_mom_dlog,39,39,0,1.0,39,included,included
dfm_tierA_k1,A,H3,standard,2021Q2,rub_uzs,rub_uzs_mom_dlog,39,39,0,1.0,39,included,included
dfm_tierA_k1,A,H3,standard,2021Q2,gold_price,gold_price_mom_dlog,39,39,0,1.0,39,included,included
dfm_tierA_k1,A,H3,standard,2021Q2,m2,m2_yoy_log,39,39,0,1.0,39,included,included
dfm_tierA_k1,A,H3,standard,2021Q2,fx_reserves_ex_gold,fx_reserves_exgold_yoy_log,39,39,0,1.0,39,included,included
dfm_tierA_k1,A,H3,standard,2021Q3,ppi,ppi_mom_log,42,42,0,1.0,27,included,included
dfm_tierA_k1,A,H3,standard,2021Q3,usd_uzs,usd_uzs_mom_dlog,42,42,0,1.0,42,included,included
dfm_tierA_k1,A,H3,standard,2021Q3,rub_uzs,rub_uzs_mom_dlog,42,42,0,1.0,42,included,included
dfm_tierA_k1,A,H3,standard,2021Q3,gold_price,gold_price_mom_dlog,42,42,0,1.0,42,included,included
dfm_tierA_k1,A,H3,standard,2021Q3,m2,m2_yoy_log,42,42,0,1.0,42,included,included
dfm_tierA_k1,A,H3,standard,2021Q3,fx_reserves_ex_gold,fx_reserves_exgold_yoy_log,42,42,0,1.0,42,included,included
dfm_tierA_k1,A,H3,standard,2021Q4,ppi,ppi_mom_log,45,45,0,1.0,29,included,included
dfm_tierA_k1,A,H3,standard,2021Q4,usd_uzs,usd_uzs_mom_dlog,45,45,0,1.0,45,included,included
dfm_tierA_k1,A,H3,standard,2021Q4,rub_uzs,rub_uzs_mom_dlog,45,45,0,1.0,45,included,included
dfm_tierA_k1,A,H3,standard,2021Q4,gold_price,gold_price_mom_dlog,45,45,0,1.0,45,included,included
dfm_tierA_k1,A,H3,standard,2021Q4,m2,m2_yoy_log,45,45,0,1.0,45,included,included
dfm_tierA_k1,A,H3,standard,2021Q4,fx_reserves_ex_gold,fx_reserves_exgold_yoy_log,45,45,0,1.0,45,included,included
dfm_tierA_k1,A,H3,standard,2022Q1,ppi,ppi_mom_log,48,48,0,1.0,31,included,included
dfm_tierA_k1,A,H3,standard,2022Q1,usd_uzs,usd_uzs_mom_dlog,48,48,0,1.0,48,included,included
dfm_tierA_k1,A,H3,standard,2022Q1,rub_uzs,rub_uzs_mom_dlog,48,48,0,1.0,48,included,included
dfm_tierA_k1,A,H3,standard,2022Q1,gold_price,gold_price_mom_dlog,48,48,0,1.0,48,included,included
dfm_tierA_k1,A,H3,standard,2022Q1,m2,m2_yoy_log,48,48,0,1.0,48,included,included
dfm_tierA_k1,A,H3,standard,2022Q1,fx_reserves_ex_gold,fx_reserves_exgold_yoy_log,48,48,0,1.0,48,included,included
dfm_tierA_k1,A,H3,standard,2022Q2,ppi,ppi_mom_log,51,51,0,1.0,32,included,included
dfm_tierA_k1,A,H3,standard,2022Q2,usd_uzs,usd_uzs_mom_dlog,51,51,0,1.0,51,included,included
dfm_tierA_k1,A,H3,standard,2022Q2,rub_uzs,rub_uzs_mom_dlog,51,51,0,1.0,51,included,included
dfm_tierA_k1,A,H3,standard,2022Q2,gold_price,gold_price_mom_dlog,51,51,0,1.0,51,included,included
dfm_tierA_k1,A,H3,standard,2022Q2,m2,m2_yoy_log,51,51,0,1.0,51,included,included
dfm_tierA_k1,A,H3,standard,2022Q2,fx_reserves_ex_gold,fx_reserves_exgold_yoy_log,51,51,0,1.0,51,included,included
dfm_tierA_k1,A,H3,standard,2022Q3,ppi,ppi_mom_log,54,54,0,1.0,33,included,included
dfm_tierA_k1,A,H3,standard,2022Q3,usd_uzs,usd_uzs_mom_dlog,54,54,0,1.0,54,included,included
dfm_tierA_k1,A,H3,standard,2022Q3,rub_uzs,rub_uzs_mom_dlog,54,54,0,1.0,54,included,included
dfm_tierA_k1,A,H3,standard,2022Q3,gold_price,gold_price_mom_dlog,54,54,0,1.0,54,included,included
dfm_tierA_k1,A,H3,standard,2022Q3,m2,m2_yoy_log,54,54,0,1.0,54,included,included
dfm_tierA_k1,A,H3,standard,2022Q3,fx_reserves_ex_gold,fx_reserves_exgold_yoy_log,54,54,0,1.0,54,included,included
dfm_tierA_k1,A,H3,standard,2022Q4,ppi,ppi_mom_log,57,57,0,1.0,35,included,included
dfm_tierA_k1,A,H3,standard,2022Q4,usd_uzs,usd_uzs_mom_dlog,57,57,0,1.0,57,included,included
dfm_tierA_k1,A,H3,standard,2022Q4,rub_uzs,rub_uzs_mom_dlog,57,57,0,1.0,57,included,included
dfm_tierA_k1,A,H3,standard,2022Q4,gold_price,gold_price_mom_dlog,57,57,0,1.0,57,included,included
dfm_tierA_k1,A,H3,standard,2022Q4,m2,m2_yoy_log,57,57,0,1.0,57,included,included
dfm_tierA_k1,A,H3,standard,2022Q4,fx_reserves_ex_gold,fx_reserves_exgold_yoy_log,57,57,0,1.0,57,included,included
dfm_tierA_k1,A,H3,standard,2023Q1,ppi,ppi_mom_log,60,60,0,1.0,35,included,included
dfm_tierA_k1,A,H3,standard,2023Q1,usd_uzs,usd_uzs_mom_dlog,60,60,0,1.0,60,included,included
dfm_tierA_k1,A,H3,standard,2023Q1,rub_uzs,rub_uzs_mom_dlog,60,60,0,1.0,60,included,included
dfm_tierA_k1,A,H3,standard,2023Q1,gold_price,gold_price_mom_dlog,60,60,0,1.0,60,included,included
dfm_tierA_k1,A,H3,standard,2023Q1,m2,m2_yoy_log,60,60,0,1.0,60,included,included
dfm_tierA_k1,A,H3,standard,2023Q1,fx_reserves_ex_gold,fx_reserves_exgold_yoy_log,60,60,0,1.0,60,included,included
dfm_tierA_k1,A,H3,standard,2023Q2,ppi,ppi_mom_log,63,63,0,1.0,36,included,included
dfm_tierA_k1,A,H3,standard,2023Q2,usd_uzs,usd_uzs_mom_dlog,63,63,0,1.0,63,included,included
dfm_tierA_k1,A,H3,standard,2023Q2,rub_uzs,rub_uzs_mom_dlog,63,63,0,1.0,63,included,included
dfm_tierA_k1,A,H3,standard,2023Q2,gold_price,gold_price_mom_dlog,63,63,0,1.0,63,included,included
dfm_tierA_k1,A,H3,standard,2023Q2,m2,m2_yoy_log,63,63,0,1.0,63,included,included
dfm_tierA_k1,A,H3,standard,2023Q2,fx_reserves_ex_gold,fx_reserves_exgold_yoy_log,63,63,0,1.0,63,included,included
dfm_tierA_k1,A,H3,standard,2023Q3,ppi,ppi_mom_log,66,66,0,1.0,36,included,included
dfm_tierA_k1,A,H3,standard,2023Q3,usd_uzs,usd_uzs_mom_dlog,66,66,0,1.0,66,included,included
dfm_tierA_k1,A,H3,standard,2023Q3,rub_uzs,rub_uzs_mom_dlog,66,66,0,1.0,66,included,included
dfm_tierA_k1,A,H3,standard,2023Q3,gold_price,gold_price_mom_dlog,66,66,0,1.0,66,included,included
dfm_tierA_k1,A,H3,standard,2023Q3,m2,m2_yoy_log,66,66,0,1.0,66,included,included
dfm_tierA_k1,A,H3,standard,2023Q3,fx_reserves_ex_gold,fx_reserves_exgold_yoy_log,66,66,0,1.0,66,included,included
dfm_tierA_k1,A,H3,standard,2023Q4,ppi,ppi_mom_log,69,69,0,1.0,36,included,included
dfm_tierA_k1,A,H3,standard,2023Q4,usd_uzs,usd_uzs_mom_dlog,69,69,0,1.0,69,included,included
dfm_tierA_k1,A,H3,standard,2023Q4,rub_uzs,rub_uzs_mom_dlog,69,69,0,1.0,69,included,included
dfm_tierA_k1,A,H3,standard,2023Q4,gold_price,gold_price_mom_dlog,69,69,0,1.0,69,included,included
dfm_tierA_k1,A,H3,standard,2023Q4,m2,m2_yoy_log,69,69,0,1.0,69,included,included
dfm_tierA_k1,A,H3,standard,2023Q4,fx_reserves_ex_gold,fx_reserves_exgold_yoy_log,69,69,0,1.0,69,included,included
dfm_tierA_k1,A,H3,standard,2024Q1,ppi,ppi_mom_log,72,72,0,1.0,37,included,included
dfm_tierA_k1,A,H3,standard,2024Q1,usd_uzs,usd_uzs_mom_dlog,72,72,0,1.0,72,included,included
dfm_tierA_k1,A,H3,standard,2024Q1,rub_uzs,rub_uzs_mom_dlog,72,72,0,1.0,72,included,included
dfm_tierA_k1,A,H3,standard,2024Q1,gold_price,gold_price_mom_dlog,72,72,0,1.0,71,included,included
dfm_tierA_k1,A,H3,standard,2024Q1,m2,m2_yoy_log,72,72,0,1.0,72,included,included
dfm_tierA_k1,A,H3,standard,2024Q1,fx_reserves_ex_gold,fx_reserves_exgold_yoy_log,72,72,0,1.0,72,included,included
dfm_tierA_k1,A,H3,standard,2024Q2,ppi,ppi_mom_log,75,75,0,1.0,38,included,included
dfm_tierA_k1,A,H3,standard,2024Q2,usd_uzs,usd_uzs_mom_dlog,75,75,0,1.0,75,included,included
dfm_tierA_k1,A,H3,standard,2024Q2,rub_uzs,rub_uzs_mom_dlog,75,75,0,1.0,75,included,included
dfm_tierA_k1,A,H3,standard,2024Q2,gold_price,gold_price_mom_dlog,75,75,0,1.0,74,included,included
dfm_tierA_k1,A,H3,standard,2024Q2,m2,m2_yoy_log,75,75,0,1.0,75,included,included
dfm_tierA_k1,A,H3,standard,2024Q2,fx_reserves_ex_gold,fx_reserves_exgold_yoy_log,75,75,0,1.0,75,included,included
dfm_tierA_k1,A,H3,standard,2024Q3,ppi,ppi_mom_log,78,78,0,1.0,38,included,included
dfm_tierA_k1,A,H3,standard,2024Q3,usd_uzs,usd_uzs_mom_dlog,78,78,0,1.0,78,included,included
dfm_tierA_k1,A,H3,standard,2024Q3,rub_uzs,rub_uzs_mom_dlog,78,78,0,1.0,78,included,included
dfm_tierA_k1,A,H3,standard,2024Q3,gold_price,gold_price_mom_dlog,78,78,0,1.0,77,included,included
dfm_tierA_k1,A,H3,standard,2024Q3,m2,m2_yoy_log,78,78,0,1.0,78,included,included
dfm_tierA_k1,A,H3,standard,2024Q3,fx_reserves_ex_gold,fx_reserves_exgold_yoy_log,78,78,0,1.0,78,included,included
dfm_tierA_k1,A,H3,standard,2024Q4,ppi,ppi_mom_log,81,81,0,1.0,38,included,included
dfm_tierA_k1,A,H3,standard,2024Q4,usd_uzs,usd_uzs_mom_dlog,81,81,0,1.0,81,included,included
dfm_tierA_k1,A,H3,standard,2024Q4,rub_uzs,rub_uzs_mom_dlog,81,81,0,1.0,81,included,included
dfm_tierA_k1,A,H3,standard,2024Q4,gold_price,gold_price_mom_dlog,81,81,0,1.0,80,included,included
dfm_tierA_k1,A,H3,standard,2024Q4,m2,m2_yoy_log,81,81,0,1.0,81,included,included
dfm_tierA_k1,A,H3,standard,2024Q4,fx_reserves_ex_gold,fx_reserves_exgold_yoy_log,81,81,0,1.0,81,included,included
dfm_tierA_k1,A,H3,standard,2025Q1,ppi,ppi_mom_log,84,84,0,1.0,38,included,included
dfm_tierA_k1,A,H3,standard,2025Q1,usd_uzs,usd_uzs_mom_dlog,84,84,0,1.0,84,included,included
dfm_tierA_k1,A,H3,standard,2025Q1,rub_uzs,rub_uzs_mom_dlog,84,84,0,1.0,84,included,included
dfm_tierA_k1,A,H3,standard,2025Q1,gold_price,gold_price_mom_dlog,84,84,0,1.0,83,included,included
dfm_tierA_k1,A,H3,standard,2025Q1,m2,m2_yoy_log,84,84,0,1.0,84,included,included
dfm_tierA_k1,A,H3,standard,2025Q1,fx_reserves_ex_gold,fx_reserves_exgold_yoy_log,84,84,0,1.0,84,included,included
dfm_tierA_k1,A,H3,standard,2025Q2,ppi,ppi_mom_log,87,87,0,1.0,38,included,included
dfm_tierA_k1,A,H3,standard,2025Q2,usd_uzs,usd_uzs_mom_dlog,87,87,0,1.0,87,included,included
dfm_tierA_k1,A,H3,standard,2025Q2,rub_uzs,rub_uzs_mom_dlog,87,87,0,1.0,87,included,included
dfm_tierA_k1,A,H3,standard,2025Q2,gold_price,gold_price_mom_dlog,87,87,0,1.0,86,included,included
dfm_tierA_k1,A,H3,standard,2025Q2,m2,m2_yoy_log,87,87,0,1.0,87,included,included
dfm_tierA_k1,A,H3,standard,2025Q2,fx_reserves_ex_gold,fx_reserves_exgold_yoy_log,87,87,0,1.0,87,included,included
dfm_tierB_k1,B,H3,standard,2021Q1,ppi,ppi_mom_log,36,36,0,1.0,26,included,included
dfm_tierB_k1,B,H3,standard,2021Q1,usd_uzs,usd_uzs_mom_dlog,36,36,0,1.0,36,included,included
dfm_tierB_k1,B,H3,standard,2021Q1,rub_uzs,rub_uzs_mom_dlog,36,36,0,1.0,36,included,included
dfm_tierB_k1,B,H3,standard,2021Q1,gold_price,gold_price_mom_dlog,36,36,0,1.0,36,included,included
dfm_tierB_k1,B,H3,standard,2021Q1,m2,m2_yoy_log,36,36,0,1.0,36,included,included
dfm_tierB_k1,B,H3,standard,2021Q1,fx_reserves_ex_gold,fx_reserves_exgold_yoy_log,36,36,0,1.0,36,included,included
dfm_tierB_k1,B,H3,standard,2021Q1,industrial_production,ind_prod_yoy_log,36,12,24,0.3333333333333333,12,included,included
dfm_tierB_k1,B,H3,standard,2021Q1,manufacturing,manufacturing_yoy_log,36,12,24,0.3333333333333333,12,included,included
dfm_tierB_k1,B,H3,standard,2021Q1,mining,mining_yoy_log,36,12,24,0.3333333333333333,12,included,included
dfm_tierB_k1,B,H3,standard,2021Q1,electricity_gas,utilities_yoy_log,36,12,24,0.3333333333333333,12,included,included
dfm_tierB_k1,B,H3,standard,2021Q1,retail_trade,retail_yoy_log,36,0,36,0.0,0,excluded,insufficient_in_window_coverage
dfm_tierB_k1,B,H3,standard,2021Q1,wholesale_trade,wholesale_yoy_log,36,0,36,0.0,0,excluded,insufficient_in_window_coverage
dfm_tierB_k1,B,H3,standard,2021Q2,ppi,ppi_mom_log,39,39,0,1.0,26,included,included
dfm_tierB_k1,B,H3,standard,2021Q2,usd_uzs,usd_uzs_mom_dlog,39,39,0,1.0,39,included,included
dfm_tierB_k1,B,H3,standard,2021Q2,rub_uzs,rub_uzs_mom_dlog,39,39,0,1.0,39,included,included
dfm_tierB_k1,B,H3,standard,2021Q2,gold_price,gold_price_mom_dlog,39,39,0,1.0,39,included,included
dfm_tierB_k1,B,H3,standard,2021Q2,m2,m2_yoy_log,39,39,0,1.0,39,included,included
dfm_tierB_k1,B,H3,standard,2021Q2,fx_reserves_ex_gold,fx_reserves_exgold_yoy_log,39,39,0,1.0,39,included,included
dfm_tierB_k1,B,H3,standard,2021Q2,industrial_production,ind_prod_yoy_log,39,15,24,0.38461538461538464,15,included,included
dfm_tierB_k1,B,H3,standard,2021Q2,manufacturing,manufacturing_yoy_log,39,15,24,0.38461538461538464,15,included,included
dfm_tierB_k1,B,H3,standard,2021Q2,mining,mining_yoy_log,39,15,24,0.38461538461538464,15,included,included
dfm_tierB_k1,B,H3,standard,2021Q2,electricity_gas,utilities_yoy_log,39,15,24,0.38461538461538464,15,included,included
dfm_tierB_k1,B,H3,standard,2021Q2,retail_trade,retail_yoy_log,39,3,36,0.07692307692307693,3,excluded,insufficient_in_window_coverage
dfm_tierB_k1,B,H3,standard,2021Q2,wholesale_trade,wholesale_yoy_log,39,3,36,0.07692307692307693,3,excluded,insufficient_in_window_coverage
dfm_tierB_k1,B,H3,standard,2021Q3,ppi,ppi_mom_log,42,42,0,1.0,27,included,included
dfm_tierB_k1,B,H3,standard,2021Q3,usd_uzs,usd_uzs_mom_dlog,42,42,0,1.0,42,included,included
dfm_tierB_k1,B,H3,standard,2021Q3,rub_uzs,rub_uzs_mom_dlog,42,42,0,1.0,42,included,included
dfm_tierB_k1,B,H3,standard,2021Q3,gold_price,gold_price_mom_dlog,42,42,0,1.0,42,included,included
dfm_tierB_k1,B,H3,standard,2021Q3,m2,m2_yoy_log,42,42,0,1.0,42,included,included
dfm_tierB_k1,B,H3,standard,2021Q3,fx_reserves_ex_gold,fx_reserves_exgold_yoy_log,42,42,0,1.0,42,included,included
dfm_tierB_k1,B,H3,standard,2021Q3,industrial_production,ind_prod_yoy_log,42,18,24,0.42857142857142855,18,included,included
dfm_tierB_k1,B,H3,standard,2021Q3,manufacturing,manufacturing_yoy_log,42,18,24,0.42857142857142855,18,included,included
dfm_tierB_k1,B,H3,standard,2021Q3,mining,mining_yoy_log,42,18,24,0.42857142857142855,18,included,included
dfm_tierB_k1,B,H3,standard,2021Q3,electricity_gas,utilities_yoy_log,42,18,24,0.42857142857142855,18,included,included
dfm_tierB_k1,B,H3,standard,2021Q3,retail_trade,retail_yoy_log,42,6,36,0.14285714285714285,6,excluded,insufficient_in_window_coverage
dfm_tierB_k1,B,H3,standard,2021Q3,wholesale_trade,wholesale_yoy_log,42,6,36,0.14285714285714285,6,excluded,insufficient_in_window_coverage
dfm_tierB_k1,B,H3,standard,2021Q4,ppi,ppi_mom_log,45,45,0,1.0,29,included,included
dfm_tierB_k1,B,H3,standard,2021Q4,usd_uzs,usd_uzs_mom_dlog,45,45,0,1.0,45,included,included
dfm_tierB_k1,B,H3,standard,2021Q4,rub_uzs,rub_uzs_mom_dlog,45,45,0,1.0,45,included,included
dfm_tierB_k1,B,H3,standard,2021Q4,gold_price,gold_price_mom_dlog,45,45,0,1.0,45,included,included
dfm_tierB_k1,B,H3,standard,2021Q4,m2,m2_yoy_log,45,45,0,1.0,45,included,included
dfm_tierB_k1,B,H3,standard,2021Q4,fx_reserves_ex_gold,fx_reserves_exgold_yoy_log,45,45,0,1.0,45,included,included
dfm_tierB_k1,B,H3,standard,2021Q4,industrial_production,ind_prod_yoy_log,45,21,24,0.4666666666666667,21,included,included
dfm_tierB_k1,B,H3,standard,2021Q4,manufacturing,manufacturing_yoy_log,45,21,24,0.4666666666666667,21,included,included
dfm_tierB_k1,B,H3,standard,2021Q4,mining,mining_yoy_log,45,21,24,0.4666666666666667,21,included,included
dfm_tierB_k1,B,H3,standard,2021Q4,electricity_gas,utilities_yoy_log,45,21,24,0.4666666666666667,21,included,included
dfm_tierB_k1,B,H3,standard,2021Q4,retail_trade,retail_yoy_log,45,9,36,0.2,9,excluded,insufficient_in_window_coverage
dfm_tierB_k1,B,H3,standard,2021Q4,wholesale_trade,wholesale_yoy_log,45,9,36,0.2,9,excluded,insufficient_in_window_coverage
dfm_tierB_k1,B,H3,standard,2022Q1,ppi,ppi_mom_log,48,48,0,1.0,31,included,included
dfm_tierB_k1,B,H3,standard,2022Q1,usd_uzs,usd_uzs_mom_dlog,48,48,0,1.0,48,included,included
dfm_tierB_k1,B,H3,standard,2022Q1,rub_uzs,rub_uzs_mom_dlog,48,48,0,1.0,48,included,included
dfm_tierB_k1,B,H3,standard,2022Q1,gold_price,gold_price_mom_dlog,48,48,0,1.0,48,included,included
dfm_tierB_k1,B,H3,standard,2022Q1,m2,m2_yoy_log,48,48,0,1.0,48,included,included
dfm_tierB_k1,B,H3,standard,2022Q1,fx_reserves_ex_gold,fx_reserves_exgold_yoy_log,48,48,0,1.0,48,included,included
dfm_tierB_k1,B,H3,standard,2022Q1,industrial_production,ind_prod_yoy_log,48,24,24,0.5,24,included,included
dfm_tierB_k1,B,H3,standard,2022Q1,manufacturing,manufacturing_yoy_log,48,24,24,0.5,24,included,included
dfm_tierB_k1,B,H3,standard,2022Q1,mining,mining_yoy_log,48,24,24,0.5,24,included,included
dfm_tierB_k1,B,H3,standard,2022Q1,electricity_gas,utilities_yoy_log,48,24,24,0.5,24,included,included
dfm_tierB_k1,B,H3,standard,2022Q1,retail_trade,retail_yoy_log,48,12,36,0.25,12,included,included
dfm_tierB_k1,B,H3,standard,2022Q1,wholesale_trade,wholesale_yoy_log,48,12,36,0.25,12,included,included
dfm_tierB_k1,B,H3,standard,2022Q2,ppi,ppi_mom_log,51,51,0,1.0,32,included,included
dfm_tierB_k1,B,H3,standard,2022Q2,usd_uzs,usd_uzs_mom_dlog,51,51,0,1.0,51,included,included
dfm_tierB_k1,B,H3,standard,2022Q2,rub_uzs,rub_uzs_mom_dlog,51,51,0,1.0,51,included,included
dfm_tierB_k1,B,H3,standard,2022Q2,gold_price,gold_price_mom_dlog,51,51,0,1.0,51,included,included
dfm_tierB_k1,B,H3,standard,2022Q2,m2,m2_yoy_log,51,51,0,1.0,51,included,included
dfm_tierB_k1,B,H3,standard,2022Q2,fx_reserves_ex_gold,fx_reserves_exgold_yoy_log,51,51,0,1.0,51,included,included
dfm_tierB_k1,B,H3,standard,2022Q2,industrial_production,ind_prod_yoy_log,51,27,24,0.5294117647058824,27,included,included
dfm_tierB_k1,B,H3,standard,2022Q2,manufacturing,manufacturing_yoy_log,51,27,24,0.5294117647058824,27,included,included
dfm_tierB_k1,B,H3,standard,2022Q2,mining,mining_yoy_log,51,27,24,0.5294117647058824,27,included,included
dfm_tierB_k1,B,H3,standard,2022Q2,electricity_gas,utilities_yoy_log,51,27,24,0.5294117647058824,27,included,included
dfm_tierB_k1,B,H3,standard,2022Q2,retail_trade,retail_yoy_log,51,15,36,0.29411764705882354,15,included,included
dfm_tierB_k1,B,H3,standard,2022Q2,wholesale_trade,wholesale_yoy_log,51,15,36,0.29411764705882354,15,included,included
dfm_tierB_k1,B,H3,standard,2022Q3,ppi,ppi_mom_log,54,54,0,1.0,33,included,included
dfm_tierB_k1,B,H3,standard,2022Q3,usd_uzs,usd_uzs_mom_dlog,54,54,0,1.0,54,included,included
dfm_tierB_k1,B,H3,standard,2022Q3,rub_uzs,rub_uzs_mom_dlog,54,54,0,1.0,54,included,included
dfm_tierB_k1,B,H3,standard,2022Q3,gold_price,gold_price_mom_dlog,54,54,0,1.0,54,included,included
dfm_tierB_k1,B,H3,standard,2022Q3,m2,m2_yoy_log,54,54,0,1.0,54,included,included
dfm_tierB_k1,B,H3,standard,2022Q3,fx_reserves_ex_gold,fx_reserves_exgold_yoy_log,54,54,0,1.0,54,included,included
dfm_tierB_k1,B,H3,standard,2022Q3,industrial_production,ind_prod_yoy_log,54,30,24,0.5555555555555556,30,included,included
dfm_tierB_k1,B,H3,standard,2022Q3,manufacturing,manufacturing_yoy_log,54,30,24,0.5555555555555556,30,included,included
dfm_tierB_k1,B,H3,standard,2022Q3,mining,mining_yoy_log,54,30,24,0.5555555555555556,30,included,included
dfm_tierB_k1,B,H3,standard,2022Q3,electricity_gas,utilities_yoy_log,54,30,24,0.5555555555555556,30,included,included
dfm_tierB_k1,B,H3,standard,2022Q3,retail_trade,retail_yoy_log,54,18,36,0.3333333333333333,18,included,included
dfm_tierB_k1,B,H3,standard,2022Q3,wholesale_trade,wholesale_yoy_log,54,18,36,0.3333333333333333,18,included,included
dfm_tierB_k1,B,H3,standard,2022Q4,ppi,ppi_mom_log,57,57,0,1.0,35,included,included
dfm_tierB_k1,B,H3,standard,2022Q4,usd_uzs,usd_uzs_mom_dlog,57,57,0,1.0,57,included,included
dfm_tierB_k1,B,H3,standard,2022Q4,rub_uzs,rub_uzs_mom_dlog,57,57,0,1.0,57,included,included
dfm_tierB_k1,B,H3,standard,2022Q4,gold_price,gold_price_mom_dlog,57,57,0,1.0,57,included,included
dfm_tierB_k1,B,H3,standard,2022Q4,m2,m2_yoy_log,57,57,0,1.0,57,included,included
dfm_tierB_k1,B,H3,standard,2022Q4,fx_reserves_ex_gold,fx_reserves_exgold_yoy_log,57,57,0,1.0,57,included,included
dfm_tierB_k1,B,H3,standard,2022Q4,industrial_production,ind_prod_yoy_log,57,33,24,0.5789473684210527,33,included,included
dfm_tierB_k1,B,H3,standard,2022Q4,manufacturing,manufacturing_yoy_log,57,33,24,0.5789473684210527,33,included,included
dfm_tierB_k1,B,H3,standard,2022Q4,mining,mining_yoy_log,57,33,24,0.5789473684210527,33,included,included
dfm_tierB_k1,B,H3,standard,2022Q4,electricity_gas,utilities_yoy_log,57,33,24,0.5789473684210527,33,included,included
dfm_tierB_k1,B,H3,standard,2022Q4,retail_trade,retail_yoy_log,57,21,36,0.3684210526315789,21,included,included
dfm_tierB_k1,B,H3,standard,2022Q4,wholesale_trade,wholesale_yoy_log,57,21,36,0.3684210526315789,21,included,included
dfm_tierB_k1,B,H3,standard,2023Q1,ppi,ppi_mom_log,60,60,0,1.0,35,included,included
dfm_tierB_k1,B,H3,standard,2023Q1,usd_uzs,usd_uzs_mom_dlog,60,60,0,1.0,60,included,included
dfm_tierB_k1,B,H3,standard,2023Q1,rub_uzs,rub_uzs_mom_dlog,60,60,0,1.0,60,included,included
dfm_tierB_k1,B,H3,standard,2023Q1,gold_price,gold_price_mom_dlog,60,60,0,1.0,60,included,included
dfm_tierB_k1,B,H3,standard,2023Q1,m2,m2_yoy_log,60,60,0,1.0,60,included,included
dfm_tierB_k1,B,H3,standard,2023Q1,fx_reserves_ex_gold,fx_reserves_exgold_yoy_log,60,60,0,1.0,60,included,included
dfm_tierB_k1,B,H3,standard,2023Q1,industrial_production,ind_prod_yoy_log,60,36,24,0.6,36,included,included
dfm_tierB_k1,B,H3,standard,2023Q1,manufacturing,manufacturing_yoy_log,60,36,24,0.6,36,included,included
dfm_tierB_k1,B,H3,standard,2023Q1,mining,mining_yoy_log,60,36,24,0.6,36,included,included
dfm_tierB_k1,B,H3,standard,2023Q1,electricity_gas,utilities_yoy_log,60,36,24,0.6,36,included,included
dfm_tierB_k1,B,H3,standard,2023Q1,retail_trade,retail_yoy_log,60,24,36,0.4,24,included,included
dfm_tierB_k1,B,H3,standard,2023Q1,wholesale_trade,wholesale_yoy_log,60,24,36,0.4,24,included,included
dfm_tierB_k1,B,H3,standard,2023Q2,ppi,ppi_mom_log,63,63,0,1.0,36,included,included
dfm_tierB_k1,B,H3,standard,2023Q2,usd_uzs,usd_uzs_mom_dlog,63,63,0,1.0,63,included,included
dfm_tierB_k1,B,H3,standard,2023Q2,rub_uzs,rub_uzs_mom_dlog,63,63,0,1.0,63,included,included
dfm_tierB_k1,B,H3,standard,2023Q2,gold_price,gold_price_mom_dlog,63,63,0,1.0,63,included,included
dfm_tierB_k1,B,H3,standard,2023Q2,m2,m2_yoy_log,63,63,0,1.0,63,included,included
dfm_tierB_k1,B,H3,standard,2023Q2,fx_reserves_ex_gold,fx_reserves_exgold_yoy_log,63,63,0,1.0,63,included,included
dfm_tierB_k1,B,H3,standard,2023Q2,industrial_production,ind_prod_yoy_log,63,39,24,0.6190476190476191,39,included,included
dfm_tierB_k1,B,H3,standard,2023Q2,manufacturing,manufacturing_yoy_log,63,39,24,0.6190476190476191,39,included,included
dfm_tierB_k1,B,H3,standard,2023Q2,mining,mining_yoy_log,63,39,24,0.6190476190476191,39,included,included
dfm_tierB_k1,B,H3,standard,2023Q2,electricity_gas,utilities_yoy_log,63,39,24,0.6190476190476191,39,included,included
dfm_tierB_k1,B,H3,standard,2023Q2,retail_trade,retail_yoy_log,63,27,36,0.42857142857142855,27,included,included
dfm_tierB_k1,B,H3,standard,2023Q2,wholesale_trade,wholesale_yoy_log,63,27,36,0.42857142857142855,27,included,included
dfm_tierB_k1,B,H3,standard,2023Q3,ppi,ppi_mom_log,66,66,0,1.0,36,included,included
dfm_tierB_k1,B,H3,standard,2023Q3,usd_uzs,usd_uzs_mom_dlog,66,66,0,1.0,66,included,included
dfm_tierB_k1,B,H3,standard,2023Q3,rub_uzs,rub_uzs_mom_dlog,66,66,0,1.0,66,included,included
dfm_tierB_k1,B,H3,standard,2023Q3,gold_price,gold_price_mom_dlog,66,66,0,1.0,66,included,included
dfm_tierB_k1,B,H3,standard,2023Q3,m2,m2_yoy_log,66,66,0,1.0,66,included,included
dfm_tierB_k1,B,H3,standard,2023Q3,fx_reserves_ex_gold,fx_reserves_exgold_yoy_log,66,66,0,1.0,66,included,included
dfm_tierB_k1,B,H3,standard,2023Q3,industrial_production,ind_prod_yoy_log,66,42,24,0.6363636363636364,42,included,included
dfm_tierB_k1,B,H3,standard,2023Q3,manufacturing,manufacturing_yoy_log,66,42,24,0.6363636363636364,42,included,included
dfm_tierB_k1,B,H3,standard,2023Q3,mining,mining_yoy_log,66,42,24,0.6363636363636364,42,included,included
dfm_tierB_k1,B,H3,standard,2023Q3,electricity_gas,utilities_yoy_log,66,42,24,0.6363636363636364,42,included,included
dfm_tierB_k1,B,H3,standard,2023Q3,retail_trade,retail_yoy_log,66,30,36,0.45454545454545453,30,included,included
dfm_tierB_k1,B,H3,standard,2023Q3,wholesale_trade,wholesale_yoy_log,66,30,36,0.45454545454545453,30,included,included
dfm_tierB_k1,B,H3,standard,2023Q4,ppi,ppi_mom_log,69,69,0,1.0,36,included,included
dfm_tierB_k1,B,H3,standard,2023Q4,usd_uzs,usd_uzs_mom_dlog,69,69,0,1.0,69,included,included
dfm_tierB_k1,B,H3,standard,2023Q4,rub_uzs,rub_uzs_mom_dlog,69,69,0,1.0,69,included,included
dfm_tierB_k1,B,H3,standard,2023Q4,gold_price,gold_price_mom_dlog,69,69,0,1.0,69,included,included
dfm_tierB_k1,B,H3,standard,2023Q4,m2,m2_yoy_log,69,69,0,1.0,69,included,included
dfm_tierB_k1,B,H3,standard,2023Q4,fx_reserves_ex_gold,fx_reserves_exgold_yoy_log,69,69,0,1.0,69,included,included
dfm_tierB_k1,B,H3,standard,2023Q4,industrial_production,ind_prod_yoy_log,69,45,24,0.6521739130434783,45,included,included
dfm_tierB_k1,B,H3,standard,2023Q4,manufacturing,manufacturing_yoy_log,69,45,24,0.6521739130434783,45,included,included
dfm_tierB_k1,B,H3,standard,2023Q4,mining,mining_yoy_log,69,45,24,0.6521739130434783,45,included,included
dfm_tierB_k1,B,H3,standard,2023Q4,electricity_gas,utilities_yoy_log,69,45,24,0.6521739130434783,45,included,included
dfm_tierB_k1,B,H3,standard,2023Q4,retail_trade,retail_yoy_log,69,33,36,0.4782608695652174,33,included,included
dfm_tierB_k1,B,H3,standard,2023Q4,wholesale_trade,wholesale_yoy_log,69,33,36,0.4782608695652174,33,included,included
dfm_tierB_k1,B,H3,standard,2024Q1,ppi,ppi_mom_log,72,72,0,1.0,37,included,included
dfm_tierB_k1,B,H3,standard,2024Q1,usd_uzs,usd_uzs_mom_dlog,72,72,0,1.0,72,included,included
dfm_tierB_k1,B,H3,standard,2024Q1,rub_uzs,rub_uzs_mom_dlog,72,72,0,1.0,72,included,included
dfm_tierB_k1,B,H3,standard,2024Q1,gold_price,gold_price_mom_dlog,72,72,0,1.0,71,included,included
dfm_tierB_k1,B,H3,standard,2024Q1,m2,m2_yoy_log,72,72,0,1.0,72,included,included
dfm_tierB_k1,B,H3,standard,2024Q1,fx_reserves_ex_gold,fx_reserves_exgold_yoy_log,72,72,0,1.0,72,included,included
dfm_tierB_k1,B,H3,standard,2024Q1,industrial_production,ind_prod_yoy_log,72,48,24,0.6666666666666666,48,included,included
dfm_tierB_k1,B,H3,standard,2024Q1,manufacturing,manufacturing_yoy_log,72,48,24,0.6666666666666666,48,included,included
dfm_tierB_k1,B,H3,standard,2024Q1,mining,mining_yoy_log,72,48,24,0.6666666666666666,48,included,included
dfm_tierB_k1,B,H3,standard,2024Q1,electricity_gas,utilities_yoy_log,72,48,24,0.6666666666666666,48,included,included
dfm_tierB_k1,B,H3,standard,2024Q1,retail_trade,retail_yoy_log,72,36,36,0.5,36,included,included
dfm_tierB_k1,B,H3,standard,2024Q1,wholesale_trade,wholesale_yoy_log,72,35,37,0.4861111111111111,35,included,included
dfm_tierB_k1,B,H3,standard,2024Q2,ppi,ppi_mom_log,75,75,0,1.0,38,included,included
dfm_tierB_k1,B,H3,standard,2024Q2,usd_uzs,usd_uzs_mom_dlog,75,75,0,1.0,75,included,included
dfm_tierB_k1,B,H3,standard,2024Q2,rub_uzs,rub_uzs_mom_dlog,75,75,0,1.0,75,included,included
dfm_tierB_k1,B,H3,standard,2024Q2,gold_price,gold_price_mom_dlog,75,75,0,1.0,74,included,included
dfm_tierB_k1,B,H3,standard,2024Q2,m2,m2_yoy_log,75,75,0,1.0,75,included,included
dfm_tierB_k1,B,H3,standard,2024Q2,fx_reserves_ex_gold,fx_reserves_exgold_yoy_log,75,75,0,1.0,75,included,included
dfm_tierB_k1,B,H3,standard,2024Q2,industrial_production,ind_prod_yoy_log,75,51,24,0.68,51,included,included
dfm_tierB_k1,B,H3,standard,2024Q2,manufacturing,manufacturing_yoy_log,75,51,24,0.68,51,included,included
dfm_tierB_k1,B,H3,standard,2024Q2,mining,mining_yoy_log,75,51,24,0.68,51,included,included
dfm_tierB_k1,B,H3,standard,2024Q2,electricity_gas,utilities_yoy_log,75,51,24,0.68,51,included,included
dfm_tierB_k1,B,H3,standard,2024Q2,retail_trade,retail_yoy_log,75,39,36,0.52,39,included,included
dfm_tierB_k1,B,H3,standard,2024Q2,wholesale_trade,wholesale_yoy_log,75,38,37,0.5066666666666667,38,included,included
dfm_tierB_k1,B,H3,standard,2024Q3,ppi,ppi_mom_log,78,78,0,1.0,38,included,included
dfm_tierB_k1,B,H3,standard,2024Q3,usd_uzs,usd_uzs_mom_dlog,78,78,0,1.0,78,included,included
dfm_tierB_k1,B,H3,standard,2024Q3,rub_uzs,rub_uzs_mom_dlog,78,78,0,1.0,78,included,included
dfm_tierB_k1,B,H3,standard,2024Q3,gold_price,gold_price_mom_dlog,78,78,0,1.0,77,included,included
dfm_tierB_k1,B,H3,standard,2024Q3,m2,m2_yoy_log,78,78,0,1.0,78,included,included
dfm_tierB_k1,B,H3,standard,2024Q3,fx_reserves_ex_gold,fx_reserves_exgold_yoy_log,78,78,0,1.0,78,included,included
dfm_tierB_k1,B,H3,standard,2024Q3,industrial_production,ind_prod_yoy_log,78,54,24,0.6923076923076923,54,included,included
dfm_tierB_k1,B,H3,standard,2024Q3,manufacturing,manufacturing_yoy_log,78,54,24,0.6923076923076923,54,included,included
dfm_tierB_k1,B,H3,standard,2024Q3,mining,mining_yoy_log,78,54,24,0.6923076923076923,54,included,included
dfm_tierB_k1,B,H3,standard,2024Q3,electricity_gas,utilities_yoy_log,78,54,24,0.6923076923076923,54,included,included
dfm_tierB_k1,B,H3,standard,2024Q3,retail_trade,retail_yoy_log,78,42,36,0.5384615384615384,42,included,included
dfm_tierB_k1,B,H3,standard,2024Q3,wholesale_trade,wholesale_yoy_log,78,41,37,0.5256410256410257,41,included,included
dfm_tierB_k1,B,H3,standard,2024Q4,ppi,ppi_mom_log,81,81,0,1.0,38,included,included
dfm_tierB_k1,B,H3,standard,2024Q4,usd_uzs,usd_uzs_mom_dlog,81,81,0,1.0,81,included,included
dfm_tierB_k1,B,H3,standard,2024Q4,rub_uzs,rub_uzs_mom_dlog,81,81,0,1.0,81,included,included
dfm_tierB_k1,B,H3,standard,2024Q4,gold_price,gold_price_mom_dlog,81,81,0,1.0,80,included,included
dfm_tierB_k1,B,H3,standard,2024Q4,m2,m2_yoy_log,81,81,0,1.0,81,included,included
dfm_tierB_k1,B,H3,standard,2024Q4,fx_reserves_ex_gold,fx_reserves_exgold_yoy_log,81,81,0,1.0,81,included,included
dfm_tierB_k1,B,H3,standard,2024Q4,industrial_production,ind_prod_yoy_log,81,57,24,0.7037037037037037,57,included,included
dfm_tierB_k1,B,H3,standard,2024Q4,manufacturing,manufacturing_yoy_log,81,57,24,0.7037037037037037,57,included,included
dfm_tierB_k1,B,H3,standard,2024Q4,mining,mining_yoy_log,81,57,24,0.7037037037037037,57,included,included
dfm_tierB_k1,B,H3,standard,2024Q4,electricity_gas,utilities_yoy_log,81,57,24,0.7037037037037037,57,included,included
dfm_tierB_k1,B,H3,standard,2024Q4,retail_trade,retail_yoy_log,81,45,36,0.5555555555555556,45,included,included
dfm_tierB_k1,B,H3,standard,2024Q4,wholesale_trade,wholesale_yoy_log,81,44,37,0.5432098765432098,44,included,included
dfm_tierB_k1,B,H3,standard,2025Q1,ppi,ppi_mom_log,84,84,0,1.0,38,included,included
dfm_tierB_k1,B,H3,standard,2025Q1,usd_uzs,usd_uzs_mom_dlog,84,84,0,1.0,84,included,included
dfm_tierB_k1,B,H3,standard,2025Q1,rub_uzs,rub_uzs_mom_dlog,84,84,0,1.0,84,included,included
dfm_tierB_k1,B,H3,standard,2025Q1,gold_price,gold_price_mom_dlog,84,84,0,1.0,83,included,included
dfm_tierB_k1,B,H3,standard,2025Q1,m2,m2_yoy_log,84,84,0,1.0,84,included,included
dfm_tierB_k1,B,H3,standard,2025Q1,fx_reserves_ex_gold,fx_reserves_exgold_yoy_log,84,84,0,1.0,84,included,included
dfm_tierB_k1,B,H3,standard,2025Q1,industrial_production,ind_prod_yoy_log,84,60,24,0.7142857142857143,60,included,included
dfm_tierB_k1,B,H3,standard,2025Q1,manufacturing,manufacturing_yoy_log,84,60,24,0.7142857142857143,60,included,included
dfm_tierB_k1,B,H3,standard,2025Q1,mining,mining_yoy_log,84,60,24,0.7142857142857143,60,included,included
dfm_tierB_k1,B,H3,standard,2025Q1,electricity_gas,utilities_yoy_log,84,60,24,0.7142857142857143,60,included,included
dfm_tierB_k1,B,H3,standard,2025Q1,retail_trade,retail_yoy_log,84,48,36,0.5714285714285714,48,included,included
dfm_tierB_k1,B,H3,standard,2025Q1,wholesale_trade,wholesale_yoy_log,84,46,38,0.5476190476190477,46,included,included
dfm_tierB_k1,B,H3,standard,2025Q2,ppi,ppi_mom_log,87,87,0,1.0,38,included,included
dfm_tierB_k1,B,H3,standard,2025Q2,usd_uzs,usd_uzs_mom_dlog,87,87,0,1.0,87,included,included
dfm_tierB_k1,B,H3,standard,2025Q2,rub_uzs,rub_uzs_mom_dlog,87,87,0,1.0,87,included,included
dfm_tierB_k1,B,H3,standard,2025Q2,gold_price,gold_price_mom_dlog,87,87,0,1.0,86,included,included
dfm_tierB_k1,B,H3,standard,2025Q2,m2,m2_yoy_log,87,87,0,1.0,87,included,included
dfm_tierB_k1,B,H3,standard,2025Q2,fx_reserves_ex_gold,fx_reserves_exgold_yoy_log,87,87,0,1.0,87,included,included
dfm_tierB_k1,B,H3,standard,2025Q2,industrial_production,ind_prod_yoy_log,87,63,24,0.7241379310344828,63,included,included
dfm_tierB_k1,B,H3,standard,2025Q2,manufacturing,manufacturing_yoy_log,87,63,24,0.7241379310344828,63,included,included
dfm_tierB_k1,B,H3,standard,2025Q2,mining,mining_yoy_log,87,63,24,0.7241379310344828,63,included,included
dfm_tierB_k1,B,H3,standard,2025Q2,electricity_gas,utilities_yoy_log,87,63,24,0.7241379310344828,63,included,included
dfm_tierB_k1,B,H3,standard,2025Q2,retail_trade,retail_yoy_log,87,51,36,0.5862068965517241,51,included,included
dfm_tierB_k1,B,H3,standard,2025Q2,wholesale_trade,wholesale_yoy_log,87,49,38,0.5632183908045977,49,included,included
dfm_tierC_k1,C,H3,standard,2021Q1,ppi,ppi_mom_log,36,36,0,1.0,26,included,included
dfm_tierC_k1,C,H3,standard,2021Q1,usd_uzs,usd_uzs_mom_dlog,36,36,0,1.0,36,included,included
dfm_tierC_k1,C,H3,standard,2021Q1,rub_uzs,rub_uzs_mom_dlog,36,36,0,1.0,36,included,included
dfm_tierC_k1,C,H3,standard,2021Q1,gold_price,gold_price_mom_dlog,36,36,0,1.0,36,included,included
dfm_tierC_k1,C,H3,standard,2021Q1,m2,m2_yoy_log,36,36,0,1.0,36,included,included
dfm_tierC_k1,C,H3,standard,2021Q1,fx_reserves_ex_gold,fx_reserves_exgold_yoy_log,36,36,0,1.0,36,included,included
dfm_tierC_k1,C,H3,standard,2021Q1,industrial_production,ind_prod_yoy_log,36,12,24,0.3333333333333333,12,included,included
dfm_tierC_k1,C,H3,standard,2021Q1,manufacturing,manufacturing_yoy_log,36,12,24,0.3333333333333333,12,included,included
dfm_tierC_k1,C,H3,standard,2021Q1,mining,mining_yoy_log,36,12,24,0.3333333333333333,12,included,included
dfm_tierC_k1,C,H3,standard,2021Q1,electricity_gas,utilities_yoy_log,36,12,24,0.3333333333333333,12,included,included
dfm_tierC_k1,C,H3,standard,2021Q1,retail_trade,retail_yoy_log,36,0,36,0.0,0,excluded,insufficient_in_window_coverage
dfm_tierC_k1,C,H3,standard,2021Q1,wholesale_trade,wholesale_yoy_log,36,0,36,0.0,0,excluded,insufficient_in_window_coverage
dfm_tierC_k1,C,H3,standard,2021Q1,construction,construction_yoy_log,36,0,36,0.0,0,excluded,insufficient_in_window_coverage
dfm_tierC_k1,C,H3,standard,2021Q1,cpi_headline,cpi_headline_mom_log,36,0,36,0.0,0,excluded,insufficient_in_window_coverage
dfm_tierC_k1,C,H3,standard,2021Q1,cpi_food,cpi_food_mom_log,36,0,36,0.0,0,excluded,insufficient_in_window_coverage
dfm_tierC_k1,C,H3,standard,2021Q1,cpi_services,cpi_services_mom_log,36,0,36,0.0,0,excluded,insufficient_in_window_coverage
dfm_tierC_k1,C,H3,standard,2021Q1,exports_total,exports_total_yoy_log,36,0,36,0.0,0,excluded,insufficient_in_window_coverage
dfm_tierC_k1,C,H3,standard,2021Q1,exports_non_gold,exports_non_gold_yoy_log,36,0,36,0.0,0,excluded,insufficient_in_window_coverage
dfm_tierC_k1,C,H3,standard,2021Q1,imports_total,imports_total_yoy_log,36,0,36,0.0,0,excluded,insufficient_in_window_coverage
dfm_tierC_k1,C,H3,standard,2021Q1,gold_exports_proxy,gold_exports_proxy_usd_m,36,0,36,0.0,0,excluded,insufficient_in_window_coverage
dfm_tierC_k1,C,H3,standard,2021Q2,ppi,ppi_mom_log,39,39,0,1.0,26,included,included
dfm_tierC_k1,C,H3,standard,2021Q2,usd_uzs,usd_uzs_mom_dlog,39,39,0,1.0,39,included,included
dfm_tierC_k1,C,H3,standard,2021Q2,rub_uzs,rub_uzs_mom_dlog,39,39,0,1.0,39,included,included
dfm_tierC_k1,C,H3,standard,2021Q2,gold_price,gold_price_mom_dlog,39,39,0,1.0,39,included,included
dfm_tierC_k1,C,H3,standard,2021Q2,m2,m2_yoy_log,39,39,0,1.0,39,included,included
dfm_tierC_k1,C,H3,standard,2021Q2,fx_reserves_ex_gold,fx_reserves_exgold_yoy_log,39,39,0,1.0,39,included,included
dfm_tierC_k1,C,H3,standard,2021Q2,industrial_production,ind_prod_yoy_log,39,15,24,0.38461538461538464,15,included,included
dfm_tierC_k1,C,H3,standard,2021Q2,manufacturing,manufacturing_yoy_log,39,15,24,0.38461538461538464,15,included,included
dfm_tierC_k1,C,H3,standard,2021Q2,mining,mining_yoy_log,39,15,24,0.38461538461538464,15,included,included
dfm_tierC_k1,C,H3,standard,2021Q2,electricity_gas,utilities_yoy_log,39,15,24,0.38461538461538464,15,included,included
dfm_tierC_k1,C,H3,standard,2021Q2,retail_trade,retail_yoy_log,39,3,36,0.07692307692307693,3,excluded,insufficient_in_window_coverage
dfm_tierC_k1,C,H3,standard,2021Q2,wholesale_trade,wholesale_yoy_log,39,3,36,0.07692307692307693,3,excluded,insufficient_in_window_coverage
dfm_tierC_k1,C,H3,standard,2021Q2,construction,construction_yoy_log,39,0,39,0.0,0,excluded,insufficient_in_window_coverage
dfm_tierC_k1,C,H3,standard,2021Q2,cpi_headline,cpi_headline_mom_log,39,3,36,0.07692307692307693,3,excluded,insufficient_in_window_coverage
dfm_tierC_k1,C,H3,standard,2021Q2,cpi_food,cpi_food_mom_log,39,3,36,0.07692307692307693,3,excluded,insufficient_in_window_coverage
dfm_tierC_k1,C,H3,standard,2021Q2,cpi_services,cpi_services_mom_log,39,3,36,0.07692307692307693,3,excluded,insufficient_in_window_coverage
dfm_tierC_k1,C,H3,standard,2021Q2,exports_total,exports_total_yoy_log,39,0,39,0.0,0,excluded,insufficient_in_window_coverage
dfm_tierC_k1,C,H3,standard,2021Q2,exports_non_gold,exports_non_gold_yoy_log,39,0,39,0.0,0,excluded,insufficient_in_window_coverage
dfm_tierC_k1,C,H3,standard,2021Q2,imports_total,imports_total_yoy_log,39,0,39,0.0,0,excluded,insufficient_in_window_coverage
dfm_tierC_k1,C,H3,standard,2021Q2,gold_exports_proxy,gold_exports_proxy_usd_m,39,3,36,0.07692307692307693,3,excluded,insufficient_in_window_coverage
dfm_tierC_k1,C,H3,standard,2021Q3,ppi,ppi_mom_log,42,42,0,1.0,27,included,included
dfm_tierC_k1,C,H3,standard,2021Q3,usd_uzs,usd_uzs_mom_dlog,42,42,0,1.0,42,included,included
dfm_tierC_k1,C,H3,standard,2021Q3,rub_uzs,rub_uzs_mom_dlog,42,42,0,1.0,42,included,included
dfm_tierC_k1,C,H3,standard,2021Q3,gold_price,gold_price_mom_dlog,42,42,0,1.0,42,included,included
dfm_tierC_k1,C,H3,standard,2021Q3,m2,m2_yoy_log,42,42,0,1.0,42,included,included
dfm_tierC_k1,C,H3,standard,2021Q3,fx_reserves_ex_gold,fx_reserves_exgold_yoy_log,42,42,0,1.0,42,included,included
dfm_tierC_k1,C,H3,standard,2021Q3,industrial_production,ind_prod_yoy_log,42,18,24,0.42857142857142855,18,included,included
dfm_tierC_k1,C,H3,standard,2021Q3,manufacturing,manufacturing_yoy_log,42,18,24,0.42857142857142855,18,included,included
dfm_tierC_k1,C,H3,standard,2021Q3,mining,mining_yoy_log,42,18,24,0.42857142857142855,18,included,included
dfm_tierC_k1,C,H3,standard,2021Q3,electricity_gas,utilities_yoy_log,42,18,24,0.42857142857142855,18,included,included
dfm_tierC_k1,C,H3,standard,2021Q3,retail_trade,retail_yoy_log,42,6,36,0.14285714285714285,6,excluded,insufficient_in_window_coverage
dfm_tierC_k1,C,H3,standard,2021Q3,wholesale_trade,wholesale_yoy_log,42,6,36,0.14285714285714285,6,excluded,insufficient_in_window_coverage
dfm_tierC_k1,C,H3,standard,2021Q3,construction,construction_yoy_log,42,0,42,0.0,0,excluded,insufficient_in_window_coverage
dfm_tierC_k1,C,H3,standard,2021Q3,cpi_headline,cpi_headline_mom_log,42,6,36,0.14285714285714285,6,excluded,insufficient_in_window_coverage
dfm_tierC_k1,C,H3,standard,2021Q3,cpi_food,cpi_food_mom_log,42,6,36,0.14285714285714285,6,excluded,insufficient_in_window_coverage
dfm_tierC_k1,C,H3,standard,2021Q3,cpi_services,cpi_services_mom_log,42,6,36,0.14285714285714285,6,excluded,insufficient_in_window_coverage
dfm_tierC_k1,C,H3,standard,2021Q3,exports_total,exports_total_yoy_log,42,0,42,0.0,0,excluded,insufficient_in_window_coverage
dfm_tierC_k1,C,H3,standard,2021Q3,exports_non_gold,exports_non_gold_yoy_log,42,0,42,0.0,0,excluded,insufficient_in_window_coverage
dfm_tierC_k1,C,H3,standard,2021Q3,imports_total,imports_total_yoy_log,42,0,42,0.0,0,excluded,insufficient_in_window_coverage
dfm_tierC_k1,C,H3,standard,2021Q3,gold_exports_proxy,gold_exports_proxy_usd_m,42,6,36,0.14285714285714285,6,excluded,insufficient_in_window_coverage
dfm_tierC_k1,C,H3,standard,2021Q4,ppi,ppi_mom_log,45,45,0,1.0,29,included,included
dfm_tierC_k1,C,H3,standard,2021Q4,usd_uzs,usd_uzs_mom_dlog,45,45,0,1.0,45,included,included
dfm_tierC_k1,C,H3,standard,2021Q4,rub_uzs,rub_uzs_mom_dlog,45,45,0,1.0,45,included,included
dfm_tierC_k1,C,H3,standard,2021Q4,gold_price,gold_price_mom_dlog,45,45,0,1.0,45,included,included
dfm_tierC_k1,C,H3,standard,2021Q4,m2,m2_yoy_log,45,45,0,1.0,45,included,included
dfm_tierC_k1,C,H3,standard,2021Q4,fx_reserves_ex_gold,fx_reserves_exgold_yoy_log,45,45,0,1.0,45,included,included
dfm_tierC_k1,C,H3,standard,2021Q4,industrial_production,ind_prod_yoy_log,45,21,24,0.4666666666666667,21,included,included
dfm_tierC_k1,C,H3,standard,2021Q4,manufacturing,manufacturing_yoy_log,45,21,24,0.4666666666666667,21,included,included
dfm_tierC_k1,C,H3,standard,2021Q4,mining,mining_yoy_log,45,21,24,0.4666666666666667,21,included,included
dfm_tierC_k1,C,H3,standard,2021Q4,electricity_gas,utilities_yoy_log,45,21,24,0.4666666666666667,21,included,included
dfm_tierC_k1,C,H3,standard,2021Q4,retail_trade,retail_yoy_log,45,9,36,0.2,9,excluded,insufficient_in_window_coverage
dfm_tierC_k1,C,H3,standard,2021Q4,wholesale_trade,wholesale_yoy_log,45,9,36,0.2,9,excluded,insufficient_in_window_coverage
dfm_tierC_k1,C,H3,standard,2021Q4,construction,construction_yoy_log,45,0,45,0.0,0,excluded,insufficient_in_window_coverage
dfm_tierC_k1,C,H3,standard,2021Q4,cpi_headline,cpi_headline_mom_log,45,9,36,0.2,9,excluded,insufficient_in_window_coverage
dfm_tierC_k1,C,H3,standard,2021Q4,cpi_food,cpi_food_mom_log,45,9,36,0.2,9,excluded,insufficient_in_window_coverage
dfm_tierC_k1,C,H3,standard,2021Q4,cpi_services,cpi_services_mom_log,45,9,36,0.2,9,excluded,insufficient_in_window_coverage
dfm_tierC_k1,C,H3,standard,2021Q4,exports_total,exports_total_yoy_log,45,0,45,0.0,0,excluded,insufficient_in_window_coverage
dfm_tierC_k1,C,H3,standard,2021Q4,exports_non_gold,exports_non_gold_yoy_log,45,0,45,0.0,0,excluded,insufficient_in_window_coverage
dfm_tierC_k1,C,H3,standard,2021Q4,imports_total,imports_total_yoy_log,45,0,45,0.0,0,excluded,insufficient_in_window_coverage
dfm_tierC_k1,C,H3,standard,2021Q4,gold_exports_proxy,gold_exports_proxy_usd_m,45,9,36,0.2,9,excluded,insufficient_in_window_coverage
dfm_tierC_k1,C,H3,standard,2022Q1,ppi,ppi_mom_log,48,48,0,1.0,31,included,included
dfm_tierC_k1,C,H3,standard,2022Q1,usd_uzs,usd_uzs_mom_dlog,48,48,0,1.0,48,included,included
dfm_tierC_k1,C,H3,standard,2022Q1,rub_uzs,rub_uzs_mom_dlog,48,48,0,1.0,48,included,included
dfm_tierC_k1,C,H3,standard,2022Q1,gold_price,gold_price_mom_dlog,48,48,0,1.0,48,included,included
dfm_tierC_k1,C,H3,standard,2022Q1,m2,m2_yoy_log,48,48,0,1.0,48,included,included
dfm_tierC_k1,C,H3,standard,2022Q1,fx_reserves_ex_gold,fx_reserves_exgold_yoy_log,48,48,0,1.0,48,included,included
dfm_tierC_k1,C,H3,standard,2022Q1,industrial_production,ind_prod_yoy_log,48,24,24,0.5,24,included,included
dfm_tierC_k1,C,H3,standard,2022Q1,manufacturing,manufacturing_yoy_log,48,24,24,0.5,24,included,included
dfm_tierC_k1,C,H3,standard,2022Q1,mining,mining_yoy_log,48,24,24,0.5,24,included,included
dfm_tierC_k1,C,H3,standard,2022Q1,electricity_gas,utilities_yoy_log,48,24,24,0.5,24,included,included
dfm_tierC_k1,C,H3,standard,2022Q1,retail_trade,retail_yoy_log,48,12,36,0.25,12,included,included
dfm_tierC_k1,C,H3,standard,2022Q1,wholesale_trade,wholesale_yoy_log,48,12,36,0.25,12,included,included
dfm_tierC_k1,C,H3,standard,2022Q1,construction,construction_yoy_log,48,0,48,0.0,0,excluded,insufficient_in_window_coverage
dfm_tierC_k1,C,H3,standard,2022Q1,cpi_headline,cpi_headline_mom_log,48,12,36,0.25,12,included,included
dfm_tierC_k1,C,H3,standard,2022Q1,cpi_food,cpi_food_mom_log,48,12,36,0.25,12,included,included
dfm_tierC_k1,C,H3,standard,2022Q1,cpi_services,cpi_services_mom_log,48,12,36,0.25,11,included,included
dfm_tierC_k1,C,H3,standard,2022Q1,exports_total,exports_total_yoy_log,48,0,48,0.0,0,excluded,insufficient_in_window_coverage
dfm_tierC_k1,C,H3,standard,2022Q1,exports_non_gold,exports_non_gold_yoy_log,48,0,48,0.0,0,excluded,insufficient_in_window_coverage
dfm_tierC_k1,C,H3,standard,2022Q1,imports_total,imports_total_yoy_log,48,0,48,0.0,0,excluded,insufficient_in_window_coverage
dfm_tierC_k1,C,H3,standard,2022Q1,gold_exports_proxy,gold_exports_proxy_usd_m,48,12,36,0.25,12,included,included
dfm_tierC_k1,C,H3,standard,2022Q2,ppi,ppi_mom_log,51,51,0,1.0,32,included,included
dfm_tierC_k1,C,H3,standard,2022Q2,usd_uzs,usd_uzs_mom_dlog,51,51,0,1.0,51,included,included
dfm_tierC_k1,C,H3,standard,2022Q2,rub_uzs,rub_uzs_mom_dlog,51,51,0,1.0,51,included,included
dfm_tierC_k1,C,H3,standard,2022Q2,gold_price,gold_price_mom_dlog,51,51,0,1.0,51,included,included
dfm_tierC_k1,C,H3,standard,2022Q2,m2,m2_yoy_log,51,51,0,1.0,51,included,included
dfm_tierC_k1,C,H3,standard,2022Q2,fx_reserves_ex_gold,fx_reserves_exgold_yoy_log,51,51,0,1.0,51,included,included
dfm_tierC_k1,C,H3,standard,2022Q2,industrial_production,ind_prod_yoy_log,51,27,24,0.5294117647058824,27,included,included
dfm_tierC_k1,C,H3,standard,2022Q2,manufacturing,manufacturing_yoy_log,51,27,24,0.5294117647058824,27,included,included
dfm_tierC_k1,C,H3,standard,2022Q2,mining,mining_yoy_log,51,27,24,0.5294117647058824,27,included,included
dfm_tierC_k1,C,H3,standard,2022Q2,electricity_gas,utilities_yoy_log,51,27,24,0.5294117647058824,27,included,included
dfm_tierC_k1,C,H3,standard,2022Q2,retail_trade,retail_yoy_log,51,15,36,0.29411764705882354,15,included,included
dfm_tierC_k1,C,H3,standard,2022Q2,wholesale_trade,wholesale_yoy_log,51,15,36,0.29411764705882354,15,included,included
dfm_tierC_k1,C,H3,standard,2022Q2,construction,construction_yoy_log,51,3,48,0.058823529411764705,3,excluded,insufficient_in_window_coverage
dfm_tierC_k1,C,H3,standard,2022Q2,cpi_headline,cpi_headline_mom_log,51,15,36,0.29411764705882354,14,included,included
dfm_tierC_k1,C,H3,standard,2022Q2,cpi_food,cpi_food_mom_log,51,15,36,0.29411764705882354,14,included,included
dfm_tierC_k1,C,H3,standard,2022Q2,cpi_services,cpi_services_mom_log,51,15,36,0.29411764705882354,14,included,included
dfm_tierC_k1,C,H3,standard,2022Q2,exports_total,exports_total_yoy_log,51,3,48,0.058823529411764705,3,excluded,insufficient_in_window_coverage
dfm_tierC_k1,C,H3,standard,2022Q2,exports_non_gold,exports_non_gold_yoy_log,51,3,48,0.058823529411764705,3,excluded,insufficient_in_window_coverage
dfm_tierC_k1,C,H3,standard,2022Q2,imports_total,imports_total_yoy_log,51,3,48,0.058823529411764705,3,excluded,insufficient_in_window_coverage
dfm_tierC_k1,C,H3,standard,2022Q2,gold_exports_proxy,gold_exports_proxy_usd_m,51,15,36,0.29411764705882354,15,included,included
dfm_tierC_k1,C,H3,standard,2022Q3,ppi,ppi_mom_log,54,54,0,1.0,33,included,included
dfm_tierC_k1,C,H3,standard,2022Q3,usd_uzs,usd_uzs_mom_dlog,54,54,0,1.0,54,included,included
dfm_tierC_k1,C,H3,standard,2022Q3,rub_uzs,rub_uzs_mom_dlog,54,54,0,1.0,54,included,included
dfm_tierC_k1,C,H3,standard,2022Q3,gold_price,gold_price_mom_dlog,54,54,0,1.0,54,included,included
dfm_tierC_k1,C,H3,standard,2022Q3,m2,m2_yoy_log,54,54,0,1.0,54,included,included
dfm_tierC_k1,C,H3,standard,2022Q3,fx_reserves_ex_gold,fx_reserves_exgold_yoy_log,54,54,0,1.0,54,included,included
dfm_tierC_k1,C,H3,standard,2022Q3,industrial_production,ind_prod_yoy_log,54,30,24,0.5555555555555556,30,included,included
dfm_tierC_k1,C,H3,standard,2022Q3,manufacturing,manufacturing_yoy_log,54,30,24,0.5555555555555556,30,included,included
dfm_tierC_k1,C,H3,standard,2022Q3,mining,mining_yoy_log,54,30,24,0.5555555555555556,30,included,included
dfm_tierC_k1,C,H3,standard,2022Q3,electricity_gas,utilities_yoy_log,54,30,24,0.5555555555555556,30,included,included
dfm_tierC_k1,C,H3,standard,2022Q3,retail_trade,retail_yoy_log,54,18,36,0.3333333333333333,18,included,included
dfm_tierC_k1,C,H3,standard,2022Q3,wholesale_trade,wholesale_yoy_log,54,18,36,0.3333333333333333,18,included,included
dfm_tierC_k1,C,H3,standard,2022Q3,construction,construction_yoy_log,54,6,48,0.1111111111111111,6,excluded,insufficient_in_window_coverage
dfm_tierC_k1,C,H3,standard,2022Q3,cpi_headline,cpi_headline_mom_log,54,18,36,0.3333333333333333,17,included,included
dfm_tierC_k1,C,H3,standard,2022Q3,cpi_food,cpi_food_mom_log,54,18,36,0.3333333333333333,17,included,included
dfm_tierC_k1,C,H3,standard,2022Q3,cpi_services,cpi_services_mom_log,54,18,36,0.3333333333333333,16,included,included
dfm_tierC_k1,C,H3,standard,2022Q3,exports_total,exports_total_yoy_log,54,6,48,0.1111111111111111,6,excluded,insufficient_in_window_coverage
dfm_tierC_k1,C,H3,standard,2022Q3,exports_non_gold,exports_non_gold_yoy_log,54,6,48,0.1111111111111111,6,excluded,insufficient_in_window_coverage
dfm_tierC_k1,C,H3,standard,2022Q3,imports_total,imports_total_yoy_log,54,6,48,0.1111111111111111,6,excluded,insufficient_in_window_coverage
dfm_tierC_k1,C,H3,standard,2022Q3,gold_exports_proxy,gold_exports_proxy_usd_m,54,18,36,0.3333333333333333,18,included,included
dfm_tierC_k1,C,H3,standard,2022Q4,ppi,ppi_mom_log,57,57,0,1.0,35,included,included
dfm_tierC_k1,C,H3,standard,2022Q4,usd_uzs,usd_uzs_mom_dlog,57,57,0,1.0,57,included,included
dfm_tierC_k1,C,H3,standard,2022Q4,rub_uzs,rub_uzs_mom_dlog,57,57,0,1.0,57,included,included
dfm_tierC_k1,C,H3,standard,2022Q4,gold_price,gold_price_mom_dlog,57,57,0,1.0,57,included,included
dfm_tierC_k1,C,H3,standard,2022Q4,m2,m2_yoy_log,57,57,0,1.0,57,included,included
dfm_tierC_k1,C,H3,standard,2022Q4,fx_reserves_ex_gold,fx_reserves_exgold_yoy_log,57,57,0,1.0,57,included,included
dfm_tierC_k1,C,H3,standard,2022Q4,industrial_production,ind_prod_yoy_log,57,33,24,0.5789473684210527,33,included,included
dfm_tierC_k1,C,H3,standard,2022Q4,manufacturing,manufacturing_yoy_log,57,33,24,0.5789473684210527,33,included,included
dfm_tierC_k1,C,H3,standard,2022Q4,mining,mining_yoy_log,57,33,24,0.5789473684210527,33,included,included
dfm_tierC_k1,C,H3,standard,2022Q4,electricity_gas,utilities_yoy_log,57,33,24,0.5789473684210527,33,included,included
dfm_tierC_k1,C,H3,standard,2022Q4,retail_trade,retail_yoy_log,57,21,36,0.3684210526315789,21,included,included
dfm_tierC_k1,C,H3,standard,2022Q4,wholesale_trade,wholesale_yoy_log,57,21,36,0.3684210526315789,21,included,included
dfm_tierC_k1,C,H3,standard,2022Q4,construction,construction_yoy_log,57,9,48,0.15789473684210525,9,excluded,insufficient_in_window_coverage
dfm_tierC_k1,C,H3,standard,2022Q4,cpi_headline,cpi_headline_mom_log,57,21,36,0.3684210526315789,19,included,included
dfm_tierC_k1,C,H3,standard,2022Q4,cpi_food,cpi_food_mom_log,57,21,36,0.3684210526315789,20,included,included
dfm_tierC_k1,C,H3,standard,2022Q4,cpi_services,cpi_services_mom_log,57,21,36,0.3684210526315789,18,included,included
dfm_tierC_k1,C,H3,standard,2022Q4,exports_total,exports_total_yoy_log,57,9,48,0.15789473684210525,9,excluded,insufficient_in_window_coverage
dfm_tierC_k1,C,H3,standard,2022Q4,exports_non_gold,exports_non_gold_yoy_log,57,9,48,0.15789473684210525,9,excluded,insufficient_in_window_coverage
dfm_tierC_k1,C,H3,standard,2022Q4,imports_total,imports_total_yoy_log,57,9,48,0.15789473684210525,9,excluded,insufficient_in_window_coverage
dfm_tierC_k1,C,H3,standard,2022Q4,gold_exports_proxy,gold_exports_proxy_usd_m,57,21,36,0.3684210526315789,21,included,included
dfm_tierC_k1,C,H3,standard,2023Q1,ppi,ppi_mom_log,60,60,0,1.0,35,included,included
dfm_tierC_k1,C,H3,standard,2023Q1,usd_uzs,usd_uzs_mom_dlog,60,60,0,1.0,60,included,included
dfm_tierC_k1,C,H3,standard,2023Q1,rub_uzs,rub_uzs_mom_dlog,60,60,0,1.0,60,included,included
dfm_tierC_k1,C,H3,standard,2023Q1,gold_price,gold_price_mom_dlog,60,60,0,1.0,60,included,included
dfm_tierC_k1,C,H3,standard,2023Q1,m2,m2_yoy_log,60,60,0,1.0,60,included,included
dfm_tierC_k1,C,H3,standard,2023Q1,fx_reserves_ex_gold,fx_reserves_exgold_yoy_log,60,60,0,1.0,60,included,included
dfm_tierC_k1,C,H3,standard,2023Q1,industrial_production,ind_prod_yoy_log,60,36,24,0.6,36,included,included
dfm_tierC_k1,C,H3,standard,2023Q1,manufacturing,manufacturing_yoy_log,60,36,24,0.6,36,included,included
dfm_tierC_k1,C,H3,standard,2023Q1,mining,mining_yoy_log,60,36,24,0.6,36,included,included
dfm_tierC_k1,C,H3,standard,2023Q1,electricity_gas,utilities_yoy_log,60,36,24,0.6,36,included,included
dfm_tierC_k1,C,H3,standard,2023Q1,retail_trade,retail_yoy_log,60,24,36,0.4,24,included,included
dfm_tierC_k1,C,H3,standard,2023Q1,wholesale_trade,wholesale_yoy_log,60,24,36,0.4,24,included,included
dfm_tierC_k1,C,H3,standard,2023Q1,construction,construction_yoy_log,60,12,48,0.2,12,included,included
dfm_tierC_k1,C,H3,standard,2023Q1,cpi_headline,cpi_headline_mom_log,60,24,36,0.4,22,included,included
dfm_tierC_k1,C,H3,standard,2023Q1,cpi_food,cpi_food_mom_log,60,24,36,0.4,23,included,included
dfm_tierC_k1,C,H3,standard,2023Q1,cpi_services,cpi_services_mom_log,60,24,36,0.4,21,included,included
dfm_tierC_k1,C,H3,standard,2023Q1,exports_total,exports_total_yoy_log,60,12,48,0.2,12,included,included
dfm_tierC_k1,C,H3,standard,2023Q1,exports_non_gold,exports_non_gold_yoy_log,60,12,48,0.2,12,included,included
dfm_tierC_k1,C,H3,standard,2023Q1,imports_total,imports_total_yoy_log,60,12,48,0.2,12,included,included
dfm_tierC_k1,C,H3,standard,2023Q1,gold_exports_proxy,gold_exports_proxy_usd_m,60,24,36,0.4,24,included,included
dfm_tierC_k1,C,H3,standard,2023Q2,ppi,ppi_mom_log,63,63,0,1.0,36,included,included
dfm_tierC_k1,C,H3,standard,2023Q2,usd_uzs,usd_uzs_mom_dlog,63,63,0,1.0,63,included,included
dfm_tierC_k1,C,H3,standard,2023Q2,rub_uzs,rub_uzs_mom_dlog,63,63,0,1.0,63,included,included
dfm_tierC_k1,C,H3,standard,2023Q2,gold_price,gold_price_mom_dlog,63,63,0,1.0,63,included,included
dfm_tierC_k1,C,H3,standard,2023Q2,m2,m2_yoy_log,63,63,0,1.0,63,included,included
dfm_tierC_k1,C,H3,standard,2023Q2,fx_reserves_ex_gold,fx_reserves_exgold_yoy_log,63,63,0,1.0,63,included,included
dfm_tierC_k1,C,H3,standard,2023Q2,industrial_production,ind_prod_yoy_log,63,39,24,0.6190476190476191,39,included,included
dfm_tierC_k1,C,H3,standard,2023Q2,manufacturing,manufacturing_yoy_log,63,39,24,0.6190476190476191,39,included,included
dfm_tierC_k1,C,H3,standard,2023Q2,mining,mining_yoy_log,63,39,24,0.6190476190476191,39,included,included
dfm_tierC_k1,C,H3,standard,2023Q2,electricity_gas,utilities_yoy_log,63,39,24,0.6190476190476191,39,included,included
dfm_tierC_k1,C,H3,standard,2023Q2,retail_trade,retail_yoy_log,63,27,36,0.42857142857142855,27,included,included
dfm_tierC_k1,C,H3,standard,2023Q2,wholesale_trade,wholesale_yoy_log,63,27,36,0.42857142857142855,27,included,included
dfm_tierC_k1,C,H3,standard,2023Q2,construction,construction_yoy_log,63,15,48,0.23809523809523808,15,included,included
dfm_tierC_k1,C,H3,standard,2023Q2,cpi_headline,cpi_headline_mom_log,63,27,36,0.42857142857142855,24,included,included
dfm_tierC_k1,C,H3,standard,2023Q2,cpi_food,cpi_food_mom_log,63,27,36,0.42857142857142855,26,included,included
dfm_tierC_k1,C,H3,standard,2023Q2,cpi_services,cpi_services_mom_log,63,27,36,0.42857142857142855,23,included,included
dfm_tierC_k1,C,H3,standard,2023Q2,exports_total,exports_total_yoy_log,63,15,48,0.23809523809523808,15,included,included
dfm_tierC_k1,C,H3,standard,2023Q2,exports_non_gold,exports_non_gold_yoy_log,63,15,48,0.23809523809523808,15,included,included
dfm_tierC_k1,C,H3,standard,2023Q2,imports_total,imports_total_yoy_log,63,15,48,0.23809523809523808,15,included,included
dfm_tierC_k1,C,H3,standard,2023Q2,gold_exports_proxy,gold_exports_proxy_usd_m,63,27,36,0.42857142857142855,27,included,included
dfm_tierC_k1,C,H3,standard,2023Q3,ppi,ppi_mom_log,66,66,0,1.0,36,included,included
dfm_tierC_k1,C,H3,standard,2023Q3,usd_uzs,usd_uzs_mom_dlog,66,66,0,1.0,66,included,included
dfm_tierC_k1,C,H3,standard,2023Q3,rub_uzs,rub_uzs_mom_dlog,66,66,0,1.0,66,included,included
dfm_tierC_k1,C,H3,standard,2023Q3,gold_price,gold_price_mom_dlog,66,66,0,1.0,66,included,included
dfm_tierC_k1,C,H3,standard,2023Q3,m2,m2_yoy_log,66,66,0,1.0,66,included,included
dfm_tierC_k1,C,H3,standard,2023Q3,fx_reserves_ex_gold,fx_reserves_exgold_yoy_log,66,66,0,1.0,66,included,included
dfm_tierC_k1,C,H3,standard,2023Q3,industrial_production,ind_prod_yoy_log,66,42,24,0.6363636363636364,42,included,included
dfm_tierC_k1,C,H3,standard,2023Q3,manufacturing,manufacturing_yoy_log,66,42,24,0.6363636363636364,42,included,included
dfm_tierC_k1,C,H3,standard,2023Q3,mining,mining_yoy_log,66,42,24,0.6363636363636364,42,included,included
dfm_tierC_k1,C,H3,standard,2023Q3,electricity_gas,utilities_yoy_log,66,42,24,0.6363636363636364,42,included,included
dfm_tierC_k1,C,H3,standard,2023Q3,retail_trade,retail_yoy_log,66,30,36,0.45454545454545453,30,included,included
dfm_tierC_k1,C,H3,standard,2023Q3,wholesale_trade,wholesale_yoy_log,66,30,36,0.45454545454545453,30,included,included
dfm_tierC_k1,C,H3,standard,2023Q3,construction,construction_yoy_log,66,18,48,0.2727272727272727,18,included,included
dfm_tierC_k1,C,H3,standard,2023Q3,cpi_headline,cpi_headline_mom_log,66,30,36,0.45454545454545453,27,included,included
dfm_tierC_k1,C,H3,standard,2023Q3,cpi_food,cpi_food_mom_log,66,30,36,0.45454545454545453,28,included,included
dfm_tierC_k1,C,H3,standard,2023Q3,cpi_services,cpi_services_mom_log,66,30,36,0.45454545454545453,25,included,included
dfm_tierC_k1,C,H3,standard,2023Q3,exports_total,exports_total_yoy_log,66,18,48,0.2727272727272727,18,included,included
dfm_tierC_k1,C,H3,standard,2023Q3,exports_non_gold,exports_non_gold_yoy_log,66,18,48,0.2727272727272727,18,included,included
dfm_tierC_k1,C,H3,standard,2023Q3,imports_total,imports_total_yoy_log,66,18,48,0.2727272727272727,18,included,included
dfm_tierC_k1,C,H3,standard,2023Q3,gold_exports_proxy,gold_exports_proxy_usd_m,66,30,36,0.45454545454545453,30,included,included
dfm_tierC_k1,C,H3,standard,2023Q4,ppi,ppi_mom_log,69,69,0,1.0,36,included,included
dfm_tierC_k1,C,H3,standard,2023Q4,usd_uzs,usd_uzs_mom_dlog,69,69,0,1.0,69,included,included
dfm_tierC_k1,C,H3,standard,2023Q4,rub_uzs,rub_uzs_mom_dlog,69,69,0,1.0,69,included,included
dfm_tierC_k1,C,H3,standard,2023Q4,gold_price,gold_price_mom_dlog,69,69,0,1.0,69,included,included
dfm_tierC_k1,C,H3,standard,2023Q4,m2,m2_yoy_log,69,69,0,1.0,69,included,included
dfm_tierC_k1,C,H3,standard,2023Q4,fx_reserves_ex_gold,fx_reserves_exgold_yoy_log,69,69,0,1.0,69,included,included
dfm_tierC_k1,C,H3,standard,2023Q4,industrial_production,ind_prod_yoy_log,69,45,24,0.6521739130434783,45,included,included
dfm_tierC_k1,C,H3,standard,2023Q4,manufacturing,manufacturing_yoy_log,69,45,24,0.6521739130434783,45,included,included
dfm_tierC_k1,C,H3,standard,2023Q4,mining,mining_yoy_log,69,45,24,0.6521739130434783,45,included,included
dfm_tierC_k1,C,H3,standard,2023Q4,electricity_gas,utilities_yoy_log,69,45,24,0.6521739130434783,45,included,included
dfm_tierC_k1,C,H3,standard,2023Q4,retail_trade,retail_yoy_log,69,33,36,0.4782608695652174,33,included,included
dfm_tierC_k1,C,H3,standard,2023Q4,wholesale_trade,wholesale_yoy_log,69,33,36,0.4782608695652174,33,included,included
dfm_tierC_k1,C,H3,standard,2023Q4,construction,construction_yoy_log,69,21,48,0.30434782608695654,21,included,included
dfm_tierC_k1,C,H3,standard,2023Q4,cpi_headline,cpi_headline_mom_log,69,33,36,0.4782608695652174,28,included,included
dfm_tierC_k1,C,H3,standard,2023Q4,cpi_food,cpi_food_mom_log,69,33,36,0.4782608695652174,30,included,included
dfm_tierC_k1,C,H3,standard,2023Q4,cpi_services,cpi_services_mom_log,69,33,36,0.4782608695652174,27,included,included
dfm_tierC_k1,C,H3,standard,2023Q4,exports_total,exports_total_yoy_log,69,21,48,0.30434782608695654,21,included,included
dfm_tierC_k1,C,H3,standard,2023Q4,exports_non_gold,exports_non_gold_yoy_log,69,21,48,0.30434782608695654,21,included,included
dfm_tierC_k1,C,H3,standard,2023Q4,imports_total,imports_total_yoy_log,69,21,48,0.30434782608695654,21,included,included
dfm_tierC_k1,C,H3,standard,2023Q4,gold_exports_proxy,gold_exports_proxy_usd_m,69,33,36,0.4782608695652174,33,included,included
dfm_tierC_k1,C,H3,standard,2024Q1,ppi,ppi_mom_log,72,72,0,1.0,37,included,included
dfm_tierC_k1,C,H3,standard,2024Q1,usd_uzs,usd_uzs_mom_dlog,72,72,0,1.0,72,included,included
dfm_tierC_k1,C,H3,standard,2024Q1,rub_uzs,rub_uzs_mom_dlog,72,72,0,1.0,72,included,included
dfm_tierC_k1,C,H3,standard,2024Q1,gold_price,gold_price_mom_dlog,72,72,0,1.0,71,included,included
dfm_tierC_k1,C,H3,standard,2024Q1,m2,m2_yoy_log,72,72,0,1.0,72,included,included
dfm_tierC_k1,C,H3,standard,2024Q1,fx_reserves_ex_gold,fx_reserves_exgold_yoy_log,72,72,0,1.0,72,included,included
dfm_tierC_k1,C,H3,standard,2024Q1,industrial_production,ind_prod_yoy_log,72,48,24,0.6666666666666666,48,included,included
dfm_tierC_k1,C,H3,standard,2024Q1,manufacturing,manufacturing_yoy_log,72,48,24,0.6666666666666666,48,included,included
dfm_tierC_k1,C,H3,standard,2024Q1,mining,mining_yoy_log,72,48,24,0.6666666666666666,48,included,included
dfm_tierC_k1,C,H3,standard,2024Q1,electricity_gas,utilities_yoy_log,72,48,24,0.6666666666666666,48,included,included
dfm_tierC_k1,C,H3,standard,2024Q1,retail_trade,retail_yoy_log,72,36,36,0.5,36,included,included
dfm_tierC_k1,C,H3,standard,2024Q1,wholesale_trade,wholesale_yoy_log,72,35,37,0.4861111111111111,35,included,included
dfm_tierC_k1,C,H3,standard,2024Q1,construction,construction_yoy_log,72,24,48,0.3333333333333333,24,included,included
dfm_tierC_k1,C,H3,standard,2024Q1,cpi_headline,cpi_headline_mom_log,72,36,36,0.5,30,included,included
dfm_tierC_k1,C,H3,standard,2024Q1,cpi_food,cpi_food_mom_log,72,36,36,0.5,32,included,included
dfm_tierC_k1,C,H3,standard,2024Q1,cpi_services,cpi_services_mom_log,72,36,36,0.5,29,included,included
dfm_tierC_k1,C,H3,standard,2024Q1,exports_total,exports_total_yoy_log,72,24,48,0.3333333333333333,24,included,included
dfm_tierC_k1,C,H3,standard,2024Q1,exports_non_gold,exports_non_gold_yoy_log,72,24,48,0.3333333333333333,24,included,included
dfm_tierC_k1,C,H3,standard,2024Q1,imports_total,imports_total_yoy_log,72,24,48,0.3333333333333333,24,included,included
dfm_tierC_k1,C,H3,standard,2024Q1,gold_exports_proxy,gold_exports_proxy_usd_m,72,36,36,0.5,35,included,included
dfm_tierC_k1,C,H3,standard,2024Q2,ppi,ppi_mom_log,75,75,0,1.0,38,included,included
dfm_tierC_k1,C,H3,standard,2024Q2,usd_uzs,usd_uzs_mom_dlog,75,75,0,1.0,75,included,included
dfm_tierC_k1,C,H3,standard,2024Q2,rub_uzs,rub_uzs_mom_dlog,75,75,0,1.0,75,included,included
dfm_tierC_k1,C,H3,standard,2024Q2,gold_price,gold_price_mom_dlog,75,75,0,1.0,74,included,included
dfm_tierC_k1,C,H3,standard,2024Q2,m2,m2_yoy_log,75,75,0,1.0,75,included,included
dfm_tierC_k1,C,H3,standard,2024Q2,fx_reserves_ex_gold,fx_reserves_exgold_yoy_log,75,75,0,1.0,75,included,included
dfm_tierC_k1,C,H3,standard,2024Q2,industrial_production,ind_prod_yoy_log,75,51,24,0.68,51,included,included
dfm_tierC_k1,C,H3,standard,2024Q2,manufacturing,manufacturing_yoy_log,75,51,24,0.68,51,included,included
dfm_tierC_k1,C,H3,standard,2024Q2,mining,mining_yoy_log,75,51,24,0.68,51,included,included
dfm_tierC_k1,C,H3,standard,2024Q2,electricity_gas,utilities_yoy_log,75,51,24,0.68,51,included,included
dfm_tierC_k1,C,H3,standard,2024Q2,retail_trade,retail_yoy_log,75,39,36,0.52,39,included,included
dfm_tierC_k1,C,H3,standard,2024Q2,wholesale_trade,wholesale_yoy_log,75,38,37,0.5066666666666667,38,included,included
dfm_tierC_k1,C,H3,standard,2024Q2,construction,construction_yoy_log,75,27,48,0.36,27,included,included
dfm_tierC_k1,C,H3,standard,2024Q2,cpi_headline,cpi_headline_mom_log,75,39,36,0.52,32,included,included
dfm_tierC_k1,C,H3,standard,2024Q2,cpi_food,cpi_food_mom_log,75,39,36,0.52,34,included,included
dfm_tierC_k1,C,H3,standard,2024Q2,cpi_services,cpi_services_mom_log,75,39,36,0.52,31,included,included
dfm_tierC_k1,C,H3,standard,2024Q2,exports_total,exports_total_yoy_log,75,27,48,0.36,27,included,included
dfm_tierC_k1,C,H3,standard,2024Q2,exports_non_gold,exports_non_gold_yoy_log,75,27,48,0.36,27,included,included
dfm_tierC_k1,C,H3,standard,2024Q2,imports_total,imports_total_yoy_log,75,27,48,0.36,27,included,included
dfm_tierC_k1,C,H3,standard,2024Q2,gold_exports_proxy,gold_exports_proxy_usd_m,75,39,36,0.52,38,included,included
dfm_tierC_k1,C,H3,standard,2024Q3,ppi,ppi_mom_log,78,78,0,1.0,38,included,included
dfm_tierC_k1,C,H3,standard,2024Q3,usd_uzs,usd_uzs_mom_dlog,78,78,0,1.0,78,included,included
dfm_tierC_k1,C,H3,standard,2024Q3,rub_uzs,rub_uzs_mom_dlog,78,78,0,1.0,78,included,included
dfm_tierC_k1,C,H3,standard,2024Q3,gold_price,gold_price_mom_dlog,78,78,0,1.0,77,included,included
dfm_tierC_k1,C,H3,standard,2024Q3,m2,m2_yoy_log,78,78,0,1.0,78,included,included
dfm_tierC_k1,C,H3,standard,2024Q3,fx_reserves_ex_gold,fx_reserves_exgold_yoy_log,78,78,0,1.0,78,included,included
dfm_tierC_k1,C,H3,standard,2024Q3,industrial_production,ind_prod_yoy_log,78,54,24,0.6923076923076923,54,included,included
dfm_tierC_k1,C,H3,standard,2024Q3,manufacturing,manufacturing_yoy_log,78,54,24,0.6923076923076923,54,included,included
dfm_tierC_k1,C,H3,standard,2024Q3,mining,mining_yoy_log,78,54,24,0.6923076923076923,54,included,included
dfm_tierC_k1,C,H3,standard,2024Q3,electricity_gas,utilities_yoy_log,78,54,24,0.6923076923076923,54,included,included
dfm_tierC_k1,C,H3,standard,2024Q3,retail_trade,retail_yoy_log,78,42,36,0.5384615384615384,42,included,included
dfm_tierC_k1,C,H3,standard,2024Q3,wholesale_trade,wholesale_yoy_log,78,41,37,0.5256410256410257,41,included,included
dfm_tierC_k1,C,H3,standard,2024Q3,construction,construction_yoy_log,78,30,48,0.38461538461538464,30,included,included
dfm_tierC_k1,C,H3,standard,2024Q3,cpi_headline,cpi_headline_mom_log,78,42,36,0.5384615384615384,35,included,included
dfm_tierC_k1,C,H3,standard,2024Q3,cpi_food,cpi_food_mom_log,78,42,36,0.5384615384615384,37,included,included
dfm_tierC_k1,C,H3,standard,2024Q3,cpi_services,cpi_services_mom_log,78,42,36,0.5384615384615384,34,included,included
dfm_tierC_k1,C,H3,standard,2024Q3,exports_total,exports_total_yoy_log,78,30,48,0.38461538461538464,30,included,included
dfm_tierC_k1,C,H3,standard,2024Q3,exports_non_gold,exports_non_gold_yoy_log,78,30,48,0.38461538461538464,30,included,included
dfm_tierC_k1,C,H3,standard,2024Q3,imports_total,imports_total_yoy_log,78,30,48,0.38461538461538464,30,included,included
dfm_tierC_k1,C,H3,standard,2024Q3,gold_exports_proxy,gold_exports_proxy_usd_m,78,42,36,0.5384615384615384,41,included,included
dfm_tierC_k1,C,H3,standard,2024Q4,ppi,ppi_mom_log,81,81,0,1.0,38,included,included
dfm_tierC_k1,C,H3,standard,2024Q4,usd_uzs,usd_uzs_mom_dlog,81,81,0,1.0,81,included,included
dfm_tierC_k1,C,H3,standard,2024Q4,rub_uzs,rub_uzs_mom_dlog,81,81,0,1.0,81,included,included
dfm_tierC_k1,C,H3,standard,2024Q4,gold_price,gold_price_mom_dlog,81,81,0,1.0,80,included,included
dfm_tierC_k1,C,H3,standard,2024Q4,m2,m2_yoy_log,81,81,0,1.0,81,included,included
dfm_tierC_k1,C,H3,standard,2024Q4,fx_reserves_ex_gold,fx_reserves_exgold_yoy_log,81,81,0,1.0,81,included,included
dfm_tierC_k1,C,H3,standard,2024Q4,industrial_production,ind_prod_yoy_log,81,57,24,0.7037037037037037,57,included,included
dfm_tierC_k1,C,H3,standard,2024Q4,manufacturing,manufacturing_yoy_log,81,57,24,0.7037037037037037,57,included,included
dfm_tierC_k1,C,H3,standard,2024Q4,mining,mining_yoy_log,81,57,24,0.7037037037037037,57,included,included
dfm_tierC_k1,C,H3,standard,2024Q4,electricity_gas,utilities_yoy_log,81,57,24,0.7037037037037037,57,included,included
dfm_tierC_k1,C,H3,standard,2024Q4,retail_trade,retail_yoy_log,81,45,36,0.5555555555555556,45,included,included
dfm_tierC_k1,C,H3,standard,2024Q4,wholesale_trade,wholesale_yoy_log,81,44,37,0.5432098765432098,44,included,included
dfm_tierC_k1,C,H3,standard,2024Q4,construction,construction_yoy_log,81,33,48,0.4074074074074074,33,included,included
dfm_tierC_k1,C,H3,standard,2024Q4,cpi_headline,cpi_headline_mom_log,81,45,36,0.5555555555555556,37,included,included
dfm_tierC_k1,C,H3,standard,2024Q4,cpi_food,cpi_food_mom_log,81,45,36,0.5555555555555556,39,included,included
dfm_tierC_k1,C,H3,standard,2024Q4,cpi_services,cpi_services_mom_log,81,45,36,0.5555555555555556,35,included,included
dfm_tierC_k1,C,H3,standard,2024Q4,exports_total,exports_total_yoy_log,81,33,48,0.4074074074074074,33,included,included
dfm_tierC_k1,C,H3,standard,2024Q4,exports_non_gold,exports_non_gold_yoy_log,81,33,48,0.4074074074074074,33,included,included
dfm_tierC_k1,C,H3,standard,2024Q4,imports_total,imports_total_yoy_log,81,33,48,0.4074074074074074,33,included,included
dfm_tierC_k1,C,H3,standard,2024Q4,gold_exports_proxy,gold_exports_proxy_usd_m,81,45,36,0.5555555555555556,44,included,included
dfm_tierC_k1,C,H3,standard,2025Q1,ppi,ppi_mom_log,84,84,0,1.0,38,included,included
dfm_tierC_k1,C,H3,standard,2025Q1,usd_uzs,usd_uzs_mom_dlog,84,84,0,1.0,84,included,included
dfm_tierC_k1,C,H3,standard,2025Q1,rub_uzs,rub_uzs_mom_dlog,84,84,0,1.0,84,included,included
dfm_tierC_k1,C,H3,standard,2025Q1,gold_price,gold_price_mom_dlog,84,84,0,1.0,83,included,included
dfm_tierC_k1,C,H3,standard,2025Q1,m2,m2_yoy_log,84,84,0,1.0,84,included,included
dfm_tierC_k1,C,H3,standard,2025Q1,fx_reserves_ex_gold,fx_reserves_exgold_yoy_log,84,84,0,1.0,84,included,included
dfm_tierC_k1,C,H3,standard,2025Q1,industrial_production,ind_prod_yoy_log,84,60,24,0.7142857142857143,60,included,included
dfm_tierC_k1,C,H3,standard,2025Q1,manufacturing,manufacturing_yoy_log,84,60,24,0.7142857142857143,60,included,included
dfm_tierC_k1,C,H3,standard,2025Q1,mining,mining_yoy_log,84,60,24,0.7142857142857143,60,included,included
dfm_tierC_k1,C,H3,standard,2025Q1,electricity_gas,utilities_yoy_log,84,60,24,0.7142857142857143,60,included,included
dfm_tierC_k1,C,H3,standard,2025Q1,retail_trade,retail_yoy_log,84,48,36,0.5714285714285714,48,included,included
dfm_tierC_k1,C,H3,standard,2025Q1,wholesale_trade,wholesale_yoy_log,84,46,38,0.5476190476190477,46,included,included
dfm_tierC_k1,C,H3,standard,2025Q1,construction,construction_yoy_log,84,36,48,0.42857142857142855,36,included,included
dfm_tierC_k1,C,H3,standard,2025Q1,cpi_headline,cpi_headline_mom_log,84,48,36,0.5714285714285714,37,included,included
dfm_tierC_k1,C,H3,standard,2025Q1,cpi_food,cpi_food_mom_log,84,48,36,0.5714285714285714,41,included,included
dfm_tierC_k1,C,H3,standard,2025Q1,cpi_services,cpi_services_mom_log,84,48,36,0.5714285714285714,38,included,included
dfm_tierC_k1,C,H3,standard,2025Q1,exports_total,exports_total_yoy_log,84,36,48,0.42857142857142855,36,included,included
dfm_tierC_k1,C,H3,standard,2025Q1,exports_non_gold,exports_non_gold_yoy_log,84,36,48,0.42857142857142855,36,included,included
dfm_tierC_k1,C,H3,standard,2025Q1,imports_total,imports_total_yoy_log,84,36,48,0.42857142857142855,36,included,included
dfm_tierC_k1,C,H3,standard,2025Q1,gold_exports_proxy,gold_exports_proxy_usd_m,84,48,36,0.5714285714285714,47,included,included
dfm_tierC_k1,C,H3,standard,2025Q2,ppi,ppi_mom_log,87,87,0,1.0,38,included,included
dfm_tierC_k1,C,H3,standard,2025Q2,usd_uzs,usd_uzs_mom_dlog,87,87,0,1.0,87,included,included
dfm_tierC_k1,C,H3,standard,2025Q2,rub_uzs,rub_uzs_mom_dlog,87,87,0,1.0,87,included,included
dfm_tierC_k1,C,H3,standard,2025Q2,gold_price,gold_price_mom_dlog,87,87,0,1.0,86,included,included
dfm_tierC_k1,C,H3,standard,2025Q2,m2,m2_yoy_log,87,87,0,1.0,87,included,included
dfm_tierC_k1,C,H3,standard,2025Q2,fx_reserves_ex_gold,fx_reserves_exgold_yoy_log,87,87,0,1.0,87,included,included
dfm_tierC_k1,C,H3,standard,2025Q2,industrial_production,ind_prod_yoy_log,87,63,24,0.7241379310344828,63,included,included
dfm_tierC_k1,C,H3,standard,2025Q2,manufacturing,manufacturing_yoy_log,87,63,24,0.7241379310344828,63,included,included
dfm_tierC_k1,C,H3,standard,2025Q2,mining,mining_yoy_log,87,63,24,0.7241379310344828,63,included,included
dfm_tierC_k1,C,H3,standard,2025Q2,electricity_gas,utilities_yoy_log,87,63,24,0.7241379310344828,63,included,included
dfm_tierC_k1,C,H3,standard,2025Q2,retail_trade,retail_yoy_log,87,51,36,0.5862068965517241,51,included,included
dfm_tierC_k1,C,H3,standard,2025Q2,wholesale_trade,wholesale_yoy_log,87,49,38,0.5632183908045977,49,included,included
dfm_tierC_k1,C,H3,standard,2025Q2,construction,construction_yoy_log,87,39,48,0.4482758620689655,39,included,included
dfm_tierC_k1,C,H3,standard,2025Q2,cpi_headline,cpi_headline_mom_log,87,51,36,0.5862068965517241,39,included,included
dfm_tierC_k1,C,H3,standard,2025Q2,cpi_food,cpi_food_mom_log,87,51,36,0.5862068965517241,43,included,included
dfm_tierC_k1,C,H3,standard,2025Q2,cpi_services,cpi_services_mom_log,87,51,36,0.5862068965517241,41,included,included
dfm_tierC_k1,C,H3,standard,2025Q2,exports_total,exports_total_yoy_log,87,39,48,0.4482758620689655,39,included,included
dfm_tierC_k1,C,H3,standard,2025Q2,exports_non_gold,exports_non_gold_yoy_log,87,39,48,0.4482758620689655,39,included,included
dfm_tierC_k1,C,H3,standard,2025Q2,imports_total,imports_total_yoy_log,87,39,48,0.4482758620689655,39,included,included
dfm_tierC_k1,C,H3,standard,2025Q2,gold_exports_proxy,gold_exports_proxy_usd_m,87,51,36,0.5862068965517241,50,included,included
dfm_tierA_k1,A,H3,conservative,2021Q1,ppi,ppi_mom_log,36,36,0,1.0,26,included,included
dfm_tierA_k1,A,H3,conservative,2021Q1,usd_uzs,usd_uzs_mom_dlog,36,36,0,1.0,36,included,included
dfm_tierA_k1,A,H3,conservative,2021Q1,rub_uzs,rub_uzs_mom_dlog,36,36,0,1.0,36,included,included
dfm_tierA_k1,A,H3,conservative,2021Q1,gold_price,gold_price_mom_dlog,36,36,0,1.0,36,included,included
dfm_tierA_k1,A,H3,conservative,2021Q1,m2,m2_yoy_log,36,36,0,1.0,36,included,included
dfm_tierA_k1,A,H3,conservative,2021Q1,fx_reserves_ex_gold,fx_reserves_exgold_yoy_log,36,36,0,1.0,36,included,included
dfm_tierA_k1,A,H3,conservative,2021Q2,ppi,ppi_mom_log,39,39,0,1.0,26,included,included
dfm_tierA_k1,A,H3,conservative,2021Q2,usd_uzs,usd_uzs_mom_dlog,39,39,0,1.0,39,included,included
dfm_tierA_k1,A,H3,conservative,2021Q2,rub_uzs,rub_uzs_mom_dlog,39,39,0,1.0,39,included,included
dfm_tierA_k1,A,H3,conservative,2021Q2,gold_price,gold_price_mom_dlog,39,39,0,1.0,39,included,included
dfm_tierA_k1,A,H3,conservative,2021Q2,m2,m2_yoy_log,39,39,0,1.0,39,included,included
dfm_tierA_k1,A,H3,conservative,2021Q2,fx_reserves_ex_gold,fx_reserves_exgold_yoy_log,39,39,0,1.0,39,included,included
dfm_tierA_k1,A,H3,conservative,2021Q3,ppi,ppi_mom_log,42,42,0,1.0,27,included,included
dfm_tierA_k1,A,H3,conservative,2021Q3,usd_uzs,usd_uzs_mom_dlog,42,42,0,1.0,42,included,included
dfm_tierA_k1,A,H3,conservative,2021Q3,rub_uzs,rub_uzs_mom_dlog,42,42,0,1.0,42,included,included
dfm_tierA_k1,A,H3,conservative,2021Q3,gold_price,gold_price_mom_dlog,42,42,0,1.0,42,included,included
dfm_tierA_k1,A,H3,conservative,2021Q3,m2,m2_yoy_log,42,42,0,1.0,42,included,included
dfm_tierA_k1,A,H3,conservative,2021Q3,fx_reserves_ex_gold,fx_reserves_exgold_yoy_log,42,42,0,1.0,42,included,included
dfm_tierA_k1,A,H3,conservative,2021Q4,ppi,ppi_mom_log,45,45,0,1.0,29,included,included
dfm_tierA_k1,A,H3,conservative,2021Q4,usd_uzs,usd_uzs_mom_dlog,45,45,0,1.0,45,included,included
dfm_tierA_k1,A,H3,conservative,2021Q4,rub_uzs,rub_uzs_mom_dlog,45,45,0,1.0,45,included,included
dfm_tierA_k1,A,H3,conservative,2021Q4,gold_price,gold_price_mom_dlog,45,45,0,1.0,45,included,included
dfm_tierA_k1,A,H3,conservative,2021Q4,m2,m2_yoy_log,45,45,0,1.0,45,included,included
dfm_tierA_k1,A,H3,conservative,2021Q4,fx_reserves_ex_gold,fx_reserves_exgold_yoy_log,45,45,0,1.0,45,included,included
dfm_tierA_k1,A,H3,conservative,2022Q1,ppi,ppi_mom_log,48,48,0,1.0,31,included,included
dfm_tierA_k1,A,H3,conservative,2022Q1,usd_uzs,usd_uzs_mom_dlog,48,48,0,1.0,48,included,included
dfm_tierA_k1,A,H3,conservative,2022Q1,rub_uzs,rub_uzs_mom_dlog,48,48,0,1.0,48,included,included
dfm_tierA_k1,A,H3,conservative,2022Q1,gold_price,gold_price_mom_dlog,48,48,0,1.0,48,included,included
dfm_tierA_k1,A,H3,conservative,2022Q1,m2,m2_yoy_log,48,48,0,1.0,48,included,included
dfm_tierA_k1,A,H3,conservative,2022Q1,fx_reserves_ex_gold,fx_reserves_exgold_yoy_log,48,48,0,1.0,48,included,included
dfm_tierA_k1,A,H3,conservative,2022Q2,ppi,ppi_mom_log,51,51,0,1.0,32,included,included
dfm_tierA_k1,A,H3,conservative,2022Q2,usd_uzs,usd_uzs_mom_dlog,51,51,0,1.0,51,included,included
dfm_tierA_k1,A,H3,conservative,2022Q2,rub_uzs,rub_uzs_mom_dlog,51,51,0,1.0,51,included,included
dfm_tierA_k1,A,H3,conservative,2022Q2,gold_price,gold_price_mom_dlog,51,51,0,1.0,51,included,included
dfm_tierA_k1,A,H3,conservative,2022Q2,m2,m2_yoy_log,51,51,0,1.0,51,included,included
dfm_tierA_k1,A,H3,conservative,2022Q2,fx_reserves_ex_gold,fx_reserves_exgold_yoy_log,51,51,0,1.0,51,included,included
dfm_tierA_k1,A,H3,conservative,2022Q3,ppi,ppi_mom_log,54,54,0,1.0,33,included,included
dfm_tierA_k1,A,H3,conservative,2022Q3,usd_uzs,usd_uzs_mom_dlog,54,54,0,1.0,54,included,included
dfm_tierA_k1,A,H3,conservative,2022Q3,rub_uzs,rub_uzs_mom_dlog,54,54,0,1.0,54,included,included
dfm_tierA_k1,A,H3,conservative,2022Q3,gold_price,gold_price_mom_dlog,54,54,0,1.0,54,included,included
dfm_tierA_k1,A,H3,conservative,2022Q3,m2,m2_yoy_log,54,54,0,1.0,54,included,included
dfm_tierA_k1,A,H3,conservative,2022Q3,fx_reserves_ex_gold,fx_reserves_exgold_yoy_log,54,54,0,1.0,54,included,included
dfm_tierA_k1,A,H3,conservative,2022Q4,ppi,ppi_mom_log,57,57,0,1.0,35,included,included
dfm_tierA_k1,A,H3,conservative,2022Q4,usd_uzs,usd_uzs_mom_dlog,57,57,0,1.0,57,included,included
dfm_tierA_k1,A,H3,conservative,2022Q4,rub_uzs,rub_uzs_mom_dlog,57,57,0,1.0,57,included,included
dfm_tierA_k1,A,H3,conservative,2022Q4,gold_price,gold_price_mom_dlog,57,57,0,1.0,57,included,included
dfm_tierA_k1,A,H3,conservative,2022Q4,m2,m2_yoy_log,57,57,0,1.0,57,included,included
dfm_tierA_k1,A,H3,conservative,2022Q4,fx_reserves_ex_gold,fx_reserves_exgold_yoy_log,57,57,0,1.0,57,included,included
dfm_tierA_k1,A,H3,conservative,2023Q1,ppi,ppi_mom_log,60,60,0,1.0,35,included,included
dfm_tierA_k1,A,H3,conservative,2023Q1,usd_uzs,usd_uzs_mom_dlog,60,60,0,1.0,60,included,included
dfm_tierA_k1,A,H3,conservative,2023Q1,rub_uzs,rub_uzs_mom_dlog,60,60,0,1.0,60,included,included
dfm_tierA_k1,A,H3,conservative,2023Q1,gold_price,gold_price_mom_dlog,60,60,0,1.0,60,included,included
dfm_tierA_k1,A,H3,conservative,2023Q1,m2,m2_yoy_log,60,60,0,1.0,60,included,included
dfm_tierA_k1,A,H3,conservative,2023Q1,fx_reserves_ex_gold,fx_reserves_exgold_yoy_log,60,60,0,1.0,60,included,included
dfm_tierA_k1,A,H3,conservative,2023Q2,ppi,ppi_mom_log,63,63,0,1.0,36,included,included
dfm_tierA_k1,A,H3,conservative,2023Q2,usd_uzs,usd_uzs_mom_dlog,63,63,0,1.0,63,included,included
dfm_tierA_k1,A,H3,conservative,2023Q2,rub_uzs,rub_uzs_mom_dlog,63,63,0,1.0,63,included,included
dfm_tierA_k1,A,H3,conservative,2023Q2,gold_price,gold_price_mom_dlog,63,63,0,1.0,63,included,included
dfm_tierA_k1,A,H3,conservative,2023Q2,m2,m2_yoy_log,63,63,0,1.0,63,included,included
dfm_tierA_k1,A,H3,conservative,2023Q2,fx_reserves_ex_gold,fx_reserves_exgold_yoy_log,63,63,0,1.0,63,included,included
dfm_tierA_k1,A,H3,conservative,2023Q3,ppi,ppi_mom_log,66,66,0,1.0,36,included,included
dfm_tierA_k1,A,H3,conservative,2023Q3,usd_uzs,usd_uzs_mom_dlog,66,66,0,1.0,66,included,included
dfm_tierA_k1,A,H3,conservative,2023Q3,rub_uzs,rub_uzs_mom_dlog,66,66,0,1.0,66,included,included
dfm_tierA_k1,A,H3,conservative,2023Q3,gold_price,gold_price_mom_dlog,66,66,0,1.0,66,included,included
dfm_tierA_k1,A,H3,conservative,2023Q3,m2,m2_yoy_log,66,66,0,1.0,66,included,included
dfm_tierA_k1,A,H3,conservative,2023Q3,fx_reserves_ex_gold,fx_reserves_exgold_yoy_log,66,66,0,1.0,66,included,included
dfm_tierA_k1,A,H3,conservative,2023Q4,ppi,ppi_mom_log,69,69,0,1.0,36,included,included
dfm_tierA_k1,A,H3,conservative,2023Q4,usd_uzs,usd_uzs_mom_dlog,69,69,0,1.0,69,included,included
dfm_tierA_k1,A,H3,conservative,2023Q4,rub_uzs,rub_uzs_mom_dlog,69,69,0,1.0,69,included,included
dfm_tierA_k1,A,H3,conservative,2023Q4,gold_price,gold_price_mom_dlog,69,69,0,1.0,69,included,included
dfm_tierA_k1,A,H3,conservative,2023Q4,m2,m2_yoy_log,69,69,0,1.0,69,included,included
dfm_tierA_k1,A,H3,conservative,2023Q4,fx_reserves_ex_gold,fx_reserves_exgold_yoy_log,69,69,0,1.0,69,included,included
dfm_tierA_k1,A,H3,conservative,2024Q1,ppi,ppi_mom_log,72,72,0,1.0,37,included,included
dfm_tierA_k1,A,H3,conservative,2024Q1,usd_uzs,usd_uzs_mom_dlog,72,72,0,1.0,72,included,included
dfm_tierA_k1,A,H3,conservative,2024Q1,rub_uzs,rub_uzs_mom_dlog,72,72,0,1.0,72,included,included
dfm_tierA_k1,A,H3,conservative,2024Q1,gold_price,gold_price_mom_dlog,72,72,0,1.0,71,included,included
dfm_tierA_k1,A,H3,conservative,2024Q1,m2,m2_yoy_log,72,72,0,1.0,72,included,included
dfm_tierA_k1,A,H3,conservative,2024Q1,fx_reserves_ex_gold,fx_reserves_exgold_yoy_log,72,72,0,1.0,72,included,included
dfm_tierA_k1,A,H3,conservative,2024Q2,ppi,ppi_mom_log,75,75,0,1.0,38,included,included
dfm_tierA_k1,A,H3,conservative,2024Q2,usd_uzs,usd_uzs_mom_dlog,75,75,0,1.0,75,included,included
dfm_tierA_k1,A,H3,conservative,2024Q2,rub_uzs,rub_uzs_mom_dlog,75,75,0,1.0,75,included,included
dfm_tierA_k1,A,H3,conservative,2024Q2,gold_price,gold_price_mom_dlog,75,75,0,1.0,74,included,included
dfm_tierA_k1,A,H3,conservative,2024Q2,m2,m2_yoy_log,75,75,0,1.0,75,included,included
dfm_tierA_k1,A,H3,conservative,2024Q2,fx_reserves_ex_gold,fx_reserves_exgold_yoy_log,75,75,0,1.0,75,included,included
dfm_tierA_k1,A,H3,conservative,2024Q3,ppi,ppi_mom_log,78,78,0,1.0,38,included,included
dfm_tierA_k1,A,H3,conservative,2024Q3,usd_uzs,usd_uzs_mom_dlog,78,78,0,1.0,78,included,included
dfm_tierA_k1,A,H3,conservative,2024Q3,rub_uzs,rub_uzs_mom_dlog,78,78,0,1.0,78,included,included
dfm_tierA_k1,A,H3,conservative,2024Q3,gold_price,gold_price_mom_dlog,78,78,0,1.0,77,included,included
dfm_tierA_k1,A,H3,conservative,2024Q3,m2,m2_yoy_log,78,78,0,1.0,78,included,included
dfm_tierA_k1,A,H3,conservative,2024Q3,fx_reserves_ex_gold,fx_reserves_exgold_yoy_log,78,78,0,1.0,78,included,included
dfm_tierA_k1,A,H3,conservative,2024Q4,ppi,ppi_mom_log,81,81,0,1.0,38,included,included
dfm_tierA_k1,A,H3,conservative,2024Q4,usd_uzs,usd_uzs_mom_dlog,81,81,0,1.0,81,included,included
dfm_tierA_k1,A,H3,conservative,2024Q4,rub_uzs,rub_uzs_mom_dlog,81,81,0,1.0,81,included,included
dfm_tierA_k1,A,H3,conservative,2024Q4,gold_price,gold_price_mom_dlog,81,81,0,1.0,80,included,included
dfm_tierA_k1,A,H3,conservative,2024Q4,m2,m2_yoy_log,81,81,0,1.0,81,included,included
dfm_tierA_k1,A,H3,conservative,2024Q4,fx_reserves_ex_gold,fx_reserves_exgold_yoy_log,81,81,0,1.0,81,included,included
dfm_tierA_k1,A,H3,conservative,2025Q1,ppi,ppi_mom_log,84,84,0,1.0,38,included,included
dfm_tierA_k1,A,H3,conservative,2025Q1,usd_uzs,usd_uzs_mom_dlog,84,84,0,1.0,84,included,included
dfm_tierA_k1,A,H3,conservative,2025Q1,rub_uzs,rub_uzs_mom_dlog,84,84,0,1.0,84,included,included
dfm_tierA_k1,A,H3,conservative,2025Q1,gold_price,gold_price_mom_dlog,84,84,0,1.0,83,included,included
dfm_tierA_k1,A,H3,conservative,2025Q1,m2,m2_yoy_log,84,84,0,1.0,84,included,included
dfm_tierA_k1,A,H3,conservative,2025Q1,fx_reserves_ex_gold,fx_reserves_exgold_yoy_log,84,84,0,1.0,84,included,included
dfm_tierA_k1,A,H3,conservative,2025Q2,ppi,ppi_mom_log,87,87,0,1.0,38,included,included
dfm_tierA_k1,A,H3,conservative,2025Q2,usd_uzs,usd_uzs_mom_dlog,87,87,0,1.0,87,included,included
dfm_tierA_k1,A,H3,conservative,2025Q2,rub_uzs,rub_uzs_mom_dlog,87,87,0,1.0,87,included,included
dfm_tierA_k1,A,H3,conservative,2025Q2,gold_price,gold_price_mom_dlog,87,87,0,1.0,86,included,included
dfm_tierA_k1,A,H3,conservative,2025Q2,m2,m2_yoy_log,87,87,0,1.0,87,included,included
dfm_tierA_k1,A,H3,conservative,2025Q2,fx_reserves_ex_gold,fx_reserves_exgold_yoy_log,87,87,0,1.0,87,included,included
dfm_tierB_k1,B,H3,conservative,2021Q1,ppi,ppi_mom_log,36,36,0,1.0,26,included,included
dfm_tierB_k1,B,H3,conservative,2021Q1,usd_uzs,usd_uzs_mom_dlog,36,36,0,1.0,36,included,included
dfm_tierB_k1,B,H3,conservative,2021Q1,rub_uzs,rub_uzs_mom_dlog,36,36,0,1.0,36,included,included
dfm_tierB_k1,B,H3,conservative,2021Q1,gold_price,gold_price_mom_dlog,36,36,0,1.0,36,included,included
dfm_tierB_k1,B,H3,conservative,2021Q1,m2,m2_yoy_log,36,36,0,1.0,36,included,included
dfm_tierB_k1,B,H3,conservative,2021Q1,fx_reserves_ex_gold,fx_reserves_exgold_yoy_log,36,36,0,1.0,36,included,included
dfm_tierB_k1,B,H3,conservative,2021Q1,industrial_production,ind_prod_yoy_log,36,12,24,0.3333333333333333,12,included,included
dfm_tierB_k1,B,H3,conservative,2021Q1,manufacturing,manufacturing_yoy_log,36,12,24,0.3333333333333333,12,included,included
dfm_tierB_k1,B,H3,conservative,2021Q1,mining,mining_yoy_log,36,12,24,0.3333333333333333,12,included,included
dfm_tierB_k1,B,H3,conservative,2021Q1,electricity_gas,utilities_yoy_log,36,12,24,0.3333333333333333,12,included,included
dfm_tierB_k1,B,H3,conservative,2021Q1,retail_trade,retail_yoy_log,36,0,36,0.0,0,excluded,insufficient_in_window_coverage
dfm_tierB_k1,B,H3,conservative,2021Q1,wholesale_trade,wholesale_yoy_log,36,0,36,0.0,0,excluded,insufficient_in_window_coverage
dfm_tierB_k1,B,H3,conservative,2021Q2,ppi,ppi_mom_log,39,39,0,1.0,26,included,included
dfm_tierB_k1,B,H3,conservative,2021Q2,usd_uzs,usd_uzs_mom_dlog,39,39,0,1.0,39,included,included
dfm_tierB_k1,B,H3,conservative,2021Q2,rub_uzs,rub_uzs_mom_dlog,39,39,0,1.0,39,included,included
dfm_tierB_k1,B,H3,conservative,2021Q2,gold_price,gold_price_mom_dlog,39,39,0,1.0,39,included,included
dfm_tierB_k1,B,H3,conservative,2021Q2,m2,m2_yoy_log,39,39,0,1.0,39,included,included
dfm_tierB_k1,B,H3,conservative,2021Q2,fx_reserves_ex_gold,fx_reserves_exgold_yoy_log,39,39,0,1.0,39,included,included
dfm_tierB_k1,B,H3,conservative,2021Q2,industrial_production,ind_prod_yoy_log,39,15,24,0.38461538461538464,15,included,included
dfm_tierB_k1,B,H3,conservative,2021Q2,manufacturing,manufacturing_yoy_log,39,15,24,0.38461538461538464,15,included,included
dfm_tierB_k1,B,H3,conservative,2021Q2,mining,mining_yoy_log,39,15,24,0.38461538461538464,15,included,included
dfm_tierB_k1,B,H3,conservative,2021Q2,electricity_gas,utilities_yoy_log,39,15,24,0.38461538461538464,15,included,included
dfm_tierB_k1,B,H3,conservative,2021Q2,retail_trade,retail_yoy_log,39,3,36,0.07692307692307693,3,excluded,insufficient_in_window_coverage
dfm_tierB_k1,B,H3,conservative,2021Q2,wholesale_trade,wholesale_yoy_log,39,3,36,0.07692307692307693,3,excluded,insufficient_in_window_coverage
dfm_tierB_k1,B,H3,conservative,2021Q3,ppi,ppi_mom_log,42,42,0,1.0,27,included,included
dfm_tierB_k1,B,H3,conservative,2021Q3,usd_uzs,usd_uzs_mom_dlog,42,42,0,1.0,42,included,included
dfm_tierB_k1,B,H3,conservative,2021Q3,rub_uzs,rub_uzs_mom_dlog,42,42,0,1.0,42,included,included
dfm_tierB_k1,B,H3,conservative,2021Q3,gold_price,gold_price_mom_dlog,42,42,0,1.0,42,included,included
dfm_tierB_k1,B,H3,conservative,2021Q3,m2,m2_yoy_log,42,42,0,1.0,42,included,included
dfm_tierB_k1,B,H3,conservative,2021Q3,fx_reserves_ex_gold,fx_reserves_exgold_yoy_log,42,42,0,1.0,42,included,included
dfm_tierB_k1,B,H3,conservative,2021Q3,industrial_production,ind_prod_yoy_log,42,18,24,0.42857142857142855,18,included,included
dfm_tierB_k1,B,H3,conservative,2021Q3,manufacturing,manufacturing_yoy_log,42,18,24,0.42857142857142855,18,included,included
dfm_tierB_k1,B,H3,conservative,2021Q3,mining,mining_yoy_log,42,18,24,0.42857142857142855,18,included,included
dfm_tierB_k1,B,H3,conservative,2021Q3,electricity_gas,utilities_yoy_log,42,18,24,0.42857142857142855,18,included,included
dfm_tierB_k1,B,H3,conservative,2021Q3,retail_trade,retail_yoy_log,42,6,36,0.14285714285714285,6,excluded,insufficient_in_window_coverage
dfm_tierB_k1,B,H3,conservative,2021Q3,wholesale_trade,wholesale_yoy_log,42,6,36,0.14285714285714285,6,excluded,insufficient_in_window_coverage
dfm_tierB_k1,B,H3,conservative,2021Q4,ppi,ppi_mom_log,45,45,0,1.0,29,included,included
dfm_tierB_k1,B,H3,conservative,2021Q4,usd_uzs,usd_uzs_mom_dlog,45,45,0,1.0,45,included,included
dfm_tierB_k1,B,H3,conservative,2021Q4,rub_uzs,rub_uzs_mom_dlog,45,45,0,1.0,45,included,included
dfm_tierB_k1,B,H3,conservative,2021Q4,gold_price,gold_price_mom_dlog,45,45,0,1.0,45,included,included
dfm_tierB_k1,B,H3,conservative,2021Q4,m2,m2_yoy_log,45,45,0,1.0,45,included,included
dfm_tierB_k1,B,H3,conservative,2021Q4,fx_reserves_ex_gold,fx_reserves_exgold_yoy_log,45,45,0,1.0,45,included,included
dfm_tierB_k1,B,H3,conservative,2021Q4,industrial_production,ind_prod_yoy_log,45,21,24,0.4666666666666667,21,included,included
dfm_tierB_k1,B,H3,conservative,2021Q4,manufacturing,manufacturing_yoy_log,45,21,24,0.4666666666666667,21,included,included
dfm_tierB_k1,B,H3,conservative,2021Q4,mining,mining_yoy_log,45,21,24,0.4666666666666667,21,included,included
dfm_tierB_k1,B,H3,conservative,2021Q4,electricity_gas,utilities_yoy_log,45,21,24,0.4666666666666667,21,included,included
dfm_tierB_k1,B,H3,conservative,2021Q4,retail_trade,retail_yoy_log,45,9,36,0.2,9,excluded,insufficient_in_window_coverage
dfm_tierB_k1,B,H3,conservative,2021Q4,wholesale_trade,wholesale_yoy_log,45,9,36,0.2,9,excluded,insufficient_in_window_coverage
dfm_tierB_k1,B,H3,conservative,2022Q1,ppi,ppi_mom_log,48,48,0,1.0,31,included,included
dfm_tierB_k1,B,H3,conservative,2022Q1,usd_uzs,usd_uzs_mom_dlog,48,48,0,1.0,48,included,included
dfm_tierB_k1,B,H3,conservative,2022Q1,rub_uzs,rub_uzs_mom_dlog,48,48,0,1.0,48,included,included
dfm_tierB_k1,B,H3,conservative,2022Q1,gold_price,gold_price_mom_dlog,48,48,0,1.0,48,included,included
dfm_tierB_k1,B,H3,conservative,2022Q1,m2,m2_yoy_log,48,48,0,1.0,48,included,included
dfm_tierB_k1,B,H3,conservative,2022Q1,fx_reserves_ex_gold,fx_reserves_exgold_yoy_log,48,48,0,1.0,48,included,included
dfm_tierB_k1,B,H3,conservative,2022Q1,industrial_production,ind_prod_yoy_log,48,24,24,0.5,24,included,included
dfm_tierB_k1,B,H3,conservative,2022Q1,manufacturing,manufacturing_yoy_log,48,24,24,0.5,24,included,included
dfm_tierB_k1,B,H3,conservative,2022Q1,mining,mining_yoy_log,48,24,24,0.5,24,included,included
dfm_tierB_k1,B,H3,conservative,2022Q1,electricity_gas,utilities_yoy_log,48,24,24,0.5,24,included,included
dfm_tierB_k1,B,H3,conservative,2022Q1,retail_trade,retail_yoy_log,48,12,36,0.25,12,included,included
dfm_tierB_k1,B,H3,conservative,2022Q1,wholesale_trade,wholesale_yoy_log,48,12,36,0.25,12,included,included
dfm_tierB_k1,B,H3,conservative,2022Q2,ppi,ppi_mom_log,51,51,0,1.0,32,included,included
dfm_tierB_k1,B,H3,conservative,2022Q2,usd_uzs,usd_uzs_mom_dlog,51,51,0,1.0,51,included,included
dfm_tierB_k1,B,H3,conservative,2022Q2,rub_uzs,rub_uzs_mom_dlog,51,51,0,1.0,51,included,included
dfm_tierB_k1,B,H3,conservative,2022Q2,gold_price,gold_price_mom_dlog,51,51,0,1.0,51,included,included
dfm_tierB_k1,B,H3,conservative,2022Q2,m2,m2_yoy_log,51,51,0,1.0,51,included,included
dfm_tierB_k1,B,H3,conservative,2022Q2,fx_reserves_ex_gold,fx_reserves_exgold_yoy_log,51,51,0,1.0,51,included,included
dfm_tierB_k1,B,H3,conservative,2022Q2,industrial_production,ind_prod_yoy_log,51,27,24,0.5294117647058824,27,included,included
dfm_tierB_k1,B,H3,conservative,2022Q2,manufacturing,manufacturing_yoy_log,51,27,24,0.5294117647058824,27,included,included
dfm_tierB_k1,B,H3,conservative,2022Q2,mining,mining_yoy_log,51,27,24,0.5294117647058824,27,included,included
dfm_tierB_k1,B,H3,conservative,2022Q2,electricity_gas,utilities_yoy_log,51,27,24,0.5294117647058824,27,included,included
dfm_tierB_k1,B,H3,conservative,2022Q2,retail_trade,retail_yoy_log,51,15,36,0.29411764705882354,15,included,included
dfm_tierB_k1,B,H3,conservative,2022Q2,wholesale_trade,wholesale_yoy_log,51,15,36,0.29411764705882354,15,included,included
dfm_tierB_k1,B,H3,conservative,2022Q3,ppi,ppi_mom_log,54,54,0,1.0,33,included,included
dfm_tierB_k1,B,H3,conservative,2022Q3,usd_uzs,usd_uzs_mom_dlog,54,54,0,1.0,54,included,included
dfm_tierB_k1,B,H3,conservative,2022Q3,rub_uzs,rub_uzs_mom_dlog,54,54,0,1.0,54,included,included
dfm_tierB_k1,B,H3,conservative,2022Q3,gold_price,gold_price_mom_dlog,54,54,0,1.0,54,included,included
dfm_tierB_k1,B,H3,conservative,2022Q3,m2,m2_yoy_log,54,54,0,1.0,54,included,included
dfm_tierB_k1,B,H3,conservative,2022Q3,fx_reserves_ex_gold,fx_reserves_exgold_yoy_log,54,54,0,1.0,54,included,included
dfm_tierB_k1,B,H3,conservative,2022Q3,industrial_production,ind_prod_yoy_log,54,30,24,0.5555555555555556,30,included,included
dfm_tierB_k1,B,H3,conservative,2022Q3,manufacturing,manufacturing_yoy_log,54,30,24,0.5555555555555556,30,included,included
dfm_tierB_k1,B,H3,conservative,2022Q3,mining,mining_yoy_log,54,30,24,0.5555555555555556,30,included,included
dfm_tierB_k1,B,H3,conservative,2022Q3,electricity_gas,utilities_yoy_log,54,30,24,0.5555555555555556,30,included,included
dfm_tierB_k1,B,H3,conservative,2022Q3,retail_trade,retail_yoy_log,54,18,36,0.3333333333333333,18,included,included
dfm_tierB_k1,B,H3,conservative,2022Q3,wholesale_trade,wholesale_yoy_log,54,18,36,0.3333333333333333,18,included,included
dfm_tierB_k1,B,H3,conservative,2022Q4,ppi,ppi_mom_log,57,57,0,1.0,35,included,included
dfm_tierB_k1,B,H3,conservative,2022Q4,usd_uzs,usd_uzs_mom_dlog,57,57,0,1.0,57,included,included
dfm_tierB_k1,B,H3,conservative,2022Q4,rub_uzs,rub_uzs_mom_dlog,57,57,0,1.0,57,included,included
dfm_tierB_k1,B,H3,conservative,2022Q4,gold_price,gold_price_mom_dlog,57,57,0,1.0,57,included,included
dfm_tierB_k1,B,H3,conservative,2022Q4,m2,m2_yoy_log,57,57,0,1.0,57,included,included
dfm_tierB_k1,B,H3,conservative,2022Q4,fx_reserves_ex_gold,fx_reserves_exgold_yoy_log,57,57,0,1.0,57,included,included
dfm_tierB_k1,B,H3,conservative,2022Q4,industrial_production,ind_prod_yoy_log,57,33,24,0.5789473684210527,33,included,included
dfm_tierB_k1,B,H3,conservative,2022Q4,manufacturing,manufacturing_yoy_log,57,33,24,0.5789473684210527,33,included,included
dfm_tierB_k1,B,H3,conservative,2022Q4,mining,mining_yoy_log,57,33,24,0.5789473684210527,33,included,included
dfm_tierB_k1,B,H3,conservative,2022Q4,electricity_gas,utilities_yoy_log,57,33,24,0.5789473684210527,33,included,included
dfm_tierB_k1,B,H3,conservative,2022Q4,retail_trade,retail_yoy_log,57,21,36,0.3684210526315789,21,included,included
dfm_tierB_k1,B,H3,conservative,2022Q4,wholesale_trade,wholesale_yoy_log,57,21,36,0.3684210526315789,21,included,included
dfm_tierB_k1,B,H3,conservative,2023Q1,ppi,ppi_mom_log,60,60,0,1.0,35,included,included
dfm_tierB_k1,B,H3,conservative,2023Q1,usd_uzs,usd_uzs_mom_dlog,60,60,0,1.0,60,included,included
dfm_tierB_k1,B,H3,conservative,2023Q1,rub_uzs,rub_uzs_mom_dlog,60,60,0,1.0,60,included,included
dfm_tierB_k1,B,H3,conservative,2023Q1,gold_price,gold_price_mom_dlog,60,60,0,1.0,60,included,included
dfm_tierB_k1,B,H3,conservative,2023Q1,m2,m2_yoy_log,60,60,0,1.0,60,included,included
dfm_tierB_k1,B,H3,conservative,2023Q1,fx_reserves_ex_gold,fx_reserves_exgold_yoy_log,60,60,0,1.0,60,included,included
dfm_tierB_k1,B,H3,conservative,2023Q1,industrial_production,ind_prod_yoy_log,60,36,24,0.6,36,included,included
dfm_tierB_k1,B,H3,conservative,2023Q1,manufacturing,manufacturing_yoy_log,60,36,24,0.6,36,included,included
dfm_tierB_k1,B,H3,conservative,2023Q1,mining,mining_yoy_log,60,36,24,0.6,36,included,included
dfm_tierB_k1,B,H3,conservative,2023Q1,electricity_gas,utilities_yoy_log,60,36,24,0.6,36,included,included
dfm_tierB_k1,B,H3,conservative,2023Q1,retail_trade,retail_yoy_log,60,24,36,0.4,24,included,included
dfm_tierB_k1,B,H3,conservative,2023Q1,wholesale_trade,wholesale_yoy_log,60,24,36,0.4,24,included,included
dfm_tierB_k1,B,H3,conservative,2023Q2,ppi,ppi_mom_log,63,63,0,1.0,36,included,included
dfm_tierB_k1,B,H3,conservative,2023Q2,usd_uzs,usd_uzs_mom_dlog,63,63,0,1.0,63,included,included
dfm_tierB_k1,B,H3,conservative,2023Q2,rub_uzs,rub_uzs_mom_dlog,63,63,0,1.0,63,included,included
dfm_tierB_k1,B,H3,conservative,2023Q2,gold_price,gold_price_mom_dlog,63,63,0,1.0,63,included,included
dfm_tierB_k1,B,H3,conservative,2023Q2,m2,m2_yoy_log,63,63,0,1.0,63,included,included
dfm_tierB_k1,B,H3,conservative,2023Q2,fx_reserves_ex_gold,fx_reserves_exgold_yoy_log,63,63,0,1.0,63,included,included
dfm_tierB_k1,B,H3,conservative,2023Q2,industrial_production,ind_prod_yoy_log,63,39,24,0.6190476190476191,39,included,included
dfm_tierB_k1,B,H3,conservative,2023Q2,manufacturing,manufacturing_yoy_log,63,39,24,0.6190476190476191,39,included,included
dfm_tierB_k1,B,H3,conservative,2023Q2,mining,mining_yoy_log,63,39,24,0.6190476190476191,39,included,included
dfm_tierB_k1,B,H3,conservative,2023Q2,electricity_gas,utilities_yoy_log,63,39,24,0.6190476190476191,39,included,included
dfm_tierB_k1,B,H3,conservative,2023Q2,retail_trade,retail_yoy_log,63,27,36,0.42857142857142855,27,included,included
dfm_tierB_k1,B,H3,conservative,2023Q2,wholesale_trade,wholesale_yoy_log,63,27,36,0.42857142857142855,27,included,included
dfm_tierB_k1,B,H3,conservative,2023Q3,ppi,ppi_mom_log,66,66,0,1.0,36,included,included
dfm_tierB_k1,B,H3,conservative,2023Q3,usd_uzs,usd_uzs_mom_dlog,66,66,0,1.0,66,included,included
dfm_tierB_k1,B,H3,conservative,2023Q3,rub_uzs,rub_uzs_mom_dlog,66,66,0,1.0,66,included,included
dfm_tierB_k1,B,H3,conservative,2023Q3,gold_price,gold_price_mom_dlog,66,66,0,1.0,66,included,included
dfm_tierB_k1,B,H3,conservative,2023Q3,m2,m2_yoy_log,66,66,0,1.0,66,included,included
dfm_tierB_k1,B,H3,conservative,2023Q3,fx_reserves_ex_gold,fx_reserves_exgold_yoy_log,66,66,0,1.0,66,included,included
dfm_tierB_k1,B,H3,conservative,2023Q3,industrial_production,ind_prod_yoy_log,66,42,24,0.6363636363636364,42,included,included
dfm_tierB_k1,B,H3,conservative,2023Q3,manufacturing,manufacturing_yoy_log,66,42,24,0.6363636363636364,42,included,included
dfm_tierB_k1,B,H3,conservative,2023Q3,mining,mining_yoy_log,66,42,24,0.6363636363636364,42,included,included
dfm_tierB_k1,B,H3,conservative,2023Q3,electricity_gas,utilities_yoy_log,66,42,24,0.6363636363636364,42,included,included
dfm_tierB_k1,B,H3,conservative,2023Q3,retail_trade,retail_yoy_log,66,30,36,0.45454545454545453,30,included,included
dfm_tierB_k1,B,H3,conservative,2023Q3,wholesale_trade,wholesale_yoy_log,66,30,36,0.45454545454545453,30,included,included
dfm_tierB_k1,B,H3,conservative,2023Q4,ppi,ppi_mom_log,69,69,0,1.0,36,included,included
dfm_tierB_k1,B,H3,conservative,2023Q4,usd_uzs,usd_uzs_mom_dlog,69,69,0,1.0,69,included,included
dfm_tierB_k1,B,H3,conservative,2023Q4,rub_uzs,rub_uzs_mom_dlog,69,69,0,1.0,69,included,included
dfm_tierB_k1,B,H3,conservative,2023Q4,gold_price,gold_price_mom_dlog,69,69,0,1.0,69,included,included
dfm_tierB_k1,B,H3,conservative,2023Q4,m2,m2_yoy_log,69,69,0,1.0,69,included,included
dfm_tierB_k1,B,H3,conservative,2023Q4,fx_reserves_ex_gold,fx_reserves_exgold_yoy_log,69,69,0,1.0,69,included,included
dfm_tierB_k1,B,H3,conservative,2023Q4,industrial_production,ind_prod_yoy_log,69,45,24,0.6521739130434783,45,included,included
dfm_tierB_k1,B,H3,conservative,2023Q4,manufacturing,manufacturing_yoy_log,69,45,24,0.6521739130434783,45,included,included
dfm_tierB_k1,B,H3,conservative,2023Q4,mining,mining_yoy_log,69,45,24,0.6521739130434783,45,included,included
dfm_tierB_k1,B,H3,conservative,2023Q4,electricity_gas,utilities_yoy_log,69,45,24,0.6521739130434783,45,included,included
dfm_tierB_k1,B,H3,conservative,2023Q4,retail_trade,retail_yoy_log,69,33,36,0.4782608695652174,33,included,included
dfm_tierB_k1,B,H3,conservative,2023Q4,wholesale_trade,wholesale_yoy_log,69,33,36,0.4782608695652174,33,included,included
dfm_tierB_k1,B,H3,conservative,2024Q1,ppi,ppi_mom_log,72,72,0,1.0,37,included,included
dfm_tierB_k1,B,H3,conservative,2024Q1,usd_uzs,usd_uzs_mom_dlog,72,72,0,1.0,72,included,included
dfm_tierB_k1,B,H3,conservative,2024Q1,rub_uzs,rub_uzs_mom_dlog,72,72,0,1.0,72,included,included
dfm_tierB_k1,B,H3,conservative,2024Q1,gold_price,gold_price_mom_dlog,72,72,0,1.0,71,included,included
dfm_tierB_k1,B,H3,conservative,2024Q1,m2,m2_yoy_log,72,72,0,1.0,72,included,included
dfm_tierB_k1,B,H3,conservative,2024Q1,fx_reserves_ex_gold,fx_reserves_exgold_yoy_log,72,72,0,1.0,72,included,included
dfm_tierB_k1,B,H3,conservative,2024Q1,industrial_production,ind_prod_yoy_log,72,48,24,0.6666666666666666,48,included,included
dfm_tierB_k1,B,H3,conservative,2024Q1,manufacturing,manufacturing_yoy_log,72,48,24,0.6666666666666666,48,included,included
dfm_tierB_k1,B,H3,conservative,2024Q1,mining,mining_yoy_log,72,48,24,0.6666666666666666,48,included,included
dfm_tierB_k1,B,H3,conservative,2024Q1,electricity_gas,utilities_yoy_log,72,48,24,0.6666666666666666,48,included,included
dfm_tierB_k1,B,H3,conservative,2024Q1,retail_trade,retail_yoy_log,72,36,36,0.5,36,included,included
dfm_tierB_k1,B,H3,conservative,2024Q1,wholesale_trade,wholesale_yoy_log,72,35,37,0.4861111111111111,35,included,included
dfm_tierB_k1,B,H3,conservative,2024Q2,ppi,ppi_mom_log,75,75,0,1.0,38,included,included
dfm_tierB_k1,B,H3,conservative,2024Q2,usd_uzs,usd_uzs_mom_dlog,75,75,0,1.0,75,included,included
dfm_tierB_k1,B,H3,conservative,2024Q2,rub_uzs,rub_uzs_mom_dlog,75,75,0,1.0,75,included,included
dfm_tierB_k1,B,H3,conservative,2024Q2,gold_price,gold_price_mom_dlog,75,75,0,1.0,74,included,included
dfm_tierB_k1,B,H3,conservative,2024Q2,m2,m2_yoy_log,75,75,0,1.0,75,included,included
dfm_tierB_k1,B,H3,conservative,2024Q2,fx_reserves_ex_gold,fx_reserves_exgold_yoy_log,75,75,0,1.0,75,included,included
dfm_tierB_k1,B,H3,conservative,2024Q2,industrial_production,ind_prod_yoy_log,75,51,24,0.68,51,included,included
dfm_tierB_k1,B,H3,conservative,2024Q2,manufacturing,manufacturing_yoy_log,75,51,24,0.68,51,included,included
dfm_tierB_k1,B,H3,conservative,2024Q2,mining,mining_yoy_log,75,51,24,0.68,51,included,included
dfm_tierB_k1,B,H3,conservative,2024Q2,electricity_gas,utilities_yoy_log,75,51,24,0.68,51,included,included
dfm_tierB_k1,B,H3,conservative,2024Q2,retail_trade,retail_yoy_log,75,39,36,0.52,39,included,included
dfm_tierB_k1,B,H3,conservative,2024Q2,wholesale_trade,wholesale_yoy_log,75,38,37,0.5066666666666667,38,included,included
dfm_tierB_k1,B,H3,conservative,2024Q3,ppi,ppi_mom_log,78,78,0,1.0,38,included,included
dfm_tierB_k1,B,H3,conservative,2024Q3,usd_uzs,usd_uzs_mom_dlog,78,78,0,1.0,78,included,included
dfm_tierB_k1,B,H3,conservative,2024Q3,rub_uzs,rub_uzs_mom_dlog,78,78,0,1.0,78,included,included
dfm_tierB_k1,B,H3,conservative,2024Q3,gold_price,gold_price_mom_dlog,78,78,0,1.0,77,included,included
dfm_tierB_k1,B,H3,conservative,2024Q3,m2,m2_yoy_log,78,78,0,1.0,78,included,included
dfm_tierB_k1,B,H3,conservative,2024Q3,fx_reserves_ex_gold,fx_reserves_exgold_yoy_log,78,78,0,1.0,78,included,included
dfm_tierB_k1,B,H3,conservative,2024Q3,industrial_production,ind_prod_yoy_log,78,54,24,0.6923076923076923,54,included,included
dfm_tierB_k1,B,H3,conservative,2024Q3,manufacturing,manufacturing_yoy_log,78,54,24,0.6923076923076923,54,included,included
dfm_tierB_k1,B,H3,conservative,2024Q3,mining,mining_yoy_log,78,54,24,0.6923076923076923,54,included,included
dfm_tierB_k1,B,H3,conservative,2024Q3,electricity_gas,utilities_yoy_log,78,54,24,0.6923076923076923,54,included,included
dfm_tierB_k1,B,H3,conservative,2024Q3,retail_trade,retail_yoy_log,78,42,36,0.5384615384615384,42,included,included
dfm_tierB_k1,B,H3,conservative,2024Q3,wholesale_trade,wholesale_yoy_log,78,41,37,0.5256410256410257,41,included,included
dfm_tierB_k1,B,H3,conservative,2024Q4,ppi,ppi_mom_log,81,81,0,1.0,38,included,included
dfm_tierB_k1,B,H3,conservative,2024Q4,usd_uzs,usd_uzs_mom_dlog,81,81,0,1.0,81,included,included
dfm_tierB_k1,B,H3,conservative,2024Q4,rub_uzs,rub_uzs_mom_dlog,81,81,0,1.0,81,included,included
dfm_tierB_k1,B,H3,conservative,2024Q4,gold_price,gold_price_mom_dlog,81,81,0,1.0,80,included,included
dfm_tierB_k1,B,H3,conservative,2024Q4,m2,m2_yoy_log,81,81,0,1.0,81,included,included
dfm_tierB_k1,B,H3,conservative,2024Q4,fx_reserves_ex_gold,fx_reserves_exgold_yoy_log,81,81,0,1.0,81,included,included
dfm_tierB_k1,B,H3,conservative,2024Q4,industrial_production,ind_prod_yoy_log,81,57,24,0.7037037037037037,57,included,included
dfm_tierB_k1,B,H3,conservative,2024Q4,manufacturing,manufacturing_yoy_log,81,57,24,0.7037037037037037,57,included,included
dfm_tierB_k1,B,H3,conservative,2024Q4,mining,mining_yoy_log,81,57,24,0.7037037037037037,57,included,included
dfm_tierB_k1,B,H3,conservative,2024Q4,electricity_gas,utilities_yoy_log,81,57,24,0.7037037037037037,57,included,included
dfm_tierB_k1,B,H3,conservative,2024Q4,retail_trade,retail_yoy_log,81,45,36,0.5555555555555556,45,included,included
dfm_tierB_k1,B,H3,conservative,2024Q4,wholesale_trade,wholesale_yoy_log,81,44,37,0.5432098765432098,44,included,included
dfm_tierB_k1,B,H3,conservative,2025Q1,ppi,ppi_mom_log,84,84,0,1.0,38,included,included
dfm_tierB_k1,B,H3,conservative,2025Q1,usd_uzs,usd_uzs_mom_dlog,84,84,0,1.0,84,included,included
dfm_tierB_k1,B,H3,conservative,2025Q1,rub_uzs,rub_uzs_mom_dlog,84,84,0,1.0,84,included,included
dfm_tierB_k1,B,H3,conservative,2025Q1,gold_price,gold_price_mom_dlog,84,84,0,1.0,83,included,included
dfm_tierB_k1,B,H3,conservative,2025Q1,m2,m2_yoy_log,84,84,0,1.0,84,included,included
dfm_tierB_k1,B,H3,conservative,2025Q1,fx_reserves_ex_gold,fx_reserves_exgold_yoy_log,84,84,0,1.0,84,included,included
dfm_tierB_k1,B,H3,conservative,2025Q1,industrial_production,ind_prod_yoy_log,84,60,24,0.7142857142857143,60,included,included
dfm_tierB_k1,B,H3,conservative,2025Q1,manufacturing,manufacturing_yoy_log,84,60,24,0.7142857142857143,60,included,included
dfm_tierB_k1,B,H3,conservative,2025Q1,mining,mining_yoy_log,84,60,24,0.7142857142857143,60,included,included
dfm_tierB_k1,B,H3,conservative,2025Q1,electricity_gas,utilities_yoy_log,84,60,24,0.7142857142857143,60,included,included
dfm_tierB_k1,B,H3,conservative,2025Q1,retail_trade,retail_yoy_log,84,48,36,0.5714285714285714,48,included,included
dfm_tierB_k1,B,H3,conservative,2025Q1,wholesale_trade,wholesale_yoy_log,84,46,38,0.5476190476190477,46,included,included
dfm_tierB_k1,B,H3,conservative,2025Q2,ppi,ppi_mom_log,87,87,0,1.0,38,included,included
dfm_tierB_k1,B,H3,conservative,2025Q2,usd_uzs,usd_uzs_mom_dlog,87,87,0,1.0,87,included,included
dfm_tierB_k1,B,H3,conservative,2025Q2,rub_uzs,rub_uzs_mom_dlog,87,87,0,1.0,87,included,included
dfm_tierB_k1,B,H3,conservative,2025Q2,gold_price,gold_price_mom_dlog,87,87,0,1.0,86,included,included
dfm_tierB_k1,B,H3,conservative,2025Q2,m2,m2_yoy_log,87,87,0,1.0,87,included,included
dfm_tierB_k1,B,H3,conservative,2025Q2,fx_reserves_ex_gold,fx_reserves_exgold_yoy_log,87,87,0,1.0,87,included,included
dfm_tierB_k1,B,H3,conservative,2025Q2,industrial_production,ind_prod_yoy_log,87,63,24,0.7241379310344828,63,included,included
dfm_tierB_k1,B,H3,conservative,2025Q2,manufacturing,manufacturing_yoy_log,87,63,24,0.7241379310344828,63,included,included
dfm_tierB_k1,B,H3,conservative,2025Q2,mining,mining_yoy_log,87,63,24,0.7241379310344828,63,included,included
dfm_tierB_k1,B,H3,conservative,2025Q2,electricity_gas,utilities_yoy_log,87,63,24,0.7241379310344828,63,included,included
dfm_tierB_k1,B,H3,conservative,2025Q2,retail_trade,retail_yoy_log,87,51,36,0.5862068965517241,51,included,included
dfm_tierB_k1,B,H3,conservative,2025Q2,wholesale_trade,wholesale_yoy_log,87,49,38,0.5632183908045977,49,included,included
dfm_tierC_k1,C,H3,conservative,2021Q1,ppi,ppi_mom_log,36,36,0,1.0,26,included,included
dfm_tierC_k1,C,H3,conservative,2021Q1,usd_uzs,usd_uzs_mom_dlog,36,36,0,1.0,36,included,included
dfm_tierC_k1,C,H3,conservative,2021Q1,rub_uzs,rub_uzs_mom_dlog,36,36,0,1.0,36,included,included
dfm_tierC_k1,C,H3,conservative,2021Q1,gold_price,gold_price_mom_dlog,36,36,0,1.0,36,included,included
dfm_tierC_k1,C,H3,conservative,2021Q1,m2,m2_yoy_log,36,36,0,1.0,36,included,included
dfm_tierC_k1,C,H3,conservative,2021Q1,fx_reserves_ex_gold,fx_reserves_exgold_yoy_log,36,36,0,1.0,36,included,included
dfm_tierC_k1,C,H3,conservative,2021Q1,industrial_production,ind_prod_yoy_log,36,12,24,0.3333333333333333,12,included,included
dfm_tierC_k1,C,H3,conservative,2021Q1,manufacturing,manufacturing_yoy_log,36,12,24,0.3333333333333333,12,included,included
dfm_tierC_k1,C,H3,conservative,2021Q1,mining,mining_yoy_log,36,12,24,0.3333333333333333,12,included,included
dfm_tierC_k1,C,H3,conservative,2021Q1,electricity_gas,utilities_yoy_log,36,12,24,0.3333333333333333,12,included,included
dfm_tierC_k1,C,H3,conservative,2021Q1,retail_trade,retail_yoy_log,36,0,36,0.0,0,excluded,insufficient_in_window_coverage
dfm_tierC_k1,C,H3,conservative,2021Q1,wholesale_trade,wholesale_yoy_log,36,0,36,0.0,0,excluded,insufficient_in_window_coverage
dfm_tierC_k1,C,H3,conservative,2021Q1,construction,construction_yoy_log,36,0,36,0.0,0,excluded,insufficient_in_window_coverage
dfm_tierC_k1,C,H3,conservative,2021Q1,cpi_headline,cpi_headline_mom_log,36,0,36,0.0,0,excluded,insufficient_in_window_coverage
dfm_tierC_k1,C,H3,conservative,2021Q1,cpi_food,cpi_food_mom_log,36,0,36,0.0,0,excluded,insufficient_in_window_coverage
dfm_tierC_k1,C,H3,conservative,2021Q1,cpi_services,cpi_services_mom_log,36,0,36,0.0,0,excluded,insufficient_in_window_coverage
dfm_tierC_k1,C,H3,conservative,2021Q1,exports_total,exports_total_yoy_log,36,0,36,0.0,0,excluded,insufficient_in_window_coverage
dfm_tierC_k1,C,H3,conservative,2021Q1,exports_non_gold,exports_non_gold_yoy_log,36,0,36,0.0,0,excluded,insufficient_in_window_coverage
dfm_tierC_k1,C,H3,conservative,2021Q1,imports_total,imports_total_yoy_log,36,0,36,0.0,0,excluded,insufficient_in_window_coverage
dfm_tierC_k1,C,H3,conservative,2021Q1,gold_exports_proxy,gold_exports_proxy_usd_m,36,0,36,0.0,0,excluded,insufficient_in_window_coverage
dfm_tierC_k1,C,H3,conservative,2021Q2,ppi,ppi_mom_log,39,39,0,1.0,26,included,included
dfm_tierC_k1,C,H3,conservative,2021Q2,usd_uzs,usd_uzs_mom_dlog,39,39,0,1.0,39,included,included
dfm_tierC_k1,C,H3,conservative,2021Q2,rub_uzs,rub_uzs_mom_dlog,39,39,0,1.0,39,included,included
dfm_tierC_k1,C,H3,conservative,2021Q2,gold_price,gold_price_mom_dlog,39,39,0,1.0,39,included,included
dfm_tierC_k1,C,H3,conservative,2021Q2,m2,m2_yoy_log,39,39,0,1.0,39,included,included
dfm_tierC_k1,C,H3,conservative,2021Q2,fx_reserves_ex_gold,fx_reserves_exgold_yoy_log,39,39,0,1.0,39,included,included
dfm_tierC_k1,C,H3,conservative,2021Q2,industrial_production,ind_prod_yoy_log,39,15,24,0.38461538461538464,15,included,included
dfm_tierC_k1,C,H3,conservative,2021Q2,manufacturing,manufacturing_yoy_log,39,15,24,0.38461538461538464,15,included,included
dfm_tierC_k1,C,H3,conservative,2021Q2,mining,mining_yoy_log,39,15,24,0.38461538461538464,15,included,included
dfm_tierC_k1,C,H3,conservative,2021Q2,electricity_gas,utilities_yoy_log,39,15,24,0.38461538461538464,15,included,included
dfm_tierC_k1,C,H3,conservative,2021Q2,retail_trade,retail_yoy_log,39,3,36,0.07692307692307693,3,excluded,insufficient_in_window_coverage
dfm_tierC_k1,C,H3,conservative,2021Q2,wholesale_trade,wholesale_yoy_log,39,3,36,0.07692307692307693,3,excluded,insufficient_in_window_coverage
dfm_tierC_k1,C,H3,conservative,2021Q2,construction,construction_yoy_log,39,0,39,0.0,0,excluded,insufficient_in_window_coverage
dfm_tierC_k1,C,H3,conservative,2021Q2,cpi_headline,cpi_headline_mom_log,39,3,36,0.07692307692307693,3,excluded,insufficient_in_window_coverage
dfm_tierC_k1,C,H3,conservative,2021Q2,cpi_food,cpi_food_mom_log,39,3,36,0.07692307692307693,3,excluded,insufficient_in_window_coverage
dfm_tierC_k1,C,H3,conservative,2021Q2,cpi_services,cpi_services_mom_log,39,3,36,0.07692307692307693,3,excluded,insufficient_in_window_coverage
dfm_tierC_k1,C,H3,conservative,2021Q2,exports_total,exports_total_yoy_log,39,0,39,0.0,0,excluded,insufficient_in_window_coverage
dfm_tierC_k1,C,H3,conservative,2021Q2,exports_non_gold,exports_non_gold_yoy_log,39,0,39,0.0,0,excluded,insufficient_in_window_coverage
dfm_tierC_k1,C,H3,conservative,2021Q2,imports_total,imports_total_yoy_log,39,0,39,0.0,0,excluded,insufficient_in_window_coverage
dfm_tierC_k1,C,H3,conservative,2021Q2,gold_exports_proxy,gold_exports_proxy_usd_m,39,3,36,0.07692307692307693,3,excluded,insufficient_in_window_coverage
dfm_tierC_k1,C,H3,conservative,2021Q3,ppi,ppi_mom_log,42,42,0,1.0,27,included,included
dfm_tierC_k1,C,H3,conservative,2021Q3,usd_uzs,usd_uzs_mom_dlog,42,42,0,1.0,42,included,included
dfm_tierC_k1,C,H3,conservative,2021Q3,rub_uzs,rub_uzs_mom_dlog,42,42,0,1.0,42,included,included
dfm_tierC_k1,C,H3,conservative,2021Q3,gold_price,gold_price_mom_dlog,42,42,0,1.0,42,included,included
dfm_tierC_k1,C,H3,conservative,2021Q3,m2,m2_yoy_log,42,42,0,1.0,42,included,included
dfm_tierC_k1,C,H3,conservative,2021Q3,fx_reserves_ex_gold,fx_reserves_exgold_yoy_log,42,42,0,1.0,42,included,included
dfm_tierC_k1,C,H3,conservative,2021Q3,industrial_production,ind_prod_yoy_log,42,18,24,0.42857142857142855,18,included,included
dfm_tierC_k1,C,H3,conservative,2021Q3,manufacturing,manufacturing_yoy_log,42,18,24,0.42857142857142855,18,included,included
dfm_tierC_k1,C,H3,conservative,2021Q3,mining,mining_yoy_log,42,18,24,0.42857142857142855,18,included,included
dfm_tierC_k1,C,H3,conservative,2021Q3,electricity_gas,utilities_yoy_log,42,18,24,0.42857142857142855,18,included,included
dfm_tierC_k1,C,H3,conservative,2021Q3,retail_trade,retail_yoy_log,42,6,36,0.14285714285714285,6,excluded,insufficient_in_window_coverage
dfm_tierC_k1,C,H3,conservative,2021Q3,wholesale_trade,wholesale_yoy_log,42,6,36,0.14285714285714285,6,excluded,insufficient_in_window_coverage
dfm_tierC_k1,C,H3,conservative,2021Q3,construction,construction_yoy_log,42,0,42,0.0,0,excluded,insufficient_in_window_coverage
dfm_tierC_k1,C,H3,conservative,2021Q3,cpi_headline,cpi_headline_mom_log,42,6,36,0.14285714285714285,6,excluded,insufficient_in_window_coverage
dfm_tierC_k1,C,H3,conservative,2021Q3,cpi_food,cpi_food_mom_log,42,6,36,0.14285714285714285,6,excluded,insufficient_in_window_coverage
dfm_tierC_k1,C,H3,conservative,2021Q3,cpi_services,cpi_services_mom_log,42,6,36,0.14285714285714285,6,excluded,insufficient_in_window_coverage
dfm_tierC_k1,C,H3,conservative,2021Q3,exports_total,exports_total_yoy_log,42,0,42,0.0,0,excluded,insufficient_in_window_coverage
dfm_tierC_k1,C,H3,conservative,2021Q3,exports_non_gold,exports_non_gold_yoy_log,42,0,42,0.0,0,excluded,insufficient_in_window_coverage
dfm_tierC_k1,C,H3,conservative,2021Q3,imports_total,imports_total_yoy_log,42,0,42,0.0,0,excluded,insufficient_in_window_coverage
dfm_tierC_k1,C,H3,conservative,2021Q3,gold_exports_proxy,gold_exports_proxy_usd_m,42,6,36,0.14285714285714285,6,excluded,insufficient_in_window_coverage
dfm_tierC_k1,C,H3,conservative,2021Q4,ppi,ppi_mom_log,45,45,0,1.0,29,included,included
dfm_tierC_k1,C,H3,conservative,2021Q4,usd_uzs,usd_uzs_mom_dlog,45,45,0,1.0,45,included,included
dfm_tierC_k1,C,H3,conservative,2021Q4,rub_uzs,rub_uzs_mom_dlog,45,45,0,1.0,45,included,included
dfm_tierC_k1,C,H3,conservative,2021Q4,gold_price,gold_price_mom_dlog,45,45,0,1.0,45,included,included
dfm_tierC_k1,C,H3,conservative,2021Q4,m2,m2_yoy_log,45,45,0,1.0,45,included,included
dfm_tierC_k1,C,H3,conservative,2021Q4,fx_reserves_ex_gold,fx_reserves_exgold_yoy_log,45,45,0,1.0,45,included,included
dfm_tierC_k1,C,H3,conservative,2021Q4,industrial_production,ind_prod_yoy_log,45,21,24,0.4666666666666667,21,included,included
dfm_tierC_k1,C,H3,conservative,2021Q4,manufacturing,manufacturing_yoy_log,45,21,24,0.4666666666666667,21,included,included
dfm_tierC_k1,C,H3,conservative,2021Q4,mining,mining_yoy_log,45,21,24,0.4666666666666667,21,included,included
dfm_tierC_k1,C,H3,conservative,2021Q4,electricity_gas,utilities_yoy_log,45,21,24,0.4666666666666667,21,included,included
dfm_tierC_k1,C,H3,conservative,2021Q4,retail_trade,retail_yoy_log,45,9,36,0.2,9,excluded,insufficient_in_window_coverage
dfm_tierC_k1,C,H3,conservative,2021Q4,wholesale_trade,wholesale_yoy_log,45,9,36,0.2,9,excluded,insufficient_in_window_coverage
dfm_tierC_k1,C,H3,conservative,2021Q4,construction,construction_yoy_log,45,0,45,0.0,0,excluded,insufficient_in_window_coverage
dfm_tierC_k1,C,H3,conservative,2021Q4,cpi_headline,cpi_headline_mom_log,45,9,36,0.2,9,excluded,insufficient_in_window_coverage
dfm_tierC_k1,C,H3,conservative,2021Q4,cpi_food,cpi_food_mom_log,45,9,36,0.2,9,excluded,insufficient_in_window_coverage
dfm_tierC_k1,C,H3,conservative,2021Q4,cpi_services,cpi_services_mom_log,45,9,36,0.2,9,excluded,insufficient_in_window_coverage
dfm_tierC_k1,C,H3,conservative,2021Q4,exports_total,exports_total_yoy_log,45,0,45,0.0,0,excluded,insufficient_in_window_coverage
dfm_tierC_k1,C,H3,conservative,2021Q4,exports_non_gold,exports_non_gold_yoy_log,45,0,45,0.0,0,excluded,insufficient_in_window_coverage
dfm_tierC_k1,C,H3,conservative,2021Q4,imports_total,imports_total_yoy_log,45,0,45,0.0,0,excluded,insufficient_in_window_coverage
dfm_tierC_k1,C,H3,conservative,2021Q4,gold_exports_proxy,gold_exports_proxy_usd_m,45,9,36,0.2,9,excluded,insufficient_in_window_coverage
dfm_tierC_k1,C,H3,conservative,2022Q1,ppi,ppi_mom_log,48,48,0,1.0,31,included,included
dfm_tierC_k1,C,H3,conservative,2022Q1,usd_uzs,usd_uzs_mom_dlog,48,48,0,1.0,48,included,included
dfm_tierC_k1,C,H3,conservative,2022Q1,rub_uzs,rub_uzs_mom_dlog,48,48,0,1.0,48,included,included
dfm_tierC_k1,C,H3,conservative,2022Q1,gold_price,gold_price_mom_dlog,48,48,0,1.0,48,included,included
dfm_tierC_k1,C,H3,conservative,2022Q1,m2,m2_yoy_log,48,48,0,1.0,48,included,included
dfm_tierC_k1,C,H3,conservative,2022Q1,fx_reserves_ex_gold,fx_reserves_exgold_yoy_log,48,48,0,1.0,48,included,included
dfm_tierC_k1,C,H3,conservative,2022Q1,industrial_production,ind_prod_yoy_log,48,24,24,0.5,24,included,included
dfm_tierC_k1,C,H3,conservative,2022Q1,manufacturing,manufacturing_yoy_log,48,24,24,0.5,24,included,included
dfm_tierC_k1,C,H3,conservative,2022Q1,mining,mining_yoy_log,48,24,24,0.5,24,included,included
dfm_tierC_k1,C,H3,conservative,2022Q1,electricity_gas,utilities_yoy_log,48,24,24,0.5,24,included,included
dfm_tierC_k1,C,H3,conservative,2022Q1,retail_trade,retail_yoy_log,48,12,36,0.25,12,included,included
dfm_tierC_k1,C,H3,conservative,2022Q1,wholesale_trade,wholesale_yoy_log,48,12,36,0.25,12,included,included
dfm_tierC_k1,C,H3,conservative,2022Q1,construction,construction_yoy_log,48,0,48,0.0,0,excluded,insufficient_in_window_coverage
dfm_tierC_k1,C,H3,conservative,2022Q1,cpi_headline,cpi_headline_mom_log,48,12,36,0.25,12,included,included
dfm_tierC_k1,C,H3,conservative,2022Q1,cpi_food,cpi_food_mom_log,48,12,36,0.25,12,included,included
dfm_tierC_k1,C,H3,conservative,2022Q1,cpi_services,cpi_services_mom_log,48,12,36,0.25,11,included,included
dfm_tierC_k1,C,H3,conservative,2022Q1,exports_total,exports_total_yoy_log,48,0,48,0.0,0,excluded,insufficient_in_window_coverage
dfm_tierC_k1,C,H3,conservative,2022Q1,exports_non_gold,exports_non_gold_yoy_log,48,0,48,0.0,0,excluded,insufficient_in_window_coverage
dfm_tierC_k1,C,H3,conservative,2022Q1,imports_total,imports_total_yoy_log,48,0,48,0.0,0,excluded,insufficient_in_window_coverage
dfm_tierC_k1,C,H3,conservative,2022Q1,gold_exports_proxy,gold_exports_proxy_usd_m,48,12,36,0.25,12,included,included
dfm_tierC_k1,C,H3,conservative,2022Q2,ppi,ppi_mom_log,51,51,0,1.0,32,included,included
dfm_tierC_k1,C,H3,conservative,2022Q2,usd_uzs,usd_uzs_mom_dlog,51,51,0,1.0,51,included,included
dfm_tierC_k1,C,H3,conservative,2022Q2,rub_uzs,rub_uzs_mom_dlog,51,51,0,1.0,51,included,included
dfm_tierC_k1,C,H3,conservative,2022Q2,gold_price,gold_price_mom_dlog,51,51,0,1.0,51,included,included
dfm_tierC_k1,C,H3,conservative,2022Q2,m2,m2_yoy_log,51,51,0,1.0,51,included,included
dfm_tierC_k1,C,H3,conservative,2022Q2,fx_reserves_ex_gold,fx_reserves_exgold_yoy_log,51,51,0,1.0,51,included,included
dfm_tierC_k1,C,H3,conservative,2022Q2,industrial_production,ind_prod_yoy_log,51,27,24,0.5294117647058824,27,included,included
dfm_tierC_k1,C,H3,conservative,2022Q2,manufacturing,manufacturing_yoy_log,51,27,24,0.5294117647058824,27,included,included
dfm_tierC_k1,C,H3,conservative,2022Q2,mining,mining_yoy_log,51,27,24,0.5294117647058824,27,included,included
dfm_tierC_k1,C,H3,conservative,2022Q2,electricity_gas,utilities_yoy_log,51,27,24,0.5294117647058824,27,included,included
dfm_tierC_k1,C,H3,conservative,2022Q2,retail_trade,retail_yoy_log,51,15,36,0.29411764705882354,15,included,included
dfm_tierC_k1,C,H3,conservative,2022Q2,wholesale_trade,wholesale_yoy_log,51,15,36,0.29411764705882354,15,included,included
dfm_tierC_k1,C,H3,conservative,2022Q2,construction,construction_yoy_log,51,3,48,0.058823529411764705,3,excluded,insufficient_in_window_coverage
dfm_tierC_k1,C,H3,conservative,2022Q2,cpi_headline,cpi_headline_mom_log,51,15,36,0.29411764705882354,14,included,included
dfm_tierC_k1,C,H3,conservative,2022Q2,cpi_food,cpi_food_mom_log,51,15,36,0.29411764705882354,14,included,included
dfm_tierC_k1,C,H3,conservative,2022Q2,cpi_services,cpi_services_mom_log,51,15,36,0.29411764705882354,14,included,included
dfm_tierC_k1,C,H3,conservative,2022Q2,exports_total,exports_total_yoy_log,51,3,48,0.058823529411764705,3,excluded,insufficient_in_window_coverage
dfm_tierC_k1,C,H3,conservative,2022Q2,exports_non_gold,exports_non_gold_yoy_log,51,3,48,0.058823529411764705,3,excluded,insufficient_in_window_coverage
dfm_tierC_k1,C,H3,conservative,2022Q2,imports_total,imports_total_yoy_log,51,3,48,0.058823529411764705,3,excluded,insufficient_in_window_coverage
dfm_tierC_k1,C,H3,conservative,2022Q2,gold_exports_proxy,gold_exports_proxy_usd_m,51,15,36,0.29411764705882354,15,included,included
dfm_tierC_k1,C,H3,conservative,2022Q3,ppi,ppi_mom_log,54,54,0,1.0,33,included,included
dfm_tierC_k1,C,H3,conservative,2022Q3,usd_uzs,usd_uzs_mom_dlog,54,54,0,1.0,54,included,included
dfm_tierC_k1,C,H3,conservative,2022Q3,rub_uzs,rub_uzs_mom_dlog,54,54,0,1.0,54,included,included
dfm_tierC_k1,C,H3,conservative,2022Q3,gold_price,gold_price_mom_dlog,54,54,0,1.0,54,included,included
dfm_tierC_k1,C,H3,conservative,2022Q3,m2,m2_yoy_log,54,54,0,1.0,54,included,included
dfm_tierC_k1,C,H3,conservative,2022Q3,fx_reserves_ex_gold,fx_reserves_exgold_yoy_log,54,54,0,1.0,54,included,included
dfm_tierC_k1,C,H3,conservative,2022Q3,industrial_production,ind_prod_yoy_log,54,30,24,0.5555555555555556,30,included,included
dfm_tierC_k1,C,H3,conservative,2022Q3,manufacturing,manufacturing_yoy_log,54,30,24,0.5555555555555556,30,included,included
dfm_tierC_k1,C,H3,conservative,2022Q3,mining,mining_yoy_log,54,30,24,0.5555555555555556,30,included,included
dfm_tierC_k1,C,H3,conservative,2022Q3,electricity_gas,utilities_yoy_log,54,30,24,0.5555555555555556,30,included,included
dfm_tierC_k1,C,H3,conservative,2022Q3,retail_trade,retail_yoy_log,54,18,36,0.3333333333333333,18,included,included
dfm_tierC_k1,C,H3,conservative,2022Q3,wholesale_trade,wholesale_yoy_log,54,18,36,0.3333333333333333,18,included,included
dfm_tierC_k1,C,H3,conservative,2022Q3,construction,construction_yoy_log,54,6,48,0.1111111111111111,6,excluded,insufficient_in_window_coverage
dfm_tierC_k1,C,H3,conservative,2022Q3,cpi_headline,cpi_headline_mom_log,54,18,36,0.3333333333333333,17,included,included
dfm_tierC_k1,C,H3,conservative,2022Q3,cpi_food,cpi_food_mom_log,54,18,36,0.3333333333333333,17,included,included
dfm_tierC_k1,C,H3,conservative,2022Q3,cpi_services,cpi_services_mom_log,54,18,36,0.3333333333333333,16,included,included
dfm_tierC_k1,C,H3,conservative,2022Q3,exports_total,exports_total_yoy_log,54,6,48,0.1111111111111111,6,excluded,insufficient_in_window_coverage
dfm_tierC_k1,C,H3,conservative,2022Q3,exports_non_gold,exports_non_gold_yoy_log,54,6,48,0.1111111111111111,6,excluded,insufficient_in_window_coverage
dfm_tierC_k1,C,H3,conservative,2022Q3,imports_total,imports_total_yoy_log,54,6,48,0.1111111111111111,6,excluded,insufficient_in_window_coverage
dfm_tierC_k1,C,H3,conservative,2022Q3,gold_exports_proxy,gold_exports_proxy_usd_m,54,18,36,0.3333333333333333,18,included,included
dfm_tierC_k1,C,H3,conservative,2022Q4,ppi,ppi_mom_log,57,57,0,1.0,35,included,included
dfm_tierC_k1,C,H3,conservative,2022Q4,usd_uzs,usd_uzs_mom_dlog,57,57,0,1.0,57,included,included
dfm_tierC_k1,C,H3,conservative,2022Q4,rub_uzs,rub_uzs_mom_dlog,57,57,0,1.0,57,included,included
dfm_tierC_k1,C,H3,conservative,2022Q4,gold_price,gold_price_mom_dlog,57,57,0,1.0,57,included,included
dfm_tierC_k1,C,H3,conservative,2022Q4,m2,m2_yoy_log,57,57,0,1.0,57,included,included
dfm_tierC_k1,C,H3,conservative,2022Q4,fx_reserves_ex_gold,fx_reserves_exgold_yoy_log,57,57,0,1.0,57,included,included
dfm_tierC_k1,C,H3,conservative,2022Q4,industrial_production,ind_prod_yoy_log,57,33,24,0.5789473684210527,33,included,included
dfm_tierC_k1,C,H3,conservative,2022Q4,manufacturing,manufacturing_yoy_log,57,33,24,0.5789473684210527,33,included,included
dfm_tierC_k1,C,H3,conservative,2022Q4,mining,mining_yoy_log,57,33,24,0.5789473684210527,33,included,included
dfm_tierC_k1,C,H3,conservative,2022Q4,electricity_gas,utilities_yoy_log,57,33,24,0.5789473684210527,33,included,included
dfm_tierC_k1,C,H3,conservative,2022Q4,retail_trade,retail_yoy_log,57,21,36,0.3684210526315789,21,included,included
dfm_tierC_k1,C,H3,conservative,2022Q4,wholesale_trade,wholesale_yoy_log,57,21,36,0.3684210526315789,21,included,included
dfm_tierC_k1,C,H3,conservative,2022Q4,construction,construction_yoy_log,57,9,48,0.15789473684210525,9,excluded,insufficient_in_window_coverage
dfm_tierC_k1,C,H3,conservative,2022Q4,cpi_headline,cpi_headline_mom_log,57,21,36,0.3684210526315789,19,included,included
dfm_tierC_k1,C,H3,conservative,2022Q4,cpi_food,cpi_food_mom_log,57,21,36,0.3684210526315789,20,included,included
dfm_tierC_k1,C,H3,conservative,2022Q4,cpi_services,cpi_services_mom_log,57,21,36,0.3684210526315789,18,included,included
dfm_tierC_k1,C,H3,conservative,2022Q4,exports_total,exports_total_yoy_log,57,9,48,0.15789473684210525,9,excluded,insufficient_in_window_coverage
dfm_tierC_k1,C,H3,conservative,2022Q4,exports_non_gold,exports_non_gold_yoy_log,57,9,48,0.15789473684210525,9,excluded,insufficient_in_window_coverage
dfm_tierC_k1,C,H3,conservative,2022Q4,imports_total,imports_total_yoy_log,57,9,48,0.15789473684210525,9,excluded,insufficient_in_window_coverage
dfm_tierC_k1,C,H3,conservative,2022Q4,gold_exports_proxy,gold_exports_proxy_usd_m,57,21,36,0.3684210526315789,21,included,included
dfm_tierC_k1,C,H3,conservative,2023Q1,ppi,ppi_mom_log,60,60,0,1.0,35,included,included
dfm_tierC_k1,C,H3,conservative,2023Q1,usd_uzs,usd_uzs_mom_dlog,60,60,0,1.0,60,included,included
dfm_tierC_k1,C,H3,conservative,2023Q1,rub_uzs,rub_uzs_mom_dlog,60,60,0,1.0,60,included,included
dfm_tierC_k1,C,H3,conservative,2023Q1,gold_price,gold_price_mom_dlog,60,60,0,1.0,60,included,included
dfm_tierC_k1,C,H3,conservative,2023Q1,m2,m2_yoy_log,60,60,0,1.0,60,included,included
dfm_tierC_k1,C,H3,conservative,2023Q1,fx_reserves_ex_gold,fx_reserves_exgold_yoy_log,60,60,0,1.0,60,included,included
dfm_tierC_k1,C,H3,conservative,2023Q1,industrial_production,ind_prod_yoy_log,60,36,24,0.6,36,included,included
dfm_tierC_k1,C,H3,conservative,2023Q1,manufacturing,manufacturing_yoy_log,60,36,24,0.6,36,included,included
dfm_tierC_k1,C,H3,conservative,2023Q1,mining,mining_yoy_log,60,36,24,0.6,36,included,included
dfm_tierC_k1,C,H3,conservative,2023Q1,electricity_gas,utilities_yoy_log,60,36,24,0.6,36,included,included
dfm_tierC_k1,C,H3,conservative,2023Q1,retail_trade,retail_yoy_log,60,24,36,0.4,24,included,included
dfm_tierC_k1,C,H3,conservative,2023Q1,wholesale_trade,wholesale_yoy_log,60,24,36,0.4,24,included,included
dfm_tierC_k1,C,H3,conservative,2023Q1,construction,construction_yoy_log,60,12,48,0.2,12,included,included
dfm_tierC_k1,C,H3,conservative,2023Q1,cpi_headline,cpi_headline_mom_log,60,24,36,0.4,22,included,included
dfm_tierC_k1,C,H3,conservative,2023Q1,cpi_food,cpi_food_mom_log,60,24,36,0.4,23,included,included
dfm_tierC_k1,C,H3,conservative,2023Q1,cpi_services,cpi_services_mom_log,60,24,36,0.4,21,included,included
dfm_tierC_k1,C,H3,conservative,2023Q1,exports_total,exports_total_yoy_log,60,12,48,0.2,12,included,included
dfm_tierC_k1,C,H3,conservative,2023Q1,exports_non_gold,exports_non_gold_yoy_log,60,12,48,0.2,12,included,included
dfm_tierC_k1,C,H3,conservative,2023Q1,imports_total,imports_total_yoy_log,60,12,48,0.2,12,included,included
dfm_tierC_k1,C,H3,conservative,2023Q1,gold_exports_proxy,gold_exports_proxy_usd_m,60,24,36,0.4,24,included,included
dfm_tierC_k1,C,H3,conservative,2023Q2,ppi,ppi_mom_log,63,63,0,1.0,36,included,included
dfm_tierC_k1,C,H3,conservative,2023Q2,usd_uzs,usd_uzs_mom_dlog,63,63,0,1.0,63,included,included
dfm_tierC_k1,C,H3,conservative,2023Q2,rub_uzs,rub_uzs_mom_dlog,63,63,0,1.0,63,included,included
dfm_tierC_k1,C,H3,conservative,2023Q2,gold_price,gold_price_mom_dlog,63,63,0,1.0,63,included,included
dfm_tierC_k1,C,H3,conservative,2023Q2,m2,m2_yoy_log,63,63,0,1.0,63,included,included
dfm_tierC_k1,C,H3,conservative,2023Q2,fx_reserves_ex_gold,fx_reserves_exgold_yoy_log,63,63,0,1.0,63,included,included
dfm_tierC_k1,C,H3,conservative,2023Q2,industrial_production,ind_prod_yoy_log,63,39,24,0.6190476190476191,39,included,included
dfm_tierC_k1,C,H3,conservative,2023Q2,manufacturing,manufacturing_yoy_log,63,39,24,0.6190476190476191,39,included,included
dfm_tierC_k1,C,H3,conservative,2023Q2,mining,mining_yoy_log,63,39,24,0.6190476190476191,39,included,included
dfm_tierC_k1,C,H3,conservative,2023Q2,electricity_gas,utilities_yoy_log,63,39,24,0.6190476190476191,39,included,included
dfm_tierC_k1,C,H3,conservative,2023Q2,retail_trade,retail_yoy_log,63,27,36,0.42857142857142855,27,included,included
dfm_tierC_k1,C,H3,conservative,2023Q2,wholesale_trade,wholesale_yoy_log,63,27,36,0.42857142857142855,27,included,included
dfm_tierC_k1,C,H3,conservative,2023Q2,construction,construction_yoy_log,63,15,48,0.23809523809523808,15,included,included
dfm_tierC_k1,C,H3,conservative,2023Q2,cpi_headline,cpi_headline_mom_log,63,27,36,0.42857142857142855,24,included,included
dfm_tierC_k1,C,H3,conservative,2023Q2,cpi_food,cpi_food_mom_log,63,27,36,0.42857142857142855,26,included,included
dfm_tierC_k1,C,H3,conservative,2023Q2,cpi_services,cpi_services_mom_log,63,27,36,0.42857142857142855,23,included,included
dfm_tierC_k1,C,H3,conservative,2023Q2,exports_total,exports_total_yoy_log,63,15,48,0.23809523809523808,15,included,included
dfm_tierC_k1,C,H3,conservative,2023Q2,exports_non_gold,exports_non_gold_yoy_log,63,15,48,0.23809523809523808,15,included,included
dfm_tierC_k1,C,H3,conservative,2023Q2,imports_total,imports_total_yoy_log,63,15,48,0.23809523809523808,15,included,included
dfm_tierC_k1,C,H3,conservative,2023Q2,gold_exports_proxy,gold_exports_proxy_usd_m,63,27,36,0.42857142857142855,27,included,included
dfm_tierC_k1,C,H3,conservative,2023Q3,ppi,ppi_mom_log,66,66,0,1.0,36,included,included
dfm_tierC_k1,C,H3,conservative,2023Q3,usd_uzs,usd_uzs_mom_dlog,66,66,0,1.0,66,included,included
dfm_tierC_k1,C,H3,conservative,2023Q3,rub_uzs,rub_uzs_mom_dlog,66,66,0,1.0,66,included,included
dfm_tierC_k1,C,H3,conservative,2023Q3,gold_price,gold_price_mom_dlog,66,66,0,1.0,66,included,included
dfm_tierC_k1,C,H3,conservative,2023Q3,m2,m2_yoy_log,66,66,0,1.0,66,included,included
dfm_tierC_k1,C,H3,conservative,2023Q3,fx_reserves_ex_gold,fx_reserves_exgold_yoy_log,66,66,0,1.0,66,included,included
dfm_tierC_k1,C,H3,conservative,2023Q3,industrial_production,ind_prod_yoy_log,66,42,24,0.6363636363636364,42,included,included
dfm_tierC_k1,C,H3,conservative,2023Q3,manufacturing,manufacturing_yoy_log,66,42,24,0.6363636363636364,42,included,included
dfm_tierC_k1,C,H3,conservative,2023Q3,mining,mining_yoy_log,66,42,24,0.6363636363636364,42,included,included
dfm_tierC_k1,C,H3,conservative,2023Q3,electricity_gas,utilities_yoy_log,66,42,24,0.6363636363636364,42,included,included
dfm_tierC_k1,C,H3,conservative,2023Q3,retail_trade,retail_yoy_log,66,30,36,0.45454545454545453,30,included,included
dfm_tierC_k1,C,H3,conservative,2023Q3,wholesale_trade,wholesale_yoy_log,66,30,36,0.45454545454545453,30,included,included
dfm_tierC_k1,C,H3,conservative,2023Q3,construction,construction_yoy_log,66,18,48,0.2727272727272727,18,included,included
dfm_tierC_k1,C,H3,conservative,2023Q3,cpi_headline,cpi_headline_mom_log,66,30,36,0.45454545454545453,27,included,included
dfm_tierC_k1,C,H3,conservative,2023Q3,cpi_food,cpi_food_mom_log,66,30,36,0.45454545454545453,28,included,included
dfm_tierC_k1,C,H3,conservative,2023Q3,cpi_services,cpi_services_mom_log,66,30,36,0.45454545454545453,25,included,included
dfm_tierC_k1,C,H3,conservative,2023Q3,exports_total,exports_total_yoy_log,66,18,48,0.2727272727272727,18,included,included
dfm_tierC_k1,C,H3,conservative,2023Q3,exports_non_gold,exports_non_gold_yoy_log,66,18,48,0.2727272727272727,18,included,included
dfm_tierC_k1,C,H3,conservative,2023Q3,imports_total,imports_total_yoy_log,66,18,48,0.2727272727272727,18,included,included
dfm_tierC_k1,C,H3,conservative,2023Q3,gold_exports_proxy,gold_exports_proxy_usd_m,66,30,36,0.45454545454545453,30,included,included
dfm_tierC_k1,C,H3,conservative,2023Q4,ppi,ppi_mom_log,69,69,0,1.0,36,included,included
dfm_tierC_k1,C,H3,conservative,2023Q4,usd_uzs,usd_uzs_mom_dlog,69,69,0,1.0,69,included,included
dfm_tierC_k1,C,H3,conservative,2023Q4,rub_uzs,rub_uzs_mom_dlog,69,69,0,1.0,69,included,included
dfm_tierC_k1,C,H3,conservative,2023Q4,gold_price,gold_price_mom_dlog,69,69,0,1.0,69,included,included
dfm_tierC_k1,C,H3,conservative,2023Q4,m2,m2_yoy_log,69,69,0,1.0,69,included,included
dfm_tierC_k1,C,H3,conservative,2023Q4,fx_reserves_ex_gold,fx_reserves_exgold_yoy_log,69,69,0,1.0,69,included,included
dfm_tierC_k1,C,H3,conservative,2023Q4,industrial_production,ind_prod_yoy_log,69,45,24,0.6521739130434783,45,included,included
dfm_tierC_k1,C,H3,conservative,2023Q4,manufacturing,manufacturing_yoy_log,69,45,24,0.6521739130434783,45,included,included
dfm_tierC_k1,C,H3,conservative,2023Q4,mining,mining_yoy_log,69,45,24,0.6521739130434783,45,included,included
dfm_tierC_k1,C,H3,conservative,2023Q4,electricity_gas,utilities_yoy_log,69,45,24,0.6521739130434783,45,included,included
dfm_tierC_k1,C,H3,conservative,2023Q4,retail_trade,retail_yoy_log,69,33,36,0.4782608695652174,33,included,included
dfm_tierC_k1,C,H3,conservative,2023Q4,wholesale_trade,wholesale_yoy_log,69,33,36,0.4782608695652174,33,included,included
dfm_tierC_k1,C,H3,conservative,2023Q4,construction,construction_yoy_log,69,21,48,0.30434782608695654,21,included,included
dfm_tierC_k1,C,H3,conservative,2023Q4,cpi_headline,cpi_headline_mom_log,69,33,36,0.4782608695652174,28,included,included
dfm_tierC_k1,C,H3,conservative,2023Q4,cpi_food,cpi_food_mom_log,69,33,36,0.4782608695652174,30,included,included
dfm_tierC_k1,C,H3,conservative,2023Q4,cpi_services,cpi_services_mom_log,69,33,36,0.4782608695652174,27,included,included
dfm_tierC_k1,C,H3,conservative,2023Q4,exports_total,exports_total_yoy_log,69,21,48,0.30434782608695654,21,included,included
dfm_tierC_k1,C,H3,conservative,2023Q4,exports_non_gold,exports_non_gold_yoy_log,69,21,48,0.30434782608695654,21,included,included
dfm_tierC_k1,C,H3,conservative,2023Q4,imports_total,imports_total_yoy_log,69,21,48,0.30434782608695654,21,included,included
dfm_tierC_k1,C,H3,conservative,2023Q4,gold_exports_proxy,gold_exports_proxy_usd_m,69,33,36,0.4782608695652174,33,included,included
dfm_tierC_k1,C,H3,conservative,2024Q1,ppi,ppi_mom_log,72,72,0,1.0,37,included,included
dfm_tierC_k1,C,H3,conservative,2024Q1,usd_uzs,usd_uzs_mom_dlog,72,72,0,1.0,72,included,included
dfm_tierC_k1,C,H3,conservative,2024Q1,rub_uzs,rub_uzs_mom_dlog,72,72,0,1.0,72,included,included
dfm_tierC_k1,C,H3,conservative,2024Q1,gold_price,gold_price_mom_dlog,72,72,0,1.0,71,included,included
dfm_tierC_k1,C,H3,conservative,2024Q1,m2,m2_yoy_log,72,72,0,1.0,72,included,included
dfm_tierC_k1,C,H3,conservative,2024Q1,fx_reserves_ex_gold,fx_reserves_exgold_yoy_log,72,72,0,1.0,72,included,included
dfm_tierC_k1,C,H3,conservative,2024Q1,industrial_production,ind_prod_yoy_log,72,48,24,0.6666666666666666,48,included,included
dfm_tierC_k1,C,H3,conservative,2024Q1,manufacturing,manufacturing_yoy_log,72,48,24,0.6666666666666666,48,included,included
dfm_tierC_k1,C,H3,conservative,2024Q1,mining,mining_yoy_log,72,48,24,0.6666666666666666,48,included,included
dfm_tierC_k1,C,H3,conservative,2024Q1,electricity_gas,utilities_yoy_log,72,48,24,0.6666666666666666,48,included,included
dfm_tierC_k1,C,H3,conservative,2024Q1,retail_trade,retail_yoy_log,72,36,36,0.5,36,included,included
dfm_tierC_k1,C,H3,conservative,2024Q1,wholesale_trade,wholesale_yoy_log,72,35,37,0.4861111111111111,35,included,included
dfm_tierC_k1,C,H3,conservative,2024Q1,construction,construction_yoy_log,72,24,48,0.3333333333333333,24,included,included
dfm_tierC_k1,C,H3,conservative,2024Q1,cpi_headline,cpi_headline_mom_log,72,36,36,0.5,30,included,included
dfm_tierC_k1,C,H3,conservative,2024Q1,cpi_food,cpi_food_mom_log,72,36,36,0.5,32,included,included
dfm_tierC_k1,C,H3,conservative,2024Q1,cpi_services,cpi_services_mom_log,72,36,36,0.5,29,included,included
dfm_tierC_k1,C,H3,conservative,2024Q1,exports_total,exports_total_yoy_log,72,24,48,0.3333333333333333,24,included,included
dfm_tierC_k1,C,H3,conservative,2024Q1,exports_non_gold,exports_non_gold_yoy_log,72,24,48,0.3333333333333333,24,included,included
dfm_tierC_k1,C,H3,conservative,2024Q1,imports_total,imports_total_yoy_log,72,24,48,0.3333333333333333,24,included,included
dfm_tierC_k1,C,H3,conservative,2024Q1,gold_exports_proxy,gold_exports_proxy_usd_m,72,36,36,0.5,35,included,included
dfm_tierC_k1,C,H3,conservative,2024Q2,ppi,ppi_mom_log,75,75,0,1.0,38,included,included
dfm_tierC_k1,C,H3,conservative,2024Q2,usd_uzs,usd_uzs_mom_dlog,75,75,0,1.0,75,included,included
dfm_tierC_k1,C,H3,conservative,2024Q2,rub_uzs,rub_uzs_mom_dlog,75,75,0,1.0,75,included,included
dfm_tierC_k1,C,H3,conservative,2024Q2,gold_price,gold_price_mom_dlog,75,75,0,1.0,74,included,included
dfm_tierC_k1,C,H3,conservative,2024Q2,m2,m2_yoy_log,75,75,0,1.0,75,included,included
dfm_tierC_k1,C,H3,conservative,2024Q2,fx_reserves_ex_gold,fx_reserves_exgold_yoy_log,75,75,0,1.0,75,included,included
dfm_tierC_k1,C,H3,conservative,2024Q2,industrial_production,ind_prod_yoy_log,75,51,24,0.68,51,included,included
dfm_tierC_k1,C,H3,conservative,2024Q2,manufacturing,manufacturing_yoy_log,75,51,24,0.68,51,included,included
dfm_tierC_k1,C,H3,conservative,2024Q2,mining,mining_yoy_log,75,51,24,0.68,51,included,included
dfm_tierC_k1,C,H3,conservative,2024Q2,electricity_gas,utilities_yoy_log,75,51,24,0.68,51,included,included
dfm_tierC_k1,C,H3,conservative,2024Q2,retail_trade,retail_yoy_log,75,39,36,0.52,39,included,included
dfm_tierC_k1,C,H3,conservative,2024Q2,wholesale_trade,wholesale_yoy_log,75,38,37,0.5066666666666667,38,included,included
dfm_tierC_k1,C,H3,conservative,2024Q2,construction,construction_yoy_log,75,27,48,0.36,27,included,included
dfm_tierC_k1,C,H3,conservative,2024Q2,cpi_headline,cpi_headline_mom_log,75,39,36,0.52,32,included,included
dfm_tierC_k1,C,H3,conservative,2024Q2,cpi_food,cpi_food_mom_log,75,39,36,0.52,34,included,included
dfm_tierC_k1,C,H3,conservative,2024Q2,cpi_services,cpi_services_mom_log,75,39,36,0.52,31,included,included
dfm_tierC_k1,C,H3,conservative,2024Q2,exports_total,exports_total_yoy_log,75,27,48,0.36,27,included,included
dfm_tierC_k1,C,H3,conservative,2024Q2,exports_non_gold,exports_non_gold_yoy_log,75,27,48,0.36,27,included,included
dfm_tierC_k1,C,H3,conservative,2024Q2,imports_total,imports_total_yoy_log,75,27,48,0.36,27,included,included
dfm_tierC_k1,C,H3,conservative,2024Q2,gold_exports_proxy,gold_exports_proxy_usd_m,75,39,36,0.52,38,included,included
dfm_tierC_k1,C,H3,conservative,2024Q3,ppi,ppi_mom_log,78,78,0,1.0,38,included,included
dfm_tierC_k1,C,H3,conservative,2024Q3,usd_uzs,usd_uzs_mom_dlog,78,78,0,1.0,78,included,included
dfm_tierC_k1,C,H3,conservative,2024Q3,rub_uzs,rub_uzs_mom_dlog,78,78,0,1.0,78,included,included
dfm_tierC_k1,C,H3,conservative,2024Q3,gold_price,gold_price_mom_dlog,78,78,0,1.0,77,included,included
dfm_tierC_k1,C,H3,conservative,2024Q3,m2,m2_yoy_log,78,78,0,1.0,78,included,included
dfm_tierC_k1,C,H3,conservative,2024Q3,fx_reserves_ex_gold,fx_reserves_exgold_yoy_log,78,78,0,1.0,78,included,included
dfm_tierC_k1,C,H3,conservative,2024Q3,industrial_production,ind_prod_yoy_log,78,54,24,0.6923076923076923,54,included,included
dfm_tierC_k1,C,H3,conservative,2024Q3,manufacturing,manufacturing_yoy_log,78,54,24,0.6923076923076923,54,included,included
dfm_tierC_k1,C,H3,conservative,2024Q3,mining,mining_yoy_log,78,54,24,0.6923076923076923,54,included,included
dfm_tierC_k1,C,H3,conservative,2024Q3,electricity_gas,utilities_yoy_log,78,54,24,0.6923076923076923,54,included,included
dfm_tierC_k1,C,H3,conservative,2024Q3,retail_trade,retail_yoy_log,78,42,36,0.5384615384615384,42,included,included
dfm_tierC_k1,C,H3,conservative,2024Q3,wholesale_trade,wholesale_yoy_log,78,41,37,0.5256410256410257,41,included,included
dfm_tierC_k1,C,H3,conservative,2024Q3,construction,construction_yoy_log,78,30,48,0.38461538461538464,30,included,included
dfm_tierC_k1,C,H3,conservative,2024Q3,cpi_headline,cpi_headline_mom_log,78,42,36,0.5384615384615384,35,included,included
dfm_tierC_k1,C,H3,conservative,2024Q3,cpi_food,cpi_food_mom_log,78,42,36,0.5384615384615384,37,included,included
dfm_tierC_k1,C,H3,conservative,2024Q3,cpi_services,cpi_services_mom_log,78,42,36,0.5384615384615384,34,included,included
dfm_tierC_k1,C,H3,conservative,2024Q3,exports_total,exports_total_yoy_log,78,30,48,0.38461538461538464,30,included,included
dfm_tierC_k1,C,H3,conservative,2024Q3,exports_non_gold,exports_non_gold_yoy_log,78,30,48,0.38461538461538464,30,included,included
dfm_tierC_k1,C,H3,conservative,2024Q3,imports_total,imports_total_yoy_log,78,30,48,0.38461538461538464,30,included,included
dfm_tierC_k1,C,H3,conservative,2024Q3,gold_exports_proxy,gold_exports_proxy_usd_m,78,42,36,0.5384615384615384,41,included,included
dfm_tierC_k1,C,H3,conservative,2024Q4,ppi,ppi_mom_log,81,81,0,1.0,38,included,included
dfm_tierC_k1,C,H3,conservative,2024Q4,usd_uzs,usd_uzs_mom_dlog,81,81,0,1.0,81,included,included
dfm_tierC_k1,C,H3,conservative,2024Q4,rub_uzs,rub_uzs_mom_dlog,81,81,0,1.0,81,included,included
dfm_tierC_k1,C,H3,conservative,2024Q4,gold_price,gold_price_mom_dlog,81,81,0,1.0,80,included,included
dfm_tierC_k1,C,H3,conservative,2024Q4,m2,m2_yoy_log,81,81,0,1.0,81,included,included
dfm_tierC_k1,C,H3,conservative,2024Q4,fx_reserves_ex_gold,fx_reserves_exgold_yoy_log,81,81,0,1.0,81,included,included
dfm_tierC_k1,C,H3,conservative,2024Q4,industrial_production,ind_prod_yoy_log,81,57,24,0.7037037037037037,57,included,included
dfm_tierC_k1,C,H3,conservative,2024Q4,manufacturing,manufacturing_yoy_log,81,57,24,0.7037037037037037,57,included,included
dfm_tierC_k1,C,H3,conservative,2024Q4,mining,mining_yoy_log,81,57,24,0.7037037037037037,57,included,included
dfm_tierC_k1,C,H3,conservative,2024Q4,electricity_gas,utilities_yoy_log,81,57,24,0.7037037037037037,57,included,included
dfm_tierC_k1,C,H3,conservative,2024Q4,retail_trade,retail_yoy_log,81,45,36,0.5555555555555556,45,included,included
dfm_tierC_k1,C,H3,conservative,2024Q4,wholesale_trade,wholesale_yoy_log,81,44,37,0.5432098765432098,44,included,included
dfm_tierC_k1,C,H3,conservative,2024Q4,construction,construction_yoy_log,81,33,48,0.4074074074074074,33,included,included
dfm_tierC_k1,C,H3,conservative,2024Q4,cpi_headline,cpi_headline_mom_log,81,45,36,0.5555555555555556,37,included,included
dfm_tierC_k1,C,H3,conservative,2024Q4,cpi_food,cpi_food_mom_log,81,45,36,0.5555555555555556,39,included,included
dfm_tierC_k1,C,H3,conservative,2024Q4,cpi_services,cpi_services_mom_log,81,45,36,0.5555555555555556,35,included,included
dfm_tierC_k1,C,H3,conservative,2024Q4,exports_total,exports_total_yoy_log,81,33,48,0.4074074074074074,33,included,included
dfm_tierC_k1,C,H3,conservative,2024Q4,exports_non_gold,exports_non_gold_yoy_log,81,33,48,0.4074074074074074,33,included,included
dfm_tierC_k1,C,H3,conservative,2024Q4,imports_total,imports_total_yoy_log,81,33,48,0.4074074074074074,33,included,included
dfm_tierC_k1,C,H3,conservative,2024Q4,gold_exports_proxy,gold_exports_proxy_usd_m,81,45,36,0.5555555555555556,44,included,included
dfm_tierC_k1,C,H3,conservative,2025Q1,ppi,ppi_mom_log,84,84,0,1.0,38,included,included
dfm_tierC_k1,C,H3,conservative,2025Q1,usd_uzs,usd_uzs_mom_dlog,84,84,0,1.0,84,included,included
dfm_tierC_k1,C,H3,conservative,2025Q1,rub_uzs,rub_uzs_mom_dlog,84,84,0,1.0,84,included,included
dfm_tierC_k1,C,H3,conservative,2025Q1,gold_price,gold_price_mom_dlog,84,84,0,1.0,83,included,included
dfm_tierC_k1,C,H3,conservative,2025Q1,m2,m2_yoy_log,84,84,0,1.0,84,included,included
dfm_tierC_k1,C,H3,conservative,2025Q1,fx_reserves_ex_gold,fx_reserves_exgold_yoy_log,84,84,0,1.0,84,included,included
dfm_tierC_k1,C,H3,conservative,2025Q1,industrial_production,ind_prod_yoy_log,84,60,24,0.7142857142857143,60,included,included
dfm_tierC_k1,C,H3,conservative,2025Q1,manufacturing,manufacturing_yoy_log,84,60,24,0.7142857142857143,60,included,included
dfm_tierC_k1,C,H3,conservative,2025Q1,mining,mining_yoy_log,84,60,24,0.7142857142857143,60,included,included
dfm_tierC_k1,C,H3,conservative,2025Q1,electricity_gas,utilities_yoy_log,84,60,24,0.7142857142857143,60,included,included
dfm_tierC_k1,C,H3,conservative,2025Q1,retail_trade,retail_yoy_log,84,48,36,0.5714285714285714,48,included,included
dfm_tierC_k1,C,H3,conservative,2025Q1,wholesale_trade,wholesale_yoy_log,84,46,38,0.5476190476190477,46,included,included
dfm_tierC_k1,C,H3,conservative,2025Q1,construction,construction_yoy_log,84,36,48,0.42857142857142855,36,included,included
dfm_tierC_k1,C,H3,conservative,2025Q1,cpi_headline,cpi_headline_mom_log,84,48,36,0.5714285714285714,37,included,included
dfm_tierC_k1,C,H3,conservative,2025Q1,cpi_food,cpi_food_mom_log,84,48,36,0.5714285714285714,41,included,included
dfm_tierC_k1,C,H3,conservative,2025Q1,cpi_services,cpi_services_mom_log,84,48,36,0.5714285714285714,38,included,included
dfm_tierC_k1,C,H3,conservative,2025Q1,exports_total,exports_total_yoy_log,84,36,48,0.42857142857142855,36,included,included
dfm_tierC_k1,C,H3,conservative,2025Q1,exports_non_gold,exports_non_gold_yoy_log,84,36,48,0.42857142857142855,36,included,included
dfm_tierC_k1,C,H3,conservative,2025Q1,imports_total,imports_total_yoy_log,84,36,48,0.42857142857142855,36,included,included
dfm_tierC_k1,C,H3,conservative,2025Q1,gold_exports_proxy,gold_exports_proxy_usd_m,84,48,36,0.5714285714285714,47,included,included
dfm_tierC_k1,C,H3,conservative,2025Q2,ppi,ppi_mom_log,87,87,0,1.0,38,included,included
dfm_tierC_k1,C,H3,conservative,2025Q2,usd_uzs,usd_uzs_mom_dlog,87,87,0,1.0,87,included,included
dfm_tierC_k1,C,H3,conservative,2025Q2,rub_uzs,rub_uzs_mom_dlog,87,87,0,1.0,87,included,included
dfm_tierC_k1,C,H3,conservative,2025Q2,gold_price,gold_price_mom_dlog,87,87,0,1.0,86,included,included
dfm_tierC_k1,C,H3,conservative,2025Q2,m2,m2_yoy_log,87,87,0,1.0,87,included,included
dfm_tierC_k1,C,H3,conservative,2025Q2,fx_reserves_ex_gold,fx_reserves_exgold_yoy_log,87,87,0,1.0,87,included,included
dfm_tierC_k1,C,H3,conservative,2025Q2,industrial_production,ind_prod_yoy_log,87,63,24,0.7241379310344828,63,included,included
dfm_tierC_k1,C,H3,conservative,2025Q2,manufacturing,manufacturing_yoy_log,87,63,24,0.7241379310344828,63,included,included
dfm_tierC_k1,C,H3,conservative,2025Q2,mining,mining_yoy_log,87,63,24,0.7241379310344828,63,included,included
dfm_tierC_k1,C,H3,conservative,2025Q2,electricity_gas,utilities_yoy_log,87,63,24,0.7241379310344828,63,included,included
dfm_tierC_k1,C,H3,conservative,2025Q2,retail_trade,retail_yoy_log,87,51,36,0.5862068965517241,51,included,included
dfm_tierC_k1,C,H3,conservative,2025Q2,wholesale_trade,wholesale_yoy_log,87,49,38,0.5632183908045977,49,included,included
dfm_tierC_k1,C,H3,conservative,2025Q2,construction,construction_yoy_log,87,39,48,0.4482758620689655,39,included,included
dfm_tierC_k1,C,H3,conservative,2025Q2,cpi_headline,cpi_headline_mom_log,87,51,36,0.5862068965517241,39,included,included
dfm_tierC_k1,C,H3,conservative,2025Q2,cpi_food,cpi_food_mom_log,87,51,36,0.5862068965517241,43,included,included
dfm_tierC_k1,C,H3,conservative,2025Q2,cpi_services,cpi_services_mom_log,87,51,36,0.5862068965517241,41,included,included
dfm_tierC_k1,C,H3,conservative,2025Q2,exports_total,exports_total_yoy_log,87,39,48,0.4482758620689655,39,included,included
dfm_tierC_k1,C,H3,conservative,2025Q2,exports_non_gold,exports_non_gold_yoy_log,87,39,48,0.4482758620689655,39,included,included
dfm_tierC_k1,C,H3,conservative,2025Q2,imports_total,imports_total_yoy_log,87,39,48,0.4482758620689655,39,included,included
dfm_tierC_k1,C,H3,conservative,2025Q2,gold_exports_proxy,gold_exports_proxy_usd_m,87,51,36,0.5862068965517241,50,included,included
