target_quarter,horizon,lag_mode,month,value
2024Q1,H1,conservative,2021-01-31,-2.2258081818825901
2024Q1,H1,conservative,2021-02-28,-1.4806463126210345
2024Q1,H1,conservative,2021-03-31,-0.53225847843317797
2024Q1,H1,conservative,2021-04-30,0.4161293556272963
2024Q1,H1,conservative,2021-05-31,0.95806526078623366
2024Q1,H1,conservative,2021-06-30,1.0596782429844593
2024Q1,H1,conservative,2021-07-31,1.1951622192416385
2024Q1,H1,conservative,2021-08-31,1.2967752014796763
2024Q1,H1,conservative,2021-09-30,1.2290332134074999
2024Q1,H1,conservative,2021-10-31,1.3983881837711918
2024Q1,H1,conservative,2021-11-30,1.3306461956686788
2024Q1,H1,conservative,2021-12-31,1.1274202313622426
2024Q1,H1,conservative,2022-01-31,1.0596782432235985
2024Q1,H1,conservative,2022-02-28,0.68709730842060035
2024Q1,H1,conservative,2022-03-31,0.11129040924614986
2024Q1,H1,conservative,2022-04-30,0.17903239731317599
2024Q1,H1,conservative,2022-05-31,0.21290339136316222
2024Q1,H1,conservative,2022-06-30,-0.09193555521570862
2024Q1,H1,conservative,2022-07-31,0.043548421101935339
2024Q1,H1,conservative,2022-08-31,0.043548421103335129
2024Q1,H1,conservative,2022-09-30,-0.024193567036783346
2024Q1,H1,conservative,2022-10-31,0.0096774270435811566
2024Q1,H1,conservative,2022-11-30,0.0096774270538225564
2024Q1,H1,conservative,2022-12-31,-0.058064561048831731
2024Q1,H1,conservative,2023-01-31,-5.1725846663753288
2024Q1,H1,conservative,2023-02-28,-3.1403250219480072
2024Q1,H1,conservative,2023-03-31,-0.43064549621208581
2024Q1,H1,conservative,2023-04-30,-0.12580654945179187
2024Q1,H1,conservative,2023-05-31,0.11129040905735293
2024Q1,H1,conservative,2023-06-30,0.077419415006558065
2024Q1,H1,conservative,2023-07-31,0.11129040908010313
2024Q1,H1,conservative,2023-08-31,0.14516140317734338
2024Q1,H1,conservative,2023-09-30,0.11129040911319912
2024Q1,H1,conservative,2023-10-31,0.14516140317425175
2024Q1,H1,conservative,2023-11-30,0.21290339134773484
2024Q1,H1,conservative,2023-12-31,0.13582777910156454
2024Q1,H1,conservative,2024-01-31,0.086655198204571487
2024Q1,H1,conservative,2024-02-29,0.05528415045539882
2024Q1,H1,conservative,2024-03-31,0.035270097523288989
2024Q1,H1,standard,2021-01-31,-2.2460319659317132
2024Q1,H1,standard,2021-02-28,-1.4940995252069744
2024Q1,H1,standard,2021-03-31,-0.53709460057017755
2024Q1,H1,standard,2021-04-30,0.41991032404951073
2024Q1,H1,standard,2021-05-31,0.9667702809726042
2024Q1,H1,standard,2021-06-30,1.0693065228931822
2024Q1,H1,standard,2021-07-31,1.2060215121196025
2024Q1,H1,standard,2021-08-31,1.3085577540454572
2024Q1,H1,standard,2021-09-30,1.2402002594398067
2024Q1,H1,standard,2021-10-31,1.4110939959784599
2024Q1,H1,standard,2021-11-30,1.3427365013687502
2024Q1,H1,standard,2021-12-31,1.1376640175397355
2024Q1,H1,standard,2022-01-31,1.0693065229251359
2024Q1,H1,standard,2022-02-28,0.69334030253972123
2024Q1,H1,standard,2022-03-31,0.11230159831659375
2024Q1,H1,standard,2022-04-30,0.18065909292151489
2024Q1,H1,standard,2022-05-31,0.21483784022621144
2024Q1,H1,standard,2022-06-30,-0.092770885533232067
2024Q1,H1,standard,2022-07-31,0.043944103701244575
2024Q1,H1,standard,2022-08-31,0.043944103701436921
2024Q1,H1,standard,2022-09-30,-0.024413390913305386
2024Q1,H1,standard,2022-10-31,0.0097653563954364399
2024Q1,H1,standard,2022-11-30,0.0097653563968077371
2024Q1,H1,standard,2022-12-31,-0.058592138212927969
2024Q1,H1,standard,2023-01-31,-5.2195829817263144
2024Q1,H1,standard,2023-02-28,-3.1688581432542704
2024Q1,H1,standard,2023-03-31,-0.43455835864671521
2024Q1,H1,standard,2023-04-30,-0.12694963286283412
2024Q1,H1,standard,2023-05-31,0.11230159829130119
2024Q1,H1,standard,2023-06-30,0.07812285098652226
2024Q1,H1,standard,2023-07-31,0.11230159829436129
2024Q1,H1,standard,2023-08-31,0.14648034560537623
2024Q1,H1,standard,2023-09-30,0.11230159829879516
2024Q1,H1,standard,2023-10-31,0.14648034560496059
2024Q1,H1,standard,2023-11-30,0.21483784022417235
2024Q1,H1,standard,2023-12-31,0.42105285298206802
2024Q1,H1,standard,2024-01-31,0.26920730251475733
2024Q1,H1,standard,2024-02-29,0.17212226734480424
2024Q1,H1,standard,2024-03-31,0.11004929895723103
2024Q1,H2,conservative,2021-01-31,-2.2630568526186501
2024Q1,H2,conservative,2021-02-28,-1.5074324736537512
2024Q1,H2,conservative,2021-03-31,-0.54572871833009562
2024Q1,H2,conservative,2021-04-30,0.41597503693405935
2024Q1,H2,conservative,2021-05-31,0.96552003993334989
2024Q1,H2,conservative,2021-06-30,1.0685597279861896
2024Q1,H2,conservative,2021-07-31,1.2059459787202824
2024Q1,H2,conservative,2021-08-31,1.3089856667924773
2024Q1,H2,conservative,2021-09-30,1.2402925414523556
2024Q1,H2,conservative,2021-10-31,1.4120253548902224
2024Q1,H2,conservative,2021-11-30,1.3433322295356822
2024Q1,H2,conservative,2021-12-31,1.1372528534725825
2024Q1,H2,conservative,2022-01-31,1.068559728101286
2024Q1,H2,conservative,2022-02-28,0.69074753853627802
2024Q1,H2,conservative,2022-03-31,0.1068559728767613
2024Q1,H2,conservative,2022-04-30,0.17554909821453468
2024Q1,H2,conservative,2022-05-31,0.20989566089114031
2024Q1,H2,conservative,2022-06-30,-0.099223403260850995
2024Q1,H2,conservative,2022-07-31,0.038162847502205915
2024Q1,H2,conservative,2022-08-31,0.03816284750293384
2024Q1,H2,conservative,2022-09-30,-0.030530277869731347
2024Q1,H2,conservative,2022-10-31,0.0038162848216239387
2024Q1,H2,conservative,2022-11-30,0.0038162848265392469
2024Q1,H2,conservative,2022-12-31,-0.064876840528141355
2024Q1,H2,conservative,2023-01-31,-5.2512078065150138
2024Q1,H2,conservative,2023-02-28,-3.1904140452318881
2024Q1,H2,conservative,2023-03-31,-0.44268903026600004
2024Q1,H2,conservative,2023-04-30,-0.13356996602689752
2024Q1,H2,conservative,2023-05-31,0.1068559727861812
2024Q1,H2,conservative,2023-06-30,0.072509410109044603
2024Q1,H2,conservative,2023-07-31,0.10685597279701026
2024Q1,H2,conservative,2023-08-31,0.14120253549621092
2024Q1,H2,conservative,2023-09-30,0.10685597281280167
2024Q1,H2,conservative,2023-10-31,0.1412025354947678
2024Q1,H2,conservative,2023-11-30,0.20989566088331801
2024Q1,H2,conservative,2023-12-31,0.20989566089724271
2024Q1,H2,conservative,2024-01-31,0.13408904365459426
2024Q1,H2,conservative,2024-02-29,0.085660997237127154
2024Q1,H2,conservative,2024-03-31,0.054723385652304883
2024Q1,H2,standard,2021-01-31,-2.2630568526186501
2024Q1,H2,standard,2021-02-28,-1.5074324736537512
2024Q1,H2,standard,2021-03-31,-0.54572871833009562
2024Q1,H2,standard,2021-04-30,0.41597503693405935
2024Q1,H2,standard,2021-05-31,0.96552003993334989
2024Q1,H2,standard,2021-06-30,1.0685597279861896
2024Q1,H2,standard,2021-07-31,1.2059459787202824
2024Q1,H2,standard,2021-08-31,1.3089856667924773
2024Q1,H2,standard,2021-09-30,1.2402925414523556
2024Q1,H2,standard,2021-10-31,1.4120253548902224
2024Q1,H2,standard,2021-11-30,1.3433322295356822
2024Q1,H2,standard,2021-12-31,1.1372528534725825
2024Q1,H2,standard,2022-01-31,1.068559728101286
2024Q1,H2,standard,2022-02-28,0.69074753853627802
2024Q1,H2,standard,2022-03-31,0.1068559728767613
2024Q1,H2,standard,2022-04-30,0.17554909821453468
2024Q1,H2,standard,2022-05-31,0.20989566089114031
2024Q1,H2,standard,2022-06-30,-0.099223403260850995
2024Q1,H2,standard,2022-07-31,0.038162847502205915
2024Q1,H2,standard,2022-08-31,0.03816284750293384
2024Q1,H2,standard,2022-09-30,-0.030530277869731347
2024Q1,H2,standard,2022-10-31,0.0038162848216239387
2024Q1,H2,standard,2022-11-30,0.0038162848265392469
2024Q1,H2,standard,2022-12-31,-0.064876840528141355
2024Q1,H2,standard,2023-01-31,-5.2512078065150138
2024Q1,H2,standard,2023-02-28,-3.1904140452318881
2024Q1,H2,standard,2023-03-31,-0.44268903026600004
2024Q1,H2,standard,2023-04-30,-0.13356996602689752
2024Q1,H2,standard,2023-05-31,0.1068559727861812
2024Q1,H2,standard,2023-06-30,0.072509410109044603
2024Q1,H2,standard,2023-07-31,0.10685597279701026
2024Q1,H2,standard,2023-08-31,0.14120253549621092
2024Q1,H2,standard,2023-09-30,0.10685597281280167
2024Q1,H2,standard,2023-10-31,0.1412025354947678
2024Q1,H2,standard,2023-11-30,0.20989566088331801
2024Q1,H2,standard,2023-12-31,0.20989566089724271
2024Q1,H2,standard,2024-01-31,1.7211292304204429
2024Q1,H2,standard,2024-02-29,1.0995204547178741
2024Q1,H2,standard,2024-03-31,0.70241397855271781
2024Q1,H3,conservative,2021-01-31,-2.2630568526186501
2024Q1,H3,conservative,2021-02-28,-1.5074324736537512
2024Q1,H3,conservative,2021-03-31,-0.54572871833009562
2024Q1,H3,conservative,2021-04-30,0.41597503693405935
2024Q1,H3,conservative,2021-05-31,0.96552003993334989
2024Q1,H3,conservative,2021-06-30,1.0685597279861896
2024Q1,H3,conservative,2021-07-31,1.2059459787202824
2024Q1,H3,conservative,2021-08-31,1.3089856667924773
2024Q1,H3,conservative,2021-09-30,1.2402925414523556
2024Q1,H3,conservative,2021-10-31,1.4120253548902224
2024Q1,H3,conservative,2021-11-30,1.3433322295356822
2024Q1,H3,conservative,2021-12-31,1.1372528534725825
2024Q1,H3,conservative,2022-01-31,1.068559728101286
2024Q1,H3,conservative,2022-02-28,0.69074753853627802
2024Q1,H3,conservative,2022-03-31,0.1068559728767613
2024Q1,H3,conservative,2022-04-30,0.17554909821453468
2024Q1,H3,conservative,2022-05-31,0.20989566089114031
2024Q1,H3,conservative,2022-06-30,-0.099223403260850995
2024Q1,H3,conservative,2022-07-31,0.038162847502205915
2024Q1,H3,conservative,2022-08-31,0.03816284750293384
2024Q1,H3,conservative,2022-09-30,-0.030530277869731347
2024Q1,H3,conservative,2022-10-31,0.0038162848216239387
2024Q1,H3,conservative,2022-11-30,0.0038162848265392469
2024Q1,H3,conservative,2022-12-31,-0.064876840528141355
2024Q1,H3,conservative,2023-01-31,-5.2512078065150138
2024Q1,H3,conservative,2023-02-28,-3.1904140452318881
2024Q1,H3,conservative,2023-03-31,-0.44268903026600004
2024Q1,H3,conservative,2023-04-30,-0.13356996602689752
2024Q1,H3,conservative,2023-05-31,0.1068559727861812
2024Q1,H3,conservative,2023-06-30,0.072509410109044603
2024Q1,H3,conservative,2023-07-31,0.10685597279701026
2024Q1,H3,conservative,2023-08-31,0.14120253549621092
2024Q1,H3,conservative,2023-09-30,0.10685597281280167
2024Q1,H3,conservative,2023-10-31,0.1412025354947678
2024Q1,H3,conservative,2023-11-30,0.20989566088331801
2024Q1,H3,conservative,2023-12-31,0.20989566089724271
2024Q1,H3,conservative,2024-01-31,3.8506313055980748
2024Q1,H3,conservative,2024-02-29,2.4599244549741441
2024Q1,H3,conservative,2024-03-31,1.5714899308543309
2024Q1,H3,standard,2021-01-31,-2.2630568526186501
2024Q1,H3,standard,2021-02-28,-1.5074324736537512
2024Q1,H3,standard,2021-03-31,-0.54572871833009562
2024Q1,H3,standard,2021-04-30,0.41597503693405935
2024Q1,H3,standard,2021-05-31,0.96552003993334989
2024Q1,H3,standard,2021-06-30,1.0685597279861896
2024Q1,H3,standard,2021-07-31,1.2059459787202824
2024Q1,H3,standard,2021-08-31,1.3089856667924773
2024Q1,H3,standard,2021-09-30,1.2402925414523556
2024Q1,H3,standard,2021-10-31,1.4120253548902224
2024Q1,H3,standard,2021-11-30,1.3433322295356822
2024Q1,H3,standard,2021-12-31,1.1372528534725825
2024Q1,H3,standard,2022-01-31,1.068559728101286
2024Q1,H3,standard,2022-02-28,0.69074753853627802
2024Q1,H3,standard,2022-03-31,0.1068559728767613
2024Q1,H3,standard,2022-04-30,0.17554909821453468
2024Q1,H3,standard,2022-05-31,0.20989566089114031
2024Q1,H3,standard,2022-06-30,-0.099223403260850995
2024Q1,H3,standard,2022-07-31,0.038162847502205915
2024Q1,H3,standard,2022-08-31,0.03816284750293384
2024Q1,H3,standard,2022-09-30,-0.030530277869731347
2024Q1,H3,standard,2022-10-31,0.0038162848216239387
2024Q1,H3,standard,2022-11-30,0.0038162848265392469
2024Q1,H3,standard,2022-12-31,-0.064876840528141355
2024Q1,H3,standard,2023-01-31,-5.2512078065150138
2024Q1,H3,standard,2023-02-28,-3.1904140452318881
2024Q1,H3,standard,2023-03-31,-0.44268903026600004
2024Q1,H3,standard,2023-04-30,-0.13356996602689752
2024Q1,H3,standard,2023-05-31,0.1068559727861812
2024Q1,H3,standard,2023-06-30,0.072509410109044603
2024Q1,H3,standard,2023-07-31,0.10685597279701026
2024Q1,H3,standard,2023-08-31,0.14120253549621092
2024Q1,H3,standard,2023-09-30,0.10685597281280167
2024Q1,H3,standard,2023-10-31,0.1412025354947678
2024Q1,H3,standard,2023-11-30,0.20989566088331801
2024Q1,H3,standard,2023-12-31,0.20989566089724271
2024Q1,H3,standard,2024-01-31,3.8506313055980748
2024Q1,H3,standard,2024-02-29,1.8482395665315963
2024Q1,H3,standard,2024-03-31,1.1807231977136083
2024Q2,H1,conservative,2021-01-31,-2.1330543531682391
2024Q2,H1,conservative,2021-02-28,-1.4788968195752994
2024Q2,H1,conservative,2021-03-31,-0.64633268395855126
2024Q2,H1,conservative,2021-04-30,0.18623145088469734
2024Q2,H1,conservative,2021-05-31,0.66198238504408202
2024Q2,H1,conservative,2021-06-30,0.75118568529752394
2024Q2,H1,conservative,2021-07-31,0.87012341879470556
2024Q2,H1,conservative,2021-08-31,0.95932671903012245
2024Q2,H1,conservative,2021-09-30,0.89985785245648819
2024Q2,H1,conservative,2021-10-31,1.0485300194084131
2024Q2,H1,conservative,2021-11-30,0.98906115273028039
2024Q2,H1,conservative,2021-12-31,0.81065455266841979
2024Q2,H1,conservative,2022-01-31,0.75118568570797728
2024Q2,H1,conservative,2022-02-28,0.42410691849657067
2024Q2,H1,conservative,2022-03-31,-0.081378448862834463
2024Q2,H1,conservative,2022-04-30,-0.021909582366658117
2024Q2,H1,conservative,2022-05-31,0.0078248509955930676
2024Q2,H1,conservative,2022-06-30,-0.25978504930139579
2024Q2,H1,conservative,2022-07-31,-0.14084731568311043
2024Q2,H1,conservative,2022-08-31,-0.14084731568994041
2024Q2,H1,conservative,2022-09-30,-0.20031618243272742
2024Q2,H1,conservative,2022-10-31,-0.17058174906754556
2024Q2,H1,conservative,2022-11-30,-0.17058174904412476
2024Q2,H1,conservative,2022-12-31,-0.23005061570938054
2024Q2,H1,conservative,2023-01-31,-4.719950058923204
2024Q2,H1,conservative,2023-02-28,-2.9358840551348009
2024Q2,H1,conservative,2023-03-31,-0.55712938387374145
2024Q2,H1,conservative,2023-04-30,-0.28951948304854508
2024Q2,H1,conservative,2023-05-31,-0.081378449316689361
2024Q2,H1,conservative,2023-06-30,-0.11111288261845753
2024Q2,H1,conservative,2023-07-31,-0.081378449228714039
2024Q2,H1,conservative,2023-08-31,-0.05164401574254765
2024Q2,H1,conservative,2023-09-30,-0.081378449125800875
2024Q2,H1,conservative,2023-10-31,-0.051644015761905512
2024Q2,H1,conservative,2023-11-30,0.0078248510934645424
2024Q2,H1,conservative,2023-12-31,0.007824851120187052
2024Q2,H1,conservative,2024-01-31,3.1596747899472599
2024Q2,H1,conservative,2024-02-29,3.1002059232707362
2024Q2,H1,conservative,2024-03-31,2.1829546460675622
2024Q2,H1,conservative,2024-04-30,1.5370885369319418
2024Q2,H1,conservative,2024-05-31,1.0823134482540477
2024Q2,H1,conservative,2024-06-30,0.7620916896626585
2024Q2,H1,standard,2021-01-31,-2.1140702186833797
2024Q2,H1,standard,2021-02-28,-1.4657346711126278
2024Q2,H1,standard,2021-03-31,-0.64058033773718526
2024Q2,H1,standard,2021-04-30,0.18457399559704596
2024Q2,H1,standard,2021-05-31,0.65609075750010781
2024Q2,H1,standard,2021-06-30,0.74450015036193995
2024Q2,H1,standard,2021-07-31,0.86237934083554413
2024Q2,H1,standard,2021-08-31,0.9507887336966685
2024Q2,H1,standard,2021-09-30,0.89184913846904035
2024Q2,H1,standard,2021-10-31,1.0391981265654309
2024Q2,H1,standard,2021-11-30,0.98025853133221519
2024Q2,H1,standard,2021-12-31,0.80343974563149667
2024Q2,H1,standard,2022-01-31,0.74450015038353246
2024Q2,H1,standard,2022-02-28,0.4203323765760274
2024Q2,H1,standard,2022-03-31,-0.080654182936590324
2024Q2,H1,standard,2022-04-30,-0.021714587712763689
2024Q2,H1,standard,2022-05-31,0.0077552099049742768
2024Q2,H1,standard,2022-06-30,-0.2574729686569967
2024Q2,H1,standard,2022-07-31,-0.1395937781767117
2024Q2,H1,standard,2022-08-31,-0.13959377817716601
2024Q2,H1,standard,2022-09-30,-0.19853337341368768
2024Q2,H1,standard,2022-10-31,-0.16906357579571551
2024Q2,H1,standard,2022-11-30,-0.16906357579449791
2024Q2,H1,standard,2022-12-31,-0.22800317102691484
2024Q2,H1,standard,2023-01-31,-4.6779426116036369
2024Q2,H1,standard,2023-02-28,-2.9097547544246871
2024Q2,H1,standard,2023-03-31,-0.55217094488286667
2024Q2,H1,standard,2023-04-30,-0.28694276629472526
2024Q2,H1,standard,2023-05-31,-0.080654182960089082
2024Q2,H1,standard,2023-06-30,-0.1101239805748167
2024Q2,H1,standard,2023-07-31,-0.080654182955557249
2024Q2,H1,standard,2023-08-31,-0.051184385331230722
2024Q2,H1,standard,2023-09-30,-0.08065418295014587
2024Q2,H1,standard,2023-10-31,-0.051184385332258733
2024Q2,H1,standard,2023-11-30,0.0077552099102107253
2024Q2,H1,standard,2023-12-31,0.0077552099115718526
2024Q2,H1,standard,2024-01-31,3.1315537575248338
2024Q2,H1,standard,2024-02-29,3.0726141622894283
2024Q2,H1,standard,2024-03-31,0.96996256151558491
2024Q2,H1,standard,2024-04-30,0.6276218610241433
2024Q2,H1,standard,2024-05-31,0.40610763349455303
2024Q2,H1,standard,2024-06-30,0.26277512021876809
2024Q2,H2,conservative,2021-01-31,-2.0658627226094319
2024Q2,H2,conservative,2021-02-28,-1.4335008903275275
2024Q2,H2,conservative,2021-03-31,-0.62867674006984131
2024Q2,H2,conservative,2021-04-30,0.17614741015548124
2024Q2,H2,conservative,2021-05-31,0.6360469245679472
2024Q2,H2,conservative,2021-06-30,0.72227808352392642
2024Q2,H2,conservative,2021-07-31,0.83725296212540701
2024Q2,H2,conservative,2021-08-31,0.92348412108114364
2024Q2,H2,conservative,2021-09-30,0.86599668178751621
2024Q2,H2,conservative,2021-10-31,1.0097152800429563
2024Q2,H2,conservative,2021-11-30,0.95222784074489919
2024Q2,H2,conservative,2021-12-31,0.7797655228502639
2024Q2,H2,conservative,2022-01-31,0.72227808354092127
2024Q2,H2,conservative,2022-02-28,0.40609716738263202
2024Q2,H2,conservative,2022-03-31,-0.082546066673641866
2024Q2,H2,conservative,2022-04-30,-0.025058627382677258
2024Q2,H2,conservative,2022-05-31,0.0036850922671315157
2024Q2,H2,conservative,2022-06-30,-0.25500838458353525
2024Q2,H2,conservative,2022-07-31,-0.14003350597652023
2024Q2,H2,conservative,2022-08-31,-0.14003350597695852
2024Q2,H2,conservative,2022-09-30,-0.19752094527752714
2024Q2,H2,conservative,2022-10-31,-0.16877722562741093
2024Q2,H2,conservative,2022-11-30,-0.16877722562647193
2024Q2,H2,conservative,2022-12-31,-0.22626466492380021
2024Q2,H2,conservative,2023-01-31,-4.5665663322883265
2024Q2,H2,conservative,2023-02-28,-2.8419431532028945
2024Q2,H2,conservative,2023-03-31,-0.54244558111827712
2024Q2,H2,conservative,2023-04-30,-0.28375210424876696
2024Q2,H2,conservative,2023-05-31,-0.082546066691647241
2024Q2,H2,conservative,2023-06-30,-0.11128978633930942
2024Q2,H2,conservative,2023-07-31,-0.082546066688221481
2024Q2,H2,conservative,2023-08-31,-0.053802347033204495
2024Q2,H2,conservative,2023-09-30,-0.082546066684011848
2024Q2,H2,conservative,2023-10-31,-0.053802347034008435
2024Q2,H2,conservative,2023-11-30,0.0036850922712094586
2024Q2,H2,conservative,2023-12-31,0.0036850922722615276
2024Q2,H2,conservative,2024-01-31,3.0505193752626871
2024Q2,H2,conservative,2024-02-29,2.993031935960742
2024Q2,H2,conservative,2024-03-31,0.14740369053977265
2024Q2,H2,conservative,2024-04-30,0.08945691721138728
2024Q2,H2,conservative,2024-05-31,0.054289957107998887
2024Q2,H2,conservative,2024-06-30,0.032947697446622654
2024Q2,H2,standard,2021-01-31,-2.0658627226094319
2024Q2,H2,standard,2021-02-28,-1.4335008903275275
2024Q2,H2,standard,2021-03-31,-0.62867674006984131
2024Q2,H2,standard,2021-04-30,0.17614741015548124
2024Q2,H2,standard,2021-05-31,0.6360469245679472
2024Q2,H2,standard,2021-06-30,0.72227808352392642
2024Q2,H2,standard,2021-07-31,0.83725296212540701
2024Q2,H2,standard,2021-08-31,0.92348412108114364
2024Q2,H2,standard,2021-09-30,0.86599668178751621
2024Q2,H2,standard,2021-10-31,1.0097152800429563
2024Q2,H2,standard,2021-11-30,0.95222784074489919
2024Q2,H2,standard,2021-12-31,0.7797655228502639
2024Q2,H2,standard,2022-01-31,0.72227808354092127
2024Q2,H2,standard,2022-02-28,0.40609716738263202
2024Q2,H2,standard,2022-03-31,-0.082546066673641866
2024Q2,H2,standard,2022-04-30,-0.025058627382677258
2024Q2,H2,standard,2022-05-31,0.0036850922671315157
2024Q2,H2,standard,2022-06-30,-0.25500838458353525
2024Q2,H2,standard,2022-07-31,-0.14003350597652023
2024Q2,H2,standard,2022-08-31,-0.14003350597695852
2024Q2,H2,standard,2022-09-30,-0.19752094527752714
2024Q2,H2,standard,2022-10-31,-0.16877722562741093
2024Q2,H2,standard,2022-11-30,-0.16877722562647193
2024Q2,H2,standard,2022-12-31,-0.22626466492380021
2024Q2,H2,standard,2023-01-31,-4.5665663322883265
2024Q2,H2,standard,2023-02-28,-2.8419431532028945
2024Q2,H2,standard,2023-03-31,-0.54244558111827712
2024Q2,H2,standard,2023-04-30,-0.28375210424876696
2024Q2,H2,standard,2023-05-31,-0.082546066691647241
2024Q2,H2,standard,2023-06-30,-0.11128978633930942
2024Q2,H2,standard,2023-07-31,-0.082546066688221481
2024Q2,H2,standard,2023-08-31,-0.053802347033204495
2024Q2,H2,standard,2023-09-30,-0.082546066684011848
2024Q2,H2,standard,2023-10-31,-0.053802347034008435
2024Q2,H2,standard,2023-11-30,0.0036850922712094586
2024Q2,H2,standard,2023-12-31,0.0036850922722615276
2024Q2,H2,standard,2024-01-31,3.0505193752626871
2024Q2,H2,standard,2024-02-29,2.993031935960742
2024Q2,H2,standard,2024-03-31,0.14740369053977265
2024Q2,H2,standard,2024-04-30,0.33908908091121531
2024Q2,H2,standard,2024-05-31,0.20578768229805802
2024Q2,H2,standard,2024-06-30,0.12488921811284956
2024Q2,H3,conservative,2021-01-31,-2.0658627226094319
2024Q2,H3,conservative,2021-02-28,-1.4335008903275275
2024Q2,H3,conservative,2021-03-31,-0.62867674006984131
2024Q2,H3,conservative,2021-04-30,0.17614741015548124
2024Q2,H3,conservative,2021-05-31,0.6360469245679472
2024Q2,H3,conservative,2021-06-30,0.72227808352392642
2024Q2,H3,conservative,2021-07-31,0.83725296212540701
2024Q2,H3,conservative,2021-08-31,0.92348412108114364
2024Q2,H3,conservative,2021-09-30,0.86599668178751621
2024Q2,H3,conservative,2021-10-31,1.0097152800429563
2024Q2,H3,conservative,2021-11-30,0.95222784074489919
2024Q2,H3,conservative,2021-12-31,0.7797655228502639
2024Q2,H3,conservative,2022-01-31,0.72227808354092127
2024Q2,H3,conservative,2022-02-28,0.40609716738263202
2024Q2,H3,conservative,2022-03-31,-0.082546066673641866
2024Q2,H3,conservative,2022-04-30,-0.025058627382677258
2024Q2,H3,conservative,2022-05-31,0.0036850922671315157
2024Q2,H3,conservative,2022-06-30,-0.25500838458353525
2024Q2,H3,conservative,2022-07-31,-0.14003350597652023
2024Q2,H3,conservative,2022-08-31,-0.14003350597695852
2024Q2,H3,conservative,2022-09-30,-0.19752094527752714
2024Q2,H3,conservative,2022-10-31,-0.16877722562741093
2024Q2,H3,conservative,2022-11-30,-0.16877722562647193
2024Q2,H3,conservative,2022-12-31,-0.22626466492380021
2024Q2,H3,conservative,2023-01-31,-4.5665663322883265
2024Q2,H3,conservative,2023-02-28,-2.8419431532028945
2024Q2,H3,conservative,2023-03-31,-0.54244558111827712
2024Q2,H3,conservative,2023-04-30,-0.28375210424876696
2024Q2,H3,conservative,2023-05-31,-0.082546066691647241
2024Q2,H3,conservative,2023-06-30,-0.11128978633930942
2024Q2,H3,conservative,2023-07-31,-0.082546066688221481
2024Q2,H3,conservative,2023-08-31,-0.053802347033204495
2024Q2,H3,conservative,2023-09-30,-0.082546066684011848
2024Q2,H3,conservative,2023-10-31,-0.053802347034008435
2024Q2,H3,conservative,2023-11-30,0.0036850922712094586
2024Q2,H3,conservative,2023-12-31,0.0036850922722615276
2024Q2,H3,conservative,2024-01-31,3.0505193752626871
2024Q2,H3,conservative,2024-02-29,2.993031935960742
2024Q2,H3,conservative,2024-03-31,0.14740369053977265
2024Q2,H3,conservative,2024-04-30,1.0959464389890792
2024Q2,H3,conservative,2024-05-31,0.66511217936098754
2024Q2,H3,conservative,2024-06-30,0.40364583103383811
2024Q2,H3,standard,2021-01-31,-2.0658627226094319
2024Q2,H3,standard,2021-02-28,-1.4335008903275275
2024Q2,H3,standard,2021-03-31,-0.62867674006984131
2024Q2,H3,standard,2021-04-30,0.17614741015548124
2024Q2,H3,standard,2021-05-31,0.6360469245679472
2024Q2,H3,standard,2021-06-30,0.72227808352392642
2024Q2,H3,standard,2021-07-31,0.83725296212540701
2024Q2,H3,standard,2021-08-31,0.92348412108114364
2024Q2,H3,standard,2021-09-30,0.86599668178751621
2024Q2,H3,standard,2021-10-31,1.0097152800429563
2024Q2,H3,standard,2021-11-30,0.95222784074489919
2024Q2,H3,standard,2021-12-31,0.7797655228502639
2024Q2,H3,standard,2022-01-31,0.72227808354092127
2024Q2,H3,standard,2022-02-28,0.40609716738263202
2024Q2,H3,standard,2022-03-31,-0.082546066673641866
2024Q2,H3,standard,2022-04-30,-0.025058627382677258
2024Q2,H3,standard,2022-05-31,0.0036850922671315157
2024Q2,H3,standard,2022-06-30,-0.25500838458353525
2024Q2,H3,standard,2022-07-31,-0.14003350597652023
2024Q2,H3,standard,2022-08-31,-0.14003350597695852
2024Q2,H3,standard,2022-09-30,-0.19752094527752714
2024Q2,H3,standard,2022-10-31,-0.16877722562741093
2024Q2,H3,standard,2022-11-30,-0.16877722562647193
2024Q2,H3,standard,2022-12-31,-0.22626466492380021
2024Q2,H3,standard,2023-01-31,-4.5665663322883265
2024Q2,H3,standard,2023-02-28,-2.8419431532028945
2024Q2,H3,standard,2023-03-31,-0.54244558111827712
2024Q2,H3,standard,2023-04-30,-0.28375210424876696
2024Q2,H3,standard,2023-05-31,-0.082546066691647241
2024Q2,H3,standard,2023-06-30,-0.11128978633930942
2024Q2,H3,standard,2023-07-31,-0.082546066688221481
2024Q2,H3,standard,2023-08-31,-0.053802347033204495
2024Q2,H3,standard,2023-09-30,-0.082546066684011848
2024Q2,H3,standard,2023-10-31,-0.053802347034008435
2024Q2,H3,standard,2023-11-30,0.0036850922712094586
2024Q2,H3,standard,2023-12-31,0.0036850922722615276
2024Q2,H3,standard,2024-01-31,3.0505193752626871
2024Q2,H3,standard,2024-02-29,2.993031935960742
2024Q2,H3,standard,2024-03-31,0.14740369053977265
2024Q2,H3,standard,2024-04-30,1.0959464389890792
2024Q2,H3,standard,2024-05-31,0.50539136577690202
2024Q2,H3,standard,2024-06-30,0.30671385093615045
2024Q3,H1,conservative,2021-01-31,-2.1350332336617353
2024Q3,H1,conservative,2021-02-28,-1.4950199505428452
2024Q3,H1,conservative,2021-03-31,-0.68045758494342901
2024Q3,H1,conservative,2021-04-30,0.13410477851831731
2024Q3,H1,conservative,2021-05-31,0.59956898608262876
2024Q3,H1,conservative,2021-06-30,0.68684352525262105
2024Q3,H1,conservative,2021-07-31,0.80320957704261331
2024Q3,H1,conservative,2021-08-31,0.89048411618331436
2024Q3,H1,conservative,2021-09-30,0.8323010907506927
2024Q3,H1,conservative,2021-10-31,0.97775865571663978
2024Q3,H1,conservative,2021-11-30,0.91957562999529507
2024Q3,H1,conservative,2021-12-31,0.7450265527972747
2024Q3,H1,conservative,2022-01-31,0.68684352632644208
2024Q3,H1,conservative,2022-02-28,0.36683688364857248
2024Q3,H1,conservative,2022-03-31,-0.12771883643425969
2024Q3,H1,conservative,2022-04-30,-0.069535811180806303
2024Q3,H1,conservative,2022-05-31,-0.040444298266624219
2024Q3,H1,conservative,2022-06-30,-0.30226791461410002
2024Q3,H1,conservative,2022-07-31,-0.18590186247108353
2024Q3,H1,conservative,2022-08-31,-0.18590186250046117
2024Q3,H1,conservative,2022-09-30,-0.24408488838038914
2024Q3,H1,conservative,2022-10-31,-0.21499337545509031
2024Q3,H1,conservative,2022-11-30,-0.21499337539481977
2024Q3,H1,conservative,2022-12-31,-0.27317640106774321
2024Q3,H1,conservative,2023-01-31,-4.6659948663244908
2024Q3,H1,conservative,2023-02-28,-2.920504085412392
2024Q3,H1,conservative,2023-03-31,-0.59318304608473782
2024Q3,H1,conservative,2023-04-30,-0.33135942851321515
2024Q3,H1,conservative,2023-05-31,-0.12771883759285746
2024Q3,H1,conservative,2023-06-30,-0.15681035036115337
2024Q3,H1,conservative,2023-07-31,-0.12771883736843398
2024Q3,H1,conservative,2023-08-31,-0.098627324117953039
2024Q3,H1,conservative,2023-09-30,-0.12771883709481038
2024Q3,H1,conservative,2023-10-31,-0.098627324171096473
2024Q3,H1,conservative,2023-11-30,-0.040444297988189562
2024Q3,H1,conservative,2023-12-31,-0.040444297925558086
2024Q3,H1,conservative,2024-01-31,3.043256077793322
2024Q3,H1,conservative,2024-02-29,2.985073051823012
2024Q3,H1,conservative,2024-03-31,0.10501326782882736
2024Q3,H1,conservative,2024-04-30,1.0650331942412858
2024Q3,H1,conservative,2024-05-31,0.65775201322666621
2024Q3,H1,conservative,2024-06-30,0.40116100320611947
2024Q3,H1,conservative,2024-07-31,0.24466690676305461
2024Q3,H1,conservative,2024-08-31,0.1492216212108827
2024Q3,H1,conservative,2024-09-30,0.091009824464607772
2024Q3,H1,standard,2021-01-31,-2.1520220445775569
2024Q3,H1,standard,2021-02-28,-1.5069160721895025
2024Q3,H1,standard,2021-03-31,-0.68587209844788
2024Q3,H1,standard,2021-04-30,0.13517187168744976
2024Q3,H1,standard,2021-05-31,0.6043398544100782
2024Q3,H1,standard,2021-06-30,0.69230885160097699
2024Q3,H1,standard,2021-07-31,0.80960084711159641
2024Q3,H1,standard,2021-08-31,0.89756984424656872
2024Q3,H1,standard,2021-09-30,0.83892384727110647
2024Q3,H1,standard,2021-10-31,0.98553884204128872
2024Q3,H1,standard,2021-11-30,0.92689284457999788
2024Q3,H1,standard,2021-12-31,0.75095485213335744
2024Q3,H1,standard,2022-01-31,0.69230885340308745
2024Q3,H1,standard,2022-02-28,0.36975586532519372
2024Q3,H1,standard,2022-03-31,-0.12873511554718997
2024Q3,H1,standard,2022-04-30,-0.070089118878787215
2024Q3,H1,standard,2022-05-31,-0.040766120056146903
2024Q3,H1,standard,2022-06-30,-0.30467310964809902
2024Q3,H1,standard,2022-07-31,-0.18738111354796086
2024Q3,H1,standard,2022-08-31,-0.18738111359653903
2024Q3,H1,standard,2022-09-30,-0.24602711132511335
2024Q3,H1,standard,2022-10-31,-0.21670411248695018
2024Q3,H1,standard,2022-11-30,-0.21670411238536674
2024Q3,H1,standard,2022-12-31,-0.27535010976624974
2024Q3,H1,standard,2023-01-31,-4.7031229573797342
2024Q3,H1,standard,2023-02-28,-2.9437430179459949
2024Q3,H1,standard,2023-03-31,-0.59790310180506778
2024Q3,H1,standard,2023-04-30,-0.33399611012972219
2024Q3,H1,standard,2023-05-31,-0.12873511750195188
2024Q3,H1,standard,2023-06-30,-0.15805811607496045
2024Q3,H1,standard,2023-07-31,-0.12873511712195845
2024Q3,H1,standard,2023-08-31,-0.099412117733840247
2024Q3,H1,standard,2023-09-30,-0.12873511666064538
2024Q3,H1,standard,2023-10-31,-0.099412117823544838
2024Q3,H1,standard,2023-11-30,-0.040766119584313532
2024Q3,H1,standard,2023-12-31,-0.040766119479689319
2024Q3,H1,standard,2024-01-31,3.067471767048755
2024Q3,H1,standard,2024-02-29,3.0088257691971219
2024Q3,H1,standard,2024-03-31,0.10584887664837894
2024Q3,H1,standard,2024-04-30,1.0735078381329914
2024Q3,H1,standard,2024-05-31,0.66298585428155399
2024Q3,H1,standard,2024-06-30,0.61844043559925921
2024Q3,H1,standard,2024-07-31,0.37870017138906448
2024Q3,H1,standard,2024-08-31,0.23189592975294546
2024Q3,H1,standard,2024-09-30,0.14200078663480603
2024Q3,H2,conservative,2021-01-31,-2.1722276183150577
2024Q3,H2,conservative,2021-02-28,-1.5245547177438552
2024Q3,H2,conservative,2021-03-31,-0.70024375308636078
2024Q3,H2,conservative,2021-04-30,0.12406721145204497
2024Q3,H2,conservative,2021-05-31,0.59510204832405988
2024Q3,H2,conservative,2021-06-30,0.68342108025161896
2024Q3,H2,conservative,2021-07-31,0.80117978946393953
2024Q3,H2,conservative,2021-08-31,0.88949882138983472
2024Q3,H2,conservative,2021-09-30,0.83061946680949661
2024Q3,H2,conservative,2021-10-31,0.97781785333762006
2024Q3,H2,conservative,2021-11-30,0.91893849874119171
2024Q3,H2,conservative,2021-12-31,0.74230043494991715
2024Q3,H2,conservative,2022-01-31,0.6834210803116636
2024Q3,H2,conservative,2022-02-28,0.35958462996351392
2024Q3,H2,conservative,2022-03-31,-0.14088988418754278
2024Q3,H2,conservative,2022-04-30,-0.082010529617269207
2024Q3,H2,conservative,2022-05-31,-0.052570852316052276
2024Q3,H2,conservative,2022-06-30,-0.31752794803370465
2024Q3,H2,conservative,2022-07-31,-0.19976923880174466
2024Q3,H2,conservative,2022-08-31,-0.19976923880335429
2024Q3,H2,conservative,2022-09-30,-0.25864859340867846
2024Q3,H2,conservative,2022-10-31,-0.22920891610683256
2024Q3,H2,conservative,2022-11-30,-0.22920891610346111
2024Q3,H2,conservative,2022-12-31,-0.2880882706972242
2024Q3,H2,conservative,2023-01-31,-4.7334795440301551
2024Q3,H2,conservative,2023-02-28,-2.9670989056198618
2024Q3,H2,conservative,2023-03-31,-0.61192472117650509
2024Q3,H2,conservative,2023-04-30,-0.34696762539003889
2024Q3,H2,conservative,2023-05-31,-0.14088988425237284
2024Q3,H2,conservative,2023-06-30,-0.17032956154541856
2024Q3,H2,conservative,2023-07-31,-0.14088988423982052
2024Q3,H2,conservative,2023-08-31,-0.11145020691984177
2024Q3,H2,conservative,2023-09-30,-0.14088988422454352
2024Q3,H2,conservative,2023-10-31,-0.11145020692280323
2024Q3,H2,conservative,2023-11-30,-0.052570852300573845
2024Q3,H2,conservative,2023-12-31,-0.052570852297046729
2024Q3,H2,conservative,2024-01-31,3.0680349420122566
2024Q3,H2,conservative,2024-02-29,3.0091555874025877
2024Q3,H2,conservative,2024-03-31,0.09462753427573678
2024Q3,H2,conservative,2024-04-30,1.0661368852289277
2024Q3,H2,conservative,2024-05-31,0.65398140300003138
2024Q3,H2,conservative,2024-06-30,0.47734333919275224
2024Q3,H2,conservative,2024-07-31,0.29172843382556585
2024Q3,H2,conservative,2024-08-31,0.17828986415991821
2024Q3,H2,conservative,2024-09-30,0.10896186993266743
2024Q3,H2,standard,2021-01-31,-2.1722276183150577
2024Q3,H2,standard,2021-02-28,-1.5245547177438552
2024Q3,H2,standard,2021-03-31,-0.70024375308636078
2024Q3,H2,standard,2021-04-30,0.12406721145204497
2024Q3,H2,standard,2021-05-31,0.59510204832405988
2024Q3,H2,standard,2021-06-30,0.68342108025161896
2024Q3,H2,standard,2021-07-31,0.80117978946393953
2024Q3,H2,standard,2021-08-31,0.88949882138983472
2024Q3,H2,standard,2021-09-30,0.83061946680949661
2024Q3,H2,standard,2021-10-31,0.97781785333762006
2024Q3,H2,standard,2021-11-30,0.91893849874119171
2024Q3,H2,standard,2021-12-31,0.74230043494991715
2024Q3,H2,standard,2022-01-31,0.6834210803116636
2024Q3,H2,standard,2022-02-28,0.35958462996351392
2024Q3,H2,standard,2022-03-31,-0.14088988418754278
2024Q3,H2,standard,2022-04-30,-0.082010529617269207
2024Q3,H2,standard,2022-05-31,-0.052570852316052276
2024Q3,H2,standard,2022-06-30,-0.31752794803370465
2024Q3,H2,standard,2022-07-31,-0.19976923880174466
2024Q3,H2,standard,2022-08-31,-0.19976923880335429
2024Q3,H2,standard,2022-09-30,-0.25864859340867846
2024Q3,H2,standard,2022-10-31,-0.22920891610683256
2024Q3,H2,standard,2022-11-30,-0.22920891610346111
2024Q3,H2,standard,2022-12-31,-0.2880882706972242
2024Q3,H2,standard,2023-01-31,-4.7334795440301551
2024Q3,H2,standard,2023-02-28,-2.9670989056198618
2024Q3,H2,standard,2023-03-31,-0.61192472117650509
2024Q3,H2,standard,2023-04-30,-0.34696762539003889
2024Q3,H2,standard,2023-05-31,-0.14088988425237284
2024Q3,H2,standard,2023-06-30,-0.17032956154541856
2024Q3,H2,standard,2023-07-31,-0.14088988423982052
2024Q3,H2,standard,2023-08-31,-0.11145020691984177
2024Q3,H2,standard,2023-09-30,-0.14088988422454352
2024Q3,H2,standard,2023-10-31,-0.11145020692280323
2024Q3,H2,standard,2023-11-30,-0.052570852300573845
2024Q3,H2,standard,2023-12-31,-0.052570852297046729
2024Q3,H2,standard,2024-01-31,3.0680349420122566
2024Q3,H2,standard,2024-02-29,3.0091555874025877
2024Q3,H2,standard,2024-03-31,0.09462753427573678
2024Q3,H2,standard,2024-04-30,1.0661368852289277
2024Q3,H2,standard,2024-05-31,0.65398140300003138
2024Q3,H2,standard,2024-06-30,0.47734333919275224
2024Q3,H2,standard,2024-07-31,0.62614939009504211
2024Q3,H2,standard,2024-08-31,0.38267126806916474
2024Q3,H2,standard,2024-09-30,0.23386958722971057
2024Q3,H3,conservative,2021-01-31,-2.1722276183150577
2024Q3,H3,conservative,2021-02-28,-1.5245547177438552
2024Q3,H3,conservative,2021-03-31,-0.70024375308636078
2024Q3,H3,conservative,2021-04-30,0.12406721145204497
2024Q3,H3,conservative,2021-05-31,0.59510204832405988
2024Q3,H3,conservative,2021-06-30,0.68342108025161896
2024Q3,H3,conservative,2021-07-31,0.80117978946393953
2024Q3,H3,conservative,2021-08-31,0.88949882138983472
2024Q3,H3,conservative,2021-09-30,0.83061946680949661
2024Q3,H3,conservative,2021-10-31,0.97781785333762006
2024Q3,H3,conservative,2021-11-30,0.91893849874119171
2024Q3,H3,conservative,2021-12-31,0.74230043494991715
2024Q3,H3,conservative,2022-01-31,0.6834210803116636
2024Q3,H3,conservative,2022-02-28,0.35958462996351392
2024Q3,H3,conservative,2022-03-31,-0.14088988418754278
2024Q3,H3,conservative,2022-04-30,-0.082010529617269207
2024Q3,H3,conservative,2022-05-31,-0.052570852316052276
2024Q3,H3,conservative,2022-06-30,-0.31752794803370465
2024Q3,H3,conservative,2022-07-31,-0.19976923880174466
2024Q3,H3,conservative,2022-08-31,-0.19976923880335429
2024Q3,H3,conservative,2022-09-30,-0.25864859340867846
2024Q3,H3,conservative,2022-10-31,-0.22920891610683256
2024Q3,H3,conservative,2022-11-30,-0.22920891610346111
2024Q3,H3,conservative,2022-12-31,-0.2880882706972242
2024Q3,H3,conservative,2023-01-31,-4.7334795440301551
2024Q3,H3,conservative,2023-02-28,-2.9670989056198618
2024Q3,H3,conservative,2023-03-31,-0.61192472117650509
2024Q3,H3,conservative,2023-04-30,-0.34696762539003889
2024Q3,H3,conservative,2023-05-31,-0.14088988425237284
2024Q3,H3,conservative,2023-06-30,-0.17032956154541856
2024Q3,H3,conservative,2023-07-31,-0.14088988423982052
2024Q3,H3,conservative,2023-08-31,-0.11145020691984177
2024Q3,H3,conservative,2023-09-30,-0.14088988422454352
2024Q3,H3,conservative,2023-10-31,-0.11145020692280323
2024Q3,H3,conservative,2023-11-30,-0.052570852300573845
2024Q3,H3,conservative,2023-12-31,-0.052570852297046729
2024Q3,H3,conservative,2024-01-31,3.0680349420122566
2024Q3,H3,conservative,2024-02-29,3.0091555874025877
2024Q3,H3,conservative,2024-03-31,0.09462753427573678
2024Q3,H3,conservative,2024-04-30,1.0661368852289277
2024Q3,H3,conservative,2024-05-31,0.65398140300003138
2024Q3,H3,conservative,2024-06-30,0.47734333919275224
2024Q3,H3,conservative,2024-07-31,0.27126559807074202
2024Q3,H3,conservative,2024-08-31,0.16578399985587267
2024Q3,H3,conservative,2024-09-30,0.10131890959886658
2024Q3,H3,standard,2021-01-31,-2.1722276183150577
2024Q3,H3,standard,2021-02-28,-1.5245547177438552
2024Q3,H3,standard,2021-03-31,-0.70024375308636078
2024Q3,H3,standard,2021-04-30,0.12406721145204497
2024Q3,H3,standard,2021-05-31,0.59510204832405988
2024Q3,H3,standard,2021-06-30,0.68342108025161896
2024Q3,H3,standard,2021-07-31,0.80117978946393953
2024Q3,H3,standard,2021-08-31,0.88949882138983472
2024Q3,H3,standard,2021-09-30,0.83061946680949661
2024Q3,H3,standard,2021-10-31,0.97781785333762006
2024Q3,H3,standard,2021-11-30,0.91893849874119171
2024Q3,H3,standard,2021-12-31,0.74230043494991715
2024Q3,H3,standard,2022-01-31,0.6834210803116636
2024Q3,H3,standard,2022-02-28,0.35958462996351392
2024Q3,H3,standard,2022-03-31,-0.14088988418754278
2024Q3,H3,standard,2022-04-30,-0.082010529617269207
2024Q3,H3,standard,2022-05-31,-0.052570852316052276
2024Q3,H3,standard,2022-06-30,-0.31752794803370465
2024Q3,H3,standard,2022-07-31,-0.19976923880174466
2024Q3,H3,standard,2022-08-31,-0.19976923880335429
2024Q3,H3,standard,2022-09-30,-0.25864859340867846
2024Q3,H3,standard,2022-10-31,-0.22920891610683256
2024Q3,H3,standard,2022-11-30,-0.22920891610346111
2024Q3,H3,standard,2022-12-31,-0.2880882706972242
2024Q3,H3,standard,2023-01-31,-4.7334795440301551
2024Q3,H3,standard,2023-02-28,-2.9670989056198618
2024Q3,H3,standard,2023-03-31,-0.61192472117650509
2024Q3,H3,standard,2023-04-30,-0.34696762539003889
2024Q3,H3,standard,2023-05-31,-0.14088988425237284
2024Q3,H3,standard,2023-06-30,-0.17032956154541856
2024Q3,H3,standard,2023-07-31,-0.14088988423982052
2024Q3,H3,standard,2023-08-31,-0.11145020691984177
2024Q3,H3,standard,2023-09-30,-0.14088988422454352
2024Q3,H3,standard,2023-10-31,-0.11145020692280323
2024Q3,H3,standard,2023-11-30,-0.052570852300573845
2024Q3,H3,standard,2023-12-31,-0.052570852297046729
2024Q3,H3,standard,2024-01-31,3.0680349420122566
2024Q3,H3,standard,2024-02-29,3.0091555874025877
2024Q3,H3,standard,2024-03-31,0.09462753427573678
2024Q3,H3,standard,2024-04-30,1.0661368852289277
2024Q3,H3,standard,2024-05-31,0.65398140300003138
2024Q3,H3,standard,2024-06-30,0.47734333919275224
2024Q3,H3,standard,2024-07-31,0.27126559807074202
2024Q3,H3,standard,2024-08-31,0.54416387665326704
2024Q3,H3,standard,2024-09-30,0.33256581258464613
2024Q4,H1,conservative,2021-01-31,-2.2343276154749052
2024Q4,H1,conservative,2021-02-28,-1.571493066987518
2024Q4,H1,conservative,2021-03-31,-0.72788545978179087
2024Q4,H1,conservative,2021-04-30,0.1157221474080844
2024Q4,H1,conservative,2021-05-31,0.59778363722992001
2024Q4,H1,conservative,2021-06-30,0.68817016657331243
2024Q4,H1,conservative,2021-07-31,0.80868553902794249
2024Q4,H1,conservative,2021-08-31,0.89907206837120401
2024Q4,H1,conservative,2021-09-30,0.83881438214740633
2024Q4,H1,conservative,2021-10-31,0.9894585977174517
2024Q4,H1,conservative,2021-11-30,0.92920091149148032
2024Q4,H1,conservative,2021-12-31,0.74842785281329349
2024Q4,H1,conservative,2022-01-31,0.68817016658175989
2024Q4,H1,conservative,2022-02-28,0.35675289232943663
2024Q4,H1,conservative,2022-03-31,-0.1554374406027709
2024Q4,H1,conservative,2022-04-30,-0.095179754380318699
2024Q4,H1,conservative,2022-05-31,-0.065050911266940556
2024Q4,H1,conservative,2022-06-30,-0.3362104992885328
2024Q4,H1,conservative,2022-07-31,-0.21569512683120379
2024Q4,H1,conservative,2022-08-31,-0.21569512683140446
2024Q4,H1,conservative,2022-09-30,-0.2759528130586375
2024Q4,H1,conservative,2022-10-31,-0.24582396994510275
2024Q4,H1,conservative,2022-11-30,-0.24582396994463501
2024Q4,H1,conservative,2022-12-31,-0.30608165617026506
2024Q4,H1,conservative,2023-01-31,-4.8555369664105363
2024Q4,H1,conservative,2023-02-28,-3.0478063795605088
2024Q4,H1,conservative,2023-03-31,-0.63749893044073791
2024Q4,H1,conservative,2023-04-30,-0.36633934240959731
2024Q4,H1,conservative,2023-05-31,-0.15543744061174009
2024Q4,H1,conservative,2023-06-30,-0.18556628372404577
2024Q4,H1,conservative,2023-07-31,-0.15543744061003678
2024Q4,H1,conservative,2023-08-31,-0.12530859749409237
2024Q4,H1,conservative,2023-09-30,-0.155437440607957
2024Q4,H1,conservative,2023-10-31,-0.12530859749448664
2024Q4,H1,conservative,2023-11-30,-0.065050911264961639
2024Q4,H1,conservative,2023-12-31,-0.065050911264425831
2024Q4,H1,conservative,2024-01-31,3.128606458808286
2024Q4,H1,conservative,2024-02-29,3.0683487725807281
2024Q4,H1,conservative,2024-03-31,0.085593304311905039
2024Q4,H1,conservative,2024-04-30,1.0798451270558642
2024Q4,H1,conservative,2024-05-31,0.65804132346662403
2024Q4,H1,conservative,2024-06-30,0.47726826478611745
2024Q4,H1,conservative,2024-07-31,0.26636636299044392
2024Q4,H1,conservative,2024-08-31,0.20610867676196859
2024Q4,H1,conservative,2024-09-30,0.12612298186279827
2024Q4,H1,conservative,2024-10-31,0.077177762740840233
2024Q4,H1,conservative,2024-11-30,0.04722697619186525
2024Q4,H1,conservative,2024-12-31,0.028899351328912661
2024Q4,H1,standard,2021-01-31,-2.2483831632754883
2024Q4,H1,standard,2021-02-28,-1.5813789027662981
2024Q4,H1,standard,2021-03-31,-0.73246438938536595
2024Q4,H1,standard,2021-04-30,0.1164501239933497
2024Q4,H1,standard,2021-05-31,0.60154413163819997
2024Q4,H1,standard,2021-06-30,0.69249925807185919
2024Q4,H1,standard,2021-07-31,0.81377275998295584
2024Q4,H1,standard,2021-08-31,0.90472788641659752
2024Q4,H1,standard,2021-09-30,0.84409113546154257
2024Q4,H1,standard,2021-10-31,0.99568301285065752
2024Q4,H1,standard,2021-11-30,0.93504626189529816
2024Q4,H1,standard,2021-12-31,0.75313600902918565
2024Q4,H1,standard,2022-01-31,0.69249925807304791
2024Q4,H1,standard,2022-02-28,0.35899712781724324
2024Q4,H1,standard,2022-03-31,-0.15641525530491712
2024Q4,H1,standard,2022-04-30,-0.095778504350051849
2024Q4,H1,standard,2022-05-31,-0.065460128872318959
2024Q4,H1,standard,2022-06-30,-0.33832550817209817
2024Q4,H1,standard,2022-07-31,-0.21705200626062379
2024Q4,H1,standard,2022-08-31,-0.21705200626065166
2024Q4,H1,standard,2022-09-30,-0.27768875721618891
2024Q4,H1,standard,2022-10-31,-0.24737038173842882
2024Q4,H1,standard,2022-11-30,-0.24737038173836357
2024Q4,H1,standard,2022-12-31,-0.30800713269367558
2024Q4,H1,standard,2023-01-31,-4.8860818298484459
2024Q4,H1,standard,2023-02-28,-3.0669793011777484
2024Q4,H1,standard,2023-03-31,-0.64150926295203692
2024Q4,H1,standard,2023-04-30,-0.36864388365091227
2024Q4,H1,standard,2023-05-31,-0.15641525530617836
2024Q4,H1,standard,2023-06-30,-0.18673363078376454
2024Q4,H1,standard,2023-07-31,-0.15641525530593936
2024Q4,H1,standard,2023-08-31,-0.12609687982784668
2024Q4,H1,standard,2023-09-30,-0.15641525530564759
2024Q4,H1,standard,2023-10-31,-0.1260968798279018
2024Q4,H1,standard,2023-11-30,-0.06546012887204343
2024Q4,H1,standard,2023-12-31,-0.065460128871967393
2024Q4,H1,standard,2024-01-31,3.1482876717755492
2024Q4,H1,standard,2024-02-29,3.0876509208199798
2024Q4,H1,standard,2024-03-31,0.086131748518037732
2024Q4,H1,standard,2024-04-30,1.0866381392836153
2024Q4,H1,standard,2024-05-31,0.66218088259506436
2024Q4,H1,standard,2024-06-30,0.48027062972861972
2024Q4,H1,standard,2024-07-31,0.26804200138419293
2024Q4,H1,standard,2024-08-31,0.20740525042848532
2024Q4,H1,standard,2024-09-30,0.50721143636305266
2024Q4,H1,standard,2024-10-31,0.3110497032454192
2024Q4,H1,standard,2024-11-30,0.19075263480417681
2024Q4,H1,standard,2024-12-31,0.11697991448018366
2024Q4,H2,conservative,2021-01-31,-2.2644805062348072
2024Q4,H2,conservative,2021-02-28,-1.5942755136559963
2024Q4,H2,conservative,2021-03-31,-0.74128734069075253
2024Q4,H2,conservative,2021-04-30,0.11170083204130865
2024Q4,H2,conservative,2021-05-31,0.59912264501696544
2024Q4,H2,conservative,2021-06-30,0.69051423497600029
2024Q4,H2,conservative,2021-07-31,0.81236968820732047
2024Q4,H2,conservative,2021-08-31,0.90376127816488583
2024Q4,H2,conservative,2021-09-30,0.8428335516014136
2024Q4,H2,conservative,2021-10-31,0.99515286816679449
2024Q4,H2,conservative,2021-11-30,0.93422514157117997
2024Q4,H2,conservative,2021-12-31,0.751441961780134
2024Q4,H2,conservative,2022-01-31,0.69051423510270338
2024Q4,H2,conservative,2022-02-28,0.35541173868468129
2024Q4,H2,conservative,2022-03-31,-0.16247393755004402
2024Q4,H2,conservative,2022-04-30,-0.10154621100638982
2024Q4,H2,conservative,2022-05-31,-0.071082347702802029
2024Q4,H2,conservative,2022-06-30,-0.34525711745389004
2024Q4,H2,conservative,2022-07-31,-0.22340166418240792
2024Q4,H2,conservative,2022-08-31,-0.22340166418529298
2024Q4,H2,conservative,2022-09-30,-0.28432939079990532
2024Q4,H2,conservative,2022-10-31,-0.25386552749368585
2024Q4,H2,conservative,2022-11-30,-0.25386552748671476
2024Q4,H2,conservative,2022-12-31,-0.31479325407739622
2024Q4,H2,conservative,2023-01-31,-4.9148366147208229
2024Q4,H2,conservative,2023-02-28,-3.0870048157978176
2024Q4,H2,conservative,2023-03-31,-0.6498957507660541
2024Q4,H2,conservative,2023-04-30,-0.37572098087241984
2024Q4,H2,conservative,2023-05-31,-0.16247393768381732
2024Q4,H2,conservative,2023-06-30,-0.19293780097163041
2024Q4,H2,conservative,2023-07-31,-0.16247393765858259
2024Q4,H2,conservative,2023-08-31,-0.13201007431687461
2024Q4,H2,conservative,2023-09-30,-0.16247393762773987
2024Q4,H2,conservative,2023-10-31,-0.13201007432267353
2024Q4,H2,conservative,2023-11-30,-0.071082347674129881
2024Q4,H2,conservative,2023-12-31,-0.071082347665890333
2024Q4,H2,conservative,2024-01-31,3.1580871633365128
2024Q4,H2,conservative,2024-02-29,3.0971594367183846
2024Q4,H2,conservative,2024-03-31,0.081236968993797065
2024Q4,H2,conservative,2024-04-30,1.0865444580517583
2024Q4,H2,conservative,2024-05-31,0.66005037177126469
2024Q4,H2,conservative,2024-06-30,0.47726719194517325
2024Q4,H2,conservative,2024-07-31,0.26402014878922619
2024Q4,H2,conservative,2024-08-31,0.20309242215628315
2024Q4,H2,conservative,2024-09-30,0.23355628546289958
2024Q4,H2,conservative,2024-10-31,0.14307682276772749
2024Q4,H2,conservative,2024-11-30,0.087649010056548085
2024Q4,H2,conservative,2024-12-31,0.053693874488424158
2024Q4,H2,standard,2021-01-31,-2.2644805062348072
2024Q4,H2,standard,2021-02-28,-1.5942755136559963
2024Q4,H2,standard,2021-03-31,-0.74128734069075253
2024Q4,H2,standard,2021-04-30,0.11170083204130865
2024Q4,H2,standard,2021-05-31,0.59912264501696544
2024Q4,H2,standard,2021-06-30,0.69051423497600029
2024Q4,H2,standard,2021-07-31,0.81236968820732047
2024Q4,H2,standard,2021-08-31,0.90376127816488583
2024Q4,H2,standard,2021-09-30,0.8428335516014136
2024Q4,H2,standard,2021-10-31,0.99515286816679449
2024Q4,H2,standard,2021-11-30,0.93422514157117997
2024Q4,H2,standard,2021-12-31,0.751441961780134
2024Q4,H2,standard,2022-01-31,0.69051423510270338
2024Q4,H2,standard,2022-02-28,0.35541173868468129
2024Q4,H2,standard,2022-03-31,-0.16247393755004402
2024Q4,H2,standard,2022-04-30,-0.10154621100638982
2024Q4,H2,standard,2022-05-31,-0.071082347702802029
2024Q4,H2,standard,2022-06-30,-0.34525711745389004
2024Q4,H2,standard,2022-07-31,-0.22340166418240792
2024Q4,H2,standard,2022-08-31,-0.22340166418529298
2024Q4,H2,standard,2022-09-30,-0.28432939079990532
2024Q4,H2,standard,2022-10-31,-0.25386552749368585
2024Q4,H2,standard,2022-11-30,-0.25386552748671476
2024Q4,H2,standard,2022-12-31,-0.31479325407739622
2024Q4,H2,standard,2023-01-31,-4.9148366147208229
2024Q4,H2,standard,2023-02-28,-3.0870048157978176
2024Q4,H2,standard,2023-03-31,-0.6498957507660541
2024Q4,H2,standard,2023-04-30,-0.37572098087241984
2024Q4,H2,standard,2023-05-31,-0.16247393768381732
2024Q4,H2,standard,2023-06-30,-0.19293780097163041
2024Q4,H2,standard,2023-07-31,-0.16247393765858259
2024Q4,H2,standard,2023-08-31,-0.13201007431687461
2024Q4,H2,standard,2023-09-30,-0.16247393762773987
2024Q4,H2,standard,2023-10-31,-0.13201007432267353
2024Q4,H2,standard,2023-11-30,-0.071082347674129881
2024Q4,H2,standard,2023-12-31,-0.071082347665890333
2024Q4,H2,standard,2024-01-31,3.1580871633365128
2024Q4,H2,standard,2024-02-29,3.0971594367183846
2024Q4,H2,standard,2024-03-31,0.081236968993797065
2024Q4,H2,standard,2024-04-30,1.0865444580517583
2024Q4,H2,standard,2024-05-31,0.66005037177126469
2024Q4,H2,standard,2024-06-30,0.47726719194517325
2024Q4,H2,standard,2024-07-31,0.26402014878922619
2024Q4,H2,standard,2024-08-31,0.20309242215628315
2024Q4,H2,standard,2024-09-30,0.23355628546289958
2024Q4,H2,standard,2024-10-31,0.56856664860868045
2024Q4,H2,standard,2024-11-30,0.34830451877325824
2024Q4,H2,standard,2024-12-31,0.21337170953438656
2024Q4,H3,conservative,2021-01-31,-2.2644805062348072
2024Q4,H3,conservative,2021-02-28,-1.5942755136559963
2024Q4,H3,conservative,2021-03-31,-0.74128734069075253
2024Q4,H3,conservative,2021-04-30,0.11170083204130865
2024Q4,H3,conservative,2021-05-31,0.59912264501696544
2024Q4,H3,conservative,2021-06-30,0.69051423497600029
2024Q4,H3,conservative,2021-07-31,0.81236968820732047
2024Q4,H3,conservative,2021-08-31,0.90376127816488583
2024Q4,H3,conservative,2021-09-30,0.8428335516014136
2024Q4,H3,conservative,2021-10-31,0.99515286816679449
2024Q4,H3,conservative,2021-11-30,0.93422514157117997
2024Q4,H3,conservative,2021-12-31,0.751441961780134
2024Q4,H3,conservative,2022-01-31,0.69051423510270338
2024Q4,H3,conservative,2022-02-28,0.35541173868468129
2024Q4,H3,conservative,2022-03-31,-0.16247393755004402
2024Q4,H3,conservative,2022-04-30,-0.10154621100638982
2024Q4,H3,conservative,2022-05-31,-0.071082347702802029
2024Q4,H3,conservative,2022-06-30,-0.34525711745389004
2024Q4,H3,conservative,2022-07-31,-0.22340166418240792
2024Q4,H3,conservative,2022-08-31,-0.22340166418529298
2024Q4,H3,conservative,2022-09-30,-0.28432939079990532
2024Q4,H3,conservative,2022-10-31,-0.25386552749368585
2024Q4,H3,conservative,2022-11-30,-0.25386552748671476
2024Q4,H3,conservative,2022-12-31,-0.31479325407739622
2024Q4,H3,conservative,2023-01-31,-4.9148366147208229
2024Q4,H3,conservative,2023-02-28,-3.0870048157978176
2024Q4,H3,conservative,2023-03-31,-0.6498957507660541
2024Q4,H3,conservative,2023-04-30,-0.37572098087241984
2024Q4,H3,conservative,2023-05-31,-0.16247393768381732
2024Q4,H3,conservative,2023-06-30,-0.19293780097163041
2024Q4,H3,conservative,2023-07-31,-0.16247393765858259
2024Q4,H3,conservative,2023-08-31,-0.13201007431687461
2024Q4,H3,conservative,2023-09-30,-0.16247393762773987
2024Q4,H3,conservative,2023-10-31,-0.13201007432267353
2024Q4,H3,conservative,2023-11-30,-0.071082347674129881
2024Q4,H3,conservative,2023-12-31,-0.071082347665890333
2024Q4,H3,conservative,2024-01-31,3.1580871633365128
2024Q4,H3,conservative,2024-02-29,3.0971594367183846
2024Q4,H3,conservative,2024-03-31,0.081236968993797065
2024Q4,H3,conservative,2024-04-30,1.0865444580517583
2024Q4,H3,conservative,2024-05-31,0.66005037177126469
2024Q4,H3,conservative,2024-06-30,0.47726719194517325
2024Q4,H3,conservative,2024-07-31,0.26402014878922619
2024Q4,H3,conservative,2024-08-31,0.20309242215628315
2024Q4,H3,conservative,2024-09-30,0.23355628546289958
2024Q4,H3,conservative,2024-10-31,0.20309242216685169
2024Q4,H3,conservative,2024-11-30,0.12441462850911354
2024Q4,H3,conservative,2024-12-31,0.076216530493411871
2024Q4,H3,standard,2021-01-31,-2.2644805062348072
2024Q4,H3,standard,2021-02-28,-1.5942755136559963
2024Q4,H3,standard,2021-03-31,-0.74128734069075253
2024Q4,H3,standard,2021-04-30,0.11170083204130865
2024Q4,H3,standard,2021-05-31,0.59912264501696544
2024Q4,H3,standard,2021-06-30,0.69051423497600029
2024Q4,H3,standard,2021-07-31,0.81236968820732047
2024Q4,H3,standard,2021-08-31,0.90376127816488583
2024Q4,H3,standard,2021-09-30,0.8428335516014136
2024Q4,H3,standard,2021-10-31,0.99515286816679449
2024Q4,H3,standard,2021-11-30,0.93422514157117997
2024Q4,H3,standard,2021-12-31,0.751441961780134
2024Q4,H3,standard,2022-01-31,0.69051423510270338
2024Q4,H3,standard,2022-02-28,0.35541173868468129
2024Q4,H3,standard,2022-03-31,-0.16247393755004402
2024Q4,H3,standard,2022-04-30,-0.10154621100638982
2024Q4,H3,standard,2022-05-31,-0.071082347702802029
2024Q4,H3,standard,2022-06-30,-0.34525711745389004
2024Q4,H3,standard,2022-07-31,-0.22340166418240792
2024Q4,H3,standard,2022-08-31,-0.22340166418529298
2024Q4,H3,standard,2022-09-30,-0.28432939079990532
2024Q4,H3,standard,2022-10-31,-0.25386552749368585
2024Q4,H3,standard,2022-11-30,-0.25386552748671476
2024Q4,H3,standard,2022-12-31,-0.31479325407739622
2024Q4,H3,standard,2023-01-31,-4.9148366147208229
2024Q4,H3,standard,2023-02-28,-3.0870048157978176
2024Q4,H3,standard,2023-03-31,-0.6498957507660541
2024Q4,H3,standard,2023-04-30,-0.37572098087241984
2024Q4,H3,standard,2023-05-31,-0.16247393768381732
2024Q4,H3,standard,2023-06-30,-0.19293780097163041
2024Q4,H3,standard,2023-07-31,-0.16247393765858259
2024Q4,H3,standard,2023-08-31,-0.13201007431687461
2024Q4,H3,standard,2023-09-30,-0.16247393762773987
2024Q4,H3,standard,2023-10-31,-0.13201007432267353
2024Q4,H3,standard,2023-11-30,-0.071082347674129881
2024Q4,H3,standard,2023-12-31,-0.071082347665890333
2024Q4,H3,standard,2024-01-31,3.1580871633365128
2024Q4,H3,standard,2024-02-29,3.0971594367183846
2024Q4,H3,standard,2024-03-31,0.081236968993797065
2024Q4,H3,standard,2024-04-30,1.0865444580517583
2024Q4,H3,standard,2024-05-31,0.66005037177126469
2024Q4,H3,standard,2024-06-30,0.47726719194517325
2024Q4,H3,standard,2024-07-31,0.26402014878922619
2024Q4,H3,standard,2024-08-31,0.20309242215628315
2024Q4,H3,standard,2024-09-30,0.23355628546289958
2024Q4,H3,standard,2024-10-31,0.20309242216685169
2024Q4,H3,standard,2024-11-30,0.56838406588785706
2024Q4,H3,standard,2024-12-31,0.34819266840906904
2025Q1,H1,conservative,2021-01-31,-2.3221214062253299
2025Q1,H1,conservative,2021-02-28,-1.6372744201370157
2025Q1,H1,conservative,2021-03-31,-0.76565098284078248
2025Q1,H1,conservative,2021-04-30,0.10597245427875118
2025Q1,H1,conservative,2021-05-31,0.6040429897648546
2025Q1,H1,conservative,2021-06-30,0.69743121518761586
2025Q1,H1,conservative,2021-07-31,0.82194884904889431
2025Q1,H1,conservative,2021-08-31,0.91533707447137413
2025Q1,H1,conservative,2021-09-30,0.85307825758106237
2025Q1,H1,conservative,2021-10-31,1.0087252999281566
2025Q1,H1,conservative,2021-11-30,0.94646648301318725
2025Q1,H1,conservative,2021-12-31,0.75969003226492715
2025Q1,H1,conservative,2022-01-31,0.69743121528797969
2025Q1,H1,conservative,2022-02-28,0.3550077221434268
2025Q1,H1,conservative,2022-03-31,-0.17419222177021279
2025Q1,H1,conservative,2022-04-30,-0.11193340489499216
2025Q1,H1,conservative,2022-05-31,-0.080803996433168948
2025Q1,H1,conservative,2022-06-30,-0.36096867260650645
2025Q1,H1,conservative,2022-07-31,-0.23645103871399686
2025Q1,H1,conservative,2022-08-31,-0.23645103871605139
2025Q1,H1,conservative,2022-09-30,-0.29870985564617514
2025Q1,H1,conservative,2022-10-31,-0.26758044718169538
2025Q1,H1,conservative,2022-11-30,-0.26758044717623464
2025Q1,H1,conservative,2022-12-31,-0.32983926408760827
2025Q1,H1,conservative,2023-01-31,-5.0303799432540082
2025Q1,H1,conservative,2023-02-28,-3.162615434986118
2025Q1,H1,conservative,2023-03-31,-0.67226275744398256
2025Q1,H1,conservative,2023-04-30,-0.39209808115879441
2025Q1,H1,conservative,2023-05-31,-0.1741922218748696
2025Q1,H1,conservative,2023-06-30,-0.20532163032483547
2025Q1,H1,conservative,2023-07-31,-0.17419222185542588
2025Q1,H1,conservative,2023-08-31,-0.14306281336405888
2025Q1,H1,conservative,2023-09-30,-0.17419222183160823
2025Q1,H1,conservative,2023-10-31,-0.14306281336845356
2025Q1,H1,conservative,2023-11-30,-0.0808039964122199
2025Q1,H1,conservative,2023-12-31,-0.080803996405339654
2025Q1,H1,conservative,2024-01-31,3.2189133012075284
2025Q1,H1,conservative,2024-02-29,3.1566544842772704
2025Q1,H1,conservative,2024-03-31,0.07484304601663605
2025Q1,H1,conservative,2024-04-30,1.1021135252932568
2025Q1,H1,conservative,2024-05-31,0.66630180680152462
2025Q1,H1,conservative,2024-06-30,0.47952535602492391
2025Q1,H1,conservative,2024-07-31,0.26161949676670104
2025Q1,H1,conservative,2024-08-31,0.19936067982267541
2025Q1,H1,conservative,2024-09-30,0.23049008828708417
2025Q1,H1,conservative,2024-10-31,0.19936067983093
2025Q1,H1,conservative,2024-11-30,0.16823127136524241
2025Q1,H1,conservative,2024-12-31,0.10322364539674296
2025Q1,H1,conservative,2025-01-31,0.063336149590521057
2025Q1,H1,conservative,2025-02-28,0.038861908330544537
2025Q1,H1,conservative,2025-03-31,0.023844959456102963
2025Q1,H1,standard,2021-01-31,-2.3347153428180327
2025Q1,H1,standard,2021-02-28,-1.6461541151186574
2025Q1,H1,standard,2021-03-31,-0.76980346159338442
2025Q1,H1,standard,2021-04-30,0.10654719189725514
2025Q1,H1,standard,2021-05-31,0.60731899388979571
2025Q1,H1,standard,2021-06-30,0.70121370676712536
2025Q1,H1,standard,2021-07-31,0.82640665726323115
2025Q1,H1,standard,2021-08-31,0.92030137014052937
2025Q1,H1,standard,2021-09-30,0.85770489490040336
2025Q1,H1,standard,2021-10-31,1.0141960830245695
2025Q1,H1,standard,2021-11-30,0.95159960777960206
2025Q1,H1,standard,2021-12-31,0.76381018204404127
2025Q1,H1,standard,2022-01-31,0.70121370678692507
2025Q1,H1,standard,2022-02-28,0.3569330929174806
2025Q1,H1,standard,2022-03-31,-0.17513694669165281
2025Q1,H1,standard,2022-04-30,-0.1125404714544892
2025Q1,H1,standard,2022-05-31,-0.081242233831157779
2025Q1,H1,standard,2022-06-30,-0.36292637244454889
2025Q1,H1,standard,2022-07-31,-0.23773342194229918
2025Q1,H1,standard,2022-08-31,-0.23773342194269795
2025Q1,H1,standard,2022-09-30,-0.30032989719065772
2025Q1,H1,standard,2022-10-31,-0.26903165956678277
2025Q1,H1,standard,2022-11-30,-0.26903165956570724
2025Q1,H1,standard,2022-12-31,-0.3316281348099745
2025Q1,H1,standard,2023-01-31,-5.0576620162156258
2025Q1,H1,standard,2023-02-28,-3.1797677587055748
2025Q1,H1,standard,2023-03-31,-0.67590874872115125
2025Q1,H1,standard,2023-04-30,-0.3942246100857128
2025Q1,H1,standard,2023-05-31,-0.17513694671226535
2025Q1,H1,standard,2023-06-30,-0.20643518433327776
2025Q1,H1,standard,2023-07-31,-0.17513694670844401
2025Q1,H1,standard,2023-08-31,-0.14383870907930255
2025Q1,H1,standard,2023-09-30,-0.17513694670376209
2025Q1,H1,standard,2023-10-31,-0.14383870908016405
2025Q1,H1,standard,2023-11-30,-0.081242233827074378
2025Q1,H1,standard,2023-12-31,-0.081242233825707166
2025Q1,H1,standard,2024-01-31,3.2363709543779047
2025Q1,H1,standard,2024-02-29,3.1737744791300111
2025Q1,H1,standard,2024-03-31,0.075248954313250405
2025Q1,H1,standard,2024-04-30,1.1080907958905457
2025Q1,H1,standard,2024-05-31,0.66991546915866451
2025Q1,H1,standard,2024-06-30,0.48212604341749088
2025Q1,H1,standard,2024-07-31,0.26303838004910951
2025Q1,H1,standard,2024-08-31,0.20044190479842669
2025Q1,H1,standard,2024-09-30,0.23174014242227287
2025Q1,H1,standard,2024-10-31,0.20044190480005175
2025Q1,H1,standard,2024-11-30,0.16914366717595233
2025Q1,H1,standard,2024-12-31,0.52793215554155082
2025Q1,H1,standard,2025-01-31,0.3245249853296745
2025Q1,H1,standard,2025-02-28,0.19948863693516114
2025Q1,H1,standard,2025-03-31,0.12262758821426753
2025Q1,H2,conservative,2021-01-31,-2.3500729899213137
2025Q1,H2,conservative,2021-02-28,-1.6580269561102052
2025Q1,H2,conservative,2021-03-31,-0.77724109483558501
2025Q1,H2,conservative,2021-04-30,0.10354476641575988
2025Q1,H2,conservative,2021-05-31,0.60685097284368239
2025Q1,H2,conservative,2021-06-30,0.70122088655140857
2025Q1,H2,conservative,2021-07-31,0.82704743815701032
2025Q1,H2,conservative,2021-08-31,0.92141735186473372
2025Q1,H2,conservative,2021-09-30,0.85850407606727841
2025Q1,H2,conservative,2021-10-31,1.0157872655770026
2025Q1,H2,conservative,2021-11-30,0.95287398977628723
2025Q1,H2,conservative,2021-12-31,0.76413416237369458
2025Q1,H2,conservative,2022-01-31,0.70122088656481374
2025Q1,H2,conservative,2022-02-28,0.35519786964590877
2025Q1,H2,conservative,2022-03-31,-0.17956497467839627
2025Q1,H2,conservative,2022-04-30,-0.11665169888293506
2025Q1,H2,conservative,2022-05-31,-0.085195060982008811
2025Q1,H2,conservative,2022-06-30,-0.36830480209269878
2025Q1,H2,conservative,2022-07-31,-0.24247825048295285
2025Q1,H2,conservative,2022-08-31,-0.24247825048321722
2025Q1,H2,conservative,2022-09-30,-0.30539152628596122
2025Q1,H2,conservative,2022-10-31,-0.2739348883846538
2025Q1,H2,conservative,2022-11-30,-0.27393488838392765
2025Q1,H2,conservative,2022-12-31,-0.33684816418417518
2025Q1,H2,conservative,2023-01-31,-5.0868004874154886
2025Q1,H2,conservative,2023-02-28,-3.1994022132853788
2025Q1,H2,conservative,2023-03-31,-0.68287118113128931
2025Q1,H2,conservative,2023-04-30,-0.39976144000568681
2025Q1,H2,conservative,2023-05-31,-0.17956497469232494
2025Q1,H2,conservative,2023-06-30,-0.21102161259169511
2025Q1,H2,conservative,2023-07-31,-0.17956497468974891
2025Q1,H2,conservative,2023-08-31,-0.14810833678490337
2025Q1,H2,conservative,2023-09-30,-0.17956497468659222
2025Q1,H2,conservative,2023-10-31,-0.14810833678548246
2025Q1,H2,conservative,2023-11-30,-0.085195060979282089
2025Q1,H2,conservative,2023-12-31,-0.085195060978348322
2025Q1,H2,conservative,2024-01-31,3.2492085566083788
2025Q1,H2,conservative,2024-02-29,3.1862952808057496
2025Q1,H2,conservative,2024-03-31,0.072088128541405672
2025Q1,H2,conservative,2024-04-30,1.1101571792770606
2025Q1,H2,conservative,2024-05-31,0.66976424866049755
2025Q1,H2,conservative,2024-06-30,0.48102442125408984
2025Q1,H2,conservative,2024-07-31,0.2608279559441542
2025Q1,H2,conservative,2024-08-31,0.19791468013958108
2025Q1,H2,conservative,2024-09-30,0.22937131804085892
2025Q1,H2,conservative,2024-10-31,0.19791468014067845
2025Q1,H2,conservative,2024-11-30,0.16645804223922922
2025Q1,H2,conservative,2024-12-31,0.16645804223891578
2025Q1,H2,conservative,2025-01-31,0.10221162704965782
2025Q1,H2,conservative,2025-02-28,0.062761862170309213
2025Q1,H2,conservative,2025-03-31,0.038538192344508601
2025Q1,H2,standard,2021-01-31,-2.3500729899213137
2025Q1,H2,standard,2021-02-28,-1.6580269561102052
2025Q1,H2,standard,2021-03-31,-0.77724109483558501
2025Q1,H2,standard,2021-04-30,0.10354476641575988
2025Q1,H2,standard,2021-05-31,0.60685097284368239
2025Q1,H2,standard,2021-06-30,0.70122088655140857
2025Q1,H2,standard,2021-07-31,0.82704743815701032
2025Q1,H2,standard,2021-08-31,0.92141735186473372
2025Q1,H2,standard,2021-09-30,0.85850407606727841
2025Q1,H2,standard,2021-10-31,1.0157872655770026
2025Q1,H2,standard,2021-11-30,0.95287398977628723
2025Q1,H2,standard,2021-12-31,0.76413416237369458
2025Q1,H2,standard,2022-01-31,0.70122088656481374
2025Q1,H2,standard,2022-02-28,0.35519786964590877
2025Q1,H2,standard,2022-03-31,-0.17956497467839627
2025Q1,H2,standard,2022-04-30,-0.11665169888293506
2025Q1,H2,standard,2022-05-31,-0.085195060982008811
2025Q1,H2,standard,2022-06-30,-0.36830480209269878
2025Q1,H2,standard,2022-07-31,-0.24247825048295285
2025Q1,H2,standard,2022-08-31,-0.24247825048321722
2025Q1,H2,standard,2022-09-30,-0.30539152628596122
2025Q1,H2,standard,2022-10-31,-0.2739348883846538
2025Q1,H2,standard,2022-11-30,-0.27393488838392765
2025Q1,H2,standard,2022-12-31,-0.33684816418417518
2025Q1,H2,standard,2023-01-31,-5.0868004874154886
2025Q1,H2,standard,2023-02-28,-3.1994022132853788
2025Q1,H2,standard,2023-03-31,-0.68287118113128931
2025Q1,H2,standard,2023-04-30,-0.39976144000568681
2025Q1,H2,standard,2023-05-31,-0.17956497469232494
2025Q1,H2,standard,2023-06-30,-0.21102161259169511
2025Q1,H2,standard,2023-07-31,-0.17956497468974891
2025Q1,H2,standard,2023-08-31,-0.14810833678490337
2025Q1,H2,standard,2023-09-30,-0.17956497468659222
2025Q1,H2,standard,2023-10-31,-0.14810833678548246
2025Q1,H2,standard,2023-11-30,-0.085195060979282089
2025Q1,H2,standard,2023-12-31,-0.085195060978348322
2025Q1,H2,standard,2024-01-31,3.2492085566083788
2025Q1,H2,standard,2024-02-29,3.1862952808057496
2025Q1,H2,standard,2024-03-31,0.072088128541405672
2025Q1,H2,standard,2024-04-30,1.1101571792770606
2025Q1,H2,standard,2024-05-31,0.66976424866049755
2025Q1,H2,standard,2024-06-30,0.48102442125408984
2025Q1,H2,standard,2024-07-31,0.2608279559441542
2025Q1,H2,standard,2024-08-31,0.19791468013958108
2025Q1,H2,standard,2024-09-30,0.22937131804085892
2025Q1,H2,standard,2024-10-31,0.19791468014067845
2025Q1,H2,standard,2024-11-30,0.16645804223922922
2025Q1,H2,standard,2024-12-31,0.16645804223891578
2025Q1,H2,standard,2025-01-31,1.1898729671310928
2025Q1,H2,standard,2025-02-28,0.73062767239755555
2025Q1,H2,standard,2025-03-31,0.44863343434060649
2025Q1,H3,conservative,2021-01-31,-2.3500729899213137
2025Q1,H3,conservative,2021-02-28,-1.6580269561102052
2025Q1,H3,conservative,2021-03-31,-0.77724109483558501
2025Q1,H3,conservative,2021-04-30,0.10354476641575988
2025Q1,H3,conservative,2021-05-31,0.60685097284368239
2025Q1,H3,conservative,2021-06-30,0.70122088655140857
2025Q1,H3,conservative,2021-07-31,0.82704743815701032
2025Q1,H3,conservative,2021-08-31,0.92141735186473372
2025Q1,H3,conservative,2021-09-30,0.85850407606727841
2025Q1,H3,conservative,2021-10-31,1.0157872655770026
2025Q1,H3,conservative,2021-11-30,0.95287398977628723
2025Q1,H3,conservative,2021-12-31,0.76413416237369458
2025Q1,H3,conservative,2022-01-31,0.70122088656481374
2025Q1,H3,conservative,2022-02-28,0.35519786964590877
2025Q1,H3,conservative,2022-03-31,-0.17956497467839627
2025Q1,H3,conservative,2022-04-30,-0.11665169888293506
2025Q1,H3,conservative,2022-05-31,-0.085195060982008811
2025Q1,H3,conservative,2022-06-30,-0.36830480209269878
2025Q1,H3,conservative,2022-07-31,-0.24247825048295285
2025Q1,H3,conservative,2022-08-31,-0.24247825048321722
2025Q1,H3,conservative,2022-09-30,-0.30539152628596122
2025Q1,H3,conservative,2022-10-31,-0.2739348883846538
2025Q1,H3,conservative,2022-11-30,-0.27393488838392765
2025Q1,H3,conservative,2022-12-31,-0.33684816418417518
2025Q1,H3,conservative,2023-01-31,-5.0868004874154886
2025Q1,H3,conservative,2023-02-28,-3.1994022132853788
2025Q1,H3,conservative,2023-03-31,-0.68287118113128931
2025Q1,H3,conservative,2023-04-30,-0.39976144000568681
2025Q1,H3,conservative,2023-05-31,-0.17956497469232494
2025Q1,H3,conservative,2023-06-30,-0.21102161259169511
2025Q1,H3,conservative,2023-07-31,-0.17956497468974891
2025Q1,H3,conservative,2023-08-31,-0.14810833678490337
2025Q1,H3,conservative,2023-09-30,-0.17956497468659222
2025Q1,H3,conservative,2023-10-31,-0.14810833678548246
2025Q1,H3,conservative,2023-11-30,-0.085195060979282089
2025Q1,H3,conservative,2023-12-31,-0.085195060978348322
2025Q1,H3,conservative,2024-01-31,3.2492085566083788
2025Q1,H3,conservative,2024-02-29,3.1862952808057496
2025Q1,H3,conservative,2024-03-31,0.072088128541405672
2025Q1,H3,conservative,2024-04-30,1.1101571792770606
2025Q1,H3,conservative,2024-05-31,0.66976424866049755
2025Q1,H3,conservative,2024-06-30,0.48102442125408984
2025Q1,H3,conservative,2024-07-31,0.2608279559441542
2025Q1,H3,conservative,2024-08-31,0.19791468013958108
2025Q1,H3,conservative,2024-09-30,0.22937131804085892
2025Q1,H3,conservative,2024-10-31,0.19791468014067845
2025Q1,H3,conservative,2024-11-30,0.16645804223922922
2025Q1,H3,conservative,2024-12-31,0.16645804223891578
2025Q1,H3,conservative,2025-01-31,-0.61995790528439965
2025Q1,H3,conservative,2025-02-28,-0.38067794952475875
2025Q1,H3,conservative,2025-03-31,-0.23375087246914952
2025Q1,H3,standard,2021-01-31,-2.3500729899213137
2025Q1,H3,standard,2021-02-28,-1.6580269561102052
2025Q1,H3,standard,2021-03-31,-0.77724109483558501
2025Q1,H3,standard,2021-04-30,0.10354476641575988
2025Q1,H3,standard,2021-05-31,0.60685097284368239
2025Q1,H3,standard,2021-06-30,0.70122088655140857
2025Q1,H3,standard,2021-07-31,0.82704743815701032
2025Q1,H3,standard,2021-08-31,0.92141735186473372
2025Q1,H3,standard,2021-09-30,0.85850407606727841
2025Q1,H3,standard,2021-10-31,1.0157872655770026
2025Q1,H3,standard,2021-11-30,0.95287398977628723
2025Q1,H3,standard,2021-12-31,0.76413416237369458
2025Q1,H3,standard,2022-01-31,0.70122088656481374
2025Q1,H3,standard,2022-02-28,0.35519786964590877
2025Q1,H3,standard,2022-03-31,-0.17956497467839627
2025Q1,H3,standard,2022-04-30,-0.11665169888293506
2025Q1,H3,standard,2022-05-31,-0.085195060982008811
2025Q1,H3,standard,2022-06-30,-0.36830480209269878
2025Q1,H3,standard,2022-07-31,-0.24247825048295285
2025Q1,H3,standard,2022-08-31,-0.24247825048321722
2025Q1,H3,standard,2022-09-30,-0.30539152628596122
2025Q1,H3,standard,2022-10-31,-0.2739348883846538
2025Q1,H3,standard,2022-11-30,-0.27393488838392765
2025Q1,H3,standard,2022-12-31,-0.33684816418417518
2025Q1,H3,standard,2023-01-31,-5.0868004874154886
2025Q1,H3,standard,2023-02-28,-3.1994022132853788
2025Q1,H3,standard,2023-03-31,-0.68287118113128931
2025Q1,H3,standard,2023-04-30,-0.39976144000568681
2025Q1,H3,standard,2023-05-31,-0.17956497469232494
2025Q1,H3,standard,2023-06-30,-0.21102161259169511
2025Q1,H3,standard,2023-07-31,-0.17956497468974891
2025Q1,H3,standard,2023-08-31,-0.14810833678490337
2025Q1,H3,standard,2023-09-30,-0.17956497468659222
2025Q1,H3,standard,2023-10-31,-0.14810833678548246
2025Q1,H3,standard,2023-11-30,-0.085195060979282089
2025Q1,H3,standard,2023-12-31,-0.085195060978348322
2025Q1,H3,standard,2024-01-31,3.2492085566083788
2025Q1,H3,standard,2024-02-29,3.1862952808057496
2025Q1,H3,standard,2024-03-31,0.072088128541405672
2025Q1,H3,standard,2024-04-30,1.1101571792770606
2025Q1,H3,standard,2024-05-31,0.66976424866049755
2025Q1,H3,standard,2024-06-30,0.48102442125408984
2025Q1,H3,standard,2024-07-31,0.2608279559441542
2025Q1,H3,standard,2024-08-31,0.19791468013958108
2025Q1,H3,standard,2024-09-30,0.22937131804085892
2025Q1,H3,standard,2024-10-31,0.19791468014067845
2025Q1,H3,standard,2024-11-30,0.16645804223922922
2025Q1,H3,standard,2024-12-31,0.16645804223891578
2025Q1,H3,standard,2025-01-31,-0.61995790528439965
2025Q1,H3,standard,2025-02-28,0.65535795813949482
2025Q1,H3,standard,2025-03-31,0.40241494072864337
2025Q2,H1,conservative,2021-01-31,-2.3694303258209328
2025Q2,H1,conservative,2021-02-28,-1.6674714363423828
2025Q2,H1,conservative,2021-03-31,-0.77406921248064875
2025Q2,H1,conservative,2021-04-30,0.1193330111037571
2025Q2,H1,conservative,2021-05-31,0.62984856741842332
2025Q2,H1,conservative,2021-06-30,0.7255702342424486
2025Q2,H1,conservative,2021-07-31,0.85319912328940628
2025Q2,H1,conservative,2021-08-31,0.94892079013182762
2025Q2,H1,conservative,2021-09-30,0.88510634568898072
2025Q2,H1,conservative,2021-10-31,1.0446424570437762
2025Q2,H1,conservative,2021-11-30,0.98082801255548957
2025Q2,H1,conservative,2021-12-31,0.78938467908192445
2025Q2,H1,conservative,2022-01-31,0.72557023449704161
2025Q2,H1,conservative,2022-02-28,0.37459078953516811
2025Q2,H1,conservative,2022-03-31,-0.16783198896370211
2025Q2,H1,conservative,2022-04-30,-0.10401754454590521
2025Q2,H1,conservative,2022-05-31,-0.072110322295965118
2025Q2,H1,conservative,2022-06-30,-0.35927532263224049
2025Q2,H1,conservative,2022-07-31,-0.23164643351825767
2025Q2,H1,conservative,2022-08-31,-0.23164643351860423
2025Q2,H1,conservative,2022-09-30,-0.29546087804752869
2025Q2,H1,conservative,2022-10-31,-0.2635536557785515
2025Q2,H1,conservative,2022-11-30,-0.26355365576603695
2025Q2,H1,conservative,2022-12-31,-0.32736810025177621
2025Q2,H1,conservative,2023-01-31,-5.1453586637136297
2025Q2,H1,conservative,2023-02-28,-3.230925327340274
2025Q2,H1,conservative,2023-03-31,-0.67834754569474454
2025Q2,H1,conservative,2023-04-30,-0.39118254509895573
2025Q2,H1,conservative,2023-05-31,-0.16783198920086417
2025Q2,H1,conservative,2023-06-30,-0.19973921143450224
2025Q2,H1,conservative,2023-07-31,-0.16783198916329001
2025Q2,H1,conservative,2023-08-31,-0.13592476685228844
2025Q2,H1,conservative,2023-09-30,-0.16783198911600258
2025Q2,H1,conservative,2023-10-31,-0.13592476685918981
2025Q2,H1,conservative,2023-11-30,-0.072110322280457467
2025Q2,H1,conservative,2023-12-31,-0.072110322255475645
2025Q2,H1,conservative,2024-01-31,3.3100552380950581
2025Q2,H1,conservative,2024-02-29,3.2462407936203377
2025Q2,H1,conservative,2024-03-31,0.087425789291082801
2025Q2,H1,conservative,2024-04-30,1.1403641237439393
2025Q2,H1,conservative,2024-05-31,0.69366301212941017
2025Q2,H1,conservative,2024-06-30,0.50221967857178973
2025Q2,H1,conservative,2024-07-31,0.27886912273532577
2025Q2,H1,conservative,2024-08-31,0.21505467818446605
2025Q2,H1,conservative,2024-09-30,0.24696190044503216
2025Q2,H1,conservative,2024-10-31,0.21505467820293458
2025Q2,H1,conservative,2024-11-30,0.18314745594142273
2025Q2,H1,conservative,2024-12-31,0.18314745593859494
2025Q2,H1,conservative,2025-01-31,-0.61453310046696896
2025Q2,H1,conservative,2025-02-28,-0.072110322142622307
2025Q2,H1,conservative,2025-03-31,-0.043998306834061231
2025Q2,H1,conservative,2025-04-30,-0.026845685149421546
2025Q2,H1,conservative,2025-05-31,-0.016379966935090116
2025Q2,H1,conservative,2025-06-30,-0.0099942808425743136
2025Q2,H1,standard,2021-01-31,-2.3776767338588356
2025Q2,H1,standard,2021-02-28,-1.6732747945274173
2025Q2,H1,standard,2021-03-31,-0.77676323211693998
2025Q2,H1,standard,2021-04-30,0.11974832927988888
2025Q2,H1,standard,2021-05-31,0.63204065000719778
2025Q2,H1,standard,2021-06-30,0.728095460197144
2025Q2,H1,standard,2021-07-31,0.85616854026197231
2025Q2,H1,standard,2021-08-31,0.95222335052080453
2025Q2,H1,standard,2021-09-30,0.88818681078430628
2025Q2,H1,standard,2021-10-31,1.0482781610349876
2025Q2,H1,standard,2021-11-30,0.98424162113187141
2025Q2,H1,standard,2021-12-31,0.79213200139075002
2025Q2,H1,standard,2022-01-31,0.72809546113486889
2025Q2,H1,standard,2022-02-28,0.37589449065088792
2025Q2,H1,standard,2022-03-31,-0.16841609980822364
2025Q2,H1,standard,2022-04-30,-0.10437956016310825
2025Q2,H1,standard,2022-05-31,-0.072361290190520067
2025Q2,H1,standard,2022-06-30,-0.36052572026597418
2025Q2,H1,standard,2022-07-31,-0.23245263995459675
2025Q2,H1,standard,2022-08-31,-0.23245263995572027
2025Q2,H1,standard,2022-09-30,-0.29648918000853941
2025Q2,H1,standard,2022-10-31,-0.26447090996518696
2025Q2,H1,standard,2022-11-30,-0.26447090991916833
2025Q2,H1,standard,2022-12-31,-0.32850744981311758
2025Q2,H1,standard,2023-01-31,-5.1632662293894054
2025Q2,H1,standard,2023-02-28,-3.2421700259590196
2025Q2,H1,standard,2023-03-31,-0.68070842206488091
2025Q2,H1,standard,2023-04-30,-0.39254399103615617
2025Q2,H1,standard,2023-05-31,-0.16841610068004767
2025Q2,H1,standard,2023-06-30,-0.20043437059339161
2025Q2,H1,standard,2023-07-31,-0.16841610054230538
2025Q2,H1,standard,2023-08-31,-0.13639783034542471
2025Q2,H1,standard,2023-09-30,-0.16841610036877208
2025Q2,H1,standard,2023-10-31,-0.13639783037064712
2025Q2,H1,standard,2023-11-30,-0.072361290135145376
2025Q2,H1,standard,2023-12-31,-0.072361290042806753
2025Q2,H1,standard,2024-01-31,3.321575333903664
2025Q2,H1,standard,2024-02-29,3.2575387940510558
2025Q2,H1,standard,2024-03-31,0.087730060912329044
2025Q2,H1,standard,2024-04-30,1.1443329707705072
2025Q2,H1,standard,2024-05-31,0.69607719072591101
2025Q2,H1,standard,2024-06-30,0.50396757067483411
2025Q2,H1,standard,2024-07-31,0.27983968054551245
2025Q2,H1,standard,2024-08-31,0.21580314041263912
2025Q2,H1,standard,2024-09-30,0.24782141042463551
2025Q2,H1,standard,2024-10-31,0.21580314048057311
2025Q2,H1,standard,2024-11-30,0.18378487046526887
2025Q2,H1,standard,2024-12-31,0.18378487045502356
2025Q2,H1,standard,2025-01-31,-0.61667187944658042
2025Q2,H1,standard,2025-02-28,-0.072361289628823711
2025Q2,H1,standard,2025-03-31,0.49618361697689817
2025Q2,H1,standard,2025-04-30,0.30253578059370312
2025Q2,H1,standard,2025-05-31,0.18446376584759896
2025Q2,H1,standard,2025-06-30,0.11247225317912046
2025Q2,H2,conservative,2021-01-31,-2.3942639968525024
2025Q2,H2,conservative,2021-02-28,-1.6854607767014862
2025Q2,H2,conservative,2021-03-31,-0.78334758737127386
2025Q2,H2,conservative,2021-04-30,0.11876560194450114
2025Q2,H2,conservative,2021-05-31,0.63425885298107576
2025Q2,H2,conservative,2021-06-30,0.73091383755114259
2025Q2,H2,conservative,2021-07-31,0.85978715030856212
2025Q2,H2,conservative,2021-08-31,0.95644213487967711
2025Q2,H2,conservative,2021-09-30,0.89200547850524692
2025Q2,H2,conservative,2021-10-31,1.0530971194544851
2025Q2,H2,conservative,2021-11-30,0.98866046307765765
2025Q2,H2,conservative,2021-12-31,0.79535049394671065
2025Q2,H2,conservative,2022-01-31,0.73091383756485784
2025Q2,H2,conservative,2022-02-28,0.3765122274774545
2025Q2,H2,conservative,2022-03-31,-0.17119935174434894
2025Q2,H2,conservative,2022-04-30,-0.10676269537123007
2025Q2,H2,conservative,2022-05-31,-0.074544367182521595
2025Q2,H2,conservative,2022-06-30,-0.36450932088572108
2025Q2,H2,conservative,2022-07-31,-0.23563600812472657
2025Q2,H2,conservative,2022-08-31,-0.23563600812473084
2025Q2,H2,conservative,2022-09-30,-0.30007266450375408
2025Q2,H2,conservative,2022-10-31,-0.26785433631397987
2025Q2,H2,conservative,2022-11-30,-0.26785433631330907
2025Q2,H2,conservative,2022-12-31,-0.33229099269001849
2025Q2,H2,conservative,2023-01-31,-5.1972585493859746
2025Q2,H2,conservative,2023-02-28,-3.2641588579893042
2025Q2,H2,conservative,2023-03-31,-0.68669260280317945
2025Q2,H2,conservative,2023-04-30,-0.39672764908607017
2025Q2,H2,conservative,2023-05-31,-0.17119935175704237
2025Q2,H2,conservative,2023-06-30,-0.20341767994491738
2025Q2,H2,conservative,2023-07-31,-0.17119935175505269
2025Q2,H2,conservative,2023-08-31,-0.13898102356309566
2025Q2,H2,conservative,2023-09-30,-0.17119935175254392
2025Q2,H2,conservative,2023-10-31,-0.13898102356345488
2025Q2,H2,conservative,2023-11-30,-0.07454436718179705
2025Q2,H2,conservative,2023-12-31,-0.074544367180429144
2025Q2,H2,conservative,2024-01-31,3.3405984209234201
2025Q2,H2,conservative,2024-02-29,3.2761617645474845
2025Q2,H2,conservative,2024-03-31,0.086547273779146172
2025Q2,H2,conservative,2024-04-30,1.1497521040179446
2025Q2,H2,conservative,2024-05-31,0.69869550936964697
2025Q2,H2,conservative,2024-06-30,0.50538554023413118
2025Q2,H2,conservative,2024-07-31,0.27985724290841324
2025Q2,H2,conservative,2024-08-31,0.2154205865282518
2025Q2,H2,conservative,2024-09-30,0.24763891471754468
2025Q2,H2,conservative,2024-10-31,0.21542058652923957
2025Q2,H2,conservative,2024-11-30,0.18320225833989812
2025Q2,H2,conservative,2024-12-31,0.18320225833975529
2025Q2,H2,conservative,2025-01-31,-0.62225594638693105
2025Q2,H2,conservative,2025-02-28,-0.074544367174477988
2025Q2,H2,conservative,2025-03-31,0.086547273771971356
2025Q2,H2,conservative,2025-04-30,0.052820337248378764
2025Q2,H2,conservative,2025-05-31,0.032236578986685728
2025Q2,H2,conservative,2025-06-30,0.019674183825790028
2025Q2,H2,standard,2021-01-31,-2.3942639968525024
2025Q2,H2,standard,2021-02-28,-1.6854607767014862
2025Q2,H2,standard,2021-03-31,-0.78334758737127386
2025Q2,H2,standard,2021-04-30,0.11876560194450114
2025Q2,H2,standard,2021-05-31,0.63425885298107576
2025Q2,H2,standard,2021-06-30,0.73091383755114259
2025Q2,H2,standard,2021-07-31,0.85978715030856212
2025Q2,H2,standard,2021-08-31,0.95644213487967711
2025Q2,H2,standard,2021-09-30,0.89200547850524692
2025Q2,H2,standard,2021-10-31,1.0530971194544851
2025Q2,H2,standard,2021-11-30,0.98866046307765765
2025Q2,H2,standard,2021-12-31,0.79535049394671065
2025Q2,H2,standard,2022-01-31,0.73091383756485784
2025Q2,H2,standard,2022-02-28,0.3765122274774545
2025Q2,H2,standard,2022-03-31,-0.17119935174434894
2025Q2,H2,standard,2022-04-30,-0.10676269537123007
2025Q2,H2,standard,2022-05-31,-0.074544367182521595
2025Q2,H2,standard,2022-06-30,-0.36450932088572108
2025Q2,H2,standard,2022-07-31,-0.23563600812472657
2025Q2,H2,standard,2022-08-31,-0.23563600812473084
2025Q2,H2,standard,2022-09-30,-0.30007266450375408
2025Q2,H2,standard,2022-10-31,-0.26785433631397987
2025Q2,H2,standard,2022-11-30,-0.26785433631330907
2025Q2,H2,standard,2022-12-31,-0.33229099269001849
2025Q2,H2,standard,2023-01-31,-5.1972585493859746
2025Q2,H2,standard,2023-02-28,-3.2641588579893042
2025Q2,H2,standard,2023-03-31,-0.68669260280317945
2025Q2,H2,standard,2023-04-30,-0.39672764908607017
2025Q2,H2,standard,2023-05-31,-0.17119935175704237
2025Q2,H2,standard,2023-06-30,-0.20341767994491738
2025Q2,H2,standard,2023-07-31,-0.17119935175505269
2025Q2,H2,standard,2023-08-31,-0.13898102356309566
2025Q2,H2,standard,2023-09-30,-0.17119935175254392
2025Q2,H2,standard,2023-10-31,-0.13898102356345488
2025Q2,H2,standard,2023-11-30,-0.07454436718179705
2025Q2,H2,standard,2023-12-31,-0.074544367180429144
2025Q2,H2,standard,2024-01-31,3.3405984209234201
2025Q2,H2,standard,2024-02-29,3.2761617645474845
2025Q2,H2,standard,2024-03-31,0.086547273779146172
2025Q2,H2,standard,2024-04-30,1.1497521040179446
2025Q2,H2,standard,2024-05-31,0.69869550936964697
2025Q2,H2,standard,2024-06-30,0.50538554023413118
2025Q2,H2,standard,2024-07-31,0.27985724290841324
2025Q2,H2,standard,2024-08-31,0.2154205865282518
2025Q2,H2,standard,2024-09-30,0.24763891471754468
2025Q2,H2,standard,2024-10-31,0.21542058652923957
2025Q2,H2,standard,2024-11-30,0.18320225833989812
2025Q2,H2,standard,2024-12-31,0.18320225833975529
2025Q2,H2,standard,2025-01-31,-0.62225594638693105
2025Q2,H2,standard,2025-02-28,-0.074544367174477988
2025Q2,H2,standard,2025-03-31,0.086547273771971356
2025Q2,H2,standard,2025-04-30,0.44198097148850723
2025Q2,H2,standard,2025-05-31,0.26974372448632322
2025Q2,H2,standard,2025-06-30,0.16462626582023671
2025Q2,H3,conservative,2021-01-31,-2.3942639968525024
2025Q2,H3,conservative,2021-02-28,-1.6854607767014862
2025Q2,H3,conservative,2021-03-31,-0.78334758737127386
2025Q2,H3,conservative,2021-04-30,0.11876560194450114
2025Q2,H3,conservative,2021-05-31,0.63425885298107576
2025Q2,H3,conservative,2021-06-30,0.73091383755114259
2025Q2,H3,conservative,2021-07-31,0.85978715030856212
2025Q2,H3,conservative,2021-08-31,0.95644213487967711
2025Q2,H3,conservative,2021-09-30,0.89200547850524692
2025Q2,H3,conservative,2021-10-31,1.0530971194544851
2025Q2,H3,conservative,2021-11-30,0.98866046307765765
2025Q2,H3,conservative,2021-12-31,0.79535049394671065
2025Q2,H3,conservative,2022-01-31,0.73091383756485784
2025Q2,H3,conservative,2022-02-28,0.3765122274774545
2025Q2,H3,conservative,2022-03-31,-0.17119935174434894
2025Q2,H3,conservative,2022-04-30,-0.10676269537123007
2025Q2,H3,conservative,2022-05-31,-0.074544367182521595
2025Q2,H3,conservative,2022-06-30,-0.36450932088572108
2025Q2,H3,conservative,2022-07-31,-0.23563600812472657
2025Q2,H3,conservative,2022-08-31,-0.23563600812473084
2025Q2,H3,conservative,2022-09-30,-0.30007266450375408
2025Q2,H3,conservative,2022-10-31,-0.26785433631397987
2025Q2,H3,conservative,2022-11-30,-0.26785433631330907
2025Q2,H3,conservative,2022-12-31,-0.33229099269001849
2025Q2,H3,conservative,2023-01-31,-5.1972585493859746
2025Q2,H3,conservative,2023-02-28,-3.2641588579893042
2025Q2,H3,conservative,2023-03-31,-0.68669260280317945
2025Q2,H3,conservative,2023-04-30,-0.39672764908607017
2025Q2,H3,conservative,2023-05-31,-0.17119935175704237
2025Q2,H3,conservative,2023-06-30,-0.20341767994491738
2025Q2,H3,conservative,2023-07-31,-0.17119935175505269
2025Q2,H3,conservative,2023-08-31,-0.13898102356309566
2025Q2,H3,conservative,2023-09-30,-0.17119935175254392
2025Q2,H3,conservative,2023-10-31,-0.13898102356345488
2025Q2,H3,conservative,2023-11-30,-0.07454436718179705
2025Q2,H3,conservative,2023-12-31,-0.074544367180429144
2025Q2,H3,conservative,2024-01-31,3.3405984209234201
2025Q2,H3,conservative,2024-02-29,3.2761617645474845
2025Q2,H3,conservative,2024-03-31,0.086547273779146172
2025Q2,H3,conservative,2024-04-30,1.1497521040179446
2025Q2,H3,conservative,2024-05-31,0.69869550936964697
2025Q2,H3,conservative,2024-06-30,0.50538554023413118
2025Q2,H3,conservative,2024-07-31,0.27985724290841324
2025Q2,H3,conservative,2024-08-31,0.2154205865282518
2025Q2,H3,conservative,2024-09-30,0.24763891471754468
2025Q2,H3,conservative,2024-10-31,0.21542058652923957
2025Q2,H3,conservative,2024-11-30,0.18320225833989812
2025Q2,H3,conservative,2024-12-31,0.18320225833975529
2025Q2,H3,conservative,2025-01-31,-0.62225594638693105
2025Q2,H3,conservative,2025-02-28,-0.074544367174477988
2025Q2,H3,conservative,2025-03-31,0.086547273771971356
2025Q2,H3,conservative,2025-04-30,0.022110617392253042
2025Q2,H3,conservative,2025-05-31,0.01349424674549252
2025Q2,H3,conservative,2025-06-30,0.0082356223708179438
2025Q2,H3,standard,2021-01-31,-2.3942639968525024
2025Q2,H3,standard,2021-02-28,-1.6854607767014862
2025Q2,H3,standard,2021-03-31,-0.78334758737127386
2025Q2,H3,standard,2021-04-30,0.11876560194450114
2025Q2,H3,standard,2021-05-31,0.63425885298107576
2025Q2,H3,standard,2021-06-30,0.73091383755114259
2025Q2,H3,standard,2021-07-31,0.85978715030856212
2025Q2,H3,standard,2021-08-31,0.95644213487967711
2025Q2,H3,standard,2021-09-30,0.89200547850524692
2025Q2,H3,standard,2021-10-31,1.0530971194544851
2025Q2,H3,standard,2021-11-30,0.98866046307765765
2025Q2,H3,standard,2021-12-31,0.79535049394671065
2025Q2,H3,standard,2022-01-31,0.73091383756485784
2025Q2,H3,standard,2022-02-28,0.3765122274774545
2025Q2,H3,standard,2022-03-31,-0.17119935174434894
2025Q2,H3,standard,2022-04-30,-0.10676269537123007
2025Q2,H3,standard,2022-05-31,-0.074544367182521595
2025Q2,H3,standard,2022-06-30,-0.36450932088572108
2025Q2,H3,standard,2022-07-31,-0.23563600812472657
2025Q2,H3,standard,2022-08-31,-0.23563600812473084
2025Q2,H3,standard,2022-09-30,-0.30007266450375408
2025Q2,H3,standard,2022-10-31,-0.26785433631397987
2025Q2,H3,standard,2022-11-30,-0.26785433631330907
2025Q2,H3,standard,2022-12-31,-0.33229099269001849
2025Q2,H3,standard,2023-01-31,-5.1972585493859746
2025Q2,H3,standard,2023-02-28,-3.2641588579893042
2025Q2,H3,standard,2023-03-31,-0.68669260280317945
2025Q2,H3,standard,2023-04-30,-0.39672764908607017
2025Q2,H3,standard,2023-05-31,-0.17119935175704237
2025Q2,H3,standard,2023-06-30,-0.20341767994491738
2025Q2,H3,standard,2023-07-31,-0.17119935175505269
2025Q2,H3,standard,2023-08-31,-0.13898102356309566
2025Q2,H3,standard,2023-09-30,-0.17119935175254392
2025Q2,H3,standard,2023-10-31,-0.13898102356345488
2025Q2,H3,standard,2023-11-30,-0.07454436718179705
2025Q2,H3,standard,2023-12-31,-0.074544367180429144
2025Q2,H3,standard,2024-01-31,3.3405984209234201
2025Q2,H3,standard,2024-02-29,3.2761617645474845
2025Q2,H3,standard,2024-03-31,0.086547273779146172
2025Q2,H3,standard,2024-04-30,1.1497521040179446
2025Q2,H3,standard,2024-05-31,0.69869550936964697
2025Q2,H3,standard,2024-06-30,0.50538554023413118
2025Q2,H3,standard,2024-07-31,0.27985724290841324
2025Q2,H3,standard,2024-08-31,0.2154205865282518
2025Q2,H3,standard,2024-09-30,0.24763891471754468
2025Q2,H3,standard,2024-10-31,0.21542058652923957
2025Q2,H3,standard,2024-11-30,0.18320225833989812
2025Q2,H3,standard,2024-12-31,0.18320225833975529
2025Q2,H3,standard,2025-01-31,-0.62225594638693105
2025Q2,H3,standard,2025-02-28,-0.074544367174477988
2025Q2,H3,standard,2025-03-31,0.086547273771971356
2025Q2,H3,standard,2025-04-30,0.022110617392253042
2025Q2,H3,standard,2025-05-31,0.42013411013878288
2025Q2,H3,standard,2025-06-30,0.25641044968726506
2025Q3,H1,conservative,2021-01-31,-2.4421460904411489
2025Q3,H1,conservative,2021-02-28,-1.7196029944226543
2025Q3,H1,conservative,2021-03-31,-0.8000026903778612
2025Q3,H1,conservative,2021-04-30,0.119597613660609
2025Q3,H1,conservative,2021-05-31,0.64508350168214279
2025Q3,H1,conservative,2021-06-30,0.74361210568643543
2025Q3,H1,conservative,2021-07-31,0.87498357769100732
2025Q3,H1,conservative,2021-08-31,0.97351218169582843
2025Q3,H1,conservative,2021-09-30,0.90782644569547932
2025Q3,H1,conservative,2021-10-31,1.0720407857023226
2025Q3,H1,conservative,2021-11-30,1.0063550497008995
2025Q3,H1,conservative,2021-12-31,0.80929784169641739
2025Q3,H1,conservative,2022-01-31,0.74361210569279612
2025Q3,H1,conservative,2022-02-28,0.38234055767810338
2025Q3,H1,conservative,2022-03-31,-0.17598819834269783
2025Q3,H1,conservative,2022-04-30,-0.11030246234292872
2025Q3,H1,conservative,2022-05-31,-0.077459594342093319
2025Q3,H1,conservative,2022-06-30,-0.37304540635195549
2025Q3,H1,conservative,2022-07-31,-0.24167393434575257
2025Q3,H1,conservative,2022-08-31,-0.24167393434574413
2025Q3,H1,conservative,2022-09-30,-0.30735967034819017
2025Q3,H1,conservative,2022-10-31,-0.27451680234683062
2025Q3,H1,conservative,2022-11-30,-0.27451680234652276
2025Q3,H1,conservative,2022-12-31,-0.34020253834790509
2025Q3,H1,conservative,2023-01-31,-5.2994756065676301
2025Q3,H1,conservative,2023-02-28,-3.3289035264831308
2025Q3,H1,conservative,2023-03-31,-0.70147408637442332
2025Q3,H1,conservative,2023-04-30,-0.40588827435816205
2025Q3,H1,conservative,2023-05-31,-0.17598819834852286
2025Q3,H1,conservative,2023-06-30,-0.20883106634900445
2025Q3,H1,conservative,2023-07-31,-0.17598819834762572
2025Q3,H1,conservative,2023-08-31,-0.1431453303453139
2025Q3,H1,conservative,2023-09-30,-0.17598819834649082
2025Q3,H1,conservative,2023-10-31,-0.14314533034547122
2025Q3,H1,conservative,2023-11-30,-0.077459594341839161
2025Q3,H1,conservative,2023-12-31,-0.077459594341188348
2025Q3,H1,conservative,2024-01-31,3.4038844137946112
2025Q3,H1,conservative,2024-02-29,3.3381986777937205
2025Q3,H1,conservative,2024-03-31,0.086754745670453604
2025Q3,H1,conservative,2024-04-30,1.1705693897035998
2025Q3,H1,conservative,2024-05-31,0.71076923768882483
2025Q3,H1,conservative,2024-06-30,0.51371202968219443
2025Q3,H1,conservative,2024-07-31,0.28381195367408235
2025Q3,H1,conservative,2024-08-31,0.21812621767114004
2025Q3,H1,conservative,2024-09-30,0.2509690856722554
2025Q3,H1,conservative,2024-10-31,0.21812621767159268
2025Q3,H1,conservative,2024-11-30,0.18528334967045718
2025Q3,H1,conservative,2024-12-31,0.18528334967039795
2025Q3,H1,conservative,2025-01-31,-0.63578835035502801
2025Q3,H1,conservative,2025-02-28,-0.077459594338523285
2025Q3,H1,conservative,2025-03-31,0.086754745667062483
2025Q3,H1,conservative,2025-04-30,0.021069009664318065
2025Q3,H1,conservative,2025-05-31,0.053911877665334701
2025Q3,H1,conservative,2025-06-30,0.032926588670988237
2025Q3,H1,conservative,2025-07-31,0.020109858688998419
2025Q3,H1,conservative,2025-08-31,0.012282062394389779
2025Q3,H1,conservative,2025-09-30,0.007501248964131668
2025Q3,H1,standard,2021-01-31,-2.4513051858887636
2025Q3,H1,standard,2021-02-28,-1.7260522725452185
2025Q3,H1,standard,2021-03-31,-0.80300305637651781
2025Q3,H1,standard,2021-04-30,0.12004614384723195
2025Q3,H1,standard,2021-05-31,0.64750282854483199
2025Q3,H1,standard,2021-06-30,0.74640095756188996
2025Q3,H1,standard,2021-07-31,0.87826512667525036
2025Q3,H1,standard,2021-08-31,0.97716325703635332
2025Q3,H1,standard,2021-09-30,0.91123117737962689
2025Q3,H1,standard,2021-10-31,1.0760613916337465
2025Q3,H1,standard,2021-11-30,1.0101293092618846
2025Q3,H1,standard,2021-12-31,0.8123330615926857
2025Q3,H1,standard,2022-01-31,0.74640097367710445
2025Q3,H1,standard,2022-02-28,0.38377450322072493
2025Q3,H1,standard,2022-03-31,-0.176648219019612
2025Q3,H1,standard,2022-04-30,-0.11071614082410591
2025Q3,H1,standard,2022-05-31,-0.077750099320072791
2025Q3,H1,standard,2022-06-30,-0.37444447876323361
2025Q3,H1,standard,2022-07-31,-0.2425803055224291
2025Q3,H1,standard,2022-08-31,-0.24258030549847337
2025Q3,H1,standard,2022-09-30,-0.30851239046338796
2025Q3,H1,standard,2022-10-31,-0.27554634763892816
2025Q3,H1,standard,2022-11-30,-0.27554634685931578
2025Q3,H1,standard,2022-12-31,-0.34147842913196147
2025Q3,H1,standard,2023-01-31,-5.3193509325973407
2025Q3,H1,standard,2023-02-28,-3.3413883555836055
2025Q3,H1,standard,2023-03-31,-0.70410492951258341
2025Q3,H1,standard,2023-04-30,-0.40741053386928988
2025Q3,H1,standard,2023-05-31,-0.17664823376518954
2025Q3,H1,standard,2023-06-30,-0.20961427436665583
2025Q3,H1,standard,2023-07-31,-0.17664823149734266
2025Q3,H1,standard,2023-08-31,-0.14368218625900309
2025Q3,H1,standard,2023-09-30,-0.17664822862775095
2025Q3,H1,standard,2023-10-31,-0.14368218665586574
2025Q3,H1,standard,2023-11-30,-0.077750098692826994
2025Q3,H1,standard,2023-12-31,-0.077750097040626187
2025Q3,H1,standard,2024-01-31,3.4166504216377218
2025Q3,H1,standard,2024-02-29,3.3507183406192342
2025Q3,H1,standard,2024-03-31,0.087080129370738391
2025Q3,H1,standard,2024-04-30,1.1749595130208308
2025Q3,H1,standard,2024-05-31,0.71343492420392851
2025Q3,H1,standard,2024-06-30,0.51563867109976069
2025Q3,H1,standard,2024-07-31,0.28487637486298123
2025Q3,H1,standard,2024-08-31,0.21894428863473731
2025Q3,H1,standard,2024-09-30,0.25191033084957365
2025Q3,H1,standard,2024-10-31,0.21894428978047217
2025Q3,H1,standard,2024-11-30,0.18597824752756228
2025Q3,H1,standard,2024-12-31,0.18597824737901134
2025Q3,H1,standard,2025-01-31,-0.63817280166885249
2025Q3,H1,standard,2025-02-28,-0.077750090307649622
2025Q3,H1,standard,2025-03-31,0.087080120767751651
2025Q3,H1,standard,2025-04-30,0.021148035051117627
2025Q3,H1,standard,2025-05-31,0.054114077004957357
2025Q3,H1,standard,2025-06-30,0.52159880898951216
2025Q3,H1,standard,2025-07-31,0.3187741673785921
2025Q3,H1,standard,2025-08-31,0.19481825502012959
2025Q3,H1,standard,2025-09-30,0.11906282369490752
2025Q3,H2,conservative,2021-01-31,-2.4671067886868361
2025Q3,H2,conservative,2021-02-28,-1.7378400892930796
2025Q3,H2,conservative,2021-03-31,-0.80968247183882713
2025Q3,H2,conservative,2021-04-30,0.11847514560250799
2025Q3,H2,conservative,2021-05-31,0.64885092699662861
2025Q3,H2,conservative,2021-06-30,0.74829638600850024
2025Q3,H2,conservative,2021-07-31,0.88089033135531836
2025Q3,H2,conservative,2021-08-31,0.98033579036832941
2025Q3,H2,conservative,2021-09-30,0.91403881769893836
2025Q3,H2,conservative,2021-10-31,1.0797812493848142
2025Q3,H2,conservative,2021-11-30,1.0134842767132053
2025Q3,H2,conservative,2021-12-31,0.81459335869792371
2025Q3,H2,conservative,2022-01-31,0.74829638602182391
2025Q3,H2,conservative,2022-02-28,0.38366303631359733
2025Q3,H2,conservative,2022-03-31,-0.17986123141333582
2025Q3,H2,conservative,2022-04-30,-0.11356425874513462
2025Q3,H2,conservative,2022-05-31,-0.080415772409077046
2025Q3,H2,conservative,2022-06-30,-0.37875214943856256
2025Q3,H2,conservative,2022-07-31,-0.24615820408835315
2025Q3,H2,conservative,2022-08-31,-0.24615820408832534
2025Q3,H2,conservative,2022-09-30,-0.31245517676208179
2025Q3,H2,conservative,2022-10-31,-0.27930669042490974
2025Q3,H2,conservative,2022-11-30,-0.27930669042426715
2025Q3,H2,conservative,2022-12-31,-0.3456036630958047
2025Q3,H2,conservative,2023-01-31,-5.3510251000362929
2025Q3,H2,conservative,2023-02-28,-3.362115919801087
2025Q3,H2,conservative,2023-03-31,-0.71023701282870211
2025Q3,H2,conservative,2023-04-30,-0.4119006357858484
2025Q3,H2,conservative,2023-05-31,-0.17986123142548627
2025Q3,H2,conservative,2023-06-30,-0.21300971776082234
2025Q3,H2,conservative,2023-07-31,-0.17986123142362859
2025Q3,H2,conservative,2023-08-31,-0.14671274508450532
2025Q3,H2,conservative,2023-09-30,-0.17986123142127619
2025Q3,H2,conservative,2023-10-31,-0.14671274508482696
2025Q3,H2,conservative,2023-11-30,-0.080415772408616748
2025Q3,H2,conservative,2023-12-31,-0.080415772407238906
2025Q3,H2,conservative,2024-01-31,3.4333237793139073
2025Q3,H2,conservative,2024-02-29,3.3670268066435174
2025Q3,H2,conservative,2024-03-31,0.08532665928870653
2025Q3,H2,conservative,2024-04-30,1.1792267083904067
2025Q3,H2,conservative,2024-05-31,0.71514789967909442
2025Q3,H2,conservative,2024-06-30,0.5162569816592939
2025Q3,H2,conservative,2024-07-31,0.2842175773021236
2025Q3,H2,conservative,2024-08-31,0.21792060462734686
2025Q3,H2,conservative,2024-09-30,0.25106909096399777
2025Q3,H2,conservative,2024-10-31,0.21792060462829027
2025Q3,H2,conservative,2024-11-30,0.18477211829160606
2025Q3,H2,conservative,2024-12-31,0.18477211829148801
2025Q3,H2,conservative,2025-01-31,-0.64394004011970318
2025Q3,H2,conservative,2025-02-28,-0.080415772401742358
2025Q3,H2,conservative,2025-03-31,0.085326659281534559
2025Q3,H2,conservative,2025-04-30,0.019029686607174016
2025Q3,H2,conservative,2025-05-31,0.052178172943616742
2025Q3,H2,conservative,2025-06-30,0.11847514561908029
2025Q3,H2,conservative,2025-07-31,0.072391426264422423
2025Q3,H2,conservative,2025-08-31,0.044233063139222074
2025Q3,H2,conservative,2025-09-30,0.027027563561625556
2025Q3,H2,standard,2021-01-31,-2.4671067886868361
2025Q3,H2,standard,2021-02-28,-1.7378400892930796
2025Q3,H2,standard,2021-03-31,-0.80968247183882713
2025Q3,H2,standard,2021-04-30,0.11847514560250799
2025Q3,H2,standard,2021-05-31,0.64885092699662861
2025Q3,H2,standard,2021-06-30,0.74829638600850024
2025Q3,H2,standard,2021-07-31,0.88089033135531836
2025Q3,H2,standard,2021-08-31,0.98033579036832941
2025Q3,H2,standard,2021-09-30,0.91403881769893836
2025Q3,H2,standard,2021-10-31,1.0797812493848142
2025Q3,H2,standard,2021-11-30,1.0134842767132053
2025Q3,H2,standard,2021-12-31,0.81459335869792371
2025Q3,H2,standard,2022-01-31,0.74829638602182391
2025Q3,H2,standard,2022-02-28,0.38366303631359733
2025Q3,H2,standard,2022-03-31,-0.17986123141333582
2025Q3,H2,standard,2022-04-30,-0.11356425874513462
2025Q3,H2,standard,2022-05-31,-0.080415772409077046
2025Q3,H2,standard,2022-06-30,-0.37875214943856256
2025Q3,H2,standard,2022-07-31,-0.24615820408835315
2025Q3,H2,standard,2022-08-31,-0.24615820408832534
2025Q3,H2,standard,2022-09-30,-0.31245517676208179
2025Q3,H2,standard,2022-10-31,-0.27930669042490974
2025Q3,H2,standard,2022-11-30,-0.27930669042426715
2025Q3,H2,standard,2022-12-31,-0.3456036630958047
2025Q3,H2,standard,2023-01-31,-5.3510251000362929
2025Q3,H2,standard,2023-02-28,-3.362115919801087
2025Q3,H2,standard,2023-03-31,-0.71023701282870211
2025Q3,H2,standard,2023-04-30,-0.4119006357858484
2025Q3,H2,standard,2023-05-31,-0.17986123142548627
2025Q3,H2,standard,2023-06-30,-0.21300971776082234
2025Q3,H2,standard,2023-07-31,-0.17986123142362859
2025Q3,H2,standard,2023-08-31,-0.14671274508450532
2025Q3,H2,standard,2023-09-30,-0.17986123142127619
2025Q3,H2,standard,2023-10-31,-0.14671274508482696
2025Q3,H2,standard,2023-11-30,-0.080415772408616748
2025Q3,H2,standard,2023-12-31,-0.080415772407238906
2025Q3,H2,standard,2024-01-31,3.4333237793139073
2025Q3,H2,standard,2024-02-29,3.3670268066435174
2025Q3,H2,standard,2024-03-31,0.08532665928870653
2025Q3,H2,standard,2024-04-30,1.1792267083904067
2025Q3,H2,standard,2024-05-31,0.71514789967909442
2025Q3,H2,standard,2024-06-30,0.5162569816592939
2025Q3,H2,standard,2024-07-31,0.2842175773021236
2025Q3,H2,standard,2024-08-31,0.21792060462734686
2025Q3,H2,standard,2024-09-30,0.25106909096399777
2025Q3,H2,standard,2024-10-31,0.21792060462829027
2025Q3,H2,standard,2024-11-30,0.18477211829160606
2025Q3,H2,standard,2024-12-31,0.18477211829148801
2025Q3,H2,standard,2025-01-31,-0.64394004011970318
2025Q3,H2,standard,2025-02-28,-0.080415772401742358
2025Q3,H2,standard,2025-03-31,0.085326659281534559
2025Q3,H2,standard,2025-04-30,0.019029686607174016
2025Q3,H2,standard,2025-05-31,0.052178172943616742
2025Q3,H2,standard,2025-06-30,0.11847514561908029
2025Q3,H2,standard,2025-07-31,0.54871514787036124
2025Q3,H2,standard,2025-08-31,0.33527936985993179
2025Q3,H2,standard,2025-09-30,0.20486450262938855
2025Q3,H3,conservative,2021-01-31,-2.4671067886868361
2025Q3,H3,conservative,2021-02-28,-1.7378400892930796
2025Q3,H3,conservative,2021-03-31,-0.80968247183882713
2025Q3,H3,conservative,2021-04-30,0.11847514560250799
2025Q3,H3,conservative,2021-05-31,0.64885092699662861
2025Q3,H3,conservative,2021-06-30,0.74829638600850024
2025Q3,H3,conservative,2021-07-31,0.88089033135531836
2025Q3,H3,conservative,2021-08-31,0.98033579036832941
2025Q3,H3,conservative,2021-09-30,0.91403881769893836
2025Q3,H3,conservative,2021-10-31,1.0797812493848142
2025Q3,H3,conservative,2021-11-30,1.0134842767132053
2025Q3,H3,conservative,2021-12-31,0.81459335869792371
2025Q3,H3,conservative,2022-01-31,0.74829638602182391
2025Q3,H3,conservative,2022-02-28,0.38366303631359733
2025Q3,H3,conservative,2022-03-31,-0.17986123141333582
2025Q3,H3,conservative,2022-04-30,-0.11356425874513462
2025Q3,H3,conservative,2022-05-31,-0.080415772409077046
2025Q3,H3,conservative,2022-06-30,-0.37875214943856256
2025Q3,H3,conservative,2022-07-31,-0.24615820408835315
2025Q3,H3,conservative,2022-08-31,-0.24615820408832534
2025Q3,H3,conservative,2022-09-30,-0.31245517676208179
2025Q3,H3,conservative,2022-10-31,-0.27930669042490974
2025Q3,H3,conservative,2022-11-30,-0.27930669042426715
2025Q3,H3,conservative,2022-12-31,-0.3456036630958047
2025Q3,H3,conservative,2023-01-31,-5.3510251000362929
2025Q3,H3,conservative,2023-02-28,-3.362115919801087
2025Q3,H3,conservative,2023-03-31,-0.71023701282870211
2025Q3,H3,conservative,2023-04-30,-0.4119006357858484
2025Q3,H3,conservative,2023-05-31,-0.17986123142548627
2025Q3,H3,conservative,2023-06-30,-0.21300971776082234
2025Q3,H3,conservative,2023-07-31,-0.17986123142362859
2025Q3,H3,conservative,2023-08-31,-0.14671274508450532
2025Q3,H3,conservative,2023-09-30,-0.17986123142127619
2025Q3,H3,conservative,2023-10-31,-0.14671274508482696
2025Q3,H3,conservative,2023-11-30,-0.080415772408616748
2025Q3,H3,conservative,2023-12-31,-0.080415772407238906
2025Q3,H3,conservative,2024-01-31,3.4333237793139073
2025Q3,H3,conservative,2024-02-29,3.3670268066435174
2025Q3,H3,conservative,2024-03-31,0.08532665928870653
2025Q3,H3,conservative,2024-04-30,1.1792267083904067
2025Q3,H3,conservative,2024-05-31,0.71514789967909442
2025Q3,H3,conservative,2024-06-30,0.5162569816592939
2025Q3,H3,conservative,2024-07-31,0.2842175773021236
2025Q3,H3,conservative,2024-08-31,0.21792060462734686
2025Q3,H3,conservative,2024-09-30,0.25106909096399777
2025Q3,H3,conservative,2024-10-31,0.21792060462829027
2025Q3,H3,conservative,2024-11-30,0.18477211829160606
2025Q3,H3,conservative,2024-12-31,0.18477211829148801
2025Q3,H3,conservative,2025-01-31,-0.64394004011970318
2025Q3,H3,conservative,2025-02-28,-0.080415772401742358
2025Q3,H3,conservative,2025-03-31,0.085326659281534559
2025Q3,H3,conservative,2025-04-30,0.019029686607174016
2025Q3,H3,conservative,2025-05-31,0.052178172943616742
2025Q3,H3,conservative,2025-06-30,0.11847514561908029
2025Q3,H3,conservative,2025-07-31,0.085326659282745201
2025Q3,H3,conservative,2025-08-31,0.052136830316430162
2025Q3,H3,conservative,2025-09-30,0.031856972935467041
2025Q3,H3,standard,2021-01-31,-2.4671067886868361
2025Q3,H3,standard,2021-02-28,-1.7378400892930796
2025Q3,H3,standard,2021-03-31,-0.80968247183882713
2025Q3,H3,standard,2021-04-30,0.11847514560250799
2025Q3,H3,standard,2021-05-31,0.64885092699662861
2025Q3,H3,standard,2021-06-30,0.74829638600850024
2025Q3,H3,standard,2021-07-31,0.88089033135531836
2025Q3,H3,standard,2021-08-31,0.98033579036832941
2025Q3,H3,standard,2021-09-30,0.91403881769893836
2025Q3,H3,standard,2021-10-31,1.0797812493848142
2025Q3,H3,standard,2021-11-30,1.0134842767132053
2025Q3,H3,standard,2021-12-31,0.81459335869792371
2025Q3,H3,standard,2022-01-31,0.74829638602182391
2025Q3,H3,standard,2022-02-28,0.38366303631359733
2025Q3,H3,standard,2022-03-31,-0.17986123141333582
2025Q3,H3,standard,2022-04-30,-0.11356425874513462
2025Q3,H3,standard,2022-05-31,-0.080415772409077046
2025Q3,H3,standard,2022-06-30,-0.37875214943856256
2025Q3,H3,standard,2022-07-31,-0.24615820408835315
2025Q3,H3,standard,2022-08-31,-0.24615820408832534
2025Q3,H3,standard,2022-09-30,-0.31245517676208179
2025Q3,H3,standard,2022-10-31,-0.27930669042490974
2025Q3,H3,standard,2022-11-30,-0.27930669042426715
2025Q3,H3,standard,2022-12-31,-0.3456036630958047
2025Q3,H3,standard,2023-01-31,-5.3510251000362929
2025Q3,H3,standard,2023-02-28,-3.362115919801087
2025Q3,H3,standard,2023-03-31,-0.71023701282870211
2025Q3,H3,standard,2023-04-30,-0.4119006357858484
2025Q3,H3,standard,2023-05-31,-0.17986123142548627
2025Q3,H3,standard,2023-06-30,-0.21300971776082234
2025Q3,H3,standard,2023-07-31,-0.17986123142362859
2025Q3,H3,standard,2023-08-31,-0.14671274508450532
2025Q3,H3,standard,2023-09-30,-0.17986123142127619
2025Q3,H3,standard,2023-10-31,-0.14671274508482696
2025Q3,H3,standard,2023-11-30,-0.080415772408616748
2025Q3,H3,standard,2023-12-31,-0.080415772407238906
2025Q3,H3,standard,2024-01-31,3.4333237793139073
2025Q3,H3,standard,2024-02-29,3.3670268066435174
2025Q3,H3,standard,2024-03-31,0.08532665928870653
2025Q3,H3,standard,2024-04-30,1.1792267083904067
2025Q3,H3,standard,2024-05-31,0.71514789967909442
2025Q3,H3,standard,2024-06-30,0.5162569816592939
2025Q3,H3,standard,2024-07-31,0.2842175773021236
2025Q3,H3,standard,2024-08-31,0.21792060462734686
2025Q3,H3,standard,2024-09-30,0.25106909096399777
2025Q3,H3,standard,2024-10-31,0.21792060462829027
2025Q3,H3,standard,2024-11-30,0.18477211829160606
2025Q3,H3,standard,2024-12-31,0.18477211829148801
2025Q3,H3,standard,2025-01-31,-0.64394004011970318
2025Q3,H3,standard,2025-02-28,-0.080415772401742358
2025Q3,H3,standard,2025-03-31,0.085326659281534559
2025Q3,H3,standard,2025-04-30,0.019029686607174016
2025Q3,H3,standard,2025-05-31,0.052178172943616742
2025Q3,H3,standard,2025-06-30,0.11847514561908029
2025Q3,H3,standard,2025-07-31,0.085326659282745201
2025Q3,H3,standard,2025-08-31,0.65146071390156846
2025Q3,H3,standard,2025-09-30,0.39805960978686727
2025Q4,H1,conservative,2021-01-31,-2.5148389397262538
2025Q4,H1,conservative,2021-02-28,-1.7722019493523335
2025Q4,H1,conservative,2021-03-31,-0.82702757622529144
2025Q4,H1,conservative,2021-04-30,0.11814679071965883
2025Q4,H1,conservative,2021-05-31,0.65824642852409665
2025Q4,H1,conservative,2021-06-30,0.7595151107892506
2025Q4,H1,conservative,2021-07-31,0.89454001936014005
2025Q4,H1,conservative,2021-08-31,0.99580870223544249
2025Q4,H1,conservative,2021-09-30,0.92829624994032822
2025Q4,H1,conservative,2021-10-31,1.097077386831526
2025Q4,H1,conservative,2021-11-30,1.0295649334502592
2025Q4,H1,conservative,2021-12-31,0.8270275730657568
2025Q4,H1,conservative,2022-01-31,0.75951511753188883
2025Q4,H1,conservative,2022-02-28,0.38819661666160593
2025Q4,H1,conservative,2022-03-31,-0.18565924634773426
2025Q4,H1,conservative,2022-04-30,-0.11814679463341138
2025Q4,H1,conservative,2022-05-31,-0.084390567822207455
2025Q4,H1,conservative,2022-06-30,-0.38819661170818348
2025Q4,H1,conservative,2022-07-31,-0.25317170145162271
2025Q4,H1,conservative,2022-08-31,-0.25317170142580625
2025Q4,H1,conservative,2022-09-30,-0.32068415590034421
2025Q4,H1,conservative,2022-10-31,-0.28692792850408216
2025Q4,H1,conservative,2022-11-30,-0.28692792818128898
2025Q4,H1,conservative,2022-12-31,-0.35444038154219565
2025Q4,H1,conservative,2023-01-31,-5.451630728994437
2025Q4,H1,conservative,2023-02-28,-3.4262570842799285
2025Q4,H1,conservative,2023-03-31,-0.72575889481512101
2025Q4,H1,conservative,2023-04-30,-0.42195284418101203
2025Q4,H1,conservative,2023-05-31,-0.18565925244699588
2025Q4,H1,conservative,2023-06-30,-0.21941547891516072
2025Q4,H1,conservative,2023-07-31,-0.18565925152869572
2025Q4,H1,conservative,2023-08-31,-0.15190302319544102
2025Q4,H1,conservative,2023-09-30,-0.18565925036465725
2025Q4,H1,conservative,2023-10-31,-0.15190302334940761
2025Q4,H1,conservative,2023-11-30,-0.084390567666897037
2025Q4,H1,conservative,2023-12-31,-0.084390566953550183
2025Q4,H1,conservative,2024-01-31,3.4937695253232777
2025Q4,H1,conservative,2024-02-29,3.4262570727074539
2025Q4,H1,conservative,2024-03-31,0.084390575081209285
2025Q4,H1,conservative,2024-04-30,1.1983460659481178
2025Q4,H1,conservative,2024-05-31,0.72575888723794979
2025Q4,H1,conservative,2024-06-30,0.52322152453976356
2025Q4,H1,conservative,2024-07-31,0.28692793441465048
2025Q4,H1,conservative,2024-08-31,0.2194154794459281
2025Q4,H1,conservative,2024-09-30,0.25317170656390603
2025Q4,H1,conservative,2024-10-31,0.21941547991762511
2025Q4,H1,conservative,2024-11-30,0.18565925278868606
2025Q4,H1,conservative,2024-12-31,0.185659252735206
2025Q4,H1,conservative,2025-01-31,-0.65824642276102197
2025Q4,H1,conservative,2025-02-28,-0.084390564269409496
2025Q4,H1,conservative,2025-03-31,0.084390571348582882
2025Q4,H1,conservative,2025-04-30,0.016878116593338884
2025Q4,H1,conservative,2025-05-31,0.050634343607182976
2025Q4,H1,conservative,2025-06-30,0.11814679892071966
2025Q4,H1,conservative,2025-07-31,0.084390571963432914
2025Q4,H1,conservative,2025-08-31,0.050634345567952765
2025Q4,H1,conservative,2025-09-30,0.030962865522473813
2025Q4,H1,conservative,2025-10-31,0.018933769768510102
2025Q4,H1,conservative,2025-11-30,0.011577986455638145
2025Q4,H1,conservative,2025-12-31,0.0070799303047344867
2025Q4,H1,standard,2021-01-31,-2.4994381198385525
2025Q4,H1,standard,2021-02-28,-1.8722880329709246
2025Q4,H1,standard,2021-03-31,-0.87443722482175157
2025Q4,H1,standard,2021-04-30,0.06859853392079851
2025Q4,H1,standard,2021-05-31,0.60244122396261535
2025Q4,H1,standard,2021-06-30,0.70360888887508588
2025Q4,H1,standard,2021-07-31,0.82888886935511696
2025Q4,H1,standard,2021-08-31,0.9362005294726492
2025Q4,H1,standard,2021-09-30,0.89211353083044931
2025Q4,H1,standard,2021-10-31,1.0602836069977943
2025Q4,H1,standard,2021-11-30,1.0059161229587188
2025Q4,H1,standard,2021-12-31,0.84128449789506732
2025Q4,H1,standard,2022-01-31,0.76792115849806275
2025Q4,H1,standard,2022-02-28,0.40140411294403072
2025Q4,H1,standard,2022-03-31,-0.14612713971698882
2025Q4,H1,standard,2022-04-30,-0.10651839622482506
2025Q4,H1,standard,2022-05-31,-0.078793474493933771
2025Q4,H1,standard,2022-06-30,-0.35734746422067643
2025Q4,H1,standard,2022-07-31,-0.21554081379954346
2025Q4,H1,standard,2022-08-31,-0.21528759650796514
2025Q4,H1,standard,2022-09-30,-0.27978345156133455
2025Q4,H1,standard,2022-10-31,-0.24590084349800903
2025Q4,H1,standard,2022-11-30,-0.24290109713070843
2025Q4,H1,standard,2022-12-31,-0.29690859539078046
2025Q4,H1,standard,2023-01-31,-5.4872543513179179
2025Q4,H1,standard,2023-02-28,-3.4529259021162866
2025Q4,H1,standard,2023-03-31,-0.77800636513482191
2025Q4,H1,standard,2023-04-30,-0.43903427268397577
2025Q4,H1,standard,2023-05-31,-0.20306494665390196
2025Q4,H1,standard,2023-06-30,-0.2283377091192568
2025Q4,H1,standard,2023-07-31,-0.19454906606388875
2025Q4,H1,standard,2023-08-31,-0.15213326856545323
2025Q4,H1,standard,2023-09-30,-0.1836029538170682
2025Q4,H1,standard,2023-10-31,-0.15339097339183377
2025Q4,H1,standard,2023-11-30,-0.077706665010924617
2025Q4,H1,standard,2023-12-31,-0.07089426976438272
2025Q4,H1,standard,2024-01-31,3.3932745741990575
2025Q4,H1,standard,2024-02-29,3.3416476070912617
2025Q4,H1,standard,2024-03-31,0.14073623502174182
2025Q4,H1,standard,2024-04-30,1.1346983310809073
2025Q4,H1,standard,2024-05-31,0.70515333550276038
2025Q4,H1,standard,2024-06-30,0.51951683183831077
2025Q4,H1,standard,2024-07-31,0.29935943527851783
2025Q4,H1,standard,2024-08-31,0.23074009876327178
2025Q4,H1,standard,2024-09-30,0.26189904600428032
2025Q4,H1,standard,2024-10-31,0.23513485819255103
2025Q4,H1,standard,2024-11-30,0.20406441304514031
2025Q4,H1,standard,2024-12-31,0.20364982719429736
2025Q4,H1,standard,2025-01-31,-0.55151379372673859
2025Q4,H1,standard,2025-02-28,-0.043861336222980496
2025Q4,H1,standard,2025-03-31,0.11049428810444817
2025Q4,H1,standard,2025-04-30,0.043045885222512459
2025Q4,H1,standard,2025-05-31,0.073253180988691657
2025Q4,H1,standard,2025-06-30,0.14548488643201352
2025Q4,H1,standard,2025-07-31,0.11589454340334802
2025Q4,H1,standard,2025-08-31,0.091626810145808341
2025Q4,H1,standard,2025-09-30,0.92701967005071972
2025Q4,H1,standard,2025-10-31,0.56946381810484359
2025Q4,H1,standard,2025-11-30,0.34981894193550783
2025Q4,H1,standard,2025-12-31,0.21489212878200478
2025Q4,H2,conservative,2021-01-31,-2.5398657979919035
2025Q4,H2,conservative,2021-02-28,-1.7908085804322669
2025Q4,H2,conservative,2021-03-31,-0.83746285194254133
2025Q4,H2,conservative,2021-04-30,0.1158828272151412
2025Q4,H2,conservative,2021-05-31,0.66065178312133632
2025Q4,H2,conservative,2021-06-30,0.76279596337023525
2025Q4,H2,conservative,2021-07-31,0.898988194846009
2025Q4,H2,conservative,2021-08-31,1.0011323804692824
2025Q4,H2,conservative,2021-09-30,0.93303628114710058
2025Q4,H2,conservative,2021-10-31,1.1032765802779285
2025Q4,H2,conservative,2021-11-30,1.0351804720949596
2025Q4,H2,conservative,2021-12-31,0.83089214545541368
2025Q4,H2,conservative,2022-01-31,0.76279602006243064
2025Q4,H2,conservative,2022-02-28,0.38826736393838762
2025Q4,H2,conservative,2022-03-31,-0.19054963376091757
2025Q4,H2,conservative,2022-04-30,-0.12245353917167041
2025Q4,H2,conservative,2022-05-31,-0.088405484129177772
2025Q4,H2,conservative,2022-06-30,-0.3948380018375709
2025Q4,H2,conservative,2022-07-31,-0.25864575642497983
2025Q4,H2,conservative,2022-08-31,-0.25864575611860829
2025Q4,H2,conservative,2022-09-30,-0.32674187354316275
2025Q4,H2,conservative,2022-10-31,-0.29269381341069639
2025Q4,H2,conservative,2022-11-30,-0.2926938107141448
2025Q4,H2,conservative,2022-12-31,-0.36078991884520828
2025Q4,H2,conservative,2023-01-31,-5.5020470622915951
2025Q4,H2,conservative,2023-02-28,-3.4591634584333768
2025Q4,H2,conservative,2023-03-31,-0.7353186787035404
2025Q4,H2,conservative,2023-04-30,-0.42888610433782492
2025Q4,H2,conservative,2023-05-31,-0.19054968468548639
2025Q4,H2,conservative,2023-06-30,-0.22459773702072947
2025Q4,H2,conservative,2023-07-31,-0.19054967712344112
2025Q4,H2,conservative,2023-08-31,-0.15650160950336339
2025Q4,H2,conservative,2023-09-30,-0.19054966753216582
2025Q4,H2,conservative,2023-10-31,-0.15650161073271254
2025Q4,H2,conservative,2023-11-30,-0.088405483401610391
2025Q4,H2,conservative,2023-12-31,-0.088405477283368783
2025Q4,H2,conservative,2024-01-31,3.5206887819110677
2025Q4,H2,conservative,2024-02-29,3.452592681343575
2025Q4,H2,conservative,2024-03-31,0.081834865509917254
2025Q4,H2,conservative,2024-04-30,1.2054207342487404
2025Q4,H2,conservative,2024-05-31,0.72874793495403156
2025Q4,H2,conservative,2024-06-30,0.5244595886363741
2025Q4,H2,conservative,2024-07-31,0.28612318246412105
2025Q4,H2,conservative,2024-08-31,0.21802706106264047
2025Q4,H2,conservative,2024-09-30,0.2520751187304921
2025Q4,H2,conservative,2024-10-31,0.21802706498586621
2025Q4,H2,conservative,2024-11-30,0.1839790072494922
2025Q4,H2,conservative,2024-12-31,0.18397900684553847
2025Q4,H2,conservative,2025-01-31,-0.66722241531474968
2025Q4,H2,conservative,2025-02-28,-0.088405455451430359
2025Q4,H2,conservative,2025-03-31,0.081834833301304075
2025Q4,H2,conservative,2025-04-30,0.013738713704258443
2025Q4,H2,conservative,2025-05-31,0.047786770523880098
2025Q4,H2,conservative,2025-06-30,0.11588289480015007
2025Q4,H2,conservative,2025-07-31,0.081834838490656189
2025Q4,H2,conservative,2025-08-31,0.047786786777936095
2025Q4,H2,conservative,2025-09-30,0.18397903759165343
2025Q4,H2,conservative,2025-10-31,0.11255832618357391
2025Q4,H2,conservative,2025-11-30,0.068863153971746777
2025Q4,H2,conservative,2025-12-31,0.042130459253653531
2025Q4,H2,standard,2021-01-31,-2.5398657979919035
2025Q4,H2,standard,2021-02-28,-1.7908085804322669
2025Q4,H2,standard,2021-03-31,-0.83746285194254133
2025Q4,H2,standard,2021-04-30,0.1158828272151412
2025Q4,H2,standard,2021-05-31,0.66065178312133632
2025Q4,H2,standard,2021-06-30,0.76279596337023525
2025Q4,H2,standard,2021-07-31,0.898988194846009
2025Q4,H2,standard,2021-08-31,1.0011323804692824
2025Q4,H2,standard,2021-09-30,0.93303628114710058
2025Q4,H2,standard,2021-10-31,1.1032765802779285
2025Q4,H2,standard,2021-11-30,1.0351804720949596
2025Q4,H2,standard,2021-12-31,0.83089214545541368
2025Q4,H2,standard,2022-01-31,0.76279602006243064
2025Q4,H2,standard,2022-02-28,0.38826736393838762
2025Q4,H2,standard,2022-03-31,-0.19054963376091757
2025Q4,H2,standard,2022-04-30,-0.12245353917167041
2025Q4,H2,standard,2022-05-31,-0.088405484129177772
2025Q4,H2,standard,2022-06-30,-0.3948380018375709
2025Q4,H2,standard,2022-07-31,-0.25864575642497983
2025Q4,H2,standard,2022-08-31,-0.25864575611860829
2025Q4,H2,standard,2022-09-30,-0.32674187354316275
2025Q4,H2,standard,2022-10-31,-0.29269381341069639
2025Q4,H2,standard,2022-11-30,-0.2926938107141448
2025Q4,H2,standard,2022-12-31,-0.36078991884520828
2025Q4,H2,standard,2023-01-31,-5.5020470622915951
2025Q4,H2,standard,2023-02-28,-3.4591634584333768
2025Q4,H2,standard,2023-03-31,-0.7353186787035404
2025Q4,H2,standard,2023-04-30,-0.42888610433782492
2025Q4,H2,standard,2023-05-31,-0.19054968468548639
2025Q4,H2,standard,2023-06-30,-0.22459773702072947
2025Q4,H2,standard,2023-07-31,-0.19054967712344112
2025Q4,H2,standard,2023-08-31,-0.15650160950336339
2025Q4,H2,standard,2023-09-30,-0.19054966753216582
2025Q4,H2,standard,2023-10-31,-0.15650161073271254
2025Q4,H2,standard,2023-11-30,-0.088405483401610391
2025Q4,H2,standard,2023-12-31,-0.088405477283368783
2025Q4,H2,standard,2024-01-31,3.5206887819110677
2025Q4,H2,standard,2024-02-29,3.452592681343575
2025Q4,H2,standard,2024-03-31,0.081834865509917254
2025Q4,H2,standard,2024-04-30,1.2054207342487404
2025Q4,H2,standard,2024-05-31,0.72874793495403156
2025Q4,H2,standard,2024-06-30,0.5244595886363741
2025Q4,H2,standard,2024-07-31,0.28612318246412105
2025Q4,H2,standard,2024-08-31,0.21802706106264047
2025Q4,H2,standard,2024-09-30,0.2520751187304921
2025Q4,H2,standard,2024-10-31,0.21802706498586621
2025Q4,H2,standard,2024-11-30,0.1839790072494922
2025Q4,H2,standard,2024-12-31,0.18397900684553847
2025Q4,H2,standard,2025-01-31,-0.66722241531474968
2025Q4,H2,standard,2025-02-28,-0.088405455451430359
2025Q4,H2,standard,2025-03-31,0.081834833301304075
2025Q4,H2,standard,2025-04-30,0.013738713704258443
2025Q4,H2,standard,2025-05-31,0.047786770523880098
2025Q4,H2,standard,2025-06-30,0.11588289480015007
2025Q4,H2,standard,2025-07-31,0.081834838490656189
2025Q4,H2,standard,2025-08-31,0.047786786777936095
2025Q4,H2,standard,2025-09-30,0.18397903759165343
2025Q4,H2,standard,2025-10-31,0.86799024162101335
2025Q4,H2,standard,2025-11-30,0.53103619857705719
2025Q4,H2,standard,2025-12-31,0.32488780481278712
2025Q4,H3,conservative,2021-01-31,-2.5398657979919035
2025Q4,H3,conservative,2021-02-28,-1.7908085804322669
2025Q4,H3,conservative,2021-03-31,-0.83746285194254133
2025Q4,H3,conservative,2021-04-30,0.1158828272151412
2025Q4,H3,conservative,2021-05-31,0.66065178312133632
2025Q4,H3,conservative,2021-06-30,0.76279596337023525
2025Q4,H3,conservative,2021-07-31,0.898988194846009
2025Q4,H3,conservative,2021-08-31,1.0011323804692824
2025Q4,H3,conservative,2021-09-30,0.93303628114710058
2025Q4,H3,conservative,2021-10-31,1.1032765802779285
2025Q4,H3,conservative,2021-11-30,1.0351804720949596
2025Q4,H3,conservative,2021-12-31,0.83089214545541368
2025Q4,H3,conservative,2022-01-31,0.76279602006243064
2025Q4,H3,conservative,2022-02-28,0.38826736393838762
2025Q4,H3,conservative,2022-03-31,-0.19054963376091757
2025Q4,H3,conservative,2022-04-30,-0.12245353917167041
2025Q4,H3,conservative,2022-05-31,-0.088405484129177772
2025Q4,H3,conservative,2022-06-30,-0.3948380018375709
2025Q4,H3,conservative,2022-07-31,-0.25864575642497983
2025Q4,H3,conservative,2022-08-31,-0.25864575611860829
2025Q4,H3,conservative,2022-09-30,-0.32674187354316275
2025Q4,H3,conservative,2022-10-31,-0.29269381341069639
2025Q4,H3,conservative,2022-11-30,-0.2926938107141448
2025Q4,H3,conservative,2022-12-31,-0.36078991884520828
2025Q4,H3,conservative,2023-01-31,-5.5020470622915951
2025Q4,H3,conservative,2023-02-28,-3.4591634584333768
2025Q4,H3,conservative,2023-03-31,-0.7353186787035404
2025Q4,H3,conservative,2023-04-30,-0.42888610433782492
2025Q4,H3,conservative,2023-05-31,-0.19054968468548639
2025Q4,H3,conservative,2023-06-30,-0.22459773702072947
2025Q4,H3,conservative,2023-07-31,-0.19054967712344112
2025Q4,H3,conservative,2023-08-31,-0.15650160950336339
2025Q4,H3,conservative,2023-09-30,-0.19054966753216582
2025Q4,H3,conservative,2023-10-31,-0.15650161073271254
2025Q4,H3,conservative,2023-11-30,-0.088405483401610391
2025Q4,H3,conservative,2023-12-31,-0.088405477283368783
2025Q4,H3,conservative,2024-01-31,3.5206887819110677
2025Q4,H3,conservative,2024-02-29,3.452592681343575
2025Q4,H3,conservative,2024-03-31,0.081834865509917254
2025Q4,H3,conservative,2024-04-30,1.2054207342487404
2025Q4,H3,conservative,2024-05-31,0.72874793495403156
2025Q4,H3,conservative,2024-06-30,0.5244595886363741
2025Q4,H3,conservative,2024-07-31,0.28612318246412105
2025Q4,H3,conservative,2024-08-31,0.21802706106264047
2025Q4,H3,conservative,2024-09-30,0.2520751187304921
2025Q4,H3,conservative,2024-10-31,0.21802706498586621
2025Q4,H3,conservative,2024-11-30,0.1839790072494922
2025Q4,H3,conservative,2024-12-31,0.18397900684553847
2025Q4,H3,conservative,2025-01-31,-0.66722241531474968
2025Q4,H3,conservative,2025-02-28,-0.088405455451430359
2025Q4,H3,conservative,2025-03-31,0.081834833301304075
2025Q4,H3,conservative,2025-04-30,0.013738713704258443
2025Q4,H3,conservative,2025-05-31,0.047786770523880098
2025Q4,H3,conservative,2025-06-30,0.11588289480015007
2025Q4,H3,conservative,2025-07-31,0.081834838490656189
2025Q4,H3,conservative,2025-08-31,0.047786786777936095
2025Q4,H3,conservative,2025-09-30,0.18397903759165343
2025Q4,H3,conservative,2025-10-31,0.1499309772527645
2025Q4,H3,conservative,2025-11-30,0.091727731939197171
2025Q4,H3,conservative,2025-12-31,0.056119001962645264
2025Q4,H3,standard,2021-01-31,-2.5398657979919035
2025Q4,H3,standard,2021-02-28,-1.7908085804322669
2025Q4,H3,standard,2021-03-31,-0.83746285194254133
2025Q4,H3,standard,2021-04-30,0.1158828272151412
2025Q4,H3,standard,2021-05-31,0.66065178312133632
2025Q4,H3,standard,2021-06-30,0.76279596337023525
2025Q4,H3,standard,2021-07-31,0.898988194846009
2025Q4,H3,standard,2021-08-31,1.0011323804692824
2025Q4,H3,standard,2021-09-30,0.93303628114710058
2025Q4,H3,standard,2021-10-31,1.1032765802779285
2025Q4,H3,standard,2021-11-30,1.0351804720949596
2025Q4,H3,standard,2021-12-31,0.83089214545541368
2025Q4,H3,standard,2022-01-31,0.76279602006243064
2025Q4,H3,standard,2022-02-28,0.38826736393838762
2025Q4,H3,standard,2022-03-31,-0.19054963376091757
2025Q4,H3,standard,2022-04-30,-0.12245353917167041
2025Q4,H3,standard,2022-05-31,-0.088405484129177772
2025Q4,H3,standard,2022-06-30,-0.3948380018375709
2025Q4,H3,standard,2022-07-31,-0.25864575642497983
2025Q4,H3,standard,2022-08-31,-0.25864575611860829
2025Q4,H3,standard,2022-09-30,-0.32674187354316275
2025Q4,H3,standard,2022-10-31,-0.29269381341069639
2025Q4,H3,standard,2022-11-30,-0.2926938107141448
2025Q4,H3,standard,2022-12-31,-0.36078991884520828
2025Q4,H3,standard,2023-01-31,-5.5020470622915951
2025Q4,H3,standard,2023-02-28,-3.4591634584333768
2025Q4,H3,standard,2023-03-31,-0.7353186787035404
2025Q4,H3,standard,2023-04-30,-0.42888610433782492
2025Q4,H3,standard,2023-05-31,-0.19054968468548639
2025Q4,H3,standard,2023-06-30,-0.22459773702072947
2025Q4,H3,standard,2023-07-31,-0.19054967712344112
2025Q4,H3,standard,2023-08-31,-0.15650160950336339
2025Q4,H3,standard,2023-09-30,-0.19054966753216582
2025Q4,H3,standard,2023-10-31,-0.15650161073271254
2025Q4,H3,standard,2023-11-30,-0.088405483401610391
2025Q4,H3,standard,2023-12-31,-0.088405477283368783
2025Q4,H3,standard,2024-01-31,3.5206887819110677
2025Q4,H3,standard,2024-02-29,3.452592681343575
2025Q4,H3,standard,2024-03-31,0.081834865509917254
2025Q4,H3,standard,2024-04-30,1.2054207342487404
2025Q4,H3,standard,2024-05-31,0.72874793495403156
2025Q4,H3,standard,2024-06-30,0.5244595886363741
2025Q4,H3,standard,2024-07-31,0.28612318246412105
2025Q4,H3,standard,2024-08-31,0.21802706106264047
2025Q4,H3,standard,2024-09-30,0.2520751187304921
2025Q4,H3,standard,2024-10-31,0.21802706498586621
2025Q4,H3,standard,2024-11-30,0.1839790072494922
2025Q4,H3,standard,2024-12-31,0.18397900684553847
2025Q4,H3,standard,2025-01-31,-0.66722241531474968
2025Q4,H3,standard,2025-02-28,-0.088405455451430359
2025Q4,H3,standard,2025-03-31,0.081834833301304075
2025Q4,H3,standard,2025-04-30,0.013738713704258443
2025Q4,H3,standard,2025-05-31,0.047786770523880098
2025Q4,H3,standard,2025-06-30,0.11588289480015007
2025Q4,H3,standard,2025-07-31,0.081834838490656189
2025Q4,H3,standard,2025-08-31,0.047786786777936095
2025Q4,H3,standard,2025-09-30,0.18397903759165343
2025Q4,H3,standard,2025-10-31,0.1499309772527645
2025Q4,H3,standard,2025-11-30,0.95261773246110115
2025Q4,H3,standard,2025-12-31,0.58281127492688678
2026Q1,H1,conservative,2021-01-31,-2.5220239533442532
2026Q1,H1,conservative,2021-02-28,-2.2440539033632474
2026Q1,H1,conservative,2021-03-31,-1.0874390507270473
2026Q1,H1,conservative,2021-04-30,-0.10801987715788497
2026Q1,H1,conservative,2021-05-31,0.42334366577788096
2026Q1,H1,conservative,2021-06-30,0.51335389467086667
2026Q1,H1,conservative,2021-07-31,0.60726386197338211
2026Q1,H1,conservative,2021-08-31,0.73428830727715266
2026Q1,H1,conservative,2021-09-30,0.7653293696049035
2026Q1,H1,conservative,2021-10-31,0.94138272292815739
2026Q1,H1,conservative,2021-11-30,0.92873664711868587
2026Q1,H1,conservative,2021-12-31,0.89128944392199705
2026Q1,H1,conservative,2022-01-31,0.81980781939448943
2026Q1,H1,conservative,2022-02-28,0.45133419365405147
2026Q1,H1,conservative,2022-03-31,-0.032951758535484099
2026Q1,H1,conservative,2022-04-30,-0.070774981583368812
2026Q1,H1,conservative,2022-05-31,-0.069180367618997332
2026Q1,H1,conservative,2022-06-30,-0.27626691364229633
2026Q1,H1,conservative,2022-07-31,-0.1006514557251687
2026Q1,H1,conservative,2022-08-31,-0.097764455601218769
2026Q1,H1,conservative,2022-09-30,-0.15601275587131344
2026Q1,H1,conservative,2022-10-31,-0.11641224219910153
2026Q1,H1,conservative,2022-11-30,-0.10306319672585115
2026Q1,H1,conservative,2022-12-31,-0.11390776521776258
2026Q1,H1,conservative,2023-01-31,-5.7437216286850683
2026Q1,H1,conservative,2023-02-28,-3.6214806933473436
2026Q1,H1,conservative,2023-03-31,-0.97444295719722662
2026Q1,H1,conservative,2023-04-30,-0.53114653268700152
2026Q1,H1,conservative,2023-05-31,-0.28507074638015928
2026Q1,H1,conservative,2023-06-30,-0.28653945388609703
2026Q1,H1,conservative,2023-07-31,-0.24983567145402757
2026Q1,H1,conservative,2023-08-31,-0.17999563419481759
2026Q1,H1,conservative,2023-09-30,-0.2024513800494433
2026Q1,H1,conservative,2023-10-31,-0.1825619736714823
2026Q1,H1,conservative,2023-11-30,-0.078439930321974424
2026Q1,H1,conservative,2023-12-31,-0.044115109369471342
2026Q1,H1,conservative,2024-01-31,3.1212062293970497
2026Q1,H1,conservative,2024-02-29,3.0802493398554014
2026Q1,H1,conservative,2024-03-31,0.27256187971502754
2026Q1,H1,conservative,2024-04-30,0.94495159650076133
2026Q1,H1,conservative,2024-05-31,0.61848051327402398
2026Q1,H1,conservative,2024-06-30,0.48870127654509365
2026Q1,H1,conservative,2024-07-31,0.32180513695632168
2026Q1,H1,conservative,2024-08-31,0.25399976941259067
2026Q1,H1,conservative,2024-09-30,0.27837906789114841
2026Q1,H1,conservative,2024-10-31,0.27359845163477331
2026Q1,H1,conservative,2024-11-30,0.25273413435556114
2026Q1,H1,conservative,2024-12-31,0.25273004742281469
2026Q1,H1,conservative,2025-01-31,-0.24306439675060929
2026Q1,H1,conservative,2025-02-28,0.090911077453147054
2026Q1,H1,conservative,2025-03-31,0.18740266286380056
2026Q1,H1,conservative,2025-04-30,0.11349981194802986
2026Q1,H1,conservative,2025-05-31,0.13358507538307435
2026Q1,H1,conservative,2025-06-30,0.22272103033043561
2026Q1,H1,conservative,2025-07-31,0.20669202733828923
2026Q1,H1,conservative,2025-08-31,0.21396750959660524
2026Q1,H1,conservative,2025-09-30,0.4068657613862009
2026Q1,H1,conservative,2025-10-31,0.37035301065649451
2026Q1,H1,conservative,2025-11-30,0.4236996879194268
2026Q1,H1,conservative,2025-12-31,0.26188144796468577
2026Q1,H1,conservative,2026-01-31,0.16186439297336078
2026Q1,H1,conservative,2026-02-28,0.100045581373781
2026Q1,H1,conservative,2026-03-31,0.061836443263127733
2026Q1,H1,standard,2021-01-31,-2.4983539748905672
2026Q1,H1,standard,2021-02-28,-2.3849047211746321
2026Q1,H1,standard,2021-03-31,-1.1748095918485724
2026Q1,H1,standard,2021-04-30,-0.19121771045304903
2026Q1,H1,standard,2021-05-31,0.32816661844076123
2026Q1,H1,standard,2021-06-30,0.40749910152060909
2026Q1,H1,standard,2021-07-31,0.48405160063394453
2026Q1,H1,standard,2021-08-31,0.61772509185881574
2026Q1,H1,standard,2021-09-30,0.68424582062016359
2026Q1,H1,standard,2021-10-31,0.86417496591862419
2026Q1,H1,standard,2021-11-30,0.87099547020057555
2026Q1,H1,standard,2021-12-31,0.89664187750543167
2026Q1,H1,standard,2022-01-31,0.8312007071869103
2026Q1,H1,standard,2022-02-28,0.46598451305474309
2026Q1,H1,standard,2022-03-31,0.019073340458613863
2026Q1,H1,standard,2022-04-30,-0.050412123058865485
2026Q1,H1,standard,2022-05-31,-0.063017668273948085
2026Q1,H1,standard,2022-06-30,-0.23446556153360021
2026Q1,H1,standard,2022-07-31,-0.040970934096526856
2026Q1,H1,standard,2022-08-31,-0.036813491276436641
2026Q1,H1,standard,2022-09-30,-0.091491440469199242
2026Q1,H1,standard,2022-10-31,-0.048827650426792331
2026Q1,H1,standard,2022-11-30,-0.030662235579735936
2026Q1,H1,standard,2022-12-31,-0.020391303432358097
2026Q1,H1,standard,2023-01-31,-5.8042909761268255
2026Q1,H1,standard,2023-02-28,-3.6356977282082692
2026Q1,H1,standard,2023-03-31,-1.0388949441134623
2026Q1,H1,standard,2023-04-30,-0.56881349524950109
2026Q1,H1,standard,2023-05-31,-0.32176052731215332
2026Q1,H1,standard,2023-06-30,-0.31328563026644751
2026Q1,H1,standard,2023-07-31,-0.27498207256409735
2026Q1,H1,standard,2023-08-31,-0.19281964892945405
2026Q1,H1,standard,2023-09-30,-0.21038727307338756
2026Q1,H1,standard,2023-10-31,-0.19527062639240908
2026Q1,H1,standard,2023-11-30,-0.078841975272291129
2026Q1,H1,standard,2023-12-31,-0.031371626589283871
2026Q1,H1,standard,2024-01-31,2.9576764963946869
2026Q1,H1,standard,2024-02-29,2.893099745989629
2026Q1,H1,standard,2024-03-31,0.30248201917062811
2026Q1,H1,standard,2024-04-30,0.842315228382436
2026Q1,H1,standard,2024-05-31,0.55767388726726752
2026Q1,H1,standard,2024-06-30,0.46018783674832059
2026Q1,H1,standard,2024-07-31,0.32341780555630684
2026Q1,H1,standard,2024-08-31,0.25951768614028542
2026Q1,H1,standard,2024-09-30,0.28107301918073846
2026Q1,H1,standard,2024-10-31,0.28666558111502249
2026Q1,H1,standard,2024-11-30,0.27157901152598307
2026Q1,H1,standard,2024-12-31,0.27227668381691372
2026Q1,H1,standard,2025-01-31,-0.093807384282180162
2026Q1,H1,standard,2025-02-28,0.16375333485627203
2026Q1,H1,standard,2025-03-31,0.22511765623186653
2026Q1,H1,standard,2025-04-30,0.14615494308737684
2026Q1,H1,standard,2025-05-31,0.16130128617850861
2026Q1,H1,standard,2025-06-30,0.25730968369919693
2026Q1,H1,standard,2025-07-31,0.24783495093605518
2026Q1,H1,standard,2025-08-31,0.27072664787926537
2026Q1,H1,standard,2025-09-30,0.48439354045498928
2026Q1,H1,standard,2025-10-31,0.44695953830612312
2026Q1,H1,standard,2025-11-30,0.50758266061801238
2026Q1,H1,standard,2025-12-31,1.0179984406278604
2026Q1,H1,standard,2026-01-31,0.63243154016766512
2026Q1,H1,standard,2026-02-28,0.39289809987543778
2026Q1,H1,standard,2026-03-31,0.24408794799323963
2026Q1,H2,conservative,2021-01-31,-2.5127677511236275
2026Q1,H2,conservative,2021-02-28,-2.4086298411055247
2026Q1,H2,conservative,2021-03-31,-1.1934965686401053
2026Q1,H2,conservative,2021-04-30,-0.19927866627899149
2026Q1,H2,conservative,2021-05-31,0.32562854322784129
2026Q1,H2,conservative,2021-06-30,0.40262983270263708
2026Q1,H2,conservative,2021-07-31,0.47792401517925903
2026Q1,H2,conservative,2021-08-31,0.61265329525097334
2026Q1,H2,conservative,2021-09-30,0.68172944871609853
2026Q1,H2,conservative,2021-10-31,0.86308755030109874
2026Q1,H2,conservative,2021-11-30,0.87166135605614303
2026Q1,H2,conservative,2021-12-31,0.90296926425625701
2026Q1,H2,conservative,2022-01-31,0.84194464934308011
2026Q1,H2,conservative,2022-02-28,0.47293145162050232
2026Q1,H2,conservative,2022-03-31,0.022626336734075936
2026Q1,H2,conservative,2022-04-30,-0.048402934907728484
2026Q1,H2,conservative,2022-05-31,-0.062698586662806477
2026Q1,H2,conservative,2022-06-30,-0.23332792165085139
2026Q1,H2,conservative,2022-07-31,-0.037402460837363122
2026Q1,H2,conservative,2022-08-31,-0.032682996558048398
2026Q1,H2,conservative,2022-09-30,-0.087954875993447992
2026Q1,H2,conservative,2022-10-31,-0.043933536776580601
2026Q1,H2,conservative,2022-11-30,-0.025147998743989413
2026Q1,H2,conservative,2022-12-31,-0.013462289202492404
2026Q1,H2,conservative,2023-01-31,-5.8357196885216869
2026Q1,H2,conservative,2023-02-28,-3.6608639282506257
2026Q1,H2,conservative,2023-03-31,-1.0547865633467408
2026Q1,H2,conservative,2023-04-30,-0.57803430756023
2026Q1,H2,conservative,2023-05-31,-0.32870092232461084
2026Q1,H2,conservative,2023-06-30,-0.3198673262188293
2026Q1,H2,conservative,2023-07-31,-0.2811805036908005
2026Q1,H2,conservative,2023-08-31,-0.19833621966532053
2026Q1,H2,conservative,2023-09-30,-0.2153140161802623
2026Q1,H2,conservative,2023-10-31,-0.20050105819539515
2026Q1,H2,conservative,2023-11-30,-0.082545514261440939
2026Q1,H2,conservative,2023-12-31,-0.032720005151848253
2026Q1,H2,conservative,2024-01-31,2.9540297942557707
2026Q1,H2,conservative,2024-02-29,2.8904381348467156
2026Q1,H2,conservative,2024-03-31,0.30603336424143346
2026Q1,H2,conservative,2024-04-30,0.83768712471750084
2026Q1,H2,conservative,2024-05-31,0.55446079128119452
2026Q1,H2,conservative,2024-06-30,0.45734177989856878
2026Q1,H2,conservative,2024-07-31,0.32221028212056146
2026Q1,H2,conservative,2024-08-31,0.25863311379619991
2026Q1,H2,conservative,2024-09-30,0.2801852292648761
2026Q1,H2,conservative,2024-10-31,0.28663097455985298
2026Q1,H2,conservative,2024-11-30,0.27209491400091723
2026Q1,H2,conservative,2024-12-31,0.27312918429281041
2026Q1,H2,conservative,2025-01-31,-0.089441706603330451
2026Q1,H2,conservative,2025-02-28,0.16652400056490191
2026Q1,H2,conservative,2025-03-31,0.22593639859301717
2026Q1,H2,conservative,2025-04-30,0.14617114417779614
2026Q1,H2,conservative,2025-05-31,0.16115525207230327
2026Q1,H2,conservative,2025-06-30,0.25820136763637713
2026Q1,H2,conservative,2025-07-31,0.24928157969061199
2026Q1,H2,conservative,2025-08-31,0.27335448920928246
2026Q1,H2,conservative,2025-09-30,0.48910307627363547
2026Q1,H2,conservative,2025-10-31,0.45093245327244447
2026Q1,H2,conservative,2025-11-30,0.51278711228652551
2026Q1,H2,conservative,2025-12-31,0.51958296287574857
2026Q1,H2,conservative,2026-01-31,0.32145394332638466
2026Q1,H2,conservative,2026-02-28,0.19887610846238074
2026Q1,H2,conservative,2026-03-31,0.12304004146865372
2026Q1,H2,standard,2021-01-31,-2.5127677511236275
2026Q1,H2,standard,2021-02-28,-2.4086298411055247
2026Q1,H2,standard,2021-03-31,-1.1934965686401053
2026Q1,H2,standard,2021-04-30,-0.19927866627899149
2026Q1,H2,standard,2021-05-31,0.32562854322784129
2026Q1,H2,standard,2021-06-30,0.40262983270263708
2026Q1,H2,standard,2021-07-31,0.47792401517925903
2026Q1,H2,standard,2021-08-31,0.61265329525097334
2026Q1,H2,standard,2021-09-30,0.68172944871609853
2026Q1,H2,standard,2021-10-31,0.86308755030109874
2026Q1,H2,standard,2021-11-30,0.87166135605614303
2026Q1,H2,standard,2021-12-31,0.90296926425625701
2026Q1,H2,standard,2022-01-31,0.84194464934308011
2026Q1,H2,standard,2022-02-28,0.47293145162050232
2026Q1,H2,standard,2022-03-31,0.022626336734075936
2026Q1,H2,standard,2022-04-30,-0.048402934907728484
2026Q1,H2,standard,2022-05-31,-0.062698586662806477
2026Q1,H2,standard,2022-06-30,-0.23332792165085139
2026Q1,H2,standard,2022-07-31,-0.037402460837363122
2026Q1,H2,standard,2022-08-31,-0.032682996558048398
2026Q1,H2,standard,2022-09-30,-0.087954875993447992
2026Q1,H2,standard,2022-10-31,-0.043933536776580601
2026Q1,H2,standard,2022-11-30,-0.025147998743989413
2026Q1,H2,standard,2022-12-31,-0.013462289202492404
2026Q1,H2,standard,2023-01-31,-5.8357196885216869
2026Q1,H2,standard,2023-02-28,-3.6608639282506257
2026Q1,H2,standard,2023-03-31,-1.0547865633467408
2026Q1,H2,standard,2023-04-30,-0.57803430756023
2026Q1,H2,standard,2023-05-31,-0.32870092232461084
2026Q1,H2,standard,2023-06-30,-0.3198673262188293
2026Q1,H2,standard,2023-07-31,-0.2811805036908005
2026Q1,H2,standard,2023-08-31,-0.19833621966532053
2026Q1,H2,standard,2023-09-30,-0.2153140161802623
2026Q1,H2,standard,2023-10-31,-0.20050105819539515
2026Q1,H2,standard,2023-11-30,-0.082545514261440939
2026Q1,H2,standard,2023-12-31,-0.032720005151848253
2026Q1,H2,standard,2024-01-31,2.9540297942557707
2026Q1,H2,standard,2024-02-29,2.8904381348467156
2026Q1,H2,standard,2024-03-31,0.30603336424143346
2026Q1,H2,standard,2024-04-30,0.83768712471750084
2026Q1,H2,standard,2024-05-31,0.55446079128119452
2026Q1,H2,standard,2024-06-30,0.45734177989856878
2026Q1,H2,standard,2024-07-31,0.32221028212056146
2026Q1,H2,standard,2024-08-31,0.25863311379619991
2026Q1,H2,standard,2024-09-30,0.2801852292648761
2026Q1,H2,standard,2024-10-31,0.28663097455985298
2026Q1,H2,standard,2024-11-30,0.27209491400091723
2026Q1,H2,standard,2024-12-31,0.27312918429281041
2026Q1,H2,standard,2025-01-31,-0.089441706603330451
2026Q1,H2,standard,2025-02-28,0.16652400056490191
2026Q1,H2,standard,2025-03-31,0.22593639859301717
2026Q1,H2,standard,2025-04-30,0.14617114417779614
2026Q1,H2,standard,2025-05-31,0.16115525207230327
2026Q1,H2,standard,2025-06-30,0.25820136763637713
2026Q1,H2,standard,2025-07-31,0.24928157969061199
2026Q1,H2,standard,2025-08-31,0.27335448920928246
2026Q1,H2,standard,2025-09-30,0.48910307627363547
2026Q1,H2,standard,2025-10-31,0.45093245327244447
2026Q1,H2,standard,2025-11-30,0.51278711228652551
2026Q1,H2,standard,2025-12-31,0.51958296287574857
2026Q1,H2,standard,2026-01-31,1.2453949223205911
2026Q1,H2,standard,2026-02-28,0.77049698966812719
2026Q1,H2,standard,2026-03-31,0.47668863944093059
2026Q1,H3,conservative,2021-01-31,-2.5127677511236275
2026Q1,H3,conservative,2021-02-28,-2.4086298411055247
2026Q1,H3,conservative,2021-03-31,-1.1934965686401053
2026Q1,H3,conservative,2021-04-30,-0.19927866627899149
2026Q1,H3,conservative,2021-05-31,0.32562854322784129
2026Q1,H3,conservative,2021-06-30,0.40262983270263708
2026Q1,H3,conservative,2021-07-31,0.47792401517925903
2026Q1,H3,conservative,2021-08-31,0.61265329525097334
2026Q1,H3,conservative,2021-09-30,0.68172944871609853
2026Q1,H3,conservative,2021-10-31,0.86308755030109874
2026Q1,H3,conservative,2021-11-30,0.87166135605614303
2026Q1,H3,conservative,2021-12-31,0.90296926425625701
2026Q1,H3,conservative,2022-01-31,0.84194464934308011
2026Q1,H3,conservative,2022-02-28,0.47293145162050232
2026Q1,H3,conservative,2022-03-31,0.022626336734075936
2026Q1,H3,conservative,2022-04-30,-0.048402934907728484
2026Q1,H3,conservative,2022-05-31,-0.062698586662806477
2026Q1,H3,conservative,2022-06-30,-0.23332792165085139
2026Q1,H3,conservative,2022-07-31,-0.037402460837363122
2026Q1,H3,conservative,2022-08-31,-0.032682996558048398
2026Q1,H3,conservative,2022-09-30,-0.087954875993447992
2026Q1,H3,conservative,2022-10-31,-0.043933536776580601
2026Q1,H3,conservative,2022-11-30,-0.025147998743989413
2026Q1,H3,conservative,2022-12-31,-0.013462289202492404
2026Q1,H3,conservative,2023-01-31,-5.8357196885216869
2026Q1,H3,conservative,2023-02-28,-3.6608639282506257
2026Q1,H3,conservative,2023-03-31,-1.0547865633467408
2026Q1,H3,conservative,2023-04-30,-0.57803430756023
2026Q1,H3,conservative,2023-05-31,-0.32870092232461084
2026Q1,H3,conservative,2023-06-30,-0.3198673262188293
2026Q1,H3,conservative,2023-07-31,-0.2811805036908005
2026Q1,H3,conservative,2023-08-31,-0.19833621966532053
2026Q1,H3,conservative,2023-09-30,-0.2153140161802623
2026Q1,H3,conservative,2023-10-31,-0.20050105819539515
2026Q1,H3,conservative,2023-11-30,-0.082545514261440939
2026Q1,H3,conservative,2023-12-31,-0.032720005151848253
2026Q1,H3,conservative,2024-01-31,2.9540297942557707
2026Q1,H3,conservative,2024-02-29,2.8904381348467156
2026Q1,H3,conservative,2024-03-31,0.30603336424143346
2026Q1,H3,conservative,2024-04-30,0.83768712471750084
2026Q1,H3,conservative,2024-05-31,0.55446079128119452
2026Q1,H3,conservative,2024-06-30,0.45734177989856878
2026Q1,H3,conservative,2024-07-31,0.32221028212056146
2026Q1,H3,conservative,2024-08-31,0.25863311379619991
2026Q1,H3,conservative,2024-09-30,0.2801852292648761
2026Q1,H3,conservative,2024-10-31,0.28663097455985298
2026Q1,H3,conservative,2024-11-30,0.27209491400091723
2026Q1,H3,conservative,2024-12-31,0.27312918429281041
2026Q1,H3,conservative,2025-01-31,-0.089441706603330451
2026Q1,H3,conservative,2025-02-28,0.16652400056490191
2026Q1,H3,conservative,2025-03-31,0.22593639859301717
2026Q1,H3,conservative,2025-04-30,0.14617114417779614
2026Q1,H3,conservative,2025-05-31,0.16115525207230327
2026Q1,H3,conservative,2025-06-30,0.25820136763637713
2026Q1,H3,conservative,2025-07-31,0.24928157969061199
2026Q1,H3,conservative,2025-08-31,0.27335448920928246
2026Q1,H3,conservative,2025-09-30,0.48910307627363547
2026Q1,H3,conservative,2025-10-31,0.45093245327244447
2026Q1,H3,conservative,2025-11-30,0.51278711228652551
2026Q1,H3,conservative,2025-12-31,0.51958296287574857
2026Q1,H3,conservative,2026-01-31,0.83558278063096181
2026Q1,H3,conservative,2026-02-28,0.51695571063918933
2026Q1,H3,conservative,2026-03-31,0.31982852322623218
2026Q1,H3,standard,2021-01-31,-2.5127677511236275
2026Q1,H3,standard,2021-02-28,-2.4086298411055247
2026Q1,H3,standard,2021-03-31,-1.1934965686401053
2026Q1,H3,standard,2021-04-30,-0.19927866627899149
2026Q1,H3,standard,2021-05-31,0.32562854322784129
2026Q1,H3,standard,2021-06-30,0.40262983270263708
2026Q1,H3,standard,2021-07-31,0.47792401517925903
2026Q1,H3,standard,2021-08-31,0.61265329525097334
2026Q1,H3,standard,2021-09-30,0.68172944871609853
2026Q1,H3,standard,2021-10-31,0.86308755030109874
2026Q1,H3,standard,2021-11-30,0.87166135605614303
2026Q1,H3,standard,2021-12-31,0.90296926425625701
2026Q1,H3,standard,2022-01-31,0.84194464934308011
2026Q1,H3,standard,2022-02-28,0.47293145162050232
2026Q1,H3,standard,2022-03-31,0.022626336734075936
2026Q1,H3,standard,2022-04-30,-0.048402934907728484
2026Q1,H3,standard,2022-05-31,-0.062698586662806477
2026Q1,H3,standard,2022-06-30,-0.23332792165085139
2026Q1,H3,standard,2022-07-31,-0.037402460837363122
2026Q1,H3,standard,2022-08-31,-0.032682996558048398
2026Q1,H3,standard,2022-09-30,-0.087954875993447992
2026Q1,H3,standard,2022-10-31,-0.043933536776580601
2026Q1,H3,standard,2022-11-30,-0.025147998743989413
2026Q1,H3,standard,2022-12-31,-0.013462289202492404
2026Q1,H3,standard,2023-01-31,-5.8357196885216869
2026Q1,H3,standard,2023-02-28,-3.6608639282506257
2026Q1,H3,standard,2023-03-31,-1.0547865633467408
2026Q1,H3,standard,2023-04-30,-0.57803430756023
2026Q1,H3,standard,2023-05-31,-0.32870092232461084
2026Q1,H3,standard,2023-06-30,-0.3198673262188293
2026Q1,H3,standard,2023-07-31,-0.2811805036908005
2026Q1,H3,standard,2023-08-31,-0.19833621966532053
2026Q1,H3,standard,2023-09-30,-0.2153140161802623
2026Q1,H3,standard,2023-10-31,-0.20050105819539515
2026Q1,H3,standard,2023-11-30,-0.082545514261440939
2026Q1,H3,standard,2023-12-31,-0.032720005151848253
2026Q1,H3,standard,2024-01-31,2.9540297942557707
2026Q1,H3,standard,2024-02-29,2.8904381348467156
2026Q1,H3,standard,2024-03-31,0.30603336424143346
2026Q1,H3,standard,2024-04-30,0.83768712471750084
2026Q1,H3,standard,2024-05-31,0.55446079128119452
2026Q1,H3,standard,2024-06-30,0.45734177989856878
2026Q1,H3,standard,2024-07-31,0.32221028212056146
2026Q1,H3,standard,2024-08-31,0.25863311379619991
2026Q1,H3,standard,2024-09-30,0.2801852292648761
2026Q1,H3,standard,2024-10-31,0.28663097455985298
2026Q1,H3,standard,2024-11-30,0.27209491400091723
2026Q1,H3,standard,2024-12-31,0.27312918429281041
2026Q1,H3,standard,2025-01-31,-0.089441706603330451
2026Q1,H3,standard,2025-02-28,0.16652400056490191
2026Q1,H3,standard,2025-03-31,0.22593639859301717
2026Q1,H3,standard,2025-04-30,0.14617114417779614
2026Q1,H3,standard,2025-05-31,0.16115525207230327
2026Q1,H3,standard,2025-06-30,0.25820136763637713
2026Q1,H3,standard,2025-07-31,0.24928157969061199
2026Q1,H3,standard,2025-08-31,0.27335448920928246
2026Q1,H3,standard,2025-09-30,0.48910307627363547
2026Q1,H3,standard,2025-10-31,0.45093245327244447
2026Q1,H3,standard,2025-11-30,0.51278711228652551
2026Q1,H3,standard,2025-12-31,0.51958296287574857
2026Q1,H3,standard,2026-01-31,0.83558278063096181
2026Q1,H3,standard,2026-02-28,1.8344881551044734
2026Q1,H3,standard,2026-03-31,1.1349553268260206
2026Q2,H1,conservative,2021-01-31,-2.5435409751044671
2026Q2,H1,conservative,2021-02-28,-2.5033416663562038
2026Q2,H1,conservative,2021-03-31,-1.2367015056053994
2026Q2,H1,conservative,2021-04-30,-0.26846005764743719
2026Q2,H1,conservative,2021-05-31,0.23738015430983017
2026Q2,H1,conservative,2021-06-30,0.33685009318389414
2026Q2,H1,conservative,2021-07-31,0.41442203579128656
2026Q2,H1,conservative,2021-08-31,0.55233705387328635
2026Q2,H1,conservative,2021-09-30,0.63224071696365525
2026Q2,H1,conservative,2021-10-31,0.81421165551372132
2026Q2,H1,conservative,2021-11-30,0.82580899535337859
2026Q2,H1,conservative,2021-12-31,0.85982774218351343
2026Q2,H1,conservative,2022-01-31,0.76412394824372332
2026Q2,H1,conservative,2022-02-28,0.41236041889155467
2026Q2,H1,conservative,2022-03-31,-0.0048411537389939641
2026Q2,H1,conservative,2022-04-30,-0.095860660100043849
2026Q2,H1,conservative,2022-05-31,-0.10926942585138721
2026Q2,H1,conservative,2022-06-30,-0.26738459818007038
2026Q2,H1,conservative,2022-07-31,-0.071029250649142645
2026Q2,H1,conservative,2022-08-31,-0.067337009072450035
2026Q2,H1,conservative,2022-09-30,-0.1170094918023746
2026Q2,H1,conservative,2022-10-31,-0.080797527636558397
2026Q2,H1,conservative,2022-11-30,-0.062231572269859717
2026Q2,H1,conservative,2022-12-31,-0.04532963850577168
2026Q2,H1,conservative,2023-01-31,-5.9248070540403646
2026Q2,H1,conservative,2023-02-28,-3.7441896646775885
2026Q2,H1,conservative,2023-03-31,-1.1150707091328635
2026Q2,H1,conservative,2023-04-30,-0.61847932308792386
2026Q2,H1,conservative,2023-05-31,-0.36745922001976367
2026Q2,H1,conservative,2023-06-30,-0.34968815347791754
2026Q2,H1,conservative,2023-07-31,-0.31066923742179409
2026Q2,H1,conservative,2023-08-31,-0.21971214286783172
2026Q2,H1,conservative,2023-09-30,-0.23738790468814397
2026Q2,H1,conservative,2023-10-31,-0.22308740007879604
2026Q2,H1,conservative,2023-11-30,-0.10309891075236477
2026Q2,H1,conservative,2023-12-31,-0.059242014546444954
2026Q2,H1,conservative,2024-01-31,2.9469991092997629
2026Q2,H1,conservative,2024-02-29,2.8896282015548191
2026Q2,H1,conservative,2024-03-31,0.30486951972176257
2026Q2,H1,conservative,2024-04-30,0.79743030224219158
2026Q2,H1,conservative,2024-05-31,0.52434922945054729
2026Q2,H1,conservative,2024-06-30,0.44203580014904498
2026Q2,H1,conservative,2024-07-31,0.30929055685204399
2026Q2,H1,conservative,2024-08-31,0.24169402980221702
2026Q2,H1,conservative,2024-09-30,0.26115586971944504
2026Q2,H1,conservative,2024-10-31,0.26883397415610294
2026Q2,H1,conservative,2024-11-30,0.25365483837700098
2026Q2,H1,conservative,2024-12-31,0.25229674368174082
2026Q2,H1,conservative,2025-01-31,-0.05576270757314275
2026Q2,H1,conservative,2025-02-28,0.16343719254654712
2026Q2,H1,conservative,2025-03-31,0.21667081826129669
2026Q2,H1,conservative,2025-04-30,0.13659193541157266
2026Q2,H1,conservative,2025-05-31,0.1487533399769036
2026Q2,H1,conservative,2025-06-30,0.24673396159826522
2026Q2,H1,conservative,2025-07-31,0.23908916928416502
2026Q2,H1,conservative,2025-08-31,0.26640125821845684
2026Q2,H1,conservative,2025-09-30,0.49090680181249241
2026Q2,H1,conservative,2025-10-31,0.45968622556098726
2026Q2,H1,conservative,2025-11-30,0.51929605548963775
2026Q2,H1,conservative,2025-12-31,0.52429860788353655
2026Q2,H1,conservative,2026-01-31,0.80543496783261004
2026Q2,H1,conservative,2026-02-28,1.0179805301407372
2026Q2,H1,conservative,2026-03-31,0.64006248865662985
2026Q2,H1,conservative,2026-04-30,0.40244383586460108
2026Q2,H1,conservative,2026-05-31,0.25303942020620451
2026Q2,H1,conservative,2026-06-30,0.15910033269793739
2026Q2,H1,standard,2021-01-31,-2.4881219165378123
2026Q2,H1,standard,2021-02-28,-2.3453378785381545
2026Q2,H1,standard,2021-03-31,-1.1571131345702275
2026Q2,H1,standard,2021-04-30,-0.22721761760354997
2026Q2,H1,standard,2021-05-31,0.26875716154881052
2026Q2,H1,standard,2021-06-30,0.37312146799021673
2026Q2,H1,standard,2021-07-31,0.45892339076068939
2026Q2,H1,standard,2021-08-31,0.58782469768057533
2026Q2,H1,standard,2021-09-30,0.64287370401640032
2026Q2,H1,standard,2021-10-31,0.81510789093053515
2026Q2,H1,standard,2021-11-30,0.81445202950340678
2026Q2,H1,standard,2021-12-31,0.80748152254579164
2026Q2,H1,standard,2022-01-31,0.71026276309147418
2026Q2,H1,standard,2022-02-28,0.37023357495484271
2026Q2,H1,standard,2022-03-31,-0.054664081672962245
2026Q2,H1,standard,2022-04-30,-0.12445392199546079
2026Q2,H1,standard,2022-05-31,-0.12822077074345514
2026Q2,H1,standard,2022-06-30,-0.30218228430537564
2026Q2,H1,standard,2022-07-31,-0.12544058324331514
2026Q2,H1,standard,2022-08-31,-0.1225564535553758
2026Q2,H1,standard,2022-09-30,-0.17243846825677936
2026Q2,H1,standard,2022-10-31,-0.13988547778984328
2026Q2,H1,standard,2022-11-30,-0.12496573377622962
2026Q2,H1,standard,2022-12-31,-0.12184848689747335
2026Q2,H1,standard,2023-01-31,-5.6801875365277006
2026Q2,H1,standard,2023-02-28,-3.6231153551402988
2026Q2,H1,standard,2023-03-31,-1.0596388280466331
2026Q2,H1,standard,2023-04-30,-0.59197410501819347
2026Q2,H1,standard,2023-05-31,-0.35009115138601266
2026Q2,H1,standard,2023-06-30,-0.33844940513782906
2026Q2,H1,standard,2023-07-31,-0.30203478628257197
2026Q2,H1,standard,2023-08-31,-0.22207936749778151
2026Q2,H1,standard,2023-09-30,-0.24215829654923451
2026Q2,H1,standard,2023-10-31,-0.22552419465077039
2026Q2,H1,standard,2023-11-30,-0.11772946486854677
2026Q2,H1,standard,2023-12-31,-0.083800511560515073
2026Q2,H1,standard,2024-01-31,2.9176618793174414
2026Q2,H1,standard,2024-02-29,2.8861422901663456
2026Q2,H1,standard,2024-03-31,0.26551090167656644
2026Q2,H1,standard,2024-04-30,0.8130238556396524
2026Q2,H1,standard,2024-05-31,0.52685911682828523
2026Q2,H1,standard,2024-06-30,0.42674824083969642
2026Q2,H1,standard,2024-07-31,0.27951160155342758
2026Q2,H1,standard,2024-08-31,0.21124578249878853
2026Q2,H1,standard,2024-09-30,0.23146442609183082
2026Q2,H1,standard,2024-10-31,0.23245203304615572
2026Q2,H1,standard,2024-11-30,0.21411060006944233
2026Q2,H1,standard,2024-12-31,0.21220976124573013
2026Q2,H1,standard,2025-01-31,-0.16420124983695539
2026Q2,H1,standard,2025-02-28,0.091020822738984888
2026Q2,H1,standard,2025-03-31,0.16560025092068942
2026Q2,H1,standard,2025-04-30,0.092475155770056675
2026Q2,H1,standard,2025-05-31,0.10714805355191331
2026Q2,H1,standard,2025-06-30,0.19718210043440501
2026Q2,H1,standard,2025-07-31,0.18588535866274164
2026Q2,H1,standard,2025-08-31,0.20233020977708926
2026Q2,H1,standard,2025-09-30,0.4052029361726161
2026Q2,H1,standard,2025-10-31,0.37605872505027116
2026Q2,H1,standard,2025-11-30,0.428674008640473
2026Q2,H1,standard,2025-12-31,0.43232082326041338
2026Q2,H1,standard,2026-01-31,0.70647715883307138
2026Q2,H1,standard,2026-02-28,0.8731016759635859
2026Q2,H1,standard,2026-03-31,2.9411652146332039
2026Q2,H1,standard,2026-04-30,1.9240740459353964
2026Q2,H1,standard,2026-05-31,1.2587055347395348
2026Q2,H1,standard,2026-06-30,0.82342965258060286
2026Q2,H2,conservative,2021-01-31,-2.4435971482284922
2026Q2,H2,conservative,2021-02-28,-2.668661138651454
2026Q2,H2,conservative,2021-03-31,-1.2757544781827186
2026Q2,H2,conservative,2021-04-30,-0.43322637280462645
2026Q2,H2,conservative,2021-05-31,-0.027165200227567743
2026Q2,H2,conservative,2021-06-30,0.12414223670464979
2026Q2,H2,conservative,2021-07-31,0.19793439914750419
2026Q2,H2,conservative,2021-08-31,0.34247721382482194
2026Q2,H2,conservative,2021-09-30,0.46839535329302129
2026Q2,H2,conservative,2021-10-31,0.64798799420666631
2026Q2,H2,conservative,2021-11-30,0.67580568158076559
2026Q2,H2,conservative,2021-12-31,0.74657366433993366
2026Q2,H2,conservative,2022-01-31,0.55021817427130659
2026Q2,H2,conservative,2022-02-28,0.26524213989183371
2026Q2,H2,conservative,2022-03-31,-0.0088960300462730679
2026Q2,H2,conservative,2022-04-30,-0.16360976817708986
2026Q2,H2,conservative,2022-05-31,-0.18118694569596927
2026Q2,H2,conservative,2022-06-30,-0.27763568201206196
2026Q2,H2,conservative,2022-07-31,-0.075350883787632744
2026Q2,H2,conservative,2022-08-31,-0.075745289171042812
2026Q2,H2,conservative,2022-09-30,-0.10454542424847404
2026Q2,H2,conservative,2022-10-31,-0.091556941098864517
2026Q2,H2,conservative,2022-11-30,-0.073274757070050947
2026Q2,H2,conservative,2022-12-31,-0.031188157896304677
2026Q2,H2,conservative,2023-01-31,-5.9296087178000176
2026Q2,H2,conservative,2023-02-28,-3.7387405429960872
2026Q2,H2,conservative,2023-03-31,-1.1805292000957768
2026Q2,H2,conservative,2023-04-30,-0.65895509997057555
2026Q2,H2,conservative,2023-05-31,-0.41798136696991117
2026Q2,H2,conservative,2023-06-30,-0.37156985062381609
2026Q2,H2,conservative,2023-07-31,-0.33159931069258641
2026Q2,H2,conservative,2023-08-31,-0.21339201710677388
2026Q2,H2,conservative,2023-09-30,-0.23014942536549643
2026Q2,H2,conservative,2023-10-31,-0.21996275099129015
2026Q2,H2,conservative,2023-11-30,-0.092938042534841031
2026Q2,H2,conservative,2023-12-31,-0.06430403109197462
2026Q2,H2,conservative,2024-01-31,2.8028618387635067
2026Q2,H2,conservative,2024-02-29,2.7203178460284616
2026Q2,H2,conservative,2024-03-31,0.33286625680534421
2026Q2,H2,conservative,2024-04-30,0.65644163960903579
2026Q2,H2,conservative,2024-05-31,0.43564703618780209
2026Q2,H2,conservative,2024-06-30,0.42205587378241394
2026Q2,H2,conservative,2024-07-31,0.31972278658094355
2026Q2,H2,conservative,2024-08-31,0.24688325019981153
2026Q2,H2,conservative,2024-09-30,0.25844070469315883
2026Q2,H2,conservative,2024-10-31,0.27401587570385577
2026Q2,H2,conservative,2024-11-30,0.26033351152835571
2026Q2,H2,conservative,2024-12-31,0.25211879263976983
2026Q2,H2,conservative,2025-01-31,0.18657064421455863
2026Q2,H2,conservative,2025-02-28,0.25945793926334099
2026Q2,H2,conservative,2025-03-31,0.2679424699791686
2026Q2,H2,conservative,2025-04-30,0.18478317576838887
2026Q2,H2,conservative,2025-05-31,0.18577954687452058
2026Q2,H2,conservative,2025-06-30,0.28548698156998853
2026Q2,H2,conservative,2025-07-31,0.28426629193225972
2026Q2,H2,conservative,2025-08-31,0.32815209233968068
2026Q2,H2,conservative,2025-09-30,0.58133628634682133
2026Q2,H2,conservative,2025-10-31,0.57169699723977607
2026Q2,H2,conservative,2025-11-30,0.6263077185344097
2026Q2,H2,conservative,2025-12-31,0.62571908380998886
2026Q2,H2,conservative,2026-01-31,0.78299210600543012
2026Q2,H2,conservative,2026-02-28,1.0114351473288936
2026Q2,H2,conservative,2026-03-31,1.8078726048701812
2026Q2,H2,conservative,2026-04-30,1.165508883397222
2026Q2,H2,conservative,2026-05-31,0.75138643819174611
2026Q2,H2,conservative,2026-06-30,0.48440778748321323
2026Q2,H2,standard,2021-01-31,-2.4435971482284922
2026Q2,H2,standard,2021-02-28,-2.668661138651454
2026Q2,H2,standard,2021-03-31,-1.2757544781827186
2026Q2,H2,standard,2021-04-30,-0.43322637280462645
2026Q2,H2,standard,2021-05-31,-0.027165200227567743
2026Q2,H2,standard,2021-06-30,0.12414223670464979
2026Q2,H2,standard,2021-07-31,0.19793439914750419
2026Q2,H2,standard,2021-08-31,0.34247721382482194
2026Q2,H2,standard,2021-09-30,0.46839535329302129
2026Q2,H2,standard,2021-10-31,0.64798799420666631
2026Q2,H2,standard,2021-11-30,0.67580568158076559
2026Q2,H2,standard,2021-12-31,0.74657366433993366
2026Q2,H2,standard,2022-01-31,0.55021817427130659
2026Q2,H2,standard,2022-02-28,0.26524213989183371
2026Q2,H2,standard,2022-03-31,-0.0088960300462730679
2026Q2,H2,standard,2022-04-30,-0.16360976817708986
2026Q2,H2,standard,2022-05-31,-0.18118694569596927
2026Q2,H2,standard,2022-06-30,-0.27763568201206196
2026Q2,H2,standard,2022-07-31,-0.075350883787632744
2026Q2,H2,standard,2022-08-31,-0.075745289171042812
2026Q2,H2,standard,2022-09-30,-0.10454542424847404
2026Q2,H2,standard,2022-10-31,-0.091556941098864517
2026Q2,H2,standard,2022-11-30,-0.073274757070050947
2026Q2,H2,standard,2022-12-31,-0.031188157896304677
2026Q2,H2,standard,2023-01-31,-5.9296087178000176
2026Q2,H2,standard,2023-02-28,-3.7387405429960872
2026Q2,H2,standard,2023-03-31,-1.1805292000957768
2026Q2,H2,standard,2023-04-30,-0.65895509997057555
2026Q2,H2,standard,2023-05-31,-0.41798136696991117
2026Q2,H2,standard,2023-06-30,-0.37156985062381609
2026Q2,H2,standard,2023-07-31,-0.33159931069258641
2026Q2,H2,standard,2023-08-31,-0.21339201710677388
2026Q2,H2,standard,2023-09-30,-0.23014942536549643
2026Q2,H2,standard,2023-10-31,-0.21996275099129015
2026Q2,H2,standard,2023-11-30,-0.092938042534841031
2026Q2,H2,standard,2023-12-31,-0.06430403109197462
2026Q2,H2,standard,2024-01-31,2.8028618387635067
2026Q2,H2,standard,2024-02-29,2.7203178460284616
2026Q2,H2,standard,2024-03-31,0.33286625680534421
2026Q2,H2,standard,2024-04-30,0.65644163960903579
2026Q2,H2,standard,2024-05-31,0.43564703618780209
2026Q2,H2,standard,2024-06-30,0.42205587378241394
2026Q2,H2,standard,2024-07-31,0.31972278658094355
2026Q2,H2,standard,2024-08-31,0.24688325019981153
2026Q2,H2,standard,2024-09-30,0.25844070469315883
2026Q2,H2,standard,2024-10-31,0.27401587570385577
2026Q2,H2,standard,2024-11-30,0.26033351152835571
2026Q2,H2,standard,2024-12-31,0.25211879263976983
2026Q2,H2,standard,2025-01-31,0.18657064421455863
2026Q2,H2,standard,2025-02-28,0.25945793926334099
2026Q2,H2,standard,2025-03-31,0.2679424699791686
2026Q2,H2,standard,2025-04-30,0.18478317576838887
2026Q2,H2,standard,2025-05-31,0.18577954687452058
2026Q2,H2,standard,2025-06-30,0.28548698156998853
2026Q2,H2,standard,2025-07-31,0.28426629193225972
2026Q2,H2,standard,2025-08-31,0.32815209233968068
2026Q2,H2,standard,2025-09-30,0.58133628634682133
2026Q2,H2,standard,2025-10-31,0.57169699723977607
2026Q2,H2,standard,2025-11-30,0.6263077185344097
2026Q2,H2,standard,2025-12-31,0.62571908380998886
2026Q2,H2,standard,2026-01-31,0.78299210600543012
2026Q2,H2,standard,2026-02-28,1.0114351473288936
2026Q2,H2,standard,2026-03-31,1.8078726048701812
2026Q2,H2,standard,2026-04-30,2.4848657958432345
2026Q2,H2,standard,2026-05-31,1.6019564383593068
2026Q2,H2,standard,2026-06-30,1.0327577588672061
2026Q2,H3,conservative,2021-01-31,-2.4435971482284922
2026Q2,H3,conservative,2021-02-28,-2.668661138651454
2026Q2,H3,conservative,2021-03-31,-1.2757544781827186
2026Q2,H3,conservative,2021-04-30,-0.43322637280462645
2026Q2,H3,conservative,2021-05-31,-0.027165200227567743
2026Q2,H3,conservative,2021-06-30,0.12414223670464979
2026Q2,H3,conservative,2021-07-31,0.19793439914750419
2026Q2,H3,conservative,2021-08-31,0.34247721382482194
2026Q2,H3,conservative,2021-09-30,0.46839535329302129
2026Q2,H3,conservative,2021-10-31,0.64798799420666631
2026Q2,H3,conservative,2021-11-30,0.67580568158076559
2026Q2,H3,conservative,2021-12-31,0.74657366433993366
2026Q2,H3,conservative,2022-01-31,0.55021817427130659
2026Q2,H3,conservative,2022-02-28,0.26524213989183371
2026Q2,H3,conservative,2022-03-31,-0.0088960300462730679
2026Q2,H3,conservative,2022-04-30,-0.16360976817708986
2026Q2,H3,conservative,2022-05-31,-0.18118694569596927
2026Q2,H3,conservative,2022-06-30,-0.27763568201206196
2026Q2,H3,conservative,2022-07-31,-0.075350883787632744
2026Q2,H3,conservative,2022-08-31,-0.075745289171042812
2026Q2,H3,conservative,2022-09-30,-0.10454542424847404
2026Q2,H3,conservative,2022-10-31,-0.091556941098864517
2026Q2,H3,conservative,2022-11-30,-0.073274757070050947
2026Q2,H3,conservative,2022-12-31,-0.031188157896304677
2026Q2,H3,conservative,2023-01-31,-5.9296087178000176
2026Q2,H3,conservative,2023-02-28,-3.7387405429960872
2026Q2,H3,conservative,2023-03-31,-1.1805292000957768
2026Q2,H3,conservative,2023-04-30,-0.65895509997057555
2026Q2,H3,conservative,2023-05-31,-0.41798136696991117
2026Q2,H3,conservative,2023-06-30,-0.37156985062381609
2026Q2,H3,conservative,2023-07-31,-0.33159931069258641
2026Q2,H3,conservative,2023-08-31,-0.21339201710677388
2026Q2,H3,conservative,2023-09-30,-0.23014942536549643
2026Q2,H3,conservative,2023-10-31,-0.21996275099129015
2026Q2,H3,conservative,2023-11-30,-0.092938042534841031
2026Q2,H3,conservative,2023-12-31,-0.06430403109197462
2026Q2,H3,conservative,2024-01-31,2.8028618387635067
2026Q2,H3,conservative,2024-02-29,2.7203178460284616
2026Q2,H3,conservative,2024-03-31,0.33286625680534421
2026Q2,H3,conservative,2024-04-30,0.65644163960903579
2026Q2,H3,conservative,2024-05-31,0.43564703618780209
2026Q2,H3,conservative,2024-06-30,0.42205587378241394
2026Q2,H3,conservative,2024-07-31,0.31972278658094355
2026Q2,H3,conservative,2024-08-31,0.24688325019981153
2026Q2,H3,conservative,2024-09-30,0.25844070469315883
2026Q2,H3,conservative,2024-10-31,0.27401587570385577
2026Q2,H3,conservative,2024-11-30,0.26033351152835571
2026Q2,H3,conservative,2024-12-31,0.25211879263976983
2026Q2,H3,conservative,2025-01-31,0.18657064421455863
2026Q2,H3,conservative,2025-02-28,0.25945793926334099
2026Q2,H3,conservative,2025-03-31,0.2679424699791686
2026Q2,H3,conservative,2025-04-30,0.18478317576838887
2026Q2,H3,conservative,2025-05-31,0.18577954687452058
2026Q2,H3,conservative,2025-06-30,0.28548698156998853
2026Q2,H3,conservative,2025-07-31,0.28426629193225972
2026Q2,H3,conservative,2025-08-31,0.32815209233968068
2026Q2,H3,conservative,2025-09-30,0.58133628634682133
2026Q2,H3,conservative,2025-10-31,0.57169699723977607
2026Q2,H3,conservative,2025-11-30,0.6263077185344097
2026Q2,H3,conservative,2025-12-31,0.62571908380998886
2026Q2,H3,conservative,2026-01-31,0.78299210600543012
2026Q2,H3,conservative,2026-02-28,1.0114351473288936
2026Q2,H3,conservative,2026-03-31,1.8078726048701812
2026Q2,H3,conservative,2026-04-30,1.6414099870454404
2026Q2,H3,conservative,2026-05-31,1.0581928815364474
2026Q2,H3,conservative,2026-06-30,0.68220138988554246
2026Q2,H3,standard,2021-01-31,-2.4435971482284922
2026Q2,H3,standard,2021-02-28,-2.668661138651454
2026Q2,H3,standard,2021-03-31,-1.2757544781827186
2026Q2,H3,standard,2021-04-30,-0.43322637280462645
2026Q2,H3,standard,2021-05-31,-0.027165200227567743
2026Q2,H3,standard,2021-06-30,0.12414223670464979
2026Q2,H3,standard,2021-07-31,0.19793439914750419
2026Q2,H3,standard,2021-08-31,0.34247721382482194
2026Q2,H3,standard,2021-09-30,0.46839535329302129
2026Q2,H3,standard,2021-10-31,0.64798799420666631
2026Q2,H3,standard,2021-11-30,0.67580568158076559
2026Q2,H3,standard,2021-12-31,0.74657366433993366
2026Q2,H3,standard,2022-01-31,0.55021817427130659
2026Q2,H3,standard,2022-02-28,0.26524213989183371
2026Q2,H3,standard,2022-03-31,-0.0088960300462730679
2026Q2,H3,standard,2022-04-30,-0.16360976817708986
2026Q2,H3,standard,2022-05-31,-0.18118694569596927
2026Q2,H3,standard,2022-06-30,-0.27763568201206196
2026Q2,H3,standard,2022-07-31,-0.075350883787632744
2026Q2,H3,standard,2022-08-31,-0.075745289171042812
2026Q2,H3,standard,2022-09-30,-0.10454542424847404
2026Q2,H3,standard,2022-10-31,-0.091556941098864517
2026Q2,H3,standard,2022-11-30,-0.073274757070050947
2026Q2,H3,standard,2022-12-31,-0.031188157896304677
2026Q2,H3,standard,2023-01-31,-5.9296087178000176
2026Q2,H3,standard,2023-02-28,-3.7387405429960872
2026Q2,H3,standard,2023-03-31,-1.1805292000957768
2026Q2,H3,standard,2023-04-30,-0.65895509997057555
2026Q2,H3,standard,2023-05-31,-0.41798136696991117
2026Q2,H3,standard,2023-06-30,-0.37156985062381609
2026Q2,H3,standard,2023-07-31,-0.33159931069258641
2026Q2,H3,standard,2023-08-31,-0.21339201710677388
2026Q2,H3,standard,2023-09-30,-0.23014942536549643
2026Q2,H3,standard,2023-10-31,-0.21996275099129015
2026Q2,H3,standard,2023-11-30,-0.092938042534841031
2026Q2,H3,standard,2023-12-31,-0.06430403109197462
2026Q2,H3,standard,2024-01-31,2.8028618387635067
2026Q2,H3,standard,2024-02-29,2.7203178460284616
2026Q2,H3,standard,2024-03-31,0.33286625680534421
2026Q2,H3,standard,2024-04-30,0.65644163960903579
2026Q2,H3,standard,2024-05-31,0.43564703618780209
2026Q2,H3,standard,2024-06-30,0.42205587378241394
2026Q2,H3,standard,2024-07-31,0.31972278658094355
2026Q2,H3,standard,2024-08-31,0.24688325019981153
2026Q2,H3,standard,2024-09-30,0.25844070469315883
2026Q2,H3,standard,2024-10-31,0.27401587570385577
2026Q2,H3,standard,2024-11-30,0.26033351152835571
2026Q2,H3,standard,2024-12-31,0.25211879263976983
2026Q2,H3,standard,2025-01-31,0.18657064421455863
2026Q2,H3,standard,2025-02-28,0.25945793926334099
2026Q2,H3,standard,2025-03-31,0.2679424699791686
2026Q2,H3,standard,2025-04-30,0.18478317576838887
2026Q2,H3,standard,2025-05-31,0.18577954687452058
2026Q2,H3,standard,2025-06-30,0.28548698156998853
2026Q2,H3,standard,2025-07-31,0.28426629193225972
2026Q2,H3,standard,2025-08-31,0.32815209233968068
2026Q2,H3,standard,2025-09-30,0.58133628634682133
2026Q2,H3,standard,2025-10-31,0.57169699723977607
2026Q2,H3,standard,2025-11-30,0.6263077185344097
2026Q2,H3,standard,2025-12-31,0.62571908380998886
2026Q2,H3,standard,2026-01-31,0.78299210600543012
2026Q2,H3,standard,2026-02-28,1.0114351473288936
2026Q2,H3,standard,2026-03-31,1.8078726048701812
2026Q2,H3,standard,2026-04-30,1.6414099870454404
2026Q2,H3,standard,2026-05-31,2.2443492120017599
2026Q2,H3,standard,2026-06-30,1.4468989335791396
