model,lag_mode,timing_rule,target_definition,evaluation_group,horizon,sample,n_forecasts,n_target_quarters,rmse,mae,bias,information_class
AR1,conservative,PERMISSIVE_END_OF_DAY,FIRST_RELEASE,DEVELOPMENT_PSEUDO_OOS,H1,ALL_AVAILABLE,6,6,0.429616289633934,0.40099513102013989,0.40099513102013989,VERIFIED_DOCUMENTED_VINTAGES_PARTIAL_RELEASE_HISTORY
AR1,conservative,PERMISSIVE_END_OF_DAY,FIRST_RELEASE,DEVELOPMENT_PSEUDO_OOS,H2,ALL_AVAILABLE,6,6,0.429616289633934,0.40099513102013989,0.40099513102013989,VERIFIED_DOCUMENTED_VINTAGES_PARTIAL_RELEASE_HISTORY
AR1,conservative,PERMISSIVE_END_OF_DAY,FIRST_RELEASE,DEVELOPMENT_PSEUDO_OOS,H3,ALL_AVAILABLE,6,6,0.429616289633934,0.40099513102013989,0.40099513102013989,VERIFIED_DOCUMENTED_VINTAGES_PARTIAL_RELEASE_HISTORY
AR1,conservative,PERMISSIVE_END_OF_DAY,FIRST_RELEASE,DEVELOPMENT_PSEUDO_OOS,ALL,ALL_AVAILABLE,18,6,0.429616289633934,0.40099513102013989,0.40099513102013989,VERIFIED_DOCUMENTED_VINTAGES_PARTIAL_RELEASE_HISTORY
AR1,conservative,PERMISSIVE_END_OF_DAY,FIRST_RELEASE,DEVELOPMENT_PSEUDO_OOS,H2_H3,ALL_AVAILABLE,12,6,0.429616289633934,0.40099513102013989,0.40099513102013989,VERIFIED_DOCUMENTED_VINTAGES_PARTIAL_RELEASE_HISTORY
AR1,conservative,PERMISSIVE_END_OF_DAY,FIRST_RELEASE,HISTORICAL_POST_DEVELOPMENT_TEST,H1,ALL_AVAILABLE,4,4,0.79838074935588221,0.68403405562348607,0.68403405562348607,VERIFIED_DOCUMENTED_VINTAGES_PARTIAL_RELEASE_HISTORY
AR1,conservative,PERMISSIVE_END_OF_DAY,FIRST_RELEASE,HISTORICAL_POST_DEVELOPMENT_TEST,H2,ALL_AVAILABLE,4,4,0.79838074935588221,0.68403405562348607,0.68403405562348607,VERIFIED_DOCUMENTED_VINTAGES_PARTIAL_RELEASE_HISTORY
AR1,conservative,PERMISSIVE_END_OF_DAY,FIRST_RELEASE,HISTORICAL_POST_DEVELOPMENT_TEST,H3,ALL_AVAILABLE,4,4,0.79838074935588221,0.68403405562348607,0.68403405562348607,VERIFIED_DOCUMENTED_VINTAGES_PARTIAL_RELEASE_HISTORY
AR1,conservative,PERMISSIVE_END_OF_DAY,FIRST_RELEASE,HISTORICAL_POST_DEVELOPMENT_TEST,ALL,ALL_AVAILABLE,12,4,0.79838074935588221,0.68403405562348618,0.68403405562348618,VERIFIED_DOCUMENTED_VINTAGES_PARTIAL_RELEASE_HISTORY
AR1,conservative,PERMISSIVE_END_OF_DAY,FIRST_RELEASE,HISTORICAL_POST_DEVELOPMENT_TEST,H2_H3,ALL_AVAILABLE,8,4,0.79838074935588221,0.68403405562348607,0.68403405562348607,VERIFIED_DOCUMENTED_VINTAGES_PARTIAL_RELEASE_HISTORY
AR1,conservative,PERMISSIVE_END_OF_DAY,FIRST_RELEASE,POOLED_RESEARCH_ONLY,H1,ALL_AVAILABLE,10,10,0.60473698594357606,0.51421070086147835,0.51421070086147835,VERIFIED_DOCUMENTED_VINTAGES_PARTIAL_RELEASE_HISTORY
AR1,conservative,PERMISSIVE_END_OF_DAY,FIRST_RELEASE,POOLED_RESEARCH_ONLY,H2,ALL_AVAILABLE,10,10,0.60473698594357606,0.51421070086147835,0.51421070086147835,VERIFIED_DOCUMENTED_VINTAGES_PARTIAL_RELEASE_HISTORY
AR1,conservative,PERMISSIVE_END_OF_DAY,FIRST_RELEASE,POOLED_RESEARCH_ONLY,H3,ALL_AVAILABLE,10,10,0.60473698594357606,0.51421070086147835,0.51421070086147835,VERIFIED_DOCUMENTED_VINTAGES_PARTIAL_RELEASE_HISTORY
AR1,conservative,PERMISSIVE_END_OF_DAY,FIRST_RELEASE,POOLED_RESEARCH_ONLY,ALL,ALL_AVAILABLE,30,10,0.60473698594357606,0.51421070086147835,0.51421070086147835,VERIFIED_DOCUMENTED_VINTAGES_PARTIAL_RELEASE_HISTORY
AR1,conservative,PERMISSIVE_END_OF_DAY,FIRST_RELEASE,POOLED_RESEARCH_ONLY,H2_H3,ALL_AVAILABLE,20,10,0.60473698594357617,0.51421070086147846,0.51421070086147846,VERIFIED_DOCUMENTED_VINTAGES_PARTIAL_RELEASE_HISTORY
AR1,conservative,PERMISSIVE_END_OF_DAY,LATEST_REVISED,DEVELOPMENT_PSEUDO_OOS,H1,ALL_AVAILABLE,6,6,0.51137565991106293,0.50099513102013937,0.50099513102013937,VERIFIED_DOCUMENTED_VINTAGES_PARTIAL_RELEASE_HISTORY
AR1,conservative,PERMISSIVE_END_OF_DAY,LATEST_REVISED,DEVELOPMENT_PSEUDO_OOS,H2,ALL_AVAILABLE,6,6,0.51137565991106293,0.50099513102013937,0.50099513102013937,VERIFIED_DOCUMENTED_VINTAGES_PARTIAL_RELEASE_HISTORY
AR1,conservative,PERMISSIVE_END_OF_DAY,LATEST_REVISED,DEVELOPMENT_PSEUDO_OOS,H3,ALL_AVAILABLE,6,6,0.51137565991106293,0.50099513102013937,0.50099513102013937,VERIFIED_DOCUMENTED_VINTAGES_PARTIAL_RELEASE_HISTORY
AR1,conservative,PERMISSIVE_END_OF_DAY,LATEST_REVISED,DEVELOPMENT_PSEUDO_OOS,ALL,ALL_AVAILABLE,18,6,0.51137565991106293,0.50099513102013948,0.50099513102013948,VERIFIED_DOCUMENTED_VINTAGES_PARTIAL_RELEASE_HISTORY
AR1,conservative,PERMISSIVE_END_OF_DAY,LATEST_REVISED,DEVELOPMENT_PSEUDO_OOS,H2_H3,ALL_AVAILABLE,12,6,0.51137565991106293,0.50099513102013937,0.50099513102013937,VERIFIED_DOCUMENTED_VINTAGES_PARTIAL_RELEASE_HISTORY
AR1,conservative,PERMISSIVE_END_OF_DAY,LATEST_REVISED,HISTORICAL_POST_DEVELOPMENT_TEST,H1,ALL_AVAILABLE,4,4,0.79838074935588288,0.68403405562348629,0.68403405562348629,VERIFIED_DOCUMENTED_VINTAGES_PARTIAL_RELEASE_HISTORY
AR1,conservative,PERMISSIVE_END_OF_DAY,LATEST_REVISED,HISTORICAL_POST_DEVELOPMENT_TEST,H2,ALL_AVAILABLE,4,4,0.79838074935588288,0.68403405562348629,0.68403405562348629,VERIFIED_DOCUMENTED_VINTAGES_PARTIAL_RELEASE_HISTORY
AR1,conservative,PERMISSIVE_END_OF_DAY,LATEST_REVISED,HISTORICAL_POST_DEVELOPMENT_TEST,H3,ALL_AVAILABLE,4,4,0.79838074935588288,0.68403405562348629,0.68403405562348629,VERIFIED_DOCUMENTED_VINTAGES_PARTIAL_RELEASE_HISTORY
AR1,conservative,PERMISSIVE_END_OF_DAY,LATEST_REVISED,HISTORICAL_POST_DEVELOPMENT_TEST,ALL,ALL_AVAILABLE,12,4,0.79838074935588288,0.68403405562348629,0.68403405562348629,VERIFIED_DOCUMENTED_VINTAGES_PARTIAL_RELEASE_HISTORY
AR1,conservative,PERMISSIVE_END_OF_DAY,LATEST_REVISED,HISTORICAL_POST_DEVELOPMENT_TEST,H2_H3,ALL_AVAILABLE,8,4,0.79838074935588288,0.68403405562348629,0.68403405562348629,VERIFIED_DOCUMENTED_VINTAGES_PARTIAL_RELEASE_HISTORY
AR1,conservative,PERMISSIVE_END_OF_DAY,LATEST_REVISED,POOLED_RESEARCH_ONLY,H1,ALL_AVAILABLE,10,10,0.64176924802183333,0.57421070086147818,0.57421070086147818,VERIFIED_DOCUMENTED_VINTAGES_PARTIAL_RELEASE_HISTORY
AR1,conservative,PERMISSIVE_END_OF_DAY,LATEST_REVISED,POOLED_RESEARCH_ONLY,H2,ALL_AVAILABLE,10,10,0.64176924802183333,0.57421070086147818,0.57421070086147818,VERIFIED_DOCUMENTED_VINTAGES_PARTIAL_RELEASE_HISTORY
AR1,conservative,PERMISSIVE_END_OF_DAY,LATEST_REVISED,POOLED_RESEARCH_ONLY,H3,ALL_AVAILABLE,10,10,0.64176924802183333,0.57421070086147818,0.57421070086147818,VERIFIED_DOCUMENTED_VINTAGES_PARTIAL_RELEASE_HISTORY
AR1,conservative,PERMISSIVE_END_OF_DAY,LATEST_REVISED,POOLED_RESEARCH_ONLY,ALL,ALL_AVAILABLE,30,10,0.64176924802183344,0.57421070086147818,0.57421070086147818,VERIFIED_DOCUMENTED_VINTAGES_PARTIAL_RELEASE_HISTORY
AR1,conservative,PERMISSIVE_END_OF_DAY,LATEST_REVISED,POOLED_RESEARCH_ONLY,H2_H3,ALL_AVAILABLE,20,10,0.64176924802183333,0.5742107008614783,0.5742107008614783,VERIFIED_DOCUMENTED_VINTAGES_PARTIAL_RELEASE_HISTORY
AR1,conservative,STRICT,FIRST_RELEASE,DEVELOPMENT_PSEUDO_OOS,H1,ALL_AVAILABLE,6,6,0.429616289633934,0.40099513102013989,0.40099513102013989,VERIFIED_DOCUMENTED_VINTAGES_PARTIAL_RELEASE_HISTORY
AR1,conservative,STRICT,FIRST_RELEASE,DEVELOPMENT_PSEUDO_OOS,H2,ALL_AVAILABLE,6,6,0.429616289633934,0.40099513102013989,0.40099513102013989,VERIFIED_DOCUMENTED_VINTAGES_PARTIAL_RELEASE_HISTORY
AR1,conservative,STRICT,FIRST_RELEASE,DEVELOPMENT_PSEUDO_OOS,H3,ALL_AVAILABLE,6,6,0.429616289633934,0.40099513102013989,0.40099513102013989,VERIFIED_DOCUMENTED_VINTAGES_PARTIAL_RELEASE_HISTORY
AR1,conservative,STRICT,FIRST_RELEASE,DEVELOPMENT_PSEUDO_OOS,ALL,ALL_AVAILABLE,18,6,0.429616289633934,0.40099513102013989,0.40099513102013989,VERIFIED_DOCUMENTED_VINTAGES_PARTIAL_RELEASE_HISTORY
AR1,conservative,STRICT,FIRST_RELEASE,DEVELOPMENT_PSEUDO_OOS,H2_H3,ALL_AVAILABLE,12,6,0.429616289633934,0.40099513102013989,0.40099513102013989,VERIFIED_DOCUMENTED_VINTAGES_PARTIAL_RELEASE_HISTORY
AR1,conservative,STRICT,FIRST_RELEASE,HISTORICAL_POST_DEVELOPMENT_TEST,H1,ALL_AVAILABLE,4,4,0.79838074935588221,0.68403405562348607,0.68403405562348607,VERIFIED_DOCUMENTED_VINTAGES_PARTIAL_RELEASE_HISTORY
AR1,conservative,STRICT,FIRST_RELEASE,HISTORICAL_POST_DEVELOPMENT_TEST,H2,ALL_AVAILABLE,4,4,0.79838074935588221,0.68403405562348607,0.68403405562348607,VERIFIED_DOCUMENTED_VINTAGES_PARTIAL_RELEASE_HISTORY
AR1,conservative,STRICT,FIRST_RELEASE,HISTORICAL_POST_DEVELOPMENT_TEST,H3,ALL_AVAILABLE,4,4,0.79838074935588221,0.68403405562348607,0.68403405562348607,VERIFIED_DOCUMENTED_VINTAGES_PARTIAL_RELEASE_HISTORY
AR1,conservative,STRICT,FIRST_RELEASE,HISTORICAL_POST_DEVELOPMENT_TEST,ALL,ALL_AVAILABLE,12,4,0.79838074935588221,0.68403405562348618,0.68403405562348618,VERIFIED_DOCUMENTED_VINTAGES_PARTIAL_RELEASE_HISTORY
AR1,conservative,STRICT,FIRST_RELEASE,HISTORICAL_POST_DEVELOPMENT_TEST,H2_H3,ALL_AVAILABLE,8,4,0.79838074935588221,0.68403405562348607,0.68403405562348607,VERIFIED_DOCUMENTED_VINTAGES_PARTIAL_RELEASE_HISTORY
AR1,conservative,STRICT,FIRST_RELEASE,POOLED_RESEARCH_ONLY,H1,ALL_AVAILABLE,10,10,0.60473698594357606,0.51421070086147835,0.51421070086147835,VERIFIED_DOCUMENTED_VINTAGES_PARTIAL_RELEASE_HISTORY
AR1,conservative,STRICT,FIRST_RELEASE,POOLED_RESEARCH_ONLY,H2,ALL_AVAILABLE,10,10,0.60473698594357606,0.51421070086147835,0.51421070086147835,VERIFIED_DOCUMENTED_VINTAGES_PARTIAL_RELEASE_HISTORY
AR1,conservative,STRICT,FIRST_RELEASE,POOLED_RESEARCH_ONLY,H3,ALL_AVAILABLE,10,10,0.60473698594357606,0.51421070086147835,0.51421070086147835,VERIFIED_DOCUMENTED_VINTAGES_PARTIAL_RELEASE_HISTORY
AR1,conservative,STRICT,FIRST_RELEASE,POOLED_RESEARCH_ONLY,ALL,ALL_AVAILABLE,30,10,0.60473698594357606,0.51421070086147835,0.51421070086147835,VERIFIED_DOCUMENTED_VINTAGES_PARTIAL_RELEASE_HISTORY
AR1,conservative,STRICT,FIRST_RELEASE,POOLED_RESEARCH_ONLY,H2_H3,ALL_AVAILABLE,20,10,0.60473698594357617,0.51421070086147846,0.51421070086147846,VERIFIED_DOCUMENTED_VINTAGES_PARTIAL_RELEASE_HISTORY
AR1,conservative,STRICT,LATEST_REVISED,DEVELOPMENT_PSEUDO_OOS,H1,ALL_AVAILABLE,6,6,0.51137565991106293,0.50099513102013937,0.50099513102013937,VERIFIED_DOCUMENTED_VINTAGES_PARTIAL_RELEASE_HISTORY
AR1,conservative,STRICT,LATEST_REVISED,DEVELOPMENT_PSEUDO_OOS,H2,ALL_AVAILABLE,6,6,0.51137565991106293,0.50099513102013937,0.50099513102013937,VERIFIED_DOCUMENTED_VINTAGES_PARTIAL_RELEASE_HISTORY
AR1,conservative,STRICT,LATEST_REVISED,DEVELOPMENT_PSEUDO_OOS,H3,ALL_AVAILABLE,6,6,0.51137565991106293,0.50099513102013937,0.50099513102013937,VERIFIED_DOCUMENTED_VINTAGES_PARTIAL_RELEASE_HISTORY
AR1,conservative,STRICT,LATEST_REVISED,DEVELOPMENT_PSEUDO_OOS,ALL,ALL_AVAILABLE,18,6,0.51137565991106293,0.50099513102013948,0.50099513102013948,VERIFIED_DOCUMENTED_VINTAGES_PARTIAL_RELEASE_HISTORY
AR1,conservative,STRICT,LATEST_REVISED,DEVELOPMENT_PSEUDO_OOS,H2_H3,ALL_AVAILABLE,12,6,0.51137565991106293,0.50099513102013937,0.50099513102013937,VERIFIED_DOCUMENTED_VINTAGES_PARTIAL_RELEASE_HISTORY
AR1,conservative,STRICT,LATEST_REVISED,HISTORICAL_POST_DEVELOPMENT_TEST,H1,ALL_AVAILABLE,4,4,0.79838074935588288,0.68403405562348629,0.68403405562348629,VERIFIED_DOCUMENTED_VINTAGES_PARTIAL_RELEASE_HISTORY
AR1,conservative,STRICT,LATEST_REVISED,HISTORICAL_POST_DEVELOPMENT_TEST,H2,ALL_AVAILABLE,4,4,0.79838074935588288,0.68403405562348629,0.68403405562348629,VERIFIED_DOCUMENTED_VINTAGES_PARTIAL_RELEASE_HISTORY
AR1,conservative,STRICT,LATEST_REVISED,HISTORICAL_POST_DEVELOPMENT_TEST,H3,ALL_AVAILABLE,4,4,0.79838074935588288,0.68403405562348629,0.68403405562348629,VERIFIED_DOCUMENTED_VINTAGES_PARTIAL_RELEASE_HISTORY
AR1,conservative,STRICT,LATEST_REVISED,HISTORICAL_POST_DEVELOPMENT_TEST,ALL,ALL_AVAILABLE,12,4,0.79838074935588288,0.68403405562348629,0.68403405562348629,VERIFIED_DOCUMENTED_VINTAGES_PARTIAL_RELEASE_HISTORY
AR1,conservative,STRICT,LATEST_REVISED,HISTORICAL_POST_DEVELOPMENT_TEST,H2_H3,ALL_AVAILABLE,8,4,0.79838074935588288,0.68403405562348629,0.68403405562348629,VERIFIED_DOCUMENTED_VINTAGES_PARTIAL_RELEASE_HISTORY
AR1,conservative,STRICT,LATEST_REVISED,POOLED_RESEARCH_ONLY,H1,ALL_AVAILABLE,10,10,0.64176924802183333,0.57421070086147818,0.57421070086147818,VERIFIED_DOCUMENTED_VINTAGES_PARTIAL_RELEASE_HISTORY
AR1,conservative,STRICT,LATEST_REVISED,POOLED_RESEARCH_ONLY,H2,ALL_AVAILABLE,10,10,0.64176924802183333,0.57421070086147818,0.57421070086147818,VERIFIED_DOCUMENTED_VINTAGES_PARTIAL_RELEASE_HISTORY
AR1,conservative,STRICT,LATEST_REVISED,POOLED_RESEARCH_ONLY,H3,ALL_AVAILABLE,10,10,0.64176924802183333,0.57421070086147818,0.57421070086147818,VERIFIED_DOCUMENTED_VINTAGES_PARTIAL_RELEASE_HISTORY
AR1,conservative,STRICT,LATEST_REVISED,POOLED_RESEARCH_ONLY,ALL,ALL_AVAILABLE,30,10,0.64176924802183344,0.57421070086147818,0.57421070086147818,VERIFIED_DOCUMENTED_VINTAGES_PARTIAL_RELEASE_HISTORY
AR1,conservative,STRICT,LATEST_REVISED,POOLED_RESEARCH_ONLY,H2_H3,ALL_AVAILABLE,20,10,0.64176924802183333,0.5742107008614783,0.5742107008614783,VERIFIED_DOCUMENTED_VINTAGES_PARTIAL_RELEASE_HISTORY
AR1,standard,PERMISSIVE_END_OF_DAY,FIRST_RELEASE,DEVELOPMENT_PSEUDO_OOS,H1,ALL_AVAILABLE,6,6,0.429616289633934,0.40099513102013989,0.40099513102013989,VERIFIED_DOCUMENTED_VINTAGES_PARTIAL_RELEASE_HISTORY
AR1,standard,PERMISSIVE_END_OF_DAY,FIRST_RELEASE,DEVELOPMENT_PSEUDO_OOS,H2,ALL_AVAILABLE,6,6,0.429616289633934,0.40099513102013989,0.40099513102013989,VERIFIED_DOCUMENTED_VINTAGES_PARTIAL_RELEASE_HISTORY
AR1,standard,PERMISSIVE_END_OF_DAY,FIRST_RELEASE,DEVELOPMENT_PSEUDO_OOS,H3,ALL_AVAILABLE,6,6,0.429616289633934,0.40099513102013989,0.40099513102013989,VERIFIED_DOCUMENTED_VINTAGES_PARTIAL_RELEASE_HISTORY
AR1,standard,PERMISSIVE_END_OF_DAY,FIRST_RELEASE,DEVELOPMENT_PSEUDO_OOS,ALL,ALL_AVAILABLE,18,6,0.429616289633934,0.40099513102013989,0.40099513102013989,VERIFIED_DOCUMENTED_VINTAGES_PARTIAL_RELEASE_HISTORY
AR1,standard,PERMISSIVE_END_OF_DAY,FIRST_RELEASE,DEVELOPMENT_PSEUDO_OOS,H2_H3,ALL_AVAILABLE,12,6,0.429616289633934,0.40099513102013989,0.40099513102013989,VERIFIED_DOCUMENTED_VINTAGES_PARTIAL_RELEASE_HISTORY
AR1,standard,PERMISSIVE_END_OF_DAY,FIRST_RELEASE,HISTORICAL_POST_DEVELOPMENT_TEST,H1,ALL_AVAILABLE,4,4,0.79838074935588221,0.68403405562348607,0.68403405562348607,VERIFIED_DOCUMENTED_VINTAGES_PARTIAL_RELEASE_HISTORY
AR1,standard,PERMISSIVE_END_OF_DAY,FIRST_RELEASE,HISTORICAL_POST_DEVELOPMENT_TEST,H2,ALL_AVAILABLE,4,4,0.79838074935588221,0.68403405562348607,0.68403405562348607,VERIFIED_DOCUMENTED_VINTAGES_PARTIAL_RELEASE_HISTORY
AR1,standard,PERMISSIVE_END_OF_DAY,FIRST_RELEASE,HISTORICAL_POST_DEVELOPMENT_TEST,H3,ALL_AVAILABLE,4,4,0.79838074935588221,0.68403405562348607,0.68403405562348607,VERIFIED_DOCUMENTED_VINTAGES_PARTIAL_RELEASE_HISTORY
AR1,standard,PERMISSIVE_END_OF_DAY,FIRST_RELEASE,HISTORICAL_POST_DEVELOPMENT_TEST,ALL,ALL_AVAILABLE,12,4,0.79838074935588221,0.68403405562348618,0.68403405562348618,VERIFIED_DOCUMENTED_VINTAGES_PARTIAL_RELEASE_HISTORY
AR1,standard,PERMISSIVE_END_OF_DAY,FIRST_RELEASE,HISTORICAL_POST_DEVELOPMENT_TEST,H2_H3,ALL_AVAILABLE,8,4,0.79838074935588221,0.68403405562348607,0.68403405562348607,VERIFIED_DOCUMENTED_VINTAGES_PARTIAL_RELEASE_HISTORY
AR1,standard,PERMISSIVE_END_OF_DAY,FIRST_RELEASE,POOLED_RESEARCH_ONLY,H1,ALL_AVAILABLE,10,10,0.60473698594357606,0.51421070086147835,0.51421070086147835,VERIFIED_DOCUMENTED_VINTAGES_PARTIAL_RELEASE_HISTORY
AR1,standard,PERMISSIVE_END_OF_DAY,FIRST_RELEASE,POOLED_RESEARCH_ONLY,H2,ALL_AVAILABLE,10,10,0.60473698594357606,0.51421070086147835,0.51421070086147835,VERIFIED_DOCUMENTED_VINTAGES_PARTIAL_RELEASE_HISTORY
AR1,standard,PERMISSIVE_END_OF_DAY,FIRST_RELEASE,POOLED_RESEARCH_ONLY,H3,ALL_AVAILABLE,10,10,0.60473698594357606,0.51421070086147835,0.51421070086147835,VERIFIED_DOCUMENTED_VINTAGES_PARTIAL_RELEASE_HISTORY
AR1,standard,PERMISSIVE_END_OF_DAY,FIRST_RELEASE,POOLED_RESEARCH_ONLY,ALL,ALL_AVAILABLE,30,10,0.60473698594357606,0.51421070086147835,0.51421070086147835,VERIFIED_DOCUMENTED_VINTAGES_PARTIAL_RELEASE_HISTORY
AR1,standard,PERMISSIVE_END_OF_DAY,FIRST_RELEASE,POOLED_RESEARCH_ONLY,H2_H3,ALL_AVAILABLE,20,10,0.60473698594357617,0.51421070086147846,0.51421070086147846,VERIFIED_DOCUMENTED_VINTAGES_PARTIAL_RELEASE_HISTORY
AR1,standard,PERMISSIVE_END_OF_DAY,LATEST_REVISED,DEVELOPMENT_PSEUDO_OOS,H1,ALL_AVAILABLE,6,6,0.51137565991106293,0.50099513102013937,0.50099513102013937,VERIFIED_DOCUMENTED_VINTAGES_PARTIAL_RELEASE_HISTORY
AR1,standard,PERMISSIVE_END_OF_DAY,LATEST_REVISED,DEVELOPMENT_PSEUDO_OOS,H2,ALL_AVAILABLE,6,6,0.51137565991106293,0.50099513102013937,0.50099513102013937,VERIFIED_DOCUMENTED_VINTAGES_PARTIAL_RELEASE_HISTORY
AR1,standard,PERMISSIVE_END_OF_DAY,LATEST_REVISED,DEVELOPMENT_PSEUDO_OOS,H3,ALL_AVAILABLE,6,6,0.51137565991106293,0.50099513102013937,0.50099513102013937,VERIFIED_DOCUMENTED_VINTAGES_PARTIAL_RELEASE_HISTORY
AR1,standard,PERMISSIVE_END_OF_DAY,LATEST_REVISED,DEVELOPMENT_PSEUDO_OOS,ALL,ALL_AVAILABLE,18,6,0.51137565991106293,0.50099513102013948,0.50099513102013948,VERIFIED_DOCUMENTED_VINTAGES_PARTIAL_RELEASE_HISTORY
AR1,standard,PERMISSIVE_END_OF_DAY,LATEST_REVISED,DEVELOPMENT_PSEUDO_OOS,H2_H3,ALL_AVAILABLE,12,6,0.51137565991106293,0.50099513102013937,0.50099513102013937,VERIFIED_DOCUMENTED_VINTAGES_PARTIAL_RELEASE_HISTORY
AR1,standard,PERMISSIVE_END_OF_DAY,LATEST_REVISED,HISTORICAL_POST_DEVELOPMENT_TEST,H1,ALL_AVAILABLE,4,4,0.79838074935588288,0.68403405562348629,0.68403405562348629,VERIFIED_DOCUMENTED_VINTAGES_PARTIAL_RELEASE_HISTORY
AR1,standard,PERMISSIVE_END_OF_DAY,LATEST_REVISED,HISTORICAL_POST_DEVELOPMENT_TEST,H2,ALL_AVAILABLE,4,4,0.79838074935588288,0.68403405562348629,0.68403405562348629,VERIFIED_DOCUMENTED_VINTAGES_PARTIAL_RELEASE_HISTORY
AR1,standard,PERMISSIVE_END_OF_DAY,LATEST_REVISED,HISTORICAL_POST_DEVELOPMENT_TEST,H3,ALL_AVAILABLE,4,4,0.79838074935588288,0.68403405562348629,0.68403405562348629,VERIFIED_DOCUMENTED_VINTAGES_PARTIAL_RELEASE_HISTORY
AR1,standard,PERMISSIVE_END_OF_DAY,LATEST_REVISED,HISTORICAL_POST_DEVELOPMENT_TEST,ALL,ALL_AVAILABLE,12,4,0.79838074935588288,0.68403405562348629,0.68403405562348629,VERIFIED_DOCUMENTED_VINTAGES_PARTIAL_RELEASE_HISTORY
AR1,standard,PERMISSIVE_END_OF_DAY,LATEST_REVISED,HISTORICAL_POST_DEVELOPMENT_TEST,H2_H3,ALL_AVAILABLE,8,4,0.79838074935588288,0.68403405562348629,0.68403405562348629,VERIFIED_DOCUMENTED_VINTAGES_PARTIAL_RELEASE_HISTORY
AR1,standard,PERMISSIVE_END_OF_DAY,LATEST_REVISED,POOLED_RESEARCH_ONLY,H1,ALL_AVAILABLE,10,10,0.64176924802183333,0.57421070086147818,0.57421070086147818,VERIFIED_DOCUMENTED_VINTAGES_PARTIAL_RELEASE_HISTORY
AR1,standard,PERMISSIVE_END_OF_DAY,LATEST_REVISED,POOLED_RESEARCH_ONLY,H2,ALL_AVAILABLE,10,10,0.64176924802183333,0.57421070086147818,0.57421070086147818,VERIFIED_DOCUMENTED_VINTAGES_PARTIAL_RELEASE_HISTORY
AR1,standard,PERMISSIVE_END_OF_DAY,LATEST_REVISED,POOLED_RESEARCH_ONLY,H3,ALL_AVAILABLE,10,10,0.64176924802183333,0.57421070086147818,0.57421070086147818,VERIFIED_DOCUMENTED_VINTAGES_PARTIAL_RELEASE_HISTORY
AR1,standard,PERMISSIVE_END_OF_DAY,LATEST_REVISED,POOLED_RESEARCH_ONLY,ALL,ALL_AVAILABLE,30,10,0.64176924802183344,0.57421070086147818,0.57421070086147818,VERIFIED_DOCUMENTED_VINTAGES_PARTIAL_RELEASE_HISTORY
AR1,standard,PERMISSIVE_END_OF_DAY,LATEST_REVISED,POOLED_RESEARCH_ONLY,H2_H3,ALL_AVAILABLE,20,10,0.64176924802183333,0.5742107008614783,0.5742107008614783,VERIFIED_DOCUMENTED_VINTAGES_PARTIAL_RELEASE_HISTORY
AR1,standard,STRICT,FIRST_RELEASE,DEVELOPMENT_PSEUDO_OOS,H1,ALL_AVAILABLE,6,6,0.429616289633934,0.40099513102013989,0.40099513102013989,VERIFIED_DOCUMENTED_VINTAGES_PARTIAL_RELEASE_HISTORY
AR1,standard,STRICT,FIRST_RELEASE,DEVELOPMENT_PSEUDO_OOS,H2,ALL_AVAILABLE,6,6,0.429616289633934,0.40099513102013989,0.40099513102013989,VERIFIED_DOCUMENTED_VINTAGES_PARTIAL_RELEASE_HISTORY
AR1,standard,STRICT,FIRST_RELEASE,DEVELOPMENT_PSEUDO_OOS,H3,ALL_AVAILABLE,6,6,0.429616289633934,0.40099513102013989,0.40099513102013989,VERIFIED_DOCUMENTED_VINTAGES_PARTIAL_RELEASE_HISTORY
AR1,standard,STRICT,FIRST_RELEASE,DEVELOPMENT_PSEUDO_OOS,ALL,ALL_AVAILABLE,18,6,0.429616289633934,0.40099513102013989,0.40099513102013989,VERIFIED_DOCUMENTED_VINTAGES_PARTIAL_RELEASE_HISTORY
AR1,standard,STRICT,FIRST_RELEASE,DEVELOPMENT_PSEUDO_OOS,H2_H3,ALL_AVAILABLE,12,6,0.429616289633934,0.40099513102013989,0.40099513102013989,VERIFIED_DOCUMENTED_VINTAGES_PARTIAL_RELEASE_HISTORY
AR1,standard,STRICT,FIRST_RELEASE,HISTORICAL_POST_DEVELOPMENT_TEST,H1,ALL_AVAILABLE,4,4,0.79838074935588221,0.68403405562348607,0.68403405562348607,VERIFIED_DOCUMENTED_VINTAGES_PARTIAL_RELEASE_HISTORY
AR1,standard,STRICT,FIRST_RELEASE,HISTORICAL_POST_DEVELOPMENT_TEST,H2,ALL_AVAILABLE,4,4,0.79838074935588221,0.68403405562348607,0.68403405562348607,VERIFIED_DOCUMENTED_VINTAGES_PARTIAL_RELEASE_HISTORY
AR1,standard,STRICT,FIRST_RELEASE,HISTORICAL_POST_DEVELOPMENT_TEST,H3,ALL_AVAILABLE,4,4,0.79838074935588221,0.68403405562348607,0.68403405562348607,VERIFIED_DOCUMENTED_VINTAGES_PARTIAL_RELEASE_HISTORY
AR1,standard,STRICT,FIRST_RELEASE,HISTORICAL_POST_DEVELOPMENT_TEST,ALL,ALL_AVAILABLE,12,4,0.79838074935588221,0.68403405562348618,0.68403405562348618,VERIFIED_DOCUMENTED_VINTAGES_PARTIAL_RELEASE_HISTORY
AR1,standard,STRICT,FIRST_RELEASE,HISTORICAL_POST_DEVELOPMENT_TEST,H2_H3,ALL_AVAILABLE,8,4,0.79838074935588221,0.68403405562348607,0.68403405562348607,VERIFIED_DOCUMENTED_VINTAGES_PARTIAL_RELEASE_HISTORY
AR1,standard,STRICT,FIRST_RELEASE,POOLED_RESEARCH_ONLY,H1,ALL_AVAILABLE,10,10,0.60473698594357606,0.51421070086147835,0.51421070086147835,VERIFIED_DOCUMENTED_VINTAGES_PARTIAL_RELEASE_HISTORY
AR1,standard,STRICT,FIRST_RELEASE,POOLED_RESEARCH_ONLY,H2,ALL_AVAILABLE,10,10,0.60473698594357606,0.51421070086147835,0.51421070086147835,VERIFIED_DOCUMENTED_VINTAGES_PARTIAL_RELEASE_HISTORY
AR1,standard,STRICT,FIRST_RELEASE,POOLED_RESEARCH_ONLY,H3,ALL_AVAILABLE,10,10,0.60473698594357606,0.51421070086147835,0.51421070086147835,VERIFIED_DOCUMENTED_VINTAGES_PARTIAL_RELEASE_HISTORY
AR1,standard,STRICT,FIRST_RELEASE,POOLED_RESEARCH_ONLY,ALL,ALL_AVAILABLE,30,10,0.60473698594357606,0.51421070086147835,0.51421070086147835,VERIFIED_DOCUMENTED_VINTAGES_PARTIAL_RELEASE_HISTORY
AR1,standard,STRICT,FIRST_RELEASE,POOLED_RESEARCH_ONLY,H2_H3,ALL_AVAILABLE,20,10,0.60473698594357617,0.51421070086147846,0.51421070086147846,VERIFIED_DOCUMENTED_VINTAGES_PARTIAL_RELEASE_HISTORY
AR1,standard,STRICT,LATEST_REVISED,DEVELOPMENT_PSEUDO_OOS,H1,ALL_AVAILABLE,6,6,0.51137565991106293,0.50099513102013937,0.50099513102013937,VERIFIED_DOCUMENTED_VINTAGES_PARTIAL_RELEASE_HISTORY
AR1,standard,STRICT,LATEST_REVISED,DEVELOPMENT_PSEUDO_OOS,H2,ALL_AVAILABLE,6,6,0.51137565991106293,0.50099513102013937,0.50099513102013937,VERIFIED_DOCUMENTED_VINTAGES_PARTIAL_RELEASE_HISTORY
AR1,standard,STRICT,LATEST_REVISED,DEVELOPMENT_PSEUDO_OOS,H3,ALL_AVAILABLE,6,6,0.51137565991106293,0.50099513102013937,0.50099513102013937,VERIFIED_DOCUMENTED_VINTAGES_PARTIAL_RELEASE_HISTORY
AR1,standard,STRICT,LATEST_REVISED,DEVELOPMENT_PSEUDO_OOS,ALL,ALL_AVAILABLE,18,6,0.51137565991106293,0.50099513102013948,0.50099513102013948,VERIFIED_DOCUMENTED_VINTAGES_PARTIAL_RELEASE_HISTORY
AR1,standard,STRICT,LATEST_REVISED,DEVELOPMENT_PSEUDO_OOS,H2_H3,ALL_AVAILABLE,12,6,0.51137565991106293,0.50099513102013937,0.50099513102013937,VERIFIED_DOCUMENTED_VINTAGES_PARTIAL_RELEASE_HISTORY
AR1,standard,STRICT,LATEST_REVISED,HISTORICAL_POST_DEVELOPMENT_TEST,H1,ALL_AVAILABLE,4,4,0.79838074935588288,0.68403405562348629,0.68403405562348629,VERIFIED_DOCUMENTED_VINTAGES_PARTIAL_RELEASE_HISTORY
AR1,standard,STRICT,LATEST_REVISED,HISTORICAL_POST_DEVELOPMENT_TEST,H2,ALL_AVAILABLE,4,4,0.79838074935588288,0.68403405562348629,0.68403405562348629,VERIFIED_DOCUMENTED_VINTAGES_PARTIAL_RELEASE_HISTORY
AR1,standard,STRICT,LATEST_REVISED,HISTORICAL_POST_DEVELOPMENT_TEST,H3,ALL_AVAILABLE,4,4,0.79838074935588288,0.68403405562348629,0.68403405562348629,VERIFIED_DOCUMENTED_VINTAGES_PARTIAL_RELEASE_HISTORY
AR1,standard,STRICT,LATEST_REVISED,HISTORICAL_POST_DEVELOPMENT_TEST,ALL,ALL_AVAILABLE,12,4,0.79838074935588288,0.68403405562348629,0.68403405562348629,VERIFIED_DOCUMENTED_VINTAGES_PARTIAL_RELEASE_HISTORY
AR1,standard,STRICT,LATEST_REVISED,HISTORICAL_POST_DEVELOPMENT_TEST,H2_H3,ALL_AVAILABLE,8,4,0.79838074935588288,0.68403405562348629,0.68403405562348629,VERIFIED_DOCUMENTED_VINTAGES_PARTIAL_RELEASE_HISTORY
AR1,standard,STRICT,LATEST_REVISED,POOLED_RESEARCH_ONLY,H1,ALL_AVAILABLE,10,10,0.64176924802183333,0.57421070086147818,0.57421070086147818,VERIFIED_DOCUMENTED_VINTAGES_PARTIAL_RELEASE_HISTORY
AR1,standard,STRICT,LATEST_REVISED,POOLED_RESEARCH_ONLY,H2,ALL_AVAILABLE,10,10,0.64176924802183333,0.57421070086147818,0.57421070086147818,VERIFIED_DOCUMENTED_VINTAGES_PARTIAL_RELEASE_HISTORY
AR1,standard,STRICT,LATEST_REVISED,POOLED_RESEARCH_ONLY,H3,ALL_AVAILABLE,10,10,0.64176924802183333,0.57421070086147818,0.57421070086147818,VERIFIED_DOCUMENTED_VINTAGES_PARTIAL_RELEASE_HISTORY
AR1,standard,STRICT,LATEST_REVISED,POOLED_RESEARCH_ONLY,ALL,ALL_AVAILABLE,30,10,0.64176924802183344,0.57421070086147818,0.57421070086147818,VERIFIED_DOCUMENTED_VINTAGES_PARTIAL_RELEASE_HISTORY
AR1,standard,STRICT,LATEST_REVISED,POOLED_RESEARCH_ONLY,H2_H3,ALL_AVAILABLE,20,10,0.64176924802183333,0.5742107008614783,0.5742107008614783,VERIFIED_DOCUMENTED_VINTAGES_PARTIAL_RELEASE_HISTORY
AR2,conservative,PERMISSIVE_END_OF_DAY,FIRST_RELEASE,DEVELOPMENT_PSEUDO_OOS,H1,ALL_AVAILABLE,6,6,0.51890534928067356,0.48356287971312523,0.48356287971312523,VERIFIED_DOCUMENTED_VINTAGES_PARTIAL_RELEASE_HISTORY
AR2,conservative,PERMISSIVE_END_OF_DAY,FIRST_RELEASE,DEVELOPMENT_PSEUDO_OOS,H2,ALL_AVAILABLE,6,6,0.51890534928067356,0.48356287971312523,0.48356287971312523,VERIFIED_DOCUMENTED_VINTAGES_PARTIAL_RELEASE_HISTORY
AR2,conservative,PERMISSIVE_END_OF_DAY,FIRST_RELEASE,DEVELOPMENT_PSEUDO_OOS,H3,ALL_AVAILABLE,6,6,0.51890534928067356,0.48356287971312523,0.48356287971312523,VERIFIED_DOCUMENTED_VINTAGES_PARTIAL_RELEASE_HISTORY
AR2,conservative,PERMISSIVE_END_OF_DAY,FIRST_RELEASE,DEVELOPMENT_PSEUDO_OOS,ALL,ALL_AVAILABLE,18,6,0.51890534928067356,0.48356287971312523,0.48356287971312523,VERIFIED_DOCUMENTED_VINTAGES_PARTIAL_RELEASE_HISTORY
AR2,conservative,PERMISSIVE_END_OF_DAY,FIRST_RELEASE,DEVELOPMENT_PSEUDO_OOS,H2_H3,ALL_AVAILABLE,12,6,0.51890534928067356,0.48356287971312523,0.48356287971312523,VERIFIED_DOCUMENTED_VINTAGES_PARTIAL_RELEASE_HISTORY
AR2,conservative,PERMISSIVE_END_OF_DAY,FIRST_RELEASE,HISTORICAL_POST_DEVELOPMENT_TEST,H1,ALL_AVAILABLE,4,4,0.94840611997709789,0.75200674093053199,0.75200674093053199,VERIFIED_DOCUMENTED_VINTAGES_PARTIAL_RELEASE_HISTORY
AR2,conservative,PERMISSIVE_END_OF_DAY,FIRST_RELEASE,HISTORICAL_POST_DEVELOPMENT_TEST,H2,ALL_AVAILABLE,4,4,0.94840611997709789,0.75200674093053199,0.75200674093053199,VERIFIED_DOCUMENTED_VINTAGES_PARTIAL_RELEASE_HISTORY
AR2,conservative,PERMISSIVE_END_OF_DAY,FIRST_RELEASE,HISTORICAL_POST_DEVELOPMENT_TEST,H3,ALL_AVAILABLE,4,4,0.94840611997709789,0.75200674093053199,0.75200674093053199,VERIFIED_DOCUMENTED_VINTAGES_PARTIAL_RELEASE_HISTORY
AR2,conservative,PERMISSIVE_END_OF_DAY,FIRST_RELEASE,HISTORICAL_POST_DEVELOPMENT_TEST,ALL,ALL_AVAILABLE,12,4,0.94840611997709801,0.7520067409305321,0.7520067409305321,VERIFIED_DOCUMENTED_VINTAGES_PARTIAL_RELEASE_HISTORY
AR2,conservative,PERMISSIVE_END_OF_DAY,FIRST_RELEASE,HISTORICAL_POST_DEVELOPMENT_TEST,H2_H3,ALL_AVAILABLE,8,4,0.94840611997709789,0.75200674093053199,0.75200674093053199,VERIFIED_DOCUMENTED_VINTAGES_PARTIAL_RELEASE_HISTORY
AR2,conservative,PERMISSIVE_END_OF_DAY,FIRST_RELEASE,POOLED_RESEARCH_ONLY,H1,ALL_AVAILABLE,10,10,0.72204385204173305,0.59094042420008797,0.59094042420008797,VERIFIED_DOCUMENTED_VINTAGES_PARTIAL_RELEASE_HISTORY
AR2,conservative,PERMISSIVE_END_OF_DAY,FIRST_RELEASE,POOLED_RESEARCH_ONLY,H2,ALL_AVAILABLE,10,10,0.72204385204173305,0.59094042420008797,0.59094042420008797,VERIFIED_DOCUMENTED_VINTAGES_PARTIAL_RELEASE_HISTORY
AR2,conservative,PERMISSIVE_END_OF_DAY,FIRST_RELEASE,POOLED_RESEARCH_ONLY,H3,ALL_AVAILABLE,10,10,0.72204385204173305,0.59094042420008797,0.59094042420008797,VERIFIED_DOCUMENTED_VINTAGES_PARTIAL_RELEASE_HISTORY
AR2,conservative,PERMISSIVE_END_OF_DAY,FIRST_RELEASE,POOLED_RESEARCH_ONLY,ALL,ALL_AVAILABLE,30,10,0.72204385204173305,0.59094042420008797,0.59094042420008797,VERIFIED_DOCUMENTED_VINTAGES_PARTIAL_RELEASE_HISTORY
AR2,conservative,PERMISSIVE_END_OF_DAY,FIRST_RELEASE,POOLED_RESEARCH_ONLY,H2_H3,ALL_AVAILABLE,20,10,0.72204385204173305,0.59094042420008797,0.59094042420008797,VERIFIED_DOCUMENTED_VINTAGES_PARTIAL_RELEASE_HISTORY
AR2,conservative,PERMISSIVE_END_OF_DAY,LATEST_REVISED,DEVELOPMENT_PSEUDO_OOS,H1,ALL_AVAILABLE,6,6,0.59504520629538782,0.5835628797131247,0.5835628797131247,VERIFIED_DOCUMENTED_VINTAGES_PARTIAL_RELEASE_HISTORY
AR2,conservative,PERMISSIVE_END_OF_DAY,LATEST_REVISED,DEVELOPMENT_PSEUDO_OOS,H2,ALL_AVAILABLE,6,6,0.59504520629538782,0.5835628797131247,0.5835628797131247,VERIFIED_DOCUMENTED_VINTAGES_PARTIAL_RELEASE_HISTORY
AR2,conservative,PERMISSIVE_END_OF_DAY,LATEST_REVISED,DEVELOPMENT_PSEUDO_OOS,H3,ALL_AVAILABLE,6,6,0.59504520629538782,0.5835628797131247,0.5835628797131247,VERIFIED_DOCUMENTED_VINTAGES_PARTIAL_RELEASE_HISTORY
AR2,conservative,PERMISSIVE_END_OF_DAY,LATEST_REVISED,DEVELOPMENT_PSEUDO_OOS,ALL,ALL_AVAILABLE,18,6,0.59504520629538782,0.5835628797131247,0.5835628797131247,VERIFIED_DOCUMENTED_VINTAGES_PARTIAL_RELEASE_HISTORY
AR2,conservative,PERMISSIVE_END_OF_DAY,LATEST_REVISED,DEVELOPMENT_PSEUDO_OOS,H2_H3,ALL_AVAILABLE,12,6,0.59504520629538782,0.5835628797131247,0.5835628797131247,VERIFIED_DOCUMENTED_VINTAGES_PARTIAL_RELEASE_HISTORY
AR2,conservative,PERMISSIVE_END_OF_DAY,LATEST_REVISED,HISTORICAL_POST_DEVELOPMENT_TEST,H1,ALL_AVAILABLE,4,4,0.94840611997709878,0.75200674093053221,0.75200674093053221,VERIFIED_DOCUMENTED_VINTAGES_PARTIAL_RELEASE_HISTORY
AR2,conservative,PERMISSIVE_END_OF_DAY,LATEST_REVISED,HISTORICAL_POST_DEVELOPMENT_TEST,H2,ALL_AVAILABLE,4,4,0.94840611997709878,0.75200674093053221,0.75200674093053221,VERIFIED_DOCUMENTED_VINTAGES_PARTIAL_RELEASE_HISTORY
AR2,conservative,PERMISSIVE_END_OF_DAY,LATEST_REVISED,HISTORICAL_POST_DEVELOPMENT_TEST,H3,ALL_AVAILABLE,4,4,0.94840611997709878,0.75200674093053221,0.75200674093053221,VERIFIED_DOCUMENTED_VINTAGES_PARTIAL_RELEASE_HISTORY
AR2,conservative,PERMISSIVE_END_OF_DAY,LATEST_REVISED,HISTORICAL_POST_DEVELOPMENT_TEST,ALL,ALL_AVAILABLE,12,4,0.94840611997709889,0.75200674093053221,0.75200674093053221,VERIFIED_DOCUMENTED_VINTAGES_PARTIAL_RELEASE_HISTORY
AR2,conservative,PERMISSIVE_END_OF_DAY,LATEST_REVISED,HISTORICAL_POST_DEVELOPMENT_TEST,H2_H3,ALL_AVAILABLE,8,4,0.94840611997709878,0.75200674093053221,0.75200674093053221,VERIFIED_DOCUMENTED_VINTAGES_PARTIAL_RELEASE_HISTORY
AR2,conservative,PERMISSIVE_END_OF_DAY,LATEST_REVISED,POOLED_RESEARCH_ONLY,H1,ALL_AVAILABLE,10,10,0.75646344649631181,0.65094042420008769,0.65094042420008769,VERIFIED_DOCUMENTED_VINTAGES_PARTIAL_RELEASE_HISTORY
AR2,conservative,PERMISSIVE_END_OF_DAY,LATEST_REVISED,POOLED_RESEARCH_ONLY,H2,ALL_AVAILABLE,10,10,0.75646344649631181,0.65094042420008769,0.65094042420008769,VERIFIED_DOCUMENTED_VINTAGES_PARTIAL_RELEASE_HISTORY
AR2,conservative,PERMISSIVE_END_OF_DAY,LATEST_REVISED,POOLED_RESEARCH_ONLY,H3,ALL_AVAILABLE,10,10,0.75646344649631181,0.65094042420008769,0.65094042420008769,VERIFIED_DOCUMENTED_VINTAGES_PARTIAL_RELEASE_HISTORY
AR2,conservative,PERMISSIVE_END_OF_DAY,LATEST_REVISED,POOLED_RESEARCH_ONLY,ALL,ALL_AVAILABLE,30,10,0.75646344649631203,0.65094042420008769,0.65094042420008769,VERIFIED_DOCUMENTED_VINTAGES_PARTIAL_RELEASE_HISTORY
AR2,conservative,PERMISSIVE_END_OF_DAY,LATEST_REVISED,POOLED_RESEARCH_ONLY,H2_H3,ALL_AVAILABLE,20,10,0.75646344649631192,0.65094042420008769,0.65094042420008769,VERIFIED_DOCUMENTED_VINTAGES_PARTIAL_RELEASE_HISTORY
AR2,conservative,STRICT,FIRST_RELEASE,DEVELOPMENT_PSEUDO_OOS,H1,ALL_AVAILABLE,6,6,0.51890534928067356,0.48356287971312523,0.48356287971312523,VERIFIED_DOCUMENTED_VINTAGES_PARTIAL_RELEASE_HISTORY
AR2,conservative,STRICT,FIRST_RELEASE,DEVELOPMENT_PSEUDO_OOS,H2,ALL_AVAILABLE,6,6,0.51890534928067356,0.48356287971312523,0.48356287971312523,VERIFIED_DOCUMENTED_VINTAGES_PARTIAL_RELEASE_HISTORY
AR2,conservative,STRICT,FIRST_RELEASE,DEVELOPMENT_PSEUDO_OOS,H3,ALL_AVAILABLE,6,6,0.51890534928067356,0.48356287971312523,0.48356287971312523,VERIFIED_DOCUMENTED_VINTAGES_PARTIAL_RELEASE_HISTORY
AR2,conservative,STRICT,FIRST_RELEASE,DEVELOPMENT_PSEUDO_OOS,ALL,ALL_AVAILABLE,18,6,0.51890534928067356,0.48356287971312523,0.48356287971312523,VERIFIED_DOCUMENTED_VINTAGES_PARTIAL_RELEASE_HISTORY
AR2,conservative,STRICT,FIRST_RELEASE,DEVELOPMENT_PSEUDO_OOS,H2_H3,ALL_AVAILABLE,12,6,0.51890534928067356,0.48356287971312523,0.48356287971312523,VERIFIED_DOCUMENTED_VINTAGES_PARTIAL_RELEASE_HISTORY
AR2,conservative,STRICT,FIRST_RELEASE,HISTORICAL_POST_DEVELOPMENT_TEST,H1,ALL_AVAILABLE,4,4,0.94840611997709789,0.75200674093053199,0.75200674093053199,VERIFIED_DOCUMENTED_VINTAGES_PARTIAL_RELEASE_HISTORY
AR2,conservative,STRICT,FIRST_RELEASE,HISTORICAL_POST_DEVELOPMENT_TEST,H2,ALL_AVAILABLE,4,4,0.94840611997709789,0.75200674093053199,0.75200674093053199,VERIFIED_DOCUMENTED_VINTAGES_PARTIAL_RELEASE_HISTORY
AR2,conservative,STRICT,FIRST_RELEASE,HISTORICAL_POST_DEVELOPMENT_TEST,H3,ALL_AVAILABLE,4,4,0.94840611997709789,0.75200674093053199,0.75200674093053199,VERIFIED_DOCUMENTED_VINTAGES_PARTIAL_RELEASE_HISTORY
AR2,conservative,STRICT,FIRST_RELEASE,HISTORICAL_POST_DEVELOPMENT_TEST,ALL,ALL_AVAILABLE,12,4,0.94840611997709801,0.7520067409305321,0.7520067409305321,VERIFIED_DOCUMENTED_VINTAGES_PARTIAL_RELEASE_HISTORY
AR2,conservative,STRICT,FIRST_RELEASE,HISTORICAL_POST_DEVELOPMENT_TEST,H2_H3,ALL_AVAILABLE,8,4,0.94840611997709789,0.75200674093053199,0.75200674093053199,VERIFIED_DOCUMENTED_VINTAGES_PARTIAL_RELEASE_HISTORY
AR2,conservative,STRICT,FIRST_RELEASE,POOLED_RESEARCH_ONLY,H1,ALL_AVAILABLE,10,10,0.72204385204173305,0.59094042420008797,0.59094042420008797,VERIFIED_DOCUMENTED_VINTAGES_PARTIAL_RELEASE_HISTORY
AR2,conservative,STRICT,FIRST_RELEASE,POOLED_RESEARCH_ONLY,H2,ALL_AVAILABLE,10,10,0.72204385204173305,0.59094042420008797,0.59094042420008797,VERIFIED_DOCUMENTED_VINTAGES_PARTIAL_RELEASE_HISTORY
AR2,conservative,STRICT,FIRST_RELEASE,POOLED_RESEARCH_ONLY,H3,ALL_AVAILABLE,10,10,0.72204385204173305,0.59094042420008797,0.59094042420008797,VERIFIED_DOCUMENTED_VINTAGES_PARTIAL_RELEASE_HISTORY
AR2,conservative,STRICT,FIRST_RELEASE,POOLED_RESEARCH_ONLY,ALL,ALL_AVAILABLE,30,10,0.72204385204173305,0.59094042420008797,0.59094042420008797,VERIFIED_DOCUMENTED_VINTAGES_PARTIAL_RELEASE_HISTORY
AR2,conservative,STRICT,FIRST_RELEASE,POOLED_RESEARCH_ONLY,H2_H3,ALL_AVAILABLE,20,10,0.72204385204173305,0.59094042420008797,0.59094042420008797,VERIFIED_DOCUMENTED_VINTAGES_PARTIAL_RELEASE_HISTORY
AR2,conservative,STRICT,LATEST_REVISED,DEVELOPMENT_PSEUDO_OOS,H1,ALL_AVAILABLE,6,6,0.59504520629538782,0.5835628797131247,0.5835628797131247,VERIFIED_DOCUMENTED_VINTAGES_PARTIAL_RELEASE_HISTORY
AR2,conservative,STRICT,LATEST_REVISED,DEVELOPMENT_PSEUDO_OOS,H2,ALL_AVAILABLE,6,6,0.59504520629538782,0.5835628797131247,0.5835628797131247,VERIFIED_DOCUMENTED_VINTAGES_PARTIAL_RELEASE_HISTORY
AR2,conservative,STRICT,LATEST_REVISED,DEVELOPMENT_PSEUDO_OOS,H3,ALL_AVAILABLE,6,6,0.59504520629538782,0.5835628797131247,0.5835628797131247,VERIFIED_DOCUMENTED_VINTAGES_PARTIAL_RELEASE_HISTORY
AR2,conservative,STRICT,LATEST_REVISED,DEVELOPMENT_PSEUDO_OOS,ALL,ALL_AVAILABLE,18,6,0.59504520629538782,0.5835628797131247,0.5835628797131247,VERIFIED_DOCUMENTED_VINTAGES_PARTIAL_RELEASE_HISTORY
AR2,conservative,STRICT,LATEST_REVISED,DEVELOPMENT_PSEUDO_OOS,H2_H3,ALL_AVAILABLE,12,6,0.59504520629538782,0.5835628797131247,0.5835628797131247,VERIFIED_DOCUMENTED_VINTAGES_PARTIAL_RELEASE_HISTORY
AR2,conservative,STRICT,LATEST_REVISED,HISTORICAL_POST_DEVELOPMENT_TEST,H1,ALL_AVAILABLE,4,4,0.94840611997709878,0.75200674093053221,0.75200674093053221,VERIFIED_DOCUMENTED_VINTAGES_PARTIAL_RELEASE_HISTORY
AR2,conservative,STRICT,LATEST_REVISED,HISTORICAL_POST_DEVELOPMENT_TEST,H2,ALL_AVAILABLE,4,4,0.94840611997709878,0.75200674093053221,0.75200674093053221,VERIFIED_DOCUMENTED_VINTAGES_PARTIAL_RELEASE_HISTORY
AR2,conservative,STRICT,LATEST_REVISED,HISTORICAL_POST_DEVELOPMENT_TEST,H3,ALL_AVAILABLE,4,4,0.94840611997709878,0.75200674093053221,0.75200674093053221,VERIFIED_DOCUMENTED_VINTAGES_PARTIAL_RELEASE_HISTORY
AR2,conservative,STRICT,LATEST_REVISED,HISTORICAL_POST_DEVELOPMENT_TEST,ALL,ALL_AVAILABLE,12,4,0.94840611997709889,0.75200674093053221,0.75200674093053221,VERIFIED_DOCUMENTED_VINTAGES_PARTIAL_RELEASE_HISTORY
AR2,conservative,STRICT,LATEST_REVISED,HISTORICAL_POST_DEVELOPMENT_TEST,H2_H3,ALL_AVAILABLE,8,4,0.94840611997709878,0.75200674093053221,0.75200674093053221,VERIFIED_DOCUMENTED_VINTAGES_PARTIAL_RELEASE_HISTORY
AR2,conservative,STRICT,LATEST_REVISED,POOLED_RESEARCH_ONLY,H1,ALL_AVAILABLE,10,10,0.75646344649631181,0.65094042420008769,0.65094042420008769,VERIFIED_DOCUMENTED_VINTAGES_PARTIAL_RELEASE_HISTORY
AR2,conservative,STRICT,LATEST_REVISED,POOLED_RESEARCH_ONLY,H2,ALL_AVAILABLE,10,10,0.75646344649631181,0.65094042420008769,0.65094042420008769,VERIFIED_DOCUMENTED_VINTAGES_PARTIAL_RELEASE_HISTORY
AR2,conservative,STRICT,LATEST_REVISED,POOLED_RESEARCH_ONLY,H3,ALL_AVAILABLE,10,10,0.75646344649631181,0.65094042420008769,0.65094042420008769,VERIFIED_DOCUMENTED_VINTAGES_PARTIAL_RELEASE_HISTORY
AR2,conservative,STRICT,LATEST_REVISED,POOLED_RESEARCH_ONLY,ALL,ALL_AVAILABLE,30,10,0.75646344649631203,0.65094042420008769,0.65094042420008769,VERIFIED_DOCUMENTED_VINTAGES_PARTIAL_RELEASE_HISTORY
AR2,conservative,STRICT,LATEST_REVISED,POOLED_RESEARCH_ONLY,H2_H3,ALL_AVAILABLE,20,10,0.75646344649631192,0.65094042420008769,0.65094042420008769,VERIFIED_DOCUMENTED_VINTAGES_PARTIAL_RELEASE_HISTORY
AR2,standard,PERMISSIVE_END_OF_DAY,FIRST_RELEASE,DEVELOPMENT_PSEUDO_OOS,H1,ALL_AVAILABLE,6,6,0.51890534928067356,0.48356287971312523,0.48356287971312523,VERIFIED_DOCUMENTED_VINTAGES_PARTIAL_RELEASE_HISTORY
AR2,standard,PERMISSIVE_END_OF_DAY,FIRST_RELEASE,DEVELOPMENT_PSEUDO_OOS,H2,ALL_AVAILABLE,6,6,0.51890534928067356,0.48356287971312523,0.48356287971312523,VERIFIED_DOCUMENTED_VINTAGES_PARTIAL_RELEASE_HISTORY
AR2,standard,PERMISSIVE_END_OF_DAY,FIRST_RELEASE,DEVELOPMENT_PSEUDO_OOS,H3,ALL_AVAILABLE,6,6,0.51890534928067356,0.48356287971312523,0.48356287971312523,VERIFIED_DOCUMENTED_VINTAGES_PARTIAL_RELEASE_HISTORY
AR2,standard,PERMISSIVE_END_OF_DAY,FIRST_RELEASE,DEVELOPMENT_PSEUDO_OOS,ALL,ALL_AVAILABLE,18,6,0.51890534928067356,0.48356287971312523,0.48356287971312523,VERIFIED_DOCUMENTED_VINTAGES_PARTIAL_RELEASE_HISTORY
AR2,standard,PERMISSIVE_END_OF_DAY,FIRST_RELEASE,DEVELOPMENT_PSEUDO_OOS,H2_H3,ALL_AVAILABLE,12,6,0.51890534928067356,0.48356287971312523,0.48356287971312523,VERIFIED_DOCUMENTED_VINTAGES_PARTIAL_RELEASE_HISTORY
AR2,standard,PERMISSIVE_END_OF_DAY,FIRST_RELEASE,HISTORICAL_POST_DEVELOPMENT_TEST,H1,ALL_AVAILABLE,4,4,0.94840611997709789,0.75200674093053199,0.75200674093053199,VERIFIED_DOCUMENTED_VINTAGES_PARTIAL_RELEASE_HISTORY
AR2,standard,PERMISSIVE_END_OF_DAY,FIRST_RELEASE,HISTORICAL_POST_DEVELOPMENT_TEST,H2,ALL_AVAILABLE,4,4,0.94840611997709789,0.75200674093053199,0.75200674093053199,VERIFIED_DOCUMENTED_VINTAGES_PARTIAL_RELEASE_HISTORY
AR2,standard,PERMISSIVE_END_OF_DAY,FIRST_RELEASE,HISTORICAL_POST_DEVELOPMENT_TEST,H3,ALL_AVAILABLE,4,4,0.94840611997709789,0.75200674093053199,0.75200674093053199,VERIFIED_DOCUMENTED_VINTAGES_PARTIAL_RELEASE_HISTORY
AR2,standard,PERMISSIVE_END_OF_DAY,FIRST_RELEASE,HISTORICAL_POST_DEVELOPMENT_TEST,ALL,ALL_AVAILABLE,12,4,0.94840611997709801,0.7520067409305321,0.7520067409305321,VERIFIED_DOCUMENTED_VINTAGES_PARTIAL_RELEASE_HISTORY
AR2,standard,PERMISSIVE_END_OF_DAY,FIRST_RELEASE,HISTORICAL_POST_DEVELOPMENT_TEST,H2_H3,ALL_AVAILABLE,8,4,0.94840611997709789,0.75200674093053199,0.75200674093053199,VERIFIED_DOCUMENTED_VINTAGES_PARTIAL_RELEASE_HISTORY
AR2,standard,PERMISSIVE_END_OF_DAY,FIRST_RELEASE,POOLED_RESEARCH_ONLY,H1,ALL_AVAILABLE,10,10,0.72204385204173305,0.59094042420008797,0.59094042420008797,VERIFIED_DOCUMENTED_VINTAGES_PARTIAL_RELEASE_HISTORY
AR2,standard,PERMISSIVE_END_OF_DAY,FIRST_RELEASE,POOLED_RESEARCH_ONLY,H2,ALL_AVAILABLE,10,10,0.72204385204173305,0.59094042420008797,0.59094042420008797,VERIFIED_DOCUMENTED_VINTAGES_PARTIAL_RELEASE_HISTORY
AR2,standard,PERMISSIVE_END_OF_DAY,FIRST_RELEASE,POOLED_RESEARCH_ONLY,H3,ALL_AVAILABLE,10,10,0.72204385204173305,0.59094042420008797,0.59094042420008797,VERIFIED_DOCUMENTED_VINTAGES_PARTIAL_RELEASE_HISTORY
AR2,standard,PERMISSIVE_END_OF_DAY,FIRST_RELEASE,POOLED_RESEARCH_ONLY,ALL,ALL_AVAILABLE,30,10,0.72204385204173305,0.59094042420008797,0.59094042420008797,VERIFIED_DOCUMENTED_VINTAGES_PARTIAL_RELEASE_HISTORY
AR2,standard,PERMISSIVE_END_OF_DAY,FIRST_RELEASE,POOLED_RESEARCH_ONLY,H2_H3,ALL_AVAILABLE,20,10,0.72204385204173305,0.59094042420008797,0.59094042420008797,VERIFIED_DOCUMENTED_VINTAGES_PARTIAL_RELEASE_HISTORY
AR2,standard,PERMISSIVE_END_OF_DAY,LATEST_REVISED,DEVELOPMENT_PSEUDO_OOS,H1,ALL_AVAILABLE,6,6,0.59504520629538782,0.5835628797131247,0.5835628797131247,VERIFIED_DOCUMENTED_VINTAGES_PARTIAL_RELEASE_HISTORY
AR2,standard,PERMISSIVE_END_OF_DAY,LATEST_REVISED,DEVELOPMENT_PSEUDO_OOS,H2,ALL_AVAILABLE,6,6,0.59504520629538782,0.5835628797131247,0.5835628797131247,VERIFIED_DOCUMENTED_VINTAGES_PARTIAL_RELEASE_HISTORY
AR2,standard,PERMISSIVE_END_OF_DAY,LATEST_REVISED,DEVELOPMENT_PSEUDO_OOS,H3,ALL_AVAILABLE,6,6,0.59504520629538782,0.5835628797131247,0.5835628797131247,VERIFIED_DOCUMENTED_VINTAGES_PARTIAL_RELEASE_HISTORY
AR2,standard,PERMISSIVE_END_OF_DAY,LATEST_REVISED,DEVELOPMENT_PSEUDO_OOS,ALL,ALL_AVAILABLE,18,6,0.59504520629538782,0.5835628797131247,0.5835628797131247,VERIFIED_DOCUMENTED_VINTAGES_PARTIAL_RELEASE_HISTORY
AR2,standard,PERMISSIVE_END_OF_DAY,LATEST_REVISED,DEVELOPMENT_PSEUDO_OOS,H2_H3,ALL_AVAILABLE,12,6,0.59504520629538782,0.5835628797131247,0.5835628797131247,VERIFIED_DOCUMENTED_VINTAGES_PARTIAL_RELEASE_HISTORY
AR2,standard,PERMISSIVE_END_OF_DAY,LATEST_REVISED,HISTORICAL_POST_DEVELOPMENT_TEST,H1,ALL_AVAILABLE,4,4,0.94840611997709878,0.75200674093053221,0.75200674093053221,VERIFIED_DOCUMENTED_VINTAGES_PARTIAL_RELEASE_HISTORY
AR2,standard,PERMISSIVE_END_OF_DAY,LATEST_REVISED,HISTORICAL_POST_DEVELOPMENT_TEST,H2,ALL_AVAILABLE,4,4,0.94840611997709878,0.75200674093053221,0.75200674093053221,VERIFIED_DOCUMENTED_VINTAGES_PARTIAL_RELEASE_HISTORY
AR2,standard,PERMISSIVE_END_OF_DAY,LATEST_REVISED,HISTORICAL_POST_DEVELOPMENT_TEST,H3,ALL_AVAILABLE,4,4,0.94840611997709878,0.75200674093053221,0.75200674093053221,VERIFIED_DOCUMENTED_VINTAGES_PARTIAL_RELEASE_HISTORY
AR2,standard,PERMISSIVE_END_OF_DAY,LATEST_REVISED,HISTORICAL_POST_DEVELOPMENT_TEST,ALL,ALL_AVAILABLE,12,4,0.94840611997709889,0.75200674093053221,0.75200674093053221,VERIFIED_DOCUMENTED_VINTAGES_PARTIAL_RELEASE_HISTORY
AR2,standard,PERMISSIVE_END_OF_DAY,LATEST_REVISED,HISTORICAL_POST_DEVELOPMENT_TEST,H2_H3,ALL_AVAILABLE,8,4,0.94840611997709878,0.75200674093053221,0.75200674093053221,VERIFIED_DOCUMENTED_VINTAGES_PARTIAL_RELEASE_HISTORY
AR2,standard,PERMISSIVE_END_OF_DAY,LATEST_REVISED,POOLED_RESEARCH_ONLY,H1,ALL_AVAILABLE,10,10,0.75646344649631181,0.65094042420008769,0.65094042420008769,VERIFIED_DOCUMENTED_VINTAGES_PARTIAL_RELEASE_HISTORY
AR2,standard,PERMISSIVE_END_OF_DAY,LATEST_REVISED,POOLED_RESEARCH_ONLY,H2,ALL_AVAILABLE,10,10,0.75646344649631181,0.65094042420008769,0.65094042420008769,VERIFIED_DOCUMENTED_VINTAGES_PARTIAL_RELEASE_HISTORY
AR2,standard,PERMISSIVE_END_OF_DAY,LATEST_REVISED,POOLED_RESEARCH_ONLY,H3,ALL_AVAILABLE,10,10,0.75646344649631181,0.65094042420008769,0.65094042420008769,VERIFIED_DOCUMENTED_VINTAGES_PARTIAL_RELEASE_HISTORY
AR2,standard,PERMISSIVE_END_OF_DAY,LATEST_REVISED,POOLED_RESEARCH_ONLY,ALL,ALL_AVAILABLE,30,10,0.75646344649631203,0.65094042420008769,0.65094042420008769,VERIFIED_DOCUMENTED_VINTAGES_PARTIAL_RELEASE_HISTORY
AR2,standard,PERMISSIVE_END_OF_DAY,LATEST_REVISED,POOLED_RESEARCH_ONLY,H2_H3,ALL_AVAILABLE,20,10,0.75646344649631192,0.65094042420008769,0.65094042420008769,VERIFIED_DOCUMENTED_VINTAGES_PARTIAL_RELEASE_HISTORY
AR2,standard,STRICT,FIRST_RELEASE,DEVELOPMENT_PSEUDO_OOS,H1,ALL_AVAILABLE,6,6,0.51890534928067356,0.48356287971312523,0.48356287971312523,VERIFIED_DOCUMENTED_VINTAGES_PARTIAL_RELEASE_HISTORY
AR2,standard,STRICT,FIRST_RELEASE,DEVELOPMENT_PSEUDO_OOS,H2,ALL_AVAILABLE,6,6,0.51890534928067356,0.48356287971312523,0.48356287971312523,VERIFIED_DOCUMENTED_VINTAGES_PARTIAL_RELEASE_HISTORY
AR2,standard,STRICT,FIRST_RELEASE,DEVELOPMENT_PSEUDO_OOS,H3,ALL_AVAILABLE,6,6,0.51890534928067356,0.48356287971312523,0.48356287971312523,VERIFIED_DOCUMENTED_VINTAGES_PARTIAL_RELEASE_HISTORY
AR2,standard,STRICT,FIRST_RELEASE,DEVELOPMENT_PSEUDO_OOS,ALL,ALL_AVAILABLE,18,6,0.51890534928067356,0.48356287971312523,0.48356287971312523,VERIFIED_DOCUMENTED_VINTAGES_PARTIAL_RELEASE_HISTORY
AR2,standard,STRICT,FIRST_RELEASE,DEVELOPMENT_PSEUDO_OOS,H2_H3,ALL_AVAILABLE,12,6,0.51890534928067356,0.48356287971312523,0.48356287971312523,VERIFIED_DOCUMENTED_VINTAGES_PARTIAL_RELEASE_HISTORY
AR2,standard,STRICT,FIRST_RELEASE,HISTORICAL_POST_DEVELOPMENT_TEST,H1,ALL_AVAILABLE,4,4,0.94840611997709789,0.75200674093053199,0.75200674093053199,VERIFIED_DOCUMENTED_VINTAGES_PARTIAL_RELEASE_HISTORY
AR2,standard,STRICT,FIRST_RELEASE,HISTORICAL_POST_DEVELOPMENT_TEST,H2,ALL_AVAILABLE,4,4,0.94840611997709789,0.75200674093053199,0.75200674093053199,VERIFIED_DOCUMENTED_VINTAGES_PARTIAL_RELEASE_HISTORY
AR2,standard,STRICT,FIRST_RELEASE,HISTORICAL_POST_DEVELOPMENT_TEST,H3,ALL_AVAILABLE,4,4,0.94840611997709789,0.75200674093053199,0.75200674093053199,VERIFIED_DOCUMENTED_VINTAGES_PARTIAL_RELEASE_HISTORY
AR2,standard,STRICT,FIRST_RELEASE,HISTORICAL_POST_DEVELOPMENT_TEST,ALL,ALL_AVAILABLE,12,4,0.94840611997709801,0.7520067409305321,0.7520067409305321,VERIFIED_DOCUMENTED_VINTAGES_PARTIAL_RELEASE_HISTORY
AR2,standard,STRICT,FIRST_RELEASE,HISTORICAL_POST_DEVELOPMENT_TEST,H2_H3,ALL_AVAILABLE,8,4,0.94840611997709789,0.75200674093053199,0.75200674093053199,VERIFIED_DOCUMENTED_VINTAGES_PARTIAL_RELEASE_HISTORY
AR2,standard,STRICT,FIRST_RELEASE,POOLED_RESEARCH_ONLY,H1,ALL_AVAILABLE,10,10,0.72204385204173305,0.59094042420008797,0.59094042420008797,VERIFIED_DOCUMENTED_VINTAGES_PARTIAL_RELEASE_HISTORY
AR2,standard,STRICT,FIRST_RELEASE,POOLED_RESEARCH_ONLY,H2,ALL_AVAILABLE,10,10,0.72204385204173305,0.59094042420008797,0.59094042420008797,VERIFIED_DOCUMENTED_VINTAGES_PARTIAL_RELEASE_HISTORY
AR2,standard,STRICT,FIRST_RELEASE,POOLED_RESEARCH_ONLY,H3,ALL_AVAILABLE,10,10,0.72204385204173305,0.59094042420008797,0.59094042420008797,VERIFIED_DOCUMENTED_VINTAGES_PARTIAL_RELEASE_HISTORY
AR2,standard,STRICT,FIRST_RELEASE,POOLED_RESEARCH_ONLY,ALL,ALL_AVAILABLE,30,10,0.72204385204173305,0.59094042420008797,0.59094042420008797,VERIFIED_DOCUMENTED_VINTAGES_PARTIAL_RELEASE_HISTORY
AR2,standard,STRICT,FIRST_RELEASE,POOLED_RESEARCH_ONLY,H2_H3,ALL_AVAILABLE,20,10,0.72204385204173305,0.59094042420008797,0.59094042420008797,VERIFIED_DOCUMENTED_VINTAGES_PARTIAL_RELEASE_HISTORY
AR2,standard,STRICT,LATEST_REVISED,DEVELOPMENT_PSEUDO_OOS,H1,ALL_AVAILABLE,6,6,0.59504520629538782,0.5835628797131247,0.5835628797131247,VERIFIED_DOCUMENTED_VINTAGES_PARTIAL_RELEASE_HISTORY
AR2,standard,STRICT,LATEST_REVISED,DEVELOPMENT_PSEUDO_OOS,H2,ALL_AVAILABLE,6,6,0.59504520629538782,0.5835628797131247,0.5835628797131247,VERIFIED_DOCUMENTED_VINTAGES_PARTIAL_RELEASE_HISTORY
AR2,standard,STRICT,LATEST_REVISED,DEVELOPMENT_PSEUDO_OOS,H3,ALL_AVAILABLE,6,6,0.59504520629538782,0.5835628797131247,0.5835628797131247,VERIFIED_DOCUMENTED_VINTAGES_PARTIAL_RELEASE_HISTORY
AR2,standard,STRICT,LATEST_REVISED,DEVELOPMENT_PSEUDO_OOS,ALL,ALL_AVAILABLE,18,6,0.59504520629538782,0.5835628797131247,0.5835628797131247,VERIFIED_DOCUMENTED_VINTAGES_PARTIAL_RELEASE_HISTORY
AR2,standard,STRICT,LATEST_REVISED,DEVELOPMENT_PSEUDO_OOS,H2_H3,ALL_AVAILABLE,12,6,0.59504520629538782,0.5835628797131247,0.5835628797131247,VERIFIED_DOCUMENTED_VINTAGES_PARTIAL_RELEASE_HISTORY
AR2,standard,STRICT,LATEST_REVISED,HISTORICAL_POST_DEVELOPMENT_TEST,H1,ALL_AVAILABLE,4,4,0.94840611997709878,0.75200674093053221,0.75200674093053221,VERIFIED_DOCUMENTED_VINTAGES_PARTIAL_RELEASE_HISTORY
AR2,standard,STRICT,LATEST_REVISED,HISTORICAL_POST_DEVELOPMENT_TEST,H2,ALL_AVAILABLE,4,4,0.94840611997709878,0.75200674093053221,0.75200674093053221,VERIFIED_DOCUMENTED_VINTAGES_PARTIAL_RELEASE_HISTORY
AR2,standard,STRICT,LATEST_REVISED,HISTORICAL_POST_DEVELOPMENT_TEST,H3,ALL_AVAILABLE,4,4,0.94840611997709878,0.75200674093053221,0.75200674093053221,VERIFIED_DOCUMENTED_VINTAGES_PARTIAL_RELEASE_HISTORY
AR2,standard,STRICT,LATEST_REVISED,HISTORICAL_POST_DEVELOPMENT_TEST,ALL,ALL_AVAILABLE,12,4,0.94840611997709889,0.75200674093053221,0.75200674093053221,VERIFIED_DOCUMENTED_VINTAGES_PARTIAL_RELEASE_HISTORY
AR2,standard,STRICT,LATEST_REVISED,HISTORICAL_POST_DEVELOPMENT_TEST,H2_H3,ALL_AVAILABLE,8,4,0.94840611997709878,0.75200674093053221,0.75200674093053221,VERIFIED_DOCUMENTED_VINTAGES_PARTIAL_RELEASE_HISTORY
AR2,standard,STRICT,LATEST_REVISED,POOLED_RESEARCH_ONLY,H1,ALL_AVAILABLE,10,10,0.75646344649631181,0.65094042420008769,0.65094042420008769,VERIFIED_DOCUMENTED_VINTAGES_PARTIAL_RELEASE_HISTORY
AR2,standard,STRICT,LATEST_REVISED,POOLED_RESEARCH_ONLY,H2,ALL_AVAILABLE,10,10,0.75646344649631181,0.65094042420008769,0.65094042420008769,VERIFIED_DOCUMENTED_VINTAGES_PARTIAL_RELEASE_HISTORY
AR2,standard,STRICT,LATEST_REVISED,POOLED_RESEARCH_ONLY,H3,ALL_AVAILABLE,10,10,0.75646344649631181,0.65094042420008769,0.65094042420008769,VERIFIED_DOCUMENTED_VINTAGES_PARTIAL_RELEASE_HISTORY
AR2,standard,STRICT,LATEST_REVISED,POOLED_RESEARCH_ONLY,ALL,ALL_AVAILABLE,30,10,0.75646344649631203,0.65094042420008769,0.65094042420008769,VERIFIED_DOCUMENTED_VINTAGES_PARTIAL_RELEASE_HISTORY
AR2,standard,STRICT,LATEST_REVISED,POOLED_RESEARCH_ONLY,H2_H3,ALL_AVAILABLE,20,10,0.75646344649631192,0.65094042420008769,0.65094042420008769,VERIFIED_DOCUMENTED_VINTAGES_PARTIAL_RELEASE_HISTORY
COMBO_A,conservative,PERMISSIVE_END_OF_DAY,FIRST_RELEASE,DEVELOPMENT_PSEUDO_OOS,H1,ALL_AVAILABLE,6,6,0.37995330338459166,0.30076973855887285,0.30076973855887285,VERIFIED_DOCUMENTED_VINTAGES_PARTIAL_RELEASE_HISTORY
COMBO_A,conservative,PERMISSIVE_END_OF_DAY,FIRST_RELEASE,DEVELOPMENT_PSEUDO_OOS,H2,ALL_AVAILABLE,6,6,0.36382375141401202,0.30272193276222287,0.30272193276222287,VERIFIED_DOCUMENTED_VINTAGES_PARTIAL_RELEASE_HISTORY
COMBO_A,conservative,PERMISSIVE_END_OF_DAY,FIRST_RELEASE,DEVELOPMENT_PSEUDO_OOS,H3,ALL_AVAILABLE,6,6,0.43850939196571814,0.38304299844380357,0.23498910395045605,VERIFIED_DOCUMENTED_VINTAGES_PARTIAL_RELEASE_HISTORY
COMBO_A,conservative,PERMISSIVE_END_OF_DAY,FIRST_RELEASE,DEVELOPMENT_PSEUDO_OOS,ALL,ALL_AVAILABLE,18,6,0.39539968036067513,0.32884488992163313,0.27949359175718391,VERIFIED_DOCUMENTED_VINTAGES_PARTIAL_RELEASE_HISTORY
COMBO_A,conservative,PERMISSIVE_END_OF_DAY,FIRST_RELEASE,DEVELOPMENT_PSEUDO_OOS,H2_H3,ALL_AVAILABLE,12,6,0.40290086183520918,0.34288246560301322,0.26885551835633947,VERIFIED_DOCUMENTED_VINTAGES_PARTIAL_RELEASE_HISTORY
COMBO_A,conservative,PERMISSIVE_END_OF_DAY,FIRST_RELEASE,HISTORICAL_POST_DEVELOPMENT_TEST,H1,ALL_AVAILABLE,4,4,0.8693433592201778,0.78388233449016642,0.78388233449016642,VERIFIED_DOCUMENTED_VINTAGES_PARTIAL_RELEASE_HISTORY
COMBO_A,conservative,PERMISSIVE_END_OF_DAY,FIRST_RELEASE,HISTORICAL_POST_DEVELOPMENT_TEST,H2,ALL_AVAILABLE,4,4,0.98456912174265931,0.82858659456068962,0.82858659456068962,VERIFIED_DOCUMENTED_VINTAGES_PARTIAL_RELEASE_HISTORY
COMBO_A,conservative,PERMISSIVE_END_OF_DAY,FIRST_RELEASE,HISTORICAL_POST_DEVELOPMENT_TEST,H3,ALL_AVAILABLE,4,4,0.94640189309116496,0.78904635049982708,0.78904635049982708,VERIFIED_DOCUMENTED_VINTAGES_PARTIAL_RELEASE_HISTORY
COMBO_A,conservative,PERMISSIVE_END_OF_DAY,FIRST_RELEASE,HISTORICAL_POST_DEVELOPMENT_TEST,ALL,ALL_AVAILABLE,12,4,0.93466763699828526,0.800505093183561,0.800505093183561,VERIFIED_DOCUMENTED_VINTAGES_PARTIAL_RELEASE_HISTORY
COMBO_A,conservative,PERMISSIVE_END_OF_DAY,FIRST_RELEASE,HISTORICAL_POST_DEVELOPMENT_TEST,H2_H3,ALL_AVAILABLE,8,4,0.96567409065782961,0.80881647253025835,0.80881647253025835,VERIFIED_DOCUMENTED_VINTAGES_PARTIAL_RELEASE_HISTORY
COMBO_A,conservative,PERMISSIVE_END_OF_DAY,FIRST_RELEASE,POOLED_RESEARCH_ONLY,H1,ALL_AVAILABLE,10,10,0.62363599811092318,0.49401477693139029,0.49401477693139029,VERIFIED_DOCUMENTED_VINTAGES_PARTIAL_RELEASE_HISTORY
COMBO_A,conservative,PERMISSIVE_END_OF_DAY,FIRST_RELEASE,POOLED_RESEARCH_ONLY,H2,ALL_AVAILABLE,10,10,0.68349921393621471,0.51306779748160958,0.51306779748160958,VERIFIED_DOCUMENTED_VINTAGES_PARTIAL_RELEASE_HISTORY
COMBO_A,conservative,PERMISSIVE_END_OF_DAY,FIRST_RELEASE,POOLED_RESEARCH_ONLY,H3,ALL_AVAILABLE,10,10,0.68821864941594146,0.54544433926621294,0.45661200257020446,VERIFIED_DOCUMENTED_VINTAGES_PARTIAL_RELEASE_HISTORY
COMBO_A,conservative,PERMISSIVE_END_OF_DAY,FIRST_RELEASE,POOLED_RESEARCH_ONLY,ALL,ALL_AVAILABLE,30,10,0.66576721231852332,0.51750897122640416,0.48789819232773474,VERIFIED_DOCUMENTED_VINTAGES_PARTIAL_RELEASE_HISTORY
COMBO_A,conservative,PERMISSIVE_END_OF_DAY,FIRST_RELEASE,POOLED_RESEARCH_ONLY,H2_H3,ALL_AVAILABLE,20,10,0.68586299100305959,0.52925606837391137,0.48483990002590699,VERIFIED_DOCUMENTED_VINTAGES_PARTIAL_RELEASE_HISTORY
COMBO_A,conservative,PERMISSIVE_END_OF_DAY,LATEST_REVISED,DEVELOPMENT_PSEUDO_OOS,H1,ALL_AVAILABLE,6,6,0.43158464224004056,0.40076973855887238,0.40076973855887238,VERIFIED_DOCUMENTED_VINTAGES_PARTIAL_RELEASE_HISTORY
COMBO_A,conservative,PERMISSIVE_END_OF_DAY,LATEST_REVISED,DEVELOPMENT_PSEUDO_OOS,H2,ALL_AVAILABLE,6,6,0.4374971326315017,0.4027219327622224,0.4027219327622224,VERIFIED_DOCUMENTED_VINTAGES_PARTIAL_RELEASE_HISTORY
COMBO_A,conservative,PERMISSIVE_END_OF_DAY,LATEST_REVISED,DEVELOPMENT_PSEUDO_OOS,H3,ALL_AVAILABLE,6,6,0.45897786398277707,0.41637633177713457,0.33498910395045556,VERIFIED_DOCUMENTED_VINTAGES_PARTIAL_RELEASE_HISTORY
COMBO_A,conservative,PERMISSIVE_END_OF_DAY,LATEST_REVISED,DEVELOPMENT_PSEUDO_OOS,ALL,ALL_AVAILABLE,18,6,0.4428429834995854,0.4066226676994098,0.37949359175718345,VERIFIED_DOCUMENTED_VINTAGES_PARTIAL_RELEASE_HISTORY
COMBO_A,conservative,PERMISSIVE_END_OF_DAY,LATEST_REVISED,DEVELOPMENT_PSEUDO_OOS,H2_H3,ALL_AVAILABLE,12,6,0.44836615655453882,0.40954913226967848,0.36885551835633895,VERIFIED_DOCUMENTED_VINTAGES_PARTIAL_RELEASE_HISTORY
COMBO_A,conservative,PERMISSIVE_END_OF_DAY,LATEST_REVISED,HISTORICAL_POST_DEVELOPMENT_TEST,H1,ALL_AVAILABLE,4,4,0.86934335922017891,0.78388233449016664,0.78388233449016664,VERIFIED_DOCUMENTED_VINTAGES_PARTIAL_RELEASE_HISTORY
COMBO_A,conservative,PERMISSIVE_END_OF_DAY,LATEST_REVISED,HISTORICAL_POST_DEVELOPMENT_TEST,H2,ALL_AVAILABLE,4,4,0.98456912174265976,0.82858659456068984,0.82858659456068984,VERIFIED_DOCUMENTED_VINTAGES_PARTIAL_RELEASE_HISTORY
COMBO_A,conservative,PERMISSIVE_END_OF_DAY,LATEST_REVISED,HISTORICAL_POST_DEVELOPMENT_TEST,H3,ALL_AVAILABLE,4,4,0.94640189309116551,0.7890463504998273,0.7890463504998273,VERIFIED_DOCUMENTED_VINTAGES_PARTIAL_RELEASE_HISTORY
COMBO_A,conservative,PERMISSIVE_END_OF_DAY,LATEST_REVISED,HISTORICAL_POST_DEVELOPMENT_TEST,ALL,ALL_AVAILABLE,12,4,0.93466763699828592,0.80050509318356122,0.80050509318356122,VERIFIED_DOCUMENTED_VINTAGES_PARTIAL_RELEASE_HISTORY
COMBO_A,conservative,PERMISSIVE_END_OF_DAY,LATEST_REVISED,HISTORICAL_POST_DEVELOPMENT_TEST,H2_H3,ALL_AVAILABLE,8,4,0.96567409065783005,0.80881647253025857,0.80881647253025857,VERIFIED_DOCUMENTED_VINTAGES_PARTIAL_RELEASE_HISTORY
COMBO_A,conservative,PERMISSIVE_END_OF_DAY,LATEST_REVISED,POOLED_RESEARCH_ONLY,H1,ALL_AVAILABLE,10,10,0.64347675368933743,0.55401477693139012,0.55401477693139012,VERIFIED_DOCUMENTED_VINTAGES_PARTIAL_RELEASE_HISTORY
COMBO_A,conservative,PERMISSIVE_END_OF_DAY,LATEST_REVISED,POOLED_RESEARCH_ONLY,H2,ALL_AVAILABLE,10,10,0.70893778770221894,0.57306779748160941,0.57306779748160941,VERIFIED_DOCUMENTED_VINTAGES_PARTIAL_RELEASE_HISTORY
COMBO_A,conservative,PERMISSIVE_END_OF_DAY,LATEST_REVISED,POOLED_RESEARCH_ONLY,H3,ALL_AVAILABLE,10,10,0.69618031074882625,0.56544433926621163,0.51661200257020423,VERIFIED_DOCUMENTED_VINTAGES_PARTIAL_RELEASE_HISTORY
COMBO_A,conservative,PERMISSIVE_END_OF_DAY,LATEST_REVISED,POOLED_RESEARCH_ONLY,ALL,ALL_AVAILABLE,30,10,0.68345254515706666,0.56417563789307035,0.54789819232773451,VERIFIED_DOCUMENTED_VINTAGES_PARTIAL_RELEASE_HISTORY
COMBO_A,conservative,PERMISSIVE_END_OF_DAY,LATEST_REVISED,POOLED_RESEARCH_ONLY,H2_H3,ALL_AVAILABLE,20,10,0.70258800584213243,0.56925606837391052,0.54483990002590676,VERIFIED_DOCUMENTED_VINTAGES_PARTIAL_RELEASE_HISTORY
COMBO_A,conservative,STRICT,FIRST_RELEASE,DEVELOPMENT_PSEUDO_OOS,H1,ALL_AVAILABLE,6,6,0.37995330338459166,0.30076973855887285,0.30076973855887285,VERIFIED_DOCUMENTED_VINTAGES_PARTIAL_RELEASE_HISTORY
COMBO_A,conservative,STRICT,FIRST_RELEASE,DEVELOPMENT_PSEUDO_OOS,H2,ALL_AVAILABLE,6,6,0.36382375141401202,0.30272193276222287,0.30272193276222287,VERIFIED_DOCUMENTED_VINTAGES_PARTIAL_RELEASE_HISTORY
COMBO_A,conservative,STRICT,FIRST_RELEASE,DEVELOPMENT_PSEUDO_OOS,H3,ALL_AVAILABLE,6,6,0.43850939196571814,0.38304299844380357,0.23498910395045605,VERIFIED_DOCUMENTED_VINTAGES_PARTIAL_RELEASE_HISTORY
COMBO_A,conservative,STRICT,FIRST_RELEASE,DEVELOPMENT_PSEUDO_OOS,ALL,ALL_AVAILABLE,18,6,0.39539968036067513,0.32884488992163313,0.27949359175718391,VERIFIED_DOCUMENTED_VINTAGES_PARTIAL_RELEASE_HISTORY
COMBO_A,conservative,STRICT,FIRST_RELEASE,DEVELOPMENT_PSEUDO_OOS,H2_H3,ALL_AVAILABLE,12,6,0.40290086183520918,0.34288246560301322,0.26885551835633947,VERIFIED_DOCUMENTED_VINTAGES_PARTIAL_RELEASE_HISTORY
COMBO_A,conservative,STRICT,FIRST_RELEASE,HISTORICAL_POST_DEVELOPMENT_TEST,H1,ALL_AVAILABLE,4,4,0.8693433592201778,0.78388233449016642,0.78388233449016642,VERIFIED_DOCUMENTED_VINTAGES_PARTIAL_RELEASE_HISTORY
COMBO_A,conservative,STRICT,FIRST_RELEASE,HISTORICAL_POST_DEVELOPMENT_TEST,H2,ALL_AVAILABLE,4,4,0.98456912174265931,0.82858659456068962,0.82858659456068962,VERIFIED_DOCUMENTED_VINTAGES_PARTIAL_RELEASE_HISTORY
COMBO_A,conservative,STRICT,FIRST_RELEASE,HISTORICAL_POST_DEVELOPMENT_TEST,H3,ALL_AVAILABLE,4,4,0.94640189309116496,0.78904635049982708,0.78904635049982708,VERIFIED_DOCUMENTED_VINTAGES_PARTIAL_RELEASE_HISTORY
COMBO_A,conservative,STRICT,FIRST_RELEASE,HISTORICAL_POST_DEVELOPMENT_TEST,ALL,ALL_AVAILABLE,12,4,0.93466763699828526,0.800505093183561,0.800505093183561,VERIFIED_DOCUMENTED_VINTAGES_PARTIAL_RELEASE_HISTORY
COMBO_A,conservative,STRICT,FIRST_RELEASE,HISTORICAL_POST_DEVELOPMENT_TEST,H2_H3,ALL_AVAILABLE,8,4,0.96567409065782961,0.80881647253025835,0.80881647253025835,VERIFIED_DOCUMENTED_VINTAGES_PARTIAL_RELEASE_HISTORY
COMBO_A,conservative,STRICT,FIRST_RELEASE,POOLED_RESEARCH_ONLY,H1,ALL_AVAILABLE,10,10,0.62363599811092318,0.49401477693139029,0.49401477693139029,VERIFIED_DOCUMENTED_VINTAGES_PARTIAL_RELEASE_HISTORY
COMBO_A,conservative,STRICT,FIRST_RELEASE,POOLED_RESEARCH_ONLY,H2,ALL_AVAILABLE,10,10,0.68349921393621471,0.51306779748160958,0.51306779748160958,VERIFIED_DOCUMENTED_VINTAGES_PARTIAL_RELEASE_HISTORY
COMBO_A,conservative,STRICT,FIRST_RELEASE,POOLED_RESEARCH_ONLY,H3,ALL_AVAILABLE,10,10,0.68821864941594146,0.54544433926621294,0.45661200257020446,VERIFIED_DOCUMENTED_VINTAGES_PARTIAL_RELEASE_HISTORY
COMBO_A,conservative,STRICT,FIRST_RELEASE,POOLED_RESEARCH_ONLY,ALL,ALL_AVAILABLE,30,10,0.66576721231852332,0.51750897122640416,0.48789819232773474,VERIFIED_DOCUMENTED_VINTAGES_PARTIAL_RELEASE_HISTORY
COMBO_A,conservative,STRICT,FIRST_RELEASE,POOLED_RESEARCH_ONLY,H2_H3,ALL_AVAILABLE,20,10,0.68586299100305959,0.52925606837391137,0.48483990002590699,VERIFIED_DOCUMENTED_VINTAGES_PARTIAL_RELEASE_HISTORY
COMBO_A,conservative,STRICT,LATEST_REVISED,DEVELOPMENT_PSEUDO_OOS,H1,ALL_AVAILABLE,6,6,0.43158464224004056,0.40076973855887238,0.40076973855887238,VERIFIED_DOCUMENTED_VINTAGES_PARTIAL_RELEASE_HISTORY
COMBO_A,conservative,STRICT,LATEST_REVISED,DEVELOPMENT_PSEUDO_OOS,H2,ALL_AVAILABLE,6,6,0.4374971326315017,0.4027219327622224,0.4027219327622224,VERIFIED_DOCUMENTED_VINTAGES_PARTIAL_RELEASE_HISTORY
COMBO_A,conservative,STRICT,LATEST_REVISED,DEVELOPMENT_PSEUDO_OOS,H3,ALL_AVAILABLE,6,6,0.45897786398277707,0.41637633177713457,0.33498910395045556,VERIFIED_DOCUMENTED_VINTAGES_PARTIAL_RELEASE_HISTORY
COMBO_A,conservative,STRICT,LATEST_REVISED,DEVELOPMENT_PSEUDO_OOS,ALL,ALL_AVAILABLE,18,6,0.4428429834995854,0.4066226676994098,0.37949359175718345,VERIFIED_DOCUMENTED_VINTAGES_PARTIAL_RELEASE_HISTORY
COMBO_A,conservative,STRICT,LATEST_REVISED,DEVELOPMENT_PSEUDO_OOS,H2_H3,ALL_AVAILABLE,12,6,0.44836615655453882,0.40954913226967848,0.36885551835633895,VERIFIED_DOCUMENTED_VINTAGES_PARTIAL_RELEASE_HISTORY
COMBO_A,conservative,STRICT,LATEST_REVISED,HISTORICAL_POST_DEVELOPMENT_TEST,H1,ALL_AVAILABLE,4,4,0.86934335922017891,0.78388233449016664,0.78388233449016664,VERIFIED_DOCUMENTED_VINTAGES_PARTIAL_RELEASE_HISTORY
COMBO_A,conservative,STRICT,LATEST_REVISED,HISTORICAL_POST_DEVELOPMENT_TEST,H2,ALL_AVAILABLE,4,4,0.98456912174265976,0.82858659456068984,0.82858659456068984,VERIFIED_DOCUMENTED_VINTAGES_PARTIAL_RELEASE_HISTORY
COMBO_A,conservative,STRICT,LATEST_REVISED,HISTORICAL_POST_DEVELOPMENT_TEST,H3,ALL_AVAILABLE,4,4,0.94640189309116551,0.7890463504998273,0.7890463504998273,VERIFIED_DOCUMENTED_VINTAGES_PARTIAL_RELEASE_HISTORY
COMBO_A,conservative,STRICT,LATEST_REVISED,HISTORICAL_POST_DEVELOPMENT_TEST,ALL,ALL_AVAILABLE,12,4,0.93466763699828592,0.80050509318356122,0.80050509318356122,VERIFIED_DOCUMENTED_VINTAGES_PARTIAL_RELEASE_HISTORY
COMBO_A,conservative,STRICT,LATEST_REVISED,HISTORICAL_POST_DEVELOPMENT_TEST,H2_H3,ALL_AVAILABLE,8,4,0.96567409065783005,0.80881647253025857,0.80881647253025857,VERIFIED_DOCUMENTED_VINTAGES_PARTIAL_RELEASE_HISTORY
COMBO_A,conservative,STRICT,LATEST_REVISED,POOLED_RESEARCH_ONLY,H1,ALL_AVAILABLE,10,10,0.64347675368933743,0.55401477693139012,0.55401477693139012,VERIFIED_DOCUMENTED_VINTAGES_PARTIAL_RELEASE_HISTORY
COMBO_A,conservative,STRICT,LATEST_REVISED,POOLED_RESEARCH_ONLY,H2,ALL_AVAILABLE,10,10,0.70893778770221894,0.57306779748160941,0.57306779748160941,VERIFIED_DOCUMENTED_VINTAGES_PARTIAL_RELEASE_HISTORY
COMBO_A,conservative,STRICT,LATEST_REVISED,POOLED_RESEARCH_ONLY,H3,ALL_AVAILABLE,10,10,0.69618031074882625,0.56544433926621163,0.51661200257020423,VERIFIED_DOCUMENTED_VINTAGES_PARTIAL_RELEASE_HISTORY
COMBO_A,conservative,STRICT,LATEST_REVISED,POOLED_RESEARCH_ONLY,ALL,ALL_AVAILABLE,30,10,0.68345254515706666,0.56417563789307035,0.54789819232773451,VERIFIED_DOCUMENTED_VINTAGES_PARTIAL_RELEASE_HISTORY
COMBO_A,conservative,STRICT,LATEST_REVISED,POOLED_RESEARCH_ONLY,H2_H3,ALL_AVAILABLE,20,10,0.70258800584213243,0.56925606837391052,0.54483990002590676,VERIFIED_DOCUMENTED_VINTAGES_PARTIAL_RELEASE_HISTORY
COMBO_A,standard,PERMISSIVE_END_OF_DAY,FIRST_RELEASE,DEVELOPMENT_PSEUDO_OOS,H1,ALL_AVAILABLE,6,6,0.33910377827877586,0.27706232430025074,0.27706232430025074,VERIFIED_DOCUMENTED_VINTAGES_PARTIAL_RELEASE_HISTORY
COMBO_A,standard,PERMISSIVE_END_OF_DAY,FIRST_RELEASE,DEVELOPMENT_PSEUDO_OOS,H2,ALL_AVAILABLE,6,6,0.3438969224372983,0.28045015882180974,0.24133948488592871,VERIFIED_DOCUMENTED_VINTAGES_PARTIAL_RELEASE_HISTORY
COMBO_A,standard,PERMISSIVE_END_OF_DAY,FIRST_RELEASE,DEVELOPMENT_PSEUDO_OOS,H3,ALL_AVAILABLE,6,6,0.25670498759235227,0.22785048012053943,-0.0065060799952054715,VERIFIED_DOCUMENTED_VINTAGES_PARTIAL_RELEASE_HISTORY
COMBO_A,standard,PERMISSIVE_END_OF_DAY,FIRST_RELEASE,DEVELOPMENT_PSEUDO_OOS,ALL,ALL_AVAILABLE,18,6,0.31578152593186748,0.26178765441419993,0.17063190973032466,VERIFIED_DOCUMENTED_VINTAGES_PARTIAL_RELEASE_HISTORY
COMBO_A,standard,PERMISSIVE_END_OF_DAY,FIRST_RELEASE,DEVELOPMENT_PSEUDO_OOS,H2_H3,ALL_AVAILABLE,12,6,0.30344896104339764,0.25415031947117456,0.11741670244536162,VERIFIED_DOCUMENTED_VINTAGES_PARTIAL_RELEASE_HISTORY
COMBO_A,standard,PERMISSIVE_END_OF_DAY,FIRST_RELEASE,HISTORICAL_POST_DEVELOPMENT_TEST,H1,ALL_AVAILABLE,4,4,0.93700641855406452,0.76785766806718092,0.76785766806718092,VERIFIED_DOCUMENTED_VINTAGES_PARTIAL_RELEASE_HISTORY
COMBO_A,standard,PERMISSIVE_END_OF_DAY,FIRST_RELEASE,HISTORICAL_POST_DEVELOPMENT_TEST,H2,ALL_AVAILABLE,4,4,0.89511041386014822,0.71425205897893496,0.71425205897893496,VERIFIED_DOCUMENTED_VINTAGES_PARTIAL_RELEASE_HISTORY
COMBO_A,standard,PERMISSIVE_END_OF_DAY,FIRST_RELEASE,HISTORICAL_POST_DEVELOPMENT_TEST,H3,ALL_AVAILABLE,4,4,0.56310389994274912,0.49404545456623739,0.49404545456623739,VERIFIED_DOCUMENTED_VINTAGES_PARTIAL_RELEASE_HISTORY
COMBO_A,standard,PERMISSIVE_END_OF_DAY,FIRST_RELEASE,HISTORICAL_POST_DEVELOPMENT_TEST,ALL,ALL_AVAILABLE,12,4,0.81573886416817121,0.65871839387078446,0.65871839387078446,VERIFIED_DOCUMENTED_VINTAGES_PARTIAL_RELEASE_HISTORY
COMBO_A,standard,PERMISSIVE_END_OF_DAY,FIRST_RELEASE,HISTORICAL_POST_DEVELOPMENT_TEST,H2_H3,ALL_AVAILABLE,8,4,0.74776622521066682,0.60414875677258617,0.60414875677258617,VERIFIED_DOCUMENTED_VINTAGES_PARTIAL_RELEASE_HISTORY
COMBO_A,standard,PERMISSIVE_END_OF_DAY,FIRST_RELEASE,POOLED_RESEARCH_ONLY,H1,ALL_AVAILABLE,10,10,0.64821850855276464,0.47338046180702281,0.47338046180702281,VERIFIED_DOCUMENTED_VINTAGES_PARTIAL_RELEASE_HISTORY
COMBO_A,standard,PERMISSIVE_END_OF_DAY,FIRST_RELEASE,POOLED_RESEARCH_ONLY,H2,ALL_AVAILABLE,10,10,0.62565814719977986,0.45397091888465979,0.43050451452313121,VERIFIED_DOCUMENTED_VINTAGES_PARTIAL_RELEASE_HISTORY
COMBO_A,standard,PERMISSIVE_END_OF_DAY,FIRST_RELEASE,POOLED_RESEARCH_ONLY,H3,ALL_AVAILABLE,10,10,0.40788830731606812,0.33432846989881859,0.19371453382937168,VERIFIED_DOCUMENTED_VINTAGES_PARTIAL_RELEASE_HISTORY
COMBO_A,standard,PERMISSIVE_END_OF_DAY,FIRST_RELEASE,POOLED_RESEARCH_ONLY,ALL,ALL_AVAILABLE,30,10,0.57096649733383342,0.42055995019683379,0.36586650338650856,VERIFIED_DOCUMENTED_VINTAGES_PARTIAL_RELEASE_HISTORY
COMBO_A,standard,PERMISSIVE_END_OF_DAY,FIRST_RELEASE,POOLED_RESEARCH_ONLY,H2_H3,ALL_AVAILABLE,20,10,0.52811977259075837,0.39414969439173919,0.31210952417625143,VERIFIED_DOCUMENTED_VINTAGES_PARTIAL_RELEASE_HISTORY
COMBO_A,standard,PERMISSIVE_END_OF_DAY,LATEST_REVISED,DEVELOPMENT_PSEUDO_OOS,H1,ALL_AVAILABLE,6,6,0.40978390491505567,0.37706232430025022,0.37706232430025022,VERIFIED_DOCUMENTED_VINTAGES_PARTIAL_RELEASE_HISTORY
COMBO_A,standard,PERMISSIVE_END_OF_DAY,LATEST_REVISED,DEVELOPMENT_PSEUDO_OOS,H2,ALL_AVAILABLE,6,6,0.40128655257469337,0.34133948488592819,0.34133948488592819,VERIFIED_DOCUMENTED_VINTAGES_PARTIAL_RELEASE_HISTORY
COMBO_A,standard,PERMISSIVE_END_OF_DAY,LATEST_REVISED,DEVELOPMENT_PSEUDO_OOS,H3,ALL_AVAILABLE,6,6,0.27133035057773419,0.26118381345386954,0.093493920004794021,VERIFIED_DOCUMENTED_VINTAGES_PARTIAL_RELEASE_HISTORY
COMBO_A,standard,PERMISSIVE_END_OF_DAY,LATEST_REVISED,DEVELOPMENT_PSEUDO_OOS,ALL,ALL_AVAILABLE,18,6,0.36632130939443025,0.32652854088001598,0.27063190973032414,VERIFIED_DOCUMENTED_VINTAGES_PARTIAL_RELEASE_HISTORY
COMBO_A,standard,PERMISSIVE_END_OF_DAY,LATEST_REVISED,DEVELOPMENT_PSEUDO_OOS,H2_H3,ALL_AVAILABLE,12,6,0.3425281422174814,0.30126164916989889,0.21741670244536113,VERIFIED_DOCUMENTED_VINTAGES_PARTIAL_RELEASE_HISTORY
COMBO_A,standard,PERMISSIVE_END_OF_DAY,LATEST_REVISED,HISTORICAL_POST_DEVELOPMENT_TEST,H1,ALL_AVAILABLE,4,4,0.93700641855406497,0.76785766806718114,0.76785766806718114,VERIFIED_DOCUMENTED_VINTAGES_PARTIAL_RELEASE_HISTORY
COMBO_A,standard,PERMISSIVE_END_OF_DAY,LATEST_REVISED,HISTORICAL_POST_DEVELOPMENT_TEST,H2,ALL_AVAILABLE,4,4,0.89511041386014889,0.71425205897893518,0.71425205897893518,VERIFIED_DOCUMENTED_VINTAGES_PARTIAL_RELEASE_HISTORY
COMBO_A,standard,PERMISSIVE_END_OF_DAY,LATEST_REVISED,HISTORICAL_POST_DEVELOPMENT_TEST,H3,ALL_AVAILABLE,4,4,0.56310389994275023,0.49404545456623761,0.49404545456623761,VERIFIED_DOCUMENTED_VINTAGES_PARTIAL_RELEASE_HISTORY
COMBO_A,standard,PERMISSIVE_END_OF_DAY,LATEST_REVISED,HISTORICAL_POST_DEVELOPMENT_TEST,ALL,ALL_AVAILABLE,12,4,0.81573886416817176,0.65871839387078468,0.65871839387078468,VERIFIED_DOCUMENTED_VINTAGES_PARTIAL_RELEASE_HISTORY
COMBO_A,standard,PERMISSIVE_END_OF_DAY,LATEST_REVISED,HISTORICAL_POST_DEVELOPMENT_TEST,H2_H3,ALL_AVAILABLE,8,4,0.74776622521066771,0.60414875677258639,0.60414875677258639,VERIFIED_DOCUMENTED_VINTAGES_PARTIAL_RELEASE_HISTORY
COMBO_A,standard,PERMISSIVE_END_OF_DAY,LATEST_REVISED,POOLED_RESEARCH_ONLY,H1,ALL_AVAILABLE,10,10,0.67226938097838795,0.53338046180702259,0.53338046180702259,VERIFIED_DOCUMENTED_VINTAGES_PARTIAL_RELEASE_HISTORY
COMBO_A,standard,PERMISSIVE_END_OF_DAY,LATEST_REVISED,POOLED_RESEARCH_ONLY,H2,ALL_AVAILABLE,10,10,0.64583867921232785,0.49050451452313099,0.49050451452313099,VERIFIED_DOCUMENTED_VINTAGES_PARTIAL_RELEASE_HISTORY
COMBO_A,standard,PERMISSIVE_END_OF_DAY,LATEST_REVISED,POOLED_RESEARCH_ONLY,H3,ALL_AVAILABLE,10,10,0.41352931738762572,0.35432846989881678,0.25371453382937148,VERIFIED_DOCUMENTED_VINTAGES_PARTIAL_RELEASE_HISTORY
COMBO_A,standard,PERMISSIVE_END_OF_DAY,LATEST_REVISED,POOLED_RESEARCH_ONLY,ALL,ALL_AVAILABLE,30,10,0.58880110295041188,0.45940448207632351,0.42586650338650844,VERIFIED_DOCUMENTED_VINTAGES_PARTIAL_RELEASE_HISTORY
COMBO_A,standard,PERMISSIVE_END_OF_DAY,LATEST_REVISED,POOLED_RESEARCH_ONLY,H2_H3,ALL_AVAILABLE,20,10,0.54227027205342904,0.42241649221097388,0.37210952417625121,VERIFIED_DOCUMENTED_VINTAGES_PARTIAL_RELEASE_HISTORY
COMBO_A,standard,STRICT,FIRST_RELEASE,DEVELOPMENT_PSEUDO_OOS,H1,ALL_AVAILABLE,6,6,0.33910377827877586,0.27706232430025074,0.27706232430025074,VERIFIED_DOCUMENTED_VINTAGES_PARTIAL_RELEASE_HISTORY
COMBO_A,standard,STRICT,FIRST_RELEASE,DEVELOPMENT_PSEUDO_OOS,H2,ALL_AVAILABLE,6,6,0.3438969224372983,0.28045015882180974,0.24133948488592871,VERIFIED_DOCUMENTED_VINTAGES_PARTIAL_RELEASE_HISTORY
COMBO_A,standard,STRICT,FIRST_RELEASE,DEVELOPMENT_PSEUDO_OOS,H3,ALL_AVAILABLE,6,6,0.25670498759235227,0.22785048012053943,-0.0065060799952054715,VERIFIED_DOCUMENTED_VINTAGES_PARTIAL_RELEASE_HISTORY
COMBO_A,standard,STRICT,FIRST_RELEASE,DEVELOPMENT_PSEUDO_OOS,ALL,ALL_AVAILABLE,18,6,0.31578152593186748,0.26178765441419993,0.17063190973032466,VERIFIED_DOCUMENTED_VINTAGES_PARTIAL_RELEASE_HISTORY
COMBO_A,standard,STRICT,FIRST_RELEASE,DEVELOPMENT_PSEUDO_OOS,H2_H3,ALL_AVAILABLE,12,6,0.30344896104339764,0.25415031947117456,0.11741670244536162,VERIFIED_DOCUMENTED_VINTAGES_PARTIAL_RELEASE_HISTORY
COMBO_A,standard,STRICT,FIRST_RELEASE,HISTORICAL_POST_DEVELOPMENT_TEST,H1,ALL_AVAILABLE,4,4,0.93700641855406452,0.76785766806718092,0.76785766806718092,VERIFIED_DOCUMENTED_VINTAGES_PARTIAL_RELEASE_HISTORY
COMBO_A,standard,STRICT,FIRST_RELEASE,HISTORICAL_POST_DEVELOPMENT_TEST,H2,ALL_AVAILABLE,4,4,0.89511041386014822,0.71425205897893496,0.71425205897893496,VERIFIED_DOCUMENTED_VINTAGES_PARTIAL_RELEASE_HISTORY
COMBO_A,standard,STRICT,FIRST_RELEASE,HISTORICAL_POST_DEVELOPMENT_TEST,H3,ALL_AVAILABLE,4,4,0.56310389994274912,0.49404545456623739,0.49404545456623739,VERIFIED_DOCUMENTED_VINTAGES_PARTIAL_RELEASE_HISTORY
COMBO_A,standard,STRICT,FIRST_RELEASE,HISTORICAL_POST_DEVELOPMENT_TEST,ALL,ALL_AVAILABLE,12,4,0.81573886416817121,0.65871839387078446,0.65871839387078446,VERIFIED_DOCUMENTED_VINTAGES_PARTIAL_RELEASE_HISTORY
COMBO_A,standard,STRICT,FIRST_RELEASE,HISTORICAL_POST_DEVELOPMENT_TEST,H2_H3,ALL_AVAILABLE,8,4,0.74776622521066682,0.60414875677258617,0.60414875677258617,VERIFIED_DOCUMENTED_VINTAGES_PARTIAL_RELEASE_HISTORY
COMBO_A,standard,STRICT,FIRST_RELEASE,POOLED_RESEARCH_ONLY,H1,ALL_AVAILABLE,10,10,0.64821850855276464,0.47338046180702281,0.47338046180702281,VERIFIED_DOCUMENTED_VINTAGES_PARTIAL_RELEASE_HISTORY
COMBO_A,standard,STRICT,FIRST_RELEASE,POOLED_RESEARCH_ONLY,H2,ALL_AVAILABLE,10,10,0.62565814719977986,0.45397091888465979,0.43050451452313121,VERIFIED_DOCUMENTED_VINTAGES_PARTIAL_RELEASE_HISTORY
COMBO_A,standard,STRICT,FIRST_RELEASE,POOLED_RESEARCH_ONLY,H3,ALL_AVAILABLE,10,10,0.40788830731606812,0.33432846989881859,0.19371453382937168,VERIFIED_DOCUMENTED_VINTAGES_PARTIAL_RELEASE_HISTORY
COMBO_A,standard,STRICT,FIRST_RELEASE,POOLED_RESEARCH_ONLY,ALL,ALL_AVAILABLE,30,10,0.57096649733383342,0.42055995019683379,0.36586650338650856,VERIFIED_DOCUMENTED_VINTAGES_PARTIAL_RELEASE_HISTORY
COMBO_A,standard,STRICT,FIRST_RELEASE,POOLED_RESEARCH_ONLY,H2_H3,ALL_AVAILABLE,20,10,0.52811977259075837,0.39414969439173919,0.31210952417625143,VERIFIED_DOCUMENTED_VINTAGES_PARTIAL_RELEASE_HISTORY
COMBO_A,standard,STRICT,LATEST_REVISED,DEVELOPMENT_PSEUDO_OOS,H1,ALL_AVAILABLE,6,6,0.40978390491505567,0.37706232430025022,0.37706232430025022,VERIFIED_DOCUMENTED_VINTAGES_PARTIAL_RELEASE_HISTORY
COMBO_A,standard,STRICT,LATEST_REVISED,DEVELOPMENT_PSEUDO_OOS,H2,ALL_AVAILABLE,6,6,0.40128655257469337,0.34133948488592819,0.34133948488592819,VERIFIED_DOCUMENTED_VINTAGES_PARTIAL_RELEASE_HISTORY
COMBO_A,standard,STRICT,LATEST_REVISED,DEVELOPMENT_PSEUDO_OOS,H3,ALL_AVAILABLE,6,6,0.27133035057773419,0.26118381345386954,0.093493920004794021,VERIFIED_DOCUMENTED_VINTAGES_PARTIAL_RELEASE_HISTORY
COMBO_A,standard,STRICT,LATEST_REVISED,DEVELOPMENT_PSEUDO_OOS,ALL,ALL_AVAILABLE,18,6,0.36632130939443025,0.32652854088001598,0.27063190973032414,VERIFIED_DOCUMENTED_VINTAGES_PARTIAL_RELEASE_HISTORY
COMBO_A,standard,STRICT,LATEST_REVISED,DEVELOPMENT_PSEUDO_OOS,H2_H3,ALL_AVAILABLE,12,6,0.3425281422174814,0.30126164916989889,0.21741670244536113,VERIFIED_DOCUMENTED_VINTAGES_PARTIAL_RELEASE_HISTORY
COMBO_A,standard,STRICT,LATEST_REVISED,HISTORICAL_POST_DEVELOPMENT_TEST,H1,ALL_AVAILABLE,4,4,0.93700641855406497,0.76785766806718114,0.76785766806718114,VERIFIED_DOCUMENTED_VINTAGES_PARTIAL_RELEASE_HISTORY
COMBO_A,standard,STRICT,LATEST_REVISED,HISTORICAL_POST_DEVELOPMENT_TEST,H2,ALL_AVAILABLE,4,4,0.89511041386014889,0.71425205897893518,0.71425205897893518,VERIFIED_DOCUMENTED_VINTAGES_PARTIAL_RELEASE_HISTORY
COMBO_A,standard,STRICT,LATEST_REVISED,HISTORICAL_POST_DEVELOPMENT_TEST,H3,ALL_AVAILABLE,4,4,0.56310389994275023,0.49404545456623761,0.49404545456623761,VERIFIED_DOCUMENTED_VINTAGES_PARTIAL_RELEASE_HISTORY
COMBO_A,standard,STRICT,LATEST_REVISED,HISTORICAL_POST_DEVELOPMENT_TEST,ALL,ALL_AVAILABLE,12,4,0.81573886416817176,0.65871839387078468,0.65871839387078468,VERIFIED_DOCUMENTED_VINTAGES_PARTIAL_RELEASE_HISTORY
COMBO_A,standard,STRICT,LATEST_REVISED,HISTORICAL_POST_DEVELOPMENT_TEST,H2_H3,ALL_AVAILABLE,8,4,0.74776622521066771,0.60414875677258639,0.60414875677258639,VERIFIED_DOCUMENTED_VINTAGES_PARTIAL_RELEASE_HISTORY
COMBO_A,standard,STRICT,LATEST_REVISED,POOLED_RESEARCH_ONLY,H1,ALL_AVAILABLE,10,10,0.67226938097838795,0.53338046180702259,0.53338046180702259,VERIFIED_DOCUMENTED_VINTAGES_PARTIAL_RELEASE_HISTORY
COMBO_A,standard,STRICT,LATEST_REVISED,POOLED_RESEARCH_ONLY,H2,ALL_AVAILABLE,10,10,0.64583867921232785,0.49050451452313099,0.49050451452313099,VERIFIED_DOCUMENTED_VINTAGES_PARTIAL_RELEASE_HISTORY
COMBO_A,standard,STRICT,LATEST_REVISED,POOLED_RESEARCH_ONLY,H3,ALL_AVAILABLE,10,10,0.41352931738762572,0.35432846989881678,0.25371453382937148,VERIFIED_DOCUMENTED_VINTAGES_PARTIAL_RELEASE_HISTORY
COMBO_A,standard,STRICT,LATEST_REVISED,POOLED_RESEARCH_ONLY,ALL,ALL_AVAILABLE,30,10,0.58880110295041188,0.45940448207632351,0.42586650338650844,VERIFIED_DOCUMENTED_VINTAGES_PARTIAL_RELEASE_HISTORY
COMBO_A,standard,STRICT,LATEST_REVISED,POOLED_RESEARCH_ONLY,H2_H3,ALL_AVAILABLE,20,10,0.54227027205342904,0.42241649221097388,0.37210952417625121,VERIFIED_DOCUMENTED_VINTAGES_PARTIAL_RELEASE_HISTORY
COMBO_B,conservative,PERMISSIVE_END_OF_DAY,FIRST_RELEASE,DEVELOPMENT_PSEUDO_OOS,H1,ALL_AVAILABLE,6,6,0.32939269285508416,0.26493878289594913,0.25946257198593337,VERIFIED_DOCUMENTED_VINTAGES_PARTIAL_RELEASE_HISTORY
COMBO_B,conservative,PERMISSIVE_END_OF_DAY,FIRST_RELEASE,DEVELOPMENT_PSEUDO_OOS,H2,ALL_AVAILABLE,6,6,0.3131941891517987,0.25693683847672216,0.25693683847672216,VERIFIED_DOCUMENTED_VINTAGES_PARTIAL_RELEASE_HISTORY
COMBO_B,conservative,PERMISSIVE_END_OF_DAY,FIRST_RELEASE,DEVELOPMENT_PSEUDO_OOS,H3,ALL_AVAILABLE,6,6,0.37494232763996443,0.32639083338675406,0.19933940534671443,VERIFIED_DOCUMENTED_VINTAGES_PARTIAL_RELEASE_HISTORY
COMBO_B,conservative,PERMISSIVE_END_OF_DAY,FIRST_RELEASE,DEVELOPMENT_PSEUDO_OOS,ALL,ALL_AVAILABLE,18,6,0.34018225276110003,0.28275548491980845,0.23857960526979,VERIFIED_DOCUMENTED_VINTAGES_PARTIAL_RELEASE_HISTORY
COMBO_B,conservative,PERMISSIVE_END_OF_DAY,FIRST_RELEASE,DEVELOPMENT_PSEUDO_OOS,H2_H3,ALL_AVAILABLE,12,6,0.34545068329251216,0.29166383593173811,0.22813812191171831,VERIFIED_DOCUMENTED_VINTAGES_PARTIAL_RELEASE_HISTORY
COMBO_B,conservative,PERMISSIVE_END_OF_DAY,FIRST_RELEASE,HISTORICAL_POST_DEVELOPMENT_TEST,H1,ALL_AVAILABLE,4,4,0.63235204977889514,0.51520138756404932,0.51520138756404932,VERIFIED_DOCUMENTED_VINTAGES_PARTIAL_RELEASE_HISTORY
COMBO_B,conservative,PERMISSIVE_END_OF_DAY,FIRST_RELEASE,HISTORICAL_POST_DEVELOPMENT_TEST,H2,ALL_AVAILABLE,4,4,0.78912510934483693,0.66414453411503205,0.58575306828450158,VERIFIED_DOCUMENTED_VINTAGES_PARTIAL_RELEASE_HISTORY
COMBO_B,conservative,PERMISSIVE_END_OF_DAY,FIRST_RELEASE,HISTORICAL_POST_DEVELOPMENT_TEST,H3,ALL_AVAILABLE,4,4,0.78552563743624138,0.60782378325578801,0.56983099085329103,VERIFIED_DOCUMENTED_VINTAGES_PARTIAL_RELEASE_HISTORY
COMBO_B,conservative,PERMISSIVE_END_OF_DAY,FIRST_RELEASE,HISTORICAL_POST_DEVELOPMENT_TEST,ALL,ALL_AVAILABLE,12,4,0.739287512886041,0.59572323497828983,0.55692848223394731,VERIFIED_DOCUMENTED_VINTAGES_PARTIAL_RELEASE_HISTORY
COMBO_B,conservative,PERMISSIVE_END_OF_DAY,FIRST_RELEASE,HISTORICAL_POST_DEVELOPMENT_TEST,H2_H3,ALL_AVAILABLE,8,4,0.78732743038335529,0.63598415868541003,0.5777920295688963,VERIFIED_DOCUMENTED_VINTAGES_PARTIAL_RELEASE_HISTORY
COMBO_B,conservative,PERMISSIVE_END_OF_DAY,FIRST_RELEASE,POOLED_RESEARCH_ONLY,H1,ALL_AVAILABLE,10,10,0.47439158256404851,0.3650438247631892,0.36175809821717975,VERIFIED_DOCUMENTED_VINTAGES_PARTIAL_RELEASE_HISTORY
COMBO_B,conservative,PERMISSIVE_END_OF_DAY,FIRST_RELEASE,POOLED_RESEARCH_ONLY,H2,ALL_AVAILABLE,10,10,0.55492498173219051,0.41981991673204611,0.38846333039983394,VERIFIED_DOCUMENTED_VINTAGES_PARTIAL_RELEASE_HISTORY
COMBO_B,conservative,PERMISSIVE_END_OF_DAY,FIRST_RELEASE,POOLED_RESEARCH_ONLY,H3,ALL_AVAILABLE,10,10,0.57547307518379165,0.43896401333436763,0.34753603954934509,VERIFIED_DOCUMENTED_VINTAGES_PARTIAL_RELEASE_HISTORY
COMBO_B,conservative,PERMISSIVE_END_OF_DAY,FIRST_RELEASE,POOLED_RESEARCH_ONLY,ALL,ALL_AVAILABLE,30,10,0.53670549628251563,0.40794258494320096,0.36591915605545289,VERIFIED_DOCUMENTED_VINTAGES_PARTIAL_RELEASE_HISTORY
COMBO_B,conservative,PERMISSIVE_END_OF_DAY,FIRST_RELEASE,POOLED_RESEARCH_ONLY,H2_H3,ALL_AVAILABLE,20,10,0.56529240027262084,0.42939196503320687,0.36799968497458951,VERIFIED_DOCUMENTED_VINTAGES_PARTIAL_RELEASE_HISTORY
COMBO_B,conservative,PERMISSIVE_END_OF_DAY,LATEST_REVISED,DEVELOPMENT_PSEUDO_OOS,H1,ALL_AVAILABLE,6,6,0.38302104975242252,0.35946257198593284,0.35946257198593284,VERIFIED_DOCUMENTED_VINTAGES_PARTIAL_RELEASE_HISTORY
COMBO_B,conservative,PERMISSIVE_END_OF_DAY,LATEST_REVISED,DEVELOPMENT_PSEUDO_OOS,H2,ALL_AVAILABLE,6,6,0.38864970489156792,0.3569368384767217,0.3569368384767217,VERIFIED_DOCUMENTED_VINTAGES_PARTIAL_RELEASE_HISTORY
COMBO_B,conservative,PERMISSIVE_END_OF_DAY,LATEST_REVISED,DEVELOPMENT_PSEUDO_OOS,H3,ALL_AVAILABLE,6,6,0.39949579369627175,0.35972416672008506,0.29933940534671394,VERIFIED_DOCUMENTED_VINTAGES_PARTIAL_RELEASE_HISTORY
COMBO_B,conservative,PERMISSIVE_END_OF_DAY,LATEST_REVISED,DEVELOPMENT_PSEUDO_OOS,ALL,ALL_AVAILABLE,18,6,0.39044871914536339,0.35870785906091318,0.33857960526978947,VERIFIED_DOCUMENTED_VINTAGES_PARTIAL_RELEASE_HISTORY
COMBO_B,conservative,PERMISSIVE_END_OF_DAY,LATEST_REVISED,DEVELOPMENT_PSEUDO_OOS,H2_H3,ALL_AVAILABLE,12,6,0.39411006222457512,0.35833050259840338,0.32813812191171782,VERIFIED_DOCUMENTED_VINTAGES_PARTIAL_RELEASE_HISTORY
COMBO_B,conservative,PERMISSIVE_END_OF_DAY,LATEST_REVISED,HISTORICAL_POST_DEVELOPMENT_TEST,H1,ALL_AVAILABLE,4,4,0.63235204977889647,0.51520138756404954,0.51520138756404954,VERIFIED_DOCUMENTED_VINTAGES_PARTIAL_RELEASE_HISTORY
COMBO_B,conservative,PERMISSIVE_END_OF_DAY,LATEST_REVISED,HISTORICAL_POST_DEVELOPMENT_TEST,H2,ALL_AVAILABLE,4,4,0.78912510934483726,0.66414453411503094,0.5857530682845018,VERIFIED_DOCUMENTED_VINTAGES_PARTIAL_RELEASE_HISTORY
COMBO_B,conservative,PERMISSIVE_END_OF_DAY,LATEST_REVISED,HISTORICAL_POST_DEVELOPMENT_TEST,H3,ALL_AVAILABLE,4,4,0.78552563743624182,0.6078237832557869,0.56983099085329125,VERIFIED_DOCUMENTED_VINTAGES_PARTIAL_RELEASE_HISTORY
COMBO_B,conservative,PERMISSIVE_END_OF_DAY,LATEST_REVISED,HISTORICAL_POST_DEVELOPMENT_TEST,ALL,ALL_AVAILABLE,12,4,0.73928751288604166,0.59572323497828916,0.55692848223394753,VERIFIED_DOCUMENTED_VINTAGES_PARTIAL_RELEASE_HISTORY
COMBO_B,conservative,PERMISSIVE_END_OF_DAY,LATEST_REVISED,HISTORICAL_POST_DEVELOPMENT_TEST,H2_H3,ALL_AVAILABLE,8,4,0.78732743038335562,0.63598415868540892,0.57779202956889653,VERIFIED_DOCUMENTED_VINTAGES_PARTIAL_RELEASE_HISTORY
COMBO_B,conservative,PERMISSIVE_END_OF_DAY,LATEST_REVISED,POOLED_RESEARCH_ONLY,H1,ALL_AVAILABLE,10,10,0.49796658590300752,0.42175809821717952,0.42175809821717952,VERIFIED_DOCUMENTED_VINTAGES_PARTIAL_RELEASE_HISTORY
COMBO_B,conservative,PERMISSIVE_END_OF_DAY,LATEST_REVISED,POOLED_RESEARCH_ONLY,H2,ALL_AVAILABLE,10,10,0.58285206626277153,0.47981991673204538,0.44846333039983372,VERIFIED_DOCUMENTED_VINTAGES_PARTIAL_RELEASE_HISTORY
COMBO_B,conservative,PERMISSIVE_END_OF_DAY,LATEST_REVISED,POOLED_RESEARCH_ONLY,H3,ALL_AVAILABLE,10,10,0.58530192579253837,0.45896401333436582,0.40753603954934486,VERIFIED_DOCUMENTED_VINTAGES_PARTIAL_RELEASE_HISTORY
COMBO_B,conservative,PERMISSIVE_END_OF_DAY,LATEST_REVISED,POOLED_RESEARCH_ONLY,ALL,ALL_AVAILABLE,30,10,0.55685593473810135,0.45351400942786346,0.42591915605545266,VERIFIED_DOCUMENTED_VINTAGES_PARTIAL_RELEASE_HISTORY
COMBO_B,conservative,PERMISSIVE_END_OF_DAY,LATEST_REVISED,POOLED_RESEARCH_ONLY,H2_H3,ALL_AVAILABLE,20,10,0.58407828049125243,0.46939196503320557,0.42799968497458929,VERIFIED_DOCUMENTED_VINTAGES_PARTIAL_RELEASE_HISTORY
COMBO_B,conservative,STRICT,FIRST_RELEASE,DEVELOPMENT_PSEUDO_OOS,H1,ALL_AVAILABLE,6,6,0.32939269285508416,0.26493878289594913,0.25946257198593337,VERIFIED_DOCUMENTED_VINTAGES_PARTIAL_RELEASE_HISTORY
COMBO_B,conservative,STRICT,FIRST_RELEASE,DEVELOPMENT_PSEUDO_OOS,H2,ALL_AVAILABLE,6,6,0.3131941891517987,0.25693683847672216,0.25693683847672216,VERIFIED_DOCUMENTED_VINTAGES_PARTIAL_RELEASE_HISTORY
COMBO_B,conservative,STRICT,FIRST_RELEASE,DEVELOPMENT_PSEUDO_OOS,H3,ALL_AVAILABLE,6,6,0.37494232763996443,0.32639083338675406,0.19933940534671443,VERIFIED_DOCUMENTED_VINTAGES_PARTIAL_RELEASE_HISTORY
COMBO_B,conservative,STRICT,FIRST_RELEASE,DEVELOPMENT_PSEUDO_OOS,ALL,ALL_AVAILABLE,18,6,0.34018225276110003,0.28275548491980845,0.23857960526979,VERIFIED_DOCUMENTED_VINTAGES_PARTIAL_RELEASE_HISTORY
COMBO_B,conservative,STRICT,FIRST_RELEASE,DEVELOPMENT_PSEUDO_OOS,H2_H3,ALL_AVAILABLE,12,6,0.34545068329251216,0.29166383593173811,0.22813812191171831,VERIFIED_DOCUMENTED_VINTAGES_PARTIAL_RELEASE_HISTORY
COMBO_B,conservative,STRICT,FIRST_RELEASE,HISTORICAL_POST_DEVELOPMENT_TEST,H1,ALL_AVAILABLE,4,4,0.63235204977889514,0.51520138756404932,0.51520138756404932,VERIFIED_DOCUMENTED_VINTAGES_PARTIAL_RELEASE_HISTORY
COMBO_B,conservative,STRICT,FIRST_RELEASE,HISTORICAL_POST_DEVELOPMENT_TEST,H2,ALL_AVAILABLE,4,4,0.78912510934483693,0.66414453411503205,0.58575306828450158,VERIFIED_DOCUMENTED_VINTAGES_PARTIAL_RELEASE_HISTORY
COMBO_B,conservative,STRICT,FIRST_RELEASE,HISTORICAL_POST_DEVELOPMENT_TEST,H3,ALL_AVAILABLE,4,4,0.78552563743624138,0.60782378325578801,0.56983099085329103,VERIFIED_DOCUMENTED_VINTAGES_PARTIAL_RELEASE_HISTORY
COMBO_B,conservative,STRICT,FIRST_RELEASE,HISTORICAL_POST_DEVELOPMENT_TEST,ALL,ALL_AVAILABLE,12,4,0.739287512886041,0.59572323497828983,0.55692848223394731,VERIFIED_DOCUMENTED_VINTAGES_PARTIAL_RELEASE_HISTORY
COMBO_B,conservative,STRICT,FIRST_RELEASE,HISTORICAL_POST_DEVELOPMENT_TEST,H2_H3,ALL_AVAILABLE,8,4,0.78732743038335529,0.63598415868541003,0.5777920295688963,VERIFIED_DOCUMENTED_VINTAGES_PARTIAL_RELEASE_HISTORY
COMBO_B,conservative,STRICT,FIRST_RELEASE,POOLED_RESEARCH_ONLY,H1,ALL_AVAILABLE,10,10,0.47439158256404851,0.3650438247631892,0.36175809821717975,VERIFIED_DOCUMENTED_VINTAGES_PARTIAL_RELEASE_HISTORY
COMBO_B,conservative,STRICT,FIRST_RELEASE,POOLED_RESEARCH_ONLY,H2,ALL_AVAILABLE,10,10,0.55492498173219051,0.41981991673204611,0.38846333039983394,VERIFIED_DOCUMENTED_VINTAGES_PARTIAL_RELEASE_HISTORY
COMBO_B,conservative,STRICT,FIRST_RELEASE,POOLED_RESEARCH_ONLY,H3,ALL_AVAILABLE,10,10,0.57547307518379165,0.43896401333436763,0.34753603954934509,VERIFIED_DOCUMENTED_VINTAGES_PARTIAL_RELEASE_HISTORY
COMBO_B,conservative,STRICT,FIRST_RELEASE,POOLED_RESEARCH_ONLY,ALL,ALL_AVAILABLE,30,10,0.53670549628251563,0.40794258494320096,0.36591915605545289,VERIFIED_DOCUMENTED_VINTAGES_PARTIAL_RELEASE_HISTORY
COMBO_B,conservative,STRICT,FIRST_RELEASE,POOLED_RESEARCH_ONLY,H2_H3,ALL_AVAILABLE,20,10,0.56529240027262084,0.42939196503320687,0.36799968497458951,VERIFIED_DOCUMENTED_VINTAGES_PARTIAL_RELEASE_HISTORY
COMBO_B,conservative,STRICT,LATEST_REVISED,DEVELOPMENT_PSEUDO_OOS,H1,ALL_AVAILABLE,6,6,0.38302104975242252,0.35946257198593284,0.35946257198593284,VERIFIED_DOCUMENTED_VINTAGES_PARTIAL_RELEASE_HISTORY
COMBO_B,conservative,STRICT,LATEST_REVISED,DEVELOPMENT_PSEUDO_OOS,H2,ALL_AVAILABLE,6,6,0.38864970489156792,0.3569368384767217,0.3569368384767217,VERIFIED_DOCUMENTED_VINTAGES_PARTIAL_RELEASE_HISTORY
COMBO_B,conservative,STRICT,LATEST_REVISED,DEVELOPMENT_PSEUDO_OOS,H3,ALL_AVAILABLE,6,6,0.39949579369627175,0.35972416672008506,0.29933940534671394,VERIFIED_DOCUMENTED_VINTAGES_PARTIAL_RELEASE_HISTORY
COMBO_B,conservative,STRICT,LATEST_REVISED,DEVELOPMENT_PSEUDO_OOS,ALL,ALL_AVAILABLE,18,6,0.39044871914536339,0.35870785906091318,0.33857960526978947,VERIFIED_DOCUMENTED_VINTAGES_PARTIAL_RELEASE_HISTORY
COMBO_B,conservative,STRICT,LATEST_REVISED,DEVELOPMENT_PSEUDO_OOS,H2_H3,ALL_AVAILABLE,12,6,0.39411006222457512,0.35833050259840338,0.32813812191171782,VERIFIED_DOCUMENTED_VINTAGES_PARTIAL_RELEASE_HISTORY
COMBO_B,conservative,STRICT,LATEST_REVISED,HISTORICAL_POST_DEVELOPMENT_TEST,H1,ALL_AVAILABLE,4,4,0.63235204977889647,0.51520138756404954,0.51520138756404954,VERIFIED_DOCUMENTED_VINTAGES_PARTIAL_RELEASE_HISTORY
COMBO_B,conservative,STRICT,LATEST_REVISED,HISTORICAL_POST_DEVELOPMENT_TEST,H2,ALL_AVAILABLE,4,4,0.78912510934483726,0.66414453411503094,0.5857530682845018,VERIFIED_DOCUMENTED_VINTAGES_PARTIAL_RELEASE_HISTORY
COMBO_B,conservative,STRICT,LATEST_REVISED,HISTORICAL_POST_DEVELOPMENT_TEST,H3,ALL_AVAILABLE,4,4,0.78552563743624182,0.6078237832557869,0.56983099085329125,VERIFIED_DOCUMENTED_VINTAGES_PARTIAL_RELEASE_HISTORY
COMBO_B,conservative,STRICT,LATEST_REVISED,HISTORICAL_POST_DEVELOPMENT_TEST,ALL,ALL_AVAILABLE,12,4,0.73928751288604166,0.59572323497828916,0.55692848223394753,VERIFIED_DOCUMENTED_VINTAGES_PARTIAL_RELEASE_HISTORY
COMBO_B,conservative,STRICT,LATEST_REVISED,HISTORICAL_POST_DEVELOPMENT_TEST,H2_H3,ALL_AVAILABLE,8,4,0.78732743038335562,0.63598415868540892,0.57779202956889653,VERIFIED_DOCUMENTED_VINTAGES_PARTIAL_RELEASE_HISTORY
COMBO_B,conservative,STRICT,LATEST_REVISED,POOLED_RESEARCH_ONLY,H1,ALL_AVAILABLE,10,10,0.49796658590300752,0.42175809821717952,0.42175809821717952,VERIFIED_DOCUMENTED_VINTAGES_PARTIAL_RELEASE_HISTORY
COMBO_B,conservative,STRICT,LATEST_REVISED,POOLED_RESEARCH_ONLY,H2,ALL_AVAILABLE,10,10,0.58285206626277153,0.47981991673204538,0.44846333039983372,VERIFIED_DOCUMENTED_VINTAGES_PARTIAL_RELEASE_HISTORY
COMBO_B,conservative,STRICT,LATEST_REVISED,POOLED_RESEARCH_ONLY,H3,ALL_AVAILABLE,10,10,0.58530192579253837,0.45896401333436582,0.40753603954934486,VERIFIED_DOCUMENTED_VINTAGES_PARTIAL_RELEASE_HISTORY
COMBO_B,conservative,STRICT,LATEST_REVISED,POOLED_RESEARCH_ONLY,ALL,ALL_AVAILABLE,30,10,0.55685593473810135,0.45351400942786346,0.42591915605545266,VERIFIED_DOCUMENTED_VINTAGES_PARTIAL_RELEASE_HISTORY
COMBO_B,conservative,STRICT,LATEST_REVISED,POOLED_RESEARCH_ONLY,H2_H3,ALL_AVAILABLE,20,10,0.58407828049125243,0.46939196503320557,0.42799968497458929,VERIFIED_DOCUMENTED_VINTAGES_PARTIAL_RELEASE_HISTORY
COMBO_B,standard,PERMISSIVE_END_OF_DAY,FIRST_RELEASE,DEVELOPMENT_PSEUDO_OOS,H1,ALL_AVAILABLE,6,6,0.29796053756335178,0.24008783317825907,0.24008783317825907,VERIFIED_DOCUMENTED_VINTAGES_PARTIAL_RELEASE_HISTORY
COMBO_B,standard,PERMISSIVE_END_OF_DAY,FIRST_RELEASE,DEVELOPMENT_PSEUDO_OOS,H2,ALL_AVAILABLE,6,6,0.31172390964934976,0.25104849370557458,0.22023432380477473,VERIFIED_DOCUMENTED_VINTAGES_PARTIAL_RELEASE_HISTORY
COMBO_B,standard,PERMISSIVE_END_OF_DAY,FIRST_RELEASE,DEVELOPMENT_PSEUDO_OOS,H3,ALL_AVAILABLE,6,6,0.25495754354190592,0.21941777096294132,-0.029096457080363642,VERIFIED_DOCUMENTED_VINTAGES_PARTIAL_RELEASE_HISTORY
COMBO_B,standard,PERMISSIVE_END_OF_DAY,FIRST_RELEASE,DEVELOPMENT_PSEUDO_OOS,ALL,ALL_AVAILABLE,18,6,0.28922633974164036,0.23685136594892497,0.14374189996755671,VERIFIED_DOCUMENTED_VINTAGES_PARTIAL_RELEASE_HISTORY
COMBO_B,standard,PERMISSIVE_END_OF_DAY,FIRST_RELEASE,DEVELOPMENT_PSEUDO_OOS,H2_H3,ALL_AVAILABLE,12,6,0.28475879692820627,0.23523313233425794,0.095568933362205552,VERIFIED_DOCUMENTED_VINTAGES_PARTIAL_RELEASE_HISTORY
COMBO_B,standard,PERMISSIVE_END_OF_DAY,FIRST_RELEASE,HISTORICAL_POST_DEVELOPMENT_TEST,H1,ALL_AVAILABLE,4,4,0.77853955127230168,0.6545657448419544,0.56632486253064829,VERIFIED_DOCUMENTED_VINTAGES_PARTIAL_RELEASE_HISTORY
COMBO_B,standard,PERMISSIVE_END_OF_DAY,FIRST_RELEASE,HISTORICAL_POST_DEVELOPMENT_TEST,H2,ALL_AVAILABLE,4,4,0.77496539485942473,0.60067689552658798,0.54626259234372698,VERIFIED_DOCUMENTED_VINTAGES_PARTIAL_RELEASE_HISTORY
COMBO_B,standard,PERMISSIVE_END_OF_DAY,FIRST_RELEASE,HISTORICAL_POST_DEVELOPMENT_TEST,H3,ALL_AVAILABLE,4,4,0.44660813740465177,0.34277355266096143,0.34277355266096143,VERIFIED_DOCUMENTED_VINTAGES_PARTIAL_RELEASE_HISTORY
COMBO_B,standard,PERMISSIVE_END_OF_DAY,FIRST_RELEASE,HISTORICAL_POST_DEVELOPMENT_TEST,ALL,ALL_AVAILABLE,12,4,0.68462983295621227,0.53267206434316794,0.48512033584511222,VERIFIED_DOCUMENTED_VINTAGES_PARTIAL_RELEASE_HISTORY
COMBO_B,standard,PERMISSIVE_END_OF_DAY,FIRST_RELEASE,HISTORICAL_POST_DEVELOPMENT_TEST,H2_H3,ALL_AVAILABLE,8,4,0.63246746620900451,0.47172522409377471,0.44451807250234421,VERIFIED_DOCUMENTED_VINTAGES_PARTIAL_RELEASE_HISTORY
COMBO_B,standard,PERMISSIVE_END_OF_DAY,FIRST_RELEASE,POOLED_RESEARCH_ONLY,H1,ALL_AVAILABLE,10,10,0.54379943207503967,0.40587899784373721,0.37058264491921478,VERIFIED_DOCUMENTED_VINTAGES_PARTIAL_RELEASE_HISTORY
COMBO_B,standard,PERMISSIVE_END_OF_DAY,FIRST_RELEASE,POOLED_RESEARCH_ONLY,H2,ALL_AVAILABLE,10,10,0.54638047439499082,0.39089985443397995,0.35064563122035564,VERIFIED_DOCUMENTED_VINTAGES_PARTIAL_RELEASE_HISTORY
COMBO_B,standard,PERMISSIVE_END_OF_DAY,FIRST_RELEASE,POOLED_RESEARCH_ONLY,H3,ALL_AVAILABLE,10,10,0.3446527829044394,0.26876008364214937,0.11965154681616638,VERIFIED_DOCUMENTED_VINTAGES_PARTIAL_RELEASE_HISTORY
COMBO_B,standard,PERMISSIVE_END_OF_DAY,FIRST_RELEASE,POOLED_RESEARCH_ONLY,ALL,ALL_AVAILABLE,30,10,0.48752264422246944,0.35517964530662216,0.28029327431857892,VERIFIED_DOCUMENTED_VINTAGES_PARTIAL_RELEASE_HISTORY
COMBO_B,standard,PERMISSIVE_END_OF_DAY,FIRST_RELEASE,POOLED_RESEARCH_ONLY,H2_H3,ALL_AVAILABLE,20,10,0.456791617460232,0.32982996903806466,0.23514858901826102,VERIFIED_DOCUMENTED_VINTAGES_PARTIAL_RELEASE_HISTORY
COMBO_B,standard,PERMISSIVE_END_OF_DAY,LATEST_REVISED,DEVELOPMENT_PSEUDO_OOS,H1,ALL_AVAILABLE,6,6,0.37048050095702328,0.34008783317825858,0.34008783317825858,VERIFIED_DOCUMENTED_VINTAGES_PARTIAL_RELEASE_HISTORY
COMBO_B,standard,PERMISSIVE_END_OF_DAY,LATEST_REVISED,DEVELOPMENT_PSEUDO_OOS,H2,ALL_AVAILABLE,6,6,0.37111872897151826,0.32023432380477423,0.32023432380477423,VERIFIED_DOCUMENTED_VINTAGES_PARTIAL_RELEASE_HISTORY
COMBO_B,standard,PERMISSIVE_END_OF_DAY,LATEST_REVISED,DEVELOPMENT_PSEUDO_OOS,H3,ALL_AVAILABLE,6,6,0.27157503166513453,0.2527511042962714,0.070903542919635854,VERIFIED_DOCUMENTED_VINTAGES_PARTIAL_RELEASE_HISTORY
COMBO_B,standard,PERMISSIVE_END_OF_DAY,LATEST_REVISED,DEVELOPMENT_PSEUDO_OOS,ALL,ALL_AVAILABLE,18,6,0.3409486326935095,0.30435775375976809,0.24374189996755621,VERIFIED_DOCUMENTED_VINTAGES_PARTIAL_RELEASE_HISTORY
COMBO_B,standard,PERMISSIVE_END_OF_DAY,LATEST_REVISED,DEVELOPMENT_PSEUDO_OOS,H2_H3,ALL_AVAILABLE,12,6,0.3251784962273444,0.28649271405052285,0.19556893336220504,VERIFIED_DOCUMENTED_VINTAGES_PARTIAL_RELEASE_HISTORY
COMBO_B,standard,PERMISSIVE_END_OF_DAY,LATEST_REVISED,HISTORICAL_POST_DEVELOPMENT_TEST,H1,ALL_AVAILABLE,4,4,0.77853955127230212,0.65456574484195329,0.56632486253064851,VERIFIED_DOCUMENTED_VINTAGES_PARTIAL_RELEASE_HISTORY
COMBO_B,standard,PERMISSIVE_END_OF_DAY,LATEST_REVISED,HISTORICAL_POST_DEVELOPMENT_TEST,H2,ALL_AVAILABLE,4,4,0.77496539485942539,0.60067689552658687,0.5462625923437272,VERIFIED_DOCUMENTED_VINTAGES_PARTIAL_RELEASE_HISTORY
COMBO_B,standard,PERMISSIVE_END_OF_DAY,LATEST_REVISED,HISTORICAL_POST_DEVELOPMENT_TEST,H3,ALL_AVAILABLE,4,4,0.4466081374046531,0.34277355266096166,0.34277355266096166,VERIFIED_DOCUMENTED_VINTAGES_PARTIAL_RELEASE_HISTORY
COMBO_B,standard,PERMISSIVE_END_OF_DAY,LATEST_REVISED,HISTORICAL_POST_DEVELOPMENT_TEST,ALL,ALL_AVAILABLE,12,4,0.68462983295621305,0.53267206434316727,0.48512033584511244,VERIFIED_DOCUMENTED_VINTAGES_PARTIAL_RELEASE_HISTORY
COMBO_B,standard,PERMISSIVE_END_OF_DAY,LATEST_REVISED,HISTORICAL_POST_DEVELOPMENT_TEST,H2_H3,ALL_AVAILABLE,8,4,0.6324674662090054,0.47172522409377426,0.44451807250234443,VERIFIED_DOCUMENTED_VINTAGES_PARTIAL_RELEASE_HISTORY
COMBO_B,standard,PERMISSIVE_END_OF_DAY,LATEST_REVISED,POOLED_RESEARCH_ONLY,H1,ALL_AVAILABLE,10,10,0.56991491830950625,0.46587899784373643,0.43058264491921455,VERIFIED_DOCUMENTED_VINTAGES_PARTIAL_RELEASE_HISTORY
COMBO_B,standard,PERMISSIVE_END_OF_DAY,LATEST_REVISED,POOLED_RESEARCH_ONLY,H2,ALL_AVAILABLE,10,10,0.56821299869671338,0.43241135249349927,0.41064563122035541,VERIFIED_DOCUMENTED_VINTAGES_PARTIAL_RELEASE_HISTORY
COMBO_B,standard,PERMISSIVE_END_OF_DAY,LATEST_REVISED,POOLED_RESEARCH_ONLY,H3,ALL_AVAILABLE,10,10,0.35218649896435938,0.2887600836421475,0.17965154681616619,VERIFIED_DOCUMENTED_VINTAGES_PARTIAL_RELEASE_HISTORY
COMBO_B,standard,PERMISSIVE_END_OF_DAY,LATEST_REVISED,POOLED_RESEARCH_ONLY,ALL,ALL_AVAILABLE,30,10,0.50718318717284494,0.39568347799312775,0.34029327431857875,VERIFIED_DOCUMENTED_VINTAGES_PARTIAL_RELEASE_HISTORY
COMBO_B,standard,PERMISSIVE_END_OF_DAY,LATEST_REVISED,POOLED_RESEARCH_ONLY,H2_H3,ALL_AVAILABLE,20,10,0.47270569170504173,0.36058571806782341,0.2951485890182608,VERIFIED_DOCUMENTED_VINTAGES_PARTIAL_RELEASE_HISTORY
COMBO_B,standard,STRICT,FIRST_RELEASE,DEVELOPMENT_PSEUDO_OOS,H1,ALL_AVAILABLE,6,6,0.29796053756335178,0.24008783317825907,0.24008783317825907,VERIFIED_DOCUMENTED_VINTAGES_PARTIAL_RELEASE_HISTORY
COMBO_B,standard,STRICT,FIRST_RELEASE,DEVELOPMENT_PSEUDO_OOS,H2,ALL_AVAILABLE,6,6,0.31172390964934976,0.25104849370557458,0.22023432380477473,VERIFIED_DOCUMENTED_VINTAGES_PARTIAL_RELEASE_HISTORY
COMBO_B,standard,STRICT,FIRST_RELEASE,DEVELOPMENT_PSEUDO_OOS,H3,ALL_AVAILABLE,6,6,0.25495754354190592,0.21941777096294132,-0.029096457080363642,VERIFIED_DOCUMENTED_VINTAGES_PARTIAL_RELEASE_HISTORY
COMBO_B,standard,STRICT,FIRST_RELEASE,DEVELOPMENT_PSEUDO_OOS,ALL,ALL_AVAILABLE,18,6,0.28922633974164036,0.23685136594892497,0.14374189996755671,VERIFIED_DOCUMENTED_VINTAGES_PARTIAL_RELEASE_HISTORY
COMBO_B,standard,STRICT,FIRST_RELEASE,DEVELOPMENT_PSEUDO_OOS,H2_H3,ALL_AVAILABLE,12,6,0.28475879692820627,0.23523313233425794,0.095568933362205552,VERIFIED_DOCUMENTED_VINTAGES_PARTIAL_RELEASE_HISTORY
COMBO_B,standard,STRICT,FIRST_RELEASE,HISTORICAL_POST_DEVELOPMENT_TEST,H1,ALL_AVAILABLE,4,4,0.77853955127230168,0.6545657448419544,0.56632486253064829,VERIFIED_DOCUMENTED_VINTAGES_PARTIAL_RELEASE_HISTORY
COMBO_B,standard,STRICT,FIRST_RELEASE,HISTORICAL_POST_DEVELOPMENT_TEST,H2,ALL_AVAILABLE,4,4,0.77496539485942473,0.60067689552658798,0.54626259234372698,VERIFIED_DOCUMENTED_VINTAGES_PARTIAL_RELEASE_HISTORY
COMBO_B,standard,STRICT,FIRST_RELEASE,HISTORICAL_POST_DEVELOPMENT_TEST,H3,ALL_AVAILABLE,4,4,0.44660813740465177,0.34277355266096143,0.34277355266096143,VERIFIED_DOCUMENTED_VINTAGES_PARTIAL_RELEASE_HISTORY
COMBO_B,standard,STRICT,FIRST_RELEASE,HISTORICAL_POST_DEVELOPMENT_TEST,ALL,ALL_AVAILABLE,12,4,0.68462983295621227,0.53267206434316794,0.48512033584511222,VERIFIED_DOCUMENTED_VINTAGES_PARTIAL_RELEASE_HISTORY
COMBO_B,standard,STRICT,FIRST_RELEASE,HISTORICAL_POST_DEVELOPMENT_TEST,H2_H3,ALL_AVAILABLE,8,4,0.63246746620900451,0.47172522409377471,0.44451807250234421,VERIFIED_DOCUMENTED_VINTAGES_PARTIAL_RELEASE_HISTORY
COMBO_B,standard,STRICT,FIRST_RELEASE,POOLED_RESEARCH_ONLY,H1,ALL_AVAILABLE,10,10,0.54379943207503967,0.40587899784373721,0.37058264491921478,VERIFIED_DOCUMENTED_VINTAGES_PARTIAL_RELEASE_HISTORY
COMBO_B,standard,STRICT,FIRST_RELEASE,POOLED_RESEARCH_ONLY,H2,ALL_AVAILABLE,10,10,0.54638047439499082,0.39089985443397995,0.35064563122035564,VERIFIED_DOCUMENTED_VINTAGES_PARTIAL_RELEASE_HISTORY
COMBO_B,standard,STRICT,FIRST_RELEASE,POOLED_RESEARCH_ONLY,H3,ALL_AVAILABLE,10,10,0.3446527829044394,0.26876008364214937,0.11965154681616638,VERIFIED_DOCUMENTED_VINTAGES_PARTIAL_RELEASE_HISTORY
COMBO_B,standard,STRICT,FIRST_RELEASE,POOLED_RESEARCH_ONLY,ALL,ALL_AVAILABLE,30,10,0.48752264422246944,0.35517964530662216,0.28029327431857892,VERIFIED_DOCUMENTED_VINTAGES_PARTIAL_RELEASE_HISTORY
COMBO_B,standard,STRICT,FIRST_RELEASE,POOLED_RESEARCH_ONLY,H2_H3,ALL_AVAILABLE,20,10,0.456791617460232,0.32982996903806466,0.23514858901826102,VERIFIED_DOCUMENTED_VINTAGES_PARTIAL_RELEASE_HISTORY
COMBO_B,standard,STRICT,LATEST_REVISED,DEVELOPMENT_PSEUDO_OOS,H1,ALL_AVAILABLE,6,6,0.37048050095702328,0.34008783317825858,0.34008783317825858,VERIFIED_DOCUMENTED_VINTAGES_PARTIAL_RELEASE_HISTORY
COMBO_B,standard,STRICT,LATEST_REVISED,DEVELOPMENT_PSEUDO_OOS,H2,ALL_AVAILABLE,6,6,0.37111872897151826,0.32023432380477423,0.32023432380477423,VERIFIED_DOCUMENTED_VINTAGES_PARTIAL_RELEASE_HISTORY
COMBO_B,standard,STRICT,LATEST_REVISED,DEVELOPMENT_PSEUDO_OOS,H3,ALL_AVAILABLE,6,6,0.27157503166513453,0.2527511042962714,0.070903542919635854,VERIFIED_DOCUMENTED_VINTAGES_PARTIAL_RELEASE_HISTORY
COMBO_B,standard,STRICT,LATEST_REVISED,DEVELOPMENT_PSEUDO_OOS,ALL,ALL_AVAILABLE,18,6,0.3409486326935095,0.30435775375976809,0.24374189996755621,VERIFIED_DOCUMENTED_VINTAGES_PARTIAL_RELEASE_HISTORY
COMBO_B,standard,STRICT,LATEST_REVISED,DEVELOPMENT_PSEUDO_OOS,H2_H3,ALL_AVAILABLE,12,6,0.3251784962273444,0.28649271405052285,0.19556893336220504,VERIFIED_DOCUMENTED_VINTAGES_PARTIAL_RELEASE_HISTORY
COMBO_B,standard,STRICT,LATEST_REVISED,HISTORICAL_POST_DEVELOPMENT_TEST,H1,ALL_AVAILABLE,4,4,0.77853955127230212,0.65456574484195329,0.56632486253064851,VERIFIED_DOCUMENTED_VINTAGES_PARTIAL_RELEASE_HISTORY
COMBO_B,standard,STRICT,LATEST_REVISED,HISTORICAL_POST_DEVELOPMENT_TEST,H2,ALL_AVAILABLE,4,4,0.77496539485942539,0.60067689552658687,0.5462625923437272,VERIFIED_DOCUMENTED_VINTAGES_PARTIAL_RELEASE_HISTORY
COMBO_B,standard,STRICT,LATEST_REVISED,HISTORICAL_POST_DEVELOPMENT_TEST,H3,ALL_AVAILABLE,4,4,0.4466081374046531,0.34277355266096166,0.34277355266096166,VERIFIED_DOCUMENTED_VINTAGES_PARTIAL_RELEASE_HISTORY
COMBO_B,standard,STRICT,LATEST_REVISED,HISTORICAL_POST_DEVELOPMENT_TEST,ALL,ALL_AVAILABLE,12,4,0.68462983295621305,0.53267206434316727,0.48512033584511244,VERIFIED_DOCUMENTED_VINTAGES_PARTIAL_RELEASE_HISTORY
COMBO_B,standard,STRICT,LATEST_REVISED,HISTORICAL_POST_DEVELOPMENT_TEST,H2_H3,ALL_AVAILABLE,8,4,0.6324674662090054,0.47172522409377426,0.44451807250234443,VERIFIED_DOCUMENTED_VINTAGES_PARTIAL_RELEASE_HISTORY
COMBO_B,standard,STRICT,LATEST_REVISED,POOLED_RESEARCH_ONLY,H1,ALL_AVAILABLE,10,10,0.56991491830950625,0.46587899784373643,0.43058264491921455,VERIFIED_DOCUMENTED_VINTAGES_PARTIAL_RELEASE_HISTORY
COMBO_B,standard,STRICT,LATEST_REVISED,POOLED_RESEARCH_ONLY,H2,ALL_AVAILABLE,10,10,0.56821299869671338,0.43241135249349927,0.41064563122035541,VERIFIED_DOCUMENTED_VINTAGES_PARTIAL_RELEASE_HISTORY
COMBO_B,standard,STRICT,LATEST_REVISED,POOLED_RESEARCH_ONLY,H3,ALL_AVAILABLE,10,10,0.35218649896435938,0.2887600836421475,0.17965154681616619,VERIFIED_DOCUMENTED_VINTAGES_PARTIAL_RELEASE_HISTORY
COMBO_B,standard,STRICT,LATEST_REVISED,POOLED_RESEARCH_ONLY,ALL,ALL_AVAILABLE,30,10,0.50718318717284494,0.39568347799312775,0.34029327431857875,VERIFIED_DOCUMENTED_VINTAGES_PARTIAL_RELEASE_HISTORY
COMBO_B,standard,STRICT,LATEST_REVISED,POOLED_RESEARCH_ONLY,H2_H3,ALL_AVAILABLE,20,10,0.47270569170504173,0.36058571806782341,0.2951485890182608,VERIFIED_DOCUMENTED_VINTAGES_PARTIAL_RELEASE_HISTORY
DFM_A,conservative,PERMISSIVE_END_OF_DAY,FIRST_RELEASE,DEVELOPMENT_PSEUDO_OOS,H1,ALL_AVAILABLE,6,6,0.41264537113860617,0.30738124725328914,0.27463983582884771,VERIFIED_DOCUMENTED_VINTAGES_PARTIAL_RELEASE_HISTORY
DFM_A,conservative,PERMISSIVE_END_OF_DAY,FIRST_RELEASE,DEVELOPMENT_PSEUDO_OOS,H2,ALL_AVAILABLE,6,6,0.40647826058252756,0.31364844883818144,0.30826205639370868,VERIFIED_DOCUMENTED_VINTAGES_PARTIAL_RELEASE_HISTORY
DFM_A,conservative,PERMISSIVE_END_OF_DAY,FIRST_RELEASE,DEVELOPMENT_PSEUDO_OOS,H3,ALL_AVAILABLE,6,6,0.64449179312945448,0.51344642215187031,0.11123968508716479,VERIFIED_DOCUMENTED_VINTAGES_PARTIAL_RELEASE_HISTORY
DFM_A,conservative,PERMISSIVE_END_OF_DAY,FIRST_RELEASE,DEVELOPMENT_PSEUDO_OOS,ALL,ALL_AVAILABLE,18,6,0.50029006588162928,0.37815870608111363,0.23138052576990706,VERIFIED_DOCUMENTED_VINTAGES_PARTIAL_RELEASE_HISTORY
DFM_A,conservative,PERMISSIVE_END_OF_DAY,FIRST_RELEASE,DEVELOPMENT_PSEUDO_OOS,H2_H3,ALL_AVAILABLE,12,6,0.53879228267367418,0.41354743549502587,0.20975087074043675,VERIFIED_DOCUMENTED_VINTAGES_PARTIAL_RELEASE_HISTORY
DFM_A,conservative,PERMISSIVE_END_OF_DAY,FIRST_RELEASE,HISTORICAL_POST_DEVELOPMENT_TEST,H1,ALL_AVAILABLE,4,4,1.5144427028544354,1.4643800507109497,1.4643800507109497,VERIFIED_DOCUMENTED_VINTAGES_PARTIAL_RELEASE_HISTORY
DFM_A,conservative,PERMISSIVE_END_OF_DAY,FIRST_RELEASE,HISTORICAL_POST_DEVELOPMENT_TEST,H2,ALL_AVAILABLE,4,4,1.4410750761821276,1.3940063826284321,1.3940063826284321,VERIFIED_DOCUMENTED_VINTAGES_PARTIAL_RELEASE_HISTORY
DFM_A,conservative,PERMISSIVE_END_OF_DAY,FIRST_RELEASE,HISTORICAL_POST_DEVELOPMENT_TEST,H3,ALL_AVAILABLE,4,4,1.3700099007065691,1.3316791439522464,1.3316791439522464,VERIFIED_DOCUMENTED_VINTAGES_PARTIAL_RELEASE_HISTORY
DFM_A,conservative,PERMISSIVE_END_OF_DAY,FIRST_RELEASE,HISTORICAL_POST_DEVELOPMENT_TEST,ALL,ALL_AVAILABLE,12,4,1.4430478397540392,1.3966885257638761,1.3966885257638761,VERIFIED_DOCUMENTED_VINTAGES_PARTIAL_RELEASE_HISTORY
DFM_A,conservative,PERMISSIVE_END_OF_DAY,FIRST_RELEASE,HISTORICAL_POST_DEVELOPMENT_TEST,H2_H3,ALL_AVAILABLE,8,4,1.4059915546025425,1.3628427632903393,1.3628427632903393,VERIFIED_DOCUMENTED_VINTAGES_PARTIAL_RELEASE_HISTORY
DFM_A,conservative,PERMISSIVE_END_OF_DAY,FIRST_RELEASE,POOLED_RESEARCH_ONLY,H1,ALL_AVAILABLE,10,10,1.0097427402486683,0.77018076863635332,0.75053592178168849,VERIFIED_DOCUMENTED_VINTAGES_PARTIAL_RELEASE_HISTORY
DFM_A,conservative,PERMISSIVE_END_OF_DAY,FIRST_RELEASE,POOLED_RESEARCH_ONLY,H2,ALL_AVAILABLE,10,10,0.9642684770711154,0.74579162235428176,0.74255978688759805,VERIFIED_DOCUMENTED_VINTAGES_PARTIAL_RELEASE_HISTORY
DFM_A,conservative,PERMISSIVE_END_OF_DAY,FIRST_RELEASE,POOLED_RESEARCH_ONLY,H3,ALL_AVAILABLE,10,10,0.99999632702342534,0.8407395108720207,0.59941546863319739,VERIFIED_DOCUMENTED_VINTAGES_PARTIAL_RELEASE_HISTORY
DFM_A,conservative,PERMISSIVE_END_OF_DAY,FIRST_RELEASE,POOLED_RESEARCH_ONLY,ALL,ALL_AVAILABLE,30,10,0.99152857605790989,0.78557063395421856,0.69750372576749464,VERIFIED_DOCUMENTED_VINTAGES_PARTIAL_RELEASE_HISTORY
DFM_A,conservative,PERMISSIVE_END_OF_DAY,FIRST_RELEASE,POOLED_RESEARCH_ONLY,H2_H3,ALL_AVAILABLE,20,10,0.98229485133878958,0.79326556661315117,0.67098762776039778,VERIFIED_DOCUMENTED_VINTAGES_PARTIAL_RELEASE_HISTORY
DFM_A,conservative,PERMISSIVE_END_OF_DAY,LATEST_REVISED,DEVELOPMENT_PSEUDO_OOS,H1,ALL_AVAILABLE,6,6,0.44198557307689218,0.37463983582884719,0.37463983582884719,VERIFIED_DOCUMENTED_VINTAGES_PARTIAL_RELEASE_HISTORY
DFM_A,conservative,PERMISSIVE_END_OF_DAY,LATEST_REVISED,DEVELOPMENT_PSEUDO_OOS,H2,ALL_AVAILABLE,6,6,0.45448042197587729,0.40826205639370822,0.40826205639370822,VERIFIED_DOCUMENTED_VINTAGES_PARTIAL_RELEASE_HISTORY
DFM_A,conservative,PERMISSIVE_END_OF_DAY,LATEST_REVISED,DEVELOPMENT_PSEUDO_OOS,H3,ALL_AVAILABLE,6,6,0.60359540676282808,0.53022866542324776,0.21123968508716429,VERIFIED_DOCUMENTED_VINTAGES_PARTIAL_RELEASE_HISTORY
DFM_A,conservative,PERMISSIVE_END_OF_DAY,LATEST_REVISED,DEVELOPMENT_PSEUDO_OOS,ALL,ALL_AVAILABLE,18,6,0.50538141234539025,0.43771018588193439,0.33138052576990656,VERIFIED_DOCUMENTED_VINTAGES_PARTIAL_RELEASE_HISTORY
DFM_A,conservative,PERMISSIVE_END_OF_DAY,LATEST_REVISED,DEVELOPMENT_PSEUDO_OOS,H2_H3,ALL_AVAILABLE,12,6,0.53426579013846431,0.46924536090847796,0.30975087074043622,VERIFIED_DOCUMENTED_VINTAGES_PARTIAL_RELEASE_HISTORY
DFM_A,conservative,PERMISSIVE_END_OF_DAY,LATEST_REVISED,HISTORICAL_POST_DEVELOPMENT_TEST,H1,ALL_AVAILABLE,4,4,1.5144427028544361,1.4643800507109499,1.4643800507109499,VERIFIED_DOCUMENTED_VINTAGES_PARTIAL_RELEASE_HISTORY
DFM_A,conservative,PERMISSIVE_END_OF_DAY,LATEST_REVISED,HISTORICAL_POST_DEVELOPMENT_TEST,H2,ALL_AVAILABLE,4,4,1.4410750761821283,1.3940063826284324,1.3940063826284324,VERIFIED_DOCUMENTED_VINTAGES_PARTIAL_RELEASE_HISTORY
DFM_A,conservative,PERMISSIVE_END_OF_DAY,LATEST_REVISED,HISTORICAL_POST_DEVELOPMENT_TEST,H3,ALL_AVAILABLE,4,4,1.37000990070657,1.3316791439522466,1.3316791439522466,VERIFIED_DOCUMENTED_VINTAGES_PARTIAL_RELEASE_HISTORY
DFM_A,conservative,PERMISSIVE_END_OF_DAY,LATEST_REVISED,HISTORICAL_POST_DEVELOPMENT_TEST,ALL,ALL_AVAILABLE,12,4,1.4430478397540398,1.3966885257638761,1.3966885257638761,VERIFIED_DOCUMENTED_VINTAGES_PARTIAL_RELEASE_HISTORY
DFM_A,conservative,PERMISSIVE_END_OF_DAY,LATEST_REVISED,HISTORICAL_POST_DEVELOPMENT_TEST,H2_H3,ALL_AVAILABLE,8,4,1.4059915546025432,1.3628427632903395,1.3628427632903395,VERIFIED_DOCUMENTED_VINTAGES_PARTIAL_RELEASE_HISTORY
DFM_A,conservative,PERMISSIVE_END_OF_DAY,LATEST_REVISED,POOLED_RESEARCH_ONLY,H1,ALL_AVAILABLE,10,10,1.0171653888018826,0.81053592178168832,0.81053592178168832,VERIFIED_DOCUMENTED_VINTAGES_PARTIAL_RELEASE_HISTORY
DFM_A,conservative,PERMISSIVE_END_OF_DAY,LATEST_REVISED,POOLED_RESEARCH_ONLY,H2,ALL_AVAILABLE,10,10,0.97704166873933973,0.80255978688759788,0.80255978688759788,VERIFIED_DOCUMENTED_VINTAGES_PARTIAL_RELEASE_HISTORY
DFM_A,conservative,PERMISSIVE_END_OF_DAY,LATEST_REVISED,POOLED_RESEARCH_ONLY,H3,ALL_AVAILABLE,10,10,0.98456452315362275,0.8508088568348473,0.65941546863319722,VERIFIED_DOCUMENTED_VINTAGES_PARTIAL_RELEASE_HISTORY
DFM_A,conservative,PERMISSIVE_END_OF_DAY,LATEST_REVISED,POOLED_RESEARCH_ONLY,ALL,ALL_AVAILABLE,30,10,0.99307655812331663,0.82130152183471117,0.75750372576749447,VERIFIED_DOCUMENTED_VINTAGES_PARTIAL_RELEASE_HISTORY
DFM_A,conservative,PERMISSIVE_END_OF_DAY,LATEST_REVISED,POOLED_RESEARCH_ONLY,H2_H3,ALL_AVAILABLE,20,10,0.98081030854739548,0.82668432186122265,0.7309876277603975,VERIFIED_DOCUMENTED_VINTAGES_PARTIAL_RELEASE_HISTORY
DFM_A,conservative,STRICT,FIRST_RELEASE,DEVELOPMENT_PSEUDO_OOS,H1,ALL_AVAILABLE,6,6,0.41264537113860617,0.30738124725328914,0.27463983582884771,VERIFIED_DOCUMENTED_VINTAGES_PARTIAL_RELEASE_HISTORY
DFM_A,conservative,STRICT,FIRST_RELEASE,DEVELOPMENT_PSEUDO_OOS,H2,ALL_AVAILABLE,6,6,0.40647826058252756,0.31364844883818144,0.30826205639370868,VERIFIED_DOCUMENTED_VINTAGES_PARTIAL_RELEASE_HISTORY
DFM_A,conservative,STRICT,FIRST_RELEASE,DEVELOPMENT_PSEUDO_OOS,H3,ALL_AVAILABLE,6,6,0.64449179312945448,0.51344642215187031,0.11123968508716479,VERIFIED_DOCUMENTED_VINTAGES_PARTIAL_RELEASE_HISTORY
DFM_A,conservative,STRICT,FIRST_RELEASE,DEVELOPMENT_PSEUDO_OOS,ALL,ALL_AVAILABLE,18,6,0.50029006588162928,0.37815870608111363,0.23138052576990706,VERIFIED_DOCUMENTED_VINTAGES_PARTIAL_RELEASE_HISTORY
DFM_A,conservative,STRICT,FIRST_RELEASE,DEVELOPMENT_PSEUDO_OOS,H2_H3,ALL_AVAILABLE,12,6,0.53879228267367418,0.41354743549502587,0.20975087074043675,VERIFIED_DOCUMENTED_VINTAGES_PARTIAL_RELEASE_HISTORY
DFM_A,conservative,STRICT,FIRST_RELEASE,HISTORICAL_POST_DEVELOPMENT_TEST,H1,ALL_AVAILABLE,4,4,1.5144427028544354,1.4643800507109497,1.4643800507109497,VERIFIED_DOCUMENTED_VINTAGES_PARTIAL_RELEASE_HISTORY
DFM_A,conservative,STRICT,FIRST_RELEASE,HISTORICAL_POST_DEVELOPMENT_TEST,H2,ALL_AVAILABLE,4,4,1.4410750761821276,1.3940063826284321,1.3940063826284321,VERIFIED_DOCUMENTED_VINTAGES_PARTIAL_RELEASE_HISTORY
DFM_A,conservative,STRICT,FIRST_RELEASE,HISTORICAL_POST_DEVELOPMENT_TEST,H3,ALL_AVAILABLE,4,4,1.3700099007065691,1.3316791439522464,1.3316791439522464,VERIFIED_DOCUMENTED_VINTAGES_PARTIAL_RELEASE_HISTORY
DFM_A,conservative,STRICT,FIRST_RELEASE,HISTORICAL_POST_DEVELOPMENT_TEST,ALL,ALL_AVAILABLE,12,4,1.4430478397540392,1.3966885257638761,1.3966885257638761,VERIFIED_DOCUMENTED_VINTAGES_PARTIAL_RELEASE_HISTORY
DFM_A,conservative,STRICT,FIRST_RELEASE,HISTORICAL_POST_DEVELOPMENT_TEST,H2_H3,ALL_AVAILABLE,8,4,1.4059915546025425,1.3628427632903393,1.3628427632903393,VERIFIED_DOCUMENTED_VINTAGES_PARTIAL_RELEASE_HISTORY
DFM_A,conservative,STRICT,FIRST_RELEASE,POOLED_RESEARCH_ONLY,H1,ALL_AVAILABLE,10,10,1.0097427402486683,0.77018076863635332,0.75053592178168849,VERIFIED_DOCUMENTED_VINTAGES_PARTIAL_RELEASE_HISTORY
DFM_A,conservative,STRICT,FIRST_RELEASE,POOLED_RESEARCH_ONLY,H2,ALL_AVAILABLE,10,10,0.9642684770711154,0.74579162235428176,0.74255978688759805,VERIFIED_DOCUMENTED_VINTAGES_PARTIAL_RELEASE_HISTORY
DFM_A,conservative,STRICT,FIRST_RELEASE,POOLED_RESEARCH_ONLY,H3,ALL_AVAILABLE,10,10,0.99999632702342534,0.8407395108720207,0.59941546863319739,VERIFIED_DOCUMENTED_VINTAGES_PARTIAL_RELEASE_HISTORY
DFM_A,conservative,STRICT,FIRST_RELEASE,POOLED_RESEARCH_ONLY,ALL,ALL_AVAILABLE,30,10,0.99152857605790989,0.78557063395421856,0.69750372576749464,VERIFIED_DOCUMENTED_VINTAGES_PARTIAL_RELEASE_HISTORY
DFM_A,conservative,STRICT,FIRST_RELEASE,POOLED_RESEARCH_ONLY,H2_H3,ALL_AVAILABLE,20,10,0.98229485133878958,0.79326556661315117,0.67098762776039778,VERIFIED_DOCUMENTED_VINTAGES_PARTIAL_RELEASE_HISTORY
DFM_A,conservative,STRICT,LATEST_REVISED,DEVELOPMENT_PSEUDO_OOS,H1,ALL_AVAILABLE,6,6,0.44198557307689218,0.37463983582884719,0.37463983582884719,VERIFIED_DOCUMENTED_VINTAGES_PARTIAL_RELEASE_HISTORY
DFM_A,conservative,STRICT,LATEST_REVISED,DEVELOPMENT_PSEUDO_OOS,H2,ALL_AVAILABLE,6,6,0.45448042197587729,0.40826205639370822,0.40826205639370822,VERIFIED_DOCUMENTED_VINTAGES_PARTIAL_RELEASE_HISTORY
DFM_A,conservative,STRICT,LATEST_REVISED,DEVELOPMENT_PSEUDO_OOS,H3,ALL_AVAILABLE,6,6,0.60359540676282808,0.53022866542324776,0.21123968508716429,VERIFIED_DOCUMENTED_VINTAGES_PARTIAL_RELEASE_HISTORY
DFM_A,conservative,STRICT,LATEST_REVISED,DEVELOPMENT_PSEUDO_OOS,ALL,ALL_AVAILABLE,18,6,0.50538141234539025,0.43771018588193439,0.33138052576990656,VERIFIED_DOCUMENTED_VINTAGES_PARTIAL_RELEASE_HISTORY
DFM_A,conservative,STRICT,LATEST_REVISED,DEVELOPMENT_PSEUDO_OOS,H2_H3,ALL_AVAILABLE,12,6,0.53426579013846431,0.46924536090847796,0.30975087074043622,VERIFIED_DOCUMENTED_VINTAGES_PARTIAL_RELEASE_HISTORY
DFM_A,conservative,STRICT,LATEST_REVISED,HISTORICAL_POST_DEVELOPMENT_TEST,H1,ALL_AVAILABLE,4,4,1.5144427028544361,1.4643800507109499,1.4643800507109499,VERIFIED_DOCUMENTED_VINTAGES_PARTIAL_RELEASE_HISTORY
DFM_A,conservative,STRICT,LATEST_REVISED,HISTORICAL_POST_DEVELOPMENT_TEST,H2,ALL_AVAILABLE,4,4,1.4410750761821283,1.3940063826284324,1.3940063826284324,VERIFIED_DOCUMENTED_VINTAGES_PARTIAL_RELEASE_HISTORY
DFM_A,conservative,STRICT,LATEST_REVISED,HISTORICAL_POST_DEVELOPMENT_TEST,H3,ALL_AVAILABLE,4,4,1.37000990070657,1.3316791439522466,1.3316791439522466,VERIFIED_DOCUMENTED_VINTAGES_PARTIAL_RELEASE_HISTORY
DFM_A,conservative,STRICT,LATEST_REVISED,HISTORICAL_POST_DEVELOPMENT_TEST,ALL,ALL_AVAILABLE,12,4,1.4430478397540398,1.3966885257638761,1.3966885257638761,VERIFIED_DOCUMENTED_VINTAGES_PARTIAL_RELEASE_HISTORY
DFM_A,conservative,STRICT,LATEST_REVISED,HISTORICAL_POST_DEVELOPMENT_TEST,H2_H3,ALL_AVAILABLE,8,4,1.4059915546025432,1.3628427632903395,1.3628427632903395,VERIFIED_DOCUMENTED_VINTAGES_PARTIAL_RELEASE_HISTORY
DFM_A,conservative,STRICT,LATEST_REVISED,POOLED_RESEARCH_ONLY,H1,ALL_AVAILABLE,10,10,1.0171653888018826,0.81053592178168832,0.81053592178168832,VERIFIED_DOCUMENTED_VINTAGES_PARTIAL_RELEASE_HISTORY
DFM_A,conservative,STRICT,LATEST_REVISED,POOLED_RESEARCH_ONLY,H2,ALL_AVAILABLE,10,10,0.97704166873933973,0.80255978688759788,0.80255978688759788,VERIFIED_DOCUMENTED_VINTAGES_PARTIAL_RELEASE_HISTORY
DFM_A,conservative,STRICT,LATEST_REVISED,POOLED_RESEARCH_ONLY,H3,ALL_AVAILABLE,10,10,0.98456452315362275,0.8508088568348473,0.65941546863319722,VERIFIED_DOCUMENTED_VINTAGES_PARTIAL_RELEASE_HISTORY
DFM_A,conservative,STRICT,LATEST_REVISED,POOLED_RESEARCH_ONLY,ALL,ALL_AVAILABLE,30,10,0.99307655812331663,0.82130152183471117,0.75750372576749447,VERIFIED_DOCUMENTED_VINTAGES_PARTIAL_RELEASE_HISTORY
DFM_A,conservative,STRICT,LATEST_REVISED,POOLED_RESEARCH_ONLY,H2_H3,ALL_AVAILABLE,20,10,0.98081030854739548,0.82668432186122265,0.7309876277603975,VERIFIED_DOCUMENTED_VINTAGES_PARTIAL_RELEASE_HISTORY
DFM_A,standard,PERMISSIVE_END_OF_DAY,FIRST_RELEASE,DEVELOPMENT_PSEUDO_OOS,H1,ALL_AVAILABLE,6,6,0.36959833480558052,0.27444618111155289,0.25694283946976498,VERIFIED_DOCUMENTED_VINTAGES_PARTIAL_RELEASE_HISTORY
DFM_A,standard,PERMISSIVE_END_OF_DAY,FIRST_RELEASE,DEVELOPMENT_PSEUDO_OOS,H2,ALL_AVAILABLE,6,6,0.38441364258972266,0.29170965284592887,0.12394044695810964,VERIFIED_DOCUMENTED_VINTAGES_PARTIAL_RELEASE_HISTORY
DFM_A,standard,PERMISSIVE_END_OF_DAY,FIRST_RELEASE,DEVELOPMENT_PSEUDO_OOS,H3,ALL_AVAILABLE,6,6,0.54486837321301296,0.40684852890992662,0.064616468847450051,VERIFIED_DOCUMENTED_VINTAGES_PARTIAL_RELEASE_HISTORY
DFM_A,standard,PERMISSIVE_END_OF_DAY,FIRST_RELEASE,DEVELOPMENT_PSEUDO_OOS,ALL,ALL_AVAILABLE,18,6,0.4401735725173091,0.32433478762246948,0.14849991842510823,VERIFIED_DOCUMENTED_VINTAGES_PARTIAL_RELEASE_HISTORY
DFM_A,standard,PERMISSIVE_END_OF_DAY,FIRST_RELEASE,DEVELOPMENT_PSEUDO_OOS,H2_H3,ALL_AVAILABLE,12,6,0.4715163797456533,0.34927909087792774,0.094278457902779847,VERIFIED_DOCUMENTED_VINTAGES_PARTIAL_RELEASE_HISTORY
DFM_A,standard,PERMISSIVE_END_OF_DAY,FIRST_RELEASE,HISTORICAL_POST_DEVELOPMENT_TEST,H1,ALL_AVAILABLE,4,4,1.3263448977304806,1.2725485296414147,1.2725485296414147,VERIFIED_DOCUMENTED_VINTAGES_PARTIAL_RELEASE_HISTORY
DFM_A,standard,PERMISSIVE_END_OF_DAY,FIRST_RELEASE,HISTORICAL_POST_DEVELOPMENT_TEST,H2,ALL_AVAILABLE,4,4,1.2323300033341886,1.1820905609104622,1.1820905609104622,VERIFIED_DOCUMENTED_VINTAGES_PARTIAL_RELEASE_HISTORY
DFM_A,standard,PERMISSIVE_END_OF_DAY,FIRST_RELEASE,HISTORICAL_POST_DEVELOPMENT_TEST,H3,ALL_AVAILABLE,4,4,1.1758771705952937,1.1395798413509513,1.1395798413509513,VERIFIED_DOCUMENTED_VINTAGES_PARTIAL_RELEASE_HISTORY
DFM_A,standard,PERMISSIVE_END_OF_DAY,FIRST_RELEASE,HISTORICAL_POST_DEVELOPMENT_TEST,ALL,ALL_AVAILABLE,12,4,1.2463968262128657,1.1980729773009424,1.1980729773009424,VERIFIED_DOCUMENTED_VINTAGES_PARTIAL_RELEASE_HISTORY
DFM_A,standard,PERMISSIVE_END_OF_DAY,FIRST_RELEASE,HISTORICAL_POST_DEVELOPMENT_TEST,H2_H3,ALL_AVAILABLE,8,4,1.2044343812439171,1.1608352011307068,1.1608352011307068,VERIFIED_DOCUMENTED_VINTAGES_PARTIAL_RELEASE_HISTORY
DFM_A,standard,PERMISSIVE_END_OF_DAY,FIRST_RELEASE,POOLED_RESEARCH_ONLY,H1,ALL_AVAILABLE,10,10,0.88636226936219842,0.67368712052349766,0.66318511553842485,VERIFIED_DOCUMENTED_VINTAGES_PARTIAL_RELEASE_HISTORY
DFM_A,standard,PERMISSIVE_END_OF_DAY,FIRST_RELEASE,POOLED_RESEARCH_ONLY,H2,ALL_AVAILABLE,10,10,0.8343375839625804,0.64786201607174221,0.54720049253905068,VERIFIED_DOCUMENTED_VINTAGES_PARTIAL_RELEASE_HISTORY
DFM_A,standard,PERMISSIVE_END_OF_DAY,FIRST_RELEASE,POOLED_RESEARCH_ONLY,H3,ALL_AVAILABLE,10,10,0.85510454016310455,0.69994105388633643,0.49460181784885054,VERIFIED_DOCUMENTED_VINTAGES_PARTIAL_RELEASE_HISTORY
DFM_A,standard,PERMISSIVE_END_OF_DAY,FIRST_RELEASE,POOLED_RESEARCH_ONLY,ALL,ALL_AVAILABLE,30,10,0.8588676753278075,0.67383006349385888,0.56832914197544193,VERIFIED_DOCUMENTED_VINTAGES_PARTIAL_RELEASE_HISTORY
DFM_A,standard,PERMISSIVE_END_OF_DAY,FIRST_RELEASE,POOLED_RESEARCH_ONLY,H2_H3,ALL_AVAILABLE,20,10,0.84478487753394071,0.67390153497903937,0.52090115519395064,VERIFIED_DOCUMENTED_VINTAGES_PARTIAL_RELEASE_HISTORY
DFM_A,standard,PERMISSIVE_END_OF_DAY,LATEST_REVISED,DEVELOPMENT_PSEUDO_OOS,H1,ALL_AVAILABLE,6,6,0.4070893284741946,0.35694283946976446,0.35694283946976446,VERIFIED_DOCUMENTED_VINTAGES_PARTIAL_RELEASE_HISTORY
DFM_A,standard,PERMISSIVE_END_OF_DAY,LATEST_REVISED,DEVELOPMENT_PSEUDO_OOS,H2,ALL_AVAILABLE,6,6,0.38147452696849821,0.32504298617925986,0.22394044695810914,VERIFIED_DOCUMENTED_VINTAGES_PARTIAL_RELEASE_HISTORY
DFM_A,standard,PERMISSIVE_END_OF_DAY,LATEST_REVISED,DEVELOPMENT_PSEUDO_OOS,H3,ALL_AVAILABLE,6,6,0.50164287076767755,0.43349727832462692,0.16461646884744954,VERIFIED_DOCUMENTED_VINTAGES_PARTIAL_RELEASE_HISTORY
DFM_A,standard,PERMISSIVE_END_OF_DAY,LATEST_REVISED,DEVELOPMENT_PSEUDO_OOS,ALL,ALL_AVAILABLE,18,6,0.4331628276893294,0.3718277013245504,0.24849991842510771,VERIFIED_DOCUMENTED_VINTAGES_PARTIAL_RELEASE_HISTORY
DFM_A,standard,PERMISSIVE_END_OF_DAY,LATEST_REVISED,DEVELOPMENT_PSEUDO_OOS,H2_H3,ALL_AVAILABLE,12,6,0.44562786297418411,0.37927013225194339,0.19427845790277934,VERIFIED_DOCUMENTED_VINTAGES_PARTIAL_RELEASE_HISTORY
DFM_A,standard,PERMISSIVE_END_OF_DAY,LATEST_REVISED,HISTORICAL_POST_DEVELOPMENT_TEST,H1,ALL_AVAILABLE,4,4,1.3263448977304815,1.272548529641415,1.272548529641415,VERIFIED_DOCUMENTED_VINTAGES_PARTIAL_RELEASE_HISTORY
DFM_A,standard,PERMISSIVE_END_OF_DAY,LATEST_REVISED,HISTORICAL_POST_DEVELOPMENT_TEST,H2,ALL_AVAILABLE,4,4,1.2323300033341893,1.1820905609104624,1.1820905609104624,VERIFIED_DOCUMENTED_VINTAGES_PARTIAL_RELEASE_HISTORY
DFM_A,standard,PERMISSIVE_END_OF_DAY,LATEST_REVISED,HISTORICAL_POST_DEVELOPMENT_TEST,H3,ALL_AVAILABLE,4,4,1.1758771705952944,1.1395798413509515,1.1395798413509515,VERIFIED_DOCUMENTED_VINTAGES_PARTIAL_RELEASE_HISTORY
DFM_A,standard,PERMISSIVE_END_OF_DAY,LATEST_REVISED,HISTORICAL_POST_DEVELOPMENT_TEST,ALL,ALL_AVAILABLE,12,4,1.2463968262128664,1.1980729773009429,1.1980729773009429,VERIFIED_DOCUMENTED_VINTAGES_PARTIAL_RELEASE_HISTORY
DFM_A,standard,PERMISSIVE_END_OF_DAY,LATEST_REVISED,HISTORICAL_POST_DEVELOPMENT_TEST,H2_H3,ALL_AVAILABLE,8,4,1.2044343812439178,1.1608352011307068,1.1608352011307068,VERIFIED_DOCUMENTED_VINTAGES_PARTIAL_RELEASE_HISTORY
DFM_A,standard,PERMISSIVE_END_OF_DAY,LATEST_REVISED,POOLED_RESEARCH_ONLY,H1,ALL_AVAILABLE,10,10,0.8961636836587471,0.72318511553842468,0.72318511553842468,VERIFIED_DOCUMENTED_VINTAGES_PARTIAL_RELEASE_HISTORY
DFM_A,standard,PERMISSIVE_END_OF_DAY,LATEST_REVISED,POOLED_RESEARCH_ONLY,H2,ALL_AVAILABLE,10,10,0.83352779418718903,0.66786201607174089,0.6072004925390504,VERIFIED_DOCUMENTED_VINTAGES_PARTIAL_RELEASE_HISTORY
DFM_A,standard,PERMISSIVE_END_OF_DAY,LATEST_REVISED,POOLED_RESEARCH_ONLY,H3,ALL_AVAILABLE,10,10,0.83908413762035816,0.71593030353515674,0.55460181784885032,VERIFIED_DOCUMENTED_VINTAGES_PARTIAL_RELEASE_HISTORY
DFM_A,standard,PERMISSIVE_END_OF_DAY,LATEST_REVISED,POOLED_RESEARCH_ONLY,ALL,ALL_AVAILABLE,30,10,0.85672635102026129,0.70232581171510744,0.62832914197544187,VERIFIED_DOCUMENTED_VINTAGES_PARTIAL_RELEASE_HISTORY
DFM_A,standard,PERMISSIVE_END_OF_DAY,LATEST_REVISED,POOLED_RESEARCH_ONLY,H2_H3,ALL_AVAILABLE,20,10,0.83631058037330286,0.69189615980344876,0.58090115519395036,VERIFIED_DOCUMENTED_VINTAGES_PARTIAL_RELEASE_HISTORY
DFM_A,standard,STRICT,FIRST_RELEASE,DEVELOPMENT_PSEUDO_OOS,H1,ALL_AVAILABLE,6,6,0.36959833480558052,0.27444618111155289,0.25694283946976498,VERIFIED_DOCUMENTED_VINTAGES_PARTIAL_RELEASE_HISTORY
DFM_A,standard,STRICT,FIRST_RELEASE,DEVELOPMENT_PSEUDO_OOS,H2,ALL_AVAILABLE,6,6,0.38441364258972266,0.29170965284592887,0.12394044695810964,VERIFIED_DOCUMENTED_VINTAGES_PARTIAL_RELEASE_HISTORY
DFM_A,standard,STRICT,FIRST_RELEASE,DEVELOPMENT_PSEUDO_OOS,H3,ALL_AVAILABLE,6,6,0.54486837321301296,0.40684852890992662,0.064616468847450051,VERIFIED_DOCUMENTED_VINTAGES_PARTIAL_RELEASE_HISTORY
DFM_A,standard,STRICT,FIRST_RELEASE,DEVELOPMENT_PSEUDO_OOS,ALL,ALL_AVAILABLE,18,6,0.4401735725173091,0.32433478762246948,0.14849991842510823,VERIFIED_DOCUMENTED_VINTAGES_PARTIAL_RELEASE_HISTORY
DFM_A,standard,STRICT,FIRST_RELEASE,DEVELOPMENT_PSEUDO_OOS,H2_H3,ALL_AVAILABLE,12,6,0.4715163797456533,0.34927909087792774,0.094278457902779847,VERIFIED_DOCUMENTED_VINTAGES_PARTIAL_RELEASE_HISTORY
DFM_A,standard,STRICT,FIRST_RELEASE,HISTORICAL_POST_DEVELOPMENT_TEST,H1,ALL_AVAILABLE,4,4,1.3263448977304806,1.2725485296414147,1.2725485296414147,VERIFIED_DOCUMENTED_VINTAGES_PARTIAL_RELEASE_HISTORY
DFM_A,standard,STRICT,FIRST_RELEASE,HISTORICAL_POST_DEVELOPMENT_TEST,H2,ALL_AVAILABLE,4,4,1.2323300033341886,1.1820905609104622,1.1820905609104622,VERIFIED_DOCUMENTED_VINTAGES_PARTIAL_RELEASE_HISTORY
DFM_A,standard,STRICT,FIRST_RELEASE,HISTORICAL_POST_DEVELOPMENT_TEST,H3,ALL_AVAILABLE,4,4,1.1758771705952937,1.1395798413509513,1.1395798413509513,VERIFIED_DOCUMENTED_VINTAGES_PARTIAL_RELEASE_HISTORY
DFM_A,standard,STRICT,FIRST_RELEASE,HISTORICAL_POST_DEVELOPMENT_TEST,ALL,ALL_AVAILABLE,12,4,1.2463968262128657,1.1980729773009424,1.1980729773009424,VERIFIED_DOCUMENTED_VINTAGES_PARTIAL_RELEASE_HISTORY
DFM_A,standard,STRICT,FIRST_RELEASE,HISTORICAL_POST_DEVELOPMENT_TEST,H2_H3,ALL_AVAILABLE,8,4,1.2044343812439171,1.1608352011307068,1.1608352011307068,VERIFIED_DOCUMENTED_VINTAGES_PARTIAL_RELEASE_HISTORY
DFM_A,standard,STRICT,FIRST_RELEASE,POOLED_RESEARCH_ONLY,H1,ALL_AVAILABLE,10,10,0.88636226936219842,0.67368712052349766,0.66318511553842485,VERIFIED_DOCUMENTED_VINTAGES_PARTIAL_RELEASE_HISTORY
DFM_A,standard,STRICT,FIRST_RELEASE,POOLED_RESEARCH_ONLY,H2,ALL_AVAILABLE,10,10,0.8343375839625804,0.64786201607174221,0.54720049253905068,VERIFIED_DOCUMENTED_VINTAGES_PARTIAL_RELEASE_HISTORY
DFM_A,standard,STRICT,FIRST_RELEASE,POOLED_RESEARCH_ONLY,H3,ALL_AVAILABLE,10,10,0.85510454016310455,0.69994105388633643,0.49460181784885054,VERIFIED_DOCUMENTED_VINTAGES_PARTIAL_RELEASE_HISTORY
DFM_A,standard,STRICT,FIRST_RELEASE,POOLED_RESEARCH_ONLY,ALL,ALL_AVAILABLE,30,10,0.8588676753278075,0.67383006349385888,0.56832914197544193,VERIFIED_DOCUMENTED_VINTAGES_PARTIAL_RELEASE_HISTORY
DFM_A,standard,STRICT,FIRST_RELEASE,POOLED_RESEARCH_ONLY,H2_H3,ALL_AVAILABLE,20,10,0.84478487753394071,0.67390153497903937,0.52090115519395064,VERIFIED_DOCUMENTED_VINTAGES_PARTIAL_RELEASE_HISTORY
DFM_A,standard,STRICT,LATEST_REVISED,DEVELOPMENT_PSEUDO_OOS,H1,ALL_AVAILABLE,6,6,0.4070893284741946,0.35694283946976446,0.35694283946976446,VERIFIED_DOCUMENTED_VINTAGES_PARTIAL_RELEASE_HISTORY
DFM_A,standard,STRICT,LATEST_REVISED,DEVELOPMENT_PSEUDO_OOS,H2,ALL_AVAILABLE,6,6,0.38147452696849821,0.32504298617925986,0.22394044695810914,VERIFIED_DOCUMENTED_VINTAGES_PARTIAL_RELEASE_HISTORY
DFM_A,standard,STRICT,LATEST_REVISED,DEVELOPMENT_PSEUDO_OOS,H3,ALL_AVAILABLE,6,6,0.50164287076767755,0.43349727832462692,0.16461646884744954,VERIFIED_DOCUMENTED_VINTAGES_PARTIAL_RELEASE_HISTORY
DFM_A,standard,STRICT,LATEST_REVISED,DEVELOPMENT_PSEUDO_OOS,ALL,ALL_AVAILABLE,18,6,0.4331628276893294,0.3718277013245504,0.24849991842510771,VERIFIED_DOCUMENTED_VINTAGES_PARTIAL_RELEASE_HISTORY
DFM_A,standard,STRICT,LATEST_REVISED,DEVELOPMENT_PSEUDO_OOS,H2_H3,ALL_AVAILABLE,12,6,0.44562786297418411,0.37927013225194339,0.19427845790277934,VERIFIED_DOCUMENTED_VINTAGES_PARTIAL_RELEASE_HISTORY
DFM_A,standard,STRICT,LATEST_REVISED,HISTORICAL_POST_DEVELOPMENT_TEST,H1,ALL_AVAILABLE,4,4,1.3263448977304815,1.272548529641415,1.272548529641415,VERIFIED_DOCUMENTED_VINTAGES_PARTIAL_RELEASE_HISTORY
DFM_A,standard,STRICT,LATEST_REVISED,HISTORICAL_POST_DEVELOPMENT_TEST,H2,ALL_AVAILABLE,4,4,1.2323300033341893,1.1820905609104624,1.1820905609104624,VERIFIED_DOCUMENTED_VINTAGES_PARTIAL_RELEASE_HISTORY
DFM_A,standard,STRICT,LATEST_REVISED,HISTORICAL_POST_DEVELOPMENT_TEST,H3,ALL_AVAILABLE,4,4,1.1758771705952944,1.1395798413509515,1.1395798413509515,VERIFIED_DOCUMENTED_VINTAGES_PARTIAL_RELEASE_HISTORY
DFM_A,standard,STRICT,LATEST_REVISED,HISTORICAL_POST_DEVELOPMENT_TEST,ALL,ALL_AVAILABLE,12,4,1.2463968262128664,1.1980729773009429,1.1980729773009429,VERIFIED_DOCUMENTED_VINTAGES_PARTIAL_RELEASE_HISTORY
DFM_A,standard,STRICT,LATEST_REVISED,HISTORICAL_POST_DEVELOPMENT_TEST,H2_H3,ALL_AVAILABLE,8,4,1.2044343812439178,1.1608352011307068,1.1608352011307068,VERIFIED_DOCUMENTED_VINTAGES_PARTIAL_RELEASE_HISTORY
DFM_A,standard,STRICT,LATEST_REVISED,POOLED_RESEARCH_ONLY,H1,ALL_AVAILABLE,10,10,0.8961636836587471,0.72318511553842468,0.72318511553842468,VERIFIED_DOCUMENTED_VINTAGES_PARTIAL_RELEASE_HISTORY
DFM_A,standard,STRICT,LATEST_REVISED,POOLED_RESEARCH_ONLY,H2,ALL_AVAILABLE,10,10,0.83352779418718903,0.66786201607174089,0.6072004925390504,VERIFIED_DOCUMENTED_VINTAGES_PARTIAL_RELEASE_HISTORY
DFM_A,standard,STRICT,LATEST_REVISED,POOLED_RESEARCH_ONLY,H3,ALL_AVAILABLE,10,10,0.83908413762035816,0.71593030353515674,0.55460181784885032,VERIFIED_DOCUMENTED_VINTAGES_PARTIAL_RELEASE_HISTORY
DFM_A,standard,STRICT,LATEST_REVISED,POOLED_RESEARCH_ONLY,ALL,ALL_AVAILABLE,30,10,0.85672635102026129,0.70232581171510744,0.62832914197544187,VERIFIED_DOCUMENTED_VINTAGES_PARTIAL_RELEASE_HISTORY
DFM_A,standard,STRICT,LATEST_REVISED,POOLED_RESEARCH_ONLY,H2_H3,ALL_AVAILABLE,20,10,0.83631058037330286,0.69189615980344876,0.58090115519395036,VERIFIED_DOCUMENTED_VINTAGES_PARTIAL_RELEASE_HISTORY
DFM_B,conservative,PERMISSIVE_END_OF_DAY,FIRST_RELEASE,DEVELOPMENT_PSEUDO_OOS,H1,ALL_AVAILABLE,6,6,0.2998882322362677,0.21581676782031409,0.19202550268296811,VERIFIED_DOCUMENTED_VINTAGES_PARTIAL_RELEASE_HISTORY
DFM_B,conservative,PERMISSIVE_END_OF_DAY,FIRST_RELEASE,DEVELOPMENT_PSEUDO_OOS,H2,ALL_AVAILABLE,6,6,0.29864313116185798,0.22442383244477826,0.21669186782270775,VERIFIED_DOCUMENTED_VINTAGES_PARTIAL_RELEASE_HISTORY
DFM_B,conservative,PERMISSIVE_END_OF_DAY,FIRST_RELEASE,DEVELOPMENT_PSEUDO_OOS,H3,ALL_AVAILABLE,6,6,0.52712512166391523,0.39428190584386974,0.039940287879681069,VERIFIED_DOCUMENTED_VINTAGES_PARTIAL_RELEASE_HISTORY
DFM_B,conservative,PERMISSIVE_END_OF_DAY,FIRST_RELEASE,DEVELOPMENT_PSEUDO_OOS,ALL,ALL_AVAILABLE,18,6,0.3902911586295329,0.27817416870298733,0.14955255279511898,VERIFIED_DOCUMENTED_VINTAGES_PARTIAL_RELEASE_HISTORY
DFM_B,conservative,PERMISSIVE_END_OF_DAY,FIRST_RELEASE,DEVELOPMENT_PSEUDO_OOS,H2_H3,ALL_AVAILABLE,12,6,0.42839737025299074,0.30935286914432397,0.12831607785119439,VERIFIED_DOCUMENTED_VINTAGES_PARTIAL_RELEASE_HISTORY
DFM_B,conservative,PERMISSIVE_END_OF_DAY,FIRST_RELEASE,HISTORICAL_POST_DEVELOPMENT_TEST,H1,ALL_AVAILABLE,4,4,0.99035378865750479,0.92701815685871591,0.92701815685871591,VERIFIED_DOCUMENTED_VINTAGES_PARTIAL_RELEASE_HISTORY
DFM_B,conservative,PERMISSIVE_END_OF_DAY,FIRST_RELEASE,HISTORICAL_POST_DEVELOPMENT_TEST,H2,ALL_AVAILABLE,4,4,0.97345906856326159,0.90833933007605627,0.90833933007605627,VERIFIED_DOCUMENTED_VINTAGES_PARTIAL_RELEASE_HISTORY
DFM_B,conservative,PERMISSIVE_END_OF_DAY,FIRST_RELEASE,HISTORICAL_POST_DEVELOPMENT_TEST,H3,ALL_AVAILABLE,4,4,0.95780705267290733,0.8932484246591752,0.8932484246591752,VERIFIED_DOCUMENTED_VINTAGES_PARTIAL_RELEASE_HISTORY
DFM_B,conservative,PERMISSIVE_END_OF_DAY,FIRST_RELEASE,HISTORICAL_POST_DEVELOPMENT_TEST,ALL,ALL_AVAILABLE,12,4,0.9739639854782941,0.90953530386464909,0.90953530386464909,VERIFIED_DOCUMENTED_VINTAGES_PARTIAL_RELEASE_HISTORY
DFM_B,conservative,PERMISSIVE_END_OF_DAY,FIRST_RELEASE,HISTORICAL_POST_DEVELOPMENT_TEST,H2_H3,ALL_AVAILABLE,8,4,0.96566477317908161,0.90079387736761574,0.90079387736761574,VERIFIED_DOCUMENTED_VINTAGES_PARTIAL_RELEASE_HISTORY
DFM_B,conservative,PERMISSIVE_END_OF_DAY,FIRST_RELEASE,POOLED_RESEARCH_ONLY,H1,ALL_AVAILABLE,10,10,0.6680419311567094,0.50029732343567479,0.48602256435326724,VERIFIED_DOCUMENTED_VINTAGES_PARTIAL_RELEASE_HISTORY
DFM_B,conservative,PERMISSIVE_END_OF_DAY,FIRST_RELEASE,POOLED_RESEARCH_ONLY,H2,ALL_AVAILABLE,10,10,0.65769419576374277,0.49799003149728949,0.49335085272404716,VERIFIED_DOCUMENTED_VINTAGES_PARTIAL_RELEASE_HISTORY
DFM_B,conservative,PERMISSIVE_END_OF_DAY,FIRST_RELEASE,POOLED_RESEARCH_ONLY,H3,ALL_AVAILABLE,10,10,0.73053013380250298,0.59386851336999191,0.38126354259147871,VERIFIED_DOCUMENTED_VINTAGES_PARTIAL_RELEASE_HISTORY
DFM_B,conservative,PERMISSIVE_END_OF_DAY,FIRST_RELEASE,POOLED_RESEARCH_ONLY,ALL,ALL_AVAILABLE,30,10,0.68617683661439266,0.53071862276765203,0.453545653222931,VERIFIED_DOCUMENTED_VINTAGES_PARTIAL_RELEASE_HISTORY
DFM_B,conservative,PERMISSIVE_END_OF_DAY,FIRST_RELEASE,POOLED_RESEARCH_ONLY,H2_H3,ALL_AVAILABLE,20,10,0.69506687862925076,0.54592927243364076,0.43730719765776299,VERIFIED_DOCUMENTED_VINTAGES_PARTIAL_RELEASE_HISTORY
DFM_B,conservative,PERMISSIVE_END_OF_DAY,LATEST_REVISED,DEVELOPMENT_PSEUDO_OOS,H1,ALL_AVAILABLE,6,6,0.32805117266187572,0.29202550268296762,0.29202550268296762,VERIFIED_DOCUMENTED_VINTAGES_PARTIAL_RELEASE_HISTORY
DFM_B,conservative,PERMISSIVE_END_OF_DAY,LATEST_REVISED,DEVELOPMENT_PSEUDO_OOS,H2,ALL_AVAILABLE,6,6,0.34403422137251344,0.31669186782270725,0.31669186782270725,VERIFIED_DOCUMENTED_VINTAGES_PARTIAL_RELEASE_HISTORY
DFM_B,conservative,PERMISSIVE_END_OF_DAY,LATEST_REVISED,DEVELOPMENT_PSEUDO_OOS,H3,ALL_AVAILABLE,6,6,0.47760708979761096,0.41692433530914857,0.13994028787968057,VERIFIED_DOCUMENTED_VINTAGES_PARTIAL_RELEASE_HISTORY
DFM_B,conservative,PERMISSIVE_END_OF_DAY,LATEST_REVISED,DEVELOPMENT_PSEUDO_OOS,ALL,ALL_AVAILABLE,18,6,0.38905254554501439,0.34188056860494115,0.24955255279511845,VERIFIED_DOCUMENTED_VINTAGES_PARTIAL_RELEASE_HISTORY
DFM_B,conservative,PERMISSIVE_END_OF_DAY,LATEST_REVISED,DEVELOPMENT_PSEUDO_OOS,H2_H3,ALL_AVAILABLE,12,6,0.41621393399328593,0.36680810156592791,0.2283160778511939,VERIFIED_DOCUMENTED_VINTAGES_PARTIAL_RELEASE_HISTORY
DFM_B,conservative,PERMISSIVE_END_OF_DAY,LATEST_REVISED,HISTORICAL_POST_DEVELOPMENT_TEST,H1,ALL_AVAILABLE,4,4,0.99035378865750545,0.92701815685871614,0.92701815685871614,VERIFIED_DOCUMENTED_VINTAGES_PARTIAL_RELEASE_HISTORY
DFM_B,conservative,PERMISSIVE_END_OF_DAY,LATEST_REVISED,HISTORICAL_POST_DEVELOPMENT_TEST,H2,ALL_AVAILABLE,4,4,0.97345906856326248,0.90833933007605649,0.90833933007605649,VERIFIED_DOCUMENTED_VINTAGES_PARTIAL_RELEASE_HISTORY
DFM_B,conservative,PERMISSIVE_END_OF_DAY,LATEST_REVISED,HISTORICAL_POST_DEVELOPMENT_TEST,H3,ALL_AVAILABLE,4,4,0.95780705267290811,0.89324842465917542,0.89324842465917542,VERIFIED_DOCUMENTED_VINTAGES_PARTIAL_RELEASE_HISTORY
DFM_B,conservative,PERMISSIVE_END_OF_DAY,LATEST_REVISED,HISTORICAL_POST_DEVELOPMENT_TEST,ALL,ALL_AVAILABLE,12,4,0.97396398547829499,0.90953530386464942,0.90953530386464942,VERIFIED_DOCUMENTED_VINTAGES_PARTIAL_RELEASE_HISTORY
DFM_B,conservative,PERMISSIVE_END_OF_DAY,LATEST_REVISED,HISTORICAL_POST_DEVELOPMENT_TEST,H2_H3,ALL_AVAILABLE,8,4,0.96566477317908239,0.90079387736761596,0.90079387736761596,VERIFIED_DOCUMENTED_VINTAGES_PARTIAL_RELEASE_HISTORY
DFM_B,conservative,PERMISSIVE_END_OF_DAY,LATEST_REVISED,POOLED_RESEARCH_ONLY,H1,ALL_AVAILABLE,10,10,0.67593697473522574,0.54602256435326701,0.54602256435326701,VERIFIED_DOCUMENTED_VINTAGES_PARTIAL_RELEASE_HISTORY
DFM_B,conservative,PERMISSIVE_END_OF_DAY,LATEST_REVISED,POOLED_RESEARCH_ONLY,H2,ALL_AVAILABLE,10,10,0.67086865372623927,0.55335085272404694,0.55335085272404694,VERIFIED_DOCUMENTED_VINTAGES_PARTIAL_RELEASE_HISTORY
DFM_B,conservative,PERMISSIVE_END_OF_DAY,LATEST_REVISED,POOLED_RESEARCH_ONLY,H3,ALL_AVAILABLE,10,10,0.70980480372772281,0.60745397104915932,0.44126354259147849,VERIFIED_DOCUMENTED_VINTAGES_PARTIAL_RELEASE_HISTORY
DFM_B,conservative,PERMISSIVE_END_OF_DAY,LATEST_REVISED,POOLED_RESEARCH_ONLY,ALL,ALL_AVAILABLE,30,10,0.68575467035999038,0.56894246270882431,0.51354565322293089,VERIFIED_DOCUMENTED_VINTAGES_PARTIAL_RELEASE_HISTORY
DFM_B,conservative,PERMISSIVE_END_OF_DAY,LATEST_REVISED,POOLED_RESEARCH_ONLY,H2_H3,ALL_AVAILABLE,20,10,0.69061118219567219,0.58040241188660313,0.49730719765776266,VERIFIED_DOCUMENTED_VINTAGES_PARTIAL_RELEASE_HISTORY
DFM_B,conservative,STRICT,FIRST_RELEASE,DEVELOPMENT_PSEUDO_OOS,H1,ALL_AVAILABLE,6,6,0.2998882322362677,0.21581676782031409,0.19202550268296811,VERIFIED_DOCUMENTED_VINTAGES_PARTIAL_RELEASE_HISTORY
DFM_B,conservative,STRICT,FIRST_RELEASE,DEVELOPMENT_PSEUDO_OOS,H2,ALL_AVAILABLE,6,6,0.29864313116185798,0.22442383244477826,0.21669186782270775,VERIFIED_DOCUMENTED_VINTAGES_PARTIAL_RELEASE_HISTORY
DFM_B,conservative,STRICT,FIRST_RELEASE,DEVELOPMENT_PSEUDO_OOS,H3,ALL_AVAILABLE,6,6,0.52712512166391523,0.39428190584386974,0.039940287879681069,VERIFIED_DOCUMENTED_VINTAGES_PARTIAL_RELEASE_HISTORY
DFM_B,conservative,STRICT,FIRST_RELEASE,DEVELOPMENT_PSEUDO_OOS,ALL,ALL_AVAILABLE,18,6,0.3902911586295329,0.27817416870298733,0.14955255279511898,VERIFIED_DOCUMENTED_VINTAGES_PARTIAL_RELEASE_HISTORY
DFM_B,conservative,STRICT,FIRST_RELEASE,DEVELOPMENT_PSEUDO_OOS,H2_H3,ALL_AVAILABLE,12,6,0.42839737025299074,0.30935286914432397,0.12831607785119439,VERIFIED_DOCUMENTED_VINTAGES_PARTIAL_RELEASE_HISTORY
DFM_B,conservative,STRICT,FIRST_RELEASE,HISTORICAL_POST_DEVELOPMENT_TEST,H1,ALL_AVAILABLE,4,4,0.99035378865750479,0.92701815685871591,0.92701815685871591,VERIFIED_DOCUMENTED_VINTAGES_PARTIAL_RELEASE_HISTORY
DFM_B,conservative,STRICT,FIRST_RELEASE,HISTORICAL_POST_DEVELOPMENT_TEST,H2,ALL_AVAILABLE,4,4,0.97345906856326159,0.90833933007605627,0.90833933007605627,VERIFIED_DOCUMENTED_VINTAGES_PARTIAL_RELEASE_HISTORY
DFM_B,conservative,STRICT,FIRST_RELEASE,HISTORICAL_POST_DEVELOPMENT_TEST,H3,ALL_AVAILABLE,4,4,0.95780705267290733,0.8932484246591752,0.8932484246591752,VERIFIED_DOCUMENTED_VINTAGES_PARTIAL_RELEASE_HISTORY
DFM_B,conservative,STRICT,FIRST_RELEASE,HISTORICAL_POST_DEVELOPMENT_TEST,ALL,ALL_AVAILABLE,12,4,0.9739639854782941,0.90953530386464909,0.90953530386464909,VERIFIED_DOCUMENTED_VINTAGES_PARTIAL_RELEASE_HISTORY
DFM_B,conservative,STRICT,FIRST_RELEASE,HISTORICAL_POST_DEVELOPMENT_TEST,H2_H3,ALL_AVAILABLE,8,4,0.96566477317908161,0.90079387736761574,0.90079387736761574,VERIFIED_DOCUMENTED_VINTAGES_PARTIAL_RELEASE_HISTORY
DFM_B,conservative,STRICT,FIRST_RELEASE,POOLED_RESEARCH_ONLY,H1,ALL_AVAILABLE,10,10,0.6680419311567094,0.50029732343567479,0.48602256435326724,VERIFIED_DOCUMENTED_VINTAGES_PARTIAL_RELEASE_HISTORY
DFM_B,conservative,STRICT,FIRST_RELEASE,POOLED_RESEARCH_ONLY,H2,ALL_AVAILABLE,10,10,0.65769419576374277,0.49799003149728949,0.49335085272404716,VERIFIED_DOCUMENTED_VINTAGES_PARTIAL_RELEASE_HISTORY
DFM_B,conservative,STRICT,FIRST_RELEASE,POOLED_RESEARCH_ONLY,H3,ALL_AVAILABLE,10,10,0.73053013380250298,0.59386851336999191,0.38126354259147871,VERIFIED_DOCUMENTED_VINTAGES_PARTIAL_RELEASE_HISTORY
DFM_B,conservative,STRICT,FIRST_RELEASE,POOLED_RESEARCH_ONLY,ALL,ALL_AVAILABLE,30,10,0.68617683661439266,0.53071862276765203,0.453545653222931,VERIFIED_DOCUMENTED_VINTAGES_PARTIAL_RELEASE_HISTORY
DFM_B,conservative,STRICT,FIRST_RELEASE,POOLED_RESEARCH_ONLY,H2_H3,ALL_AVAILABLE,20,10,0.69506687862925076,0.54592927243364076,0.43730719765776299,VERIFIED_DOCUMENTED_VINTAGES_PARTIAL_RELEASE_HISTORY
DFM_B,conservative,STRICT,LATEST_REVISED,DEVELOPMENT_PSEUDO_OOS,H1,ALL_AVAILABLE,6,6,0.32805117266187572,0.29202550268296762,0.29202550268296762,VERIFIED_DOCUMENTED_VINTAGES_PARTIAL_RELEASE_HISTORY
DFM_B,conservative,STRICT,LATEST_REVISED,DEVELOPMENT_PSEUDO_OOS,H2,ALL_AVAILABLE,6,6,0.34403422137251344,0.31669186782270725,0.31669186782270725,VERIFIED_DOCUMENTED_VINTAGES_PARTIAL_RELEASE_HISTORY
DFM_B,conservative,STRICT,LATEST_REVISED,DEVELOPMENT_PSEUDO_OOS,H3,ALL_AVAILABLE,6,6,0.47760708979761096,0.41692433530914857,0.13994028787968057,VERIFIED_DOCUMENTED_VINTAGES_PARTIAL_RELEASE_HISTORY
DFM_B,conservative,STRICT,LATEST_REVISED,DEVELOPMENT_PSEUDO_OOS,ALL,ALL_AVAILABLE,18,6,0.38905254554501439,0.34188056860494115,0.24955255279511845,VERIFIED_DOCUMENTED_VINTAGES_PARTIAL_RELEASE_HISTORY
DFM_B,conservative,STRICT,LATEST_REVISED,DEVELOPMENT_PSEUDO_OOS,H2_H3,ALL_AVAILABLE,12,6,0.41621393399328593,0.36680810156592791,0.2283160778511939,VERIFIED_DOCUMENTED_VINTAGES_PARTIAL_RELEASE_HISTORY
DFM_B,conservative,STRICT,LATEST_REVISED,HISTORICAL_POST_DEVELOPMENT_TEST,H1,ALL_AVAILABLE,4,4,0.99035378865750545,0.92701815685871614,0.92701815685871614,VERIFIED_DOCUMENTED_VINTAGES_PARTIAL_RELEASE_HISTORY
DFM_B,conservative,STRICT,LATEST_REVISED,HISTORICAL_POST_DEVELOPMENT_TEST,H2,ALL_AVAILABLE,4,4,0.97345906856326248,0.90833933007605649,0.90833933007605649,VERIFIED_DOCUMENTED_VINTAGES_PARTIAL_RELEASE_HISTORY
DFM_B,conservative,STRICT,LATEST_REVISED,HISTORICAL_POST_DEVELOPMENT_TEST,H3,ALL_AVAILABLE,4,4,0.95780705267290811,0.89324842465917542,0.89324842465917542,VERIFIED_DOCUMENTED_VINTAGES_PARTIAL_RELEASE_HISTORY
DFM_B,conservative,STRICT,LATEST_REVISED,HISTORICAL_POST_DEVELOPMENT_TEST,ALL,ALL_AVAILABLE,12,4,0.97396398547829499,0.90953530386464942,0.90953530386464942,VERIFIED_DOCUMENTED_VINTAGES_PARTIAL_RELEASE_HISTORY
DFM_B,conservative,STRICT,LATEST_REVISED,HISTORICAL_POST_DEVELOPMENT_TEST,H2_H3,ALL_AVAILABLE,8,4,0.96566477317908239,0.90079387736761596,0.90079387736761596,VERIFIED_DOCUMENTED_VINTAGES_PARTIAL_RELEASE_HISTORY
DFM_B,conservative,STRICT,LATEST_REVISED,POOLED_RESEARCH_ONLY,H1,ALL_AVAILABLE,10,10,0.67593697473522574,0.54602256435326701,0.54602256435326701,VERIFIED_DOCUMENTED_VINTAGES_PARTIAL_RELEASE_HISTORY
DFM_B,conservative,STRICT,LATEST_REVISED,POOLED_RESEARCH_ONLY,H2,ALL_AVAILABLE,10,10,0.67086865372623927,0.55335085272404694,0.55335085272404694,VERIFIED_DOCUMENTED_VINTAGES_PARTIAL_RELEASE_HISTORY
DFM_B,conservative,STRICT,LATEST_REVISED,POOLED_RESEARCH_ONLY,H3,ALL_AVAILABLE,10,10,0.70980480372772281,0.60745397104915932,0.44126354259147849,VERIFIED_DOCUMENTED_VINTAGES_PARTIAL_RELEASE_HISTORY
DFM_B,conservative,STRICT,LATEST_REVISED,POOLED_RESEARCH_ONLY,ALL,ALL_AVAILABLE,30,10,0.68575467035999038,0.56894246270882431,0.51354565322293089,VERIFIED_DOCUMENTED_VINTAGES_PARTIAL_RELEASE_HISTORY
DFM_B,conservative,STRICT,LATEST_REVISED,POOLED_RESEARCH_ONLY,H2_H3,ALL_AVAILABLE,20,10,0.69061118219567219,0.58040241188660313,0.49730719765776266,VERIFIED_DOCUMENTED_VINTAGES_PARTIAL_RELEASE_HISTORY
DFM_B,standard,PERMISSIVE_END_OF_DAY,FIRST_RELEASE,DEVELOPMENT_PSEUDO_OOS,H1,ALL_AVAILABLE,6,6,0.28008647551655719,0.20143955098213176,0.18299385722578179,VERIFIED_DOCUMENTED_VINTAGES_PARTIAL_RELEASE_HISTORY
DFM_B,standard,PERMISSIVE_END_OF_DAY,FIRST_RELEASE,DEVELOPMENT_PSEUDO_OOS,H2,ALL_AVAILABLE,6,6,0.31292534063101463,0.24619235828615382,0.081730124795801704,VERIFIED_DOCUMENTED_VINTAGES_PARTIAL_RELEASE_HISTORY
DFM_B,standard,PERMISSIVE_END_OF_DAY,FIRST_RELEASE,DEVELOPMENT_PSEUDO_OOS,H3,ALL_AVAILABLE,6,6,0.45720593660518127,0.33534618310442132,0.019435714677133859,VERIFIED_DOCUMENTED_VINTAGES_PARTIAL_RELEASE_HISTORY
DFM_B,standard,PERMISSIVE_END_OF_DAY,FIRST_RELEASE,DEVELOPMENT_PSEUDO_OOS,ALL,ALL_AVAILABLE,18,6,0.35842617605458849,0.26099269745756898,0.094719898899572455,VERIFIED_DOCUMENTED_VINTAGES_PARTIAL_RELEASE_HISTORY
DFM_B,standard,PERMISSIVE_END_OF_DAY,FIRST_RELEASE,DEVELOPMENT_PSEUDO_OOS,H2_H3,ALL_AVAILABLE,12,6,0.39176494054219396,0.29076927069528757,0.05058291973646778,VERIFIED_DOCUMENTED_VINTAGES_PARTIAL_RELEASE_HISTORY
DFM_B,standard,PERMISSIVE_END_OF_DAY,FIRST_RELEASE,HISTORICAL_POST_DEVELOPMENT_TEST,H1,ALL_AVAILABLE,4,4,0.94322319341695671,0.86948291856834947,0.86948291856834947,VERIFIED_DOCUMENTED_VINTAGES_PARTIAL_RELEASE_HISTORY
DFM_B,standard,PERMISSIVE_END_OF_DAY,FIRST_RELEASE,HISTORICAL_POST_DEVELOPMENT_TEST,H2,ALL_AVAILABLE,4,4,0.92079893718900541,0.84611162764004644,0.84611162764004644,VERIFIED_DOCUMENTED_VINTAGES_PARTIAL_RELEASE_HISTORY
DFM_B,standard,PERMISSIVE_END_OF_DAY,FIRST_RELEASE,HISTORICAL_POST_DEVELOPMENT_TEST,H3,ALL_AVAILABLE,4,4,0.90802033230762191,0.83703603754039868,0.83703603754039868,VERIFIED_DOCUMENTED_VINTAGES_PARTIAL_RELEASE_HISTORY
DFM_B,standard,PERMISSIVE_END_OF_DAY,FIRST_RELEASE,HISTORICAL_POST_DEVELOPMENT_TEST,ALL,ALL_AVAILABLE,12,4,0.92412870662264501,0.85087686124959827,0.85087686124959827,VERIFIED_DOCUMENTED_VINTAGES_PARTIAL_RELEASE_HISTORY
DFM_B,standard,PERMISSIVE_END_OF_DAY,FIRST_RELEASE,HISTORICAL_POST_DEVELOPMENT_TEST,H2_H3,ALL_AVAILABLE,8,4,0.91443195663002885,0.84157383259022256,0.84157383259022256,VERIFIED_DOCUMENTED_VINTAGES_PARTIAL_RELEASE_HISTORY
DFM_B,standard,PERMISSIVE_END_OF_DAY,FIRST_RELEASE,POOLED_RESEARCH_ONLY,H1,ALL_AVAILABLE,10,10,0.63477323297398491,0.46865689801661886,0.45758948176280889,VERIFIED_DOCUMENTED_VINTAGES_PARTIAL_RELEASE_HISTORY
DFM_B,standard,PERMISSIVE_END_OF_DAY,FIRST_RELEASE,POOLED_RESEARCH_ONLY,H2,ALL_AVAILABLE,10,10,0.6307944470085185,0.48616006602771089,0.38748272593349958,VERIFIED_DOCUMENTED_VINTAGES_PARTIAL_RELEASE_HISTORY
DFM_B,standard,PERMISSIVE_END_OF_DAY,FIRST_RELEASE,POOLED_RESEARCH_ONLY,H3,ALL_AVAILABLE,10,10,0.67470195689195267,0.53602212487881229,0.34647584382243979,VERIFIED_DOCUMENTED_VINTAGES_PARTIAL_RELEASE_HISTORY
DFM_B,standard,PERMISSIVE_END_OF_DAY,FIRST_RELEASE,POOLED_RESEARCH_ONLY,ALL,ALL_AVAILABLE,30,10,0.64706038417622669,0.49694636297438066,0.39718268383958277,VERIFIED_DOCUMENTED_VINTAGES_PARTIAL_RELEASE_HISTORY
DFM_B,standard,PERMISSIVE_END_OF_DAY,FIRST_RELEASE,POOLED_RESEARCH_ONLY,H2_H3,ALL_AVAILABLE,20,10,0.65311728081969056,0.51109109545326148,0.36697928487796971,VERIFIED_DOCUMENTED_VINTAGES_PARTIAL_RELEASE_HISTORY
DFM_B,standard,PERMISSIVE_END_OF_DAY,LATEST_REVISED,DEVELOPMENT_PSEUDO_OOS,H1,ALL_AVAILABLE,6,6,0.31409379610789867,0.2829938572257813,0.2829938572257813,VERIFIED_DOCUMENTED_VINTAGES_PARTIAL_RELEASE_HISTORY
DFM_B,standard,PERMISSIVE_END_OF_DAY,LATEST_REVISED,DEVELOPMENT_PSEUDO_OOS,H2,ALL_AVAILABLE,6,6,0.30208319580476756,0.26623965594678961,0.1817301247958012,VERIFIED_DOCUMENTED_VINTAGES_PARTIAL_RELEASE_HISTORY
DFM_B,standard,PERMISSIVE_END_OF_DAY,LATEST_REVISED,DEVELOPMENT_PSEUDO_OOS,H3,ALL_AVAILABLE,6,6,0.4072532072084416,0.35215566793756609,0.11943571467713336,VERIFIED_DOCUMENTED_VINTAGES_PARTIAL_RELEASE_HISTORY
DFM_B,standard,PERMISSIVE_END_OF_DAY,LATEST_REVISED,DEVELOPMENT_PSEUDO_OOS,ALL,ALL_AVAILABLE,18,6,0.34436625111580144,0.30046306037004566,0.19471989889957195,VERIFIED_DOCUMENTED_VINTAGES_PARTIAL_RELEASE_HISTORY
DFM_B,standard,PERMISSIVE_END_OF_DAY,LATEST_REVISED,DEVELOPMENT_PSEUDO_OOS,H2_H3,ALL_AVAILABLE,12,6,0.35854527745403608,0.30919766194217785,0.15058291973646729,VERIFIED_DOCUMENTED_VINTAGES_PARTIAL_RELEASE_HISTORY
DFM_B,standard,PERMISSIVE_END_OF_DAY,LATEST_REVISED,HISTORICAL_POST_DEVELOPMENT_TEST,H1,ALL_AVAILABLE,4,4,0.94322319341695748,0.86948291856834969,0.86948291856834969,VERIFIED_DOCUMENTED_VINTAGES_PARTIAL_RELEASE_HISTORY
DFM_B,standard,PERMISSIVE_END_OF_DAY,LATEST_REVISED,HISTORICAL_POST_DEVELOPMENT_TEST,H2,ALL_AVAILABLE,4,4,0.92079893718900618,0.84611162764004666,0.84611162764004666,VERIFIED_DOCUMENTED_VINTAGES_PARTIAL_RELEASE_HISTORY
DFM_B,standard,PERMISSIVE_END_OF_DAY,LATEST_REVISED,HISTORICAL_POST_DEVELOPMENT_TEST,H3,ALL_AVAILABLE,4,4,0.90802033230762269,0.8370360375403989,0.8370360375403989,VERIFIED_DOCUMENTED_VINTAGES_PARTIAL_RELEASE_HISTORY
DFM_B,standard,PERMISSIVE_END_OF_DAY,LATEST_REVISED,HISTORICAL_POST_DEVELOPMENT_TEST,ALL,ALL_AVAILABLE,12,4,0.9241287066226459,0.85087686124959827,0.85087686124959827,VERIFIED_DOCUMENTED_VINTAGES_PARTIAL_RELEASE_HISTORY
DFM_B,standard,PERMISSIVE_END_OF_DAY,LATEST_REVISED,HISTORICAL_POST_DEVELOPMENT_TEST,H2_H3,ALL_AVAILABLE,8,4,0.91443195663002974,0.84157383259022278,0.84157383259022278,VERIFIED_DOCUMENTED_VINTAGES_PARTIAL_RELEASE_HISTORY
DFM_B,standard,PERMISSIVE_END_OF_DAY,LATEST_REVISED,POOLED_RESEARCH_ONLY,H1,ALL_AVAILABLE,10,10,0.64425223685444466,0.51758948176280861,0.51758948176280861,VERIFIED_DOCUMENTED_VINTAGES_PARTIAL_RELEASE_HISTORY
DFM_B,standard,PERMISSIVE_END_OF_DAY,LATEST_REVISED,POOLED_RESEARCH_ONLY,H2,ALL_AVAILABLE,10,10,0.62761519054587445,0.4981884446240924,0.44748272593349936,VERIFIED_DOCUMENTED_VINTAGES_PARTIAL_RELEASE_HISTORY
DFM_B,standard,PERMISSIVE_END_OF_DAY,LATEST_REVISED,POOLED_RESEARCH_ONLY,H3,ALL_AVAILABLE,10,10,0.65522017247834752,0.54610781577869916,0.40647584382243956,VERIFIED_DOCUMENTED_VINTAGES_PARTIAL_RELEASE_HISTORY
DFM_B,standard,PERMISSIVE_END_OF_DAY,LATEST_REVISED,POOLED_RESEARCH_ONLY,ALL,ALL_AVAILABLE,30,10,0.64246277363451065,0.5206285807218668,0.45718268383958255,VERIFIED_DOCUMENTED_VINTAGES_PARTIAL_RELEASE_HISTORY
DFM_B,standard,PERMISSIVE_END_OF_DAY,LATEST_REVISED,POOLED_RESEARCH_ONLY,H2_H3,ALL_AVAILABLE,20,10,0.64156617033104613,0.52214813020139572,0.42697928487796943,VERIFIED_DOCUMENTED_VINTAGES_PARTIAL_RELEASE_HISTORY
DFM_B,standard,STRICT,FIRST_RELEASE,DEVELOPMENT_PSEUDO_OOS,H1,ALL_AVAILABLE,6,6,0.28008647551655719,0.20143955098213176,0.18299385722578179,VERIFIED_DOCUMENTED_VINTAGES_PARTIAL_RELEASE_HISTORY
DFM_B,standard,STRICT,FIRST_RELEASE,DEVELOPMENT_PSEUDO_OOS,H2,ALL_AVAILABLE,6,6,0.31292534063101463,0.24619235828615382,0.081730124795801704,VERIFIED_DOCUMENTED_VINTAGES_PARTIAL_RELEASE_HISTORY
DFM_B,standard,STRICT,FIRST_RELEASE,DEVELOPMENT_PSEUDO_OOS,H3,ALL_AVAILABLE,6,6,0.45720593660518127,0.33534618310442132,0.019435714677133859,VERIFIED_DOCUMENTED_VINTAGES_PARTIAL_RELEASE_HISTORY
DFM_B,standard,STRICT,FIRST_RELEASE,DEVELOPMENT_PSEUDO_OOS,ALL,ALL_AVAILABLE,18,6,0.35842617605458849,0.26099269745756898,0.094719898899572455,VERIFIED_DOCUMENTED_VINTAGES_PARTIAL_RELEASE_HISTORY
DFM_B,standard,STRICT,FIRST_RELEASE,DEVELOPMENT_PSEUDO_OOS,H2_H3,ALL_AVAILABLE,12,6,0.39176494054219396,0.29076927069528757,0.05058291973646778,VERIFIED_DOCUMENTED_VINTAGES_PARTIAL_RELEASE_HISTORY
DFM_B,standard,STRICT,FIRST_RELEASE,HISTORICAL_POST_DEVELOPMENT_TEST,H1,ALL_AVAILABLE,4,4,0.94322319341695671,0.86948291856834947,0.86948291856834947,VERIFIED_DOCUMENTED_VINTAGES_PARTIAL_RELEASE_HISTORY
DFM_B,standard,STRICT,FIRST_RELEASE,HISTORICAL_POST_DEVELOPMENT_TEST,H2,ALL_AVAILABLE,4,4,0.92079893718900541,0.84611162764004644,0.84611162764004644,VERIFIED_DOCUMENTED_VINTAGES_PARTIAL_RELEASE_HISTORY
DFM_B,standard,STRICT,FIRST_RELEASE,HISTORICAL_POST_DEVELOPMENT_TEST,H3,ALL_AVAILABLE,4,4,0.90802033230762191,0.83703603754039868,0.83703603754039868,VERIFIED_DOCUMENTED_VINTAGES_PARTIAL_RELEASE_HISTORY
DFM_B,standard,STRICT,FIRST_RELEASE,HISTORICAL_POST_DEVELOPMENT_TEST,ALL,ALL_AVAILABLE,12,4,0.92412870662264501,0.85087686124959827,0.85087686124959827,VERIFIED_DOCUMENTED_VINTAGES_PARTIAL_RELEASE_HISTORY
DFM_B,standard,STRICT,FIRST_RELEASE,HISTORICAL_POST_DEVELOPMENT_TEST,H2_H3,ALL_AVAILABLE,8,4,0.91443195663002885,0.84157383259022256,0.84157383259022256,VERIFIED_DOCUMENTED_VINTAGES_PARTIAL_RELEASE_HISTORY
DFM_B,standard,STRICT,FIRST_RELEASE,POOLED_RESEARCH_ONLY,H1,ALL_AVAILABLE,10,10,0.63477323297398491,0.46865689801661886,0.45758948176280889,VERIFIED_DOCUMENTED_VINTAGES_PARTIAL_RELEASE_HISTORY
DFM_B,standard,STRICT,FIRST_RELEASE,POOLED_RESEARCH_ONLY,H2,ALL_AVAILABLE,10,10,0.6307944470085185,0.48616006602771089,0.38748272593349958,VERIFIED_DOCUMENTED_VINTAGES_PARTIAL_RELEASE_HISTORY
DFM_B,standard,STRICT,FIRST_RELEASE,POOLED_RESEARCH_ONLY,H3,ALL_AVAILABLE,10,10,0.67470195689195267,0.53602212487881229,0.34647584382243979,VERIFIED_DOCUMENTED_VINTAGES_PARTIAL_RELEASE_HISTORY
DFM_B,standard,STRICT,FIRST_RELEASE,POOLED_RESEARCH_ONLY,ALL,ALL_AVAILABLE,30,10,0.64706038417622669,0.49694636297438066,0.39718268383958277,VERIFIED_DOCUMENTED_VINTAGES_PARTIAL_RELEASE_HISTORY
DFM_B,standard,STRICT,FIRST_RELEASE,POOLED_RESEARCH_ONLY,H2_H3,ALL_AVAILABLE,20,10,0.65311728081969056,0.51109109545326148,0.36697928487796971,VERIFIED_DOCUMENTED_VINTAGES_PARTIAL_RELEASE_HISTORY
DFM_B,standard,STRICT,LATEST_REVISED,DEVELOPMENT_PSEUDO_OOS,H1,ALL_AVAILABLE,6,6,0.31409379610789867,0.2829938572257813,0.2829938572257813,VERIFIED_DOCUMENTED_VINTAGES_PARTIAL_RELEASE_HISTORY
DFM_B,standard,STRICT,LATEST_REVISED,DEVELOPMENT_PSEUDO_OOS,H2,ALL_AVAILABLE,6,6,0.30208319580476756,0.26623965594678961,0.1817301247958012,VERIFIED_DOCUMENTED_VINTAGES_PARTIAL_RELEASE_HISTORY
DFM_B,standard,STRICT,LATEST_REVISED,DEVELOPMENT_PSEUDO_OOS,H3,ALL_AVAILABLE,6,6,0.4072532072084416,0.35215566793756609,0.11943571467713336,VERIFIED_DOCUMENTED_VINTAGES_PARTIAL_RELEASE_HISTORY
DFM_B,standard,STRICT,LATEST_REVISED,DEVELOPMENT_PSEUDO_OOS,ALL,ALL_AVAILABLE,18,6,0.34436625111580144,0.30046306037004566,0.19471989889957195,VERIFIED_DOCUMENTED_VINTAGES_PARTIAL_RELEASE_HISTORY
DFM_B,standard,STRICT,LATEST_REVISED,DEVELOPMENT_PSEUDO_OOS,H2_H3,ALL_AVAILABLE,12,6,0.35854527745403608,0.30919766194217785,0.15058291973646729,VERIFIED_DOCUMENTED_VINTAGES_PARTIAL_RELEASE_HISTORY
DFM_B,standard,STRICT,LATEST_REVISED,HISTORICAL_POST_DEVELOPMENT_TEST,H1,ALL_AVAILABLE,4,4,0.94322319341695748,0.86948291856834969,0.86948291856834969,VERIFIED_DOCUMENTED_VINTAGES_PARTIAL_RELEASE_HISTORY
DFM_B,standard,STRICT,LATEST_REVISED,HISTORICAL_POST_DEVELOPMENT_TEST,H2,ALL_AVAILABLE,4,4,0.92079893718900618,0.84611162764004666,0.84611162764004666,VERIFIED_DOCUMENTED_VINTAGES_PARTIAL_RELEASE_HISTORY
DFM_B,standard,STRICT,LATEST_REVISED,HISTORICAL_POST_DEVELOPMENT_TEST,H3,ALL_AVAILABLE,4,4,0.90802033230762269,0.8370360375403989,0.8370360375403989,VERIFIED_DOCUMENTED_VINTAGES_PARTIAL_RELEASE_HISTORY
DFM_B,standard,STRICT,LATEST_REVISED,HISTORICAL_POST_DEVELOPMENT_TEST,ALL,ALL_AVAILABLE,12,4,0.9241287066226459,0.85087686124959827,0.85087686124959827,VERIFIED_DOCUMENTED_VINTAGES_PARTIAL_RELEASE_HISTORY
DFM_B,standard,STRICT,LATEST_REVISED,HISTORICAL_POST_DEVELOPMENT_TEST,H2_H3,ALL_AVAILABLE,8,4,0.91443195663002974,0.84157383259022278,0.84157383259022278,VERIFIED_DOCUMENTED_VINTAGES_PARTIAL_RELEASE_HISTORY
DFM_B,standard,STRICT,LATEST_REVISED,POOLED_RESEARCH_ONLY,H1,ALL_AVAILABLE,10,10,0.64425223685444466,0.51758948176280861,0.51758948176280861,VERIFIED_DOCUMENTED_VINTAGES_PARTIAL_RELEASE_HISTORY
DFM_B,standard,STRICT,LATEST_REVISED,POOLED_RESEARCH_ONLY,H2,ALL_AVAILABLE,10,10,0.62761519054587445,0.4981884446240924,0.44748272593349936,VERIFIED_DOCUMENTED_VINTAGES_PARTIAL_RELEASE_HISTORY
DFM_B,standard,STRICT,LATEST_REVISED,POOLED_RESEARCH_ONLY,H3,ALL_AVAILABLE,10,10,0.65522017247834752,0.54610781577869916,0.40647584382243956,VERIFIED_DOCUMENTED_VINTAGES_PARTIAL_RELEASE_HISTORY
DFM_B,standard,STRICT,LATEST_REVISED,POOLED_RESEARCH_ONLY,ALL,ALL_AVAILABLE,30,10,0.64246277363451065,0.5206285807218668,0.45718268383958255,VERIFIED_DOCUMENTED_VINTAGES_PARTIAL_RELEASE_HISTORY
DFM_B,standard,STRICT,LATEST_REVISED,POOLED_RESEARCH_ONLY,H2_H3,ALL_AVAILABLE,20,10,0.64156617033104613,0.52214813020139572,0.42697928487796943,VERIFIED_DOCUMENTED_VINTAGES_PARTIAL_RELEASE_HISTORY
PRODUCTION_ENSEMBLE,conservative,PERMISSIVE_END_OF_DAY,FIRST_RELEASE,DEVELOPMENT_PSEUDO_OOS,H1,ALL_AVAILABLE,6,6,0.45111219993507673,0.40523126050101199,0.40523126050101199,VERIFIED_DOCUMENTED_VINTAGES_PARTIAL_RELEASE_HISTORY
PRODUCTION_ENSEMBLE,conservative,PERMISSIVE_END_OF_DAY,FIRST_RELEASE,DEVELOPMENT_PSEUDO_OOS,H2,ALL_AVAILABLE,6,6,0.43131535035302287,0.39037234442193097,0.39037234442193097,VERIFIED_DOCUMENTED_VINTAGES_PARTIAL_RELEASE_HISTORY
PRODUCTION_ENSEMBLE,conservative,PERMISSIVE_END_OF_DAY,FIRST_RELEASE,DEVELOPMENT_PSEUDO_OOS,H3,ALL_AVAILABLE,6,6,0.46345937894457651,0.4211507012634364,0.4211507012634364,VERIFIED_DOCUMENTED_VINTAGES_PARTIAL_RELEASE_HISTORY
PRODUCTION_ENSEMBLE,conservative,PERMISSIVE_END_OF_DAY,FIRST_RELEASE,DEVELOPMENT_PSEUDO_OOS,ALL,ALL_AVAILABLE,18,6,0.44882429535847995,0.40558476872879312,0.40558476872879312,VERIFIED_DOCUMENTED_VINTAGES_PARTIAL_RELEASE_HISTORY
PRODUCTION_ENSEMBLE,conservative,PERMISSIVE_END_OF_DAY,FIRST_RELEASE,DEVELOPMENT_PSEUDO_OOS,H2_H3,ALL_AVAILABLE,12,6,0.44767595835707069,0.40576152284268369,0.40576152284268369,VERIFIED_DOCUMENTED_VINTAGES_PARTIAL_RELEASE_HISTORY
PRODUCTION_ENSEMBLE,conservative,PERMISSIVE_END_OF_DAY,FIRST_RELEASE,HISTORICAL_POST_DEVELOPMENT_TEST,H1,ALL_AVAILABLE,4,4,0.63014545778885844,0.42769567959995736,0.42769567959995736,VERIFIED_DOCUMENTED_VINTAGES_PARTIAL_RELEASE_HISTORY
PRODUCTION_ENSEMBLE,conservative,PERMISSIVE_END_OF_DAY,FIRST_RELEASE,HISTORICAL_POST_DEVELOPMENT_TEST,H2,ALL_AVAILABLE,4,4,0.78357003240054535,0.61092675508529948,0.50758677371173966,VERIFIED_DOCUMENTED_VINTAGES_PARTIAL_RELEASE_HISTORY
PRODUCTION_ENSEMBLE,conservative,PERMISSIVE_END_OF_DAY,FIRST_RELEASE,HISTORICAL_POST_DEVELOPMENT_TEST,H3,ALL_AVAILABLE,4,4,0.80288897717661589,0.56129677066711192,0.49921014898896976,VERIFIED_DOCUMENTED_VINTAGES_PARTIAL_RELEASE_HISTORY
PRODUCTION_ENSEMBLE,conservative,PERMISSIVE_END_OF_DAY,FIRST_RELEASE,HISTORICAL_POST_DEVELOPMENT_TEST,ALL,ALL_AVAILABLE,12,4,0.74289882741412239,0.53330640178412292,0.47816420076688892,VERIFIED_DOCUMENTED_VINTAGES_PARTIAL_RELEASE_HISTORY
PRODUCTION_ENSEMBLE,conservative,PERMISSIVE_END_OF_DAY,FIRST_RELEASE,HISTORICAL_POST_DEVELOPMENT_TEST,H2_H3,ALL_AVAILABLE,8,4,0.7932883162343638,0.5861117628762057,0.50339846135035471,VERIFIED_DOCUMENTED_VINTAGES_PARTIAL_RELEASE_HISTORY
PRODUCTION_ENSEMBLE,conservative,PERMISSIVE_END_OF_DAY,FIRST_RELEASE,POOLED_RESEARCH_ONLY,H1,ALL_AVAILABLE,10,10,0.53003268705517659,0.41421702814059014,0.41421702814059014,VERIFIED_DOCUMENTED_VINTAGES_PARTIAL_RELEASE_HISTORY
PRODUCTION_ENSEMBLE,conservative,PERMISSIVE_END_OF_DAY,FIRST_RELEASE,POOLED_RESEARCH_ONLY,H2,ALL_AVAILABLE,10,10,0.59767261702420926,0.47859410868727836,0.43725811613785448,VERIFIED_DOCUMENTED_VINTAGES_PARTIAL_RELEASE_HISTORY
PRODUCTION_ENSEMBLE,conservative,PERMISSIVE_END_OF_DAY,FIRST_RELEASE,POOLED_RESEARCH_ONLY,H3,ALL_AVAILABLE,10,10,0.62187542275579644,0.47720912902490664,0.45237448035364974,VERIFIED_DOCUMENTED_VINTAGES_PARTIAL_RELEASE_HISTORY
PRODUCTION_ENSEMBLE,conservative,PERMISSIVE_END_OF_DAY,FIRST_RELEASE,POOLED_RESEARCH_ONLY,ALL,ALL_AVAILABLE,30,10,0.58448731035988533,0.45667342195092514,0.43461654154403156,VERIFIED_DOCUMENTED_VINTAGES_PARTIAL_RELEASE_HISTORY
PRODUCTION_ENSEMBLE,conservative,PERMISSIVE_END_OF_DAY,FIRST_RELEASE,POOLED_RESEARCH_ONLY,H2_H3,ALL_AVAILABLE,20,10,0.60989408857943017,0.47790161885609256,0.44481629824575214,VERIFIED_DOCUMENTED_VINTAGES_PARTIAL_RELEASE_HISTORY
PRODUCTION_ENSEMBLE,conservative,PERMISSIVE_END_OF_DAY,LATEST_REVISED,DEVELOPMENT_PSEUDO_OOS,H1,ALL_AVAILABLE,6,6,0.52466513450331431,0.50523126050101153,0.50523126050101153,VERIFIED_DOCUMENTED_VINTAGES_PARTIAL_RELEASE_HISTORY
PRODUCTION_ENSEMBLE,conservative,PERMISSIVE_END_OF_DAY,LATEST_REVISED,DEVELOPMENT_PSEUDO_OOS,H2,ALL_AVAILABLE,6,6,0.51653947536746503,0.49037234442193051,0.49037234442193051,VERIFIED_DOCUMENTED_VINTAGES_PARTIAL_RELEASE_HISTORY
PRODUCTION_ENSEMBLE,conservative,PERMISSIVE_END_OF_DAY,LATEST_REVISED,DEVELOPMENT_PSEUDO_OOS,H3,ALL_AVAILABLE,6,6,0.54872027017440383,0.52115070126343588,0.52115070126343588,VERIFIED_DOCUMENTED_VINTAGES_PARTIAL_RELEASE_HISTORY
PRODUCTION_ENSEMBLE,conservative,PERMISSIVE_END_OF_DAY,LATEST_REVISED,DEVELOPMENT_PSEUDO_OOS,ALL,ALL_AVAILABLE,18,6,0.53015106899717668,0.50558476872879277,0.50558476872879277,VERIFIED_DOCUMENTED_VINTAGES_PARTIAL_RELEASE_HISTORY
PRODUCTION_ENSEMBLE,conservative,PERMISSIVE_END_OF_DAY,LATEST_REVISED,DEVELOPMENT_PSEUDO_OOS,H2_H3,ALL_AVAILABLE,12,6,0.53287285749659219,0.50576152284268316,0.50576152284268316,VERIFIED_DOCUMENTED_VINTAGES_PARTIAL_RELEASE_HISTORY
PRODUCTION_ENSEMBLE,conservative,PERMISSIVE_END_OF_DAY,LATEST_REVISED,HISTORICAL_POST_DEVELOPMENT_TEST,H1,ALL_AVAILABLE,4,4,0.63014545778885978,0.42769567959995758,0.42769567959995758,VERIFIED_DOCUMENTED_VINTAGES_PARTIAL_RELEASE_HISTORY
PRODUCTION_ENSEMBLE,conservative,PERMISSIVE_END_OF_DAY,LATEST_REVISED,HISTORICAL_POST_DEVELOPMENT_TEST,H2,ALL_AVAILABLE,4,4,0.78357003240054568,0.61092675508529837,0.50758677371173988,VERIFIED_DOCUMENTED_VINTAGES_PARTIAL_RELEASE_HISTORY
PRODUCTION_ENSEMBLE,conservative,PERMISSIVE_END_OF_DAY,LATEST_REVISED,HISTORICAL_POST_DEVELOPMENT_TEST,H3,ALL_AVAILABLE,4,4,0.80288897717661656,0.56129677066711081,0.49921014898896998,VERIFIED_DOCUMENTED_VINTAGES_PARTIAL_RELEASE_HISTORY
PRODUCTION_ENSEMBLE,conservative,PERMISSIVE_END_OF_DAY,LATEST_REVISED,HISTORICAL_POST_DEVELOPMENT_TEST,ALL,ALL_AVAILABLE,12,4,0.74289882741412305,0.53330640178412225,0.47816420076688915,VERIFIED_DOCUMENTED_VINTAGES_PARTIAL_RELEASE_HISTORY
PRODUCTION_ENSEMBLE,conservative,PERMISSIVE_END_OF_DAY,LATEST_REVISED,HISTORICAL_POST_DEVELOPMENT_TEST,H2_H3,ALL_AVAILABLE,8,4,0.79328831623436447,0.58611176287620459,0.50339846135035493,VERIFIED_DOCUMENTED_VINTAGES_PARTIAL_RELEASE_HISTORY
PRODUCTION_ENSEMBLE,conservative,PERMISSIVE_END_OF_DAY,LATEST_REVISED,POOLED_RESEARCH_ONLY,H1,ALL_AVAILABLE,10,10,0.56920771358687783,0.47421702814058991,0.47421702814058991,VERIFIED_DOCUMENTED_VINTAGES_PARTIAL_RELEASE_HISTORY
PRODUCTION_ENSEMBLE,conservative,PERMISSIVE_END_OF_DAY,LATEST_REVISED,POOLED_RESEARCH_ONLY,H2,ALL_AVAILABLE,10,10,0.63693062105555454,0.53859410868727764,0.49725811613785426,VERIFIED_DOCUMENTED_VINTAGES_PARTIAL_RELEASE_HISTORY
PRODUCTION_ENSEMBLE,conservative,PERMISSIVE_END_OF_DAY,LATEST_REVISED,POOLED_RESEARCH_ONLY,H3,ALL_AVAILABLE,10,10,0.66219985261916803,0.53720912902490592,0.51237448035364952,VERIFIED_DOCUMENTED_VINTAGES_PARTIAL_RELEASE_HISTORY
PRODUCTION_ENSEMBLE,conservative,PERMISSIVE_END_OF_DAY,LATEST_REVISED,POOLED_RESEARCH_ONLY,ALL,ALL_AVAILABLE,30,10,0.62401567342865771,0.51667342195092458,0.49461654154403134,VERIFIED_DOCUMENTED_VINTAGES_PARTIAL_RELEASE_HISTORY
PRODUCTION_ENSEMBLE,conservative,PERMISSIVE_END_OF_DAY,LATEST_REVISED,POOLED_RESEARCH_ONLY,H2_H3,ALL_AVAILABLE,20,10,0.64968810241802277,0.53790161885609178,0.50481629824575192,VERIFIED_DOCUMENTED_VINTAGES_PARTIAL_RELEASE_HISTORY
PRODUCTION_ENSEMBLE,conservative,STRICT,FIRST_RELEASE,DEVELOPMENT_PSEUDO_OOS,H1,ALL_AVAILABLE,6,6,0.45111219993507673,0.40523126050101199,0.40523126050101199,VERIFIED_DOCUMENTED_VINTAGES_PARTIAL_RELEASE_HISTORY
PRODUCTION_ENSEMBLE,conservative,STRICT,FIRST_RELEASE,DEVELOPMENT_PSEUDO_OOS,H2,ALL_AVAILABLE,6,6,0.43131535035302287,0.39037234442193097,0.39037234442193097,VERIFIED_DOCUMENTED_VINTAGES_PARTIAL_RELEASE_HISTORY
PRODUCTION_ENSEMBLE,conservative,STRICT,FIRST_RELEASE,DEVELOPMENT_PSEUDO_OOS,H3,ALL_AVAILABLE,6,6,0.46345937894457651,0.4211507012634364,0.4211507012634364,VERIFIED_DOCUMENTED_VINTAGES_PARTIAL_RELEASE_HISTORY
PRODUCTION_ENSEMBLE,conservative,STRICT,FIRST_RELEASE,DEVELOPMENT_PSEUDO_OOS,ALL,ALL_AVAILABLE,18,6,0.44882429535847995,0.40558476872879312,0.40558476872879312,VERIFIED_DOCUMENTED_VINTAGES_PARTIAL_RELEASE_HISTORY
PRODUCTION_ENSEMBLE,conservative,STRICT,FIRST_RELEASE,DEVELOPMENT_PSEUDO_OOS,H2_H3,ALL_AVAILABLE,12,6,0.44767595835707069,0.40576152284268369,0.40576152284268369,VERIFIED_DOCUMENTED_VINTAGES_PARTIAL_RELEASE_HISTORY
PRODUCTION_ENSEMBLE,conservative,STRICT,FIRST_RELEASE,HISTORICAL_POST_DEVELOPMENT_TEST,H1,ALL_AVAILABLE,4,4,0.63014545778885844,0.42769567959995736,0.42769567959995736,VERIFIED_DOCUMENTED_VINTAGES_PARTIAL_RELEASE_HISTORY
PRODUCTION_ENSEMBLE,conservative,STRICT,FIRST_RELEASE,HISTORICAL_POST_DEVELOPMENT_TEST,H2,ALL_AVAILABLE,4,4,0.78357003240054535,0.61092675508529948,0.50758677371173966,VERIFIED_DOCUMENTED_VINTAGES_PARTIAL_RELEASE_HISTORY
PRODUCTION_ENSEMBLE,conservative,STRICT,FIRST_RELEASE,HISTORICAL_POST_DEVELOPMENT_TEST,H3,ALL_AVAILABLE,4,4,0.80288897717661589,0.56129677066711192,0.49921014898896976,VERIFIED_DOCUMENTED_VINTAGES_PARTIAL_RELEASE_HISTORY
PRODUCTION_ENSEMBLE,conservative,STRICT,FIRST_RELEASE,HISTORICAL_POST_DEVELOPMENT_TEST,ALL,ALL_AVAILABLE,12,4,0.74289882741412239,0.53330640178412292,0.47816420076688892,VERIFIED_DOCUMENTED_VINTAGES_PARTIAL_RELEASE_HISTORY
PRODUCTION_ENSEMBLE,conservative,STRICT,FIRST_RELEASE,HISTORICAL_POST_DEVELOPMENT_TEST,H2_H3,ALL_AVAILABLE,8,4,0.7932883162343638,0.5861117628762057,0.50339846135035471,VERIFIED_DOCUMENTED_VINTAGES_PARTIAL_RELEASE_HISTORY
PRODUCTION_ENSEMBLE,conservative,STRICT,FIRST_RELEASE,POOLED_RESEARCH_ONLY,H1,ALL_AVAILABLE,10,10,0.53003268705517659,0.41421702814059014,0.41421702814059014,VERIFIED_DOCUMENTED_VINTAGES_PARTIAL_RELEASE_HISTORY
PRODUCTION_ENSEMBLE,conservative,STRICT,FIRST_RELEASE,POOLED_RESEARCH_ONLY,H2,ALL_AVAILABLE,10,10,0.59767261702420926,0.47859410868727836,0.43725811613785448,VERIFIED_DOCUMENTED_VINTAGES_PARTIAL_RELEASE_HISTORY
PRODUCTION_ENSEMBLE,conservative,STRICT,FIRST_RELEASE,POOLED_RESEARCH_ONLY,H3,ALL_AVAILABLE,10,10,0.62187542275579644,0.47720912902490664,0.45237448035364974,VERIFIED_DOCUMENTED_VINTAGES_PARTIAL_RELEASE_HISTORY
PRODUCTION_ENSEMBLE,conservative,STRICT,FIRST_RELEASE,POOLED_RESEARCH_ONLY,ALL,ALL_AVAILABLE,30,10,0.58448731035988533,0.45667342195092514,0.43461654154403156,VERIFIED_DOCUMENTED_VINTAGES_PARTIAL_RELEASE_HISTORY
PRODUCTION_ENSEMBLE,conservative,STRICT,FIRST_RELEASE,POOLED_RESEARCH_ONLY,H2_H3,ALL_AVAILABLE,20,10,0.60989408857943017,0.47790161885609256,0.44481629824575214,VERIFIED_DOCUMENTED_VINTAGES_PARTIAL_RELEASE_HISTORY
PRODUCTION_ENSEMBLE,conservative,STRICT,LATEST_REVISED,DEVELOPMENT_PSEUDO_OOS,H1,ALL_AVAILABLE,6,6,0.52466513450331431,0.50523126050101153,0.50523126050101153,VERIFIED_DOCUMENTED_VINTAGES_PARTIAL_RELEASE_HISTORY
PRODUCTION_ENSEMBLE,conservative,STRICT,LATEST_REVISED,DEVELOPMENT_PSEUDO_OOS,H2,ALL_AVAILABLE,6,6,0.51653947536746503,0.49037234442193051,0.49037234442193051,VERIFIED_DOCUMENTED_VINTAGES_PARTIAL_RELEASE_HISTORY
PRODUCTION_ENSEMBLE,conservative,STRICT,LATEST_REVISED,DEVELOPMENT_PSEUDO_OOS,H3,ALL_AVAILABLE,6,6,0.54872027017440383,0.52115070126343588,0.52115070126343588,VERIFIED_DOCUMENTED_VINTAGES_PARTIAL_RELEASE_HISTORY
PRODUCTION_ENSEMBLE,conservative,STRICT,LATEST_REVISED,DEVELOPMENT_PSEUDO_OOS,ALL,ALL_AVAILABLE,18,6,0.53015106899717668,0.50558476872879277,0.50558476872879277,VERIFIED_DOCUMENTED_VINTAGES_PARTIAL_RELEASE_HISTORY
PRODUCTION_ENSEMBLE,conservative,STRICT,LATEST_REVISED,DEVELOPMENT_PSEUDO_OOS,H2_H3,ALL_AVAILABLE,12,6,0.53287285749659219,0.50576152284268316,0.50576152284268316,VERIFIED_DOCUMENTED_VINTAGES_PARTIAL_RELEASE_HISTORY
PRODUCTION_ENSEMBLE,conservative,STRICT,LATEST_REVISED,HISTORICAL_POST_DEVELOPMENT_TEST,H1,ALL_AVAILABLE,4,4,0.63014545778885978,0.42769567959995758,0.42769567959995758,VERIFIED_DOCUMENTED_VINTAGES_PARTIAL_RELEASE_HISTORY
PRODUCTION_ENSEMBLE,conservative,STRICT,LATEST_REVISED,HISTORICAL_POST_DEVELOPMENT_TEST,H2,ALL_AVAILABLE,4,4,0.78357003240054568,0.61092675508529837,0.50758677371173988,VERIFIED_DOCUMENTED_VINTAGES_PARTIAL_RELEASE_HISTORY
PRODUCTION_ENSEMBLE,conservative,STRICT,LATEST_REVISED,HISTORICAL_POST_DEVELOPMENT_TEST,H3,ALL_AVAILABLE,4,4,0.80288897717661656,0.56129677066711081,0.49921014898896998,VERIFIED_DOCUMENTED_VINTAGES_PARTIAL_RELEASE_HISTORY
PRODUCTION_ENSEMBLE,conservative,STRICT,LATEST_REVISED,HISTORICAL_POST_DEVELOPMENT_TEST,ALL,ALL_AVAILABLE,12,4,0.74289882741412305,0.53330640178412225,0.47816420076688915,VERIFIED_DOCUMENTED_VINTAGES_PARTIAL_RELEASE_HISTORY
PRODUCTION_ENSEMBLE,conservative,STRICT,LATEST_REVISED,HISTORICAL_POST_DEVELOPMENT_TEST,H2_H3,ALL_AVAILABLE,8,4,0.79328831623436447,0.58611176287620459,0.50339846135035493,VERIFIED_DOCUMENTED_VINTAGES_PARTIAL_RELEASE_HISTORY
PRODUCTION_ENSEMBLE,conservative,STRICT,LATEST_REVISED,POOLED_RESEARCH_ONLY,H1,ALL_AVAILABLE,10,10,0.56920771358687783,0.47421702814058991,0.47421702814058991,VERIFIED_DOCUMENTED_VINTAGES_PARTIAL_RELEASE_HISTORY
PRODUCTION_ENSEMBLE,conservative,STRICT,LATEST_REVISED,POOLED_RESEARCH_ONLY,H2,ALL_AVAILABLE,10,10,0.63693062105555454,0.53859410868727764,0.49725811613785426,VERIFIED_DOCUMENTED_VINTAGES_PARTIAL_RELEASE_HISTORY
PRODUCTION_ENSEMBLE,conservative,STRICT,LATEST_REVISED,POOLED_RESEARCH_ONLY,H3,ALL_AVAILABLE,10,10,0.66219985261916803,0.53720912902490592,0.51237448035364952,VERIFIED_DOCUMENTED_VINTAGES_PARTIAL_RELEASE_HISTORY
PRODUCTION_ENSEMBLE,conservative,STRICT,LATEST_REVISED,POOLED_RESEARCH_ONLY,ALL,ALL_AVAILABLE,30,10,0.62401567342865771,0.51667342195092458,0.49461654154403134,VERIFIED_DOCUMENTED_VINTAGES_PARTIAL_RELEASE_HISTORY
PRODUCTION_ENSEMBLE,conservative,STRICT,LATEST_REVISED,POOLED_RESEARCH_ONLY,H2_H3,ALL_AVAILABLE,20,10,0.64968810241802277,0.53790161885609178,0.50481629824575192,VERIFIED_DOCUMENTED_VINTAGES_PARTIAL_RELEASE_HISTORY
PRODUCTION_ENSEMBLE,standard,PERMISSIVE_END_OF_DAY,FIRST_RELEASE,DEVELOPMENT_PSEUDO_OOS,H1,ALL_AVAILABLE,6,6,0.43131535035302287,0.39037234442193097,0.39037234442193097,VERIFIED_DOCUMENTED_VINTAGES_PARTIAL_RELEASE_HISTORY
PRODUCTION_ENSEMBLE,standard,PERMISSIVE_END_OF_DAY,FIRST_RELEASE,DEVELOPMENT_PSEUDO_OOS,H2,ALL_AVAILABLE,6,6,0.46345937894457651,0.4211507012634364,0.4211507012634364,VERIFIED_DOCUMENTED_VINTAGES_PARTIAL_RELEASE_HISTORY
PRODUCTION_ENSEMBLE,standard,PERMISSIVE_END_OF_DAY,FIRST_RELEASE,DEVELOPMENT_PSEUDO_OOS,H3,ALL_AVAILABLE,6,6,0.33583279875601918,0.31778854352457203,0.2029671254376321,VERIFIED_DOCUMENTED_VINTAGES_PARTIAL_RELEASE_HISTORY
PRODUCTION_ENSEMBLE,standard,PERMISSIVE_END_OF_DAY,FIRST_RELEASE,DEVELOPMENT_PSEUDO_OOS,ALL,ALL_AVAILABLE,18,6,0.41376772715383214,0.37643719640331313,0.33816339037433318,VERIFIED_DOCUMENTED_VINTAGES_PARTIAL_RELEASE_HISTORY
PRODUCTION_ENSEMBLE,standard,PERMISSIVE_END_OF_DAY,FIRST_RELEASE,DEVELOPMENT_PSEUDO_OOS,H2_H3,ALL_AVAILABLE,12,6,0.40470870058104347,0.36946962239400422,0.31205891335053426,VERIFIED_DOCUMENTED_VINTAGES_PARTIAL_RELEASE_HISTORY
PRODUCTION_ENSEMBLE,standard,PERMISSIVE_END_OF_DAY,FIRST_RELEASE,HISTORICAL_POST_DEVELOPMENT_TEST,H1,ALL_AVAILABLE,4,4,0.78357003240054535,0.61092675508529948,0.50758677371173966,VERIFIED_DOCUMENTED_VINTAGES_PARTIAL_RELEASE_HISTORY
PRODUCTION_ENSEMBLE,standard,PERMISSIVE_END_OF_DAY,FIRST_RELEASE,HISTORICAL_POST_DEVELOPMENT_TEST,H2,ALL_AVAILABLE,4,4,0.80288897717661589,0.56129677066711192,0.49921014898896976,VERIFIED_DOCUMENTED_VINTAGES_PARTIAL_RELEASE_HISTORY
PRODUCTION_ENSEMBLE,standard,PERMISSIVE_END_OF_DAY,FIRST_RELEASE,HISTORICAL_POST_DEVELOPMENT_TEST,H3,ALL_AVAILABLE,4,4,0.46243015857082898,0.30025890435602798,0.30025890435602798,VERIFIED_DOCUMENTED_VINTAGES_PARTIAL_RELEASE_HISTORY
PRODUCTION_ENSEMBLE,standard,PERMISSIVE_END_OF_DAY,FIRST_RELEASE,HISTORICAL_POST_DEVELOPMENT_TEST,ALL,ALL_AVAILABLE,12,4,0.70058412697399541,0.49082747670281313,0.43568527568557913,VERIFIED_DOCUMENTED_VINTAGES_PARTIAL_RELEASE_HISTORY
PRODUCTION_ENSEMBLE,standard,PERMISSIVE_END_OF_DAY,FIRST_RELEASE,HISTORICAL_POST_DEVELOPMENT_TEST,H2_H3,ALL_AVAILABLE,8,4,0.65516118674245138,0.43077783751156995,0.39973452667249887,VERIFIED_DOCUMENTED_VINTAGES_PARTIAL_RELEASE_HISTORY
PRODUCTION_ENSEMBLE,standard,PERMISSIVE_END_OF_DAY,FIRST_RELEASE,POOLED_RESEARCH_ONLY,H1,ALL_AVAILABLE,10,10,0.59767261702420926,0.47859410868727836,0.43725811613785448,VERIFIED_DOCUMENTED_VINTAGES_PARTIAL_RELEASE_HISTORY
PRODUCTION_ENSEMBLE,standard,PERMISSIVE_END_OF_DAY,FIRST_RELEASE,POOLED_RESEARCH_ONLY,H2,ALL_AVAILABLE,10,10,0.62187542275579644,0.47720912902490664,0.45237448035364974,VERIFIED_DOCUMENTED_VINTAGES_PARTIAL_RELEASE_HISTORY
PRODUCTION_ENSEMBLE,standard,PERMISSIVE_END_OF_DAY,FIRST_RELEASE,POOLED_RESEARCH_ONLY,H3,ALL_AVAILABLE,10,10,0.39141648132713747,0.3107766878571544,0.24188383700499044,VERIFIED_DOCUMENTED_VINTAGES_PARTIAL_RELEASE_HISTORY
PRODUCTION_ENSEMBLE,standard,PERMISSIVE_END_OF_DAY,FIRST_RELEASE,POOLED_RESEARCH_ONLY,ALL,ALL_AVAILABLE,30,10,0.54685417325608388,0.4221933085231131,0.37717214449883157,VERIFIED_DOCUMENTED_VINTAGES_PARTIAL_RELEASE_HISTORY
PRODUCTION_ENSEMBLE,standard,PERMISSIVE_END_OF_DAY,FIRST_RELEASE,POOLED_RESEARCH_ONLY,H2_H3,ALL_AVAILABLE,20,10,0.51958440280777196,0.39399290844103052,0.34712915867932009,VERIFIED_DOCUMENTED_VINTAGES_PARTIAL_RELEASE_HISTORY
PRODUCTION_ENSEMBLE,standard,PERMISSIVE_END_OF_DAY,LATEST_REVISED,DEVELOPMENT_PSEUDO_OOS,H1,ALL_AVAILABLE,6,6,0.51653947536746503,0.49037234442193051,0.49037234442193051,VERIFIED_DOCUMENTED_VINTAGES_PARTIAL_RELEASE_HISTORY
PRODUCTION_ENSEMBLE,standard,PERMISSIVE_END_OF_DAY,LATEST_REVISED,DEVELOPMENT_PSEUDO_OOS,H2,ALL_AVAILABLE,6,6,0.54872027017440383,0.52115070126343588,0.52115070126343588,VERIFIED_DOCUMENTED_VINTAGES_PARTIAL_RELEASE_HISTORY
PRODUCTION_ENSEMBLE,standard,PERMISSIVE_END_OF_DAY,LATEST_REVISED,DEVELOPMENT_PSEUDO_OOS,H3,ALL_AVAILABLE,6,6,0.43073470070280839,0.41778854352457068,0.3029671254376316,VERIFIED_DOCUMENTED_VINTAGES_PARTIAL_RELEASE_HISTORY
PRODUCTION_ENSEMBLE,standard,PERMISSIVE_END_OF_DAY,LATEST_REVISED,DEVELOPMENT_PSEUDO_OOS,ALL,ALL_AVAILABLE,18,6,0.50114513762738255,0.47643719640331234,0.43816339037433266,VERIFIED_DOCUMENTED_VINTAGES_PARTIAL_RELEASE_HISTORY
PRODUCTION_ENSEMBLE,standard,PERMISSIVE_END_OF_DAY,LATEST_REVISED,DEVELOPMENT_PSEUDO_OOS,H2_H3,ALL_AVAILABLE,12,6,0.49326783662114471,0.46946962239400331,0.41205891335053374,VERIFIED_DOCUMENTED_VINTAGES_PARTIAL_RELEASE_HISTORY
PRODUCTION_ENSEMBLE,standard,PERMISSIVE_END_OF_DAY,LATEST_REVISED,HISTORICAL_POST_DEVELOPMENT_TEST,H1,ALL_AVAILABLE,4,4,0.78357003240054568,0.61092675508529837,0.50758677371173988,VERIFIED_DOCUMENTED_VINTAGES_PARTIAL_RELEASE_HISTORY
PRODUCTION_ENSEMBLE,standard,PERMISSIVE_END_OF_DAY,LATEST_REVISED,HISTORICAL_POST_DEVELOPMENT_TEST,H2,ALL_AVAILABLE,4,4,0.80288897717661656,0.56129677066711081,0.49921014898896998,VERIFIED_DOCUMENTED_VINTAGES_PARTIAL_RELEASE_HISTORY
PRODUCTION_ENSEMBLE,standard,PERMISSIVE_END_OF_DAY,LATEST_REVISED,HISTORICAL_POST_DEVELOPMENT_TEST,H3,ALL_AVAILABLE,4,4,0.46243015857083047,0.3002589043560282,0.3002589043560282,VERIFIED_DOCUMENTED_VINTAGES_PARTIAL_RELEASE_HISTORY
PRODUCTION_ENSEMBLE,standard,PERMISSIVE_END_OF_DAY,LATEST_REVISED,HISTORICAL_POST_DEVELOPMENT_TEST,ALL,ALL_AVAILABLE,12,4,0.70058412697399619,0.49082747670281246,0.43568527568557935,VERIFIED_DOCUMENTED_VINTAGES_PARTIAL_RELEASE_HISTORY
PRODUCTION_ENSEMBLE,standard,PERMISSIVE_END_OF_DAY,LATEST_REVISED,HISTORICAL_POST_DEVELOPMENT_TEST,H2_H3,ALL_AVAILABLE,8,4,0.65516118674245238,0.43077783751156951,0.39973452667249909,VERIFIED_DOCUMENTED_VINTAGES_PARTIAL_RELEASE_HISTORY
PRODUCTION_ENSEMBLE,standard,PERMISSIVE_END_OF_DAY,LATEST_REVISED,POOLED_RESEARCH_ONLY,H1,ALL_AVAILABLE,10,10,0.63693062105555454,0.53859410868727764,0.49725811613785426,VERIFIED_DOCUMENTED_VINTAGES_PARTIAL_RELEASE_HISTORY
PRODUCTION_ENSEMBLE,standard,PERMISSIVE_END_OF_DAY,LATEST_REVISED,POOLED_RESEARCH_ONLY,H2,ALL_AVAILABLE,10,10,0.66219985261916803,0.53720912902490592,0.51237448035364952,VERIFIED_DOCUMENTED_VINTAGES_PARTIAL_RELEASE_HISTORY
PRODUCTION_ENSEMBLE,standard,PERMISSIVE_END_OF_DAY,LATEST_REVISED,POOLED_RESEARCH_ONLY,H3,ALL_AVAILABLE,10,10,0.4436846741279894,0.37077668785715368,0.30188383700499022,VERIFIED_DOCUMENTED_VINTAGES_PARTIAL_RELEASE_HISTORY
PRODUCTION_ENSEMBLE,standard,PERMISSIVE_END_OF_DAY,LATEST_REVISED,POOLED_RESEARCH_ONLY,ALL,ALL_AVAILABLE,30,10,0.5890798901402996,0.48219330852311243,0.43717214449883135,VERIFIED_DOCUMENTED_VINTAGES_PARTIAL_RELEASE_HISTORY
PRODUCTION_ENSEMBLE,standard,PERMISSIVE_END_OF_DAY,LATEST_REVISED,POOLED_RESEARCH_ONLY,H2_H3,ALL_AVAILABLE,20,10,0.56363318517671934,0.45399290844102974,0.40712915867931992,VERIFIED_DOCUMENTED_VINTAGES_PARTIAL_RELEASE_HISTORY
PRODUCTION_ENSEMBLE,standard,STRICT,FIRST_RELEASE,DEVELOPMENT_PSEUDO_OOS,H1,ALL_AVAILABLE,6,6,0.43131535035302287,0.39037234442193097,0.39037234442193097,VERIFIED_DOCUMENTED_VINTAGES_PARTIAL_RELEASE_HISTORY
PRODUCTION_ENSEMBLE,standard,STRICT,FIRST_RELEASE,DEVELOPMENT_PSEUDO_OOS,H2,ALL_AVAILABLE,6,6,0.46345937894457651,0.4211507012634364,0.4211507012634364,VERIFIED_DOCUMENTED_VINTAGES_PARTIAL_RELEASE_HISTORY
PRODUCTION_ENSEMBLE,standard,STRICT,FIRST_RELEASE,DEVELOPMENT_PSEUDO_OOS,H3,ALL_AVAILABLE,6,6,0.33583279875601918,0.31778854352457203,0.2029671254376321,VERIFIED_DOCUMENTED_VINTAGES_PARTIAL_RELEASE_HISTORY
PRODUCTION_ENSEMBLE,standard,STRICT,FIRST_RELEASE,DEVELOPMENT_PSEUDO_OOS,ALL,ALL_AVAILABLE,18,6,0.41376772715383214,0.37643719640331313,0.33816339037433318,VERIFIED_DOCUMENTED_VINTAGES_PARTIAL_RELEASE_HISTORY
PRODUCTION_ENSEMBLE,standard,STRICT,FIRST_RELEASE,DEVELOPMENT_PSEUDO_OOS,H2_H3,ALL_AVAILABLE,12,6,0.40470870058104347,0.36946962239400422,0.31205891335053426,VERIFIED_DOCUMENTED_VINTAGES_PARTIAL_RELEASE_HISTORY
PRODUCTION_ENSEMBLE,standard,STRICT,FIRST_RELEASE,HISTORICAL_POST_DEVELOPMENT_TEST,H1,ALL_AVAILABLE,4,4,0.78357003240054535,0.61092675508529948,0.50758677371173966,VERIFIED_DOCUMENTED_VINTAGES_PARTIAL_RELEASE_HISTORY
PRODUCTION_ENSEMBLE,standard,STRICT,FIRST_RELEASE,HISTORICAL_POST_DEVELOPMENT_TEST,H2,ALL_AVAILABLE,4,4,0.80288897717661589,0.56129677066711192,0.49921014898896976,VERIFIED_DOCUMENTED_VINTAGES_PARTIAL_RELEASE_HISTORY
PRODUCTION_ENSEMBLE,standard,STRICT,FIRST_RELEASE,HISTORICAL_POST_DEVELOPMENT_TEST,H3,ALL_AVAILABLE,4,4,0.46243015857082898,0.30025890435602798,0.30025890435602798,VERIFIED_DOCUMENTED_VINTAGES_PARTIAL_RELEASE_HISTORY
PRODUCTION_ENSEMBLE,standard,STRICT,FIRST_RELEASE,HISTORICAL_POST_DEVELOPMENT_TEST,ALL,ALL_AVAILABLE,12,4,0.70058412697399541,0.49082747670281313,0.43568527568557913,VERIFIED_DOCUMENTED_VINTAGES_PARTIAL_RELEASE_HISTORY
PRODUCTION_ENSEMBLE,standard,STRICT,FIRST_RELEASE,HISTORICAL_POST_DEVELOPMENT_TEST,H2_H3,ALL_AVAILABLE,8,4,0.65516118674245138,0.43077783751156995,0.39973452667249887,VERIFIED_DOCUMENTED_VINTAGES_PARTIAL_RELEASE_HISTORY
PRODUCTION_ENSEMBLE,standard,STRICT,FIRST_RELEASE,POOLED_RESEARCH_ONLY,H1,ALL_AVAILABLE,10,10,0.59767261702420926,0.47859410868727836,0.43725811613785448,VERIFIED_DOCUMENTED_VINTAGES_PARTIAL_RELEASE_HISTORY
PRODUCTION_ENSEMBLE,standard,STRICT,FIRST_RELEASE,POOLED_RESEARCH_ONLY,H2,ALL_AVAILABLE,10,10,0.62187542275579644,0.47720912902490664,0.45237448035364974,VERIFIED_DOCUMENTED_VINTAGES_PARTIAL_RELEASE_HISTORY
PRODUCTION_ENSEMBLE,standard,STRICT,FIRST_RELEASE,POOLED_RESEARCH_ONLY,H3,ALL_AVAILABLE,10,10,0.39141648132713747,0.3107766878571544,0.24188383700499044,VERIFIED_DOCUMENTED_VINTAGES_PARTIAL_RELEASE_HISTORY
PRODUCTION_ENSEMBLE,standard,STRICT,FIRST_RELEASE,POOLED_RESEARCH_ONLY,ALL,ALL_AVAILABLE,30,10,0.54685417325608388,0.4221933085231131,0.37717214449883157,VERIFIED_DOCUMENTED_VINTAGES_PARTIAL_RELEASE_HISTORY
PRODUCTION_ENSEMBLE,standard,STRICT,FIRST_RELEASE,POOLED_RESEARCH_ONLY,H2_H3,ALL_AVAILABLE,20,10,0.51958440280777196,0.39399290844103052,0.34712915867932009,VERIFIED_DOCUMENTED_VINTAGES_PARTIAL_RELEASE_HISTORY
PRODUCTION_ENSEMBLE,standard,STRICT,LATEST_REVISED,DEVELOPMENT_PSEUDO_OOS,H1,ALL_AVAILABLE,6,6,0.51653947536746503,0.49037234442193051,0.49037234442193051,VERIFIED_DOCUMENTED_VINTAGES_PARTIAL_RELEASE_HISTORY
PRODUCTION_ENSEMBLE,standard,STRICT,LATEST_REVISED,DEVELOPMENT_PSEUDO_OOS,H2,ALL_AVAILABLE,6,6,0.54872027017440383,0.52115070126343588,0.52115070126343588,VERIFIED_DOCUMENTED_VINTAGES_PARTIAL_RELEASE_HISTORY
PRODUCTION_ENSEMBLE,standard,STRICT,LATEST_REVISED,DEVELOPMENT_PSEUDO_OOS,H3,ALL_AVAILABLE,6,6,0.43073470070280839,0.41778854352457068,0.3029671254376316,VERIFIED_DOCUMENTED_VINTAGES_PARTIAL_RELEASE_HISTORY
PRODUCTION_ENSEMBLE,standard,STRICT,LATEST_REVISED,DEVELOPMENT_PSEUDO_OOS,ALL,ALL_AVAILABLE,18,6,0.50114513762738255,0.47643719640331234,0.43816339037433266,VERIFIED_DOCUMENTED_VINTAGES_PARTIAL_RELEASE_HISTORY
PRODUCTION_ENSEMBLE,standard,STRICT,LATEST_REVISED,DEVELOPMENT_PSEUDO_OOS,H2_H3,ALL_AVAILABLE,12,6,0.49326783662114471,0.46946962239400331,0.41205891335053374,VERIFIED_DOCUMENTED_VINTAGES_PARTIAL_RELEASE_HISTORY
PRODUCTION_ENSEMBLE,standard,STRICT,LATEST_REVISED,HISTORICAL_POST_DEVELOPMENT_TEST,H1,ALL_AVAILABLE,4,4,0.78357003240054568,0.61092675508529837,0.50758677371173988,VERIFIED_DOCUMENTED_VINTAGES_PARTIAL_RELEASE_HISTORY
PRODUCTION_ENSEMBLE,standard,STRICT,LATEST_REVISED,HISTORICAL_POST_DEVELOPMENT_TEST,H2,ALL_AVAILABLE,4,4,0.80288897717661656,0.56129677066711081,0.49921014898896998,VERIFIED_DOCUMENTED_VINTAGES_PARTIAL_RELEASE_HISTORY
PRODUCTION_ENSEMBLE,standard,STRICT,LATEST_REVISED,HISTORICAL_POST_DEVELOPMENT_TEST,H3,ALL_AVAILABLE,4,4,0.46243015857083047,0.3002589043560282,0.3002589043560282,VERIFIED_DOCUMENTED_VINTAGES_PARTIAL_RELEASE_HISTORY
PRODUCTION_ENSEMBLE,standard,STRICT,LATEST_REVISED,HISTORICAL_POST_DEVELOPMENT_TEST,ALL,ALL_AVAILABLE,12,4,0.70058412697399619,0.49082747670281246,0.43568527568557935,VERIFIED_DOCUMENTED_VINTAGES_PARTIAL_RELEASE_HISTORY
PRODUCTION_ENSEMBLE,standard,STRICT,LATEST_REVISED,HISTORICAL_POST_DEVELOPMENT_TEST,H2_H3,ALL_AVAILABLE,8,4,0.65516118674245238,0.43077783751156951,0.39973452667249909,VERIFIED_DOCUMENTED_VINTAGES_PARTIAL_RELEASE_HISTORY
PRODUCTION_ENSEMBLE,standard,STRICT,LATEST_REVISED,POOLED_RESEARCH_ONLY,H1,ALL_AVAILABLE,10,10,0.63693062105555454,0.53859410868727764,0.49725811613785426,VERIFIED_DOCUMENTED_VINTAGES_PARTIAL_RELEASE_HISTORY
PRODUCTION_ENSEMBLE,standard,STRICT,LATEST_REVISED,POOLED_RESEARCH_ONLY,H2,ALL_AVAILABLE,10,10,0.66219985261916803,0.53720912902490592,0.51237448035364952,VERIFIED_DOCUMENTED_VINTAGES_PARTIAL_RELEASE_HISTORY
PRODUCTION_ENSEMBLE,standard,STRICT,LATEST_REVISED,POOLED_RESEARCH_ONLY,H3,ALL_AVAILABLE,10,10,0.4436846741279894,0.37077668785715368,0.30188383700499022,VERIFIED_DOCUMENTED_VINTAGES_PARTIAL_RELEASE_HISTORY
PRODUCTION_ENSEMBLE,standard,STRICT,LATEST_REVISED,POOLED_RESEARCH_ONLY,ALL,ALL_AVAILABLE,30,10,0.5890798901402996,0.48219330852311243,0.43717214449883135,VERIFIED_DOCUMENTED_VINTAGES_PARTIAL_RELEASE_HISTORY
PRODUCTION_ENSEMBLE,standard,STRICT,LATEST_REVISED,POOLED_RESEARCH_ONLY,H2_H3,ALL_AVAILABLE,20,10,0.56363318517671934,0.45399290844102974,0.40712915867931992,VERIFIED_DOCUMENTED_VINTAGES_PARTIAL_RELEASE_HISTORY
UMIDAS_USD,conservative,PERMISSIVE_END_OF_DAY,FIRST_RELEASE,DEVELOPMENT_PSEUDO_OOS,H1,ALL_AVAILABLE,6,6,0.39413876001868581,0.35006642850146658,0.32689964128889848,VERIFIED_DOCUMENTED_VINTAGES_PARTIAL_RELEASE_HISTORY
UMIDAS_USD,conservative,PERMISSIVE_END_OF_DAY,FIRST_RELEASE,DEVELOPMENT_PSEUDO_OOS,H2,ALL_AVAILABLE,6,6,0.37481564793540756,0.30673514180393457,0.29718180913073677,VERIFIED_DOCUMENTED_VINTAGES_PARTIAL_RELEASE_HISTORY
UMIDAS_USD,conservative,PERMISSIVE_END_OF_DAY,FIRST_RELEASE,DEVELOPMENT_PSEUDO_OOS,H3,ALL_AVAILABLE,6,6,0.43579589932317414,0.37313891811107619,0.3587385228137478,VERIFIED_DOCUMENTED_VINTAGES_PARTIAL_RELEASE_HISTORY
UMIDAS_USD,conservative,PERMISSIVE_END_OF_DAY,FIRST_RELEASE,DEVELOPMENT_PSEUDO_OOS,ALL,ALL_AVAILABLE,18,6,0.40238878295880331,0.34331349613882578,0.32760665774446102,VERIFIED_DOCUMENTED_VINTAGES_PARTIAL_RELEASE_HISTORY
UMIDAS_USD,conservative,PERMISSIVE_END_OF_DAY,FIRST_RELEASE,DEVELOPMENT_PSEUDO_OOS,H2_H3,ALL_AVAILABLE,12,6,0.40645100307671378,0.33993702995750535,0.32796016597224226,VERIFIED_DOCUMENTED_VINTAGES_PARTIAL_RELEASE_HISTORY
UMIDAS_USD,conservative,PERMISSIVE_END_OF_DAY,FIRST_RELEASE,HISTORICAL_POST_DEVELOPMENT_TEST,H1,ALL_AVAILABLE,4,4,0.40011436042347193,0.27914295810013323,0.10338461826938294,VERIFIED_DOCUMENTED_VINTAGES_PARTIAL_RELEASE_HISTORY
UMIDAS_USD,conservative,PERMISSIVE_END_OF_DAY,FIRST_RELEASE,HISTORICAL_POST_DEVELOPMENT_TEST,H2,ALL_AVAILABLE,4,4,0.81303232395623026,0.74326516925013619,0.2631668064929471,VERIFIED_DOCUMENTED_VINTAGES_PARTIAL_RELEASE_HISTORY
UMIDAS_USD,conservative,PERMISSIVE_END_OF_DAY,FIRST_RELEASE,HISTORICAL_POST_DEVELOPMENT_TEST,H3,ALL_AVAILABLE,4,4,0.80284953587875607,0.6440052004137613,0.24641355704740753,VERIFIED_DOCUMENTED_VINTAGES_PARTIAL_RELEASE_HISTORY
UMIDAS_USD,conservative,PERMISSIVE_END_OF_DAY,FIRST_RELEASE,HISTORICAL_POST_DEVELOPMENT_TEST,ALL,ALL_AVAILABLE,12,4,0.69897077632651816,0.55547110925467691,0.20432166060324586,VERIFIED_DOCUMENTED_VINTAGES_PARTIAL_RELEASE_HISTORY
UMIDAS_USD,conservative,PERMISSIVE_END_OF_DAY,FIRST_RELEASE,HISTORICAL_POST_DEVELOPMENT_TEST,H2_H3,ALL_AVAILABLE,8,4,0.80795697195407701,0.69363518483194875,0.25479018177017732,VERIFIED_DOCUMENTED_VINTAGES_PARTIAL_RELEASE_HISTORY
UMIDAS_USD,conservative,PERMISSIVE_END_OF_DAY,FIRST_RELEASE,POOLED_RESEARCH_ONLY,H1,ALL_AVAILABLE,10,10,0.39653980614343615,0.32169704034093327,0.23749363208109225,VERIFIED_DOCUMENTED_VINTAGES_PARTIAL_RELEASE_HISTORY
UMIDAS_USD,conservative,PERMISSIVE_END_OF_DAY,FIRST_RELEASE,POOLED_RESEARCH_ONLY,H2,ALL_AVAILABLE,10,10,0.59050883641264085,0.48134715278241524,0.28357580807562088,VERIFIED_DOCUMENTED_VINTAGES_PARTIAL_RELEASE_HISTORY
UMIDAS_USD,conservative,PERMISSIVE_END_OF_DAY,FIRST_RELEASE,POOLED_RESEARCH_ONLY,H3,ALL_AVAILABLE,10,10,0.60973583659190489,0.48148543103215025,0.31380853650721169,VERIFIED_DOCUMENTED_VINTAGES_PARTIAL_RELEASE_HISTORY
UMIDAS_USD,conservative,PERMISSIVE_END_OF_DAY,FIRST_RELEASE,POOLED_RESEARCH_ONLY,ALL,ALL_AVAILABLE,30,10,0.54090119065688735,0.42817654138516625,0.27829265888797494,VERIFIED_DOCUMENTED_VINTAGES_PARTIAL_RELEASE_HISTORY
UMIDAS_USD,conservative,PERMISSIVE_END_OF_DAY,FIRST_RELEASE,POOLED_RESEARCH_ONLY,H2_H3,ALL_AVAILABLE,20,10,0.60019933201638975,0.48141629190728275,0.29869217229141631,VERIFIED_DOCUMENTED_VINTAGES_PARTIAL_RELEASE_HISTORY
UMIDAS_USD,conservative,PERMISSIVE_END_OF_DAY,LATEST_REVISED,DEVELOPMENT_PSEUDO_OOS,H1,ALL_AVAILABLE,6,6,0.46267904533518361,0.42689964128889796,0.42689964128889796,VERIFIED_DOCUMENTED_VINTAGES_PARTIAL_RELEASE_HISTORY
UMIDAS_USD,conservative,PERMISSIVE_END_OF_DAY,LATEST_REVISED,DEVELOPMENT_PSEUDO_OOS,H2,ALL_AVAILABLE,6,6,0.46608039031878079,0.40673514180393583,0.39718180913073625,VERIFIED_DOCUMENTED_VINTAGES_PARTIAL_RELEASE_HISTORY
UMIDAS_USD,conservative,PERMISSIVE_END_OF_DAY,LATEST_REVISED,DEVELOPMENT_PSEUDO_OOS,H3,ALL_AVAILABLE,6,6,0.52697315660385169,0.47313891811107744,0.45873852281374727,VERIFIED_DOCUMENTED_VINTAGES_PARTIAL_RELEASE_HISTORY
UMIDAS_USD,conservative,PERMISSIVE_END_OF_DAY,LATEST_REVISED,DEVELOPMENT_PSEUDO_OOS,ALL,ALL_AVAILABLE,18,6,0.48614248151922551,0.4355912337346371,0.42760665774446049,VERIFIED_DOCUMENTED_VINTAGES_PARTIAL_RELEASE_HISTORY
UMIDAS_USD,conservative,PERMISSIVE_END_OF_DAY,LATEST_REVISED,DEVELOPMENT_PSEUDO_OOS,H2_H3,ALL_AVAILABLE,12,6,0.49745936417999748,0.43993702995750666,0.42796016597224179,VERIFIED_DOCUMENTED_VINTAGES_PARTIAL_RELEASE_HISTORY
UMIDAS_USD,conservative,PERMISSIVE_END_OF_DAY,LATEST_REVISED,HISTORICAL_POST_DEVELOPMENT_TEST,H1,ALL_AVAILABLE,4,4,0.40011436042347398,0.27914295810013479,0.10338461826938317,VERIFIED_DOCUMENTED_VINTAGES_PARTIAL_RELEASE_HISTORY
UMIDAS_USD,conservative,PERMISSIVE_END_OF_DAY,LATEST_REVISED,HISTORICAL_POST_DEVELOPMENT_TEST,H2,ALL_AVAILABLE,4,4,0.81303232395622993,0.74326516925013508,0.26316680649294732,VERIFIED_DOCUMENTED_VINTAGES_PARTIAL_RELEASE_HISTORY
UMIDAS_USD,conservative,PERMISSIVE_END_OF_DAY,LATEST_REVISED,HISTORICAL_POST_DEVELOPMENT_TEST,H3,ALL_AVAILABLE,4,4,0.80284953587875629,0.64400520041376019,0.24641355704740775,VERIFIED_DOCUMENTED_VINTAGES_PARTIAL_RELEASE_HISTORY
UMIDAS_USD,conservative,PERMISSIVE_END_OF_DAY,LATEST_REVISED,HISTORICAL_POST_DEVELOPMENT_TEST,ALL,ALL_AVAILABLE,12,4,0.69897077632651849,0.55547110925467669,0.20432166060324608,VERIFIED_DOCUMENTED_VINTAGES_PARTIAL_RELEASE_HISTORY
UMIDAS_USD,conservative,PERMISSIVE_END_OF_DAY,LATEST_REVISED,HISTORICAL_POST_DEVELOPMENT_TEST,H2_H3,ALL_AVAILABLE,8,4,0.80795697195407701,0.69363518483194764,0.25479018177017754,VERIFIED_DOCUMENTED_VINTAGES_PARTIAL_RELEASE_HISTORY
UMIDAS_USD,conservative,PERMISSIVE_END_OF_DAY,LATEST_REVISED,POOLED_RESEARCH_ONLY,H1,ALL_AVAILABLE,10,10,0.43872513030620941,0.36779696801339268,0.29749363208109203,VERIFIED_DOCUMENTED_VINTAGES_PARTIAL_RELEASE_HISTORY
UMIDAS_USD,conservative,PERMISSIVE_END_OF_DAY,LATEST_REVISED,POOLED_RESEARCH_ONLY,H2,ALL_AVAILABLE,10,10,0.6282890911538187,0.54134715278241552,0.34357580807562071,VERIFIED_DOCUMENTED_VINTAGES_PARTIAL_RELEASE_HISTORY
UMIDAS_USD,conservative,PERMISSIVE_END_OF_DAY,LATEST_REVISED,POOLED_RESEARCH_ONLY,H3,ALL_AVAILABLE,10,10,0.65149625906286701,0.54148543103215052,0.37380853650721146,VERIFIED_DOCUMENTED_VINTAGES_PARTIAL_RELEASE_HISTORY
UMIDAS_USD,conservative,PERMISSIVE_END_OF_DAY,LATEST_REVISED,POOLED_RESEARCH_ONLY,ALL,ALL_AVAILABLE,30,10,0.58071056979015012,0.48354318394265294,0.33829265888797472,VERIFIED_DOCUMENTED_VINTAGES_PARTIAL_RELEASE_HISTORY
UMIDAS_USD,conservative,PERMISSIVE_END_OF_DAY,LATEST_REVISED,POOLED_RESEARCH_ONLY,H2_H3,ALL_AVAILABLE,20,10,0.63999787407295416,0.54141629190728302,0.35869217229141609,VERIFIED_DOCUMENTED_VINTAGES_PARTIAL_RELEASE_HISTORY
UMIDAS_USD,conservative,STRICT,FIRST_RELEASE,DEVELOPMENT_PSEUDO_OOS,H1,ALL_AVAILABLE,6,6,0.39413876001868581,0.35006642850146658,0.32689964128889848,VERIFIED_DOCUMENTED_VINTAGES_PARTIAL_RELEASE_HISTORY
UMIDAS_USD,conservative,STRICT,FIRST_RELEASE,DEVELOPMENT_PSEUDO_OOS,H2,ALL_AVAILABLE,6,6,0.37481564793540756,0.30673514180393457,0.29718180913073677,VERIFIED_DOCUMENTED_VINTAGES_PARTIAL_RELEASE_HISTORY
UMIDAS_USD,conservative,STRICT,FIRST_RELEASE,DEVELOPMENT_PSEUDO_OOS,H3,ALL_AVAILABLE,6,6,0.43579589932317414,0.37313891811107619,0.3587385228137478,VERIFIED_DOCUMENTED_VINTAGES_PARTIAL_RELEASE_HISTORY
UMIDAS_USD,conservative,STRICT,FIRST_RELEASE,DEVELOPMENT_PSEUDO_OOS,ALL,ALL_AVAILABLE,18,6,0.40238878295880331,0.34331349613882578,0.32760665774446102,VERIFIED_DOCUMENTED_VINTAGES_PARTIAL_RELEASE_HISTORY
UMIDAS_USD,conservative,STRICT,FIRST_RELEASE,DEVELOPMENT_PSEUDO_OOS,H2_H3,ALL_AVAILABLE,12,6,0.40645100307671378,0.33993702995750535,0.32796016597224226,VERIFIED_DOCUMENTED_VINTAGES_PARTIAL_RELEASE_HISTORY
UMIDAS_USD,conservative,STRICT,FIRST_RELEASE,HISTORICAL_POST_DEVELOPMENT_TEST,H1,ALL_AVAILABLE,4,4,0.40011436042347193,0.27914295810013323,0.10338461826938294,VERIFIED_DOCUMENTED_VINTAGES_PARTIAL_RELEASE_HISTORY
UMIDAS_USD,conservative,STRICT,FIRST_RELEASE,HISTORICAL_POST_DEVELOPMENT_TEST,H2,ALL_AVAILABLE,4,4,0.81303232395623026,0.74326516925013619,0.2631668064929471,VERIFIED_DOCUMENTED_VINTAGES_PARTIAL_RELEASE_HISTORY
UMIDAS_USD,conservative,STRICT,FIRST_RELEASE,HISTORICAL_POST_DEVELOPMENT_TEST,H3,ALL_AVAILABLE,4,4,0.80284953587875607,0.6440052004137613,0.24641355704740753,VERIFIED_DOCUMENTED_VINTAGES_PARTIAL_RELEASE_HISTORY
UMIDAS_USD,conservative,STRICT,FIRST_RELEASE,HISTORICAL_POST_DEVELOPMENT_TEST,ALL,ALL_AVAILABLE,12,4,0.69897077632651816,0.55547110925467691,0.20432166060324586,VERIFIED_DOCUMENTED_VINTAGES_PARTIAL_RELEASE_HISTORY
UMIDAS_USD,conservative,STRICT,FIRST_RELEASE,HISTORICAL_POST_DEVELOPMENT_TEST,H2_H3,ALL_AVAILABLE,8,4,0.80795697195407701,0.69363518483194875,0.25479018177017732,VERIFIED_DOCUMENTED_VINTAGES_PARTIAL_RELEASE_HISTORY
UMIDAS_USD,conservative,STRICT,FIRST_RELEASE,POOLED_RESEARCH_ONLY,H1,ALL_AVAILABLE,10,10,0.39653980614343615,0.32169704034093327,0.23749363208109225,VERIFIED_DOCUMENTED_VINTAGES_PARTIAL_RELEASE_HISTORY
UMIDAS_USD,conservative,STRICT,FIRST_RELEASE,POOLED_RESEARCH_ONLY,H2,ALL_AVAILABLE,10,10,0.59050883641264085,0.48134715278241524,0.28357580807562088,VERIFIED_DOCUMENTED_VINTAGES_PARTIAL_RELEASE_HISTORY
UMIDAS_USD,conservative,STRICT,FIRST_RELEASE,POOLED_RESEARCH_ONLY,H3,ALL_AVAILABLE,10,10,0.60973583659190489,0.48148543103215025,0.31380853650721169,VERIFIED_DOCUMENTED_VINTAGES_PARTIAL_RELEASE_HISTORY
UMIDAS_USD,conservative,STRICT,FIRST_RELEASE,POOLED_RESEARCH_ONLY,ALL,ALL_AVAILABLE,30,10,0.54090119065688735,0.42817654138516625,0.27829265888797494,VERIFIED_DOCUMENTED_VINTAGES_PARTIAL_RELEASE_HISTORY
UMIDAS_USD,conservative,STRICT,FIRST_RELEASE,POOLED_RESEARCH_ONLY,H2_H3,ALL_AVAILABLE,20,10,0.60019933201638975,0.48141629190728275,0.29869217229141631,VERIFIED_DOCUMENTED_VINTAGES_PARTIAL_RELEASE_HISTORY
UMIDAS_USD,conservative,STRICT,LATEST_REVISED,DEVELOPMENT_PSEUDO_OOS,H1,ALL_AVAILABLE,6,6,0.46267904533518361,0.42689964128889796,0.42689964128889796,VERIFIED_DOCUMENTED_VINTAGES_PARTIAL_RELEASE_HISTORY
UMIDAS_USD,conservative,STRICT,LATEST_REVISED,DEVELOPMENT_PSEUDO_OOS,H2,ALL_AVAILABLE,6,6,0.46608039031878079,0.40673514180393583,0.39718180913073625,VERIFIED_DOCUMENTED_VINTAGES_PARTIAL_RELEASE_HISTORY
UMIDAS_USD,conservative,STRICT,LATEST_REVISED,DEVELOPMENT_PSEUDO_OOS,H3,ALL_AVAILABLE,6,6,0.52697315660385169,0.47313891811107744,0.45873852281374727,VERIFIED_DOCUMENTED_VINTAGES_PARTIAL_RELEASE_HISTORY
UMIDAS_USD,conservative,STRICT,LATEST_REVISED,DEVELOPMENT_PSEUDO_OOS,ALL,ALL_AVAILABLE,18,6,0.48614248151922551,0.4355912337346371,0.42760665774446049,VERIFIED_DOCUMENTED_VINTAGES_PARTIAL_RELEASE_HISTORY
UMIDAS_USD,conservative,STRICT,LATEST_REVISED,DEVELOPMENT_PSEUDO_OOS,H2_H3,ALL_AVAILABLE,12,6,0.49745936417999748,0.43993702995750666,0.42796016597224179,VERIFIED_DOCUMENTED_VINTAGES_PARTIAL_RELEASE_HISTORY
UMIDAS_USD,conservative,STRICT,LATEST_REVISED,HISTORICAL_POST_DEVELOPMENT_TEST,H1,ALL_AVAILABLE,4,4,0.40011436042347398,0.27914295810013479,0.10338461826938317,VERIFIED_DOCUMENTED_VINTAGES_PARTIAL_RELEASE_HISTORY
UMIDAS_USD,conservative,STRICT,LATEST_REVISED,HISTORICAL_POST_DEVELOPMENT_TEST,H2,ALL_AVAILABLE,4,4,0.81303232395622993,0.74326516925013508,0.26316680649294732,VERIFIED_DOCUMENTED_VINTAGES_PARTIAL_RELEASE_HISTORY
UMIDAS_USD,conservative,STRICT,LATEST_REVISED,HISTORICAL_POST_DEVELOPMENT_TEST,H3,ALL_AVAILABLE,4,4,0.80284953587875629,0.64400520041376019,0.24641355704740775,VERIFIED_DOCUMENTED_VINTAGES_PARTIAL_RELEASE_HISTORY
UMIDAS_USD,conservative,STRICT,LATEST_REVISED,HISTORICAL_POST_DEVELOPMENT_TEST,ALL,ALL_AVAILABLE,12,4,0.69897077632651849,0.55547110925467669,0.20432166060324608,VERIFIED_DOCUMENTED_VINTAGES_PARTIAL_RELEASE_HISTORY
UMIDAS_USD,conservative,STRICT,LATEST_REVISED,HISTORICAL_POST_DEVELOPMENT_TEST,H2_H3,ALL_AVAILABLE,8,4,0.80795697195407701,0.69363518483194764,0.25479018177017754,VERIFIED_DOCUMENTED_VINTAGES_PARTIAL_RELEASE_HISTORY
UMIDAS_USD,conservative,STRICT,LATEST_REVISED,POOLED_RESEARCH_ONLY,H1,ALL_AVAILABLE,10,10,0.43872513030620941,0.36779696801339268,0.29749363208109203,VERIFIED_DOCUMENTED_VINTAGES_PARTIAL_RELEASE_HISTORY
UMIDAS_USD,conservative,STRICT,LATEST_REVISED,POOLED_RESEARCH_ONLY,H2,ALL_AVAILABLE,10,10,0.6282890911538187,0.54134715278241552,0.34357580807562071,VERIFIED_DOCUMENTED_VINTAGES_PARTIAL_RELEASE_HISTORY
UMIDAS_USD,conservative,STRICT,LATEST_REVISED,POOLED_RESEARCH_ONLY,H3,ALL_AVAILABLE,10,10,0.65149625906286701,0.54148543103215052,0.37380853650721146,VERIFIED_DOCUMENTED_VINTAGES_PARTIAL_RELEASE_HISTORY
UMIDAS_USD,conservative,STRICT,LATEST_REVISED,POOLED_RESEARCH_ONLY,ALL,ALL_AVAILABLE,30,10,0.58071056979015012,0.48354318394265294,0.33829265888797472,VERIFIED_DOCUMENTED_VINTAGES_PARTIAL_RELEASE_HISTORY
UMIDAS_USD,conservative,STRICT,LATEST_REVISED,POOLED_RESEARCH_ONLY,H2_H3,ALL_AVAILABLE,20,10,0.63999787407295416,0.54141629190728302,0.35869217229141609,VERIFIED_DOCUMENTED_VINTAGES_PARTIAL_RELEASE_HISTORY
UMIDAS_USD,standard,PERMISSIVE_END_OF_DAY,FIRST_RELEASE,DEVELOPMENT_PSEUDO_OOS,H1,ALL_AVAILABLE,6,6,0.37481564793540756,0.30673514180393457,0.29718180913073677,VERIFIED_DOCUMENTED_VINTAGES_PARTIAL_RELEASE_HISTORY
UMIDAS_USD,standard,PERMISSIVE_END_OF_DAY,FIRST_RELEASE,DEVELOPMENT_PSEUDO_OOS,H2,ALL_AVAILABLE,6,6,0.43579589932317414,0.37313891811107619,0.3587385228137478,VERIFIED_DOCUMENTED_VINTAGES_PARTIAL_RELEASE_HISTORY
UMIDAS_USD,standard,PERMISSIVE_END_OF_DAY,FIRST_RELEASE,DEVELOPMENT_PSEUDO_OOS,H3,ALL_AVAILABLE,6,6,0.59063997816221114,0.38130879389168904,-0.077628628837860994,VERIFIED_DOCUMENTED_VINTAGES_PARTIAL_RELEASE_HISTORY
UMIDAS_USD,standard,PERMISSIVE_END_OF_DAY,FIRST_RELEASE,DEVELOPMENT_PSEUDO_OOS,ALL,ALL_AVAILABLE,18,6,0.47583625321027911,0.35372761793556662,0.1927639010355412,VERIFIED_DOCUMENTED_VINTAGES_PARTIAL_RELEASE_HISTORY
UMIDAS_USD,standard,PERMISSIVE_END_OF_DAY,FIRST_RELEASE,DEVELOPMENT_PSEUDO_OOS,H2_H3,ALL_AVAILABLE,12,6,0.51902487882102111,0.37722385600138258,0.14055494698794338,VERIFIED_DOCUMENTED_VINTAGES_PARTIAL_RELEASE_HISTORY
UMIDAS_USD,standard,PERMISSIVE_END_OF_DAY,FIRST_RELEASE,HISTORICAL_POST_DEVELOPMENT_TEST,H1,ALL_AVAILABLE,4,4,0.81303232395623026,0.74326516925013619,0.2631668064929471,VERIFIED_DOCUMENTED_VINTAGES_PARTIAL_RELEASE_HISTORY
UMIDAS_USD,standard,PERMISSIVE_END_OF_DAY,FIRST_RELEASE,HISTORICAL_POST_DEVELOPMENT_TEST,H2,ALL_AVAILABLE,4,4,0.80284953587875607,0.6440052004137613,0.24641355704740753,VERIFIED_DOCUMENTED_VINTAGES_PARTIAL_RELEASE_HISTORY
UMIDAS_USD,standard,PERMISSIVE_END_OF_DAY,FIRST_RELEASE,HISTORICAL_POST_DEVELOPMENT_TEST,H3,ALL_AVAILABLE,4,4,0.32682193572937307,0.28823314005424749,-0.15148893221847648,VERIFIED_DOCUMENTED_VINTAGES_PARTIAL_RELEASE_HISTORY
UMIDAS_USD,standard,PERMISSIVE_END_OF_DAY,FIRST_RELEASE,HISTORICAL_POST_DEVELOPMENT_TEST,ALL,ALL_AVAILABLE,12,4,0.68614903986726206,0.55850116990604837,0.11936381044062605,VERIFIED_DOCUMENTED_VINTAGES_PARTIAL_RELEASE_HISTORY
UMIDAS_USD,standard,PERMISSIVE_END_OF_DAY,FIRST_RELEASE,HISTORICAL_POST_DEVELOPMENT_TEST,H2_H3,ALL_AVAILABLE,8,4,0.61293554103781112,0.4661191702340044,0.047462312414465524,VERIFIED_DOCUMENTED_VINTAGES_PARTIAL_RELEASE_HISTORY
UMIDAS_USD,standard,PERMISSIVE_END_OF_DAY,FIRST_RELEASE,POOLED_RESEARCH_ONLY,H1,ALL_AVAILABLE,10,10,0.59050883641264085,0.48134715278241524,0.28357580807562088,VERIFIED_DOCUMENTED_VINTAGES_PARTIAL_RELEASE_HISTORY
UMIDAS_USD,standard,PERMISSIVE_END_OF_DAY,FIRST_RELEASE,POOLED_RESEARCH_ONLY,H2,ALL_AVAILABLE,10,10,0.60973583659190489,0.48148543103215025,0.31380853650721169,VERIFIED_DOCUMENTED_VINTAGES_PARTIAL_RELEASE_HISTORY
UMIDAS_USD,standard,PERMISSIVE_END_OF_DAY,FIRST_RELEASE,POOLED_RESEARCH_ONLY,H3,ALL_AVAILABLE,10,10,0.50203424320621015,0.34407853235671243,-0.10717275019010719,VERIFIED_DOCUMENTED_VINTAGES_PARTIAL_RELEASE_HISTORY
UMIDAS_USD,standard,PERMISSIVE_END_OF_DAY,FIRST_RELEASE,POOLED_RESEARCH_ONLY,ALL,ALL_AVAILABLE,30,10,0.56936129644174471,0.43563703872375931,0.16340386479757513,VERIFIED_DOCUMENTED_VINTAGES_PARTIAL_RELEASE_HISTORY
UMIDAS_USD,standard,PERMISSIVE_END_OF_DAY,FIRST_RELEASE,POOLED_RESEARCH_ONLY,H2_H3,ALL_AVAILABLE,20,10,0.55848731936189122,0.41278198169443125,0.10331789315855225,VERIFIED_DOCUMENTED_VINTAGES_PARTIAL_RELEASE_HISTORY
UMIDAS_USD,standard,PERMISSIVE_END_OF_DAY,LATEST_REVISED,DEVELOPMENT_PSEUDO_OOS,H1,ALL_AVAILABLE,6,6,0.46608039031878079,0.40673514180393583,0.39718180913073625,VERIFIED_DOCUMENTED_VINTAGES_PARTIAL_RELEASE_HISTORY
UMIDAS_USD,standard,PERMISSIVE_END_OF_DAY,LATEST_REVISED,DEVELOPMENT_PSEUDO_OOS,H2,ALL_AVAILABLE,6,6,0.52697315660385169,0.47313891811107744,0.45873852281374727,VERIFIED_DOCUMENTED_VINTAGES_PARTIAL_RELEASE_HISTORY
UMIDAS_USD,standard,PERMISSIVE_END_OF_DAY,LATEST_REVISED,DEVELOPMENT_PSEUDO_OOS,H3,ALL_AVAILABLE,6,6,0.63995075991743955,0.4813087938916894,0.022371371162138498,VERIFIED_DOCUMENTED_VINTAGES_PARTIAL_RELEASE_HISTORY
UMIDAS_USD,standard,PERMISSIVE_END_OF_DAY,LATEST_REVISED,DEVELOPMENT_PSEUDO_OOS,ALL,ALL_AVAILABLE,18,6,0.5490806295192121,0.4537276179355676,0.29276390103554067,VERIFIED_DOCUMENTED_VINTAGES_PARTIAL_RELEASE_HISTORY
UMIDAS_USD,standard,PERMISSIVE_END_OF_DAY,LATEST_REVISED,DEVELOPMENT_PSEUDO_OOS,H2_H3,ALL_AVAILABLE,12,6,0.58619010691922113,0.47722385600138345,0.24055494698794289,VERIFIED_DOCUMENTED_VINTAGES_PARTIAL_RELEASE_HISTORY
UMIDAS_USD,standard,PERMISSIVE_END_OF_DAY,LATEST_REVISED,HISTORICAL_POST_DEVELOPMENT_TEST,H1,ALL_AVAILABLE,4,4,0.81303232395622993,0.74326516925013508,0.26316680649294732,VERIFIED_DOCUMENTED_VINTAGES_PARTIAL_RELEASE_HISTORY
UMIDAS_USD,standard,PERMISSIVE_END_OF_DAY,LATEST_REVISED,HISTORICAL_POST_DEVELOPMENT_TEST,H2,ALL_AVAILABLE,4,4,0.80284953587875629,0.64400520041376019,0.24641355704740775,VERIFIED_DOCUMENTED_VINTAGES_PARTIAL_RELEASE_HISTORY
UMIDAS_USD,standard,PERMISSIVE_END_OF_DAY,LATEST_REVISED,HISTORICAL_POST_DEVELOPMENT_TEST,H3,ALL_AVAILABLE,4,4,0.32682193572937457,0.28823314005424905,-0.15148893221847626,VERIFIED_DOCUMENTED_VINTAGES_PARTIAL_RELEASE_HISTORY
UMIDAS_USD,standard,PERMISSIVE_END_OF_DAY,LATEST_REVISED,HISTORICAL_POST_DEVELOPMENT_TEST,ALL,ALL_AVAILABLE,12,4,0.68614903986726228,0.55850116990604814,0.11936381044062627,VERIFIED_DOCUMENTED_VINTAGES_PARTIAL_RELEASE_HISTORY
UMIDAS_USD,standard,PERMISSIVE_END_OF_DAY,LATEST_REVISED,HISTORICAL_POST_DEVELOPMENT_TEST,H2_H3,ALL_AVAILABLE,8,4,0.61293554103781167,0.46611917023400462,0.047462312414465746,VERIFIED_DOCUMENTED_VINTAGES_PARTIAL_RELEASE_HISTORY
UMIDAS_USD,standard,PERMISSIVE_END_OF_DAY,LATEST_REVISED,POOLED_RESEARCH_ONLY,H1,ALL_AVAILABLE,10,10,0.6282890911538187,0.54134715278241552,0.34357580807562071,VERIFIED_DOCUMENTED_VINTAGES_PARTIAL_RELEASE_HISTORY
UMIDAS_USD,standard,PERMISSIVE_END_OF_DAY,LATEST_REVISED,POOLED_RESEARCH_ONLY,H2,ALL_AVAILABLE,10,10,0.65149625906286701,0.54148543103215052,0.37380853650721146,VERIFIED_DOCUMENTED_VINTAGES_PARTIAL_RELEASE_HISTORY
UMIDAS_USD,standard,PERMISSIVE_END_OF_DAY,LATEST_REVISED,POOLED_RESEARCH_ONLY,H3,ALL_AVAILABLE,10,10,0.53707282200917894,0.40407853235671326,-0.047172750190107401,VERIFIED_DOCUMENTED_VINTAGES_PARTIAL_RELEASE_HISTORY
UMIDAS_USD,standard,PERMISSIVE_END_OF_DAY,LATEST_REVISED,POOLED_RESEARCH_ONLY,ALL,ALL_AVAILABLE,30,10,0.60762975946890141,0.4956370387237598,0.22340386479757493,VERIFIED_DOCUMENTED_VINTAGES_PARTIAL_RELEASE_HISTORY
UMIDAS_USD,standard,PERMISSIVE_END_OF_DAY,LATEST_REVISED,POOLED_RESEARCH_ONLY,H2_H3,ALL_AVAILABLE,20,10,0.5970320727204752,0.47278198169443197,0.16331789315855202,VERIFIED_DOCUMENTED_VINTAGES_PARTIAL_RELEASE_HISTORY
UMIDAS_USD,standard,STRICT,FIRST_RELEASE,DEVELOPMENT_PSEUDO_OOS,H1,ALL_AVAILABLE,6,6,0.37481564793540756,0.30673514180393457,0.29718180913073677,VERIFIED_DOCUMENTED_VINTAGES_PARTIAL_RELEASE_HISTORY
UMIDAS_USD,standard,STRICT,FIRST_RELEASE,DEVELOPMENT_PSEUDO_OOS,H2,ALL_AVAILABLE,6,6,0.43579589932317414,0.37313891811107619,0.3587385228137478,VERIFIED_DOCUMENTED_VINTAGES_PARTIAL_RELEASE_HISTORY
UMIDAS_USD,standard,STRICT,FIRST_RELEASE,DEVELOPMENT_PSEUDO_OOS,H3,ALL_AVAILABLE,6,6,0.59063997816221114,0.38130879389168904,-0.077628628837860994,VERIFIED_DOCUMENTED_VINTAGES_PARTIAL_RELEASE_HISTORY
UMIDAS_USD,standard,STRICT,FIRST_RELEASE,DEVELOPMENT_PSEUDO_OOS,ALL,ALL_AVAILABLE,18,6,0.47583625321027911,0.35372761793556662,0.1927639010355412,VERIFIED_DOCUMENTED_VINTAGES_PARTIAL_RELEASE_HISTORY
UMIDAS_USD,standard,STRICT,FIRST_RELEASE,DEVELOPMENT_PSEUDO_OOS,H2_H3,ALL_AVAILABLE,12,6,0.51902487882102111,0.37722385600138258,0.14055494698794338,VERIFIED_DOCUMENTED_VINTAGES_PARTIAL_RELEASE_HISTORY
UMIDAS_USD,standard,STRICT,FIRST_RELEASE,HISTORICAL_POST_DEVELOPMENT_TEST,H1,ALL_AVAILABLE,4,4,0.81303232395623026,0.74326516925013619,0.2631668064929471,VERIFIED_DOCUMENTED_VINTAGES_PARTIAL_RELEASE_HISTORY
UMIDAS_USD,standard,STRICT,FIRST_RELEASE,HISTORICAL_POST_DEVELOPMENT_TEST,H2,ALL_AVAILABLE,4,4,0.80284953587875607,0.6440052004137613,0.24641355704740753,VERIFIED_DOCUMENTED_VINTAGES_PARTIAL_RELEASE_HISTORY
UMIDAS_USD,standard,STRICT,FIRST_RELEASE,HISTORICAL_POST_DEVELOPMENT_TEST,H3,ALL_AVAILABLE,4,4,0.32682193572937307,0.28823314005424749,-0.15148893221847648,VERIFIED_DOCUMENTED_VINTAGES_PARTIAL_RELEASE_HISTORY
UMIDAS_USD,standard,STRICT,FIRST_RELEASE,HISTORICAL_POST_DEVELOPMENT_TEST,ALL,ALL_AVAILABLE,12,4,0.68614903986726206,0.55850116990604837,0.11936381044062605,VERIFIED_DOCUMENTED_VINTAGES_PARTIAL_RELEASE_HISTORY
UMIDAS_USD,standard,STRICT,FIRST_RELEASE,HISTORICAL_POST_DEVELOPMENT_TEST,H2_H3,ALL_AVAILABLE,8,4,0.61293554103781112,0.4661191702340044,0.047462312414465524,VERIFIED_DOCUMENTED_VINTAGES_PARTIAL_RELEASE_HISTORY
UMIDAS_USD,standard,STRICT,FIRST_RELEASE,POOLED_RESEARCH_ONLY,H1,ALL_AVAILABLE,10,10,0.59050883641264085,0.48134715278241524,0.28357580807562088,VERIFIED_DOCUMENTED_VINTAGES_PARTIAL_RELEASE_HISTORY
UMIDAS_USD,standard,STRICT,FIRST_RELEASE,POOLED_RESEARCH_ONLY,H2,ALL_AVAILABLE,10,10,0.60973583659190489,0.48148543103215025,0.31380853650721169,VERIFIED_DOCUMENTED_VINTAGES_PARTIAL_RELEASE_HISTORY
UMIDAS_USD,standard,STRICT,FIRST_RELEASE,POOLED_RESEARCH_ONLY,H3,ALL_AVAILABLE,10,10,0.50203424320621015,0.34407853235671243,-0.10717275019010719,VERIFIED_DOCUMENTED_VINTAGES_PARTIAL_RELEASE_HISTORY
UMIDAS_USD,standard,STRICT,FIRST_RELEASE,POOLED_RESEARCH_ONLY,ALL,ALL_AVAILABLE,30,10,0.56936129644174471,0.43563703872375931,0.16340386479757513,VERIFIED_DOCUMENTED_VINTAGES_PARTIAL_RELEASE_HISTORY
UMIDAS_USD,standard,STRICT,FIRST_RELEASE,POOLED_RESEARCH_ONLY,H2_H3,ALL_AVAILABLE,20,10,0.55848731936189122,0.41278198169443125,0.10331789315855225,VERIFIED_DOCUMENTED_VINTAGES_PARTIAL_RELEASE_HISTORY
UMIDAS_USD,standard,STRICT,LATEST_REVISED,DEVELOPMENT_PSEUDO_OOS,H1,ALL_AVAILABLE,6,6,0.46608039031878079,0.40673514180393583,0.39718180913073625,VERIFIED_DOCUMENTED_VINTAGES_PARTIAL_RELEASE_HISTORY
UMIDAS_USD,standard,STRICT,LATEST_REVISED,DEVELOPMENT_PSEUDO_OOS,H2,ALL_AVAILABLE,6,6,0.52697315660385169,0.47313891811107744,0.45873852281374727,VERIFIED_DOCUMENTED_VINTAGES_PARTIAL_RELEASE_HISTORY
UMIDAS_USD,standard,STRICT,LATEST_REVISED,DEVELOPMENT_PSEUDO_OOS,H3,ALL_AVAILABLE,6,6,0.63995075991743955,0.4813087938916894,0.022371371162138498,VERIFIED_DOCUMENTED_VINTAGES_PARTIAL_RELEASE_HISTORY
UMIDAS_USD,standard,STRICT,LATEST_REVISED,DEVELOPMENT_PSEUDO_OOS,ALL,ALL_AVAILABLE,18,6,0.5490806295192121,0.4537276179355676,0.29276390103554067,VERIFIED_DOCUMENTED_VINTAGES_PARTIAL_RELEASE_HISTORY
UMIDAS_USD,standard,STRICT,LATEST_REVISED,DEVELOPMENT_PSEUDO_OOS,H2_H3,ALL_AVAILABLE,12,6,0.58619010691922113,0.47722385600138345,0.24055494698794289,VERIFIED_DOCUMENTED_VINTAGES_PARTIAL_RELEASE_HISTORY
UMIDAS_USD,standard,STRICT,LATEST_REVISED,HISTORICAL_POST_DEVELOPMENT_TEST,H1,ALL_AVAILABLE,4,4,0.81303232395622993,0.74326516925013508,0.26316680649294732,VERIFIED_DOCUMENTED_VINTAGES_PARTIAL_RELEASE_HISTORY
UMIDAS_USD,standard,STRICT,LATEST_REVISED,HISTORICAL_POST_DEVELOPMENT_TEST,H2,ALL_AVAILABLE,4,4,0.80284953587875629,0.64400520041376019,0.24641355704740775,VERIFIED_DOCUMENTED_VINTAGES_PARTIAL_RELEASE_HISTORY
UMIDAS_USD,standard,STRICT,LATEST_REVISED,HISTORICAL_POST_DEVELOPMENT_TEST,H3,ALL_AVAILABLE,4,4,0.32682193572937457,0.28823314005424905,-0.15148893221847626,VERIFIED_DOCUMENTED_VINTAGES_PARTIAL_RELEASE_HISTORY
UMIDAS_USD,standard,STRICT,LATEST_REVISED,HISTORICAL_POST_DEVELOPMENT_TEST,ALL,ALL_AVAILABLE,12,4,0.68614903986726228,0.55850116990604814,0.11936381044062627,VERIFIED_DOCUMENTED_VINTAGES_PARTIAL_RELEASE_HISTORY
UMIDAS_USD,standard,STRICT,LATEST_REVISED,HISTORICAL_POST_DEVELOPMENT_TEST,H2_H3,ALL_AVAILABLE,8,4,0.61293554103781167,0.46611917023400462,0.047462312414465746,VERIFIED_DOCUMENTED_VINTAGES_PARTIAL_RELEASE_HISTORY
UMIDAS_USD,standard,STRICT,LATEST_REVISED,POOLED_RESEARCH_ONLY,H1,ALL_AVAILABLE,10,10,0.6282890911538187,0.54134715278241552,0.34357580807562071,VERIFIED_DOCUMENTED_VINTAGES_PARTIAL_RELEASE_HISTORY
UMIDAS_USD,standard,STRICT,LATEST_REVISED,POOLED_RESEARCH_ONLY,H2,ALL_AVAILABLE,10,10,0.65149625906286701,0.54148543103215052,0.37380853650721146,VERIFIED_DOCUMENTED_VINTAGES_PARTIAL_RELEASE_HISTORY
UMIDAS_USD,standard,STRICT,LATEST_REVISED,POOLED_RESEARCH_ONLY,H3,ALL_AVAILABLE,10,10,0.53707282200917894,0.40407853235671326,-0.047172750190107401,VERIFIED_DOCUMENTED_VINTAGES_PARTIAL_RELEASE_HISTORY
UMIDAS_USD,standard,STRICT,LATEST_REVISED,POOLED_RESEARCH_ONLY,ALL,ALL_AVAILABLE,30,10,0.60762975946890141,0.4956370387237598,0.22340386479757493,VERIFIED_DOCUMENTED_VINTAGES_PARTIAL_RELEASE_HISTORY
UMIDAS_USD,standard,STRICT,LATEST_REVISED,POOLED_RESEARCH_ONLY,H2_H3,ALL_AVAILABLE,20,10,0.5970320727204752,0.47278198169443197,0.16331789315855202,VERIFIED_DOCUMENTED_VINTAGES_PARTIAL_RELEASE_HISTORY
AR1,conservative,PERMISSIVE_END_OF_DAY,FIRST_RELEASE,DEVELOPMENT_PSEUDO_OOS,H1,COMMON_ALL_EIGHT_MODELS,6,6,0.429616289633934,0.40099513102013989,0.40099513102013989,VERIFIED_DOCUMENTED_VINTAGES_PARTIAL_RELEASE_HISTORY
AR1,conservative,PERMISSIVE_END_OF_DAY,FIRST_RELEASE,DEVELOPMENT_PSEUDO_OOS,H2,COMMON_ALL_EIGHT_MODELS,6,6,0.429616289633934,0.40099513102013989,0.40099513102013989,VERIFIED_DOCUMENTED_VINTAGES_PARTIAL_RELEASE_HISTORY
AR1,conservative,PERMISSIVE_END_OF_DAY,FIRST_RELEASE,DEVELOPMENT_PSEUDO_OOS,H3,COMMON_ALL_EIGHT_MODELS,6,6,0.429616289633934,0.40099513102013989,0.40099513102013989,VERIFIED_DOCUMENTED_VINTAGES_PARTIAL_RELEASE_HISTORY
AR1,conservative,PERMISSIVE_END_OF_DAY,FIRST_RELEASE,DEVELOPMENT_PSEUDO_OOS,ALL,COMMON_ALL_EIGHT_MODELS,18,6,0.429616289633934,0.40099513102013989,0.40099513102013989,VERIFIED_DOCUMENTED_VINTAGES_PARTIAL_RELEASE_HISTORY
AR1,conservative,PERMISSIVE_END_OF_DAY,FIRST_RELEASE,DEVELOPMENT_PSEUDO_OOS,H2_H3,COMMON_ALL_EIGHT_MODELS,12,6,0.429616289633934,0.40099513102013989,0.40099513102013989,VERIFIED_DOCUMENTED_VINTAGES_PARTIAL_RELEASE_HISTORY
AR1,conservative,PERMISSIVE_END_OF_DAY,FIRST_RELEASE,HISTORICAL_POST_DEVELOPMENT_TEST,H1,COMMON_ALL_EIGHT_MODELS,4,4,0.79838074935588221,0.68403405562348607,0.68403405562348607,VERIFIED_DOCUMENTED_VINTAGES_PARTIAL_RELEASE_HISTORY
AR1,conservative,PERMISSIVE_END_OF_DAY,FIRST_RELEASE,HISTORICAL_POST_DEVELOPMENT_TEST,H2,COMMON_ALL_EIGHT_MODELS,4,4,0.79838074935588221,0.68403405562348607,0.68403405562348607,VERIFIED_DOCUMENTED_VINTAGES_PARTIAL_RELEASE_HISTORY
AR1,conservative,PERMISSIVE_END_OF_DAY,FIRST_RELEASE,HISTORICAL_POST_DEVELOPMENT_TEST,H3,COMMON_ALL_EIGHT_MODELS,4,4,0.79838074935588221,0.68403405562348607,0.68403405562348607,VERIFIED_DOCUMENTED_VINTAGES_PARTIAL_RELEASE_HISTORY
AR1,conservative,PERMISSIVE_END_OF_DAY,FIRST_RELEASE,HISTORICAL_POST_DEVELOPMENT_TEST,ALL,COMMON_ALL_EIGHT_MODELS,12,4,0.79838074935588221,0.68403405562348618,0.68403405562348618,VERIFIED_DOCUMENTED_VINTAGES_PARTIAL_RELEASE_HISTORY
AR1,conservative,PERMISSIVE_END_OF_DAY,FIRST_RELEASE,HISTORICAL_POST_DEVELOPMENT_TEST,H2_H3,COMMON_ALL_EIGHT_MODELS,8,4,0.79838074935588221,0.68403405562348607,0.68403405562348607,VERIFIED_DOCUMENTED_VINTAGES_PARTIAL_RELEASE_HISTORY
AR1,conservative,PERMISSIVE_END_OF_DAY,FIRST_RELEASE,POOLED_RESEARCH_ONLY,H1,COMMON_ALL_EIGHT_MODELS,10,10,0.60473698594357606,0.51421070086147835,0.51421070086147835,VERIFIED_DOCUMENTED_VINTAGES_PARTIAL_RELEASE_HISTORY
AR1,conservative,PERMISSIVE_END_OF_DAY,FIRST_RELEASE,POOLED_RESEARCH_ONLY,H2,COMMON_ALL_EIGHT_MODELS,10,10,0.60473698594357606,0.51421070086147835,0.51421070086147835,VERIFIED_DOCUMENTED_VINTAGES_PARTIAL_RELEASE_HISTORY
AR1,conservative,PERMISSIVE_END_OF_DAY,FIRST_RELEASE,POOLED_RESEARCH_ONLY,H3,COMMON_ALL_EIGHT_MODELS,10,10,0.60473698594357606,0.51421070086147835,0.51421070086147835,VERIFIED_DOCUMENTED_VINTAGES_PARTIAL_RELEASE_HISTORY
AR1,conservative,PERMISSIVE_END_OF_DAY,FIRST_RELEASE,POOLED_RESEARCH_ONLY,ALL,COMMON_ALL_EIGHT_MODELS,30,10,0.60473698594357606,0.51421070086147835,0.51421070086147835,VERIFIED_DOCUMENTED_VINTAGES_PARTIAL_RELEASE_HISTORY
AR1,conservative,PERMISSIVE_END_OF_DAY,FIRST_RELEASE,POOLED_RESEARCH_ONLY,H2_H3,COMMON_ALL_EIGHT_MODELS,20,10,0.60473698594357617,0.51421070086147846,0.51421070086147846,VERIFIED_DOCUMENTED_VINTAGES_PARTIAL_RELEASE_HISTORY
AR1,conservative,PERMISSIVE_END_OF_DAY,LATEST_REVISED,DEVELOPMENT_PSEUDO_OOS,H1,COMMON_ALL_EIGHT_MODELS,6,6,0.51137565991106293,0.50099513102013937,0.50099513102013937,VERIFIED_DOCUMENTED_VINTAGES_PARTIAL_RELEASE_HISTORY
AR1,conservative,PERMISSIVE_END_OF_DAY,LATEST_REVISED,DEVELOPMENT_PSEUDO_OOS,H2,COMMON_ALL_EIGHT_MODELS,6,6,0.51137565991106293,0.50099513102013937,0.50099513102013937,VERIFIED_DOCUMENTED_VINTAGES_PARTIAL_RELEASE_HISTORY
AR1,conservative,PERMISSIVE_END_OF_DAY,LATEST_REVISED,DEVELOPMENT_PSEUDO_OOS,H3,COMMON_ALL_EIGHT_MODELS,6,6,0.51137565991106293,0.50099513102013937,0.50099513102013937,VERIFIED_DOCUMENTED_VINTAGES_PARTIAL_RELEASE_HISTORY
AR1,conservative,PERMISSIVE_END_OF_DAY,LATEST_REVISED,DEVELOPMENT_PSEUDO_OOS,ALL,COMMON_ALL_EIGHT_MODELS,18,6,0.51137565991106293,0.50099513102013948,0.50099513102013948,VERIFIED_DOCUMENTED_VINTAGES_PARTIAL_RELEASE_HISTORY
AR1,conservative,PERMISSIVE_END_OF_DAY,LATEST_REVISED,DEVELOPMENT_PSEUDO_OOS,H2_H3,COMMON_ALL_EIGHT_MODELS,12,6,0.51137565991106293,0.50099513102013937,0.50099513102013937,VERIFIED_DOCUMENTED_VINTAGES_PARTIAL_RELEASE_HISTORY
AR1,conservative,PERMISSIVE_END_OF_DAY,LATEST_REVISED,HISTORICAL_POST_DEVELOPMENT_TEST,H1,COMMON_ALL_EIGHT_MODELS,4,4,0.79838074935588288,0.68403405562348629,0.68403405562348629,VERIFIED_DOCUMENTED_VINTAGES_PARTIAL_RELEASE_HISTORY
AR1,conservative,PERMISSIVE_END_OF_DAY,LATEST_REVISED,HISTORICAL_POST_DEVELOPMENT_TEST,H2,COMMON_ALL_EIGHT_MODELS,4,4,0.79838074935588288,0.68403405562348629,0.68403405562348629,VERIFIED_DOCUMENTED_VINTAGES_PARTIAL_RELEASE_HISTORY
AR1,conservative,PERMISSIVE_END_OF_DAY,LATEST_REVISED,HISTORICAL_POST_DEVELOPMENT_TEST,H3,COMMON_ALL_EIGHT_MODELS,4,4,0.79838074935588288,0.68403405562348629,0.68403405562348629,VERIFIED_DOCUMENTED_VINTAGES_PARTIAL_RELEASE_HISTORY
AR1,conservative,PERMISSIVE_END_OF_DAY,LATEST_REVISED,HISTORICAL_POST_DEVELOPMENT_TEST,ALL,COMMON_ALL_EIGHT_MODELS,12,4,0.79838074935588288,0.68403405562348629,0.68403405562348629,VERIFIED_DOCUMENTED_VINTAGES_PARTIAL_RELEASE_HISTORY
AR1,conservative,PERMISSIVE_END_OF_DAY,LATEST_REVISED,HISTORICAL_POST_DEVELOPMENT_TEST,H2_H3,COMMON_ALL_EIGHT_MODELS,8,4,0.79838074935588288,0.68403405562348629,0.68403405562348629,VERIFIED_DOCUMENTED_VINTAGES_PARTIAL_RELEASE_HISTORY
AR1,conservative,PERMISSIVE_END_OF_DAY,LATEST_REVISED,POOLED_RESEARCH_ONLY,H1,COMMON_ALL_EIGHT_MODELS,10,10,0.64176924802183333,0.57421070086147818,0.57421070086147818,VERIFIED_DOCUMENTED_VINTAGES_PARTIAL_RELEASE_HISTORY
AR1,conservative,PERMISSIVE_END_OF_DAY,LATEST_REVISED,POOLED_RESEARCH_ONLY,H2,COMMON_ALL_EIGHT_MODELS,10,10,0.64176924802183333,0.57421070086147818,0.57421070086147818,VERIFIED_DOCUMENTED_VINTAGES_PARTIAL_RELEASE_HISTORY
AR1,conservative,PERMISSIVE_END_OF_DAY,LATEST_REVISED,POOLED_RESEARCH_ONLY,H3,COMMON_ALL_EIGHT_MODELS,10,10,0.64176924802183333,0.57421070086147818,0.57421070086147818,VERIFIED_DOCUMENTED_VINTAGES_PARTIAL_RELEASE_HISTORY
AR1,conservative,PERMISSIVE_END_OF_DAY,LATEST_REVISED,POOLED_RESEARCH_ONLY,ALL,COMMON_ALL_EIGHT_MODELS,30,10,0.64176924802183344,0.57421070086147818,0.57421070086147818,VERIFIED_DOCUMENTED_VINTAGES_PARTIAL_RELEASE_HISTORY
AR1,conservative,PERMISSIVE_END_OF_DAY,LATEST_REVISED,POOLED_RESEARCH_ONLY,H2_H3,COMMON_ALL_EIGHT_MODELS,20,10,0.64176924802183333,0.5742107008614783,0.5742107008614783,VERIFIED_DOCUMENTED_VINTAGES_PARTIAL_RELEASE_HISTORY
AR1,conservative,STRICT,FIRST_RELEASE,DEVELOPMENT_PSEUDO_OOS,H1,COMMON_ALL_EIGHT_MODELS,6,6,0.429616289633934,0.40099513102013989,0.40099513102013989,VERIFIED_DOCUMENTED_VINTAGES_PARTIAL_RELEASE_HISTORY
AR1,conservative,STRICT,FIRST_RELEASE,DEVELOPMENT_PSEUDO_OOS,H2,COMMON_ALL_EIGHT_MODELS,6,6,0.429616289633934,0.40099513102013989,0.40099513102013989,VERIFIED_DOCUMENTED_VINTAGES_PARTIAL_RELEASE_HISTORY
AR1,conservative,STRICT,FIRST_RELEASE,DEVELOPMENT_PSEUDO_OOS,H3,COMMON_ALL_EIGHT_MODELS,6,6,0.429616289633934,0.40099513102013989,0.40099513102013989,VERIFIED_DOCUMENTED_VINTAGES_PARTIAL_RELEASE_HISTORY
AR1,conservative,STRICT,FIRST_RELEASE,DEVELOPMENT_PSEUDO_OOS,ALL,COMMON_ALL_EIGHT_MODELS,18,6,0.429616289633934,0.40099513102013989,0.40099513102013989,VERIFIED_DOCUMENTED_VINTAGES_PARTIAL_RELEASE_HISTORY
AR1,conservative,STRICT,FIRST_RELEASE,DEVELOPMENT_PSEUDO_OOS,H2_H3,COMMON_ALL_EIGHT_MODELS,12,6,0.429616289633934,0.40099513102013989,0.40099513102013989,VERIFIED_DOCUMENTED_VINTAGES_PARTIAL_RELEASE_HISTORY
AR1,conservative,STRICT,FIRST_RELEASE,HISTORICAL_POST_DEVELOPMENT_TEST,H1,COMMON_ALL_EIGHT_MODELS,4,4,0.79838074935588221,0.68403405562348607,0.68403405562348607,VERIFIED_DOCUMENTED_VINTAGES_PARTIAL_RELEASE_HISTORY
AR1,conservative,STRICT,FIRST_RELEASE,HISTORICAL_POST_DEVELOPMENT_TEST,H2,COMMON_ALL_EIGHT_MODELS,4,4,0.79838074935588221,0.68403405562348607,0.68403405562348607,VERIFIED_DOCUMENTED_VINTAGES_PARTIAL_RELEASE_HISTORY
AR1,conservative,STRICT,FIRST_RELEASE,HISTORICAL_POST_DEVELOPMENT_TEST,H3,COMMON_ALL_EIGHT_MODELS,4,4,0.79838074935588221,0.68403405562348607,0.68403405562348607,VERIFIED_DOCUMENTED_VINTAGES_PARTIAL_RELEASE_HISTORY
AR1,conservative,STRICT,FIRST_RELEASE,HISTORICAL_POST_DEVELOPMENT_TEST,ALL,COMMON_ALL_EIGHT_MODELS,12,4,0.79838074935588221,0.68403405562348618,0.68403405562348618,VERIFIED_DOCUMENTED_VINTAGES_PARTIAL_RELEASE_HISTORY
AR1,conservative,STRICT,FIRST_RELEASE,HISTORICAL_POST_DEVELOPMENT_TEST,H2_H3,COMMON_ALL_EIGHT_MODELS,8,4,0.79838074935588221,0.68403405562348607,0.68403405562348607,VERIFIED_DOCUMENTED_VINTAGES_PARTIAL_RELEASE_HISTORY
AR1,conservative,STRICT,FIRST_RELEASE,POOLED_RESEARCH_ONLY,H1,COMMON_ALL_EIGHT_MODELS,10,10,0.60473698594357606,0.51421070086147835,0.51421070086147835,VERIFIED_DOCUMENTED_VINTAGES_PARTIAL_RELEASE_HISTORY
AR1,conservative,STRICT,FIRST_RELEASE,POOLED_RESEARCH_ONLY,H2,COMMON_ALL_EIGHT_MODELS,10,10,0.60473698594357606,0.51421070086147835,0.51421070086147835,VERIFIED_DOCUMENTED_VINTAGES_PARTIAL_RELEASE_HISTORY
AR1,conservative,STRICT,FIRST_RELEASE,POOLED_RESEARCH_ONLY,H3,COMMON_ALL_EIGHT_MODELS,10,10,0.60473698594357606,0.51421070086147835,0.51421070086147835,VERIFIED_DOCUMENTED_VINTAGES_PARTIAL_RELEASE_HISTORY
AR1,conservative,STRICT,FIRST_RELEASE,POOLED_RESEARCH_ONLY,ALL,COMMON_ALL_EIGHT_MODELS,30,10,0.60473698594357606,0.51421070086147835,0.51421070086147835,VERIFIED_DOCUMENTED_VINTAGES_PARTIAL_RELEASE_HISTORY
AR1,conservative,STRICT,FIRST_RELEASE,POOLED_RESEARCH_ONLY,H2_H3,COMMON_ALL_EIGHT_MODELS,20,10,0.60473698594357617,0.51421070086147846,0.51421070086147846,VERIFIED_DOCUMENTED_VINTAGES_PARTIAL_RELEASE_HISTORY
AR1,conservative,STRICT,LATEST_REVISED,DEVELOPMENT_PSEUDO_OOS,H1,COMMON_ALL_EIGHT_MODELS,6,6,0.51137565991106293,0.50099513102013937,0.50099513102013937,VERIFIED_DOCUMENTED_VINTAGES_PARTIAL_RELEASE_HISTORY
AR1,conservative,STRICT,LATEST_REVISED,DEVELOPMENT_PSEUDO_OOS,H2,COMMON_ALL_EIGHT_MODELS,6,6,0.51137565991106293,0.50099513102013937,0.50099513102013937,VERIFIED_DOCUMENTED_VINTAGES_PARTIAL_RELEASE_HISTORY
AR1,conservative,STRICT,LATEST_REVISED,DEVELOPMENT_PSEUDO_OOS,H3,COMMON_ALL_EIGHT_MODELS,6,6,0.51137565991106293,0.50099513102013937,0.50099513102013937,VERIFIED_DOCUMENTED_VINTAGES_PARTIAL_RELEASE_HISTORY
AR1,conservative,STRICT,LATEST_REVISED,DEVELOPMENT_PSEUDO_OOS,ALL,COMMON_ALL_EIGHT_MODELS,18,6,0.51137565991106293,0.50099513102013948,0.50099513102013948,VERIFIED_DOCUMENTED_VINTAGES_PARTIAL_RELEASE_HISTORY
AR1,conservative,STRICT,LATEST_REVISED,DEVELOPMENT_PSEUDO_OOS,H2_H3,COMMON_ALL_EIGHT_MODELS,12,6,0.51137565991106293,0.50099513102013937,0.50099513102013937,VERIFIED_DOCUMENTED_VINTAGES_PARTIAL_RELEASE_HISTORY
AR1,conservative,STRICT,LATEST_REVISED,HISTORICAL_POST_DEVELOPMENT_TEST,H1,COMMON_ALL_EIGHT_MODELS,4,4,0.79838074935588288,0.68403405562348629,0.68403405562348629,VERIFIED_DOCUMENTED_VINTAGES_PARTIAL_RELEASE_HISTORY
AR1,conservative,STRICT,LATEST_REVISED,HISTORICAL_POST_DEVELOPMENT_TEST,H2,COMMON_ALL_EIGHT_MODELS,4,4,0.79838074935588288,0.68403405562348629,0.68403405562348629,VERIFIED_DOCUMENTED_VINTAGES_PARTIAL_RELEASE_HISTORY
AR1,conservative,STRICT,LATEST_REVISED,HISTORICAL_POST_DEVELOPMENT_TEST,H3,COMMON_ALL_EIGHT_MODELS,4,4,0.79838074935588288,0.68403405562348629,0.68403405562348629,VERIFIED_DOCUMENTED_VINTAGES_PARTIAL_RELEASE_HISTORY
AR1,conservative,STRICT,LATEST_REVISED,HISTORICAL_POST_DEVELOPMENT_TEST,ALL,COMMON_ALL_EIGHT_MODELS,12,4,0.79838074935588288,0.68403405562348629,0.68403405562348629,VERIFIED_DOCUMENTED_VINTAGES_PARTIAL_RELEASE_HISTORY
AR1,conservative,STRICT,LATEST_REVISED,HISTORICAL_POST_DEVELOPMENT_TEST,H2_H3,COMMON_ALL_EIGHT_MODELS,8,4,0.79838074935588288,0.68403405562348629,0.68403405562348629,VERIFIED_DOCUMENTED_VINTAGES_PARTIAL_RELEASE_HISTORY
AR1,conservative,STRICT,LATEST_REVISED,POOLED_RESEARCH_ONLY,H1,COMMON_ALL_EIGHT_MODELS,10,10,0.64176924802183333,0.57421070086147818,0.57421070086147818,VERIFIED_DOCUMENTED_VINTAGES_PARTIAL_RELEASE_HISTORY
AR1,conservative,STRICT,LATEST_REVISED,POOLED_RESEARCH_ONLY,H2,COMMON_ALL_EIGHT_MODELS,10,10,0.64176924802183333,0.57421070086147818,0.57421070086147818,VERIFIED_DOCUMENTED_VINTAGES_PARTIAL_RELEASE_HISTORY
AR1,conservative,STRICT,LATEST_REVISED,POOLED_RESEARCH_ONLY,H3,COMMON_ALL_EIGHT_MODELS,10,10,0.64176924802183333,0.57421070086147818,0.57421070086147818,VERIFIED_DOCUMENTED_VINTAGES_PARTIAL_RELEASE_HISTORY
AR1,conservative,STRICT,LATEST_REVISED,POOLED_RESEARCH_ONLY,ALL,COMMON_ALL_EIGHT_MODELS,30,10,0.64176924802183344,0.57421070086147818,0.57421070086147818,VERIFIED_DOCUMENTED_VINTAGES_PARTIAL_RELEASE_HISTORY
AR1,conservative,STRICT,LATEST_REVISED,POOLED_RESEARCH_ONLY,H2_H3,COMMON_ALL_EIGHT_MODELS,20,10,0.64176924802183333,0.5742107008614783,0.5742107008614783,VERIFIED_DOCUMENTED_VINTAGES_PARTIAL_RELEASE_HISTORY
AR1,standard,PERMISSIVE_END_OF_DAY,FIRST_RELEASE,DEVELOPMENT_PSEUDO_OOS,H1,COMMON_ALL_EIGHT_MODELS,6,6,0.429616289633934,0.40099513102013989,0.40099513102013989,VERIFIED_DOCUMENTED_VINTAGES_PARTIAL_RELEASE_HISTORY
AR1,standard,PERMISSIVE_END_OF_DAY,FIRST_RELEASE,DEVELOPMENT_PSEUDO_OOS,H2,COMMON_ALL_EIGHT_MODELS,6,6,0.429616289633934,0.40099513102013989,0.40099513102013989,VERIFIED_DOCUMENTED_VINTAGES_PARTIAL_RELEASE_HISTORY
AR1,standard,PERMISSIVE_END_OF_DAY,FIRST_RELEASE,DEVELOPMENT_PSEUDO_OOS,H3,COMMON_ALL_EIGHT_MODELS,6,6,0.429616289633934,0.40099513102013989,0.40099513102013989,VERIFIED_DOCUMENTED_VINTAGES_PARTIAL_RELEASE_HISTORY
AR1,standard,PERMISSIVE_END_OF_DAY,FIRST_RELEASE,DEVELOPMENT_PSEUDO_OOS,ALL,COMMON_ALL_EIGHT_MODELS,18,6,0.429616289633934,0.40099513102013989,0.40099513102013989,VERIFIED_DOCUMENTED_VINTAGES_PARTIAL_RELEASE_HISTORY
AR1,standard,PERMISSIVE_END_OF_DAY,FIRST_RELEASE,DEVELOPMENT_PSEUDO_OOS,H2_H3,COMMON_ALL_EIGHT_MODELS,12,6,0.429616289633934,0.40099513102013989,0.40099513102013989,VERIFIED_DOCUMENTED_VINTAGES_PARTIAL_RELEASE_HISTORY
AR1,standard,PERMISSIVE_END_OF_DAY,FIRST_RELEASE,HISTORICAL_POST_DEVELOPMENT_TEST,H1,COMMON_ALL_EIGHT_MODELS,4,4,0.79838074935588221,0.68403405562348607,0.68403405562348607,VERIFIED_DOCUMENTED_VINTAGES_PARTIAL_RELEASE_HISTORY
AR1,standard,PERMISSIVE_END_OF_DAY,FIRST_RELEASE,HISTORICAL_POST_DEVELOPMENT_TEST,H2,COMMON_ALL_EIGHT_MODELS,4,4,0.79838074935588221,0.68403405562348607,0.68403405562348607,VERIFIED_DOCUMENTED_VINTAGES_PARTIAL_RELEASE_HISTORY
AR1,standard,PERMISSIVE_END_OF_DAY,FIRST_RELEASE,HISTORICAL_POST_DEVELOPMENT_TEST,H3,COMMON_ALL_EIGHT_MODELS,4,4,0.79838074935588221,0.68403405562348607,0.68403405562348607,VERIFIED_DOCUMENTED_VINTAGES_PARTIAL_RELEASE_HISTORY
AR1,standard,PERMISSIVE_END_OF_DAY,FIRST_RELEASE,HISTORICAL_POST_DEVELOPMENT_TEST,ALL,COMMON_ALL_EIGHT_MODELS,12,4,0.79838074935588221,0.68403405562348618,0.68403405562348618,VERIFIED_DOCUMENTED_VINTAGES_PARTIAL_RELEASE_HISTORY
AR1,standard,PERMISSIVE_END_OF_DAY,FIRST_RELEASE,HISTORICAL_POST_DEVELOPMENT_TEST,H2_H3,COMMON_ALL_EIGHT_MODELS,8,4,0.79838074935588221,0.68403405562348607,0.68403405562348607,VERIFIED_DOCUMENTED_VINTAGES_PARTIAL_RELEASE_HISTORY
AR1,standard,PERMISSIVE_END_OF_DAY,FIRST_RELEASE,POOLED_RESEARCH_ONLY,H1,COMMON_ALL_EIGHT_MODELS,10,10,0.60473698594357606,0.51421070086147835,0.51421070086147835,VERIFIED_DOCUMENTED_VINTAGES_PARTIAL_RELEASE_HISTORY
AR1,standard,PERMISSIVE_END_OF_DAY,FIRST_RELEASE,POOLED_RESEARCH_ONLY,H2,COMMON_ALL_EIGHT_MODELS,10,10,0.60473698594357606,0.51421070086147835,0.51421070086147835,VERIFIED_DOCUMENTED_VINTAGES_PARTIAL_RELEASE_HISTORY
AR1,standard,PERMISSIVE_END_OF_DAY,FIRST_RELEASE,POOLED_RESEARCH_ONLY,H3,COMMON_ALL_EIGHT_MODELS,10,10,0.60473698594357606,0.51421070086147835,0.51421070086147835,VERIFIED_DOCUMENTED_VINTAGES_PARTIAL_RELEASE_HISTORY
AR1,standard,PERMISSIVE_END_OF_DAY,FIRST_RELEASE,POOLED_RESEARCH_ONLY,ALL,COMMON_ALL_EIGHT_MODELS,30,10,0.60473698594357606,0.51421070086147835,0.51421070086147835,VERIFIED_DOCUMENTED_VINTAGES_PARTIAL_RELEASE_HISTORY
AR1,standard,PERMISSIVE_END_OF_DAY,FIRST_RELEASE,POOLED_RESEARCH_ONLY,H2_H3,COMMON_ALL_EIGHT_MODELS,20,10,0.60473698594357617,0.51421070086147846,0.51421070086147846,VERIFIED_DOCUMENTED_VINTAGES_PARTIAL_RELEASE_HISTORY
AR1,standard,PERMISSIVE_END_OF_DAY,LATEST_REVISED,DEVELOPMENT_PSEUDO_OOS,H1,COMMON_ALL_EIGHT_MODELS,6,6,0.51137565991106293,0.50099513102013937,0.50099513102013937,VERIFIED_DOCUMENTED_VINTAGES_PARTIAL_RELEASE_HISTORY
AR1,standard,PERMISSIVE_END_OF_DAY,LATEST_REVISED,DEVELOPMENT_PSEUDO_OOS,H2,COMMON_ALL_EIGHT_MODELS,6,6,0.51137565991106293,0.50099513102013937,0.50099513102013937,VERIFIED_DOCUMENTED_VINTAGES_PARTIAL_RELEASE_HISTORY
AR1,standard,PERMISSIVE_END_OF_DAY,LATEST_REVISED,DEVELOPMENT_PSEUDO_OOS,H3,COMMON_ALL_EIGHT_MODELS,6,6,0.51137565991106293,0.50099513102013937,0.50099513102013937,VERIFIED_DOCUMENTED_VINTAGES_PARTIAL_RELEASE_HISTORY
AR1,standard,PERMISSIVE_END_OF_DAY,LATEST_REVISED,DEVELOPMENT_PSEUDO_OOS,ALL,COMMON_ALL_EIGHT_MODELS,18,6,0.51137565991106293,0.50099513102013948,0.50099513102013948,VERIFIED_DOCUMENTED_VINTAGES_PARTIAL_RELEASE_HISTORY
AR1,standard,PERMISSIVE_END_OF_DAY,LATEST_REVISED,DEVELOPMENT_PSEUDO_OOS,H2_H3,COMMON_ALL_EIGHT_MODELS,12,6,0.51137565991106293,0.50099513102013937,0.50099513102013937,VERIFIED_DOCUMENTED_VINTAGES_PARTIAL_RELEASE_HISTORY
AR1,standard,PERMISSIVE_END_OF_DAY,LATEST_REVISED,HISTORICAL_POST_DEVELOPMENT_TEST,H1,COMMON_ALL_EIGHT_MODELS,4,4,0.79838074935588288,0.68403405562348629,0.68403405562348629,VERIFIED_DOCUMENTED_VINTAGES_PARTIAL_RELEASE_HISTORY
AR1,standard,PERMISSIVE_END_OF_DAY,LATEST_REVISED,HISTORICAL_POST_DEVELOPMENT_TEST,H2,COMMON_ALL_EIGHT_MODELS,4,4,0.79838074935588288,0.68403405562348629,0.68403405562348629,VERIFIED_DOCUMENTED_VINTAGES_PARTIAL_RELEASE_HISTORY
AR1,standard,PERMISSIVE_END_OF_DAY,LATEST_REVISED,HISTORICAL_POST_DEVELOPMENT_TEST,H3,COMMON_ALL_EIGHT_MODELS,4,4,0.79838074935588288,0.68403405562348629,0.68403405562348629,VERIFIED_DOCUMENTED_VINTAGES_PARTIAL_RELEASE_HISTORY
AR1,standard,PERMISSIVE_END_OF_DAY,LATEST_REVISED,HISTORICAL_POST_DEVELOPMENT_TEST,ALL,COMMON_ALL_EIGHT_MODELS,12,4,0.79838074935588288,0.68403405562348629,0.68403405562348629,VERIFIED_DOCUMENTED_VINTAGES_PARTIAL_RELEASE_HISTORY
AR1,standard,PERMISSIVE_END_OF_DAY,LATEST_REVISED,HISTORICAL_POST_DEVELOPMENT_TEST,H2_H3,COMMON_ALL_EIGHT_MODELS,8,4,0.79838074935588288,0.68403405562348629,0.68403405562348629,VERIFIED_DOCUMENTED_VINTAGES_PARTIAL_RELEASE_HISTORY
AR1,standard,PERMISSIVE_END_OF_DAY,LATEST_REVISED,POOLED_RESEARCH_ONLY,H1,COMMON_ALL_EIGHT_MODELS,10,10,0.64176924802183333,0.57421070086147818,0.57421070086147818,VERIFIED_DOCUMENTED_VINTAGES_PARTIAL_RELEASE_HISTORY
AR1,standard,PERMISSIVE_END_OF_DAY,LATEST_REVISED,POOLED_RESEARCH_ONLY,H2,COMMON_ALL_EIGHT_MODELS,10,10,0.64176924802183333,0.57421070086147818,0.57421070086147818,VERIFIED_DOCUMENTED_VINTAGES_PARTIAL_RELEASE_HISTORY
AR1,standard,PERMISSIVE_END_OF_DAY,LATEST_REVISED,POOLED_RESEARCH_ONLY,H3,COMMON_ALL_EIGHT_MODELS,10,10,0.64176924802183333,0.57421070086147818,0.57421070086147818,VERIFIED_DOCUMENTED_VINTAGES_PARTIAL_RELEASE_HISTORY
AR1,standard,PERMISSIVE_END_OF_DAY,LATEST_REVISED,POOLED_RESEARCH_ONLY,ALL,COMMON_ALL_EIGHT_MODELS,30,10,0.64176924802183344,0.57421070086147818,0.57421070086147818,VERIFIED_DOCUMENTED_VINTAGES_PARTIAL_RELEASE_HISTORY
AR1,standard,PERMISSIVE_END_OF_DAY,LATEST_REVISED,POOLED_RESEARCH_ONLY,H2_H3,COMMON_ALL_EIGHT_MODELS,20,10,0.64176924802183333,0.5742107008614783,0.5742107008614783,VERIFIED_DOCUMENTED_VINTAGES_PARTIAL_RELEASE_HISTORY
AR1,standard,STRICT,FIRST_RELEASE,DEVELOPMENT_PSEUDO_OOS,H1,COMMON_ALL_EIGHT_MODELS,6,6,0.429616289633934,0.40099513102013989,0.40099513102013989,VERIFIED_DOCUMENTED_VINTAGES_PARTIAL_RELEASE_HISTORY
AR1,standard,STRICT,FIRST_RELEASE,DEVELOPMENT_PSEUDO_OOS,H2,COMMON_ALL_EIGHT_MODELS,6,6,0.429616289633934,0.40099513102013989,0.40099513102013989,VERIFIED_DOCUMENTED_VINTAGES_PARTIAL_RELEASE_HISTORY
AR1,standard,STRICT,FIRST_RELEASE,DEVELOPMENT_PSEUDO_OOS,H3,COMMON_ALL_EIGHT_MODELS,6,6,0.429616289633934,0.40099513102013989,0.40099513102013989,VERIFIED_DOCUMENTED_VINTAGES_PARTIAL_RELEASE_HISTORY
AR1,standard,STRICT,FIRST_RELEASE,DEVELOPMENT_PSEUDO_OOS,ALL,COMMON_ALL_EIGHT_MODELS,18,6,0.429616289633934,0.40099513102013989,0.40099513102013989,VERIFIED_DOCUMENTED_VINTAGES_PARTIAL_RELEASE_HISTORY
AR1,standard,STRICT,FIRST_RELEASE,DEVELOPMENT_PSEUDO_OOS,H2_H3,COMMON_ALL_EIGHT_MODELS,12,6,0.429616289633934,0.40099513102013989,0.40099513102013989,VERIFIED_DOCUMENTED_VINTAGES_PARTIAL_RELEASE_HISTORY
AR1,standard,STRICT,FIRST_RELEASE,HISTORICAL_POST_DEVELOPMENT_TEST,H1,COMMON_ALL_EIGHT_MODELS,4,4,0.79838074935588221,0.68403405562348607,0.68403405562348607,VERIFIED_DOCUMENTED_VINTAGES_PARTIAL_RELEASE_HISTORY
AR1,standard,STRICT,FIRST_RELEASE,HISTORICAL_POST_DEVELOPMENT_TEST,H2,COMMON_ALL_EIGHT_MODELS,4,4,0.79838074935588221,0.68403405562348607,0.68403405562348607,VERIFIED_DOCUMENTED_VINTAGES_PARTIAL_RELEASE_HISTORY
AR1,standard,STRICT,FIRST_RELEASE,HISTORICAL_POST_DEVELOPMENT_TEST,H3,COMMON_ALL_EIGHT_MODELS,4,4,0.79838074935588221,0.68403405562348607,0.68403405562348607,VERIFIED_DOCUMENTED_VINTAGES_PARTIAL_RELEASE_HISTORY
AR1,standard,STRICT,FIRST_RELEASE,HISTORICAL_POST_DEVELOPMENT_TEST,ALL,COMMON_ALL_EIGHT_MODELS,12,4,0.79838074935588221,0.68403405562348618,0.68403405562348618,VERIFIED_DOCUMENTED_VINTAGES_PARTIAL_RELEASE_HISTORY
AR1,standard,STRICT,FIRST_RELEASE,HISTORICAL_POST_DEVELOPMENT_TEST,H2_H3,COMMON_ALL_EIGHT_MODELS,8,4,0.79838074935588221,0.68403405562348607,0.68403405562348607,VERIFIED_DOCUMENTED_VINTAGES_PARTIAL_RELEASE_HISTORY
AR1,standard,STRICT,FIRST_RELEASE,POOLED_RESEARCH_ONLY,H1,COMMON_ALL_EIGHT_MODELS,10,10,0.60473698594357606,0.51421070086147835,0.51421070086147835,VERIFIED_DOCUMENTED_VINTAGES_PARTIAL_RELEASE_HISTORY
AR1,standard,STRICT,FIRST_RELEASE,POOLED_RESEARCH_ONLY,H2,COMMON_ALL_EIGHT_MODELS,10,10,0.60473698594357606,0.51421070086147835,0.51421070086147835,VERIFIED_DOCUMENTED_VINTAGES_PARTIAL_RELEASE_HISTORY
AR1,standard,STRICT,FIRST_RELEASE,POOLED_RESEARCH_ONLY,H3,COMMON_ALL_EIGHT_MODELS,10,10,0.60473698594357606,0.51421070086147835,0.51421070086147835,VERIFIED_DOCUMENTED_VINTAGES_PARTIAL_RELEASE_HISTORY
AR1,standard,STRICT,FIRST_RELEASE,POOLED_RESEARCH_ONLY,ALL,COMMON_ALL_EIGHT_MODELS,30,10,0.60473698594357606,0.51421070086147835,0.51421070086147835,VERIFIED_DOCUMENTED_VINTAGES_PARTIAL_RELEASE_HISTORY
AR1,standard,STRICT,FIRST_RELEASE,POOLED_RESEARCH_ONLY,H2_H3,COMMON_ALL_EIGHT_MODELS,20,10,0.60473698594357617,0.51421070086147846,0.51421070086147846,VERIFIED_DOCUMENTED_VINTAGES_PARTIAL_RELEASE_HISTORY
AR1,standard,STRICT,LATEST_REVISED,DEVELOPMENT_PSEUDO_OOS,H1,COMMON_ALL_EIGHT_MODELS,6,6,0.51137565991106293,0.50099513102013937,0.50099513102013937,VERIFIED_DOCUMENTED_VINTAGES_PARTIAL_RELEASE_HISTORY
AR1,standard,STRICT,LATEST_REVISED,DEVELOPMENT_PSEUDO_OOS,H2,COMMON_ALL_EIGHT_MODELS,6,6,0.51137565991106293,0.50099513102013937,0.50099513102013937,VERIFIED_DOCUMENTED_VINTAGES_PARTIAL_RELEASE_HISTORY
AR1,standard,STRICT,LATEST_REVISED,DEVELOPMENT_PSEUDO_OOS,H3,COMMON_ALL_EIGHT_MODELS,6,6,0.51137565991106293,0.50099513102013937,0.50099513102013937,VERIFIED_DOCUMENTED_VINTAGES_PARTIAL_RELEASE_HISTORY
AR1,standard,STRICT,LATEST_REVISED,DEVELOPMENT_PSEUDO_OOS,ALL,COMMON_ALL_EIGHT_MODELS,18,6,0.51137565991106293,0.50099513102013948,0.50099513102013948,VERIFIED_DOCUMENTED_VINTAGES_PARTIAL_RELEASE_HISTORY
AR1,standard,STRICT,LATEST_REVISED,DEVELOPMENT_PSEUDO_OOS,H2_H3,COMMON_ALL_EIGHT_MODELS,12,6,0.51137565991106293,0.50099513102013937,0.50099513102013937,VERIFIED_DOCUMENTED_VINTAGES_PARTIAL_RELEASE_HISTORY
AR1,standard,STRICT,LATEST_REVISED,HISTORICAL_POST_DEVELOPMENT_TEST,H1,COMMON_ALL_EIGHT_MODELS,4,4,0.79838074935588288,0.68403405562348629,0.68403405562348629,VERIFIED_DOCUMENTED_VINTAGES_PARTIAL_RELEASE_HISTORY
AR1,standard,STRICT,LATEST_REVISED,HISTORICAL_POST_DEVELOPMENT_TEST,H2,COMMON_ALL_EIGHT_MODELS,4,4,0.79838074935588288,0.68403405562348629,0.68403405562348629,VERIFIED_DOCUMENTED_VINTAGES_PARTIAL_RELEASE_HISTORY
AR1,standard,STRICT,LATEST_REVISED,HISTORICAL_POST_DEVELOPMENT_TEST,H3,COMMON_ALL_EIGHT_MODELS,4,4,0.79838074935588288,0.68403405562348629,0.68403405562348629,VERIFIED_DOCUMENTED_VINTAGES_PARTIAL_RELEASE_HISTORY
AR1,standard,STRICT,LATEST_REVISED,HISTORICAL_POST_DEVELOPMENT_TEST,ALL,COMMON_ALL_EIGHT_MODELS,12,4,0.79838074935588288,0.68403405562348629,0.68403405562348629,VERIFIED_DOCUMENTED_VINTAGES_PARTIAL_RELEASE_HISTORY
AR1,standard,STRICT,LATEST_REVISED,HISTORICAL_POST_DEVELOPMENT_TEST,H2_H3,COMMON_ALL_EIGHT_MODELS,8,4,0.79838074935588288,0.68403405562348629,0.68403405562348629,VERIFIED_DOCUMENTED_VINTAGES_PARTIAL_RELEASE_HISTORY
AR1,standard,STRICT,LATEST_REVISED,POOLED_RESEARCH_ONLY,H1,COMMON_ALL_EIGHT_MODELS,10,10,0.64176924802183333,0.57421070086147818,0.57421070086147818,VERIFIED_DOCUMENTED_VINTAGES_PARTIAL_RELEASE_HISTORY
AR1,standard,STRICT,LATEST_REVISED,POOLED_RESEARCH_ONLY,H2,COMMON_ALL_EIGHT_MODELS,10,10,0.64176924802183333,0.57421070086147818,0.57421070086147818,VERIFIED_DOCUMENTED_VINTAGES_PARTIAL_RELEASE_HISTORY
AR1,standard,STRICT,LATEST_REVISED,POOLED_RESEARCH_ONLY,H3,COMMON_ALL_EIGHT_MODELS,10,10,0.64176924802183333,0.57421070086147818,0.57421070086147818,VERIFIED_DOCUMENTED_VINTAGES_PARTIAL_RELEASE_HISTORY
AR1,standard,STRICT,LATEST_REVISED,POOLED_RESEARCH_ONLY,ALL,COMMON_ALL_EIGHT_MODELS,30,10,0.64176924802183344,0.57421070086147818,0.57421070086147818,VERIFIED_DOCUMENTED_VINTAGES_PARTIAL_RELEASE_HISTORY
AR1,standard,STRICT,LATEST_REVISED,POOLED_RESEARCH_ONLY,H2_H3,COMMON_ALL_EIGHT_MODELS,20,10,0.64176924802183333,0.5742107008614783,0.5742107008614783,VERIFIED_DOCUMENTED_VINTAGES_PARTIAL_RELEASE_HISTORY
AR2,conservative,PERMISSIVE_END_OF_DAY,FIRST_RELEASE,DEVELOPMENT_PSEUDO_OOS,H1,COMMON_ALL_EIGHT_MODELS,6,6,0.51890534928067356,0.48356287971312523,0.48356287971312523,VERIFIED_DOCUMENTED_VINTAGES_PARTIAL_RELEASE_HISTORY
AR2,conservative,PERMISSIVE_END_OF_DAY,FIRST_RELEASE,DEVELOPMENT_PSEUDO_OOS,H2,COMMON_ALL_EIGHT_MODELS,6,6,0.51890534928067356,0.48356287971312523,0.48356287971312523,VERIFIED_DOCUMENTED_VINTAGES_PARTIAL_RELEASE_HISTORY
AR2,conservative,PERMISSIVE_END_OF_DAY,FIRST_RELEASE,DEVELOPMENT_PSEUDO_OOS,H3,COMMON_ALL_EIGHT_MODELS,6,6,0.51890534928067356,0.48356287971312523,0.48356287971312523,VERIFIED_DOCUMENTED_VINTAGES_PARTIAL_RELEASE_HISTORY
AR2,conservative,PERMISSIVE_END_OF_DAY,FIRST_RELEASE,DEVELOPMENT_PSEUDO_OOS,ALL,COMMON_ALL_EIGHT_MODELS,18,6,0.51890534928067356,0.48356287971312523,0.48356287971312523,VERIFIED_DOCUMENTED_VINTAGES_PARTIAL_RELEASE_HISTORY
AR2,conservative,PERMISSIVE_END_OF_DAY,FIRST_RELEASE,DEVELOPMENT_PSEUDO_OOS,H2_H3,COMMON_ALL_EIGHT_MODELS,12,6,0.51890534928067356,0.48356287971312523,0.48356287971312523,VERIFIED_DOCUMENTED_VINTAGES_PARTIAL_RELEASE_HISTORY
AR2,conservative,PERMISSIVE_END_OF_DAY,FIRST_RELEASE,HISTORICAL_POST_DEVELOPMENT_TEST,H1,COMMON_ALL_EIGHT_MODELS,4,4,0.94840611997709789,0.75200674093053199,0.75200674093053199,VERIFIED_DOCUMENTED_VINTAGES_PARTIAL_RELEASE_HISTORY
AR2,conservative,PERMISSIVE_END_OF_DAY,FIRST_RELEASE,HISTORICAL_POST_DEVELOPMENT_TEST,H2,COMMON_ALL_EIGHT_MODELS,4,4,0.94840611997709789,0.75200674093053199,0.75200674093053199,VERIFIED_DOCUMENTED_VINTAGES_PARTIAL_RELEASE_HISTORY
AR2,conservative,PERMISSIVE_END_OF_DAY,FIRST_RELEASE,HISTORICAL_POST_DEVELOPMENT_TEST,H3,COMMON_ALL_EIGHT_MODELS,4,4,0.94840611997709789,0.75200674093053199,0.75200674093053199,VERIFIED_DOCUMENTED_VINTAGES_PARTIAL_RELEASE_HISTORY
AR2,conservative,PERMISSIVE_END_OF_DAY,FIRST_RELEASE,HISTORICAL_POST_DEVELOPMENT_TEST,ALL,COMMON_ALL_EIGHT_MODELS,12,4,0.94840611997709801,0.7520067409305321,0.7520067409305321,VERIFIED_DOCUMENTED_VINTAGES_PARTIAL_RELEASE_HISTORY
AR2,conservative,PERMISSIVE_END_OF_DAY,FIRST_RELEASE,HISTORICAL_POST_DEVELOPMENT_TEST,H2_H3,COMMON_ALL_EIGHT_MODELS,8,4,0.94840611997709789,0.75200674093053199,0.75200674093053199,VERIFIED_DOCUMENTED_VINTAGES_PARTIAL_RELEASE_HISTORY
AR2,conservative,PERMISSIVE_END_OF_DAY,FIRST_RELEASE,POOLED_RESEARCH_ONLY,H1,COMMON_ALL_EIGHT_MODELS,10,10,0.72204385204173305,0.59094042420008797,0.59094042420008797,VERIFIED_DOCUMENTED_VINTAGES_PARTIAL_RELEASE_HISTORY
AR2,conservative,PERMISSIVE_END_OF_DAY,FIRST_RELEASE,POOLED_RESEARCH_ONLY,H2,COMMON_ALL_EIGHT_MODELS,10,10,0.72204385204173305,0.59094042420008797,0.59094042420008797,VERIFIED_DOCUMENTED_VINTAGES_PARTIAL_RELEASE_HISTORY
AR2,conservative,PERMISSIVE_END_OF_DAY,FIRST_RELEASE,POOLED_RESEARCH_ONLY,H3,COMMON_ALL_EIGHT_MODELS,10,10,0.72204385204173305,0.59094042420008797,0.59094042420008797,VERIFIED_DOCUMENTED_VINTAGES_PARTIAL_RELEASE_HISTORY
AR2,conservative,PERMISSIVE_END_OF_DAY,FIRST_RELEASE,POOLED_RESEARCH_ONLY,ALL,COMMON_ALL_EIGHT_MODELS,30,10,0.72204385204173305,0.59094042420008797,0.59094042420008797,VERIFIED_DOCUMENTED_VINTAGES_PARTIAL_RELEASE_HISTORY
AR2,conservative,PERMISSIVE_END_OF_DAY,FIRST_RELEASE,POOLED_RESEARCH_ONLY,H2_H3,COMMON_ALL_EIGHT_MODELS,20,10,0.72204385204173305,0.59094042420008797,0.59094042420008797,VERIFIED_DOCUMENTED_VINTAGES_PARTIAL_RELEASE_HISTORY
AR2,conservative,PERMISSIVE_END_OF_DAY,LATEST_REVISED,DEVELOPMENT_PSEUDO_OOS,H1,COMMON_ALL_EIGHT_MODELS,6,6,0.59504520629538782,0.5835628797131247,0.5835628797131247,VERIFIED_DOCUMENTED_VINTAGES_PARTIAL_RELEASE_HISTORY
AR2,conservative,PERMISSIVE_END_OF_DAY,LATEST_REVISED,DEVELOPMENT_PSEUDO_OOS,H2,COMMON_ALL_EIGHT_MODELS,6,6,0.59504520629538782,0.5835628797131247,0.5835628797131247,VERIFIED_DOCUMENTED_VINTAGES_PARTIAL_RELEASE_HISTORY
AR2,conservative,PERMISSIVE_END_OF_DAY,LATEST_REVISED,DEVELOPMENT_PSEUDO_OOS,H3,COMMON_ALL_EIGHT_MODELS,6,6,0.59504520629538782,0.5835628797131247,0.5835628797131247,VERIFIED_DOCUMENTED_VINTAGES_PARTIAL_RELEASE_HISTORY
AR2,conservative,PERMISSIVE_END_OF_DAY,LATEST_REVISED,DEVELOPMENT_PSEUDO_OOS,ALL,COMMON_ALL_EIGHT_MODELS,18,6,0.59504520629538782,0.5835628797131247,0.5835628797131247,VERIFIED_DOCUMENTED_VINTAGES_PARTIAL_RELEASE_HISTORY
AR2,conservative,PERMISSIVE_END_OF_DAY,LATEST_REVISED,DEVELOPMENT_PSEUDO_OOS,H2_H3,COMMON_ALL_EIGHT_MODELS,12,6,0.59504520629538782,0.5835628797131247,0.5835628797131247,VERIFIED_DOCUMENTED_VINTAGES_PARTIAL_RELEASE_HISTORY
AR2,conservative,PERMISSIVE_END_OF_DAY,LATEST_REVISED,HISTORICAL_POST_DEVELOPMENT_TEST,H1,COMMON_ALL_EIGHT_MODELS,4,4,0.94840611997709878,0.75200674093053221,0.75200674093053221,VERIFIED_DOCUMENTED_VINTAGES_PARTIAL_RELEASE_HISTORY
AR2,conservative,PERMISSIVE_END_OF_DAY,LATEST_REVISED,HISTORICAL_POST_DEVELOPMENT_TEST,H2,COMMON_ALL_EIGHT_MODELS,4,4,0.94840611997709878,0.75200674093053221,0.75200674093053221,VERIFIED_DOCUMENTED_VINTAGES_PARTIAL_RELEASE_HISTORY
AR2,conservative,PERMISSIVE_END_OF_DAY,LATEST_REVISED,HISTORICAL_POST_DEVELOPMENT_TEST,H3,COMMON_ALL_EIGHT_MODELS,4,4,0.94840611997709878,0.75200674093053221,0.75200674093053221,VERIFIED_DOCUMENTED_VINTAGES_PARTIAL_RELEASE_HISTORY
AR2,conservative,PERMISSIVE_END_OF_DAY,LATEST_REVISED,HISTORICAL_POST_DEVELOPMENT_TEST,ALL,COMMON_ALL_EIGHT_MODELS,12,4,0.94840611997709889,0.75200674093053221,0.75200674093053221,VERIFIED_DOCUMENTED_VINTAGES_PARTIAL_RELEASE_HISTORY
AR2,conservative,PERMISSIVE_END_OF_DAY,LATEST_REVISED,HISTORICAL_POST_DEVELOPMENT_TEST,H2_H3,COMMON_ALL_EIGHT_MODELS,8,4,0.94840611997709878,0.75200674093053221,0.75200674093053221,VERIFIED_DOCUMENTED_VINTAGES_PARTIAL_RELEASE_HISTORY
AR2,conservative,PERMISSIVE_END_OF_DAY,LATEST_REVISED,POOLED_RESEARCH_ONLY,H1,COMMON_ALL_EIGHT_MODELS,10,10,0.75646344649631181,0.65094042420008769,0.65094042420008769,VERIFIED_DOCUMENTED_VINTAGES_PARTIAL_RELEASE_HISTORY
AR2,conservative,PERMISSIVE_END_OF_DAY,LATEST_REVISED,POOLED_RESEARCH_ONLY,H2,COMMON_ALL_EIGHT_MODELS,10,10,0.75646344649631181,0.65094042420008769,0.65094042420008769,VERIFIED_DOCUMENTED_VINTAGES_PARTIAL_RELEASE_HISTORY
AR2,conservative,PERMISSIVE_END_OF_DAY,LATEST_REVISED,POOLED_RESEARCH_ONLY,H3,COMMON_ALL_EIGHT_MODELS,10,10,0.75646344649631181,0.65094042420008769,0.65094042420008769,VERIFIED_DOCUMENTED_VINTAGES_PARTIAL_RELEASE_HISTORY
AR2,conservative,PERMISSIVE_END_OF_DAY,LATEST_REVISED,POOLED_RESEARCH_ONLY,ALL,COMMON_ALL_EIGHT_MODELS,30,10,0.75646344649631203,0.65094042420008769,0.65094042420008769,VERIFIED_DOCUMENTED_VINTAGES_PARTIAL_RELEASE_HISTORY
AR2,conservative,PERMISSIVE_END_OF_DAY,LATEST_REVISED,POOLED_RESEARCH_ONLY,H2_H3,COMMON_ALL_EIGHT_MODELS,20,10,0.75646344649631192,0.65094042420008769,0.65094042420008769,VERIFIED_DOCUMENTED_VINTAGES_PARTIAL_RELEASE_HISTORY
AR2,conservative,STRICT,FIRST_RELEASE,DEVELOPMENT_PSEUDO_OOS,H1,COMMON_ALL_EIGHT_MODELS,6,6,0.51890534928067356,0.48356287971312523,0.48356287971312523,VERIFIED_DOCUMENTED_VINTAGES_PARTIAL_RELEASE_HISTORY
AR2,conservative,STRICT,FIRST_RELEASE,DEVELOPMENT_PSEUDO_OOS,H2,COMMON_ALL_EIGHT_MODELS,6,6,0.51890534928067356,0.48356287971312523,0.48356287971312523,VERIFIED_DOCUMENTED_VINTAGES_PARTIAL_RELEASE_HISTORY
AR2,conservative,STRICT,FIRST_RELEASE,DEVELOPMENT_PSEUDO_OOS,H3,COMMON_ALL_EIGHT_MODELS,6,6,0.51890534928067356,0.48356287971312523,0.48356287971312523,VERIFIED_DOCUMENTED_VINTAGES_PARTIAL_RELEASE_HISTORY
AR2,conservative,STRICT,FIRST_RELEASE,DEVELOPMENT_PSEUDO_OOS,ALL,COMMON_ALL_EIGHT_MODELS,18,6,0.51890534928067356,0.48356287971312523,0.48356287971312523,VERIFIED_DOCUMENTED_VINTAGES_PARTIAL_RELEASE_HISTORY
AR2,conservative,STRICT,FIRST_RELEASE,DEVELOPMENT_PSEUDO_OOS,H2_H3,COMMON_ALL_EIGHT_MODELS,12,6,0.51890534928067356,0.48356287971312523,0.48356287971312523,VERIFIED_DOCUMENTED_VINTAGES_PARTIAL_RELEASE_HISTORY
AR2,conservative,STRICT,FIRST_RELEASE,HISTORICAL_POST_DEVELOPMENT_TEST,H1,COMMON_ALL_EIGHT_MODELS,4,4,0.94840611997709789,0.75200674093053199,0.75200674093053199,VERIFIED_DOCUMENTED_VINTAGES_PARTIAL_RELEASE_HISTORY
AR2,conservative,STRICT,FIRST_RELEASE,HISTORICAL_POST_DEVELOPMENT_TEST,H2,COMMON_ALL_EIGHT_MODELS,4,4,0.94840611997709789,0.75200674093053199,0.75200674093053199,VERIFIED_DOCUMENTED_VINTAGES_PARTIAL_RELEASE_HISTORY
AR2,conservative,STRICT,FIRST_RELEASE,HISTORICAL_POST_DEVELOPMENT_TEST,H3,COMMON_ALL_EIGHT_MODELS,4,4,0.94840611997709789,0.75200674093053199,0.75200674093053199,VERIFIED_DOCUMENTED_VINTAGES_PARTIAL_RELEASE_HISTORY
AR2,conservative,STRICT,FIRST_RELEASE,HISTORICAL_POST_DEVELOPMENT_TEST,ALL,COMMON_ALL_EIGHT_MODELS,12,4,0.94840611997709801,0.7520067409305321,0.7520067409305321,VERIFIED_DOCUMENTED_VINTAGES_PARTIAL_RELEASE_HISTORY
AR2,conservative,STRICT,FIRST_RELEASE,HISTORICAL_POST_DEVELOPMENT_TEST,H2_H3,COMMON_ALL_EIGHT_MODELS,8,4,0.94840611997709789,0.75200674093053199,0.75200674093053199,VERIFIED_DOCUMENTED_VINTAGES_PARTIAL_RELEASE_HISTORY
AR2,conservative,STRICT,FIRST_RELEASE,POOLED_RESEARCH_ONLY,H1,COMMON_ALL_EIGHT_MODELS,10,10,0.72204385204173305,0.59094042420008797,0.59094042420008797,VERIFIED_DOCUMENTED_VINTAGES_PARTIAL_RELEASE_HISTORY
AR2,conservative,STRICT,FIRST_RELEASE,POOLED_RESEARCH_ONLY,H2,COMMON_ALL_EIGHT_MODELS,10,10,0.72204385204173305,0.59094042420008797,0.59094042420008797,VERIFIED_DOCUMENTED_VINTAGES_PARTIAL_RELEASE_HISTORY
AR2,conservative,STRICT,FIRST_RELEASE,POOLED_RESEARCH_ONLY,H3,COMMON_ALL_EIGHT_MODELS,10,10,0.72204385204173305,0.59094042420008797,0.59094042420008797,VERIFIED_DOCUMENTED_VINTAGES_PARTIAL_RELEASE_HISTORY
AR2,conservative,STRICT,FIRST_RELEASE,POOLED_RESEARCH_ONLY,ALL,COMMON_ALL_EIGHT_MODELS,30,10,0.72204385204173305,0.59094042420008797,0.59094042420008797,VERIFIED_DOCUMENTED_VINTAGES_PARTIAL_RELEASE_HISTORY
AR2,conservative,STRICT,FIRST_RELEASE,POOLED_RESEARCH_ONLY,H2_H3,COMMON_ALL_EIGHT_MODELS,20,10,0.72204385204173305,0.59094042420008797,0.59094042420008797,VERIFIED_DOCUMENTED_VINTAGES_PARTIAL_RELEASE_HISTORY
AR2,conservative,STRICT,LATEST_REVISED,DEVELOPMENT_PSEUDO_OOS,H1,COMMON_ALL_EIGHT_MODELS,6,6,0.59504520629538782,0.5835628797131247,0.5835628797131247,VERIFIED_DOCUMENTED_VINTAGES_PARTIAL_RELEASE_HISTORY
AR2,conservative,STRICT,LATEST_REVISED,DEVELOPMENT_PSEUDO_OOS,H2,COMMON_ALL_EIGHT_MODELS,6,6,0.59504520629538782,0.5835628797131247,0.5835628797131247,VERIFIED_DOCUMENTED_VINTAGES_PARTIAL_RELEASE_HISTORY
AR2,conservative,STRICT,LATEST_REVISED,DEVELOPMENT_PSEUDO_OOS,H3,COMMON_ALL_EIGHT_MODELS,6,6,0.59504520629538782,0.5835628797131247,0.5835628797131247,VERIFIED_DOCUMENTED_VINTAGES_PARTIAL_RELEASE_HISTORY
AR2,conservative,STRICT,LATEST_REVISED,DEVELOPMENT_PSEUDO_OOS,ALL,COMMON_ALL_EIGHT_MODELS,18,6,0.59504520629538782,0.5835628797131247,0.5835628797131247,VERIFIED_DOCUMENTED_VINTAGES_PARTIAL_RELEASE_HISTORY
AR2,conservative,STRICT,LATEST_REVISED,DEVELOPMENT_PSEUDO_OOS,H2_H3,COMMON_ALL_EIGHT_MODELS,12,6,0.59504520629538782,0.5835628797131247,0.5835628797131247,VERIFIED_DOCUMENTED_VINTAGES_PARTIAL_RELEASE_HISTORY
AR2,conservative,STRICT,LATEST_REVISED,HISTORICAL_POST_DEVELOPMENT_TEST,H1,COMMON_ALL_EIGHT_MODELS,4,4,0.94840611997709878,0.75200674093053221,0.75200674093053221,VERIFIED_DOCUMENTED_VINTAGES_PARTIAL_RELEASE_HISTORY
AR2,conservative,STRICT,LATEST_REVISED,HISTORICAL_POST_DEVELOPMENT_TEST,H2,COMMON_ALL_EIGHT_MODELS,4,4,0.94840611997709878,0.75200674093053221,0.75200674093053221,VERIFIED_DOCUMENTED_VINTAGES_PARTIAL_RELEASE_HISTORY
AR2,conservative,STRICT,LATEST_REVISED,HISTORICAL_POST_DEVELOPMENT_TEST,H3,COMMON_ALL_EIGHT_MODELS,4,4,0.94840611997709878,0.75200674093053221,0.75200674093053221,VERIFIED_DOCUMENTED_VINTAGES_PARTIAL_RELEASE_HISTORY
AR2,conservative,STRICT,LATEST_REVISED,HISTORICAL_POST_DEVELOPMENT_TEST,ALL,COMMON_ALL_EIGHT_MODELS,12,4,0.94840611997709889,0.75200674093053221,0.75200674093053221,VERIFIED_DOCUMENTED_VINTAGES_PARTIAL_RELEASE_HISTORY
AR2,conservative,STRICT,LATEST_REVISED,HISTORICAL_POST_DEVELOPMENT_TEST,H2_H3,COMMON_ALL_EIGHT_MODELS,8,4,0.94840611997709878,0.75200674093053221,0.75200674093053221,VERIFIED_DOCUMENTED_VINTAGES_PARTIAL_RELEASE_HISTORY
AR2,conservative,STRICT,LATEST_REVISED,POOLED_RESEARCH_ONLY,H1,COMMON_ALL_EIGHT_MODELS,10,10,0.75646344649631181,0.65094042420008769,0.65094042420008769,VERIFIED_DOCUMENTED_VINTAGES_PARTIAL_RELEASE_HISTORY
AR2,conservative,STRICT,LATEST_REVISED,POOLED_RESEARCH_ONLY,H2,COMMON_ALL_EIGHT_MODELS,10,10,0.75646344649631181,0.65094042420008769,0.65094042420008769,VERIFIED_DOCUMENTED_VINTAGES_PARTIAL_RELEASE_HISTORY
AR2,conservative,STRICT,LATEST_REVISED,POOLED_RESEARCH_ONLY,H3,COMMON_ALL_EIGHT_MODELS,10,10,0.75646344649631181,0.65094042420008769,0.65094042420008769,VERIFIED_DOCUMENTED_VINTAGES_PARTIAL_RELEASE_HISTORY
AR2,conservative,STRICT,LATEST_REVISED,POOLED_RESEARCH_ONLY,ALL,COMMON_ALL_EIGHT_MODELS,30,10,0.75646344649631203,0.65094042420008769,0.65094042420008769,VERIFIED_DOCUMENTED_VINTAGES_PARTIAL_RELEASE_HISTORY
AR2,conservative,STRICT,LATEST_REVISED,POOLED_RESEARCH_ONLY,H2_H3,COMMON_ALL_EIGHT_MODELS,20,10,0.75646344649631192,0.65094042420008769,0.65094042420008769,VERIFIED_DOCUMENTED_VINTAGES_PARTIAL_RELEASE_HISTORY
AR2,standard,PERMISSIVE_END_OF_DAY,FIRST_RELEASE,DEVELOPMENT_PSEUDO_OOS,H1,COMMON_ALL_EIGHT_MODELS,6,6,0.51890534928067356,0.48356287971312523,0.48356287971312523,VERIFIED_DOCUMENTED_VINTAGES_PARTIAL_RELEASE_HISTORY
AR2,standard,PERMISSIVE_END_OF_DAY,FIRST_RELEASE,DEVELOPMENT_PSEUDO_OOS,H2,COMMON_ALL_EIGHT_MODELS,6,6,0.51890534928067356,0.48356287971312523,0.48356287971312523,VERIFIED_DOCUMENTED_VINTAGES_PARTIAL_RELEASE_HISTORY
AR2,standard,PERMISSIVE_END_OF_DAY,FIRST_RELEASE,DEVELOPMENT_PSEUDO_OOS,H3,COMMON_ALL_EIGHT_MODELS,6,6,0.51890534928067356,0.48356287971312523,0.48356287971312523,VERIFIED_DOCUMENTED_VINTAGES_PARTIAL_RELEASE_HISTORY
AR2,standard,PERMISSIVE_END_OF_DAY,FIRST_RELEASE,DEVELOPMENT_PSEUDO_OOS,ALL,COMMON_ALL_EIGHT_MODELS,18,6,0.51890534928067356,0.48356287971312523,0.48356287971312523,VERIFIED_DOCUMENTED_VINTAGES_PARTIAL_RELEASE_HISTORY
AR2,standard,PERMISSIVE_END_OF_DAY,FIRST_RELEASE,DEVELOPMENT_PSEUDO_OOS,H2_H3,COMMON_ALL_EIGHT_MODELS,12,6,0.51890534928067356,0.48356287971312523,0.48356287971312523,VERIFIED_DOCUMENTED_VINTAGES_PARTIAL_RELEASE_HISTORY
AR2,standard,PERMISSIVE_END_OF_DAY,FIRST_RELEASE,HISTORICAL_POST_DEVELOPMENT_TEST,H1,COMMON_ALL_EIGHT_MODELS,4,4,0.94840611997709789,0.75200674093053199,0.75200674093053199,VERIFIED_DOCUMENTED_VINTAGES_PARTIAL_RELEASE_HISTORY
AR2,standard,PERMISSIVE_END_OF_DAY,FIRST_RELEASE,HISTORICAL_POST_DEVELOPMENT_TEST,H2,COMMON_ALL_EIGHT_MODELS,4,4,0.94840611997709789,0.75200674093053199,0.75200674093053199,VERIFIED_DOCUMENTED_VINTAGES_PARTIAL_RELEASE_HISTORY
AR2,standard,PERMISSIVE_END_OF_DAY,FIRST_RELEASE,HISTORICAL_POST_DEVELOPMENT_TEST,H3,COMMON_ALL_EIGHT_MODELS,4,4,0.94840611997709789,0.75200674093053199,0.75200674093053199,VERIFIED_DOCUMENTED_VINTAGES_PARTIAL_RELEASE_HISTORY
AR2,standard,PERMISSIVE_END_OF_DAY,FIRST_RELEASE,HISTORICAL_POST_DEVELOPMENT_TEST,ALL,COMMON_ALL_EIGHT_MODELS,12,4,0.94840611997709801,0.7520067409305321,0.7520067409305321,VERIFIED_DOCUMENTED_VINTAGES_PARTIAL_RELEASE_HISTORY
AR2,standard,PERMISSIVE_END_OF_DAY,FIRST_RELEASE,HISTORICAL_POST_DEVELOPMENT_TEST,H2_H3,COMMON_ALL_EIGHT_MODELS,8,4,0.94840611997709789,0.75200674093053199,0.75200674093053199,VERIFIED_DOCUMENTED_VINTAGES_PARTIAL_RELEASE_HISTORY
AR2,standard,PERMISSIVE_END_OF_DAY,FIRST_RELEASE,POOLED_RESEARCH_ONLY,H1,COMMON_ALL_EIGHT_MODELS,10,10,0.72204385204173305,0.59094042420008797,0.59094042420008797,VERIFIED_DOCUMENTED_VINTAGES_PARTIAL_RELEASE_HISTORY
AR2,standard,PERMISSIVE_END_OF_DAY,FIRST_RELEASE,POOLED_RESEARCH_ONLY,H2,COMMON_ALL_EIGHT_MODELS,10,10,0.72204385204173305,0.59094042420008797,0.59094042420008797,VERIFIED_DOCUMENTED_VINTAGES_PARTIAL_RELEASE_HISTORY
AR2,standard,PERMISSIVE_END_OF_DAY,FIRST_RELEASE,POOLED_RESEARCH_ONLY,H3,COMMON_ALL_EIGHT_MODELS,10,10,0.72204385204173305,0.59094042420008797,0.59094042420008797,VERIFIED_DOCUMENTED_VINTAGES_PARTIAL_RELEASE_HISTORY
AR2,standard,PERMISSIVE_END_OF_DAY,FIRST_RELEASE,POOLED_RESEARCH_ONLY,ALL,COMMON_ALL_EIGHT_MODELS,30,10,0.72204385204173305,0.59094042420008797,0.59094042420008797,VERIFIED_DOCUMENTED_VINTAGES_PARTIAL_RELEASE_HISTORY
AR2,standard,PERMISSIVE_END_OF_DAY,FIRST_RELEASE,POOLED_RESEARCH_ONLY,H2_H3,COMMON_ALL_EIGHT_MODELS,20,10,0.72204385204173305,0.59094042420008797,0.59094042420008797,VERIFIED_DOCUMENTED_VINTAGES_PARTIAL_RELEASE_HISTORY
AR2,standard,PERMISSIVE_END_OF_DAY,LATEST_REVISED,DEVELOPMENT_PSEUDO_OOS,H1,COMMON_ALL_EIGHT_MODELS,6,6,0.59504520629538782,0.5835628797131247,0.5835628797131247,VERIFIED_DOCUMENTED_VINTAGES_PARTIAL_RELEASE_HISTORY
AR2,standard,PERMISSIVE_END_OF_DAY,LATEST_REVISED,DEVELOPMENT_PSEUDO_OOS,H2,COMMON_ALL_EIGHT_MODELS,6,6,0.59504520629538782,0.5835628797131247,0.5835628797131247,VERIFIED_DOCUMENTED_VINTAGES_PARTIAL_RELEASE_HISTORY
AR2,standard,PERMISSIVE_END_OF_DAY,LATEST_REVISED,DEVELOPMENT_PSEUDO_OOS,H3,COMMON_ALL_EIGHT_MODELS,6,6,0.59504520629538782,0.5835628797131247,0.5835628797131247,VERIFIED_DOCUMENTED_VINTAGES_PARTIAL_RELEASE_HISTORY
AR2,standard,PERMISSIVE_END_OF_DAY,LATEST_REVISED,DEVELOPMENT_PSEUDO_OOS,ALL,COMMON_ALL_EIGHT_MODELS,18,6,0.59504520629538782,0.5835628797131247,0.5835628797131247,VERIFIED_DOCUMENTED_VINTAGES_PARTIAL_RELEASE_HISTORY
AR2,standard,PERMISSIVE_END_OF_DAY,LATEST_REVISED,DEVELOPMENT_PSEUDO_OOS,H2_H3,COMMON_ALL_EIGHT_MODELS,12,6,0.59504520629538782,0.5835628797131247,0.5835628797131247,VERIFIED_DOCUMENTED_VINTAGES_PARTIAL_RELEASE_HISTORY
AR2,standard,PERMISSIVE_END_OF_DAY,LATEST_REVISED,HISTORICAL_POST_DEVELOPMENT_TEST,H1,COMMON_ALL_EIGHT_MODELS,4,4,0.94840611997709878,0.75200674093053221,0.75200674093053221,VERIFIED_DOCUMENTED_VINTAGES_PARTIAL_RELEASE_HISTORY
AR2,standard,PERMISSIVE_END_OF_DAY,LATEST_REVISED,HISTORICAL_POST_DEVELOPMENT_TEST,H2,COMMON_ALL_EIGHT_MODELS,4,4,0.94840611997709878,0.75200674093053221,0.75200674093053221,VERIFIED_DOCUMENTED_VINTAGES_PARTIAL_RELEASE_HISTORY
AR2,standard,PERMISSIVE_END_OF_DAY,LATEST_REVISED,HISTORICAL_POST_DEVELOPMENT_TEST,H3,COMMON_ALL_EIGHT_MODELS,4,4,0.94840611997709878,0.75200674093053221,0.75200674093053221,VERIFIED_DOCUMENTED_VINTAGES_PARTIAL_RELEASE_HISTORY
AR2,standard,PERMISSIVE_END_OF_DAY,LATEST_REVISED,HISTORICAL_POST_DEVELOPMENT_TEST,ALL,COMMON_ALL_EIGHT_MODELS,12,4,0.94840611997709889,0.75200674093053221,0.75200674093053221,VERIFIED_DOCUMENTED_VINTAGES_PARTIAL_RELEASE_HISTORY
AR2,standard,PERMISSIVE_END_OF_DAY,LATEST_REVISED,HISTORICAL_POST_DEVELOPMENT_TEST,H2_H3,COMMON_ALL_EIGHT_MODELS,8,4,0.94840611997709878,0.75200674093053221,0.75200674093053221,VERIFIED_DOCUMENTED_VINTAGES_PARTIAL_RELEASE_HISTORY
AR2,standard,PERMISSIVE_END_OF_DAY,LATEST_REVISED,POOLED_RESEARCH_ONLY,H1,COMMON_ALL_EIGHT_MODELS,10,10,0.75646344649631181,0.65094042420008769,0.65094042420008769,VERIFIED_DOCUMENTED_VINTAGES_PARTIAL_RELEASE_HISTORY
AR2,standard,PERMISSIVE_END_OF_DAY,LATEST_REVISED,POOLED_RESEARCH_ONLY,H2,COMMON_ALL_EIGHT_MODELS,10,10,0.75646344649631181,0.65094042420008769,0.65094042420008769,VERIFIED_DOCUMENTED_VINTAGES_PARTIAL_RELEASE_HISTORY
AR2,standard,PERMISSIVE_END_OF_DAY,LATEST_REVISED,POOLED_RESEARCH_ONLY,H3,COMMON_ALL_EIGHT_MODELS,10,10,0.75646344649631181,0.65094042420008769,0.65094042420008769,VERIFIED_DOCUMENTED_VINTAGES_PARTIAL_RELEASE_HISTORY
AR2,standard,PERMISSIVE_END_OF_DAY,LATEST_REVISED,POOLED_RESEARCH_ONLY,ALL,COMMON_ALL_EIGHT_MODELS,30,10,0.75646344649631203,0.65094042420008769,0.65094042420008769,VERIFIED_DOCUMENTED_VINTAGES_PARTIAL_RELEASE_HISTORY
AR2,standard,PERMISSIVE_END_OF_DAY,LATEST_REVISED,POOLED_RESEARCH_ONLY,H2_H3,COMMON_ALL_EIGHT_MODELS,20,10,0.75646344649631192,0.65094042420008769,0.65094042420008769,VERIFIED_DOCUMENTED_VINTAGES_PARTIAL_RELEASE_HISTORY
AR2,standard,STRICT,FIRST_RELEASE,DEVELOPMENT_PSEUDO_OOS,H1,COMMON_ALL_EIGHT_MODELS,6,6,0.51890534928067356,0.48356287971312523,0.48356287971312523,VERIFIED_DOCUMENTED_VINTAGES_PARTIAL_RELEASE_HISTORY
AR2,standard,STRICT,FIRST_RELEASE,DEVELOPMENT_PSEUDO_OOS,H2,COMMON_ALL_EIGHT_MODELS,6,6,0.51890534928067356,0.48356287971312523,0.48356287971312523,VERIFIED_DOCUMENTED_VINTAGES_PARTIAL_RELEASE_HISTORY
AR2,standard,STRICT,FIRST_RELEASE,DEVELOPMENT_PSEUDO_OOS,H3,COMMON_ALL_EIGHT_MODELS,6,6,0.51890534928067356,0.48356287971312523,0.48356287971312523,VERIFIED_DOCUMENTED_VINTAGES_PARTIAL_RELEASE_HISTORY
AR2,standard,STRICT,FIRST_RELEASE,DEVELOPMENT_PSEUDO_OOS,ALL,COMMON_ALL_EIGHT_MODELS,18,6,0.51890534928067356,0.48356287971312523,0.48356287971312523,VERIFIED_DOCUMENTED_VINTAGES_PARTIAL_RELEASE_HISTORY
AR2,standard,STRICT,FIRST_RELEASE,DEVELOPMENT_PSEUDO_OOS,H2_H3,COMMON_ALL_EIGHT_MODELS,12,6,0.51890534928067356,0.48356287971312523,0.48356287971312523,VERIFIED_DOCUMENTED_VINTAGES_PARTIAL_RELEASE_HISTORY
AR2,standard,STRICT,FIRST_RELEASE,HISTORICAL_POST_DEVELOPMENT_TEST,H1,COMMON_ALL_EIGHT_MODELS,4,4,0.94840611997709789,0.75200674093053199,0.75200674093053199,VERIFIED_DOCUMENTED_VINTAGES_PARTIAL_RELEASE_HISTORY
AR2,standard,STRICT,FIRST_RELEASE,HISTORICAL_POST_DEVELOPMENT_TEST,H2,COMMON_ALL_EIGHT_MODELS,4,4,0.94840611997709789,0.75200674093053199,0.75200674093053199,VERIFIED_DOCUMENTED_VINTAGES_PARTIAL_RELEASE_HISTORY
AR2,standard,STRICT,FIRST_RELEASE,HISTORICAL_POST_DEVELOPMENT_TEST,H3,COMMON_ALL_EIGHT_MODELS,4,4,0.94840611997709789,0.75200674093053199,0.75200674093053199,VERIFIED_DOCUMENTED_VINTAGES_PARTIAL_RELEASE_HISTORY
AR2,standard,STRICT,FIRST_RELEASE,HISTORICAL_POST_DEVELOPMENT_TEST,ALL,COMMON_ALL_EIGHT_MODELS,12,4,0.94840611997709801,0.7520067409305321,0.7520067409305321,VERIFIED_DOCUMENTED_VINTAGES_PARTIAL_RELEASE_HISTORY
AR2,standard,STRICT,FIRST_RELEASE,HISTORICAL_POST_DEVELOPMENT_TEST,H2_H3,COMMON_ALL_EIGHT_MODELS,8,4,0.94840611997709789,0.75200674093053199,0.75200674093053199,VERIFIED_DOCUMENTED_VINTAGES_PARTIAL_RELEASE_HISTORY
AR2,standard,STRICT,FIRST_RELEASE,POOLED_RESEARCH_ONLY,H1,COMMON_ALL_EIGHT_MODELS,10,10,0.72204385204173305,0.59094042420008797,0.59094042420008797,VERIFIED_DOCUMENTED_VINTAGES_PARTIAL_RELEASE_HISTORY
AR2,standard,STRICT,FIRST_RELEASE,POOLED_RESEARCH_ONLY,H2,COMMON_ALL_EIGHT_MODELS,10,10,0.72204385204173305,0.59094042420008797,0.59094042420008797,VERIFIED_DOCUMENTED_VINTAGES_PARTIAL_RELEASE_HISTORY
AR2,standard,STRICT,FIRST_RELEASE,POOLED_RESEARCH_ONLY,H3,COMMON_ALL_EIGHT_MODELS,10,10,0.72204385204173305,0.59094042420008797,0.59094042420008797,VERIFIED_DOCUMENTED_VINTAGES_PARTIAL_RELEASE_HISTORY
AR2,standard,STRICT,FIRST_RELEASE,POOLED_RESEARCH_ONLY,ALL,COMMON_ALL_EIGHT_MODELS,30,10,0.72204385204173305,0.59094042420008797,0.59094042420008797,VERIFIED_DOCUMENTED_VINTAGES_PARTIAL_RELEASE_HISTORY
AR2,standard,STRICT,FIRST_RELEASE,POOLED_RESEARCH_ONLY,H2_H3,COMMON_ALL_EIGHT_MODELS,20,10,0.72204385204173305,0.59094042420008797,0.59094042420008797,VERIFIED_DOCUMENTED_VINTAGES_PARTIAL_RELEASE_HISTORY
AR2,standard,STRICT,LATEST_REVISED,DEVELOPMENT_PSEUDO_OOS,H1,COMMON_ALL_EIGHT_MODELS,6,6,0.59504520629538782,0.5835628797131247,0.5835628797131247,VERIFIED_DOCUMENTED_VINTAGES_PARTIAL_RELEASE_HISTORY
AR2,standard,STRICT,LATEST_REVISED,DEVELOPMENT_PSEUDO_OOS,H2,COMMON_ALL_EIGHT_MODELS,6,6,0.59504520629538782,0.5835628797131247,0.5835628797131247,VERIFIED_DOCUMENTED_VINTAGES_PARTIAL_RELEASE_HISTORY
AR2,standard,STRICT,LATEST_REVISED,DEVELOPMENT_PSEUDO_OOS,H3,COMMON_ALL_EIGHT_MODELS,6,6,0.59504520629538782,0.5835628797131247,0.5835628797131247,VERIFIED_DOCUMENTED_VINTAGES_PARTIAL_RELEASE_HISTORY
AR2,standard,STRICT,LATEST_REVISED,DEVELOPMENT_PSEUDO_OOS,ALL,COMMON_ALL_EIGHT_MODELS,18,6,0.59504520629538782,0.5835628797131247,0.5835628797131247,VERIFIED_DOCUMENTED_VINTAGES_PARTIAL_RELEASE_HISTORY
AR2,standard,STRICT,LATEST_REVISED,DEVELOPMENT_PSEUDO_OOS,H2_H3,COMMON_ALL_EIGHT_MODELS,12,6,0.59504520629538782,0.5835628797131247,0.5835628797131247,VERIFIED_DOCUMENTED_VINTAGES_PARTIAL_RELEASE_HISTORY
AR2,standard,STRICT,LATEST_REVISED,HISTORICAL_POST_DEVELOPMENT_TEST,H1,COMMON_ALL_EIGHT_MODELS,4,4,0.94840611997709878,0.75200674093053221,0.75200674093053221,VERIFIED_DOCUMENTED_VINTAGES_PARTIAL_RELEASE_HISTORY
AR2,standard,STRICT,LATEST_REVISED,HISTORICAL_POST_DEVELOPMENT_TEST,H2,COMMON_ALL_EIGHT_MODELS,4,4,0.94840611997709878,0.75200674093053221,0.75200674093053221,VERIFIED_DOCUMENTED_VINTAGES_PARTIAL_RELEASE_HISTORY
AR2,standard,STRICT,LATEST_REVISED,HISTORICAL_POST_DEVELOPMENT_TEST,H3,COMMON_ALL_EIGHT_MODELS,4,4,0.94840611997709878,0.75200674093053221,0.75200674093053221,VERIFIED_DOCUMENTED_VINTAGES_PARTIAL_RELEASE_HISTORY
AR2,standard,STRICT,LATEST_REVISED,HISTORICAL_POST_DEVELOPMENT_TEST,ALL,COMMON_ALL_EIGHT_MODELS,12,4,0.94840611997709889,0.75200674093053221,0.75200674093053221,VERIFIED_DOCUMENTED_VINTAGES_PARTIAL_RELEASE_HISTORY
AR2,standard,STRICT,LATEST_REVISED,HISTORICAL_POST_DEVELOPMENT_TEST,H2_H3,COMMON_ALL_EIGHT_MODELS,8,4,0.94840611997709878,0.75200674093053221,0.75200674093053221,VERIFIED_DOCUMENTED_VINTAGES_PARTIAL_RELEASE_HISTORY
AR2,standard,STRICT,LATEST_REVISED,POOLED_RESEARCH_ONLY,H1,COMMON_ALL_EIGHT_MODELS,10,10,0.75646344649631181,0.65094042420008769,0.65094042420008769,VERIFIED_DOCUMENTED_VINTAGES_PARTIAL_RELEASE_HISTORY
AR2,standard,STRICT,LATEST_REVISED,POOLED_RESEARCH_ONLY,H2,COMMON_ALL_EIGHT_MODELS,10,10,0.75646344649631181,0.65094042420008769,0.65094042420008769,VERIFIED_DOCUMENTED_VINTAGES_PARTIAL_RELEASE_HISTORY
AR2,standard,STRICT,LATEST_REVISED,POOLED_RESEARCH_ONLY,H3,COMMON_ALL_EIGHT_MODELS,10,10,0.75646344649631181,0.65094042420008769,0.65094042420008769,VERIFIED_DOCUMENTED_VINTAGES_PARTIAL_RELEASE_HISTORY
AR2,standard,STRICT,LATEST_REVISED,POOLED_RESEARCH_ONLY,ALL,COMMON_ALL_EIGHT_MODELS,30,10,0.75646344649631203,0.65094042420008769,0.65094042420008769,VERIFIED_DOCUMENTED_VINTAGES_PARTIAL_RELEASE_HISTORY
AR2,standard,STRICT,LATEST_REVISED,POOLED_RESEARCH_ONLY,H2_H3,COMMON_ALL_EIGHT_MODELS,20,10,0.75646344649631192,0.65094042420008769,0.65094042420008769,VERIFIED_DOCUMENTED_VINTAGES_PARTIAL_RELEASE_HISTORY
COMBO_A,conservative,PERMISSIVE_END_OF_DAY,FIRST_RELEASE,DEVELOPMENT_PSEUDO_OOS,H1,COMMON_ALL_EIGHT_MODELS,6,6,0.37995330338459166,0.30076973855887285,0.30076973855887285,VERIFIED_DOCUMENTED_VINTAGES_PARTIAL_RELEASE_HISTORY
COMBO_A,conservative,PERMISSIVE_END_OF_DAY,FIRST_RELEASE,DEVELOPMENT_PSEUDO_OOS,H2,COMMON_ALL_EIGHT_MODELS,6,6,0.36382375141401202,0.30272193276222287,0.30272193276222287,VERIFIED_DOCUMENTED_VINTAGES_PARTIAL_RELEASE_HISTORY
COMBO_A,conservative,PERMISSIVE_END_OF_DAY,FIRST_RELEASE,DEVELOPMENT_PSEUDO_OOS,H3,COMMON_ALL_EIGHT_MODELS,6,6,0.43850939196571814,0.38304299844380357,0.23498910395045605,VERIFIED_DOCUMENTED_VINTAGES_PARTIAL_RELEASE_HISTORY
COMBO_A,conservative,PERMISSIVE_END_OF_DAY,FIRST_RELEASE,DEVELOPMENT_PSEUDO_OOS,ALL,COMMON_ALL_EIGHT_MODELS,18,6,0.39539968036067513,0.32884488992163313,0.27949359175718391,VERIFIED_DOCUMENTED_VINTAGES_PARTIAL_RELEASE_HISTORY
COMBO_A,conservative,PERMISSIVE_END_OF_DAY,FIRST_RELEASE,DEVELOPMENT_PSEUDO_OOS,H2_H3,COMMON_ALL_EIGHT_MODELS,12,6,0.40290086183520918,0.34288246560301322,0.26885551835633947,VERIFIED_DOCUMENTED_VINTAGES_PARTIAL_RELEASE_HISTORY
COMBO_A,conservative,PERMISSIVE_END_OF_DAY,FIRST_RELEASE,HISTORICAL_POST_DEVELOPMENT_TEST,H1,COMMON_ALL_EIGHT_MODELS,4,4,0.8693433592201778,0.78388233449016642,0.78388233449016642,VERIFIED_DOCUMENTED_VINTAGES_PARTIAL_RELEASE_HISTORY
COMBO_A,conservative,PERMISSIVE_END_OF_DAY,FIRST_RELEASE,HISTORICAL_POST_DEVELOPMENT_TEST,H2,COMMON_ALL_EIGHT_MODELS,4,4,0.98456912174265931,0.82858659456068962,0.82858659456068962,VERIFIED_DOCUMENTED_VINTAGES_PARTIAL_RELEASE_HISTORY
COMBO_A,conservative,PERMISSIVE_END_OF_DAY,FIRST_RELEASE,HISTORICAL_POST_DEVELOPMENT_TEST,H3,COMMON_ALL_EIGHT_MODELS,4,4,0.94640189309116496,0.78904635049982708,0.78904635049982708,VERIFIED_DOCUMENTED_VINTAGES_PARTIAL_RELEASE_HISTORY
COMBO_A,conservative,PERMISSIVE_END_OF_DAY,FIRST_RELEASE,HISTORICAL_POST_DEVELOPMENT_TEST,ALL,COMMON_ALL_EIGHT_MODELS,12,4,0.93466763699828526,0.800505093183561,0.800505093183561,VERIFIED_DOCUMENTED_VINTAGES_PARTIAL_RELEASE_HISTORY
COMBO_A,conservative,PERMISSIVE_END_OF_DAY,FIRST_RELEASE,HISTORICAL_POST_DEVELOPMENT_TEST,H2_H3,COMMON_ALL_EIGHT_MODELS,8,4,0.96567409065782961,0.80881647253025835,0.80881647253025835,VERIFIED_DOCUMENTED_VINTAGES_PARTIAL_RELEASE_HISTORY
COMBO_A,conservative,PERMISSIVE_END_OF_DAY,FIRST_RELEASE,POOLED_RESEARCH_ONLY,H1,COMMON_ALL_EIGHT_MODELS,10,10,0.62363599811092318,0.49401477693139029,0.49401477693139029,VERIFIED_DOCUMENTED_VINTAGES_PARTIAL_RELEASE_HISTORY
COMBO_A,conservative,PERMISSIVE_END_OF_DAY,FIRST_RELEASE,POOLED_RESEARCH_ONLY,H2,COMMON_ALL_EIGHT_MODELS,10,10,0.68349921393621471,0.51306779748160958,0.51306779748160958,VERIFIED_DOCUMENTED_VINTAGES_PARTIAL_RELEASE_HISTORY
COMBO_A,conservative,PERMISSIVE_END_OF_DAY,FIRST_RELEASE,POOLED_RESEARCH_ONLY,H3,COMMON_ALL_EIGHT_MODELS,10,10,0.68821864941594146,0.54544433926621294,0.45661200257020446,VERIFIED_DOCUMENTED_VINTAGES_PARTIAL_RELEASE_HISTORY
COMBO_A,conservative,PERMISSIVE_END_OF_DAY,FIRST_RELEASE,POOLED_RESEARCH_ONLY,ALL,COMMON_ALL_EIGHT_MODELS,30,10,0.66576721231852332,0.51750897122640416,0.48789819232773474,VERIFIED_DOCUMENTED_VINTAGES_PARTIAL_RELEASE_HISTORY
COMBO_A,conservative,PERMISSIVE_END_OF_DAY,FIRST_RELEASE,POOLED_RESEARCH_ONLY,H2_H3,COMMON_ALL_EIGHT_MODELS,20,10,0.68586299100305959,0.52925606837391137,0.48483990002590699,VERIFIED_DOCUMENTED_VINTAGES_PARTIAL_RELEASE_HISTORY
COMBO_A,conservative,PERMISSIVE_END_OF_DAY,LATEST_REVISED,DEVELOPMENT_PSEUDO_OOS,H1,COMMON_ALL_EIGHT_MODELS,6,6,0.43158464224004056,0.40076973855887238,0.40076973855887238,VERIFIED_DOCUMENTED_VINTAGES_PARTIAL_RELEASE_HISTORY
COMBO_A,conservative,PERMISSIVE_END_OF_DAY,LATEST_REVISED,DEVELOPMENT_PSEUDO_OOS,H2,COMMON_ALL_EIGHT_MODELS,6,6,0.4374971326315017,0.4027219327622224,0.4027219327622224,VERIFIED_DOCUMENTED_VINTAGES_PARTIAL_RELEASE_HISTORY
COMBO_A,conservative,PERMISSIVE_END_OF_DAY,LATEST_REVISED,DEVELOPMENT_PSEUDO_OOS,H3,COMMON_ALL_EIGHT_MODELS,6,6,0.45897786398277707,0.41637633177713457,0.33498910395045556,VERIFIED_DOCUMENTED_VINTAGES_PARTIAL_RELEASE_HISTORY
COMBO_A,conservative,PERMISSIVE_END_OF_DAY,LATEST_REVISED,DEVELOPMENT_PSEUDO_OOS,ALL,COMMON_ALL_EIGHT_MODELS,18,6,0.4428429834995854,0.4066226676994098,0.37949359175718345,VERIFIED_DOCUMENTED_VINTAGES_PARTIAL_RELEASE_HISTORY
COMBO_A,conservative,PERMISSIVE_END_OF_DAY,LATEST_REVISED,DEVELOPMENT_PSEUDO_OOS,H2_H3,COMMON_ALL_EIGHT_MODELS,12,6,0.44836615655453882,0.40954913226967848,0.36885551835633895,VERIFIED_DOCUMENTED_VINTAGES_PARTIAL_RELEASE_HISTORY
COMBO_A,conservative,PERMISSIVE_END_OF_DAY,LATEST_REVISED,HISTORICAL_POST_DEVELOPMENT_TEST,H1,COMMON_ALL_EIGHT_MODELS,4,4,0.86934335922017891,0.78388233449016664,0.78388233449016664,VERIFIED_DOCUMENTED_VINTAGES_PARTIAL_RELEASE_HISTORY
COMBO_A,conservative,PERMISSIVE_END_OF_DAY,LATEST_REVISED,HISTORICAL_POST_DEVELOPMENT_TEST,H2,COMMON_ALL_EIGHT_MODELS,4,4,0.98456912174265976,0.82858659456068984,0.82858659456068984,VERIFIED_DOCUMENTED_VINTAGES_PARTIAL_RELEASE_HISTORY
COMBO_A,conservative,PERMISSIVE_END_OF_DAY,LATEST_REVISED,HISTORICAL_POST_DEVELOPMENT_TEST,H3,COMMON_ALL_EIGHT_MODELS,4,4,0.94640189309116551,0.7890463504998273,0.7890463504998273,VERIFIED_DOCUMENTED_VINTAGES_PARTIAL_RELEASE_HISTORY
COMBO_A,conservative,PERMISSIVE_END_OF_DAY,LATEST_REVISED,HISTORICAL_POST_DEVELOPMENT_TEST,ALL,COMMON_ALL_EIGHT_MODELS,12,4,0.93466763699828592,0.80050509318356122,0.80050509318356122,VERIFIED_DOCUMENTED_VINTAGES_PARTIAL_RELEASE_HISTORY
COMBO_A,conservative,PERMISSIVE_END_OF_DAY,LATEST_REVISED,HISTORICAL_POST_DEVELOPMENT_TEST,H2_H3,COMMON_ALL_EIGHT_MODELS,8,4,0.96567409065783005,0.80881647253025857,0.80881647253025857,VERIFIED_DOCUMENTED_VINTAGES_PARTIAL_RELEASE_HISTORY
COMBO_A,conservative,PERMISSIVE_END_OF_DAY,LATEST_REVISED,POOLED_RESEARCH_ONLY,H1,COMMON_ALL_EIGHT_MODELS,10,10,0.64347675368933743,0.55401477693139012,0.55401477693139012,VERIFIED_DOCUMENTED_VINTAGES_PARTIAL_RELEASE_HISTORY
COMBO_A,conservative,PERMISSIVE_END_OF_DAY,LATEST_REVISED,POOLED_RESEARCH_ONLY,H2,COMMON_ALL_EIGHT_MODELS,10,10,0.70893778770221894,0.57306779748160941,0.57306779748160941,VERIFIED_DOCUMENTED_VINTAGES_PARTIAL_RELEASE_HISTORY
COMBO_A,conservative,PERMISSIVE_END_OF_DAY,LATEST_REVISED,POOLED_RESEARCH_ONLY,H3,COMMON_ALL_EIGHT_MODELS,10,10,0.69618031074882625,0.56544433926621163,0.51661200257020423,VERIFIED_DOCUMENTED_VINTAGES_PARTIAL_RELEASE_HISTORY
COMBO_A,conservative,PERMISSIVE_END_OF_DAY,LATEST_REVISED,POOLED_RESEARCH_ONLY,ALL,COMMON_ALL_EIGHT_MODELS,30,10,0.68345254515706666,0.56417563789307035,0.54789819232773451,VERIFIED_DOCUMENTED_VINTAGES_PARTIAL_RELEASE_HISTORY
COMBO_A,conservative,PERMISSIVE_END_OF_DAY,LATEST_REVISED,POOLED_RESEARCH_ONLY,H2_H3,COMMON_ALL_EIGHT_MODELS,20,10,0.70258800584213243,0.56925606837391052,0.54483990002590676,VERIFIED_DOCUMENTED_VINTAGES_PARTIAL_RELEASE_HISTORY
COMBO_A,conservative,STRICT,FIRST_RELEASE,DEVELOPMENT_PSEUDO_OOS,H1,COMMON_ALL_EIGHT_MODELS,6,6,0.37995330338459166,0.30076973855887285,0.30076973855887285,VERIFIED_DOCUMENTED_VINTAGES_PARTIAL_RELEASE_HISTORY
COMBO_A,conservative,STRICT,FIRST_RELEASE,DEVELOPMENT_PSEUDO_OOS,H2,COMMON_ALL_EIGHT_MODELS,6,6,0.36382375141401202,0.30272193276222287,0.30272193276222287,VERIFIED_DOCUMENTED_VINTAGES_PARTIAL_RELEASE_HISTORY
COMBO_A,conservative,STRICT,FIRST_RELEASE,DEVELOPMENT_PSEUDO_OOS,H3,COMMON_ALL_EIGHT_MODELS,6,6,0.43850939196571814,0.38304299844380357,0.23498910395045605,VERIFIED_DOCUMENTED_VINTAGES_PARTIAL_RELEASE_HISTORY
COMBO_A,conservative,STRICT,FIRST_RELEASE,DEVELOPMENT_PSEUDO_OOS,ALL,COMMON_ALL_EIGHT_MODELS,18,6,0.39539968036067513,0.32884488992163313,0.27949359175718391,VERIFIED_DOCUMENTED_VINTAGES_PARTIAL_RELEASE_HISTORY
COMBO_A,conservative,STRICT,FIRST_RELEASE,DEVELOPMENT_PSEUDO_OOS,H2_H3,COMMON_ALL_EIGHT_MODELS,12,6,0.40290086183520918,0.34288246560301322,0.26885551835633947,VERIFIED_DOCUMENTED_VINTAGES_PARTIAL_RELEASE_HISTORY
COMBO_A,conservative,STRICT,FIRST_RELEASE,HISTORICAL_POST_DEVELOPMENT_TEST,H1,COMMON_ALL_EIGHT_MODELS,4,4,0.8693433592201778,0.78388233449016642,0.78388233449016642,VERIFIED_DOCUMENTED_VINTAGES_PARTIAL_RELEASE_HISTORY
COMBO_A,conservative,STRICT,FIRST_RELEASE,HISTORICAL_POST_DEVELOPMENT_TEST,H2,COMMON_ALL_EIGHT_MODELS,4,4,0.98456912174265931,0.82858659456068962,0.82858659456068962,VERIFIED_DOCUMENTED_VINTAGES_PARTIAL_RELEASE_HISTORY
COMBO_A,conservative,STRICT,FIRST_RELEASE,HISTORICAL_POST_DEVELOPMENT_TEST,H3,COMMON_ALL_EIGHT_MODELS,4,4,0.94640189309116496,0.78904635049982708,0.78904635049982708,VERIFIED_DOCUMENTED_VINTAGES_PARTIAL_RELEASE_HISTORY
COMBO_A,conservative,STRICT,FIRST_RELEASE,HISTORICAL_POST_DEVELOPMENT_TEST,ALL,COMMON_ALL_EIGHT_MODELS,12,4,0.93466763699828526,0.800505093183561,0.800505093183561,VERIFIED_DOCUMENTED_VINTAGES_PARTIAL_RELEASE_HISTORY
COMBO_A,conservative,STRICT,FIRST_RELEASE,HISTORICAL_POST_DEVELOPMENT_TEST,H2_H3,COMMON_ALL_EIGHT_MODELS,8,4,0.96567409065782961,0.80881647253025835,0.80881647253025835,VERIFIED_DOCUMENTED_VINTAGES_PARTIAL_RELEASE_HISTORY
COMBO_A,conservative,STRICT,FIRST_RELEASE,POOLED_RESEARCH_ONLY,H1,COMMON_ALL_EIGHT_MODELS,10,10,0.62363599811092318,0.49401477693139029,0.49401477693139029,VERIFIED_DOCUMENTED_VINTAGES_PARTIAL_RELEASE_HISTORY
COMBO_A,conservative,STRICT,FIRST_RELEASE,POOLED_RESEARCH_ONLY,H2,COMMON_ALL_EIGHT_MODELS,10,10,0.68349921393621471,0.51306779748160958,0.51306779748160958,VERIFIED_DOCUMENTED_VINTAGES_PARTIAL_RELEASE_HISTORY
COMBO_A,conservative,STRICT,FIRST_RELEASE,POOLED_RESEARCH_ONLY,H3,COMMON_ALL_EIGHT_MODELS,10,10,0.68821864941594146,0.54544433926621294,0.45661200257020446,VERIFIED_DOCUMENTED_VINTAGES_PARTIAL_RELEASE_HISTORY
COMBO_A,conservative,STRICT,FIRST_RELEASE,POOLED_RESEARCH_ONLY,ALL,COMMON_ALL_EIGHT_MODELS,30,10,0.66576721231852332,0.51750897122640416,0.48789819232773474,VERIFIED_DOCUMENTED_VINTAGES_PARTIAL_RELEASE_HISTORY
COMBO_A,conservative,STRICT,FIRST_RELEASE,POOLED_RESEARCH_ONLY,H2_H3,COMMON_ALL_EIGHT_MODELS,20,10,0.68586299100305959,0.52925606837391137,0.48483990002590699,VERIFIED_DOCUMENTED_VINTAGES_PARTIAL_RELEASE_HISTORY
COMBO_A,conservative,STRICT,LATEST_REVISED,DEVELOPMENT_PSEUDO_OOS,H1,COMMON_ALL_EIGHT_MODELS,6,6,0.43158464224004056,0.40076973855887238,0.40076973855887238,VERIFIED_DOCUMENTED_VINTAGES_PARTIAL_RELEASE_HISTORY
COMBO_A,conservative,STRICT,LATEST_REVISED,DEVELOPMENT_PSEUDO_OOS,H2,COMMON_ALL_EIGHT_MODELS,6,6,0.4374971326315017,0.4027219327622224,0.4027219327622224,VERIFIED_DOCUMENTED_VINTAGES_PARTIAL_RELEASE_HISTORY
COMBO_A,conservative,STRICT,LATEST_REVISED,DEVELOPMENT_PSEUDO_OOS,H3,COMMON_ALL_EIGHT_MODELS,6,6,0.45897786398277707,0.41637633177713457,0.33498910395045556,VERIFIED_DOCUMENTED_VINTAGES_PARTIAL_RELEASE_HISTORY
COMBO_A,conservative,STRICT,LATEST_REVISED,DEVELOPMENT_PSEUDO_OOS,ALL,COMMON_ALL_EIGHT_MODELS,18,6,0.4428429834995854,0.4066226676994098,0.37949359175718345,VERIFIED_DOCUMENTED_VINTAGES_PARTIAL_RELEASE_HISTORY
COMBO_A,conservative,STRICT,LATEST_REVISED,DEVELOPMENT_PSEUDO_OOS,H2_H3,COMMON_ALL_EIGHT_MODELS,12,6,0.44836615655453882,0.40954913226967848,0.36885551835633895,VERIFIED_DOCUMENTED_VINTAGES_PARTIAL_RELEASE_HISTORY
COMBO_A,conservative,STRICT,LATEST_REVISED,HISTORICAL_POST_DEVELOPMENT_TEST,H1,COMMON_ALL_EIGHT_MODELS,4,4,0.86934335922017891,0.78388233449016664,0.78388233449016664,VERIFIED_DOCUMENTED_VINTAGES_PARTIAL_RELEASE_HISTORY
COMBO_A,conservative,STRICT,LATEST_REVISED,HISTORICAL_POST_DEVELOPMENT_TEST,H2,COMMON_ALL_EIGHT_MODELS,4,4,0.98456912174265976,0.82858659456068984,0.82858659456068984,VERIFIED_DOCUMENTED_VINTAGES_PARTIAL_RELEASE_HISTORY
COMBO_A,conservative,STRICT,LATEST_REVISED,HISTORICAL_POST_DEVELOPMENT_TEST,H3,COMMON_ALL_EIGHT_MODELS,4,4,0.94640189309116551,0.7890463504998273,0.7890463504998273,VERIFIED_DOCUMENTED_VINTAGES_PARTIAL_RELEASE_HISTORY
COMBO_A,conservative,STRICT,LATEST_REVISED,HISTORICAL_POST_DEVELOPMENT_TEST,ALL,COMMON_ALL_EIGHT_MODELS,12,4,0.93466763699828592,0.80050509318356122,0.80050509318356122,VERIFIED_DOCUMENTED_VINTAGES_PARTIAL_RELEASE_HISTORY
COMBO_A,conservative,STRICT,LATEST_REVISED,HISTORICAL_POST_DEVELOPMENT_TEST,H2_H3,COMMON_ALL_EIGHT_MODELS,8,4,0.96567409065783005,0.80881647253025857,0.80881647253025857,VERIFIED_DOCUMENTED_VINTAGES_PARTIAL_RELEASE_HISTORY
COMBO_A,conservative,STRICT,LATEST_REVISED,POOLED_RESEARCH_ONLY,H1,COMMON_ALL_EIGHT_MODELS,10,10,0.64347675368933743,0.55401477693139012,0.55401477693139012,VERIFIED_DOCUMENTED_VINTAGES_PARTIAL_RELEASE_HISTORY
COMBO_A,conservative,STRICT,LATEST_REVISED,POOLED_RESEARCH_ONLY,H2,COMMON_ALL_EIGHT_MODELS,10,10,0.70893778770221894,0.57306779748160941,0.57306779748160941,VERIFIED_DOCUMENTED_VINTAGES_PARTIAL_RELEASE_HISTORY
COMBO_A,conservative,STRICT,LATEST_REVISED,POOLED_RESEARCH_ONLY,H3,COMMON_ALL_EIGHT_MODELS,10,10,0.69618031074882625,0.56544433926621163,0.51661200257020423,VERIFIED_DOCUMENTED_VINTAGES_PARTIAL_RELEASE_HISTORY
COMBO_A,conservative,STRICT,LATEST_REVISED,POOLED_RESEARCH_ONLY,ALL,COMMON_ALL_EIGHT_MODELS,30,10,0.68345254515706666,0.56417563789307035,0.54789819232773451,VERIFIED_DOCUMENTED_VINTAGES_PARTIAL_RELEASE_HISTORY
COMBO_A,conservative,STRICT,LATEST_REVISED,POOLED_RESEARCH_ONLY,H2_H3,COMMON_ALL_EIGHT_MODELS,20,10,0.70258800584213243,0.56925606837391052,0.54483990002590676,VERIFIED_DOCUMENTED_VINTAGES_PARTIAL_RELEASE_HISTORY
COMBO_A,standard,PERMISSIVE_END_OF_DAY,FIRST_RELEASE,DEVELOPMENT_PSEUDO_OOS,H1,COMMON_ALL_EIGHT_MODELS,6,6,0.33910377827877586,0.27706232430025074,0.27706232430025074,VERIFIED_DOCUMENTED_VINTAGES_PARTIAL_RELEASE_HISTORY
COMBO_A,standard,PERMISSIVE_END_OF_DAY,FIRST_RELEASE,DEVELOPMENT_PSEUDO_OOS,H2,COMMON_ALL_EIGHT_MODELS,6,6,0.3438969224372983,0.28045015882180974,0.24133948488592871,VERIFIED_DOCUMENTED_VINTAGES_PARTIAL_RELEASE_HISTORY
COMBO_A,standard,PERMISSIVE_END_OF_DAY,FIRST_RELEASE,DEVELOPMENT_PSEUDO_OOS,H3,COMMON_ALL_EIGHT_MODELS,6,6,0.25670498759235227,0.22785048012053943,-0.0065060799952054715,VERIFIED_DOCUMENTED_VINTAGES_PARTIAL_RELEASE_HISTORY
COMBO_A,standard,PERMISSIVE_END_OF_DAY,FIRST_RELEASE,DEVELOPMENT_PSEUDO_OOS,ALL,COMMON_ALL_EIGHT_MODELS,18,6,0.31578152593186748,0.26178765441419993,0.17063190973032466,VERIFIED_DOCUMENTED_VINTAGES_PARTIAL_RELEASE_HISTORY
COMBO_A,standard,PERMISSIVE_END_OF_DAY,FIRST_RELEASE,DEVELOPMENT_PSEUDO_OOS,H2_H3,COMMON_ALL_EIGHT_MODELS,12,6,0.30344896104339764,0.25415031947117456,0.11741670244536162,VERIFIED_DOCUMENTED_VINTAGES_PARTIAL_RELEASE_HISTORY
COMBO_A,standard,PERMISSIVE_END_OF_DAY,FIRST_RELEASE,HISTORICAL_POST_DEVELOPMENT_TEST,H1,COMMON_ALL_EIGHT_MODELS,4,4,0.93700641855406452,0.76785766806718092,0.76785766806718092,VERIFIED_DOCUMENTED_VINTAGES_PARTIAL_RELEASE_HISTORY
COMBO_A,standard,PERMISSIVE_END_OF_DAY,FIRST_RELEASE,HISTORICAL_POST_DEVELOPMENT_TEST,H2,COMMON_ALL_EIGHT_MODELS,4,4,0.89511041386014822,0.71425205897893496,0.71425205897893496,VERIFIED_DOCUMENTED_VINTAGES_PARTIAL_RELEASE_HISTORY
COMBO_A,standard,PERMISSIVE_END_OF_DAY,FIRST_RELEASE,HISTORICAL_POST_DEVELOPMENT_TEST,H3,COMMON_ALL_EIGHT_MODELS,4,4,0.56310389994274912,0.49404545456623739,0.49404545456623739,VERIFIED_DOCUMENTED_VINTAGES_PARTIAL_RELEASE_HISTORY
COMBO_A,standard,PERMISSIVE_END_OF_DAY,FIRST_RELEASE,HISTORICAL_POST_DEVELOPMENT_TEST,ALL,COMMON_ALL_EIGHT_MODELS,12,4,0.81573886416817121,0.65871839387078446,0.65871839387078446,VERIFIED_DOCUMENTED_VINTAGES_PARTIAL_RELEASE_HISTORY
COMBO_A,standard,PERMISSIVE_END_OF_DAY,FIRST_RELEASE,HISTORICAL_POST_DEVELOPMENT_TEST,H2_H3,COMMON_ALL_EIGHT_MODELS,8,4,0.74776622521066682,0.60414875677258617,0.60414875677258617,VERIFIED_DOCUMENTED_VINTAGES_PARTIAL_RELEASE_HISTORY
COMBO_A,standard,PERMISSIVE_END_OF_DAY,FIRST_RELEASE,POOLED_RESEARCH_ONLY,H1,COMMON_ALL_EIGHT_MODELS,10,10,0.64821850855276464,0.47338046180702281,0.47338046180702281,VERIFIED_DOCUMENTED_VINTAGES_PARTIAL_RELEASE_HISTORY
COMBO_A,standard,PERMISSIVE_END_OF_DAY,FIRST_RELEASE,POOLED_RESEARCH_ONLY,H2,COMMON_ALL_EIGHT_MODELS,10,10,0.62565814719977986,0.45397091888465979,0.43050451452313121,VERIFIED_DOCUMENTED_VINTAGES_PARTIAL_RELEASE_HISTORY
COMBO_A,standard,PERMISSIVE_END_OF_DAY,FIRST_RELEASE,POOLED_RESEARCH_ONLY,H3,COMMON_ALL_EIGHT_MODELS,10,10,0.40788830731606812,0.33432846989881859,0.19371453382937168,VERIFIED_DOCUMENTED_VINTAGES_PARTIAL_RELEASE_HISTORY
COMBO_A,standard,PERMISSIVE_END_OF_DAY,FIRST_RELEASE,POOLED_RESEARCH_ONLY,ALL,COMMON_ALL_EIGHT_MODELS,30,10,0.57096649733383342,0.42055995019683379,0.36586650338650856,VERIFIED_DOCUMENTED_VINTAGES_PARTIAL_RELEASE_HISTORY
COMBO_A,standard,PERMISSIVE_END_OF_DAY,FIRST_RELEASE,POOLED_RESEARCH_ONLY,H2_H3,COMMON_ALL_EIGHT_MODELS,20,10,0.52811977259075837,0.39414969439173919,0.31210952417625143,VERIFIED_DOCUMENTED_VINTAGES_PARTIAL_RELEASE_HISTORY
COMBO_A,standard,PERMISSIVE_END_OF_DAY,LATEST_REVISED,DEVELOPMENT_PSEUDO_OOS,H1,COMMON_ALL_EIGHT_MODELS,6,6,0.40978390491505567,0.37706232430025022,0.37706232430025022,VERIFIED_DOCUMENTED_VINTAGES_PARTIAL_RELEASE_HISTORY
COMBO_A,standard,PERMISSIVE_END_OF_DAY,LATEST_REVISED,DEVELOPMENT_PSEUDO_OOS,H2,COMMON_ALL_EIGHT_MODELS,6,6,0.40128655257469337,0.34133948488592819,0.34133948488592819,VERIFIED_DOCUMENTED_VINTAGES_PARTIAL_RELEASE_HISTORY
COMBO_A,standard,PERMISSIVE_END_OF_DAY,LATEST_REVISED,DEVELOPMENT_PSEUDO_OOS,H3,COMMON_ALL_EIGHT_MODELS,6,6,0.27133035057773419,0.26118381345386954,0.093493920004794021,VERIFIED_DOCUMENTED_VINTAGES_PARTIAL_RELEASE_HISTORY
COMBO_A,standard,PERMISSIVE_END_OF_DAY,LATEST_REVISED,DEVELOPMENT_PSEUDO_OOS,ALL,COMMON_ALL_EIGHT_MODELS,18,6,0.36632130939443025,0.32652854088001598,0.27063190973032414,VERIFIED_DOCUMENTED_VINTAGES_PARTIAL_RELEASE_HISTORY
COMBO_A,standard,PERMISSIVE_END_OF_DAY,LATEST_REVISED,DEVELOPMENT_PSEUDO_OOS,H2_H3,COMMON_ALL_EIGHT_MODELS,12,6,0.3425281422174814,0.30126164916989889,0.21741670244536113,VERIFIED_DOCUMENTED_VINTAGES_PARTIAL_RELEASE_HISTORY
COMBO_A,standard,PERMISSIVE_END_OF_DAY,LATEST_REVISED,HISTORICAL_POST_DEVELOPMENT_TEST,H1,COMMON_ALL_EIGHT_MODELS,4,4,0.93700641855406497,0.76785766806718114,0.76785766806718114,VERIFIED_DOCUMENTED_VINTAGES_PARTIAL_RELEASE_HISTORY
COMBO_A,standard,PERMISSIVE_END_OF_DAY,LATEST_REVISED,HISTORICAL_POST_DEVELOPMENT_TEST,H2,COMMON_ALL_EIGHT_MODELS,4,4,0.89511041386014889,0.71425205897893518,0.71425205897893518,VERIFIED_DOCUMENTED_VINTAGES_PARTIAL_RELEASE_HISTORY
COMBO_A,standard,PERMISSIVE_END_OF_DAY,LATEST_REVISED,HISTORICAL_POST_DEVELOPMENT_TEST,H3,COMMON_ALL_EIGHT_MODELS,4,4,0.56310389994275023,0.49404545456623761,0.49404545456623761,VERIFIED_DOCUMENTED_VINTAGES_PARTIAL_RELEASE_HISTORY
COMBO_A,standard,PERMISSIVE_END_OF_DAY,LATEST_REVISED,HISTORICAL_POST_DEVELOPMENT_TEST,ALL,COMMON_ALL_EIGHT_MODELS,12,4,0.81573886416817176,0.65871839387078468,0.65871839387078468,VERIFIED_DOCUMENTED_VINTAGES_PARTIAL_RELEASE_HISTORY
COMBO_A,standard,PERMISSIVE_END_OF_DAY,LATEST_REVISED,HISTORICAL_POST_DEVELOPMENT_TEST,H2_H3,COMMON_ALL_EIGHT_MODELS,8,4,0.74776622521066771,0.60414875677258639,0.60414875677258639,VERIFIED_DOCUMENTED_VINTAGES_PARTIAL_RELEASE_HISTORY
COMBO_A,standard,PERMISSIVE_END_OF_DAY,LATEST_REVISED,POOLED_RESEARCH_ONLY,H1,COMMON_ALL_EIGHT_MODELS,10,10,0.67226938097838795,0.53338046180702259,0.53338046180702259,VERIFIED_DOCUMENTED_VINTAGES_PARTIAL_RELEASE_HISTORY
COMBO_A,standard,PERMISSIVE_END_OF_DAY,LATEST_REVISED,POOLED_RESEARCH_ONLY,H2,COMMON_ALL_EIGHT_MODELS,10,10,0.64583867921232785,0.49050451452313099,0.49050451452313099,VERIFIED_DOCUMENTED_VINTAGES_PARTIAL_RELEASE_HISTORY
COMBO_A,standard,PERMISSIVE_END_OF_DAY,LATEST_REVISED,POOLED_RESEARCH_ONLY,H3,COMMON_ALL_EIGHT_MODELS,10,10,0.41352931738762572,0.35432846989881678,0.25371453382937148,VERIFIED_DOCUMENTED_VINTAGES_PARTIAL_RELEASE_HISTORY
COMBO_A,standard,PERMISSIVE_END_OF_DAY,LATEST_REVISED,POOLED_RESEARCH_ONLY,ALL,COMMON_ALL_EIGHT_MODELS,30,10,0.58880110295041188,0.45940448207632351,0.42586650338650844,VERIFIED_DOCUMENTED_VINTAGES_PARTIAL_RELEASE_HISTORY
COMBO_A,standard,PERMISSIVE_END_OF_DAY,LATEST_REVISED,POOLED_RESEARCH_ONLY,H2_H3,COMMON_ALL_EIGHT_MODELS,20,10,0.54227027205342904,0.42241649221097388,0.37210952417625121,VERIFIED_DOCUMENTED_VINTAGES_PARTIAL_RELEASE_HISTORY
COMBO_A,standard,STRICT,FIRST_RELEASE,DEVELOPMENT_PSEUDO_OOS,H1,COMMON_ALL_EIGHT_MODELS,6,6,0.33910377827877586,0.27706232430025074,0.27706232430025074,VERIFIED_DOCUMENTED_VINTAGES_PARTIAL_RELEASE_HISTORY
COMBO_A,standard,STRICT,FIRST_RELEASE,DEVELOPMENT_PSEUDO_OOS,H2,COMMON_ALL_EIGHT_MODELS,6,6,0.3438969224372983,0.28045015882180974,0.24133948488592871,VERIFIED_DOCUMENTED_VINTAGES_PARTIAL_RELEASE_HISTORY
COMBO_A,standard,STRICT,FIRST_RELEASE,DEVELOPMENT_PSEUDO_OOS,H3,COMMON_ALL_EIGHT_MODELS,6,6,0.25670498759235227,0.22785048012053943,-0.0065060799952054715,VERIFIED_DOCUMENTED_VINTAGES_PARTIAL_RELEASE_HISTORY
COMBO_A,standard,STRICT,FIRST_RELEASE,DEVELOPMENT_PSEUDO_OOS,ALL,COMMON_ALL_EIGHT_MODELS,18,6,0.31578152593186748,0.26178765441419993,0.17063190973032466,VERIFIED_DOCUMENTED_VINTAGES_PARTIAL_RELEASE_HISTORY
COMBO_A,standard,STRICT,FIRST_RELEASE,DEVELOPMENT_PSEUDO_OOS,H2_H3,COMMON_ALL_EIGHT_MODELS,12,6,0.30344896104339764,0.25415031947117456,0.11741670244536162,VERIFIED_DOCUMENTED_VINTAGES_PARTIAL_RELEASE_HISTORY
COMBO_A,standard,STRICT,FIRST_RELEASE,HISTORICAL_POST_DEVELOPMENT_TEST,H1,COMMON_ALL_EIGHT_MODELS,4,4,0.93700641855406452,0.76785766806718092,0.76785766806718092,VERIFIED_DOCUMENTED_VINTAGES_PARTIAL_RELEASE_HISTORY
COMBO_A,standard,STRICT,FIRST_RELEASE,HISTORICAL_POST_DEVELOPMENT_TEST,H2,COMMON_ALL_EIGHT_MODELS,4,4,0.89511041386014822,0.71425205897893496,0.71425205897893496,VERIFIED_DOCUMENTED_VINTAGES_PARTIAL_RELEASE_HISTORY
COMBO_A,standard,STRICT,FIRST_RELEASE,HISTORICAL_POST_DEVELOPMENT_TEST,H3,COMMON_ALL_EIGHT_MODELS,4,4,0.56310389994274912,0.49404545456623739,0.49404545456623739,VERIFIED_DOCUMENTED_VINTAGES_PARTIAL_RELEASE_HISTORY
COMBO_A,standard,STRICT,FIRST_RELEASE,HISTORICAL_POST_DEVELOPMENT_TEST,ALL,COMMON_ALL_EIGHT_MODELS,12,4,0.81573886416817121,0.65871839387078446,0.65871839387078446,VERIFIED_DOCUMENTED_VINTAGES_PARTIAL_RELEASE_HISTORY
COMBO_A,standard,STRICT,FIRST_RELEASE,HISTORICAL_POST_DEVELOPMENT_TEST,H2_H3,COMMON_ALL_EIGHT_MODELS,8,4,0.74776622521066682,0.60414875677258617,0.60414875677258617,VERIFIED_DOCUMENTED_VINTAGES_PARTIAL_RELEASE_HISTORY
COMBO_A,standard,STRICT,FIRST_RELEASE,POOLED_RESEARCH_ONLY,H1,COMMON_ALL_EIGHT_MODELS,10,10,0.64821850855276464,0.47338046180702281,0.47338046180702281,VERIFIED_DOCUMENTED_VINTAGES_PARTIAL_RELEASE_HISTORY
COMBO_A,standard,STRICT,FIRST_RELEASE,POOLED_RESEARCH_ONLY,H2,COMMON_ALL_EIGHT_MODELS,10,10,0.62565814719977986,0.45397091888465979,0.43050451452313121,VERIFIED_DOCUMENTED_VINTAGES_PARTIAL_RELEASE_HISTORY
COMBO_A,standard,STRICT,FIRST_RELEASE,POOLED_RESEARCH_ONLY,H3,COMMON_ALL_EIGHT_MODELS,10,10,0.40788830731606812,0.33432846989881859,0.19371453382937168,VERIFIED_DOCUMENTED_VINTAGES_PARTIAL_RELEASE_HISTORY
COMBO_A,standard,STRICT,FIRST_RELEASE,POOLED_RESEARCH_ONLY,ALL,COMMON_ALL_EIGHT_MODELS,30,10,0.57096649733383342,0.42055995019683379,0.36586650338650856,VERIFIED_DOCUMENTED_VINTAGES_PARTIAL_RELEASE_HISTORY
COMBO_A,standard,STRICT,FIRST_RELEASE,POOLED_RESEARCH_ONLY,H2_H3,COMMON_ALL_EIGHT_MODELS,20,10,0.52811977259075837,0.39414969439173919,0.31210952417625143,VERIFIED_DOCUMENTED_VINTAGES_PARTIAL_RELEASE_HISTORY
COMBO_A,standard,STRICT,LATEST_REVISED,DEVELOPMENT_PSEUDO_OOS,H1,COMMON_ALL_EIGHT_MODELS,6,6,0.40978390491505567,0.37706232430025022,0.37706232430025022,VERIFIED_DOCUMENTED_VINTAGES_PARTIAL_RELEASE_HISTORY
COMBO_A,standard,STRICT,LATEST_REVISED,DEVELOPMENT_PSEUDO_OOS,H2,COMMON_ALL_EIGHT_MODELS,6,6,0.40128655257469337,0.34133948488592819,0.34133948488592819,VERIFIED_DOCUMENTED_VINTAGES_PARTIAL_RELEASE_HISTORY
COMBO_A,standard,STRICT,LATEST_REVISED,DEVELOPMENT_PSEUDO_OOS,H3,COMMON_ALL_EIGHT_MODELS,6,6,0.27133035057773419,0.26118381345386954,0.093493920004794021,VERIFIED_DOCUMENTED_VINTAGES_PARTIAL_RELEASE_HISTORY
COMBO_A,standard,STRICT,LATEST_REVISED,DEVELOPMENT_PSEUDO_OOS,ALL,COMMON_ALL_EIGHT_MODELS,18,6,0.36632130939443025,0.32652854088001598,0.27063190973032414,VERIFIED_DOCUMENTED_VINTAGES_PARTIAL_RELEASE_HISTORY
COMBO_A,standard,STRICT,LATEST_REVISED,DEVELOPMENT_PSEUDO_OOS,H2_H3,COMMON_ALL_EIGHT_MODELS,12,6,0.3425281422174814,0.30126164916989889,0.21741670244536113,VERIFIED_DOCUMENTED_VINTAGES_PARTIAL_RELEASE_HISTORY
COMBO_A,standard,STRICT,LATEST_REVISED,HISTORICAL_POST_DEVELOPMENT_TEST,H1,COMMON_ALL_EIGHT_MODELS,4,4,0.93700641855406497,0.76785766806718114,0.76785766806718114,VERIFIED_DOCUMENTED_VINTAGES_PARTIAL_RELEASE_HISTORY
COMBO_A,standard,STRICT,LATEST_REVISED,HISTORICAL_POST_DEVELOPMENT_TEST,H2,COMMON_ALL_EIGHT_MODELS,4,4,0.89511041386014889,0.71425205897893518,0.71425205897893518,VERIFIED_DOCUMENTED_VINTAGES_PARTIAL_RELEASE_HISTORY
COMBO_A,standard,STRICT,LATEST_REVISED,HISTORICAL_POST_DEVELOPMENT_TEST,H3,COMMON_ALL_EIGHT_MODELS,4,4,0.56310389994275023,0.49404545456623761,0.49404545456623761,VERIFIED_DOCUMENTED_VINTAGES_PARTIAL_RELEASE_HISTORY
COMBO_A,standard,STRICT,LATEST_REVISED,HISTORICAL_POST_DEVELOPMENT_TEST,ALL,COMMON_ALL_EIGHT_MODELS,12,4,0.81573886416817176,0.65871839387078468,0.65871839387078468,VERIFIED_DOCUMENTED_VINTAGES_PARTIAL_RELEASE_HISTORY
COMBO_A,standard,STRICT,LATEST_REVISED,HISTORICAL_POST_DEVELOPMENT_TEST,H2_H3,COMMON_ALL_EIGHT_MODELS,8,4,0.74776622521066771,0.60414875677258639,0.60414875677258639,VERIFIED_DOCUMENTED_VINTAGES_PARTIAL_RELEASE_HISTORY
COMBO_A,standard,STRICT,LATEST_REVISED,POOLED_RESEARCH_ONLY,H1,COMMON_ALL_EIGHT_MODELS,10,10,0.67226938097838795,0.53338046180702259,0.53338046180702259,VERIFIED_DOCUMENTED_VINTAGES_PARTIAL_RELEASE_HISTORY
COMBO_A,standard,STRICT,LATEST_REVISED,POOLED_RESEARCH_ONLY,H2,COMMON_ALL_EIGHT_MODELS,10,10,0.64583867921232785,0.49050451452313099,0.49050451452313099,VERIFIED_DOCUMENTED_VINTAGES_PARTIAL_RELEASE_HISTORY
COMBO_A,standard,STRICT,LATEST_REVISED,POOLED_RESEARCH_ONLY,H3,COMMON_ALL_EIGHT_MODELS,10,10,0.41352931738762572,0.35432846989881678,0.25371453382937148,VERIFIED_DOCUMENTED_VINTAGES_PARTIAL_RELEASE_HISTORY
COMBO_A,standard,STRICT,LATEST_REVISED,POOLED_RESEARCH_ONLY,ALL,COMMON_ALL_EIGHT_MODELS,30,10,0.58880110295041188,0.45940448207632351,0.42586650338650844,VERIFIED_DOCUMENTED_VINTAGES_PARTIAL_RELEASE_HISTORY
COMBO_A,standard,STRICT,LATEST_REVISED,POOLED_RESEARCH_ONLY,H2_H3,COMMON_ALL_EIGHT_MODELS,20,10,0.54227027205342904,0.42241649221097388,0.37210952417625121,VERIFIED_DOCUMENTED_VINTAGES_PARTIAL_RELEASE_HISTORY
COMBO_B,conservative,PERMISSIVE_END_OF_DAY,FIRST_RELEASE,DEVELOPMENT_PSEUDO_OOS,H1,COMMON_ALL_EIGHT_MODELS,6,6,0.32939269285508416,0.26493878289594913,0.25946257198593337,VERIFIED_DOCUMENTED_VINTAGES_PARTIAL_RELEASE_HISTORY
COMBO_B,conservative,PERMISSIVE_END_OF_DAY,FIRST_RELEASE,DEVELOPMENT_PSEUDO_OOS,H2,COMMON_ALL_EIGHT_MODELS,6,6,0.3131941891517987,0.25693683847672216,0.25693683847672216,VERIFIED_DOCUMENTED_VINTAGES_PARTIAL_RELEASE_HISTORY
COMBO_B,conservative,PERMISSIVE_END_OF_DAY,FIRST_RELEASE,DEVELOPMENT_PSEUDO_OOS,H3,COMMON_ALL_EIGHT_MODELS,6,6,0.37494232763996443,0.32639083338675406,0.19933940534671443,VERIFIED_DOCUMENTED_VINTAGES_PARTIAL_RELEASE_HISTORY
COMBO_B,conservative,PERMISSIVE_END_OF_DAY,FIRST_RELEASE,DEVELOPMENT_PSEUDO_OOS,ALL,COMMON_ALL_EIGHT_MODELS,18,6,0.34018225276110003,0.28275548491980845,0.23857960526979,VERIFIED_DOCUMENTED_VINTAGES_PARTIAL_RELEASE_HISTORY
COMBO_B,conservative,PERMISSIVE_END_OF_DAY,FIRST_RELEASE,DEVELOPMENT_PSEUDO_OOS,H2_H3,COMMON_ALL_EIGHT_MODELS,12,6,0.34545068329251216,0.29166383593173811,0.22813812191171831,VERIFIED_DOCUMENTED_VINTAGES_PARTIAL_RELEASE_HISTORY
COMBO_B,conservative,PERMISSIVE_END_OF_DAY,FIRST_RELEASE,HISTORICAL_POST_DEVELOPMENT_TEST,H1,COMMON_ALL_EIGHT_MODELS,4,4,0.63235204977889514,0.51520138756404932,0.51520138756404932,VERIFIED_DOCUMENTED_VINTAGES_PARTIAL_RELEASE_HISTORY
COMBO_B,conservative,PERMISSIVE_END_OF_DAY,FIRST_RELEASE,HISTORICAL_POST_DEVELOPMENT_TEST,H2,COMMON_ALL_EIGHT_MODELS,4,4,0.78912510934483693,0.66414453411503205,0.58575306828450158,VERIFIED_DOCUMENTED_VINTAGES_PARTIAL_RELEASE_HISTORY
COMBO_B,conservative,PERMISSIVE_END_OF_DAY,FIRST_RELEASE,HISTORICAL_POST_DEVELOPMENT_TEST,H3,COMMON_ALL_EIGHT_MODELS,4,4,0.78552563743624138,0.60782378325578801,0.56983099085329103,VERIFIED_DOCUMENTED_VINTAGES_PARTIAL_RELEASE_HISTORY
COMBO_B,conservative,PERMISSIVE_END_OF_DAY,FIRST_RELEASE,HISTORICAL_POST_DEVELOPMENT_TEST,ALL,COMMON_ALL_EIGHT_MODELS,12,4,0.739287512886041,0.59572323497828983,0.55692848223394731,VERIFIED_DOCUMENTED_VINTAGES_PARTIAL_RELEASE_HISTORY
COMBO_B,conservative,PERMISSIVE_END_OF_DAY,FIRST_RELEASE,HISTORICAL_POST_DEVELOPMENT_TEST,H2_H3,COMMON_ALL_EIGHT_MODELS,8,4,0.78732743038335529,0.63598415868541003,0.5777920295688963,VERIFIED_DOCUMENTED_VINTAGES_PARTIAL_RELEASE_HISTORY
COMBO_B,conservative,PERMISSIVE_END_OF_DAY,FIRST_RELEASE,POOLED_RESEARCH_ONLY,H1,COMMON_ALL_EIGHT_MODELS,10,10,0.47439158256404851,0.3650438247631892,0.36175809821717975,VERIFIED_DOCUMENTED_VINTAGES_PARTIAL_RELEASE_HISTORY
COMBO_B,conservative,PERMISSIVE_END_OF_DAY,FIRST_RELEASE,POOLED_RESEARCH_ONLY,H2,COMMON_ALL_EIGHT_MODELS,10,10,0.55492498173219051,0.41981991673204611,0.38846333039983394,VERIFIED_DOCUMENTED_VINTAGES_PARTIAL_RELEASE_HISTORY
COMBO_B,conservative,PERMISSIVE_END_OF_DAY,FIRST_RELEASE,POOLED_RESEARCH_ONLY,H3,COMMON_ALL_EIGHT_MODELS,10,10,0.57547307518379165,0.43896401333436763,0.34753603954934509,VERIFIED_DOCUMENTED_VINTAGES_PARTIAL_RELEASE_HISTORY
COMBO_B,conservative,PERMISSIVE_END_OF_DAY,FIRST_RELEASE,POOLED_RESEARCH_ONLY,ALL,COMMON_ALL_EIGHT_MODELS,30,10,0.53670549628251563,0.40794258494320096,0.36591915605545289,VERIFIED_DOCUMENTED_VINTAGES_PARTIAL_RELEASE_HISTORY
COMBO_B,conservative,PERMISSIVE_END_OF_DAY,FIRST_RELEASE,POOLED_RESEARCH_ONLY,H2_H3,COMMON_ALL_EIGHT_MODELS,20,10,0.56529240027262084,0.42939196503320687,0.36799968497458951,VERIFIED_DOCUMENTED_VINTAGES_PARTIAL_RELEASE_HISTORY
COMBO_B,conservative,PERMISSIVE_END_OF_DAY,LATEST_REVISED,DEVELOPMENT_PSEUDO_OOS,H1,COMMON_ALL_EIGHT_MODELS,6,6,0.38302104975242252,0.35946257198593284,0.35946257198593284,VERIFIED_DOCUMENTED_VINTAGES_PARTIAL_RELEASE_HISTORY
COMBO_B,conservative,PERMISSIVE_END_OF_DAY,LATEST_REVISED,DEVELOPMENT_PSEUDO_OOS,H2,COMMON_ALL_EIGHT_MODELS,6,6,0.38864970489156792,0.3569368384767217,0.3569368384767217,VERIFIED_DOCUMENTED_VINTAGES_PARTIAL_RELEASE_HISTORY
COMBO_B,conservative,PERMISSIVE_END_OF_DAY,LATEST_REVISED,DEVELOPMENT_PSEUDO_OOS,H3,COMMON_ALL_EIGHT_MODELS,6,6,0.39949579369627175,0.35972416672008506,0.29933940534671394,VERIFIED_DOCUMENTED_VINTAGES_PARTIAL_RELEASE_HISTORY
COMBO_B,conservative,PERMISSIVE_END_OF_DAY,LATEST_REVISED,DEVELOPMENT_PSEUDO_OOS,ALL,COMMON_ALL_EIGHT_MODELS,18,6,0.39044871914536339,0.35870785906091318,0.33857960526978947,VERIFIED_DOCUMENTED_VINTAGES_PARTIAL_RELEASE_HISTORY
COMBO_B,conservative,PERMISSIVE_END_OF_DAY,LATEST_REVISED,DEVELOPMENT_PSEUDO_OOS,H2_H3,COMMON_ALL_EIGHT_MODELS,12,6,0.39411006222457512,0.35833050259840338,0.32813812191171782,VERIFIED_DOCUMENTED_VINTAGES_PARTIAL_RELEASE_HISTORY
COMBO_B,conservative,PERMISSIVE_END_OF_DAY,LATEST_REVISED,HISTORICAL_POST_DEVELOPMENT_TEST,H1,COMMON_ALL_EIGHT_MODELS,4,4,0.63235204977889647,0.51520138756404954,0.51520138756404954,VERIFIED_DOCUMENTED_VINTAGES_PARTIAL_RELEASE_HISTORY
COMBO_B,conservative,PERMISSIVE_END_OF_DAY,LATEST_REVISED,HISTORICAL_POST_DEVELOPMENT_TEST,H2,COMMON_ALL_EIGHT_MODELS,4,4,0.78912510934483726,0.66414453411503094,0.5857530682845018,VERIFIED_DOCUMENTED_VINTAGES_PARTIAL_RELEASE_HISTORY
COMBO_B,conservative,PERMISSIVE_END_OF_DAY,LATEST_REVISED,HISTORICAL_POST_DEVELOPMENT_TEST,H3,COMMON_ALL_EIGHT_MODELS,4,4,0.78552563743624182,0.6078237832557869,0.56983099085329125,VERIFIED_DOCUMENTED_VINTAGES_PARTIAL_RELEASE_HISTORY
COMBO_B,conservative,PERMISSIVE_END_OF_DAY,LATEST_REVISED,HISTORICAL_POST_DEVELOPMENT_TEST,ALL,COMMON_ALL_EIGHT_MODELS,12,4,0.73928751288604166,0.59572323497828916,0.55692848223394753,VERIFIED_DOCUMENTED_VINTAGES_PARTIAL_RELEASE_HISTORY
COMBO_B,conservative,PERMISSIVE_END_OF_DAY,LATEST_REVISED,HISTORICAL_POST_DEVELOPMENT_TEST,H2_H3,COMMON_ALL_EIGHT_MODELS,8,4,0.78732743038335562,0.63598415868540892,0.57779202956889653,VERIFIED_DOCUMENTED_VINTAGES_PARTIAL_RELEASE_HISTORY
COMBO_B,conservative,PERMISSIVE_END_OF_DAY,LATEST_REVISED,POOLED_RESEARCH_ONLY,H1,COMMON_ALL_EIGHT_MODELS,10,10,0.49796658590300752,0.42175809821717952,0.42175809821717952,VERIFIED_DOCUMENTED_VINTAGES_PARTIAL_RELEASE_HISTORY
COMBO_B,conservative,PERMISSIVE_END_OF_DAY,LATEST_REVISED,POOLED_RESEARCH_ONLY,H2,COMMON_ALL_EIGHT_MODELS,10,10,0.58285206626277153,0.47981991673204538,0.44846333039983372,VERIFIED_DOCUMENTED_VINTAGES_PARTIAL_RELEASE_HISTORY
COMBO_B,conservative,PERMISSIVE_END_OF_DAY,LATEST_REVISED,POOLED_RESEARCH_ONLY,H3,COMMON_ALL_EIGHT_MODELS,10,10,0.58530192579253837,0.45896401333436582,0.40753603954934486,VERIFIED_DOCUMENTED_VINTAGES_PARTIAL_RELEASE_HISTORY
COMBO_B,conservative,PERMISSIVE_END_OF_DAY,LATEST_REVISED,POOLED_RESEARCH_ONLY,ALL,COMMON_ALL_EIGHT_MODELS,30,10,0.55685593473810135,0.45351400942786346,0.42591915605545266,VERIFIED_DOCUMENTED_VINTAGES_PARTIAL_RELEASE_HISTORY
COMBO_B,conservative,PERMISSIVE_END_OF_DAY,LATEST_REVISED,POOLED_RESEARCH_ONLY,H2_H3,COMMON_ALL_EIGHT_MODELS,20,10,0.58407828049125243,0.46939196503320557,0.42799968497458929,VERIFIED_DOCUMENTED_VINTAGES_PARTIAL_RELEASE_HISTORY
COMBO_B,conservative,STRICT,FIRST_RELEASE,DEVELOPMENT_PSEUDO_OOS,H1,COMMON_ALL_EIGHT_MODELS,6,6,0.32939269285508416,0.26493878289594913,0.25946257198593337,VERIFIED_DOCUMENTED_VINTAGES_PARTIAL_RELEASE_HISTORY
COMBO_B,conservative,STRICT,FIRST_RELEASE,DEVELOPMENT_PSEUDO_OOS,H2,COMMON_ALL_EIGHT_MODELS,6,6,0.3131941891517987,0.25693683847672216,0.25693683847672216,VERIFIED_DOCUMENTED_VINTAGES_PARTIAL_RELEASE_HISTORY
COMBO_B,conservative,STRICT,FIRST_RELEASE,DEVELOPMENT_PSEUDO_OOS,H3,COMMON_ALL_EIGHT_MODELS,6,6,0.37494232763996443,0.32639083338675406,0.19933940534671443,VERIFIED_DOCUMENTED_VINTAGES_PARTIAL_RELEASE_HISTORY
COMBO_B,conservative,STRICT,FIRST_RELEASE,DEVELOPMENT_PSEUDO_OOS,ALL,COMMON_ALL_EIGHT_MODELS,18,6,0.34018225276110003,0.28275548491980845,0.23857960526979,VERIFIED_DOCUMENTED_VINTAGES_PARTIAL_RELEASE_HISTORY
COMBO_B,conservative,STRICT,FIRST_RELEASE,DEVELOPMENT_PSEUDO_OOS,H2_H3,COMMON_ALL_EIGHT_MODELS,12,6,0.34545068329251216,0.29166383593173811,0.22813812191171831,VERIFIED_DOCUMENTED_VINTAGES_PARTIAL_RELEASE_HISTORY
COMBO_B,conservative,STRICT,FIRST_RELEASE,HISTORICAL_POST_DEVELOPMENT_TEST,H1,COMMON_ALL_EIGHT_MODELS,4,4,0.63235204977889514,0.51520138756404932,0.51520138756404932,VERIFIED_DOCUMENTED_VINTAGES_PARTIAL_RELEASE_HISTORY
COMBO_B,conservative,STRICT,FIRST_RELEASE,HISTORICAL_POST_DEVELOPMENT_TEST,H2,COMMON_ALL_EIGHT_MODELS,4,4,0.78912510934483693,0.66414453411503205,0.58575306828450158,VERIFIED_DOCUMENTED_VINTAGES_PARTIAL_RELEASE_HISTORY
COMBO_B,conservative,STRICT,FIRST_RELEASE,HISTORICAL_POST_DEVELOPMENT_TEST,H3,COMMON_ALL_EIGHT_MODELS,4,4,0.78552563743624138,0.60782378325578801,0.56983099085329103,VERIFIED_DOCUMENTED_VINTAGES_PARTIAL_RELEASE_HISTORY
COMBO_B,conservative,STRICT,FIRST_RELEASE,HISTORICAL_POST_DEVELOPMENT_TEST,ALL,COMMON_ALL_EIGHT_MODELS,12,4,0.739287512886041,0.59572323497828983,0.55692848223394731,VERIFIED_DOCUMENTED_VINTAGES_PARTIAL_RELEASE_HISTORY
COMBO_B,conservative,STRICT,FIRST_RELEASE,HISTORICAL_POST_DEVELOPMENT_TEST,H2_H3,COMMON_ALL_EIGHT_MODELS,8,4,0.78732743038335529,0.63598415868541003,0.5777920295688963,VERIFIED_DOCUMENTED_VINTAGES_PARTIAL_RELEASE_HISTORY
COMBO_B,conservative,STRICT,FIRST_RELEASE,POOLED_RESEARCH_ONLY,H1,COMMON_ALL_EIGHT_MODELS,10,10,0.47439158256404851,0.3650438247631892,0.36175809821717975,VERIFIED_DOCUMENTED_VINTAGES_PARTIAL_RELEASE_HISTORY
COMBO_B,conservative,STRICT,FIRST_RELEASE,POOLED_RESEARCH_ONLY,H2,COMMON_ALL_EIGHT_MODELS,10,10,0.55492498173219051,0.41981991673204611,0.38846333039983394,VERIFIED_DOCUMENTED_VINTAGES_PARTIAL_RELEASE_HISTORY
COMBO_B,conservative,STRICT,FIRST_RELEASE,POOLED_RESEARCH_ONLY,H3,COMMON_ALL_EIGHT_MODELS,10,10,0.57547307518379165,0.43896401333436763,0.34753603954934509,VERIFIED_DOCUMENTED_VINTAGES_PARTIAL_RELEASE_HISTORY
COMBO_B,conservative,STRICT,FIRST_RELEASE,POOLED_RESEARCH_ONLY,ALL,COMMON_ALL_EIGHT_MODELS,30,10,0.53670549628251563,0.40794258494320096,0.36591915605545289,VERIFIED_DOCUMENTED_VINTAGES_PARTIAL_RELEASE_HISTORY
COMBO_B,conservative,STRICT,FIRST_RELEASE,POOLED_RESEARCH_ONLY,H2_H3,COMMON_ALL_EIGHT_MODELS,20,10,0.56529240027262084,0.42939196503320687,0.36799968497458951,VERIFIED_DOCUMENTED_VINTAGES_PARTIAL_RELEASE_HISTORY
COMBO_B,conservative,STRICT,LATEST_REVISED,DEVELOPMENT_PSEUDO_OOS,H1,COMMON_ALL_EIGHT_MODELS,6,6,0.38302104975242252,0.35946257198593284,0.35946257198593284,VERIFIED_DOCUMENTED_VINTAGES_PARTIAL_RELEASE_HISTORY
COMBO_B,conservative,STRICT,LATEST_REVISED,DEVELOPMENT_PSEUDO_OOS,H2,COMMON_ALL_EIGHT_MODELS,6,6,0.38864970489156792,0.3569368384767217,0.3569368384767217,VERIFIED_DOCUMENTED_VINTAGES_PARTIAL_RELEASE_HISTORY
COMBO_B,conservative,STRICT,LATEST_REVISED,DEVELOPMENT_PSEUDO_OOS,H3,COMMON_ALL_EIGHT_MODELS,6,6,0.39949579369627175,0.35972416672008506,0.29933940534671394,VERIFIED_DOCUMENTED_VINTAGES_PARTIAL_RELEASE_HISTORY
COMBO_B,conservative,STRICT,LATEST_REVISED,DEVELOPMENT_PSEUDO_OOS,ALL,COMMON_ALL_EIGHT_MODELS,18,6,0.39044871914536339,0.35870785906091318,0.33857960526978947,VERIFIED_DOCUMENTED_VINTAGES_PARTIAL_RELEASE_HISTORY
COMBO_B,conservative,STRICT,LATEST_REVISED,DEVELOPMENT_PSEUDO_OOS,H2_H3,COMMON_ALL_EIGHT_MODELS,12,6,0.39411006222457512,0.35833050259840338,0.32813812191171782,VERIFIED_DOCUMENTED_VINTAGES_PARTIAL_RELEASE_HISTORY
COMBO_B,conservative,STRICT,LATEST_REVISED,HISTORICAL_POST_DEVELOPMENT_TEST,H1,COMMON_ALL_EIGHT_MODELS,4,4,0.63235204977889647,0.51520138756404954,0.51520138756404954,VERIFIED_DOCUMENTED_VINTAGES_PARTIAL_RELEASE_HISTORY
COMBO_B,conservative,STRICT,LATEST_REVISED,HISTORICAL_POST_DEVELOPMENT_TEST,H2,COMMON_ALL_EIGHT_MODELS,4,4,0.78912510934483726,0.66414453411503094,0.5857530682845018,VERIFIED_DOCUMENTED_VINTAGES_PARTIAL_RELEASE_HISTORY
COMBO_B,conservative,STRICT,LATEST_REVISED,HISTORICAL_POST_DEVELOPMENT_TEST,H3,COMMON_ALL_EIGHT_MODELS,4,4,0.78552563743624182,0.6078237832557869,0.56983099085329125,VERIFIED_DOCUMENTED_VINTAGES_PARTIAL_RELEASE_HISTORY
COMBO_B,conservative,STRICT,LATEST_REVISED,HISTORICAL_POST_DEVELOPMENT_TEST,ALL,COMMON_ALL_EIGHT_MODELS,12,4,0.73928751288604166,0.59572323497828916,0.55692848223394753,VERIFIED_DOCUMENTED_VINTAGES_PARTIAL_RELEASE_HISTORY
COMBO_B,conservative,STRICT,LATEST_REVISED,HISTORICAL_POST_DEVELOPMENT_TEST,H2_H3,COMMON_ALL_EIGHT_MODELS,8,4,0.78732743038335562,0.63598415868540892,0.57779202956889653,VERIFIED_DOCUMENTED_VINTAGES_PARTIAL_RELEASE_HISTORY
COMBO_B,conservative,STRICT,LATEST_REVISED,POOLED_RESEARCH_ONLY,H1,COMMON_ALL_EIGHT_MODELS,10,10,0.49796658590300752,0.42175809821717952,0.42175809821717952,VERIFIED_DOCUMENTED_VINTAGES_PARTIAL_RELEASE_HISTORY
COMBO_B,conservative,STRICT,LATEST_REVISED,POOLED_RESEARCH_ONLY,H2,COMMON_ALL_EIGHT_MODELS,10,10,0.58285206626277153,0.47981991673204538,0.44846333039983372,VERIFIED_DOCUMENTED_VINTAGES_PARTIAL_RELEASE_HISTORY
COMBO_B,conservative,STRICT,LATEST_REVISED,POOLED_RESEARCH_ONLY,H3,COMMON_ALL_EIGHT_MODELS,10,10,0.58530192579253837,0.45896401333436582,0.40753603954934486,VERIFIED_DOCUMENTED_VINTAGES_PARTIAL_RELEASE_HISTORY
COMBO_B,conservative,STRICT,LATEST_REVISED,POOLED_RESEARCH_ONLY,ALL,COMMON_ALL_EIGHT_MODELS,30,10,0.55685593473810135,0.45351400942786346,0.42591915605545266,VERIFIED_DOCUMENTED_VINTAGES_PARTIAL_RELEASE_HISTORY
COMBO_B,conservative,STRICT,LATEST_REVISED,POOLED_RESEARCH_ONLY,H2_H3,COMMON_ALL_EIGHT_MODELS,20,10,0.58407828049125243,0.46939196503320557,0.42799968497458929,VERIFIED_DOCUMENTED_VINTAGES_PARTIAL_RELEASE_HISTORY
COMBO_B,standard,PERMISSIVE_END_OF_DAY,FIRST_RELEASE,DEVELOPMENT_PSEUDO_OOS,H1,COMMON_ALL_EIGHT_MODELS,6,6,0.29796053756335178,0.24008783317825907,0.24008783317825907,VERIFIED_DOCUMENTED_VINTAGES_PARTIAL_RELEASE_HISTORY
COMBO_B,standard,PERMISSIVE_END_OF_DAY,FIRST_RELEASE,DEVELOPMENT_PSEUDO_OOS,H2,COMMON_ALL_EIGHT_MODELS,6,6,0.31172390964934976,0.25104849370557458,0.22023432380477473,VERIFIED_DOCUMENTED_VINTAGES_PARTIAL_RELEASE_HISTORY
COMBO_B,standard,PERMISSIVE_END_OF_DAY,FIRST_RELEASE,DEVELOPMENT_PSEUDO_OOS,H3,COMMON_ALL_EIGHT_MODELS,6,6,0.25495754354190592,0.21941777096294132,-0.029096457080363642,VERIFIED_DOCUMENTED_VINTAGES_PARTIAL_RELEASE_HISTORY
COMBO_B,standard,PERMISSIVE_END_OF_DAY,FIRST_RELEASE,DEVELOPMENT_PSEUDO_OOS,ALL,COMMON_ALL_EIGHT_MODELS,18,6,0.28922633974164036,0.23685136594892497,0.14374189996755671,VERIFIED_DOCUMENTED_VINTAGES_PARTIAL_RELEASE_HISTORY
COMBO_B,standard,PERMISSIVE_END_OF_DAY,FIRST_RELEASE,DEVELOPMENT_PSEUDO_OOS,H2_H3,COMMON_ALL_EIGHT_MODELS,12,6,0.28475879692820627,0.23523313233425794,0.095568933362205552,VERIFIED_DOCUMENTED_VINTAGES_PARTIAL_RELEASE_HISTORY
COMBO_B,standard,PERMISSIVE_END_OF_DAY,FIRST_RELEASE,HISTORICAL_POST_DEVELOPMENT_TEST,H1,COMMON_ALL_EIGHT_MODELS,4,4,0.77853955127230168,0.6545657448419544,0.56632486253064829,VERIFIED_DOCUMENTED_VINTAGES_PARTIAL_RELEASE_HISTORY
COMBO_B,standard,PERMISSIVE_END_OF_DAY,FIRST_RELEASE,HISTORICAL_POST_DEVELOPMENT_TEST,H2,COMMON_ALL_EIGHT_MODELS,4,4,0.77496539485942473,0.60067689552658798,0.54626259234372698,VERIFIED_DOCUMENTED_VINTAGES_PARTIAL_RELEASE_HISTORY
COMBO_B,standard,PERMISSIVE_END_OF_DAY,FIRST_RELEASE,HISTORICAL_POST_DEVELOPMENT_TEST,H3,COMMON_ALL_EIGHT_MODELS,4,4,0.44660813740465177,0.34277355266096143,0.34277355266096143,VERIFIED_DOCUMENTED_VINTAGES_PARTIAL_RELEASE_HISTORY
COMBO_B,standard,PERMISSIVE_END_OF_DAY,FIRST_RELEASE,HISTORICAL_POST_DEVELOPMENT_TEST,ALL,COMMON_ALL_EIGHT_MODELS,12,4,0.68462983295621227,0.53267206434316794,0.48512033584511222,VERIFIED_DOCUMENTED_VINTAGES_PARTIAL_RELEASE_HISTORY
COMBO_B,standard,PERMISSIVE_END_OF_DAY,FIRST_RELEASE,HISTORICAL_POST_DEVELOPMENT_TEST,H2_H3,COMMON_ALL_EIGHT_MODELS,8,4,0.63246746620900451,0.47172522409377471,0.44451807250234421,VERIFIED_DOCUMENTED_VINTAGES_PARTIAL_RELEASE_HISTORY
COMBO_B,standard,PERMISSIVE_END_OF_DAY,FIRST_RELEASE,POOLED_RESEARCH_ONLY,H1,COMMON_ALL_EIGHT_MODELS,10,10,0.54379943207503967,0.40587899784373721,0.37058264491921478,VERIFIED_DOCUMENTED_VINTAGES_PARTIAL_RELEASE_HISTORY
COMBO_B,standard,PERMISSIVE_END_OF_DAY,FIRST_RELEASE,POOLED_RESEARCH_ONLY,H2,COMMON_ALL_EIGHT_MODELS,10,10,0.54638047439499082,0.39089985443397995,0.35064563122035564,VERIFIED_DOCUMENTED_VINTAGES_PARTIAL_RELEASE_HISTORY
COMBO_B,standard,PERMISSIVE_END_OF_DAY,FIRST_RELEASE,POOLED_RESEARCH_ONLY,H3,COMMON_ALL_EIGHT_MODELS,10,10,0.3446527829044394,0.26876008364214937,0.11965154681616638,VERIFIED_DOCUMENTED_VINTAGES_PARTIAL_RELEASE_HISTORY
COMBO_B,standard,PERMISSIVE_END_OF_DAY,FIRST_RELEASE,POOLED_RESEARCH_ONLY,ALL,COMMON_ALL_EIGHT_MODELS,30,10,0.48752264422246944,0.35517964530662216,0.28029327431857892,VERIFIED_DOCUMENTED_VINTAGES_PARTIAL_RELEASE_HISTORY
COMBO_B,standard,PERMISSIVE_END_OF_DAY,FIRST_RELEASE,POOLED_RESEARCH_ONLY,H2_H3,COMMON_ALL_EIGHT_MODELS,20,10,0.456791617460232,0.32982996903806466,0.23514858901826102,VERIFIED_DOCUMENTED_VINTAGES_PARTIAL_RELEASE_HISTORY
COMBO_B,standard,PERMISSIVE_END_OF_DAY,LATEST_REVISED,DEVELOPMENT_PSEUDO_OOS,H1,COMMON_ALL_EIGHT_MODELS,6,6,0.37048050095702328,0.34008783317825858,0.34008783317825858,VERIFIED_DOCUMENTED_VINTAGES_PARTIAL_RELEASE_HISTORY
COMBO_B,standard,PERMISSIVE_END_OF_DAY,LATEST_REVISED,DEVELOPMENT_PSEUDO_OOS,H2,COMMON_ALL_EIGHT_MODELS,6,6,0.37111872897151826,0.32023432380477423,0.32023432380477423,VERIFIED_DOCUMENTED_VINTAGES_PARTIAL_RELEASE_HISTORY
COMBO_B,standard,PERMISSIVE_END_OF_DAY,LATEST_REVISED,DEVELOPMENT_PSEUDO_OOS,H3,COMMON_ALL_EIGHT_MODELS,6,6,0.27157503166513453,0.2527511042962714,0.070903542919635854,VERIFIED_DOCUMENTED_VINTAGES_PARTIAL_RELEASE_HISTORY
COMBO_B,standard,PERMISSIVE_END_OF_DAY,LATEST_REVISED,DEVELOPMENT_PSEUDO_OOS,ALL,COMMON_ALL_EIGHT_MODELS,18,6,0.3409486326935095,0.30435775375976809,0.24374189996755621,VERIFIED_DOCUMENTED_VINTAGES_PARTIAL_RELEASE_HISTORY
COMBO_B,standard,PERMISSIVE_END_OF_DAY,LATEST_REVISED,DEVELOPMENT_PSEUDO_OOS,H2_H3,COMMON_ALL_EIGHT_MODELS,12,6,0.3251784962273444,0.28649271405052285,0.19556893336220504,VERIFIED_DOCUMENTED_VINTAGES_PARTIAL_RELEASE_HISTORY
COMBO_B,standard,PERMISSIVE_END_OF_DAY,LATEST_REVISED,HISTORICAL_POST_DEVELOPMENT_TEST,H1,COMMON_ALL_EIGHT_MODELS,4,4,0.77853955127230212,0.65456574484195329,0.56632486253064851,VERIFIED_DOCUMENTED_VINTAGES_PARTIAL_RELEASE_HISTORY
COMBO_B,standard,PERMISSIVE_END_OF_DAY,LATEST_REVISED,HISTORICAL_POST_DEVELOPMENT_TEST,H2,COMMON_ALL_EIGHT_MODELS,4,4,0.77496539485942539,0.60067689552658687,0.5462625923437272,VERIFIED_DOCUMENTED_VINTAGES_PARTIAL_RELEASE_HISTORY
COMBO_B,standard,PERMISSIVE_END_OF_DAY,LATEST_REVISED,HISTORICAL_POST_DEVELOPMENT_TEST,H3,COMMON_ALL_EIGHT_MODELS,4,4,0.4466081374046531,0.34277355266096166,0.34277355266096166,VERIFIED_DOCUMENTED_VINTAGES_PARTIAL_RELEASE_HISTORY
COMBO_B,standard,PERMISSIVE_END_OF_DAY,LATEST_REVISED,HISTORICAL_POST_DEVELOPMENT_TEST,ALL,COMMON_ALL_EIGHT_MODELS,12,4,0.68462983295621305,0.53267206434316727,0.48512033584511244,VERIFIED_DOCUMENTED_VINTAGES_PARTIAL_RELEASE_HISTORY
COMBO_B,standard,PERMISSIVE_END_OF_DAY,LATEST_REVISED,HISTORICAL_POST_DEVELOPMENT_TEST,H2_H3,COMMON_ALL_EIGHT_MODELS,8,4,0.6324674662090054,0.47172522409377426,0.44451807250234443,VERIFIED_DOCUMENTED_VINTAGES_PARTIAL_RELEASE_HISTORY
COMBO_B,standard,PERMISSIVE_END_OF_DAY,LATEST_REVISED,POOLED_RESEARCH_ONLY,H1,COMMON_ALL_EIGHT_MODELS,10,10,0.56991491830950625,0.46587899784373643,0.43058264491921455,VERIFIED_DOCUMENTED_VINTAGES_PARTIAL_RELEASE_HISTORY
COMBO_B,standard,PERMISSIVE_END_OF_DAY,LATEST_REVISED,POOLED_RESEARCH_ONLY,H2,COMMON_ALL_EIGHT_MODELS,10,10,0.56821299869671338,0.43241135249349927,0.41064563122035541,VERIFIED_DOCUMENTED_VINTAGES_PARTIAL_RELEASE_HISTORY
COMBO_B,standard,PERMISSIVE_END_OF_DAY,LATEST_REVISED,POOLED_RESEARCH_ONLY,H3,COMMON_ALL_EIGHT_MODELS,10,10,0.35218649896435938,0.2887600836421475,0.17965154681616619,VERIFIED_DOCUMENTED_VINTAGES_PARTIAL_RELEASE_HISTORY
COMBO_B,standard,PERMISSIVE_END_OF_DAY,LATEST_REVISED,POOLED_RESEARCH_ONLY,ALL,COMMON_ALL_EIGHT_MODELS,30,10,0.50718318717284494,0.39568347799312775,0.34029327431857875,VERIFIED_DOCUMENTED_VINTAGES_PARTIAL_RELEASE_HISTORY
COMBO_B,standard,PERMISSIVE_END_OF_DAY,LATEST_REVISED,POOLED_RESEARCH_ONLY,H2_H3,COMMON_ALL_EIGHT_MODELS,20,10,0.47270569170504173,0.36058571806782341,0.2951485890182608,VERIFIED_DOCUMENTED_VINTAGES_PARTIAL_RELEASE_HISTORY
COMBO_B,standard,STRICT,FIRST_RELEASE,DEVELOPMENT_PSEUDO_OOS,H1,COMMON_ALL_EIGHT_MODELS,6,6,0.29796053756335178,0.24008783317825907,0.24008783317825907,VERIFIED_DOCUMENTED_VINTAGES_PARTIAL_RELEASE_HISTORY
COMBO_B,standard,STRICT,FIRST_RELEASE,DEVELOPMENT_PSEUDO_OOS,H2,COMMON_ALL_EIGHT_MODELS,6,6,0.31172390964934976,0.25104849370557458,0.22023432380477473,VERIFIED_DOCUMENTED_VINTAGES_PARTIAL_RELEASE_HISTORY
COMBO_B,standard,STRICT,FIRST_RELEASE,DEVELOPMENT_PSEUDO_OOS,H3,COMMON_ALL_EIGHT_MODELS,6,6,0.25495754354190592,0.21941777096294132,-0.029096457080363642,VERIFIED_DOCUMENTED_VINTAGES_PARTIAL_RELEASE_HISTORY
COMBO_B,standard,STRICT,FIRST_RELEASE,DEVELOPMENT_PSEUDO_OOS,ALL,COMMON_ALL_EIGHT_MODELS,18,6,0.28922633974164036,0.23685136594892497,0.14374189996755671,VERIFIED_DOCUMENTED_VINTAGES_PARTIAL_RELEASE_HISTORY
COMBO_B,standard,STRICT,FIRST_RELEASE,DEVELOPMENT_PSEUDO_OOS,H2_H3,COMMON_ALL_EIGHT_MODELS,12,6,0.28475879692820627,0.23523313233425794,0.095568933362205552,VERIFIED_DOCUMENTED_VINTAGES_PARTIAL_RELEASE_HISTORY
COMBO_B,standard,STRICT,FIRST_RELEASE,HISTORICAL_POST_DEVELOPMENT_TEST,H1,COMMON_ALL_EIGHT_MODELS,4,4,0.77853955127230168,0.6545657448419544,0.56632486253064829,VERIFIED_DOCUMENTED_VINTAGES_PARTIAL_RELEASE_HISTORY
COMBO_B,standard,STRICT,FIRST_RELEASE,HISTORICAL_POST_DEVELOPMENT_TEST,H2,COMMON_ALL_EIGHT_MODELS,4,4,0.77496539485942473,0.60067689552658798,0.54626259234372698,VERIFIED_DOCUMENTED_VINTAGES_PARTIAL_RELEASE_HISTORY
COMBO_B,standard,STRICT,FIRST_RELEASE,HISTORICAL_POST_DEVELOPMENT_TEST,H3,COMMON_ALL_EIGHT_MODELS,4,4,0.44660813740465177,0.34277355266096143,0.34277355266096143,VERIFIED_DOCUMENTED_VINTAGES_PARTIAL_RELEASE_HISTORY
COMBO_B,standard,STRICT,FIRST_RELEASE,HISTORICAL_POST_DEVELOPMENT_TEST,ALL,COMMON_ALL_EIGHT_MODELS,12,4,0.68462983295621227,0.53267206434316794,0.48512033584511222,VERIFIED_DOCUMENTED_VINTAGES_PARTIAL_RELEASE_HISTORY
COMBO_B,standard,STRICT,FIRST_RELEASE,HISTORICAL_POST_DEVELOPMENT_TEST,H2_H3,COMMON_ALL_EIGHT_MODELS,8,4,0.63246746620900451,0.47172522409377471,0.44451807250234421,VERIFIED_DOCUMENTED_VINTAGES_PARTIAL_RELEASE_HISTORY
COMBO_B,standard,STRICT,FIRST_RELEASE,POOLED_RESEARCH_ONLY,H1,COMMON_ALL_EIGHT_MODELS,10,10,0.54379943207503967,0.40587899784373721,0.37058264491921478,VERIFIED_DOCUMENTED_VINTAGES_PARTIAL_RELEASE_HISTORY
COMBO_B,standard,STRICT,FIRST_RELEASE,POOLED_RESEARCH_ONLY,H2,COMMON_ALL_EIGHT_MODELS,10,10,0.54638047439499082,0.39089985443397995,0.35064563122035564,VERIFIED_DOCUMENTED_VINTAGES_PARTIAL_RELEASE_HISTORY
COMBO_B,standard,STRICT,FIRST_RELEASE,POOLED_RESEARCH_ONLY,H3,COMMON_ALL_EIGHT_MODELS,10,10,0.3446527829044394,0.26876008364214937,0.11965154681616638,VERIFIED_DOCUMENTED_VINTAGES_PARTIAL_RELEASE_HISTORY
COMBO_B,standard,STRICT,FIRST_RELEASE,POOLED_RESEARCH_ONLY,ALL,COMMON_ALL_EIGHT_MODELS,30,10,0.48752264422246944,0.35517964530662216,0.28029327431857892,VERIFIED_DOCUMENTED_VINTAGES_PARTIAL_RELEASE_HISTORY
COMBO_B,standard,STRICT,FIRST_RELEASE,POOLED_RESEARCH_ONLY,H2_H3,COMMON_ALL_EIGHT_MODELS,20,10,0.456791617460232,0.32982996903806466,0.23514858901826102,VERIFIED_DOCUMENTED_VINTAGES_PARTIAL_RELEASE_HISTORY
COMBO_B,standard,STRICT,LATEST_REVISED,DEVELOPMENT_PSEUDO_OOS,H1,COMMON_ALL_EIGHT_MODELS,6,6,0.37048050095702328,0.34008783317825858,0.34008783317825858,VERIFIED_DOCUMENTED_VINTAGES_PARTIAL_RELEASE_HISTORY
COMBO_B,standard,STRICT,LATEST_REVISED,DEVELOPMENT_PSEUDO_OOS,H2,COMMON_ALL_EIGHT_MODELS,6,6,0.37111872897151826,0.32023432380477423,0.32023432380477423,VERIFIED_DOCUMENTED_VINTAGES_PARTIAL_RELEASE_HISTORY
COMBO_B,standard,STRICT,LATEST_REVISED,DEVELOPMENT_PSEUDO_OOS,H3,COMMON_ALL_EIGHT_MODELS,6,6,0.27157503166513453,0.2527511042962714,0.070903542919635854,VERIFIED_DOCUMENTED_VINTAGES_PARTIAL_RELEASE_HISTORY
COMBO_B,standard,STRICT,LATEST_REVISED,DEVELOPMENT_PSEUDO_OOS,ALL,COMMON_ALL_EIGHT_MODELS,18,6,0.3409486326935095,0.30435775375976809,0.24374189996755621,VERIFIED_DOCUMENTED_VINTAGES_PARTIAL_RELEASE_HISTORY
COMBO_B,standard,STRICT,LATEST_REVISED,DEVELOPMENT_PSEUDO_OOS,H2_H3,COMMON_ALL_EIGHT_MODELS,12,6,0.3251784962273444,0.28649271405052285,0.19556893336220504,VERIFIED_DOCUMENTED_VINTAGES_PARTIAL_RELEASE_HISTORY
COMBO_B,standard,STRICT,LATEST_REVISED,HISTORICAL_POST_DEVELOPMENT_TEST,H1,COMMON_ALL_EIGHT_MODELS,4,4,0.77853955127230212,0.65456574484195329,0.56632486253064851,VERIFIED_DOCUMENTED_VINTAGES_PARTIAL_RELEASE_HISTORY
COMBO_B,standard,STRICT,LATEST_REVISED,HISTORICAL_POST_DEVELOPMENT_TEST,H2,COMMON_ALL_EIGHT_MODELS,4,4,0.77496539485942539,0.60067689552658687,0.5462625923437272,VERIFIED_DOCUMENTED_VINTAGES_PARTIAL_RELEASE_HISTORY
COMBO_B,standard,STRICT,LATEST_REVISED,HISTORICAL_POST_DEVELOPMENT_TEST,H3,COMMON_ALL_EIGHT_MODELS,4,4,0.4466081374046531,0.34277355266096166,0.34277355266096166,VERIFIED_DOCUMENTED_VINTAGES_PARTIAL_RELEASE_HISTORY
COMBO_B,standard,STRICT,LATEST_REVISED,HISTORICAL_POST_DEVELOPMENT_TEST,ALL,COMMON_ALL_EIGHT_MODELS,12,4,0.68462983295621305,0.53267206434316727,0.48512033584511244,VERIFIED_DOCUMENTED_VINTAGES_PARTIAL_RELEASE_HISTORY
COMBO_B,standard,STRICT,LATEST_REVISED,HISTORICAL_POST_DEVELOPMENT_TEST,H2_H3,COMMON_ALL_EIGHT_MODELS,8,4,0.6324674662090054,0.47172522409377426,0.44451807250234443,VERIFIED_DOCUMENTED_VINTAGES_PARTIAL_RELEASE_HISTORY
COMBO_B,standard,STRICT,LATEST_REVISED,POOLED_RESEARCH_ONLY,H1,COMMON_ALL_EIGHT_MODELS,10,10,0.56991491830950625,0.46587899784373643,0.43058264491921455,VERIFIED_DOCUMENTED_VINTAGES_PARTIAL_RELEASE_HISTORY
COMBO_B,standard,STRICT,LATEST_REVISED,POOLED_RESEARCH_ONLY,H2,COMMON_ALL_EIGHT_MODELS,10,10,0.56821299869671338,0.43241135249349927,0.41064563122035541,VERIFIED_DOCUMENTED_VINTAGES_PARTIAL_RELEASE_HISTORY
COMBO_B,standard,STRICT,LATEST_REVISED,POOLED_RESEARCH_ONLY,H3,COMMON_ALL_EIGHT_MODELS,10,10,0.35218649896435938,0.2887600836421475,0.17965154681616619,VERIFIED_DOCUMENTED_VINTAGES_PARTIAL_RELEASE_HISTORY
COMBO_B,standard,STRICT,LATEST_REVISED,POOLED_RESEARCH_ONLY,ALL,COMMON_ALL_EIGHT_MODELS,30,10,0.50718318717284494,0.39568347799312775,0.34029327431857875,VERIFIED_DOCUMENTED_VINTAGES_PARTIAL_RELEASE_HISTORY
COMBO_B,standard,STRICT,LATEST_REVISED,POOLED_RESEARCH_ONLY,H2_H3,COMMON_ALL_EIGHT_MODELS,20,10,0.47270569170504173,0.36058571806782341,0.2951485890182608,VERIFIED_DOCUMENTED_VINTAGES_PARTIAL_RELEASE_HISTORY
DFM_A,conservative,PERMISSIVE_END_OF_DAY,FIRST_RELEASE,DEVELOPMENT_PSEUDO_OOS,H1,COMMON_ALL_EIGHT_MODELS,6,6,0.41264537113860617,0.30738124725328914,0.27463983582884771,VERIFIED_DOCUMENTED_VINTAGES_PARTIAL_RELEASE_HISTORY
DFM_A,conservative,PERMISSIVE_END_OF_DAY,FIRST_RELEASE,DEVELOPMENT_PSEUDO_OOS,H2,COMMON_ALL_EIGHT_MODELS,6,6,0.40647826058252756,0.31364844883818144,0.30826205639370868,VERIFIED_DOCUMENTED_VINTAGES_PARTIAL_RELEASE_HISTORY
DFM_A,conservative,PERMISSIVE_END_OF_DAY,FIRST_RELEASE,DEVELOPMENT_PSEUDO_OOS,H3,COMMON_ALL_EIGHT_MODELS,6,6,0.64449179312945448,0.51344642215187031,0.11123968508716479,VERIFIED_DOCUMENTED_VINTAGES_PARTIAL_RELEASE_HISTORY
DFM_A,conservative,PERMISSIVE_END_OF_DAY,FIRST_RELEASE,DEVELOPMENT_PSEUDO_OOS,ALL,COMMON_ALL_EIGHT_MODELS,18,6,0.50029006588162928,0.37815870608111363,0.23138052576990706,VERIFIED_DOCUMENTED_VINTAGES_PARTIAL_RELEASE_HISTORY
DFM_A,conservative,PERMISSIVE_END_OF_DAY,FIRST_RELEASE,DEVELOPMENT_PSEUDO_OOS,H2_H3,COMMON_ALL_EIGHT_MODELS,12,6,0.53879228267367418,0.41354743549502587,0.20975087074043675,VERIFIED_DOCUMENTED_VINTAGES_PARTIAL_RELEASE_HISTORY
DFM_A,conservative,PERMISSIVE_END_OF_DAY,FIRST_RELEASE,HISTORICAL_POST_DEVELOPMENT_TEST,H1,COMMON_ALL_EIGHT_MODELS,4,4,1.5144427028544354,1.4643800507109497,1.4643800507109497,VERIFIED_DOCUMENTED_VINTAGES_PARTIAL_RELEASE_HISTORY
DFM_A,conservative,PERMISSIVE_END_OF_DAY,FIRST_RELEASE,HISTORICAL_POST_DEVELOPMENT_TEST,H2,COMMON_ALL_EIGHT_MODELS,4,4,1.4410750761821276,1.3940063826284321,1.3940063826284321,VERIFIED_DOCUMENTED_VINTAGES_PARTIAL_RELEASE_HISTORY
DFM_A,conservative,PERMISSIVE_END_OF_DAY,FIRST_RELEASE,HISTORICAL_POST_DEVELOPMENT_TEST,H3,COMMON_ALL_EIGHT_MODELS,4,4,1.3700099007065691,1.3316791439522464,1.3316791439522464,VERIFIED_DOCUMENTED_VINTAGES_PARTIAL_RELEASE_HISTORY
DFM_A,conservative,PERMISSIVE_END_OF_DAY,FIRST_RELEASE,HISTORICAL_POST_DEVELOPMENT_TEST,ALL,COMMON_ALL_EIGHT_MODELS,12,4,1.4430478397540392,1.3966885257638761,1.3966885257638761,VERIFIED_DOCUMENTED_VINTAGES_PARTIAL_RELEASE_HISTORY
DFM_A,conservative,PERMISSIVE_END_OF_DAY,FIRST_RELEASE,HISTORICAL_POST_DEVELOPMENT_TEST,H2_H3,COMMON_ALL_EIGHT_MODELS,8,4,1.4059915546025425,1.3628427632903393,1.3628427632903393,VERIFIED_DOCUMENTED_VINTAGES_PARTIAL_RELEASE_HISTORY
DFM_A,conservative,PERMISSIVE_END_OF_DAY,FIRST_RELEASE,POOLED_RESEARCH_ONLY,H1,COMMON_ALL_EIGHT_MODELS,10,10,1.0097427402486683,0.77018076863635332,0.75053592178168849,VERIFIED_DOCUMENTED_VINTAGES_PARTIAL_RELEASE_HISTORY
DFM_A,conservative,PERMISSIVE_END_OF_DAY,FIRST_RELEASE,POOLED_RESEARCH_ONLY,H2,COMMON_ALL_EIGHT_MODELS,10,10,0.9642684770711154,0.74579162235428176,0.74255978688759805,VERIFIED_DOCUMENTED_VINTAGES_PARTIAL_RELEASE_HISTORY
DFM_A,conservative,PERMISSIVE_END_OF_DAY,FIRST_RELEASE,POOLED_RESEARCH_ONLY,H3,COMMON_ALL_EIGHT_MODELS,10,10,0.99999632702342534,0.8407395108720207,0.59941546863319739,VERIFIED_DOCUMENTED_VINTAGES_PARTIAL_RELEASE_HISTORY
DFM_A,conservative,PERMISSIVE_END_OF_DAY,FIRST_RELEASE,POOLED_RESEARCH_ONLY,ALL,COMMON_ALL_EIGHT_MODELS,30,10,0.99152857605790989,0.78557063395421856,0.69750372576749464,VERIFIED_DOCUMENTED_VINTAGES_PARTIAL_RELEASE_HISTORY
DFM_A,conservative,PERMISSIVE_END_OF_DAY,FIRST_RELEASE,POOLED_RESEARCH_ONLY,H2_H3,COMMON_ALL_EIGHT_MODELS,20,10,0.98229485133878958,0.79326556661315117,0.67098762776039778,VERIFIED_DOCUMENTED_VINTAGES_PARTIAL_RELEASE_HISTORY
DFM_A,conservative,PERMISSIVE_END_OF_DAY,LATEST_REVISED,DEVELOPMENT_PSEUDO_OOS,H1,COMMON_ALL_EIGHT_MODELS,6,6,0.44198557307689218,0.37463983582884719,0.37463983582884719,VERIFIED_DOCUMENTED_VINTAGES_PARTIAL_RELEASE_HISTORY
DFM_A,conservative,PERMISSIVE_END_OF_DAY,LATEST_REVISED,DEVELOPMENT_PSEUDO_OOS,H2,COMMON_ALL_EIGHT_MODELS,6,6,0.45448042197587729,0.40826205639370822,0.40826205639370822,VERIFIED_DOCUMENTED_VINTAGES_PARTIAL_RELEASE_HISTORY
DFM_A,conservative,PERMISSIVE_END_OF_DAY,LATEST_REVISED,DEVELOPMENT_PSEUDO_OOS,H3,COMMON_ALL_EIGHT_MODELS,6,6,0.60359540676282808,0.53022866542324776,0.21123968508716429,VERIFIED_DOCUMENTED_VINTAGES_PARTIAL_RELEASE_HISTORY
DFM_A,conservative,PERMISSIVE_END_OF_DAY,LATEST_REVISED,DEVELOPMENT_PSEUDO_OOS,ALL,COMMON_ALL_EIGHT_MODELS,18,6,0.50538141234539025,0.43771018588193439,0.33138052576990656,VERIFIED_DOCUMENTED_VINTAGES_PARTIAL_RELEASE_HISTORY
DFM_A,conservative,PERMISSIVE_END_OF_DAY,LATEST_REVISED,DEVELOPMENT_PSEUDO_OOS,H2_H3,COMMON_ALL_EIGHT_MODELS,12,6,0.53426579013846431,0.46924536090847796,0.30975087074043622,VERIFIED_DOCUMENTED_VINTAGES_PARTIAL_RELEASE_HISTORY
DFM_A,conservative,PERMISSIVE_END_OF_DAY,LATEST_REVISED,HISTORICAL_POST_DEVELOPMENT_TEST,H1,COMMON_ALL_EIGHT_MODELS,4,4,1.5144427028544361,1.4643800507109499,1.4643800507109499,VERIFIED_DOCUMENTED_VINTAGES_PARTIAL_RELEASE_HISTORY
DFM_A,conservative,PERMISSIVE_END_OF_DAY,LATEST_REVISED,HISTORICAL_POST_DEVELOPMENT_TEST,H2,COMMON_ALL_EIGHT_MODELS,4,4,1.4410750761821283,1.3940063826284324,1.3940063826284324,VERIFIED_DOCUMENTED_VINTAGES_PARTIAL_RELEASE_HISTORY
DFM_A,conservative,PERMISSIVE_END_OF_DAY,LATEST_REVISED,HISTORICAL_POST_DEVELOPMENT_TEST,H3,COMMON_ALL_EIGHT_MODELS,4,4,1.37000990070657,1.3316791439522466,1.3316791439522466,VERIFIED_DOCUMENTED_VINTAGES_PARTIAL_RELEASE_HISTORY
DFM_A,conservative,PERMISSIVE_END_OF_DAY,LATEST_REVISED,HISTORICAL_POST_DEVELOPMENT_TEST,ALL,COMMON_ALL_EIGHT_MODELS,12,4,1.4430478397540398,1.3966885257638761,1.3966885257638761,VERIFIED_DOCUMENTED_VINTAGES_PARTIAL_RELEASE_HISTORY
DFM_A,conservative,PERMISSIVE_END_OF_DAY,LATEST_REVISED,HISTORICAL_POST_DEVELOPMENT_TEST,H2_H3,COMMON_ALL_EIGHT_MODELS,8,4,1.4059915546025432,1.3628427632903395,1.3628427632903395,VERIFIED_DOCUMENTED_VINTAGES_PARTIAL_RELEASE_HISTORY
DFM_A,conservative,PERMISSIVE_END_OF_DAY,LATEST_REVISED,POOLED_RESEARCH_ONLY,H1,COMMON_ALL_EIGHT_MODELS,10,10,1.0171653888018826,0.81053592178168832,0.81053592178168832,VERIFIED_DOCUMENTED_VINTAGES_PARTIAL_RELEASE_HISTORY
DFM_A,conservative,PERMISSIVE_END_OF_DAY,LATEST_REVISED,POOLED_RESEARCH_ONLY,H2,COMMON_ALL_EIGHT_MODELS,10,10,0.97704166873933973,0.80255978688759788,0.80255978688759788,VERIFIED_DOCUMENTED_VINTAGES_PARTIAL_RELEASE_HISTORY
DFM_A,conservative,PERMISSIVE_END_OF_DAY,LATEST_REVISED,POOLED_RESEARCH_ONLY,H3,COMMON_ALL_EIGHT_MODELS,10,10,0.98456452315362275,0.8508088568348473,0.65941546863319722,VERIFIED_DOCUMENTED_VINTAGES_PARTIAL_RELEASE_HISTORY
DFM_A,conservative,PERMISSIVE_END_OF_DAY,LATEST_REVISED,POOLED_RESEARCH_ONLY,ALL,COMMON_ALL_EIGHT_MODELS,30,10,0.99307655812331663,0.82130152183471117,0.75750372576749447,VERIFIED_DOCUMENTED_VINTAGES_PARTIAL_RELEASE_HISTORY
DFM_A,conservative,PERMISSIVE_END_OF_DAY,LATEST_REVISED,POOLED_RESEARCH_ONLY,H2_H3,COMMON_ALL_EIGHT_MODELS,20,10,0.98081030854739548,0.82668432186122265,0.7309876277603975,VERIFIED_DOCUMENTED_VINTAGES_PARTIAL_RELEASE_HISTORY
DFM_A,conservative,STRICT,FIRST_RELEASE,DEVELOPMENT_PSEUDO_OOS,H1,COMMON_ALL_EIGHT_MODELS,6,6,0.41264537113860617,0.30738124725328914,0.27463983582884771,VERIFIED_DOCUMENTED_VINTAGES_PARTIAL_RELEASE_HISTORY
DFM_A,conservative,STRICT,FIRST_RELEASE,DEVELOPMENT_PSEUDO_OOS,H2,COMMON_ALL_EIGHT_MODELS,6,6,0.40647826058252756,0.31364844883818144,0.30826205639370868,VERIFIED_DOCUMENTED_VINTAGES_PARTIAL_RELEASE_HISTORY
DFM_A,conservative,STRICT,FIRST_RELEASE,DEVELOPMENT_PSEUDO_OOS,H3,COMMON_ALL_EIGHT_MODELS,6,6,0.64449179312945448,0.51344642215187031,0.11123968508716479,VERIFIED_DOCUMENTED_VINTAGES_PARTIAL_RELEASE_HISTORY
DFM_A,conservative,STRICT,FIRST_RELEASE,DEVELOPMENT_PSEUDO_OOS,ALL,COMMON_ALL_EIGHT_MODELS,18,6,0.50029006588162928,0.37815870608111363,0.23138052576990706,VERIFIED_DOCUMENTED_VINTAGES_PARTIAL_RELEASE_HISTORY
DFM_A,conservative,STRICT,FIRST_RELEASE,DEVELOPMENT_PSEUDO_OOS,H2_H3,COMMON_ALL_EIGHT_MODELS,12,6,0.53879228267367418,0.41354743549502587,0.20975087074043675,VERIFIED_DOCUMENTED_VINTAGES_PARTIAL_RELEASE_HISTORY
DFM_A,conservative,STRICT,FIRST_RELEASE,HISTORICAL_POST_DEVELOPMENT_TEST,H1,COMMON_ALL_EIGHT_MODELS,4,4,1.5144427028544354,1.4643800507109497,1.4643800507109497,VERIFIED_DOCUMENTED_VINTAGES_PARTIAL_RELEASE_HISTORY
DFM_A,conservative,STRICT,FIRST_RELEASE,HISTORICAL_POST_DEVELOPMENT_TEST,H2,COMMON_ALL_EIGHT_MODELS,4,4,1.4410750761821276,1.3940063826284321,1.3940063826284321,VERIFIED_DOCUMENTED_VINTAGES_PARTIAL_RELEASE_HISTORY
DFM_A,conservative,STRICT,FIRST_RELEASE,HISTORICAL_POST_DEVELOPMENT_TEST,H3,COMMON_ALL_EIGHT_MODELS,4,4,1.3700099007065691,1.3316791439522464,1.3316791439522464,VERIFIED_DOCUMENTED_VINTAGES_PARTIAL_RELEASE_HISTORY
DFM_A,conservative,STRICT,FIRST_RELEASE,HISTORICAL_POST_DEVELOPMENT_TEST,ALL,COMMON_ALL_EIGHT_MODELS,12,4,1.4430478397540392,1.3966885257638761,1.3966885257638761,VERIFIED_DOCUMENTED_VINTAGES_PARTIAL_RELEASE_HISTORY
DFM_A,conservative,STRICT,FIRST_RELEASE,HISTORICAL_POST_DEVELOPMENT_TEST,H2_H3,COMMON_ALL_EIGHT_MODELS,8,4,1.4059915546025425,1.3628427632903393,1.3628427632903393,VERIFIED_DOCUMENTED_VINTAGES_PARTIAL_RELEASE_HISTORY
DFM_A,conservative,STRICT,FIRST_RELEASE,POOLED_RESEARCH_ONLY,H1,COMMON_ALL_EIGHT_MODELS,10,10,1.0097427402486683,0.77018076863635332,0.75053592178168849,VERIFIED_DOCUMENTED_VINTAGES_PARTIAL_RELEASE_HISTORY
DFM_A,conservative,STRICT,FIRST_RELEASE,POOLED_RESEARCH_ONLY,H2,COMMON_ALL_EIGHT_MODELS,10,10,0.9642684770711154,0.74579162235428176,0.74255978688759805,VERIFIED_DOCUMENTED_VINTAGES_PARTIAL_RELEASE_HISTORY
DFM_A,conservative,STRICT,FIRST_RELEASE,POOLED_RESEARCH_ONLY,H3,COMMON_ALL_EIGHT_MODELS,10,10,0.99999632702342534,0.8407395108720207,0.59941546863319739,VERIFIED_DOCUMENTED_VINTAGES_PARTIAL_RELEASE_HISTORY
DFM_A,conservative,STRICT,FIRST_RELEASE,POOLED_RESEARCH_ONLY,ALL,COMMON_ALL_EIGHT_MODELS,30,10,0.99152857605790989,0.78557063395421856,0.69750372576749464,VERIFIED_DOCUMENTED_VINTAGES_PARTIAL_RELEASE_HISTORY
DFM_A,conservative,STRICT,FIRST_RELEASE,POOLED_RESEARCH_ONLY,H2_H3,COMMON_ALL_EIGHT_MODELS,20,10,0.98229485133878958,0.79326556661315117,0.67098762776039778,VERIFIED_DOCUMENTED_VINTAGES_PARTIAL_RELEASE_HISTORY
DFM_A,conservative,STRICT,LATEST_REVISED,DEVELOPMENT_PSEUDO_OOS,H1,COMMON_ALL_EIGHT_MODELS,6,6,0.44198557307689218,0.37463983582884719,0.37463983582884719,VERIFIED_DOCUMENTED_VINTAGES_PARTIAL_RELEASE_HISTORY
DFM_A,conservative,STRICT,LATEST_REVISED,DEVELOPMENT_PSEUDO_OOS,H2,COMMON_ALL_EIGHT_MODELS,6,6,0.45448042197587729,0.40826205639370822,0.40826205639370822,VERIFIED_DOCUMENTED_VINTAGES_PARTIAL_RELEASE_HISTORY
DFM_A,conservative,STRICT,LATEST_REVISED,DEVELOPMENT_PSEUDO_OOS,H3,COMMON_ALL_EIGHT_MODELS,6,6,0.60359540676282808,0.53022866542324776,0.21123968508716429,VERIFIED_DOCUMENTED_VINTAGES_PARTIAL_RELEASE_HISTORY
DFM_A,conservative,STRICT,LATEST_REVISED,DEVELOPMENT_PSEUDO_OOS,ALL,COMMON_ALL_EIGHT_MODELS,18,6,0.50538141234539025,0.43771018588193439,0.33138052576990656,VERIFIED_DOCUMENTED_VINTAGES_PARTIAL_RELEASE_HISTORY
DFM_A,conservative,STRICT,LATEST_REVISED,DEVELOPMENT_PSEUDO_OOS,H2_H3,COMMON_ALL_EIGHT_MODELS,12,6,0.53426579013846431,0.46924536090847796,0.30975087074043622,VERIFIED_DOCUMENTED_VINTAGES_PARTIAL_RELEASE_HISTORY
DFM_A,conservative,STRICT,LATEST_REVISED,HISTORICAL_POST_DEVELOPMENT_TEST,H1,COMMON_ALL_EIGHT_MODELS,4,4,1.5144427028544361,1.4643800507109499,1.4643800507109499,VERIFIED_DOCUMENTED_VINTAGES_PARTIAL_RELEASE_HISTORY
DFM_A,conservative,STRICT,LATEST_REVISED,HISTORICAL_POST_DEVELOPMENT_TEST,H2,COMMON_ALL_EIGHT_MODELS,4,4,1.4410750761821283,1.3940063826284324,1.3940063826284324,VERIFIED_DOCUMENTED_VINTAGES_PARTIAL_RELEASE_HISTORY
DFM_A,conservative,STRICT,LATEST_REVISED,HISTORICAL_POST_DEVELOPMENT_TEST,H3,COMMON_ALL_EIGHT_MODELS,4,4,1.37000990070657,1.3316791439522466,1.3316791439522466,VERIFIED_DOCUMENTED_VINTAGES_PARTIAL_RELEASE_HISTORY
DFM_A,conservative,STRICT,LATEST_REVISED,HISTORICAL_POST_DEVELOPMENT_TEST,ALL,COMMON_ALL_EIGHT_MODELS,12,4,1.4430478397540398,1.3966885257638761,1.3966885257638761,VERIFIED_DOCUMENTED_VINTAGES_PARTIAL_RELEASE_HISTORY
DFM_A,conservative,STRICT,LATEST_REVISED,HISTORICAL_POST_DEVELOPMENT_TEST,H2_H3,COMMON_ALL_EIGHT_MODELS,8,4,1.4059915546025432,1.3628427632903395,1.3628427632903395,VERIFIED_DOCUMENTED_VINTAGES_PARTIAL_RELEASE_HISTORY
DFM_A,conservative,STRICT,LATEST_REVISED,POOLED_RESEARCH_ONLY,H1,COMMON_ALL_EIGHT_MODELS,10,10,1.0171653888018826,0.81053592178168832,0.81053592178168832,VERIFIED_DOCUMENTED_VINTAGES_PARTIAL_RELEASE_HISTORY
DFM_A,conservative,STRICT,LATEST_REVISED,POOLED_RESEARCH_ONLY,H2,COMMON_ALL_EIGHT_MODELS,10,10,0.97704166873933973,0.80255978688759788,0.80255978688759788,VERIFIED_DOCUMENTED_VINTAGES_PARTIAL_RELEASE_HISTORY
DFM_A,conservative,STRICT,LATEST_REVISED,POOLED_RESEARCH_ONLY,H3,COMMON_ALL_EIGHT_MODELS,10,10,0.98456452315362275,0.8508088568348473,0.65941546863319722,VERIFIED_DOCUMENTED_VINTAGES_PARTIAL_RELEASE_HISTORY
DFM_A,conservative,STRICT,LATEST_REVISED,POOLED_RESEARCH_ONLY,ALL,COMMON_ALL_EIGHT_MODELS,30,10,0.99307655812331663,0.82130152183471117,0.75750372576749447,VERIFIED_DOCUMENTED_VINTAGES_PARTIAL_RELEASE_HISTORY
DFM_A,conservative,STRICT,LATEST_REVISED,POOLED_RESEARCH_ONLY,H2_H3,COMMON_ALL_EIGHT_MODELS,20,10,0.98081030854739548,0.82668432186122265,0.7309876277603975,VERIFIED_DOCUMENTED_VINTAGES_PARTIAL_RELEASE_HISTORY
DFM_A,standard,PERMISSIVE_END_OF_DAY,FIRST_RELEASE,DEVELOPMENT_PSEUDO_OOS,H1,COMMON_ALL_EIGHT_MODELS,6,6,0.36959833480558052,0.27444618111155289,0.25694283946976498,VERIFIED_DOCUMENTED_VINTAGES_PARTIAL_RELEASE_HISTORY
DFM_A,standard,PERMISSIVE_END_OF_DAY,FIRST_RELEASE,DEVELOPMENT_PSEUDO_OOS,H2,COMMON_ALL_EIGHT_MODELS,6,6,0.38441364258972266,0.29170965284592887,0.12394044695810964,VERIFIED_DOCUMENTED_VINTAGES_PARTIAL_RELEASE_HISTORY
DFM_A,standard,PERMISSIVE_END_OF_DAY,FIRST_RELEASE,DEVELOPMENT_PSEUDO_OOS,H3,COMMON_ALL_EIGHT_MODELS,6,6,0.54486837321301296,0.40684852890992662,0.064616468847450051,VERIFIED_DOCUMENTED_VINTAGES_PARTIAL_RELEASE_HISTORY
DFM_A,standard,PERMISSIVE_END_OF_DAY,FIRST_RELEASE,DEVELOPMENT_PSEUDO_OOS,ALL,COMMON_ALL_EIGHT_MODELS,18,6,0.4401735725173091,0.32433478762246948,0.14849991842510823,VERIFIED_DOCUMENTED_VINTAGES_PARTIAL_RELEASE_HISTORY
DFM_A,standard,PERMISSIVE_END_OF_DAY,FIRST_RELEASE,DEVELOPMENT_PSEUDO_OOS,H2_H3,COMMON_ALL_EIGHT_MODELS,12,6,0.4715163797456533,0.34927909087792774,0.094278457902779847,VERIFIED_DOCUMENTED_VINTAGES_PARTIAL_RELEASE_HISTORY
DFM_A,standard,PERMISSIVE_END_OF_DAY,FIRST_RELEASE,HISTORICAL_POST_DEVELOPMENT_TEST,H1,COMMON_ALL_EIGHT_MODELS,4,4,1.3263448977304806,1.2725485296414147,1.2725485296414147,VERIFIED_DOCUMENTED_VINTAGES_PARTIAL_RELEASE_HISTORY
DFM_A,standard,PERMISSIVE_END_OF_DAY,FIRST_RELEASE,HISTORICAL_POST_DEVELOPMENT_TEST,H2,COMMON_ALL_EIGHT_MODELS,4,4,1.2323300033341886,1.1820905609104622,1.1820905609104622,VERIFIED_DOCUMENTED_VINTAGES_PARTIAL_RELEASE_HISTORY
DFM_A,standard,PERMISSIVE_END_OF_DAY,FIRST_RELEASE,HISTORICAL_POST_DEVELOPMENT_TEST,H3,COMMON_ALL_EIGHT_MODELS,4,4,1.1758771705952937,1.1395798413509513,1.1395798413509513,VERIFIED_DOCUMENTED_VINTAGES_PARTIAL_RELEASE_HISTORY
DFM_A,standard,PERMISSIVE_END_OF_DAY,FIRST_RELEASE,HISTORICAL_POST_DEVELOPMENT_TEST,ALL,COMMON_ALL_EIGHT_MODELS,12,4,1.2463968262128657,1.1980729773009424,1.1980729773009424,VERIFIED_DOCUMENTED_VINTAGES_PARTIAL_RELEASE_HISTORY
DFM_A,standard,PERMISSIVE_END_OF_DAY,FIRST_RELEASE,HISTORICAL_POST_DEVELOPMENT_TEST,H2_H3,COMMON_ALL_EIGHT_MODELS,8,4,1.2044343812439171,1.1608352011307068,1.1608352011307068,VERIFIED_DOCUMENTED_VINTAGES_PARTIAL_RELEASE_HISTORY
DFM_A,standard,PERMISSIVE_END_OF_DAY,FIRST_RELEASE,POOLED_RESEARCH_ONLY,H1,COMMON_ALL_EIGHT_MODELS,10,10,0.88636226936219842,0.67368712052349766,0.66318511553842485,VERIFIED_DOCUMENTED_VINTAGES_PARTIAL_RELEASE_HISTORY
DFM_A,standard,PERMISSIVE_END_OF_DAY,FIRST_RELEASE,POOLED_RESEARCH_ONLY,H2,COMMON_ALL_EIGHT_MODELS,10,10,0.8343375839625804,0.64786201607174221,0.54720049253905068,VERIFIED_DOCUMENTED_VINTAGES_PARTIAL_RELEASE_HISTORY
DFM_A,standard,PERMISSIVE_END_OF_DAY,FIRST_RELEASE,POOLED_RESEARCH_ONLY,H3,COMMON_ALL_EIGHT_MODELS,10,10,0.85510454016310455,0.69994105388633643,0.49460181784885054,VERIFIED_DOCUMENTED_VINTAGES_PARTIAL_RELEASE_HISTORY
DFM_A,standard,PERMISSIVE_END_OF_DAY,FIRST_RELEASE,POOLED_RESEARCH_ONLY,ALL,COMMON_ALL_EIGHT_MODELS,30,10,0.8588676753278075,0.67383006349385888,0.56832914197544193,VERIFIED_DOCUMENTED_VINTAGES_PARTIAL_RELEASE_HISTORY
DFM_A,standard,PERMISSIVE_END_OF_DAY,FIRST_RELEASE,POOLED_RESEARCH_ONLY,H2_H3,COMMON_ALL_EIGHT_MODELS,20,10,0.84478487753394071,0.67390153497903937,0.52090115519395064,VERIFIED_DOCUMENTED_VINTAGES_PARTIAL_RELEASE_HISTORY
DFM_A,standard,PERMISSIVE_END_OF_DAY,LATEST_REVISED,DEVELOPMENT_PSEUDO_OOS,H1,COMMON_ALL_EIGHT_MODELS,6,6,0.4070893284741946,0.35694283946976446,0.35694283946976446,VERIFIED_DOCUMENTED_VINTAGES_PARTIAL_RELEASE_HISTORY
DFM_A,standard,PERMISSIVE_END_OF_DAY,LATEST_REVISED,DEVELOPMENT_PSEUDO_OOS,H2,COMMON_ALL_EIGHT_MODELS,6,6,0.38147452696849821,0.32504298617925986,0.22394044695810914,VERIFIED_DOCUMENTED_VINTAGES_PARTIAL_RELEASE_HISTORY
DFM_A,standard,PERMISSIVE_END_OF_DAY,LATEST_REVISED,DEVELOPMENT_PSEUDO_OOS,H3,COMMON_ALL_EIGHT_MODELS,6,6,0.50164287076767755,0.43349727832462692,0.16461646884744954,VERIFIED_DOCUMENTED_VINTAGES_PARTIAL_RELEASE_HISTORY
DFM_A,standard,PERMISSIVE_END_OF_DAY,LATEST_REVISED,DEVELOPMENT_PSEUDO_OOS,ALL,COMMON_ALL_EIGHT_MODELS,18,6,0.4331628276893294,0.3718277013245504,0.24849991842510771,VERIFIED_DOCUMENTED_VINTAGES_PARTIAL_RELEASE_HISTORY
DFM_A,standard,PERMISSIVE_END_OF_DAY,LATEST_REVISED,DEVELOPMENT_PSEUDO_OOS,H2_H3,COMMON_ALL_EIGHT_MODELS,12,6,0.44562786297418411,0.37927013225194339,0.19427845790277934,VERIFIED_DOCUMENTED_VINTAGES_PARTIAL_RELEASE_HISTORY
DFM_A,standard,PERMISSIVE_END_OF_DAY,LATEST_REVISED,HISTORICAL_POST_DEVELOPMENT_TEST,H1,COMMON_ALL_EIGHT_MODELS,4,4,1.3263448977304815,1.272548529641415,1.272548529641415,VERIFIED_DOCUMENTED_VINTAGES_PARTIAL_RELEASE_HISTORY
DFM_A,standard,PERMISSIVE_END_OF_DAY,LATEST_REVISED,HISTORICAL_POST_DEVELOPMENT_TEST,H2,COMMON_ALL_EIGHT_MODELS,4,4,1.2323300033341893,1.1820905609104624,1.1820905609104624,VERIFIED_DOCUMENTED_VINTAGES_PARTIAL_RELEASE_HISTORY
DFM_A,standard,PERMISSIVE_END_OF_DAY,LATEST_REVISED,HISTORICAL_POST_DEVELOPMENT_TEST,H3,COMMON_ALL_EIGHT_MODELS,4,4,1.1758771705952944,1.1395798413509515,1.1395798413509515,VERIFIED_DOCUMENTED_VINTAGES_PARTIAL_RELEASE_HISTORY
DFM_A,standard,PERMISSIVE_END_OF_DAY,LATEST_REVISED,HISTORICAL_POST_DEVELOPMENT_TEST,ALL,COMMON_ALL_EIGHT_MODELS,12,4,1.2463968262128664,1.1980729773009429,1.1980729773009429,VERIFIED_DOCUMENTED_VINTAGES_PARTIAL_RELEASE_HISTORY
DFM_A,standard,PERMISSIVE_END_OF_DAY,LATEST_REVISED,HISTORICAL_POST_DEVELOPMENT_TEST,H2_H3,COMMON_ALL_EIGHT_MODELS,8,4,1.2044343812439178,1.1608352011307068,1.1608352011307068,VERIFIED_DOCUMENTED_VINTAGES_PARTIAL_RELEASE_HISTORY
DFM_A,standard,PERMISSIVE_END_OF_DAY,LATEST_REVISED,POOLED_RESEARCH_ONLY,H1,COMMON_ALL_EIGHT_MODELS,10,10,0.8961636836587471,0.72318511553842468,0.72318511553842468,VERIFIED_DOCUMENTED_VINTAGES_PARTIAL_RELEASE_HISTORY
DFM_A,standard,PERMISSIVE_END_OF_DAY,LATEST_REVISED,POOLED_RESEARCH_ONLY,H2,COMMON_ALL_EIGHT_MODELS,10,10,0.83352779418718903,0.66786201607174089,0.6072004925390504,VERIFIED_DOCUMENTED_VINTAGES_PARTIAL_RELEASE_HISTORY
DFM_A,standard,PERMISSIVE_END_OF_DAY,LATEST_REVISED,POOLED_RESEARCH_ONLY,H3,COMMON_ALL_EIGHT_MODELS,10,10,0.83908413762035816,0.71593030353515674,0.55460181784885032,VERIFIED_DOCUMENTED_VINTAGES_PARTIAL_RELEASE_HISTORY
DFM_A,standard,PERMISSIVE_END_OF_DAY,LATEST_REVISED,POOLED_RESEARCH_ONLY,ALL,COMMON_ALL_EIGHT_MODELS,30,10,0.85672635102026129,0.70232581171510744,0.62832914197544187,VERIFIED_DOCUMENTED_VINTAGES_PARTIAL_RELEASE_HISTORY
DFM_A,standard,PERMISSIVE_END_OF_DAY,LATEST_REVISED,POOLED_RESEARCH_ONLY,H2_H3,COMMON_ALL_EIGHT_MODELS,20,10,0.83631058037330286,0.69189615980344876,0.58090115519395036,VERIFIED_DOCUMENTED_VINTAGES_PARTIAL_RELEASE_HISTORY
DFM_A,standard,STRICT,FIRST_RELEASE,DEVELOPMENT_PSEUDO_OOS,H1,COMMON_ALL_EIGHT_MODELS,6,6,0.36959833480558052,0.27444618111155289,0.25694283946976498,VERIFIED_DOCUMENTED_VINTAGES_PARTIAL_RELEASE_HISTORY
DFM_A,standard,STRICT,FIRST_RELEASE,DEVELOPMENT_PSEUDO_OOS,H2,COMMON_ALL_EIGHT_MODELS,6,6,0.38441364258972266,0.29170965284592887,0.12394044695810964,VERIFIED_DOCUMENTED_VINTAGES_PARTIAL_RELEASE_HISTORY
DFM_A,standard,STRICT,FIRST_RELEASE,DEVELOPMENT_PSEUDO_OOS,H3,COMMON_ALL_EIGHT_MODELS,6,6,0.54486837321301296,0.40684852890992662,0.064616468847450051,VERIFIED_DOCUMENTED_VINTAGES_PARTIAL_RELEASE_HISTORY
DFM_A,standard,STRICT,FIRST_RELEASE,DEVELOPMENT_PSEUDO_OOS,ALL,COMMON_ALL_EIGHT_MODELS,18,6,0.4401735725173091,0.32433478762246948,0.14849991842510823,VERIFIED_DOCUMENTED_VINTAGES_PARTIAL_RELEASE_HISTORY
DFM_A,standard,STRICT,FIRST_RELEASE,DEVELOPMENT_PSEUDO_OOS,H2_H3,COMMON_ALL_EIGHT_MODELS,12,6,0.4715163797456533,0.34927909087792774,0.094278457902779847,VERIFIED_DOCUMENTED_VINTAGES_PARTIAL_RELEASE_HISTORY
DFM_A,standard,STRICT,FIRST_RELEASE,HISTORICAL_POST_DEVELOPMENT_TEST,H1,COMMON_ALL_EIGHT_MODELS,4,4,1.3263448977304806,1.2725485296414147,1.2725485296414147,VERIFIED_DOCUMENTED_VINTAGES_PARTIAL_RELEASE_HISTORY
DFM_A,standard,STRICT,FIRST_RELEASE,HISTORICAL_POST_DEVELOPMENT_TEST,H2,COMMON_ALL_EIGHT_MODELS,4,4,1.2323300033341886,1.1820905609104622,1.1820905609104622,VERIFIED_DOCUMENTED_VINTAGES_PARTIAL_RELEASE_HISTORY
DFM_A,standard,STRICT,FIRST_RELEASE,HISTORICAL_POST_DEVELOPMENT_TEST,H3,COMMON_ALL_EIGHT_MODELS,4,4,1.1758771705952937,1.1395798413509513,1.1395798413509513,VERIFIED_DOCUMENTED_VINTAGES_PARTIAL_RELEASE_HISTORY
DFM_A,standard,STRICT,FIRST_RELEASE,HISTORICAL_POST_DEVELOPMENT_TEST,ALL,COMMON_ALL_EIGHT_MODELS,12,4,1.2463968262128657,1.1980729773009424,1.1980729773009424,VERIFIED_DOCUMENTED_VINTAGES_PARTIAL_RELEASE_HISTORY
DFM_A,standard,STRICT,FIRST_RELEASE,HISTORICAL_POST_DEVELOPMENT_TEST,H2_H3,COMMON_ALL_EIGHT_MODELS,8,4,1.2044343812439171,1.1608352011307068,1.1608352011307068,VERIFIED_DOCUMENTED_VINTAGES_PARTIAL_RELEASE_HISTORY
DFM_A,standard,STRICT,FIRST_RELEASE,POOLED_RESEARCH_ONLY,H1,COMMON_ALL_EIGHT_MODELS,10,10,0.88636226936219842,0.67368712052349766,0.66318511553842485,VERIFIED_DOCUMENTED_VINTAGES_PARTIAL_RELEASE_HISTORY
DFM_A,standard,STRICT,FIRST_RELEASE,POOLED_RESEARCH_ONLY,H2,COMMON_ALL_EIGHT_MODELS,10,10,0.8343375839625804,0.64786201607174221,0.54720049253905068,VERIFIED_DOCUMENTED_VINTAGES_PARTIAL_RELEASE_HISTORY
DFM_A,standard,STRICT,FIRST_RELEASE,POOLED_RESEARCH_ONLY,H3,COMMON_ALL_EIGHT_MODELS,10,10,0.85510454016310455,0.69994105388633643,0.49460181784885054,VERIFIED_DOCUMENTED_VINTAGES_PARTIAL_RELEASE_HISTORY
DFM_A,standard,STRICT,FIRST_RELEASE,POOLED_RESEARCH_ONLY,ALL,COMMON_ALL_EIGHT_MODELS,30,10,0.8588676753278075,0.67383006349385888,0.56832914197544193,VERIFIED_DOCUMENTED_VINTAGES_PARTIAL_RELEASE_HISTORY
DFM_A,standard,STRICT,FIRST_RELEASE,POOLED_RESEARCH_ONLY,H2_H3,COMMON_ALL_EIGHT_MODELS,20,10,0.84478487753394071,0.67390153497903937,0.52090115519395064,VERIFIED_DOCUMENTED_VINTAGES_PARTIAL_RELEASE_HISTORY
DFM_A,standard,STRICT,LATEST_REVISED,DEVELOPMENT_PSEUDO_OOS,H1,COMMON_ALL_EIGHT_MODELS,6,6,0.4070893284741946,0.35694283946976446,0.35694283946976446,VERIFIED_DOCUMENTED_VINTAGES_PARTIAL_RELEASE_HISTORY
DFM_A,standard,STRICT,LATEST_REVISED,DEVELOPMENT_PSEUDO_OOS,H2,COMMON_ALL_EIGHT_MODELS,6,6,0.38147452696849821,0.32504298617925986,0.22394044695810914,VERIFIED_DOCUMENTED_VINTAGES_PARTIAL_RELEASE_HISTORY
DFM_A,standard,STRICT,LATEST_REVISED,DEVELOPMENT_PSEUDO_OOS,H3,COMMON_ALL_EIGHT_MODELS,6,6,0.50164287076767755,0.43349727832462692,0.16461646884744954,VERIFIED_DOCUMENTED_VINTAGES_PARTIAL_RELEASE_HISTORY
DFM_A,standard,STRICT,LATEST_REVISED,DEVELOPMENT_PSEUDO_OOS,ALL,COMMON_ALL_EIGHT_MODELS,18,6,0.4331628276893294,0.3718277013245504,0.24849991842510771,VERIFIED_DOCUMENTED_VINTAGES_PARTIAL_RELEASE_HISTORY
DFM_A,standard,STRICT,LATEST_REVISED,DEVELOPMENT_PSEUDO_OOS,H2_H3,COMMON_ALL_EIGHT_MODELS,12,6,0.44562786297418411,0.37927013225194339,0.19427845790277934,VERIFIED_DOCUMENTED_VINTAGES_PARTIAL_RELEASE_HISTORY
DFM_A,standard,STRICT,LATEST_REVISED,HISTORICAL_POST_DEVELOPMENT_TEST,H1,COMMON_ALL_EIGHT_MODELS,4,4,1.3263448977304815,1.272548529641415,1.272548529641415,VERIFIED_DOCUMENTED_VINTAGES_PARTIAL_RELEASE_HISTORY
DFM_A,standard,STRICT,LATEST_REVISED,HISTORICAL_POST_DEVELOPMENT_TEST,H2,COMMON_ALL_EIGHT_MODELS,4,4,1.2323300033341893,1.1820905609104624,1.1820905609104624,VERIFIED_DOCUMENTED_VINTAGES_PARTIAL_RELEASE_HISTORY
DFM_A,standard,STRICT,LATEST_REVISED,HISTORICAL_POST_DEVELOPMENT_TEST,H3,COMMON_ALL_EIGHT_MODELS,4,4,1.1758771705952944,1.1395798413509515,1.1395798413509515,VERIFIED_DOCUMENTED_VINTAGES_PARTIAL_RELEASE_HISTORY
DFM_A,standard,STRICT,LATEST_REVISED,HISTORICAL_POST_DEVELOPMENT_TEST,ALL,COMMON_ALL_EIGHT_MODELS,12,4,1.2463968262128664,1.1980729773009429,1.1980729773009429,VERIFIED_DOCUMENTED_VINTAGES_PARTIAL_RELEASE_HISTORY
DFM_A,standard,STRICT,LATEST_REVISED,HISTORICAL_POST_DEVELOPMENT_TEST,H2_H3,COMMON_ALL_EIGHT_MODELS,8,4,1.2044343812439178,1.1608352011307068,1.1608352011307068,VERIFIED_DOCUMENTED_VINTAGES_PARTIAL_RELEASE_HISTORY
DFM_A,standard,STRICT,LATEST_REVISED,POOLED_RESEARCH_ONLY,H1,COMMON_ALL_EIGHT_MODELS,10,10,0.8961636836587471,0.72318511553842468,0.72318511553842468,VERIFIED_DOCUMENTED_VINTAGES_PARTIAL_RELEASE_HISTORY
DFM_A,standard,STRICT,LATEST_REVISED,POOLED_RESEARCH_ONLY,H2,COMMON_ALL_EIGHT_MODELS,10,10,0.83352779418718903,0.66786201607174089,0.6072004925390504,VERIFIED_DOCUMENTED_VINTAGES_PARTIAL_RELEASE_HISTORY
DFM_A,standard,STRICT,LATEST_REVISED,POOLED_RESEARCH_ONLY,H3,COMMON_ALL_EIGHT_MODELS,10,10,0.83908413762035816,0.71593030353515674,0.55460181784885032,VERIFIED_DOCUMENTED_VINTAGES_PARTIAL_RELEASE_HISTORY
DFM_A,standard,STRICT,LATEST_REVISED,POOLED_RESEARCH_ONLY,ALL,COMMON_ALL_EIGHT_MODELS,30,10,0.85672635102026129,0.70232581171510744,0.62832914197544187,VERIFIED_DOCUMENTED_VINTAGES_PARTIAL_RELEASE_HISTORY
DFM_A,standard,STRICT,LATEST_REVISED,POOLED_RESEARCH_ONLY,H2_H3,COMMON_ALL_EIGHT_MODELS,20,10,0.83631058037330286,0.69189615980344876,0.58090115519395036,VERIFIED_DOCUMENTED_VINTAGES_PARTIAL_RELEASE_HISTORY
DFM_B,conservative,PERMISSIVE_END_OF_DAY,FIRST_RELEASE,DEVELOPMENT_PSEUDO_OOS,H1,COMMON_ALL_EIGHT_MODELS,6,6,0.2998882322362677,0.21581676782031409,0.19202550268296811,VERIFIED_DOCUMENTED_VINTAGES_PARTIAL_RELEASE_HISTORY
DFM_B,conservative,PERMISSIVE_END_OF_DAY,FIRST_RELEASE,DEVELOPMENT_PSEUDO_OOS,H2,COMMON_ALL_EIGHT_MODELS,6,6,0.29864313116185798,0.22442383244477826,0.21669186782270775,VERIFIED_DOCUMENTED_VINTAGES_PARTIAL_RELEASE_HISTORY
DFM_B,conservative,PERMISSIVE_END_OF_DAY,FIRST_RELEASE,DEVELOPMENT_PSEUDO_OOS,H3,COMMON_ALL_EIGHT_MODELS,6,6,0.52712512166391523,0.39428190584386974,0.039940287879681069,VERIFIED_DOCUMENTED_VINTAGES_PARTIAL_RELEASE_HISTORY
DFM_B,conservative,PERMISSIVE_END_OF_DAY,FIRST_RELEASE,DEVELOPMENT_PSEUDO_OOS,ALL,COMMON_ALL_EIGHT_MODELS,18,6,0.3902911586295329,0.27817416870298733,0.14955255279511898,VERIFIED_DOCUMENTED_VINTAGES_PARTIAL_RELEASE_HISTORY
DFM_B,conservative,PERMISSIVE_END_OF_DAY,FIRST_RELEASE,DEVELOPMENT_PSEUDO_OOS,H2_H3,COMMON_ALL_EIGHT_MODELS,12,6,0.42839737025299074,0.30935286914432397,0.12831607785119439,VERIFIED_DOCUMENTED_VINTAGES_PARTIAL_RELEASE_HISTORY
DFM_B,conservative,PERMISSIVE_END_OF_DAY,FIRST_RELEASE,HISTORICAL_POST_DEVELOPMENT_TEST,H1,COMMON_ALL_EIGHT_MODELS,4,4,0.99035378865750479,0.92701815685871591,0.92701815685871591,VERIFIED_DOCUMENTED_VINTAGES_PARTIAL_RELEASE_HISTORY
DFM_B,conservative,PERMISSIVE_END_OF_DAY,FIRST_RELEASE,HISTORICAL_POST_DEVELOPMENT_TEST,H2,COMMON_ALL_EIGHT_MODELS,4,4,0.97345906856326159,0.90833933007605627,0.90833933007605627,VERIFIED_DOCUMENTED_VINTAGES_PARTIAL_RELEASE_HISTORY
DFM_B,conservative,PERMISSIVE_END_OF_DAY,FIRST_RELEASE,HISTORICAL_POST_DEVELOPMENT_TEST,H3,COMMON_ALL_EIGHT_MODELS,4,4,0.95780705267290733,0.8932484246591752,0.8932484246591752,VERIFIED_DOCUMENTED_VINTAGES_PARTIAL_RELEASE_HISTORY
DFM_B,conservative,PERMISSIVE_END_OF_DAY,FIRST_RELEASE,HISTORICAL_POST_DEVELOPMENT_TEST,ALL,COMMON_ALL_EIGHT_MODELS,12,4,0.9739639854782941,0.90953530386464909,0.90953530386464909,VERIFIED_DOCUMENTED_VINTAGES_PARTIAL_RELEASE_HISTORY
DFM_B,conservative,PERMISSIVE_END_OF_DAY,FIRST_RELEASE,HISTORICAL_POST_DEVELOPMENT_TEST,H2_H3,COMMON_ALL_EIGHT_MODELS,8,4,0.96566477317908161,0.90079387736761574,0.90079387736761574,VERIFIED_DOCUMENTED_VINTAGES_PARTIAL_RELEASE_HISTORY
DFM_B,conservative,PERMISSIVE_END_OF_DAY,FIRST_RELEASE,POOLED_RESEARCH_ONLY,H1,COMMON_ALL_EIGHT_MODELS,10,10,0.6680419311567094,0.50029732343567479,0.48602256435326724,VERIFIED_DOCUMENTED_VINTAGES_PARTIAL_RELEASE_HISTORY
DFM_B,conservative,PERMISSIVE_END_OF_DAY,FIRST_RELEASE,POOLED_RESEARCH_ONLY,H2,COMMON_ALL_EIGHT_MODELS,10,10,0.65769419576374277,0.49799003149728949,0.49335085272404716,VERIFIED_DOCUMENTED_VINTAGES_PARTIAL_RELEASE_HISTORY
DFM_B,conservative,PERMISSIVE_END_OF_DAY,FIRST_RELEASE,POOLED_RESEARCH_ONLY,H3,COMMON_ALL_EIGHT_MODELS,10,10,0.73053013380250298,0.59386851336999191,0.38126354259147871,VERIFIED_DOCUMENTED_VINTAGES_PARTIAL_RELEASE_HISTORY
DFM_B,conservative,PERMISSIVE_END_OF_DAY,FIRST_RELEASE,POOLED_RESEARCH_ONLY,ALL,COMMON_ALL_EIGHT_MODELS,30,10,0.68617683661439266,0.53071862276765203,0.453545653222931,VERIFIED_DOCUMENTED_VINTAGES_PARTIAL_RELEASE_HISTORY
DFM_B,conservative,PERMISSIVE_END_OF_DAY,FIRST_RELEASE,POOLED_RESEARCH_ONLY,H2_H3,COMMON_ALL_EIGHT_MODELS,20,10,0.69506687862925076,0.54592927243364076,0.43730719765776299,VERIFIED_DOCUMENTED_VINTAGES_PARTIAL_RELEASE_HISTORY
DFM_B,conservative,PERMISSIVE_END_OF_DAY,LATEST_REVISED,DEVELOPMENT_PSEUDO_OOS,H1,COMMON_ALL_EIGHT_MODELS,6,6,0.32805117266187572,0.29202550268296762,0.29202550268296762,VERIFIED_DOCUMENTED_VINTAGES_PARTIAL_RELEASE_HISTORY
DFM_B,conservative,PERMISSIVE_END_OF_DAY,LATEST_REVISED,DEVELOPMENT_PSEUDO_OOS,H2,COMMON_ALL_EIGHT_MODELS,6,6,0.34403422137251344,0.31669186782270725,0.31669186782270725,VERIFIED_DOCUMENTED_VINTAGES_PARTIAL_RELEASE_HISTORY
DFM_B,conservative,PERMISSIVE_END_OF_DAY,LATEST_REVISED,DEVELOPMENT_PSEUDO_OOS,H3,COMMON_ALL_EIGHT_MODELS,6,6,0.47760708979761096,0.41692433530914857,0.13994028787968057,VERIFIED_DOCUMENTED_VINTAGES_PARTIAL_RELEASE_HISTORY
DFM_B,conservative,PERMISSIVE_END_OF_DAY,LATEST_REVISED,DEVELOPMENT_PSEUDO_OOS,ALL,COMMON_ALL_EIGHT_MODELS,18,6,0.38905254554501439,0.34188056860494115,0.24955255279511845,VERIFIED_DOCUMENTED_VINTAGES_PARTIAL_RELEASE_HISTORY
DFM_B,conservative,PERMISSIVE_END_OF_DAY,LATEST_REVISED,DEVELOPMENT_PSEUDO_OOS,H2_H3,COMMON_ALL_EIGHT_MODELS,12,6,0.41621393399328593,0.36680810156592791,0.2283160778511939,VERIFIED_DOCUMENTED_VINTAGES_PARTIAL_RELEASE_HISTORY
DFM_B,conservative,PERMISSIVE_END_OF_DAY,LATEST_REVISED,HISTORICAL_POST_DEVELOPMENT_TEST,H1,COMMON_ALL_EIGHT_MODELS,4,4,0.99035378865750545,0.92701815685871614,0.92701815685871614,VERIFIED_DOCUMENTED_VINTAGES_PARTIAL_RELEASE_HISTORY
DFM_B,conservative,PERMISSIVE_END_OF_DAY,LATEST_REVISED,HISTORICAL_POST_DEVELOPMENT_TEST,H2,COMMON_ALL_EIGHT_MODELS,4,4,0.97345906856326248,0.90833933007605649,0.90833933007605649,VERIFIED_DOCUMENTED_VINTAGES_PARTIAL_RELEASE_HISTORY
DFM_B,conservative,PERMISSIVE_END_OF_DAY,LATEST_REVISED,HISTORICAL_POST_DEVELOPMENT_TEST,H3,COMMON_ALL_EIGHT_MODELS,4,4,0.95780705267290811,0.89324842465917542,0.89324842465917542,VERIFIED_DOCUMENTED_VINTAGES_PARTIAL_RELEASE_HISTORY
DFM_B,conservative,PERMISSIVE_END_OF_DAY,LATEST_REVISED,HISTORICAL_POST_DEVELOPMENT_TEST,ALL,COMMON_ALL_EIGHT_MODELS,12,4,0.97396398547829499,0.90953530386464942,0.90953530386464942,VERIFIED_DOCUMENTED_VINTAGES_PARTIAL_RELEASE_HISTORY
DFM_B,conservative,PERMISSIVE_END_OF_DAY,LATEST_REVISED,HISTORICAL_POST_DEVELOPMENT_TEST,H2_H3,COMMON_ALL_EIGHT_MODELS,8,4,0.96566477317908239,0.90079387736761596,0.90079387736761596,VERIFIED_DOCUMENTED_VINTAGES_PARTIAL_RELEASE_HISTORY
DFM_B,conservative,PERMISSIVE_END_OF_DAY,LATEST_REVISED,POOLED_RESEARCH_ONLY,H1,COMMON_ALL_EIGHT_MODELS,10,10,0.67593697473522574,0.54602256435326701,0.54602256435326701,VERIFIED_DOCUMENTED_VINTAGES_PARTIAL_RELEASE_HISTORY
DFM_B,conservative,PERMISSIVE_END_OF_DAY,LATEST_REVISED,POOLED_RESEARCH_ONLY,H2,COMMON_ALL_EIGHT_MODELS,10,10,0.67086865372623927,0.55335085272404694,0.55335085272404694,VERIFIED_DOCUMENTED_VINTAGES_PARTIAL_RELEASE_HISTORY
DFM_B,conservative,PERMISSIVE_END_OF_DAY,LATEST_REVISED,POOLED_RESEARCH_ONLY,H3,COMMON_ALL_EIGHT_MODELS,10,10,0.70980480372772281,0.60745397104915932,0.44126354259147849,VERIFIED_DOCUMENTED_VINTAGES_PARTIAL_RELEASE_HISTORY
DFM_B,conservative,PERMISSIVE_END_OF_DAY,LATEST_REVISED,POOLED_RESEARCH_ONLY,ALL,COMMON_ALL_EIGHT_MODELS,30,10,0.68575467035999038,0.56894246270882431,0.51354565322293089,VERIFIED_DOCUMENTED_VINTAGES_PARTIAL_RELEASE_HISTORY
DFM_B,conservative,PERMISSIVE_END_OF_DAY,LATEST_REVISED,POOLED_RESEARCH_ONLY,H2_H3,COMMON_ALL_EIGHT_MODELS,20,10,0.69061118219567219,0.58040241188660313,0.49730719765776266,VERIFIED_DOCUMENTED_VINTAGES_PARTIAL_RELEASE_HISTORY
DFM_B,conservative,STRICT,FIRST_RELEASE,DEVELOPMENT_PSEUDO_OOS,H1,COMMON_ALL_EIGHT_MODELS,6,6,0.2998882322362677,0.21581676782031409,0.19202550268296811,VERIFIED_DOCUMENTED_VINTAGES_PARTIAL_RELEASE_HISTORY
DFM_B,conservative,STRICT,FIRST_RELEASE,DEVELOPMENT_PSEUDO_OOS,H2,COMMON_ALL_EIGHT_MODELS,6,6,0.29864313116185798,0.22442383244477826,0.21669186782270775,VERIFIED_DOCUMENTED_VINTAGES_PARTIAL_RELEASE_HISTORY
DFM_B,conservative,STRICT,FIRST_RELEASE,DEVELOPMENT_PSEUDO_OOS,H3,COMMON_ALL_EIGHT_MODELS,6,6,0.52712512166391523,0.39428190584386974,0.039940287879681069,VERIFIED_DOCUMENTED_VINTAGES_PARTIAL_RELEASE_HISTORY
DFM_B,conservative,STRICT,FIRST_RELEASE,DEVELOPMENT_PSEUDO_OOS,ALL,COMMON_ALL_EIGHT_MODELS,18,6,0.3902911586295329,0.27817416870298733,0.14955255279511898,VERIFIED_DOCUMENTED_VINTAGES_PARTIAL_RELEASE_HISTORY
DFM_B,conservative,STRICT,FIRST_RELEASE,DEVELOPMENT_PSEUDO_OOS,H2_H3,COMMON_ALL_EIGHT_MODELS,12,6,0.42839737025299074,0.30935286914432397,0.12831607785119439,VERIFIED_DOCUMENTED_VINTAGES_PARTIAL_RELEASE_HISTORY
DFM_B,conservative,STRICT,FIRST_RELEASE,HISTORICAL_POST_DEVELOPMENT_TEST,H1,COMMON_ALL_EIGHT_MODELS,4,4,0.99035378865750479,0.92701815685871591,0.92701815685871591,VERIFIED_DOCUMENTED_VINTAGES_PARTIAL_RELEASE_HISTORY
DFM_B,conservative,STRICT,FIRST_RELEASE,HISTORICAL_POST_DEVELOPMENT_TEST,H2,COMMON_ALL_EIGHT_MODELS,4,4,0.97345906856326159,0.90833933007605627,0.90833933007605627,VERIFIED_DOCUMENTED_VINTAGES_PARTIAL_RELEASE_HISTORY
DFM_B,conservative,STRICT,FIRST_RELEASE,HISTORICAL_POST_DEVELOPMENT_TEST,H3,COMMON_ALL_EIGHT_MODELS,4,4,0.95780705267290733,0.8932484246591752,0.8932484246591752,VERIFIED_DOCUMENTED_VINTAGES_PARTIAL_RELEASE_HISTORY
DFM_B,conservative,STRICT,FIRST_RELEASE,HISTORICAL_POST_DEVELOPMENT_TEST,ALL,COMMON_ALL_EIGHT_MODELS,12,4,0.9739639854782941,0.90953530386464909,0.90953530386464909,VERIFIED_DOCUMENTED_VINTAGES_PARTIAL_RELEASE_HISTORY
DFM_B,conservative,STRICT,FIRST_RELEASE,HISTORICAL_POST_DEVELOPMENT_TEST,H2_H3,COMMON_ALL_EIGHT_MODELS,8,4,0.96566477317908161,0.90079387736761574,0.90079387736761574,VERIFIED_DOCUMENTED_VINTAGES_PARTIAL_RELEASE_HISTORY
DFM_B,conservative,STRICT,FIRST_RELEASE,POOLED_RESEARCH_ONLY,H1,COMMON_ALL_EIGHT_MODELS,10,10,0.6680419311567094,0.50029732343567479,0.48602256435326724,VERIFIED_DOCUMENTED_VINTAGES_PARTIAL_RELEASE_HISTORY
DFM_B,conservative,STRICT,FIRST_RELEASE,POOLED_RESEARCH_ONLY,H2,COMMON_ALL_EIGHT_MODELS,10,10,0.65769419576374277,0.49799003149728949,0.49335085272404716,VERIFIED_DOCUMENTED_VINTAGES_PARTIAL_RELEASE_HISTORY
DFM_B,conservative,STRICT,FIRST_RELEASE,POOLED_RESEARCH_ONLY,H3,COMMON_ALL_EIGHT_MODELS,10,10,0.73053013380250298,0.59386851336999191,0.38126354259147871,VERIFIED_DOCUMENTED_VINTAGES_PARTIAL_RELEASE_HISTORY
DFM_B,conservative,STRICT,FIRST_RELEASE,POOLED_RESEARCH_ONLY,ALL,COMMON_ALL_EIGHT_MODELS,30,10,0.68617683661439266,0.53071862276765203,0.453545653222931,VERIFIED_DOCUMENTED_VINTAGES_PARTIAL_RELEASE_HISTORY
DFM_B,conservative,STRICT,FIRST_RELEASE,POOLED_RESEARCH_ONLY,H2_H3,COMMON_ALL_EIGHT_MODELS,20,10,0.69506687862925076,0.54592927243364076,0.43730719765776299,VERIFIED_DOCUMENTED_VINTAGES_PARTIAL_RELEASE_HISTORY
DFM_B,conservative,STRICT,LATEST_REVISED,DEVELOPMENT_PSEUDO_OOS,H1,COMMON_ALL_EIGHT_MODELS,6,6,0.32805117266187572,0.29202550268296762,0.29202550268296762,VERIFIED_DOCUMENTED_VINTAGES_PARTIAL_RELEASE_HISTORY
DFM_B,conservative,STRICT,LATEST_REVISED,DEVELOPMENT_PSEUDO_OOS,H2,COMMON_ALL_EIGHT_MODELS,6,6,0.34403422137251344,0.31669186782270725,0.31669186782270725,VERIFIED_DOCUMENTED_VINTAGES_PARTIAL_RELEASE_HISTORY
DFM_B,conservative,STRICT,LATEST_REVISED,DEVELOPMENT_PSEUDO_OOS,H3,COMMON_ALL_EIGHT_MODELS,6,6,0.47760708979761096,0.41692433530914857,0.13994028787968057,VERIFIED_DOCUMENTED_VINTAGES_PARTIAL_RELEASE_HISTORY
DFM_B,conservative,STRICT,LATEST_REVISED,DEVELOPMENT_PSEUDO_OOS,ALL,COMMON_ALL_EIGHT_MODELS,18,6,0.38905254554501439,0.34188056860494115,0.24955255279511845,VERIFIED_DOCUMENTED_VINTAGES_PARTIAL_RELEASE_HISTORY
DFM_B,conservative,STRICT,LATEST_REVISED,DEVELOPMENT_PSEUDO_OOS,H2_H3,COMMON_ALL_EIGHT_MODELS,12,6,0.41621393399328593,0.36680810156592791,0.2283160778511939,VERIFIED_DOCUMENTED_VINTAGES_PARTIAL_RELEASE_HISTORY
DFM_B,conservative,STRICT,LATEST_REVISED,HISTORICAL_POST_DEVELOPMENT_TEST,H1,COMMON_ALL_EIGHT_MODELS,4,4,0.99035378865750545,0.92701815685871614,0.92701815685871614,VERIFIED_DOCUMENTED_VINTAGES_PARTIAL_RELEASE_HISTORY
DFM_B,conservative,STRICT,LATEST_REVISED,HISTORICAL_POST_DEVELOPMENT_TEST,H2,COMMON_ALL_EIGHT_MODELS,4,4,0.97345906856326248,0.90833933007605649,0.90833933007605649,VERIFIED_DOCUMENTED_VINTAGES_PARTIAL_RELEASE_HISTORY
DFM_B,conservative,STRICT,LATEST_REVISED,HISTORICAL_POST_DEVELOPMENT_TEST,H3,COMMON_ALL_EIGHT_MODELS,4,4,0.95780705267290811,0.89324842465917542,0.89324842465917542,VERIFIED_DOCUMENTED_VINTAGES_PARTIAL_RELEASE_HISTORY
DFM_B,conservative,STRICT,LATEST_REVISED,HISTORICAL_POST_DEVELOPMENT_TEST,ALL,COMMON_ALL_EIGHT_MODELS,12,4,0.97396398547829499,0.90953530386464942,0.90953530386464942,VERIFIED_DOCUMENTED_VINTAGES_PARTIAL_RELEASE_HISTORY
DFM_B,conservative,STRICT,LATEST_REVISED,HISTORICAL_POST_DEVELOPMENT_TEST,H2_H3,COMMON_ALL_EIGHT_MODELS,8,4,0.96566477317908239,0.90079387736761596,0.90079387736761596,VERIFIED_DOCUMENTED_VINTAGES_PARTIAL_RELEASE_HISTORY
DFM_B,conservative,STRICT,LATEST_REVISED,POOLED_RESEARCH_ONLY,H1,COMMON_ALL_EIGHT_MODELS,10,10,0.67593697473522574,0.54602256435326701,0.54602256435326701,VERIFIED_DOCUMENTED_VINTAGES_PARTIAL_RELEASE_HISTORY
DFM_B,conservative,STRICT,LATEST_REVISED,POOLED_RESEARCH_ONLY,H2,COMMON_ALL_EIGHT_MODELS,10,10,0.67086865372623927,0.55335085272404694,0.55335085272404694,VERIFIED_DOCUMENTED_VINTAGES_PARTIAL_RELEASE_HISTORY
DFM_B,conservative,STRICT,LATEST_REVISED,POOLED_RESEARCH_ONLY,H3,COMMON_ALL_EIGHT_MODELS,10,10,0.70980480372772281,0.60745397104915932,0.44126354259147849,VERIFIED_DOCUMENTED_VINTAGES_PARTIAL_RELEASE_HISTORY
DFM_B,conservative,STRICT,LATEST_REVISED,POOLED_RESEARCH_ONLY,ALL,COMMON_ALL_EIGHT_MODELS,30,10,0.68575467035999038,0.56894246270882431,0.51354565322293089,VERIFIED_DOCUMENTED_VINTAGES_PARTIAL_RELEASE_HISTORY
DFM_B,conservative,STRICT,LATEST_REVISED,POOLED_RESEARCH_ONLY,H2_H3,COMMON_ALL_EIGHT_MODELS,20,10,0.69061118219567219,0.58040241188660313,0.49730719765776266,VERIFIED_DOCUMENTED_VINTAGES_PARTIAL_RELEASE_HISTORY
DFM_B,standard,PERMISSIVE_END_OF_DAY,FIRST_RELEASE,DEVELOPMENT_PSEUDO_OOS,H1,COMMON_ALL_EIGHT_MODELS,6,6,0.28008647551655719,0.20143955098213176,0.18299385722578179,VERIFIED_DOCUMENTED_VINTAGES_PARTIAL_RELEASE_HISTORY
DFM_B,standard,PERMISSIVE_END_OF_DAY,FIRST_RELEASE,DEVELOPMENT_PSEUDO_OOS,H2,COMMON_ALL_EIGHT_MODELS,6,6,0.31292534063101463,0.24619235828615382,0.081730124795801704,VERIFIED_DOCUMENTED_VINTAGES_PARTIAL_RELEASE_HISTORY
DFM_B,standard,PERMISSIVE_END_OF_DAY,FIRST_RELEASE,DEVELOPMENT_PSEUDO_OOS,H3,COMMON_ALL_EIGHT_MODELS,6,6,0.45720593660518127,0.33534618310442132,0.019435714677133859,VERIFIED_DOCUMENTED_VINTAGES_PARTIAL_RELEASE_HISTORY
DFM_B,standard,PERMISSIVE_END_OF_DAY,FIRST_RELEASE,DEVELOPMENT_PSEUDO_OOS,ALL,COMMON_ALL_EIGHT_MODELS,18,6,0.35842617605458849,0.26099269745756898,0.094719898899572455,VERIFIED_DOCUMENTED_VINTAGES_PARTIAL_RELEASE_HISTORY
DFM_B,standard,PERMISSIVE_END_OF_DAY,FIRST_RELEASE,DEVELOPMENT_PSEUDO_OOS,H2_H3,COMMON_ALL_EIGHT_MODELS,12,6,0.39176494054219396,0.29076927069528757,0.05058291973646778,VERIFIED_DOCUMENTED_VINTAGES_PARTIAL_RELEASE_HISTORY
DFM_B,standard,PERMISSIVE_END_OF_DAY,FIRST_RELEASE,HISTORICAL_POST_DEVELOPMENT_TEST,H1,COMMON_ALL_EIGHT_MODELS,4,4,0.94322319341695671,0.86948291856834947,0.86948291856834947,VERIFIED_DOCUMENTED_VINTAGES_PARTIAL_RELEASE_HISTORY
DFM_B,standard,PERMISSIVE_END_OF_DAY,FIRST_RELEASE,HISTORICAL_POST_DEVELOPMENT_TEST,H2,COMMON_ALL_EIGHT_MODELS,4,4,0.92079893718900541,0.84611162764004644,0.84611162764004644,VERIFIED_DOCUMENTED_VINTAGES_PARTIAL_RELEASE_HISTORY
DFM_B,standard,PERMISSIVE_END_OF_DAY,FIRST_RELEASE,HISTORICAL_POST_DEVELOPMENT_TEST,H3,COMMON_ALL_EIGHT_MODELS,4,4,0.90802033230762191,0.83703603754039868,0.83703603754039868,VERIFIED_DOCUMENTED_VINTAGES_PARTIAL_RELEASE_HISTORY
DFM_B,standard,PERMISSIVE_END_OF_DAY,FIRST_RELEASE,HISTORICAL_POST_DEVELOPMENT_TEST,ALL,COMMON_ALL_EIGHT_MODELS,12,4,0.92412870662264501,0.85087686124959827,0.85087686124959827,VERIFIED_DOCUMENTED_VINTAGES_PARTIAL_RELEASE_HISTORY
DFM_B,standard,PERMISSIVE_END_OF_DAY,FIRST_RELEASE,HISTORICAL_POST_DEVELOPMENT_TEST,H2_H3,COMMON_ALL_EIGHT_MODELS,8,4,0.91443195663002885,0.84157383259022256,0.84157383259022256,VERIFIED_DOCUMENTED_VINTAGES_PARTIAL_RELEASE_HISTORY
DFM_B,standard,PERMISSIVE_END_OF_DAY,FIRST_RELEASE,POOLED_RESEARCH_ONLY,H1,COMMON_ALL_EIGHT_MODELS,10,10,0.63477323297398491,0.46865689801661886,0.45758948176280889,VERIFIED_DOCUMENTED_VINTAGES_PARTIAL_RELEASE_HISTORY
DFM_B,standard,PERMISSIVE_END_OF_DAY,FIRST_RELEASE,POOLED_RESEARCH_ONLY,H2,COMMON_ALL_EIGHT_MODELS,10,10,0.6307944470085185,0.48616006602771089,0.38748272593349958,VERIFIED_DOCUMENTED_VINTAGES_PARTIAL_RELEASE_HISTORY
DFM_B,standard,PERMISSIVE_END_OF_DAY,FIRST_RELEASE,POOLED_RESEARCH_ONLY,H3,COMMON_ALL_EIGHT_MODELS,10,10,0.67470195689195267,0.53602212487881229,0.34647584382243979,VERIFIED_DOCUMENTED_VINTAGES_PARTIAL_RELEASE_HISTORY
DFM_B,standard,PERMISSIVE_END_OF_DAY,FIRST_RELEASE,POOLED_RESEARCH_ONLY,ALL,COMMON_ALL_EIGHT_MODELS,30,10,0.64706038417622669,0.49694636297438066,0.39718268383958277,VERIFIED_DOCUMENTED_VINTAGES_PARTIAL_RELEASE_HISTORY
DFM_B,standard,PERMISSIVE_END_OF_DAY,FIRST_RELEASE,POOLED_RESEARCH_ONLY,H2_H3,COMMON_ALL_EIGHT_MODELS,20,10,0.65311728081969056,0.51109109545326148,0.36697928487796971,VERIFIED_DOCUMENTED_VINTAGES_PARTIAL_RELEASE_HISTORY
DFM_B,standard,PERMISSIVE_END_OF_DAY,LATEST_REVISED,DEVELOPMENT_PSEUDO_OOS,H1,COMMON_ALL_EIGHT_MODELS,6,6,0.31409379610789867,0.2829938572257813,0.2829938572257813,VERIFIED_DOCUMENTED_VINTAGES_PARTIAL_RELEASE_HISTORY
DFM_B,standard,PERMISSIVE_END_OF_DAY,LATEST_REVISED,DEVELOPMENT_PSEUDO_OOS,H2,COMMON_ALL_EIGHT_MODELS,6,6,0.30208319580476756,0.26623965594678961,0.1817301247958012,VERIFIED_DOCUMENTED_VINTAGES_PARTIAL_RELEASE_HISTORY
DFM_B,standard,PERMISSIVE_END_OF_DAY,LATEST_REVISED,DEVELOPMENT_PSEUDO_OOS,H3,COMMON_ALL_EIGHT_MODELS,6,6,0.4072532072084416,0.35215566793756609,0.11943571467713336,VERIFIED_DOCUMENTED_VINTAGES_PARTIAL_RELEASE_HISTORY
DFM_B,standard,PERMISSIVE_END_OF_DAY,LATEST_REVISED,DEVELOPMENT_PSEUDO_OOS,ALL,COMMON_ALL_EIGHT_MODELS,18,6,0.34436625111580144,0.30046306037004566,0.19471989889957195,VERIFIED_DOCUMENTED_VINTAGES_PARTIAL_RELEASE_HISTORY
DFM_B,standard,PERMISSIVE_END_OF_DAY,LATEST_REVISED,DEVELOPMENT_PSEUDO_OOS,H2_H3,COMMON_ALL_EIGHT_MODELS,12,6,0.35854527745403608,0.30919766194217785,0.15058291973646729,VERIFIED_DOCUMENTED_VINTAGES_PARTIAL_RELEASE_HISTORY
DFM_B,standard,PERMISSIVE_END_OF_DAY,LATEST_REVISED,HISTORICAL_POST_DEVELOPMENT_TEST,H1,COMMON_ALL_EIGHT_MODELS,4,4,0.94322319341695748,0.86948291856834969,0.86948291856834969,VERIFIED_DOCUMENTED_VINTAGES_PARTIAL_RELEASE_HISTORY
DFM_B,standard,PERMISSIVE_END_OF_DAY,LATEST_REVISED,HISTORICAL_POST_DEVELOPMENT_TEST,H2,COMMON_ALL_EIGHT_MODELS,4,4,0.92079893718900618,0.84611162764004666,0.84611162764004666,VERIFIED_DOCUMENTED_VINTAGES_PARTIAL_RELEASE_HISTORY
DFM_B,standard,PERMISSIVE_END_OF_DAY,LATEST_REVISED,HISTORICAL_POST_DEVELOPMENT_TEST,H3,COMMON_ALL_EIGHT_MODELS,4,4,0.90802033230762269,0.8370360375403989,0.8370360375403989,VERIFIED_DOCUMENTED_VINTAGES_PARTIAL_RELEASE_HISTORY
DFM_B,standard,PERMISSIVE_END_OF_DAY,LATEST_REVISED,HISTORICAL_POST_DEVELOPMENT_TEST,ALL,COMMON_ALL_EIGHT_MODELS,12,4,0.9241287066226459,0.85087686124959827,0.85087686124959827,VERIFIED_DOCUMENTED_VINTAGES_PARTIAL_RELEASE_HISTORY
DFM_B,standard,PERMISSIVE_END_OF_DAY,LATEST_REVISED,HISTORICAL_POST_DEVELOPMENT_TEST,H2_H3,COMMON_ALL_EIGHT_MODELS,8,4,0.91443195663002974,0.84157383259022278,0.84157383259022278,VERIFIED_DOCUMENTED_VINTAGES_PARTIAL_RELEASE_HISTORY
DFM_B,standard,PERMISSIVE_END_OF_DAY,LATEST_REVISED,POOLED_RESEARCH_ONLY,H1,COMMON_ALL_EIGHT_MODELS,10,10,0.64425223685444466,0.51758948176280861,0.51758948176280861,VERIFIED_DOCUMENTED_VINTAGES_PARTIAL_RELEASE_HISTORY
DFM_B,standard,PERMISSIVE_END_OF_DAY,LATEST_REVISED,POOLED_RESEARCH_ONLY,H2,COMMON_ALL_EIGHT_MODELS,10,10,0.62761519054587445,0.4981884446240924,0.44748272593349936,VERIFIED_DOCUMENTED_VINTAGES_PARTIAL_RELEASE_HISTORY
DFM_B,standard,PERMISSIVE_END_OF_DAY,LATEST_REVISED,POOLED_RESEARCH_ONLY,H3,COMMON_ALL_EIGHT_MODELS,10,10,0.65522017247834752,0.54610781577869916,0.40647584382243956,VERIFIED_DOCUMENTED_VINTAGES_PARTIAL_RELEASE_HISTORY
DFM_B,standard,PERMISSIVE_END_OF_DAY,LATEST_REVISED,POOLED_RESEARCH_ONLY,ALL,COMMON_ALL_EIGHT_MODELS,30,10,0.64246277363451065,0.5206285807218668,0.45718268383958255,VERIFIED_DOCUMENTED_VINTAGES_PARTIAL_RELEASE_HISTORY
DFM_B,standard,PERMISSIVE_END_OF_DAY,LATEST_REVISED,POOLED_RESEARCH_ONLY,H2_H3,COMMON_ALL_EIGHT_MODELS,20,10,0.64156617033104613,0.52214813020139572,0.42697928487796943,VERIFIED_DOCUMENTED_VINTAGES_PARTIAL_RELEASE_HISTORY
DFM_B,standard,STRICT,FIRST_RELEASE,DEVELOPMENT_PSEUDO_OOS,H1,COMMON_ALL_EIGHT_MODELS,6,6,0.28008647551655719,0.20143955098213176,0.18299385722578179,VERIFIED_DOCUMENTED_VINTAGES_PARTIAL_RELEASE_HISTORY
DFM_B,standard,STRICT,FIRST_RELEASE,DEVELOPMENT_PSEUDO_OOS,H2,COMMON_ALL_EIGHT_MODELS,6,6,0.31292534063101463,0.24619235828615382,0.081730124795801704,VERIFIED_DOCUMENTED_VINTAGES_PARTIAL_RELEASE_HISTORY
DFM_B,standard,STRICT,FIRST_RELEASE,DEVELOPMENT_PSEUDO_OOS,H3,COMMON_ALL_EIGHT_MODELS,6,6,0.45720593660518127,0.33534618310442132,0.019435714677133859,VERIFIED_DOCUMENTED_VINTAGES_PARTIAL_RELEASE_HISTORY
DFM_B,standard,STRICT,FIRST_RELEASE,DEVELOPMENT_PSEUDO_OOS,ALL,COMMON_ALL_EIGHT_MODELS,18,6,0.35842617605458849,0.26099269745756898,0.094719898899572455,VERIFIED_DOCUMENTED_VINTAGES_PARTIAL_RELEASE_HISTORY
DFM_B,standard,STRICT,FIRST_RELEASE,DEVELOPMENT_PSEUDO_OOS,H2_H3,COMMON_ALL_EIGHT_MODELS,12,6,0.39176494054219396,0.29076927069528757,0.05058291973646778,VERIFIED_DOCUMENTED_VINTAGES_PARTIAL_RELEASE_HISTORY
DFM_B,standard,STRICT,FIRST_RELEASE,HISTORICAL_POST_DEVELOPMENT_TEST,H1,COMMON_ALL_EIGHT_MODELS,4,4,0.94322319341695671,0.86948291856834947,0.86948291856834947,VERIFIED_DOCUMENTED_VINTAGES_PARTIAL_RELEASE_HISTORY
DFM_B,standard,STRICT,FIRST_RELEASE,HISTORICAL_POST_DEVELOPMENT_TEST,H2,COMMON_ALL_EIGHT_MODELS,4,4,0.92079893718900541,0.84611162764004644,0.84611162764004644,VERIFIED_DOCUMENTED_VINTAGES_PARTIAL_RELEASE_HISTORY
DFM_B,standard,STRICT,FIRST_RELEASE,HISTORICAL_POST_DEVELOPMENT_TEST,H3,COMMON_ALL_EIGHT_MODELS,4,4,0.90802033230762191,0.83703603754039868,0.83703603754039868,VERIFIED_DOCUMENTED_VINTAGES_PARTIAL_RELEASE_HISTORY
DFM_B,standard,STRICT,FIRST_RELEASE,HISTORICAL_POST_DEVELOPMENT_TEST,ALL,COMMON_ALL_EIGHT_MODELS,12,4,0.92412870662264501,0.85087686124959827,0.85087686124959827,VERIFIED_DOCUMENTED_VINTAGES_PARTIAL_RELEASE_HISTORY
DFM_B,standard,STRICT,FIRST_RELEASE,HISTORICAL_POST_DEVELOPMENT_TEST,H2_H3,COMMON_ALL_EIGHT_MODELS,8,4,0.91443195663002885,0.84157383259022256,0.84157383259022256,VERIFIED_DOCUMENTED_VINTAGES_PARTIAL_RELEASE_HISTORY
DFM_B,standard,STRICT,FIRST_RELEASE,POOLED_RESEARCH_ONLY,H1,COMMON_ALL_EIGHT_MODELS,10,10,0.63477323297398491,0.46865689801661886,0.45758948176280889,VERIFIED_DOCUMENTED_VINTAGES_PARTIAL_RELEASE_HISTORY
DFM_B,standard,STRICT,FIRST_RELEASE,POOLED_RESEARCH_ONLY,H2,COMMON_ALL_EIGHT_MODELS,10,10,0.6307944470085185,0.48616006602771089,0.38748272593349958,VERIFIED_DOCUMENTED_VINTAGES_PARTIAL_RELEASE_HISTORY
DFM_B,standard,STRICT,FIRST_RELEASE,POOLED_RESEARCH_ONLY,H3,COMMON_ALL_EIGHT_MODELS,10,10,0.67470195689195267,0.53602212487881229,0.34647584382243979,VERIFIED_DOCUMENTED_VINTAGES_PARTIAL_RELEASE_HISTORY
DFM_B,standard,STRICT,FIRST_RELEASE,POOLED_RESEARCH_ONLY,ALL,COMMON_ALL_EIGHT_MODELS,30,10,0.64706038417622669,0.49694636297438066,0.39718268383958277,VERIFIED_DOCUMENTED_VINTAGES_PARTIAL_RELEASE_HISTORY
DFM_B,standard,STRICT,FIRST_RELEASE,POOLED_RESEARCH_ONLY,H2_H3,COMMON_ALL_EIGHT_MODELS,20,10,0.65311728081969056,0.51109109545326148,0.36697928487796971,VERIFIED_DOCUMENTED_VINTAGES_PARTIAL_RELEASE_HISTORY
DFM_B,standard,STRICT,LATEST_REVISED,DEVELOPMENT_PSEUDO_OOS,H1,COMMON_ALL_EIGHT_MODELS,6,6,0.31409379610789867,0.2829938572257813,0.2829938572257813,VERIFIED_DOCUMENTED_VINTAGES_PARTIAL_RELEASE_HISTORY
DFM_B,standard,STRICT,LATEST_REVISED,DEVELOPMENT_PSEUDO_OOS,H2,COMMON_ALL_EIGHT_MODELS,6,6,0.30208319580476756,0.26623965594678961,0.1817301247958012,VERIFIED_DOCUMENTED_VINTAGES_PARTIAL_RELEASE_HISTORY
DFM_B,standard,STRICT,LATEST_REVISED,DEVELOPMENT_PSEUDO_OOS,H3,COMMON_ALL_EIGHT_MODELS,6,6,0.4072532072084416,0.35215566793756609,0.11943571467713336,VERIFIED_DOCUMENTED_VINTAGES_PARTIAL_RELEASE_HISTORY
DFM_B,standard,STRICT,LATEST_REVISED,DEVELOPMENT_PSEUDO_OOS,ALL,COMMON_ALL_EIGHT_MODELS,18,6,0.34436625111580144,0.30046306037004566,0.19471989889957195,VERIFIED_DOCUMENTED_VINTAGES_PARTIAL_RELEASE_HISTORY
DFM_B,standard,STRICT,LATEST_REVISED,DEVELOPMENT_PSEUDO_OOS,H2_H3,COMMON_ALL_EIGHT_MODELS,12,6,0.35854527745403608,0.30919766194217785,0.15058291973646729,VERIFIED_DOCUMENTED_VINTAGES_PARTIAL_RELEASE_HISTORY
DFM_B,standard,STRICT,LATEST_REVISED,HISTORICAL_POST_DEVELOPMENT_TEST,H1,COMMON_ALL_EIGHT_MODELS,4,4,0.94322319341695748,0.86948291856834969,0.86948291856834969,VERIFIED_DOCUMENTED_VINTAGES_PARTIAL_RELEASE_HISTORY
DFM_B,standard,STRICT,LATEST_REVISED,HISTORICAL_POST_DEVELOPMENT_TEST,H2,COMMON_ALL_EIGHT_MODELS,4,4,0.92079893718900618,0.84611162764004666,0.84611162764004666,VERIFIED_DOCUMENTED_VINTAGES_PARTIAL_RELEASE_HISTORY
DFM_B,standard,STRICT,LATEST_REVISED,HISTORICAL_POST_DEVELOPMENT_TEST,H3,COMMON_ALL_EIGHT_MODELS,4,4,0.90802033230762269,0.8370360375403989,0.8370360375403989,VERIFIED_DOCUMENTED_VINTAGES_PARTIAL_RELEASE_HISTORY
DFM_B,standard,STRICT,LATEST_REVISED,HISTORICAL_POST_DEVELOPMENT_TEST,ALL,COMMON_ALL_EIGHT_MODELS,12,4,0.9241287066226459,0.85087686124959827,0.85087686124959827,VERIFIED_DOCUMENTED_VINTAGES_PARTIAL_RELEASE_HISTORY
DFM_B,standard,STRICT,LATEST_REVISED,HISTORICAL_POST_DEVELOPMENT_TEST,H2_H3,COMMON_ALL_EIGHT_MODELS,8,4,0.91443195663002974,0.84157383259022278,0.84157383259022278,VERIFIED_DOCUMENTED_VINTAGES_PARTIAL_RELEASE_HISTORY
DFM_B,standard,STRICT,LATEST_REVISED,POOLED_RESEARCH_ONLY,H1,COMMON_ALL_EIGHT_MODELS,10,10,0.64425223685444466,0.51758948176280861,0.51758948176280861,VERIFIED_DOCUMENTED_VINTAGES_PARTIAL_RELEASE_HISTORY
DFM_B,standard,STRICT,LATEST_REVISED,POOLED_RESEARCH_ONLY,H2,COMMON_ALL_EIGHT_MODELS,10,10,0.62761519054587445,0.4981884446240924,0.44748272593349936,VERIFIED_DOCUMENTED_VINTAGES_PARTIAL_RELEASE_HISTORY
DFM_B,standard,STRICT,LATEST_REVISED,POOLED_RESEARCH_ONLY,H3,COMMON_ALL_EIGHT_MODELS,10,10,0.65522017247834752,0.54610781577869916,0.40647584382243956,VERIFIED_DOCUMENTED_VINTAGES_PARTIAL_RELEASE_HISTORY
DFM_B,standard,STRICT,LATEST_REVISED,POOLED_RESEARCH_ONLY,ALL,COMMON_ALL_EIGHT_MODELS,30,10,0.64246277363451065,0.5206285807218668,0.45718268383958255,VERIFIED_DOCUMENTED_VINTAGES_PARTIAL_RELEASE_HISTORY
DFM_B,standard,STRICT,LATEST_REVISED,POOLED_RESEARCH_ONLY,H2_H3,COMMON_ALL_EIGHT_MODELS,20,10,0.64156617033104613,0.52214813020139572,0.42697928487796943,VERIFIED_DOCUMENTED_VINTAGES_PARTIAL_RELEASE_HISTORY
PRODUCTION_ENSEMBLE,conservative,PERMISSIVE_END_OF_DAY,FIRST_RELEASE,DEVELOPMENT_PSEUDO_OOS,H1,COMMON_ALL_EIGHT_MODELS,6,6,0.45111219993507673,0.40523126050101199,0.40523126050101199,VERIFIED_DOCUMENTED_VINTAGES_PARTIAL_RELEASE_HISTORY
PRODUCTION_ENSEMBLE,conservative,PERMISSIVE_END_OF_DAY,FIRST_RELEASE,DEVELOPMENT_PSEUDO_OOS,H2,COMMON_ALL_EIGHT_MODELS,6,6,0.43131535035302287,0.39037234442193097,0.39037234442193097,VERIFIED_DOCUMENTED_VINTAGES_PARTIAL_RELEASE_HISTORY
PRODUCTION_ENSEMBLE,conservative,PERMISSIVE_END_OF_DAY,FIRST_RELEASE,DEVELOPMENT_PSEUDO_OOS,H3,COMMON_ALL_EIGHT_MODELS,6,6,0.46345937894457651,0.4211507012634364,0.4211507012634364,VERIFIED_DOCUMENTED_VINTAGES_PARTIAL_RELEASE_HISTORY
PRODUCTION_ENSEMBLE,conservative,PERMISSIVE_END_OF_DAY,FIRST_RELEASE,DEVELOPMENT_PSEUDO_OOS,ALL,COMMON_ALL_EIGHT_MODELS,18,6,0.44882429535847995,0.40558476872879312,0.40558476872879312,VERIFIED_DOCUMENTED_VINTAGES_PARTIAL_RELEASE_HISTORY
PRODUCTION_ENSEMBLE,conservative,PERMISSIVE_END_OF_DAY,FIRST_RELEASE,DEVELOPMENT_PSEUDO_OOS,H2_H3,COMMON_ALL_EIGHT_MODELS,12,6,0.44767595835707069,0.40576152284268369,0.40576152284268369,VERIFIED_DOCUMENTED_VINTAGES_PARTIAL_RELEASE_HISTORY
PRODUCTION_ENSEMBLE,conservative,PERMISSIVE_END_OF_DAY,FIRST_RELEASE,HISTORICAL_POST_DEVELOPMENT_TEST,H1,COMMON_ALL_EIGHT_MODELS,4,4,0.63014545778885844,0.42769567959995736,0.42769567959995736,VERIFIED_DOCUMENTED_VINTAGES_PARTIAL_RELEASE_HISTORY
PRODUCTION_ENSEMBLE,conservative,PERMISSIVE_END_OF_DAY,FIRST_RELEASE,HISTORICAL_POST_DEVELOPMENT_TEST,H2,COMMON_ALL_EIGHT_MODELS,4,4,0.78357003240054535,0.61092675508529948,0.50758677371173966,VERIFIED_DOCUMENTED_VINTAGES_PARTIAL_RELEASE_HISTORY
PRODUCTION_ENSEMBLE,conservative,PERMISSIVE_END_OF_DAY,FIRST_RELEASE,HISTORICAL_POST_DEVELOPMENT_TEST,H3,COMMON_ALL_EIGHT_MODELS,4,4,0.80288897717661589,0.56129677066711192,0.49921014898896976,VERIFIED_DOCUMENTED_VINTAGES_PARTIAL_RELEASE_HISTORY
PRODUCTION_ENSEMBLE,conservative,PERMISSIVE_END_OF_DAY,FIRST_RELEASE,HISTORICAL_POST_DEVELOPMENT_TEST,ALL,COMMON_ALL_EIGHT_MODELS,12,4,0.74289882741412239,0.53330640178412292,0.47816420076688892,VERIFIED_DOCUMENTED_VINTAGES_PARTIAL_RELEASE_HISTORY
PRODUCTION_ENSEMBLE,conservative,PERMISSIVE_END_OF_DAY,FIRST_RELEASE,HISTORICAL_POST_DEVELOPMENT_TEST,H2_H3,COMMON_ALL_EIGHT_MODELS,8,4,0.7932883162343638,0.5861117628762057,0.50339846135035471,VERIFIED_DOCUMENTED_VINTAGES_PARTIAL_RELEASE_HISTORY
PRODUCTION_ENSEMBLE,conservative,PERMISSIVE_END_OF_DAY,FIRST_RELEASE,POOLED_RESEARCH_ONLY,H1,COMMON_ALL_EIGHT_MODELS,10,10,0.53003268705517659,0.41421702814059014,0.41421702814059014,VERIFIED_DOCUMENTED_VINTAGES_PARTIAL_RELEASE_HISTORY
PRODUCTION_ENSEMBLE,conservative,PERMISSIVE_END_OF_DAY,FIRST_RELEASE,POOLED_RESEARCH_ONLY,H2,COMMON_ALL_EIGHT_MODELS,10,10,0.59767261702420926,0.47859410868727836,0.43725811613785448,VERIFIED_DOCUMENTED_VINTAGES_PARTIAL_RELEASE_HISTORY
PRODUCTION_ENSEMBLE,conservative,PERMISSIVE_END_OF_DAY,FIRST_RELEASE,POOLED_RESEARCH_ONLY,H3,COMMON_ALL_EIGHT_MODELS,10,10,0.62187542275579644,0.47720912902490664,0.45237448035364974,VERIFIED_DOCUMENTED_VINTAGES_PARTIAL_RELEASE_HISTORY
PRODUCTION_ENSEMBLE,conservative,PERMISSIVE_END_OF_DAY,FIRST_RELEASE,POOLED_RESEARCH_ONLY,ALL,COMMON_ALL_EIGHT_MODELS,30,10,0.58448731035988533,0.45667342195092514,0.43461654154403156,VERIFIED_DOCUMENTED_VINTAGES_PARTIAL_RELEASE_HISTORY
PRODUCTION_ENSEMBLE,conservative,PERMISSIVE_END_OF_DAY,FIRST_RELEASE,POOLED_RESEARCH_ONLY,H2_H3,COMMON_ALL_EIGHT_MODELS,20,10,0.60989408857943017,0.47790161885609256,0.44481629824575214,VERIFIED_DOCUMENTED_VINTAGES_PARTIAL_RELEASE_HISTORY
PRODUCTION_ENSEMBLE,conservative,PERMISSIVE_END_OF_DAY,LATEST_REVISED,DEVELOPMENT_PSEUDO_OOS,H1,COMMON_ALL_EIGHT_MODELS,6,6,0.52466513450331431,0.50523126050101153,0.50523126050101153,VERIFIED_DOCUMENTED_VINTAGES_PARTIAL_RELEASE_HISTORY
PRODUCTION_ENSEMBLE,conservative,PERMISSIVE_END_OF_DAY,LATEST_REVISED,DEVELOPMENT_PSEUDO_OOS,H2,COMMON_ALL_EIGHT_MODELS,6,6,0.51653947536746503,0.49037234442193051,0.49037234442193051,VERIFIED_DOCUMENTED_VINTAGES_PARTIAL_RELEASE_HISTORY
PRODUCTION_ENSEMBLE,conservative,PERMISSIVE_END_OF_DAY,LATEST_REVISED,DEVELOPMENT_PSEUDO_OOS,H3,COMMON_ALL_EIGHT_MODELS,6,6,0.54872027017440383,0.52115070126343588,0.52115070126343588,VERIFIED_DOCUMENTED_VINTAGES_PARTIAL_RELEASE_HISTORY
PRODUCTION_ENSEMBLE,conservative,PERMISSIVE_END_OF_DAY,LATEST_REVISED,DEVELOPMENT_PSEUDO_OOS,ALL,COMMON_ALL_EIGHT_MODELS,18,6,0.53015106899717668,0.50558476872879277,0.50558476872879277,VERIFIED_DOCUMENTED_VINTAGES_PARTIAL_RELEASE_HISTORY
PRODUCTION_ENSEMBLE,conservative,PERMISSIVE_END_OF_DAY,LATEST_REVISED,DEVELOPMENT_PSEUDO_OOS,H2_H3,COMMON_ALL_EIGHT_MODELS,12,6,0.53287285749659219,0.50576152284268316,0.50576152284268316,VERIFIED_DOCUMENTED_VINTAGES_PARTIAL_RELEASE_HISTORY
PRODUCTION_ENSEMBLE,conservative,PERMISSIVE_END_OF_DAY,LATEST_REVISED,HISTORICAL_POST_DEVELOPMENT_TEST,H1,COMMON_ALL_EIGHT_MODELS,4,4,0.63014545778885978,0.42769567959995758,0.42769567959995758,VERIFIED_DOCUMENTED_VINTAGES_PARTIAL_RELEASE_HISTORY
PRODUCTION_ENSEMBLE,conservative,PERMISSIVE_END_OF_DAY,LATEST_REVISED,HISTORICAL_POST_DEVELOPMENT_TEST,H2,COMMON_ALL_EIGHT_MODELS,4,4,0.78357003240054568,0.61092675508529837,0.50758677371173988,VERIFIED_DOCUMENTED_VINTAGES_PARTIAL_RELEASE_HISTORY
PRODUCTION_ENSEMBLE,conservative,PERMISSIVE_END_OF_DAY,LATEST_REVISED,HISTORICAL_POST_DEVELOPMENT_TEST,H3,COMMON_ALL_EIGHT_MODELS,4,4,0.80288897717661656,0.56129677066711081,0.49921014898896998,VERIFIED_DOCUMENTED_VINTAGES_PARTIAL_RELEASE_HISTORY
PRODUCTION_ENSEMBLE,conservative,PERMISSIVE_END_OF_DAY,LATEST_REVISED,HISTORICAL_POST_DEVELOPMENT_TEST,ALL,COMMON_ALL_EIGHT_MODELS,12,4,0.74289882741412305,0.53330640178412225,0.47816420076688915,VERIFIED_DOCUMENTED_VINTAGES_PARTIAL_RELEASE_HISTORY
PRODUCTION_ENSEMBLE,conservative,PERMISSIVE_END_OF_DAY,LATEST_REVISED,HISTORICAL_POST_DEVELOPMENT_TEST,H2_H3,COMMON_ALL_EIGHT_MODELS,8,4,0.79328831623436447,0.58611176287620459,0.50339846135035493,VERIFIED_DOCUMENTED_VINTAGES_PARTIAL_RELEASE_HISTORY
PRODUCTION_ENSEMBLE,conservative,PERMISSIVE_END_OF_DAY,LATEST_REVISED,POOLED_RESEARCH_ONLY,H1,COMMON_ALL_EIGHT_MODELS,10,10,0.56920771358687783,0.47421702814058991,0.47421702814058991,VERIFIED_DOCUMENTED_VINTAGES_PARTIAL_RELEASE_HISTORY
PRODUCTION_ENSEMBLE,conservative,PERMISSIVE_END_OF_DAY,LATEST_REVISED,POOLED_RESEARCH_ONLY,H2,COMMON_ALL_EIGHT_MODELS,10,10,0.63693062105555454,0.53859410868727764,0.49725811613785426,VERIFIED_DOCUMENTED_VINTAGES_PARTIAL_RELEASE_HISTORY
PRODUCTION_ENSEMBLE,conservative,PERMISSIVE_END_OF_DAY,LATEST_REVISED,POOLED_RESEARCH_ONLY,H3,COMMON_ALL_EIGHT_MODELS,10,10,0.66219985261916803,0.53720912902490592,0.51237448035364952,VERIFIED_DOCUMENTED_VINTAGES_PARTIAL_RELEASE_HISTORY
PRODUCTION_ENSEMBLE,conservative,PERMISSIVE_END_OF_DAY,LATEST_REVISED,POOLED_RESEARCH_ONLY,ALL,COMMON_ALL_EIGHT_MODELS,30,10,0.62401567342865771,0.51667342195092458,0.49461654154403134,VERIFIED_DOCUMENTED_VINTAGES_PARTIAL_RELEASE_HISTORY
PRODUCTION_ENSEMBLE,conservative,PERMISSIVE_END_OF_DAY,LATEST_REVISED,POOLED_RESEARCH_ONLY,H2_H3,COMMON_ALL_EIGHT_MODELS,20,10,0.64968810241802277,0.53790161885609178,0.50481629824575192,VERIFIED_DOCUMENTED_VINTAGES_PARTIAL_RELEASE_HISTORY
PRODUCTION_ENSEMBLE,conservative,STRICT,FIRST_RELEASE,DEVELOPMENT_PSEUDO_OOS,H1,COMMON_ALL_EIGHT_MODELS,6,6,0.45111219993507673,0.40523126050101199,0.40523126050101199,VERIFIED_DOCUMENTED_VINTAGES_PARTIAL_RELEASE_HISTORY
PRODUCTION_ENSEMBLE,conservative,STRICT,FIRST_RELEASE,DEVELOPMENT_PSEUDO_OOS,H2,COMMON_ALL_EIGHT_MODELS,6,6,0.43131535035302287,0.39037234442193097,0.39037234442193097,VERIFIED_DOCUMENTED_VINTAGES_PARTIAL_RELEASE_HISTORY
PRODUCTION_ENSEMBLE,conservative,STRICT,FIRST_RELEASE,DEVELOPMENT_PSEUDO_OOS,H3,COMMON_ALL_EIGHT_MODELS,6,6,0.46345937894457651,0.4211507012634364,0.4211507012634364,VERIFIED_DOCUMENTED_VINTAGES_PARTIAL_RELEASE_HISTORY
PRODUCTION_ENSEMBLE,conservative,STRICT,FIRST_RELEASE,DEVELOPMENT_PSEUDO_OOS,ALL,COMMON_ALL_EIGHT_MODELS,18,6,0.44882429535847995,0.40558476872879312,0.40558476872879312,VERIFIED_DOCUMENTED_VINTAGES_PARTIAL_RELEASE_HISTORY
PRODUCTION_ENSEMBLE,conservative,STRICT,FIRST_RELEASE,DEVELOPMENT_PSEUDO_OOS,H2_H3,COMMON_ALL_EIGHT_MODELS,12,6,0.44767595835707069,0.40576152284268369,0.40576152284268369,VERIFIED_DOCUMENTED_VINTAGES_PARTIAL_RELEASE_HISTORY
PRODUCTION_ENSEMBLE,conservative,STRICT,FIRST_RELEASE,HISTORICAL_POST_DEVELOPMENT_TEST,H1,COMMON_ALL_EIGHT_MODELS,4,4,0.63014545778885844,0.42769567959995736,0.42769567959995736,VERIFIED_DOCUMENTED_VINTAGES_PARTIAL_RELEASE_HISTORY
PRODUCTION_ENSEMBLE,conservative,STRICT,FIRST_RELEASE,HISTORICAL_POST_DEVELOPMENT_TEST,H2,COMMON_ALL_EIGHT_MODELS,4,4,0.78357003240054535,0.61092675508529948,0.50758677371173966,VERIFIED_DOCUMENTED_VINTAGES_PARTIAL_RELEASE_HISTORY
PRODUCTION_ENSEMBLE,conservative,STRICT,FIRST_RELEASE,HISTORICAL_POST_DEVELOPMENT_TEST,H3,COMMON_ALL_EIGHT_MODELS,4,4,0.80288897717661589,0.56129677066711192,0.49921014898896976,VERIFIED_DOCUMENTED_VINTAGES_PARTIAL_RELEASE_HISTORY
PRODUCTION_ENSEMBLE,conservative,STRICT,FIRST_RELEASE,HISTORICAL_POST_DEVELOPMENT_TEST,ALL,COMMON_ALL_EIGHT_MODELS,12,4,0.74289882741412239,0.53330640178412292,0.47816420076688892,VERIFIED_DOCUMENTED_VINTAGES_PARTIAL_RELEASE_HISTORY
PRODUCTION_ENSEMBLE,conservative,STRICT,FIRST_RELEASE,HISTORICAL_POST_DEVELOPMENT_TEST,H2_H3,COMMON_ALL_EIGHT_MODELS,8,4,0.7932883162343638,0.5861117628762057,0.50339846135035471,VERIFIED_DOCUMENTED_VINTAGES_PARTIAL_RELEASE_HISTORY
PRODUCTION_ENSEMBLE,conservative,STRICT,FIRST_RELEASE,POOLED_RESEARCH_ONLY,H1,COMMON_ALL_EIGHT_MODELS,10,10,0.53003268705517659,0.41421702814059014,0.41421702814059014,VERIFIED_DOCUMENTED_VINTAGES_PARTIAL_RELEASE_HISTORY
PRODUCTION_ENSEMBLE,conservative,STRICT,FIRST_RELEASE,POOLED_RESEARCH_ONLY,H2,COMMON_ALL_EIGHT_MODELS,10,10,0.59767261702420926,0.47859410868727836,0.43725811613785448,VERIFIED_DOCUMENTED_VINTAGES_PARTIAL_RELEASE_HISTORY
PRODUCTION_ENSEMBLE,conservative,STRICT,FIRST_RELEASE,POOLED_RESEARCH_ONLY,H3,COMMON_ALL_EIGHT_MODELS,10,10,0.62187542275579644,0.47720912902490664,0.45237448035364974,VERIFIED_DOCUMENTED_VINTAGES_PARTIAL_RELEASE_HISTORY
PRODUCTION_ENSEMBLE,conservative,STRICT,FIRST_RELEASE,POOLED_RESEARCH_ONLY,ALL,COMMON_ALL_EIGHT_MODELS,30,10,0.58448731035988533,0.45667342195092514,0.43461654154403156,VERIFIED_DOCUMENTED_VINTAGES_PARTIAL_RELEASE_HISTORY
PRODUCTION_ENSEMBLE,conservative,STRICT,FIRST_RELEASE,POOLED_RESEARCH_ONLY,H2_H3,COMMON_ALL_EIGHT_MODELS,20,10,0.60989408857943017,0.47790161885609256,0.44481629824575214,VERIFIED_DOCUMENTED_VINTAGES_PARTIAL_RELEASE_HISTORY
PRODUCTION_ENSEMBLE,conservative,STRICT,LATEST_REVISED,DEVELOPMENT_PSEUDO_OOS,H1,COMMON_ALL_EIGHT_MODELS,6,6,0.52466513450331431,0.50523126050101153,0.50523126050101153,VERIFIED_DOCUMENTED_VINTAGES_PARTIAL_RELEASE_HISTORY
PRODUCTION_ENSEMBLE,conservative,STRICT,LATEST_REVISED,DEVELOPMENT_PSEUDO_OOS,H2,COMMON_ALL_EIGHT_MODELS,6,6,0.51653947536746503,0.49037234442193051,0.49037234442193051,VERIFIED_DOCUMENTED_VINTAGES_PARTIAL_RELEASE_HISTORY
PRODUCTION_ENSEMBLE,conservative,STRICT,LATEST_REVISED,DEVELOPMENT_PSEUDO_OOS,H3,COMMON_ALL_EIGHT_MODELS,6,6,0.54872027017440383,0.52115070126343588,0.52115070126343588,VERIFIED_DOCUMENTED_VINTAGES_PARTIAL_RELEASE_HISTORY
PRODUCTION_ENSEMBLE,conservative,STRICT,LATEST_REVISED,DEVELOPMENT_PSEUDO_OOS,ALL,COMMON_ALL_EIGHT_MODELS,18,6,0.53015106899717668,0.50558476872879277,0.50558476872879277,VERIFIED_DOCUMENTED_VINTAGES_PARTIAL_RELEASE_HISTORY
PRODUCTION_ENSEMBLE,conservative,STRICT,LATEST_REVISED,DEVELOPMENT_PSEUDO_OOS,H2_H3,COMMON_ALL_EIGHT_MODELS,12,6,0.53287285749659219,0.50576152284268316,0.50576152284268316,VERIFIED_DOCUMENTED_VINTAGES_PARTIAL_RELEASE_HISTORY
PRODUCTION_ENSEMBLE,conservative,STRICT,LATEST_REVISED,HISTORICAL_POST_DEVELOPMENT_TEST,H1,COMMON_ALL_EIGHT_MODELS,4,4,0.63014545778885978,0.42769567959995758,0.42769567959995758,VERIFIED_DOCUMENTED_VINTAGES_PARTIAL_RELEASE_HISTORY
PRODUCTION_ENSEMBLE,conservative,STRICT,LATEST_REVISED,HISTORICAL_POST_DEVELOPMENT_TEST,H2,COMMON_ALL_EIGHT_MODELS,4,4,0.78357003240054568,0.61092675508529837,0.50758677371173988,VERIFIED_DOCUMENTED_VINTAGES_PARTIAL_RELEASE_HISTORY
PRODUCTION_ENSEMBLE,conservative,STRICT,LATEST_REVISED,HISTORICAL_POST_DEVELOPMENT_TEST,H3,COMMON_ALL_EIGHT_MODELS,4,4,0.80288897717661656,0.56129677066711081,0.49921014898896998,VERIFIED_DOCUMENTED_VINTAGES_PARTIAL_RELEASE_HISTORY
PRODUCTION_ENSEMBLE,conservative,STRICT,LATEST_REVISED,HISTORICAL_POST_DEVELOPMENT_TEST,ALL,COMMON_ALL_EIGHT_MODELS,12,4,0.74289882741412305,0.53330640178412225,0.47816420076688915,VERIFIED_DOCUMENTED_VINTAGES_PARTIAL_RELEASE_HISTORY
PRODUCTION_ENSEMBLE,conservative,STRICT,LATEST_REVISED,HISTORICAL_POST_DEVELOPMENT_TEST,H2_H3,COMMON_ALL_EIGHT_MODELS,8,4,0.79328831623436447,0.58611176287620459,0.50339846135035493,VERIFIED_DOCUMENTED_VINTAGES_PARTIAL_RELEASE_HISTORY
PRODUCTION_ENSEMBLE,conservative,STRICT,LATEST_REVISED,POOLED_RESEARCH_ONLY,H1,COMMON_ALL_EIGHT_MODELS,10,10,0.56920771358687783,0.47421702814058991,0.47421702814058991,VERIFIED_DOCUMENTED_VINTAGES_PARTIAL_RELEASE_HISTORY
PRODUCTION_ENSEMBLE,conservative,STRICT,LATEST_REVISED,POOLED_RESEARCH_ONLY,H2,COMMON_ALL_EIGHT_MODELS,10,10,0.63693062105555454,0.53859410868727764,0.49725811613785426,VERIFIED_DOCUMENTED_VINTAGES_PARTIAL_RELEASE_HISTORY
PRODUCTION_ENSEMBLE,conservative,STRICT,LATEST_REVISED,POOLED_RESEARCH_ONLY,H3,COMMON_ALL_EIGHT_MODELS,10,10,0.66219985261916803,0.53720912902490592,0.51237448035364952,VERIFIED_DOCUMENTED_VINTAGES_PARTIAL_RELEASE_HISTORY
PRODUCTION_ENSEMBLE,conservative,STRICT,LATEST_REVISED,POOLED_RESEARCH_ONLY,ALL,COMMON_ALL_EIGHT_MODELS,30,10,0.62401567342865771,0.51667342195092458,0.49461654154403134,VERIFIED_DOCUMENTED_VINTAGES_PARTIAL_RELEASE_HISTORY
PRODUCTION_ENSEMBLE,conservative,STRICT,LATEST_REVISED,POOLED_RESEARCH_ONLY,H2_H3,COMMON_ALL_EIGHT_MODELS,20,10,0.64968810241802277,0.53790161885609178,0.50481629824575192,VERIFIED_DOCUMENTED_VINTAGES_PARTIAL_RELEASE_HISTORY
PRODUCTION_ENSEMBLE,standard,PERMISSIVE_END_OF_DAY,FIRST_RELEASE,DEVELOPMENT_PSEUDO_OOS,H1,COMMON_ALL_EIGHT_MODELS,6,6,0.43131535035302287,0.39037234442193097,0.39037234442193097,VERIFIED_DOCUMENTED_VINTAGES_PARTIAL_RELEASE_HISTORY
PRODUCTION_ENSEMBLE,standard,PERMISSIVE_END_OF_DAY,FIRST_RELEASE,DEVELOPMENT_PSEUDO_OOS,H2,COMMON_ALL_EIGHT_MODELS,6,6,0.46345937894457651,0.4211507012634364,0.4211507012634364,VERIFIED_DOCUMENTED_VINTAGES_PARTIAL_RELEASE_HISTORY
PRODUCTION_ENSEMBLE,standard,PERMISSIVE_END_OF_DAY,FIRST_RELEASE,DEVELOPMENT_PSEUDO_OOS,H3,COMMON_ALL_EIGHT_MODELS,6,6,0.33583279875601918,0.31778854352457203,0.2029671254376321,VERIFIED_DOCUMENTED_VINTAGES_PARTIAL_RELEASE_HISTORY
PRODUCTION_ENSEMBLE,standard,PERMISSIVE_END_OF_DAY,FIRST_RELEASE,DEVELOPMENT_PSEUDO_OOS,ALL,COMMON_ALL_EIGHT_MODELS,18,6,0.41376772715383214,0.37643719640331313,0.33816339037433318,VERIFIED_DOCUMENTED_VINTAGES_PARTIAL_RELEASE_HISTORY
PRODUCTION_ENSEMBLE,standard,PERMISSIVE_END_OF_DAY,FIRST_RELEASE,DEVELOPMENT_PSEUDO_OOS,H2_H3,COMMON_ALL_EIGHT_MODELS,12,6,0.40470870058104347,0.36946962239400422,0.31205891335053426,VERIFIED_DOCUMENTED_VINTAGES_PARTIAL_RELEASE_HISTORY
PRODUCTION_ENSEMBLE,standard,PERMISSIVE_END_OF_DAY,FIRST_RELEASE,HISTORICAL_POST_DEVELOPMENT_TEST,H1,COMMON_ALL_EIGHT_MODELS,4,4,0.78357003240054535,0.61092675508529948,0.50758677371173966,VERIFIED_DOCUMENTED_VINTAGES_PARTIAL_RELEASE_HISTORY
PRODUCTION_ENSEMBLE,standard,PERMISSIVE_END_OF_DAY,FIRST_RELEASE,HISTORICAL_POST_DEVELOPMENT_TEST,H2,COMMON_ALL_EIGHT_MODELS,4,4,0.80288897717661589,0.56129677066711192,0.49921014898896976,VERIFIED_DOCUMENTED_VINTAGES_PARTIAL_RELEASE_HISTORY
PRODUCTION_ENSEMBLE,standard,PERMISSIVE_END_OF_DAY,FIRST_RELEASE,HISTORICAL_POST_DEVELOPMENT_TEST,H3,COMMON_ALL_EIGHT_MODELS,4,4,0.46243015857082898,0.30025890435602798,0.30025890435602798,VERIFIED_DOCUMENTED_VINTAGES_PARTIAL_RELEASE_HISTORY
PRODUCTION_ENSEMBLE,standard,PERMISSIVE_END_OF_DAY,FIRST_RELEASE,HISTORICAL_POST_DEVELOPMENT_TEST,ALL,COMMON_ALL_EIGHT_MODELS,12,4,0.70058412697399541,0.49082747670281313,0.43568527568557913,VERIFIED_DOCUMENTED_VINTAGES_PARTIAL_RELEASE_HISTORY
PRODUCTION_ENSEMBLE,standard,PERMISSIVE_END_OF_DAY,FIRST_RELEASE,HISTORICAL_POST_DEVELOPMENT_TEST,H2_H3,COMMON_ALL_EIGHT_MODELS,8,4,0.65516118674245138,0.43077783751156995,0.39973452667249887,VERIFIED_DOCUMENTED_VINTAGES_PARTIAL_RELEASE_HISTORY
PRODUCTION_ENSEMBLE,standard,PERMISSIVE_END_OF_DAY,FIRST_RELEASE,POOLED_RESEARCH_ONLY,H1,COMMON_ALL_EIGHT_MODELS,10,10,0.59767261702420926,0.47859410868727836,0.43725811613785448,VERIFIED_DOCUMENTED_VINTAGES_PARTIAL_RELEASE_HISTORY
PRODUCTION_ENSEMBLE,standard,PERMISSIVE_END_OF_DAY,FIRST_RELEASE,POOLED_RESEARCH_ONLY,H2,COMMON_ALL_EIGHT_MODELS,10,10,0.62187542275579644,0.47720912902490664,0.45237448035364974,VERIFIED_DOCUMENTED_VINTAGES_PARTIAL_RELEASE_HISTORY
PRODUCTION_ENSEMBLE,standard,PERMISSIVE_END_OF_DAY,FIRST_RELEASE,POOLED_RESEARCH_ONLY,H3,COMMON_ALL_EIGHT_MODELS,10,10,0.39141648132713747,0.3107766878571544,0.24188383700499044,VERIFIED_DOCUMENTED_VINTAGES_PARTIAL_RELEASE_HISTORY
PRODUCTION_ENSEMBLE,standard,PERMISSIVE_END_OF_DAY,FIRST_RELEASE,POOLED_RESEARCH_ONLY,ALL,COMMON_ALL_EIGHT_MODELS,30,10,0.54685417325608388,0.4221933085231131,0.37717214449883157,VERIFIED_DOCUMENTED_VINTAGES_PARTIAL_RELEASE_HISTORY
PRODUCTION_ENSEMBLE,standard,PERMISSIVE_END_OF_DAY,FIRST_RELEASE,POOLED_RESEARCH_ONLY,H2_H3,COMMON_ALL_EIGHT_MODELS,20,10,0.51958440280777196,0.39399290844103052,0.34712915867932009,VERIFIED_DOCUMENTED_VINTAGES_PARTIAL_RELEASE_HISTORY
PRODUCTION_ENSEMBLE,standard,PERMISSIVE_END_OF_DAY,LATEST_REVISED,DEVELOPMENT_PSEUDO_OOS,H1,COMMON_ALL_EIGHT_MODELS,6,6,0.51653947536746503,0.49037234442193051,0.49037234442193051,VERIFIED_DOCUMENTED_VINTAGES_PARTIAL_RELEASE_HISTORY
PRODUCTION_ENSEMBLE,standard,PERMISSIVE_END_OF_DAY,LATEST_REVISED,DEVELOPMENT_PSEUDO_OOS,H2,COMMON_ALL_EIGHT_MODELS,6,6,0.54872027017440383,0.52115070126343588,0.52115070126343588,VERIFIED_DOCUMENTED_VINTAGES_PARTIAL_RELEASE_HISTORY
PRODUCTION_ENSEMBLE,standard,PERMISSIVE_END_OF_DAY,LATEST_REVISED,DEVELOPMENT_PSEUDO_OOS,H3,COMMON_ALL_EIGHT_MODELS,6,6,0.43073470070280839,0.41778854352457068,0.3029671254376316,VERIFIED_DOCUMENTED_VINTAGES_PARTIAL_RELEASE_HISTORY
PRODUCTION_ENSEMBLE,standard,PERMISSIVE_END_OF_DAY,LATEST_REVISED,DEVELOPMENT_PSEUDO_OOS,ALL,COMMON_ALL_EIGHT_MODELS,18,6,0.50114513762738255,0.47643719640331234,0.43816339037433266,VERIFIED_DOCUMENTED_VINTAGES_PARTIAL_RELEASE_HISTORY
PRODUCTION_ENSEMBLE,standard,PERMISSIVE_END_OF_DAY,LATEST_REVISED,DEVELOPMENT_PSEUDO_OOS,H2_H3,COMMON_ALL_EIGHT_MODELS,12,6,0.49326783662114471,0.46946962239400331,0.41205891335053374,VERIFIED_DOCUMENTED_VINTAGES_PARTIAL_RELEASE_HISTORY
PRODUCTION_ENSEMBLE,standard,PERMISSIVE_END_OF_DAY,LATEST_REVISED,HISTORICAL_POST_DEVELOPMENT_TEST,H1,COMMON_ALL_EIGHT_MODELS,4,4,0.78357003240054568,0.61092675508529837,0.50758677371173988,VERIFIED_DOCUMENTED_VINTAGES_PARTIAL_RELEASE_HISTORY
PRODUCTION_ENSEMBLE,standard,PERMISSIVE_END_OF_DAY,LATEST_REVISED,HISTORICAL_POST_DEVELOPMENT_TEST,H2,COMMON_ALL_EIGHT_MODELS,4,4,0.80288897717661656,0.56129677066711081,0.49921014898896998,VERIFIED_DOCUMENTED_VINTAGES_PARTIAL_RELEASE_HISTORY
PRODUCTION_ENSEMBLE,standard,PERMISSIVE_END_OF_DAY,LATEST_REVISED,HISTORICAL_POST_DEVELOPMENT_TEST,H3,COMMON_ALL_EIGHT_MODELS,4,4,0.46243015857083047,0.3002589043560282,0.3002589043560282,VERIFIED_DOCUMENTED_VINTAGES_PARTIAL_RELEASE_HISTORY
PRODUCTION_ENSEMBLE,standard,PERMISSIVE_END_OF_DAY,LATEST_REVISED,HISTORICAL_POST_DEVELOPMENT_TEST,ALL,COMMON_ALL_EIGHT_MODELS,12,4,0.70058412697399619,0.49082747670281246,0.43568527568557935,VERIFIED_DOCUMENTED_VINTAGES_PARTIAL_RELEASE_HISTORY
PRODUCTION_ENSEMBLE,standard,PERMISSIVE_END_OF_DAY,LATEST_REVISED,HISTORICAL_POST_DEVELOPMENT_TEST,H2_H3,COMMON_ALL_EIGHT_MODELS,8,4,0.65516118674245238,0.43077783751156951,0.39973452667249909,VERIFIED_DOCUMENTED_VINTAGES_PARTIAL_RELEASE_HISTORY
PRODUCTION_ENSEMBLE,standard,PERMISSIVE_END_OF_DAY,LATEST_REVISED,POOLED_RESEARCH_ONLY,H1,COMMON_ALL_EIGHT_MODELS,10,10,0.63693062105555454,0.53859410868727764,0.49725811613785426,VERIFIED_DOCUMENTED_VINTAGES_PARTIAL_RELEASE_HISTORY
PRODUCTION_ENSEMBLE,standard,PERMISSIVE_END_OF_DAY,LATEST_REVISED,POOLED_RESEARCH_ONLY,H2,COMMON_ALL_EIGHT_MODELS,10,10,0.66219985261916803,0.53720912902490592,0.51237448035364952,VERIFIED_DOCUMENTED_VINTAGES_PARTIAL_RELEASE_HISTORY
PRODUCTION_ENSEMBLE,standard,PERMISSIVE_END_OF_DAY,LATEST_REVISED,POOLED_RESEARCH_ONLY,H3,COMMON_ALL_EIGHT_MODELS,10,10,0.4436846741279894,0.37077668785715368,0.30188383700499022,VERIFIED_DOCUMENTED_VINTAGES_PARTIAL_RELEASE_HISTORY
PRODUCTION_ENSEMBLE,standard,PERMISSIVE_END_OF_DAY,LATEST_REVISED,POOLED_RESEARCH_ONLY,ALL,COMMON_ALL_EIGHT_MODELS,30,10,0.5890798901402996,0.48219330852311243,0.43717214449883135,VERIFIED_DOCUMENTED_VINTAGES_PARTIAL_RELEASE_HISTORY
PRODUCTION_ENSEMBLE,standard,PERMISSIVE_END_OF_DAY,LATEST_REVISED,POOLED_RESEARCH_ONLY,H2_H3,COMMON_ALL_EIGHT_MODELS,20,10,0.56363318517671934,0.45399290844102974,0.40712915867931992,VERIFIED_DOCUMENTED_VINTAGES_PARTIAL_RELEASE_HISTORY
PRODUCTION_ENSEMBLE,standard,STRICT,FIRST_RELEASE,DEVELOPMENT_PSEUDO_OOS,H1,COMMON_ALL_EIGHT_MODELS,6,6,0.43131535035302287,0.39037234442193097,0.39037234442193097,VERIFIED_DOCUMENTED_VINTAGES_PARTIAL_RELEASE_HISTORY
PRODUCTION_ENSEMBLE,standard,STRICT,FIRST_RELEASE,DEVELOPMENT_PSEUDO_OOS,H2,COMMON_ALL_EIGHT_MODELS,6,6,0.46345937894457651,0.4211507012634364,0.4211507012634364,VERIFIED_DOCUMENTED_VINTAGES_PARTIAL_RELEASE_HISTORY
PRODUCTION_ENSEMBLE,standard,STRICT,FIRST_RELEASE,DEVELOPMENT_PSEUDO_OOS,H3,COMMON_ALL_EIGHT_MODELS,6,6,0.33583279875601918,0.31778854352457203,0.2029671254376321,VERIFIED_DOCUMENTED_VINTAGES_PARTIAL_RELEASE_HISTORY
PRODUCTION_ENSEMBLE,standard,STRICT,FIRST_RELEASE,DEVELOPMENT_PSEUDO_OOS,ALL,COMMON_ALL_EIGHT_MODELS,18,6,0.41376772715383214,0.37643719640331313,0.33816339037433318,VERIFIED_DOCUMENTED_VINTAGES_PARTIAL_RELEASE_HISTORY
PRODUCTION_ENSEMBLE,standard,STRICT,FIRST_RELEASE,DEVELOPMENT_PSEUDO_OOS,H2_H3,COMMON_ALL_EIGHT_MODELS,12,6,0.40470870058104347,0.36946962239400422,0.31205891335053426,VERIFIED_DOCUMENTED_VINTAGES_PARTIAL_RELEASE_HISTORY
PRODUCTION_ENSEMBLE,standard,STRICT,FIRST_RELEASE,HISTORICAL_POST_DEVELOPMENT_TEST,H1,COMMON_ALL_EIGHT_MODELS,4,4,0.78357003240054535,0.61092675508529948,0.50758677371173966,VERIFIED_DOCUMENTED_VINTAGES_PARTIAL_RELEASE_HISTORY
PRODUCTION_ENSEMBLE,standard,STRICT,FIRST_RELEASE,HISTORICAL_POST_DEVELOPMENT_TEST,H2,COMMON_ALL_EIGHT_MODELS,4,4,0.80288897717661589,0.56129677066711192,0.49921014898896976,VERIFIED_DOCUMENTED_VINTAGES_PARTIAL_RELEASE_HISTORY
PRODUCTION_ENSEMBLE,standard,STRICT,FIRST_RELEASE,HISTORICAL_POST_DEVELOPMENT_TEST,H3,COMMON_ALL_EIGHT_MODELS,4,4,0.46243015857082898,0.30025890435602798,0.30025890435602798,VERIFIED_DOCUMENTED_VINTAGES_PARTIAL_RELEASE_HISTORY
PRODUCTION_ENSEMBLE,standard,STRICT,FIRST_RELEASE,HISTORICAL_POST_DEVELOPMENT_TEST,ALL,COMMON_ALL_EIGHT_MODELS,12,4,0.70058412697399541,0.49082747670281313,0.43568527568557913,VERIFIED_DOCUMENTED_VINTAGES_PARTIAL_RELEASE_HISTORY
PRODUCTION_ENSEMBLE,standard,STRICT,FIRST_RELEASE,HISTORICAL_POST_DEVELOPMENT_TEST,H2_H3,COMMON_ALL_EIGHT_MODELS,8,4,0.65516118674245138,0.43077783751156995,0.39973452667249887,VERIFIED_DOCUMENTED_VINTAGES_PARTIAL_RELEASE_HISTORY
PRODUCTION_ENSEMBLE,standard,STRICT,FIRST_RELEASE,POOLED_RESEARCH_ONLY,H1,COMMON_ALL_EIGHT_MODELS,10,10,0.59767261702420926,0.47859410868727836,0.43725811613785448,VERIFIED_DOCUMENTED_VINTAGES_PARTIAL_RELEASE_HISTORY
PRODUCTION_ENSEMBLE,standard,STRICT,FIRST_RELEASE,POOLED_RESEARCH_ONLY,H2,COMMON_ALL_EIGHT_MODELS,10,10,0.62187542275579644,0.47720912902490664,0.45237448035364974,VERIFIED_DOCUMENTED_VINTAGES_PARTIAL_RELEASE_HISTORY
PRODUCTION_ENSEMBLE,standard,STRICT,FIRST_RELEASE,POOLED_RESEARCH_ONLY,H3,COMMON_ALL_EIGHT_MODELS,10,10,0.39141648132713747,0.3107766878571544,0.24188383700499044,VERIFIED_DOCUMENTED_VINTAGES_PARTIAL_RELEASE_HISTORY
PRODUCTION_ENSEMBLE,standard,STRICT,FIRST_RELEASE,POOLED_RESEARCH_ONLY,ALL,COMMON_ALL_EIGHT_MODELS,30,10,0.54685417325608388,0.4221933085231131,0.37717214449883157,VERIFIED_DOCUMENTED_VINTAGES_PARTIAL_RELEASE_HISTORY
PRODUCTION_ENSEMBLE,standard,STRICT,FIRST_RELEASE,POOLED_RESEARCH_ONLY,H2_H3,COMMON_ALL_EIGHT_MODELS,20,10,0.51958440280777196,0.39399290844103052,0.34712915867932009,VERIFIED_DOCUMENTED_VINTAGES_PARTIAL_RELEASE_HISTORY
PRODUCTION_ENSEMBLE,standard,STRICT,LATEST_REVISED,DEVELOPMENT_PSEUDO_OOS,H1,COMMON_ALL_EIGHT_MODELS,6,6,0.51653947536746503,0.49037234442193051,0.49037234442193051,VERIFIED_DOCUMENTED_VINTAGES_PARTIAL_RELEASE_HISTORY
PRODUCTION_ENSEMBLE,standard,STRICT,LATEST_REVISED,DEVELOPMENT_PSEUDO_OOS,H2,COMMON_ALL_EIGHT_MODELS,6,6,0.54872027017440383,0.52115070126343588,0.52115070126343588,VERIFIED_DOCUMENTED_VINTAGES_PARTIAL_RELEASE_HISTORY
PRODUCTION_ENSEMBLE,standard,STRICT,LATEST_REVISED,DEVELOPMENT_PSEUDO_OOS,H3,COMMON_ALL_EIGHT_MODELS,6,6,0.43073470070280839,0.41778854352457068,0.3029671254376316,VERIFIED_DOCUMENTED_VINTAGES_PARTIAL_RELEASE_HISTORY
PRODUCTION_ENSEMBLE,standard,STRICT,LATEST_REVISED,DEVELOPMENT_PSEUDO_OOS,ALL,COMMON_ALL_EIGHT_MODELS,18,6,0.50114513762738255,0.47643719640331234,0.43816339037433266,VERIFIED_DOCUMENTED_VINTAGES_PARTIAL_RELEASE_HISTORY
PRODUCTION_ENSEMBLE,standard,STRICT,LATEST_REVISED,DEVELOPMENT_PSEUDO_OOS,H2_H3,COMMON_ALL_EIGHT_MODELS,12,6,0.49326783662114471,0.46946962239400331,0.41205891335053374,VERIFIED_DOCUMENTED_VINTAGES_PARTIAL_RELEASE_HISTORY
PRODUCTION_ENSEMBLE,standard,STRICT,LATEST_REVISED,HISTORICAL_POST_DEVELOPMENT_TEST,H1,COMMON_ALL_EIGHT_MODELS,4,4,0.78357003240054568,0.61092675508529837,0.50758677371173988,VERIFIED_DOCUMENTED_VINTAGES_PARTIAL_RELEASE_HISTORY
PRODUCTION_ENSEMBLE,standard,STRICT,LATEST_REVISED,HISTORICAL_POST_DEVELOPMENT_TEST,H2,COMMON_ALL_EIGHT_MODELS,4,4,0.80288897717661656,0.56129677066711081,0.49921014898896998,VERIFIED_DOCUMENTED_VINTAGES_PARTIAL_RELEASE_HISTORY
PRODUCTION_ENSEMBLE,standard,STRICT,LATEST_REVISED,HISTORICAL_POST_DEVELOPMENT_TEST,H3,COMMON_ALL_EIGHT_MODELS,4,4,0.46243015857083047,0.3002589043560282,0.3002589043560282,VERIFIED_DOCUMENTED_VINTAGES_PARTIAL_RELEASE_HISTORY
PRODUCTION_ENSEMBLE,standard,STRICT,LATEST_REVISED,HISTORICAL_POST_DEVELOPMENT_TEST,ALL,COMMON_ALL_EIGHT_MODELS,12,4,0.70058412697399619,0.49082747670281246,0.43568527568557935,VERIFIED_DOCUMENTED_VINTAGES_PARTIAL_RELEASE_HISTORY
PRODUCTION_ENSEMBLE,standard,STRICT,LATEST_REVISED,HISTORICAL_POST_DEVELOPMENT_TEST,H2_H3,COMMON_ALL_EIGHT_MODELS,8,4,0.65516118674245238,0.43077783751156951,0.39973452667249909,VERIFIED_DOCUMENTED_VINTAGES_PARTIAL_RELEASE_HISTORY
PRODUCTION_ENSEMBLE,standard,STRICT,LATEST_REVISED,POOLED_RESEARCH_ONLY,H1,COMMON_ALL_EIGHT_MODELS,10,10,0.63693062105555454,0.53859410868727764,0.49725811613785426,VERIFIED_DOCUMENTED_VINTAGES_PARTIAL_RELEASE_HISTORY
PRODUCTION_ENSEMBLE,standard,STRICT,LATEST_REVISED,POOLED_RESEARCH_ONLY,H2,COMMON_ALL_EIGHT_MODELS,10,10,0.66219985261916803,0.53720912902490592,0.51237448035364952,VERIFIED_DOCUMENTED_VINTAGES_PARTIAL_RELEASE_HISTORY
PRODUCTION_ENSEMBLE,standard,STRICT,LATEST_REVISED,POOLED_RESEARCH_ONLY,H3,COMMON_ALL_EIGHT_MODELS,10,10,0.4436846741279894,0.37077668785715368,0.30188383700499022,VERIFIED_DOCUMENTED_VINTAGES_PARTIAL_RELEASE_HISTORY
PRODUCTION_ENSEMBLE,standard,STRICT,LATEST_REVISED,POOLED_RESEARCH_ONLY,ALL,COMMON_ALL_EIGHT_MODELS,30,10,0.5890798901402996,0.48219330852311243,0.43717214449883135,VERIFIED_DOCUMENTED_VINTAGES_PARTIAL_RELEASE_HISTORY
PRODUCTION_ENSEMBLE,standard,STRICT,LATEST_REVISED,POOLED_RESEARCH_ONLY,H2_H3,COMMON_ALL_EIGHT_MODELS,20,10,0.56363318517671934,0.45399290844102974,0.40712915867931992,VERIFIED_DOCUMENTED_VINTAGES_PARTIAL_RELEASE_HISTORY
UMIDAS_USD,conservative,PERMISSIVE_END_OF_DAY,FIRST_RELEASE,DEVELOPMENT_PSEUDO_OOS,H1,COMMON_ALL_EIGHT_MODELS,6,6,0.39413876001868581,0.35006642850146658,0.32689964128889848,VERIFIED_DOCUMENTED_VINTAGES_PARTIAL_RELEASE_HISTORY
UMIDAS_USD,conservative,PERMISSIVE_END_OF_DAY,FIRST_RELEASE,DEVELOPMENT_PSEUDO_OOS,H2,COMMON_ALL_EIGHT_MODELS,6,6,0.37481564793540756,0.30673514180393457,0.29718180913073677,VERIFIED_DOCUMENTED_VINTAGES_PARTIAL_RELEASE_HISTORY
UMIDAS_USD,conservative,PERMISSIVE_END_OF_DAY,FIRST_RELEASE,DEVELOPMENT_PSEUDO_OOS,H3,COMMON_ALL_EIGHT_MODELS,6,6,0.43579589932317414,0.37313891811107619,0.3587385228137478,VERIFIED_DOCUMENTED_VINTAGES_PARTIAL_RELEASE_HISTORY
UMIDAS_USD,conservative,PERMISSIVE_END_OF_DAY,FIRST_RELEASE,DEVELOPMENT_PSEUDO_OOS,ALL,COMMON_ALL_EIGHT_MODELS,18,6,0.40238878295880331,0.34331349613882578,0.32760665774446102,VERIFIED_DOCUMENTED_VINTAGES_PARTIAL_RELEASE_HISTORY
UMIDAS_USD,conservative,PERMISSIVE_END_OF_DAY,FIRST_RELEASE,DEVELOPMENT_PSEUDO_OOS,H2_H3,COMMON_ALL_EIGHT_MODELS,12,6,0.40645100307671378,0.33993702995750535,0.32796016597224226,VERIFIED_DOCUMENTED_VINTAGES_PARTIAL_RELEASE_HISTORY
UMIDAS_USD,conservative,PERMISSIVE_END_OF_DAY,FIRST_RELEASE,HISTORICAL_POST_DEVELOPMENT_TEST,H1,COMMON_ALL_EIGHT_MODELS,4,4,0.40011436042347193,0.27914295810013323,0.10338461826938294,VERIFIED_DOCUMENTED_VINTAGES_PARTIAL_RELEASE_HISTORY
UMIDAS_USD,conservative,PERMISSIVE_END_OF_DAY,FIRST_RELEASE,HISTORICAL_POST_DEVELOPMENT_TEST,H2,COMMON_ALL_EIGHT_MODELS,4,4,0.81303232395623026,0.74326516925013619,0.2631668064929471,VERIFIED_DOCUMENTED_VINTAGES_PARTIAL_RELEASE_HISTORY
UMIDAS_USD,conservative,PERMISSIVE_END_OF_DAY,FIRST_RELEASE,HISTORICAL_POST_DEVELOPMENT_TEST,H3,COMMON_ALL_EIGHT_MODELS,4,4,0.80284953587875607,0.6440052004137613,0.24641355704740753,VERIFIED_DOCUMENTED_VINTAGES_PARTIAL_RELEASE_HISTORY
UMIDAS_USD,conservative,PERMISSIVE_END_OF_DAY,FIRST_RELEASE,HISTORICAL_POST_DEVELOPMENT_TEST,ALL,COMMON_ALL_EIGHT_MODELS,12,4,0.69897077632651816,0.55547110925467691,0.20432166060324586,VERIFIED_DOCUMENTED_VINTAGES_PARTIAL_RELEASE_HISTORY
UMIDAS_USD,conservative,PERMISSIVE_END_OF_DAY,FIRST_RELEASE,HISTORICAL_POST_DEVELOPMENT_TEST,H2_H3,COMMON_ALL_EIGHT_MODELS,8,4,0.80795697195407701,0.69363518483194875,0.25479018177017732,VERIFIED_DOCUMENTED_VINTAGES_PARTIAL_RELEASE_HISTORY
UMIDAS_USD,conservative,PERMISSIVE_END_OF_DAY,FIRST_RELEASE,POOLED_RESEARCH_ONLY,H1,COMMON_ALL_EIGHT_MODELS,10,10,0.39653980614343615,0.32169704034093327,0.23749363208109225,VERIFIED_DOCUMENTED_VINTAGES_PARTIAL_RELEASE_HISTORY
UMIDAS_USD,conservative,PERMISSIVE_END_OF_DAY,FIRST_RELEASE,POOLED_RESEARCH_ONLY,H2,COMMON_ALL_EIGHT_MODELS,10,10,0.59050883641264085,0.48134715278241524,0.28357580807562088,VERIFIED_DOCUMENTED_VINTAGES_PARTIAL_RELEASE_HISTORY
UMIDAS_USD,conservative,PERMISSIVE_END_OF_DAY,FIRST_RELEASE,POOLED_RESEARCH_ONLY,H3,COMMON_ALL_EIGHT_MODELS,10,10,0.60973583659190489,0.48148543103215025,0.31380853650721169,VERIFIED_DOCUMENTED_VINTAGES_PARTIAL_RELEASE_HISTORY
UMIDAS_USD,conservative,PERMISSIVE_END_OF_DAY,FIRST_RELEASE,POOLED_RESEARCH_ONLY,ALL,COMMON_ALL_EIGHT_MODELS,30,10,0.54090119065688735,0.42817654138516625,0.27829265888797494,VERIFIED_DOCUMENTED_VINTAGES_PARTIAL_RELEASE_HISTORY
UMIDAS_USD,conservative,PERMISSIVE_END_OF_DAY,FIRST_RELEASE,POOLED_RESEARCH_ONLY,H2_H3,COMMON_ALL_EIGHT_MODELS,20,10,0.60019933201638975,0.48141629190728275,0.29869217229141631,VERIFIED_DOCUMENTED_VINTAGES_PARTIAL_RELEASE_HISTORY
UMIDAS_USD,conservative,PERMISSIVE_END_OF_DAY,LATEST_REVISED,DEVELOPMENT_PSEUDO_OOS,H1,COMMON_ALL_EIGHT_MODELS,6,6,0.46267904533518361,0.42689964128889796,0.42689964128889796,VERIFIED_DOCUMENTED_VINTAGES_PARTIAL_RELEASE_HISTORY
UMIDAS_USD,conservative,PERMISSIVE_END_OF_DAY,LATEST_REVISED,DEVELOPMENT_PSEUDO_OOS,H2,COMMON_ALL_EIGHT_MODELS,6,6,0.46608039031878079,0.40673514180393583,0.39718180913073625,VERIFIED_DOCUMENTED_VINTAGES_PARTIAL_RELEASE_HISTORY
UMIDAS_USD,conservative,PERMISSIVE_END_OF_DAY,LATEST_REVISED,DEVELOPMENT_PSEUDO_OOS,H3,COMMON_ALL_EIGHT_MODELS,6,6,0.52697315660385169,0.47313891811107744,0.45873852281374727,VERIFIED_DOCUMENTED_VINTAGES_PARTIAL_RELEASE_HISTORY
UMIDAS_USD,conservative,PERMISSIVE_END_OF_DAY,LATEST_REVISED,DEVELOPMENT_PSEUDO_OOS,ALL,COMMON_ALL_EIGHT_MODELS,18,6,0.48614248151922551,0.4355912337346371,0.42760665774446049,VERIFIED_DOCUMENTED_VINTAGES_PARTIAL_RELEASE_HISTORY
UMIDAS_USD,conservative,PERMISSIVE_END_OF_DAY,LATEST_REVISED,DEVELOPMENT_PSEUDO_OOS,H2_H3,COMMON_ALL_EIGHT_MODELS,12,6,0.49745936417999748,0.43993702995750666,0.42796016597224179,VERIFIED_DOCUMENTED_VINTAGES_PARTIAL_RELEASE_HISTORY
UMIDAS_USD,conservative,PERMISSIVE_END_OF_DAY,LATEST_REVISED,HISTORICAL_POST_DEVELOPMENT_TEST,H1,COMMON_ALL_EIGHT_MODELS,4,4,0.40011436042347398,0.27914295810013479,0.10338461826938317,VERIFIED_DOCUMENTED_VINTAGES_PARTIAL_RELEASE_HISTORY
UMIDAS_USD,conservative,PERMISSIVE_END_OF_DAY,LATEST_REVISED,HISTORICAL_POST_DEVELOPMENT_TEST,H2,COMMON_ALL_EIGHT_MODELS,4,4,0.81303232395622993,0.74326516925013508,0.26316680649294732,VERIFIED_DOCUMENTED_VINTAGES_PARTIAL_RELEASE_HISTORY
UMIDAS_USD,conservative,PERMISSIVE_END_OF_DAY,LATEST_REVISED,HISTORICAL_POST_DEVELOPMENT_TEST,H3,COMMON_ALL_EIGHT_MODELS,4,4,0.80284953587875629,0.64400520041376019,0.24641355704740775,VERIFIED_DOCUMENTED_VINTAGES_PARTIAL_RELEASE_HISTORY
UMIDAS_USD,conservative,PERMISSIVE_END_OF_DAY,LATEST_REVISED,HISTORICAL_POST_DEVELOPMENT_TEST,ALL,COMMON_ALL_EIGHT_MODELS,12,4,0.69897077632651849,0.55547110925467669,0.20432166060324608,VERIFIED_DOCUMENTED_VINTAGES_PARTIAL_RELEASE_HISTORY
UMIDAS_USD,conservative,PERMISSIVE_END_OF_DAY,LATEST_REVISED,HISTORICAL_POST_DEVELOPMENT_TEST,H2_H3,COMMON_ALL_EIGHT_MODELS,8,4,0.80795697195407701,0.69363518483194764,0.25479018177017754,VERIFIED_DOCUMENTED_VINTAGES_PARTIAL_RELEASE_HISTORY
UMIDAS_USD,conservative,PERMISSIVE_END_OF_DAY,LATEST_REVISED,POOLED_RESEARCH_ONLY,H1,COMMON_ALL_EIGHT_MODELS,10,10,0.43872513030620941,0.36779696801339268,0.29749363208109203,VERIFIED_DOCUMENTED_VINTAGES_PARTIAL_RELEASE_HISTORY
UMIDAS_USD,conservative,PERMISSIVE_END_OF_DAY,LATEST_REVISED,POOLED_RESEARCH_ONLY,H2,COMMON_ALL_EIGHT_MODELS,10,10,0.6282890911538187,0.54134715278241552,0.34357580807562071,VERIFIED_DOCUMENTED_VINTAGES_PARTIAL_RELEASE_HISTORY
UMIDAS_USD,conservative,PERMISSIVE_END_OF_DAY,LATEST_REVISED,POOLED_RESEARCH_ONLY,H3,COMMON_ALL_EIGHT_MODELS,10,10,0.65149625906286701,0.54148543103215052,0.37380853650721146,VERIFIED_DOCUMENTED_VINTAGES_PARTIAL_RELEASE_HISTORY
UMIDAS_USD,conservative,PERMISSIVE_END_OF_DAY,LATEST_REVISED,POOLED_RESEARCH_ONLY,ALL,COMMON_ALL_EIGHT_MODELS,30,10,0.58071056979015012,0.48354318394265294,0.33829265888797472,VERIFIED_DOCUMENTED_VINTAGES_PARTIAL_RELEASE_HISTORY
UMIDAS_USD,conservative,PERMISSIVE_END_OF_DAY,LATEST_REVISED,POOLED_RESEARCH_ONLY,H2_H3,COMMON_ALL_EIGHT_MODELS,20,10,0.63999787407295416,0.54141629190728302,0.35869217229141609,VERIFIED_DOCUMENTED_VINTAGES_PARTIAL_RELEASE_HISTORY
UMIDAS_USD,conservative,STRICT,FIRST_RELEASE,DEVELOPMENT_PSEUDO_OOS,H1,COMMON_ALL_EIGHT_MODELS,6,6,0.39413876001868581,0.35006642850146658,0.32689964128889848,VERIFIED_DOCUMENTED_VINTAGES_PARTIAL_RELEASE_HISTORY
UMIDAS_USD,conservative,STRICT,FIRST_RELEASE,DEVELOPMENT_PSEUDO_OOS,H2,COMMON_ALL_EIGHT_MODELS,6,6,0.37481564793540756,0.30673514180393457,0.29718180913073677,VERIFIED_DOCUMENTED_VINTAGES_PARTIAL_RELEASE_HISTORY
UMIDAS_USD,conservative,STRICT,FIRST_RELEASE,DEVELOPMENT_PSEUDO_OOS,H3,COMMON_ALL_EIGHT_MODELS,6,6,0.43579589932317414,0.37313891811107619,0.3587385228137478,VERIFIED_DOCUMENTED_VINTAGES_PARTIAL_RELEASE_HISTORY
UMIDAS_USD,conservative,STRICT,FIRST_RELEASE,DEVELOPMENT_PSEUDO_OOS,ALL,COMMON_ALL_EIGHT_MODELS,18,6,0.40238878295880331,0.34331349613882578,0.32760665774446102,VERIFIED_DOCUMENTED_VINTAGES_PARTIAL_RELEASE_HISTORY
UMIDAS_USD,conservative,STRICT,FIRST_RELEASE,DEVELOPMENT_PSEUDO_OOS,H2_H3,COMMON_ALL_EIGHT_MODELS,12,6,0.40645100307671378,0.33993702995750535,0.32796016597224226,VERIFIED_DOCUMENTED_VINTAGES_PARTIAL_RELEASE_HISTORY
UMIDAS_USD,conservative,STRICT,FIRST_RELEASE,HISTORICAL_POST_DEVELOPMENT_TEST,H1,COMMON_ALL_EIGHT_MODELS,4,4,0.40011436042347193,0.27914295810013323,0.10338461826938294,VERIFIED_DOCUMENTED_VINTAGES_PARTIAL_RELEASE_HISTORY
UMIDAS_USD,conservative,STRICT,FIRST_RELEASE,HISTORICAL_POST_DEVELOPMENT_TEST,H2,COMMON_ALL_EIGHT_MODELS,4,4,0.81303232395623026,0.74326516925013619,0.2631668064929471,VERIFIED_DOCUMENTED_VINTAGES_PARTIAL_RELEASE_HISTORY
UMIDAS_USD,conservative,STRICT,FIRST_RELEASE,HISTORICAL_POST_DEVELOPMENT_TEST,H3,COMMON_ALL_EIGHT_MODELS,4,4,0.80284953587875607,0.6440052004137613,0.24641355704740753,VERIFIED_DOCUMENTED_VINTAGES_PARTIAL_RELEASE_HISTORY
UMIDAS_USD,conservative,STRICT,FIRST_RELEASE,HISTORICAL_POST_DEVELOPMENT_TEST,ALL,COMMON_ALL_EIGHT_MODELS,12,4,0.69897077632651816,0.55547110925467691,0.20432166060324586,VERIFIED_DOCUMENTED_VINTAGES_PARTIAL_RELEASE_HISTORY
UMIDAS_USD,conservative,STRICT,FIRST_RELEASE,HISTORICAL_POST_DEVELOPMENT_TEST,H2_H3,COMMON_ALL_EIGHT_MODELS,8,4,0.80795697195407701,0.69363518483194875,0.25479018177017732,VERIFIED_DOCUMENTED_VINTAGES_PARTIAL_RELEASE_HISTORY
UMIDAS_USD,conservative,STRICT,FIRST_RELEASE,POOLED_RESEARCH_ONLY,H1,COMMON_ALL_EIGHT_MODELS,10,10,0.39653980614343615,0.32169704034093327,0.23749363208109225,VERIFIED_DOCUMENTED_VINTAGES_PARTIAL_RELEASE_HISTORY
UMIDAS_USD,conservative,STRICT,FIRST_RELEASE,POOLED_RESEARCH_ONLY,H2,COMMON_ALL_EIGHT_MODELS,10,10,0.59050883641264085,0.48134715278241524,0.28357580807562088,VERIFIED_DOCUMENTED_VINTAGES_PARTIAL_RELEASE_HISTORY
UMIDAS_USD,conservative,STRICT,FIRST_RELEASE,POOLED_RESEARCH_ONLY,H3,COMMON_ALL_EIGHT_MODELS,10,10,0.60973583659190489,0.48148543103215025,0.31380853650721169,VERIFIED_DOCUMENTED_VINTAGES_PARTIAL_RELEASE_HISTORY
UMIDAS_USD,conservative,STRICT,FIRST_RELEASE,POOLED_RESEARCH_ONLY,ALL,COMMON_ALL_EIGHT_MODELS,30,10,0.54090119065688735,0.42817654138516625,0.27829265888797494,VERIFIED_DOCUMENTED_VINTAGES_PARTIAL_RELEASE_HISTORY
UMIDAS_USD,conservative,STRICT,FIRST_RELEASE,POOLED_RESEARCH_ONLY,H2_H3,COMMON_ALL_EIGHT_MODELS,20,10,0.60019933201638975,0.48141629190728275,0.29869217229141631,VERIFIED_DOCUMENTED_VINTAGES_PARTIAL_RELEASE_HISTORY
UMIDAS_USD,conservative,STRICT,LATEST_REVISED,DEVELOPMENT_PSEUDO_OOS,H1,COMMON_ALL_EIGHT_MODELS,6,6,0.46267904533518361,0.42689964128889796,0.42689964128889796,VERIFIED_DOCUMENTED_VINTAGES_PARTIAL_RELEASE_HISTORY
UMIDAS_USD,conservative,STRICT,LATEST_REVISED,DEVELOPMENT_PSEUDO_OOS,H2,COMMON_ALL_EIGHT_MODELS,6,6,0.46608039031878079,0.40673514180393583,0.39718180913073625,VERIFIED_DOCUMENTED_VINTAGES_PARTIAL_RELEASE_HISTORY
UMIDAS_USD,conservative,STRICT,LATEST_REVISED,DEVELOPMENT_PSEUDO_OOS,H3,COMMON_ALL_EIGHT_MODELS,6,6,0.52697315660385169,0.47313891811107744,0.45873852281374727,VERIFIED_DOCUMENTED_VINTAGES_PARTIAL_RELEASE_HISTORY
UMIDAS_USD,conservative,STRICT,LATEST_REVISED,DEVELOPMENT_PSEUDO_OOS,ALL,COMMON_ALL_EIGHT_MODELS,18,6,0.48614248151922551,0.4355912337346371,0.42760665774446049,VERIFIED_DOCUMENTED_VINTAGES_PARTIAL_RELEASE_HISTORY
UMIDAS_USD,conservative,STRICT,LATEST_REVISED,DEVELOPMENT_PSEUDO_OOS,H2_H3,COMMON_ALL_EIGHT_MODELS,12,6,0.49745936417999748,0.43993702995750666,0.42796016597224179,VERIFIED_DOCUMENTED_VINTAGES_PARTIAL_RELEASE_HISTORY
UMIDAS_USD,conservative,STRICT,LATEST_REVISED,HISTORICAL_POST_DEVELOPMENT_TEST,H1,COMMON_ALL_EIGHT_MODELS,4,4,0.40011436042347398,0.27914295810013479,0.10338461826938317,VERIFIED_DOCUMENTED_VINTAGES_PARTIAL_RELEASE_HISTORY
UMIDAS_USD,conservative,STRICT,LATEST_REVISED,HISTORICAL_POST_DEVELOPMENT_TEST,H2,COMMON_ALL_EIGHT_MODELS,4,4,0.81303232395622993,0.74326516925013508,0.26316680649294732,VERIFIED_DOCUMENTED_VINTAGES_PARTIAL_RELEASE_HISTORY
UMIDAS_USD,conservative,STRICT,LATEST_REVISED,HISTORICAL_POST_DEVELOPMENT_TEST,H3,COMMON_ALL_EIGHT_MODELS,4,4,0.80284953587875629,0.64400520041376019,0.24641355704740775,VERIFIED_DOCUMENTED_VINTAGES_PARTIAL_RELEASE_HISTORY
UMIDAS_USD,conservative,STRICT,LATEST_REVISED,HISTORICAL_POST_DEVELOPMENT_TEST,ALL,COMMON_ALL_EIGHT_MODELS,12,4,0.69897077632651849,0.55547110925467669,0.20432166060324608,VERIFIED_DOCUMENTED_VINTAGES_PARTIAL_RELEASE_HISTORY
UMIDAS_USD,conservative,STRICT,LATEST_REVISED,HISTORICAL_POST_DEVELOPMENT_TEST,H2_H3,COMMON_ALL_EIGHT_MODELS,8,4,0.80795697195407701,0.69363518483194764,0.25479018177017754,VERIFIED_DOCUMENTED_VINTAGES_PARTIAL_RELEASE_HISTORY
UMIDAS_USD,conservative,STRICT,LATEST_REVISED,POOLED_RESEARCH_ONLY,H1,COMMON_ALL_EIGHT_MODELS,10,10,0.43872513030620941,0.36779696801339268,0.29749363208109203,VERIFIED_DOCUMENTED_VINTAGES_PARTIAL_RELEASE_HISTORY
UMIDAS_USD,conservative,STRICT,LATEST_REVISED,POOLED_RESEARCH_ONLY,H2,COMMON_ALL_EIGHT_MODELS,10,10,0.6282890911538187,0.54134715278241552,0.34357580807562071,VERIFIED_DOCUMENTED_VINTAGES_PARTIAL_RELEASE_HISTORY
UMIDAS_USD,conservative,STRICT,LATEST_REVISED,POOLED_RESEARCH_ONLY,H3,COMMON_ALL_EIGHT_MODELS,10,10,0.65149625906286701,0.54148543103215052,0.37380853650721146,VERIFIED_DOCUMENTED_VINTAGES_PARTIAL_RELEASE_HISTORY
UMIDAS_USD,conservative,STRICT,LATEST_REVISED,POOLED_RESEARCH_ONLY,ALL,COMMON_ALL_EIGHT_MODELS,30,10,0.58071056979015012,0.48354318394265294,0.33829265888797472,VERIFIED_DOCUMENTED_VINTAGES_PARTIAL_RELEASE_HISTORY
UMIDAS_USD,conservative,STRICT,LATEST_REVISED,POOLED_RESEARCH_ONLY,H2_H3,COMMON_ALL_EIGHT_MODELS,20,10,0.63999787407295416,0.54141629190728302,0.35869217229141609,VERIFIED_DOCUMENTED_VINTAGES_PARTIAL_RELEASE_HISTORY
UMIDAS_USD,standard,PERMISSIVE_END_OF_DAY,FIRST_RELEASE,DEVELOPMENT_PSEUDO_OOS,H1,COMMON_ALL_EIGHT_MODELS,6,6,0.37481564793540756,0.30673514180393457,0.29718180913073677,VERIFIED_DOCUMENTED_VINTAGES_PARTIAL_RELEASE_HISTORY
UMIDAS_USD,standard,PERMISSIVE_END_OF_DAY,FIRST_RELEASE,DEVELOPMENT_PSEUDO_OOS,H2,COMMON_ALL_EIGHT_MODELS,6,6,0.43579589932317414,0.37313891811107619,0.3587385228137478,VERIFIED_DOCUMENTED_VINTAGES_PARTIAL_RELEASE_HISTORY
UMIDAS_USD,standard,PERMISSIVE_END_OF_DAY,FIRST_RELEASE,DEVELOPMENT_PSEUDO_OOS,H3,COMMON_ALL_EIGHT_MODELS,6,6,0.59063997816221114,0.38130879389168904,-0.077628628837860994,VERIFIED_DOCUMENTED_VINTAGES_PARTIAL_RELEASE_HISTORY
UMIDAS_USD,standard,PERMISSIVE_END_OF_DAY,FIRST_RELEASE,DEVELOPMENT_PSEUDO_OOS,ALL,COMMON_ALL_EIGHT_MODELS,18,6,0.47583625321027911,0.35372761793556662,0.1927639010355412,VERIFIED_DOCUMENTED_VINTAGES_PARTIAL_RELEASE_HISTORY
UMIDAS_USD,standard,PERMISSIVE_END_OF_DAY,FIRST_RELEASE,DEVELOPMENT_PSEUDO_OOS,H2_H3,COMMON_ALL_EIGHT_MODELS,12,6,0.51902487882102111,0.37722385600138258,0.14055494698794338,VERIFIED_DOCUMENTED_VINTAGES_PARTIAL_RELEASE_HISTORY
UMIDAS_USD,standard,PERMISSIVE_END_OF_DAY,FIRST_RELEASE,HISTORICAL_POST_DEVELOPMENT_TEST,H1,COMMON_ALL_EIGHT_MODELS,4,4,0.81303232395623026,0.74326516925013619,0.2631668064929471,VERIFIED_DOCUMENTED_VINTAGES_PARTIAL_RELEASE_HISTORY
UMIDAS_USD,standard,PERMISSIVE_END_OF_DAY,FIRST_RELEASE,HISTORICAL_POST_DEVELOPMENT_TEST,H2,COMMON_ALL_EIGHT_MODELS,4,4,0.80284953587875607,0.6440052004137613,0.24641355704740753,VERIFIED_DOCUMENTED_VINTAGES_PARTIAL_RELEASE_HISTORY
UMIDAS_USD,standard,PERMISSIVE_END_OF_DAY,FIRST_RELEASE,HISTORICAL_POST_DEVELOPMENT_TEST,H3,COMMON_ALL_EIGHT_MODELS,4,4,0.32682193572937307,0.28823314005424749,-0.15148893221847648,VERIFIED_DOCUMENTED_VINTAGES_PARTIAL_RELEASE_HISTORY
UMIDAS_USD,standard,PERMISSIVE_END_OF_DAY,FIRST_RELEASE,HISTORICAL_POST_DEVELOPMENT_TEST,ALL,COMMON_ALL_EIGHT_MODELS,12,4,0.68614903986726206,0.55850116990604837,0.11936381044062605,VERIFIED_DOCUMENTED_VINTAGES_PARTIAL_RELEASE_HISTORY
UMIDAS_USD,standard,PERMISSIVE_END_OF_DAY,FIRST_RELEASE,HISTORICAL_POST_DEVELOPMENT_TEST,H2_H3,COMMON_ALL_EIGHT_MODELS,8,4,0.61293554103781112,0.4661191702340044,0.047462312414465524,VERIFIED_DOCUMENTED_VINTAGES_PARTIAL_RELEASE_HISTORY
UMIDAS_USD,standard,PERMISSIVE_END_OF_DAY,FIRST_RELEASE,POOLED_RESEARCH_ONLY,H1,COMMON_ALL_EIGHT_MODELS,10,10,0.59050883641264085,0.48134715278241524,0.28357580807562088,VERIFIED_DOCUMENTED_VINTAGES_PARTIAL_RELEASE_HISTORY
UMIDAS_USD,standard,PERMISSIVE_END_OF_DAY,FIRST_RELEASE,POOLED_RESEARCH_ONLY,H2,COMMON_ALL_EIGHT_MODELS,10,10,0.60973583659190489,0.48148543103215025,0.31380853650721169,VERIFIED_DOCUMENTED_VINTAGES_PARTIAL_RELEASE_HISTORY
UMIDAS_USD,standard,PERMISSIVE_END_OF_DAY,FIRST_RELEASE,POOLED_RESEARCH_ONLY,H3,COMMON_ALL_EIGHT_MODELS,10,10,0.50203424320621015,0.34407853235671243,-0.10717275019010719,VERIFIED_DOCUMENTED_VINTAGES_PARTIAL_RELEASE_HISTORY
UMIDAS_USD,standard,PERMISSIVE_END_OF_DAY,FIRST_RELEASE,POOLED_RESEARCH_ONLY,ALL,COMMON_ALL_EIGHT_MODELS,30,10,0.56936129644174471,0.43563703872375931,0.16340386479757513,VERIFIED_DOCUMENTED_VINTAGES_PARTIAL_RELEASE_HISTORY
UMIDAS_USD,standard,PERMISSIVE_END_OF_DAY,FIRST_RELEASE,POOLED_RESEARCH_ONLY,H2_H3,COMMON_ALL_EIGHT_MODELS,20,10,0.55848731936189122,0.41278198169443125,0.10331789315855225,VERIFIED_DOCUMENTED_VINTAGES_PARTIAL_RELEASE_HISTORY
UMIDAS_USD,standard,PERMISSIVE_END_OF_DAY,LATEST_REVISED,DEVELOPMENT_PSEUDO_OOS,H1,COMMON_ALL_EIGHT_MODELS,6,6,0.46608039031878079,0.40673514180393583,0.39718180913073625,VERIFIED_DOCUMENTED_VINTAGES_PARTIAL_RELEASE_HISTORY
UMIDAS_USD,standard,PERMISSIVE_END_OF_DAY,LATEST_REVISED,DEVELOPMENT_PSEUDO_OOS,H2,COMMON_ALL_EIGHT_MODELS,6,6,0.52697315660385169,0.47313891811107744,0.45873852281374727,VERIFIED_DOCUMENTED_VINTAGES_PARTIAL_RELEASE_HISTORY
UMIDAS_USD,standard,PERMISSIVE_END_OF_DAY,LATEST_REVISED,DEVELOPMENT_PSEUDO_OOS,H3,COMMON_ALL_EIGHT_MODELS,6,6,0.63995075991743955,0.4813087938916894,0.022371371162138498,VERIFIED_DOCUMENTED_VINTAGES_PARTIAL_RELEASE_HISTORY
UMIDAS_USD,standard,PERMISSIVE_END_OF_DAY,LATEST_REVISED,DEVELOPMENT_PSEUDO_OOS,ALL,COMMON_ALL_EIGHT_MODELS,18,6,0.5490806295192121,0.4537276179355676,0.29276390103554067,VERIFIED_DOCUMENTED_VINTAGES_PARTIAL_RELEASE_HISTORY
UMIDAS_USD,standard,PERMISSIVE_END_OF_DAY,LATEST_REVISED,DEVELOPMENT_PSEUDO_OOS,H2_H3,COMMON_ALL_EIGHT_MODELS,12,6,0.58619010691922113,0.47722385600138345,0.24055494698794289,VERIFIED_DOCUMENTED_VINTAGES_PARTIAL_RELEASE_HISTORY
UMIDAS_USD,standard,PERMISSIVE_END_OF_DAY,LATEST_REVISED,HISTORICAL_POST_DEVELOPMENT_TEST,H1,COMMON_ALL_EIGHT_MODELS,4,4,0.81303232395622993,0.74326516925013508,0.26316680649294732,VERIFIED_DOCUMENTED_VINTAGES_PARTIAL_RELEASE_HISTORY
UMIDAS_USD,standard,PERMISSIVE_END_OF_DAY,LATEST_REVISED,HISTORICAL_POST_DEVELOPMENT_TEST,H2,COMMON_ALL_EIGHT_MODELS,4,4,0.80284953587875629,0.64400520041376019,0.24641355704740775,VERIFIED_DOCUMENTED_VINTAGES_PARTIAL_RELEASE_HISTORY
UMIDAS_USD,standard,PERMISSIVE_END_OF_DAY,LATEST_REVISED,HISTORICAL_POST_DEVELOPMENT_TEST,H3,COMMON_ALL_EIGHT_MODELS,4,4,0.32682193572937457,0.28823314005424905,-0.15148893221847626,VERIFIED_DOCUMENTED_VINTAGES_PARTIAL_RELEASE_HISTORY
UMIDAS_USD,standard,PERMISSIVE_END_OF_DAY,LATEST_REVISED,HISTORICAL_POST_DEVELOPMENT_TEST,ALL,COMMON_ALL_EIGHT_MODELS,12,4,0.68614903986726228,0.55850116990604814,0.11936381044062627,VERIFIED_DOCUMENTED_VINTAGES_PARTIAL_RELEASE_HISTORY
UMIDAS_USD,standard,PERMISSIVE_END_OF_DAY,LATEST_REVISED,HISTORICAL_POST_DEVELOPMENT_TEST,H2_H3,COMMON_ALL_EIGHT_MODELS,8,4,0.61293554103781167,0.46611917023400462,0.047462312414465746,VERIFIED_DOCUMENTED_VINTAGES_PARTIAL_RELEASE_HISTORY
UMIDAS_USD,standard,PERMISSIVE_END_OF_DAY,LATEST_REVISED,POOLED_RESEARCH_ONLY,H1,COMMON_ALL_EIGHT_MODELS,10,10,0.6282890911538187,0.54134715278241552,0.34357580807562071,VERIFIED_DOCUMENTED_VINTAGES_PARTIAL_RELEASE_HISTORY
UMIDAS_USD,standard,PERMISSIVE_END_OF_DAY,LATEST_REVISED,POOLED_RESEARCH_ONLY,H2,COMMON_ALL_EIGHT_MODELS,10,10,0.65149625906286701,0.54148543103215052,0.37380853650721146,VERIFIED_DOCUMENTED_VINTAGES_PARTIAL_RELEASE_HISTORY
UMIDAS_USD,standard,PERMISSIVE_END_OF_DAY,LATEST_REVISED,POOLED_RESEARCH_ONLY,H3,COMMON_ALL_EIGHT_MODELS,10,10,0.53707282200917894,0.40407853235671326,-0.047172750190107401,VERIFIED_DOCUMENTED_VINTAGES_PARTIAL_RELEASE_HISTORY
UMIDAS_USD,standard,PERMISSIVE_END_OF_DAY,LATEST_REVISED,POOLED_RESEARCH_ONLY,ALL,COMMON_ALL_EIGHT_MODELS,30,10,0.60762975946890141,0.4956370387237598,0.22340386479757493,VERIFIED_DOCUMENTED_VINTAGES_PARTIAL_RELEASE_HISTORY
UMIDAS_USD,standard,PERMISSIVE_END_OF_DAY,LATEST_REVISED,POOLED_RESEARCH_ONLY,H2_H3,COMMON_ALL_EIGHT_MODELS,20,10,0.5970320727204752,0.47278198169443197,0.16331789315855202,VERIFIED_DOCUMENTED_VINTAGES_PARTIAL_RELEASE_HISTORY
UMIDAS_USD,standard,STRICT,FIRST_RELEASE,DEVELOPMENT_PSEUDO_OOS,H1,COMMON_ALL_EIGHT_MODELS,6,6,0.37481564793540756,0.30673514180393457,0.29718180913073677,VERIFIED_DOCUMENTED_VINTAGES_PARTIAL_RELEASE_HISTORY
UMIDAS_USD,standard,STRICT,FIRST_RELEASE,DEVELOPMENT_PSEUDO_OOS,H2,COMMON_ALL_EIGHT_MODELS,6,6,0.43579589932317414,0.37313891811107619,0.3587385228137478,VERIFIED_DOCUMENTED_VINTAGES_PARTIAL_RELEASE_HISTORY
UMIDAS_USD,standard,STRICT,FIRST_RELEASE,DEVELOPMENT_PSEUDO_OOS,H3,COMMON_ALL_EIGHT_MODELS,6,6,0.59063997816221114,0.38130879389168904,-0.077628628837860994,VERIFIED_DOCUMENTED_VINTAGES_PARTIAL_RELEASE_HISTORY
UMIDAS_USD,standard,STRICT,FIRST_RELEASE,DEVELOPMENT_PSEUDO_OOS,ALL,COMMON_ALL_EIGHT_MODELS,18,6,0.47583625321027911,0.35372761793556662,0.1927639010355412,VERIFIED_DOCUMENTED_VINTAGES_PARTIAL_RELEASE_HISTORY
UMIDAS_USD,standard,STRICT,FIRST_RELEASE,DEVELOPMENT_PSEUDO_OOS,H2_H3,COMMON_ALL_EIGHT_MODELS,12,6,0.51902487882102111,0.37722385600138258,0.14055494698794338,VERIFIED_DOCUMENTED_VINTAGES_PARTIAL_RELEASE_HISTORY
UMIDAS_USD,standard,STRICT,FIRST_RELEASE,HISTORICAL_POST_DEVELOPMENT_TEST,H1,COMMON_ALL_EIGHT_MODELS,4,4,0.81303232395623026,0.74326516925013619,0.2631668064929471,VERIFIED_DOCUMENTED_VINTAGES_PARTIAL_RELEASE_HISTORY
UMIDAS_USD,standard,STRICT,FIRST_RELEASE,HISTORICAL_POST_DEVELOPMENT_TEST,H2,COMMON_ALL_EIGHT_MODELS,4,4,0.80284953587875607,0.6440052004137613,0.24641355704740753,VERIFIED_DOCUMENTED_VINTAGES_PARTIAL_RELEASE_HISTORY
UMIDAS_USD,standard,STRICT,FIRST_RELEASE,HISTORICAL_POST_DEVELOPMENT_TEST,H3,COMMON_ALL_EIGHT_MODELS,4,4,0.32682193572937307,0.28823314005424749,-0.15148893221847648,VERIFIED_DOCUMENTED_VINTAGES_PARTIAL_RELEASE_HISTORY
UMIDAS_USD,standard,STRICT,FIRST_RELEASE,HISTORICAL_POST_DEVELOPMENT_TEST,ALL,COMMON_ALL_EIGHT_MODELS,12,4,0.68614903986726206,0.55850116990604837,0.11936381044062605,VERIFIED_DOCUMENTED_VINTAGES_PARTIAL_RELEASE_HISTORY
UMIDAS_USD,standard,STRICT,FIRST_RELEASE,HISTORICAL_POST_DEVELOPMENT_TEST,H2_H3,COMMON_ALL_EIGHT_MODELS,8,4,0.61293554103781112,0.4661191702340044,0.047462312414465524,VERIFIED_DOCUMENTED_VINTAGES_PARTIAL_RELEASE_HISTORY
UMIDAS_USD,standard,STRICT,FIRST_RELEASE,POOLED_RESEARCH_ONLY,H1,COMMON_ALL_EIGHT_MODELS,10,10,0.59050883641264085,0.48134715278241524,0.28357580807562088,VERIFIED_DOCUMENTED_VINTAGES_PARTIAL_RELEASE_HISTORY
UMIDAS_USD,standard,STRICT,FIRST_RELEASE,POOLED_RESEARCH_ONLY,H2,COMMON_ALL_EIGHT_MODELS,10,10,0.60973583659190489,0.48148543103215025,0.31380853650721169,VERIFIED_DOCUMENTED_VINTAGES_PARTIAL_RELEASE_HISTORY
UMIDAS_USD,standard,STRICT,FIRST_RELEASE,POOLED_RESEARCH_ONLY,H3,COMMON_ALL_EIGHT_MODELS,10,10,0.50203424320621015,0.34407853235671243,-0.10717275019010719,VERIFIED_DOCUMENTED_VINTAGES_PARTIAL_RELEASE_HISTORY
UMIDAS_USD,standard,STRICT,FIRST_RELEASE,POOLED_RESEARCH_ONLY,ALL,COMMON_ALL_EIGHT_MODELS,30,10,0.56936129644174471,0.43563703872375931,0.16340386479757513,VERIFIED_DOCUMENTED_VINTAGES_PARTIAL_RELEASE_HISTORY
UMIDAS_USD,standard,STRICT,FIRST_RELEASE,POOLED_RESEARCH_ONLY,H2_H3,COMMON_ALL_EIGHT_MODELS,20,10,0.55848731936189122,0.41278198169443125,0.10331789315855225,VERIFIED_DOCUMENTED_VINTAGES_PARTIAL_RELEASE_HISTORY
UMIDAS_USD,standard,STRICT,LATEST_REVISED,DEVELOPMENT_PSEUDO_OOS,H1,COMMON_ALL_EIGHT_MODELS,6,6,0.46608039031878079,0.40673514180393583,0.39718180913073625,VERIFIED_DOCUMENTED_VINTAGES_PARTIAL_RELEASE_HISTORY
UMIDAS_USD,standard,STRICT,LATEST_REVISED,DEVELOPMENT_PSEUDO_OOS,H2,COMMON_ALL_EIGHT_MODELS,6,6,0.52697315660385169,0.47313891811107744,0.45873852281374727,VERIFIED_DOCUMENTED_VINTAGES_PARTIAL_RELEASE_HISTORY
UMIDAS_USD,standard,STRICT,LATEST_REVISED,DEVELOPMENT_PSEUDO_OOS,H3,COMMON_ALL_EIGHT_MODELS,6,6,0.63995075991743955,0.4813087938916894,0.022371371162138498,VERIFIED_DOCUMENTED_VINTAGES_PARTIAL_RELEASE_HISTORY
UMIDAS_USD,standard,STRICT,LATEST_REVISED,DEVELOPMENT_PSEUDO_OOS,ALL,COMMON_ALL_EIGHT_MODELS,18,6,0.5490806295192121,0.4537276179355676,0.29276390103554067,VERIFIED_DOCUMENTED_VINTAGES_PARTIAL_RELEASE_HISTORY
UMIDAS_USD,standard,STRICT,LATEST_REVISED,DEVELOPMENT_PSEUDO_OOS,H2_H3,COMMON_ALL_EIGHT_MODELS,12,6,0.58619010691922113,0.47722385600138345,0.24055494698794289,VERIFIED_DOCUMENTED_VINTAGES_PARTIAL_RELEASE_HISTORY
UMIDAS_USD,standard,STRICT,LATEST_REVISED,HISTORICAL_POST_DEVELOPMENT_TEST,H1,COMMON_ALL_EIGHT_MODELS,4,4,0.81303232395622993,0.74326516925013508,0.26316680649294732,VERIFIED_DOCUMENTED_VINTAGES_PARTIAL_RELEASE_HISTORY
UMIDAS_USD,standard,STRICT,LATEST_REVISED,HISTORICAL_POST_DEVELOPMENT_TEST,H2,COMMON_ALL_EIGHT_MODELS,4,4,0.80284953587875629,0.64400520041376019,0.24641355704740775,VERIFIED_DOCUMENTED_VINTAGES_PARTIAL_RELEASE_HISTORY
UMIDAS_USD,standard,STRICT,LATEST_REVISED,HISTORICAL_POST_DEVELOPMENT_TEST,H3,COMMON_ALL_EIGHT_MODELS,4,4,0.32682193572937457,0.28823314005424905,-0.15148893221847626,VERIFIED_DOCUMENTED_VINTAGES_PARTIAL_RELEASE_HISTORY
UMIDAS_USD,standard,STRICT,LATEST_REVISED,HISTORICAL_POST_DEVELOPMENT_TEST,ALL,COMMON_ALL_EIGHT_MODELS,12,4,0.68614903986726228,0.55850116990604814,0.11936381044062627,VERIFIED_DOCUMENTED_VINTAGES_PARTIAL_RELEASE_HISTORY
UMIDAS_USD,standard,STRICT,LATEST_REVISED,HISTORICAL_POST_DEVELOPMENT_TEST,H2_H3,COMMON_ALL_EIGHT_MODELS,8,4,0.61293554103781167,0.46611917023400462,0.047462312414465746,VERIFIED_DOCUMENTED_VINTAGES_PARTIAL_RELEASE_HISTORY
UMIDAS_USD,standard,STRICT,LATEST_REVISED,POOLED_RESEARCH_ONLY,H1,COMMON_ALL_EIGHT_MODELS,10,10,0.6282890911538187,0.54134715278241552,0.34357580807562071,VERIFIED_DOCUMENTED_VINTAGES_PARTIAL_RELEASE_HISTORY
UMIDAS_USD,standard,STRICT,LATEST_REVISED,POOLED_RESEARCH_ONLY,H2,COMMON_ALL_EIGHT_MODELS,10,10,0.65149625906286701,0.54148543103215052,0.37380853650721146,VERIFIED_DOCUMENTED_VINTAGES_PARTIAL_RELEASE_HISTORY
UMIDAS_USD,standard,STRICT,LATEST_REVISED,POOLED_RESEARCH_ONLY,H3,COMMON_ALL_EIGHT_MODELS,10,10,0.53707282200917894,0.40407853235671326,-0.047172750190107401,VERIFIED_DOCUMENTED_VINTAGES_PARTIAL_RELEASE_HISTORY
UMIDAS_USD,standard,STRICT,LATEST_REVISED,POOLED_RESEARCH_ONLY,ALL,COMMON_ALL_EIGHT_MODELS,30,10,0.60762975946890141,0.4956370387237598,0.22340386479757493,VERIFIED_DOCUMENTED_VINTAGES_PARTIAL_RELEASE_HISTORY
UMIDAS_USD,standard,STRICT,LATEST_REVISED,POOLED_RESEARCH_ONLY,H2_H3,COMMON_ALL_EIGHT_MODELS,20,10,0.5970320727204752,0.47278198169443197,0.16331789315855202,VERIFIED_DOCUMENTED_VINTAGES_PARTIAL_RELEASE_HISTORY
