model,lag_mode,timing_rule,target_definition,evaluation_group,horizon,sample,n_forecasts,n_target_quarters,rmse,mae,bias,information_class,omitted_target_quarter
COMBO_B,conservative,PERMISSIVE_END_OF_DAY,FIRST_RELEASE,DEVELOPMENT_PSEUDO_OOS,H1,LEAVE_ONE_QUARTER_OUT,5,5,0.35518532550022941,0.28949120977110832,0.28291975667908942,VERIFIED_DOCUMENTED_VINTAGES_PARTIAL_RELEASE_HISTORY,2024Q1
COMBO_B,conservative,PERMISSIVE_END_OF_DAY,FIRST_RELEASE,DEVELOPMENT_PSEUDO_OOS,H2,LEAVE_ONE_QUARTER_OUT,5,5,0.33830204578636847,0.28278816905233695,0.28278816905233695,VERIFIED_DOCUMENTED_VINTAGES_PARTIAL_RELEASE_HISTORY,2024Q1
COMBO_B,conservative,PERMISSIVE_END_OF_DAY,FIRST_RELEASE,DEVELOPMENT_PSEUDO_OOS,H3,LEAVE_ONE_QUARTER_OUT,5,5,0.37368754489100281,0.31543814324008113,0.31543814324008113,VERIFIED_DOCUMENTED_VINTAGES_PARTIAL_RELEASE_HISTORY,2024Q1
COMBO_B,conservative,PERMISSIVE_END_OF_DAY,FIRST_RELEASE,DEVELOPMENT_PSEUDO_OOS,ALL,LEAVE_ONE_QUARTER_OUT,15,5,0.35601838475028752,0.29590584068784215,0.29371535632383583,VERIFIED_DOCUMENTED_VINTAGES_PARTIAL_RELEASE_HISTORY,2024Q1
COMBO_B,conservative,PERMISSIVE_END_OF_DAY,FIRST_RELEASE,DEVELOPMENT_PSEUDO_OOS,H2_H3,LEAVE_ONE_QUARTER_OUT,10,5,0.35643418424016748,0.29911315614620904,0.29911315614620904,VERIFIED_DOCUMENTED_VINTAGES_PARTIAL_RELEASE_HISTORY,2024Q1
COMBO_B,conservative,PERMISSIVE_END_OF_DAY,FIRST_RELEASE,POOLED_RESEARCH_ONLY,H1,LEAVE_ONE_QUARTER_OUT,9,9,0.49780178303013128,0.38980684434574875,0.38615603707240492,VERIFIED_DOCUMENTED_VINTAGES_PARTIAL_RELEASE_HISTORY,2024Q1
COMBO_B,conservative,PERMISSIVE_END_OF_DAY,FIRST_RELEASE,POOLED_RESEARCH_ONLY,H2,LEAVE_ONE_QUARTER_OUT,9,9,0.58339191360241738,0.45227988685797921,0.41743923537774347,VERIFIED_DOCUMENTED_VINTAGES_PARTIAL_RELEASE_HISTORY,2024Q1
COMBO_B,conservative,PERMISSIVE_END_OF_DAY,FIRST_RELEASE,POOLED_RESEARCH_ONLY,H3,LEAVE_ONE_QUARTER_OUT,9,9,0.59314735046864664,0.44538731658039526,0.4285016310681744,VERIFIED_DOCUMENTED_VINTAGES_PARTIAL_RELEASE_HISTORY,2024Q1
COMBO_B,conservative,PERMISSIVE_END_OF_DAY,FIRST_RELEASE,POOLED_RESEARCH_ONLY,ALL,LEAVE_ONE_QUARTER_OUT,27,9,0.55975486283808318,0.42915801592804109,0.41069896783944088,VERIFIED_DOCUMENTED_VINTAGES_PARTIAL_RELEASE_HISTORY,2024Q1
COMBO_B,conservative,PERMISSIVE_END_OF_DAY,FIRST_RELEASE,POOLED_RESEARCH_ONLY,H2_H3,LEAVE_ONE_QUARTER_OUT,18,9,0.58828985382405918,0.44883360171918724,0.42297043322295891,VERIFIED_DOCUMENTED_VINTAGES_PARTIAL_RELEASE_HISTORY,2024Q1
COMBO_B,conservative,PERMISSIVE_END_OF_DAY,LATEST_REVISED,DEVELOPMENT_PSEUDO_OOS,H1,LEAVE_ONE_QUARTER_OUT,5,5,0.39067784388884869,0.36291975667908771,0.36291975667908771,VERIFIED_DOCUMENTED_VINTAGES_PARTIAL_RELEASE_HISTORY,2024Q1
COMBO_B,conservative,PERMISSIVE_END_OF_DAY,LATEST_REVISED,DEVELOPMENT_PSEUDO_OOS,H2,LEAVE_ONE_QUARTER_OUT,5,5,0.3997292220090618,0.36278816905233524,0.36278816905233524,VERIFIED_DOCUMENTED_VINTAGES_PARTIAL_RELEASE_HISTORY,2024Q1
COMBO_B,conservative,PERMISSIVE_END_OF_DAY,LATEST_REVISED,DEVELOPMENT_PSEUDO_OOS,H3,LEAVE_ONE_QUARTER_OUT,5,5,0.43006149802813409,0.39543814324007942,0.39543814324007942,VERIFIED_DOCUMENTED_VINTAGES_PARTIAL_RELEASE_HISTORY,2024Q1
COMBO_B,conservative,PERMISSIVE_END_OF_DAY,LATEST_REVISED,DEVELOPMENT_PSEUDO_OOS,ALL,LEAVE_ONE_QUARTER_OUT,15,5,0.40717134833704105,0.37371535632383412,0.37371535632383412,VERIFIED_DOCUMENTED_VINTAGES_PARTIAL_RELEASE_HISTORY,2024Q1
COMBO_B,conservative,PERMISSIVE_END_OF_DAY,LATEST_REVISED,DEVELOPMENT_PSEUDO_OOS,H2_H3,LEAVE_ONE_QUARTER_OUT,10,5,0.41517245995740887,0.37911315614620733,0.37911315614620733,VERIFIED_DOCUMENTED_VINTAGES_PARTIAL_RELEASE_HISTORY,2024Q1
COMBO_B,conservative,PERMISSIVE_END_OF_DAY,LATEST_REVISED,POOLED_RESEARCH_ONLY,H1,LEAVE_ONE_QUARTER_OUT,9,9,0.51236080472504764,0.43060048151684849,0.43060048151684849,VERIFIED_DOCUMENTED_VINTAGES_PARTIAL_RELEASE_HISTORY,2024Q1
COMBO_B,conservative,PERMISSIVE_END_OF_DAY,LATEST_REVISED,POOLED_RESEARCH_ONLY,H2,LEAVE_ONE_QUARTER_OUT,9,9,0.60459270104700835,0.49672433130242222,0.46188367982218703,VERIFIED_DOCUMENTED_VINTAGES_PARTIAL_RELEASE_HISTORY,2024Q1
COMBO_B,conservative,PERMISSIVE_END_OF_DAY,LATEST_REVISED,POOLED_RESEARCH_ONLY,H3,LEAVE_ONE_QUARTER_OUT,9,9,0.61400023242028456,0.48983176102483827,0.47294607551261802,VERIFIED_DOCUMENTED_VINTAGES_PARTIAL_RELEASE_HISTORY,2024Q1
COMBO_B,conservative,PERMISSIVE_END_OF_DAY,LATEST_REVISED,POOLED_RESEARCH_ONLY,ALL,LEAVE_ONE_QUARTER_OUT,27,9,0.57880400073196303,0.47238552461470307,0.4551434122838845,VERIFIED_DOCUMENTED_VINTAGES_PARTIAL_RELEASE_HISTORY,2024Q1
COMBO_B,conservative,PERMISSIVE_END_OF_DAY,LATEST_REVISED,POOLED_RESEARCH_ONLY,H2_H3,LEAVE_ONE_QUARTER_OUT,18,9,0.60931462298695926,0.49327804616363025,0.46741487766740253,VERIFIED_DOCUMENTED_VINTAGES_PARTIAL_RELEASE_HISTORY,2024Q1
COMBO_B,conservative,STRICT,FIRST_RELEASE,DEVELOPMENT_PSEUDO_OOS,H1,LEAVE_ONE_QUARTER_OUT,5,5,0.35518532550022941,0.28949120977110832,0.28291975667908942,VERIFIED_DOCUMENTED_VINTAGES_PARTIAL_RELEASE_HISTORY,2024Q1
COMBO_B,conservative,STRICT,FIRST_RELEASE,DEVELOPMENT_PSEUDO_OOS,H2,LEAVE_ONE_QUARTER_OUT,5,5,0.33830204578636847,0.28278816905233695,0.28278816905233695,VERIFIED_DOCUMENTED_VINTAGES_PARTIAL_RELEASE_HISTORY,2024Q1
COMBO_B,conservative,STRICT,FIRST_RELEASE,DEVELOPMENT_PSEUDO_OOS,H3,LEAVE_ONE_QUARTER_OUT,5,5,0.37368754489100281,0.31543814324008113,0.31543814324008113,VERIFIED_DOCUMENTED_VINTAGES_PARTIAL_RELEASE_HISTORY,2024Q1
COMBO_B,conservative,STRICT,FIRST_RELEASE,DEVELOPMENT_PSEUDO_OOS,ALL,LEAVE_ONE_QUARTER_OUT,15,5,0.35601838475028752,0.29590584068784215,0.29371535632383583,VERIFIED_DOCUMENTED_VINTAGES_PARTIAL_RELEASE_HISTORY,2024Q1
COMBO_B,conservative,STRICT,FIRST_RELEASE,DEVELOPMENT_PSEUDO_OOS,H2_H3,LEAVE_ONE_QUARTER_OUT,10,5,0.35643418424016748,0.29911315614620904,0.29911315614620904,VERIFIED_DOCUMENTED_VINTAGES_PARTIAL_RELEASE_HISTORY,2024Q1
COMBO_B,conservative,STRICT,FIRST_RELEASE,POOLED_RESEARCH_ONLY,H1,LEAVE_ONE_QUARTER_OUT,9,9,0.49780178303013128,0.38980684434574875,0.38615603707240492,VERIFIED_DOCUMENTED_VINTAGES_PARTIAL_RELEASE_HISTORY,2024Q1
COMBO_B,conservative,STRICT,FIRST_RELEASE,POOLED_RESEARCH_ONLY,H2,LEAVE_ONE_QUARTER_OUT,9,9,0.58339191360241738,0.45227988685797921,0.41743923537774347,VERIFIED_DOCUMENTED_VINTAGES_PARTIAL_RELEASE_HISTORY,2024Q1
COMBO_B,conservative,STRICT,FIRST_RELEASE,POOLED_RESEARCH_ONLY,H3,LEAVE_ONE_QUARTER_OUT,9,9,0.59314735046864664,0.44538731658039526,0.4285016310681744,VERIFIED_DOCUMENTED_VINTAGES_PARTIAL_RELEASE_HISTORY,2024Q1
COMBO_B,conservative,STRICT,FIRST_RELEASE,POOLED_RESEARCH_ONLY,ALL,LEAVE_ONE_QUARTER_OUT,27,9,0.55975486283808318,0.42915801592804109,0.41069896783944088,VERIFIED_DOCUMENTED_VINTAGES_PARTIAL_RELEASE_HISTORY,2024Q1
COMBO_B,conservative,STRICT,FIRST_RELEASE,POOLED_RESEARCH_ONLY,H2_H3,LEAVE_ONE_QUARTER_OUT,18,9,0.58828985382405918,0.44883360171918724,0.42297043322295891,VERIFIED_DOCUMENTED_VINTAGES_PARTIAL_RELEASE_HISTORY,2024Q1
COMBO_B,conservative,STRICT,LATEST_REVISED,DEVELOPMENT_PSEUDO_OOS,H1,LEAVE_ONE_QUARTER_OUT,5,5,0.39067784388884869,0.36291975667908771,0.36291975667908771,VERIFIED_DOCUMENTED_VINTAGES_PARTIAL_RELEASE_HISTORY,2024Q1
COMBO_B,conservative,STRICT,LATEST_REVISED,DEVELOPMENT_PSEUDO_OOS,H2,LEAVE_ONE_QUARTER_OUT,5,5,0.3997292220090618,0.36278816905233524,0.36278816905233524,VERIFIED_DOCUMENTED_VINTAGES_PARTIAL_RELEASE_HISTORY,2024Q1
COMBO_B,conservative,STRICT,LATEST_REVISED,DEVELOPMENT_PSEUDO_OOS,H3,LEAVE_ONE_QUARTER_OUT,5,5,0.43006149802813409,0.39543814324007942,0.39543814324007942,VERIFIED_DOCUMENTED_VINTAGES_PARTIAL_RELEASE_HISTORY,2024Q1
COMBO_B,conservative,STRICT,LATEST_REVISED,DEVELOPMENT_PSEUDO_OOS,ALL,LEAVE_ONE_QUARTER_OUT,15,5,0.40717134833704105,0.37371535632383412,0.37371535632383412,VERIFIED_DOCUMENTED_VINTAGES_PARTIAL_RELEASE_HISTORY,2024Q1
COMBO_B,conservative,STRICT,LATEST_REVISED,DEVELOPMENT_PSEUDO_OOS,H2_H3,LEAVE_ONE_QUARTER_OUT,10,5,0.41517245995740887,0.37911315614620733,0.37911315614620733,VERIFIED_DOCUMENTED_VINTAGES_PARTIAL_RELEASE_HISTORY,2024Q1
COMBO_B,conservative,STRICT,LATEST_REVISED,POOLED_RESEARCH_ONLY,H1,LEAVE_ONE_QUARTER_OUT,9,9,0.51236080472504764,0.43060048151684849,0.43060048151684849,VERIFIED_DOCUMENTED_VINTAGES_PARTIAL_RELEASE_HISTORY,2024Q1
COMBO_B,conservative,STRICT,LATEST_REVISED,POOLED_RESEARCH_ONLY,H2,LEAVE_ONE_QUARTER_OUT,9,9,0.60459270104700835,0.49672433130242222,0.46188367982218703,VERIFIED_DOCUMENTED_VINTAGES_PARTIAL_RELEASE_HISTORY,2024Q1
COMBO_B,conservative,STRICT,LATEST_REVISED,POOLED_RESEARCH_ONLY,H3,LEAVE_ONE_QUARTER_OUT,9,9,0.61400023242028456,0.48983176102483827,0.47294607551261802,VERIFIED_DOCUMENTED_VINTAGES_PARTIAL_RELEASE_HISTORY,2024Q1
COMBO_B,conservative,STRICT,LATEST_REVISED,POOLED_RESEARCH_ONLY,ALL,LEAVE_ONE_QUARTER_OUT,27,9,0.57880400073196303,0.47238552461470307,0.4551434122838845,VERIFIED_DOCUMENTED_VINTAGES_PARTIAL_RELEASE_HISTORY,2024Q1
COMBO_B,conservative,STRICT,LATEST_REVISED,POOLED_RESEARCH_ONLY,H2_H3,LEAVE_ONE_QUARTER_OUT,18,9,0.60931462298695926,0.49327804616363025,0.46741487766740253,VERIFIED_DOCUMENTED_VINTAGES_PARTIAL_RELEASE_HISTORY,2024Q1
COMBO_B,standard,PERMISSIVE_END_OF_DAY,FIRST_RELEASE,DEVELOPMENT_PSEUDO_OOS,H1,LEAVE_ONE_QUARTER_OUT,5,5,0.32256044105462883,0.26578348143446517,0.26578348143446517,VERIFIED_DOCUMENTED_VINTAGES_PARTIAL_RELEASE_HISTORY,2024Q1
COMBO_B,standard,PERMISSIVE_END_OF_DAY,FIRST_RELEASE,DEVELOPMENT_PSEUDO_OOS,H2,LEAVE_ONE_QUARTER_OUT,5,5,0.33896464638141177,0.28276969050620959,0.28276969050620959,VERIFIED_DOCUMENTED_VINTAGES_PARTIAL_RELEASE_HISTORY,2024Q1
COMBO_B,standard,PERMISSIVE_END_OF_DAY,FIRST_RELEASE,DEVELOPMENT_PSEUDO_OOS,H3,LEAVE_ONE_QUARTER_OUT,5,5,0.23314422819595973,0.19452954654014451,0.033856030118948686,VERIFIED_DOCUMENTED_VINTAGES_PARTIAL_RELEASE_HISTORY,2024Q1
COMBO_B,standard,PERMISSIVE_END_OF_DAY,FIRST_RELEASE,DEVELOPMENT_PSEUDO_OOS,ALL,LEAVE_ONE_QUARTER_OUT,15,5,0.30182693759334006,0.24769423949360642,0.19413640068654114,VERIFIED_DOCUMENTED_VINTAGES_PARTIAL_RELEASE_HISTORY,2024Q1
COMBO_B,standard,PERMISSIVE_END_OF_DAY,FIRST_RELEASE,DEVELOPMENT_PSEUDO_OOS,H2_H3,LEAVE_ONE_QUARTER_OUT,10,5,0.29090656802276332,0.23864961852317707,0.15831286031257913,VERIFIED_DOCUMENTED_VINTAGES_PARTIAL_RELEASE_HISTORY,2024Q1
COMBO_B,standard,PERMISSIVE_END_OF_DAY,FIRST_RELEASE,POOLED_RESEARCH_ONLY,H1,LEAVE_ONE_QUARTER_OUT,9,9,0.57200636381928982,0.43857559850446037,0.39935742858832435,VERIFIED_DOCUMENTED_VINTAGES_PARTIAL_RELEASE_HISTORY,2024Q1
COMBO_B,standard,PERMISSIVE_END_OF_DAY,FIRST_RELEASE,POOLED_RESEARCH_ONLY,H2,LEAVE_ONE_QUARTER_OUT,9,9,0.57511067634372914,0.42406178162637775,0.39987764687843952,VERIFIED_DOCUMENTED_VINTAGES_PARTIAL_RELEASE_HISTORY,2024Q1
COMBO_B,standard,PERMISSIVE_END_OF_DAY,FIRST_RELEASE,POOLED_RESEARCH_ONLY,H3,LEAVE_ONE_QUARTER_OUT,9,9,0.34474088003240572,0.26041577148272982,0.17115270680428768,VERIFIED_DOCUMENTED_VINTAGES_PARTIAL_RELEASE_HISTORY,2024Q1
COMBO_B,standard,PERMISSIVE_END_OF_DAY,FIRST_RELEASE,POOLED_RESEARCH_ONLY,ALL,LEAVE_ONE_QUARTER_OUT,27,9,0.50885159744265485,0.374351050537856,0.3234625940903505,VERIFIED_DOCUMENTED_VINTAGES_PARTIAL_RELEASE_HISTORY,2024Q1
COMBO_B,standard,PERMISSIVE_END_OF_DAY,FIRST_RELEASE,POOLED_RESEARCH_ONLY,H2_H3,LEAVE_ONE_QUARTER_OUT,18,9,0.47413002668574949,0.34223877655455381,0.28551517684136363,VERIFIED_DOCUMENTED_VINTAGES_PARTIAL_RELEASE_HISTORY,2024Q1
COMBO_B,standard,PERMISSIVE_END_OF_DAY,LATEST_REVISED,DEVELOPMENT_PSEUDO_OOS,H1,LEAVE_ONE_QUARTER_OUT,5,5,0.38116512741168773,0.34578348143446347,0.34578348143446347,VERIFIED_DOCUMENTED_VINTAGES_PARTIAL_RELEASE_HISTORY,2024Q1
COMBO_B,standard,PERMISSIVE_END_OF_DAY,LATEST_REVISED,DEVELOPMENT_PSEUDO_OOS,H2,LEAVE_ONE_QUARTER_OUT,5,5,0.40368454323679315,0.36276969050620789,0.36276969050620789,VERIFIED_DOCUMENTED_VINTAGES_PARTIAL_RELEASE_HISTORY,2024Q1
COMBO_B,standard,PERMISSIVE_END_OF_DAY,LATEST_REVISED,DEVELOPMENT_PSEUDO_OOS,H3,LEAVE_ONE_QUARTER_OUT,5,5,0.29045571291547917,0.27452954654014172,0.11385603011894699,VERIFIED_DOCUMENTED_VINTAGES_PARTIAL_RELEASE_HISTORY,2024Q1
COMBO_B,standard,PERMISSIVE_END_OF_DAY,LATEST_REVISED,DEVELOPMENT_PSEUDO_OOS,ALL,LEAVE_ONE_QUARTER_OUT,15,5,0.3617607800597451,0.32769423949360438,0.27413640068653944,VERIFIED_DOCUMENTED_VINTAGES_PARTIAL_RELEASE_HISTORY,2024Q1
COMBO_B,standard,PERMISSIVE_END_OF_DAY,LATEST_REVISED,DEVELOPMENT_PSEUDO_OOS,H2_H3,LEAVE_ONE_QUARTER_OUT,10,5,0.35165731302898967,0.3186496185231748,0.23831286031257742,VERIFIED_DOCUMENTED_VINTAGES_PARTIAL_RELEASE_HISTORY,2024Q1
COMBO_B,standard,PERMISSIVE_END_OF_DAY,LATEST_REVISED,POOLED_RESEARCH_ONLY,H1,LEAVE_ONE_QUARTER_OUT,9,9,0.5916952672293917,0.48302004294890338,0.44380187303276791,VERIFIED_DOCUMENTED_VINTAGES_PARTIAL_RELEASE_HISTORY,2024Q1
COMBO_B,standard,PERMISSIVE_END_OF_DAY,LATEST_REVISED,POOLED_RESEARCH_ONLY,H2,LEAVE_ONE_QUARTER_OUT,9,9,0.59787508033404735,0.46850622607082076,0.44432209132288314,VERIFIED_DOCUMENTED_VINTAGES_PARTIAL_RELEASE_HISTORY,2024Q1
COMBO_B,standard,PERMISSIVE_END_OF_DAY,LATEST_REVISED,POOLED_RESEARCH_ONLY,H3,LEAVE_ONE_QUARTER_OUT,9,9,0.36812707941844852,0.30486021592717283,0.21559715124873127,VERIFIED_DOCUMENTED_VINTAGES_PARTIAL_RELEASE_HISTORY,2024Q1
COMBO_B,standard,PERMISSIVE_END_OF_DAY,LATEST_REVISED,POOLED_RESEARCH_ONLY,ALL,LEAVE_ONE_QUARTER_OUT,27,9,0.530118052118979,0.41879549498229901,0.36790703853479412,VERIFIED_DOCUMENTED_VINTAGES_PARTIAL_RELEASE_HISTORY,2024Q1
COMBO_B,standard,PERMISSIVE_END_OF_DAY,LATEST_REVISED,POOLED_RESEARCH_ONLY,H2_H3,LEAVE_ONE_QUARTER_OUT,18,9,0.49647364395585009,0.38668322099899677,0.32995962128580719,VERIFIED_DOCUMENTED_VINTAGES_PARTIAL_RELEASE_HISTORY,2024Q1
COMBO_B,standard,STRICT,FIRST_RELEASE,DEVELOPMENT_PSEUDO_OOS,H1,LEAVE_ONE_QUARTER_OUT,5,5,0.32256044105462883,0.26578348143446517,0.26578348143446517,VERIFIED_DOCUMENTED_VINTAGES_PARTIAL_RELEASE_HISTORY,2024Q1
COMBO_B,standard,STRICT,FIRST_RELEASE,DEVELOPMENT_PSEUDO_OOS,H2,LEAVE_ONE_QUARTER_OUT,5,5,0.33896464638141177,0.28276969050620959,0.28276969050620959,VERIFIED_DOCUMENTED_VINTAGES_PARTIAL_RELEASE_HISTORY,2024Q1
COMBO_B,standard,STRICT,FIRST_RELEASE,DEVELOPMENT_PSEUDO_OOS,H3,LEAVE_ONE_QUARTER_OUT,5,5,0.23314422819595973,0.19452954654014451,0.033856030118948686,VERIFIED_DOCUMENTED_VINTAGES_PARTIAL_RELEASE_HISTORY,2024Q1
COMBO_B,standard,STRICT,FIRST_RELEASE,DEVELOPMENT_PSEUDO_OOS,ALL,LEAVE_ONE_QUARTER_OUT,15,5,0.30182693759334006,0.24769423949360642,0.19413640068654114,VERIFIED_DOCUMENTED_VINTAGES_PARTIAL_RELEASE_HISTORY,2024Q1
COMBO_B,standard,STRICT,FIRST_RELEASE,DEVELOPMENT_PSEUDO_OOS,H2_H3,LEAVE_ONE_QUARTER_OUT,10,5,0.29090656802276332,0.23864961852317707,0.15831286031257913,VERIFIED_DOCUMENTED_VINTAGES_PARTIAL_RELEASE_HISTORY,2024Q1
COMBO_B,standard,STRICT,FIRST_RELEASE,POOLED_RESEARCH_ONLY,H1,LEAVE_ONE_QUARTER_OUT,9,9,0.57200636381928982,0.43857559850446037,0.39935742858832435,VERIFIED_DOCUMENTED_VINTAGES_PARTIAL_RELEASE_HISTORY,2024Q1
COMBO_B,standard,STRICT,FIRST_RELEASE,POOLED_RESEARCH_ONLY,H2,LEAVE_ONE_QUARTER_OUT,9,9,0.57511067634372914,0.42406178162637775,0.39987764687843952,VERIFIED_DOCUMENTED_VINTAGES_PARTIAL_RELEASE_HISTORY,2024Q1
COMBO_B,standard,STRICT,FIRST_RELEASE,POOLED_RESEARCH_ONLY,H3,LEAVE_ONE_QUARTER_OUT,9,9,0.34474088003240572,0.26041577148272982,0.17115270680428768,VERIFIED_DOCUMENTED_VINTAGES_PARTIAL_RELEASE_HISTORY,2024Q1
COMBO_B,standard,STRICT,FIRST_RELEASE,POOLED_RESEARCH_ONLY,ALL,LEAVE_ONE_QUARTER_OUT,27,9,0.50885159744265485,0.374351050537856,0.3234625940903505,VERIFIED_DOCUMENTED_VINTAGES_PARTIAL_RELEASE_HISTORY,2024Q1
COMBO_B,standard,STRICT,FIRST_RELEASE,POOLED_RESEARCH_ONLY,H2_H3,LEAVE_ONE_QUARTER_OUT,18,9,0.47413002668574949,0.34223877655455381,0.28551517684136363,VERIFIED_DOCUMENTED_VINTAGES_PARTIAL_RELEASE_HISTORY,2024Q1
COMBO_B,standard,STRICT,LATEST_REVISED,DEVELOPMENT_PSEUDO_OOS,H1,LEAVE_ONE_QUARTER_OUT,5,5,0.38116512741168773,0.34578348143446347,0.34578348143446347,VERIFIED_DOCUMENTED_VINTAGES_PARTIAL_RELEASE_HISTORY,2024Q1
COMBO_B,standard,STRICT,LATEST_REVISED,DEVELOPMENT_PSEUDO_OOS,H2,LEAVE_ONE_QUARTER_OUT,5,5,0.40368454323679315,0.36276969050620789,0.36276969050620789,VERIFIED_DOCUMENTED_VINTAGES_PARTIAL_RELEASE_HISTORY,2024Q1
COMBO_B,standard,STRICT,LATEST_REVISED,DEVELOPMENT_PSEUDO_OOS,H3,LEAVE_ONE_QUARTER_OUT,5,5,0.29045571291547917,0.27452954654014172,0.11385603011894699,VERIFIED_DOCUMENTED_VINTAGES_PARTIAL_RELEASE_HISTORY,2024Q1
COMBO_B,standard,STRICT,LATEST_REVISED,DEVELOPMENT_PSEUDO_OOS,ALL,LEAVE_ONE_QUARTER_OUT,15,5,0.3617607800597451,0.32769423949360438,0.27413640068653944,VERIFIED_DOCUMENTED_VINTAGES_PARTIAL_RELEASE_HISTORY,2024Q1
COMBO_B,standard,STRICT,LATEST_REVISED,DEVELOPMENT_PSEUDO_OOS,H2_H3,LEAVE_ONE_QUARTER_OUT,10,5,0.35165731302898967,0.3186496185231748,0.23831286031257742,VERIFIED_DOCUMENTED_VINTAGES_PARTIAL_RELEASE_HISTORY,2024Q1
COMBO_B,standard,STRICT,LATEST_REVISED,POOLED_RESEARCH_ONLY,H1,LEAVE_ONE_QUARTER_OUT,9,9,0.5916952672293917,0.48302004294890338,0.44380187303276791,VERIFIED_DOCUMENTED_VINTAGES_PARTIAL_RELEASE_HISTORY,2024Q1
COMBO_B,standard,STRICT,LATEST_REVISED,POOLED_RESEARCH_ONLY,H2,LEAVE_ONE_QUARTER_OUT,9,9,0.59787508033404735,0.46850622607082076,0.44432209132288314,VERIFIED_DOCUMENTED_VINTAGES_PARTIAL_RELEASE_HISTORY,2024Q1
COMBO_B,standard,STRICT,LATEST_REVISED,POOLED_RESEARCH_ONLY,H3,LEAVE_ONE_QUARTER_OUT,9,9,0.36812707941844852,0.30486021592717283,0.21559715124873127,VERIFIED_DOCUMENTED_VINTAGES_PARTIAL_RELEASE_HISTORY,2024Q1
COMBO_B,standard,STRICT,LATEST_REVISED,POOLED_RESEARCH_ONLY,ALL,LEAVE_ONE_QUARTER_OUT,27,9,0.530118052118979,0.41879549498229901,0.36790703853479412,VERIFIED_DOCUMENTED_VINTAGES_PARTIAL_RELEASE_HISTORY,2024Q1
COMBO_B,standard,STRICT,LATEST_REVISED,POOLED_RESEARCH_ONLY,H2_H3,LEAVE_ONE_QUARTER_OUT,18,9,0.49647364395585009,0.38668322099899677,0.32995962128580719,VERIFIED_DOCUMENTED_VINTAGES_PARTIAL_RELEASE_HISTORY,2024Q1
DFM_B,conservative,PERMISSIVE_END_OF_DAY,FIRST_RELEASE,DEVELOPMENT_PSEUDO_OOS,H1,LEAVE_ONE_QUARTER_OUT,5,5,0.32848587407534013,0.25715953172648176,0.23225119287745688,VERIFIED_DOCUMENTED_VINTAGES_PARTIAL_RELEASE_HISTORY,2024Q1
DFM_B,conservative,PERMISSIVE_END_OF_DAY,FIRST_RELEASE,DEVELOPMENT_PSEUDO_OOS,H2,LEAVE_ONE_QUARTER_OUT,5,5,0.32698265068614868,0.26466942016049161,0.26466942016049161,VERIFIED_DOCUMENTED_VINTAGES_PARTIAL_RELEASE_HISTORY,2024Q1
DFM_B,conservative,PERMISSIVE_END_OF_DAY,FIRST_RELEASE,DEVELOPMENT_PSEUDO_OOS,H3,LEAVE_ONE_QUARTER_OUT,5,5,0.34765012401727202,0.26694785855496173,0.25411877391329918,VERIFIED_DOCUMENTED_VINTAGES_PARTIAL_RELEASE_HISTORY,2024Q1
DFM_B,conservative,PERMISSIVE_END_OF_DAY,FIRST_RELEASE,DEVELOPMENT_PSEUDO_OOS,ALL,LEAVE_ONE_QUARTER_OUT,15,5,0.33450522270262822,0.26292560348064503,0.25034646231708257,VERIFIED_DOCUMENTED_VINTAGES_PARTIAL_RELEASE_HISTORY,2024Q1
DFM_B,conservative,PERMISSIVE_END_OF_DAY,FIRST_RELEASE,DEVELOPMENT_PSEUDO_OOS,H2_H3,LEAVE_ONE_QUARTER_OUT,10,5,0.33747463799444583,0.26580863935772669,0.25939409703689542,VERIFIED_DOCUMENTED_VINTAGES_PARTIAL_RELEASE_HISTORY,2024Q1
DFM_B,conservative,PERMISSIVE_END_OF_DAY,FIRST_RELEASE,POOLED_RESEARCH_ONLY,H1,LEAVE_ONE_QUARTER_OUT,9,9,0.70417148749184477,0.55487447622969688,0.54103651020246091,VERIFIED_DOCUMENTED_VINTAGES_PARTIAL_RELEASE_HISTORY,2024Q1
DFM_B,conservative,PERMISSIVE_END_OF_DAY,FIRST_RELEASE,POOLED_RESEARCH_ONLY,H2,LEAVE_ONE_QUARTER_OUT,9,9,0.693227435976976,0.55074493567852034,0.55074493567852034,VERIFIED_DOCUMENTED_VINTAGES_PARTIAL_RELEASE_HISTORY,2024Q1
DFM_B,conservative,PERMISSIVE_END_OF_DAY,FIRST_RELEASE,POOLED_RESEARCH_ONLY,H3,LEAVE_ONE_QUARTER_OUT,9,9,0.68911218601633994,0.54530366571238997,0.53817639646702187,VERIFIED_DOCUMENTED_VINTAGES_PARTIAL_RELEASE_HISTORY,2024Q1
DFM_B,conservative,PERMISSIVE_END_OF_DAY,FIRST_RELEASE,POOLED_RESEARCH_ONLY,ALL,LEAVE_ONE_QUARTER_OUT,27,9,0.6955327374763195,0.5503076925402024,0.54331928078266767,VERIFIED_DOCUMENTED_VINTAGES_PARTIAL_RELEASE_HISTORY,2024Q1
DFM_B,conservative,PERMISSIVE_END_OF_DAY,FIRST_RELEASE,POOLED_RESEARCH_ONLY,H2_H3,LEAVE_ONE_QUARTER_OUT,18,9,0.69117287378319148,0.54802430069545516,0.5444606660727711,VERIFIED_DOCUMENTED_VINTAGES_PARTIAL_RELEASE_HISTORY,2024Q1
DFM_B,conservative,PERMISSIVE_END_OF_DAY,LATEST_REVISED,DEVELOPMENT_PSEUDO_OOS,H1,LEAVE_ONE_QUARTER_OUT,5,5,0.34907413165607615,0.31225119287745517,0.31225119287745517,VERIFIED_DOCUMENTED_VINTAGES_PARTIAL_RELEASE_HISTORY,2024Q1
DFM_B,conservative,PERMISSIVE_END_OF_DAY,LATEST_REVISED,DEVELOPMENT_PSEUDO_OOS,H2,LEAVE_ONE_QUARTER_OUT,5,5,0.36848272168626295,0.3446694201604899,0.3446694201604899,VERIFIED_DOCUMENTED_VINTAGES_PARTIAL_RELEASE_HISTORY,2024Q1
DFM_B,conservative,PERMISSIVE_END_OF_DAY,LATEST_REVISED,DEVELOPMENT_PSEUDO_OOS,H3,LEAVE_ONE_QUARTER_OUT,5,5,0.36828514240353799,0.33411877391329747,0.33411877391329747,VERIFIED_DOCUMENTED_VINTAGES_PARTIAL_RELEASE_HISTORY,2024Q1
DFM_B,conservative,PERMISSIVE_END_OF_DAY,LATEST_REVISED,DEVELOPMENT_PSEUDO_OOS,ALL,LEAVE_ONE_QUARTER_OUT,15,5,0.36206178648031601,0.33034646231708087,0.33034646231708087,VERIFIED_DOCUMENTED_VINTAGES_PARTIAL_RELEASE_HISTORY,2024Q1
DFM_B,conservative,PERMISSIVE_END_OF_DAY,LATEST_REVISED,DEVELOPMENT_PSEUDO_OOS,H2_H3,LEAVE_ONE_QUARTER_OUT,10,5,0.36838394529112567,0.33939409703689372,0.33939409703689372,VERIFIED_DOCUMENTED_VINTAGES_PARTIAL_RELEASE_HISTORY,2024Q1
DFM_B,conservative,PERMISSIVE_END_OF_DAY,LATEST_REVISED,POOLED_RESEARCH_ONLY,H1,LEAVE_ONE_QUARTER_OUT,9,9,0.70965298670001919,0.58548095464690453,0.58548095464690453,VERIFIED_DOCUMENTED_VINTAGES_PARTIAL_RELEASE_HISTORY,2024Q1
DFM_B,conservative,PERMISSIVE_END_OF_DAY,LATEST_REVISED,POOLED_RESEARCH_ONLY,H2,LEAVE_ONE_QUARTER_OUT,9,9,0.70469755636953912,0.59518938012296396,0.59518938012296396,VERIFIED_DOCUMENTED_VINTAGES_PARTIAL_RELEASE_HISTORY,2024Q1
DFM_B,conservative,PERMISSIVE_END_OF_DAY,LATEST_REVISED,POOLED_RESEARCH_ONLY,H3,LEAVE_ONE_QUARTER_OUT,9,9,0.6950417358512303,0.58262084091146549,0.58262084091146549,VERIFIED_DOCUMENTED_VINTAGES_PARTIAL_RELEASE_HISTORY,2024Q1
DFM_B,conservative,PERMISSIVE_END_OF_DAY,LATEST_REVISED,POOLED_RESEARCH_ONLY,ALL,LEAVE_ONE_QUARTER_OUT,27,9,0.70315693413361358,0.58776372522711129,0.58776372522711129,VERIFIED_DOCUMENTED_VINTAGES_PARTIAL_RELEASE_HISTORY,2024Q1
DFM_B,conservative,PERMISSIVE_END_OF_DAY,LATEST_REVISED,POOLED_RESEARCH_ONLY,H2_H3,LEAVE_ONE_QUARTER_OUT,18,9,0.69988629809715919,0.58890511051721472,0.58890511051721472,VERIFIED_DOCUMENTED_VINTAGES_PARTIAL_RELEASE_HISTORY,2024Q1
DFM_B,conservative,STRICT,FIRST_RELEASE,DEVELOPMENT_PSEUDO_OOS,H1,LEAVE_ONE_QUARTER_OUT,5,5,0.32848587407534013,0.25715953172648176,0.23225119287745688,VERIFIED_DOCUMENTED_VINTAGES_PARTIAL_RELEASE_HISTORY,2024Q1
DFM_B,conservative,STRICT,FIRST_RELEASE,DEVELOPMENT_PSEUDO_OOS,H2,LEAVE_ONE_QUARTER_OUT,5,5,0.32698265068614868,0.26466942016049161,0.26466942016049161,VERIFIED_DOCUMENTED_VINTAGES_PARTIAL_RELEASE_HISTORY,2024Q1
DFM_B,conservative,STRICT,FIRST_RELEASE,DEVELOPMENT_PSEUDO_OOS,H3,LEAVE_ONE_QUARTER_OUT,5,5,0.34765012401727202,0.26694785855496173,0.25411877391329918,VERIFIED_DOCUMENTED_VINTAGES_PARTIAL_RELEASE_HISTORY,2024Q1
DFM_B,conservative,STRICT,FIRST_RELEASE,DEVELOPMENT_PSEUDO_OOS,ALL,LEAVE_ONE_QUARTER_OUT,15,5,0.33450522270262822,0.26292560348064503,0.25034646231708257,VERIFIED_DOCUMENTED_VINTAGES_PARTIAL_RELEASE_HISTORY,2024Q1
DFM_B,conservative,STRICT,FIRST_RELEASE,DEVELOPMENT_PSEUDO_OOS,H2_H3,LEAVE_ONE_QUARTER_OUT,10,5,0.33747463799444583,0.26580863935772669,0.25939409703689542,VERIFIED_DOCUMENTED_VINTAGES_PARTIAL_RELEASE_HISTORY,2024Q1
DFM_B,conservative,STRICT,FIRST_RELEASE,POOLED_RESEARCH_ONLY,H1,LEAVE_ONE_QUARTER_OUT,9,9,0.70417148749184477,0.55487447622969688,0.54103651020246091,VERIFIED_DOCUMENTED_VINTAGES_PARTIAL_RELEASE_HISTORY,2024Q1
DFM_B,conservative,STRICT,FIRST_RELEASE,POOLED_RESEARCH_ONLY,H2,LEAVE_ONE_QUARTER_OUT,9,9,0.693227435976976,0.55074493567852034,0.55074493567852034,VERIFIED_DOCUMENTED_VINTAGES_PARTIAL_RELEASE_HISTORY,2024Q1
DFM_B,conservative,STRICT,FIRST_RELEASE,POOLED_RESEARCH_ONLY,H3,LEAVE_ONE_QUARTER_OUT,9,9,0.68911218601633994,0.54530366571238997,0.53817639646702187,VERIFIED_DOCUMENTED_VINTAGES_PARTIAL_RELEASE_HISTORY,2024Q1
DFM_B,conservative,STRICT,FIRST_RELEASE,POOLED_RESEARCH_ONLY,ALL,LEAVE_ONE_QUARTER_OUT,27,9,0.6955327374763195,0.5503076925402024,0.54331928078266767,VERIFIED_DOCUMENTED_VINTAGES_PARTIAL_RELEASE_HISTORY,2024Q1
DFM_B,conservative,STRICT,FIRST_RELEASE,POOLED_RESEARCH_ONLY,H2_H3,LEAVE_ONE_QUARTER_OUT,18,9,0.69117287378319148,0.54802430069545516,0.5444606660727711,VERIFIED_DOCUMENTED_VINTAGES_PARTIAL_RELEASE_HISTORY,2024Q1
DFM_B,conservative,STRICT,LATEST_REVISED,DEVELOPMENT_PSEUDO_OOS,H1,LEAVE_ONE_QUARTER_OUT,5,5,0.34907413165607615,0.31225119287745517,0.31225119287745517,VERIFIED_DOCUMENTED_VINTAGES_PARTIAL_RELEASE_HISTORY,2024Q1
DFM_B,conservative,STRICT,LATEST_REVISED,DEVELOPMENT_PSEUDO_OOS,H2,LEAVE_ONE_QUARTER_OUT,5,5,0.36848272168626295,0.3446694201604899,0.3446694201604899,VERIFIED_DOCUMENTED_VINTAGES_PARTIAL_RELEASE_HISTORY,2024Q1
DFM_B,conservative,STRICT,LATEST_REVISED,DEVELOPMENT_PSEUDO_OOS,H3,LEAVE_ONE_QUARTER_OUT,5,5,0.36828514240353799,0.33411877391329747,0.33411877391329747,VERIFIED_DOCUMENTED_VINTAGES_PARTIAL_RELEASE_HISTORY,2024Q1
DFM_B,conservative,STRICT,LATEST_REVISED,DEVELOPMENT_PSEUDO_OOS,ALL,LEAVE_ONE_QUARTER_OUT,15,5,0.36206178648031601,0.33034646231708087,0.33034646231708087,VERIFIED_DOCUMENTED_VINTAGES_PARTIAL_RELEASE_HISTORY,2024Q1
DFM_B,conservative,STRICT,LATEST_REVISED,DEVELOPMENT_PSEUDO_OOS,H2_H3,LEAVE_ONE_QUARTER_OUT,10,5,0.36838394529112567,0.33939409703689372,0.33939409703689372,VERIFIED_DOCUMENTED_VINTAGES_PARTIAL_RELEASE_HISTORY,2024Q1
DFM_B,conservative,STRICT,LATEST_REVISED,POOLED_RESEARCH_ONLY,H1,LEAVE_ONE_QUARTER_OUT,9,9,0.70965298670001919,0.58548095464690453,0.58548095464690453,VERIFIED_DOCUMENTED_VINTAGES_PARTIAL_RELEASE_HISTORY,2024Q1
DFM_B,conservative,STRICT,LATEST_REVISED,POOLED_RESEARCH_ONLY,H2,LEAVE_ONE_QUARTER_OUT,9,9,0.70469755636953912,0.59518938012296396,0.59518938012296396,VERIFIED_DOCUMENTED_VINTAGES_PARTIAL_RELEASE_HISTORY,2024Q1
DFM_B,conservative,STRICT,LATEST_REVISED,POOLED_RESEARCH_ONLY,H3,LEAVE_ONE_QUARTER_OUT,9,9,0.6950417358512303,0.58262084091146549,0.58262084091146549,VERIFIED_DOCUMENTED_VINTAGES_PARTIAL_RELEASE_HISTORY,2024Q1
DFM_B,conservative,STRICT,LATEST_REVISED,POOLED_RESEARCH_ONLY,ALL,LEAVE_ONE_QUARTER_OUT,27,9,0.70315693413361358,0.58776372522711129,0.58776372522711129,VERIFIED_DOCUMENTED_VINTAGES_PARTIAL_RELEASE_HISTORY,2024Q1
DFM_B,conservative,STRICT,LATEST_REVISED,POOLED_RESEARCH_ONLY,H2_H3,LEAVE_ONE_QUARTER_OUT,18,9,0.69988629809715919,0.58890511051721472,0.58890511051721472,VERIFIED_DOCUMENTED_VINTAGES_PARTIAL_RELEASE_HISTORY,2024Q1
DFM_B,standard,PERMISSIVE_END_OF_DAY,FIRST_RELEASE,DEVELOPMENT_PSEUDO_OOS,H1,LEAVE_ONE_QUARTER_OUT,5,5,0.30581968871880849,0.23066004492474815,0.23066004492474815,VERIFIED_DOCUMENTED_VINTAGES_PARTIAL_RELEASE_HISTORY,2024Q1
DFM_B,standard,PERMISSIVE_END_OF_DAY,FIRST_RELEASE,DEVELOPMENT_PSEUDO_OOS,H2,LEAVE_ONE_QUARTER_OUT,5,5,0.27634957129504983,0.20472511125279044,0.18878186844555617,VERIFIED_DOCUMENTED_VINTAGES_PARTIAL_RELEASE_HISTORY,2024Q1
DFM_B,standard,PERMISSIVE_END_OF_DAY,FIRST_RELEASE,DEVELOPMENT_PSEUDO_OOS,H3,LEAVE_ONE_QUARTER_OUT,5,5,0.29917636172657602,0.22278344776904485,0.20295482956882135,VERIFIED_DOCUMENTED_VINTAGES_PARTIAL_RELEASE_HISTORY,2024Q1
DFM_B,standard,PERMISSIVE_END_OF_DAY,FIRST_RELEASE,DEVELOPMENT_PSEUDO_OOS,ALL,LEAVE_ONE_QUARTER_OUT,15,5,0.29405286541650849,0.21938953464886116,0.20746558097970855,VERIFIED_DOCUMENTED_VINTAGES_PARTIAL_RELEASE_HISTORY,2024Q1
DFM_B,standard,PERMISSIVE_END_OF_DAY,FIRST_RELEASE,DEVELOPMENT_PSEUDO_OOS,H2_H3,LEAVE_ONE_QUARTER_OUT,10,5,0.28798921939102934,0.21375427951091766,0.19586834900718877,VERIFIED_DOCUMENTED_VINTAGES_PARTIAL_RELEASE_HISTORY,2024Q1
DFM_B,standard,PERMISSIVE_END_OF_DAY,FIRST_RELEASE,POOLED_RESEARCH_ONLY,H1,LEAVE_ONE_QUARTER_OUT,9,9,0.66885543866112318,0.5145813220996821,0.5145813220996821,VERIFIED_DOCUMENTED_VINTAGES_PARTIAL_RELEASE_HISTORY,2024Q1
DFM_B,standard,PERMISSIVE_END_OF_DAY,FIRST_RELEASE,POOLED_RESEARCH_ONLY,H2,LEAVE_ONE_QUARTER_OUT,9,9,0.6475018797646156,0.48978578520268201,0.48092842808755187,VERIFIED_DOCUMENTED_VINTAGES_PARTIAL_RELEASE_HISTORY,2024Q1
DFM_B,standard,PERMISSIVE_END_OF_DAY,FIRST_RELEASE,POOLED_RESEARCH_ONLY,H3,LEAVE_ONE_QUARTER_OUT,9,9,0.64511292487921423,0.49578459877853542,0.4847686997784113,VERIFIED_DOCUMENTED_VINTAGES_PARTIAL_RELEASE_HISTORY,2024Q1
DFM_B,standard,PERMISSIVE_END_OF_DAY,FIRST_RELEASE,POOLED_RESEARCH_ONLY,ALL,LEAVE_ONE_QUARTER_OUT,27,9,0.65391053617741146,0.50005056869363307,0.49342614998854833,VERIFIED_DOCUMENTED_VINTAGES_PARTIAL_RELEASE_HISTORY,2024Q1
DFM_B,standard,PERMISSIVE_END_OF_DAY,FIRST_RELEASE,POOLED_RESEARCH_ONLY,H2_H3,LEAVE_ONE_QUARTER_OUT,18,9,0.64630850611179691,0.49278519199060866,0.48284856393298153,VERIFIED_DOCUMENTED_VINTAGES_PARTIAL_RELEASE_HISTORY,2024Q1
DFM_B,standard,PERMISSIVE_END_OF_DAY,LATEST_REVISED,DEVELOPMENT_PSEUDO_OOS,H1,LEAVE_ONE_QUARTER_OUT,5,5,0.33793553126744819,0.31066004492474641,0.31066004492474641,VERIFIED_DOCUMENTED_VINTAGES_PARTIAL_RELEASE_HISTORY,2024Q1
DFM_B,standard,PERMISSIVE_END_OF_DAY,LATEST_REVISED,DEVELOPMENT_PSEUDO_OOS,H2,LEAVE_ONE_QUARTER_OUT,5,5,0.31088544366936527,0.26878186844555446,0.26878186844555446,VERIFIED_DOCUMENTED_VINTAGES_PARTIAL_RELEASE_HISTORY,2024Q1
DFM_B,standard,PERMISSIVE_END_OF_DAY,LATEST_REVISED,DEVELOPMENT_PSEUDO_OOS,H3,LEAVE_ONE_QUARTER_OUT,5,5,0.31865462773339087,0.28295482956881968,0.28295482956881968,VERIFIED_DOCUMENTED_VINTAGES_PARTIAL_RELEASE_HISTORY,2024Q1
DFM_B,standard,PERMISSIVE_END_OF_DAY,LATEST_REVISED,DEVELOPMENT_PSEUDO_OOS,ALL,LEAVE_ONE_QUARTER_OUT,15,5,0.32269229623818441,0.28746558097970687,0.28746558097970687,VERIFIED_DOCUMENTED_VINTAGES_PARTIAL_RELEASE_HISTORY,2024Q1
DFM_B,standard,PERMISSIVE_END_OF_DAY,LATEST_REVISED,DEVELOPMENT_PSEUDO_OOS,H2_H3,LEAVE_ONE_QUARTER_OUT,10,5,0.31479400475660585,0.27586834900718704,0.27586834900718704,VERIFIED_DOCUMENTED_VINTAGES_PARTIAL_RELEASE_HISTORY,2024Q1
DFM_B,standard,PERMISSIVE_END_OF_DAY,LATEST_REVISED,POOLED_RESEARCH_ONLY,H1,LEAVE_ONE_QUARTER_OUT,9,9,0.67738730812371173,0.55902576654412561,0.55902576654412561,VERIFIED_DOCUMENTED_VINTAGES_PARTIAL_RELEASE_HISTORY,2024Q1
DFM_B,standard,PERMISSIVE_END_OF_DAY,LATEST_REVISED,POOLED_RESEARCH_ONLY,H2,LEAVE_ONE_QUARTER_OUT,9,9,0.65614459164806926,0.52537287253199549,0.52537287253199549,VERIFIED_DOCUMENTED_VINTAGES_PARTIAL_RELEASE_HISTORY,2024Q1
DFM_B,standard,PERMISSIVE_END_OF_DAY,LATEST_REVISED,POOLED_RESEARCH_ONLY,H3,LEAVE_ONE_QUARTER_OUT,9,9,0.65027409216043586,0.52921314422285493,0.52921314422285493,VERIFIED_DOCUMENTED_VINTAGES_PARTIAL_RELEASE_HISTORY,2024Q1
DFM_B,standard,PERMISSIVE_END_OF_DAY,LATEST_REVISED,POOLED_RESEARCH_ONLY,ALL,LEAVE_ONE_QUARTER_OUT,27,9,0.66137122336631771,0.53787059443299201,0.53787059443299201,VERIFIED_DOCUMENTED_VINTAGES_PARTIAL_RELEASE_HISTORY,2024Q1
DFM_B,standard,PERMISSIVE_END_OF_DAY,LATEST_REVISED,POOLED_RESEARCH_ONLY,H2_H3,LEAVE_ONE_QUARTER_OUT,18,9,0.65321593676367484,0.52729300837742521,0.52729300837742521,VERIFIED_DOCUMENTED_VINTAGES_PARTIAL_RELEASE_HISTORY,2024Q1
DFM_B,standard,STRICT,FIRST_RELEASE,DEVELOPMENT_PSEUDO_OOS,H1,LEAVE_ONE_QUARTER_OUT,5,5,0.30581968871880849,0.23066004492474815,0.23066004492474815,VERIFIED_DOCUMENTED_VINTAGES_PARTIAL_RELEASE_HISTORY,2024Q1
DFM_B,standard,STRICT,FIRST_RELEASE,DEVELOPMENT_PSEUDO_OOS,H2,LEAVE_ONE_QUARTER_OUT,5,5,0.27634957129504983,0.20472511125279044,0.18878186844555617,VERIFIED_DOCUMENTED_VINTAGES_PARTIAL_RELEASE_HISTORY,2024Q1
DFM_B,standard,STRICT,FIRST_RELEASE,DEVELOPMENT_PSEUDO_OOS,H3,LEAVE_ONE_QUARTER_OUT,5,5,0.29917636172657602,0.22278344776904485,0.20295482956882135,VERIFIED_DOCUMENTED_VINTAGES_PARTIAL_RELEASE_HISTORY,2024Q1
DFM_B,standard,STRICT,FIRST_RELEASE,DEVELOPMENT_PSEUDO_OOS,ALL,LEAVE_ONE_QUARTER_OUT,15,5,0.29405286541650849,0.21938953464886116,0.20746558097970855,VERIFIED_DOCUMENTED_VINTAGES_PARTIAL_RELEASE_HISTORY,2024Q1
DFM_B,standard,STRICT,FIRST_RELEASE,DEVELOPMENT_PSEUDO_OOS,H2_H3,LEAVE_ONE_QUARTER_OUT,10,5,0.28798921939102934,0.21375427951091766,0.19586834900718877,VERIFIED_DOCUMENTED_VINTAGES_PARTIAL_RELEASE_HISTORY,2024Q1
DFM_B,standard,STRICT,FIRST_RELEASE,POOLED_RESEARCH_ONLY,H1,LEAVE_ONE_QUARTER_OUT,9,9,0.66885543866112318,0.5145813220996821,0.5145813220996821,VERIFIED_DOCUMENTED_VINTAGES_PARTIAL_RELEASE_HISTORY,2024Q1
DFM_B,standard,STRICT,FIRST_RELEASE,POOLED_RESEARCH_ONLY,H2,LEAVE_ONE_QUARTER_OUT,9,9,0.6475018797646156,0.48978578520268201,0.48092842808755187,VERIFIED_DOCUMENTED_VINTAGES_PARTIAL_RELEASE_HISTORY,2024Q1
DFM_B,standard,STRICT,FIRST_RELEASE,POOLED_RESEARCH_ONLY,H3,LEAVE_ONE_QUARTER_OUT,9,9,0.64511292487921423,0.49578459877853542,0.4847686997784113,VERIFIED_DOCUMENTED_VINTAGES_PARTIAL_RELEASE_HISTORY,2024Q1
DFM_B,standard,STRICT,FIRST_RELEASE,POOLED_RESEARCH_ONLY,ALL,LEAVE_ONE_QUARTER_OUT,27,9,0.65391053617741146,0.50005056869363307,0.49342614998854833,VERIFIED_DOCUMENTED_VINTAGES_PARTIAL_RELEASE_HISTORY,2024Q1
DFM_B,standard,STRICT,FIRST_RELEASE,POOLED_RESEARCH_ONLY,H2_H3,LEAVE_ONE_QUARTER_OUT,18,9,0.64630850611179691,0.49278519199060866,0.48284856393298153,VERIFIED_DOCUMENTED_VINTAGES_PARTIAL_RELEASE_HISTORY,2024Q1
DFM_B,standard,STRICT,LATEST_REVISED,DEVELOPMENT_PSEUDO_OOS,H1,LEAVE_ONE_QUARTER_OUT,5,5,0.33793553126744819,0.31066004492474641,0.31066004492474641,VERIFIED_DOCUMENTED_VINTAGES_PARTIAL_RELEASE_HISTORY,2024Q1
DFM_B,standard,STRICT,LATEST_REVISED,DEVELOPMENT_PSEUDO_OOS,H2,LEAVE_ONE_QUARTER_OUT,5,5,0.31088544366936527,0.26878186844555446,0.26878186844555446,VERIFIED_DOCUMENTED_VINTAGES_PARTIAL_RELEASE_HISTORY,2024Q1
DFM_B,standard,STRICT,LATEST_REVISED,DEVELOPMENT_PSEUDO_OOS,H3,LEAVE_ONE_QUARTER_OUT,5,5,0.31865462773339087,0.28295482956881968,0.28295482956881968,VERIFIED_DOCUMENTED_VINTAGES_PARTIAL_RELEASE_HISTORY,2024Q1
DFM_B,standard,STRICT,LATEST_REVISED,DEVELOPMENT_PSEUDO_OOS,ALL,LEAVE_ONE_QUARTER_OUT,15,5,0.32269229623818441,0.28746558097970687,0.28746558097970687,VERIFIED_DOCUMENTED_VINTAGES_PARTIAL_RELEASE_HISTORY,2024Q1
DFM_B,standard,STRICT,LATEST_REVISED,DEVELOPMENT_PSEUDO_OOS,H2_H3,LEAVE_ONE_QUARTER_OUT,10,5,0.31479400475660585,0.27586834900718704,0.27586834900718704,VERIFIED_DOCUMENTED_VINTAGES_PARTIAL_RELEASE_HISTORY,2024Q1
DFM_B,standard,STRICT,LATEST_REVISED,POOLED_RESEARCH_ONLY,H1,LEAVE_ONE_QUARTER_OUT,9,9,0.67738730812371173,0.55902576654412561,0.55902576654412561,VERIFIED_DOCUMENTED_VINTAGES_PARTIAL_RELEASE_HISTORY,2024Q1
DFM_B,standard,STRICT,LATEST_REVISED,POOLED_RESEARCH_ONLY,H2,LEAVE_ONE_QUARTER_OUT,9,9,0.65614459164806926,0.52537287253199549,0.52537287253199549,VERIFIED_DOCUMENTED_VINTAGES_PARTIAL_RELEASE_HISTORY,2024Q1
DFM_B,standard,STRICT,LATEST_REVISED,POOLED_RESEARCH_ONLY,H3,LEAVE_ONE_QUARTER_OUT,9,9,0.65027409216043586,0.52921314422285493,0.52921314422285493,VERIFIED_DOCUMENTED_VINTAGES_PARTIAL_RELEASE_HISTORY,2024Q1
DFM_B,standard,STRICT,LATEST_REVISED,POOLED_RESEARCH_ONLY,ALL,LEAVE_ONE_QUARTER_OUT,27,9,0.66137122336631771,0.53787059443299201,0.53787059443299201,VERIFIED_DOCUMENTED_VINTAGES_PARTIAL_RELEASE_HISTORY,2024Q1
DFM_B,standard,STRICT,LATEST_REVISED,POOLED_RESEARCH_ONLY,H2_H3,LEAVE_ONE_QUARTER_OUT,18,9,0.65321593676367484,0.52729300837742521,0.52729300837742521,VERIFIED_DOCUMENTED_VINTAGES_PARTIAL_RELEASE_HISTORY,2024Q1
PRODUCTION_ENSEMBLE,conservative,PERMISSIVE_END_OF_DAY,FIRST_RELEASE,DEVELOPMENT_PSEUDO_OOS,H1,LEAVE_ONE_QUARTER_OUT,5,5,0.47301116425089001,0.42230392616066048,0.42230392616066048,VERIFIED_DOCUMENTED_VINTAGES_PARTIAL_RELEASE_HISTORY,2024Q1
PRODUCTION_ENSEMBLE,conservative,PERMISSIVE_END_OF_DAY,FIRST_RELEASE,DEVELOPMENT_PSEUDO_OOS,H2,LEAVE_ONE_QUARTER_OUT,5,5,0.45135188449232849,0.40596322489239078,0.40596322489239078,VERIFIED_DOCUMENTED_VINTAGES_PARTIAL_RELEASE_HISTORY,2024Q1
PRODUCTION_ENSEMBLE,conservative,PERMISSIVE_END_OF_DAY,FIRST_RELEASE,DEVELOPMENT_PSEUDO_OOS,H3,LEAVE_ONE_QUARTER_OUT,5,5,0.48871974427676307,0.44388852220373087,0.44388852220373087,VERIFIED_DOCUMENTED_VINTAGES_PARTIAL_RELEASE_HISTORY,2024Q1
PRODUCTION_ENSEMBLE,conservative,PERMISSIVE_END_OF_DAY,FIRST_RELEASE,DEVELOPMENT_PSEUDO_OOS,ALL,LEAVE_ONE_QUARTER_OUT,15,5,0.47127666099178711,0.42405189108559405,0.42405189108559405,VERIFIED_DOCUMENTED_VINTAGES_PARTIAL_RELEASE_HISTORY,2024Q1
PRODUCTION_ENSEMBLE,conservative,PERMISSIVE_END_OF_DAY,FIRST_RELEASE,DEVELOPMENT_PSEUDO_OOS,H2_H3,LEAVE_ONE_QUARTER_OUT,10,5,0.47040701104507404,0.42492587354806083,0.42492587354806083,VERIFIED_DOCUMENTED_VINTAGES_PARTIAL_RELEASE_HISTORY,2024Q1
PRODUCTION_ENSEMBLE,conservative,PERMISSIVE_END_OF_DAY,FIRST_RELEASE,POOLED_RESEARCH_ONLY,H1,LEAVE_ONE_QUARTER_OUT,9,9,0.54843524882844152,0.42470026102257019,0.42470026102257019,VERIFIED_DOCUMENTED_VINTAGES_PARTIAL_RELEASE_HISTORY,2024Q1
PRODUCTION_ENSEMBLE,conservative,PERMISSIVE_END_OF_DAY,FIRST_RELEASE,POOLED_RESEARCH_ONLY,H2,LEAVE_ONE_QUARTER_OUT,9,9,0.62133553297881816,0.4970581272003502,0.45112924658987918,VERIFIED_DOCUMENTED_VINTAGES_PARTIAL_RELEASE_HISTORY,2024Q1
PRODUCTION_ENSEMBLE,conservative,PERMISSIVE_END_OF_DAY,FIRST_RELEASE,POOLED_RESEARCH_ONLY,H3,LEAVE_ONE_QUARTER_OUT,9,9,0.6474529395954044,0.49606996596523356,0.46847591188605925,VERIFIED_DOCUMENTED_VINTAGES_PARTIAL_RELEASE_HISTORY,2024Q1
PRODUCTION_ENSEMBLE,conservative,PERMISSIVE_END_OF_DAY,FIRST_RELEASE,POOLED_RESEARCH_ONLY,ALL,LEAVE_ONE_QUARTER_OUT,27,9,0.60718870644150302,0.47260945139605126,0.44810180649950282,VERIFIED_DOCUMENTED_VINTAGES_PARTIAL_RELEASE_HISTORY,2024Q1
PRODUCTION_ENSEMBLE,conservative,PERMISSIVE_END_OF_DAY,FIRST_RELEASE,POOLED_RESEARCH_ONLY,H2_H3,LEAVE_ONE_QUARTER_OUT,18,9,0.63452862564773327,0.49656404658279185,0.45980257923796919,VERIFIED_DOCUMENTED_VINTAGES_PARTIAL_RELEASE_HISTORY,2024Q1
PRODUCTION_ENSEMBLE,conservative,PERMISSIVE_END_OF_DAY,LATEST_REVISED,DEVELOPMENT_PSEUDO_OOS,H1,LEAVE_ONE_QUARTER_OUT,5,5,0.525619321039,0.50230392616065878,0.50230392616065878,VERIFIED_DOCUMENTED_VINTAGES_PARTIAL_RELEASE_HISTORY,2024Q1
PRODUCTION_ENSEMBLE,conservative,PERMISSIVE_END_OF_DAY,LATEST_REVISED,DEVELOPMENT_PSEUDO_OOS,H2,LEAVE_ONE_QUARTER_OUT,5,5,0.51735984195190377,0.48596322489238908,0.48596322489238908,VERIFIED_DOCUMENTED_VINTAGES_PARTIAL_RELEASE_HISTORY,2024Q1
PRODUCTION_ENSEMBLE,conservative,PERMISSIVE_END_OF_DAY,LATEST_REVISED,DEVELOPMENT_PSEUDO_OOS,H3,LEAVE_ONE_QUARTER_OUT,5,5,0.55660512707239795,0.52388852220372917,0.52388852220372917,VERIFIED_DOCUMENTED_VINTAGES_PARTIAL_RELEASE_HISTORY,2024Q1
PRODUCTION_ENSEMBLE,conservative,PERMISSIVE_END_OF_DAY,LATEST_REVISED,DEVELOPMENT_PSEUDO_OOS,ALL,LEAVE_ONE_QUARTER_OUT,15,5,0.5334623211303301,0.50405189108559234,0.50405189108559234,VERIFIED_DOCUMENTED_VINTAGES_PARTIAL_RELEASE_HISTORY,2024Q1
PRODUCTION_ENSEMBLE,conservative,PERMISSIVE_END_OF_DAY,LATEST_REVISED,DEVELOPMENT_PSEUDO_OOS,H2_H3,LEAVE_ONE_QUARTER_OUT,10,5,0.53734089438073618,0.50492587354805907,0.50492587354805907,VERIFIED_DOCUMENTED_VINTAGES_PARTIAL_RELEASE_HISTORY,2024Q1
PRODUCTION_ENSEMBLE,conservative,PERMISSIVE_END_OF_DAY,LATEST_REVISED,POOLED_RESEARCH_ONLY,H1,LEAVE_ONE_QUARTER_OUT,9,9,0.57442836756158666,0.46914470546701381,0.46914470546701381,VERIFIED_DOCUMENTED_VINTAGES_PARTIAL_RELEASE_HISTORY,2024Q1
PRODUCTION_ENSEMBLE,conservative,PERMISSIVE_END_OF_DAY,LATEST_REVISED,POOLED_RESEARCH_ONLY,H2,LEAVE_ONE_QUARTER_OUT,9,9,0.64929312101933534,0.54150257164479321,0.49557369103432275,VERIFIED_DOCUMENTED_VINTAGES_PARTIAL_RELEASE_HISTORY,2024Q1
PRODUCTION_ENSEMBLE,conservative,PERMISSIVE_END_OF_DAY,LATEST_REVISED,POOLED_RESEARCH_ONLY,H3,LEAVE_ONE_QUARTER_OUT,9,9,0.67721399671359883,0.54051441040967652,0.51292035633050281,VERIFIED_DOCUMENTED_VINTAGES_PARTIAL_RELEASE_HISTORY,2024Q1
PRODUCTION_ENSEMBLE,conservative,PERMISSIVE_END_OF_DAY,LATEST_REVISED,POOLED_RESEARCH_ONLY,ALL,LEAVE_ONE_QUARTER_OUT,27,9,0.63512946286755967,0.51705389584049455,0.4925462509439465,VERIFIED_DOCUMENTED_VINTAGES_PARTIAL_RELEASE_HISTORY,2024Q1
PRODUCTION_ENSEMBLE,conservative,PERMISSIVE_END_OF_DAY,LATEST_REVISED,POOLED_RESEARCH_ONLY,H2_H3,LEAVE_ONE_QUARTER_OUT,18,9,0.66340046515955786,0.54100849102723492,0.50424702368241281,VERIFIED_DOCUMENTED_VINTAGES_PARTIAL_RELEASE_HISTORY,2024Q1
PRODUCTION_ENSEMBLE,conservative,STRICT,FIRST_RELEASE,DEVELOPMENT_PSEUDO_OOS,H1,LEAVE_ONE_QUARTER_OUT,5,5,0.47301116425089001,0.42230392616066048,0.42230392616066048,VERIFIED_DOCUMENTED_VINTAGES_PARTIAL_RELEASE_HISTORY,2024Q1
PRODUCTION_ENSEMBLE,conservative,STRICT,FIRST_RELEASE,DEVELOPMENT_PSEUDO_OOS,H2,LEAVE_ONE_QUARTER_OUT,5,5,0.45135188449232849,0.40596322489239078,0.40596322489239078,VERIFIED_DOCUMENTED_VINTAGES_PARTIAL_RELEASE_HISTORY,2024Q1
PRODUCTION_ENSEMBLE,conservative,STRICT,FIRST_RELEASE,DEVELOPMENT_PSEUDO_OOS,H3,LEAVE_ONE_QUARTER_OUT,5,5,0.48871974427676307,0.44388852220373087,0.44388852220373087,VERIFIED_DOCUMENTED_VINTAGES_PARTIAL_RELEASE_HISTORY,2024Q1
PRODUCTION_ENSEMBLE,conservative,STRICT,FIRST_RELEASE,DEVELOPMENT_PSEUDO_OOS,ALL,LEAVE_ONE_QUARTER_OUT,15,5,0.47127666099178711,0.42405189108559405,0.42405189108559405,VERIFIED_DOCUMENTED_VINTAGES_PARTIAL_RELEASE_HISTORY,2024Q1
PRODUCTION_ENSEMBLE,conservative,STRICT,FIRST_RELEASE,DEVELOPMENT_PSEUDO_OOS,H2_H3,LEAVE_ONE_QUARTER_OUT,10,5,0.47040701104507404,0.42492587354806083,0.42492587354806083,VERIFIED_DOCUMENTED_VINTAGES_PARTIAL_RELEASE_HISTORY,2024Q1
PRODUCTION_ENSEMBLE,conservative,STRICT,FIRST_RELEASE,POOLED_RESEARCH_ONLY,H1,LEAVE_ONE_QUARTER_OUT,9,9,0.54843524882844152,0.42470026102257019,0.42470026102257019,VERIFIED_DOCUMENTED_VINTAGES_PARTIAL_RELEASE_HISTORY,2024Q1
PRODUCTION_ENSEMBLE,conservative,STRICT,FIRST_RELEASE,POOLED_RESEARCH_ONLY,H2,LEAVE_ONE_QUARTER_OUT,9,9,0.62133553297881816,0.4970581272003502,0.45112924658987918,VERIFIED_DOCUMENTED_VINTAGES_PARTIAL_RELEASE_HISTORY,2024Q1
PRODUCTION_ENSEMBLE,conservative,STRICT,FIRST_RELEASE,POOLED_RESEARCH_ONLY,H3,LEAVE_ONE_QUARTER_OUT,9,9,0.6474529395954044,0.49606996596523356,0.46847591188605925,VERIFIED_DOCUMENTED_VINTAGES_PARTIAL_RELEASE_HISTORY,2024Q1
PRODUCTION_ENSEMBLE,conservative,STRICT,FIRST_RELEASE,POOLED_RESEARCH_ONLY,ALL,LEAVE_ONE_QUARTER_OUT,27,9,0.60718870644150302,0.47260945139605126,0.44810180649950282,VERIFIED_DOCUMENTED_VINTAGES_PARTIAL_RELEASE_HISTORY,2024Q1
PRODUCTION_ENSEMBLE,conservative,STRICT,FIRST_RELEASE,POOLED_RESEARCH_ONLY,H2_H3,LEAVE_ONE_QUARTER_OUT,18,9,0.63452862564773327,0.49656404658279185,0.45980257923796919,VERIFIED_DOCUMENTED_VINTAGES_PARTIAL_RELEASE_HISTORY,2024Q1
PRODUCTION_ENSEMBLE,conservative,STRICT,LATEST_REVISED,DEVELOPMENT_PSEUDO_OOS,H1,LEAVE_ONE_QUARTER_OUT,5,5,0.525619321039,0.50230392616065878,0.50230392616065878,VERIFIED_DOCUMENTED_VINTAGES_PARTIAL_RELEASE_HISTORY,2024Q1
PRODUCTION_ENSEMBLE,conservative,STRICT,LATEST_REVISED,DEVELOPMENT_PSEUDO_OOS,H2,LEAVE_ONE_QUARTER_OUT,5,5,0.51735984195190377,0.48596322489238908,0.48596322489238908,VERIFIED_DOCUMENTED_VINTAGES_PARTIAL_RELEASE_HISTORY,2024Q1
PRODUCTION_ENSEMBLE,conservative,STRICT,LATEST_REVISED,DEVELOPMENT_PSEUDO_OOS,H3,LEAVE_ONE_QUARTER_OUT,5,5,0.55660512707239795,0.52388852220372917,0.52388852220372917,VERIFIED_DOCUMENTED_VINTAGES_PARTIAL_RELEASE_HISTORY,2024Q1
PRODUCTION_ENSEMBLE,conservative,STRICT,LATEST_REVISED,DEVELOPMENT_PSEUDO_OOS,ALL,LEAVE_ONE_QUARTER_OUT,15,5,0.5334623211303301,0.50405189108559234,0.50405189108559234,VERIFIED_DOCUMENTED_VINTAGES_PARTIAL_RELEASE_HISTORY,2024Q1
PRODUCTION_ENSEMBLE,conservative,STRICT,LATEST_REVISED,DEVELOPMENT_PSEUDO_OOS,H2_H3,LEAVE_ONE_QUARTER_OUT,10,5,0.53734089438073618,0.50492587354805907,0.50492587354805907,VERIFIED_DOCUMENTED_VINTAGES_PARTIAL_RELEASE_HISTORY,2024Q1
PRODUCTION_ENSEMBLE,conservative,STRICT,LATEST_REVISED,POOLED_RESEARCH_ONLY,H1,LEAVE_ONE_QUARTER_OUT,9,9,0.57442836756158666,0.46914470546701381,0.46914470546701381,VERIFIED_DOCUMENTED_VINTAGES_PARTIAL_RELEASE_HISTORY,2024Q1
PRODUCTION_ENSEMBLE,conservative,STRICT,LATEST_REVISED,POOLED_RESEARCH_ONLY,H2,LEAVE_ONE_QUARTER_OUT,9,9,0.64929312101933534,0.54150257164479321,0.49557369103432275,VERIFIED_DOCUMENTED_VINTAGES_PARTIAL_RELEASE_HISTORY,2024Q1
PRODUCTION_ENSEMBLE,conservative,STRICT,LATEST_REVISED,POOLED_RESEARCH_ONLY,H3,LEAVE_ONE_QUARTER_OUT,9,9,0.67721399671359883,0.54051441040967652,0.51292035633050281,VERIFIED_DOCUMENTED_VINTAGES_PARTIAL_RELEASE_HISTORY,2024Q1
PRODUCTION_ENSEMBLE,conservative,STRICT,LATEST_REVISED,POOLED_RESEARCH_ONLY,ALL,LEAVE_ONE_QUARTER_OUT,27,9,0.63512946286755967,0.51705389584049455,0.4925462509439465,VERIFIED_DOCUMENTED_VINTAGES_PARTIAL_RELEASE_HISTORY,2024Q1
PRODUCTION_ENSEMBLE,conservative,STRICT,LATEST_REVISED,POOLED_RESEARCH_ONLY,H2_H3,LEAVE_ONE_QUARTER_OUT,18,9,0.66340046515955786,0.54100849102723492,0.50424702368241281,VERIFIED_DOCUMENTED_VINTAGES_PARTIAL_RELEASE_HISTORY,2024Q1
PRODUCTION_ENSEMBLE,standard,PERMISSIVE_END_OF_DAY,FIRST_RELEASE,DEVELOPMENT_PSEUDO_OOS,H1,LEAVE_ONE_QUARTER_OUT,5,5,0.45135188449232849,0.40596322489239078,0.40596322489239078,VERIFIED_DOCUMENTED_VINTAGES_PARTIAL_RELEASE_HISTORY,2024Q1
PRODUCTION_ENSEMBLE,standard,PERMISSIVE_END_OF_DAY,FIRST_RELEASE,DEVELOPMENT_PSEUDO_OOS,H2,LEAVE_ONE_QUARTER_OUT,5,5,0.48871974427676307,0.44388852220373087,0.44388852220373087,VERIFIED_DOCUMENTED_VINTAGES_PARTIAL_RELEASE_HISTORY,2024Q1
PRODUCTION_ENSEMBLE,standard,PERMISSIVE_END_OF_DAY,FIRST_RELEASE,DEVELOPMENT_PSEUDO_OOS,H3,LEAVE_ONE_QUARTER_OUT,5,5,0.3461841277529123,0.32567408295916545,0.18788838125483753,VERIFIED_DOCUMENTED_VINTAGES_PARTIAL_RELEASE_HISTORY,2024Q1
PRODUCTION_ENSEMBLE,standard,PERMISSIVE_END_OF_DAY,FIRST_RELEASE,DEVELOPMENT_PSEUDO_OOS,ALL,LEAVE_ONE_QUARTER_OUT,15,5,0.43297766008142791,0.39184194335176237,0.34591337611698642,VERIFIED_DOCUMENTED_VINTAGES_PARTIAL_RELEASE_HISTORY,2024Q1
PRODUCTION_ENSEMBLE,standard,PERMISSIVE_END_OF_DAY,FIRST_RELEASE,DEVELOPMENT_PSEUDO_OOS,H2_H3,LEAVE_ONE_QUARTER_OUT,10,5,0.42349169930117248,0.38478130258144816,0.3158884517292842,VERIFIED_DOCUMENTED_VINTAGES_PARTIAL_RELEASE_HISTORY,2024Q1
PRODUCTION_ENSEMBLE,standard,PERMISSIVE_END_OF_DAY,FIRST_RELEASE,POOLED_RESEARCH_ONLY,H1,LEAVE_ONE_QUARTER_OUT,9,9,0.62133553297881816,0.4970581272003502,0.45112924658987918,VERIFIED_DOCUMENTED_VINTAGES_PARTIAL_RELEASE_HISTORY,2024Q1
PRODUCTION_ENSEMBLE,standard,PERMISSIVE_END_OF_DAY,FIRST_RELEASE,POOLED_RESEARCH_ONLY,H2,LEAVE_ONE_QUARTER_OUT,9,9,0.6474529395954044,0.49606996596523356,0.46847591188605925,VERIFIED_DOCUMENTED_VINTAGES_PARTIAL_RELEASE_HISTORY,2024Q1
PRODUCTION_ENSEMBLE,standard,PERMISSIVE_END_OF_DAY,FIRST_RELEASE,POOLED_RESEARCH_ONLY,H3,LEAVE_ONE_QUARTER_OUT,9,9,0.40202043311304347,0.31437844802443771,0.23783083596647772,VERIFIED_DOCUMENTED_VINTAGES_PARTIAL_RELEASE_HISTORY,2024Q1
PRODUCTION_ENSEMBLE,standard,PERMISSIVE_END_OF_DAY,FIRST_RELEASE,POOLED_RESEARCH_ONLY,ALL,LEAVE_ONE_QUARTER_OUT,27,9,0.56770696143145349,0.43583551373000717,0.38581199814747208,VERIFIED_DOCUMENTED_VINTAGES_PARTIAL_RELEASE_HISTORY,2024Q1
PRODUCTION_ENSEMBLE,standard,PERMISSIVE_END_OF_DAY,FIRST_RELEASE,POOLED_RESEARCH_ONLY,H2_H3,LEAVE_ONE_QUARTER_OUT,18,9,0.53889504434125635,0.40522420699483563,0.3531533739262685,VERIFIED_DOCUMENTED_VINTAGES_PARTIAL_RELEASE_HISTORY,2024Q1
PRODUCTION_ENSEMBLE,standard,PERMISSIVE_END_OF_DAY,LATEST_REVISED,DEVELOPMENT_PSEUDO_OOS,H1,LEAVE_ONE_QUARTER_OUT,5,5,0.51735984195190377,0.48596322489238908,0.48596322489238908,VERIFIED_DOCUMENTED_VINTAGES_PARTIAL_RELEASE_HISTORY,2024Q1
PRODUCTION_ENSEMBLE,standard,PERMISSIVE_END_OF_DAY,LATEST_REVISED,DEVELOPMENT_PSEUDO_OOS,H2,LEAVE_ONE_QUARTER_OUT,5,5,0.55660512707239795,0.52388852220372917,0.52388852220372917,VERIFIED_DOCUMENTED_VINTAGES_PARTIAL_RELEASE_HISTORY,2024Q1
PRODUCTION_ENSEMBLE,standard,PERMISSIVE_END_OF_DAY,LATEST_REVISED,DEVELOPMENT_PSEUDO_OOS,H3,LEAVE_ONE_QUARTER_OUT,5,5,0.42056276464161646,0.40567408295916269,0.26788838125483583,VERIFIED_DOCUMENTED_VINTAGES_PARTIAL_RELEASE_HISTORY,2024Q1
PRODUCTION_ENSEMBLE,standard,PERMISSIVE_END_OF_DAY,LATEST_REVISED,DEVELOPMENT_PSEUDO_OOS,ALL,LEAVE_ONE_QUARTER_OUT,15,5,0.50144574733157943,0.47184194335176033,0.42591337611698471,VERIFIED_DOCUMENTED_VINTAGES_PARTIAL_RELEASE_HISTORY,2024Q1
PRODUCTION_ENSEMBLE,standard,PERMISSIVE_END_OF_DAY,LATEST_REVISED,DEVELOPMENT_PSEUDO_OOS,H2_H3,LEAVE_ONE_QUARTER_OUT,10,5,0.49329621247597261,0.4647813025814459,0.3958884517292825,VERIFIED_DOCUMENTED_VINTAGES_PARTIAL_RELEASE_HISTORY,2024Q1
PRODUCTION_ENSEMBLE,standard,PERMISSIVE_END_OF_DAY,LATEST_REVISED,POOLED_RESEARCH_ONLY,H1,LEAVE_ONE_QUARTER_OUT,9,9,0.64929312101933534,0.54150257164479321,0.49557369103432275,VERIFIED_DOCUMENTED_VINTAGES_PARTIAL_RELEASE_HISTORY,2024Q1
PRODUCTION_ENSEMBLE,standard,PERMISSIVE_END_OF_DAY,LATEST_REVISED,POOLED_RESEARCH_ONLY,H2,LEAVE_ONE_QUARTER_OUT,9,9,0.67721399671359883,0.54051441040967652,0.51292035633050281,VERIFIED_DOCUMENTED_VINTAGES_PARTIAL_RELEASE_HISTORY,2024Q1
PRODUCTION_ENSEMBLE,standard,PERMISSIVE_END_OF_DAY,LATEST_REVISED,POOLED_RESEARCH_ONLY,H3,LEAVE_ONE_QUARTER_OUT,9,9,0.43966297714377794,0.35882289246888072,0.28227528041092131,VERIFIED_DOCUMENTED_VINTAGES_PARTIAL_RELEASE_HISTORY,2024Q1
PRODUCTION_ENSEMBLE,standard,PERMISSIVE_END_OF_DAY,LATEST_REVISED,POOLED_RESEARCH_ONLY,ALL,LEAVE_ONE_QUARTER_OUT,27,9,0.59819280275921227,0.48027995817445013,0.43025644259191559,VERIFIED_DOCUMENTED_VINTAGES_PARTIAL_RELEASE_HISTORY,2024Q1
PRODUCTION_ENSEMBLE,standard,PERMISSIVE_END_OF_DAY,LATEST_REVISED,POOLED_RESEARCH_ONLY,H2_H3,LEAVE_ONE_QUARTER_OUT,18,9,0.5709300880211764,0.4496686514392787,0.39759781837071206,VERIFIED_DOCUMENTED_VINTAGES_PARTIAL_RELEASE_HISTORY,2024Q1
PRODUCTION_ENSEMBLE,standard,STRICT,FIRST_RELEASE,DEVELOPMENT_PSEUDO_OOS,H1,LEAVE_ONE_QUARTER_OUT,5,5,0.45135188449232849,0.40596322489239078,0.40596322489239078,VERIFIED_DOCUMENTED_VINTAGES_PARTIAL_RELEASE_HISTORY,2024Q1
PRODUCTION_ENSEMBLE,standard,STRICT,FIRST_RELEASE,DEVELOPMENT_PSEUDO_OOS,H2,LEAVE_ONE_QUARTER_OUT,5,5,0.48871974427676307,0.44388852220373087,0.44388852220373087,VERIFIED_DOCUMENTED_VINTAGES_PARTIAL_RELEASE_HISTORY,2024Q1
PRODUCTION_ENSEMBLE,standard,STRICT,FIRST_RELEASE,DEVELOPMENT_PSEUDO_OOS,H3,LEAVE_ONE_QUARTER_OUT,5,5,0.3461841277529123,0.32567408295916545,0.18788838125483753,VERIFIED_DOCUMENTED_VINTAGES_PARTIAL_RELEASE_HISTORY,2024Q1
PRODUCTION_ENSEMBLE,standard,STRICT,FIRST_RELEASE,DEVELOPMENT_PSEUDO_OOS,ALL,LEAVE_ONE_QUARTER_OUT,15,5,0.43297766008142791,0.39184194335176237,0.34591337611698642,VERIFIED_DOCUMENTED_VINTAGES_PARTIAL_RELEASE_HISTORY,2024Q1
PRODUCTION_ENSEMBLE,standard,STRICT,FIRST_RELEASE,DEVELOPMENT_PSEUDO_OOS,H2_H3,LEAVE_ONE_QUARTER_OUT,10,5,0.42349169930117248,0.38478130258144816,0.3158884517292842,VERIFIED_DOCUMENTED_VINTAGES_PARTIAL_RELEASE_HISTORY,2024Q1
PRODUCTION_ENSEMBLE,standard,STRICT,FIRST_RELEASE,POOLED_RESEARCH_ONLY,H1,LEAVE_ONE_QUARTER_OUT,9,9,0.62133553297881816,0.4970581272003502,0.45112924658987918,VERIFIED_DOCUMENTED_VINTAGES_PARTIAL_RELEASE_HISTORY,2024Q1
PRODUCTION_ENSEMBLE,standard,STRICT,FIRST_RELEASE,POOLED_RESEARCH_ONLY,H2,LEAVE_ONE_QUARTER_OUT,9,9,0.6474529395954044,0.49606996596523356,0.46847591188605925,VERIFIED_DOCUMENTED_VINTAGES_PARTIAL_RELEASE_HISTORY,2024Q1
PRODUCTION_ENSEMBLE,standard,STRICT,FIRST_RELEASE,POOLED_RESEARCH_ONLY,H3,LEAVE_ONE_QUARTER_OUT,9,9,0.40202043311304347,0.31437844802443771,0.23783083596647772,VERIFIED_DOCUMENTED_VINTAGES_PARTIAL_RELEASE_HISTORY,2024Q1
PRODUCTION_ENSEMBLE,standard,STRICT,FIRST_RELEASE,POOLED_RESEARCH_ONLY,ALL,LEAVE_ONE_QUARTER_OUT,27,9,0.56770696143145349,0.43583551373000717,0.38581199814747208,VERIFIED_DOCUMENTED_VINTAGES_PARTIAL_RELEASE_HISTORY,2024Q1
PRODUCTION_ENSEMBLE,standard,STRICT,FIRST_RELEASE,POOLED_RESEARCH_ONLY,H2_H3,LEAVE_ONE_QUARTER_OUT,18,9,0.53889504434125635,0.40522420699483563,0.3531533739262685,VERIFIED_DOCUMENTED_VINTAGES_PARTIAL_RELEASE_HISTORY,2024Q1
PRODUCTION_ENSEMBLE,standard,STRICT,LATEST_REVISED,DEVELOPMENT_PSEUDO_OOS,H1,LEAVE_ONE_QUARTER_OUT,5,5,0.51735984195190377,0.48596322489238908,0.48596322489238908,VERIFIED_DOCUMENTED_VINTAGES_PARTIAL_RELEASE_HISTORY,2024Q1
PRODUCTION_ENSEMBLE,standard,STRICT,LATEST_REVISED,DEVELOPMENT_PSEUDO_OOS,H2,LEAVE_ONE_QUARTER_OUT,5,5,0.55660512707239795,0.52388852220372917,0.52388852220372917,VERIFIED_DOCUMENTED_VINTAGES_PARTIAL_RELEASE_HISTORY,2024Q1
PRODUCTION_ENSEMBLE,standard,STRICT,LATEST_REVISED,DEVELOPMENT_PSEUDO_OOS,H3,LEAVE_ONE_QUARTER_OUT,5,5,0.42056276464161646,0.40567408295916269,0.26788838125483583,VERIFIED_DOCUMENTED_VINTAGES_PARTIAL_RELEASE_HISTORY,2024Q1
PRODUCTION_ENSEMBLE,standard,STRICT,LATEST_REVISED,DEVELOPMENT_PSEUDO_OOS,ALL,LEAVE_ONE_QUARTER_OUT,15,5,0.50144574733157943,0.47184194335176033,0.42591337611698471,VERIFIED_DOCUMENTED_VINTAGES_PARTIAL_RELEASE_HISTORY,2024Q1
PRODUCTION_ENSEMBLE,standard,STRICT,LATEST_REVISED,DEVELOPMENT_PSEUDO_OOS,H2_H3,LEAVE_ONE_QUARTER_OUT,10,5,0.49329621247597261,0.4647813025814459,0.3958884517292825,VERIFIED_DOCUMENTED_VINTAGES_PARTIAL_RELEASE_HISTORY,2024Q1
PRODUCTION_ENSEMBLE,standard,STRICT,LATEST_REVISED,POOLED_RESEARCH_ONLY,H1,LEAVE_ONE_QUARTER_OUT,9,9,0.64929312101933534,0.54150257164479321,0.49557369103432275,VERIFIED_DOCUMENTED_VINTAGES_PARTIAL_RELEASE_HISTORY,2024Q1
PRODUCTION_ENSEMBLE,standard,STRICT,LATEST_REVISED,POOLED_RESEARCH_ONLY,H2,LEAVE_ONE_QUARTER_OUT,9,9,0.67721399671359883,0.54051441040967652,0.51292035633050281,VERIFIED_DOCUMENTED_VINTAGES_PARTIAL_RELEASE_HISTORY,2024Q1
PRODUCTION_ENSEMBLE,standard,STRICT,LATEST_REVISED,POOLED_RESEARCH_ONLY,H3,LEAVE_ONE_QUARTER_OUT,9,9,0.43966297714377794,0.35882289246888072,0.28227528041092131,VERIFIED_DOCUMENTED_VINTAGES_PARTIAL_RELEASE_HISTORY,2024Q1
PRODUCTION_ENSEMBLE,standard,STRICT,LATEST_REVISED,POOLED_RESEARCH_ONLY,ALL,LEAVE_ONE_QUARTER_OUT,27,9,0.59819280275921227,0.48027995817445013,0.43025644259191559,VERIFIED_DOCUMENTED_VINTAGES_PARTIAL_RELEASE_HISTORY,2024Q1
PRODUCTION_ENSEMBLE,standard,STRICT,LATEST_REVISED,POOLED_RESEARCH_ONLY,H2_H3,LEAVE_ONE_QUARTER_OUT,18,9,0.5709300880211764,0.4496686514392787,0.39759781837071206,VERIFIED_DOCUMENTED_VINTAGES_PARTIAL_RELEASE_HISTORY,2024Q1
UMIDAS_USD,conservative,PERMISSIVE_END_OF_DAY,FIRST_RELEASE,DEVELOPMENT_PSEUDO_OOS,H1,LEAVE_ONE_QUARTER_OUT,5,5,0.41132848308167291,0.36138846513580364,0.3335883204807219,VERIFIED_DOCUMENTED_VINTAGES_PARTIAL_RELEASE_HISTORY,2024Q1
UMIDAS_USD,conservative,PERMISSIVE_END_OF_DAY,FIRST_RELEASE,DEVELOPMENT_PSEUDO_OOS,H2,LEAVE_ONE_QUARTER_OUT,5,5,0.39123574141872697,0.31237091715201987,0.30090691794418251,VERIFIED_DOCUMENTED_VINTAGES_PARTIAL_RELEASE_HISTORY,2024Q1
UMIDAS_USD,conservative,PERMISSIVE_END_OF_DAY,FIRST_RELEASE,DEVELOPMENT_PSEUDO_OOS,H3,LEAVE_ONE_QUARTER_OUT,5,5,0.46202576233885251,0.3940379869236571,0.37675751256686302,VERIFIED_DOCUMENTED_VINTAGES_PARTIAL_RELEASE_HISTORY,2024Q1
UMIDAS_USD,conservative,PERMISSIVE_END_OF_DAY,FIRST_RELEASE,DEVELOPMENT_PSEUDO_OOS,ALL,LEAVE_ONE_QUARTER_OUT,15,5,0.42258108942644718,0.35593245640382687,0.33708425033058914,VERIFIED_DOCUMENTED_VINTAGES_PARTIAL_RELEASE_HISTORY,2024Q1
UMIDAS_USD,conservative,PERMISSIVE_END_OF_DAY,FIRST_RELEASE,DEVELOPMENT_PSEUDO_OOS,H2_H3,LEAVE_ONE_QUARTER_OUT,10,5,0.42809649054171117,0.35320445203783846,0.33883221525552276,VERIFIED_DOCUMENTED_VINTAGES_PARTIAL_RELEASE_HISTORY,2024Q1
UMIDAS_USD,conservative,PERMISSIVE_END_OF_DAY,FIRST_RELEASE,POOLED_RESEARCH_ONLY,H1,LEAVE_ONE_QUARTER_OUT,9,9,0.40638263450427087,0.32483490645328345,0.23127556394234905,VERIFIED_DOCUMENTED_VINTAGES_PARTIAL_RELEASE_HISTORY,2024Q1
UMIDAS_USD,conservative,PERMISSIVE_END_OF_DAY,FIRST_RELEASE,POOLED_RESEARCH_ONLY,H2,LEAVE_ONE_QUARTER_OUT,9,9,0.615486552430765,0.50387947364007157,0.28413353507696676,VERIFIED_DOCUMENTED_VINTAGES_PARTIAL_RELEASE_HISTORY,2024Q1
UMIDAS_USD,conservative,PERMISSIVE_END_OF_DAY,FIRST_RELEASE,POOLED_RESEARCH_ONLY,H3,LEAVE_ONE_QUARTER_OUT,9,9,0.63644922415669447,0.50513452625259225,0.31882686566932722,VERIFIED_DOCUMENTED_VINTAGES_PARTIAL_RELEASE_HISTORY,2024Q1
UMIDAS_USD,conservative,PERMISSIVE_END_OF_DAY,FIRST_RELEASE,POOLED_RESEARCH_ONLY,ALL,LEAVE_ONE_QUARTER_OUT,27,9,0.56244648835226962,0.44461630211531578,0.27807865489621436,VERIFIED_DOCUMENTED_VINTAGES_PARTIAL_RELEASE_HISTORY,2024Q1
UMIDAS_USD,conservative,PERMISSIVE_END_OF_DAY,FIRST_RELEASE,POOLED_RESEARCH_ONLY,H2_H3,LEAVE_ONE_QUARTER_OUT,18,9,0.62605563297232902,0.50450699994633197,0.30148020037314699,VERIFIED_DOCUMENTED_VINTAGES_PARTIAL_RELEASE_HISTORY,2024Q1
UMIDAS_USD,conservative,PERMISSIVE_END_OF_DAY,LATEST_REVISED,DEVELOPMENT_PSEUDO_OOS,H1,LEAVE_ONE_QUARTER_OUT,5,5,0.45627455065972961,0.4135883204807202,0.4135883204807202,VERIFIED_DOCUMENTED_VINTAGES_PARTIAL_RELEASE_HISTORY,2024Q1
UMIDAS_USD,conservative,PERMISSIVE_END_OF_DAY,LATEST_REVISED,DEVELOPMENT_PSEUDO_OOS,H2,LEAVE_ONE_QUARTER_OUT,5,5,0.46354492395164942,0.39237091715202033,0.3809069179441808,VERIFIED_DOCUMENTED_VINTAGES_PARTIAL_RELEASE_HISTORY,2024Q1
UMIDAS_USD,conservative,PERMISSIVE_END_OF_DAY,LATEST_REVISED,DEVELOPMENT_PSEUDO_OOS,H3,LEAVE_ONE_QUARTER_OUT,5,5,0.53788055313229466,0.47403798692365751,0.45675751256686131,VERIFIED_DOCUMENTED_VINTAGES_PARTIAL_RELEASE_HISTORY,2024Q1
UMIDAS_USD,conservative,PERMISSIVE_END_OF_DAY,LATEST_REVISED,DEVELOPMENT_PSEUDO_OOS,ALL,LEAVE_ONE_QUARTER_OUT,15,5,0.48729725751296882,0.42666574151879932,0.41708425033058744,VERIFIED_DOCUMENTED_VINTAGES_PARTIAL_RELEASE_HISTORY,2024Q1
UMIDAS_USD,conservative,PERMISSIVE_END_OF_DAY,LATEST_REVISED,DEVELOPMENT_PSEUDO_OOS,H2_H3,LEAVE_ONE_QUARTER_OUT,10,5,0.50209032352717364,0.43320445203783892,0.41883221525552106,VERIFIED_DOCUMENTED_VINTAGES_PARTIAL_RELEASE_HISTORY,2024Q1
UMIDAS_USD,conservative,PERMISSIVE_END_OF_DAY,LATEST_REVISED,POOLED_RESEARCH_ONLY,H1,LEAVE_ONE_QUARTER_OUT,9,9,0.43221629533358941,0.35383482608934891,0.27572000838679261,VERIFIED_DOCUMENTED_VINTAGES_PARTIAL_RELEASE_HISTORY,2024Q1
UMIDAS_USD,conservative,PERMISSIVE_END_OF_DAY,LATEST_REVISED,POOLED_RESEARCH_ONLY,H2,LEAVE_ONE_QUARTER_OUT,9,9,0.64277659172248558,0.54832391808451575,0.32857797952141038,VERIFIED_DOCUMENTED_VINTAGES_PARTIAL_RELEASE_HISTORY,2024Q1
UMIDAS_USD,conservative,PERMISSIVE_END_OF_DAY,LATEST_REVISED,POOLED_RESEARCH_ONLY,H3,LEAVE_ONE_QUARTER_OUT,9,9,0.66873404082576915,0.54957897069703643,0.36327131011377084,VERIFIED_DOCUMENTED_VINTAGES_PARTIAL_RELEASE_HISTORY,2024Q1
UMIDAS_USD,conservative,PERMISSIVE_END_OF_DAY,LATEST_REVISED,POOLED_RESEARCH_ONLY,ALL,LEAVE_ONE_QUARTER_OUT,27,9,0.59081240400469737,0.48391257162363366,0.32252309934065793,VERIFIED_DOCUMENTED_VINTAGES_PARTIAL_RELEASE_HISTORY,2024Q1
UMIDAS_USD,conservative,PERMISSIVE_END_OF_DAY,LATEST_REVISED,POOLED_RESEARCH_ONLY,H2_H3,LEAVE_ONE_QUARTER_OUT,18,9,0.65588374130844884,0.54895144439077603,0.34592464481759061,VERIFIED_DOCUMENTED_VINTAGES_PARTIAL_RELEASE_HISTORY,2024Q1
UMIDAS_USD,conservative,STRICT,FIRST_RELEASE,DEVELOPMENT_PSEUDO_OOS,H1,LEAVE_ONE_QUARTER_OUT,5,5,0.41132848308167291,0.36138846513580364,0.3335883204807219,VERIFIED_DOCUMENTED_VINTAGES_PARTIAL_RELEASE_HISTORY,2024Q1
UMIDAS_USD,conservative,STRICT,FIRST_RELEASE,DEVELOPMENT_PSEUDO_OOS,H2,LEAVE_ONE_QUARTER_OUT,5,5,0.39123574141872697,0.31237091715201987,0.30090691794418251,VERIFIED_DOCUMENTED_VINTAGES_PARTIAL_RELEASE_HISTORY,2024Q1
UMIDAS_USD,conservative,STRICT,FIRST_RELEASE,DEVELOPMENT_PSEUDO_OOS,H3,LEAVE_ONE_QUARTER_OUT,5,5,0.46202576233885251,0.3940379869236571,0.37675751256686302,VERIFIED_DOCUMENTED_VINTAGES_PARTIAL_RELEASE_HISTORY,2024Q1
UMIDAS_USD,conservative,STRICT,FIRST_RELEASE,DEVELOPMENT_PSEUDO_OOS,ALL,LEAVE_ONE_QUARTER_OUT,15,5,0.42258108942644718,0.35593245640382687,0.33708425033058914,VERIFIED_DOCUMENTED_VINTAGES_PARTIAL_RELEASE_HISTORY,2024Q1
UMIDAS_USD,conservative,STRICT,FIRST_RELEASE,DEVELOPMENT_PSEUDO_OOS,H2_H3,LEAVE_ONE_QUARTER_OUT,10,5,0.42809649054171117,0.35320445203783846,0.33883221525552276,VERIFIED_DOCUMENTED_VINTAGES_PARTIAL_RELEASE_HISTORY,2024Q1
UMIDAS_USD,conservative,STRICT,FIRST_RELEASE,POOLED_RESEARCH_ONLY,H1,LEAVE_ONE_QUARTER_OUT,9,9,0.40638263450427087,0.32483490645328345,0.23127556394234905,VERIFIED_DOCUMENTED_VINTAGES_PARTIAL_RELEASE_HISTORY,2024Q1
UMIDAS_USD,conservative,STRICT,FIRST_RELEASE,POOLED_RESEARCH_ONLY,H2,LEAVE_ONE_QUARTER_OUT,9,9,0.615486552430765,0.50387947364007157,0.28413353507696676,VERIFIED_DOCUMENTED_VINTAGES_PARTIAL_RELEASE_HISTORY,2024Q1
UMIDAS_USD,conservative,STRICT,FIRST_RELEASE,POOLED_RESEARCH_ONLY,H3,LEAVE_ONE_QUARTER_OUT,9,9,0.63644922415669447,0.50513452625259225,0.31882686566932722,VERIFIED_DOCUMENTED_VINTAGES_PARTIAL_RELEASE_HISTORY,2024Q1
UMIDAS_USD,conservative,STRICT,FIRST_RELEASE,POOLED_RESEARCH_ONLY,ALL,LEAVE_ONE_QUARTER_OUT,27,9,0.56244648835226962,0.44461630211531578,0.27807865489621436,VERIFIED_DOCUMENTED_VINTAGES_PARTIAL_RELEASE_HISTORY,2024Q1
UMIDAS_USD,conservative,STRICT,FIRST_RELEASE,POOLED_RESEARCH_ONLY,H2_H3,LEAVE_ONE_QUARTER_OUT,18,9,0.62605563297232902,0.50450699994633197,0.30148020037314699,VERIFIED_DOCUMENTED_VINTAGES_PARTIAL_RELEASE_HISTORY,2024Q1
UMIDAS_USD,conservative,STRICT,LATEST_REVISED,DEVELOPMENT_PSEUDO_OOS,H1,LEAVE_ONE_QUARTER_OUT,5,5,0.45627455065972961,0.4135883204807202,0.4135883204807202,VERIFIED_DOCUMENTED_VINTAGES_PARTIAL_RELEASE_HISTORY,2024Q1
UMIDAS_USD,conservative,STRICT,LATEST_REVISED,DEVELOPMENT_PSEUDO_OOS,H2,LEAVE_ONE_QUARTER_OUT,5,5,0.46354492395164942,0.39237091715202033,0.3809069179441808,VERIFIED_DOCUMENTED_VINTAGES_PARTIAL_RELEASE_HISTORY,2024Q1
UMIDAS_USD,conservative,STRICT,LATEST_REVISED,DEVELOPMENT_PSEUDO_OOS,H3,LEAVE_ONE_QUARTER_OUT,5,5,0.53788055313229466,0.47403798692365751,0.45675751256686131,VERIFIED_DOCUMENTED_VINTAGES_PARTIAL_RELEASE_HISTORY,2024Q1
UMIDAS_USD,conservative,STRICT,LATEST_REVISED,DEVELOPMENT_PSEUDO_OOS,ALL,LEAVE_ONE_QUARTER_OUT,15,5,0.48729725751296882,0.42666574151879932,0.41708425033058744,VERIFIED_DOCUMENTED_VINTAGES_PARTIAL_RELEASE_HISTORY,2024Q1
UMIDAS_USD,conservative,STRICT,LATEST_REVISED,DEVELOPMENT_PSEUDO_OOS,H2_H3,LEAVE_ONE_QUARTER_OUT,10,5,0.50209032352717364,0.43320445203783892,0.41883221525552106,VERIFIED_DOCUMENTED_VINTAGES_PARTIAL_RELEASE_HISTORY,2024Q1
UMIDAS_USD,conservative,STRICT,LATEST_REVISED,POOLED_RESEARCH_ONLY,H1,LEAVE_ONE_QUARTER_OUT,9,9,0.43221629533358941,0.35383482608934891,0.27572000838679261,VERIFIED_DOCUMENTED_VINTAGES_PARTIAL_RELEASE_HISTORY,2024Q1
UMIDAS_USD,conservative,STRICT,LATEST_REVISED,POOLED_RESEARCH_ONLY,H2,LEAVE_ONE_QUARTER_OUT,9,9,0.64277659172248558,0.54832391808451575,0.32857797952141038,VERIFIED_DOCUMENTED_VINTAGES_PARTIAL_RELEASE_HISTORY,2024Q1
UMIDAS_USD,conservative,STRICT,LATEST_REVISED,POOLED_RESEARCH_ONLY,H3,LEAVE_ONE_QUARTER_OUT,9,9,0.66873404082576915,0.54957897069703643,0.36327131011377084,VERIFIED_DOCUMENTED_VINTAGES_PARTIAL_RELEASE_HISTORY,2024Q1
UMIDAS_USD,conservative,STRICT,LATEST_REVISED,POOLED_RESEARCH_ONLY,ALL,LEAVE_ONE_QUARTER_OUT,27,9,0.59081240400469737,0.48391257162363366,0.32252309934065793,VERIFIED_DOCUMENTED_VINTAGES_PARTIAL_RELEASE_HISTORY,2024Q1
UMIDAS_USD,conservative,STRICT,LATEST_REVISED,POOLED_RESEARCH_ONLY,H2_H3,LEAVE_ONE_QUARTER_OUT,18,9,0.65588374130844884,0.54895144439077603,0.34592464481759061,VERIFIED_DOCUMENTED_VINTAGES_PARTIAL_RELEASE_HISTORY,2024Q1
UMIDAS_USD,standard,PERMISSIVE_END_OF_DAY,FIRST_RELEASE,DEVELOPMENT_PSEUDO_OOS,H1,LEAVE_ONE_QUARTER_OUT,5,5,0.39123574141872697,0.31237091715201987,0.30090691794418251,VERIFIED_DOCUMENTED_VINTAGES_PARTIAL_RELEASE_HISTORY,2024Q1
UMIDAS_USD,standard,PERMISSIVE_END_OF_DAY,FIRST_RELEASE,DEVELOPMENT_PSEUDO_OOS,H2,LEAVE_ONE_QUARTER_OUT,5,5,0.46202576233885251,0.3940379869236571,0.37675751256686302,VERIFIED_DOCUMENTED_VINTAGES_PARTIAL_RELEASE_HISTORY,2024Q1
UMIDAS_USD,standard,PERMISSIVE_END_OF_DAY,FIRST_RELEASE,DEVELOPMENT_PSEUDO_OOS,H3,LEAVE_ONE_QUARTER_OUT,5,5,0.64013242949691596,0.41548213794453626,-0.1352427693309238,VERIFIED_DOCUMENTED_VINTAGES_PARTIAL_RELEASE_HISTORY,2024Q1
UMIDAS_USD,standard,PERMISSIVE_END_OF_DAY,FIRST_RELEASE,DEVELOPMENT_PSEUDO_OOS,ALL,LEAVE_ONE_QUARTER_OUT,15,5,0.5086920278917566,0.37396368067340441,0.18080722039337391,VERIFIED_DOCUMENTED_VINTAGES_PARTIAL_RELEASE_HISTORY,2024Q1
UMIDAS_USD,standard,PERMISSIVE_END_OF_DAY,FIRST_RELEASE,DEVELOPMENT_PSEUDO_OOS,H2_H3,LEAVE_ONE_QUARTER_OUT,10,5,0.55822814885959571,0.40476006243409668,0.12075737161796959,VERIFIED_DOCUMENTED_VINTAGES_PARTIAL_RELEASE_HISTORY,2024Q1
UMIDAS_USD,standard,PERMISSIVE_END_OF_DAY,FIRST_RELEASE,POOLED_RESEARCH_ONLY,H1,LEAVE_ONE_QUARTER_OUT,9,9,0.615486552430765,0.50387947364007157,0.28413353507696676,VERIFIED_DOCUMENTED_VINTAGES_PARTIAL_RELEASE_HISTORY,2024Q1
UMIDAS_USD,standard,PERMISSIVE_END_OF_DAY,FIRST_RELEASE,POOLED_RESEARCH_ONLY,H2,LEAVE_ONE_QUARTER_OUT,9,9,0.63644922415669447,0.50513452625259225,0.31882686566932722,VERIFIED_DOCUMENTED_VINTAGES_PARTIAL_RELEASE_HISTORY,2024Q1
UMIDAS_USD,standard,PERMISSIVE_END_OF_DAY,FIRST_RELEASE,POOLED_RESEARCH_ONLY,H3,LEAVE_ONE_QUARTER_OUT,9,9,0.5245207280263573,0.35892702777107455,-0.14246328616983611,VERIFIED_DOCUMENTED_VINTAGES_PARTIAL_RELEASE_HISTORY,2024Q1
UMIDAS_USD,standard,PERMISSIVE_END_OF_DAY,FIRST_RELEASE,POOLED_RESEARCH_ONLY,ALL,LEAVE_ONE_QUARTER_OUT,27,9,0.59414176346560788,0.45598034255457948,0.15349903819215263,VERIFIED_DOCUMENTED_VINTAGES_PARTIAL_RELEASE_HISTORY,2024Q1
UMIDAS_USD,standard,PERMISSIVE_END_OF_DAY,FIRST_RELEASE,POOLED_RESEARCH_ONLY,H2_H3,LEAVE_ONE_QUARTER_OUT,18,9,0.58317647803171824,0.43203077701183346,0.088181789749745568,VERIFIED_DOCUMENTED_VINTAGES_PARTIAL_RELEASE_HISTORY,2024Q1
UMIDAS_USD,standard,PERMISSIVE_END_OF_DAY,LATEST_REVISED,DEVELOPMENT_PSEUDO_OOS,H1,LEAVE_ONE_QUARTER_OUT,5,5,0.46354492395164942,0.39237091715202033,0.3809069179441808,VERIFIED_DOCUMENTED_VINTAGES_PARTIAL_RELEASE_HISTORY,2024Q1
UMIDAS_USD,standard,PERMISSIVE_END_OF_DAY,LATEST_REVISED,DEVELOPMENT_PSEUDO_OOS,H2,LEAVE_ONE_QUARTER_OUT,5,5,0.53788055313229466,0.47403798692365751,0.45675751256686131,VERIFIED_DOCUMENTED_VINTAGES_PARTIAL_RELEASE_HISTORY,2024Q1
UMIDAS_USD,standard,PERMISSIVE_END_OF_DAY,LATEST_REVISED,DEVELOPMENT_PSEUDO_OOS,H3,LEAVE_ONE_QUARTER_OUT,5,5,0.67657359613124757,0.49548213794453561,-0.055242769330925513,VERIFIED_DOCUMENTED_VINTAGES_PARTIAL_RELEASE_HISTORY,2024Q1
UMIDAS_USD,standard,PERMISSIVE_END_OF_DAY,LATEST_REVISED,DEVELOPMENT_PSEUDO_OOS,ALL,LEAVE_ONE_QUARTER_OUT,15,5,0.56625707263904212,0.45396368067340448,0.26080722039337217,VERIFIED_DOCUMENTED_VINTAGES_PARTIAL_RELEASE_HISTORY,2024Q1
UMIDAS_USD,standard,PERMISSIVE_END_OF_DAY,LATEST_REVISED,DEVELOPMENT_PSEUDO_OOS,H2_H3,LEAVE_ONE_QUARTER_OUT,10,5,0.6111740015821483,0.48476006243409653,0.20075737161796789,VERIFIED_DOCUMENTED_VINTAGES_PARTIAL_RELEASE_HISTORY,2024Q1
UMIDAS_USD,standard,PERMISSIVE_END_OF_DAY,LATEST_REVISED,POOLED_RESEARCH_ONLY,H1,LEAVE_ONE_QUARTER_OUT,9,9,0.64277659172248558,0.54832391808451575,0.32857797952141038,VERIFIED_DOCUMENTED_VINTAGES_PARTIAL_RELEASE_HISTORY,2024Q1
UMIDAS_USD,standard,PERMISSIVE_END_OF_DAY,LATEST_REVISED,POOLED_RESEARCH_ONLY,H2,LEAVE_ONE_QUARTER_OUT,9,9,0.66873404082576915,0.54957897069703643,0.36327131011377084,VERIFIED_DOCUMENTED_VINTAGES_PARTIAL_RELEASE_HISTORY,2024Q1
UMIDAS_USD,standard,PERMISSIVE_END_OF_DAY,LATEST_REVISED,POOLED_RESEARCH_ONLY,H3,LEAVE_ONE_QUARTER_OUT,9,9,0.54934399924975408,0.40337147221551933,-0.098018841725392505,VERIFIED_DOCUMENTED_VINTAGES_PARTIAL_RELEASE_HISTORY,2024Q1
UMIDAS_USD,standard,PERMISSIVE_END_OF_DAY,LATEST_REVISED,POOLED_RESEARCH_ONLY,ALL,LEAVE_ONE_QUARTER_OUT,27,9,0.62240013756887136,0.50042478699902393,0.19794348263659622,VERIFIED_DOCUMENTED_VINTAGES_PARTIAL_RELEASE_HISTORY,2024Q1
UMIDAS_USD,standard,PERMISSIVE_END_OF_DAY,LATEST_REVISED,POOLED_RESEARCH_ONLY,H2_H3,LEAVE_ONE_QUARTER_OUT,18,9,0.61195753401313535,0.47647522145627785,0.13262623419418917,VERIFIED_DOCUMENTED_VINTAGES_PARTIAL_RELEASE_HISTORY,2024Q1
UMIDAS_USD,standard,STRICT,FIRST_RELEASE,DEVELOPMENT_PSEUDO_OOS,H1,LEAVE_ONE_QUARTER_OUT,5,5,0.39123574141872697,0.31237091715201987,0.30090691794418251,VERIFIED_DOCUMENTED_VINTAGES_PARTIAL_RELEASE_HISTORY,2024Q1
UMIDAS_USD,standard,STRICT,FIRST_RELEASE,DEVELOPMENT_PSEUDO_OOS,H2,LEAVE_ONE_QUARTER_OUT,5,5,0.46202576233885251,0.3940379869236571,0.37675751256686302,VERIFIED_DOCUMENTED_VINTAGES_PARTIAL_RELEASE_HISTORY,2024Q1
UMIDAS_USD,standard,STRICT,FIRST_RELEASE,DEVELOPMENT_PSEUDO_OOS,H3,LEAVE_ONE_QUARTER_OUT,5,5,0.64013242949691596,0.41548213794453626,-0.1352427693309238,VERIFIED_DOCUMENTED_VINTAGES_PARTIAL_RELEASE_HISTORY,2024Q1
UMIDAS_USD,standard,STRICT,FIRST_RELEASE,DEVELOPMENT_PSEUDO_OOS,ALL,LEAVE_ONE_QUARTER_OUT,15,5,0.5086920278917566,0.37396368067340441,0.18080722039337391,VERIFIED_DOCUMENTED_VINTAGES_PARTIAL_RELEASE_HISTORY,2024Q1
UMIDAS_USD,standard,STRICT,FIRST_RELEASE,DEVELOPMENT_PSEUDO_OOS,H2_H3,LEAVE_ONE_QUARTER_OUT,10,5,0.55822814885959571,0.40476006243409668,0.12075737161796959,VERIFIED_DOCUMENTED_VINTAGES_PARTIAL_RELEASE_HISTORY,2024Q1
UMIDAS_USD,standard,STRICT,FIRST_RELEASE,POOLED_RESEARCH_ONLY,H1,LEAVE_ONE_QUARTER_OUT,9,9,0.615486552430765,0.50387947364007157,0.28413353507696676,VERIFIED_DOCUMENTED_VINTAGES_PARTIAL_RELEASE_HISTORY,2024Q1
UMIDAS_USD,standard,STRICT,FIRST_RELEASE,POOLED_RESEARCH_ONLY,H2,LEAVE_ONE_QUARTER_OUT,9,9,0.63644922415669447,0.50513452625259225,0.31882686566932722,VERIFIED_DOCUMENTED_VINTAGES_PARTIAL_RELEASE_HISTORY,2024Q1
UMIDAS_USD,standard,STRICT,FIRST_RELEASE,POOLED_RESEARCH_ONLY,H3,LEAVE_ONE_QUARTER_OUT,9,9,0.5245207280263573,0.35892702777107455,-0.14246328616983611,VERIFIED_DOCUMENTED_VINTAGES_PARTIAL_RELEASE_HISTORY,2024Q1
UMIDAS_USD,standard,STRICT,FIRST_RELEASE,POOLED_RESEARCH_ONLY,ALL,LEAVE_ONE_QUARTER_OUT,27,9,0.59414176346560788,0.45598034255457948,0.15349903819215263,VERIFIED_DOCUMENTED_VINTAGES_PARTIAL_RELEASE_HISTORY,2024Q1
UMIDAS_USD,standard,STRICT,FIRST_RELEASE,POOLED_RESEARCH_ONLY,H2_H3,LEAVE_ONE_QUARTER_OUT,18,9,0.58317647803171824,0.43203077701183346,0.088181789749745568,VERIFIED_DOCUMENTED_VINTAGES_PARTIAL_RELEASE_HISTORY,2024Q1
UMIDAS_USD,standard,STRICT,LATEST_REVISED,DEVELOPMENT_PSEUDO_OOS,H1,LEAVE_ONE_QUARTER_OUT,5,5,0.46354492395164942,0.39237091715202033,0.3809069179441808,VERIFIED_DOCUMENTED_VINTAGES_PARTIAL_RELEASE_HISTORY,2024Q1
UMIDAS_USD,standard,STRICT,LATEST_REVISED,DEVELOPMENT_PSEUDO_OOS,H2,LEAVE_ONE_QUARTER_OUT,5,5,0.53788055313229466,0.47403798692365751,0.45675751256686131,VERIFIED_DOCUMENTED_VINTAGES_PARTIAL_RELEASE_HISTORY,2024Q1
UMIDAS_USD,standard,STRICT,LATEST_REVISED,DEVELOPMENT_PSEUDO_OOS,H3,LEAVE_ONE_QUARTER_OUT,5,5,0.67657359613124757,0.49548213794453561,-0.055242769330925513,VERIFIED_DOCUMENTED_VINTAGES_PARTIAL_RELEASE_HISTORY,2024Q1
UMIDAS_USD,standard,STRICT,LATEST_REVISED,DEVELOPMENT_PSEUDO_OOS,ALL,LEAVE_ONE_QUARTER_OUT,15,5,0.56625707263904212,0.45396368067340448,0.26080722039337217,VERIFIED_DOCUMENTED_VINTAGES_PARTIAL_RELEASE_HISTORY,2024Q1
UMIDAS_USD,standard,STRICT,LATEST_REVISED,DEVELOPMENT_PSEUDO_OOS,H2_H3,LEAVE_ONE_QUARTER_OUT,10,5,0.6111740015821483,0.48476006243409653,0.20075737161796789,VERIFIED_DOCUMENTED_VINTAGES_PARTIAL_RELEASE_HISTORY,2024Q1
UMIDAS_USD,standard,STRICT,LATEST_REVISED,POOLED_RESEARCH_ONLY,H1,LEAVE_ONE_QUARTER_OUT,9,9,0.64277659172248558,0.54832391808451575,0.32857797952141038,VERIFIED_DOCUMENTED_VINTAGES_PARTIAL_RELEASE_HISTORY,2024Q1
UMIDAS_USD,standard,STRICT,LATEST_REVISED,POOLED_RESEARCH_ONLY,H2,LEAVE_ONE_QUARTER_OUT,9,9,0.66873404082576915,0.54957897069703643,0.36327131011377084,VERIFIED_DOCUMENTED_VINTAGES_PARTIAL_RELEASE_HISTORY,2024Q1
UMIDAS_USD,standard,STRICT,LATEST_REVISED,POOLED_RESEARCH_ONLY,H3,LEAVE_ONE_QUARTER_OUT,9,9,0.54934399924975408,0.40337147221551933,-0.098018841725392505,VERIFIED_DOCUMENTED_VINTAGES_PARTIAL_RELEASE_HISTORY,2024Q1
UMIDAS_USD,standard,STRICT,LATEST_REVISED,POOLED_RESEARCH_ONLY,ALL,LEAVE_ONE_QUARTER_OUT,27,9,0.62240013756887136,0.50042478699902393,0.19794348263659622,VERIFIED_DOCUMENTED_VINTAGES_PARTIAL_RELEASE_HISTORY,2024Q1
UMIDAS_USD,standard,STRICT,LATEST_REVISED,POOLED_RESEARCH_ONLY,H2_H3,LEAVE_ONE_QUARTER_OUT,18,9,0.61195753401313535,0.47647522145627785,0.13262623419418917,VERIFIED_DOCUMENTED_VINTAGES_PARTIAL_RELEASE_HISTORY,2024Q1
COMBO_B,conservative,PERMISSIVE_END_OF_DAY,FIRST_RELEASE,DEVELOPMENT_PSEUDO_OOS,H1,LEAVE_ONE_QUARTER_OUT,5,5,0.35476456408727336,0.28845940729178776,0.28188795419976886,VERIFIED_DOCUMENTED_VINTAGES_PARTIAL_RELEASE_HISTORY,2024Q2
COMBO_B,conservative,PERMISSIVE_END_OF_DAY,FIRST_RELEASE,DEVELOPMENT_PSEUDO_OOS,H2,LEAVE_ONE_QUARTER_OUT,5,5,0.30701899492186713,0.23984346888148292,0.23984346888148292,VERIFIED_DOCUMENTED_VINTAGES_PARTIAL_RELEASE_HISTORY,2024Q2
COMBO_B,conservative,PERMISSIVE_END_OF_DAY,FIRST_RELEASE,DEVELOPMENT_PSEUDO_OOS,H3,LEAVE_ONE_QUARTER_OUT,5,5,0.39163729937031788,0.33631861685095393,0.18385690320290635,VERIFIED_DOCUMENTED_VINTAGES_PARTIAL_RELEASE_HISTORY,2024Q2
COMBO_B,conservative,PERMISSIVE_END_OF_DAY,FIRST_RELEASE,DEVELOPMENT_PSEUDO_OOS,ALL,LEAVE_ONE_QUARTER_OUT,15,5,0.35284478808343978,0.2882071643414082,0.23519610876138602,VERIFIED_DOCUMENTED_VINTAGES_PARTIAL_RELEASE_HISTORY,2024Q2
COMBO_B,conservative,PERMISSIVE_END_OF_DAY,FIRST_RELEASE,DEVELOPMENT_PSEUDO_OOS,H2_H3,LEAVE_ONE_QUARTER_OUT,10,5,0.35188097241887734,0.28808104286621844,0.21185018604219463,VERIFIED_DOCUMENTED_VINTAGES_PARTIAL_RELEASE_HISTORY,2024Q2
COMBO_B,conservative,PERMISSIVE_END_OF_DAY,FIRST_RELEASE,POOLED_RESEARCH_ONLY,H1,LEAVE_ONE_QUARTER_OUT,9,9,0.49763506699169363,0.38923362074612622,0.38558281347278239,VERIFIED_DOCUMENTED_VINTAGES_PARTIAL_RELEASE_HISTORY,2024Q2
COMBO_B,conservative,PERMISSIVE_END_OF_DAY,FIRST_RELEASE,POOLED_RESEARCH_ONLY,H2,LEAVE_ONE_QUARTER_OUT,9,9,0.57369921164783932,0.42842172009639362,0.39358106861615788,VERIFIED_DOCUMENTED_VINTAGES_PARTIAL_RELEASE_HISTORY,2024Q2
COMBO_B,conservative,PERMISSIVE_END_OF_DAY,FIRST_RELEASE,POOLED_RESEARCH_ONLY,H3,LEAVE_ONE_QUARTER_OUT,9,9,0.5995462153967257,0.45698757969754689,0.35540094215863288,VERIFIED_DOCUMENTED_VINTAGES_PARTIAL_RELEASE_HISTORY,2024Q2
COMBO_B,conservative,PERMISSIVE_END_OF_DAY,FIRST_RELEASE,POOLED_RESEARCH_ONLY,ALL,LEAVE_ONE_QUARTER_OUT,27,9,0.55863736291733923,0.42488097351335552,0.37818827474919098,VERIFIED_DOCUMENTED_VINTAGES_PARTIAL_RELEASE_HISTORY,2024Q2
COMBO_B,conservative,PERMISSIVE_END_OF_DAY,FIRST_RELEASE,POOLED_RESEARCH_ONLY,H2_H3,LEAVE_ONE_QUARTER_OUT,18,9,0.58676505086869712,0.44270464989697023,0.37449100538739538,VERIFIED_DOCUMENTED_VINTAGES_PARTIAL_RELEASE_HISTORY,2024Q2
COMBO_B,conservative,PERMISSIVE_END_OF_DAY,LATEST_REVISED,DEVELOPMENT_PSEUDO_OOS,H1,LEAVE_ONE_QUARTER_OUT,5,5,0.38976625969321943,0.36188795419976943,0.36188795419976943,VERIFIED_DOCUMENTED_VINTAGES_PARTIAL_RELEASE_HISTORY,2024Q2
COMBO_B,conservative,PERMISSIVE_END_OF_DAY,LATEST_REVISED,DEVELOPMENT_PSEUDO_OOS,H2,LEAVE_ONE_QUARTER_OUT,5,5,0.3498827802553614,0.31984346888148352,0.31984346888148352,VERIFIED_DOCUMENTED_VINTAGES_PARTIAL_RELEASE_HISTORY,2024Q2
COMBO_B,conservative,PERMISSIVE_END_OF_DAY,LATEST_REVISED,DEVELOPMENT_PSEUDO_OOS,H3,LEAVE_ONE_QUARTER_OUT,5,5,0.38217507653265981,0.33631861685095232,0.26385690320290694,VERIFIED_DOCUMENTED_VINTAGES_PARTIAL_RELEASE_HISTORY,2024Q2
COMBO_B,conservative,PERMISSIVE_END_OF_DAY,LATEST_REVISED,DEVELOPMENT_PSEUDO_OOS,ALL,LEAVE_ONE_QUARTER_OUT,15,5,0.3743409703453115,0.33935001331073511,0.31519610876138665,VERIFIED_DOCUMENTED_VINTAGES_PARTIAL_RELEASE_HISTORY,2024Q2
COMBO_B,conservative,PERMISSIVE_END_OF_DAY,LATEST_REVISED,DEVELOPMENT_PSEUDO_OOS,H2_H3,LEAVE_ONE_QUARTER_OUT,10,5,0.36638487212354026,0.32808104286621792,0.29185018604219526,VERIFIED_DOCUMENTED_VINTAGES_PARTIAL_RELEASE_HISTORY,2024Q2
COMBO_B,conservative,PERMISSIVE_END_OF_DAY,LATEST_REVISED,POOLED_RESEARCH_ONLY,H1,LEAVE_ONE_QUARTER_OUT,9,9,0.51197495006152383,0.43002725791722729,0.43002725791722729,VERIFIED_DOCUMENTED_VINTAGES_PARTIAL_RELEASE_HISTORY,2024Q2
COMBO_B,conservative,PERMISSIVE_END_OF_DAY,LATEST_REVISED,POOLED_RESEARCH_ONLY,H2,LEAVE_ONE_QUARTER_OUT,9,9,0.58717435915011296,0.47286616454083791,0.43802551306060278,VERIFIED_DOCUMENTED_VINTAGES_PARTIAL_RELEASE_HISTORY,2024Q2
COMBO_B,conservative,PERMISSIVE_END_OF_DAY,LATEST_REVISED,POOLED_RESEARCH_ONLY,H3,LEAVE_ONE_QUARTER_OUT,9,9,0.59614418966967098,0.4569875796975455,0.39984538660307778,VERIFIED_DOCUMENTED_VINTAGES_PARTIAL_RELEASE_HISTORY,2024Q2
COMBO_B,conservative,PERMISSIVE_END_OF_DAY,LATEST_REVISED,POOLED_RESEARCH_ONLY,ALL,LEAVE_ONE_QUARTER_OUT,27,9,0.5663567698929578,0.45329366738520349,0.42263271919363593,VERIFIED_DOCUMENTED_VINTAGES_PARTIAL_RELEASE_HISTORY,2024Q2
COMBO_B,conservative,PERMISSIVE_END_OF_DAY,LATEST_REVISED,POOLED_RESEARCH_ONLY,H2_H3,LEAVE_ONE_QUARTER_OUT,18,9,0.59167627251743615,0.46492687211919165,0.41893544983184028,VERIFIED_DOCUMENTED_VINTAGES_PARTIAL_RELEASE_HISTORY,2024Q2
COMBO_B,conservative,STRICT,FIRST_RELEASE,DEVELOPMENT_PSEUDO_OOS,H1,LEAVE_ONE_QUARTER_OUT,5,5,0.35476456408727336,0.28845940729178776,0.28188795419976886,VERIFIED_DOCUMENTED_VINTAGES_PARTIAL_RELEASE_HISTORY,2024Q2
COMBO_B,conservative,STRICT,FIRST_RELEASE,DEVELOPMENT_PSEUDO_OOS,H2,LEAVE_ONE_QUARTER_OUT,5,5,0.30701899492186713,0.23984346888148292,0.23984346888148292,VERIFIED_DOCUMENTED_VINTAGES_PARTIAL_RELEASE_HISTORY,2024Q2
COMBO_B,conservative,STRICT,FIRST_RELEASE,DEVELOPMENT_PSEUDO_OOS,H3,LEAVE_ONE_QUARTER_OUT,5,5,0.39163729937031788,0.33631861685095393,0.18385690320290635,VERIFIED_DOCUMENTED_VINTAGES_PARTIAL_RELEASE_HISTORY,2024Q2
COMBO_B,conservative,STRICT,FIRST_RELEASE,DEVELOPMENT_PSEUDO_OOS,ALL,LEAVE_ONE_QUARTER_OUT,15,5,0.35284478808343978,0.2882071643414082,0.23519610876138602,VERIFIED_DOCUMENTED_VINTAGES_PARTIAL_RELEASE_HISTORY,2024Q2
COMBO_B,conservative,STRICT,FIRST_RELEASE,DEVELOPMENT_PSEUDO_OOS,H2_H3,LEAVE_ONE_QUARTER_OUT,10,5,0.35188097241887734,0.28808104286621844,0.21185018604219463,VERIFIED_DOCUMENTED_VINTAGES_PARTIAL_RELEASE_HISTORY,2024Q2
COMBO_B,conservative,STRICT,FIRST_RELEASE,POOLED_RESEARCH_ONLY,H1,LEAVE_ONE_QUARTER_OUT,9,9,0.49763506699169363,0.38923362074612622,0.38558281347278239,VERIFIED_DOCUMENTED_VINTAGES_PARTIAL_RELEASE_HISTORY,2024Q2
COMBO_B,conservative,STRICT,FIRST_RELEASE,POOLED_RESEARCH_ONLY,H2,LEAVE_ONE_QUARTER_OUT,9,9,0.57369921164783932,0.42842172009639362,0.39358106861615788,VERIFIED_DOCUMENTED_VINTAGES_PARTIAL_RELEASE_HISTORY,2024Q2
COMBO_B,conservative,STRICT,FIRST_RELEASE,POOLED_RESEARCH_ONLY,H3,LEAVE_ONE_QUARTER_OUT,9,9,0.5995462153967257,0.45698757969754689,0.35540094215863288,VERIFIED_DOCUMENTED_VINTAGES_PARTIAL_RELEASE_HISTORY,2024Q2
COMBO_B,conservative,STRICT,FIRST_RELEASE,POOLED_RESEARCH_ONLY,ALL,LEAVE_ONE_QUARTER_OUT,27,9,0.55863736291733923,0.42488097351335552,0.37818827474919098,VERIFIED_DOCUMENTED_VINTAGES_PARTIAL_RELEASE_HISTORY,2024Q2
COMBO_B,conservative,STRICT,FIRST_RELEASE,POOLED_RESEARCH_ONLY,H2_H3,LEAVE_ONE_QUARTER_OUT,18,9,0.58676505086869712,0.44270464989697023,0.37449100538739538,VERIFIED_DOCUMENTED_VINTAGES_PARTIAL_RELEASE_HISTORY,2024Q2
COMBO_B,conservative,STRICT,LATEST_REVISED,DEVELOPMENT_PSEUDO_OOS,H1,LEAVE_ONE_QUARTER_OUT,5,5,0.38976625969321943,0.36188795419976943,0.36188795419976943,VERIFIED_DOCUMENTED_VINTAGES_PARTIAL_RELEASE_HISTORY,2024Q2
COMBO_B,conservative,STRICT,LATEST_REVISED,DEVELOPMENT_PSEUDO_OOS,H2,LEAVE_ONE_QUARTER_OUT,5,5,0.3498827802553614,0.31984346888148352,0.31984346888148352,VERIFIED_DOCUMENTED_VINTAGES_PARTIAL_RELEASE_HISTORY,2024Q2
COMBO_B,conservative,STRICT,LATEST_REVISED,DEVELOPMENT_PSEUDO_OOS,H3,LEAVE_ONE_QUARTER_OUT,5,5,0.38217507653265981,0.33631861685095232,0.26385690320290694,VERIFIED_DOCUMENTED_VINTAGES_PARTIAL_RELEASE_HISTORY,2024Q2
COMBO_B,conservative,STRICT,LATEST_REVISED,DEVELOPMENT_PSEUDO_OOS,ALL,LEAVE_ONE_QUARTER_OUT,15,5,0.3743409703453115,0.33935001331073511,0.31519610876138665,VERIFIED_DOCUMENTED_VINTAGES_PARTIAL_RELEASE_HISTORY,2024Q2
COMBO_B,conservative,STRICT,LATEST_REVISED,DEVELOPMENT_PSEUDO_OOS,H2_H3,LEAVE_ONE_QUARTER_OUT,10,5,0.36638487212354026,0.32808104286621792,0.29185018604219526,VERIFIED_DOCUMENTED_VINTAGES_PARTIAL_RELEASE_HISTORY,2024Q2
COMBO_B,conservative,STRICT,LATEST_REVISED,POOLED_RESEARCH_ONLY,H1,LEAVE_ONE_QUARTER_OUT,9,9,0.51197495006152383,0.43002725791722729,0.43002725791722729,VERIFIED_DOCUMENTED_VINTAGES_PARTIAL_RELEASE_HISTORY,2024Q2
COMBO_B,conservative,STRICT,LATEST_REVISED,POOLED_RESEARCH_ONLY,H2,LEAVE_ONE_QUARTER_OUT,9,9,0.58717435915011296,0.47286616454083791,0.43802551306060278,VERIFIED_DOCUMENTED_VINTAGES_PARTIAL_RELEASE_HISTORY,2024Q2
COMBO_B,conservative,STRICT,LATEST_REVISED,POOLED_RESEARCH_ONLY,H3,LEAVE_ONE_QUARTER_OUT,9,9,0.59614418966967098,0.4569875796975455,0.39984538660307778,VERIFIED_DOCUMENTED_VINTAGES_PARTIAL_RELEASE_HISTORY,2024Q2
COMBO_B,conservative,STRICT,LATEST_REVISED,POOLED_RESEARCH_ONLY,ALL,LEAVE_ONE_QUARTER_OUT,27,9,0.5663567698929578,0.45329366738520349,0.42263271919363593,VERIFIED_DOCUMENTED_VINTAGES_PARTIAL_RELEASE_HISTORY,2024Q2
COMBO_B,conservative,STRICT,LATEST_REVISED,POOLED_RESEARCH_ONLY,H2_H3,LEAVE_ONE_QUARTER_OUT,18,9,0.59167627251743615,0.46492687211919165,0.41893544983184028,VERIFIED_DOCUMENTED_VINTAGES_PARTIAL_RELEASE_HISTORY,2024Q2
COMBO_B,standard,PERMISSIVE_END_OF_DAY,FIRST_RELEASE,DEVELOPMENT_PSEUDO_OOS,H1,LEAVE_ONE_QUARTER_OUT,5,5,0.29695167630048641,0.22751450895335168,0.22751450895335168,VERIFIED_DOCUMENTED_VINTAGES_PARTIAL_RELEASE_HISTORY,2024Q2
COMBO_B,standard,PERMISSIVE_END_OF_DAY,FIRST_RELEASE,DEVELOPMENT_PSEUDO_OOS,H2,LEAVE_ONE_QUARTER_OUT,5,5,0.30587247409535412,0.23336388545813841,0.1963868815771786,VERIFIED_DOCUMENTED_VINTAGES_PARTIAL_RELEASE_HISTORY,2024Q2
COMBO_B,standard,PERMISSIVE_END_OF_DAY,FIRST_RELEASE,DEVELOPMENT_PSEUDO_OOS,H3,LEAVE_ONE_QUARTER_OUT,5,5,0.27488673233963101,0.24120470462501639,-0.057012369026949547,VERIFIED_DOCUMENTED_VINTAGES_PARTIAL_RELEASE_HISTORY,2024Q2
COMBO_B,standard,PERMISSIVE_END_OF_DAY,FIRST_RELEASE,DEVELOPMENT_PSEUDO_OOS,ALL,LEAVE_ONE_QUARTER_OUT,15,5,0.29286002577069808,0.23402769967883549,0.12229634050119358,VERIFIED_DOCUMENTED_VINTAGES_PARTIAL_RELEASE_HISTORY,2024Q2
COMBO_B,standard,PERMISSIVE_END_OF_DAY,FIRST_RELEASE,DEVELOPMENT_PSEUDO_OOS,H2_H3,LEAVE_ONE_QUARTER_OUT,10,5,0.29079261168878845,0.23728429504157739,0.069687256275114517,VERIFIED_DOCUMENTED_VINTAGES_PARTIAL_RELEASE_HISTORY,2024Q2
COMBO_B,standard,PERMISSIVE_END_OF_DAY,FIRST_RELEASE,POOLED_RESEARCH_ONLY,H1,LEAVE_ONE_QUARTER_OUT,9,9,0.56424943478231449,0.41731505823717513,0.37809688832103905,VERIFIED_DOCUMENTED_VINTAGES_PARTIAL_RELEASE_HISTORY,2024Q2
COMBO_B,standard,PERMISSIVE_END_OF_DAY,FIRST_RELEASE,POOLED_RESEARCH_ONLY,H2,LEAVE_ONE_QUARTER_OUT,9,9,0.56470988667383326,0.39661411215522713,0.35188719747342234,VERIFIED_DOCUMENTED_VINTAGES_PARTIAL_RELEASE_HISTORY,2024Q2
COMBO_B,standard,PERMISSIVE_END_OF_DAY,FIRST_RELEASE,POOLED_RESEARCH_ONLY,H3,LEAVE_ONE_QUARTER_OUT,9,9,0.36142447984268655,0.28634641486321422,0.12067026283434422,VERIFIED_DOCUMENTED_VINTAGES_PARTIAL_RELEASE_HISTORY,2024Q2
COMBO_B,standard,PERMISSIVE_END_OF_DAY,FIRST_RELEASE,POOLED_RESEARCH_ONLY,ALL,LEAVE_ONE_QUARTER_OUT,27,9,0.50593225349806514,0.36675852841853879,0.28355144954293521,VERIFIED_DOCUMENTED_VINTAGES_PARTIAL_RELEASE_HISTORY,2024Q2
COMBO_B,standard,PERMISSIVE_END_OF_DAY,FIRST_RELEASE,POOLED_RESEARCH_ONLY,H2_H3,LEAVE_ONE_QUARTER_OUT,18,9,0.47409118887442425,0.34148026350922067,0.23627873015388326,VERIFIED_DOCUMENTED_VINTAGES_PARTIAL_RELEASE_HISTORY,2024Q2
COMBO_B,standard,PERMISSIVE_END_OF_DAY,LATEST_REVISED,DEVELOPMENT_PSEUDO_OOS,H1,LEAVE_ONE_QUARTER_OUT,5,5,0.33780811903599478,0.30751450895335231,0.30751450895335231,VERIFIED_DOCUMENTED_VINTAGES_PARTIAL_RELEASE_HISTORY,2024Q2
COMBO_B,standard,PERMISSIVE_END_OF_DAY,LATEST_REVISED,DEVELOPMENT_PSEUDO_OOS,H2,LEAVE_ONE_QUARTER_OUT,5,5,0.32721403666319854,0.27638688157717917,0.27638688157717917,VERIFIED_DOCUMENTED_VINTAGES_PARTIAL_RELEASE_HISTORY,2024Q2
COMBO_B,standard,PERMISSIVE_END_OF_DAY,LATEST_REVISED,DEVELOPMENT_PSEUDO_OOS,H3,LEAVE_ONE_QUARTER_OUT,5,5,0.26310386918886353,0.24120470462501373,0.022987630973051055,VERIFIED_DOCUMENTED_VINTAGES_PARTIAL_RELEASE_HISTORY,2024Q2
COMBO_B,standard,PERMISSIVE_END_OF_DAY,LATEST_REVISED,DEVELOPMENT_PSEUDO_OOS,ALL,LEAVE_ONE_QUARTER_OUT,15,5,0.31113073193231405,0.27503536505184839,0.20229634050119419,VERIFIED_DOCUMENTED_VINTAGES_PARTIAL_RELEASE_HISTORY,2024Q2
COMBO_B,standard,PERMISSIVE_END_OF_DAY,LATEST_REVISED,DEVELOPMENT_PSEUDO_OOS,H2_H3,LEAVE_ONE_QUARTER_OUT,10,5,0.29689448611550168,0.25879579310109646,0.14968725627511512,VERIFIED_DOCUMENTED_VINTAGES_PARTIAL_RELEASE_HISTORY,2024Q2
COMBO_B,standard,PERMISSIVE_END_OF_DAY,LATEST_REVISED,POOLED_RESEARCH_ONLY,H1,LEAVE_ONE_QUARTER_OUT,9,9,0.57687539170703395,0.46175950268161942,0.42254133276548395,VERIFIED_DOCUMENTED_VINTAGES_PARTIAL_RELEASE_HISTORY,2024Q2
COMBO_B,standard,PERMISSIVE_END_OF_DAY,LATEST_REVISED,POOLED_RESEARCH_ONLY,H2,LEAVE_ONE_QUARTER_OUT,9,9,0.57131724810744999,0.42051577666580481,0.39633164191786718,VERIFIED_DOCUMENTED_VINTAGES_PARTIAL_RELEASE_HISTORY,2024Q2
COMBO_B,standard,PERMISSIVE_END_OF_DAY,LATEST_REVISED,POOLED_RESEARCH_ONLY,H3,LEAVE_ONE_QUARTER_OUT,9,9,0.35651921305480661,0.28634641486321283,0.1651147072787891,VERIFIED_DOCUMENTED_VINTAGES_PARTIAL_RELEASE_HISTORY,2024Q2
COMBO_B,standard,PERMISSIVE_END_OF_DAY,LATEST_REVISED,POOLED_RESEARCH_ONLY,ALL,LEAVE_ONE_QUARTER_OUT,27,9,0.51195526003074132,0.38954056473687904,0.32799589398738005,VERIFIED_DOCUMENTED_VINTAGES_PARTIAL_RELEASE_HISTORY,2024Q2
COMBO_B,standard,PERMISSIVE_END_OF_DAY,LATEST_REVISED,POOLED_RESEARCH_ONLY,H2_H3,LEAVE_ONE_QUARTER_OUT,18,9,0.47618764539952535,0.35343109576450882,0.28072317459832813,VERIFIED_DOCUMENTED_VINTAGES_PARTIAL_RELEASE_HISTORY,2024Q2
COMBO_B,standard,STRICT,FIRST_RELEASE,DEVELOPMENT_PSEUDO_OOS,H1,LEAVE_ONE_QUARTER_OUT,5,5,0.29695167630048641,0.22751450895335168,0.22751450895335168,VERIFIED_DOCUMENTED_VINTAGES_PARTIAL_RELEASE_HISTORY,2024Q2
COMBO_B,standard,STRICT,FIRST_RELEASE,DEVELOPMENT_PSEUDO_OOS,H2,LEAVE_ONE_QUARTER_OUT,5,5,0.30587247409535412,0.23336388545813841,0.1963868815771786,VERIFIED_DOCUMENTED_VINTAGES_PARTIAL_RELEASE_HISTORY,2024Q2
COMBO_B,standard,STRICT,FIRST_RELEASE,DEVELOPMENT_PSEUDO_OOS,H3,LEAVE_ONE_QUARTER_OUT,5,5,0.27488673233963101,0.24120470462501639,-0.057012369026949547,VERIFIED_DOCUMENTED_VINTAGES_PARTIAL_RELEASE_HISTORY,2024Q2
COMBO_B,standard,STRICT,FIRST_RELEASE,DEVELOPMENT_PSEUDO_OOS,ALL,LEAVE_ONE_QUARTER_OUT,15,5,0.29286002577069808,0.23402769967883549,0.12229634050119358,VERIFIED_DOCUMENTED_VINTAGES_PARTIAL_RELEASE_HISTORY,2024Q2
COMBO_B,standard,STRICT,FIRST_RELEASE,DEVELOPMENT_PSEUDO_OOS,H2_H3,LEAVE_ONE_QUARTER_OUT,10,5,0.29079261168878845,0.23728429504157739,0.069687256275114517,VERIFIED_DOCUMENTED_VINTAGES_PARTIAL_RELEASE_HISTORY,2024Q2
COMBO_B,standard,STRICT,FIRST_RELEASE,POOLED_RESEARCH_ONLY,H1,LEAVE_ONE_QUARTER_OUT,9,9,0.56424943478231449,0.41731505823717513,0.37809688832103905,VERIFIED_DOCUMENTED_VINTAGES_PARTIAL_RELEASE_HISTORY,2024Q2
COMBO_B,standard,STRICT,FIRST_RELEASE,POOLED_RESEARCH_ONLY,H2,LEAVE_ONE_QUARTER_OUT,9,9,0.56470988667383326,0.39661411215522713,0.35188719747342234,VERIFIED_DOCUMENTED_VINTAGES_PARTIAL_RELEASE_HISTORY,2024Q2
COMBO_B,standard,STRICT,FIRST_RELEASE,POOLED_RESEARCH_ONLY,H3,LEAVE_ONE_QUARTER_OUT,9,9,0.36142447984268655,0.28634641486321422,0.12067026283434422,VERIFIED_DOCUMENTED_VINTAGES_PARTIAL_RELEASE_HISTORY,2024Q2
COMBO_B,standard,STRICT,FIRST_RELEASE,POOLED_RESEARCH_ONLY,ALL,LEAVE_ONE_QUARTER_OUT,27,9,0.50593225349806514,0.36675852841853879,0.28355144954293521,VERIFIED_DOCUMENTED_VINTAGES_PARTIAL_RELEASE_HISTORY,2024Q2
COMBO_B,standard,STRICT,FIRST_RELEASE,POOLED_RESEARCH_ONLY,H2_H3,LEAVE_ONE_QUARTER_OUT,18,9,0.47409118887442425,0.34148026350922067,0.23627873015388326,VERIFIED_DOCUMENTED_VINTAGES_PARTIAL_RELEASE_HISTORY,2024Q2
COMBO_B,standard,STRICT,LATEST_REVISED,DEVELOPMENT_PSEUDO_OOS,H1,LEAVE_ONE_QUARTER_OUT,5,5,0.33780811903599478,0.30751450895335231,0.30751450895335231,VERIFIED_DOCUMENTED_VINTAGES_PARTIAL_RELEASE_HISTORY,2024Q2
COMBO_B,standard,STRICT,LATEST_REVISED,DEVELOPMENT_PSEUDO_OOS,H2,LEAVE_ONE_QUARTER_OUT,5,5,0.32721403666319854,0.27638688157717917,0.27638688157717917,VERIFIED_DOCUMENTED_VINTAGES_PARTIAL_RELEASE_HISTORY,2024Q2
COMBO_B,standard,STRICT,LATEST_REVISED,DEVELOPMENT_PSEUDO_OOS,H3,LEAVE_ONE_QUARTER_OUT,5,5,0.26310386918886353,0.24120470462501373,0.022987630973051055,VERIFIED_DOCUMENTED_VINTAGES_PARTIAL_RELEASE_HISTORY,2024Q2
COMBO_B,standard,STRICT,LATEST_REVISED,DEVELOPMENT_PSEUDO_OOS,ALL,LEAVE_ONE_QUARTER_OUT,15,5,0.31113073193231405,0.27503536505184839,0.20229634050119419,VERIFIED_DOCUMENTED_VINTAGES_PARTIAL_RELEASE_HISTORY,2024Q2
COMBO_B,standard,STRICT,LATEST_REVISED,DEVELOPMENT_PSEUDO_OOS,H2_H3,LEAVE_ONE_QUARTER_OUT,10,5,0.29689448611550168,0.25879579310109646,0.14968725627511512,VERIFIED_DOCUMENTED_VINTAGES_PARTIAL_RELEASE_HISTORY,2024Q2
COMBO_B,standard,STRICT,LATEST_REVISED,POOLED_RESEARCH_ONLY,H1,LEAVE_ONE_QUARTER_OUT,9,9,0.57687539170703395,0.46175950268161942,0.42254133276548395,VERIFIED_DOCUMENTED_VINTAGES_PARTIAL_RELEASE_HISTORY,2024Q2
COMBO_B,standard,STRICT,LATEST_REVISED,POOLED_RESEARCH_ONLY,H2,LEAVE_ONE_QUARTER_OUT,9,9,0.57131724810744999,0.42051577666580481,0.39633164191786718,VERIFIED_DOCUMENTED_VINTAGES_PARTIAL_RELEASE_HISTORY,2024Q2
COMBO_B,standard,STRICT,LATEST_REVISED,POOLED_RESEARCH_ONLY,H3,LEAVE_ONE_QUARTER_OUT,9,9,0.35651921305480661,0.28634641486321283,0.1651147072787891,VERIFIED_DOCUMENTED_VINTAGES_PARTIAL_RELEASE_HISTORY,2024Q2
COMBO_B,standard,STRICT,LATEST_REVISED,POOLED_RESEARCH_ONLY,ALL,LEAVE_ONE_QUARTER_OUT,27,9,0.51195526003074132,0.38954056473687904,0.32799589398738005,VERIFIED_DOCUMENTED_VINTAGES_PARTIAL_RELEASE_HISTORY,2024Q2
COMBO_B,standard,STRICT,LATEST_REVISED,POOLED_RESEARCH_ONLY,H2_H3,LEAVE_ONE_QUARTER_OUT,18,9,0.47618764539952535,0.35343109576450882,0.28072317459832813,VERIFIED_DOCUMENTED_VINTAGES_PARTIAL_RELEASE_HISTORY,2024Q2
DFM_B,conservative,PERMISSIVE_END_OF_DAY,FIRST_RELEASE,DEVELOPMENT_PSEUDO_OOS,H1,LEAVE_ONE_QUARTER_OUT,5,5,0.32732859716236234,0.24652595195986446,0.24288477264407415,VERIFIED_DOCUMENTED_VINTAGES_PARTIAL_RELEASE_HISTORY,2024Q2
DFM_B,conservative,PERMISSIVE_END_OF_DAY,FIRST_RELEASE,DEVELOPMENT_PSEUDO_OOS,H2,LEAVE_ONE_QUARTER_OUT,5,5,0.32154984200588071,0.24236063851301334,0.23308228096652872,VERIFIED_DOCUMENTED_VINTAGES_PARTIAL_RELEASE_HISTORY,2024Q2
DFM_B,conservative,PERMISSIVE_END_OF_DAY,FIRST_RELEASE,DEVELOPMENT_PSEUDO_OOS,H3,LEAVE_ONE_QUARTER_OUT,5,5,0.57725846975259543,0.46672374469181238,0.054342887776448558,VERIFIED_DOCUMENTED_VINTAGES_PARTIAL_RELEASE_HISTORY,2024Q2
DFM_B,conservative,PERMISSIVE_END_OF_DAY,FIRST_RELEASE,DEVELOPMENT_PSEUDO_OOS,ALL,LEAVE_ONE_QUARTER_OUT,15,5,0.42574078667478527,0.31853677838823008,0.17676998046235048,VERIFIED_DOCUMENTED_VINTAGES_PARTIAL_RELEASE_HISTORY,2024Q2
DFM_B,conservative,PERMISSIVE_END_OF_DAY,FIRST_RELEASE,DEVELOPMENT_PSEUDO_OOS,H2_H3,LEAVE_ONE_QUARTER_OUT,10,5,0.46723743524845862,0.35454219160241285,0.14371258437148865,VERIFIED_DOCUMENTED_VINTAGES_PARTIAL_RELEASE_HISTORY,2024Q2
DFM_B,conservative,PERMISSIVE_END_OF_DAY,FIRST_RELEASE,POOLED_RESEARCH_ONLY,H1,LEAVE_ONE_QUARTER_OUT,9,9,0.70387203377969643,0.54896693191490953,0.54694405451724826,VERIFIED_DOCUMENTED_VINTAGES_PARTIAL_RELEASE_HISTORY,2024Q2
DFM_B,conservative,PERMISSIVE_END_OF_DAY,FIRST_RELEASE,POOLED_RESEARCH_ONLY,H2,LEAVE_ONE_QUARTER_OUT,9,9,0.69181418002413897,0.53835116809658801,0.53319652501520765,VERIFIED_DOCUMENTED_VINTAGES_PARTIAL_RELEASE_HISTORY,2024Q2
DFM_B,conservative,PERMISSIVE_END_OF_DAY,FIRST_RELEASE,POOLED_RESEARCH_ONLY,H3,LEAVE_ONE_QUARTER_OUT,9,9,0.76997215715211897,0.65629026912175137,0.42718979305766042,VERIFIED_DOCUMENTED_VINTAGES_PARTIAL_RELEASE_HISTORY,2024Q2
DFM_B,conservative,PERMISSIVE_END_OF_DAY,FIRST_RELEASE,POOLED_RESEARCH_ONLY,ALL,LEAVE_ONE_QUARTER_OUT,27,9,0.72270321765095369,0.58120278971108297,0.50244345753003872,VERIFIED_DOCUMENTED_VINTAGES_PARTIAL_RELEASE_HISTORY,2024Q2
DFM_B,conservative,PERMISSIVE_END_OF_DAY,FIRST_RELEASE,POOLED_RESEARCH_ONLY,H2_H3,LEAVE_ONE_QUARTER_OUT,18,9,0.73193714978540303,0.59732071860916969,0.48019315903643406,VERIFIED_DOCUMENTED_VINTAGES_PARTIAL_RELEASE_HISTORY,2024Q2
DFM_B,conservative,PERMISSIVE_END_OF_DAY,LATEST_REVISED,DEVELOPMENT_PSEUDO_OOS,H1,LEAVE_ONE_QUARTER_OUT,5,5,0.35404409661980124,0.32288477264407478,0.32288477264407478,VERIFIED_DOCUMENTED_VINTAGES_PARTIAL_RELEASE_HISTORY,2024Q2
DFM_B,conservative,PERMISSIVE_END_OF_DAY,LATEST_REVISED,DEVELOPMENT_PSEUDO_OOS,H2,LEAVE_ONE_QUARTER_OUT,5,5,0.34586313412677977,0.31308228096652935,0.31308228096652935,VERIFIED_DOCUMENTED_VINTAGES_PARTIAL_RELEASE_HISTORY,2024Q2
DFM_B,conservative,PERMISSIVE_END_OF_DAY,LATEST_REVISED,DEVELOPMENT_PSEUDO_OOS,H3,LEAVE_ONE_QUARTER_OUT,5,5,0.51777439472451325,0.46672374469181077,0.13434288777644915,VERIFIED_DOCUMENTED_VINTAGES_PARTIAL_RELEASE_HISTORY,2024Q2
DFM_B,conservative,PERMISSIVE_END_OF_DAY,LATEST_REVISED,DEVELOPMENT_PSEUDO_OOS,ALL,LEAVE_ONE_QUARTER_OUT,15,5,0.41354518242938748,0.3675635994341383,0.25676998046235106,VERIFIED_DOCUMENTED_VINTAGES_PARTIAL_RELEASE_HISTORY,2024Q2
DFM_B,conservative,PERMISSIVE_END_OF_DAY,LATEST_REVISED,DEVELOPMENT_PSEUDO_OOS,H2_H3,LEAVE_ONE_QUARTER_OUT,10,5,0.44029060368144068,0.38990301282917006,0.22371258437148925,VERIFIED_DOCUMENTED_VINTAGES_PARTIAL_RELEASE_HISTORY,2024Q2
DFM_B,conservative,PERMISSIVE_END_OF_DAY,LATEST_REVISED,POOLED_RESEARCH_ONLY,H1,LEAVE_ONE_QUARTER_OUT,9,9,0.71101950423238169,0.5913884989616931,0.5913884989616931,VERIFIED_DOCUMENTED_VINTAGES_PARTIAL_RELEASE_HISTORY,2024Q2
DFM_B,conservative,PERMISSIVE_END_OF_DAY,LATEST_REVISED,POOLED_RESEARCH_ONLY,H2,LEAVE_ONE_QUARTER_OUT,9,9,0.69829926491378669,0.57764096945965249,0.57764096945965249,VERIFIED_DOCUMENTED_VINTAGES_PARTIAL_RELEASE_HISTORY,2024Q2
DFM_B,conservative,PERMISSIVE_END_OF_DAY,LATEST_REVISED,POOLED_RESEARCH_ONLY,H3,LEAVE_ONE_QUARTER_OUT,9,9,0.74610313702906705,0.65629026912175059,0.47163423750210526,VERIFIED_DOCUMENTED_VINTAGES_PARTIAL_RELEASE_HISTORY,2024Q2
DFM_B,conservative,PERMISSIVE_END_OF_DAY,LATEST_REVISED,POOLED_RESEARCH_ONLY,ALL,LEAVE_ONE_QUARTER_OUT,27,9,0.71875830194918122,0.60843991251436547,0.54688790197448367,VERIFIED_DOCUMENTED_VINTAGES_PARTIAL_RELEASE_HISTORY,2024Q2
DFM_B,conservative,PERMISSIVE_END_OF_DAY,LATEST_REVISED,POOLED_RESEARCH_ONLY,H2_H3,LEAVE_ONE_QUARTER_OUT,18,9,0.72259662138144176,0.61696561929070148,0.52463760348087896,VERIFIED_DOCUMENTED_VINTAGES_PARTIAL_RELEASE_HISTORY,2024Q2
DFM_B,conservative,STRICT,FIRST_RELEASE,DEVELOPMENT_PSEUDO_OOS,H1,LEAVE_ONE_QUARTER_OUT,5,5,0.32732859716236234,0.24652595195986446,0.24288477264407415,VERIFIED_DOCUMENTED_VINTAGES_PARTIAL_RELEASE_HISTORY,2024Q2
DFM_B,conservative,STRICT,FIRST_RELEASE,DEVELOPMENT_PSEUDO_OOS,H2,LEAVE_ONE_QUARTER_OUT,5,5,0.32154984200588071,0.24236063851301334,0.23308228096652872,VERIFIED_DOCUMENTED_VINTAGES_PARTIAL_RELEASE_HISTORY,2024Q2
DFM_B,conservative,STRICT,FIRST_RELEASE,DEVELOPMENT_PSEUDO_OOS,H3,LEAVE_ONE_QUARTER_OUT,5,5,0.57725846975259543,0.46672374469181238,0.054342887776448558,VERIFIED_DOCUMENTED_VINTAGES_PARTIAL_RELEASE_HISTORY,2024Q2
DFM_B,conservative,STRICT,FIRST_RELEASE,DEVELOPMENT_PSEUDO_OOS,ALL,LEAVE_ONE_QUARTER_OUT,15,5,0.42574078667478527,0.31853677838823008,0.17676998046235048,VERIFIED_DOCUMENTED_VINTAGES_PARTIAL_RELEASE_HISTORY,2024Q2
DFM_B,conservative,STRICT,FIRST_RELEASE,DEVELOPMENT_PSEUDO_OOS,H2_H3,LEAVE_ONE_QUARTER_OUT,10,5,0.46723743524845862,0.35454219160241285,0.14371258437148865,VERIFIED_DOCUMENTED_VINTAGES_PARTIAL_RELEASE_HISTORY,2024Q2
DFM_B,conservative,STRICT,FIRST_RELEASE,POOLED_RESEARCH_ONLY,H1,LEAVE_ONE_QUARTER_OUT,9,9,0.70387203377969643,0.54896693191490953,0.54694405451724826,VERIFIED_DOCUMENTED_VINTAGES_PARTIAL_RELEASE_HISTORY,2024Q2
DFM_B,conservative,STRICT,FIRST_RELEASE,POOLED_RESEARCH_ONLY,H2,LEAVE_ONE_QUARTER_OUT,9,9,0.69181418002413897,0.53835116809658801,0.53319652501520765,VERIFIED_DOCUMENTED_VINTAGES_PARTIAL_RELEASE_HISTORY,2024Q2
DFM_B,conservative,STRICT,FIRST_RELEASE,POOLED_RESEARCH_ONLY,H3,LEAVE_ONE_QUARTER_OUT,9,9,0.76997215715211897,0.65629026912175137,0.42718979305766042,VERIFIED_DOCUMENTED_VINTAGES_PARTIAL_RELEASE_HISTORY,2024Q2
DFM_B,conservative,STRICT,FIRST_RELEASE,POOLED_RESEARCH_ONLY,ALL,LEAVE_ONE_QUARTER_OUT,27,9,0.72270321765095369,0.58120278971108297,0.50244345753003872,VERIFIED_DOCUMENTED_VINTAGES_PARTIAL_RELEASE_HISTORY,2024Q2
DFM_B,conservative,STRICT,FIRST_RELEASE,POOLED_RESEARCH_ONLY,H2_H3,LEAVE_ONE_QUARTER_OUT,18,9,0.73193714978540303,0.59732071860916969,0.48019315903643406,VERIFIED_DOCUMENTED_VINTAGES_PARTIAL_RELEASE_HISTORY,2024Q2
DFM_B,conservative,STRICT,LATEST_REVISED,DEVELOPMENT_PSEUDO_OOS,H1,LEAVE_ONE_QUARTER_OUT,5,5,0.35404409661980124,0.32288477264407478,0.32288477264407478,VERIFIED_DOCUMENTED_VINTAGES_PARTIAL_RELEASE_HISTORY,2024Q2
DFM_B,conservative,STRICT,LATEST_REVISED,DEVELOPMENT_PSEUDO_OOS,H2,LEAVE_ONE_QUARTER_OUT,5,5,0.34586313412677977,0.31308228096652935,0.31308228096652935,VERIFIED_DOCUMENTED_VINTAGES_PARTIAL_RELEASE_HISTORY,2024Q2
DFM_B,conservative,STRICT,LATEST_REVISED,DEVELOPMENT_PSEUDO_OOS,H3,LEAVE_ONE_QUARTER_OUT,5,5,0.51777439472451325,0.46672374469181077,0.13434288777644915,VERIFIED_DOCUMENTED_VINTAGES_PARTIAL_RELEASE_HISTORY,2024Q2
DFM_B,conservative,STRICT,LATEST_REVISED,DEVELOPMENT_PSEUDO_OOS,ALL,LEAVE_ONE_QUARTER_OUT,15,5,0.41354518242938748,0.3675635994341383,0.25676998046235106,VERIFIED_DOCUMENTED_VINTAGES_PARTIAL_RELEASE_HISTORY,2024Q2
DFM_B,conservative,STRICT,LATEST_REVISED,DEVELOPMENT_PSEUDO_OOS,H2_H3,LEAVE_ONE_QUARTER_OUT,10,5,0.44029060368144068,0.38990301282917006,0.22371258437148925,VERIFIED_DOCUMENTED_VINTAGES_PARTIAL_RELEASE_HISTORY,2024Q2
DFM_B,conservative,STRICT,LATEST_REVISED,POOLED_RESEARCH_ONLY,H1,LEAVE_ONE_QUARTER_OUT,9,9,0.71101950423238169,0.5913884989616931,0.5913884989616931,VERIFIED_DOCUMENTED_VINTAGES_PARTIAL_RELEASE_HISTORY,2024Q2
DFM_B,conservative,STRICT,LATEST_REVISED,POOLED_RESEARCH_ONLY,H2,LEAVE_ONE_QUARTER_OUT,9,9,0.69829926491378669,0.57764096945965249,0.57764096945965249,VERIFIED_DOCUMENTED_VINTAGES_PARTIAL_RELEASE_HISTORY,2024Q2
DFM_B,conservative,STRICT,LATEST_REVISED,POOLED_RESEARCH_ONLY,H3,LEAVE_ONE_QUARTER_OUT,9,9,0.74610313702906705,0.65629026912175059,0.47163423750210526,VERIFIED_DOCUMENTED_VINTAGES_PARTIAL_RELEASE_HISTORY,2024Q2
DFM_B,conservative,STRICT,LATEST_REVISED,POOLED_RESEARCH_ONLY,ALL,LEAVE_ONE_QUARTER_OUT,27,9,0.71875830194918122,0.60843991251436547,0.54688790197448367,VERIFIED_DOCUMENTED_VINTAGES_PARTIAL_RELEASE_HISTORY,2024Q2
DFM_B,conservative,STRICT,LATEST_REVISED,POOLED_RESEARCH_ONLY,H2_H3,LEAVE_ONE_QUARTER_OUT,18,9,0.72259662138144176,0.61696561929070148,0.52463760348087896,VERIFIED_DOCUMENTED_VINTAGES_PARTIAL_RELEASE_HISTORY,2024Q2
DFM_B,standard,PERMISSIVE_END_OF_DAY,FIRST_RELEASE,DEVELOPMENT_PSEUDO_OOS,H1,LEAVE_ONE_QUARTER_OUT,5,5,0.30580135630701616,0.23055919361788657,0.2084243611102666,VERIFIED_DOCUMENTED_VINTAGES_PARTIAL_RELEASE_HISTORY,2024Q2
DFM_B,standard,PERMISSIVE_END_OF_DAY,FIRST_RELEASE,DEVELOPMENT_PSEUDO_OOS,H2,LEAVE_ONE_QUARTER_OUT,5,5,0.34024000489328982,0.27675752471341558,0.079402844524993021,VERIFIED_DOCUMENTED_VINTAGES_PARTIAL_RELEASE_HISTORY,2024Q2
DFM_B,standard,PERMISSIVE_END_OF_DAY,FIRST_RELEASE,DEVELOPMENT_PSEUDO_OOS,H3,LEAVE_ONE_QUARTER_OUT,5,5,0.50082184040830957,0.40030798856586125,0.025430288772004948,VERIFIED_DOCUMENTED_VINTAGES_PARTIAL_RELEASE_HISTORY,2024Q2
DFM_B,standard,PERMISSIVE_END_OF_DAY,FIRST_RELEASE,DEVELOPMENT_PSEUDO_OOS,ALL,LEAVE_ONE_QUARTER_OUT,15,5,0.39162066947449836,0.30254156896572115,0.10441916480242153,VERIFIED_DOCUMENTED_VINTAGES_PARTIAL_RELEASE_HISTORY,2024Q2
DFM_B,standard,PERMISSIVE_END_OF_DAY,FIRST_RELEASE,DEVELOPMENT_PSEUDO_OOS,H2_H3,LEAVE_ONE_QUARTER_OUT,10,5,0.4281271871533926,0.33853275663963844,0.052416566648498988,VERIFIED_DOCUMENTED_VINTAGES_PARTIAL_RELEASE_HISTORY,2024Q2
DFM_B,standard,PERMISSIVE_END_OF_DAY,FIRST_RELEASE,POOLED_RESEARCH_ONLY,H1,LEAVE_ONE_QUARTER_OUT,9,9,0.66885078206285042,0.51452529359587007,0.50222816442497009,VERIFIED_DOCUMENTED_VINTAGES_PARTIAL_RELEASE_HISTORY,2024Q2
DFM_B,standard,PERMISSIVE_END_OF_DAY,FIRST_RELEASE,POOLED_RESEARCH_ONLY,H2,LEAVE_ONE_QUARTER_OUT,9,9,0.664186974642477,0.52980379268080702,0.420162303687239,VERIFIED_DOCUMENTED_VINTAGES_PARTIAL_RELEASE_HISTORY,2024Q2
DFM_B,standard,PERMISSIVE_END_OF_DAY,FIRST_RELEASE,POOLED_RESEARCH_ONLY,H3,LEAVE_ONE_QUARTER_OUT,9,9,0.71118963517991052,0.59440934366565568,0.38614395489129105,VERIFIED_DOCUMENTED_VINTAGES_PARTIAL_RELEASE_HISTORY,2024Q2
DFM_B,standard,PERMISSIVE_END_OF_DAY,FIRST_RELEASE,POOLED_RESEARCH_ONLY,ALL,LEAVE_ONE_QUARTER_OUT,27,9,0.68173709574345143,0.54624614331411092,0.4361781410011667,VERIFIED_DOCUMENTED_VINTAGES_PARTIAL_RELEASE_HISTORY,2024Q2
DFM_B,standard,PERMISSIVE_END_OF_DAY,FIRST_RELEASE,POOLED_RESEARCH_ONLY,H2_H3,LEAVE_ONE_QUARTER_OUT,18,9,0.68808975957794216,0.56210656817323135,0.403153129289265,VERIFIED_DOCUMENTED_VINTAGES_PARTIAL_RELEASE_HISTORY,2024Q2
DFM_B,standard,PERMISSIVE_END_OF_DAY,LATEST_REVISED,DEVELOPMENT_PSEUDO_OOS,H1,LEAVE_ONE_QUARTER_OUT,5,5,0.32449181388497694,0.2884243611102672,0.2884243611102672,VERIFIED_DOCUMENTED_VINTAGES_PARTIAL_RELEASE_HISTORY,2024Q2
DFM_B,standard,PERMISSIVE_END_OF_DAY,LATEST_REVISED,DEVELOPMENT_PSEUDO_OOS,H2,LEAVE_ONE_QUARTER_OUT,5,5,0.30379651889398107,0.26081428190617972,0.15940284452499362,VERIFIED_DOCUMENTED_VINTAGES_PARTIAL_RELEASE_HISTORY,2024Q2
DFM_B,standard,PERMISSIVE_END_OF_DAY,LATEST_REVISED,DEVELOPMENT_PSEUDO_OOS,H3,LEAVE_ONE_QUARTER_OUT,5,5,0.4380033971000607,0.3846942326845248,0.10543028877200555,VERIFIED_DOCUMENTED_VINTAGES_PARTIAL_RELEASE_HISTORY,2024Q2
DFM_B,standard,PERMISSIVE_END_OF_DAY,LATEST_REVISED,DEVELOPMENT_PSEUDO_OOS,ALL,LEAVE_ONE_QUARTER_OUT,15,5,0.36029350907357788,0.31131095856699059,0.18441916480242213,VERIFIED_DOCUMENTED_VINTAGES_PARTIAL_RELEASE_HISTORY,2024Q2
DFM_B,standard,PERMISSIVE_END_OF_DAY,LATEST_REVISED,DEVELOPMENT_PSEUDO_OOS,H2_H3,LEAVE_ONE_QUARTER_OUT,10,5,0.37692127875943443,0.32275425729535223,0.1324165666484996,VERIFIED_DOCUMENTED_VINTAGES_PARTIAL_RELEASE_HISTORY,2024Q2
DFM_B,standard,PERMISSIVE_END_OF_DAY,LATEST_REVISED,POOLED_RESEARCH_ONLY,H1,LEAVE_ONE_QUARTER_OUT,9,9,0.67372551753420129,0.54667260886941493,0.54667260886941493,VERIFIED_DOCUMENTED_VINTAGES_PARTIAL_RELEASE_HISTORY,2024Q2
DFM_B,standard,PERMISSIVE_END_OF_DAY,LATEST_REVISED,POOLED_RESEARCH_ONLY,H2,LEAVE_ONE_QUARTER_OUT,9,9,0.65429727828786055,0.5209464355656761,0.46460674813168384,VERIFIED_DOCUMENTED_VINTAGES_PARTIAL_RELEASE_HISTORY,2024Q2
DFM_B,standard,PERMISSIVE_END_OF_DAY,LATEST_REVISED,POOLED_RESEARCH_ONLY,H3,LEAVE_ONE_QUARTER_OUT,9,9,0.68776922606449176,0.58573503484269107,0.43058839933573595,VERIFIED_DOCUMENTED_VINTAGES_PARTIAL_RELEASE_HISTORY,2024Q2
DFM_B,standard,PERMISSIVE_END_OF_DAY,LATEST_REVISED,POOLED_RESEARCH_ONLY,ALL,LEAVE_ONE_QUARTER_OUT,27,9,0.67207080720039702,0.55111802642592733,0.48062258544561154,VERIFIED_DOCUMENTED_VINTAGES_PARTIAL_RELEASE_HISTORY,2024Q2
DFM_B,standard,PERMISSIVE_END_OF_DAY,LATEST_REVISED,POOLED_RESEARCH_ONLY,H2_H3,LEAVE_ONE_QUARTER_OUT,18,9,0.67124192237085878,0.55334073520418359,0.44759757373370984,VERIFIED_DOCUMENTED_VINTAGES_PARTIAL_RELEASE_HISTORY,2024Q2
DFM_B,standard,STRICT,FIRST_RELEASE,DEVELOPMENT_PSEUDO_OOS,H1,LEAVE_ONE_QUARTER_OUT,5,5,0.30580135630701616,0.23055919361788657,0.2084243611102666,VERIFIED_DOCUMENTED_VINTAGES_PARTIAL_RELEASE_HISTORY,2024Q2
DFM_B,standard,STRICT,FIRST_RELEASE,DEVELOPMENT_PSEUDO_OOS,H2,LEAVE_ONE_QUARTER_OUT,5,5,0.34024000489328982,0.27675752471341558,0.079402844524993021,VERIFIED_DOCUMENTED_VINTAGES_PARTIAL_RELEASE_HISTORY,2024Q2
DFM_B,standard,STRICT,FIRST_RELEASE,DEVELOPMENT_PSEUDO_OOS,H3,LEAVE_ONE_QUARTER_OUT,5,5,0.50082184040830957,0.40030798856586125,0.025430288772004948,VERIFIED_DOCUMENTED_VINTAGES_PARTIAL_RELEASE_HISTORY,2024Q2
DFM_B,standard,STRICT,FIRST_RELEASE,DEVELOPMENT_PSEUDO_OOS,ALL,LEAVE_ONE_QUARTER_OUT,15,5,0.39162066947449836,0.30254156896572115,0.10441916480242153,VERIFIED_DOCUMENTED_VINTAGES_PARTIAL_RELEASE_HISTORY,2024Q2
DFM_B,standard,STRICT,FIRST_RELEASE,DEVELOPMENT_PSEUDO_OOS,H2_H3,LEAVE_ONE_QUARTER_OUT,10,5,0.4281271871533926,0.33853275663963844,0.052416566648498988,VERIFIED_DOCUMENTED_VINTAGES_PARTIAL_RELEASE_HISTORY,2024Q2
DFM_B,standard,STRICT,FIRST_RELEASE,POOLED_RESEARCH_ONLY,H1,LEAVE_ONE_QUARTER_OUT,9,9,0.66885078206285042,0.51452529359587007,0.50222816442497009,VERIFIED_DOCUMENTED_VINTAGES_PARTIAL_RELEASE_HISTORY,2024Q2
DFM_B,standard,STRICT,FIRST_RELEASE,POOLED_RESEARCH_ONLY,H2,LEAVE_ONE_QUARTER_OUT,9,9,0.664186974642477,0.52980379268080702,0.420162303687239,VERIFIED_DOCUMENTED_VINTAGES_PARTIAL_RELEASE_HISTORY,2024Q2
DFM_B,standard,STRICT,FIRST_RELEASE,POOLED_RESEARCH_ONLY,H3,LEAVE_ONE_QUARTER_OUT,9,9,0.71118963517991052,0.59440934366565568,0.38614395489129105,VERIFIED_DOCUMENTED_VINTAGES_PARTIAL_RELEASE_HISTORY,2024Q2
DFM_B,standard,STRICT,FIRST_RELEASE,POOLED_RESEARCH_ONLY,ALL,LEAVE_ONE_QUARTER_OUT,27,9,0.68173709574345143,0.54624614331411092,0.4361781410011667,VERIFIED_DOCUMENTED_VINTAGES_PARTIAL_RELEASE_HISTORY,2024Q2
DFM_B,standard,STRICT,FIRST_RELEASE,POOLED_RESEARCH_ONLY,H2_H3,LEAVE_ONE_QUARTER_OUT,18,9,0.68808975957794216,0.56210656817323135,0.403153129289265,VERIFIED_DOCUMENTED_VINTAGES_PARTIAL_RELEASE_HISTORY,2024Q2
DFM_B,standard,STRICT,LATEST_REVISED,DEVELOPMENT_PSEUDO_OOS,H1,LEAVE_ONE_QUARTER_OUT,5,5,0.32449181388497694,0.2884243611102672,0.2884243611102672,VERIFIED_DOCUMENTED_VINTAGES_PARTIAL_RELEASE_HISTORY,2024Q2
DFM_B,standard,STRICT,LATEST_REVISED,DEVELOPMENT_PSEUDO_OOS,H2,LEAVE_ONE_QUARTER_OUT,5,5,0.30379651889398107,0.26081428190617972,0.15940284452499362,VERIFIED_DOCUMENTED_VINTAGES_PARTIAL_RELEASE_HISTORY,2024Q2
DFM_B,standard,STRICT,LATEST_REVISED,DEVELOPMENT_PSEUDO_OOS,H3,LEAVE_ONE_QUARTER_OUT,5,5,0.4380033971000607,0.3846942326845248,0.10543028877200555,VERIFIED_DOCUMENTED_VINTAGES_PARTIAL_RELEASE_HISTORY,2024Q2
DFM_B,standard,STRICT,LATEST_REVISED,DEVELOPMENT_PSEUDO_OOS,ALL,LEAVE_ONE_QUARTER_OUT,15,5,0.36029350907357788,0.31131095856699059,0.18441916480242213,VERIFIED_DOCUMENTED_VINTAGES_PARTIAL_RELEASE_HISTORY,2024Q2
DFM_B,standard,STRICT,LATEST_REVISED,DEVELOPMENT_PSEUDO_OOS,H2_H3,LEAVE_ONE_QUARTER_OUT,10,5,0.37692127875943443,0.32275425729535223,0.1324165666484996,VERIFIED_DOCUMENTED_VINTAGES_PARTIAL_RELEASE_HISTORY,2024Q2
DFM_B,standard,STRICT,LATEST_REVISED,POOLED_RESEARCH_ONLY,H1,LEAVE_ONE_QUARTER_OUT,9,9,0.67372551753420129,0.54667260886941493,0.54667260886941493,VERIFIED_DOCUMENTED_VINTAGES_PARTIAL_RELEASE_HISTORY,2024Q2
DFM_B,standard,STRICT,LATEST_REVISED,POOLED_RESEARCH_ONLY,H2,LEAVE_ONE_QUARTER_OUT,9,9,0.65429727828786055,0.5209464355656761,0.46460674813168384,VERIFIED_DOCUMENTED_VINTAGES_PARTIAL_RELEASE_HISTORY,2024Q2
DFM_B,standard,STRICT,LATEST_REVISED,POOLED_RESEARCH_ONLY,H3,LEAVE_ONE_QUARTER_OUT,9,9,0.68776922606449176,0.58573503484269107,0.43058839933573595,VERIFIED_DOCUMENTED_VINTAGES_PARTIAL_RELEASE_HISTORY,2024Q2
DFM_B,standard,STRICT,LATEST_REVISED,POOLED_RESEARCH_ONLY,ALL,LEAVE_ONE_QUARTER_OUT,27,9,0.67207080720039702,0.55111802642592733,0.48062258544561154,VERIFIED_DOCUMENTED_VINTAGES_PARTIAL_RELEASE_HISTORY,2024Q2
DFM_B,standard,STRICT,LATEST_REVISED,POOLED_RESEARCH_ONLY,H2_H3,LEAVE_ONE_QUARTER_OUT,18,9,0.67124192237085878,0.55334073520418359,0.44759757373370984,VERIFIED_DOCUMENTED_VINTAGES_PARTIAL_RELEASE_HISTORY,2024Q2
PRODUCTION_ENSEMBLE,conservative,PERMISSIVE_END_OF_DAY,FIRST_RELEASE,DEVELOPMENT_PSEUDO_OOS,H1,LEAVE_ONE_QUARTER_OUT,5,5,0.4644757385314196,0.41082560920307626,0.41082560920307626,VERIFIED_DOCUMENTED_VINTAGES_PARTIAL_RELEASE_HISTORY,2024Q2
PRODUCTION_ENSEMBLE,conservative,PERMISSIVE_END_OF_DAY,FIRST_RELEASE,DEVELOPMENT_PSEUDO_OOS,H2,LEAVE_ONE_QUARTER_OUT,5,5,0.42230086301407915,0.37368236972356306,0.37368236972356306,VERIFIED_DOCUMENTED_VINTAGES_PARTIAL_RELEASE_HISTORY,2024Q2
PRODUCTION_ENSEMBLE,conservative,PERMISSIVE_END_OF_DAY,FIRST_RELEASE,DEVELOPMENT_PSEUDO_OOS,H3,LEAVE_ONE_QUARTER_OUT,5,5,0.45762865279625486,0.40706550064002656,0.40706550064002656,VERIFIED_DOCUMENTED_VINTAGES_PARTIAL_RELEASE_HISTORY,2024Q2
PRODUCTION_ENSEMBLE,conservative,PERMISSIVE_END_OF_DAY,FIRST_RELEASE,DEVELOPMENT_PSEUDO_OOS,ALL,LEAVE_ONE_QUARTER_OUT,15,5,0.44851596569384949,0.39719115985555525,0.39719115985555525,VERIFIED_DOCUMENTED_VINTAGES_PARTIAL_RELEASE_HISTORY,2024Q2
PRODUCTION_ENSEMBLE,conservative,PERMISSIVE_END_OF_DAY,FIRST_RELEASE,DEVELOPMENT_PSEUDO_OOS,H2_H3,LEAVE_ONE_QUARTER_OUT,10,5,0.44031920396602692,0.39037393518179481,0.39037393518179481,VERIFIED_DOCUMENTED_VINTAGES_PARTIAL_RELEASE_HISTORY,2024Q2
PRODUCTION_ENSEMBLE,conservative,PERMISSIVE_END_OF_DAY,FIRST_RELEASE,POOLED_RESEARCH_ONLY,H1,LEAVE_ONE_QUARTER_OUT,9,9,0.54436729331799683,0.41832341826835673,0.41832341826835673,VERIFIED_DOCUMENTED_VINTAGES_PARTIAL_RELEASE_HISTORY,2024Q2
PRODUCTION_ENSEMBLE,conservative,PERMISSIVE_END_OF_DAY,FIRST_RELEASE,POOLED_RESEARCH_ONLY,H2,LEAVE_ONE_QUARTER_OUT,9,9,0.60988323811629419,0.4791243187732237,0.43319543816275263,VERIFIED_DOCUMENTED_VINTAGES_PARTIAL_RELEASE_HISTORY,2024Q2
PRODUCTION_ENSEMBLE,conservative,PERMISSIVE_END_OF_DAY,FIRST_RELEASE,POOLED_RESEARCH_ONLY,H3,LEAVE_ONE_QUARTER_OUT,9,9,0.63470402183374908,0.47561273176317559,0.44801867768400133,VERIFIED_DOCUMENTED_VINTAGES_PARTIAL_RELEASE_HISTORY,2024Q2
PRODUCTION_ENSEMBLE,conservative,PERMISSIVE_END_OF_DAY,FIRST_RELEASE,POOLED_RESEARCH_ONLY,ALL,LEAVE_ONE_QUARTER_OUT,27,9,0.59753452048159661,0.45768682293491869,0.43317917803837025,VERIFIED_DOCUMENTED_VINTAGES_PARTIAL_RELEASE_HISTORY,2024Q2
PRODUCTION_ENSEMBLE,conservative,PERMISSIVE_END_OF_DAY,FIRST_RELEASE,POOLED_RESEARCH_ONLY,H2_H3,LEAVE_ONE_QUARTER_OUT,18,9,0.62241736779557832,0.47736852526819962,0.44060705792337695,VERIFIED_DOCUMENTED_VINTAGES_PARTIAL_RELEASE_HISTORY,2024Q2
PRODUCTION_ENSEMBLE,conservative,PERMISSIVE_END_OF_DAY,LATEST_REVISED,DEVELOPMENT_PSEUDO_OOS,H1,LEAVE_ONE_QUARTER_OUT,5,5,0.5135002376287604,0.49082560920307683,0.49082560920307683,VERIFIED_DOCUMENTED_VINTAGES_PARTIAL_RELEASE_HISTORY,2024Q2
PRODUCTION_ENSEMBLE,conservative,PERMISSIVE_END_OF_DAY,LATEST_REVISED,DEVELOPMENT_PSEUDO_OOS,H2,LEAVE_ONE_QUARTER_OUT,5,5,0.47892416859522791,0.45368236972356363,0.45368236972356363,VERIFIED_DOCUMENTED_VINTAGES_PARTIAL_RELEASE_HISTORY,2024Q2
PRODUCTION_ENSEMBLE,conservative,PERMISSIVE_END_OF_DAY,LATEST_REVISED,DEVELOPMENT_PSEUDO_OOS,H3,LEAVE_ONE_QUARTER_OUT,5,5,0.51541929947565202,0.48706550064002718,0.48706550064002718,VERIFIED_DOCUMENTED_VINTAGES_PARTIAL_RELEASE_HISTORY,2024Q2
PRODUCTION_ENSEMBLE,conservative,PERMISSIVE_END_OF_DAY,LATEST_REVISED,DEVELOPMENT_PSEUDO_OOS,ALL,LEAVE_ONE_QUARTER_OUT,15,5,0.50289425912458496,0.47719115985555588,0.47719115985555588,VERIFIED_DOCUMENTED_VINTAGES_PARTIAL_RELEASE_HISTORY,2024Q2
PRODUCTION_ENSEMBLE,conservative,PERMISSIVE_END_OF_DAY,LATEST_REVISED,DEVELOPMENT_PSEUDO_OOS,H2_H3,LEAVE_ONE_QUARTER_OUT,10,5,0.49750648917205198,0.47037393518179538,0.47037393518179538,VERIFIED_DOCUMENTED_VINTAGES_PARTIAL_RELEASE_HISTORY,2024Q2
PRODUCTION_ENSEMBLE,conservative,PERMISSIVE_END_OF_DAY,LATEST_REVISED,POOLED_RESEARCH_ONLY,H1,LEAVE_ONE_QUARTER_OUT,9,9,0.56830602692091226,0.46276786271280163,0.46276786271280163,VERIFIED_DOCUMENTED_VINTAGES_PARTIAL_RELEASE_HISTORY,2024Q2
PRODUCTION_ENSEMBLE,conservative,PERMISSIVE_END_OF_DAY,LATEST_REVISED,POOLED_RESEARCH_ONLY,H2,LEAVE_ONE_QUARTER_OUT,9,9,0.63269878554121195,0.52356876321766799,0.47763988260719753,VERIFIED_DOCUMENTED_VINTAGES_PARTIAL_RELEASE_HISTORY,2024Q2
PRODUCTION_ENSEMBLE,conservative,PERMISSIVE_END_OF_DAY,LATEST_REVISED,POOLED_RESEARCH_ONLY,H3,LEAVE_ONE_QUARTER_OUT,9,9,0.65885490815898939,0.52005717620761993,0.49246312212844617,VERIFIED_DOCUMENTED_VINTAGES_PARTIAL_RELEASE_HISTORY,2024Q2
PRODUCTION_ENSEMBLE,conservative,PERMISSIVE_END_OF_DAY,LATEST_REVISED,POOLED_RESEARCH_ONLY,ALL,LEAVE_ONE_QUARTER_OUT,27,9,0.62111976393852508,0.5021312673793632,0.47762362248281509,VERIFIED_DOCUMENTED_VINTAGES_PARTIAL_RELEASE_HISTORY,2024Q2
PRODUCTION_ENSEMBLE,conservative,PERMISSIVE_END_OF_DAY,LATEST_REVISED,POOLED_RESEARCH_ONLY,H2_H3,LEAVE_ONE_QUARTER_OUT,18,9,0.64590925958315337,0.5218129697126439,0.48505150236782185,VERIFIED_DOCUMENTED_VINTAGES_PARTIAL_RELEASE_HISTORY,2024Q2
PRODUCTION_ENSEMBLE,conservative,STRICT,FIRST_RELEASE,DEVELOPMENT_PSEUDO_OOS,H1,LEAVE_ONE_QUARTER_OUT,5,5,0.4644757385314196,0.41082560920307626,0.41082560920307626,VERIFIED_DOCUMENTED_VINTAGES_PARTIAL_RELEASE_HISTORY,2024Q2
PRODUCTION_ENSEMBLE,conservative,STRICT,FIRST_RELEASE,DEVELOPMENT_PSEUDO_OOS,H2,LEAVE_ONE_QUARTER_OUT,5,5,0.42230086301407915,0.37368236972356306,0.37368236972356306,VERIFIED_DOCUMENTED_VINTAGES_PARTIAL_RELEASE_HISTORY,2024Q2
PRODUCTION_ENSEMBLE,conservative,STRICT,FIRST_RELEASE,DEVELOPMENT_PSEUDO_OOS,H3,LEAVE_ONE_QUARTER_OUT,5,5,0.45762865279625486,0.40706550064002656,0.40706550064002656,VERIFIED_DOCUMENTED_VINTAGES_PARTIAL_RELEASE_HISTORY,2024Q2
PRODUCTION_ENSEMBLE,conservative,STRICT,FIRST_RELEASE,DEVELOPMENT_PSEUDO_OOS,ALL,LEAVE_ONE_QUARTER_OUT,15,5,0.44851596569384949,0.39719115985555525,0.39719115985555525,VERIFIED_DOCUMENTED_VINTAGES_PARTIAL_RELEASE_HISTORY,2024Q2
PRODUCTION_ENSEMBLE,conservative,STRICT,FIRST_RELEASE,DEVELOPMENT_PSEUDO_OOS,H2_H3,LEAVE_ONE_QUARTER_OUT,10,5,0.44031920396602692,0.39037393518179481,0.39037393518179481,VERIFIED_DOCUMENTED_VINTAGES_PARTIAL_RELEASE_HISTORY,2024Q2
PRODUCTION_ENSEMBLE,conservative,STRICT,FIRST_RELEASE,POOLED_RESEARCH_ONLY,H1,LEAVE_ONE_QUARTER_OUT,9,9,0.54436729331799683,0.41832341826835673,0.41832341826835673,VERIFIED_DOCUMENTED_VINTAGES_PARTIAL_RELEASE_HISTORY,2024Q2
PRODUCTION_ENSEMBLE,conservative,STRICT,FIRST_RELEASE,POOLED_RESEARCH_ONLY,H2,LEAVE_ONE_QUARTER_OUT,9,9,0.60988323811629419,0.4791243187732237,0.43319543816275263,VERIFIED_DOCUMENTED_VINTAGES_PARTIAL_RELEASE_HISTORY,2024Q2
PRODUCTION_ENSEMBLE,conservative,STRICT,FIRST_RELEASE,POOLED_RESEARCH_ONLY,H3,LEAVE_ONE_QUARTER_OUT,9,9,0.63470402183374908,0.47561273176317559,0.44801867768400133,VERIFIED_DOCUMENTED_VINTAGES_PARTIAL_RELEASE_HISTORY,2024Q2
PRODUCTION_ENSEMBLE,conservative,STRICT,FIRST_RELEASE,POOLED_RESEARCH_ONLY,ALL,LEAVE_ONE_QUARTER_OUT,27,9,0.59753452048159661,0.45768682293491869,0.43317917803837025,VERIFIED_DOCUMENTED_VINTAGES_PARTIAL_RELEASE_HISTORY,2024Q2
PRODUCTION_ENSEMBLE,conservative,STRICT,FIRST_RELEASE,POOLED_RESEARCH_ONLY,H2_H3,LEAVE_ONE_QUARTER_OUT,18,9,0.62241736779557832,0.47736852526819962,0.44060705792337695,VERIFIED_DOCUMENTED_VINTAGES_PARTIAL_RELEASE_HISTORY,2024Q2
PRODUCTION_ENSEMBLE,conservative,STRICT,LATEST_REVISED,DEVELOPMENT_PSEUDO_OOS,H1,LEAVE_ONE_QUARTER_OUT,5,5,0.5135002376287604,0.49082560920307683,0.49082560920307683,VERIFIED_DOCUMENTED_VINTAGES_PARTIAL_RELEASE_HISTORY,2024Q2
PRODUCTION_ENSEMBLE,conservative,STRICT,LATEST_REVISED,DEVELOPMENT_PSEUDO_OOS,H2,LEAVE_ONE_QUARTER_OUT,5,5,0.47892416859522791,0.45368236972356363,0.45368236972356363,VERIFIED_DOCUMENTED_VINTAGES_PARTIAL_RELEASE_HISTORY,2024Q2
PRODUCTION_ENSEMBLE,conservative,STRICT,LATEST_REVISED,DEVELOPMENT_PSEUDO_OOS,H3,LEAVE_ONE_QUARTER_OUT,5,5,0.51541929947565202,0.48706550064002718,0.48706550064002718,VERIFIED_DOCUMENTED_VINTAGES_PARTIAL_RELEASE_HISTORY,2024Q2
PRODUCTION_ENSEMBLE,conservative,STRICT,LATEST_REVISED,DEVELOPMENT_PSEUDO_OOS,ALL,LEAVE_ONE_QUARTER_OUT,15,5,0.50289425912458496,0.47719115985555588,0.47719115985555588,VERIFIED_DOCUMENTED_VINTAGES_PARTIAL_RELEASE_HISTORY,2024Q2
PRODUCTION_ENSEMBLE,conservative,STRICT,LATEST_REVISED,DEVELOPMENT_PSEUDO_OOS,H2_H3,LEAVE_ONE_QUARTER_OUT,10,5,0.49750648917205198,0.47037393518179538,0.47037393518179538,VERIFIED_DOCUMENTED_VINTAGES_PARTIAL_RELEASE_HISTORY,2024Q2
PRODUCTION_ENSEMBLE,conservative,STRICT,LATEST_REVISED,POOLED_RESEARCH_ONLY,H1,LEAVE_ONE_QUARTER_OUT,9,9,0.56830602692091226,0.46276786271280163,0.46276786271280163,VERIFIED_DOCUMENTED_VINTAGES_PARTIAL_RELEASE_HISTORY,2024Q2
PRODUCTION_ENSEMBLE,conservative,STRICT,LATEST_REVISED,POOLED_RESEARCH_ONLY,H2,LEAVE_ONE_QUARTER_OUT,9,9,0.63269878554121195,0.52356876321766799,0.47763988260719753,VERIFIED_DOCUMENTED_VINTAGES_PARTIAL_RELEASE_HISTORY,2024Q2
PRODUCTION_ENSEMBLE,conservative,STRICT,LATEST_REVISED,POOLED_RESEARCH_ONLY,H3,LEAVE_ONE_QUARTER_OUT,9,9,0.65885490815898939,0.52005717620761993,0.49246312212844617,VERIFIED_DOCUMENTED_VINTAGES_PARTIAL_RELEASE_HISTORY,2024Q2
PRODUCTION_ENSEMBLE,conservative,STRICT,LATEST_REVISED,POOLED_RESEARCH_ONLY,ALL,LEAVE_ONE_QUARTER_OUT,27,9,0.62111976393852508,0.5021312673793632,0.47762362248281509,VERIFIED_DOCUMENTED_VINTAGES_PARTIAL_RELEASE_HISTORY,2024Q2
PRODUCTION_ENSEMBLE,conservative,STRICT,LATEST_REVISED,POOLED_RESEARCH_ONLY,H2_H3,LEAVE_ONE_QUARTER_OUT,18,9,0.64590925958315337,0.5218129697126439,0.48505150236782185,VERIFIED_DOCUMENTED_VINTAGES_PARTIAL_RELEASE_HISTORY,2024Q2
PRODUCTION_ENSEMBLE,standard,PERMISSIVE_END_OF_DAY,FIRST_RELEASE,DEVELOPMENT_PSEUDO_OOS,H1,LEAVE_ONE_QUARTER_OUT,5,5,0.42230086301407915,0.37368236972356306,0.37368236972356306,VERIFIED_DOCUMENTED_VINTAGES_PARTIAL_RELEASE_HISTORY,2024Q2
PRODUCTION_ENSEMBLE,standard,PERMISSIVE_END_OF_DAY,FIRST_RELEASE,DEVELOPMENT_PSEUDO_OOS,H2,LEAVE_ONE_QUARTER_OUT,5,5,0.45762865279625486,0.40706550064002656,0.40706550064002656,VERIFIED_DOCUMENTED_VINTAGES_PARTIAL_RELEASE_HISTORY,2024Q2
PRODUCTION_ENSEMBLE,standard,PERMISSIVE_END_OF_DAY,FIRST_RELEASE,DEVELOPMENT_PSEUDO_OOS,H3,LEAVE_ONE_QUARTER_OUT,5,5,0.33993132529838987,0.31843822961672058,0.18065252791239264,VERIFIED_DOCUMENTED_VINTAGES_PARTIAL_RELEASE_HISTORY,2024Q2
PRODUCTION_ENSEMBLE,standard,PERMISSIVE_END_OF_DAY,FIRST_RELEASE,DEVELOPMENT_PSEUDO_OOS,ALL,LEAVE_ONE_QUARTER_OUT,15,5,0.40959952338907452,0.36639536666010336,0.32046679942532741,VERIFIED_DOCUMENTED_VINTAGES_PARTIAL_RELEASE_HISTORY,2024Q2
PRODUCTION_ENSEMBLE,standard,PERMISSIVE_END_OF_DAY,FIRST_RELEASE,DEVELOPMENT_PSEUDO_OOS,H2_H3,LEAVE_ONE_QUARTER_OUT,10,5,0.40309880288784961,0.36275186512837354,0.29385901427620958,VERIFIED_DOCUMENTED_VINTAGES_PARTIAL_RELEASE_HISTORY,2024Q2
PRODUCTION_ENSEMBLE,standard,PERMISSIVE_END_OF_DAY,FIRST_RELEASE,POOLED_RESEARCH_ONLY,H1,LEAVE_ONE_QUARTER_OUT,9,9,0.60988323811629419,0.4791243187732237,0.43319543816275263,VERIFIED_DOCUMENTED_VINTAGES_PARTIAL_RELEASE_HISTORY,2024Q2
PRODUCTION_ENSEMBLE,standard,PERMISSIVE_END_OF_DAY,FIRST_RELEASE,POOLED_RESEARCH_ONLY,H2,LEAVE_ONE_QUARTER_OUT,9,9,0.63470402183374908,0.47561273176317559,0.44801867768400133,VERIFIED_DOCUMENTED_VINTAGES_PARTIAL_RELEASE_HISTORY,2024Q2
PRODUCTION_ENSEMBLE,standard,PERMISSIVE_END_OF_DAY,FIRST_RELEASE,POOLED_RESEARCH_ONLY,H3,LEAVE_ONE_QUARTER_OUT,9,9,0.3990451291407982,0.31035852950085718,0.23381091744289723,VERIFIED_DOCUMENTED_VINTAGES_PARTIAL_RELEASE_HISTORY,2024Q2
PRODUCTION_ENSEMBLE,standard,PERMISSIVE_END_OF_DAY,FIRST_RELEASE,POOLED_RESEARCH_ONLY,ALL,LEAVE_ONE_QUARTER_OUT,27,9,0.55798559556024052,0.42169852667908547,0.37167501109655038,VERIFIED_DOCUMENTED_VINTAGES_PARTIAL_RELEASE_HISTORY,2024Q2
PRODUCTION_ENSEMBLE,standard,PERMISSIVE_END_OF_DAY,FIRST_RELEASE,POOLED_RESEARCH_ONLY,H2_H3,LEAVE_ONE_QUARTER_OUT,18,9,0.5301349877262076,0.39298563063201641,0.34091479756344928,VERIFIED_DOCUMENTED_VINTAGES_PARTIAL_RELEASE_HISTORY,2024Q2
PRODUCTION_ENSEMBLE,standard,PERMISSIVE_END_OF_DAY,LATEST_REVISED,DEVELOPMENT_PSEUDO_OOS,H1,LEAVE_ONE_QUARTER_OUT,5,5,0.47892416859522791,0.45368236972356363,0.45368236972356363,VERIFIED_DOCUMENTED_VINTAGES_PARTIAL_RELEASE_HISTORY,2024Q2
PRODUCTION_ENSEMBLE,standard,PERMISSIVE_END_OF_DAY,LATEST_REVISED,DEVELOPMENT_PSEUDO_OOS,H2,LEAVE_ONE_QUARTER_OUT,5,5,0.51541929947565202,0.48706550064002718,0.48706550064002718,VERIFIED_DOCUMENTED_VINTAGES_PARTIAL_RELEASE_HISTORY,2024Q2
PRODUCTION_ENSEMBLE,standard,PERMISSIVE_END_OF_DAY,LATEST_REVISED,DEVELOPMENT_PSEUDO_OOS,H3,LEAVE_ONE_QUARTER_OUT,5,5,0.41193270479181315,0.3984382296167201,0.26065252791239324,VERIFIED_DOCUMENTED_VINTAGES_PARTIAL_RELEASE_HISTORY,2024Q2
PRODUCTION_ENSEMBLE,standard,PERMISSIVE_END_OF_DAY,LATEST_REVISED,DEVELOPMENT_PSEUDO_OOS,ALL,LEAVE_ONE_QUARTER_OUT,15,5,0.47071363085344547,0.44639536666010365,0.40046679942532803,VERIFIED_DOCUMENTED_VINTAGES_PARTIAL_RELEASE_HISTORY,2024Q2
PRODUCTION_ENSEMBLE,standard,PERMISSIVE_END_OF_DAY,LATEST_REVISED,DEVELOPMENT_PSEUDO_OOS,H2_H3,LEAVE_ONE_QUARTER_OUT,10,5,0.46655418096351403,0.44275186512837361,0.37385901427621021,VERIFIED_DOCUMENTED_VINTAGES_PARTIAL_RELEASE_HISTORY,2024Q2
PRODUCTION_ENSEMBLE,standard,PERMISSIVE_END_OF_DAY,LATEST_REVISED,POOLED_RESEARCH_ONLY,H1,LEAVE_ONE_QUARTER_OUT,9,9,0.63269878554121195,0.52356876321766799,0.47763988260719753,VERIFIED_DOCUMENTED_VINTAGES_PARTIAL_RELEASE_HISTORY,2024Q2
PRODUCTION_ENSEMBLE,standard,PERMISSIVE_END_OF_DAY,LATEST_REVISED,POOLED_RESEARCH_ONLY,H2,LEAVE_ONE_QUARTER_OUT,9,9,0.65885490815898939,0.52005717620761993,0.49246312212844617,VERIFIED_DOCUMENTED_VINTAGES_PARTIAL_RELEASE_HISTORY,2024Q2
PRODUCTION_ENSEMBLE,standard,PERMISSIVE_END_OF_DAY,LATEST_REVISED,POOLED_RESEARCH_ONLY,H3,LEAVE_ONE_QUARTER_OUT,9,9,0.43510016376932859,0.35480297394530147,0.27825536188734212,VERIFIED_DOCUMENTED_VINTAGES_PARTIAL_RELEASE_HISTORY,2024Q2
PRODUCTION_ENSEMBLE,standard,PERMISSIVE_END_OF_DAY,LATEST_REVISED,POOLED_RESEARCH_ONLY,ALL,LEAVE_ONE_QUARTER_OUT,27,9,0.58415457307765473,0.46614297112352976,0.41611945554099528,VERIFIED_DOCUMENTED_VINTAGES_PARTIAL_RELEASE_HISTORY,2024Q2
PRODUCTION_ENSEMBLE,standard,PERMISSIVE_END_OF_DAY,LATEST_REVISED,POOLED_RESEARCH_ONLY,H2_H3,LEAVE_ONE_QUARTER_OUT,18,9,0.55830186392187819,0.4374300750764607,0.38535924200789418,VERIFIED_DOCUMENTED_VINTAGES_PARTIAL_RELEASE_HISTORY,2024Q2
PRODUCTION_ENSEMBLE,standard,STRICT,FIRST_RELEASE,DEVELOPMENT_PSEUDO_OOS,H1,LEAVE_ONE_QUARTER_OUT,5,5,0.42230086301407915,0.37368236972356306,0.37368236972356306,VERIFIED_DOCUMENTED_VINTAGES_PARTIAL_RELEASE_HISTORY,2024Q2
PRODUCTION_ENSEMBLE,standard,STRICT,FIRST_RELEASE,DEVELOPMENT_PSEUDO_OOS,H2,LEAVE_ONE_QUARTER_OUT,5,5,0.45762865279625486,0.40706550064002656,0.40706550064002656,VERIFIED_DOCUMENTED_VINTAGES_PARTIAL_RELEASE_HISTORY,2024Q2
PRODUCTION_ENSEMBLE,standard,STRICT,FIRST_RELEASE,DEVELOPMENT_PSEUDO_OOS,H3,LEAVE_ONE_QUARTER_OUT,5,5,0.33993132529838987,0.31843822961672058,0.18065252791239264,VERIFIED_DOCUMENTED_VINTAGES_PARTIAL_RELEASE_HISTORY,2024Q2
PRODUCTION_ENSEMBLE,standard,STRICT,FIRST_RELEASE,DEVELOPMENT_PSEUDO_OOS,ALL,LEAVE_ONE_QUARTER_OUT,15,5,0.40959952338907452,0.36639536666010336,0.32046679942532741,VERIFIED_DOCUMENTED_VINTAGES_PARTIAL_RELEASE_HISTORY,2024Q2
PRODUCTION_ENSEMBLE,standard,STRICT,FIRST_RELEASE,DEVELOPMENT_PSEUDO_OOS,H2_H3,LEAVE_ONE_QUARTER_OUT,10,5,0.40309880288784961,0.36275186512837354,0.29385901427620958,VERIFIED_DOCUMENTED_VINTAGES_PARTIAL_RELEASE_HISTORY,2024Q2
PRODUCTION_ENSEMBLE,standard,STRICT,FIRST_RELEASE,POOLED_RESEARCH_ONLY,H1,LEAVE_ONE_QUARTER_OUT,9,9,0.60988323811629419,0.4791243187732237,0.43319543816275263,VERIFIED_DOCUMENTED_VINTAGES_PARTIAL_RELEASE_HISTORY,2024Q2
PRODUCTION_ENSEMBLE,standard,STRICT,FIRST_RELEASE,POOLED_RESEARCH_ONLY,H2,LEAVE_ONE_QUARTER_OUT,9,9,0.63470402183374908,0.47561273176317559,0.44801867768400133,VERIFIED_DOCUMENTED_VINTAGES_PARTIAL_RELEASE_HISTORY,2024Q2
PRODUCTION_ENSEMBLE,standard,STRICT,FIRST_RELEASE,POOLED_RESEARCH_ONLY,H3,LEAVE_ONE_QUARTER_OUT,9,9,0.3990451291407982,0.31035852950085718,0.23381091744289723,VERIFIED_DOCUMENTED_VINTAGES_PARTIAL_RELEASE_HISTORY,2024Q2
PRODUCTION_ENSEMBLE,standard,STRICT,FIRST_RELEASE,POOLED_RESEARCH_ONLY,ALL,LEAVE_ONE_QUARTER_OUT,27,9,0.55798559556024052,0.42169852667908547,0.37167501109655038,VERIFIED_DOCUMENTED_VINTAGES_PARTIAL_RELEASE_HISTORY,2024Q2
PRODUCTION_ENSEMBLE,standard,STRICT,FIRST_RELEASE,POOLED_RESEARCH_ONLY,H2_H3,LEAVE_ONE_QUARTER_OUT,18,9,0.5301349877262076,0.39298563063201641,0.34091479756344928,VERIFIED_DOCUMENTED_VINTAGES_PARTIAL_RELEASE_HISTORY,2024Q2
PRODUCTION_ENSEMBLE,standard,STRICT,LATEST_REVISED,DEVELOPMENT_PSEUDO_OOS,H1,LEAVE_ONE_QUARTER_OUT,5,5,0.47892416859522791,0.45368236972356363,0.45368236972356363,VERIFIED_DOCUMENTED_VINTAGES_PARTIAL_RELEASE_HISTORY,2024Q2
PRODUCTION_ENSEMBLE,standard,STRICT,LATEST_REVISED,DEVELOPMENT_PSEUDO_OOS,H2,LEAVE_ONE_QUARTER_OUT,5,5,0.51541929947565202,0.48706550064002718,0.48706550064002718,VERIFIED_DOCUMENTED_VINTAGES_PARTIAL_RELEASE_HISTORY,2024Q2
PRODUCTION_ENSEMBLE,standard,STRICT,LATEST_REVISED,DEVELOPMENT_PSEUDO_OOS,H3,LEAVE_ONE_QUARTER_OUT,5,5,0.41193270479181315,0.3984382296167201,0.26065252791239324,VERIFIED_DOCUMENTED_VINTAGES_PARTIAL_RELEASE_HISTORY,2024Q2
PRODUCTION_ENSEMBLE,standard,STRICT,LATEST_REVISED,DEVELOPMENT_PSEUDO_OOS,ALL,LEAVE_ONE_QUARTER_OUT,15,5,0.47071363085344547,0.44639536666010365,0.40046679942532803,VERIFIED_DOCUMENTED_VINTAGES_PARTIAL_RELEASE_HISTORY,2024Q2
PRODUCTION_ENSEMBLE,standard,STRICT,LATEST_REVISED,DEVELOPMENT_PSEUDO_OOS,H2_H3,LEAVE_ONE_QUARTER_OUT,10,5,0.46655418096351403,0.44275186512837361,0.37385901427621021,VERIFIED_DOCUMENTED_VINTAGES_PARTIAL_RELEASE_HISTORY,2024Q2
PRODUCTION_ENSEMBLE,standard,STRICT,LATEST_REVISED,POOLED_RESEARCH_ONLY,H1,LEAVE_ONE_QUARTER_OUT,9,9,0.63269878554121195,0.52356876321766799,0.47763988260719753,VERIFIED_DOCUMENTED_VINTAGES_PARTIAL_RELEASE_HISTORY,2024Q2
PRODUCTION_ENSEMBLE,standard,STRICT,LATEST_REVISED,POOLED_RESEARCH_ONLY,H2,LEAVE_ONE_QUARTER_OUT,9,9,0.65885490815898939,0.52005717620761993,0.49246312212844617,VERIFIED_DOCUMENTED_VINTAGES_PARTIAL_RELEASE_HISTORY,2024Q2
PRODUCTION_ENSEMBLE,standard,STRICT,LATEST_REVISED,POOLED_RESEARCH_ONLY,H3,LEAVE_ONE_QUARTER_OUT,9,9,0.43510016376932859,0.35480297394530147,0.27825536188734212,VERIFIED_DOCUMENTED_VINTAGES_PARTIAL_RELEASE_HISTORY,2024Q2
PRODUCTION_ENSEMBLE,standard,STRICT,LATEST_REVISED,POOLED_RESEARCH_ONLY,ALL,LEAVE_ONE_QUARTER_OUT,27,9,0.58415457307765473,0.46614297112352976,0.41611945554099528,VERIFIED_DOCUMENTED_VINTAGES_PARTIAL_RELEASE_HISTORY,2024Q2
PRODUCTION_ENSEMBLE,standard,STRICT,LATEST_REVISED,POOLED_RESEARCH_ONLY,H2_H3,LEAVE_ONE_QUARTER_OUT,18,9,0.55830186392187819,0.4374300750764607,0.38535924200789418,VERIFIED_DOCUMENTED_VINTAGES_PARTIAL_RELEASE_HISTORY,2024Q2
UMIDAS_USD,conservative,PERMISSIVE_END_OF_DAY,FIRST_RELEASE,DEVELOPMENT_PSEUDO_OOS,H1,LEAVE_ONE_QUARTER_OUT,5,5,0.40116442038529193,0.34869128041054492,0.32089113575546319,VERIFIED_DOCUMENTED_VINTAGES_PARTIAL_RELEASE_HISTORY,2024Q2
UMIDAS_USD,conservative,PERMISSIVE_END_OF_DAY,FIRST_RELEASE,DEVELOPMENT_PSEUDO_OOS,H2,LEAVE_ONE_QUARTER_OUT,5,5,0.32873888944728286,0.25806865600427448,0.24660465679643712,VERIFIED_DOCUMENTED_VINTAGES_PARTIAL_RELEASE_HISTORY,2024Q2
UMIDAS_USD,conservative,PERMISSIVE_END_OF_DAY,FIRST_RELEASE,DEVELOPMENT_PSEUDO_OOS,H3,LEAVE_ONE_QUARTER_OUT,5,5,0.39915122613564807,0.3306513929861582,0.31337091862936417,VERIFIED_DOCUMENTED_VINTAGES_PARTIAL_RELEASE_HISTORY,2024Q2
UMIDAS_USD,conservative,PERMISSIVE_END_OF_DAY,FIRST_RELEASE,DEVELOPMENT_PSEUDO_OOS,ALL,LEAVE_ONE_QUARTER_OUT,15,5,0.37785528576590066,0.31247044313365918,0.29362223706042145,VERIFIED_DOCUMENTED_VINTAGES_PARTIAL_RELEASE_HISTORY,2024Q2
UMIDAS_USD,conservative,PERMISSIVE_END_OF_DAY,FIRST_RELEASE,DEVELOPMENT_PSEUDO_OOS,H2_H3,LEAVE_ONE_QUARTER_OUT,10,5,0.36564392430383974,0.29436002449521637,0.27998778771290062,VERIFIED_DOCUMENTED_VINTAGES_PARTIAL_RELEASE_HISTORY,2024Q2
UMIDAS_USD,conservative,PERMISSIVE_END_OF_DAY,FIRST_RELEASE,POOLED_RESEARCH_ONLY,H1,LEAVE_ONE_QUARTER_OUT,9,9,0.40069806679283981,0.31778091493925081,0.22422157242831642,VERIFIED_DOCUMENTED_VINTAGES_PARTIAL_RELEASE_HISTORY,2024Q2
UMIDAS_USD,conservative,PERMISSIVE_END_OF_DAY,FIRST_RELEASE,POOLED_RESEARCH_ONLY,H2,LEAVE_ONE_QUARTER_OUT,9,9,0.59483261196984727,0.47371155078021299,0.25396561221710823,VERIFIED_DOCUMENTED_VINTAGES_PARTIAL_RELEASE_HISTORY,2024Q2
UMIDAS_USD,conservative,PERMISSIVE_END_OF_DAY,FIRST_RELEASE,POOLED_RESEARCH_ONLY,H3,LEAVE_ONE_QUARTER_OUT,9,9,0.61236136895272442,0.46991975184287071,0.28361209125960563,VERIFIED_DOCUMENTED_VINTAGES_PARTIAL_RELEASE_HISTORY,2024Q2
UMIDAS_USD,conservative,PERMISSIVE_END_OF_DAY,FIRST_RELEASE,POOLED_RESEARCH_ONLY,ALL,LEAVE_ONE_QUARTER_OUT,27,9,0.5444787180352858,0.42047073918744488,0.25393309196834341,VERIFIED_DOCUMENTED_VINTAGES_PARTIAL_RELEASE_HISTORY,2024Q2
UMIDAS_USD,conservative,PERMISSIVE_END_OF_DAY,FIRST_RELEASE,POOLED_RESEARCH_ONLY,H2_H3,LEAVE_ONE_QUARTER_OUT,18,9,0.60366061758596012,0.47181565131154179,0.26878885173835693,VERIFIED_DOCUMENTED_VINTAGES_PARTIAL_RELEASE_HISTORY,2024Q2
UMIDAS_USD,conservative,PERMISSIVE_END_OF_DAY,LATEST_REVISED,DEVELOPMENT_PSEUDO_OOS,H1,LEAVE_ONE_QUARTER_OUT,5,5,0.44141744741053701,0.40089113575546376,0.40089113575546376,VERIFIED_DOCUMENTED_VINTAGES_PARTIAL_RELEASE_HISTORY,2024Q2
UMIDAS_USD,conservative,PERMISSIVE_END_OF_DAY,LATEST_REVISED,DEVELOPMENT_PSEUDO_OOS,H2,LEAVE_ONE_QUARTER_OUT,5,5,0.38491147571073675,0.33806865600427721,0.32660465679643769,VERIFIED_DOCUMENTED_VINTAGES_PARTIAL_RELEASE_HISTORY,2024Q2
UMIDAS_USD,conservative,PERMISSIVE_END_OF_DAY,LATEST_REVISED,DEVELOPMENT_PSEUDO_OOS,H3,LEAVE_ONE_QUARTER_OUT,5,5,0.45805539853133498,0.41065139298616093,0.39337091862936474,VERIFIED_DOCUMENTED_VINTAGES_PARTIAL_RELEASE_HISTORY,2024Q2
UMIDAS_USD,conservative,PERMISSIVE_END_OF_DAY,LATEST_REVISED,DEVELOPMENT_PSEUDO_OOS,ALL,LEAVE_ONE_QUARTER_OUT,15,5,0.4292710702015497,0.38320372824863397,0.37362223706042208,VERIFIED_DOCUMENTED_VINTAGES_PARTIAL_RELEASE_HISTORY,2024Q2
UMIDAS_USD,conservative,PERMISSIVE_END_OF_DAY,LATEST_REVISED,DEVELOPMENT_PSEUDO_OOS,H2_H3,LEAVE_ONE_QUARTER_OUT,10,5,0.42306712957727949,0.3743600244952191,0.35998778771290124,VERIFIED_DOCUMENTED_VINTAGES_PARTIAL_RELEASE_HISTORY,2024Q2
UMIDAS_USD,conservative,PERMISSIVE_END_OF_DAY,LATEST_REVISED,POOLED_RESEARCH_ONLY,H1,LEAVE_ONE_QUARTER_OUT,9,9,0.42355805322431089,0.34678083457531755,0.26866601687276126,VERIFIED_DOCUMENTED_VINTAGES_PARTIAL_RELEASE_HISTORY,2024Q2
UMIDAS_USD,conservative,PERMISSIVE_END_OF_DAY,LATEST_REVISED,POOLED_RESEARCH_ONLY,H2,LEAVE_ONE_QUARTER_OUT,9,9,0.61326724823864132,0.51815599522465849,0.29841005666155307,VERIFIED_DOCUMENTED_VINTAGES_PARTIAL_RELEASE_HISTORY,2024Q2
UMIDAS_USD,conservative,PERMISSIVE_END_OF_DAY,LATEST_REVISED,POOLED_RESEARCH_ONLY,H3,LEAVE_ONE_QUARTER_OUT,9,9,0.63485284818709831,0.51436419628731622,0.32805653570405052,VERIFIED_DOCUMENTED_VINTAGES_PARTIAL_RELEASE_HISTORY,2024Q2
UMIDAS_USD,conservative,PERMISSIVE_END_OF_DAY,LATEST_REVISED,POOLED_RESEARCH_ONLY,ALL,LEAVE_ONE_QUARTER_OUT,27,9,0.5652540081133538,0.45976700869576409,0.2983775364127883,VERIFIED_DOCUMENTED_VINTAGES_PARTIAL_RELEASE_HISTORY,2024Q2
UMIDAS_USD,conservative,PERMISSIVE_END_OF_DAY,LATEST_REVISED,POOLED_RESEARCH_ONLY,H2_H3,LEAVE_ONE_QUARTER_OUT,18,9,0.62415336921844222,0.5162600957559873,0.31323329618280182,VERIFIED_DOCUMENTED_VINTAGES_PARTIAL_RELEASE_HISTORY,2024Q2
UMIDAS_USD,conservative,STRICT,FIRST_RELEASE,DEVELOPMENT_PSEUDO_OOS,H1,LEAVE_ONE_QUARTER_OUT,5,5,0.40116442038529193,0.34869128041054492,0.32089113575546319,VERIFIED_DOCUMENTED_VINTAGES_PARTIAL_RELEASE_HISTORY,2024Q2
UMIDAS_USD,conservative,STRICT,FIRST_RELEASE,DEVELOPMENT_PSEUDO_OOS,H2,LEAVE_ONE_QUARTER_OUT,5,5,0.32873888944728286,0.25806865600427448,0.24660465679643712,VERIFIED_DOCUMENTED_VINTAGES_PARTIAL_RELEASE_HISTORY,2024Q2
UMIDAS_USD,conservative,STRICT,FIRST_RELEASE,DEVELOPMENT_PSEUDO_OOS,H3,LEAVE_ONE_QUARTER_OUT,5,5,0.39915122613564807,0.3306513929861582,0.31337091862936417,VERIFIED_DOCUMENTED_VINTAGES_PARTIAL_RELEASE_HISTORY,2024Q2
UMIDAS_USD,conservative,STRICT,FIRST_RELEASE,DEVELOPMENT_PSEUDO_OOS,ALL,LEAVE_ONE_QUARTER_OUT,15,5,0.37785528576590066,0.31247044313365918,0.29362223706042145,VERIFIED_DOCUMENTED_VINTAGES_PARTIAL_RELEASE_HISTORY,2024Q2
UMIDAS_USD,conservative,STRICT,FIRST_RELEASE,DEVELOPMENT_PSEUDO_OOS,H2_H3,LEAVE_ONE_QUARTER_OUT,10,5,0.36564392430383974,0.29436002449521637,0.27998778771290062,VERIFIED_DOCUMENTED_VINTAGES_PARTIAL_RELEASE_HISTORY,2024Q2
UMIDAS_USD,conservative,STRICT,FIRST_RELEASE,POOLED_RESEARCH_ONLY,H1,LEAVE_ONE_QUARTER_OUT,9,9,0.40069806679283981,0.31778091493925081,0.22422157242831642,VERIFIED_DOCUMENTED_VINTAGES_PARTIAL_RELEASE_HISTORY,2024Q2
UMIDAS_USD,conservative,STRICT,FIRST_RELEASE,POOLED_RESEARCH_ONLY,H2,LEAVE_ONE_QUARTER_OUT,9,9,0.59483261196984727,0.47371155078021299,0.25396561221710823,VERIFIED_DOCUMENTED_VINTAGES_PARTIAL_RELEASE_HISTORY,2024Q2
UMIDAS_USD,conservative,STRICT,FIRST_RELEASE,POOLED_RESEARCH_ONLY,H3,LEAVE_ONE_QUARTER_OUT,9,9,0.61236136895272442,0.46991975184287071,0.28361209125960563,VERIFIED_DOCUMENTED_VINTAGES_PARTIAL_RELEASE_HISTORY,2024Q2
UMIDAS_USD,conservative,STRICT,FIRST_RELEASE,POOLED_RESEARCH_ONLY,ALL,LEAVE_ONE_QUARTER_OUT,27,9,0.5444787180352858,0.42047073918744488,0.25393309196834341,VERIFIED_DOCUMENTED_VINTAGES_PARTIAL_RELEASE_HISTORY,2024Q2
UMIDAS_USD,conservative,STRICT,FIRST_RELEASE,POOLED_RESEARCH_ONLY,H2_H3,LEAVE_ONE_QUARTER_OUT,18,9,0.60366061758596012,0.47181565131154179,0.26878885173835693,VERIFIED_DOCUMENTED_VINTAGES_PARTIAL_RELEASE_HISTORY,2024Q2
UMIDAS_USD,conservative,STRICT,LATEST_REVISED,DEVELOPMENT_PSEUDO_OOS,H1,LEAVE_ONE_QUARTER_OUT,5,5,0.44141744741053701,0.40089113575546376,0.40089113575546376,VERIFIED_DOCUMENTED_VINTAGES_PARTIAL_RELEASE_HISTORY,2024Q2
UMIDAS_USD,conservative,STRICT,LATEST_REVISED,DEVELOPMENT_PSEUDO_OOS,H2,LEAVE_ONE_QUARTER_OUT,5,5,0.38491147571073675,0.33806865600427721,0.32660465679643769,VERIFIED_DOCUMENTED_VINTAGES_PARTIAL_RELEASE_HISTORY,2024Q2
UMIDAS_USD,conservative,STRICT,LATEST_REVISED,DEVELOPMENT_PSEUDO_OOS,H3,LEAVE_ONE_QUARTER_OUT,5,5,0.45805539853133498,0.41065139298616093,0.39337091862936474,VERIFIED_DOCUMENTED_VINTAGES_PARTIAL_RELEASE_HISTORY,2024Q2
UMIDAS_USD,conservative,STRICT,LATEST_REVISED,DEVELOPMENT_PSEUDO_OOS,ALL,LEAVE_ONE_QUARTER_OUT,15,5,0.4292710702015497,0.38320372824863397,0.37362223706042208,VERIFIED_DOCUMENTED_VINTAGES_PARTIAL_RELEASE_HISTORY,2024Q2
UMIDAS_USD,conservative,STRICT,LATEST_REVISED,DEVELOPMENT_PSEUDO_OOS,H2_H3,LEAVE_ONE_QUARTER_OUT,10,5,0.42306712957727949,0.3743600244952191,0.35998778771290124,VERIFIED_DOCUMENTED_VINTAGES_PARTIAL_RELEASE_HISTORY,2024Q2
UMIDAS_USD,conservative,STRICT,LATEST_REVISED,POOLED_RESEARCH_ONLY,H1,LEAVE_ONE_QUARTER_OUT,9,9,0.42355805322431089,0.34678083457531755,0.26866601687276126,VERIFIED_DOCUMENTED_VINTAGES_PARTIAL_RELEASE_HISTORY,2024Q2
UMIDAS_USD,conservative,STRICT,LATEST_REVISED,POOLED_RESEARCH_ONLY,H2,LEAVE_ONE_QUARTER_OUT,9,9,0.61326724823864132,0.51815599522465849,0.29841005666155307,VERIFIED_DOCUMENTED_VINTAGES_PARTIAL_RELEASE_HISTORY,2024Q2
UMIDAS_USD,conservative,STRICT,LATEST_REVISED,POOLED_RESEARCH_ONLY,H3,LEAVE_ONE_QUARTER_OUT,9,9,0.63485284818709831,0.51436419628731622,0.32805653570405052,VERIFIED_DOCUMENTED_VINTAGES_PARTIAL_RELEASE_HISTORY,2024Q2
UMIDAS_USD,conservative,STRICT,LATEST_REVISED,POOLED_RESEARCH_ONLY,ALL,LEAVE_ONE_QUARTER_OUT,27,9,0.5652540081133538,0.45976700869576409,0.2983775364127883,VERIFIED_DOCUMENTED_VINTAGES_PARTIAL_RELEASE_HISTORY,2024Q2
UMIDAS_USD,conservative,STRICT,LATEST_REVISED,POOLED_RESEARCH_ONLY,H2_H3,LEAVE_ONE_QUARTER_OUT,18,9,0.62415336921844222,0.5162600957559873,0.31323329618280182,VERIFIED_DOCUMENTED_VINTAGES_PARTIAL_RELEASE_HISTORY,2024Q2
UMIDAS_USD,standard,PERMISSIVE_END_OF_DAY,FIRST_RELEASE,DEVELOPMENT_PSEUDO_OOS,H1,LEAVE_ONE_QUARTER_OUT,5,5,0.32873888944728286,0.25806865600427448,0.24660465679643712,VERIFIED_DOCUMENTED_VINTAGES_PARTIAL_RELEASE_HISTORY,2024Q2
UMIDAS_USD,standard,PERMISSIVE_END_OF_DAY,FIRST_RELEASE,DEVELOPMENT_PSEUDO_OOS,H2,LEAVE_ONE_QUARTER_OUT,5,5,0.39915122613564807,0.3306513929861582,0.31337091862936417,VERIFIED_DOCUMENTED_VINTAGES_PARTIAL_RELEASE_HISTORY,2024Q2
UMIDAS_USD,standard,PERMISSIVE_END_OF_DAY,FIRST_RELEASE,DEVELOPMENT_PSEUDO_OOS,H3,LEAVE_ONE_QUARTER_OUT,5,5,0.6386767095517194,0.41126988044955615,-0.13945502682590388,VERIFIED_DOCUMENTED_VINTAGES_PARTIAL_RELEASE_HISTORY,2024Q2
UMIDAS_USD,standard,PERMISSIVE_END_OF_DAY,FIRST_RELEASE,DEVELOPMENT_PSEUDO_OOS,ALL,LEAVE_ONE_QUARTER_OUT,15,5,0.47444665948324666,0.33332997647999629,0.14017351619996579,VERIFIED_DOCUMENTED_VINTAGES_PARTIAL_RELEASE_HISTORY,2024Q2
UMIDAS_USD,standard,PERMISSIVE_END_OF_DAY,FIRST_RELEASE,DEVELOPMENT_PSEUDO_OOS,H2_H3,LEAVE_ONE_QUARTER_OUT,10,5,0.53255499277041929,0.37096063671785717,0.086957945901730144,VERIFIED_DOCUMENTED_VINTAGES_PARTIAL_RELEASE_HISTORY,2024Q2
UMIDAS_USD,standard,PERMISSIVE_END_OF_DAY,FIRST_RELEASE,POOLED_RESEARCH_ONLY,H1,LEAVE_ONE_QUARTER_OUT,9,9,0.59483261196984727,0.47371155078021299,0.25396561221710823,VERIFIED_DOCUMENTED_VINTAGES_PARTIAL_RELEASE_HISTORY,2024Q2
UMIDAS_USD,standard,PERMISSIVE_END_OF_DAY,FIRST_RELEASE,POOLED_RESEARCH_ONLY,H2,LEAVE_ONE_QUARTER_OUT,9,9,0.61236136895272442,0.46991975184287071,0.28361209125960563,VERIFIED_DOCUMENTED_VINTAGES_PARTIAL_RELEASE_HISTORY,2024Q2
UMIDAS_USD,standard,PERMISSIVE_END_OF_DAY,FIRST_RELEASE,POOLED_RESEARCH_ONLY,H3,LEAVE_ONE_QUARTER_OUT,9,9,0.52353393260658376,0.35658688471830785,-0.14480342922260281,VERIFIED_DOCUMENTED_VINTAGES_PARTIAL_RELEASE_HISTORY,2024Q2
UMIDAS_USD,standard,PERMISSIVE_END_OF_DAY,FIRST_RELEASE,POOLED_RESEARCH_ONLY,ALL,LEAVE_ONE_QUARTER_OUT,27,9,0.57818683861390929,0.43340606244713054,0.13092475808470369,VERIFIED_DOCUMENTED_VINTAGES_PARTIAL_RELEASE_HISTORY,2024Q2
UMIDAS_USD,standard,PERMISSIVE_END_OF_DAY,FIRST_RELEASE,POOLED_RESEARCH_ONLY,H2_H3,LEAVE_ONE_QUARTER_OUT,18,9,0.5696815885984774,0.41325331828058931,0.069404331018501422,VERIFIED_DOCUMENTED_VINTAGES_PARTIAL_RELEASE_HISTORY,2024Q2
UMIDAS_USD,standard,PERMISSIVE_END_OF_DAY,LATEST_REVISED,DEVELOPMENT_PSEUDO_OOS,H1,LEAVE_ONE_QUARTER_OUT,5,5,0.38491147571073675,0.33806865600427721,0.32660465679643769,VERIFIED_DOCUMENTED_VINTAGES_PARTIAL_RELEASE_HISTORY,2024Q2
UMIDAS_USD,standard,PERMISSIVE_END_OF_DAY,LATEST_REVISED,DEVELOPMENT_PSEUDO_OOS,H2,LEAVE_ONE_QUARTER_OUT,5,5,0.45805539853133498,0.41065139298616093,0.39337091862936474,VERIFIED_DOCUMENTED_VINTAGES_PARTIAL_RELEASE_HISTORY,2024Q2
UMIDAS_USD,standard,PERMISSIVE_END_OF_DAY,LATEST_REVISED,DEVELOPMENT_PSEUDO_OOS,H3,LEAVE_ONE_QUARTER_OUT,5,5,0.67394757957438012,0.49126988044955783,-0.05945502682590327,VERIFIED_DOCUMENTED_VINTAGES_PARTIAL_RELEASE_HISTORY,2024Q2
UMIDAS_USD,standard,PERMISSIVE_END_OF_DAY,LATEST_REVISED,DEVELOPMENT_PSEUDO_OOS,ALL,LEAVE_ONE_QUARTER_OUT,15,5,0.52031302510177557,0.41332997647999864,0.22017351619996639,VERIFIED_DOCUMENTED_VINTAGES_PARTIAL_RELEASE_HISTORY,2024Q2
UMIDAS_USD,standard,PERMISSIVE_END_OF_DAY,LATEST_REVISED,DEVELOPMENT_PSEUDO_OOS,H2_H3,LEAVE_ONE_QUARTER_OUT,10,5,0.57620312743765356,0.45096063671785941,0.16695794590173074,VERIFIED_DOCUMENTED_VINTAGES_PARTIAL_RELEASE_HISTORY,2024Q2
UMIDAS_USD,standard,PERMISSIVE_END_OF_DAY,LATEST_REVISED,POOLED_RESEARCH_ONLY,H1,LEAVE_ONE_QUARTER_OUT,9,9,0.61326724823864132,0.51815599522465849,0.29841005666155307,VERIFIED_DOCUMENTED_VINTAGES_PARTIAL_RELEASE_HISTORY,2024Q2
UMIDAS_USD,standard,PERMISSIVE_END_OF_DAY,LATEST_REVISED,POOLED_RESEARCH_ONLY,H2,LEAVE_ONE_QUARTER_OUT,9,9,0.63485284818709831,0.51436419628731622,0.32805653570405052,VERIFIED_DOCUMENTED_VINTAGES_PARTIAL_RELEASE_HISTORY,2024Q2
UMIDAS_USD,standard,PERMISSIVE_END_OF_DAY,LATEST_REVISED,POOLED_RESEARCH_ONLY,H3,LEAVE_ONE_QUARTER_OUT,9,9,0.54754776663942595,0.40103132916275391,-0.10035898477815793,VERIFIED_DOCUMENTED_VINTAGES_PARTIAL_RELEASE_HISTORY,2024Q2
UMIDAS_USD,standard,PERMISSIVE_END_OF_DAY,LATEST_REVISED,POOLED_RESEARCH_ONLY,ALL,LEAVE_ONE_QUARTER_OUT,27,9,0.59970643189405304,0.47785050689157621,0.17536920252914856,VERIFIED_DOCUMENTED_VINTAGES_PARTIAL_RELEASE_HISTORY,2024Q2
UMIDAS_USD,standard,PERMISSIVE_END_OF_DAY,LATEST_REVISED,POOLED_RESEARCH_ONLY,H2_H3,LEAVE_ONE_QUARTER_OUT,18,9,0.59280970623088403,0.45769776272503498,0.11384877546294631,VERIFIED_DOCUMENTED_VINTAGES_PARTIAL_RELEASE_HISTORY,2024Q2
UMIDAS_USD,standard,STRICT,FIRST_RELEASE,DEVELOPMENT_PSEUDO_OOS,H1,LEAVE_ONE_QUARTER_OUT,5,5,0.32873888944728286,0.25806865600427448,0.24660465679643712,VERIFIED_DOCUMENTED_VINTAGES_PARTIAL_RELEASE_HISTORY,2024Q2
UMIDAS_USD,standard,STRICT,FIRST_RELEASE,DEVELOPMENT_PSEUDO_OOS,H2,LEAVE_ONE_QUARTER_OUT,5,5,0.39915122613564807,0.3306513929861582,0.31337091862936417,VERIFIED_DOCUMENTED_VINTAGES_PARTIAL_RELEASE_HISTORY,2024Q2
UMIDAS_USD,standard,STRICT,FIRST_RELEASE,DEVELOPMENT_PSEUDO_OOS,H3,LEAVE_ONE_QUARTER_OUT,5,5,0.6386767095517194,0.41126988044955615,-0.13945502682590388,VERIFIED_DOCUMENTED_VINTAGES_PARTIAL_RELEASE_HISTORY,2024Q2
UMIDAS_USD,standard,STRICT,FIRST_RELEASE,DEVELOPMENT_PSEUDO_OOS,ALL,LEAVE_ONE_QUARTER_OUT,15,5,0.47444665948324666,0.33332997647999629,0.14017351619996579,VERIFIED_DOCUMENTED_VINTAGES_PARTIAL_RELEASE_HISTORY,2024Q2
UMIDAS_USD,standard,STRICT,FIRST_RELEASE,DEVELOPMENT_PSEUDO_OOS,H2_H3,LEAVE_ONE_QUARTER_OUT,10,5,0.53255499277041929,0.37096063671785717,0.086957945901730144,VERIFIED_DOCUMENTED_VINTAGES_PARTIAL_RELEASE_HISTORY,2024Q2
UMIDAS_USD,standard,STRICT,FIRST_RELEASE,POOLED_RESEARCH_ONLY,H1,LEAVE_ONE_QUARTER_OUT,9,9,0.59483261196984727,0.47371155078021299,0.25396561221710823,VERIFIED_DOCUMENTED_VINTAGES_PARTIAL_RELEASE_HISTORY,2024Q2
UMIDAS_USD,standard,STRICT,FIRST_RELEASE,POOLED_RESEARCH_ONLY,H2,LEAVE_ONE_QUARTER_OUT,9,9,0.61236136895272442,0.46991975184287071,0.28361209125960563,VERIFIED_DOCUMENTED_VINTAGES_PARTIAL_RELEASE_HISTORY,2024Q2
UMIDAS_USD,standard,STRICT,FIRST_RELEASE,POOLED_RESEARCH_ONLY,H3,LEAVE_ONE_QUARTER_OUT,9,9,0.52353393260658376,0.35658688471830785,-0.14480342922260281,VERIFIED_DOCUMENTED_VINTAGES_PARTIAL_RELEASE_HISTORY,2024Q2
UMIDAS_USD,standard,STRICT,FIRST_RELEASE,POOLED_RESEARCH_ONLY,ALL,LEAVE_ONE_QUARTER_OUT,27,9,0.57818683861390929,0.43340606244713054,0.13092475808470369,VERIFIED_DOCUMENTED_VINTAGES_PARTIAL_RELEASE_HISTORY,2024Q2
UMIDAS_USD,standard,STRICT,FIRST_RELEASE,POOLED_RESEARCH_ONLY,H2_H3,LEAVE_ONE_QUARTER_OUT,18,9,0.5696815885984774,0.41325331828058931,0.069404331018501422,VERIFIED_DOCUMENTED_VINTAGES_PARTIAL_RELEASE_HISTORY,2024Q2
UMIDAS_USD,standard,STRICT,LATEST_REVISED,DEVELOPMENT_PSEUDO_OOS,H1,LEAVE_ONE_QUARTER_OUT,5,5,0.38491147571073675,0.33806865600427721,0.32660465679643769,VERIFIED_DOCUMENTED_VINTAGES_PARTIAL_RELEASE_HISTORY,2024Q2
UMIDAS_USD,standard,STRICT,LATEST_REVISED,DEVELOPMENT_PSEUDO_OOS,H2,LEAVE_ONE_QUARTER_OUT,5,5,0.45805539853133498,0.41065139298616093,0.39337091862936474,VERIFIED_DOCUMENTED_VINTAGES_PARTIAL_RELEASE_HISTORY,2024Q2
UMIDAS_USD,standard,STRICT,LATEST_REVISED,DEVELOPMENT_PSEUDO_OOS,H3,LEAVE_ONE_QUARTER_OUT,5,5,0.67394757957438012,0.49126988044955783,-0.05945502682590327,VERIFIED_DOCUMENTED_VINTAGES_PARTIAL_RELEASE_HISTORY,2024Q2
UMIDAS_USD,standard,STRICT,LATEST_REVISED,DEVELOPMENT_PSEUDO_OOS,ALL,LEAVE_ONE_QUARTER_OUT,15,5,0.52031302510177557,0.41332997647999864,0.22017351619996639,VERIFIED_DOCUMENTED_VINTAGES_PARTIAL_RELEASE_HISTORY,2024Q2
UMIDAS_USD,standard,STRICT,LATEST_REVISED,DEVELOPMENT_PSEUDO_OOS,H2_H3,LEAVE_ONE_QUARTER_OUT,10,5,0.57620312743765356,0.45096063671785941,0.16695794590173074,VERIFIED_DOCUMENTED_VINTAGES_PARTIAL_RELEASE_HISTORY,2024Q2
UMIDAS_USD,standard,STRICT,LATEST_REVISED,POOLED_RESEARCH_ONLY,H1,LEAVE_ONE_QUARTER_OUT,9,9,0.61326724823864132,0.51815599522465849,0.29841005666155307,VERIFIED_DOCUMENTED_VINTAGES_PARTIAL_RELEASE_HISTORY,2024Q2
UMIDAS_USD,standard,STRICT,LATEST_REVISED,POOLED_RESEARCH_ONLY,H2,LEAVE_ONE_QUARTER_OUT,9,9,0.63485284818709831,0.51436419628731622,0.32805653570405052,VERIFIED_DOCUMENTED_VINTAGES_PARTIAL_RELEASE_HISTORY,2024Q2
UMIDAS_USD,standard,STRICT,LATEST_REVISED,POOLED_RESEARCH_ONLY,H3,LEAVE_ONE_QUARTER_OUT,9,9,0.54754776663942595,0.40103132916275391,-0.10035898477815793,VERIFIED_DOCUMENTED_VINTAGES_PARTIAL_RELEASE_HISTORY,2024Q2
UMIDAS_USD,standard,STRICT,LATEST_REVISED,POOLED_RESEARCH_ONLY,ALL,LEAVE_ONE_QUARTER_OUT,27,9,0.59970643189405304,0.47785050689157621,0.17536920252914856,VERIFIED_DOCUMENTED_VINTAGES_PARTIAL_RELEASE_HISTORY,2024Q2
UMIDAS_USD,standard,STRICT,LATEST_REVISED,POOLED_RESEARCH_ONLY,H2_H3,LEAVE_ONE_QUARTER_OUT,18,9,0.59280970623088403,0.45769776272503498,0.11384877546294631,VERIFIED_DOCUMENTED_VINTAGES_PARTIAL_RELEASE_HISTORY,2024Q2
COMBO_B,conservative,PERMISSIVE_END_OF_DAY,FIRST_RELEASE,DEVELOPMENT_PSEUDO_OOS,H1,LEAVE_ONE_QUARTER_OUT,5,5,0.34154618712067081,0.2658772217256809,0.25930576863366195,VERIFIED_DOCUMENTED_VINTAGES_PARTIAL_RELEASE_HISTORY,2024Q3
COMBO_B,conservative,PERMISSIVE_END_OF_DAY,FIRST_RELEASE,DEVELOPMENT_PSEUDO_OOS,H2,LEAVE_ONE_QUARTER_OUT,5,5,0.33861940356834075,0.28364376991512669,0.28364376991512669,VERIFIED_DOCUMENTED_VINTAGES_PARTIAL_RELEASE_HISTORY,2024Q3
COMBO_B,conservative,PERMISSIVE_END_OF_DAY,FIRST_RELEASE,DEVELOPMENT_PSEUDO_OOS,H3,LEAVE_ONE_QUARTER_OUT,5,5,0.40732987374308854,0.36808734268499421,0.21562562903694663,VERIFIED_DOCUMENTED_VINTAGES_PARTIAL_RELEASE_HISTORY,2024Q3
COMBO_B,conservative,PERMISSIVE_END_OF_DAY,FIRST_RELEASE,DEVELOPMENT_PSEUDO_OOS,ALL,LEAVE_ONE_QUARTER_OUT,15,5,0.363883921259334,0.30586944477526729,0.25285838919524506,VERIFIED_DOCUMENTED_VINTAGES_PARTIAL_RELEASE_HISTORY,2024Q3
COMBO_B,conservative,PERMISSIVE_END_OF_DAY,FIRST_RELEASE,DEVELOPMENT_PSEUDO_OOS,H2_H3,LEAVE_ONE_QUARTER_OUT,10,5,0.37455355192317913,0.32586555630006042,0.24963469947603664,VERIFIED_DOCUMENTED_VINTAGES_PARTIAL_RELEASE_HISTORY,2024Q3
COMBO_B,conservative,PERMISSIVE_END_OF_DAY,FIRST_RELEASE,POOLED_RESEARCH_ONLY,H1,LEAVE_ONE_QUARTER_OUT,9,9,0.49247057995846283,0.37668796209828909,0.37303715482494521,VERIFIED_DOCUMENTED_VINTAGES_PARTIAL_RELEASE_HISTORY,2024Q3
COMBO_B,conservative,PERMISSIVE_END_OF_DAY,FIRST_RELEASE,POOLED_RESEARCH_ONLY,H2,LEAVE_ONE_QUARTER_OUT,9,9,0.58349419259786384,0.45275522067064017,0.41791456919040443,VERIFIED_DOCUMENTED_VINTAGES_PARTIAL_RELEASE_HISTORY,2024Q3
COMBO_B,conservative,PERMISSIVE_END_OF_DAY,FIRST_RELEASE,POOLED_RESEARCH_ONLY,H3,LEAVE_ONE_QUARTER_OUT,9,9,0.60532729792294593,0.47463687182756925,0.37305023428865525,VERIFIED_DOCUMENTED_VINTAGES_PARTIAL_RELEASE_HISTORY,2024Q3
COMBO_B,conservative,PERMISSIVE_END_OF_DAY,FIRST_RELEASE,POOLED_RESEARCH_ONLY,ALL,LEAVE_ONE_QUARTER_OUT,27,9,0.562557814075067,0.43469335153216621,0.38800065276800166,VERIFIED_DOCUMENTED_VINTAGES_PARTIAL_RELEASE_HISTORY,2024Q3
COMBO_B,conservative,PERMISSIVE_END_OF_DAY,FIRST_RELEASE,POOLED_RESEARCH_ONLY,H2_H3,LEAVE_ONE_QUARTER_OUT,18,9,0.59451097988436175,0.46369604624910465,0.39548240173952981,VERIFIED_DOCUMENTED_VINTAGES_PARTIAL_RELEASE_HISTORY,2024Q3
COMBO_B,conservative,PERMISSIVE_END_OF_DAY,LATEST_REVISED,DEVELOPMENT_PSEUDO_OOS,H1,LEAVE_ONE_QUARTER_OUT,5,5,0.40311349775617478,0.37930576863366239,0.37930576863366239,VERIFIED_DOCUMENTED_VINTAGES_PARTIAL_RELEASE_HISTORY,2024Q3
COMBO_B,conservative,PERMISSIVE_END_OF_DAY,LATEST_REVISED,DEVELOPMENT_PSEUDO_OOS,H2,LEAVE_ONE_QUARTER_OUT,5,5,0.42215245121353884,0.40364376991512713,0.40364376991512713,VERIFIED_DOCUMENTED_VINTAGES_PARTIAL_RELEASE_HISTORY,2024Q3
COMBO_B,conservative,PERMISSIVE_END_OF_DAY,LATEST_REVISED,DEVELOPMENT_PSEUDO_OOS,H3,LEAVE_ONE_QUARTER_OUT,5,5,0.43443733057080669,0.40808734268499247,0.33562562903694709,VERIFIED_DOCUMENTED_VINTAGES_PARTIAL_RELEASE_HISTORY,2024Q3
COMBO_B,conservative,PERMISSIVE_END_OF_DAY,LATEST_REVISED,DEVELOPMENT_PSEUDO_OOS,ALL,LEAVE_ONE_QUARTER_OUT,15,5,0.42009878930727118,0.39701229374459401,0.37285838919524555,VERIFIED_DOCUMENTED_VINTAGES_PARTIAL_RELEASE_HISTORY,2024Q3
COMBO_B,conservative,PERMISSIVE_END_OF_DAY,LATEST_REVISED,DEVELOPMENT_PSEUDO_OOS,H2_H3,LEAVE_ONE_QUARTER_OUT,10,5,0.4283389348746432,0.40586555630005983,0.36963469947603711,VERIFIED_DOCUMENTED_VINTAGES_PARTIAL_RELEASE_HISTORY,2024Q3
COMBO_B,conservative,PERMISSIVE_END_OF_DAY,LATEST_REVISED,POOLED_RESEARCH_ONLY,H1,LEAVE_ONE_QUARTER_OUT,9,9,0.51768490199738459,0.43970382149161225,0.43970382149161225,VERIFIED_DOCUMENTED_VINTAGES_PARTIAL_RELEASE_HISTORY,2024Q3
COMBO_B,conservative,PERMISSIVE_END_OF_DAY,LATEST_REVISED,POOLED_RESEARCH_ONLY,H2,LEAVE_ONE_QUARTER_OUT,9,9,0.61300146937670563,0.51942188733730665,0.48458123585707141,VERIFIED_DOCUMENTED_VINTAGES_PARTIAL_RELEASE_HISTORY,2024Q3
COMBO_B,conservative,PERMISSIVE_END_OF_DAY,LATEST_REVISED,POOLED_RESEARCH_ONLY,H3,LEAVE_ONE_QUARTER_OUT,9,9,0.6157092639338706,0.49685909404979001,0.43971690095532229,VERIFIED_DOCUMENTED_VINTAGES_PARTIAL_RELEASE_HISTORY,2024Q3
COMBO_B,conservative,PERMISSIVE_END_OF_DAY,LATEST_REVISED,POOLED_RESEARCH_ONLY,ALL,LEAVE_ONE_QUARTER_OUT,27,9,0.58391390829699952,0.48532826762623632,0.45466731943466859,VERIFIED_DOCUMENTED_VINTAGES_PARTIAL_RELEASE_HISTORY,2024Q3
COMBO_B,conservative,PERMISSIVE_END_OF_DAY,LATEST_REVISED,POOLED_RESEARCH_ONLY,H2_H3,LEAVE_ONE_QUARTER_OUT,18,9,0.61435685849186583,0.50814049069354839,0.46214906840619679,VERIFIED_DOCUMENTED_VINTAGES_PARTIAL_RELEASE_HISTORY,2024Q3
COMBO_B,conservative,STRICT,FIRST_RELEASE,DEVELOPMENT_PSEUDO_OOS,H1,LEAVE_ONE_QUARTER_OUT,5,5,0.34154618712067081,0.2658772217256809,0.25930576863366195,VERIFIED_DOCUMENTED_VINTAGES_PARTIAL_RELEASE_HISTORY,2024Q3
COMBO_B,conservative,STRICT,FIRST_RELEASE,DEVELOPMENT_PSEUDO_OOS,H2,LEAVE_ONE_QUARTER_OUT,5,5,0.33861940356834075,0.28364376991512669,0.28364376991512669,VERIFIED_DOCUMENTED_VINTAGES_PARTIAL_RELEASE_HISTORY,2024Q3
COMBO_B,conservative,STRICT,FIRST_RELEASE,DEVELOPMENT_PSEUDO_OOS,H3,LEAVE_ONE_QUARTER_OUT,5,5,0.40732987374308854,0.36808734268499421,0.21562562903694663,VERIFIED_DOCUMENTED_VINTAGES_PARTIAL_RELEASE_HISTORY,2024Q3
COMBO_B,conservative,STRICT,FIRST_RELEASE,DEVELOPMENT_PSEUDO_OOS,ALL,LEAVE_ONE_QUARTER_OUT,15,5,0.363883921259334,0.30586944477526729,0.25285838919524506,VERIFIED_DOCUMENTED_VINTAGES_PARTIAL_RELEASE_HISTORY,2024Q3
COMBO_B,conservative,STRICT,FIRST_RELEASE,DEVELOPMENT_PSEUDO_OOS,H2_H3,LEAVE_ONE_QUARTER_OUT,10,5,0.37455355192317913,0.32586555630006042,0.24963469947603664,VERIFIED_DOCUMENTED_VINTAGES_PARTIAL_RELEASE_HISTORY,2024Q3
COMBO_B,conservative,STRICT,FIRST_RELEASE,POOLED_RESEARCH_ONLY,H1,LEAVE_ONE_QUARTER_OUT,9,9,0.49247057995846283,0.37668796209828909,0.37303715482494521,VERIFIED_DOCUMENTED_VINTAGES_PARTIAL_RELEASE_HISTORY,2024Q3
COMBO_B,conservative,STRICT,FIRST_RELEASE,POOLED_RESEARCH_ONLY,H2,LEAVE_ONE_QUARTER_OUT,9,9,0.58349419259786384,0.45275522067064017,0.41791456919040443,VERIFIED_DOCUMENTED_VINTAGES_PARTIAL_RELEASE_HISTORY,2024Q3
COMBO_B,conservative,STRICT,FIRST_RELEASE,POOLED_RESEARCH_ONLY,H3,LEAVE_ONE_QUARTER_OUT,9,9,0.60532729792294593,0.47463687182756925,0.37305023428865525,VERIFIED_DOCUMENTED_VINTAGES_PARTIAL_RELEASE_HISTORY,2024Q3
COMBO_B,conservative,STRICT,FIRST_RELEASE,POOLED_RESEARCH_ONLY,ALL,LEAVE_ONE_QUARTER_OUT,27,9,0.562557814075067,0.43469335153216621,0.38800065276800166,VERIFIED_DOCUMENTED_VINTAGES_PARTIAL_RELEASE_HISTORY,2024Q3
COMBO_B,conservative,STRICT,FIRST_RELEASE,POOLED_RESEARCH_ONLY,H2_H3,LEAVE_ONE_QUARTER_OUT,18,9,0.59451097988436175,0.46369604624910465,0.39548240173952981,VERIFIED_DOCUMENTED_VINTAGES_PARTIAL_RELEASE_HISTORY,2024Q3
COMBO_B,conservative,STRICT,LATEST_REVISED,DEVELOPMENT_PSEUDO_OOS,H1,LEAVE_ONE_QUARTER_OUT,5,5,0.40311349775617478,0.37930576863366239,0.37930576863366239,VERIFIED_DOCUMENTED_VINTAGES_PARTIAL_RELEASE_HISTORY,2024Q3
COMBO_B,conservative,STRICT,LATEST_REVISED,DEVELOPMENT_PSEUDO_OOS,H2,LEAVE_ONE_QUARTER_OUT,5,5,0.42215245121353884,0.40364376991512713,0.40364376991512713,VERIFIED_DOCUMENTED_VINTAGES_PARTIAL_RELEASE_HISTORY,2024Q3
COMBO_B,conservative,STRICT,LATEST_REVISED,DEVELOPMENT_PSEUDO_OOS,H3,LEAVE_ONE_QUARTER_OUT,5,5,0.43443733057080669,0.40808734268499247,0.33562562903694709,VERIFIED_DOCUMENTED_VINTAGES_PARTIAL_RELEASE_HISTORY,2024Q3
COMBO_B,conservative,STRICT,LATEST_REVISED,DEVELOPMENT_PSEUDO_OOS,ALL,LEAVE_ONE_QUARTER_OUT,15,5,0.42009878930727118,0.39701229374459401,0.37285838919524555,VERIFIED_DOCUMENTED_VINTAGES_PARTIAL_RELEASE_HISTORY,2024Q3
COMBO_B,conservative,STRICT,LATEST_REVISED,DEVELOPMENT_PSEUDO_OOS,H2_H3,LEAVE_ONE_QUARTER_OUT,10,5,0.4283389348746432,0.40586555630005983,0.36963469947603711,VERIFIED_DOCUMENTED_VINTAGES_PARTIAL_RELEASE_HISTORY,2024Q3
COMBO_B,conservative,STRICT,LATEST_REVISED,POOLED_RESEARCH_ONLY,H1,LEAVE_ONE_QUARTER_OUT,9,9,0.51768490199738459,0.43970382149161225,0.43970382149161225,VERIFIED_DOCUMENTED_VINTAGES_PARTIAL_RELEASE_HISTORY,2024Q3
COMBO_B,conservative,STRICT,LATEST_REVISED,POOLED_RESEARCH_ONLY,H2,LEAVE_ONE_QUARTER_OUT,9,9,0.61300146937670563,0.51942188733730665,0.48458123585707141,VERIFIED_DOCUMENTED_VINTAGES_PARTIAL_RELEASE_HISTORY,2024Q3
COMBO_B,conservative,STRICT,LATEST_REVISED,POOLED_RESEARCH_ONLY,H3,LEAVE_ONE_QUARTER_OUT,9,9,0.6157092639338706,0.49685909404979001,0.43971690095532229,VERIFIED_DOCUMENTED_VINTAGES_PARTIAL_RELEASE_HISTORY,2024Q3
COMBO_B,conservative,STRICT,LATEST_REVISED,POOLED_RESEARCH_ONLY,ALL,LEAVE_ONE_QUARTER_OUT,27,9,0.58391390829699952,0.48532826762623632,0.45466731943466859,VERIFIED_DOCUMENTED_VINTAGES_PARTIAL_RELEASE_HISTORY,2024Q3
COMBO_B,conservative,STRICT,LATEST_REVISED,POOLED_RESEARCH_ONLY,H2_H3,LEAVE_ONE_QUARTER_OUT,18,9,0.61435685849186583,0.50814049069354839,0.46214906840619679,VERIFIED_DOCUMENTED_VINTAGES_PARTIAL_RELEASE_HISTORY,2024Q3
COMBO_B,standard,PERMISSIVE_END_OF_DAY,FIRST_RELEASE,DEVELOPMENT_PSEUDO_OOS,H1,LEAVE_ONE_QUARTER_OUT,5,5,0.32212978756085792,0.26457253640952932,0.26457253640952932,VERIFIED_DOCUMENTED_VINTAGES_PARTIAL_RELEASE_HISTORY,2024Q3
COMBO_B,standard,PERMISSIVE_END_OF_DAY,FIRST_RELEASE,DEVELOPMENT_PSEUDO_OOS,H2,LEAVE_ONE_QUARTER_OUT,5,5,0.33924775326069662,0.28383914009553857,0.24686213621457878,VERIFIED_DOCUMENTED_VINTAGES_PARTIAL_RELEASE_HISTORY,2024Q3
COMBO_B,standard,PERMISSIVE_END_OF_DAY,FIRST_RELEASE,DEVELOPMENT_PSEUDO_OOS,H3,LEAVE_ONE_QUARTER_OUT,5,5,0.274978091889029,0.24143323062593627,-0.056783843026029679,VERIFIED_DOCUMENTED_VINTAGES_PARTIAL_RELEASE_HISTORY,2024Q3
COMBO_B,standard,PERMISSIVE_END_OF_DAY,FIRST_RELEASE,DEVELOPMENT_PSEUDO_OOS,ALL,LEAVE_ONE_QUARTER_OUT,15,5,0.3132994250156258,0.26328163571033475,0.15155027653269279,VERIFIED_DOCUMENTED_VINTAGES_PARTIAL_RELEASE_HISTORY,2024Q3
COMBO_B,standard,PERMISSIVE_END_OF_DAY,FIRST_RELEASE,DEVELOPMENT_PSEUDO_OOS,H2_H3,LEAVE_ONE_QUARTER_OUT,10,5,0.30878956354721721,0.26263618536073741,0.095039146594274551,VERIFIED_DOCUMENTED_VINTAGES_PARTIAL_RELEASE_HISTORY,2024Q3
COMBO_B,standard,PERMISSIVE_END_OF_DAY,FIRST_RELEASE,POOLED_RESEARCH_ONLY,H1,LEAVE_ONE_QUARTER_OUT,9,9,0.57187152128886098,0.43790285126838491,0.39868468135224888,VERIFIED_DOCUMENTED_VINTAGES_PARTIAL_RELEASE_HISTORY,2024Q3
COMBO_B,standard,PERMISSIVE_END_OF_DAY,FIRST_RELEASE,POOLED_RESEARCH_ONLY,H2,LEAVE_ONE_QUARTER_OUT,9,9,0.57520340782685531,0.42465592028711607,0.37992900560531129,VERIFIED_DOCUMENTED_VINTAGES_PARTIAL_RELEASE_HISTORY,2024Q3
COMBO_B,standard,PERMISSIVE_END_OF_DAY,FIRST_RELEASE,POOLED_RESEARCH_ONLY,H3,LEAVE_ONE_QUARTER_OUT,9,9,0.36146308689344836,0.28647337375261411,0.12079722172374414,VERIFIED_DOCUMENTED_VINTAGES_PARTIAL_RELEASE_HISTORY,2024Q3
COMBO_B,standard,PERMISSIVE_END_OF_DAY,FIRST_RELEASE,POOLED_RESEARCH_ONLY,ALL,LEAVE_ONE_QUARTER_OUT,27,9,0.51268949681179821,0.38301071510270501,0.29980363622710149,VERIFIED_DOCUMENTED_VINTAGES_PARTIAL_RELEASE_HISTORY,2024Q3
COMBO_B,standard,PERMISSIVE_END_OF_DAY,FIRST_RELEASE,POOLED_RESEARCH_ONLY,H2_H3,LEAVE_ONE_QUARTER_OUT,18,9,0.48037200353588899,0.35556464701986512,0.25036311366452774,VERIFIED_DOCUMENTED_VINTAGES_PARTIAL_RELEASE_HISTORY,2024Q3
COMBO_B,standard,PERMISSIVE_END_OF_DAY,LATEST_REVISED,DEVELOPMENT_PSEUDO_OOS,H1,LEAVE_ONE_QUARTER_OUT,5,5,0.40241518809209242,0.38457253640952976,0.38457253640952976,VERIFIED_DOCUMENTED_VINTAGES_PARTIAL_RELEASE_HISTORY,2024Q3
COMBO_B,standard,PERMISSIVE_END_OF_DAY,LATEST_REVISED,DEVELOPMENT_PSEUDO_OOS,H2,LEAVE_ONE_QUARTER_OUT,5,5,0.40467000910379036,0.36686213621457925,0.36686213621457925,VERIFIED_DOCUMENTED_VINTAGES_PARTIAL_RELEASE_HISTORY,2024Q3
COMBO_B,standard,PERMISSIVE_END_OF_DAY,LATEST_REVISED,DEVELOPMENT_PSEUDO_OOS,H3,LEAVE_ONE_QUARTER_OUT,5,5,0.29344936462178051,0.28143323062593345,0.063216156973970788,VERIFIED_DOCUMENTED_VINTAGES_PARTIAL_RELEASE_HISTORY,2024Q3
COMBO_B,standard,PERMISSIVE_END_OF_DAY,LATEST_REVISED,DEVELOPMENT_PSEUDO_OOS,ALL,LEAVE_ONE_QUARTER_OUT,15,5,0.37049891114198191,0.34428930108334749,0.27155027653269326,VERIFIED_DOCUMENTED_VINTAGES_PARTIAL_RELEASE_HISTORY,2024Q3
COMBO_B,standard,PERMISSIVE_END_OF_DAY,LATEST_REVISED,DEVELOPMENT_PSEUDO_OOS,H2_H3,LEAVE_ONE_QUARTER_OUT,10,5,0.35346169938551225,0.32414768342025635,0.215039146594275,VERIFIED_DOCUMENTED_VINTAGES_PARTIAL_RELEASE_HISTORY,2024Q3
COMBO_B,standard,PERMISSIVE_END_OF_DAY,LATEST_REVISED,POOLED_RESEARCH_ONLY,H1,LEAVE_ONE_QUARTER_OUT,9,9,0.59946135540510037,0.50456951793505134,0.46535134801891587,VERIFIED_DOCUMENTED_VINTAGES_PARTIAL_RELEASE_HISTORY,2024Q3
COMBO_B,standard,PERMISSIVE_END_OF_DAY,LATEST_REVISED,POOLED_RESEARCH_ONLY,H2,LEAVE_ONE_QUARTER_OUT,9,9,0.59824507559461038,0.47077980701991595,0.44659567227197833,VERIFIED_DOCUMENTED_VINTAGES_PARTIAL_RELEASE_HISTORY,2024Q3
COMBO_B,standard,PERMISSIVE_END_OF_DAY,LATEST_REVISED,POOLED_RESEARCH_ONLY,H3,LEAVE_ONE_QUARTER_OUT,9,9,0.36944372020179017,0.30869559597483487,0.18746388839041117,VERIFIED_DOCUMENTED_VINTAGES_PARTIAL_RELEASE_HISTORY,2024Q3
COMBO_B,standard,PERMISSIVE_END_OF_DAY,LATEST_REVISED,POOLED_RESEARCH_ONLY,ALL,LEAVE_ONE_QUARTER_OUT,27,9,0.53346032326495785,0.4280149736432674,0.36647030289376842,VERIFIED_DOCUMENTED_VINTAGES_PARTIAL_RELEASE_HISTORY,2024Q3
COMBO_B,standard,PERMISSIVE_END_OF_DAY,LATEST_REVISED,POOLED_RESEARCH_ONLY,H2_H3,LEAVE_ONE_QUARTER_OUT,18,9,0.49718499216576301,0.38973770149737541,0.31702978033119478,VERIFIED_DOCUMENTED_VINTAGES_PARTIAL_RELEASE_HISTORY,2024Q3
COMBO_B,standard,STRICT,FIRST_RELEASE,DEVELOPMENT_PSEUDO_OOS,H1,LEAVE_ONE_QUARTER_OUT,5,5,0.32212978756085792,0.26457253640952932,0.26457253640952932,VERIFIED_DOCUMENTED_VINTAGES_PARTIAL_RELEASE_HISTORY,2024Q3
COMBO_B,standard,STRICT,FIRST_RELEASE,DEVELOPMENT_PSEUDO_OOS,H2,LEAVE_ONE_QUARTER_OUT,5,5,0.33924775326069662,0.28383914009553857,0.24686213621457878,VERIFIED_DOCUMENTED_VINTAGES_PARTIAL_RELEASE_HISTORY,2024Q3
COMBO_B,standard,STRICT,FIRST_RELEASE,DEVELOPMENT_PSEUDO_OOS,H3,LEAVE_ONE_QUARTER_OUT,5,5,0.274978091889029,0.24143323062593627,-0.056783843026029679,VERIFIED_DOCUMENTED_VINTAGES_PARTIAL_RELEASE_HISTORY,2024Q3
COMBO_B,standard,STRICT,FIRST_RELEASE,DEVELOPMENT_PSEUDO_OOS,ALL,LEAVE_ONE_QUARTER_OUT,15,5,0.3132994250156258,0.26328163571033475,0.15155027653269279,VERIFIED_DOCUMENTED_VINTAGES_PARTIAL_RELEASE_HISTORY,2024Q3
COMBO_B,standard,STRICT,FIRST_RELEASE,DEVELOPMENT_PSEUDO_OOS,H2_H3,LEAVE_ONE_QUARTER_OUT,10,5,0.30878956354721721,0.26263618536073741,0.095039146594274551,VERIFIED_DOCUMENTED_VINTAGES_PARTIAL_RELEASE_HISTORY,2024Q3
COMBO_B,standard,STRICT,FIRST_RELEASE,POOLED_RESEARCH_ONLY,H1,LEAVE_ONE_QUARTER_OUT,9,9,0.57187152128886098,0.43790285126838491,0.39868468135224888,VERIFIED_DOCUMENTED_VINTAGES_PARTIAL_RELEASE_HISTORY,2024Q3
COMBO_B,standard,STRICT,FIRST_RELEASE,POOLED_RESEARCH_ONLY,H2,LEAVE_ONE_QUARTER_OUT,9,9,0.57520340782685531,0.42465592028711607,0.37992900560531129,VERIFIED_DOCUMENTED_VINTAGES_PARTIAL_RELEASE_HISTORY,2024Q3
COMBO_B,standard,STRICT,FIRST_RELEASE,POOLED_RESEARCH_ONLY,H3,LEAVE_ONE_QUARTER_OUT,9,9,0.36146308689344836,0.28647337375261411,0.12079722172374414,VERIFIED_DOCUMENTED_VINTAGES_PARTIAL_RELEASE_HISTORY,2024Q3
COMBO_B,standard,STRICT,FIRST_RELEASE,POOLED_RESEARCH_ONLY,ALL,LEAVE_ONE_QUARTER_OUT,27,9,0.51268949681179821,0.38301071510270501,0.29980363622710149,VERIFIED_DOCUMENTED_VINTAGES_PARTIAL_RELEASE_HISTORY,2024Q3
COMBO_B,standard,STRICT,FIRST_RELEASE,POOLED_RESEARCH_ONLY,H2_H3,LEAVE_ONE_QUARTER_OUT,18,9,0.48037200353588899,0.35556464701986512,0.25036311366452774,VERIFIED_DOCUMENTED_VINTAGES_PARTIAL_RELEASE_HISTORY,2024Q3
COMBO_B,standard,STRICT,LATEST_REVISED,DEVELOPMENT_PSEUDO_OOS,H1,LEAVE_ONE_QUARTER_OUT,5,5,0.40241518809209242,0.38457253640952976,0.38457253640952976,VERIFIED_DOCUMENTED_VINTAGES_PARTIAL_RELEASE_HISTORY,2024Q3
COMBO_B,standard,STRICT,LATEST_REVISED,DEVELOPMENT_PSEUDO_OOS,H2,LEAVE_ONE_QUARTER_OUT,5,5,0.40467000910379036,0.36686213621457925,0.36686213621457925,VERIFIED_DOCUMENTED_VINTAGES_PARTIAL_RELEASE_HISTORY,2024Q3
COMBO_B,standard,STRICT,LATEST_REVISED,DEVELOPMENT_PSEUDO_OOS,H3,LEAVE_ONE_QUARTER_OUT,5,5,0.29344936462178051,0.28143323062593345,0.063216156973970788,VERIFIED_DOCUMENTED_VINTAGES_PARTIAL_RELEASE_HISTORY,2024Q3
COMBO_B,standard,STRICT,LATEST_REVISED,DEVELOPMENT_PSEUDO_OOS,ALL,LEAVE_ONE_QUARTER_OUT,15,5,0.37049891114198191,0.34428930108334749,0.27155027653269326,VERIFIED_DOCUMENTED_VINTAGES_PARTIAL_RELEASE_HISTORY,2024Q3
COMBO_B,standard,STRICT,LATEST_REVISED,DEVELOPMENT_PSEUDO_OOS,H2_H3,LEAVE_ONE_QUARTER_OUT,10,5,0.35346169938551225,0.32414768342025635,0.215039146594275,VERIFIED_DOCUMENTED_VINTAGES_PARTIAL_RELEASE_HISTORY,2024Q3
COMBO_B,standard,STRICT,LATEST_REVISED,POOLED_RESEARCH_ONLY,H1,LEAVE_ONE_QUARTER_OUT,9,9,0.59946135540510037,0.50456951793505134,0.46535134801891587,VERIFIED_DOCUMENTED_VINTAGES_PARTIAL_RELEASE_HISTORY,2024Q3
COMBO_B,standard,STRICT,LATEST_REVISED,POOLED_RESEARCH_ONLY,H2,LEAVE_ONE_QUARTER_OUT,9,9,0.59824507559461038,0.47077980701991595,0.44659567227197833,VERIFIED_DOCUMENTED_VINTAGES_PARTIAL_RELEASE_HISTORY,2024Q3
COMBO_B,standard,STRICT,LATEST_REVISED,POOLED_RESEARCH_ONLY,H3,LEAVE_ONE_QUARTER_OUT,9,9,0.36944372020179017,0.30869559597483487,0.18746388839041117,VERIFIED_DOCUMENTED_VINTAGES_PARTIAL_RELEASE_HISTORY,2024Q3
COMBO_B,standard,STRICT,LATEST_REVISED,POOLED_RESEARCH_ONLY,ALL,LEAVE_ONE_QUARTER_OUT,27,9,0.53346032326495785,0.4280149736432674,0.36647030289376842,VERIFIED_DOCUMENTED_VINTAGES_PARTIAL_RELEASE_HISTORY,2024Q3
COMBO_B,standard,STRICT,LATEST_REVISED,POOLED_RESEARCH_ONLY,H2_H3,LEAVE_ONE_QUARTER_OUT,18,9,0.49718499216576301,0.38973770149737541,0.31702978033119478,VERIFIED_DOCUMENTED_VINTAGES_PARTIAL_RELEASE_HISTORY,2024Q3
DFM_B,conservative,PERMISSIVE_END_OF_DAY,FIRST_RELEASE,DEVELOPMENT_PSEUDO_OOS,H1,LEAVE_ONE_QUARTER_OUT,5,5,0.30264578394687502,0.20183981746545498,0.17329029930063983,VERIFIED_DOCUMENTED_VINTAGES_PARTIAL_RELEASE_HISTORY,2024Q3
DFM_B,conservative,PERMISSIVE_END_OF_DAY,FIRST_RELEASE,DEVELOPMENT_PSEUDO_OOS,H2,LEAVE_ONE_QUARTER_OUT,5,5,0.30306623196464832,0.21421572681593554,0.20493736926945089,VERIFIED_DOCUMENTED_VINTAGES_PARTIAL_RELEASE_HISTORY,2024Q3
DFM_B,conservative,PERMISSIVE_END_OF_DAY,FIRST_RELEASE,DEVELOPMENT_PSEUDO_OOS,H3,LEAVE_ONE_QUARTER_OUT,5,5,0.56379330487628398,0.41733473507602525,-0.0078752064810011287,VERIFIED_DOCUMENTED_VINTAGES_PARTIAL_RELEASE_HISTORY,2024Q3
DFM_B,conservative,PERMISSIVE_END_OF_DAY,FIRST_RELEASE,DEVELOPMENT_PSEUDO_OOS,ALL,LEAVE_ONE_QUARTER_OUT,15,5,0.40878131974663062,0.27779675978580526,0.12345082069636319,VERIFIED_DOCUMENTED_VINTAGES_PARTIAL_RELEASE_HISTORY,2024Q3
DFM_B,conservative,PERMISSIVE_END_OF_DAY,FIRST_RELEASE,DEVELOPMENT_PSEUDO_OOS,H2_H3,LEAVE_ONE_QUARTER_OUT,10,5,0.45261022501738318,0.31577523094598037,0.098531081394224881,VERIFIED_DOCUMENTED_VINTAGES_PARTIAL_RELEASE_HISTORY,2024Q3
DFM_B,conservative,PERMISSIVE_END_OF_DAY,FIRST_RELEASE,POOLED_RESEARCH_ONLY,H1,LEAVE_ONE_QUARTER_OUT,9,9,0.69770853987552928,0.52414130164023764,0.50828045821534029,VERIFIED_DOCUMENTED_VINTAGES_PARTIAL_RELEASE_HISTORY,2024Q3
DFM_B,conservative,PERMISSIVE_END_OF_DAY,FIRST_RELEASE,POOLED_RESEARCH_ONLY,H2,LEAVE_ONE_QUARTER_OUT,9,9,0.68716292241347621,0.52271510604265581,0.51756046296127556,VERIFIED_DOCUMENTED_VINTAGES_PARTIAL_RELEASE_HISTORY,2024Q3
DFM_B,conservative,PERMISSIVE_END_OF_DAY,FIRST_RELEASE,POOLED_RESEARCH_ONLY,H3,LEAVE_ONE_QUARTER_OUT,9,9,0.76440912938007655,0.62885193044631416,0.39262418513685504,VERIFIED_DOCUMENTED_VINTAGES_PARTIAL_RELEASE_HISTORY,2024Q3
DFM_B,conservative,PERMISSIVE_END_OF_DAY,FIRST_RELEASE,POOLED_RESEARCH_ONLY,ALL,LEAVE_ONE_QUARTER_OUT,27,9,0.7172427310273416,0.55856944604306924,0.47282170210449026,VERIFIED_DOCUMENTED_VINTAGES_PARTIAL_RELEASE_HISTORY,2024Q3
DFM_B,conservative,PERMISSIVE_END_OF_DAY,FIRST_RELEASE,POOLED_RESEARCH_ONLY,H2_H3,LEAVE_ONE_QUARTER_OUT,18,9,0.72681297423045343,0.57578351824448504,0.45509232404906519,VERIFIED_DOCUMENTED_VINTAGES_PARTIAL_RELEASE_HISTORY,2024Q3
DFM_B,conservative,PERMISSIVE_END_OF_DAY,LATEST_REVISED,DEVELOPMENT_PSEUDO_OOS,H1,LEAVE_ONE_QUARTER_OUT,5,5,0.33588095302065718,0.29329029930064027,0.29329029930064027,VERIFIED_DOCUMENTED_VINTAGES_PARTIAL_RELEASE_HISTORY,2024Q3
DFM_B,conservative,PERMISSIVE_END_OF_DAY,LATEST_REVISED,DEVELOPMENT_PSEUDO_OOS,H2,LEAVE_ONE_QUARTER_OUT,5,5,0.35616756138021621,0.32493736926945138,0.32493736926945138,VERIFIED_DOCUMENTED_VINTAGES_PARTIAL_RELEASE_HISTORY,2024Q3
DFM_B,conservative,PERMISSIVE_END_OF_DAY,LATEST_REVISED,DEVELOPMENT_PSEUDO_OOS,H3,LEAVE_ONE_QUARTER_OUT,5,5,0.50809453512729119,0.44450565043436097,0.11212479351899933,VERIFIED_DOCUMENTED_VINTAGES_PARTIAL_RELEASE_HISTORY,2024Q3
DFM_B,conservative,PERMISSIVE_END_OF_DAY,LATEST_REVISED,DEVELOPMENT_PSEUDO_OOS,ALL,LEAVE_ONE_QUARTER_OUT,15,5,0.40736200240400966,0.35424443966815089,0.24345082069636365,VERIFIED_DOCUMENTED_VINTAGES_PARTIAL_RELEASE_HISTORY,2024Q3
DFM_B,conservative,PERMISSIVE_END_OF_DAY,LATEST_REVISED,DEVELOPMENT_PSEUDO_OOS,H2_H3,LEAVE_ONE_QUARTER_OUT,10,5,0.43875698763993953,0.38472150985190617,0.21853108139422533,VERIFIED_DOCUMENTED_VINTAGES_PARTIAL_RELEASE_HISTORY,2024Q3
DFM_B,conservative,PERMISSIVE_END_OF_DAY,LATEST_REVISED,POOLED_RESEARCH_ONLY,H1,LEAVE_ONE_QUARTER_OUT,9,9,0.70610689935443638,0.57494712488200728,0.57494712488200728,VERIFIED_DOCUMENTED_VINTAGES_PARTIAL_RELEASE_HISTORY,2024Q3
DFM_B,conservative,PERMISSIVE_END_OF_DAY,LATEST_REVISED,POOLED_RESEARCH_ONLY,H2,LEAVE_ONE_QUARTER_OUT,9,9,0.70117099607013511,0.58422712962794254,0.58422712962794254,VERIFIED_DOCUMENTED_VINTAGES_PARTIAL_RELEASE_HISTORY,2024Q3
DFM_B,conservative,PERMISSIVE_END_OF_DAY,LATEST_REVISED,POOLED_RESEARCH_ONLY,H3,LEAVE_ONE_QUARTER_OUT,9,9,0.74239684533954264,0.64394688342316742,0.45929085180352203,VERIFIED_DOCUMENTED_VINTAGES_PARTIAL_RELEASE_HISTORY,2024Q3
DFM_B,conservative,PERMISSIVE_END_OF_DAY,LATEST_REVISED,POOLED_RESEARCH_ONLY,ALL,LEAVE_ONE_QUARTER_OUT,27,9,0.71679397203009143,0.60104037931103915,0.53948836877115725,VERIFIED_DOCUMENTED_VINTAGES_PARTIAL_RELEASE_HISTORY,2024Q3
DFM_B,conservative,PERMISSIVE_END_OF_DAY,LATEST_REVISED,POOLED_RESEARCH_ONLY,H2_H3,LEAVE_ONE_QUARTER_OUT,18,9,0.72207819580018129,0.61408700652555503,0.52175899071573228,VERIFIED_DOCUMENTED_VINTAGES_PARTIAL_RELEASE_HISTORY,2024Q3
DFM_B,conservative,STRICT,FIRST_RELEASE,DEVELOPMENT_PSEUDO_OOS,H1,LEAVE_ONE_QUARTER_OUT,5,5,0.30264578394687502,0.20183981746545498,0.17329029930063983,VERIFIED_DOCUMENTED_VINTAGES_PARTIAL_RELEASE_HISTORY,2024Q3
DFM_B,conservative,STRICT,FIRST_RELEASE,DEVELOPMENT_PSEUDO_OOS,H2,LEAVE_ONE_QUARTER_OUT,5,5,0.30306623196464832,0.21421572681593554,0.20493736926945089,VERIFIED_DOCUMENTED_VINTAGES_PARTIAL_RELEASE_HISTORY,2024Q3
DFM_B,conservative,STRICT,FIRST_RELEASE,DEVELOPMENT_PSEUDO_OOS,H3,LEAVE_ONE_QUARTER_OUT,5,5,0.56379330487628398,0.41733473507602525,-0.0078752064810011287,VERIFIED_DOCUMENTED_VINTAGES_PARTIAL_RELEASE_HISTORY,2024Q3
DFM_B,conservative,STRICT,FIRST_RELEASE,DEVELOPMENT_PSEUDO_OOS,ALL,LEAVE_ONE_QUARTER_OUT,15,5,0.40878131974663062,0.27779675978580526,0.12345082069636319,VERIFIED_DOCUMENTED_VINTAGES_PARTIAL_RELEASE_HISTORY,2024Q3
DFM_B,conservative,STRICT,FIRST_RELEASE,DEVELOPMENT_PSEUDO_OOS,H2_H3,LEAVE_ONE_QUARTER_OUT,10,5,0.45261022501738318,0.31577523094598037,0.098531081394224881,VERIFIED_DOCUMENTED_VINTAGES_PARTIAL_RELEASE_HISTORY,2024Q3
DFM_B,conservative,STRICT,FIRST_RELEASE,POOLED_RESEARCH_ONLY,H1,LEAVE_ONE_QUARTER_OUT,9,9,0.69770853987552928,0.52414130164023764,0.50828045821534029,VERIFIED_DOCUMENTED_VINTAGES_PARTIAL_RELEASE_HISTORY,2024Q3
DFM_B,conservative,STRICT,FIRST_RELEASE,POOLED_RESEARCH_ONLY,H2,LEAVE_ONE_QUARTER_OUT,9,9,0.68716292241347621,0.52271510604265581,0.51756046296127556,VERIFIED_DOCUMENTED_VINTAGES_PARTIAL_RELEASE_HISTORY,2024Q3
DFM_B,conservative,STRICT,FIRST_RELEASE,POOLED_RESEARCH_ONLY,H3,LEAVE_ONE_QUARTER_OUT,9,9,0.76440912938007655,0.62885193044631416,0.39262418513685504,VERIFIED_DOCUMENTED_VINTAGES_PARTIAL_RELEASE_HISTORY,2024Q3
DFM_B,conservative,STRICT,FIRST_RELEASE,POOLED_RESEARCH_ONLY,ALL,LEAVE_ONE_QUARTER_OUT,27,9,0.7172427310273416,0.55856944604306924,0.47282170210449026,VERIFIED_DOCUMENTED_VINTAGES_PARTIAL_RELEASE_HISTORY,2024Q3
DFM_B,conservative,STRICT,FIRST_RELEASE,POOLED_RESEARCH_ONLY,H2_H3,LEAVE_ONE_QUARTER_OUT,18,9,0.72681297423045343,0.57578351824448504,0.45509232404906519,VERIFIED_DOCUMENTED_VINTAGES_PARTIAL_RELEASE_HISTORY,2024Q3
DFM_B,conservative,STRICT,LATEST_REVISED,DEVELOPMENT_PSEUDO_OOS,H1,LEAVE_ONE_QUARTER_OUT,5,5,0.33588095302065718,0.29329029930064027,0.29329029930064027,VERIFIED_DOCUMENTED_VINTAGES_PARTIAL_RELEASE_HISTORY,2024Q3
DFM_B,conservative,STRICT,LATEST_REVISED,DEVELOPMENT_PSEUDO_OOS,H2,LEAVE_ONE_QUARTER_OUT,5,5,0.35616756138021621,0.32493736926945138,0.32493736926945138,VERIFIED_DOCUMENTED_VINTAGES_PARTIAL_RELEASE_HISTORY,2024Q3
DFM_B,conservative,STRICT,LATEST_REVISED,DEVELOPMENT_PSEUDO_OOS,H3,LEAVE_ONE_QUARTER_OUT,5,5,0.50809453512729119,0.44450565043436097,0.11212479351899933,VERIFIED_DOCUMENTED_VINTAGES_PARTIAL_RELEASE_HISTORY,2024Q3
DFM_B,conservative,STRICT,LATEST_REVISED,DEVELOPMENT_PSEUDO_OOS,ALL,LEAVE_ONE_QUARTER_OUT,15,5,0.40736200240400966,0.35424443966815089,0.24345082069636365,VERIFIED_DOCUMENTED_VINTAGES_PARTIAL_RELEASE_HISTORY,2024Q3
DFM_B,conservative,STRICT,LATEST_REVISED,DEVELOPMENT_PSEUDO_OOS,H2_H3,LEAVE_ONE_QUARTER_OUT,10,5,0.43875698763993953,0.38472150985190617,0.21853108139422533,VERIFIED_DOCUMENTED_VINTAGES_PARTIAL_RELEASE_HISTORY,2024Q3
DFM_B,conservative,STRICT,LATEST_REVISED,POOLED_RESEARCH_ONLY,H1,LEAVE_ONE_QUARTER_OUT,9,9,0.70610689935443638,0.57494712488200728,0.57494712488200728,VERIFIED_DOCUMENTED_VINTAGES_PARTIAL_RELEASE_HISTORY,2024Q3
DFM_B,conservative,STRICT,LATEST_REVISED,POOLED_RESEARCH_ONLY,H2,LEAVE_ONE_QUARTER_OUT,9,9,0.70117099607013511,0.58422712962794254,0.58422712962794254,VERIFIED_DOCUMENTED_VINTAGES_PARTIAL_RELEASE_HISTORY,2024Q3
DFM_B,conservative,STRICT,LATEST_REVISED,POOLED_RESEARCH_ONLY,H3,LEAVE_ONE_QUARTER_OUT,9,9,0.74239684533954264,0.64394688342316742,0.45929085180352203,VERIFIED_DOCUMENTED_VINTAGES_PARTIAL_RELEASE_HISTORY,2024Q3
DFM_B,conservative,STRICT,LATEST_REVISED,POOLED_RESEARCH_ONLY,ALL,LEAVE_ONE_QUARTER_OUT,27,9,0.71679397203009143,0.60104037931103915,0.53948836877115725,VERIFIED_DOCUMENTED_VINTAGES_PARTIAL_RELEASE_HISTORY,2024Q3
DFM_B,conservative,STRICT,LATEST_REVISED,POOLED_RESEARCH_ONLY,H2_H3,LEAVE_ONE_QUARTER_OUT,18,9,0.72207819580018129,0.61408700652555503,0.52175899071573228,VERIFIED_DOCUMENTED_VINTAGES_PARTIAL_RELEASE_HISTORY,2024Q3
DFM_B,standard,PERMISSIVE_END_OF_DAY,FIRST_RELEASE,DEVELOPMENT_PSEUDO_OOS,H1,LEAVE_ONE_QUARTER_OUT,5,5,0.28319625871293286,0.18892973476587632,0.16679490225825636,VERIFIED_DOCUMENTED_VINTAGES_PARTIAL_RELEASE_HISTORY,2024Q3
DFM_B,standard,PERMISSIVE_END_OF_DAY,FIRST_RELEASE,DEVELOPMENT_PSEUDO_OOS,H2,LEAVE_ONE_QUARTER_OUT,5,5,0.32871703866299545,0.25195248806268589,0.054597807874263361,VERIFIED_DOCUMENTED_VINTAGES_PARTIAL_RELEASE_HISTORY,2024Q3
DFM_B,standard,PERMISSIVE_END_OF_DAY,FIRST_RELEASE,DEVELOPMENT_PSEUDO_OOS,H3,LEAVE_ONE_QUARTER_OUT,5,5,0.49056974959928351,0.35727997259442734,-0.021812589518317615,VERIFIED_DOCUMENTED_VINTAGES_PARTIAL_RELEASE_HISTORY,2024Q3
DFM_B,standard,PERMISSIVE_END_OF_DAY,FIRST_RELEASE,DEVELOPMENT_PSEUDO_OOS,ALL,LEAVE_ONE_QUARTER_OUT,15,5,0.37811536673272766,0.2660540651409965,0.066526706871400693,VERIFIED_DOCUMENTED_VINTAGES_PARTIAL_RELEASE_HISTORY,2024Q3
DFM_B,standard,PERMISSIVE_END_OF_DAY,FIRST_RELEASE,DEVELOPMENT_PSEUDO_OOS,H2_H3,LEAVE_ONE_QUARTER_OUT,10,5,0.41756051700877622,0.30461623032855661,0.016392609177972872,VERIFIED_DOCUMENTED_VINTAGES_PARTIAL_RELEASE_HISTORY,2024Q3
DFM_B,standard,PERMISSIVE_END_OF_DAY,FIRST_RELEASE,POOLED_RESEARCH_ONLY,H1,LEAVE_ONE_QUARTER_OUT,9,9,0.66329820469326184,0.49139781645586439,0.47910068728496441,VERIFIED_DOCUMENTED_VINTAGES_PARTIAL_RELEASE_HISTORY,2024Q3
DFM_B,standard,PERMISSIVE_END_OF_DAY,FIRST_RELEASE,POOLED_RESEARCH_ONLY,H2,LEAVE_ONE_QUARTER_OUT,9,9,0.66095530093027333,0.51602321676373508,0.40638172777016696,VERIFIED_DOCUMENTED_VINTAGES_PARTIAL_RELEASE_HISTORY,2024Q3
DFM_B,standard,PERMISSIVE_END_OF_DAY,FIRST_RELEASE,POOLED_RESEARCH_ONLY,H3,LEAVE_ONE_QUARTER_OUT,9,9,0.70720868298824369,0.57050489034819241,0.35989791139666738,VERIFIED_DOCUMENTED_VINTAGES_PARTIAL_RELEASE_HISTORY,2024Q3
DFM_B,standard,PERMISSIVE_END_OF_DAY,FIRST_RELEASE,POOLED_RESEARCH_ONLY,ALL,LEAVE_ONE_QUARTER_OUT,27,9,0.67748813998748325,0.52597530785593061,0.4151267754839329,VERIFIED_DOCUMENTED_VINTAGES_PARTIAL_RELEASE_HISTORY,2024Q3
DFM_B,standard,PERMISSIVE_END_OF_DAY,FIRST_RELEASE,POOLED_RESEARCH_ONLY,H2_H3,LEAVE_ONE_QUARTER_OUT,18,9,0.68447280118416487,0.54326405355596363,0.3831398195834172,VERIFIED_DOCUMENTED_VINTAGES_PARTIAL_RELEASE_HISTORY,2024Q3
DFM_B,standard,PERMISSIVE_END_OF_DAY,LATEST_REVISED,DEVELOPMENT_PSEUDO_OOS,H1,LEAVE_ONE_QUARTER_OUT,5,5,0.32318399671460041,0.28679490225825682,0.28679490225825682,VERIFIED_DOCUMENTED_VINTAGES_PARTIAL_RELEASE_HISTORY,2024Q3
DFM_B,standard,PERMISSIVE_END_OF_DAY,LATEST_REVISED,DEVELOPMENT_PSEUDO_OOS,H2,LEAVE_ONE_QUARTER_OUT,5,5,0.31631199402120641,0.2760092452554499,0.17459780787426382,VERIFIED_DOCUMENTED_VINTAGES_PARTIAL_RELEASE_HISTORY,2024Q3
DFM_B,standard,PERMISSIVE_END_OF_DAY,LATEST_REVISED,DEVELOPMENT_PSEUDO_OOS,H3,LEAVE_ONE_QUARTER_OUT,5,5,0.4345574378598912,0.37745135439420208,0.098187410481682849,VERIFIED_DOCUMENTED_VINTAGES_PARTIAL_RELEASE_HISTORY,2024Q3
DFM_B,standard,PERMISSIVE_END_OF_DAY,LATEST_REVISED,DEVELOPMENT_PSEUDO_OOS,ALL,LEAVE_ONE_QUARTER_OUT,15,5,0.3620963684313187,0.3134185006359696,0.18652670687140116,VERIFIED_DOCUMENTED_VINTAGES_PARTIAL_RELEASE_HISTORY,2024Q3
DFM_B,standard,PERMISSIVE_END_OF_DAY,LATEST_REVISED,DEVELOPMENT_PSEUDO_OOS,H2_H3,LEAVE_ONE_QUARTER_OUT,10,5,0.38006147158125947,0.32673029982482599,0.13639260917797333,VERIFIED_DOCUMENTED_VINTAGES_PARTIAL_RELEASE_HISTORY,2024Q3
DFM_B,standard,PERMISSIVE_END_OF_DAY,LATEST_REVISED,POOLED_RESEARCH_ONLY,H1,LEAVE_ONE_QUARTER_OUT,9,9,0.67337619080280398,0.54576735395163145,0.54576735395163145,VERIFIED_DOCUMENTED_VINTAGES_PARTIAL_RELEASE_HISTORY,2024Q3
DFM_B,standard,PERMISSIVE_END_OF_DAY,LATEST_REVISED,POOLED_RESEARCH_ONLY,H2,LEAVE_ONE_QUARTER_OUT,9,9,0.65758388723180083,0.5293880818708262,0.473048394436834,VERIFIED_DOCUMENTED_VINTAGES_PARTIAL_RELEASE_HISTORY,2024Q3
DFM_B,standard,PERMISSIVE_END_OF_DAY,LATEST_REVISED,POOLED_RESEARCH_ONLY,H3,LEAVE_ONE_QUARTER_OUT,9,9,0.68655375524207451,0.58171121357028954,0.42656457806333442,VERIFIED_DOCUMENTED_VINTAGES_PARTIAL_RELEASE_HISTORY,2024Q3
DFM_B,standard,PERMISSIVE_END_OF_DAY,LATEST_REVISED,POOLED_RESEARCH_ONLY,ALL,LEAVE_ONE_QUARTER_OUT,27,9,0.67260888137757402,0.55228888313091573,0.48179344215059988,VERIFIED_DOCUMENTED_VINTAGES_PARTIAL_RELEASE_HISTORY,2024Q3
DFM_B,standard,PERMISSIVE_END_OF_DAY,LATEST_REVISED,POOLED_RESEARCH_ONLY,H2_H3,LEAVE_ONE_QUARTER_OUT,18,9,0.67222489822375664,0.55554964772055782,0.44980648625008413,VERIFIED_DOCUMENTED_VINTAGES_PARTIAL_RELEASE_HISTORY,2024Q3
DFM_B,standard,STRICT,FIRST_RELEASE,DEVELOPMENT_PSEUDO_OOS,H1,LEAVE_ONE_QUARTER_OUT,5,5,0.28319625871293286,0.18892973476587632,0.16679490225825636,VERIFIED_DOCUMENTED_VINTAGES_PARTIAL_RELEASE_HISTORY,2024Q3
DFM_B,standard,STRICT,FIRST_RELEASE,DEVELOPMENT_PSEUDO_OOS,H2,LEAVE_ONE_QUARTER_OUT,5,5,0.32871703866299545,0.25195248806268589,0.054597807874263361,VERIFIED_DOCUMENTED_VINTAGES_PARTIAL_RELEASE_HISTORY,2024Q3
DFM_B,standard,STRICT,FIRST_RELEASE,DEVELOPMENT_PSEUDO_OOS,H3,LEAVE_ONE_QUARTER_OUT,5,5,0.49056974959928351,0.35727997259442734,-0.021812589518317615,VERIFIED_DOCUMENTED_VINTAGES_PARTIAL_RELEASE_HISTORY,2024Q3
DFM_B,standard,STRICT,FIRST_RELEASE,DEVELOPMENT_PSEUDO_OOS,ALL,LEAVE_ONE_QUARTER_OUT,15,5,0.37811536673272766,0.2660540651409965,0.066526706871400693,VERIFIED_DOCUMENTED_VINTAGES_PARTIAL_RELEASE_HISTORY,2024Q3
DFM_B,standard,STRICT,FIRST_RELEASE,DEVELOPMENT_PSEUDO_OOS,H2_H3,LEAVE_ONE_QUARTER_OUT,10,5,0.41756051700877622,0.30461623032855661,0.016392609177972872,VERIFIED_DOCUMENTED_VINTAGES_PARTIAL_RELEASE_HISTORY,2024Q3
DFM_B,standard,STRICT,FIRST_RELEASE,POOLED_RESEARCH_ONLY,H1,LEAVE_ONE_QUARTER_OUT,9,9,0.66329820469326184,0.49139781645586439,0.47910068728496441,VERIFIED_DOCUMENTED_VINTAGES_PARTIAL_RELEASE_HISTORY,2024Q3
DFM_B,standard,STRICT,FIRST_RELEASE,POOLED_RESEARCH_ONLY,H2,LEAVE_ONE_QUARTER_OUT,9,9,0.66095530093027333,0.51602321676373508,0.40638172777016696,VERIFIED_DOCUMENTED_VINTAGES_PARTIAL_RELEASE_HISTORY,2024Q3
DFM_B,standard,STRICT,FIRST_RELEASE,POOLED_RESEARCH_ONLY,H3,LEAVE_ONE_QUARTER_OUT,9,9,0.70720868298824369,0.57050489034819241,0.35989791139666738,VERIFIED_DOCUMENTED_VINTAGES_PARTIAL_RELEASE_HISTORY,2024Q3
DFM_B,standard,STRICT,FIRST_RELEASE,POOLED_RESEARCH_ONLY,ALL,LEAVE_ONE_QUARTER_OUT,27,9,0.67748813998748325,0.52597530785593061,0.4151267754839329,VERIFIED_DOCUMENTED_VINTAGES_PARTIAL_RELEASE_HISTORY,2024Q3
DFM_B,standard,STRICT,FIRST_RELEASE,POOLED_RESEARCH_ONLY,H2_H3,LEAVE_ONE_QUARTER_OUT,18,9,0.68447280118416487,0.54326405355596363,0.3831398195834172,VERIFIED_DOCUMENTED_VINTAGES_PARTIAL_RELEASE_HISTORY,2024Q3
DFM_B,standard,STRICT,LATEST_REVISED,DEVELOPMENT_PSEUDO_OOS,H1,LEAVE_ONE_QUARTER_OUT,5,5,0.32318399671460041,0.28679490225825682,0.28679490225825682,VERIFIED_DOCUMENTED_VINTAGES_PARTIAL_RELEASE_HISTORY,2024Q3
DFM_B,standard,STRICT,LATEST_REVISED,DEVELOPMENT_PSEUDO_OOS,H2,LEAVE_ONE_QUARTER_OUT,5,5,0.31631199402120641,0.2760092452554499,0.17459780787426382,VERIFIED_DOCUMENTED_VINTAGES_PARTIAL_RELEASE_HISTORY,2024Q3
DFM_B,standard,STRICT,LATEST_REVISED,DEVELOPMENT_PSEUDO_OOS,H3,LEAVE_ONE_QUARTER_OUT,5,5,0.4345574378598912,0.37745135439420208,0.098187410481682849,VERIFIED_DOCUMENTED_VINTAGES_PARTIAL_RELEASE_HISTORY,2024Q3
DFM_B,standard,STRICT,LATEST_REVISED,DEVELOPMENT_PSEUDO_OOS,ALL,LEAVE_ONE_QUARTER_OUT,15,5,0.3620963684313187,0.3134185006359696,0.18652670687140116,VERIFIED_DOCUMENTED_VINTAGES_PARTIAL_RELEASE_HISTORY,2024Q3
DFM_B,standard,STRICT,LATEST_REVISED,DEVELOPMENT_PSEUDO_OOS,H2_H3,LEAVE_ONE_QUARTER_OUT,10,5,0.38006147158125947,0.32673029982482599,0.13639260917797333,VERIFIED_DOCUMENTED_VINTAGES_PARTIAL_RELEASE_HISTORY,2024Q3
DFM_B,standard,STRICT,LATEST_REVISED,POOLED_RESEARCH_ONLY,H1,LEAVE_ONE_QUARTER_OUT,9,9,0.67337619080280398,0.54576735395163145,0.54576735395163145,VERIFIED_DOCUMENTED_VINTAGES_PARTIAL_RELEASE_HISTORY,2024Q3
DFM_B,standard,STRICT,LATEST_REVISED,POOLED_RESEARCH_ONLY,H2,LEAVE_ONE_QUARTER_OUT,9,9,0.65758388723180083,0.5293880818708262,0.473048394436834,VERIFIED_DOCUMENTED_VINTAGES_PARTIAL_RELEASE_HISTORY,2024Q3
DFM_B,standard,STRICT,LATEST_REVISED,POOLED_RESEARCH_ONLY,H3,LEAVE_ONE_QUARTER_OUT,9,9,0.68655375524207451,0.58171121357028954,0.42656457806333442,VERIFIED_DOCUMENTED_VINTAGES_PARTIAL_RELEASE_HISTORY,2024Q3
DFM_B,standard,STRICT,LATEST_REVISED,POOLED_RESEARCH_ONLY,ALL,LEAVE_ONE_QUARTER_OUT,27,9,0.67260888137757402,0.55228888313091573,0.48179344215059988,VERIFIED_DOCUMENTED_VINTAGES_PARTIAL_RELEASE_HISTORY,2024Q3
DFM_B,standard,STRICT,LATEST_REVISED,POOLED_RESEARCH_ONLY,H2_H3,LEAVE_ONE_QUARTER_OUT,18,9,0.67222489822375664,0.55554964772055782,0.44980648625008413,VERIFIED_DOCUMENTED_VINTAGES_PARTIAL_RELEASE_HISTORY,2024Q3
PRODUCTION_ENSEMBLE,conservative,PERMISSIVE_END_OF_DAY,FIRST_RELEASE,DEVELOPMENT_PSEUDO_OOS,H1,LEAVE_ONE_QUARTER_OUT,5,5,0.46776804727567078,0.41500940716235296,0.41500940716235296,VERIFIED_DOCUMENTED_VINTAGES_PARTIAL_RELEASE_HISTORY,2024Q3
PRODUCTION_ENSEMBLE,conservative,PERMISSIVE_END_OF_DAY,FIRST_RELEASE,DEVELOPMENT_PSEUDO_OOS,H2,LEAVE_ONE_QUARTER_OUT,5,5,0.46168080436351022,0.42352387345941211,0.42352387345941211,VERIFIED_DOCUMENTED_VINTAGES_PARTIAL_RELEASE_HISTORY,2024Q3
PRODUCTION_ENSEMBLE,conservative,PERMISSIVE_END_OF_DAY,FIRST_RELEASE,DEVELOPMENT_PSEUDO_OOS,H3,LEAVE_ONE_QUARTER_OUT,5,5,0.49830294309430367,0.46191202045645791,0.46191202045645791,VERIFIED_DOCUMENTED_VINTAGES_PARTIAL_RELEASE_HISTORY,2024Q3
PRODUCTION_ENSEMBLE,conservative,PERMISSIVE_END_OF_DAY,FIRST_RELEASE,DEVELOPMENT_PSEUDO_OOS,ALL,LEAVE_ONE_QUARTER_OUT,15,5,0.4761869150751194,0.43348176702607433,0.43348176702607433,VERIFIED_DOCUMENTED_VINTAGES_PARTIAL_RELEASE_HISTORY,2024Q3
PRODUCTION_ENSEMBLE,conservative,PERMISSIVE_END_OF_DAY,FIRST_RELEASE,DEVELOPMENT_PSEUDO_OOS,H2_H3,LEAVE_ONE_QUARTER_OUT,10,5,0.48034101855566252,0.44271794695793504,0.44271794695793504,VERIFIED_DOCUMENTED_VINTAGES_PARTIAL_RELEASE_HISTORY,2024Q3
PRODUCTION_ENSEMBLE,conservative,PERMISSIVE_END_OF_DAY,FIRST_RELEASE,POOLED_RESEARCH_ONLY,H1,LEAVE_ONE_QUARTER_OUT,9,9,0.54593120467572454,0.42064775046795488,0.42064775046795488,VERIFIED_DOCUMENTED_VINTAGES_PARTIAL_RELEASE_HISTORY,2024Q3
PRODUCTION_ENSEMBLE,conservative,PERMISSIVE_END_OF_DAY,FIRST_RELEASE,POOLED_RESEARCH_ONLY,H2,LEAVE_ONE_QUARTER_OUT,9,9,0.62553744077423856,0.5068140430709176,0.46088516246044658,VERIFIED_DOCUMENTED_VINTAGES_PARTIAL_RELEASE_HISTORY,2024Q3
PRODUCTION_ENSEMBLE,conservative,PERMISSIVE_END_OF_DAY,FIRST_RELEASE,POOLED_RESEARCH_ONLY,H3,LEAVE_ONE_QUARTER_OUT,9,9,0.65149843985223566,0.50608302055008192,0.47848896647090761,VERIFIED_DOCUMENTED_VINTAGES_PARTIAL_RELEASE_HISTORY,2024Q3
PRODUCTION_ENSEMBLE,conservative,PERMISSIVE_END_OF_DAY,FIRST_RELEASE,POOLED_RESEARCH_ONLY,ALL,LEAVE_ONE_QUARTER_OUT,27,9,0.60931332585104059,0.4778482713629848,0.45334062646643636,VERIFIED_DOCUMENTED_VINTAGES_PARTIAL_RELEASE_HISTORY,2024Q3
PRODUCTION_ENSEMBLE,conservative,PERMISSIVE_END_OF_DAY,FIRST_RELEASE,POOLED_RESEARCH_ONLY,H2_H3,LEAVE_ONE_QUARTER_OUT,18,9,0.63864986766626708,0.50644853181049976,0.46968706446567704,VERIFIED_DOCUMENTED_VINTAGES_PARTIAL_RELEASE_HISTORY,2024Q3
PRODUCTION_ENSEMBLE,conservative,PERMISSIVE_END_OF_DAY,LATEST_REVISED,DEVELOPMENT_PSEUDO_OOS,H1,LEAVE_ONE_QUARTER_OUT,5,5,0.55220692658806314,0.53500940716235346,0.53500940716235346,VERIFIED_DOCUMENTED_VINTAGES_PARTIAL_RELEASE_HISTORY,2024Q3
PRODUCTION_ENSEMBLE,conservative,PERMISSIVE_END_OF_DAY,LATEST_REVISED,DEVELOPMENT_PSEUDO_OOS,H2,LEAVE_ONE_QUARTER_OUT,5,5,0.55685301733314918,0.54352387345941255,0.54352387345941255,VERIFIED_DOCUMENTED_VINTAGES_PARTIAL_RELEASE_HISTORY,2024Q3
PRODUCTION_ENSEMBLE,conservative,PERMISSIVE_END_OF_DAY,LATEST_REVISED,DEVELOPMENT_PSEUDO_OOS,H3,LEAVE_ONE_QUARTER_OUT,5,5,0.59318212199858078,0.5819120204564584,0.5819120204564584,VERIFIED_DOCUMENTED_VINTAGES_PARTIAL_RELEASE_HISTORY,2024Q3
PRODUCTION_ENSEMBLE,conservative,PERMISSIVE_END_OF_DAY,LATEST_REVISED,DEVELOPMENT_PSEUDO_OOS,ALL,LEAVE_ONE_QUARTER_OUT,15,5,0.56770966832927494,0.55348176702607477,0.55348176702607477,VERIFIED_DOCUMENTED_VINTAGES_PARTIAL_RELEASE_HISTORY,2024Q3
PRODUCTION_ENSEMBLE,conservative,PERMISSIVE_END_OF_DAY,LATEST_REVISED,DEVELOPMENT_PSEUDO_OOS,H2_H3,LEAVE_ONE_QUARTER_OUT,10,5,0.57530440323874266,0.56271794695793553,0.56271794695793553,VERIFIED_DOCUMENTED_VINTAGES_PARTIAL_RELEASE_HISTORY,2024Q3
PRODUCTION_ENSEMBLE,conservative,PERMISSIVE_END_OF_DAY,LATEST_REVISED,POOLED_RESEARCH_ONLY,H1,LEAVE_ONE_QUARTER_OUT,9,9,0.5881227801466572,0.48731441713462192,0.48731441713462192,VERIFIED_DOCUMENTED_VINTAGES_PARTIAL_RELEASE_HISTORY,2024Q3
PRODUCTION_ENSEMBLE,conservative,PERMISSIVE_END_OF_DAY,LATEST_REVISED,POOLED_RESEARCH_ONLY,H2,LEAVE_ONE_QUARTER_OUT,9,9,0.6671959896353904,0.57348070973758403,0.52755182912711363,VERIFIED_DOCUMENTED_VINTAGES_PARTIAL_RELEASE_HISTORY,2024Q3
PRODUCTION_ENSEMBLE,conservative,PERMISSIVE_END_OF_DAY,LATEST_REVISED,POOLED_RESEARCH_ONLY,H3,LEAVE_ONE_QUARTER_OUT,9,9,0.69425003404797658,0.57274968721674835,0.54515563313757465,VERIFIED_DOCUMENTED_VINTAGES_PARTIAL_RELEASE_HISTORY,2024Q3
PRODUCTION_ENSEMBLE,conservative,PERMISSIVE_END_OF_DAY,LATEST_REVISED,POOLED_RESEARCH_ONLY,ALL,LEAVE_ONE_QUARTER_OUT,27,9,0.65141435939771286,0.54451493802965145,0.52000729313310345,VERIFIED_DOCUMENTED_VINTAGES_PARTIAL_RELEASE_HISTORY,2024Q3
PRODUCTION_ENSEMBLE,conservative,PERMISSIVE_END_OF_DAY,LATEST_REVISED,POOLED_RESEARCH_ONLY,H2_H3,LEAVE_ONE_QUARTER_OUT,18,9,0.68085740003365047,0.57311519847716619,0.53635373113234408,VERIFIED_DOCUMENTED_VINTAGES_PARTIAL_RELEASE_HISTORY,2024Q3
PRODUCTION_ENSEMBLE,conservative,STRICT,FIRST_RELEASE,DEVELOPMENT_PSEUDO_OOS,H1,LEAVE_ONE_QUARTER_OUT,5,5,0.46776804727567078,0.41500940716235296,0.41500940716235296,VERIFIED_DOCUMENTED_VINTAGES_PARTIAL_RELEASE_HISTORY,2024Q3
PRODUCTION_ENSEMBLE,conservative,STRICT,FIRST_RELEASE,DEVELOPMENT_PSEUDO_OOS,H2,LEAVE_ONE_QUARTER_OUT,5,5,0.46168080436351022,0.42352387345941211,0.42352387345941211,VERIFIED_DOCUMENTED_VINTAGES_PARTIAL_RELEASE_HISTORY,2024Q3
PRODUCTION_ENSEMBLE,conservative,STRICT,FIRST_RELEASE,DEVELOPMENT_PSEUDO_OOS,H3,LEAVE_ONE_QUARTER_OUT,5,5,0.49830294309430367,0.46191202045645791,0.46191202045645791,VERIFIED_DOCUMENTED_VINTAGES_PARTIAL_RELEASE_HISTORY,2024Q3
PRODUCTION_ENSEMBLE,conservative,STRICT,FIRST_RELEASE,DEVELOPMENT_PSEUDO_OOS,ALL,LEAVE_ONE_QUARTER_OUT,15,5,0.4761869150751194,0.43348176702607433,0.43348176702607433,VERIFIED_DOCUMENTED_VINTAGES_PARTIAL_RELEASE_HISTORY,2024Q3
PRODUCTION_ENSEMBLE,conservative,STRICT,FIRST_RELEASE,DEVELOPMENT_PSEUDO_OOS,H2_H3,LEAVE_ONE_QUARTER_OUT,10,5,0.48034101855566252,0.44271794695793504,0.44271794695793504,VERIFIED_DOCUMENTED_VINTAGES_PARTIAL_RELEASE_HISTORY,2024Q3
PRODUCTION_ENSEMBLE,conservative,STRICT,FIRST_RELEASE,POOLED_RESEARCH_ONLY,H1,LEAVE_ONE_QUARTER_OUT,9,9,0.54593120467572454,0.42064775046795488,0.42064775046795488,VERIFIED_DOCUMENTED_VINTAGES_PARTIAL_RELEASE_HISTORY,2024Q3
PRODUCTION_ENSEMBLE,conservative,STRICT,FIRST_RELEASE,POOLED_RESEARCH_ONLY,H2,LEAVE_ONE_QUARTER_OUT,9,9,0.62553744077423856,0.5068140430709176,0.46088516246044658,VERIFIED_DOCUMENTED_VINTAGES_PARTIAL_RELEASE_HISTORY,2024Q3
PRODUCTION_ENSEMBLE,conservative,STRICT,FIRST_RELEASE,POOLED_RESEARCH_ONLY,H3,LEAVE_ONE_QUARTER_OUT,9,9,0.65149843985223566,0.50608302055008192,0.47848896647090761,VERIFIED_DOCUMENTED_VINTAGES_PARTIAL_RELEASE_HISTORY,2024Q3
PRODUCTION_ENSEMBLE,conservative,STRICT,FIRST_RELEASE,POOLED_RESEARCH_ONLY,ALL,LEAVE_ONE_QUARTER_OUT,27,9,0.60931332585104059,0.4778482713629848,0.45334062646643636,VERIFIED_DOCUMENTED_VINTAGES_PARTIAL_RELEASE_HISTORY,2024Q3
PRODUCTION_ENSEMBLE,conservative,STRICT,FIRST_RELEASE,POOLED_RESEARCH_ONLY,H2_H3,LEAVE_ONE_QUARTER_OUT,18,9,0.63864986766626708,0.50644853181049976,0.46968706446567704,VERIFIED_DOCUMENTED_VINTAGES_PARTIAL_RELEASE_HISTORY,2024Q3
PRODUCTION_ENSEMBLE,conservative,STRICT,LATEST_REVISED,DEVELOPMENT_PSEUDO_OOS,H1,LEAVE_ONE_QUARTER_OUT,5,5,0.55220692658806314,0.53500940716235346,0.53500940716235346,VERIFIED_DOCUMENTED_VINTAGES_PARTIAL_RELEASE_HISTORY,2024Q3
PRODUCTION_ENSEMBLE,conservative,STRICT,LATEST_REVISED,DEVELOPMENT_PSEUDO_OOS,H2,LEAVE_ONE_QUARTER_OUT,5,5,0.55685301733314918,0.54352387345941255,0.54352387345941255,VERIFIED_DOCUMENTED_VINTAGES_PARTIAL_RELEASE_HISTORY,2024Q3
PRODUCTION_ENSEMBLE,conservative,STRICT,LATEST_REVISED,DEVELOPMENT_PSEUDO_OOS,H3,LEAVE_ONE_QUARTER_OUT,5,5,0.59318212199858078,0.5819120204564584,0.5819120204564584,VERIFIED_DOCUMENTED_VINTAGES_PARTIAL_RELEASE_HISTORY,2024Q3
PRODUCTION_ENSEMBLE,conservative,STRICT,LATEST_REVISED,DEVELOPMENT_PSEUDO_OOS,ALL,LEAVE_ONE_QUARTER_OUT,15,5,0.56770966832927494,0.55348176702607477,0.55348176702607477,VERIFIED_DOCUMENTED_VINTAGES_PARTIAL_RELEASE_HISTORY,2024Q3
PRODUCTION_ENSEMBLE,conservative,STRICT,LATEST_REVISED,DEVELOPMENT_PSEUDO_OOS,H2_H3,LEAVE_ONE_QUARTER_OUT,10,5,0.57530440323874266,0.56271794695793553,0.56271794695793553,VERIFIED_DOCUMENTED_VINTAGES_PARTIAL_RELEASE_HISTORY,2024Q3
PRODUCTION_ENSEMBLE,conservative,STRICT,LATEST_REVISED,POOLED_RESEARCH_ONLY,H1,LEAVE_ONE_QUARTER_OUT,9,9,0.5881227801466572,0.48731441713462192,0.48731441713462192,VERIFIED_DOCUMENTED_VINTAGES_PARTIAL_RELEASE_HISTORY,2024Q3
PRODUCTION_ENSEMBLE,conservative,STRICT,LATEST_REVISED,POOLED_RESEARCH_ONLY,H2,LEAVE_ONE_QUARTER_OUT,9,9,0.6671959896353904,0.57348070973758403,0.52755182912711363,VERIFIED_DOCUMENTED_VINTAGES_PARTIAL_RELEASE_HISTORY,2024Q3
PRODUCTION_ENSEMBLE,conservative,STRICT,LATEST_REVISED,POOLED_RESEARCH_ONLY,H3,LEAVE_ONE_QUARTER_OUT,9,9,0.69425003404797658,0.57274968721674835,0.54515563313757465,VERIFIED_DOCUMENTED_VINTAGES_PARTIAL_RELEASE_HISTORY,2024Q3
PRODUCTION_ENSEMBLE,conservative,STRICT,LATEST_REVISED,POOLED_RESEARCH_ONLY,ALL,LEAVE_ONE_QUARTER_OUT,27,9,0.65141435939771286,0.54451493802965145,0.52000729313310345,VERIFIED_DOCUMENTED_VINTAGES_PARTIAL_RELEASE_HISTORY,2024Q3
PRODUCTION_ENSEMBLE,conservative,STRICT,LATEST_REVISED,POOLED_RESEARCH_ONLY,H2_H3,LEAVE_ONE_QUARTER_OUT,18,9,0.68085740003365047,0.57311519847716619,0.53635373113234408,VERIFIED_DOCUMENTED_VINTAGES_PARTIAL_RELEASE_HISTORY,2024Q3
PRODUCTION_ENSEMBLE,standard,PERMISSIVE_END_OF_DAY,FIRST_RELEASE,DEVELOPMENT_PSEUDO_OOS,H1,LEAVE_ONE_QUARTER_OUT,5,5,0.46168080436351022,0.42352387345941211,0.42352387345941211,VERIFIED_DOCUMENTED_VINTAGES_PARTIAL_RELEASE_HISTORY,2024Q3
PRODUCTION_ENSEMBLE,standard,PERMISSIVE_END_OF_DAY,FIRST_RELEASE,DEVELOPMENT_PSEUDO_OOS,H2,LEAVE_ONE_QUARTER_OUT,5,5,0.49830294309430367,0.46191202045645791,0.46191202045645791,VERIFIED_DOCUMENTED_VINTAGES_PARTIAL_RELEASE_HISTORY,2024Q3
PRODUCTION_ENSEMBLE,standard,PERMISSIVE_END_OF_DAY,FIRST_RELEASE,DEVELOPMENT_PSEUDO_OOS,H3,LEAVE_ONE_QUARTER_OUT,5,5,0.35249593840825222,0.33425694161646791,0.19647123991213994,VERIFIED_DOCUMENTED_VINTAGES_PARTIAL_RELEASE_HISTORY,2024Q3
PRODUCTION_ENSEMBLE,standard,PERMISSIVE_END_OF_DAY,FIRST_RELEASE,DEVELOPMENT_PSEUDO_OOS,ALL,LEAVE_ONE_QUARTER_OUT,15,5,0.44185532127175486,0.40656427851077931,0.36063571127600336,VERIFIED_DOCUMENTED_VINTAGES_PARTIAL_RELEASE_HISTORY,2024Q3
PRODUCTION_ENSEMBLE,standard,PERMISSIVE_END_OF_DAY,FIRST_RELEASE,DEVELOPMENT_PSEUDO_OOS,H2_H3,LEAVE_ONE_QUARTER_OUT,10,5,0.43160121043085548,0.39808448103646288,0.32919163018429892,VERIFIED_DOCUMENTED_VINTAGES_PARTIAL_RELEASE_HISTORY,2024Q3
PRODUCTION_ENSEMBLE,standard,PERMISSIVE_END_OF_DAY,FIRST_RELEASE,POOLED_RESEARCH_ONLY,H1,LEAVE_ONE_QUARTER_OUT,9,9,0.62553744077423856,0.5068140430709176,0.46088516246044658,VERIFIED_DOCUMENTED_VINTAGES_PARTIAL_RELEASE_HISTORY,2024Q3
PRODUCTION_ENSEMBLE,standard,PERMISSIVE_END_OF_DAY,FIRST_RELEASE,POOLED_RESEARCH_ONLY,H2,LEAVE_ONE_QUARTER_OUT,9,9,0.65149843985223566,0.50608302055008192,0.47848896647090761,VERIFIED_DOCUMENTED_VINTAGES_PARTIAL_RELEASE_HISTORY,2024Q3
PRODUCTION_ENSEMBLE,standard,PERMISSIVE_END_OF_DAY,FIRST_RELEASE,POOLED_RESEARCH_ONLY,H3,LEAVE_ONE_QUARTER_OUT,9,9,0.40505603716508437,0.31914670283405017,0.24259909077609018,VERIFIED_DOCUMENTED_VINTAGES_PARTIAL_RELEASE_HISTORY,2024Q3
PRODUCTION_ENSEMBLE,standard,PERMISSIVE_END_OF_DAY,FIRST_RELEASE,POOLED_RESEARCH_ONLY,ALL,LEAVE_ONE_QUARTER_OUT,27,9,0.57149444447114939,0.44401458881834988,0.39399107323581478,VERIFIED_DOCUMENTED_VINTAGES_PARTIAL_RELEASE_HISTORY,2024Q3
PRODUCTION_ENSEMBLE,standard,PERMISSIVE_END_OF_DAY,FIRST_RELEASE,POOLED_RESEARCH_ONLY,H2_H3,LEAVE_ONE_QUARTER_OUT,18,9,0.54245765289733872,0.41261486169206602,0.36054402862349888,VERIFIED_DOCUMENTED_VINTAGES_PARTIAL_RELEASE_HISTORY,2024Q3
PRODUCTION_ENSEMBLE,standard,PERMISSIVE_END_OF_DAY,LATEST_REVISED,DEVELOPMENT_PSEUDO_OOS,H1,LEAVE_ONE_QUARTER_OUT,5,5,0.55685301733314918,0.54352387345941255,0.54352387345941255,VERIFIED_DOCUMENTED_VINTAGES_PARTIAL_RELEASE_HISTORY,2024Q3
PRODUCTION_ENSEMBLE,standard,PERMISSIVE_END_OF_DAY,LATEST_REVISED,DEVELOPMENT_PSEUDO_OOS,H2,LEAVE_ONE_QUARTER_OUT,5,5,0.59318212199858078,0.5819120204564584,0.5819120204564584,VERIFIED_DOCUMENTED_VINTAGES_PARTIAL_RELEASE_HISTORY,2024Q3
PRODUCTION_ENSEMBLE,standard,PERMISSIVE_END_OF_DAY,LATEST_REVISED,DEVELOPMENT_PSEUDO_OOS,H3,LEAVE_ONE_QUARTER_OUT,5,5,0.45994765245340619,0.45425694161646729,0.31647123991214043,VERIFIED_DOCUMENTED_VINTAGES_PARTIAL_RELEASE_HISTORY,2024Q3
PRODUCTION_ENSEMBLE,standard,PERMISSIVE_END_OF_DAY,LATEST_REVISED,DEVELOPMENT_PSEUDO_OOS,ALL,LEAVE_ONE_QUARTER_OUT,15,5,0.53959928211256014,0.52656427851077947,0.4806357112760038,VERIFIED_DOCUMENTED_VINTAGES_PARTIAL_RELEASE_HISTORY,2024Q3
PRODUCTION_ENSEMBLE,standard,PERMISSIVE_END_OF_DAY,LATEST_REVISED,DEVELOPMENT_PSEUDO_OOS,H2_H3,LEAVE_ONE_QUARTER_OUT,10,5,0.53076212791425614,0.51808448103646287,0.44919163018429942,VERIFIED_DOCUMENTED_VINTAGES_PARTIAL_RELEASE_HISTORY,2024Q3
PRODUCTION_ENSEMBLE,standard,PERMISSIVE_END_OF_DAY,LATEST_REVISED,POOLED_RESEARCH_ONLY,H1,LEAVE_ONE_QUARTER_OUT,9,9,0.6671959896353904,0.57348070973758403,0.52755182912711363,VERIFIED_DOCUMENTED_VINTAGES_PARTIAL_RELEASE_HISTORY,2024Q3
PRODUCTION_ENSEMBLE,standard,PERMISSIVE_END_OF_DAY,LATEST_REVISED,POOLED_RESEARCH_ONLY,H2,LEAVE_ONE_QUARTER_OUT,9,9,0.69425003404797658,0.57274968721674835,0.54515563313757465,VERIFIED_DOCUMENTED_VINTAGES_PARTIAL_RELEASE_HISTORY,2024Q3
PRODUCTION_ENSEMBLE,standard,PERMISSIVE_END_OF_DAY,LATEST_REVISED,POOLED_RESEARCH_ONLY,H3,LEAVE_ONE_QUARTER_OUT,9,9,0.46105263874100222,0.3858133695007166,0.30926575744275719,VERIFIED_DOCUMENTED_VINTAGES_PARTIAL_RELEASE_HISTORY,2024Q3
PRODUCTION_ENSEMBLE,standard,PERMISSIVE_END_OF_DAY,LATEST_REVISED,POOLED_RESEARCH_ONLY,ALL,LEAVE_ONE_QUARTER_OUT,27,9,0.6163611317107327,0.51068125548501631,0.46065773990248182,VERIFIED_DOCUMENTED_VINTAGES_PARTIAL_RELEASE_HISTORY,2024Q3
PRODUCTION_ENSEMBLE,standard,PERMISSIVE_END_OF_DAY,LATEST_REVISED,POOLED_RESEARCH_ONLY,H2_H3,LEAVE_ONE_QUARTER_OUT,18,9,0.58930155500628778,0.47928152835873244,0.42721069529016592,VERIFIED_DOCUMENTED_VINTAGES_PARTIAL_RELEASE_HISTORY,2024Q3
PRODUCTION_ENSEMBLE,standard,STRICT,FIRST_RELEASE,DEVELOPMENT_PSEUDO_OOS,H1,LEAVE_ONE_QUARTER_OUT,5,5,0.46168080436351022,0.42352387345941211,0.42352387345941211,VERIFIED_DOCUMENTED_VINTAGES_PARTIAL_RELEASE_HISTORY,2024Q3
PRODUCTION_ENSEMBLE,standard,STRICT,FIRST_RELEASE,DEVELOPMENT_PSEUDO_OOS,H2,LEAVE_ONE_QUARTER_OUT,5,5,0.49830294309430367,0.46191202045645791,0.46191202045645791,VERIFIED_DOCUMENTED_VINTAGES_PARTIAL_RELEASE_HISTORY,2024Q3
PRODUCTION_ENSEMBLE,standard,STRICT,FIRST_RELEASE,DEVELOPMENT_PSEUDO_OOS,H3,LEAVE_ONE_QUARTER_OUT,5,5,0.35249593840825222,0.33425694161646791,0.19647123991213994,VERIFIED_DOCUMENTED_VINTAGES_PARTIAL_RELEASE_HISTORY,2024Q3
PRODUCTION_ENSEMBLE,standard,STRICT,FIRST_RELEASE,DEVELOPMENT_PSEUDO_OOS,ALL,LEAVE_ONE_QUARTER_OUT,15,5,0.44185532127175486,0.40656427851077931,0.36063571127600336,VERIFIED_DOCUMENTED_VINTAGES_PARTIAL_RELEASE_HISTORY,2024Q3
PRODUCTION_ENSEMBLE,standard,STRICT,FIRST_RELEASE,DEVELOPMENT_PSEUDO_OOS,H2_H3,LEAVE_ONE_QUARTER_OUT,10,5,0.43160121043085548,0.39808448103646288,0.32919163018429892,VERIFIED_DOCUMENTED_VINTAGES_PARTIAL_RELEASE_HISTORY,2024Q3
PRODUCTION_ENSEMBLE,standard,STRICT,FIRST_RELEASE,POOLED_RESEARCH_ONLY,H1,LEAVE_ONE_QUARTER_OUT,9,9,0.62553744077423856,0.5068140430709176,0.46088516246044658,VERIFIED_DOCUMENTED_VINTAGES_PARTIAL_RELEASE_HISTORY,2024Q3
PRODUCTION_ENSEMBLE,standard,STRICT,FIRST_RELEASE,POOLED_RESEARCH_ONLY,H2,LEAVE_ONE_QUARTER_OUT,9,9,0.65149843985223566,0.50608302055008192,0.47848896647090761,VERIFIED_DOCUMENTED_VINTAGES_PARTIAL_RELEASE_HISTORY,2024Q3
PRODUCTION_ENSEMBLE,standard,STRICT,FIRST_RELEASE,POOLED_RESEARCH_ONLY,H3,LEAVE_ONE_QUARTER_OUT,9,9,0.40505603716508437,0.31914670283405017,0.24259909077609018,VERIFIED_DOCUMENTED_VINTAGES_PARTIAL_RELEASE_HISTORY,2024Q3
PRODUCTION_ENSEMBLE,standard,STRICT,FIRST_RELEASE,POOLED_RESEARCH_ONLY,ALL,LEAVE_ONE_QUARTER_OUT,27,9,0.57149444447114939,0.44401458881834988,0.39399107323581478,VERIFIED_DOCUMENTED_VINTAGES_PARTIAL_RELEASE_HISTORY,2024Q3
PRODUCTION_ENSEMBLE,standard,STRICT,FIRST_RELEASE,POOLED_RESEARCH_ONLY,H2_H3,LEAVE_ONE_QUARTER_OUT,18,9,0.54245765289733872,0.41261486169206602,0.36054402862349888,VERIFIED_DOCUMENTED_VINTAGES_PARTIAL_RELEASE_HISTORY,2024Q3
PRODUCTION_ENSEMBLE,standard,STRICT,LATEST_REVISED,DEVELOPMENT_PSEUDO_OOS,H1,LEAVE_ONE_QUARTER_OUT,5,5,0.55685301733314918,0.54352387345941255,0.54352387345941255,VERIFIED_DOCUMENTED_VINTAGES_PARTIAL_RELEASE_HISTORY,2024Q3
PRODUCTION_ENSEMBLE,standard,STRICT,LATEST_REVISED,DEVELOPMENT_PSEUDO_OOS,H2,LEAVE_ONE_QUARTER_OUT,5,5,0.59318212199858078,0.5819120204564584,0.5819120204564584,VERIFIED_DOCUMENTED_VINTAGES_PARTIAL_RELEASE_HISTORY,2024Q3
PRODUCTION_ENSEMBLE,standard,STRICT,LATEST_REVISED,DEVELOPMENT_PSEUDO_OOS,H3,LEAVE_ONE_QUARTER_OUT,5,5,0.45994765245340619,0.45425694161646729,0.31647123991214043,VERIFIED_DOCUMENTED_VINTAGES_PARTIAL_RELEASE_HISTORY,2024Q3
PRODUCTION_ENSEMBLE,standard,STRICT,LATEST_REVISED,DEVELOPMENT_PSEUDO_OOS,ALL,LEAVE_ONE_QUARTER_OUT,15,5,0.53959928211256014,0.52656427851077947,0.4806357112760038,VERIFIED_DOCUMENTED_VINTAGES_PARTIAL_RELEASE_HISTORY,2024Q3
PRODUCTION_ENSEMBLE,standard,STRICT,LATEST_REVISED,DEVELOPMENT_PSEUDO_OOS,H2_H3,LEAVE_ONE_QUARTER_OUT,10,5,0.53076212791425614,0.51808448103646287,0.44919163018429942,VERIFIED_DOCUMENTED_VINTAGES_PARTIAL_RELEASE_HISTORY,2024Q3
PRODUCTION_ENSEMBLE,standard,STRICT,LATEST_REVISED,POOLED_RESEARCH_ONLY,H1,LEAVE_ONE_QUARTER_OUT,9,9,0.6671959896353904,0.57348070973758403,0.52755182912711363,VERIFIED_DOCUMENTED_VINTAGES_PARTIAL_RELEASE_HISTORY,2024Q3
PRODUCTION_ENSEMBLE,standard,STRICT,LATEST_REVISED,POOLED_RESEARCH_ONLY,H2,LEAVE_ONE_QUARTER_OUT,9,9,0.69425003404797658,0.57274968721674835,0.54515563313757465,VERIFIED_DOCUMENTED_VINTAGES_PARTIAL_RELEASE_HISTORY,2024Q3
PRODUCTION_ENSEMBLE,standard,STRICT,LATEST_REVISED,POOLED_RESEARCH_ONLY,H3,LEAVE_ONE_QUARTER_OUT,9,9,0.46105263874100222,0.3858133695007166,0.30926575744275719,VERIFIED_DOCUMENTED_VINTAGES_PARTIAL_RELEASE_HISTORY,2024Q3
PRODUCTION_ENSEMBLE,standard,STRICT,LATEST_REVISED,POOLED_RESEARCH_ONLY,ALL,LEAVE_ONE_QUARTER_OUT,27,9,0.6163611317107327,0.51068125548501631,0.46065773990248182,VERIFIED_DOCUMENTED_VINTAGES_PARTIAL_RELEASE_HISTORY,2024Q3
PRODUCTION_ENSEMBLE,standard,STRICT,LATEST_REVISED,POOLED_RESEARCH_ONLY,H2_H3,LEAVE_ONE_QUARTER_OUT,18,9,0.58930155500628778,0.47928152835873244,0.42721069529016592,VERIFIED_DOCUMENTED_VINTAGES_PARTIAL_RELEASE_HISTORY,2024Q3
UMIDAS_USD,conservative,PERMISSIVE_END_OF_DAY,FIRST_RELEASE,DEVELOPMENT_PSEUDO_OOS,H1,LEAVE_ONE_QUARTER_OUT,5,5,0.41879471111153876,0.37312138262176564,0.3453212379666839,VERIFIED_DOCUMENTED_VINTAGES_PARTIAL_RELEASE_HISTORY,2024Q3
UMIDAS_USD,conservative,PERMISSIVE_END_OF_DAY,FIRST_RELEASE,DEVELOPMENT_PSEUDO_OOS,H2,LEAVE_ONE_QUARTER_OUT,5,5,0.41038986930404442,0.36235017056080282,0.36235017056080282,VERIFIED_DOCUMENTED_VINTAGES_PARTIAL_RELEASE_HISTORY,2024Q3
UMIDAS_USD,conservative,PERMISSIVE_END_OF_DAY,FIRST_RELEASE,DEVELOPMENT_PSEUDO_OOS,H3,LEAVE_ONE_QUARTER_OUT,5,5,0.47699938212515347,0.43912646455489435,0.43912646455489435,VERIFIED_DOCUMENTED_VINTAGES_PARTIAL_RELEASE_HISTORY,2024Q3
UMIDAS_USD,conservative,PERMISSIVE_END_OF_DAY,FIRST_RELEASE,DEVELOPMENT_PSEUDO_OOS,ALL,LEAVE_ONE_QUARTER_OUT,15,5,0.43640091102492973,0.39153267257915425,0.38226595769412702,VERIFIED_DOCUMENTED_VINTAGES_PARTIAL_RELEASE_HISTORY,2024Q3
UMIDAS_USD,conservative,PERMISSIVE_END_OF_DAY,FIRST_RELEASE,DEVELOPMENT_PSEUDO_OOS,H2_H3,LEAVE_ONE_QUARTER_OUT,10,5,0.44494283642686555,0.40073831755784861,0.40073831755784861,VERIFIED_DOCUMENTED_VINTAGES_PARTIAL_RELEASE_HISTORY,2024Q3
UMIDAS_USD,conservative,PERMISSIVE_END_OF_DAY,FIRST_RELEASE,POOLED_RESEARCH_ONLY,H1,LEAVE_ONE_QUARTER_OUT,9,9,0.41059726902043048,0.33135319394548457,0.23779385143455015,VERIFIED_DOCUMENTED_VINTAGES_PARTIAL_RELEASE_HISTORY,2024Q3
UMIDAS_USD,conservative,PERMISSIVE_END_OF_DAY,FIRST_RELEASE,POOLED_RESEARCH_ONLY,H2,LEAVE_ONE_QUARTER_OUT,9,9,0.62237765092404818,0.53164572553383982,0.31826867541953363,VERIFIED_DOCUMENTED_VINTAGES_PARTIAL_RELEASE_HISTORY,2024Q3
UMIDAS_USD,conservative,PERMISSIVE_END_OF_DAY,FIRST_RELEASE,POOLED_RESEARCH_ONLY,H3,LEAVE_ONE_QUARTER_OUT,9,9,0.64255666086361829,0.53018368049216857,0.35347628344045579,VERIFIED_DOCUMENTED_VINTAGES_PARTIAL_RELEASE_HISTORY,2024Q3
UMIDAS_USD,conservative,PERMISSIVE_END_OF_DAY,FIRST_RELEASE,POOLED_RESEARCH_ONLY,ALL,LEAVE_ONE_QUARTER_OUT,27,9,0.56827901601149389,0.46439419999049769,0.30317960343151318,VERIFIED_DOCUMENTED_VINTAGES_PARTIAL_RELEASE_HISTORY,2024Q3
UMIDAS_USD,conservative,PERMISSIVE_END_OF_DAY,FIRST_RELEASE,POOLED_RESEARCH_ONLY,H2_H3,LEAVE_ONE_QUARTER_OUT,18,9,0.63254762776803586,0.53091470301300425,0.33587247942999471,VERIFIED_DOCUMENTED_VINTAGES_PARTIAL_RELEASE_HISTORY,2024Q3
UMIDAS_USD,conservative,PERMISSIVE_END_OF_DAY,LATEST_REVISED,DEVELOPMENT_PSEUDO_OOS,H1,LEAVE_ONE_QUARTER_OUT,5,5,0.49584357842655308,0.46532123796668434,0.46532123796668434,VERIFIED_DOCUMENTED_VINTAGES_PARTIAL_RELEASE_HISTORY,2024Q3
UMIDAS_USD,conservative,PERMISSIVE_END_OF_DAY,LATEST_REVISED,DEVELOPMENT_PSEUDO_OOS,H2,LEAVE_ONE_QUARTER_OUT,5,5,0.51040458186653437,0.48235017056080326,0.48235017056080326,VERIFIED_DOCUMENTED_VINTAGES_PARTIAL_RELEASE_HISTORY,2024Q3
UMIDAS_USD,conservative,PERMISSIVE_END_OF_DAY,LATEST_REVISED,DEVELOPMENT_PSEUDO_OOS,H3,LEAVE_ONE_QUARTER_OUT,5,5,0.576946774706938,0.55912646455489479,0.55912646455489479,VERIFIED_DOCUMENTED_VINTAGES_PARTIAL_RELEASE_HISTORY,2024Q3
UMIDAS_USD,conservative,PERMISSIVE_END_OF_DAY,LATEST_REVISED,DEVELOPMENT_PSEUDO_OOS,ALL,LEAVE_ONE_QUARTER_OUT,15,5,0.52891123146262753,0.50226595769412752,0.50226595769412752,VERIFIED_DOCUMENTED_VINTAGES_PARTIAL_RELEASE_HISTORY,2024Q3
UMIDAS_USD,conservative,PERMISSIVE_END_OF_DAY,LATEST_REVISED,DEVELOPMENT_PSEUDO_OOS,H2_H3,LEAVE_ONE_QUARTER_OUT,10,5,0.54469276571067571,0.52073831755784905,0.52073831755784905,VERIFIED_DOCUMENTED_VINTAGES_PARTIAL_RELEASE_HISTORY,2024Q3
UMIDAS_USD,conservative,PERMISSIVE_END_OF_DAY,LATEST_REVISED,POOLED_RESEARCH_ONLY,H1,LEAVE_ONE_QUARTER_OUT,9,9,0.45578628971172069,0.38257533580377345,0.30446051810121716,VERIFIED_DOCUMENTED_VINTAGES_PARTIAL_RELEASE_HISTORY,2024Q3
UMIDAS_USD,conservative,PERMISSIVE_END_OF_DAY,LATEST_REVISED,POOLED_RESEARCH_ONLY,H2,LEAVE_ONE_QUARTER_OUT,9,9,0.66220594523510179,0.59831239220050625,0.38493534208620062,VERIFIED_DOCUMENTED_VINTAGES_PARTIAL_RELEASE_HISTORY,2024Q3
UMIDAS_USD,conservative,PERMISSIVE_END_OF_DAY,LATEST_REVISED,POOLED_RESEARCH_ONLY,H3,LEAVE_ONE_QUARTER_OUT,9,9,0.68658635560014747,0.596850347158835,0.42014295010712277,VERIFIED_DOCUMENTED_VINTAGES_PARTIAL_RELEASE_HISTORY,2024Q3
UMIDAS_USD,conservative,PERMISSIVE_END_OF_DAY,LATEST_REVISED,POOLED_RESEARCH_ONLY,ALL,LEAVE_ONE_QUARTER_OUT,27,9,0.61037111101639996,0.52591269172103827,0.36984627009818022,VERIFIED_DOCUMENTED_VINTAGES_PARTIAL_RELEASE_HISTORY,2024Q3
UMIDAS_USD,conservative,PERMISSIVE_END_OF_DAY,LATEST_REVISED,POOLED_RESEARCH_ONLY,H2_H3,LEAVE_ONE_QUARTER_OUT,18,9,0.6745063148707382,0.59758136967967068,0.40253914609666169,VERIFIED_DOCUMENTED_VINTAGES_PARTIAL_RELEASE_HISTORY,2024Q3
UMIDAS_USD,conservative,STRICT,FIRST_RELEASE,DEVELOPMENT_PSEUDO_OOS,H1,LEAVE_ONE_QUARTER_OUT,5,5,0.41879471111153876,0.37312138262176564,0.3453212379666839,VERIFIED_DOCUMENTED_VINTAGES_PARTIAL_RELEASE_HISTORY,2024Q3
UMIDAS_USD,conservative,STRICT,FIRST_RELEASE,DEVELOPMENT_PSEUDO_OOS,H2,LEAVE_ONE_QUARTER_OUT,5,5,0.41038986930404442,0.36235017056080282,0.36235017056080282,VERIFIED_DOCUMENTED_VINTAGES_PARTIAL_RELEASE_HISTORY,2024Q3
UMIDAS_USD,conservative,STRICT,FIRST_RELEASE,DEVELOPMENT_PSEUDO_OOS,H3,LEAVE_ONE_QUARTER_OUT,5,5,0.47699938212515347,0.43912646455489435,0.43912646455489435,VERIFIED_DOCUMENTED_VINTAGES_PARTIAL_RELEASE_HISTORY,2024Q3
UMIDAS_USD,conservative,STRICT,FIRST_RELEASE,DEVELOPMENT_PSEUDO_OOS,ALL,LEAVE_ONE_QUARTER_OUT,15,5,0.43640091102492973,0.39153267257915425,0.38226595769412702,VERIFIED_DOCUMENTED_VINTAGES_PARTIAL_RELEASE_HISTORY,2024Q3
UMIDAS_USD,conservative,STRICT,FIRST_RELEASE,DEVELOPMENT_PSEUDO_OOS,H2_H3,LEAVE_ONE_QUARTER_OUT,10,5,0.44494283642686555,0.40073831755784861,0.40073831755784861,VERIFIED_DOCUMENTED_VINTAGES_PARTIAL_RELEASE_HISTORY,2024Q3
UMIDAS_USD,conservative,STRICT,FIRST_RELEASE,POOLED_RESEARCH_ONLY,H1,LEAVE_ONE_QUARTER_OUT,9,9,0.41059726902043048,0.33135319394548457,0.23779385143455015,VERIFIED_DOCUMENTED_VINTAGES_PARTIAL_RELEASE_HISTORY,2024Q3
UMIDAS_USD,conservative,STRICT,FIRST_RELEASE,POOLED_RESEARCH_ONLY,H2,LEAVE_ONE_QUARTER_OUT,9,9,0.62237765092404818,0.53164572553383982,0.31826867541953363,VERIFIED_DOCUMENTED_VINTAGES_PARTIAL_RELEASE_HISTORY,2024Q3
UMIDAS_USD,conservative,STRICT,FIRST_RELEASE,POOLED_RESEARCH_ONLY,H3,LEAVE_ONE_QUARTER_OUT,9,9,0.64255666086361829,0.53018368049216857,0.35347628344045579,VERIFIED_DOCUMENTED_VINTAGES_PARTIAL_RELEASE_HISTORY,2024Q3
UMIDAS_USD,conservative,STRICT,FIRST_RELEASE,POOLED_RESEARCH_ONLY,ALL,LEAVE_ONE_QUARTER_OUT,27,9,0.56827901601149389,0.46439419999049769,0.30317960343151318,VERIFIED_DOCUMENTED_VINTAGES_PARTIAL_RELEASE_HISTORY,2024Q3
UMIDAS_USD,conservative,STRICT,FIRST_RELEASE,POOLED_RESEARCH_ONLY,H2_H3,LEAVE_ONE_QUARTER_OUT,18,9,0.63254762776803586,0.53091470301300425,0.33587247942999471,VERIFIED_DOCUMENTED_VINTAGES_PARTIAL_RELEASE_HISTORY,2024Q3
UMIDAS_USD,conservative,STRICT,LATEST_REVISED,DEVELOPMENT_PSEUDO_OOS,H1,LEAVE_ONE_QUARTER_OUT,5,5,0.49584357842655308,0.46532123796668434,0.46532123796668434,VERIFIED_DOCUMENTED_VINTAGES_PARTIAL_RELEASE_HISTORY,2024Q3
UMIDAS_USD,conservative,STRICT,LATEST_REVISED,DEVELOPMENT_PSEUDO_OOS,H2,LEAVE_ONE_QUARTER_OUT,5,5,0.51040458186653437,0.48235017056080326,0.48235017056080326,VERIFIED_DOCUMENTED_VINTAGES_PARTIAL_RELEASE_HISTORY,2024Q3
UMIDAS_USD,conservative,STRICT,LATEST_REVISED,DEVELOPMENT_PSEUDO_OOS,H3,LEAVE_ONE_QUARTER_OUT,5,5,0.576946774706938,0.55912646455489479,0.55912646455489479,VERIFIED_DOCUMENTED_VINTAGES_PARTIAL_RELEASE_HISTORY,2024Q3
UMIDAS_USD,conservative,STRICT,LATEST_REVISED,DEVELOPMENT_PSEUDO_OOS,ALL,LEAVE_ONE_QUARTER_OUT,15,5,0.52891123146262753,0.50226595769412752,0.50226595769412752,VERIFIED_DOCUMENTED_VINTAGES_PARTIAL_RELEASE_HISTORY,2024Q3
UMIDAS_USD,conservative,STRICT,LATEST_REVISED,DEVELOPMENT_PSEUDO_OOS,H2_H3,LEAVE_ONE_QUARTER_OUT,10,5,0.54469276571067571,0.52073831755784905,0.52073831755784905,VERIFIED_DOCUMENTED_VINTAGES_PARTIAL_RELEASE_HISTORY,2024Q3
UMIDAS_USD,conservative,STRICT,LATEST_REVISED,POOLED_RESEARCH_ONLY,H1,LEAVE_ONE_QUARTER_OUT,9,9,0.45578628971172069,0.38257533580377345,0.30446051810121716,VERIFIED_DOCUMENTED_VINTAGES_PARTIAL_RELEASE_HISTORY,2024Q3
UMIDAS_USD,conservative,STRICT,LATEST_REVISED,POOLED_RESEARCH_ONLY,H2,LEAVE_ONE_QUARTER_OUT,9,9,0.66220594523510179,0.59831239220050625,0.38493534208620062,VERIFIED_DOCUMENTED_VINTAGES_PARTIAL_RELEASE_HISTORY,2024Q3
UMIDAS_USD,conservative,STRICT,LATEST_REVISED,POOLED_RESEARCH_ONLY,H3,LEAVE_ONE_QUARTER_OUT,9,9,0.68658635560014747,0.596850347158835,0.42014295010712277,VERIFIED_DOCUMENTED_VINTAGES_PARTIAL_RELEASE_HISTORY,2024Q3
UMIDAS_USD,conservative,STRICT,LATEST_REVISED,POOLED_RESEARCH_ONLY,ALL,LEAVE_ONE_QUARTER_OUT,27,9,0.61037111101639996,0.52591269172103827,0.36984627009818022,VERIFIED_DOCUMENTED_VINTAGES_PARTIAL_RELEASE_HISTORY,2024Q3
UMIDAS_USD,conservative,STRICT,LATEST_REVISED,POOLED_RESEARCH_ONLY,H2_H3,LEAVE_ONE_QUARTER_OUT,18,9,0.6745063148707382,0.59758136967967068,0.40253914609666169,VERIFIED_DOCUMENTED_VINTAGES_PARTIAL_RELEASE_HISTORY,2024Q3
UMIDAS_USD,standard,PERMISSIVE_END_OF_DAY,FIRST_RELEASE,DEVELOPMENT_PSEUDO_OOS,H1,LEAVE_ONE_QUARTER_OUT,5,5,0.41038986930404442,0.36235017056080282,0.36235017056080282,VERIFIED_DOCUMENTED_VINTAGES_PARTIAL_RELEASE_HISTORY,2024Q3
UMIDAS_USD,standard,PERMISSIVE_END_OF_DAY,FIRST_RELEASE,DEVELOPMENT_PSEUDO_OOS,H2,LEAVE_ONE_QUARTER_OUT,5,5,0.47699938212515347,0.43912646455489435,0.43912646455489435,VERIFIED_DOCUMENTED_VINTAGES_PARTIAL_RELEASE_HISTORY,2024Q3
UMIDAS_USD,standard,PERMISSIVE_END_OF_DAY,FIRST_RELEASE,DEVELOPMENT_PSEUDO_OOS,H3,LEAVE_ONE_QUARTER_OUT,5,5,0.64700611353247095,0.45617129459833522,-0.091755096533741559,VERIFIED_DOCUMENTED_VINTAGES_PARTIAL_RELEASE_HISTORY,2024Q3
UMIDAS_USD,standard,PERMISSIVE_END_OF_DAY,FIRST_RELEASE,DEVELOPMENT_PSEUDO_OOS,ALL,LEAVE_ONE_QUARTER_OUT,15,5,0.5210774626750363,0.41921597657134413,0.23657384619398519,VERIFIED_DOCUMENTED_VINTAGES_PARTIAL_RELEASE_HISTORY,2024Q3
UMIDAS_USD,standard,PERMISSIVE_END_OF_DAY,FIRST_RELEASE,DEVELOPMENT_PSEUDO_OOS,H2_H3,LEAVE_ONE_QUARTER_OUT,10,5,0.56839481062733621,0.44764887957661481,0.17368568401057641,VERIFIED_DOCUMENTED_VINTAGES_PARTIAL_RELEASE_HISTORY,2024Q3
UMIDAS_USD,standard,PERMISSIVE_END_OF_DAY,FIRST_RELEASE,POOLED_RESEARCH_ONLY,H1,LEAVE_ONE_QUARTER_OUT,9,9,0.62237765092404818,0.53164572553383982,0.31826867541953363,VERIFIED_DOCUMENTED_VINTAGES_PARTIAL_RELEASE_HISTORY,2024Q3
UMIDAS_USD,standard,PERMISSIVE_END_OF_DAY,FIRST_RELEASE,POOLED_RESEARCH_ONLY,H2,LEAVE_ONE_QUARTER_OUT,9,9,0.64255666086361829,0.53018368049216857,0.35347628344045579,VERIFIED_DOCUMENTED_VINTAGES_PARTIAL_RELEASE_HISTORY,2024Q3
UMIDAS_USD,standard,PERMISSIVE_END_OF_DAY,FIRST_RELEASE,POOLED_RESEARCH_ONLY,H3,LEAVE_ONE_QUARTER_OUT,9,9,0.52918541861131996,0.38153211480096288,-0.1183034679491793,VERIFIED_DOCUMENTED_VINTAGES_PARTIAL_RELEASE_HISTORY,2024Q3
UMIDAS_USD,standard,PERMISSIVE_END_OF_DAY,FIRST_RELEASE,POOLED_RESEARCH_ONLY,ALL,LEAVE_ONE_QUARTER_OUT,27,9,0.60007505365600644,0.48112050694232378,0.18448049697027002,VERIFIED_DOCUMENTED_VINTAGES_PARTIAL_RELEASE_HISTORY,2024Q3
UMIDAS_USD,standard,PERMISSIVE_END_OF_DAY,FIRST_RELEASE,POOLED_RESEARCH_ONLY,H2_H3,LEAVE_ONE_QUARTER_OUT,18,9,0.58860694427225413,0.4558578976465657,0.11758640774563824,VERIFIED_DOCUMENTED_VINTAGES_PARTIAL_RELEASE_HISTORY,2024Q3
UMIDAS_USD,standard,PERMISSIVE_END_OF_DAY,LATEST_REVISED,DEVELOPMENT_PSEUDO_OOS,H1,LEAVE_ONE_QUARTER_OUT,5,5,0.51040458186653437,0.48235017056080326,0.48235017056080326,VERIFIED_DOCUMENTED_VINTAGES_PARTIAL_RELEASE_HISTORY,2024Q3
UMIDAS_USD,standard,PERMISSIVE_END_OF_DAY,LATEST_REVISED,DEVELOPMENT_PSEUDO_OOS,H2,LEAVE_ONE_QUARTER_OUT,5,5,0.576946774706938,0.55912646455489479,0.55912646455489479,VERIFIED_DOCUMENTED_VINTAGES_PARTIAL_RELEASE_HISTORY,2024Q3
UMIDAS_USD,standard,PERMISSIVE_END_OF_DAY,LATEST_REVISED,DEVELOPMENT_PSEUDO_OOS,H3,LEAVE_ONE_QUARTER_OUT,5,5,0.70102395146452312,0.5761712945983346,0.028244903466258898,VERIFIED_DOCUMENTED_VINTAGES_PARTIAL_RELEASE_HISTORY,2024Q3
UMIDAS_USD,standard,PERMISSIVE_END_OF_DAY,LATEST_REVISED,DEVELOPMENT_PSEUDO_OOS,ALL,LEAVE_ONE_QUARTER_OUT,15,5,0.6013360121601522,0.53921597657134412,0.35657384619398569,VERIFIED_DOCUMENTED_VINTAGES_PARTIAL_RELEASE_HISTORY,2024Q3
UMIDAS_USD,standard,PERMISSIVE_END_OF_DAY,LATEST_REVISED,DEVELOPMENT_PSEUDO_OOS,H2_H3,LEAVE_ONE_QUARTER_OUT,10,5,0.64198993814999639,0.5676488795766147,0.29368568401057688,VERIFIED_DOCUMENTED_VINTAGES_PARTIAL_RELEASE_HISTORY,2024Q3
UMIDAS_USD,standard,PERMISSIVE_END_OF_DAY,LATEST_REVISED,POOLED_RESEARCH_ONLY,H1,LEAVE_ONE_QUARTER_OUT,9,9,0.66220594523510179,0.59831239220050625,0.38493534208620062,VERIFIED_DOCUMENTED_VINTAGES_PARTIAL_RELEASE_HISTORY,2024Q3
UMIDAS_USD,standard,PERMISSIVE_END_OF_DAY,LATEST_REVISED,POOLED_RESEARCH_ONLY,H2,LEAVE_ONE_QUARTER_OUT,9,9,0.68658635560014747,0.596850347158835,0.42014295010712277,VERIFIED_DOCUMENTED_VINTAGES_PARTIAL_RELEASE_HISTORY,2024Q3
UMIDAS_USD,standard,PERMISSIVE_END_OF_DAY,LATEST_REVISED,POOLED_RESEARCH_ONLY,H3,LEAVE_ONE_QUARTER_OUT,9,9,0.56611965886003801,0.44819878146762993,-0.05163680128251228,VERIFIED_DOCUMENTED_VINTAGES_PARTIAL_RELEASE_HISTORY,2024Q3
UMIDAS_USD,standard,PERMISSIVE_END_OF_DAY,LATEST_REVISED,POOLED_RESEARCH_ONLY,ALL,LEAVE_ONE_QUARTER_OUT,27,9,0.64041887483865134,0.54778717360899043,0.25114716363693707,VERIFIED_DOCUMENTED_VINTAGES_PARTIAL_RELEASE_HISTORY,2024Q3
UMIDAS_USD,standard,PERMISSIVE_END_OF_DAY,LATEST_REVISED,POOLED_RESEARCH_ONLY,H2_H3,LEAVE_ONE_QUARTER_OUT,18,9,0.62924251757335092,0.52252456431323246,0.18425307441230526,VERIFIED_DOCUMENTED_VINTAGES_PARTIAL_RELEASE_HISTORY,2024Q3
UMIDAS_USD,standard,STRICT,FIRST_RELEASE,DEVELOPMENT_PSEUDO_OOS,H1,LEAVE_ONE_QUARTER_OUT,5,5,0.41038986930404442,0.36235017056080282,0.36235017056080282,VERIFIED_DOCUMENTED_VINTAGES_PARTIAL_RELEASE_HISTORY,2024Q3
UMIDAS_USD,standard,STRICT,FIRST_RELEASE,DEVELOPMENT_PSEUDO_OOS,H2,LEAVE_ONE_QUARTER_OUT,5,5,0.47699938212515347,0.43912646455489435,0.43912646455489435,VERIFIED_DOCUMENTED_VINTAGES_PARTIAL_RELEASE_HISTORY,2024Q3
UMIDAS_USD,standard,STRICT,FIRST_RELEASE,DEVELOPMENT_PSEUDO_OOS,H3,LEAVE_ONE_QUARTER_OUT,5,5,0.64700611353247095,0.45617129459833522,-0.091755096533741559,VERIFIED_DOCUMENTED_VINTAGES_PARTIAL_RELEASE_HISTORY,2024Q3
UMIDAS_USD,standard,STRICT,FIRST_RELEASE,DEVELOPMENT_PSEUDO_OOS,ALL,LEAVE_ONE_QUARTER_OUT,15,5,0.5210774626750363,0.41921597657134413,0.23657384619398519,VERIFIED_DOCUMENTED_VINTAGES_PARTIAL_RELEASE_HISTORY,2024Q3
UMIDAS_USD,standard,STRICT,FIRST_RELEASE,DEVELOPMENT_PSEUDO_OOS,H2_H3,LEAVE_ONE_QUARTER_OUT,10,5,0.56839481062733621,0.44764887957661481,0.17368568401057641,VERIFIED_DOCUMENTED_VINTAGES_PARTIAL_RELEASE_HISTORY,2024Q3
UMIDAS_USD,standard,STRICT,FIRST_RELEASE,POOLED_RESEARCH_ONLY,H1,LEAVE_ONE_QUARTER_OUT,9,9,0.62237765092404818,0.53164572553383982,0.31826867541953363,VERIFIED_DOCUMENTED_VINTAGES_PARTIAL_RELEASE_HISTORY,2024Q3
UMIDAS_USD,standard,STRICT,FIRST_RELEASE,POOLED_RESEARCH_ONLY,H2,LEAVE_ONE_QUARTER_OUT,9,9,0.64255666086361829,0.53018368049216857,0.35347628344045579,VERIFIED_DOCUMENTED_VINTAGES_PARTIAL_RELEASE_HISTORY,2024Q3
UMIDAS_USD,standard,STRICT,FIRST_RELEASE,POOLED_RESEARCH_ONLY,H3,LEAVE_ONE_QUARTER_OUT,9,9,0.52918541861131996,0.38153211480096288,-0.1183034679491793,VERIFIED_DOCUMENTED_VINTAGES_PARTIAL_RELEASE_HISTORY,2024Q3
UMIDAS_USD,standard,STRICT,FIRST_RELEASE,POOLED_RESEARCH_ONLY,ALL,LEAVE_ONE_QUARTER_OUT,27,9,0.60007505365600644,0.48112050694232378,0.18448049697027002,VERIFIED_DOCUMENTED_VINTAGES_PARTIAL_RELEASE_HISTORY,2024Q3
UMIDAS_USD,standard,STRICT,FIRST_RELEASE,POOLED_RESEARCH_ONLY,H2_H3,LEAVE_ONE_QUARTER_OUT,18,9,0.58860694427225413,0.4558578976465657,0.11758640774563824,VERIFIED_DOCUMENTED_VINTAGES_PARTIAL_RELEASE_HISTORY,2024Q3
UMIDAS_USD,standard,STRICT,LATEST_REVISED,DEVELOPMENT_PSEUDO_OOS,H1,LEAVE_ONE_QUARTER_OUT,5,5,0.51040458186653437,0.48235017056080326,0.48235017056080326,VERIFIED_DOCUMENTED_VINTAGES_PARTIAL_RELEASE_HISTORY,2024Q3
UMIDAS_USD,standard,STRICT,LATEST_REVISED,DEVELOPMENT_PSEUDO_OOS,H2,LEAVE_ONE_QUARTER_OUT,5,5,0.576946774706938,0.55912646455489479,0.55912646455489479,VERIFIED_DOCUMENTED_VINTAGES_PARTIAL_RELEASE_HISTORY,2024Q3
UMIDAS_USD,standard,STRICT,LATEST_REVISED,DEVELOPMENT_PSEUDO_OOS,H3,LEAVE_ONE_QUARTER_OUT,5,5,0.70102395146452312,0.5761712945983346,0.028244903466258898,VERIFIED_DOCUMENTED_VINTAGES_PARTIAL_RELEASE_HISTORY,2024Q3
UMIDAS_USD,standard,STRICT,LATEST_REVISED,DEVELOPMENT_PSEUDO_OOS,ALL,LEAVE_ONE_QUARTER_OUT,15,5,0.6013360121601522,0.53921597657134412,0.35657384619398569,VERIFIED_DOCUMENTED_VINTAGES_PARTIAL_RELEASE_HISTORY,2024Q3
UMIDAS_USD,standard,STRICT,LATEST_REVISED,DEVELOPMENT_PSEUDO_OOS,H2_H3,LEAVE_ONE_QUARTER_OUT,10,5,0.64198993814999639,0.5676488795766147,0.29368568401057688,VERIFIED_DOCUMENTED_VINTAGES_PARTIAL_RELEASE_HISTORY,2024Q3
UMIDAS_USD,standard,STRICT,LATEST_REVISED,POOLED_RESEARCH_ONLY,H1,LEAVE_ONE_QUARTER_OUT,9,9,0.66220594523510179,0.59831239220050625,0.38493534208620062,VERIFIED_DOCUMENTED_VINTAGES_PARTIAL_RELEASE_HISTORY,2024Q3
UMIDAS_USD,standard,STRICT,LATEST_REVISED,POOLED_RESEARCH_ONLY,H2,LEAVE_ONE_QUARTER_OUT,9,9,0.68658635560014747,0.596850347158835,0.42014295010712277,VERIFIED_DOCUMENTED_VINTAGES_PARTIAL_RELEASE_HISTORY,2024Q3
UMIDAS_USD,standard,STRICT,LATEST_REVISED,POOLED_RESEARCH_ONLY,H3,LEAVE_ONE_QUARTER_OUT,9,9,0.56611965886003801,0.44819878146762993,-0.05163680128251228,VERIFIED_DOCUMENTED_VINTAGES_PARTIAL_RELEASE_HISTORY,2024Q3
UMIDAS_USD,standard,STRICT,LATEST_REVISED,POOLED_RESEARCH_ONLY,ALL,LEAVE_ONE_QUARTER_OUT,27,9,0.64041887483865134,0.54778717360899043,0.25114716363693707,VERIFIED_DOCUMENTED_VINTAGES_PARTIAL_RELEASE_HISTORY,2024Q3
UMIDAS_USD,standard,STRICT,LATEST_REVISED,POOLED_RESEARCH_ONLY,H2_H3,LEAVE_ONE_QUARTER_OUT,18,9,0.62924251757335092,0.52252456431323246,0.18425307441230526,VERIFIED_DOCUMENTED_VINTAGES_PARTIAL_RELEASE_HISTORY,2024Q3
COMBO_B,conservative,PERMISSIVE_END_OF_DAY,FIRST_RELEASE,DEVELOPMENT_PSEUDO_OOS,H1,LEAVE_ONE_QUARTER_OUT,5,5,0.36075680912896546,0.31464081292912949,0.31464081292912949,VERIFIED_DOCUMENTED_VINTAGES_PARTIAL_RELEASE_HISTORY,2024Q4
COMBO_B,conservative,PERMISSIVE_END_OF_DAY,FIRST_RELEASE,DEVELOPMENT_PSEUDO_OOS,H2,LEAVE_ONE_QUARTER_OUT,5,5,0.34291508855824482,0.30346700160082829,0.30346700160082829,VERIFIED_DOCUMENTED_VINTAGES_PARTIAL_RELEASE_HISTORY,2024Q4
COMBO_B,conservative,PERMISSIVE_END_OF_DAY,FIRST_RELEASE,DEVELOPMENT_PSEUDO_OOS,H3,LEAVE_ONE_QUARTER_OUT,5,5,0.40876816227705082,0.37374310607840949,0.22128139243036191,VERIFIED_DOCUMENTED_VINTAGES_PARTIAL_RELEASE_HISTORY,2024Q4
COMBO_B,conservative,PERMISSIVE_END_OF_DAY,FIRST_RELEASE,DEVELOPMENT_PSEUDO_OOS,ALL,LEAVE_ONE_QUARTER_OUT,15,5,0.37185465071950674,0.33061697353612246,0.27979640232010655,VERIFIED_DOCUMENTED_VINTAGES_PARTIAL_RELEASE_HISTORY,2024Q4
COMBO_B,conservative,PERMISSIVE_END_OF_DAY,FIRST_RELEASE,DEVELOPMENT_PSEUDO_OOS,H2_H3,LEAVE_ONE_QUARTER_OUT,10,5,0.37728117396198435,0.33860505383961892,0.26237419701559511,VERIFIED_DOCUMENTED_VINTAGES_PARTIAL_RELEASE_HISTORY,2024Q4
COMBO_B,conservative,PERMISSIVE_END_OF_DAY,FIRST_RELEASE,POOLED_RESEARCH_ONLY,H1,LEAVE_ONE_QUARTER_OUT,9,9,0.50002264794294238,0.40377884610020498,0.40377884610020498,VERIFIED_DOCUMENTED_VINTAGES_PARTIAL_RELEASE_HISTORY,2024Q4
COMBO_B,conservative,PERMISSIVE_END_OF_DAY,FIRST_RELEASE,POOLED_RESEARCH_ONLY,H2,LEAVE_ONE_QUARTER_OUT,9,9,0.58488627029330786,0.46376812716269661,0.42892747568246087,VERIFIED_DOCUMENTED_VINTAGES_PARTIAL_RELEASE_HISTORY,2024Q4
COMBO_B,conservative,PERMISSIVE_END_OF_DAY,FIRST_RELEASE,POOLED_RESEARCH_ONLY,H3,LEAVE_ONE_QUARTER_OUT,9,9,0.60586569475560614,0.47777896260168884,0.37619232506277483,VERIFIED_DOCUMENTED_VINTAGES_PARTIAL_RELEASE_HISTORY,2024Q4
COMBO_B,conservative,PERMISSIVE_END_OF_DAY,FIRST_RELEASE,POOLED_RESEARCH_ONLY,ALL,LEAVE_ONE_QUARTER_OUT,27,9,0.5654460887108459,0.44844197862153018,0.40296621561514695,VERIFIED_DOCUMENTED_VINTAGES_PARTIAL_RELEASE_HISTORY,2024Q4
COMBO_B,conservative,PERMISSIVE_END_OF_DAY,FIRST_RELEASE,POOLED_RESEARCH_ONLY,H2_H3,LEAVE_ONE_QUARTER_OUT,18,9,0.59546838256086687,0.47077354488219275,0.40255990037261785,VERIFIED_DOCUMENTED_VINTAGES_PARTIAL_RELEASE_HISTORY,2024Q4
COMBO_B,conservative,PERMISSIVE_END_OF_DAY,LATEST_REVISED,DEVELOPMENT_PSEUDO_OOS,H1,LEAVE_ONE_QUARTER_OUT,5,5,0.41146866233999535,0.39464081292912834,0.39464081292912834,VERIFIED_DOCUMENTED_VINTAGES_PARTIAL_RELEASE_HISTORY,2024Q4
COMBO_B,conservative,PERMISSIVE_END_OF_DAY,LATEST_REVISED,DEVELOPMENT_PSEUDO_OOS,H2,LEAVE_ONE_QUARTER_OUT,5,5,0.41376015724696541,0.38346700160082714,0.38346700160082714,VERIFIED_DOCUMENTED_VINTAGES_PARTIAL_RELEASE_HISTORY,2024Q4
COMBO_B,conservative,PERMISSIVE_END_OF_DAY,LATEST_REVISED,DEVELOPMENT_PSEUDO_OOS,H3,LEAVE_ONE_QUARTER_OUT,5,5,0.41801820659751954,0.37374310607840611,0.30128139243036073,VERIFIED_DOCUMENTED_VINTAGES_PARTIAL_RELEASE_HISTORY,2024Q4
COMBO_B,conservative,PERMISSIVE_END_OF_DAY,LATEST_REVISED,DEVELOPMENT_PSEUDO_OOS,ALL,LEAVE_ONE_QUARTER_OUT,15,5,0.41442456042883735,0.38395030686945386,0.3597964023201054,VERIFIED_DOCUMENTED_VINTAGES_PARTIAL_RELEASE_HISTORY,2024Q4
COMBO_B,conservative,PERMISSIVE_END_OF_DAY,LATEST_REVISED,DEVELOPMENT_PSEUDO_OOS,H2_H3,LEAVE_ONE_QUARTER_OUT,10,5,0.41589463135032168,0.37860505383961662,0.34237419701559391,VERIFIED_DOCUMENTED_VINTAGES_PARTIAL_RELEASE_HISTORY,2024Q4
COMBO_B,conservative,PERMISSIVE_END_OF_DAY,LATEST_REVISED,POOLED_RESEARCH_ONLY,H1,LEAVE_ONE_QUARTER_OUT,9,9,0.52132403656220627,0.44822329054464888,0.44822329054464888,VERIFIED_DOCUMENTED_VINTAGES_PARTIAL_RELEASE_HISTORY,2024Q4
COMBO_B,conservative,PERMISSIVE_END_OF_DAY,LATEST_REVISED,POOLED_RESEARCH_ONLY,H2,LEAVE_ONE_QUARTER_OUT,9,9,0.60981427877849037,0.50821257160713995,0.47337192012690477,VERIFIED_DOCUMENTED_VINTAGES_PARTIAL_RELEASE_HISTORY,2024Q4
COMBO_B,conservative,PERMISSIVE_END_OF_DAY,LATEST_REVISED,POOLED_RESEARCH_ONLY,H3,LEAVE_ONE_QUARTER_OUT,9,9,0.60936198086500359,0.47777896260168645,0.42063676950721873,VERIFIED_DOCUMENTED_VINTAGES_PARTIAL_RELEASE_HISTORY,2024Q4
COMBO_B,conservative,PERMISSIVE_END_OF_DAY,LATEST_REVISED,POOLED_RESEARCH_ONLY,ALL,LEAVE_ONE_QUARTER_OUT,27,9,0.58165689469060822,0.47807160825115841,0.44741066005959085,VERIFIED_DOCUMENTED_VINTAGES_PARTIAL_RELEASE_HISTORY,2024Q4
COMBO_B,conservative,PERMISSIVE_END_OF_DAY,LATEST_REVISED,POOLED_RESEARCH_ONLY,H2_H3,LEAVE_ONE_QUARTER_OUT,18,9,0.60958817177084867,0.49299576710441317,0.44700434481706175,VERIFIED_DOCUMENTED_VINTAGES_PARTIAL_RELEASE_HISTORY,2024Q4
COMBO_B,conservative,STRICT,FIRST_RELEASE,DEVELOPMENT_PSEUDO_OOS,H1,LEAVE_ONE_QUARTER_OUT,5,5,0.36075680912896546,0.31464081292912949,0.31464081292912949,VERIFIED_DOCUMENTED_VINTAGES_PARTIAL_RELEASE_HISTORY,2024Q4
COMBO_B,conservative,STRICT,FIRST_RELEASE,DEVELOPMENT_PSEUDO_OOS,H2,LEAVE_ONE_QUARTER_OUT,5,5,0.34291508855824482,0.30346700160082829,0.30346700160082829,VERIFIED_DOCUMENTED_VINTAGES_PARTIAL_RELEASE_HISTORY,2024Q4
COMBO_B,conservative,STRICT,FIRST_RELEASE,DEVELOPMENT_PSEUDO_OOS,H3,LEAVE_ONE_QUARTER_OUT,5,5,0.40876816227705082,0.37374310607840949,0.22128139243036191,VERIFIED_DOCUMENTED_VINTAGES_PARTIAL_RELEASE_HISTORY,2024Q4
COMBO_B,conservative,STRICT,FIRST_RELEASE,DEVELOPMENT_PSEUDO_OOS,ALL,LEAVE_ONE_QUARTER_OUT,15,5,0.37185465071950674,0.33061697353612246,0.27979640232010655,VERIFIED_DOCUMENTED_VINTAGES_PARTIAL_RELEASE_HISTORY,2024Q4
COMBO_B,conservative,STRICT,FIRST_RELEASE,DEVELOPMENT_PSEUDO_OOS,H2_H3,LEAVE_ONE_QUARTER_OUT,10,5,0.37728117396198435,0.33860505383961892,0.26237419701559511,VERIFIED_DOCUMENTED_VINTAGES_PARTIAL_RELEASE_HISTORY,2024Q4
COMBO_B,conservative,STRICT,FIRST_RELEASE,POOLED_RESEARCH_ONLY,H1,LEAVE_ONE_QUARTER_OUT,9,9,0.50002264794294238,0.40377884610020498,0.40377884610020498,VERIFIED_DOCUMENTED_VINTAGES_PARTIAL_RELEASE_HISTORY,2024Q4
COMBO_B,conservative,STRICT,FIRST_RELEASE,POOLED_RESEARCH_ONLY,H2,LEAVE_ONE_QUARTER_OUT,9,9,0.58488627029330786,0.46376812716269661,0.42892747568246087,VERIFIED_DOCUMENTED_VINTAGES_PARTIAL_RELEASE_HISTORY,2024Q4
COMBO_B,conservative,STRICT,FIRST_RELEASE,POOLED_RESEARCH_ONLY,H3,LEAVE_ONE_QUARTER_OUT,9,9,0.60586569475560614,0.47777896260168884,0.37619232506277483,VERIFIED_DOCUMENTED_VINTAGES_PARTIAL_RELEASE_HISTORY,2024Q4
COMBO_B,conservative,STRICT,FIRST_RELEASE,POOLED_RESEARCH_ONLY,ALL,LEAVE_ONE_QUARTER_OUT,27,9,0.5654460887108459,0.44844197862153018,0.40296621561514695,VERIFIED_DOCUMENTED_VINTAGES_PARTIAL_RELEASE_HISTORY,2024Q4
COMBO_B,conservative,STRICT,FIRST_RELEASE,POOLED_RESEARCH_ONLY,H2_H3,LEAVE_ONE_QUARTER_OUT,18,9,0.59546838256086687,0.47077354488219275,0.40255990037261785,VERIFIED_DOCUMENTED_VINTAGES_PARTIAL_RELEASE_HISTORY,2024Q4
COMBO_B,conservative,STRICT,LATEST_REVISED,DEVELOPMENT_PSEUDO_OOS,H1,LEAVE_ONE_QUARTER_OUT,5,5,0.41146866233999535,0.39464081292912834,0.39464081292912834,VERIFIED_DOCUMENTED_VINTAGES_PARTIAL_RELEASE_HISTORY,2024Q4
COMBO_B,conservative,STRICT,LATEST_REVISED,DEVELOPMENT_PSEUDO_OOS,H2,LEAVE_ONE_QUARTER_OUT,5,5,0.41376015724696541,0.38346700160082714,0.38346700160082714,VERIFIED_DOCUMENTED_VINTAGES_PARTIAL_RELEASE_HISTORY,2024Q4
COMBO_B,conservative,STRICT,LATEST_REVISED,DEVELOPMENT_PSEUDO_OOS,H3,LEAVE_ONE_QUARTER_OUT,5,5,0.41801820659751954,0.37374310607840611,0.30128139243036073,VERIFIED_DOCUMENTED_VINTAGES_PARTIAL_RELEASE_HISTORY,2024Q4
COMBO_B,conservative,STRICT,LATEST_REVISED,DEVELOPMENT_PSEUDO_OOS,ALL,LEAVE_ONE_QUARTER_OUT,15,5,0.41442456042883735,0.38395030686945386,0.3597964023201054,VERIFIED_DOCUMENTED_VINTAGES_PARTIAL_RELEASE_HISTORY,2024Q4
COMBO_B,conservative,STRICT,LATEST_REVISED,DEVELOPMENT_PSEUDO_OOS,H2_H3,LEAVE_ONE_QUARTER_OUT,10,5,0.41589463135032168,0.37860505383961662,0.34237419701559391,VERIFIED_DOCUMENTED_VINTAGES_PARTIAL_RELEASE_HISTORY,2024Q4
COMBO_B,conservative,STRICT,LATEST_REVISED,POOLED_RESEARCH_ONLY,H1,LEAVE_ONE_QUARTER_OUT,9,9,0.52132403656220627,0.44822329054464888,0.44822329054464888,VERIFIED_DOCUMENTED_VINTAGES_PARTIAL_RELEASE_HISTORY,2024Q4
COMBO_B,conservative,STRICT,LATEST_REVISED,POOLED_RESEARCH_ONLY,H2,LEAVE_ONE_QUARTER_OUT,9,9,0.60981427877849037,0.50821257160713995,0.47337192012690477,VERIFIED_DOCUMENTED_VINTAGES_PARTIAL_RELEASE_HISTORY,2024Q4
COMBO_B,conservative,STRICT,LATEST_REVISED,POOLED_RESEARCH_ONLY,H3,LEAVE_ONE_QUARTER_OUT,9,9,0.60936198086500359,0.47777896260168645,0.42063676950721873,VERIFIED_DOCUMENTED_VINTAGES_PARTIAL_RELEASE_HISTORY,2024Q4
COMBO_B,conservative,STRICT,LATEST_REVISED,POOLED_RESEARCH_ONLY,ALL,LEAVE_ONE_QUARTER_OUT,27,9,0.58165689469060822,0.47807160825115841,0.44741066005959085,VERIFIED_DOCUMENTED_VINTAGES_PARTIAL_RELEASE_HISTORY,2024Q4
COMBO_B,conservative,STRICT,LATEST_REVISED,POOLED_RESEARCH_ONLY,H2_H3,LEAVE_ONE_QUARTER_OUT,18,9,0.60958817177084867,0.49299576710441317,0.44700434481706175,VERIFIED_DOCUMENTED_VINTAGES_PARTIAL_RELEASE_HISTORY,2024Q4
COMBO_B,standard,PERMISSIVE_END_OF_DAY,FIRST_RELEASE,DEVELOPMENT_PSEUDO_OOS,H1,LEAVE_ONE_QUARTER_OUT,5,5,0.32635103604424703,0.28559225012093881,0.28559225012093881,VERIFIED_DOCUMENTED_VINTAGES_PARTIAL_RELEASE_HISTORY,2024Q4
COMBO_B,standard,PERMISSIVE_END_OF_DAY,FIRST_RELEASE,DEVELOPMENT_PSEUDO_OOS,H2,LEAVE_ONE_QUARTER_OUT,5,5,0.340373124697047,0.28899205205568101,0.2520150481747212,VERIFIED_DOCUMENTED_VINTAGES_PARTIAL_RELEASE_HISTORY,2024Q4
COMBO_B,standard,PERMISSIVE_END_OF_DAY,FIRST_RELEASE,DEVELOPMENT_PSEUDO_OOS,H3,LEAVE_ONE_QUARTER_OUT,5,5,0.27779283003924549,0.25037722062566542,-0.04783985302630054,VERIFIED_DOCUMENTED_VINTAGES_PARTIAL_RELEASE_HISTORY,2024Q4
COMBO_B,standard,PERMISSIVE_END_OF_DAY,FIRST_RELEASE,DEVELOPMENT_PSEUDO_OOS,ALL,LEAVE_ONE_QUARTER_OUT,15,5,0.31597875411932269,0.27498717426742841,0.16325581508978651,VERIFIED_DOCUMENTED_VINTAGES_PARTIAL_RELEASE_HISTORY,2024Q4
COMBO_B,standard,PERMISSIVE_END_OF_DAY,FIRST_RELEASE,DEVELOPMENT_PSEUDO_OOS,H2_H3,LEAVE_ONE_QUARTER_OUT,10,5,0.31066277572091305,0.26968463634067319,0.10208759757421033,VERIFIED_DOCUMENTED_VINTAGES_PARTIAL_RELEASE_HISTORY,2024Q4
COMBO_B,standard,PERMISSIVE_END_OF_DAY,FIRST_RELEASE,POOLED_RESEARCH_ONLY,H1,LEAVE_ONE_QUARTER_OUT,9,9,0.57319962832593163,0.44958046999694573,0.41036230008080971,VERIFIED_DOCUMENTED_VINTAGES_PARTIAL_RELEASE_HISTORY,2024Q4
COMBO_B,standard,PERMISSIVE_END_OF_DAY,FIRST_RELEASE,POOLED_RESEARCH_ONLY,H2,LEAVE_ONE_QUARTER_OUT,9,9,0.57557263978277939,0.4275186491538619,0.38279173447205711,VERIFIED_DOCUMENTED_VINTAGES_PARTIAL_RELEASE_HISTORY,2024Q4
COMBO_B,standard,PERMISSIVE_END_OF_DAY,FIRST_RELEASE,POOLED_RESEARCH_ONLY,H3,LEAVE_ONE_QUARTER_OUT,9,9,0.36265680067620021,0.29144225708579696,0.12576610505692701,VERIFIED_DOCUMENTED_VINTAGES_PARTIAL_RELEASE_HISTORY,2024Q4
COMBO_B,standard,PERMISSIVE_END_OF_DAY,FIRST_RELEASE,POOLED_RESEARCH_ONLY,ALL,LEAVE_ONE_QUARTER_OUT,27,9,0.51360219127784112,0.38951379207886822,0.30630671320326458,VERIFIED_DOCUMENTED_VINTAGES_PARTIAL_RELEASE_HISTORY,2024Q4
COMBO_B,standard,PERMISSIVE_END_OF_DAY,FIRST_RELEASE,POOLED_RESEARCH_ONLY,H2_H3,LEAVE_ONE_QUARTER_OUT,18,9,0.48104252345463927,0.35948045311982946,0.25427891976449207,VERIFIED_DOCUMENTED_VINTAGES_PARTIAL_RELEASE_HISTORY,2024Q4
COMBO_B,standard,PERMISSIVE_END_OF_DAY,LATEST_REVISED,DEVELOPMENT_PSEUDO_OOS,H1,LEAVE_ONE_QUARTER_OUT,5,5,0.39455053215419039,0.36559225012093766,0.36559225012093766,VERIFIED_DOCUMENTED_VINTAGES_PARTIAL_RELEASE_HISTORY,2024Q4
COMBO_B,standard,PERMISSIVE_END_OF_DAY,LATEST_REVISED,DEVELOPMENT_PSEUDO_OOS,H2,LEAVE_ONE_QUARTER_OUT,5,5,0.38937923164346983,0.33201504817472005,0.33201504817472005,VERIFIED_DOCUMENTED_VINTAGES_PARTIAL_RELEASE_HISTORY,2024Q4
COMBO_B,standard,PERMISSIVE_END_OF_DAY,LATEST_REVISED,DEVELOPMENT_PSEUDO_OOS,H3,LEAVE_ONE_QUARTER_OUT,5,5,0.27294467056028471,0.25037722062566098,0.032160146973698289,VERIFIED_DOCUMENTED_VINTAGES_PARTIAL_RELEASE_HISTORY,2024Q4
COMBO_B,standard,PERMISSIVE_END_OF_DAY,LATEST_REVISED,DEVELOPMENT_PSEUDO_OOS,ALL,LEAVE_ONE_QUARTER_OUT,15,5,0.35673757938933026,0.31599483964043956,0.24325581508978533,VERIFIED_DOCUMENTED_VINTAGES_PARTIAL_RELEASE_HISTORY,2024Q4
COMBO_B,standard,PERMISSIVE_END_OF_DAY,LATEST_REVISED,DEVELOPMENT_PSEUDO_OOS,H2_H3,LEAVE_ONE_QUARTER_OUT,10,5,0.33624022604569587,0.29119613440019049,0.18208759757420917,VERIFIED_DOCUMENTED_VINTAGES_PARTIAL_RELEASE_HISTORY,2024Q4
COMBO_B,standard,PERMISSIVE_END_OF_DAY,LATEST_REVISED,POOLED_RESEARCH_ONLY,H1,LEAVE_ONE_QUARTER_OUT,9,9,0.59654989022032012,0.49402491444138907,0.4548067445252536,VERIFIED_DOCUMENTED_VINTAGES_PARTIAL_RELEASE_HISTORY,2024Q4
COMBO_B,standard,PERMISSIVE_END_OF_DAY,LATEST_REVISED,POOLED_RESEARCH_ONLY,H2,LEAVE_ONE_QUARTER_OUT,9,9,0.59258064459098403,0.45142031366443863,0.42723617891650101,VERIFIED_DOCUMENTED_VINTAGES_PARTIAL_RELEASE_HISTORY,2024Q4
COMBO_B,standard,PERMISSIVE_END_OF_DAY,LATEST_REVISED,POOLED_RESEARCH_ONLY,H3,LEAVE_ONE_QUARTER_OUT,9,9,0.36060586048120707,0.29144225708579463,0.17021054950137091,VERIFIED_DOCUMENTED_VINTAGES_PARTIAL_RELEASE_HISTORY,2024Q4
COMBO_B,standard,PERMISSIVE_END_OF_DAY,LATEST_REVISED,POOLED_RESEARCH_ONLY,ALL,LEAVE_ONE_QUARTER_OUT,27,9,0.52822349388591627,0.41229582839720746,0.35075115764770848,VERIFIED_DOCUMENTED_VINTAGES_PARTIAL_RELEASE_HISTORY,2024Q4
COMBO_B,standard,PERMISSIVE_END_OF_DAY,LATEST_REVISED,POOLED_RESEARCH_ONLY,H2_H3,LEAVE_ONE_QUARTER_OUT,18,9,0.49050403003301507,0.3714312853751166,0.29872336420893597,VERIFIED_DOCUMENTED_VINTAGES_PARTIAL_RELEASE_HISTORY,2024Q4
COMBO_B,standard,STRICT,FIRST_RELEASE,DEVELOPMENT_PSEUDO_OOS,H1,LEAVE_ONE_QUARTER_OUT,5,5,0.32635103604424703,0.28559225012093881,0.28559225012093881,VERIFIED_DOCUMENTED_VINTAGES_PARTIAL_RELEASE_HISTORY,2024Q4
COMBO_B,standard,STRICT,FIRST_RELEASE,DEVELOPMENT_PSEUDO_OOS,H2,LEAVE_ONE_QUARTER_OUT,5,5,0.340373124697047,0.28899205205568101,0.2520150481747212,VERIFIED_DOCUMENTED_VINTAGES_PARTIAL_RELEASE_HISTORY,2024Q4
COMBO_B,standard,STRICT,FIRST_RELEASE,DEVELOPMENT_PSEUDO_OOS,H3,LEAVE_ONE_QUARTER_OUT,5,5,0.27779283003924549,0.25037722062566542,-0.04783985302630054,VERIFIED_DOCUMENTED_VINTAGES_PARTIAL_RELEASE_HISTORY,2024Q4
COMBO_B,standard,STRICT,FIRST_RELEASE,DEVELOPMENT_PSEUDO_OOS,ALL,LEAVE_ONE_QUARTER_OUT,15,5,0.31597875411932269,0.27498717426742841,0.16325581508978651,VERIFIED_DOCUMENTED_VINTAGES_PARTIAL_RELEASE_HISTORY,2024Q4
COMBO_B,standard,STRICT,FIRST_RELEASE,DEVELOPMENT_PSEUDO_OOS,H2_H3,LEAVE_ONE_QUARTER_OUT,10,5,0.31066277572091305,0.26968463634067319,0.10208759757421033,VERIFIED_DOCUMENTED_VINTAGES_PARTIAL_RELEASE_HISTORY,2024Q4
COMBO_B,standard,STRICT,FIRST_RELEASE,POOLED_RESEARCH_ONLY,H1,LEAVE_ONE_QUARTER_OUT,9,9,0.57319962832593163,0.44958046999694573,0.41036230008080971,VERIFIED_DOCUMENTED_VINTAGES_PARTIAL_RELEASE_HISTORY,2024Q4
COMBO_B,standard,STRICT,FIRST_RELEASE,POOLED_RESEARCH_ONLY,H2,LEAVE_ONE_QUARTER_OUT,9,9,0.57557263978277939,0.4275186491538619,0.38279173447205711,VERIFIED_DOCUMENTED_VINTAGES_PARTIAL_RELEASE_HISTORY,2024Q4
COMBO_B,standard,STRICT,FIRST_RELEASE,POOLED_RESEARCH_ONLY,H3,LEAVE_ONE_QUARTER_OUT,9,9,0.36265680067620021,0.29144225708579696,0.12576610505692701,VERIFIED_DOCUMENTED_VINTAGES_PARTIAL_RELEASE_HISTORY,2024Q4
COMBO_B,standard,STRICT,FIRST_RELEASE,POOLED_RESEARCH_ONLY,ALL,LEAVE_ONE_QUARTER_OUT,27,9,0.51360219127784112,0.38951379207886822,0.30630671320326458,VERIFIED_DOCUMENTED_VINTAGES_PARTIAL_RELEASE_HISTORY,2024Q4
COMBO_B,standard,STRICT,FIRST_RELEASE,POOLED_RESEARCH_ONLY,H2_H3,LEAVE_ONE_QUARTER_OUT,18,9,0.48104252345463927,0.35948045311982946,0.25427891976449207,VERIFIED_DOCUMENTED_VINTAGES_PARTIAL_RELEASE_HISTORY,2024Q4
COMBO_B,standard,STRICT,LATEST_REVISED,DEVELOPMENT_PSEUDO_OOS,H1,LEAVE_ONE_QUARTER_OUT,5,5,0.39455053215419039,0.36559225012093766,0.36559225012093766,VERIFIED_DOCUMENTED_VINTAGES_PARTIAL_RELEASE_HISTORY,2024Q4
COMBO_B,standard,STRICT,LATEST_REVISED,DEVELOPMENT_PSEUDO_OOS,H2,LEAVE_ONE_QUARTER_OUT,5,5,0.38937923164346983,0.33201504817472005,0.33201504817472005,VERIFIED_DOCUMENTED_VINTAGES_PARTIAL_RELEASE_HISTORY,2024Q4
COMBO_B,standard,STRICT,LATEST_REVISED,DEVELOPMENT_PSEUDO_OOS,H3,LEAVE_ONE_QUARTER_OUT,5,5,0.27294467056028471,0.25037722062566098,0.032160146973698289,VERIFIED_DOCUMENTED_VINTAGES_PARTIAL_RELEASE_HISTORY,2024Q4
COMBO_B,standard,STRICT,LATEST_REVISED,DEVELOPMENT_PSEUDO_OOS,ALL,LEAVE_ONE_QUARTER_OUT,15,5,0.35673757938933026,0.31599483964043956,0.24325581508978533,VERIFIED_DOCUMENTED_VINTAGES_PARTIAL_RELEASE_HISTORY,2024Q4
COMBO_B,standard,STRICT,LATEST_REVISED,DEVELOPMENT_PSEUDO_OOS,H2_H3,LEAVE_ONE_QUARTER_OUT,10,5,0.33624022604569587,0.29119613440019049,0.18208759757420917,VERIFIED_DOCUMENTED_VINTAGES_PARTIAL_RELEASE_HISTORY,2024Q4
COMBO_B,standard,STRICT,LATEST_REVISED,POOLED_RESEARCH_ONLY,H1,LEAVE_ONE_QUARTER_OUT,9,9,0.59654989022032012,0.49402491444138907,0.4548067445252536,VERIFIED_DOCUMENTED_VINTAGES_PARTIAL_RELEASE_HISTORY,2024Q4
COMBO_B,standard,STRICT,LATEST_REVISED,POOLED_RESEARCH_ONLY,H2,LEAVE_ONE_QUARTER_OUT,9,9,0.59258064459098403,0.45142031366443863,0.42723617891650101,VERIFIED_DOCUMENTED_VINTAGES_PARTIAL_RELEASE_HISTORY,2024Q4
COMBO_B,standard,STRICT,LATEST_REVISED,POOLED_RESEARCH_ONLY,H3,LEAVE_ONE_QUARTER_OUT,9,9,0.36060586048120707,0.29144225708579463,0.17021054950137091,VERIFIED_DOCUMENTED_VINTAGES_PARTIAL_RELEASE_HISTORY,2024Q4
COMBO_B,standard,STRICT,LATEST_REVISED,POOLED_RESEARCH_ONLY,ALL,LEAVE_ONE_QUARTER_OUT,27,9,0.52822349388591627,0.41229582839720746,0.35075115764770848,VERIFIED_DOCUMENTED_VINTAGES_PARTIAL_RELEASE_HISTORY,2024Q4
COMBO_B,standard,STRICT,LATEST_REVISED,POOLED_RESEARCH_ONLY,H2_H3,LEAVE_ONE_QUARTER_OUT,18,9,0.49050403003301507,0.3714312853751166,0.29872336420893597,VERIFIED_DOCUMENTED_VINTAGES_PARTIAL_RELEASE_HISTORY,2024Q4
DFM_B,conservative,PERMISSIVE_END_OF_DAY,FIRST_RELEASE,DEVELOPMENT_PSEUDO_OOS,H1,LEAVE_ONE_QUARTER_OUT,5,5,0.32810211657509325,0.25165150214885512,0.22310198398403996,VERIFIED_DOCUMENTED_VINTAGES_PARTIAL_RELEASE_HISTORY,2024Q4
DFM_B,conservative,PERMISSIVE_END_OF_DAY,FIRST_RELEASE,DEVELOPMENT_PSEUDO_OOS,H2,LEAVE_ONE_QUARTER_OUT,5,5,0.32693992622930051,0.26410190352551249,0.2548235459790279,VERIFIED_DOCUMENTED_VINTAGES_PARTIAL_RELEASE_HISTORY,2024Q4
DFM_B,conservative,PERMISSIVE_END_OF_DAY,FIRST_RELEASE,DEVELOPMENT_PSEUDO_OOS,H3,LEAVE_ONE_QUARTER_OUT,5,5,0.57738811121364852,0.46979040122688698,0.044580459669860593,VERIFIED_DOCUMENTED_VINTAGES_PARTIAL_RELEASE_HISTORY,2024Q4
DFM_B,conservative,PERMISSIVE_END_OF_DAY,FIRST_RELEASE,DEVELOPMENT_PSEUDO_OOS,ALL,LEAVE_ONE_QUARTER_OUT,15,5,0.42736313412785193,0.32851460230041823,0.17416866321097615,VERIFIED_DOCUMENTED_VINTAGES_PARTIAL_RELEASE_HISTORY,2024Q4
DFM_B,conservative,PERMISSIVE_END_OF_DAY,FIRST_RELEASE,DEVELOPMENT_PSEUDO_OOS,H2_H3,LEAVE_ONE_QUARTER_OUT,10,5,0.4691837307141441,0.36694615237619976,0.14970200282444424,VERIFIED_DOCUMENTED_VINTAGES_PARTIAL_RELEASE_HISTORY,2024Q4
DFM_B,conservative,PERMISSIVE_END_OF_DAY,FIRST_RELEASE,POOLED_RESEARCH_ONLY,H1,LEAVE_ONE_QUARTER_OUT,9,9,0.70407208448333491,0.55181445979768218,0.53595361637278482,VERIFIED_DOCUMENTED_VINTAGES_PARTIAL_RELEASE_HISTORY,2024Q4
DFM_B,conservative,PERMISSIVE_END_OF_DAY,FIRST_RELEASE,POOLED_RESEARCH_ONLY,H2,LEAVE_ONE_QUARTER_OUT,9,9,0.69321624087263745,0.5504296486590875,0.54527500557770714,VERIFIED_DOCUMENTED_VINTAGES_PARTIAL_RELEASE_HISTORY,2024Q4
DFM_B,conservative,PERMISSIVE_END_OF_DAY,FIRST_RELEASE,POOLED_RESEARCH_ONLY,H3,LEAVE_ONE_QUARTER_OUT,9,9,0.77002615795786578,0.65799396719679282,0.42176622188733376,VERIFIED_DOCUMENTED_VINTAGES_PARTIAL_RELEASE_HISTORY,2024Q4
DFM_B,conservative,PERMISSIVE_END_OF_DAY,FIRST_RELEASE,POOLED_RESEARCH_ONLY,ALL,LEAVE_ONE_QUARTER_OUT,27,9,0.72323498733068559,0.58674602521785413,0.50099828127927526,VERIFIED_DOCUMENTED_VINTAGES_PARTIAL_RELEASE_HISTORY,2024Q4
DFM_B,conservative,PERMISSIVE_END_OF_DAY,FIRST_RELEASE,POOLED_RESEARCH_ONLY,H2_H3,LEAVE_ONE_QUARTER_OUT,18,9,0.73262850086143338,0.60421180792794027,0.48352061373252053,VERIFIED_DOCUMENTED_VINTAGES_PARTIAL_RELEASE_HISTORY,2024Q4
DFM_B,conservative,PERMISSIVE_END_OF_DAY,LATEST_REVISED,DEVELOPMENT_PSEUDO_OOS,H1,LEAVE_ONE_QUARTER_OUT,5,5,0.34342553089147704,0.30310198398403881,0.30310198398403881,VERIFIED_DOCUMENTED_VINTAGES_PARTIAL_RELEASE_HISTORY,2024Q4
DFM_B,conservative,PERMISSIVE_END_OF_DAY,LATEST_REVISED,DEVELOPMENT_PSEUDO_OOS,H2,LEAVE_ONE_QUARTER_OUT,5,5,0.36306091502916021,0.33482354597902669,0.33482354597902669,VERIFIED_DOCUMENTED_VINTAGES_PARTIAL_RELEASE_HISTORY,2024Q4
DFM_B,conservative,PERMISSIVE_END_OF_DAY,LATEST_REVISED,DEVELOPMENT_PSEUDO_OOS,H3,LEAVE_ONE_QUARTER_OUT,5,5,0.5141352377142191,0.45696131658522104,0.12458045966985942,VERIFIED_DOCUMENTED_VINTAGES_PARTIAL_RELEASE_HISTORY,2024Q4
DFM_B,conservative,PERMISSIVE_END_OF_DAY,LATEST_REVISED,DEVELOPMENT_PSEUDO_OOS,ALL,LEAVE_ONE_QUARTER_OUT,15,5,0.4139602903457289,0.36496228218276217,0.25416866321097498,VERIFIED_DOCUMENTED_VINTAGES_PARTIAL_RELEASE_HISTORY,2024Q4
DFM_B,conservative,PERMISSIVE_END_OF_DAY,LATEST_REVISED,DEVELOPMENT_PSEUDO_OOS,H2_H3,LEAVE_ONE_QUARTER_OUT,10,5,0.44505520482366434,0.39589243128212387,0.22970200282444306,VERIFIED_DOCUMENTED_VINTAGES_PARTIAL_RELEASE_HISTORY,2024Q4
DFM_B,conservative,PERMISSIVE_END_OF_DAY,LATEST_REVISED,POOLED_RESEARCH_ONLY,H1,LEAVE_ONE_QUARTER_OUT,9,9,0.70812020190968872,0.58039806081722878,0.58039806081722878,VERIFIED_DOCUMENTED_VINTAGES_PARTIAL_RELEASE_HISTORY,2024Q4
DFM_B,conservative,PERMISSIVE_END_OF_DAY,LATEST_REVISED,POOLED_RESEARCH_ONLY,H2,LEAVE_ONE_QUARTER_OUT,9,9,0.70313238620565088,0.58971945002215109,0.58971945002215109,VERIFIED_DOCUMENTED_VINTAGES_PARTIAL_RELEASE_HISTORY,2024Q4
DFM_B,conservative,PERMISSIVE_END_OF_DAY,LATEST_REVISED,POOLED_RESEARCH_ONLY,H3,LEAVE_ONE_QUARTER_OUT,9,9,0.7447037154240258,0.65086669795142305,0.46621066633177766,VERIFIED_DOCUMENTED_VINTAGES_PARTIAL_RELEASE_HISTORY,2024Q4
DFM_B,conservative,PERMISSIVE_END_OF_DAY,LATEST_REVISED,POOLED_RESEARCH_ONLY,ALL,LEAVE_ONE_QUARTER_OUT,27,9,0.71889104335548637,0.6069947362636009,0.5454427257237191,VERIFIED_DOCUMENTED_VINTAGES_PARTIAL_RELEASE_HISTORY,2024Q4
DFM_B,conservative,PERMISSIVE_END_OF_DAY,LATEST_REVISED,POOLED_RESEARCH_ONLY,H2_H3,LEAVE_ONE_QUARTER_OUT,18,9,0.72421639594032972,0.62029307398678712,0.52796505817696426,VERIFIED_DOCUMENTED_VINTAGES_PARTIAL_RELEASE_HISTORY,2024Q4
DFM_B,conservative,STRICT,FIRST_RELEASE,DEVELOPMENT_PSEUDO_OOS,H1,LEAVE_ONE_QUARTER_OUT,5,5,0.32810211657509325,0.25165150214885512,0.22310198398403996,VERIFIED_DOCUMENTED_VINTAGES_PARTIAL_RELEASE_HISTORY,2024Q4
DFM_B,conservative,STRICT,FIRST_RELEASE,DEVELOPMENT_PSEUDO_OOS,H2,LEAVE_ONE_QUARTER_OUT,5,5,0.32693992622930051,0.26410190352551249,0.2548235459790279,VERIFIED_DOCUMENTED_VINTAGES_PARTIAL_RELEASE_HISTORY,2024Q4
DFM_B,conservative,STRICT,FIRST_RELEASE,DEVELOPMENT_PSEUDO_OOS,H3,LEAVE_ONE_QUARTER_OUT,5,5,0.57738811121364852,0.46979040122688698,0.044580459669860593,VERIFIED_DOCUMENTED_VINTAGES_PARTIAL_RELEASE_HISTORY,2024Q4
DFM_B,conservative,STRICT,FIRST_RELEASE,DEVELOPMENT_PSEUDO_OOS,ALL,LEAVE_ONE_QUARTER_OUT,15,5,0.42736313412785193,0.32851460230041823,0.17416866321097615,VERIFIED_DOCUMENTED_VINTAGES_PARTIAL_RELEASE_HISTORY,2024Q4
DFM_B,conservative,STRICT,FIRST_RELEASE,DEVELOPMENT_PSEUDO_OOS,H2_H3,LEAVE_ONE_QUARTER_OUT,10,5,0.4691837307141441,0.36694615237619976,0.14970200282444424,VERIFIED_DOCUMENTED_VINTAGES_PARTIAL_RELEASE_HISTORY,2024Q4
DFM_B,conservative,STRICT,FIRST_RELEASE,POOLED_RESEARCH_ONLY,H1,LEAVE_ONE_QUARTER_OUT,9,9,0.70407208448333491,0.55181445979768218,0.53595361637278482,VERIFIED_DOCUMENTED_VINTAGES_PARTIAL_RELEASE_HISTORY,2024Q4
DFM_B,conservative,STRICT,FIRST_RELEASE,POOLED_RESEARCH_ONLY,H2,LEAVE_ONE_QUARTER_OUT,9,9,0.69321624087263745,0.5504296486590875,0.54527500557770714,VERIFIED_DOCUMENTED_VINTAGES_PARTIAL_RELEASE_HISTORY,2024Q4
DFM_B,conservative,STRICT,FIRST_RELEASE,POOLED_RESEARCH_ONLY,H3,LEAVE_ONE_QUARTER_OUT,9,9,0.77002615795786578,0.65799396719679282,0.42176622188733376,VERIFIED_DOCUMENTED_VINTAGES_PARTIAL_RELEASE_HISTORY,2024Q4
DFM_B,conservative,STRICT,FIRST_RELEASE,POOLED_RESEARCH_ONLY,ALL,LEAVE_ONE_QUARTER_OUT,27,9,0.72323498733068559,0.58674602521785413,0.50099828127927526,VERIFIED_DOCUMENTED_VINTAGES_PARTIAL_RELEASE_HISTORY,2024Q4
DFM_B,conservative,STRICT,FIRST_RELEASE,POOLED_RESEARCH_ONLY,H2_H3,LEAVE_ONE_QUARTER_OUT,18,9,0.73262850086143338,0.60421180792794027,0.48352061373252053,VERIFIED_DOCUMENTED_VINTAGES_PARTIAL_RELEASE_HISTORY,2024Q4
DFM_B,conservative,STRICT,LATEST_REVISED,DEVELOPMENT_PSEUDO_OOS,H1,LEAVE_ONE_QUARTER_OUT,5,5,0.34342553089147704,0.30310198398403881,0.30310198398403881,VERIFIED_DOCUMENTED_VINTAGES_PARTIAL_RELEASE_HISTORY,2024Q4
DFM_B,conservative,STRICT,LATEST_REVISED,DEVELOPMENT_PSEUDO_OOS,H2,LEAVE_ONE_QUARTER_OUT,5,5,0.36306091502916021,0.33482354597902669,0.33482354597902669,VERIFIED_DOCUMENTED_VINTAGES_PARTIAL_RELEASE_HISTORY,2024Q4
DFM_B,conservative,STRICT,LATEST_REVISED,DEVELOPMENT_PSEUDO_OOS,H3,LEAVE_ONE_QUARTER_OUT,5,5,0.5141352377142191,0.45696131658522104,0.12458045966985942,VERIFIED_DOCUMENTED_VINTAGES_PARTIAL_RELEASE_HISTORY,2024Q4
DFM_B,conservative,STRICT,LATEST_REVISED,DEVELOPMENT_PSEUDO_OOS,ALL,LEAVE_ONE_QUARTER_OUT,15,5,0.4139602903457289,0.36496228218276217,0.25416866321097498,VERIFIED_DOCUMENTED_VINTAGES_PARTIAL_RELEASE_HISTORY,2024Q4
DFM_B,conservative,STRICT,LATEST_REVISED,DEVELOPMENT_PSEUDO_OOS,H2_H3,LEAVE_ONE_QUARTER_OUT,10,5,0.44505520482366434,0.39589243128212387,0.22970200282444306,VERIFIED_DOCUMENTED_VINTAGES_PARTIAL_RELEASE_HISTORY,2024Q4
DFM_B,conservative,STRICT,LATEST_REVISED,POOLED_RESEARCH_ONLY,H1,LEAVE_ONE_QUARTER_OUT,9,9,0.70812020190968872,0.58039806081722878,0.58039806081722878,VERIFIED_DOCUMENTED_VINTAGES_PARTIAL_RELEASE_HISTORY,2024Q4
DFM_B,conservative,STRICT,LATEST_REVISED,POOLED_RESEARCH_ONLY,H2,LEAVE_ONE_QUARTER_OUT,9,9,0.70313238620565088,0.58971945002215109,0.58971945002215109,VERIFIED_DOCUMENTED_VINTAGES_PARTIAL_RELEASE_HISTORY,2024Q4
DFM_B,conservative,STRICT,LATEST_REVISED,POOLED_RESEARCH_ONLY,H3,LEAVE_ONE_QUARTER_OUT,9,9,0.7447037154240258,0.65086669795142305,0.46621066633177766,VERIFIED_DOCUMENTED_VINTAGES_PARTIAL_RELEASE_HISTORY,2024Q4
DFM_B,conservative,STRICT,LATEST_REVISED,POOLED_RESEARCH_ONLY,ALL,LEAVE_ONE_QUARTER_OUT,27,9,0.71889104335548637,0.6069947362636009,0.5454427257237191,VERIFIED_DOCUMENTED_VINTAGES_PARTIAL_RELEASE_HISTORY,2024Q4
DFM_B,conservative,STRICT,LATEST_REVISED,POOLED_RESEARCH_ONLY,H2_H3,LEAVE_ONE_QUARTER_OUT,18,9,0.72421639594032972,0.62029307398678712,0.52796505817696426,VERIFIED_DOCUMENTED_VINTAGES_PARTIAL_RELEASE_HISTORY,2024Q4
DFM_B,standard,PERMISSIVE_END_OF_DAY,FIRST_RELEASE,DEVELOPMENT_PSEUDO_OOS,H1,LEAVE_ONE_QUARTER_OUT,5,5,0.30681717009540665,0.24120887552686926,0.21907404301924932,VERIFIED_DOCUMENTED_VINTAGES_PARTIAL_RELEASE_HISTORY,2024Q4
DFM_B,standard,PERMISSIVE_END_OF_DAY,FIRST_RELEASE,DEVELOPMENT_PSEUDO_OOS,H2,LEAVE_ONE_QUARTER_OUT,5,5,0.34232877301189685,0.28745920853976747,0.10604777115857918,VERIFIED_DOCUMENTED_VINTAGES_PARTIAL_RELEASE_HISTORY,2024Q4
DFM_B,standard,PERMISSIVE_END_OF_DAY,FIRST_RELEASE,DEVELOPMENT_PSEUDO_OOS,H3,LEAVE_ONE_QUARTER_OUT,5,5,0.50053969417472055,0.39460854178463817,0.031129735553228066,VERIFIED_DOCUMENTED_VINTAGES_PARTIAL_RELEASE_HISTORY,2024Q4
DFM_B,standard,PERMISSIVE_END_OF_DAY,FIRST_RELEASE,DEVELOPMENT_PSEUDO_OOS,ALL,LEAVE_ONE_QUARTER_OUT,15,5,0.39237131654497348,0.30775887528375828,0.11875051657701885,VERIFIED_DOCUMENTED_VINTAGES_PARTIAL_RELEASE_HISTORY,2024Q4
DFM_B,standard,PERMISSIVE_END_OF_DAY,FIRST_RELEASE,DEVELOPMENT_PSEUDO_OOS,H2_H3,LEAVE_ONE_QUARTER_OUT,10,5,0.42879422470245193,0.34103387516220279,0.068588753355903614,VERIFIED_DOCUMENTED_VINTAGES_PARTIAL_RELEASE_HISTORY,2024Q4
DFM_B,standard,PERMISSIVE_END_OF_DAY,FIRST_RELEASE,POOLED_RESEARCH_ONLY,H1,LEAVE_ONE_QUARTER_OUT,9,9,0.66910917974120176,0.5204417835453049,0.50814465437440492,VERIFIED_DOCUMENTED_VINTAGES_PARTIAL_RELEASE_HISTORY,2024Q4
DFM_B,standard,PERMISSIVE_END_OF_DAY,FIRST_RELEASE,POOLED_RESEARCH_ONLY,H2,LEAVE_ONE_QUARTER_OUT,9,9,0.66478297837822076,0.53574917258433585,0.43496504070589798,VERIFIED_DOCUMENTED_VINTAGES_PARTIAL_RELEASE_HISTORY,2024Q4
DFM_B,standard,PERMISSIVE_END_OF_DAY,FIRST_RELEASE,POOLED_RESEARCH_ONLY,H3,LEAVE_ONE_QUARTER_OUT,9,9,0.71107927537095883,0.59124298434275391,0.38931031421419277,VERIFIED_DOCUMENTED_VINTAGES_PARTIAL_RELEASE_HISTORY,2024Q4
DFM_B,standard,PERMISSIVE_END_OF_DAY,FIRST_RELEASE,POOLED_RESEARCH_ONLY,ALL,LEAVE_ONE_QUARTER_OUT,27,9,0.68197684188869889,0.54914464682413155,0.4441400030981652,VERIFIED_DOCUMENTED_VINTAGES_PARTIAL_RELEASE_HISTORY,2024Q4
DFM_B,standard,PERMISSIVE_END_OF_DAY,FIRST_RELEASE,POOLED_RESEARCH_ONLY,H2_H3,LEAVE_ONE_QUARTER_OUT,18,9,0.68832047194729939,0.56349607846354488,0.41213767746004537,VERIFIED_DOCUMENTED_VINTAGES_PARTIAL_RELEASE_HISTORY,2024Q4
DFM_B,standard,PERMISSIVE_END_OF_DAY,LATEST_REVISED,DEVELOPMENT_PSEUDO_OOS,H1,LEAVE_ONE_QUARTER_OUT,5,5,0.33192938464091698,0.29907404301924811,0.29907404301924811,VERIFIED_DOCUMENTED_VINTAGES_PARTIAL_RELEASE_HISTORY,2024Q4
DFM_B,standard,PERMISSIVE_END_OF_DAY,LATEST_REVISED,DEVELOPMENT_PSEUDO_OOS,H2,LEAVE_ONE_QUARTER_OUT,5,5,0.32307278351414792,0.28745920853976409,0.18604777115857801,VERIFIED_DOCUMENTED_VINTAGES_PARTIAL_RELEASE_HISTORY,2024Q4
DFM_B,standard,PERMISSIVE_END_OF_DAY,LATEST_REVISED,DEVELOPMENT_PSEUDO_OOS,H3,LEAVE_ONE_QUARTER_OUT,5,5,0.44027744002871494,0.39039367946574616,0.11112973555322689,VERIFIED_DOCUMENTED_VINTAGES_PARTIAL_RELEASE_HISTORY,2024Q4
DFM_B,standard,PERMISSIVE_END_OF_DAY,LATEST_REVISED,DEVELOPMENT_PSEUDO_OOS,ALL,LEAVE_ONE_QUARTER_OUT,15,5,0.36896131867442689,0.32564231034158614,0.19875051657701767,VERIFIED_DOCUMENTED_VINTAGES_PARTIAL_RELEASE_HISTORY,2024Q4
DFM_B,standard,PERMISSIVE_END_OF_DAY,LATEST_REVISED,DEVELOPMENT_PSEUDO_OOS,H2_H3,LEAVE_ONE_QUARTER_OUT,10,5,0.38614780048953934,0.33892644400275512,0.14858875335590244,VERIFIED_DOCUMENTED_VINTAGES_PARTIAL_RELEASE_HISTORY,2024Q4
DFM_B,standard,PERMISSIVE_END_OF_DAY,LATEST_REVISED,POOLED_RESEARCH_ONLY,H1,LEAVE_ONE_QUARTER_OUT,9,9,0.6757354472753061,0.55258909881884888,0.55258909881884888,VERIFIED_DOCUMENTED_VINTAGES_PARTIAL_RELEASE_HISTORY,2024Q4
DFM_B,standard,PERMISSIVE_END_OF_DAY,LATEST_REVISED,POOLED_RESEARCH_ONLY,H2,LEAVE_ONE_QUARTER_OUT,9,9,0.65940738109233865,0.53574917258433408,0.47940948515034187,VERIFIED_DOCUMENTED_VINTAGES_PARTIAL_RELEASE_HISTORY,2024Q4
DFM_B,standard,PERMISSIVE_END_OF_DAY,LATEST_REVISED,POOLED_RESEARCH_ONLY,H3,LEAVE_ONE_QUARTER_OUT,9,9,0.6885754067095804,0.58890139416559184,0.43375475865863666,VERIFIED_DOCUMENTED_VINTAGES_PARTIAL_RELEASE_HISTORY,2024Q4
DFM_B,standard,PERMISSIVE_END_OF_DAY,LATEST_REVISED,POOLED_RESEARCH_ONLY,ALL,LEAVE_ONE_QUARTER_OUT,27,9,0.67467833809124156,0.55907988852292489,0.4885844475426091,VERIFIED_DOCUMENTED_VINTAGES_PARTIAL_RELEASE_HISTORY,2024Q4
DFM_B,standard,PERMISSIVE_END_OF_DAY,LATEST_REVISED,POOLED_RESEARCH_ONLY,H2_H3,LEAVE_ONE_QUARTER_OUT,18,9,0.67414916189383522,0.5623252833749629,0.45658212190448921,VERIFIED_DOCUMENTED_VINTAGES_PARTIAL_RELEASE_HISTORY,2024Q4
DFM_B,standard,STRICT,FIRST_RELEASE,DEVELOPMENT_PSEUDO_OOS,H1,LEAVE_ONE_QUARTER_OUT,5,5,0.30681717009540665,0.24120887552686926,0.21907404301924932,VERIFIED_DOCUMENTED_VINTAGES_PARTIAL_RELEASE_HISTORY,2024Q4
DFM_B,standard,STRICT,FIRST_RELEASE,DEVELOPMENT_PSEUDO_OOS,H2,LEAVE_ONE_QUARTER_OUT,5,5,0.34232877301189685,0.28745920853976747,0.10604777115857918,VERIFIED_DOCUMENTED_VINTAGES_PARTIAL_RELEASE_HISTORY,2024Q4
DFM_B,standard,STRICT,FIRST_RELEASE,DEVELOPMENT_PSEUDO_OOS,H3,LEAVE_ONE_QUARTER_OUT,5,5,0.50053969417472055,0.39460854178463817,0.031129735553228066,VERIFIED_DOCUMENTED_VINTAGES_PARTIAL_RELEASE_HISTORY,2024Q4
DFM_B,standard,STRICT,FIRST_RELEASE,DEVELOPMENT_PSEUDO_OOS,ALL,LEAVE_ONE_QUARTER_OUT,15,5,0.39237131654497348,0.30775887528375828,0.11875051657701885,VERIFIED_DOCUMENTED_VINTAGES_PARTIAL_RELEASE_HISTORY,2024Q4
DFM_B,standard,STRICT,FIRST_RELEASE,DEVELOPMENT_PSEUDO_OOS,H2_H3,LEAVE_ONE_QUARTER_OUT,10,5,0.42879422470245193,0.34103387516220279,0.068588753355903614,VERIFIED_DOCUMENTED_VINTAGES_PARTIAL_RELEASE_HISTORY,2024Q4
DFM_B,standard,STRICT,FIRST_RELEASE,POOLED_RESEARCH_ONLY,H1,LEAVE_ONE_QUARTER_OUT,9,9,0.66910917974120176,0.5204417835453049,0.50814465437440492,VERIFIED_DOCUMENTED_VINTAGES_PARTIAL_RELEASE_HISTORY,2024Q4
DFM_B,standard,STRICT,FIRST_RELEASE,POOLED_RESEARCH_ONLY,H2,LEAVE_ONE_QUARTER_OUT,9,9,0.66478297837822076,0.53574917258433585,0.43496504070589798,VERIFIED_DOCUMENTED_VINTAGES_PARTIAL_RELEASE_HISTORY,2024Q4
DFM_B,standard,STRICT,FIRST_RELEASE,POOLED_RESEARCH_ONLY,H3,LEAVE_ONE_QUARTER_OUT,9,9,0.71107927537095883,0.59124298434275391,0.38931031421419277,VERIFIED_DOCUMENTED_VINTAGES_PARTIAL_RELEASE_HISTORY,2024Q4
DFM_B,standard,STRICT,FIRST_RELEASE,POOLED_RESEARCH_ONLY,ALL,LEAVE_ONE_QUARTER_OUT,27,9,0.68197684188869889,0.54914464682413155,0.4441400030981652,VERIFIED_DOCUMENTED_VINTAGES_PARTIAL_RELEASE_HISTORY,2024Q4
DFM_B,standard,STRICT,FIRST_RELEASE,POOLED_RESEARCH_ONLY,H2_H3,LEAVE_ONE_QUARTER_OUT,18,9,0.68832047194729939,0.56349607846354488,0.41213767746004537,VERIFIED_DOCUMENTED_VINTAGES_PARTIAL_RELEASE_HISTORY,2024Q4
DFM_B,standard,STRICT,LATEST_REVISED,DEVELOPMENT_PSEUDO_OOS,H1,LEAVE_ONE_QUARTER_OUT,5,5,0.33192938464091698,0.29907404301924811,0.29907404301924811,VERIFIED_DOCUMENTED_VINTAGES_PARTIAL_RELEASE_HISTORY,2024Q4
DFM_B,standard,STRICT,LATEST_REVISED,DEVELOPMENT_PSEUDO_OOS,H2,LEAVE_ONE_QUARTER_OUT,5,5,0.32307278351414792,0.28745920853976409,0.18604777115857801,VERIFIED_DOCUMENTED_VINTAGES_PARTIAL_RELEASE_HISTORY,2024Q4
DFM_B,standard,STRICT,LATEST_REVISED,DEVELOPMENT_PSEUDO_OOS,H3,LEAVE_ONE_QUARTER_OUT,5,5,0.44027744002871494,0.39039367946574616,0.11112973555322689,VERIFIED_DOCUMENTED_VINTAGES_PARTIAL_RELEASE_HISTORY,2024Q4
DFM_B,standard,STRICT,LATEST_REVISED,DEVELOPMENT_PSEUDO_OOS,ALL,LEAVE_ONE_QUARTER_OUT,15,5,0.36896131867442689,0.32564231034158614,0.19875051657701767,VERIFIED_DOCUMENTED_VINTAGES_PARTIAL_RELEASE_HISTORY,2024Q4
DFM_B,standard,STRICT,LATEST_REVISED,DEVELOPMENT_PSEUDO_OOS,H2_H3,LEAVE_ONE_QUARTER_OUT,10,5,0.38614780048953934,0.33892644400275512,0.14858875335590244,VERIFIED_DOCUMENTED_VINTAGES_PARTIAL_RELEASE_HISTORY,2024Q4
DFM_B,standard,STRICT,LATEST_REVISED,POOLED_RESEARCH_ONLY,H1,LEAVE_ONE_QUARTER_OUT,9,9,0.6757354472753061,0.55258909881884888,0.55258909881884888,VERIFIED_DOCUMENTED_VINTAGES_PARTIAL_RELEASE_HISTORY,2024Q4
DFM_B,standard,STRICT,LATEST_REVISED,POOLED_RESEARCH_ONLY,H2,LEAVE_ONE_QUARTER_OUT,9,9,0.65940738109233865,0.53574917258433408,0.47940948515034187,VERIFIED_DOCUMENTED_VINTAGES_PARTIAL_RELEASE_HISTORY,2024Q4
DFM_B,standard,STRICT,LATEST_REVISED,POOLED_RESEARCH_ONLY,H3,LEAVE_ONE_QUARTER_OUT,9,9,0.6885754067095804,0.58890139416559184,0.43375475865863666,VERIFIED_DOCUMENTED_VINTAGES_PARTIAL_RELEASE_HISTORY,2024Q4
DFM_B,standard,STRICT,LATEST_REVISED,POOLED_RESEARCH_ONLY,ALL,LEAVE_ONE_QUARTER_OUT,27,9,0.67467833809124156,0.55907988852292489,0.4885844475426091,VERIFIED_DOCUMENTED_VINTAGES_PARTIAL_RELEASE_HISTORY,2024Q4
DFM_B,standard,STRICT,LATEST_REVISED,POOLED_RESEARCH_ONLY,H2_H3,LEAVE_ONE_QUARTER_OUT,18,9,0.67414916189383522,0.5623252833749629,0.45658212190448921,VERIFIED_DOCUMENTED_VINTAGES_PARTIAL_RELEASE_HISTORY,2024Q4
PRODUCTION_ENSEMBLE,conservative,PERMISSIVE_END_OF_DAY,FIRST_RELEASE,DEVELOPMENT_PSEUDO_OOS,H1,LEAVE_ONE_QUARTER_OUT,5,5,0.49288990545123323,0.47038914314055569,0.47038914314055569,VERIFIED_DOCUMENTED_VINTAGES_PARTIAL_RELEASE_HISTORY,2024Q4
PRODUCTION_ENSEMBLE,conservative,PERMISSIVE_END_OF_DAY,FIRST_RELEASE,DEVELOPMENT_PSEUDO_OOS,H2,LEAVE_ONE_QUARTER_OUT,5,5,0.46913900877613568,0.44335455081476044,0.44335455081476044,VERIFIED_DOCUMENTED_VINTAGES_PARTIAL_RELEASE_HISTORY,2024Q4
PRODUCTION_ENSEMBLE,conservative,PERMISSIVE_END_OF_DAY,FIRST_RELEASE,DEVELOPMENT_PSEUDO_OOS,H3,LEAVE_ONE_QUARTER_OUT,5,5,0.50011322235732114,0.46629048479887752,0.46629048479887752,VERIFIED_DOCUMENTED_VINTAGES_PARTIAL_RELEASE_HISTORY,2024Q4
PRODUCTION_ENSEMBLE,conservative,PERMISSIVE_END_OF_DAY,FIRST_RELEASE,DEVELOPMENT_PSEUDO_OOS,ALL,LEAVE_ONE_QUARTER_OUT,15,5,0.48756028811071289,0.46001139291806459,0.46001139291806459,VERIFIED_DOCUMENTED_VINTAGES_PARTIAL_RELEASE_HISTORY,2024Q4
PRODUCTION_ENSEMBLE,conservative,PERMISSIVE_END_OF_DAY,FIRST_RELEASE,DEVELOPMENT_PSEUDO_OOS,H2_H3,LEAVE_ONE_QUARTER_OUT,10,5,0.4848735117183029,0.45482251780681898,0.45482251780681898,VERIFIED_DOCUMENTED_VINTAGES_PARTIAL_RELEASE_HISTORY,2024Q4
PRODUCTION_ENSEMBLE,conservative,PERMISSIVE_END_OF_DAY,FIRST_RELEASE,POOLED_RESEARCH_ONLY,H1,LEAVE_ONE_QUARTER_OUT,9,9,0.55807561080380375,0.45141427045584531,0.45141427045584531,VERIFIED_DOCUMENTED_VINTAGES_PARTIAL_RELEASE_HISTORY,2024Q4
PRODUCTION_ENSEMBLE,conservative,PERMISSIVE_END_OF_DAY,FIRST_RELEASE,POOLED_RESEARCH_ONLY,H2,LEAVE_ONE_QUARTER_OUT,9,9,0.62861267269741117,0.51783108604611117,0.4719022054356401,VERIFIED_DOCUMENTED_VINTAGES_PARTIAL_RELEASE_HISTORY,2024Q4
PRODUCTION_ENSEMBLE,conservative,PERMISSIVE_END_OF_DAY,FIRST_RELEASE,POOLED_RESEARCH_ONLY,H3,LEAVE_ONE_QUARTER_OUT,9,9,0.65226860644386264,0.50851550074031504,0.48092144666114073,VERIFIED_DOCUMENTED_VINTAGES_PARTIAL_RELEASE_HISTORY,2024Q4
PRODUCTION_ENSEMBLE,conservative,PERMISSIVE_END_OF_DAY,FIRST_RELEASE,POOLED_RESEARCH_ONLY,ALL,LEAVE_ONE_QUARTER_OUT,27,9,0.61429000062457995,0.49258695241409051,0.46807930751754206,VERIFIED_DOCUMENTED_VINTAGES_PARTIAL_RELEASE_HISTORY,2024Q4
PRODUCTION_ENSEMBLE,conservative,PERMISSIVE_END_OF_DAY,FIRST_RELEASE,POOLED_RESEARCH_ONLY,H2_H3,LEAVE_ONE_QUARTER_OUT,18,9,0.64054985255950259,0.51317329339321305,0.47641182604839039,VERIFIED_DOCUMENTED_VINTAGES_PARTIAL_RELEASE_HISTORY,2024Q4
PRODUCTION_ENSEMBLE,conservative,PERMISSIVE_END_OF_DAY,LATEST_REVISED,DEVELOPMENT_PSEUDO_OOS,H1,LEAVE_ONE_QUARTER_OUT,5,5,0.56099077963118205,0.55038914314055454,0.55038914314055454,VERIFIED_DOCUMENTED_VINTAGES_PARTIAL_RELEASE_HISTORY,2024Q4
PRODUCTION_ENSEMBLE,conservative,PERMISSIVE_END_OF_DAY,LATEST_REVISED,DEVELOPMENT_PSEUDO_OOS,H2,LEAVE_ONE_QUARTER_OUT,5,5,0.54680034962875279,0.52335455081475923,0.52335455081475923,VERIFIED_DOCUMENTED_VINTAGES_PARTIAL_RELEASE_HISTORY,2024Q4
PRODUCTION_ENSEMBLE,conservative,PERMISSIVE_END_OF_DAY,LATEST_REVISED,DEVELOPMENT_PSEUDO_OOS,H3,LEAVE_ONE_QUARTER_OUT,5,5,0.57448785822854276,0.54629048479887632,0.54629048479887632,VERIFIED_DOCUMENTED_VINTAGES_PARTIAL_RELEASE_HISTORY,2024Q4
PRODUCTION_ENSEMBLE,conservative,PERMISSIVE_END_OF_DAY,LATEST_REVISED,DEVELOPMENT_PSEUDO_OOS,ALL,LEAVE_ONE_QUARTER_OUT,15,5,0.5608735972978065,0.54001139291806344,0.54001139291806344,VERIFIED_DOCUMENTED_VINTAGES_PARTIAL_RELEASE_HISTORY,2024Q4
PRODUCTION_ENSEMBLE,conservative,PERMISSIVE_END_OF_DAY,LATEST_REVISED,DEVELOPMENT_PSEUDO_OOS,H2_H3,LEAVE_ONE_QUARTER_OUT,10,5,0.56081499694914749,0.53482251780681778,0.53482251780681778,VERIFIED_DOCUMENTED_VINTAGES_PARTIAL_RELEASE_HISTORY,2024Q4
PRODUCTION_ENSEMBLE,conservative,PERMISSIVE_END_OF_DAY,LATEST_REVISED,POOLED_RESEARCH_ONLY,H1,LEAVE_ONE_QUARTER_OUT,9,9,0.59272313810859767,0.49585871490028921,0.49585871490028921,VERIFIED_DOCUMENTED_VINTAGES_PARTIAL_RELEASE_HISTORY,2024Q4
PRODUCTION_ENSEMBLE,conservative,PERMISSIVE_END_OF_DAY,LATEST_REVISED,POOLED_RESEARCH_ONLY,H2,LEAVE_ONE_QUARTER_OUT,9,9,0.66256078081565051,0.56227553049055445,0.51634664988008394,VERIFIED_DOCUMENTED_VINTAGES_PARTIAL_RELEASE_HISTORY,2024Q4
PRODUCTION_ENSEMBLE,conservative,PERMISSIVE_END_OF_DAY,LATEST_REVISED,POOLED_RESEARCH_ONLY,H3,LEAVE_ONE_QUARTER_OUT,9,9,0.68546045634764896,0.55295994518475833,0.52536589110558463,VERIFIED_DOCUMENTED_VINTAGES_PARTIAL_RELEASE_HISTORY,2024Q4
PRODUCTION_ENSEMBLE,conservative,PERMISSIVE_END_OF_DAY,LATEST_REVISED,POOLED_RESEARCH_ONLY,ALL,LEAVE_ONE_QUARTER_OUT,27,9,0.64811612743928215,0.53703139685853407,0.51252375196198596,VERIFIED_DOCUMENTED_VINTAGES_PARTIAL_RELEASE_HISTORY,2024Q4
PRODUCTION_ENSEMBLE,conservative,PERMISSIVE_END_OF_DAY,LATEST_REVISED,POOLED_RESEARCH_ONLY,H2_H3,LEAVE_ONE_QUARTER_OUT,18,9,0.67410786432564773,0.55761773783765634,0.52085627049283423,VERIFIED_DOCUMENTED_VINTAGES_PARTIAL_RELEASE_HISTORY,2024Q4
PRODUCTION_ENSEMBLE,conservative,STRICT,FIRST_RELEASE,DEVELOPMENT_PSEUDO_OOS,H1,LEAVE_ONE_QUARTER_OUT,5,5,0.49288990545123323,0.47038914314055569,0.47038914314055569,VERIFIED_DOCUMENTED_VINTAGES_PARTIAL_RELEASE_HISTORY,2024Q4
PRODUCTION_ENSEMBLE,conservative,STRICT,FIRST_RELEASE,DEVELOPMENT_PSEUDO_OOS,H2,LEAVE_ONE_QUARTER_OUT,5,5,0.46913900877613568,0.44335455081476044,0.44335455081476044,VERIFIED_DOCUMENTED_VINTAGES_PARTIAL_RELEASE_HISTORY,2024Q4
PRODUCTION_ENSEMBLE,conservative,STRICT,FIRST_RELEASE,DEVELOPMENT_PSEUDO_OOS,H3,LEAVE_ONE_QUARTER_OUT,5,5,0.50011322235732114,0.46629048479887752,0.46629048479887752,VERIFIED_DOCUMENTED_VINTAGES_PARTIAL_RELEASE_HISTORY,2024Q4
PRODUCTION_ENSEMBLE,conservative,STRICT,FIRST_RELEASE,DEVELOPMENT_PSEUDO_OOS,ALL,LEAVE_ONE_QUARTER_OUT,15,5,0.48756028811071289,0.46001139291806459,0.46001139291806459,VERIFIED_DOCUMENTED_VINTAGES_PARTIAL_RELEASE_HISTORY,2024Q4
PRODUCTION_ENSEMBLE,conservative,STRICT,FIRST_RELEASE,DEVELOPMENT_PSEUDO_OOS,H2_H3,LEAVE_ONE_QUARTER_OUT,10,5,0.4848735117183029,0.45482251780681898,0.45482251780681898,VERIFIED_DOCUMENTED_VINTAGES_PARTIAL_RELEASE_HISTORY,2024Q4
PRODUCTION_ENSEMBLE,conservative,STRICT,FIRST_RELEASE,POOLED_RESEARCH_ONLY,H1,LEAVE_ONE_QUARTER_OUT,9,9,0.55807561080380375,0.45141427045584531,0.45141427045584531,VERIFIED_DOCUMENTED_VINTAGES_PARTIAL_RELEASE_HISTORY,2024Q4
PRODUCTION_ENSEMBLE,conservative,STRICT,FIRST_RELEASE,POOLED_RESEARCH_ONLY,H2,LEAVE_ONE_QUARTER_OUT,9,9,0.62861267269741117,0.51783108604611117,0.4719022054356401,VERIFIED_DOCUMENTED_VINTAGES_PARTIAL_RELEASE_HISTORY,2024Q4
PRODUCTION_ENSEMBLE,conservative,STRICT,FIRST_RELEASE,POOLED_RESEARCH_ONLY,H3,LEAVE_ONE_QUARTER_OUT,9,9,0.65226860644386264,0.50851550074031504,0.48092144666114073,VERIFIED_DOCUMENTED_VINTAGES_PARTIAL_RELEASE_HISTORY,2024Q4
PRODUCTION_ENSEMBLE,conservative,STRICT,FIRST_RELEASE,POOLED_RESEARCH_ONLY,ALL,LEAVE_ONE_QUARTER_OUT,27,9,0.61429000062457995,0.49258695241409051,0.46807930751754206,VERIFIED_DOCUMENTED_VINTAGES_PARTIAL_RELEASE_HISTORY,2024Q4
PRODUCTION_ENSEMBLE,conservative,STRICT,FIRST_RELEASE,POOLED_RESEARCH_ONLY,H2_H3,LEAVE_ONE_QUARTER_OUT,18,9,0.64054985255950259,0.51317329339321305,0.47641182604839039,VERIFIED_DOCUMENTED_VINTAGES_PARTIAL_RELEASE_HISTORY,2024Q4
PRODUCTION_ENSEMBLE,conservative,STRICT,LATEST_REVISED,DEVELOPMENT_PSEUDO_OOS,H1,LEAVE_ONE_QUARTER_OUT,5,5,0.56099077963118205,0.55038914314055454,0.55038914314055454,VERIFIED_DOCUMENTED_VINTAGES_PARTIAL_RELEASE_HISTORY,2024Q4
PRODUCTION_ENSEMBLE,conservative,STRICT,LATEST_REVISED,DEVELOPMENT_PSEUDO_OOS,H2,LEAVE_ONE_QUARTER_OUT,5,5,0.54680034962875279,0.52335455081475923,0.52335455081475923,VERIFIED_DOCUMENTED_VINTAGES_PARTIAL_RELEASE_HISTORY,2024Q4
PRODUCTION_ENSEMBLE,conservative,STRICT,LATEST_REVISED,DEVELOPMENT_PSEUDO_OOS,H3,LEAVE_ONE_QUARTER_OUT,5,5,0.57448785822854276,0.54629048479887632,0.54629048479887632,VERIFIED_DOCUMENTED_VINTAGES_PARTIAL_RELEASE_HISTORY,2024Q4
PRODUCTION_ENSEMBLE,conservative,STRICT,LATEST_REVISED,DEVELOPMENT_PSEUDO_OOS,ALL,LEAVE_ONE_QUARTER_OUT,15,5,0.5608735972978065,0.54001139291806344,0.54001139291806344,VERIFIED_DOCUMENTED_VINTAGES_PARTIAL_RELEASE_HISTORY,2024Q4
PRODUCTION_ENSEMBLE,conservative,STRICT,LATEST_REVISED,DEVELOPMENT_PSEUDO_OOS,H2_H3,LEAVE_ONE_QUARTER_OUT,10,5,0.56081499694914749,0.53482251780681778,0.53482251780681778,VERIFIED_DOCUMENTED_VINTAGES_PARTIAL_RELEASE_HISTORY,2024Q4
PRODUCTION_ENSEMBLE,conservative,STRICT,LATEST_REVISED,POOLED_RESEARCH_ONLY,H1,LEAVE_ONE_QUARTER_OUT,9,9,0.59272313810859767,0.49585871490028921,0.49585871490028921,VERIFIED_DOCUMENTED_VINTAGES_PARTIAL_RELEASE_HISTORY,2024Q4
PRODUCTION_ENSEMBLE,conservative,STRICT,LATEST_REVISED,POOLED_RESEARCH_ONLY,H2,LEAVE_ONE_QUARTER_OUT,9,9,0.66256078081565051,0.56227553049055445,0.51634664988008394,VERIFIED_DOCUMENTED_VINTAGES_PARTIAL_RELEASE_HISTORY,2024Q4
PRODUCTION_ENSEMBLE,conservative,STRICT,LATEST_REVISED,POOLED_RESEARCH_ONLY,H3,LEAVE_ONE_QUARTER_OUT,9,9,0.68546045634764896,0.55295994518475833,0.52536589110558463,VERIFIED_DOCUMENTED_VINTAGES_PARTIAL_RELEASE_HISTORY,2024Q4
PRODUCTION_ENSEMBLE,conservative,STRICT,LATEST_REVISED,POOLED_RESEARCH_ONLY,ALL,LEAVE_ONE_QUARTER_OUT,27,9,0.64811612743928215,0.53703139685853407,0.51252375196198596,VERIFIED_DOCUMENTED_VINTAGES_PARTIAL_RELEASE_HISTORY,2024Q4
PRODUCTION_ENSEMBLE,conservative,STRICT,LATEST_REVISED,POOLED_RESEARCH_ONLY,H2_H3,LEAVE_ONE_QUARTER_OUT,18,9,0.67410786432564773,0.55761773783765634,0.52085627049283423,VERIFIED_DOCUMENTED_VINTAGES_PARTIAL_RELEASE_HISTORY,2024Q4
PRODUCTION_ENSEMBLE,standard,PERMISSIVE_END_OF_DAY,FIRST_RELEASE,DEVELOPMENT_PSEUDO_OOS,H1,LEAVE_ONE_QUARTER_OUT,5,5,0.46913900877613568,0.44335455081476044,0.44335455081476044,VERIFIED_DOCUMENTED_VINTAGES_PARTIAL_RELEASE_HISTORY,2024Q4
PRODUCTION_ENSEMBLE,standard,PERMISSIVE_END_OF_DAY,FIRST_RELEASE,DEVELOPMENT_PSEUDO_OOS,H2,LEAVE_ONE_QUARTER_OUT,5,5,0.50011322235732114,0.46629048479887752,0.46629048479887752,VERIFIED_DOCUMENTED_VINTAGES_PARTIAL_RELEASE_HISTORY,2024Q4
PRODUCTION_ENSEMBLE,standard,PERMISSIVE_END_OF_DAY,FIRST_RELEASE,DEVELOPMENT_PSEUDO_OOS,H3,LEAVE_ONE_QUARTER_OUT,5,5,0.35703426287202955,0.34168030310485931,0.20389460140053134,VERIFIED_DOCUMENTED_VINTAGES_PARTIAL_RELEASE_HISTORY,2024Q4
PRODUCTION_ENSEMBLE,standard,PERMISSIVE_END_OF_DAY,FIRST_RELEASE,DEVELOPMENT_PSEUDO_OOS,ALL,LEAVE_ONE_QUARTER_OUT,15,5,0.44634743925804854,0.41710844623949911,0.3711798790047231,VERIFIED_DOCUMENTED_VINTAGES_PARTIAL_RELEASE_HISTORY,2024Q4
PRODUCTION_ENSEMBLE,standard,PERMISSIVE_END_OF_DAY,FIRST_RELEASE,DEVELOPMENT_PSEUDO_OOS,H2_H3,LEAVE_ONE_QUARTER_OUT,10,5,0.43450356732781653,0.40398539395186839,0.33509254309970443,VERIFIED_DOCUMENTED_VINTAGES_PARTIAL_RELEASE_HISTORY,2024Q4
PRODUCTION_ENSEMBLE,standard,PERMISSIVE_END_OF_DAY,FIRST_RELEASE,POOLED_RESEARCH_ONLY,H1,LEAVE_ONE_QUARTER_OUT,9,9,0.62861267269741117,0.51783108604611117,0.4719022054356401,VERIFIED_DOCUMENTED_VINTAGES_PARTIAL_RELEASE_HISTORY,2024Q4
PRODUCTION_ENSEMBLE,standard,PERMISSIVE_END_OF_DAY,FIRST_RELEASE,POOLED_RESEARCH_ONLY,H2,LEAVE_ONE_QUARTER_OUT,9,9,0.65226860644386264,0.50851550074031504,0.48092144666114073,VERIFIED_DOCUMENTED_VINTAGES_PARTIAL_RELEASE_HISTORY,2024Q4
PRODUCTION_ENSEMBLE,standard,PERMISSIVE_END_OF_DAY,FIRST_RELEASE,POOLED_RESEARCH_ONLY,H3,LEAVE_ONE_QUARTER_OUT,9,9,0.4072583033116064,0.32327079254982316,0.24672318049186318,VERIFIED_DOCUMENTED_VINTAGES_PARTIAL_RELEASE_HISTORY,2024Q4
PRODUCTION_ENSEMBLE,standard,PERMISSIVE_END_OF_DAY,FIRST_RELEASE,POOLED_RESEARCH_ONLY,ALL,LEAVE_ONE_QUARTER_OUT,27,9,0.57343048193721768,0.44987245977874973,0.3998489441962147,VERIFIED_DOCUMENTED_VINTAGES_PARTIAL_RELEASE_HISTORY,2024Q4
PRODUCTION_ENSEMBLE,standard,PERMISSIVE_END_OF_DAY,FIRST_RELEASE,POOLED_RESEARCH_ONLY,H2_H3,LEAVE_ONE_QUARTER_OUT,18,9,0.5437433496459827,0.4158931466450691,0.36382231357650197,VERIFIED_DOCUMENTED_VINTAGES_PARTIAL_RELEASE_HISTORY,2024Q4
PRODUCTION_ENSEMBLE,standard,PERMISSIVE_END_OF_DAY,LATEST_REVISED,DEVELOPMENT_PSEUDO_OOS,H1,LEAVE_ONE_QUARTER_OUT,5,5,0.54680034962875279,0.52335455081475923,0.52335455081475923,VERIFIED_DOCUMENTED_VINTAGES_PARTIAL_RELEASE_HISTORY,2024Q4
PRODUCTION_ENSEMBLE,standard,PERMISSIVE_END_OF_DAY,LATEST_REVISED,DEVELOPMENT_PSEUDO_OOS,H2,LEAVE_ONE_QUARTER_OUT,5,5,0.57448785822854276,0.54629048479887632,0.54629048479887632,VERIFIED_DOCUMENTED_VINTAGES_PARTIAL_RELEASE_HISTORY,2024Q4
PRODUCTION_ENSEMBLE,standard,PERMISSIVE_END_OF_DAY,LATEST_REVISED,DEVELOPMENT_PSEUDO_OOS,H3,LEAVE_ONE_QUARTER_OUT,5,5,0.43692738712262774,0.42168030310485705,0.28389460140053019,VERIFIED_DOCUMENTED_VINTAGES_PARTIAL_RELEASE_HISTORY,2024Q4
PRODUCTION_ENSEMBLE,standard,PERMISSIVE_END_OF_DAY,LATEST_REVISED,DEVELOPMENT_PSEUDO_OOS,ALL,LEAVE_ONE_QUARTER_OUT,15,5,0.52279137433076528,0.49710844623949757,0.45117987900472195,VERIFIED_DOCUMENTED_VINTAGES_PARTIAL_RELEASE_HISTORY,2024Q4
PRODUCTION_ENSEMBLE,standard,PERMISSIVE_END_OF_DAY,LATEST_REVISED,DEVELOPMENT_PSEUDO_OOS,H2_H3,LEAVE_ONE_QUARTER_OUT,10,5,0.51036351793100609,0.48398539395186668,0.41509254309970328,VERIFIED_DOCUMENTED_VINTAGES_PARTIAL_RELEASE_HISTORY,2024Q4
PRODUCTION_ENSEMBLE,standard,PERMISSIVE_END_OF_DAY,LATEST_REVISED,POOLED_RESEARCH_ONLY,H1,LEAVE_ONE_QUARTER_OUT,9,9,0.66256078081565051,0.56227553049055445,0.51634664988008394,VERIFIED_DOCUMENTED_VINTAGES_PARTIAL_RELEASE_HISTORY,2024Q4
PRODUCTION_ENSEMBLE,standard,PERMISSIVE_END_OF_DAY,LATEST_REVISED,POOLED_RESEARCH_ONLY,H2,LEAVE_ONE_QUARTER_OUT,9,9,0.68546045634764896,0.55295994518475833,0.52536589110558463,VERIFIED_DOCUMENTED_VINTAGES_PARTIAL_RELEASE_HISTORY,2024Q4
PRODUCTION_ENSEMBLE,standard,PERMISSIVE_END_OF_DAY,LATEST_REVISED,POOLED_RESEARCH_ONLY,H3,LEAVE_ONE_QUARTER_OUT,9,9,0.44844104211917768,0.36771523699426645,0.2911676249363071,VERIFIED_DOCUMENTED_VINTAGES_PARTIAL_RELEASE_HISTORY,2024Q4
PRODUCTION_ENSEMBLE,standard,PERMISSIVE_END_OF_DAY,LATEST_REVISED,POOLED_RESEARCH_ONLY,ALL,LEAVE_ONE_QUARTER_OUT,27,9,0.60826041400820685,0.49431690422319313,0.44429338864065859,VERIFIED_DOCUMENTED_VINTAGES_PARTIAL_RELEASE_HISTORY,2024Q4
PRODUCTION_ENSEMBLE,standard,PERMISSIVE_END_OF_DAY,LATEST_REVISED,POOLED_RESEARCH_ONLY,H2_H3,LEAVE_ONE_QUARTER_OUT,18,9,0.57920437043985662,0.46033759108951233,0.40826675802094586,VERIFIED_DOCUMENTED_VINTAGES_PARTIAL_RELEASE_HISTORY,2024Q4
PRODUCTION_ENSEMBLE,standard,STRICT,FIRST_RELEASE,DEVELOPMENT_PSEUDO_OOS,H1,LEAVE_ONE_QUARTER_OUT,5,5,0.46913900877613568,0.44335455081476044,0.44335455081476044,VERIFIED_DOCUMENTED_VINTAGES_PARTIAL_RELEASE_HISTORY,2024Q4
PRODUCTION_ENSEMBLE,standard,STRICT,FIRST_RELEASE,DEVELOPMENT_PSEUDO_OOS,H2,LEAVE_ONE_QUARTER_OUT,5,5,0.50011322235732114,0.46629048479887752,0.46629048479887752,VERIFIED_DOCUMENTED_VINTAGES_PARTIAL_RELEASE_HISTORY,2024Q4
PRODUCTION_ENSEMBLE,standard,STRICT,FIRST_RELEASE,DEVELOPMENT_PSEUDO_OOS,H3,LEAVE_ONE_QUARTER_OUT,5,5,0.35703426287202955,0.34168030310485931,0.20389460140053134,VERIFIED_DOCUMENTED_VINTAGES_PARTIAL_RELEASE_HISTORY,2024Q4
PRODUCTION_ENSEMBLE,standard,STRICT,FIRST_RELEASE,DEVELOPMENT_PSEUDO_OOS,ALL,LEAVE_ONE_QUARTER_OUT,15,5,0.44634743925804854,0.41710844623949911,0.3711798790047231,VERIFIED_DOCUMENTED_VINTAGES_PARTIAL_RELEASE_HISTORY,2024Q4
PRODUCTION_ENSEMBLE,standard,STRICT,FIRST_RELEASE,DEVELOPMENT_PSEUDO_OOS,H2_H3,LEAVE_ONE_QUARTER_OUT,10,5,0.43450356732781653,0.40398539395186839,0.33509254309970443,VERIFIED_DOCUMENTED_VINTAGES_PARTIAL_RELEASE_HISTORY,2024Q4
PRODUCTION_ENSEMBLE,standard,STRICT,FIRST_RELEASE,POOLED_RESEARCH_ONLY,H1,LEAVE_ONE_QUARTER_OUT,9,9,0.62861267269741117,0.51783108604611117,0.4719022054356401,VERIFIED_DOCUMENTED_VINTAGES_PARTIAL_RELEASE_HISTORY,2024Q4
PRODUCTION_ENSEMBLE,standard,STRICT,FIRST_RELEASE,POOLED_RESEARCH_ONLY,H2,LEAVE_ONE_QUARTER_OUT,9,9,0.65226860644386264,0.50851550074031504,0.48092144666114073,VERIFIED_DOCUMENTED_VINTAGES_PARTIAL_RELEASE_HISTORY,2024Q4
PRODUCTION_ENSEMBLE,standard,STRICT,FIRST_RELEASE,POOLED_RESEARCH_ONLY,H3,LEAVE_ONE_QUARTER_OUT,9,9,0.4072583033116064,0.32327079254982316,0.24672318049186318,VERIFIED_DOCUMENTED_VINTAGES_PARTIAL_RELEASE_HISTORY,2024Q4
PRODUCTION_ENSEMBLE,standard,STRICT,FIRST_RELEASE,POOLED_RESEARCH_ONLY,ALL,LEAVE_ONE_QUARTER_OUT,27,9,0.57343048193721768,0.44987245977874973,0.3998489441962147,VERIFIED_DOCUMENTED_VINTAGES_PARTIAL_RELEASE_HISTORY,2024Q4
PRODUCTION_ENSEMBLE,standard,STRICT,FIRST_RELEASE,POOLED_RESEARCH_ONLY,H2_H3,LEAVE_ONE_QUARTER_OUT,18,9,0.5437433496459827,0.4158931466450691,0.36382231357650197,VERIFIED_DOCUMENTED_VINTAGES_PARTIAL_RELEASE_HISTORY,2024Q4
PRODUCTION_ENSEMBLE,standard,STRICT,LATEST_REVISED,DEVELOPMENT_PSEUDO_OOS,H1,LEAVE_ONE_QUARTER_OUT,5,5,0.54680034962875279,0.52335455081475923,0.52335455081475923,VERIFIED_DOCUMENTED_VINTAGES_PARTIAL_RELEASE_HISTORY,2024Q4
PRODUCTION_ENSEMBLE,standard,STRICT,LATEST_REVISED,DEVELOPMENT_PSEUDO_OOS,H2,LEAVE_ONE_QUARTER_OUT,5,5,0.57448785822854276,0.54629048479887632,0.54629048479887632,VERIFIED_DOCUMENTED_VINTAGES_PARTIAL_RELEASE_HISTORY,2024Q4
PRODUCTION_ENSEMBLE,standard,STRICT,LATEST_REVISED,DEVELOPMENT_PSEUDO_OOS,H3,LEAVE_ONE_QUARTER_OUT,5,5,0.43692738712262774,0.42168030310485705,0.28389460140053019,VERIFIED_DOCUMENTED_VINTAGES_PARTIAL_RELEASE_HISTORY,2024Q4
PRODUCTION_ENSEMBLE,standard,STRICT,LATEST_REVISED,DEVELOPMENT_PSEUDO_OOS,ALL,LEAVE_ONE_QUARTER_OUT,15,5,0.52279137433076528,0.49710844623949757,0.45117987900472195,VERIFIED_DOCUMENTED_VINTAGES_PARTIAL_RELEASE_HISTORY,2024Q4
PRODUCTION_ENSEMBLE,standard,STRICT,LATEST_REVISED,DEVELOPMENT_PSEUDO_OOS,H2_H3,LEAVE_ONE_QUARTER_OUT,10,5,0.51036351793100609,0.48398539395186668,0.41509254309970328,VERIFIED_DOCUMENTED_VINTAGES_PARTIAL_RELEASE_HISTORY,2024Q4
PRODUCTION_ENSEMBLE,standard,STRICT,LATEST_REVISED,POOLED_RESEARCH_ONLY,H1,LEAVE_ONE_QUARTER_OUT,9,9,0.66256078081565051,0.56227553049055445,0.51634664988008394,VERIFIED_DOCUMENTED_VINTAGES_PARTIAL_RELEASE_HISTORY,2024Q4
PRODUCTION_ENSEMBLE,standard,STRICT,LATEST_REVISED,POOLED_RESEARCH_ONLY,H2,LEAVE_ONE_QUARTER_OUT,9,9,0.68546045634764896,0.55295994518475833,0.52536589110558463,VERIFIED_DOCUMENTED_VINTAGES_PARTIAL_RELEASE_HISTORY,2024Q4
PRODUCTION_ENSEMBLE,standard,STRICT,LATEST_REVISED,POOLED_RESEARCH_ONLY,H3,LEAVE_ONE_QUARTER_OUT,9,9,0.44844104211917768,0.36771523699426645,0.2911676249363071,VERIFIED_DOCUMENTED_VINTAGES_PARTIAL_RELEASE_HISTORY,2024Q4
PRODUCTION_ENSEMBLE,standard,STRICT,LATEST_REVISED,POOLED_RESEARCH_ONLY,ALL,LEAVE_ONE_QUARTER_OUT,27,9,0.60826041400820685,0.49431690422319313,0.44429338864065859,VERIFIED_DOCUMENTED_VINTAGES_PARTIAL_RELEASE_HISTORY,2024Q4
PRODUCTION_ENSEMBLE,standard,STRICT,LATEST_REVISED,POOLED_RESEARCH_ONLY,H2_H3,LEAVE_ONE_QUARTER_OUT,18,9,0.57920437043985662,0.46033759108951233,0.40826675802094586,VERIFIED_DOCUMENTED_VINTAGES_PARTIAL_RELEASE_HISTORY,2024Q4
UMIDAS_USD,conservative,PERMISSIVE_END_OF_DAY,FIRST_RELEASE,DEVELOPMENT_PSEUDO_OOS,H1,LEAVE_ONE_QUARTER_OUT,5,5,0.43063717271657626,0.40617964187421907,0.40617964187421907,VERIFIED_DOCUMENTED_VINTAGES_PARTIAL_RELEASE_HISTORY,2024Q4
UMIDAS_USD,conservative,PERMISSIVE_END_OF_DAY,FIRST_RELEASE,DEVELOPMENT_PSEUDO_OOS,H2,LEAVE_ONE_QUARTER_OUT,5,5,0.41046623065623472,0.36357445643046604,0.35211045722262868,VERIFIED_DOCUMENTED_VINTAGES_PARTIAL_RELEASE_HISTORY,2024Q4
UMIDAS_USD,conservative,PERMISSIVE_END_OF_DAY,FIRST_RELEASE,DEVELOPMENT_PSEUDO_OOS,H3,LEAVE_ONE_QUARTER_OUT,5,5,0.47182534984229768,0.41526279954765732,0.39798232519086324,VERIFIED_DOCUMENTED_VINTAGES_PARTIAL_RELEASE_HISTORY,2024Q4
UMIDAS_USD,conservative,PERMISSIVE_END_OF_DAY,FIRST_RELEASE,DEVELOPMENT_PSEUDO_OOS,ALL,LEAVE_ONE_QUARTER_OUT,15,5,0.43838721916751106,0.39500563261744748,0.38542414142923698,VERIFIED_DOCUMENTED_VINTAGES_PARTIAL_RELEASE_HISTORY,2024Q4
UMIDAS_USD,conservative,PERMISSIVE_END_OF_DAY,FIRST_RELEASE,DEVELOPMENT_PSEUDO_OOS,H2_H3,LEAVE_ONE_QUARTER_OUT,10,5,0.44221131106233813,0.38941862798906168,0.37504639120674599,VERIFIED_DOCUMENTED_VINTAGES_PARTIAL_RELEASE_HISTORY,2024Q4
UMIDAS_USD,conservative,PERMISSIVE_END_OF_DAY,FIRST_RELEASE,POOLED_RESEARCH_ONLY,H1,LEAVE_ONE_QUARTER_OUT,9,9,0.41734716141826733,0.34971889353018093,0.27160407582762525,VERIFIED_DOCUMENTED_VINTAGES_PARTIAL_RELEASE_HISTORY,2024Q4
UMIDAS_USD,conservative,PERMISSIVE_END_OF_DAY,FIRST_RELEASE,POOLED_RESEARCH_ONLY,H2,LEAVE_ONE_QUARTER_OUT,9,9,0.62240562620068141,0.53232588435031947,0.31257994578721465,VERIFIED_DOCUMENTED_VINTAGES_PARTIAL_RELEASE_HISTORY,2024Q4
UMIDAS_USD,conservative,PERMISSIVE_END_OF_DAY,FIRST_RELEASE,POOLED_RESEARCH_ONLY,H3,LEAVE_ONE_QUARTER_OUT,9,9,0.64043087169775947,0.51692608882148128,0.33061842823821624,VERIFIED_DOCUMENTED_VINTAGES_PARTIAL_RELEASE_HISTORY,2024Q4
UMIDAS_USD,conservative,PERMISSIVE_END_OF_DAY,FIRST_RELEASE,POOLED_RESEARCH_ONLY,ALL,LEAVE_ONE_QUARTER_OUT,27,9,0.56912772968631553,0.46632362223399387,0.3049341499510187,VERIFIED_DOCUMENTED_VINTAGES_PARTIAL_RELEASE_HISTORY,2024Q4
UMIDAS_USD,conservative,PERMISSIVE_END_OF_DAY,FIRST_RELEASE,POOLED_RESEARCH_ONLY,H2_H3,LEAVE_ONE_QUARTER_OUT,18,9,0.63148256703958749,0.52462598658590032,0.32159918701271545,VERIFIED_DOCUMENTED_VINTAGES_PARTIAL_RELEASE_HISTORY,2024Q4
UMIDAS_USD,conservative,PERMISSIVE_END_OF_DAY,LATEST_REVISED,DEVELOPMENT_PSEUDO_OOS,H1,LEAVE_ONE_QUARTER_OUT,5,5,0.50346821912429995,0.48617964187421786,0.48617964187421786,VERIFIED_DOCUMENTED_VINTAGES_PARTIAL_RELEASE_HISTORY,2024Q4
UMIDAS_USD,conservative,PERMISSIVE_END_OF_DAY,LATEST_REVISED,DEVELOPMENT_PSEUDO_OOS,H2,LEAVE_ONE_QUARTER_OUT,5,5,0.50077183764504574,0.443574456430467,0.43211045722262753,VERIFIED_DOCUMENTED_VINTAGES_PARTIAL_RELEASE_HISTORY,2024Q4
UMIDAS_USD,conservative,PERMISSIVE_END_OF_DAY,LATEST_REVISED,DEVELOPMENT_PSEUDO_OOS,H3,LEAVE_ONE_QUARTER_OUT,5,5,0.55403679496628455,0.49526279954765828,0.47798232519086203,VERIFIED_DOCUMENTED_VINTAGES_PARTIAL_RELEASE_HISTORY,2024Q4
UMIDAS_USD,conservative,PERMISSIVE_END_OF_DAY,LATEST_REVISED,DEVELOPMENT_PSEUDO_OOS,ALL,LEAVE_ONE_QUARTER_OUT,15,5,0.52000302922935082,0.47500563261744772,0.46542414142923583,VERIFIED_DOCUMENTED_VINTAGES_PARTIAL_RELEASE_HISTORY,2024Q4
UMIDAS_USD,conservative,PERMISSIVE_END_OF_DAY,LATEST_REVISED,DEVELOPMENT_PSEUDO_OOS,H2_H3,LEAVE_ONE_QUARTER_OUT,10,5,0.52807632192463849,0.46941862798906264,0.45504639120674478,VERIFIED_DOCUMENTED_VINTAGES_PARTIAL_RELEASE_HISTORY,2024Q4
UMIDAS_USD,conservative,PERMISSIVE_END_OF_DAY,LATEST_REVISED,POOLED_RESEARCH_ONLY,H1,LEAVE_ONE_QUARTER_OUT,9,9,0.46040649237739584,0.39416333797462538,0.31604852027206909,VERIFIED_DOCUMENTED_VINTAGES_PARTIAL_RELEASE_HISTORY,2024Q4
UMIDAS_USD,conservative,PERMISSIVE_END_OF_DAY,LATEST_REVISED,POOLED_RESEARCH_ONLY,H2,LEAVE_ONE_QUARTER_OUT,9,9,0.65810742166733549,0.57677032879476398,0.35702439023165855,VERIFIED_DOCUMENTED_VINTAGES_PARTIAL_RELEASE_HISTORY,2024Q4
UMIDAS_USD,conservative,PERMISSIVE_END_OF_DAY,LATEST_REVISED,POOLED_RESEARCH_ONLY,H3,LEAVE_ONE_QUARTER_OUT,9,9,0.67602213638357389,0.56137053326592579,0.37506287268266014,VERIFIED_DOCUMENTED_VINTAGES_PARTIAL_RELEASE_HISTORY,2024Q4
UMIDAS_USD,conservative,PERMISSIVE_END_OF_DAY,LATEST_REVISED,POOLED_RESEARCH_ONLY,ALL,LEAVE_ONE_QUARTER_OUT,27,9,0.60610379901946843,0.51076806667843844,0.34937859439546265,VERIFIED_DOCUMENTED_VINTAGES_PARTIAL_RELEASE_HISTORY,2024Q4
UMIDAS_USD,conservative,PERMISSIVE_END_OF_DAY,LATEST_REVISED,POOLED_RESEARCH_ONLY,H2_H3,LEAVE_ONE_QUARTER_OUT,18,9,0.66712491608927305,0.56907043103034483,0.36604363145715935,VERIFIED_DOCUMENTED_VINTAGES_PARTIAL_RELEASE_HISTORY,2024Q4
UMIDAS_USD,conservative,STRICT,FIRST_RELEASE,DEVELOPMENT_PSEUDO_OOS,H1,LEAVE_ONE_QUARTER_OUT,5,5,0.43063717271657626,0.40617964187421907,0.40617964187421907,VERIFIED_DOCUMENTED_VINTAGES_PARTIAL_RELEASE_HISTORY,2024Q4
UMIDAS_USD,conservative,STRICT,FIRST_RELEASE,DEVELOPMENT_PSEUDO_OOS,H2,LEAVE_ONE_QUARTER_OUT,5,5,0.41046623065623472,0.36357445643046604,0.35211045722262868,VERIFIED_DOCUMENTED_VINTAGES_PARTIAL_RELEASE_HISTORY,2024Q4
UMIDAS_USD,conservative,STRICT,FIRST_RELEASE,DEVELOPMENT_PSEUDO_OOS,H3,LEAVE_ONE_QUARTER_OUT,5,5,0.47182534984229768,0.41526279954765732,0.39798232519086324,VERIFIED_DOCUMENTED_VINTAGES_PARTIAL_RELEASE_HISTORY,2024Q4
UMIDAS_USD,conservative,STRICT,FIRST_RELEASE,DEVELOPMENT_PSEUDO_OOS,ALL,LEAVE_ONE_QUARTER_OUT,15,5,0.43838721916751106,0.39500563261744748,0.38542414142923698,VERIFIED_DOCUMENTED_VINTAGES_PARTIAL_RELEASE_HISTORY,2024Q4
UMIDAS_USD,conservative,STRICT,FIRST_RELEASE,DEVELOPMENT_PSEUDO_OOS,H2_H3,LEAVE_ONE_QUARTER_OUT,10,5,0.44221131106233813,0.38941862798906168,0.37504639120674599,VERIFIED_DOCUMENTED_VINTAGES_PARTIAL_RELEASE_HISTORY,2024Q4
UMIDAS_USD,conservative,STRICT,FIRST_RELEASE,POOLED_RESEARCH_ONLY,H1,LEAVE_ONE_QUARTER_OUT,9,9,0.41734716141826733,0.34971889353018093,0.27160407582762525,VERIFIED_DOCUMENTED_VINTAGES_PARTIAL_RELEASE_HISTORY,2024Q4
UMIDAS_USD,conservative,STRICT,FIRST_RELEASE,POOLED_RESEARCH_ONLY,H2,LEAVE_ONE_QUARTER_OUT,9,9,0.62240562620068141,0.53232588435031947,0.31257994578721465,VERIFIED_DOCUMENTED_VINTAGES_PARTIAL_RELEASE_HISTORY,2024Q4
UMIDAS_USD,conservative,STRICT,FIRST_RELEASE,POOLED_RESEARCH_ONLY,H3,LEAVE_ONE_QUARTER_OUT,9,9,0.64043087169775947,0.51692608882148128,0.33061842823821624,VERIFIED_DOCUMENTED_VINTAGES_PARTIAL_RELEASE_HISTORY,2024Q4
UMIDAS_USD,conservative,STRICT,FIRST_RELEASE,POOLED_RESEARCH_ONLY,ALL,LEAVE_ONE_QUARTER_OUT,27,9,0.56912772968631553,0.46632362223399387,0.3049341499510187,VERIFIED_DOCUMENTED_VINTAGES_PARTIAL_RELEASE_HISTORY,2024Q4
UMIDAS_USD,conservative,STRICT,FIRST_RELEASE,POOLED_RESEARCH_ONLY,H2_H3,LEAVE_ONE_QUARTER_OUT,18,9,0.63148256703958749,0.52462598658590032,0.32159918701271545,VERIFIED_DOCUMENTED_VINTAGES_PARTIAL_RELEASE_HISTORY,2024Q4
UMIDAS_USD,conservative,STRICT,LATEST_REVISED,DEVELOPMENT_PSEUDO_OOS,H1,LEAVE_ONE_QUARTER_OUT,5,5,0.50346821912429995,0.48617964187421786,0.48617964187421786,VERIFIED_DOCUMENTED_VINTAGES_PARTIAL_RELEASE_HISTORY,2024Q4
UMIDAS_USD,conservative,STRICT,LATEST_REVISED,DEVELOPMENT_PSEUDO_OOS,H2,LEAVE_ONE_QUARTER_OUT,5,5,0.50077183764504574,0.443574456430467,0.43211045722262753,VERIFIED_DOCUMENTED_VINTAGES_PARTIAL_RELEASE_HISTORY,2024Q4
UMIDAS_USD,conservative,STRICT,LATEST_REVISED,DEVELOPMENT_PSEUDO_OOS,H3,LEAVE_ONE_QUARTER_OUT,5,5,0.55403679496628455,0.49526279954765828,0.47798232519086203,VERIFIED_DOCUMENTED_VINTAGES_PARTIAL_RELEASE_HISTORY,2024Q4
UMIDAS_USD,conservative,STRICT,LATEST_REVISED,DEVELOPMENT_PSEUDO_OOS,ALL,LEAVE_ONE_QUARTER_OUT,15,5,0.52000302922935082,0.47500563261744772,0.46542414142923583,VERIFIED_DOCUMENTED_VINTAGES_PARTIAL_RELEASE_HISTORY,2024Q4
UMIDAS_USD,conservative,STRICT,LATEST_REVISED,DEVELOPMENT_PSEUDO_OOS,H2_H3,LEAVE_ONE_QUARTER_OUT,10,5,0.52807632192463849,0.46941862798906264,0.45504639120674478,VERIFIED_DOCUMENTED_VINTAGES_PARTIAL_RELEASE_HISTORY,2024Q4
UMIDAS_USD,conservative,STRICT,LATEST_REVISED,POOLED_RESEARCH_ONLY,H1,LEAVE_ONE_QUARTER_OUT,9,9,0.46040649237739584,0.39416333797462538,0.31604852027206909,VERIFIED_DOCUMENTED_VINTAGES_PARTIAL_RELEASE_HISTORY,2024Q4
UMIDAS_USD,conservative,STRICT,LATEST_REVISED,POOLED_RESEARCH_ONLY,H2,LEAVE_ONE_QUARTER_OUT,9,9,0.65810742166733549,0.57677032879476398,0.35702439023165855,VERIFIED_DOCUMENTED_VINTAGES_PARTIAL_RELEASE_HISTORY,2024Q4
UMIDAS_USD,conservative,STRICT,LATEST_REVISED,POOLED_RESEARCH_ONLY,H3,LEAVE_ONE_QUARTER_OUT,9,9,0.67602213638357389,0.56137053326592579,0.37506287268266014,VERIFIED_DOCUMENTED_VINTAGES_PARTIAL_RELEASE_HISTORY,2024Q4
UMIDAS_USD,conservative,STRICT,LATEST_REVISED,POOLED_RESEARCH_ONLY,ALL,LEAVE_ONE_QUARTER_OUT,27,9,0.60610379901946843,0.51076806667843844,0.34937859439546265,VERIFIED_DOCUMENTED_VINTAGES_PARTIAL_RELEASE_HISTORY,2024Q4
UMIDAS_USD,conservative,STRICT,LATEST_REVISED,POOLED_RESEARCH_ONLY,H2_H3,LEAVE_ONE_QUARTER_OUT,18,9,0.66712491608927305,0.56907043103034483,0.36604363145715935,VERIFIED_DOCUMENTED_VINTAGES_PARTIAL_RELEASE_HISTORY,2024Q4
UMIDAS_USD,standard,PERMISSIVE_END_OF_DAY,FIRST_RELEASE,DEVELOPMENT_PSEUDO_OOS,H1,LEAVE_ONE_QUARTER_OUT,5,5,0.41046623065623472,0.36357445643046604,0.35211045722262868,VERIFIED_DOCUMENTED_VINTAGES_PARTIAL_RELEASE_HISTORY,2024Q4
UMIDAS_USD,standard,PERMISSIVE_END_OF_DAY,FIRST_RELEASE,DEVELOPMENT_PSEUDO_OOS,H2,LEAVE_ONE_QUARTER_OUT,5,5,0.47182534984229768,0.41526279954765732,0.39798232519086324,VERIFIED_DOCUMENTED_VINTAGES_PARTIAL_RELEASE_HISTORY,2024Q4
UMIDAS_USD,standard,PERMISSIVE_END_OF_DAY,FIRST_RELEASE,DEVELOPMENT_PSEUDO_OOS,H3,LEAVE_ONE_QUARTER_OUT,5,5,0.64262226553328161,0.4239154656696309,-0.12680944160582913,VERIFIED_DOCUMENTED_VINTAGES_PARTIAL_RELEASE_HISTORY,2024Q4
UMIDAS_USD,standard,PERMISSIVE_END_OF_DAY,FIRST_RELEASE,DEVELOPMENT_PSEUDO_OOS,ALL,LEAVE_ONE_QUARTER_OUT,15,5,0.51770811062543454,0.40091757388258475,0.20776111360255425,VERIFIED_DOCUMENTED_VINTAGES_PARTIAL_RELEASE_HISTORY,2024Q4
UMIDAS_USD,standard,PERMISSIVE_END_OF_DAY,FIRST_RELEASE,DEVELOPMENT_PSEUDO_OOS,H2_H3,LEAVE_ONE_QUARTER_OUT,10,5,0.56372978319090705,0.41958913260864411,0.13558644179251705,VERIFIED_DOCUMENTED_VINTAGES_PARTIAL_RELEASE_HISTORY,2024Q4
UMIDAS_USD,standard,PERMISSIVE_END_OF_DAY,FIRST_RELEASE,POOLED_RESEARCH_ONLY,H1,LEAVE_ONE_QUARTER_OUT,9,9,0.62240562620068141,0.53232588435031947,0.31257994578721465,VERIFIED_DOCUMENTED_VINTAGES_PARTIAL_RELEASE_HISTORY,2024Q4
UMIDAS_USD,standard,PERMISSIVE_END_OF_DAY,FIRST_RELEASE,POOLED_RESEARCH_ONLY,H2,LEAVE_ONE_QUARTER_OUT,9,9,0.64043087169775947,0.51692608882148128,0.33061842823821624,VERIFIED_DOCUMENTED_VINTAGES_PARTIAL_RELEASE_HISTORY,2024Q4
UMIDAS_USD,standard,PERMISSIVE_END_OF_DAY,FIRST_RELEASE,POOLED_RESEARCH_ONLY,H3,LEAVE_ONE_QUARTER_OUT,9,9,0.52620942086790412,0.36361220984057163,-0.13777810410033908,VERIFIED_DOCUMENTED_VINTAGES_PARTIAL_RELEASE_HISTORY,2024Q4
UMIDAS_USD,standard,PERMISSIVE_END_OF_DAY,FIRST_RELEASE,POOLED_RESEARCH_ONLY,ALL,LEAVE_ONE_QUARTER_OUT,27,9,0.59845267692607329,0.47095472767079077,0.16847342330836396,VERIFIED_DOCUMENTED_VINTAGES_PARTIAL_RELEASE_HISTORY,2024Q4
UMIDAS_USD,standard,PERMISSIVE_END_OF_DAY,FIRST_RELEASE,POOLED_RESEARCH_ONLY,H2_H3,LEAVE_ONE_QUARTER_OUT,18,9,0.58610922874225724,0.44026914933102645,0.096420162068938595,VERIFIED_DOCUMENTED_VINTAGES_PARTIAL_RELEASE_HISTORY,2024Q4
UMIDAS_USD,standard,PERMISSIVE_END_OF_DAY,LATEST_REVISED,DEVELOPMENT_PSEUDO_OOS,H1,LEAVE_ONE_QUARTER_OUT,5,5,0.50077183764504574,0.443574456430467,0.43211045722262753,VERIFIED_DOCUMENTED_VINTAGES_PARTIAL_RELEASE_HISTORY,2024Q4
UMIDAS_USD,standard,PERMISSIVE_END_OF_DAY,LATEST_REVISED,DEVELOPMENT_PSEUDO_OOS,H2,LEAVE_ONE_QUARTER_OUT,5,5,0.55403679496628455,0.49526279954765828,0.47798232519086203,VERIFIED_DOCUMENTED_VINTAGES_PARTIAL_RELEASE_HISTORY,2024Q4
UMIDAS_USD,standard,PERMISSIVE_END_OF_DAY,LATEST_REVISED,DEVELOPMENT_PSEUDO_OOS,H3,LEAVE_ONE_QUARTER_OUT,5,5,0.68140957649383693,0.50391546566963075,-0.046809441605830317,VERIFIED_DOCUMENTED_VINTAGES_PARTIAL_RELEASE_HISTORY,2024Q4
UMIDAS_USD,standard,PERMISSIVE_END_OF_DAY,LATEST_REVISED,DEVELOPMENT_PSEUDO_OOS,ALL,LEAVE_ONE_QUARTER_OUT,15,5,0.5836803390248293,0.48091757388258538,0.28776111360255308,VERIFIED_DOCUMENTED_VINTAGES_PARTIAL_RELEASE_HISTORY,2024Q4
UMIDAS_USD,standard,PERMISSIVE_END_OF_DAY,LATEST_REVISED,DEVELOPMENT_PSEUDO_OOS,H2_H3,LEAVE_ONE_QUARTER_OUT,10,5,0.62099749641766788,0.49958913260864451,0.21558644179251588,VERIFIED_DOCUMENTED_VINTAGES_PARTIAL_RELEASE_HISTORY,2024Q4
UMIDAS_USD,standard,PERMISSIVE_END_OF_DAY,LATEST_REVISED,POOLED_RESEARCH_ONLY,H1,LEAVE_ONE_QUARTER_OUT,9,9,0.65810742166733549,0.57677032879476398,0.35702439023165855,VERIFIED_DOCUMENTED_VINTAGES_PARTIAL_RELEASE_HISTORY,2024Q4
UMIDAS_USD,standard,PERMISSIVE_END_OF_DAY,LATEST_REVISED,POOLED_RESEARCH_ONLY,H2,LEAVE_ONE_QUARTER_OUT,9,9,0.67602213638357389,0.56137053326592579,0.37506287268266014,VERIFIED_DOCUMENTED_VINTAGES_PARTIAL_RELEASE_HISTORY,2024Q4
UMIDAS_USD,standard,PERMISSIVE_END_OF_DAY,LATEST_REVISED,POOLED_RESEARCH_ONLY,H3,LEAVE_ONE_QUARTER_OUT,9,9,0.55265474106384727,0.4080566542850167,-0.093333659655895185,VERIFIED_DOCUMENTED_VINTAGES_PARTIAL_RELEASE_HISTORY,2024Q4
UMIDAS_USD,standard,PERMISSIVE_END_OF_DAY,LATEST_REVISED,POOLED_RESEARCH_ONLY,ALL,LEAVE_ONE_QUARTER_OUT,27,9,0.63127874724102329,0.51539917211523545,0.21291786775280783,VERIFIED_DOCUMENTED_VINTAGES_PARTIAL_RELEASE_HISTORY,2024Q4
UMIDAS_USD,standard,PERMISSIVE_END_OF_DAY,LATEST_REVISED,POOLED_RESEARCH_ONLY,H2_H3,LEAVE_ONE_QUARTER_OUT,18,9,0.61742740127927564,0.48471359377547124,0.14086460651338248,VERIFIED_DOCUMENTED_VINTAGES_PARTIAL_RELEASE_HISTORY,2024Q4
UMIDAS_USD,standard,STRICT,FIRST_RELEASE,DEVELOPMENT_PSEUDO_OOS,H1,LEAVE_ONE_QUARTER_OUT,5,5,0.41046623065623472,0.36357445643046604,0.35211045722262868,VERIFIED_DOCUMENTED_VINTAGES_PARTIAL_RELEASE_HISTORY,2024Q4
UMIDAS_USD,standard,STRICT,FIRST_RELEASE,DEVELOPMENT_PSEUDO_OOS,H2,LEAVE_ONE_QUARTER_OUT,5,5,0.47182534984229768,0.41526279954765732,0.39798232519086324,VERIFIED_DOCUMENTED_VINTAGES_PARTIAL_RELEASE_HISTORY,2024Q4
UMIDAS_USD,standard,STRICT,FIRST_RELEASE,DEVELOPMENT_PSEUDO_OOS,H3,LEAVE_ONE_QUARTER_OUT,5,5,0.64262226553328161,0.4239154656696309,-0.12680944160582913,VERIFIED_DOCUMENTED_VINTAGES_PARTIAL_RELEASE_HISTORY,2024Q4
UMIDAS_USD,standard,STRICT,FIRST_RELEASE,DEVELOPMENT_PSEUDO_OOS,ALL,LEAVE_ONE_QUARTER_OUT,15,5,0.51770811062543454,0.40091757388258475,0.20776111360255425,VERIFIED_DOCUMENTED_VINTAGES_PARTIAL_RELEASE_HISTORY,2024Q4
UMIDAS_USD,standard,STRICT,FIRST_RELEASE,DEVELOPMENT_PSEUDO_OOS,H2_H3,LEAVE_ONE_QUARTER_OUT,10,5,0.56372978319090705,0.41958913260864411,0.13558644179251705,VERIFIED_DOCUMENTED_VINTAGES_PARTIAL_RELEASE_HISTORY,2024Q4
UMIDAS_USD,standard,STRICT,FIRST_RELEASE,POOLED_RESEARCH_ONLY,H1,LEAVE_ONE_QUARTER_OUT,9,9,0.62240562620068141,0.53232588435031947,0.31257994578721465,VERIFIED_DOCUMENTED_VINTAGES_PARTIAL_RELEASE_HISTORY,2024Q4
UMIDAS_USD,standard,STRICT,FIRST_RELEASE,POOLED_RESEARCH_ONLY,H2,LEAVE_ONE_QUARTER_OUT,9,9,0.64043087169775947,0.51692608882148128,0.33061842823821624,VERIFIED_DOCUMENTED_VINTAGES_PARTIAL_RELEASE_HISTORY,2024Q4
UMIDAS_USD,standard,STRICT,FIRST_RELEASE,POOLED_RESEARCH_ONLY,H3,LEAVE_ONE_QUARTER_OUT,9,9,0.52620942086790412,0.36361220984057163,-0.13777810410033908,VERIFIED_DOCUMENTED_VINTAGES_PARTIAL_RELEASE_HISTORY,2024Q4
UMIDAS_USD,standard,STRICT,FIRST_RELEASE,POOLED_RESEARCH_ONLY,ALL,LEAVE_ONE_QUARTER_OUT,27,9,0.59845267692607329,0.47095472767079077,0.16847342330836396,VERIFIED_DOCUMENTED_VINTAGES_PARTIAL_RELEASE_HISTORY,2024Q4
UMIDAS_USD,standard,STRICT,FIRST_RELEASE,POOLED_RESEARCH_ONLY,H2_H3,LEAVE_ONE_QUARTER_OUT,18,9,0.58610922874225724,0.44026914933102645,0.096420162068938595,VERIFIED_DOCUMENTED_VINTAGES_PARTIAL_RELEASE_HISTORY,2024Q4
UMIDAS_USD,standard,STRICT,LATEST_REVISED,DEVELOPMENT_PSEUDO_OOS,H1,LEAVE_ONE_QUARTER_OUT,5,5,0.50077183764504574,0.443574456430467,0.43211045722262753,VERIFIED_DOCUMENTED_VINTAGES_PARTIAL_RELEASE_HISTORY,2024Q4
UMIDAS_USD,standard,STRICT,LATEST_REVISED,DEVELOPMENT_PSEUDO_OOS,H2,LEAVE_ONE_QUARTER_OUT,5,5,0.55403679496628455,0.49526279954765828,0.47798232519086203,VERIFIED_DOCUMENTED_VINTAGES_PARTIAL_RELEASE_HISTORY,2024Q4
UMIDAS_USD,standard,STRICT,LATEST_REVISED,DEVELOPMENT_PSEUDO_OOS,H3,LEAVE_ONE_QUARTER_OUT,5,5,0.68140957649383693,0.50391546566963075,-0.046809441605830317,VERIFIED_DOCUMENTED_VINTAGES_PARTIAL_RELEASE_HISTORY,2024Q4
UMIDAS_USD,standard,STRICT,LATEST_REVISED,DEVELOPMENT_PSEUDO_OOS,ALL,LEAVE_ONE_QUARTER_OUT,15,5,0.5836803390248293,0.48091757388258538,0.28776111360255308,VERIFIED_DOCUMENTED_VINTAGES_PARTIAL_RELEASE_HISTORY,2024Q4
UMIDAS_USD,standard,STRICT,LATEST_REVISED,DEVELOPMENT_PSEUDO_OOS,H2_H3,LEAVE_ONE_QUARTER_OUT,10,5,0.62099749641766788,0.49958913260864451,0.21558644179251588,VERIFIED_DOCUMENTED_VINTAGES_PARTIAL_RELEASE_HISTORY,2024Q4
UMIDAS_USD,standard,STRICT,LATEST_REVISED,POOLED_RESEARCH_ONLY,H1,LEAVE_ONE_QUARTER_OUT,9,9,0.65810742166733549,0.57677032879476398,0.35702439023165855,VERIFIED_DOCUMENTED_VINTAGES_PARTIAL_RELEASE_HISTORY,2024Q4
UMIDAS_USD,standard,STRICT,LATEST_REVISED,POOLED_RESEARCH_ONLY,H2,LEAVE_ONE_QUARTER_OUT,9,9,0.67602213638357389,0.56137053326592579,0.37506287268266014,VERIFIED_DOCUMENTED_VINTAGES_PARTIAL_RELEASE_HISTORY,2024Q4
UMIDAS_USD,standard,STRICT,LATEST_REVISED,POOLED_RESEARCH_ONLY,H3,LEAVE_ONE_QUARTER_OUT,9,9,0.55265474106384727,0.4080566542850167,-0.093333659655895185,VERIFIED_DOCUMENTED_VINTAGES_PARTIAL_RELEASE_HISTORY,2024Q4
UMIDAS_USD,standard,STRICT,LATEST_REVISED,POOLED_RESEARCH_ONLY,ALL,LEAVE_ONE_QUARTER_OUT,27,9,0.63127874724102329,0.51539917211523545,0.21291786775280783,VERIFIED_DOCUMENTED_VINTAGES_PARTIAL_RELEASE_HISTORY,2024Q4
UMIDAS_USD,standard,STRICT,LATEST_REVISED,POOLED_RESEARCH_ONLY,H2_H3,LEAVE_ONE_QUARTER_OUT,18,9,0.61742740127927564,0.48471359377547124,0.14086460651338248,VERIFIED_DOCUMENTED_VINTAGES_PARTIAL_RELEASE_HISTORY,2024Q4
COMBO_B,conservative,PERMISSIVE_END_OF_DAY,FIRST_RELEASE,DEVELOPMENT_PSEUDO_OOS,H1,LEAVE_ONE_QUARTER_OUT,5,5,0.30848065003642566,0.23421376400963095,0.227642310917612,VERIFIED_DOCUMENTED_VINTAGES_PARTIAL_RELEASE_HISTORY,2025Q1
COMBO_B,conservative,PERMISSIVE_END_OF_DAY,FIRST_RELEASE,DEVELOPMENT_PSEUDO_OOS,H2,LEAVE_ONE_QUARTER_OUT,5,5,0.29725334514629226,0.23170936564951194,0.23170936564951194,VERIFIED_DOCUMENTED_VINTAGES_PARTIAL_RELEASE_HISTORY,2025Q1
COMBO_B,conservative,PERMISSIVE_END_OF_DAY,FIRST_RELEASE,DEVELOPMENT_PSEUDO_OOS,H3,LEAVE_ONE_QUARTER_OUT,5,5,0.34118648150811282,0.28940475049134023,0.13694303684329262,VERIFIED_DOCUMENTED_VINTAGES_PARTIAL_RELEASE_HISTORY,2025Q1
COMBO_B,conservative,PERMISSIVE_END_OF_DAY,FIRST_RELEASE,DEVELOPMENT_PSEUDO_OOS,ALL,LEAVE_ONE_QUARTER_OUT,15,5,0.31618985742295314,0.25177596005016106,0.19876490447013886,VERIFIED_DOCUMENTED_VINTAGES_PARTIAL_RELEASE_HISTORY,2025Q1
COMBO_B,conservative,PERMISSIVE_END_OF_DAY,FIRST_RELEASE,DEVELOPMENT_PSEUDO_OOS,H2_H3,LEAVE_ONE_QUARTER_OUT,10,5,0.31997481648134946,0.26055705807042606,0.18432620124640228,VERIFIED_DOCUMENTED_VINTAGES_PARTIAL_RELEASE_HISTORY,2025Q1
COMBO_B,conservative,PERMISSIVE_END_OF_DAY,FIRST_RELEASE,POOLED_RESEARCH_ONLY,H1,LEAVE_ONE_QUARTER_OUT,9,9,0.48019417561750305,0.35909715225603911,0.35544634498269523,VERIFIED_DOCUMENTED_VINTAGES_PARTIAL_RELEASE_HISTORY,2025Q1
COMBO_B,conservative,PERMISSIVE_END_OF_DAY,FIRST_RELEASE,POOLED_RESEARCH_ONLY,H2,LEAVE_ONE_QUARTER_OUT,9,9,0.57083481837250205,0.42390277385640979,0.38906212237617399,VERIFIED_DOCUMENTED_VINTAGES_PARTIAL_RELEASE_HISTORY,2025Q1
COMBO_B,conservative,PERMISSIVE_END_OF_DAY,FIRST_RELEASE,POOLED_RESEARCH_ONLY,H3,LEAVE_ONE_QUARTER_OUT,9,9,0.58216484722474371,0.43092432060887259,0.32933768306995859,VERIFIED_DOCUMENTED_VINTAGES_PARTIAL_RELEASE_HISTORY,2025Q1
COMBO_B,conservative,PERMISSIVE_END_OF_DAY,FIRST_RELEASE,POOLED_RESEARCH_ONLY,ALL,LEAVE_ONE_QUARTER_OUT,27,9,0.54630722293948297,0.40464141557377381,0.35794871680960927,VERIFIED_DOCUMENTED_VINTAGES_PARTIAL_RELEASE_HISTORY,2025Q1
COMBO_B,conservative,PERMISSIVE_END_OF_DAY,FIRST_RELEASE,POOLED_RESEARCH_ONLY,H2_H3,LEAVE_ONE_QUARTER_OUT,18,9,0.57652766594959537,0.42741354723264119,0.35919990272306629,VERIFIED_DOCUMENTED_VINTAGES_PARTIAL_RELEASE_HISTORY,2025Q1
COMBO_B,conservative,PERMISSIVE_END_OF_DAY,LATEST_REVISED,DEVELOPMENT_PSEUDO_OOS,H1,LEAVE_ONE_QUARTER_OUT,5,5,0.37550899534291432,0.34764231091761194,0.34764231091761194,VERIFIED_DOCUMENTED_VINTAGES_PARTIAL_RELEASE_HISTORY,2025Q1
COMBO_B,conservative,PERMISSIVE_END_OF_DAY,LATEST_REVISED,DEVELOPMENT_PSEUDO_OOS,H2,LEAVE_ONE_QUARTER_OUT,5,5,0.38975523446553145,0.35170936564951188,0.35170936564951188,VERIFIED_DOCUMENTED_VINTAGES_PARTIAL_RELEASE_HISTORY,2025Q1
COMBO_B,conservative,PERMISSIVE_END_OF_DAY,LATEST_REVISED,DEVELOPMENT_PSEUDO_OOS,H3,LEAVE_ONE_QUARTER_OUT,5,5,0.37313051780015788,0.32940475049133794,0.25694303684329256,VERIFIED_DOCUMENTED_VINTAGES_PARTIAL_RELEASE_HISTORY,2025Q1
COMBO_B,conservative,PERMISSIVE_END_OF_DAY,LATEST_REVISED,DEVELOPMENT_PSEUDO_OOS,ALL,LEAVE_ONE_QUARTER_OUT,15,5,0.37953591472153647,0.34291880901948724,0.31876490447013878,VERIFIED_DOCUMENTED_VINTAGES_PARTIAL_RELEASE_HISTORY,2025Q1
COMBO_B,conservative,PERMISSIVE_END_OF_DAY,LATEST_REVISED,DEVELOPMENT_PSEUDO_OOS,H2_H3,LEAVE_ONE_QUARTER_OUT,10,5,0.381533436350666,0.34055705807042491,0.30432620124640219,VERIFIED_DOCUMENTED_VINTAGES_PARTIAL_RELEASE_HISTORY,2025Q1
COMBO_B,conservative,PERMISSIVE_END_OF_DAY,LATEST_REVISED,POOLED_RESEARCH_ONLY,H1,LEAVE_ONE_QUARTER_OUT,9,9,0.50602058449077958,0.42211301164936199,0.42211301164936199,VERIFIED_DOCUMENTED_VINTAGES_PARTIAL_RELEASE_HISTORY,2025Q1
COMBO_B,conservative,PERMISSIVE_END_OF_DAY,LATEST_REVISED,POOLED_RESEARCH_ONLY,H2,LEAVE_ONE_QUARTER_OUT,9,9,0.60096399104183829,0.49056944052307588,0.45572878904284075,VERIFIED_DOCUMENTED_VINTAGES_PARTIAL_RELEASE_HISTORY,2025Q1
COMBO_B,conservative,PERMISSIVE_END_OF_DAY,LATEST_REVISED,POOLED_RESEARCH_ONLY,H3,LEAVE_ONE_QUARTER_OUT,9,9,0.59295250183088266,0.45314654283109301,0.39600434973662529,VERIFIED_DOCUMENTED_VINTAGES_PARTIAL_RELEASE_HISTORY,2025Q1
COMBO_B,conservative,PERMISSIVE_END_OF_DAY,LATEST_REVISED,POOLED_RESEARCH_ONLY,ALL,LEAVE_ONE_QUARTER_OUT,27,9,0.568274352722001,0.45527633166784365,0.42461538347627592,VERIFIED_DOCUMENTED_VINTAGES_PARTIAL_RELEASE_HISTORY,2025Q1
COMBO_B,conservative,PERMISSIVE_END_OF_DAY,LATEST_REVISED,POOLED_RESEARCH_ONLY,H2_H3,LEAVE_ONE_QUARTER_OUT,18,9,0.59697168607750484,0.47185799167708453,0.425866569389733,VERIFIED_DOCUMENTED_VINTAGES_PARTIAL_RELEASE_HISTORY,2025Q1
COMBO_B,conservative,STRICT,FIRST_RELEASE,DEVELOPMENT_PSEUDO_OOS,H1,LEAVE_ONE_QUARTER_OUT,5,5,0.30848065003642566,0.23421376400963095,0.227642310917612,VERIFIED_DOCUMENTED_VINTAGES_PARTIAL_RELEASE_HISTORY,2025Q1
COMBO_B,conservative,STRICT,FIRST_RELEASE,DEVELOPMENT_PSEUDO_OOS,H2,LEAVE_ONE_QUARTER_OUT,5,5,0.29725334514629226,0.23170936564951194,0.23170936564951194,VERIFIED_DOCUMENTED_VINTAGES_PARTIAL_RELEASE_HISTORY,2025Q1
COMBO_B,conservative,STRICT,FIRST_RELEASE,DEVELOPMENT_PSEUDO_OOS,H3,LEAVE_ONE_QUARTER_OUT,5,5,0.34118648150811282,0.28940475049134023,0.13694303684329262,VERIFIED_DOCUMENTED_VINTAGES_PARTIAL_RELEASE_HISTORY,2025Q1
COMBO_B,conservative,STRICT,FIRST_RELEASE,DEVELOPMENT_PSEUDO_OOS,ALL,LEAVE_ONE_QUARTER_OUT,15,5,0.31618985742295314,0.25177596005016106,0.19876490447013886,VERIFIED_DOCUMENTED_VINTAGES_PARTIAL_RELEASE_HISTORY,2025Q1
COMBO_B,conservative,STRICT,FIRST_RELEASE,DEVELOPMENT_PSEUDO_OOS,H2_H3,LEAVE_ONE_QUARTER_OUT,10,5,0.31997481648134946,0.26055705807042606,0.18432620124640228,VERIFIED_DOCUMENTED_VINTAGES_PARTIAL_RELEASE_HISTORY,2025Q1
COMBO_B,conservative,STRICT,FIRST_RELEASE,POOLED_RESEARCH_ONLY,H1,LEAVE_ONE_QUARTER_OUT,9,9,0.48019417561750305,0.35909715225603911,0.35544634498269523,VERIFIED_DOCUMENTED_VINTAGES_PARTIAL_RELEASE_HISTORY,2025Q1
COMBO_B,conservative,STRICT,FIRST_RELEASE,POOLED_RESEARCH_ONLY,H2,LEAVE_ONE_QUARTER_OUT,9,9,0.57083481837250205,0.42390277385640979,0.38906212237617399,VERIFIED_DOCUMENTED_VINTAGES_PARTIAL_RELEASE_HISTORY,2025Q1
COMBO_B,conservative,STRICT,FIRST_RELEASE,POOLED_RESEARCH_ONLY,H3,LEAVE_ONE_QUARTER_OUT,9,9,0.58216484722474371,0.43092432060887259,0.32933768306995859,VERIFIED_DOCUMENTED_VINTAGES_PARTIAL_RELEASE_HISTORY,2025Q1
COMBO_B,conservative,STRICT,FIRST_RELEASE,POOLED_RESEARCH_ONLY,ALL,LEAVE_ONE_QUARTER_OUT,27,9,0.54630722293948297,0.40464141557377381,0.35794871680960927,VERIFIED_DOCUMENTED_VINTAGES_PARTIAL_RELEASE_HISTORY,2025Q1
COMBO_B,conservative,STRICT,FIRST_RELEASE,POOLED_RESEARCH_ONLY,H2_H3,LEAVE_ONE_QUARTER_OUT,18,9,0.57652766594959537,0.42741354723264119,0.35919990272306629,VERIFIED_DOCUMENTED_VINTAGES_PARTIAL_RELEASE_HISTORY,2025Q1
COMBO_B,conservative,STRICT,LATEST_REVISED,DEVELOPMENT_PSEUDO_OOS,H1,LEAVE_ONE_QUARTER_OUT,5,5,0.37550899534291432,0.34764231091761194,0.34764231091761194,VERIFIED_DOCUMENTED_VINTAGES_PARTIAL_RELEASE_HISTORY,2025Q1
COMBO_B,conservative,STRICT,LATEST_REVISED,DEVELOPMENT_PSEUDO_OOS,H2,LEAVE_ONE_QUARTER_OUT,5,5,0.38975523446553145,0.35170936564951188,0.35170936564951188,VERIFIED_DOCUMENTED_VINTAGES_PARTIAL_RELEASE_HISTORY,2025Q1
COMBO_B,conservative,STRICT,LATEST_REVISED,DEVELOPMENT_PSEUDO_OOS,H3,LEAVE_ONE_QUARTER_OUT,5,5,0.37313051780015788,0.32940475049133794,0.25694303684329256,VERIFIED_DOCUMENTED_VINTAGES_PARTIAL_RELEASE_HISTORY,2025Q1
COMBO_B,conservative,STRICT,LATEST_REVISED,DEVELOPMENT_PSEUDO_OOS,ALL,LEAVE_ONE_QUARTER_OUT,15,5,0.37953591472153647,0.34291880901948724,0.31876490447013878,VERIFIED_DOCUMENTED_VINTAGES_PARTIAL_RELEASE_HISTORY,2025Q1
COMBO_B,conservative,STRICT,LATEST_REVISED,DEVELOPMENT_PSEUDO_OOS,H2_H3,LEAVE_ONE_QUARTER_OUT,10,5,0.381533436350666,0.34055705807042491,0.30432620124640219,VERIFIED_DOCUMENTED_VINTAGES_PARTIAL_RELEASE_HISTORY,2025Q1
COMBO_B,conservative,STRICT,LATEST_REVISED,POOLED_RESEARCH_ONLY,H1,LEAVE_ONE_QUARTER_OUT,9,9,0.50602058449077958,0.42211301164936199,0.42211301164936199,VERIFIED_DOCUMENTED_VINTAGES_PARTIAL_RELEASE_HISTORY,2025Q1
COMBO_B,conservative,STRICT,LATEST_REVISED,POOLED_RESEARCH_ONLY,H2,LEAVE_ONE_QUARTER_OUT,9,9,0.60096399104183829,0.49056944052307588,0.45572878904284075,VERIFIED_DOCUMENTED_VINTAGES_PARTIAL_RELEASE_HISTORY,2025Q1
COMBO_B,conservative,STRICT,LATEST_REVISED,POOLED_RESEARCH_ONLY,H3,LEAVE_ONE_QUARTER_OUT,9,9,0.59295250183088266,0.45314654283109301,0.39600434973662529,VERIFIED_DOCUMENTED_VINTAGES_PARTIAL_RELEASE_HISTORY,2025Q1
COMBO_B,conservative,STRICT,LATEST_REVISED,POOLED_RESEARCH_ONLY,ALL,LEAVE_ONE_QUARTER_OUT,27,9,0.568274352722001,0.45527633166784365,0.42461538347627592,VERIFIED_DOCUMENTED_VINTAGES_PARTIAL_RELEASE_HISTORY,2025Q1
COMBO_B,conservative,STRICT,LATEST_REVISED,POOLED_RESEARCH_ONLY,H2_H3,LEAVE_ONE_QUARTER_OUT,18,9,0.59697168607750484,0.47185799167708453,0.425866569389733,VERIFIED_DOCUMENTED_VINTAGES_PARTIAL_RELEASE_HISTORY,2025Q1
COMBO_B,standard,PERMISSIVE_END_OF_DAY,FIRST_RELEASE,DEVELOPMENT_PSEUDO_OOS,H1,LEAVE_ONE_QUARTER_OUT,5,5,0.28228826886112185,0.21482523660797792,0.21482523660797792,VERIFIED_DOCUMENTED_VINTAGES_PARTIAL_RELEASE_HISTORY,2025Q1
COMBO_B,standard,PERMISSIVE_END_OF_DAY,FIRST_RELEASE,DEVELOPMENT_PSEUDO_OOS,H2,LEAVE_ONE_QUARTER_OUT,5,5,0.29993911515208455,0.22826136755919765,0.19128436367823784,VERIFIED_DOCUMENTED_VINTAGES_PARTIAL_RELEASE_HISTORY,2025Q1
COMBO_B,standard,PERMISSIVE_END_OF_DAY,FIRST_RELEASE,DEVELOPMENT_PSEUDO_OOS,H3,LEAVE_ONE_QUARTER_OUT,5,5,0.24816384636803146,0.20599735641595363,-0.092219717236012327,VERIFIED_DOCUMENTED_VINTAGES_PARTIAL_RELEASE_HISTORY,2025Q1
COMBO_B,standard,PERMISSIVE_END_OF_DAY,FIRST_RELEASE,DEVELOPMENT_PSEUDO_OOS,ALL,LEAVE_ONE_QUARTER_OUT,15,5,0.27763011014597605,0.2163613201943764,0.10462996101673448,VERIFIED_DOCUMENTED_VINTAGES_PARTIAL_RELEASE_HISTORY,2025Q1
COMBO_B,standard,PERMISSIVE_END_OF_DAY,FIRST_RELEASE,DEVELOPMENT_PSEUDO_OOS,H2_H3,LEAVE_ONE_QUARTER_OUT,10,5,0.27527147277041925,0.21712936198757565,0.049532323221112763,VERIFIED_DOCUMENTED_VINTAGES_PARTIAL_RELEASE_HISTORY,2025Q1
COMBO_B,standard,PERMISSIVE_END_OF_DAY,FIRST_RELEASE,POOLED_RESEARCH_ONLY,H1,LEAVE_ONE_QUARTER_OUT,9,9,0.56005244449507219,0.41026546248974527,0.37104729257360919,VERIFIED_DOCUMENTED_VINTAGES_PARTIAL_RELEASE_HISTORY,2025Q1
COMBO_B,standard,PERMISSIVE_END_OF_DAY,FIRST_RELEASE,POOLED_RESEARCH_ONLY,H2,LEAVE_ONE_QUARTER_OUT,9,9,0.56293899579790407,0.39377937998914891,0.34905246530734413,VERIFIED_DOCUMENTED_VINTAGES_PARTIAL_RELEASE_HISTORY,2025Q1
COMBO_B,standard,PERMISSIVE_END_OF_DAY,FIRST_RELEASE,POOLED_RESEARCH_ONLY,H3,LEAVE_ONE_QUARTER_OUT,9,9,0.35051736156162222,0.26678677696929043,0.10111062494042046,VERIFIED_DOCUMENTED_VINTAGES_PARTIAL_RELEASE_HISTORY,2025Q1
COMBO_B,standard,PERMISSIVE_END_OF_DAY,FIRST_RELEASE,POOLED_RESEARCH_ONLY,ALL,LEAVE_ONE_QUARTER_OUT,27,9,0.50113919368141613,0.35694387314939485,0.27373679427379127,VERIFIED_DOCUMENTED_VINTAGES_PARTIAL_RELEASE_HISTORY,2025Q1
COMBO_B,standard,PERMISSIVE_END_OF_DAY,FIRST_RELEASE,POOLED_RESEARCH_ONLY,H2_H3,LEAVE_ONE_QUARTER_OUT,18,9,0.46891509559091482,0.33028307847921967,0.22508154512388229,VERIFIED_DOCUMENTED_VINTAGES_PARTIAL_RELEASE_HISTORY,2025Q1
COMBO_B,standard,PERMISSIVE_END_OF_DAY,LATEST_REVISED,DEVELOPMENT_PSEUDO_OOS,H1,LEAVE_ONE_QUARTER_OUT,5,5,0.37129105875283319,0.33482523660797786,0.33482523660797786,VERIFIED_DOCUMENTED_VINTAGES_PARTIAL_RELEASE_HISTORY,2025Q1
COMBO_B,standard,PERMISSIVE_END_OF_DAY,LATEST_REVISED,DEVELOPMENT_PSEUDO_OOS,H2,LEAVE_ONE_QUARTER_OUT,5,5,0.37233352115253726,0.31128436367823775,0.31128436367823775,VERIFIED_DOCUMENTED_VINTAGES_PARTIAL_RELEASE_HISTORY,2025Q1
COMBO_B,standard,PERMISSIVE_END_OF_DAY,LATEST_REVISED,DEVELOPMENT_PSEUDO_OOS,H3,LEAVE_ONE_QUARTER_OUT,5,5,0.26848626263213432,0.24599735641595027,0.027780282763987606,VERIFIED_DOCUMENTED_VINTAGES_PARTIAL_RELEASE_HISTORY,2025Q1
COMBO_B,standard,PERMISSIVE_END_OF_DAY,LATEST_REVISED,DEVELOPMENT_PSEUDO_OOS,ALL,LEAVE_ONE_QUARTER_OUT,15,5,0.34086858391752589,0.29736898556738861,0.22462996101673441,VERIFIED_DOCUMENTED_VINTAGES_PARTIAL_RELEASE_HISTORY,2025Q1
COMBO_B,standard,PERMISSIVE_END_OF_DAY,LATEST_REVISED,DEVELOPMENT_PSEUDO_OOS,H2_H3,LEAVE_ONE_QUARTER_OUT,10,5,0.32458983671398151,0.27864086004709404,0.1695323232211127,VERIFIED_DOCUMENTED_VINTAGES_PARTIAL_RELEASE_HISTORY,2025Q1
COMBO_B,standard,PERMISSIVE_END_OF_DAY,LATEST_REVISED,POOLED_RESEARCH_ONLY,H1,LEAVE_ONE_QUARTER_OUT,9,9,0.58819692310296046,0.47693212915641137,0.4377139592402759,VERIFIED_DOCUMENTED_VINTAGES_PARTIAL_RELEASE_HISTORY,2025Q1
COMBO_B,standard,PERMISSIVE_END_OF_DAY,LATEST_REVISED,POOLED_RESEARCH_ONLY,H2,LEAVE_ONE_QUARTER_OUT,9,9,0.58646272096999152,0.43990326672194846,0.41571913197401084,VERIFIED_DOCUMENTED_VINTAGES_PARTIAL_RELEASE_HISTORY,2025Q1
COMBO_B,standard,PERMISSIVE_END_OF_DAY,LATEST_REVISED,POOLED_RESEARCH_ONLY,H3,LEAVE_ONE_QUARTER_OUT,9,9,0.35874157825114034,0.28900899919151091,0.16777729160708718,VERIFIED_DOCUMENTED_VINTAGES_PARTIAL_RELEASE_HISTORY,2025Q1
COMBO_B,standard,PERMISSIVE_END_OF_DAY,LATEST_REVISED,POOLED_RESEARCH_ONLY,ALL,LEAVE_ONE_QUARTER_OUT,27,9,0.52236949355841822,0.40194813168995691,0.34040346094045798,VERIFIED_DOCUMENTED_VINTAGES_PARTIAL_RELEASE_HISTORY,2025Q1
COMBO_B,standard,PERMISSIVE_END_OF_DAY,LATEST_REVISED,POOLED_RESEARCH_ONLY,H2_H3,LEAVE_ONE_QUARTER_OUT,18,9,0.48612449179898615,0.36445613295672968,0.29174821179054899,VERIFIED_DOCUMENTED_VINTAGES_PARTIAL_RELEASE_HISTORY,2025Q1
COMBO_B,standard,STRICT,FIRST_RELEASE,DEVELOPMENT_PSEUDO_OOS,H1,LEAVE_ONE_QUARTER_OUT,5,5,0.28228826886112185,0.21482523660797792,0.21482523660797792,VERIFIED_DOCUMENTED_VINTAGES_PARTIAL_RELEASE_HISTORY,2025Q1
COMBO_B,standard,STRICT,FIRST_RELEASE,DEVELOPMENT_PSEUDO_OOS,H2,LEAVE_ONE_QUARTER_OUT,5,5,0.29993911515208455,0.22826136755919765,0.19128436367823784,VERIFIED_DOCUMENTED_VINTAGES_PARTIAL_RELEASE_HISTORY,2025Q1
COMBO_B,standard,STRICT,FIRST_RELEASE,DEVELOPMENT_PSEUDO_OOS,H3,LEAVE_ONE_QUARTER_OUT,5,5,0.24816384636803146,0.20599735641595363,-0.092219717236012327,VERIFIED_DOCUMENTED_VINTAGES_PARTIAL_RELEASE_HISTORY,2025Q1
COMBO_B,standard,STRICT,FIRST_RELEASE,DEVELOPMENT_PSEUDO_OOS,ALL,LEAVE_ONE_QUARTER_OUT,15,5,0.27763011014597605,0.2163613201943764,0.10462996101673448,VERIFIED_DOCUMENTED_VINTAGES_PARTIAL_RELEASE_HISTORY,2025Q1
COMBO_B,standard,STRICT,FIRST_RELEASE,DEVELOPMENT_PSEUDO_OOS,H2_H3,LEAVE_ONE_QUARTER_OUT,10,5,0.27527147277041925,0.21712936198757565,0.049532323221112763,VERIFIED_DOCUMENTED_VINTAGES_PARTIAL_RELEASE_HISTORY,2025Q1
COMBO_B,standard,STRICT,FIRST_RELEASE,POOLED_RESEARCH_ONLY,H1,LEAVE_ONE_QUARTER_OUT,9,9,0.56005244449507219,0.41026546248974527,0.37104729257360919,VERIFIED_DOCUMENTED_VINTAGES_PARTIAL_RELEASE_HISTORY,2025Q1
COMBO_B,standard,STRICT,FIRST_RELEASE,POOLED_RESEARCH_ONLY,H2,LEAVE_ONE_QUARTER_OUT,9,9,0.56293899579790407,0.39377937998914891,0.34905246530734413,VERIFIED_DOCUMENTED_VINTAGES_PARTIAL_RELEASE_HISTORY,2025Q1
COMBO_B,standard,STRICT,FIRST_RELEASE,POOLED_RESEARCH_ONLY,H3,LEAVE_ONE_QUARTER_OUT,9,9,0.35051736156162222,0.26678677696929043,0.10111062494042046,VERIFIED_DOCUMENTED_VINTAGES_PARTIAL_RELEASE_HISTORY,2025Q1
COMBO_B,standard,STRICT,FIRST_RELEASE,POOLED_RESEARCH_ONLY,ALL,LEAVE_ONE_QUARTER_OUT,27,9,0.50113919368141613,0.35694387314939485,0.27373679427379127,VERIFIED_DOCUMENTED_VINTAGES_PARTIAL_RELEASE_HISTORY,2025Q1
COMBO_B,standard,STRICT,FIRST_RELEASE,POOLED_RESEARCH_ONLY,H2_H3,LEAVE_ONE_QUARTER_OUT,18,9,0.46891509559091482,0.33028307847921967,0.22508154512388229,VERIFIED_DOCUMENTED_VINTAGES_PARTIAL_RELEASE_HISTORY,2025Q1
COMBO_B,standard,STRICT,LATEST_REVISED,DEVELOPMENT_PSEUDO_OOS,H1,LEAVE_ONE_QUARTER_OUT,5,5,0.37129105875283319,0.33482523660797786,0.33482523660797786,VERIFIED_DOCUMENTED_VINTAGES_PARTIAL_RELEASE_HISTORY,2025Q1
COMBO_B,standard,STRICT,LATEST_REVISED,DEVELOPMENT_PSEUDO_OOS,H2,LEAVE_ONE_QUARTER_OUT,5,5,0.37233352115253726,0.31128436367823775,0.31128436367823775,VERIFIED_DOCUMENTED_VINTAGES_PARTIAL_RELEASE_HISTORY,2025Q1
COMBO_B,standard,STRICT,LATEST_REVISED,DEVELOPMENT_PSEUDO_OOS,H3,LEAVE_ONE_QUARTER_OUT,5,5,0.26848626263213432,0.24599735641595027,0.027780282763987606,VERIFIED_DOCUMENTED_VINTAGES_PARTIAL_RELEASE_HISTORY,2025Q1
COMBO_B,standard,STRICT,LATEST_REVISED,DEVELOPMENT_PSEUDO_OOS,ALL,LEAVE_ONE_QUARTER_OUT,15,5,0.34086858391752589,0.29736898556738861,0.22462996101673441,VERIFIED_DOCUMENTED_VINTAGES_PARTIAL_RELEASE_HISTORY,2025Q1
COMBO_B,standard,STRICT,LATEST_REVISED,DEVELOPMENT_PSEUDO_OOS,H2_H3,LEAVE_ONE_QUARTER_OUT,10,5,0.32458983671398151,0.27864086004709404,0.1695323232211127,VERIFIED_DOCUMENTED_VINTAGES_PARTIAL_RELEASE_HISTORY,2025Q1
COMBO_B,standard,STRICT,LATEST_REVISED,POOLED_RESEARCH_ONLY,H1,LEAVE_ONE_QUARTER_OUT,9,9,0.58819692310296046,0.47693212915641137,0.4377139592402759,VERIFIED_DOCUMENTED_VINTAGES_PARTIAL_RELEASE_HISTORY,2025Q1
COMBO_B,standard,STRICT,LATEST_REVISED,POOLED_RESEARCH_ONLY,H2,LEAVE_ONE_QUARTER_OUT,9,9,0.58646272096999152,0.43990326672194846,0.41571913197401084,VERIFIED_DOCUMENTED_VINTAGES_PARTIAL_RELEASE_HISTORY,2025Q1
COMBO_B,standard,STRICT,LATEST_REVISED,POOLED_RESEARCH_ONLY,H3,LEAVE_ONE_QUARTER_OUT,9,9,0.35874157825114034,0.28900899919151091,0.16777729160708718,VERIFIED_DOCUMENTED_VINTAGES_PARTIAL_RELEASE_HISTORY,2025Q1
COMBO_B,standard,STRICT,LATEST_REVISED,POOLED_RESEARCH_ONLY,ALL,LEAVE_ONE_QUARTER_OUT,27,9,0.52236949355841822,0.40194813168995691,0.34040346094045798,VERIFIED_DOCUMENTED_VINTAGES_PARTIAL_RELEASE_HISTORY,2025Q1
COMBO_B,standard,STRICT,LATEST_REVISED,POOLED_RESEARCH_ONLY,H2_H3,LEAVE_ONE_QUARTER_OUT,18,9,0.48612449179898615,0.36445613295672968,0.29174821179054899,VERIFIED_DOCUMENTED_VINTAGES_PARTIAL_RELEASE_HISTORY,2025Q1
DFM_B,conservative,PERMISSIVE_END_OF_DAY,FIRST_RELEASE,DEVELOPMENT_PSEUDO_OOS,H1,LEAVE_ONE_QUARTER_OUT,5,5,0.3002762720833726,0.19939203092283453,0.17084251275801937,VERIFIED_DOCUMENTED_VINTAGES_PARTIAL_RELEASE_HISTORY,2025Q1
DFM_B,conservative,PERMISSIVE_END_OF_DAY,FIRST_RELEASE,DEVELOPMENT_PSEUDO_OOS,H2,LEAVE_ONE_QUARTER_OUT,5,5,0.30009991461863506,0.21105861181943766,0.20178025427295304,VERIFIED_DOCUMENTED_VINTAGES_PARTIAL_RELEASE_HISTORY,2025Q1
DFM_B,conservative,PERMISSIVE_END_OF_DAY,FIRST_RELEASE,DEVELOPMENT_PSEUDO_OOS,H3,LEAVE_ONE_QUARTER_OUT,5,5,0.54784544514091804,0.39153137443118863,-0.033678567125837763,VERIFIED_DOCUMENTED_VINTAGES_PARTIAL_RELEASE_HISTORY,2025Q1
DFM_B,conservative,PERMISSIVE_END_OF_DAY,FIRST_RELEASE,DEVELOPMENT_PSEUDO_OOS,ALL,LEAVE_ONE_QUARTER_OUT,15,5,0.40015015102335866,0.26732733905782025,0.11298139996837821,VERIFIED_DOCUMENTED_VINTAGES_PARTIAL_RELEASE_HISTORY,2025Q1
DFM_B,conservative,PERMISSIVE_END_OF_DAY,FIRST_RELEASE,DEVELOPMENT_PSEUDO_OOS,H2_H3,LEAVE_ONE_QUARTER_OUT,10,5,0.44169819476411865,0.30129499312531316,0.084050843573557632,VERIFIED_DOCUMENTED_VINTAGES_PARTIAL_RELEASE_HISTORY,2025Q1
DFM_B,conservative,PERMISSIVE_END_OF_DAY,FIRST_RELEASE,POOLED_RESEARCH_ONLY,H1,LEAVE_ONE_QUARTER_OUT,9,9,0.69713952889364927,0.52278142022767071,0.50692057680277336,VERIFIED_DOCUMENTED_VINTAGES_PARTIAL_RELEASE_HISTORY,2025Q1
DFM_B,conservative,PERMISSIVE_END_OF_DAY,FIRST_RELEASE,POOLED_RESEARCH_ONLY,H2,LEAVE_ONE_QUARTER_OUT,9,9,0.68643928488029782,0.52096115326682368,0.51580651018544332,VERIFIED_DOCUMENTED_VINTAGES_PARTIAL_RELEASE_HISTORY,2025Q1
DFM_B,conservative,PERMISSIVE_END_OF_DAY,FIRST_RELEASE,POOLED_RESEARCH_ONLY,H3,LEAVE_ONE_QUARTER_OUT,9,9,0.75793949915456815,0.61451673008807151,0.37828898477861245,VERIFIED_DOCUMENTED_VINTAGES_PARTIAL_RELEASE_HISTORY,2025Q1
DFM_B,conservative,PERMISSIVE_END_OF_DAY,FIRST_RELEASE,POOLED_RESEARCH_ONLY,ALL,LEAVE_ONE_QUARTER_OUT,27,9,0.71453357722636368,0.55275310119418863,0.46700535725560971,VERIFIED_DOCUMENTED_VINTAGES_PARTIAL_RELEASE_HISTORY,2025Q1
DFM_B,conservative,PERMISSIVE_END_OF_DAY,FIRST_RELEASE,POOLED_RESEARCH_ONLY,H2_H3,LEAVE_ONE_QUARTER_OUT,18,9,0.72307370862369635,0.56773894167744765,0.44704774748202791,VERIFIED_DOCUMENTED_VINTAGES_PARTIAL_RELEASE_HISTORY,2025Q1
DFM_B,conservative,PERMISSIVE_END_OF_DAY,LATEST_REVISED,DEVELOPMENT_PSEUDO_OOS,H1,LEAVE_ONE_QUARTER_OUT,5,5,0.3337474848407605,0.29084251275801931,0.29084251275801931,VERIFIED_DOCUMENTED_VINTAGES_PARTIAL_RELEASE_HISTORY,2025Q1
DFM_B,conservative,PERMISSIVE_END_OF_DAY,LATEST_REVISED,DEVELOPMENT_PSEUDO_OOS,H2,LEAVE_ONE_QUARTER_OUT,5,5,0.35364692784808943,0.32178025427295298,0.32178025427295298,VERIFIED_DOCUMENTED_VINTAGES_PARTIAL_RELEASE_HISTORY,2025Q1
DFM_B,conservative,PERMISSIVE_END_OF_DAY,LATEST_REVISED,DEVELOPMENT_PSEUDO_OOS,H3,LEAVE_ONE_QUARTER_OUT,5,5,0.4903384522598101,0.41870228978952378,0.086321432874162163,VERIFIED_DOCUMENTED_VINTAGES_PARTIAL_RELEASE_HISTORY,2025Q1
DFM_B,conservative,PERMISSIVE_END_OF_DAY,LATEST_REVISED,DEVELOPMENT_PSEUDO_OOS,ALL,LEAVE_ONE_QUARTER_OUT,15,5,0.39870010909557557,0.34377501894016532,0.23298139996837813,VERIFIED_DOCUMENTED_VINTAGES_PARTIAL_RELEASE_HISTORY,2025Q1
DFM_B,conservative,PERMISSIVE_END_OF_DAY,LATEST_REVISED,DEVELOPMENT_PSEUDO_OOS,H2_H3,LEAVE_ONE_QUARTER_OUT,10,5,0.42749148958835298,0.37024127203123836,0.20405084357355757,VERIFIED_DOCUMENTED_VINTAGES_PARTIAL_RELEASE_HISTORY,2025Q1
DFM_B,conservative,PERMISSIVE_END_OF_DAY,LATEST_REVISED,POOLED_RESEARCH_ONLY,H1,LEAVE_ONE_QUARTER_OUT,9,9,0.70554466155357742,0.57358724346944012,0.57358724346944012,VERIFIED_DOCUMENTED_VINTAGES_PARTIAL_RELEASE_HISTORY,2025Q1
DFM_B,conservative,PERMISSIVE_END_OF_DAY,LATEST_REVISED,POOLED_RESEARCH_ONLY,H2,LEAVE_ONE_QUARTER_OUT,9,9,0.70046183023568875,0.58247317685211009,0.58247317685211009,VERIFIED_DOCUMENTED_VINTAGES_PARTIAL_RELEASE_HISTORY,2025Q1
DFM_B,conservative,PERMISSIVE_END_OF_DAY,LATEST_REVISED,POOLED_RESEARCH_ONLY,H3,LEAVE_ONE_QUARTER_OUT,9,9,0.73573367686220248,0.62961168306492454,0.44495565144527915,VERIFIED_DOCUMENTED_VINTAGES_PARTIAL_RELEASE_HISTORY,2025Q1
DFM_B,conservative,PERMISSIVE_END_OF_DAY,LATEST_REVISED,POOLED_RESEARCH_ONLY,ALL,LEAVE_ONE_QUARTER_OUT,27,9,0.71408311568823668,0.5952240344621581,0.53367202392227653,VERIFIED_DOCUMENTED_VINTAGES_PARTIAL_RELEASE_HISTORY,2025Q1
DFM_B,conservative,PERMISSIVE_END_OF_DAY,LATEST_REVISED,POOLED_RESEARCH_ONLY,H2_H3,LEAVE_ONE_QUARTER_OUT,18,9,0.7183142831958399,0.60604242995851731,0.51371441414869468,VERIFIED_DOCUMENTED_VINTAGES_PARTIAL_RELEASE_HISTORY,2025Q1
DFM_B,conservative,STRICT,FIRST_RELEASE,DEVELOPMENT_PSEUDO_OOS,H1,LEAVE_ONE_QUARTER_OUT,5,5,0.3002762720833726,0.19939203092283453,0.17084251275801937,VERIFIED_DOCUMENTED_VINTAGES_PARTIAL_RELEASE_HISTORY,2025Q1
DFM_B,conservative,STRICT,FIRST_RELEASE,DEVELOPMENT_PSEUDO_OOS,H2,LEAVE_ONE_QUARTER_OUT,5,5,0.30009991461863506,0.21105861181943766,0.20178025427295304,VERIFIED_DOCUMENTED_VINTAGES_PARTIAL_RELEASE_HISTORY,2025Q1
DFM_B,conservative,STRICT,FIRST_RELEASE,DEVELOPMENT_PSEUDO_OOS,H3,LEAVE_ONE_QUARTER_OUT,5,5,0.54784544514091804,0.39153137443118863,-0.033678567125837763,VERIFIED_DOCUMENTED_VINTAGES_PARTIAL_RELEASE_HISTORY,2025Q1
DFM_B,conservative,STRICT,FIRST_RELEASE,DEVELOPMENT_PSEUDO_OOS,ALL,LEAVE_ONE_QUARTER_OUT,15,5,0.40015015102335866,0.26732733905782025,0.11298139996837821,VERIFIED_DOCUMENTED_VINTAGES_PARTIAL_RELEASE_HISTORY,2025Q1
DFM_B,conservative,STRICT,FIRST_RELEASE,DEVELOPMENT_PSEUDO_OOS,H2_H3,LEAVE_ONE_QUARTER_OUT,10,5,0.44169819476411865,0.30129499312531316,0.084050843573557632,VERIFIED_DOCUMENTED_VINTAGES_PARTIAL_RELEASE_HISTORY,2025Q1
DFM_B,conservative,STRICT,FIRST_RELEASE,POOLED_RESEARCH_ONLY,H1,LEAVE_ONE_QUARTER_OUT,9,9,0.69713952889364927,0.52278142022767071,0.50692057680277336,VERIFIED_DOCUMENTED_VINTAGES_PARTIAL_RELEASE_HISTORY,2025Q1
DFM_B,conservative,STRICT,FIRST_RELEASE,POOLED_RESEARCH_ONLY,H2,LEAVE_ONE_QUARTER_OUT,9,9,0.68643928488029782,0.52096115326682368,0.51580651018544332,VERIFIED_DOCUMENTED_VINTAGES_PARTIAL_RELEASE_HISTORY,2025Q1
DFM_B,conservative,STRICT,FIRST_RELEASE,POOLED_RESEARCH_ONLY,H3,LEAVE_ONE_QUARTER_OUT,9,9,0.75793949915456815,0.61451673008807151,0.37828898477861245,VERIFIED_DOCUMENTED_VINTAGES_PARTIAL_RELEASE_HISTORY,2025Q1
DFM_B,conservative,STRICT,FIRST_RELEASE,POOLED_RESEARCH_ONLY,ALL,LEAVE_ONE_QUARTER_OUT,27,9,0.71453357722636368,0.55275310119418863,0.46700535725560971,VERIFIED_DOCUMENTED_VINTAGES_PARTIAL_RELEASE_HISTORY,2025Q1
DFM_B,conservative,STRICT,FIRST_RELEASE,POOLED_RESEARCH_ONLY,H2_H3,LEAVE_ONE_QUARTER_OUT,18,9,0.72307370862369635,0.56773894167744765,0.44704774748202791,VERIFIED_DOCUMENTED_VINTAGES_PARTIAL_RELEASE_HISTORY,2025Q1
DFM_B,conservative,STRICT,LATEST_REVISED,DEVELOPMENT_PSEUDO_OOS,H1,LEAVE_ONE_QUARTER_OUT,5,5,0.3337474848407605,0.29084251275801931,0.29084251275801931,VERIFIED_DOCUMENTED_VINTAGES_PARTIAL_RELEASE_HISTORY,2025Q1
DFM_B,conservative,STRICT,LATEST_REVISED,DEVELOPMENT_PSEUDO_OOS,H2,LEAVE_ONE_QUARTER_OUT,5,5,0.35364692784808943,0.32178025427295298,0.32178025427295298,VERIFIED_DOCUMENTED_VINTAGES_PARTIAL_RELEASE_HISTORY,2025Q1
DFM_B,conservative,STRICT,LATEST_REVISED,DEVELOPMENT_PSEUDO_OOS,H3,LEAVE_ONE_QUARTER_OUT,5,5,0.4903384522598101,0.41870228978952378,0.086321432874162163,VERIFIED_DOCUMENTED_VINTAGES_PARTIAL_RELEASE_HISTORY,2025Q1
DFM_B,conservative,STRICT,LATEST_REVISED,DEVELOPMENT_PSEUDO_OOS,ALL,LEAVE_ONE_QUARTER_OUT,15,5,0.39870010909557557,0.34377501894016532,0.23298139996837813,VERIFIED_DOCUMENTED_VINTAGES_PARTIAL_RELEASE_HISTORY,2025Q1
DFM_B,conservative,STRICT,LATEST_REVISED,DEVELOPMENT_PSEUDO_OOS,H2_H3,LEAVE_ONE_QUARTER_OUT,10,5,0.42749148958835298,0.37024127203123836,0.20405084357355757,VERIFIED_DOCUMENTED_VINTAGES_PARTIAL_RELEASE_HISTORY,2025Q1
DFM_B,conservative,STRICT,LATEST_REVISED,POOLED_RESEARCH_ONLY,H1,LEAVE_ONE_QUARTER_OUT,9,9,0.70554466155357742,0.57358724346944012,0.57358724346944012,VERIFIED_DOCUMENTED_VINTAGES_PARTIAL_RELEASE_HISTORY,2025Q1
DFM_B,conservative,STRICT,LATEST_REVISED,POOLED_RESEARCH_ONLY,H2,LEAVE_ONE_QUARTER_OUT,9,9,0.70046183023568875,0.58247317685211009,0.58247317685211009,VERIFIED_DOCUMENTED_VINTAGES_PARTIAL_RELEASE_HISTORY,2025Q1
DFM_B,conservative,STRICT,LATEST_REVISED,POOLED_RESEARCH_ONLY,H3,LEAVE_ONE_QUARTER_OUT,9,9,0.73573367686220248,0.62961168306492454,0.44495565144527915,VERIFIED_DOCUMENTED_VINTAGES_PARTIAL_RELEASE_HISTORY,2025Q1
DFM_B,conservative,STRICT,LATEST_REVISED,POOLED_RESEARCH_ONLY,ALL,LEAVE_ONE_QUARTER_OUT,27,9,0.71408311568823668,0.5952240344621581,0.53367202392227653,VERIFIED_DOCUMENTED_VINTAGES_PARTIAL_RELEASE_HISTORY,2025Q1
DFM_B,conservative,STRICT,LATEST_REVISED,POOLED_RESEARCH_ONLY,H2_H3,LEAVE_ONE_QUARTER_OUT,18,9,0.7183142831958399,0.60604242995851731,0.51371441414869468,VERIFIED_DOCUMENTED_VINTAGES_PARTIAL_RELEASE_HISTORY,2025Q1
DFM_B,standard,PERMISSIVE_END_OF_DAY,FIRST_RELEASE,DEVELOPMENT_PSEUDO_OOS,H1,LEAVE_ONE_QUARTER_OUT,5,5,0.28431551537863214,0.19014682869750529,0.16801199618988533,VERIFIED_DOCUMENTED_VINTAGES_PARTIAL_RELEASE_HISTORY,2025Q1
DFM_B,standard,PERMISSIVE_END_OF_DAY,FIRST_RELEASE,DEVELOPMENT_PSEUDO_OOS,H2,LEAVE_ONE_QUARTER_OUT,5,5,0.33888806716496067,0.27235876673247539,0.075004086544052842,VERIFIED_DOCUMENTED_VINTAGES_PARTIAL_RELEASE_HISTORY,2025Q1
DFM_B,standard,PERMISSIVE_END_OF_DAY,FIRST_RELEASE,DEVELOPMENT_PSEUDO_OOS,H3,LEAVE_ONE_QUARTER_OUT,5,5,0.48582298189058942,0.34797140733209331,-0.031121154780651673,VERIFIED_DOCUMENTED_VINTAGES_PARTIAL_RELEASE_HISTORY,2025Q1
DFM_B,standard,PERMISSIVE_END_OF_DAY,FIRST_RELEASE,DEVELOPMENT_PSEUDO_OOS,ALL,LEAVE_ONE_QUARTER_OUT,15,5,0.37934346973197614,0.27015900092069134,0.070631642651095505,VERIFIED_DOCUMENTED_VINTAGES_PARTIAL_RELEASE_HISTORY,2025Q1
DFM_B,standard,PERMISSIVE_END_OF_DAY,FIRST_RELEASE,DEVELOPMENT_PSEUDO_OOS,H2_H3,LEAVE_ONE_QUARTER_OUT,10,5,0.41884907293670048,0.31016508703228435,0.021941465881700584,VERIFIED_DOCUMENTED_VINTAGES_PARTIAL_RELEASE_HISTORY,2025Q1
DFM_B,standard,PERMISSIVE_END_OF_DAY,FIRST_RELEASE,POOLED_RESEARCH_ONLY,H1,LEAVE_ONE_QUARTER_OUT,9,9,0.66356415848421779,0.49207397975121381,0.47977685058031383,VERIFIED_DOCUMENTED_VINTAGES_PARTIAL_RELEASE_HISTORY,2025Q1
DFM_B,standard,PERMISSIVE_END_OF_DAY,FIRST_RELEASE,POOLED_RESEARCH_ONLY,H2,LEAVE_ONE_QUARTER_OUT,9,9,0.6638028774708834,0.52736003824695143,0.41771854925338331,VERIFIED_DOCUMENTED_VINTAGES_PARTIAL_RELEASE_HISTORY,2025Q1
DFM_B,standard,PERMISSIVE_END_OF_DAY,FIRST_RELEASE,POOLED_RESEARCH_ONLY,H3,LEAVE_ONE_QUARTER_OUT,9,9,0.70538591046962029,0.5653334652024512,0.35472648625092629,VERIFIED_DOCUMENTED_VINTAGES_PARTIAL_RELEASE_HISTORY,2025Q1
DFM_B,standard,PERMISSIVE_END_OF_DAY,FIRST_RELEASE,POOLED_RESEARCH_ONLY,ALL,LEAVE_ONE_QUARTER_OUT,27,9,0.67786944053963372,0.52825582773353885,0.41740729536154114,VERIFIED_DOCUMENTED_VINTAGES_PARTIAL_RELEASE_HISTORY,2025Q1
DFM_B,standard,PERMISSIVE_END_OF_DAY,FIRST_RELEASE,POOLED_RESEARCH_ONLY,H2_H3,LEAVE_ONE_QUARTER_OUT,18,9,0.68491004622055296,0.54634675172470137,0.38622251775215477,VERIFIED_DOCUMENTED_VINTAGES_PARTIAL_RELEASE_HISTORY,2025Q1
DFM_B,standard,PERMISSIVE_END_OF_DAY,LATEST_REVISED,DEVELOPMENT_PSEUDO_OOS,H1,LEAVE_ONE_QUARTER_OUT,5,5,0.32416521569785572,0.28801199618988527,0.28801199618988527,VERIFIED_DOCUMENTED_VINTAGES_PARTIAL_RELEASE_HISTORY,2025Q1
DFM_B,standard,PERMISSIVE_END_OF_DAY,LATEST_REVISED,DEVELOPMENT_PSEUDO_OOS,H2,LEAVE_ONE_QUARTER_OUT,5,5,0.3268692523335669,0.29641552392523884,0.19500408654405277,VERIFIED_DOCUMENTED_VINTAGES_PARTIAL_RELEASE_HISTORY,2025Q1
DFM_B,standard,PERMISSIVE_END_OF_DAY,LATEST_REVISED,DEVELOPMENT_PSEUDO_OOS,H3,LEAVE_ONE_QUARTER_OUT,5,5,0.42919163238641234,0.36814278913186749,0.08887884521934826,VERIFIED_DOCUMENTED_VINTAGES_PARTIAL_RELEASE_HISTORY,2025Q1
DFM_B,standard,PERMISSIVE_END_OF_DAY,LATEST_REVISED,DEVELOPMENT_PSEUDO_OOS,ALL,LEAVE_ONE_QUARTER_OUT,15,5,0.36337861453313203,0.31752343641566388,0.19063164265109542,VERIFIED_DOCUMENTED_VINTAGES_PARTIAL_RELEASE_HISTORY,2025Q1
DFM_B,standard,PERMISSIVE_END_OF_DAY,LATEST_REVISED,DEVELOPMENT_PSEUDO_OOS,H2_H3,LEAVE_ONE_QUARTER_OUT,10,5,0.38147671320253507,0.33227915652855317,0.14194146588170051,VERIFIED_DOCUMENTED_VINTAGES_PARTIAL_RELEASE_HISTORY,2025Q1
DFM_B,standard,PERMISSIVE_END_OF_DAY,LATEST_REVISED,POOLED_RESEARCH_ONLY,H1,LEAVE_ONE_QUARTER_OUT,9,9,0.67363816579500435,0.54644351724698059,0.54644351724698059,VERIFIED_DOCUMENTED_VINTAGES_PARTIAL_RELEASE_HISTORY,2025Q1
DFM_B,standard,PERMISSIVE_END_OF_DAY,LATEST_REVISED,POOLED_RESEARCH_ONLY,H2,LEAVE_ONE_QUARTER_OUT,9,9,0.6604460001072624,0.54072490335404233,0.48438521592005007,VERIFIED_DOCUMENTED_VINTAGES_PARTIAL_RELEASE_HISTORY,2025Q1
DFM_B,standard,PERMISSIVE_END_OF_DAY,LATEST_REVISED,POOLED_RESEARCH_ONLY,H3,LEAVE_ONE_QUARTER_OUT,9,9,0.68467599653564837,0.57653978842454812,0.42139315291759299,VERIFIED_DOCUMENTED_VINTAGES_PARTIAL_RELEASE_HISTORY,2025Q1
DFM_B,standard,PERMISSIVE_END_OF_DAY,LATEST_REVISED,POOLED_RESEARCH_ONLY,ALL,LEAVE_ONE_QUARTER_OUT,27,9,0.67299294639825746,0.55456940300852364,0.48407396202820785,VERIFIED_DOCUMENTED_VINTAGES_PARTIAL_RELEASE_HISTORY,2025Q1
DFM_B,standard,PERMISSIVE_END_OF_DAY,LATEST_REVISED,POOLED_RESEARCH_ONLY,H2_H3,LEAVE_ONE_QUARTER_OUT,18,9,0.6726701046165815,0.55863234588929522,0.45288918441882153,VERIFIED_DOCUMENTED_VINTAGES_PARTIAL_RELEASE_HISTORY,2025Q1
DFM_B,standard,STRICT,FIRST_RELEASE,DEVELOPMENT_PSEUDO_OOS,H1,LEAVE_ONE_QUARTER_OUT,5,5,0.28431551537863214,0.19014682869750529,0.16801199618988533,VERIFIED_DOCUMENTED_VINTAGES_PARTIAL_RELEASE_HISTORY,2025Q1
DFM_B,standard,STRICT,FIRST_RELEASE,DEVELOPMENT_PSEUDO_OOS,H2,LEAVE_ONE_QUARTER_OUT,5,5,0.33888806716496067,0.27235876673247539,0.075004086544052842,VERIFIED_DOCUMENTED_VINTAGES_PARTIAL_RELEASE_HISTORY,2025Q1
DFM_B,standard,STRICT,FIRST_RELEASE,DEVELOPMENT_PSEUDO_OOS,H3,LEAVE_ONE_QUARTER_OUT,5,5,0.48582298189058942,0.34797140733209331,-0.031121154780651673,VERIFIED_DOCUMENTED_VINTAGES_PARTIAL_RELEASE_HISTORY,2025Q1
DFM_B,standard,STRICT,FIRST_RELEASE,DEVELOPMENT_PSEUDO_OOS,ALL,LEAVE_ONE_QUARTER_OUT,15,5,0.37934346973197614,0.27015900092069134,0.070631642651095505,VERIFIED_DOCUMENTED_VINTAGES_PARTIAL_RELEASE_HISTORY,2025Q1
DFM_B,standard,STRICT,FIRST_RELEASE,DEVELOPMENT_PSEUDO_OOS,H2_H3,LEAVE_ONE_QUARTER_OUT,10,5,0.41884907293670048,0.31016508703228435,0.021941465881700584,VERIFIED_DOCUMENTED_VINTAGES_PARTIAL_RELEASE_HISTORY,2025Q1
DFM_B,standard,STRICT,FIRST_RELEASE,POOLED_RESEARCH_ONLY,H1,LEAVE_ONE_QUARTER_OUT,9,9,0.66356415848421779,0.49207397975121381,0.47977685058031383,VERIFIED_DOCUMENTED_VINTAGES_PARTIAL_RELEASE_HISTORY,2025Q1
DFM_B,standard,STRICT,FIRST_RELEASE,POOLED_RESEARCH_ONLY,H2,LEAVE_ONE_QUARTER_OUT,9,9,0.6638028774708834,0.52736003824695143,0.41771854925338331,VERIFIED_DOCUMENTED_VINTAGES_PARTIAL_RELEASE_HISTORY,2025Q1
DFM_B,standard,STRICT,FIRST_RELEASE,POOLED_RESEARCH_ONLY,H3,LEAVE_ONE_QUARTER_OUT,9,9,0.70538591046962029,0.5653334652024512,0.35472648625092629,VERIFIED_DOCUMENTED_VINTAGES_PARTIAL_RELEASE_HISTORY,2025Q1
DFM_B,standard,STRICT,FIRST_RELEASE,POOLED_RESEARCH_ONLY,ALL,LEAVE_ONE_QUARTER_OUT,27,9,0.67786944053963372,0.52825582773353885,0.41740729536154114,VERIFIED_DOCUMENTED_VINTAGES_PARTIAL_RELEASE_HISTORY,2025Q1
DFM_B,standard,STRICT,FIRST_RELEASE,POOLED_RESEARCH_ONLY,H2_H3,LEAVE_ONE_QUARTER_OUT,18,9,0.68491004622055296,0.54634675172470137,0.38622251775215477,VERIFIED_DOCUMENTED_VINTAGES_PARTIAL_RELEASE_HISTORY,2025Q1
DFM_B,standard,STRICT,LATEST_REVISED,DEVELOPMENT_PSEUDO_OOS,H1,LEAVE_ONE_QUARTER_OUT,5,5,0.32416521569785572,0.28801199618988527,0.28801199618988527,VERIFIED_DOCUMENTED_VINTAGES_PARTIAL_RELEASE_HISTORY,2025Q1
DFM_B,standard,STRICT,LATEST_REVISED,DEVELOPMENT_PSEUDO_OOS,H2,LEAVE_ONE_QUARTER_OUT,5,5,0.3268692523335669,0.29641552392523884,0.19500408654405277,VERIFIED_DOCUMENTED_VINTAGES_PARTIAL_RELEASE_HISTORY,2025Q1
DFM_B,standard,STRICT,LATEST_REVISED,DEVELOPMENT_PSEUDO_OOS,H3,LEAVE_ONE_QUARTER_OUT,5,5,0.42919163238641234,0.36814278913186749,0.08887884521934826,VERIFIED_DOCUMENTED_VINTAGES_PARTIAL_RELEASE_HISTORY,2025Q1
DFM_B,standard,STRICT,LATEST_REVISED,DEVELOPMENT_PSEUDO_OOS,ALL,LEAVE_ONE_QUARTER_OUT,15,5,0.36337861453313203,0.31752343641566388,0.19063164265109542,VERIFIED_DOCUMENTED_VINTAGES_PARTIAL_RELEASE_HISTORY,2025Q1
DFM_B,standard,STRICT,LATEST_REVISED,DEVELOPMENT_PSEUDO_OOS,H2_H3,LEAVE_ONE_QUARTER_OUT,10,5,0.38147671320253507,0.33227915652855317,0.14194146588170051,VERIFIED_DOCUMENTED_VINTAGES_PARTIAL_RELEASE_HISTORY,2025Q1
DFM_B,standard,STRICT,LATEST_REVISED,POOLED_RESEARCH_ONLY,H1,LEAVE_ONE_QUARTER_OUT,9,9,0.67363816579500435,0.54644351724698059,0.54644351724698059,VERIFIED_DOCUMENTED_VINTAGES_PARTIAL_RELEASE_HISTORY,2025Q1
DFM_B,standard,STRICT,LATEST_REVISED,POOLED_RESEARCH_ONLY,H2,LEAVE_ONE_QUARTER_OUT,9,9,0.6604460001072624,0.54072490335404233,0.48438521592005007,VERIFIED_DOCUMENTED_VINTAGES_PARTIAL_RELEASE_HISTORY,2025Q1
DFM_B,standard,STRICT,LATEST_REVISED,POOLED_RESEARCH_ONLY,H3,LEAVE_ONE_QUARTER_OUT,9,9,0.68467599653564837,0.57653978842454812,0.42139315291759299,VERIFIED_DOCUMENTED_VINTAGES_PARTIAL_RELEASE_HISTORY,2025Q1
DFM_B,standard,STRICT,LATEST_REVISED,POOLED_RESEARCH_ONLY,ALL,LEAVE_ONE_QUARTER_OUT,27,9,0.67299294639825746,0.55456940300852364,0.48407396202820785,VERIFIED_DOCUMENTED_VINTAGES_PARTIAL_RELEASE_HISTORY,2025Q1
DFM_B,standard,STRICT,LATEST_REVISED,POOLED_RESEARCH_ONLY,H2_H3,LEAVE_ONE_QUARTER_OUT,18,9,0.6726701046165815,0.55863234588929522,0.45288918441882153,VERIFIED_DOCUMENTED_VINTAGES_PARTIAL_RELEASE_HISTORY,2025Q1
PRODUCTION_ENSEMBLE,conservative,PERMISSIVE_END_OF_DAY,FIRST_RELEASE,DEVELOPMENT_PSEUDO_OOS,H1,LEAVE_ONE_QUARTER_OUT,5,5,0.39806653992319219,0.35532279515285731,0.35532279515285731,VERIFIED_DOCUMENTED_VINTAGES_PARTIAL_RELEASE_HISTORY,2025Q1
PRODUCTION_ENSEMBLE,conservative,PERMISSIVE_END_OF_DAY,FIRST_RELEASE,DEVELOPMENT_PSEUDO_OOS,H2,LEAVE_ONE_QUARTER_OUT,5,5,0.38171468513834883,0.34392097912729047,0.34392097912729047,VERIFIED_DOCUMENTED_VINTAGES_PARTIAL_RELEASE_HISTORY,2025Q1
PRODUCTION_ENSEMBLE,conservative,PERMISSIVE_END_OF_DAY,FIRST_RELEASE,DEVELOPMENT_PSEUDO_OOS,H3,LEAVE_ONE_QUARTER_OUT,5,5,0.40230178234718217,0.36688406102046633,0.36688406102046633,VERIFIED_DOCUMENTED_VINTAGES_PARTIAL_RELEASE_HISTORY,2025Q1
PRODUCTION_ENSEMBLE,conservative,PERMISSIVE_END_OF_DAY,FIRST_RELEASE,DEVELOPMENT_PSEUDO_OOS,ALL,LEAVE_ONE_QUARTER_OUT,15,5,0.39412764224144892,0.3553759451002047,0.3553759451002047,VERIFIED_DOCUMENTED_VINTAGES_PARTIAL_RELEASE_HISTORY,2025Q1
PRODUCTION_ENSEMBLE,conservative,PERMISSIVE_END_OF_DAY,FIRST_RELEASE,DEVELOPMENT_PSEUDO_OOS,H2_H3,LEAVE_ONE_QUARTER_OUT,10,5,0.39214335703285114,0.3554025200738784,0.3554025200738784,VERIFIED_DOCUMENTED_VINTAGES_PARTIAL_RELEASE_HISTORY,2025Q1
PRODUCTION_ENSEMBLE,conservative,PERMISSIVE_END_OF_DAY,FIRST_RELEASE,POOLED_RESEARCH_ONLY,H1,LEAVE_ONE_QUARTER_OUT,9,9,0.51430838597088935,0.38748852157379066,0.38748852157379066,VERIFIED_DOCUMENTED_VINTAGES_PARTIAL_RELEASE_HISTORY,2025Q1
PRODUCTION_ENSEMBLE,conservative,PERMISSIVE_END_OF_DAY,FIRST_RELEASE,POOLED_RESEARCH_ONLY,H2,LEAVE_ONE_QUARTER_OUT,9,9,0.59483503660502479,0.46259021288640562,0.41666133227593455,VERIFIED_DOCUMENTED_VINTAGES_PARTIAL_RELEASE_HISTORY,2025Q1
PRODUCTION_ENSEMBLE,conservative,PERMISSIVE_END_OF_DAY,FIRST_RELEASE,POOLED_RESEARCH_ONLY,H3,LEAVE_ONE_QUARTER_OUT,9,9,0.61352863367802779,0.45328970975230881,0.4256956556731345,VERIFIED_DOCUMENTED_VINTAGES_PARTIAL_RELEASE_HISTORY,2025Q1
PRODUCTION_ENSEMBLE,conservative,PERMISSIVE_END_OF_DAY,FIRST_RELEASE,POOLED_RESEARCH_ONLY,ALL,LEAVE_ONE_QUARTER_OUT,27,9,0.57583539922322413,0.43445614807083499,0.40994850317428655,VERIFIED_DOCUMENTED_VINTAGES_PARTIAL_RELEASE_HISTORY,2025Q1
PRODUCTION_ENSEMBLE,conservative,PERMISSIVE_END_OF_DAY,FIRST_RELEASE,POOLED_RESEARCH_ONLY,H2_H3,LEAVE_ONE_QUARTER_OUT,18,9,0.60425412911941634,0.45793996131935721,0.42117849397453455,VERIFIED_DOCUMENTED_VINTAGES_PARTIAL_RELEASE_HISTORY,2025Q1
PRODUCTION_ENSEMBLE,conservative,PERMISSIVE_END_OF_DAY,LATEST_REVISED,DEVELOPMENT_PSEUDO_OOS,H1,LEAVE_ONE_QUARTER_OUT,5,5,0.49455284240024611,0.47532279515285725,0.47532279515285725,VERIFIED_DOCUMENTED_VINTAGES_PARTIAL_RELEASE_HISTORY,2025Q1
PRODUCTION_ENSEMBLE,conservative,PERMISSIVE_END_OF_DAY,LATEST_REVISED,DEVELOPMENT_PSEUDO_OOS,H2,LEAVE_ONE_QUARTER_OUT,5,5,0.49258727008070735,0.46392097912729041,0.46392097912729041,VERIFIED_DOCUMENTED_VINTAGES_PARTIAL_RELEASE_HISTORY,2025Q1
PRODUCTION_ENSEMBLE,conservative,PERMISSIVE_END_OF_DAY,LATEST_REVISED,DEVELOPMENT_PSEUDO_OOS,H3,LEAVE_ONE_QUARTER_OUT,5,5,0.51517563106382869,0.48688406102046622,0.48688406102046622,VERIFIED_DOCUMENTED_VINTAGES_PARTIAL_RELEASE_HISTORY,2025Q1
PRODUCTION_ENSEMBLE,conservative,PERMISSIVE_END_OF_DAY,LATEST_REVISED,DEVELOPMENT_PSEUDO_OOS,ALL,LEAVE_ONE_QUARTER_OUT,15,5,0.50087612021794392,0.47537594510020464,0.47537594510020464,VERIFIED_DOCUMENTED_VINTAGES_PARTIAL_RELEASE_HISTORY,2025Q1
PRODUCTION_ENSEMBLE,conservative,PERMISSIVE_END_OF_DAY,LATEST_REVISED,DEVELOPMENT_PSEUDO_OOS,H2_H3,LEAVE_ONE_QUARTER_OUT,10,5,0.50400801059486044,0.47540252007387834,0.47540252007387834,VERIFIED_DOCUMENTED_VINTAGES_PARTIAL_RELEASE_HISTORY,2025Q1
PRODUCTION_ENSEMBLE,conservative,PERMISSIVE_END_OF_DAY,LATEST_REVISED,POOLED_RESEARCH_ONLY,H1,LEAVE_ONE_QUARTER_OUT,9,9,0.55889233325277121,0.45415518824045736,0.45415518824045736,VERIFIED_DOCUMENTED_VINTAGES_PARTIAL_RELEASE_HISTORY,2025Q1
PRODUCTION_ENSEMBLE,conservative,PERMISSIVE_END_OF_DAY,LATEST_REVISED,POOLED_RESEARCH_ONLY,H2,LEAVE_ONE_QUARTER_OUT,9,9,0.63849989784499206,0.52925687955307177,0.48332799894260131,VERIFIED_DOCUMENTED_VINTAGES_PARTIAL_RELEASE_HISTORY,2025Q1
PRODUCTION_ENSEMBLE,conservative,PERMISSIVE_END_OF_DAY,LATEST_REVISED,POOLED_RESEARCH_ONLY,H3,LEAVE_ONE_QUARTER_OUT,9,9,0.65874902427900961,0.51995637641897496,0.49236232233980126,VERIFIED_DOCUMENTED_VINTAGES_PARTIAL_RELEASE_HISTORY,2025Q1
PRODUCTION_ENSEMBLE,conservative,PERMISSIVE_END_OF_DAY,LATEST_REVISED,POOLED_RESEARCH_ONLY,ALL,LEAVE_ONE_QUARTER_OUT,27,9,0.62021314527220917,0.50112281473750131,0.47661516984095331,VERIFIED_DOCUMENTED_VINTAGES_PARTIAL_RELEASE_HISTORY,2025Q1
PRODUCTION_ENSEMBLE,conservative,PERMISSIVE_END_OF_DAY,LATEST_REVISED,POOLED_RESEARCH_ONLY,H2_H3,LEAVE_ONE_QUARTER_OUT,18,9,0.64870347483908719,0.52460662798602331,0.48784516064120126,VERIFIED_DOCUMENTED_VINTAGES_PARTIAL_RELEASE_HISTORY,2025Q1
PRODUCTION_ENSEMBLE,conservative,STRICT,FIRST_RELEASE,DEVELOPMENT_PSEUDO_OOS,H1,LEAVE_ONE_QUARTER_OUT,5,5,0.39806653992319219,0.35532279515285731,0.35532279515285731,VERIFIED_DOCUMENTED_VINTAGES_PARTIAL_RELEASE_HISTORY,2025Q1
PRODUCTION_ENSEMBLE,conservative,STRICT,FIRST_RELEASE,DEVELOPMENT_PSEUDO_OOS,H2,LEAVE_ONE_QUARTER_OUT,5,5,0.38171468513834883,0.34392097912729047,0.34392097912729047,VERIFIED_DOCUMENTED_VINTAGES_PARTIAL_RELEASE_HISTORY,2025Q1
PRODUCTION_ENSEMBLE,conservative,STRICT,FIRST_RELEASE,DEVELOPMENT_PSEUDO_OOS,H3,LEAVE_ONE_QUARTER_OUT,5,5,0.40230178234718217,0.36688406102046633,0.36688406102046633,VERIFIED_DOCUMENTED_VINTAGES_PARTIAL_RELEASE_HISTORY,2025Q1
PRODUCTION_ENSEMBLE,conservative,STRICT,FIRST_RELEASE,DEVELOPMENT_PSEUDO_OOS,ALL,LEAVE_ONE_QUARTER_OUT,15,5,0.39412764224144892,0.3553759451002047,0.3553759451002047,VERIFIED_DOCUMENTED_VINTAGES_PARTIAL_RELEASE_HISTORY,2025Q1
PRODUCTION_ENSEMBLE,conservative,STRICT,FIRST_RELEASE,DEVELOPMENT_PSEUDO_OOS,H2_H3,LEAVE_ONE_QUARTER_OUT,10,5,0.39214335703285114,0.3554025200738784,0.3554025200738784,VERIFIED_DOCUMENTED_VINTAGES_PARTIAL_RELEASE_HISTORY,2025Q1
PRODUCTION_ENSEMBLE,conservative,STRICT,FIRST_RELEASE,POOLED_RESEARCH_ONLY,H1,LEAVE_ONE_QUARTER_OUT,9,9,0.51430838597088935,0.38748852157379066,0.38748852157379066,VERIFIED_DOCUMENTED_VINTAGES_PARTIAL_RELEASE_HISTORY,2025Q1
PRODUCTION_ENSEMBLE,conservative,STRICT,FIRST_RELEASE,POOLED_RESEARCH_ONLY,H2,LEAVE_ONE_QUARTER_OUT,9,9,0.59483503660502479,0.46259021288640562,0.41666133227593455,VERIFIED_DOCUMENTED_VINTAGES_PARTIAL_RELEASE_HISTORY,2025Q1
PRODUCTION_ENSEMBLE,conservative,STRICT,FIRST_RELEASE,POOLED_RESEARCH_ONLY,H3,LEAVE_ONE_QUARTER_OUT,9,9,0.61352863367802779,0.45328970975230881,0.4256956556731345,VERIFIED_DOCUMENTED_VINTAGES_PARTIAL_RELEASE_HISTORY,2025Q1
PRODUCTION_ENSEMBLE,conservative,STRICT,FIRST_RELEASE,POOLED_RESEARCH_ONLY,ALL,LEAVE_ONE_QUARTER_OUT,27,9,0.57583539922322413,0.43445614807083499,0.40994850317428655,VERIFIED_DOCUMENTED_VINTAGES_PARTIAL_RELEASE_HISTORY,2025Q1
PRODUCTION_ENSEMBLE,conservative,STRICT,FIRST_RELEASE,POOLED_RESEARCH_ONLY,H2_H3,LEAVE_ONE_QUARTER_OUT,18,9,0.60425412911941634,0.45793996131935721,0.42117849397453455,VERIFIED_DOCUMENTED_VINTAGES_PARTIAL_RELEASE_HISTORY,2025Q1
PRODUCTION_ENSEMBLE,conservative,STRICT,LATEST_REVISED,DEVELOPMENT_PSEUDO_OOS,H1,LEAVE_ONE_QUARTER_OUT,5,5,0.49455284240024611,0.47532279515285725,0.47532279515285725,VERIFIED_DOCUMENTED_VINTAGES_PARTIAL_RELEASE_HISTORY,2025Q1
PRODUCTION_ENSEMBLE,conservative,STRICT,LATEST_REVISED,DEVELOPMENT_PSEUDO_OOS,H2,LEAVE_ONE_QUARTER_OUT,5,5,0.49258727008070735,0.46392097912729041,0.46392097912729041,VERIFIED_DOCUMENTED_VINTAGES_PARTIAL_RELEASE_HISTORY,2025Q1
PRODUCTION_ENSEMBLE,conservative,STRICT,LATEST_REVISED,DEVELOPMENT_PSEUDO_OOS,H3,LEAVE_ONE_QUARTER_OUT,5,5,0.51517563106382869,0.48688406102046622,0.48688406102046622,VERIFIED_DOCUMENTED_VINTAGES_PARTIAL_RELEASE_HISTORY,2025Q1
PRODUCTION_ENSEMBLE,conservative,STRICT,LATEST_REVISED,DEVELOPMENT_PSEUDO_OOS,ALL,LEAVE_ONE_QUARTER_OUT,15,5,0.50087612021794392,0.47537594510020464,0.47537594510020464,VERIFIED_DOCUMENTED_VINTAGES_PARTIAL_RELEASE_HISTORY,2025Q1
PRODUCTION_ENSEMBLE,conservative,STRICT,LATEST_REVISED,DEVELOPMENT_PSEUDO_OOS,H2_H3,LEAVE_ONE_QUARTER_OUT,10,5,0.50400801059486044,0.47540252007387834,0.47540252007387834,VERIFIED_DOCUMENTED_VINTAGES_PARTIAL_RELEASE_HISTORY,2025Q1
PRODUCTION_ENSEMBLE,conservative,STRICT,LATEST_REVISED,POOLED_RESEARCH_ONLY,H1,LEAVE_ONE_QUARTER_OUT,9,9,0.55889233325277121,0.45415518824045736,0.45415518824045736,VERIFIED_DOCUMENTED_VINTAGES_PARTIAL_RELEASE_HISTORY,2025Q1
PRODUCTION_ENSEMBLE,conservative,STRICT,LATEST_REVISED,POOLED_RESEARCH_ONLY,H2,LEAVE_ONE_QUARTER_OUT,9,9,0.63849989784499206,0.52925687955307177,0.48332799894260131,VERIFIED_DOCUMENTED_VINTAGES_PARTIAL_RELEASE_HISTORY,2025Q1
PRODUCTION_ENSEMBLE,conservative,STRICT,LATEST_REVISED,POOLED_RESEARCH_ONLY,H3,LEAVE_ONE_QUARTER_OUT,9,9,0.65874902427900961,0.51995637641897496,0.49236232233980126,VERIFIED_DOCUMENTED_VINTAGES_PARTIAL_RELEASE_HISTORY,2025Q1
PRODUCTION_ENSEMBLE,conservative,STRICT,LATEST_REVISED,POOLED_RESEARCH_ONLY,ALL,LEAVE_ONE_QUARTER_OUT,27,9,0.62021314527220917,0.50112281473750131,0.47661516984095331,VERIFIED_DOCUMENTED_VINTAGES_PARTIAL_RELEASE_HISTORY,2025Q1
PRODUCTION_ENSEMBLE,conservative,STRICT,LATEST_REVISED,POOLED_RESEARCH_ONLY,H2_H3,LEAVE_ONE_QUARTER_OUT,18,9,0.64870347483908719,0.52460662798602331,0.48784516064120126,VERIFIED_DOCUMENTED_VINTAGES_PARTIAL_RELEASE_HISTORY,2025Q1
PRODUCTION_ENSEMBLE,standard,PERMISSIVE_END_OF_DAY,FIRST_RELEASE,DEVELOPMENT_PSEUDO_OOS,H1,LEAVE_ONE_QUARTER_OUT,5,5,0.38171468513834883,0.34392097912729047,0.34392097912729047,VERIFIED_DOCUMENTED_VINTAGES_PARTIAL_RELEASE_HISTORY,2025Q1
PRODUCTION_ENSEMBLE,standard,PERMISSIVE_END_OF_DAY,FIRST_RELEASE,DEVELOPMENT_PSEUDO_OOS,H2,LEAVE_ONE_QUARTER_OUT,5,5,0.40230178234718217,0.36688406102046633,0.36688406102046633,VERIFIED_DOCUMENTED_VINTAGES_PARTIAL_RELEASE_HISTORY,2025Q1
PRODUCTION_ENSEMBLE,standard,PERMISSIVE_END_OF_DAY,FIRST_RELEASE,DEVELOPMENT_PSEUDO_OOS,H3,LEAVE_ONE_QUARTER_OUT,5,5,0.27922952326730155,0.27422830247289659,0.13644260076856868,VERIFIED_DOCUMENTED_VINTAGES_PARTIAL_RELEASE_HISTORY,2025Q1
PRODUCTION_ENSEMBLE,standard,PERMISSIVE_END_OF_DAY,FIRST_RELEASE,DEVELOPMENT_PSEUDO_OOS,ALL,LEAVE_ONE_QUARTER_OUT,15,5,0.35847917261400875,0.3283444475402178,0.28241588030544185,VERIFIED_DOCUMENTED_VINTAGES_PARTIAL_RELEASE_HISTORY,2025Q1
PRODUCTION_ENSEMBLE,standard,PERMISSIVE_END_OF_DAY,FIRST_RELEASE,DEVELOPMENT_PSEUDO_OOS,H2_H3,LEAVE_ONE_QUARTER_OUT,10,5,0.34627723773286345,0.32055618174668143,0.25166333089451748,VERIFIED_DOCUMENTED_VINTAGES_PARTIAL_RELEASE_HISTORY,2025Q1
PRODUCTION_ENSEMBLE,standard,PERMISSIVE_END_OF_DAY,FIRST_RELEASE,POOLED_RESEARCH_ONLY,H1,LEAVE_ONE_QUARTER_OUT,9,9,0.59483503660502479,0.46259021288640562,0.41666133227593455,VERIFIED_DOCUMENTED_VINTAGES_PARTIAL_RELEASE_HISTORY,2025Q1
PRODUCTION_ENSEMBLE,standard,PERMISSIVE_END_OF_DAY,FIRST_RELEASE,POOLED_RESEARCH_ONLY,H2,LEAVE_ONE_QUARTER_OUT,9,9,0.61352863367802779,0.45328970975230881,0.4256956556731345,VERIFIED_DOCUMENTED_VINTAGES_PARTIAL_RELEASE_HISTORY,2025Q1
PRODUCTION_ENSEMBLE,standard,PERMISSIVE_END_OF_DAY,FIRST_RELEASE,POOLED_RESEARCH_ONLY,H3,LEAVE_ONE_QUARTER_OUT,9,9,0.37196359432727505,0.28579745886539942,0.20924984680743947,VERIFIED_DOCUMENTED_VINTAGES_PARTIAL_RELEASE_HISTORY,2025Q1
PRODUCTION_ENSEMBLE,standard,PERMISSIVE_END_OF_DAY,FIRST_RELEASE,POOLED_RESEARCH_ONLY,ALL,LEAVE_ONE_QUARTER_OUT,27,9,0.53808395274981469,0.40055912716803799,0.35053561158550284,VERIFIED_DOCUMENTED_VINTAGES_PARTIAL_RELEASE_HISTORY,2025Q1
PRODUCTION_ENSEMBLE,standard,PERMISSIVE_END_OF_DAY,FIRST_RELEASE,POOLED_RESEARCH_ONLY,H2_H3,LEAVE_ONE_QUARTER_OUT,18,9,0.50733337158504233,0.36954358430885414,0.31747275124028701,VERIFIED_DOCUMENTED_VINTAGES_PARTIAL_RELEASE_HISTORY,2025Q1
PRODUCTION_ENSEMBLE,standard,PERMISSIVE_END_OF_DAY,LATEST_REVISED,DEVELOPMENT_PSEUDO_OOS,H1,LEAVE_ONE_QUARTER_OUT,5,5,0.49258727008070735,0.46392097912729041,0.46392097912729041,VERIFIED_DOCUMENTED_VINTAGES_PARTIAL_RELEASE_HISTORY,2025Q1
PRODUCTION_ENSEMBLE,standard,PERMISSIVE_END_OF_DAY,LATEST_REVISED,DEVELOPMENT_PSEUDO_OOS,H2,LEAVE_ONE_QUARTER_OUT,5,5,0.51517563106382869,0.48688406102046622,0.48688406102046622,VERIFIED_DOCUMENTED_VINTAGES_PARTIAL_RELEASE_HISTORY,2025Q1
PRODUCTION_ENSEMBLE,standard,PERMISSIVE_END_OF_DAY,LATEST_REVISED,DEVELOPMENT_PSEUDO_OOS,H3,LEAVE_ONE_QUARTER_OUT,5,5,0.4065311587900361,0.39422830247289548,0.25644260076856862,VERIFIED_DOCUMENTED_VINTAGES_PARTIAL_RELEASE_HISTORY,2025Q1
PRODUCTION_ENSEMBLE,standard,PERMISSIVE_END_OF_DAY,LATEST_REVISED,DEVELOPMENT_PSEUDO_OOS,ALL,LEAVE_ONE_QUARTER_OUT,15,5,0.47374948814563284,0.44834444754021735,0.40241588030544173,VERIFIED_DOCUMENTED_VINTAGES_PARTIAL_RELEASE_HISTORY,2025Q1
PRODUCTION_ENSEMBLE,standard,PERMISSIVE_END_OF_DAY,LATEST_REVISED,DEVELOPMENT_PSEUDO_OOS,H2_H3,LEAVE_ONE_QUARTER_OUT,10,5,0.46404391705375447,0.44055618174668087,0.37166333089451742,VERIFIED_DOCUMENTED_VINTAGES_PARTIAL_RELEASE_HISTORY,2025Q1
PRODUCTION_ENSEMBLE,standard,PERMISSIVE_END_OF_DAY,LATEST_REVISED,POOLED_RESEARCH_ONLY,H1,LEAVE_ONE_QUARTER_OUT,9,9,0.63849989784499206,0.52925687955307177,0.48332799894260131,VERIFIED_DOCUMENTED_VINTAGES_PARTIAL_RELEASE_HISTORY,2025Q1
PRODUCTION_ENSEMBLE,standard,PERMISSIVE_END_OF_DAY,LATEST_REVISED,POOLED_RESEARCH_ONLY,H2,LEAVE_ONE_QUARTER_OUT,9,9,0.65874902427900961,0.51995637641897496,0.49236232233980126,VERIFIED_DOCUMENTED_VINTAGES_PARTIAL_RELEASE_HISTORY,2025Q1
PRODUCTION_ENSEMBLE,standard,PERMISSIVE_END_OF_DAY,LATEST_REVISED,POOLED_RESEARCH_ONLY,H3,LEAVE_ONE_QUARTER_OUT,9,9,0.43226850215002316,0.35246412553206558,0.27591651347410617,VERIFIED_DOCUMENTED_VINTAGES_PARTIAL_RELEASE_HISTORY,2025Q1
PRODUCTION_ENSEMBLE,standard,PERMISSIVE_END_OF_DAY,LATEST_REVISED,POOLED_RESEARCH_ONLY,ALL,LEAVE_ONE_QUARTER_OUT,27,9,0.58551642575525775,0.46722579383470408,0.4172022782521696,VERIFIED_DOCUMENTED_VINTAGES_PARTIAL_RELEASE_HISTORY,2025Q1
PRODUCTION_ENSEMBLE,standard,PERMISSIVE_END_OF_DAY,LATEST_REVISED,POOLED_RESEARCH_ONLY,H2_H3,LEAVE_ONE_QUARTER_OUT,18,9,0.55713837371858166,0.43621025097552024,0.38413941790695372,VERIFIED_DOCUMENTED_VINTAGES_PARTIAL_RELEASE_HISTORY,2025Q1
PRODUCTION_ENSEMBLE,standard,STRICT,FIRST_RELEASE,DEVELOPMENT_PSEUDO_OOS,H1,LEAVE_ONE_QUARTER_OUT,5,5,0.38171468513834883,0.34392097912729047,0.34392097912729047,VERIFIED_DOCUMENTED_VINTAGES_PARTIAL_RELEASE_HISTORY,2025Q1
PRODUCTION_ENSEMBLE,standard,STRICT,FIRST_RELEASE,DEVELOPMENT_PSEUDO_OOS,H2,LEAVE_ONE_QUARTER_OUT,5,5,0.40230178234718217,0.36688406102046633,0.36688406102046633,VERIFIED_DOCUMENTED_VINTAGES_PARTIAL_RELEASE_HISTORY,2025Q1
PRODUCTION_ENSEMBLE,standard,STRICT,FIRST_RELEASE,DEVELOPMENT_PSEUDO_OOS,H3,LEAVE_ONE_QUARTER_OUT,5,5,0.27922952326730155,0.27422830247289659,0.13644260076856868,VERIFIED_DOCUMENTED_VINTAGES_PARTIAL_RELEASE_HISTORY,2025Q1
PRODUCTION_ENSEMBLE,standard,STRICT,FIRST_RELEASE,DEVELOPMENT_PSEUDO_OOS,ALL,LEAVE_ONE_QUARTER_OUT,15,5,0.35847917261400875,0.3283444475402178,0.28241588030544185,VERIFIED_DOCUMENTED_VINTAGES_PARTIAL_RELEASE_HISTORY,2025Q1
PRODUCTION_ENSEMBLE,standard,STRICT,FIRST_RELEASE,DEVELOPMENT_PSEUDO_OOS,H2_H3,LEAVE_ONE_QUARTER_OUT,10,5,0.34627723773286345,0.32055618174668143,0.25166333089451748,VERIFIED_DOCUMENTED_VINTAGES_PARTIAL_RELEASE_HISTORY,2025Q1
PRODUCTION_ENSEMBLE,standard,STRICT,FIRST_RELEASE,POOLED_RESEARCH_ONLY,H1,LEAVE_ONE_QUARTER_OUT,9,9,0.59483503660502479,0.46259021288640562,0.41666133227593455,VERIFIED_DOCUMENTED_VINTAGES_PARTIAL_RELEASE_HISTORY,2025Q1
PRODUCTION_ENSEMBLE,standard,STRICT,FIRST_RELEASE,POOLED_RESEARCH_ONLY,H2,LEAVE_ONE_QUARTER_OUT,9,9,0.61352863367802779,0.45328970975230881,0.4256956556731345,VERIFIED_DOCUMENTED_VINTAGES_PARTIAL_RELEASE_HISTORY,2025Q1
PRODUCTION_ENSEMBLE,standard,STRICT,FIRST_RELEASE,POOLED_RESEARCH_ONLY,H3,LEAVE_ONE_QUARTER_OUT,9,9,0.37196359432727505,0.28579745886539942,0.20924984680743947,VERIFIED_DOCUMENTED_VINTAGES_PARTIAL_RELEASE_HISTORY,2025Q1
PRODUCTION_ENSEMBLE,standard,STRICT,FIRST_RELEASE,POOLED_RESEARCH_ONLY,ALL,LEAVE_ONE_QUARTER_OUT,27,9,0.53808395274981469,0.40055912716803799,0.35053561158550284,VERIFIED_DOCUMENTED_VINTAGES_PARTIAL_RELEASE_HISTORY,2025Q1
PRODUCTION_ENSEMBLE,standard,STRICT,FIRST_RELEASE,POOLED_RESEARCH_ONLY,H2_H3,LEAVE_ONE_QUARTER_OUT,18,9,0.50733337158504233,0.36954358430885414,0.31747275124028701,VERIFIED_DOCUMENTED_VINTAGES_PARTIAL_RELEASE_HISTORY,2025Q1
PRODUCTION_ENSEMBLE,standard,STRICT,LATEST_REVISED,DEVELOPMENT_PSEUDO_OOS,H1,LEAVE_ONE_QUARTER_OUT,5,5,0.49258727008070735,0.46392097912729041,0.46392097912729041,VERIFIED_DOCUMENTED_VINTAGES_PARTIAL_RELEASE_HISTORY,2025Q1
PRODUCTION_ENSEMBLE,standard,STRICT,LATEST_REVISED,DEVELOPMENT_PSEUDO_OOS,H2,LEAVE_ONE_QUARTER_OUT,5,5,0.51517563106382869,0.48688406102046622,0.48688406102046622,VERIFIED_DOCUMENTED_VINTAGES_PARTIAL_RELEASE_HISTORY,2025Q1
PRODUCTION_ENSEMBLE,standard,STRICT,LATEST_REVISED,DEVELOPMENT_PSEUDO_OOS,H3,LEAVE_ONE_QUARTER_OUT,5,5,0.4065311587900361,0.39422830247289548,0.25644260076856862,VERIFIED_DOCUMENTED_VINTAGES_PARTIAL_RELEASE_HISTORY,2025Q1
PRODUCTION_ENSEMBLE,standard,STRICT,LATEST_REVISED,DEVELOPMENT_PSEUDO_OOS,ALL,LEAVE_ONE_QUARTER_OUT,15,5,0.47374948814563284,0.44834444754021735,0.40241588030544173,VERIFIED_DOCUMENTED_VINTAGES_PARTIAL_RELEASE_HISTORY,2025Q1
PRODUCTION_ENSEMBLE,standard,STRICT,LATEST_REVISED,DEVELOPMENT_PSEUDO_OOS,H2_H3,LEAVE_ONE_QUARTER_OUT,10,5,0.46404391705375447,0.44055618174668087,0.37166333089451742,VERIFIED_DOCUMENTED_VINTAGES_PARTIAL_RELEASE_HISTORY,2025Q1
PRODUCTION_ENSEMBLE,standard,STRICT,LATEST_REVISED,POOLED_RESEARCH_ONLY,H1,LEAVE_ONE_QUARTER_OUT,9,9,0.63849989784499206,0.52925687955307177,0.48332799894260131,VERIFIED_DOCUMENTED_VINTAGES_PARTIAL_RELEASE_HISTORY,2025Q1
PRODUCTION_ENSEMBLE,standard,STRICT,LATEST_REVISED,POOLED_RESEARCH_ONLY,H2,LEAVE_ONE_QUARTER_OUT,9,9,0.65874902427900961,0.51995637641897496,0.49236232233980126,VERIFIED_DOCUMENTED_VINTAGES_PARTIAL_RELEASE_HISTORY,2025Q1
PRODUCTION_ENSEMBLE,standard,STRICT,LATEST_REVISED,POOLED_RESEARCH_ONLY,H3,LEAVE_ONE_QUARTER_OUT,9,9,0.43226850215002316,0.35246412553206558,0.27591651347410617,VERIFIED_DOCUMENTED_VINTAGES_PARTIAL_RELEASE_HISTORY,2025Q1
PRODUCTION_ENSEMBLE,standard,STRICT,LATEST_REVISED,POOLED_RESEARCH_ONLY,ALL,LEAVE_ONE_QUARTER_OUT,27,9,0.58551642575525775,0.46722579383470408,0.4172022782521696,VERIFIED_DOCUMENTED_VINTAGES_PARTIAL_RELEASE_HISTORY,2025Q1
PRODUCTION_ENSEMBLE,standard,STRICT,LATEST_REVISED,POOLED_RESEARCH_ONLY,H2_H3,LEAVE_ONE_QUARTER_OUT,18,9,0.55713837371858166,0.43621025097552024,0.38413941790695372,VERIFIED_DOCUMENTED_VINTAGES_PARTIAL_RELEASE_HISTORY,2025Q1
UMIDAS_USD,conservative,PERMISSIVE_END_OF_DAY,FIRST_RELEASE,DEVELOPMENT_PSEUDO_OOS,H1,LEAVE_ONE_QUARTER_OUT,5,5,0.35814779794988816,0.31224225373228603,0.2844421090772043,VERIFIED_DOCUMENTED_VINTAGES_PARTIAL_RELEASE_HISTORY,2025Q1
UMIDAS_USD,conservative,PERMISSIVE_END_OF_DAY,FIRST_RELEASE,DEVELOPMENT_PSEUDO_OOS,H2,LEAVE_ONE_QUARTER_OUT,5,5,0.35139495248044267,0.27310247623390838,0.26163847702607101,VERIFIED_DOCUMENTED_VINTAGES_PARTIAL_RELEASE_HISTORY,2025Q1
UMIDAS_USD,conservative,PERMISSIVE_END_OF_DAY,FIRST_RELEASE,DEVELOPMENT_PSEUDO_OOS,H3,LEAVE_ONE_QUARTER_OUT,5,5,0.39032434823250095,0.32484511516921694,0.30756464081242285,VERIFIED_DOCUMENTED_VINTAGES_PARTIAL_RELEASE_HISTORY,2025Q1
UMIDAS_USD,conservative,PERMISSIVE_END_OF_DAY,FIRST_RELEASE,DEVELOPMENT_PSEUDO_OOS,ALL,LEAVE_ONE_QUARTER_OUT,15,5,0.36701560122525817,0.3033966150451371,0.28454840897189937,VERIFIED_DOCUMENTED_VINTAGES_PARTIAL_RELEASE_HISTORY,2025Q1
UMIDAS_USD,conservative,PERMISSIVE_END_OF_DAY,FIRST_RELEASE,DEVELOPMENT_PSEUDO_OOS,H2_H3,LEAVE_ONE_QUARTER_OUT,10,5,0.37137010478218307,0.29897379570156268,0.28460155891924693,VERIFIED_DOCUMENTED_VINTAGES_PARTIAL_RELEASE_HISTORY,2025Q1
UMIDAS_USD,conservative,PERMISSIVE_END_OF_DAY,FIRST_RELEASE,POOLED_RESEARCH_ONLY,H1,LEAVE_ONE_QUARTER_OUT,9,9,0.37737620951189715,0.29753145567355144,0.20397211316261701,VERIFIED_DOCUMENTED_VINTAGES_PARTIAL_RELEASE_HISTORY,2025Q1
UMIDAS_USD,conservative,PERMISSIVE_END_OF_DAY,FIRST_RELEASE,POOLED_RESEARCH_ONLY,H2,LEAVE_ONE_QUARTER_OUT,9,9,0.60198544669879572,0.48206367313000964,0.26231773456690483,VERIFIED_DOCUMENTED_VINTAGES_PARTIAL_RELEASE_HISTORY,2025Q1
UMIDAS_USD,conservative,PERMISSIVE_END_OF_DAY,FIRST_RELEASE,POOLED_RESEARCH_ONLY,H3,LEAVE_ONE_QUARTER_OUT,9,9,0.60919208730895469,0.46669404194456998,0.28038638136130495,VERIFIED_DOCUMENTED_VINTAGES_PARTIAL_RELEASE_HISTORY,2025Q1
UMIDAS_USD,conservative,PERMISSIVE_END_OF_DAY,FIRST_RELEASE,POOLED_RESEARCH_ONLY,ALL,LEAVE_ONE_QUARTER_OUT,27,9,0.54034380437599072,0.4154297235827103,0.24889207636360894,VERIFIED_DOCUMENTED_VINTAGES_PARTIAL_RELEASE_HISTORY,2025Q1
UMIDAS_USD,conservative,PERMISSIVE_END_OF_DAY,FIRST_RELEASE,POOLED_RESEARCH_ONLY,H2_H3,LEAVE_ONE_QUARTER_OUT,18,9,0.60559948698665089,0.47437885753728981,0.27135205796410489,VERIFIED_DOCUMENTED_VINTAGES_PARTIAL_RELEASE_HISTORY,2025Q1
UMIDAS_USD,conservative,PERMISSIVE_END_OF_DAY,LATEST_REVISED,DEVELOPMENT_PSEUDO_OOS,H1,LEAVE_ONE_QUARTER_OUT,5,5,0.44580454168638317,0.40444210907720424,0.40444210907720424,VERIFIED_DOCUMENTED_VINTAGES_PARTIAL_RELEASE_HISTORY,2025Q1
UMIDAS_USD,conservative,PERMISSIVE_END_OF_DAY,LATEST_REVISED,DEVELOPMENT_PSEUDO_OOS,H2,LEAVE_ONE_QUARTER_OUT,5,5,0.46429667777369921,0.39310247623391048,0.38163847702607095,VERIFIED_DOCUMENTED_VINTAGES_PARTIAL_RELEASE_HISTORY,2025Q1
UMIDAS_USD,conservative,PERMISSIVE_END_OF_DAY,LATEST_REVISED,DEVELOPMENT_PSEUDO_OOS,H3,LEAVE_ONE_QUARTER_OUT,5,5,0.50763398932704218,0.44484511516921899,0.42756464081242279,VERIFIED_DOCUMENTED_VINTAGES_PARTIAL_RELEASE_HISTORY,2025Q1
UMIDAS_USD,conservative,PERMISSIVE_END_OF_DAY,LATEST_REVISED,DEVELOPMENT_PSEUDO_OOS,ALL,LEAVE_ONE_QUARTER_OUT,15,5,0.47328827068358953,0.4141299001601112,0.40454840897189931,VERIFIED_DOCUMENTED_VINTAGES_PARTIAL_RELEASE_HISTORY,2025Q1
UMIDAS_USD,conservative,PERMISSIVE_END_OF_DAY,LATEST_REVISED,DEVELOPMENT_PSEUDO_OOS,H2_H3,LEAVE_ONE_QUARTER_OUT,10,5,0.48644818434843701,0.41897379570156473,0.40460155891924687,VERIFIED_DOCUMENTED_VINTAGES_PARTIAL_RELEASE_HISTORY,2025Q1
UMIDAS_USD,conservative,PERMISSIVE_END_OF_DAY,LATEST_REVISED,POOLED_RESEARCH_ONLY,H1,LEAVE_ONE_QUARTER_OUT,9,9,0.42610307211719112,0.34875359753184004,0.27063877982928375,VERIFIED_DOCUMENTED_VINTAGES_PARTIAL_RELEASE_HISTORY,2025Q1
UMIDAS_USD,conservative,PERMISSIVE_END_OF_DAY,LATEST_REVISED,POOLED_RESEARCH_ONLY,H2,LEAVE_ONE_QUARTER_OUT,9,9,0.6430779513963506,0.54873033979667696,0.32898440123357159,VERIFIED_DOCUMENTED_VINTAGES_PARTIAL_RELEASE_HISTORY,2025Q1
UMIDAS_USD,conservative,PERMISSIVE_END_OF_DAY,LATEST_REVISED,POOLED_RESEARCH_ONLY,H3,LEAVE_ONE_QUARTER_OUT,9,9,0.65546682640384679,0.5333607086112373,0.34705304802797166,VERIFIED_DOCUMENTED_VINTAGES_PARTIAL_RELEASE_HISTORY,2025Q1
UMIDAS_USD,conservative,PERMISSIVE_END_OF_DAY,LATEST_REVISED,POOLED_RESEARCH_ONLY,ALL,LEAVE_ONE_QUARTER_OUT,27,9,0.5844512640519498,0.47694821531325143,0.31555874303027565,VERIFIED_DOCUMENTED_VINTAGES_PARTIAL_RELEASE_HISTORY,2025Q1
UMIDAS_USD,conservative,PERMISSIVE_END_OF_DAY,LATEST_REVISED,POOLED_RESEARCH_ONLY,H2_H3,LEAVE_ONE_QUARTER_OUT,18,9,0.64930193750213683,0.54104552420395713,0.33801872463077159,VERIFIED_DOCUMENTED_VINTAGES_PARTIAL_RELEASE_HISTORY,2025Q1
UMIDAS_USD,conservative,STRICT,FIRST_RELEASE,DEVELOPMENT_PSEUDO_OOS,H1,LEAVE_ONE_QUARTER_OUT,5,5,0.35814779794988816,0.31224225373228603,0.2844421090772043,VERIFIED_DOCUMENTED_VINTAGES_PARTIAL_RELEASE_HISTORY,2025Q1
UMIDAS_USD,conservative,STRICT,FIRST_RELEASE,DEVELOPMENT_PSEUDO_OOS,H2,LEAVE_ONE_QUARTER_OUT,5,5,0.35139495248044267,0.27310247623390838,0.26163847702607101,VERIFIED_DOCUMENTED_VINTAGES_PARTIAL_RELEASE_HISTORY,2025Q1
UMIDAS_USD,conservative,STRICT,FIRST_RELEASE,DEVELOPMENT_PSEUDO_OOS,H3,LEAVE_ONE_QUARTER_OUT,5,5,0.39032434823250095,0.32484511516921694,0.30756464081242285,VERIFIED_DOCUMENTED_VINTAGES_PARTIAL_RELEASE_HISTORY,2025Q1
UMIDAS_USD,conservative,STRICT,FIRST_RELEASE,DEVELOPMENT_PSEUDO_OOS,ALL,LEAVE_ONE_QUARTER_OUT,15,5,0.36701560122525817,0.3033966150451371,0.28454840897189937,VERIFIED_DOCUMENTED_VINTAGES_PARTIAL_RELEASE_HISTORY,2025Q1
UMIDAS_USD,conservative,STRICT,FIRST_RELEASE,DEVELOPMENT_PSEUDO_OOS,H2_H3,LEAVE_ONE_QUARTER_OUT,10,5,0.37137010478218307,0.29897379570156268,0.28460155891924693,VERIFIED_DOCUMENTED_VINTAGES_PARTIAL_RELEASE_HISTORY,2025Q1
UMIDAS_USD,conservative,STRICT,FIRST_RELEASE,POOLED_RESEARCH_ONLY,H1,LEAVE_ONE_QUARTER_OUT,9,9,0.37737620951189715,0.29753145567355144,0.20397211316261701,VERIFIED_DOCUMENTED_VINTAGES_PARTIAL_RELEASE_HISTORY,2025Q1
UMIDAS_USD,conservative,STRICT,FIRST_RELEASE,POOLED_RESEARCH_ONLY,H2,LEAVE_ONE_QUARTER_OUT,9,9,0.60198544669879572,0.48206367313000964,0.26231773456690483,VERIFIED_DOCUMENTED_VINTAGES_PARTIAL_RELEASE_HISTORY,2025Q1
UMIDAS_USD,conservative,STRICT,FIRST_RELEASE,POOLED_RESEARCH_ONLY,H3,LEAVE_ONE_QUARTER_OUT,9,9,0.60919208730895469,0.46669404194456998,0.28038638136130495,VERIFIED_DOCUMENTED_VINTAGES_PARTIAL_RELEASE_HISTORY,2025Q1
UMIDAS_USD,conservative,STRICT,FIRST_RELEASE,POOLED_RESEARCH_ONLY,ALL,LEAVE_ONE_QUARTER_OUT,27,9,0.54034380437599072,0.4154297235827103,0.24889207636360894,VERIFIED_DOCUMENTED_VINTAGES_PARTIAL_RELEASE_HISTORY,2025Q1
UMIDAS_USD,conservative,STRICT,FIRST_RELEASE,POOLED_RESEARCH_ONLY,H2_H3,LEAVE_ONE_QUARTER_OUT,18,9,0.60559948698665089,0.47437885753728981,0.27135205796410489,VERIFIED_DOCUMENTED_VINTAGES_PARTIAL_RELEASE_HISTORY,2025Q1
UMIDAS_USD,conservative,STRICT,LATEST_REVISED,DEVELOPMENT_PSEUDO_OOS,H1,LEAVE_ONE_QUARTER_OUT,5,5,0.44580454168638317,0.40444210907720424,0.40444210907720424,VERIFIED_DOCUMENTED_VINTAGES_PARTIAL_RELEASE_HISTORY,2025Q1
UMIDAS_USD,conservative,STRICT,LATEST_REVISED,DEVELOPMENT_PSEUDO_OOS,H2,LEAVE_ONE_QUARTER_OUT,5,5,0.46429667777369921,0.39310247623391048,0.38163847702607095,VERIFIED_DOCUMENTED_VINTAGES_PARTIAL_RELEASE_HISTORY,2025Q1
UMIDAS_USD,conservative,STRICT,LATEST_REVISED,DEVELOPMENT_PSEUDO_OOS,H3,LEAVE_ONE_QUARTER_OUT,5,5,0.50763398932704218,0.44484511516921899,0.42756464081242279,VERIFIED_DOCUMENTED_VINTAGES_PARTIAL_RELEASE_HISTORY,2025Q1
UMIDAS_USD,conservative,STRICT,LATEST_REVISED,DEVELOPMENT_PSEUDO_OOS,ALL,LEAVE_ONE_QUARTER_OUT,15,5,0.47328827068358953,0.4141299001601112,0.40454840897189931,VERIFIED_DOCUMENTED_VINTAGES_PARTIAL_RELEASE_HISTORY,2025Q1
UMIDAS_USD,conservative,STRICT,LATEST_REVISED,DEVELOPMENT_PSEUDO_OOS,H2_H3,LEAVE_ONE_QUARTER_OUT,10,5,0.48644818434843701,0.41897379570156473,0.40460155891924687,VERIFIED_DOCUMENTED_VINTAGES_PARTIAL_RELEASE_HISTORY,2025Q1
UMIDAS_USD,conservative,STRICT,LATEST_REVISED,POOLED_RESEARCH_ONLY,H1,LEAVE_ONE_QUARTER_OUT,9,9,0.42610307211719112,0.34875359753184004,0.27063877982928375,VERIFIED_DOCUMENTED_VINTAGES_PARTIAL_RELEASE_HISTORY,2025Q1
UMIDAS_USD,conservative,STRICT,LATEST_REVISED,POOLED_RESEARCH_ONLY,H2,LEAVE_ONE_QUARTER_OUT,9,9,0.6430779513963506,0.54873033979667696,0.32898440123357159,VERIFIED_DOCUMENTED_VINTAGES_PARTIAL_RELEASE_HISTORY,2025Q1
UMIDAS_USD,conservative,STRICT,LATEST_REVISED,POOLED_RESEARCH_ONLY,H3,LEAVE_ONE_QUARTER_OUT,9,9,0.65546682640384679,0.5333607086112373,0.34705304802797166,VERIFIED_DOCUMENTED_VINTAGES_PARTIAL_RELEASE_HISTORY,2025Q1
UMIDAS_USD,conservative,STRICT,LATEST_REVISED,POOLED_RESEARCH_ONLY,ALL,LEAVE_ONE_QUARTER_OUT,27,9,0.5844512640519498,0.47694821531325143,0.31555874303027565,VERIFIED_DOCUMENTED_VINTAGES_PARTIAL_RELEASE_HISTORY,2025Q1
UMIDAS_USD,conservative,STRICT,LATEST_REVISED,POOLED_RESEARCH_ONLY,H2_H3,LEAVE_ONE_QUARTER_OUT,18,9,0.64930193750213683,0.54104552420395713,0.33801872463077159,VERIFIED_DOCUMENTED_VINTAGES_PARTIAL_RELEASE_HISTORY,2025Q1
UMIDAS_USD,standard,PERMISSIVE_END_OF_DAY,FIRST_RELEASE,DEVELOPMENT_PSEUDO_OOS,H1,LEAVE_ONE_QUARTER_OUT,5,5,0.35139495248044267,0.27310247623390838,0.26163847702607101,VERIFIED_DOCUMENTED_VINTAGES_PARTIAL_RELEASE_HISTORY,2025Q1
UMIDAS_USD,standard,PERMISSIVE_END_OF_DAY,FIRST_RELEASE,DEVELOPMENT_PSEUDO_OOS,H2,LEAVE_ONE_QUARTER_OUT,5,5,0.39032434823250095,0.32484511516921694,0.30756464081242285,VERIFIED_DOCUMENTED_VINTAGES_PARTIAL_RELEASE_HISTORY,2025Q1
UMIDAS_USD,standard,PERMISSIVE_END_OF_DAY,FIRST_RELEASE,DEVELOPMENT_PSEUDO_OOS,H3,LEAVE_ONE_QUARTER_OUT,5,5,0.63287298184976726,0.39740662758408724,-0.15331827969137279,VERIFIED_DOCUMENTED_VINTAGES_PARTIAL_RELEASE_HISTORY,2025Q1
UMIDAS_USD,standard,PERMISSIVE_END_OF_DAY,FIRST_RELEASE,DEVELOPMENT_PSEUDO_OOS,ALL,LEAVE_ONE_QUARTER_OUT,15,5,0.47481916579096201,0.33178473966240418,0.13862827938237371,VERIFIED_DOCUMENTED_VINTAGES_PARTIAL_RELEASE_HISTORY,2025Q1
UMIDAS_USD,standard,PERMISSIVE_END_OF_DAY,FIRST_RELEASE,DEVELOPMENT_PSEUDO_OOS,H2_H3,LEAVE_ONE_QUARTER_OUT,10,5,0.52577623946815177,0.36112587137665209,0.077123180560525029,VERIFIED_DOCUMENTED_VINTAGES_PARTIAL_RELEASE_HISTORY,2025Q1
UMIDAS_USD,standard,PERMISSIVE_END_OF_DAY,FIRST_RELEASE,POOLED_RESEARCH_ONLY,H1,LEAVE_ONE_QUARTER_OUT,9,9,0.60198544669879572,0.48206367313000964,0.26231773456690483,VERIFIED_DOCUMENTED_VINTAGES_PARTIAL_RELEASE_HISTORY,2025Q1
UMIDAS_USD,standard,PERMISSIVE_END_OF_DAY,FIRST_RELEASE,POOLED_RESEARCH_ONLY,H2,LEAVE_ONE_QUARTER_OUT,9,9,0.60919208730895469,0.46669404194456998,0.28038638136130495,VERIFIED_DOCUMENTED_VINTAGES_PARTIAL_RELEASE_HISTORY,2025Q1
UMIDAS_USD,standard,PERMISSIVE_END_OF_DAY,FIRST_RELEASE,POOLED_RESEARCH_ONLY,H3,LEAVE_ONE_QUARTER_OUT,9,9,0.51960362740080357,0.34888507757082515,-0.15250523637008553,VERIFIED_DOCUMENTED_VINTAGES_PARTIAL_RELEASE_HISTORY,2025Q1
UMIDAS_USD,standard,PERMISSIVE_END_OF_DAY,FIRST_RELEASE,POOLED_RESEARCH_ONLY,ALL,LEAVE_ONE_QUARTER_OUT,27,9,0.57835669699735259,0.43254759754846828,0.1300662931860414,VERIFIED_DOCUMENTED_VINTAGES_PARTIAL_RELEASE_HISTORY,2025Q1
UMIDAS_USD,standard,PERMISSIVE_END_OF_DAY,FIRST_RELEASE,POOLED_RESEARCH_ONLY,H2_H3,LEAVE_ONE_QUARTER_OUT,18,9,0.56617264542183332,0.40778955975769754,0.063940572495609693,VERIFIED_DOCUMENTED_VINTAGES_PARTIAL_RELEASE_HISTORY,2025Q1
UMIDAS_USD,standard,PERMISSIVE_END_OF_DAY,LATEST_REVISED,DEVELOPMENT_PSEUDO_OOS,H1,LEAVE_ONE_QUARTER_OUT,5,5,0.46429667777369921,0.39310247623391048,0.38163847702607095,VERIFIED_DOCUMENTED_VINTAGES_PARTIAL_RELEASE_HISTORY,2025Q1
UMIDAS_USD,standard,PERMISSIVE_END_OF_DAY,LATEST_REVISED,DEVELOPMENT_PSEUDO_OOS,H2,LEAVE_ONE_QUARTER_OUT,5,5,0.50763398932704218,0.44484511516921899,0.42756464081242279,VERIFIED_DOCUMENTED_VINTAGES_PARTIAL_RELEASE_HISTORY,2025Q1
UMIDAS_USD,standard,PERMISSIVE_END_OF_DAY,LATEST_REVISED,DEVELOPMENT_PSEUDO_OOS,H3,LEAVE_ONE_QUARTER_OUT,5,5,0.68800136681111146,0.51740662758408829,-0.033318279691372868,VERIFIED_DOCUMENTED_VINTAGES_PARTIAL_RELEASE_HISTORY,2025Q1
UMIDAS_USD,standard,PERMISSIVE_END_OF_DAY,LATEST_REVISED,DEVELOPMENT_PSEUDO_OOS,ALL,LEAVE_ONE_QUARTER_OUT,15,5,0.56172637254738755,0.4517847396624059,0.25862827938237365,VERIFIED_DOCUMENTED_VINTAGES_PARTIAL_RELEASE_HISTORY,2025Q1
UMIDAS_USD,standard,PERMISSIVE_END_OF_DAY,LATEST_REVISED,DEVELOPMENT_PSEUDO_OOS,H2_H3,LEAVE_ONE_QUARTER_OUT,10,5,0.60458173469517129,0.48112587137665364,0.19712318056052497,VERIFIED_DOCUMENTED_VINTAGES_PARTIAL_RELEASE_HISTORY,2025Q1
UMIDAS_USD,standard,PERMISSIVE_END_OF_DAY,LATEST_REVISED,POOLED_RESEARCH_ONLY,H1,LEAVE_ONE_QUARTER_OUT,9,9,0.6430779513963506,0.54873033979667696,0.32898440123357159,VERIFIED_DOCUMENTED_VINTAGES_PARTIAL_RELEASE_HISTORY,2025Q1
UMIDAS_USD,standard,PERMISSIVE_END_OF_DAY,LATEST_REVISED,POOLED_RESEARCH_ONLY,H2,LEAVE_ONE_QUARTER_OUT,9,9,0.65546682640384679,0.5333607086112373,0.34705304802797166,VERIFIED_DOCUMENTED_VINTAGES_PARTIAL_RELEASE_HISTORY,2025Q1
UMIDAS_USD,standard,PERMISSIVE_END_OF_DAY,LATEST_REVISED,POOLED_RESEARCH_ONLY,H3,LEAVE_ONE_QUARTER_OUT,9,9,0.55717339355450302,0.41555174423749303,-0.085838569703418813,VERIFIED_DOCUMENTED_VINTAGES_PARTIAL_RELEASE_HISTORY,2025Q1
UMIDAS_USD,standard,PERMISSIVE_END_OF_DAY,LATEST_REVISED,POOLED_RESEARCH_ONLY,ALL,LEAVE_ONE_QUARTER_OUT,27,9,0.62011509753515337,0.49921426421513576,0.19673295985270814,VERIFIED_DOCUMENTED_VINTAGES_PARTIAL_RELEASE_HISTORY,2025Q1
UMIDAS_USD,standard,PERMISSIVE_END_OF_DAY,LATEST_REVISED,POOLED_RESEARCH_ONLY,H2_H3,LEAVE_ONE_QUARTER_OUT,18,9,0.60830870082589295,0.47445622642436519,0.13060723916227643,VERIFIED_DOCUMENTED_VINTAGES_PARTIAL_RELEASE_HISTORY,2025Q1
UMIDAS_USD,standard,STRICT,FIRST_RELEASE,DEVELOPMENT_PSEUDO_OOS,H1,LEAVE_ONE_QUARTER_OUT,5,5,0.35139495248044267,0.27310247623390838,0.26163847702607101,VERIFIED_DOCUMENTED_VINTAGES_PARTIAL_RELEASE_HISTORY,2025Q1
UMIDAS_USD,standard,STRICT,FIRST_RELEASE,DEVELOPMENT_PSEUDO_OOS,H2,LEAVE_ONE_QUARTER_OUT,5,5,0.39032434823250095,0.32484511516921694,0.30756464081242285,VERIFIED_DOCUMENTED_VINTAGES_PARTIAL_RELEASE_HISTORY,2025Q1
UMIDAS_USD,standard,STRICT,FIRST_RELEASE,DEVELOPMENT_PSEUDO_OOS,H3,LEAVE_ONE_QUARTER_OUT,5,5,0.63287298184976726,0.39740662758408724,-0.15331827969137279,VERIFIED_DOCUMENTED_VINTAGES_PARTIAL_RELEASE_HISTORY,2025Q1
UMIDAS_USD,standard,STRICT,FIRST_RELEASE,DEVELOPMENT_PSEUDO_OOS,ALL,LEAVE_ONE_QUARTER_OUT,15,5,0.47481916579096201,0.33178473966240418,0.13862827938237371,VERIFIED_DOCUMENTED_VINTAGES_PARTIAL_RELEASE_HISTORY,2025Q1
UMIDAS_USD,standard,STRICT,FIRST_RELEASE,DEVELOPMENT_PSEUDO_OOS,H2_H3,LEAVE_ONE_QUARTER_OUT,10,5,0.52577623946815177,0.36112587137665209,0.077123180560525029,VERIFIED_DOCUMENTED_VINTAGES_PARTIAL_RELEASE_HISTORY,2025Q1
UMIDAS_USD,standard,STRICT,FIRST_RELEASE,POOLED_RESEARCH_ONLY,H1,LEAVE_ONE_QUARTER_OUT,9,9,0.60198544669879572,0.48206367313000964,0.26231773456690483,VERIFIED_DOCUMENTED_VINTAGES_PARTIAL_RELEASE_HISTORY,2025Q1
UMIDAS_USD,standard,STRICT,FIRST_RELEASE,POOLED_RESEARCH_ONLY,H2,LEAVE_ONE_QUARTER_OUT,9,9,0.60919208730895469,0.46669404194456998,0.28038638136130495,VERIFIED_DOCUMENTED_VINTAGES_PARTIAL_RELEASE_HISTORY,2025Q1
UMIDAS_USD,standard,STRICT,FIRST_RELEASE,POOLED_RESEARCH_ONLY,H3,LEAVE_ONE_QUARTER_OUT,9,9,0.51960362740080357,0.34888507757082515,-0.15250523637008553,VERIFIED_DOCUMENTED_VINTAGES_PARTIAL_RELEASE_HISTORY,2025Q1
UMIDAS_USD,standard,STRICT,FIRST_RELEASE,POOLED_RESEARCH_ONLY,ALL,LEAVE_ONE_QUARTER_OUT,27,9,0.57835669699735259,0.43254759754846828,0.1300662931860414,VERIFIED_DOCUMENTED_VINTAGES_PARTIAL_RELEASE_HISTORY,2025Q1
UMIDAS_USD,standard,STRICT,FIRST_RELEASE,POOLED_RESEARCH_ONLY,H2_H3,LEAVE_ONE_QUARTER_OUT,18,9,0.56617264542183332,0.40778955975769754,0.063940572495609693,VERIFIED_DOCUMENTED_VINTAGES_PARTIAL_RELEASE_HISTORY,2025Q1
UMIDAS_USD,standard,STRICT,LATEST_REVISED,DEVELOPMENT_PSEUDO_OOS,H1,LEAVE_ONE_QUARTER_OUT,5,5,0.46429667777369921,0.39310247623391048,0.38163847702607095,VERIFIED_DOCUMENTED_VINTAGES_PARTIAL_RELEASE_HISTORY,2025Q1
UMIDAS_USD,standard,STRICT,LATEST_REVISED,DEVELOPMENT_PSEUDO_OOS,H2,LEAVE_ONE_QUARTER_OUT,5,5,0.50763398932704218,0.44484511516921899,0.42756464081242279,VERIFIED_DOCUMENTED_VINTAGES_PARTIAL_RELEASE_HISTORY,2025Q1
UMIDAS_USD,standard,STRICT,LATEST_REVISED,DEVELOPMENT_PSEUDO_OOS,H3,LEAVE_ONE_QUARTER_OUT,5,5,0.68800136681111146,0.51740662758408829,-0.033318279691372868,VERIFIED_DOCUMENTED_VINTAGES_PARTIAL_RELEASE_HISTORY,2025Q1
UMIDAS_USD,standard,STRICT,LATEST_REVISED,DEVELOPMENT_PSEUDO_OOS,ALL,LEAVE_ONE_QUARTER_OUT,15,5,0.56172637254738755,0.4517847396624059,0.25862827938237365,VERIFIED_DOCUMENTED_VINTAGES_PARTIAL_RELEASE_HISTORY,2025Q1
UMIDAS_USD,standard,STRICT,LATEST_REVISED,DEVELOPMENT_PSEUDO_OOS,H2_H3,LEAVE_ONE_QUARTER_OUT,10,5,0.60458173469517129,0.48112587137665364,0.19712318056052497,VERIFIED_DOCUMENTED_VINTAGES_PARTIAL_RELEASE_HISTORY,2025Q1
UMIDAS_USD,standard,STRICT,LATEST_REVISED,POOLED_RESEARCH_ONLY,H1,LEAVE_ONE_QUARTER_OUT,9,9,0.6430779513963506,0.54873033979667696,0.32898440123357159,VERIFIED_DOCUMENTED_VINTAGES_PARTIAL_RELEASE_HISTORY,2025Q1
UMIDAS_USD,standard,STRICT,LATEST_REVISED,POOLED_RESEARCH_ONLY,H2,LEAVE_ONE_QUARTER_OUT,9,9,0.65546682640384679,0.5333607086112373,0.34705304802797166,VERIFIED_DOCUMENTED_VINTAGES_PARTIAL_RELEASE_HISTORY,2025Q1
UMIDAS_USD,standard,STRICT,LATEST_REVISED,POOLED_RESEARCH_ONLY,H3,LEAVE_ONE_QUARTER_OUT,9,9,0.55717339355450302,0.41555174423749303,-0.085838569703418813,VERIFIED_DOCUMENTED_VINTAGES_PARTIAL_RELEASE_HISTORY,2025Q1
UMIDAS_USD,standard,STRICT,LATEST_REVISED,POOLED_RESEARCH_ONLY,ALL,LEAVE_ONE_QUARTER_OUT,27,9,0.62011509753515337,0.49921426421513576,0.19673295985270814,VERIFIED_DOCUMENTED_VINTAGES_PARTIAL_RELEASE_HISTORY,2025Q1
UMIDAS_USD,standard,STRICT,LATEST_REVISED,POOLED_RESEARCH_ONLY,H2_H3,LEAVE_ONE_QUARTER_OUT,18,9,0.60830870082589295,0.47445622642436519,0.13060723916227643,VERIFIED_DOCUMENTED_VINTAGES_PARTIAL_RELEASE_HISTORY,2025Q1
COMBO_B,conservative,PERMISSIVE_END_OF_DAY,FIRST_RELEASE,DEVELOPMENT_PSEUDO_OOS,H1,LEAVE_ONE_QUARTER_OUT,5,5,0.23879526908782958,0.19695028164835743,0.1903788285563385,VERIFIED_DOCUMENTED_VINTAGES_PARTIAL_RELEASE_HISTORY,2025Q2
COMBO_B,conservative,PERMISSIVE_END_OF_DAY,FIRST_RELEASE,DEVELOPMENT_PSEUDO_OOS,H2,LEAVE_ONE_QUARTER_OUT,5,5,0.24335417327445169,0.2001692557610463,0.2001692557610463,VERIFIED_DOCUMENTED_VINTAGES_PARTIAL_RELEASE_HISTORY,2025Q2
COMBO_B,conservative,PERMISSIVE_END_OF_DAY,FIRST_RELEASE,DEVELOPMENT_PSEUDO_OOS,H3,LEAVE_ONE_QUARTER_OUT,5,5,0.31788533651759038,0.2753530409747455,0.12289132732669791,VERIFIED_DOCUMENTED_VINTAGES_PARTIAL_RELEASE_HISTORY,2025Q2
COMBO_B,conservative,PERMISSIVE_END_OF_DAY,FIRST_RELEASE,DEVELOPMENT_PSEUDO_OOS,ALL,LEAVE_ONE_QUARTER_OUT,15,5,0.26913164149521235,0.22415752612804976,0.17114647054802756,VERIFIED_DOCUMENTED_VINTAGES_PARTIAL_RELEASE_HISTORY,2025Q2
COMBO_B,conservative,PERMISSIVE_END_OF_DAY,FIRST_RELEASE,DEVELOPMENT_PSEUDO_OOS,H2_H3,LEAVE_ONE_QUARTER_OUT,10,5,0.28308332768196853,0.23776114836789591,0.16153029154387211,VERIFIED_DOCUMENTED_VINTAGES_PARTIAL_RELEASE_HISTORY,2025Q2
COMBO_B,conservative,PERMISSIVE_END_OF_DAY,FIRST_RELEASE,POOLED_RESEARCH_ONLY,H1,LEAVE_ONE_QUARTER_OUT,9,9,0.45760152026407408,0.33839521761088714,0.33474441033754332,VERIFIED_DOCUMENTED_VINTAGES_PARTIAL_RELEASE_HISTORY,2025Q2
COMBO_B,conservative,PERMISSIVE_END_OF_DAY,FIRST_RELEASE,POOLED_RESEARCH_ONLY,H2,LEAVE_ONE_QUARTER_OUT,9,9,0.55647501901048357,0.40638049058503994,0.3715398391048042,VERIFIED_DOCUMENTED_VINTAGES_PARTIAL_RELEASE_HISTORY,2025Q2
COMBO_B,conservative,PERMISSIVE_END_OF_DAY,FIRST_RELEASE,POOLED_RESEARCH_ONLY,H3,LEAVE_ONE_QUARTER_OUT,9,9,0.57479054582642553,0.42311781532187553,0.32153117778296153,VERIFIED_DOCUMENTED_VINTAGES_PARTIAL_RELEASE_HISTORY,2025Q2
COMBO_B,conservative,PERMISSIVE_END_OF_DAY,FIRST_RELEASE,POOLED_RESEARCH_ONLY,ALL,LEAVE_ONE_QUARTER_OUT,27,9,0.5321177093156958,0.38929784117260086,0.34260514240843631,VERIFIED_DOCUMENTED_VINTAGES_PARTIAL_RELEASE_HISTORY,2025Q2
COMBO_B,conservative,PERMISSIVE_END_OF_DAY,FIRST_RELEASE,POOLED_RESEARCH_ONLY,H2_H3,LEAVE_ONE_QUARTER_OUT,18,9,0.56570691102113924,0.41474915295345771,0.34653550844388287,VERIFIED_DOCUMENTED_VINTAGES_PARTIAL_RELEASE_HISTORY,2025Q2
COMBO_B,conservative,PERMISSIVE_END_OF_DAY,LATEST_REVISED,DEVELOPMENT_PSEUDO_OOS,H1,LEAVE_ONE_QUARTER_OUT,5,5,0.32073333888960937,0.31037882855633736,0.31037882855633736,VERIFIED_DOCUMENTED_VINTAGES_PARTIAL_RELEASE_HISTORY,2025Q2
COMBO_B,conservative,PERMISSIVE_END_OF_DAY,LATEST_REVISED,DEVELOPMENT_PSEUDO_OOS,H2,LEAVE_ONE_QUARTER_OUT,5,5,0.35038670814217754,0.32016925576104516,0.32016925576104516,VERIFIED_DOCUMENTED_VINTAGES_PARTIAL_RELEASE_HISTORY,2025Q2
COMBO_B,conservative,PERMISSIVE_END_OF_DAY,LATEST_REVISED,DEVELOPMENT_PSEUDO_OOS,H3,LEAVE_ONE_QUARTER_OUT,5,5,0.35195064330503595,0.31535304097474215,0.24289132732669677,VERIFIED_DOCUMENTED_VINTAGES_PARTIAL_RELEASE_HISTORY,2025Q2
COMBO_B,conservative,PERMISSIVE_END_OF_DAY,LATEST_REVISED,DEVELOPMENT_PSEUDO_OOS,ALL,LEAVE_ONE_QUARTER_OUT,15,5,0.34132583418234314,0.31530037509737491,0.29114647054802645,VERIFIED_DOCUMENTED_VINTAGES_PARTIAL_RELEASE_HISTORY,2025Q2
COMBO_B,conservative,PERMISSIVE_END_OF_DAY,LATEST_REVISED,DEVELOPMENT_PSEUDO_OOS,H2_H3,LEAVE_ONE_QUARTER_OUT,10,5,0.3511695463487261,0.31776114836789365,0.28153029154387099,VERIFIED_DOCUMENTED_VINTAGES_PARTIAL_RELEASE_HISTORY,2025Q2
COMBO_B,conservative,PERMISSIVE_END_OF_DAY,LATEST_REVISED,POOLED_RESEARCH_ONLY,H1,LEAVE_ONE_QUARTER_OUT,9,9,0.48463340472919125,0.40141107700420942,0.40141107700420942,VERIFIED_DOCUMENTED_VINTAGES_PARTIAL_RELEASE_HISTORY,2025Q2
COMBO_B,conservative,PERMISSIVE_END_OF_DAY,LATEST_REVISED,POOLED_RESEARCH_ONLY,H2,LEAVE_ONE_QUARTER_OUT,9,9,0.58734127681041182,0.47304715725170549,0.43820650577147036,VERIFIED_DOCUMENTED_VINTAGES_PARTIAL_RELEASE_HISTORY,2025Q2
COMBO_B,conservative,PERMISSIVE_END_OF_DAY,LATEST_REVISED,POOLED_RESEARCH_ONLY,H3,LEAVE_ONE_QUARTER_OUT,9,9,0.58571403573308134,0.4453400375440954,0.38819784444962768,VERIFIED_DOCUMENTED_VINTAGES_PARTIAL_RELEASE_HISTORY,2025Q2
COMBO_B,conservative,PERMISSIVE_END_OF_DAY,LATEST_REVISED,POOLED_RESEARCH_ONLY,ALL,LEAVE_ONE_QUARTER_OUT,27,9,0.55464710825275398,0.43993275726667003,0.40927180907510247,VERIFIED_DOCUMENTED_VINTAGES_PARTIAL_RELEASE_HISTORY,2025Q2
COMBO_B,conservative,PERMISSIVE_END_OF_DAY,LATEST_REVISED,POOLED_RESEARCH_ONLY,H2_H3,LEAVE_ONE_QUARTER_OUT,18,9,0.5865282205913106,0.4591935973979005,0.41320217511054902,VERIFIED_DOCUMENTED_VINTAGES_PARTIAL_RELEASE_HISTORY,2025Q2
COMBO_B,conservative,STRICT,FIRST_RELEASE,DEVELOPMENT_PSEUDO_OOS,H1,LEAVE_ONE_QUARTER_OUT,5,5,0.23879526908782958,0.19695028164835743,0.1903788285563385,VERIFIED_DOCUMENTED_VINTAGES_PARTIAL_RELEASE_HISTORY,2025Q2
COMBO_B,conservative,STRICT,FIRST_RELEASE,DEVELOPMENT_PSEUDO_OOS,H2,LEAVE_ONE_QUARTER_OUT,5,5,0.24335417327445169,0.2001692557610463,0.2001692557610463,VERIFIED_DOCUMENTED_VINTAGES_PARTIAL_RELEASE_HISTORY,2025Q2
COMBO_B,conservative,STRICT,FIRST_RELEASE,DEVELOPMENT_PSEUDO_OOS,H3,LEAVE_ONE_QUARTER_OUT,5,5,0.31788533651759038,0.2753530409747455,0.12289132732669791,VERIFIED_DOCUMENTED_VINTAGES_PARTIAL_RELEASE_HISTORY,2025Q2
COMBO_B,conservative,STRICT,FIRST_RELEASE,DEVELOPMENT_PSEUDO_OOS,ALL,LEAVE_ONE_QUARTER_OUT,15,5,0.26913164149521235,0.22415752612804976,0.17114647054802756,VERIFIED_DOCUMENTED_VINTAGES_PARTIAL_RELEASE_HISTORY,2025Q2
COMBO_B,conservative,STRICT,FIRST_RELEASE,DEVELOPMENT_PSEUDO_OOS,H2_H3,LEAVE_ONE_QUARTER_OUT,10,5,0.28308332768196853,0.23776114836789591,0.16153029154387211,VERIFIED_DOCUMENTED_VINTAGES_PARTIAL_RELEASE_HISTORY,2025Q2
COMBO_B,conservative,STRICT,FIRST_RELEASE,POOLED_RESEARCH_ONLY,H1,LEAVE_ONE_QUARTER_OUT,9,9,0.45760152026407408,0.33839521761088714,0.33474441033754332,VERIFIED_DOCUMENTED_VINTAGES_PARTIAL_RELEASE_HISTORY,2025Q2
COMBO_B,conservative,STRICT,FIRST_RELEASE,POOLED_RESEARCH_ONLY,H2,LEAVE_ONE_QUARTER_OUT,9,9,0.55647501901048357,0.40638049058503994,0.3715398391048042,VERIFIED_DOCUMENTED_VINTAGES_PARTIAL_RELEASE_HISTORY,2025Q2
COMBO_B,conservative,STRICT,FIRST_RELEASE,POOLED_RESEARCH_ONLY,H3,LEAVE_ONE_QUARTER_OUT,9,9,0.57479054582642553,0.42311781532187553,0.32153117778296153,VERIFIED_DOCUMENTED_VINTAGES_PARTIAL_RELEASE_HISTORY,2025Q2
COMBO_B,conservative,STRICT,FIRST_RELEASE,POOLED_RESEARCH_ONLY,ALL,LEAVE_ONE_QUARTER_OUT,27,9,0.5321177093156958,0.38929784117260086,0.34260514240843631,VERIFIED_DOCUMENTED_VINTAGES_PARTIAL_RELEASE_HISTORY,2025Q2
COMBO_B,conservative,STRICT,FIRST_RELEASE,POOLED_RESEARCH_ONLY,H2_H3,LEAVE_ONE_QUARTER_OUT,18,9,0.56570691102113924,0.41474915295345771,0.34653550844388287,VERIFIED_DOCUMENTED_VINTAGES_PARTIAL_RELEASE_HISTORY,2025Q2
COMBO_B,conservative,STRICT,LATEST_REVISED,DEVELOPMENT_PSEUDO_OOS,H1,LEAVE_ONE_QUARTER_OUT,5,5,0.32073333888960937,0.31037882855633736,0.31037882855633736,VERIFIED_DOCUMENTED_VINTAGES_PARTIAL_RELEASE_HISTORY,2025Q2
COMBO_B,conservative,STRICT,LATEST_REVISED,DEVELOPMENT_PSEUDO_OOS,H2,LEAVE_ONE_QUARTER_OUT,5,5,0.35038670814217754,0.32016925576104516,0.32016925576104516,VERIFIED_DOCUMENTED_VINTAGES_PARTIAL_RELEASE_HISTORY,2025Q2
COMBO_B,conservative,STRICT,LATEST_REVISED,DEVELOPMENT_PSEUDO_OOS,H3,LEAVE_ONE_QUARTER_OUT,5,5,0.35195064330503595,0.31535304097474215,0.24289132732669677,VERIFIED_DOCUMENTED_VINTAGES_PARTIAL_RELEASE_HISTORY,2025Q2
COMBO_B,conservative,STRICT,LATEST_REVISED,DEVELOPMENT_PSEUDO_OOS,ALL,LEAVE_ONE_QUARTER_OUT,15,5,0.34132583418234314,0.31530037509737491,0.29114647054802645,VERIFIED_DOCUMENTED_VINTAGES_PARTIAL_RELEASE_HISTORY,2025Q2
COMBO_B,conservative,STRICT,LATEST_REVISED,DEVELOPMENT_PSEUDO_OOS,H2_H3,LEAVE_ONE_QUARTER_OUT,10,5,0.3511695463487261,0.31776114836789365,0.28153029154387099,VERIFIED_DOCUMENTED_VINTAGES_PARTIAL_RELEASE_HISTORY,2025Q2
COMBO_B,conservative,STRICT,LATEST_REVISED,POOLED_RESEARCH_ONLY,H1,LEAVE_ONE_QUARTER_OUT,9,9,0.48463340472919125,0.40141107700420942,0.40141107700420942,VERIFIED_DOCUMENTED_VINTAGES_PARTIAL_RELEASE_HISTORY,2025Q2
COMBO_B,conservative,STRICT,LATEST_REVISED,POOLED_RESEARCH_ONLY,H2,LEAVE_ONE_QUARTER_OUT,9,9,0.58734127681041182,0.47304715725170549,0.43820650577147036,VERIFIED_DOCUMENTED_VINTAGES_PARTIAL_RELEASE_HISTORY,2025Q2
COMBO_B,conservative,STRICT,LATEST_REVISED,POOLED_RESEARCH_ONLY,H3,LEAVE_ONE_QUARTER_OUT,9,9,0.58571403573308134,0.4453400375440954,0.38819784444962768,VERIFIED_DOCUMENTED_VINTAGES_PARTIAL_RELEASE_HISTORY,2025Q2
COMBO_B,conservative,STRICT,LATEST_REVISED,POOLED_RESEARCH_ONLY,ALL,LEAVE_ONE_QUARTER_OUT,27,9,0.55464710825275398,0.43993275726667003,0.40927180907510247,VERIFIED_DOCUMENTED_VINTAGES_PARTIAL_RELEASE_HISTORY,2025Q2
COMBO_B,conservative,STRICT,LATEST_REVISED,POOLED_RESEARCH_ONLY,H2_H3,LEAVE_ONE_QUARTER_OUT,18,9,0.5865282205913106,0.4591935973979005,0.41320217511054902,VERIFIED_DOCUMENTED_VINTAGES_PARTIAL_RELEASE_HISTORY,2025Q2
COMBO_B,standard,PERMISSIVE_END_OF_DAY,FIRST_RELEASE,DEVELOPMENT_PSEUDO_OOS,H1,LEAVE_ONE_QUARTER_OUT,5,5,0.22471780076677916,0.18223898554329149,0.18223898554329149,VERIFIED_DOCUMENTED_VINTAGES_PARTIAL_RELEASE_HISTORY,2025Q2
COMBO_B,standard,PERMISSIVE_END_OF_DAY,FIRST_RELEASE,DEVELOPMENT_PSEUDO_OOS,H2,LEAVE_ONE_QUARTER_OUT,5,5,0.23166656700976471,0.18906482655868223,0.15208782267772242,VERIFIED_DOCUMENTED_VINTAGES_PARTIAL_RELEASE_HISTORY,2025Q2
COMBO_B,standard,PERMISSIVE_END_OF_DAY,FIRST_RELEASE,DEVELOPMENT_PSEUDO_OOS,H3,LEAVE_ONE_QUARTER_OUT,5,5,0.21385519683133039,0.18296456694493166,0.045421009714161541,VERIFIED_DOCUMENTED_VINTAGES_PARTIAL_RELEASE_HISTORY,2025Q2
COMBO_B,standard,PERMISSIVE_END_OF_DAY,FIRST_RELEASE,DEVELOPMENT_PSEUDO_OOS,ALL,LEAVE_ONE_QUARTER_OUT,15,5,0.22353339307831596,0.18475612634896846,0.12658260597839183,VERIFIED_DOCUMENTED_VINTAGES_PARTIAL_RELEASE_HISTORY,2025Q2
COMBO_B,standard,PERMISSIVE_END_OF_DAY,FIRST_RELEASE,DEVELOPMENT_PSEUDO_OOS,H2_H3,LEAVE_ONE_QUARTER_OUT,10,5,0.22293882959441685,0.18601469675180696,0.098754416195941983,VERIFIED_DOCUMENTED_VINTAGES_PARTIAL_RELEASE_HISTORY,2025Q2
COMBO_B,standard,PERMISSIVE_END_OF_DAY,FIRST_RELEASE,POOLED_RESEARCH_ONLY,H1,LEAVE_ONE_QUARTER_OUT,9,9,0.54538322729051902,0.39216198967603055,0.35294381975989453,VERIFIED_DOCUMENTED_VINTAGES_PARTIAL_RELEASE_HISTORY,2025Q2
COMBO_B,standard,PERMISSIVE_END_OF_DAY,FIRST_RELEASE,POOLED_RESEARCH_ONLY,H2,LEAVE_ONE_QUARTER_OUT,9,9,0.54473565906052546,0.37200352387775149,0.3272766091959467,VERIFIED_DOCUMENTED_VINTAGES_PARTIAL_RELEASE_HISTORY,2025Q2
COMBO_B,standard,PERMISSIVE_END_OF_DAY,FIRST_RELEASE,POOLED_RESEARCH_ONLY,H3,LEAVE_ONE_QUARTER_OUT,9,9,0.33772203225648367,0.25399078281872267,0.17757769546829483,VERIFIED_DOCUMENTED_VINTAGES_PARTIAL_RELEASE_HISTORY,2025Q2
COMBO_B,standard,PERMISSIVE_END_OF_DAY,FIRST_RELEASE,POOLED_RESEARCH_ONLY,ALL,LEAVE_ONE_QUARTER_OUT,27,9,0.48587926275752097,0.33938543212416827,0.28593270814137867,VERIFIED_DOCUMENTED_VINTAGES_PARTIAL_RELEASE_HISTORY,2025Q2
COMBO_B,standard,PERMISSIVE_END_OF_DAY,FIRST_RELEASE,POOLED_RESEARCH_ONLY,H2_H3,LEAVE_ONE_QUARTER_OUT,18,9,0.4532069666959867,0.31299715334823708,0.25242715233212076,VERIFIED_DOCUMENTED_VINTAGES_PARTIAL_RELEASE_HISTORY,2025Q2
COMBO_B,standard,PERMISSIVE_END_OF_DAY,LATEST_REVISED,DEVELOPMENT_PSEUDO_OOS,H1,LEAVE_ONE_QUARTER_OUT,5,5,0.32964901570404809,0.30223898554329037,0.30223898554329037,VERIFIED_DOCUMENTED_VINTAGES_PARTIAL_RELEASE_HISTORY,2025Q2
COMBO_B,standard,PERMISSIVE_END_OF_DAY,LATEST_REVISED,DEVELOPMENT_PSEUDO_OOS,H2,LEAVE_ONE_QUARTER_OUT,5,5,0.31990338611168267,0.2720878226777213,0.2720878226777213,VERIFIED_DOCUMENTED_VINTAGES_PARTIAL_RELEASE_HISTORY,2025Q2
COMBO_B,standard,PERMISSIVE_END_OF_DAY,LATEST_REVISED,DEVELOPMENT_PSEUDO_OOS,H3,LEAVE_ONE_QUARTER_OUT,5,5,0.23713629791696308,0.22296456694492833,0.16542100971416041,VERIFIED_DOCUMENTED_VINTAGES_PARTIAL_RELEASE_HISTORY,2025Q2
COMBO_B,standard,PERMISSIVE_END_OF_DAY,LATEST_REVISED,DEVELOPMENT_PSEUDO_OOS,ALL,LEAVE_ONE_QUARTER_OUT,15,5,0.2984628808803147,0.26576379172198,0.24658260597839068,VERIFIED_DOCUMENTED_VINTAGES_PARTIAL_RELEASE_HISTORY,2025Q2
COMBO_B,standard,PERMISSIVE_END_OF_DAY,LATEST_REVISED,DEVELOPMENT_PSEUDO_OOS,H2_H3,LEAVE_ONE_QUARTER_OUT,10,5,0.28157752061864155,0.24752619481132482,0.21875441619594085,VERIFIED_DOCUMENTED_VINTAGES_PARTIAL_RELEASE_HISTORY,2025Q2
COMBO_B,standard,PERMISSIVE_END_OF_DAY,LATEST_REVISED,POOLED_RESEARCH_ONLY,H1,LEAVE_ONE_QUARTER_OUT,9,9,0.57424711089626335,0.4588286563426961,0.41961048642656062,VERIFIED_DOCUMENTED_VINTAGES_PARTIAL_RELEASE_HISTORY,2025Q2
COMBO_B,standard,PERMISSIVE_END_OF_DAY,LATEST_REVISED,POOLED_RESEARCH_ONLY,H2,LEAVE_ONE_QUARTER_OUT,9,9,0.56901243250888467,0.41812741061055042,0.3939432758626128,VERIFIED_DOCUMENTED_VINTAGES_PARTIAL_RELEASE_HISTORY,2025Q2
COMBO_B,standard,PERMISSIVE_END_OF_DAY,LATEST_REVISED,POOLED_RESEARCH_ONLY,H3,LEAVE_ONE_QUARTER_OUT,9,9,0.34625030004528157,0.27621300504094315,0.24424436213496095,VERIFIED_DOCUMENTED_VINTAGES_PARTIAL_RELEASE_HISTORY,2025Q2
COMBO_B,standard,PERMISSIVE_END_OF_DAY,LATEST_REVISED,POOLED_RESEARCH_ONLY,ALL,LEAVE_ONE_QUARTER_OUT,27,9,0.50774802248222528,0.38438969066472989,0.35259937480804482,VERIFIED_DOCUMENTED_VINTAGES_PARTIAL_RELEASE_HISTORY,2025Q2
COMBO_B,standard,PERMISSIVE_END_OF_DAY,LATEST_REVISED,POOLED_RESEARCH_ONLY,H2_H3,LEAVE_ONE_QUARTER_OUT,18,9,0.47099066797078132,0.34717020782574681,0.31909381899878686,VERIFIED_DOCUMENTED_VINTAGES_PARTIAL_RELEASE_HISTORY,2025Q2
COMBO_B,standard,STRICT,FIRST_RELEASE,DEVELOPMENT_PSEUDO_OOS,H1,LEAVE_ONE_QUARTER_OUT,5,5,0.22471780076677916,0.18223898554329149,0.18223898554329149,VERIFIED_DOCUMENTED_VINTAGES_PARTIAL_RELEASE_HISTORY,2025Q2
COMBO_B,standard,STRICT,FIRST_RELEASE,DEVELOPMENT_PSEUDO_OOS,H2,LEAVE_ONE_QUARTER_OUT,5,5,0.23166656700976471,0.18906482655868223,0.15208782267772242,VERIFIED_DOCUMENTED_VINTAGES_PARTIAL_RELEASE_HISTORY,2025Q2
COMBO_B,standard,STRICT,FIRST_RELEASE,DEVELOPMENT_PSEUDO_OOS,H3,LEAVE_ONE_QUARTER_OUT,5,5,0.21385519683133039,0.18296456694493166,0.045421009714161541,VERIFIED_DOCUMENTED_VINTAGES_PARTIAL_RELEASE_HISTORY,2025Q2
COMBO_B,standard,STRICT,FIRST_RELEASE,DEVELOPMENT_PSEUDO_OOS,ALL,LEAVE_ONE_QUARTER_OUT,15,5,0.22353339307831596,0.18475612634896846,0.12658260597839183,VERIFIED_DOCUMENTED_VINTAGES_PARTIAL_RELEASE_HISTORY,2025Q2
COMBO_B,standard,STRICT,FIRST_RELEASE,DEVELOPMENT_PSEUDO_OOS,H2_H3,LEAVE_ONE_QUARTER_OUT,10,5,0.22293882959441685,0.18601469675180696,0.098754416195941983,VERIFIED_DOCUMENTED_VINTAGES_PARTIAL_RELEASE_HISTORY,2025Q2
COMBO_B,standard,STRICT,FIRST_RELEASE,POOLED_RESEARCH_ONLY,H1,LEAVE_ONE_QUARTER_OUT,9,9,0.54538322729051902,0.39216198967603055,0.35294381975989453,VERIFIED_DOCUMENTED_VINTAGES_PARTIAL_RELEASE_HISTORY,2025Q2
COMBO_B,standard,STRICT,FIRST_RELEASE,POOLED_RESEARCH_ONLY,H2,LEAVE_ONE_QUARTER_OUT,9,9,0.54473565906052546,0.37200352387775149,0.3272766091959467,VERIFIED_DOCUMENTED_VINTAGES_PARTIAL_RELEASE_HISTORY,2025Q2
COMBO_B,standard,STRICT,FIRST_RELEASE,POOLED_RESEARCH_ONLY,H3,LEAVE_ONE_QUARTER_OUT,9,9,0.33772203225648367,0.25399078281872267,0.17757769546829483,VERIFIED_DOCUMENTED_VINTAGES_PARTIAL_RELEASE_HISTORY,2025Q2
COMBO_B,standard,STRICT,FIRST_RELEASE,POOLED_RESEARCH_ONLY,ALL,LEAVE_ONE_QUARTER_OUT,27,9,0.48587926275752097,0.33938543212416827,0.28593270814137867,VERIFIED_DOCUMENTED_VINTAGES_PARTIAL_RELEASE_HISTORY,2025Q2
COMBO_B,standard,STRICT,FIRST_RELEASE,POOLED_RESEARCH_ONLY,H2_H3,LEAVE_ONE_QUARTER_OUT,18,9,0.4532069666959867,0.31299715334823708,0.25242715233212076,VERIFIED_DOCUMENTED_VINTAGES_PARTIAL_RELEASE_HISTORY,2025Q2
COMBO_B,standard,STRICT,LATEST_REVISED,DEVELOPMENT_PSEUDO_OOS,H1,LEAVE_ONE_QUARTER_OUT,5,5,0.32964901570404809,0.30223898554329037,0.30223898554329037,VERIFIED_DOCUMENTED_VINTAGES_PARTIAL_RELEASE_HISTORY,2025Q2
COMBO_B,standard,STRICT,LATEST_REVISED,DEVELOPMENT_PSEUDO_OOS,H2,LEAVE_ONE_QUARTER_OUT,5,5,0.31990338611168267,0.2720878226777213,0.2720878226777213,VERIFIED_DOCUMENTED_VINTAGES_PARTIAL_RELEASE_HISTORY,2025Q2
COMBO_B,standard,STRICT,LATEST_REVISED,DEVELOPMENT_PSEUDO_OOS,H3,LEAVE_ONE_QUARTER_OUT,5,5,0.23713629791696308,0.22296456694492833,0.16542100971416041,VERIFIED_DOCUMENTED_VINTAGES_PARTIAL_RELEASE_HISTORY,2025Q2
COMBO_B,standard,STRICT,LATEST_REVISED,DEVELOPMENT_PSEUDO_OOS,ALL,LEAVE_ONE_QUARTER_OUT,15,5,0.2984628808803147,0.26576379172198,0.24658260597839068,VERIFIED_DOCUMENTED_VINTAGES_PARTIAL_RELEASE_HISTORY,2025Q2
COMBO_B,standard,STRICT,LATEST_REVISED,DEVELOPMENT_PSEUDO_OOS,H2_H3,LEAVE_ONE_QUARTER_OUT,10,5,0.28157752061864155,0.24752619481132482,0.21875441619594085,VERIFIED_DOCUMENTED_VINTAGES_PARTIAL_RELEASE_HISTORY,2025Q2
COMBO_B,standard,STRICT,LATEST_REVISED,POOLED_RESEARCH_ONLY,H1,LEAVE_ONE_QUARTER_OUT,9,9,0.57424711089626335,0.4588286563426961,0.41961048642656062,VERIFIED_DOCUMENTED_VINTAGES_PARTIAL_RELEASE_HISTORY,2025Q2
COMBO_B,standard,STRICT,LATEST_REVISED,POOLED_RESEARCH_ONLY,H2,LEAVE_ONE_QUARTER_OUT,9,9,0.56901243250888467,0.41812741061055042,0.3939432758626128,VERIFIED_DOCUMENTED_VINTAGES_PARTIAL_RELEASE_HISTORY,2025Q2
COMBO_B,standard,STRICT,LATEST_REVISED,POOLED_RESEARCH_ONLY,H3,LEAVE_ONE_QUARTER_OUT,9,9,0.34625030004528157,0.27621300504094315,0.24424436213496095,VERIFIED_DOCUMENTED_VINTAGES_PARTIAL_RELEASE_HISTORY,2025Q2
COMBO_B,standard,STRICT,LATEST_REVISED,POOLED_RESEARCH_ONLY,ALL,LEAVE_ONE_QUARTER_OUT,27,9,0.50774802248222528,0.38438969066472989,0.35259937480804482,VERIFIED_DOCUMENTED_VINTAGES_PARTIAL_RELEASE_HISTORY,2025Q2
COMBO_B,standard,STRICT,LATEST_REVISED,POOLED_RESEARCH_ONLY,H2_H3,LEAVE_ONE_QUARTER_OUT,18,9,0.47099066797078132,0.34717020782574681,0.31909381899878686,VERIFIED_DOCUMENTED_VINTAGES_PARTIAL_RELEASE_HISTORY,2025Q2
DFM_B,conservative,PERMISSIVE_END_OF_DAY,FIRST_RELEASE,DEVELOPMENT_PSEUDO_OOS,H1,LEAVE_ONE_QUARTER_OUT,5,5,0.18745511995482908,0.13833177269839361,0.10978225453357844,VERIFIED_DOCUMENTED_VINTAGES_PARTIAL_RELEASE_HISTORY,2025Q2
DFM_B,conservative,PERMISSIVE_END_OF_DAY,FIRST_RELEASE,DEVELOPMENT_PSEUDO_OOS,H2,LEAVE_ONE_QUARTER_OUT,5,5,0.18977763019656169,0.15013669383427891,0.14085833628779429,VERIFIED_DOCUMENTED_VINTAGES_PARTIAL_RELEASE_HISTORY,2025Q2
DFM_B,conservative,PERMISSIVE_END_OF_DAY,FIRST_RELEASE,DEVELOPMENT_PSEUDO_OOS,H3,LEAVE_ONE_QUARTER_OUT,5,5,0.51156901816765044,0.35336332108234336,-0.071846620474683043,VERIFIED_DOCUMENTED_VINTAGES_PARTIAL_RELEASE_HISTORY,2025Q2
DFM_B,conservative,PERMISSIVE_END_OF_DAY,FIRST_RELEASE,DEVELOPMENT_PSEUDO_OOS,ALL,LEAVE_ONE_QUARTER_OUT,15,5,0.33309549745246536,0.2139439292050053,0.059597990115563229,VERIFIED_DOCUMENTED_VINTAGES_PARTIAL_RELEASE_HISTORY,2025Q2
DFM_B,conservative,PERMISSIVE_END_OF_DAY,FIRST_RELEASE,DEVELOPMENT_PSEUDO_OOS,H2_H3,LEAVE_ONE_QUARTER_OUT,10,5,0.38582276324242243,0.25175000745831111,0.034505857906555623,VERIFIED_DOCUMENTED_VINTAGES_PARTIAL_RELEASE_HISTORY,2025Q2
DFM_B,conservative,PERMISSIVE_END_OF_DAY,FIRST_RELEASE,POOLED_RESEARCH_ONLY,H1,LEAVE_ONE_QUARTER_OUT,9,9,0.67485797821298754,0.48885905454742573,0.47299821112252843,VERIFIED_DOCUMENTED_VINTAGES_PARTIAL_RELEASE_HISTORY,2025Q2
DFM_B,conservative,PERMISSIVE_END_OF_DAY,FIRST_RELEASE,POOLED_RESEARCH_ONLY,H2,LEAVE_ONE_QUARTER_OUT,9,9,0.66420946974474238,0.48711564327506884,0.48196100019368848,VERIFIED_DOCUMENTED_VINTAGES_PARTIAL_RELEASE_HISTORY,2025Q2
DFM_B,conservative,PERMISSIVE_END_OF_DAY,FIRST_RELEASE,POOLED_RESEARCH_ONLY,H3,LEAVE_ONE_QUARTER_OUT,9,9,0.74372125172039161,0.59331225600537973,0.35708451069592062,VERIFIED_DOCUMENTED_VINTAGES_PARTIAL_RELEASE_HISTORY,2025Q2
DFM_B,conservative,PERMISSIVE_END_OF_DAY,FIRST_RELEASE,POOLED_RESEARCH_ONLY,ALL,LEAVE_ONE_QUARTER_OUT,27,9,0.69515677145922972,0.52309565127595814,0.43734790733737916,VERIFIED_DOCUMENTED_VINTAGES_PARTIAL_RELEASE_HISTORY,2025Q2
DFM_B,conservative,PERMISSIVE_END_OF_DAY,FIRST_RELEASE,POOLED_RESEARCH_ONLY,H2_H3,LEAVE_ONE_QUARTER_OUT,18,9,0.70508705843999786,0.54021394964022429,0.41952275544480455,VERIFIED_DOCUMENTED_VINTAGES_PARTIAL_RELEASE_HISTORY,2025Q2
DFM_B,conservative,PERMISSIVE_END_OF_DAY,LATEST_REVISED,DEVELOPMENT_PSEUDO_OOS,H1,LEAVE_ONE_QUARTER_OUT,5,5,0.23740464624460167,0.22978225453357731,0.22978225453357731,VERIFIED_DOCUMENTED_VINTAGES_PARTIAL_RELEASE_HISTORY,2025Q2
DFM_B,conservative,PERMISSIVE_END_OF_DAY,LATEST_REVISED,DEVELOPMENT_PSEUDO_OOS,H2,LEAVE_ONE_QUARTER_OUT,5,5,0.26649904267239261,0.26085833628779315,0.26085833628779315,VERIFIED_DOCUMENTED_VINTAGES_PARTIAL_RELEASE_HISTORY,2025Q2
DFM_B,conservative,PERMISSIVE_END_OF_DAY,LATEST_REVISED,DEVELOPMENT_PSEUDO_OOS,H3,LEAVE_ONE_QUARTER_OUT,5,5,0.44944413040099679,0.38053423644067746,0.048153379525315822,VERIFIED_DOCUMENTED_VINTAGES_PARTIAL_RELEASE_HISTORY,2025Q2
DFM_B,conservative,PERMISSIVE_END_OF_DAY,LATEST_REVISED,DEVELOPMENT_PSEUDO_OOS,ALL,LEAVE_ONE_QUARTER_OUT,15,5,0.33135214508421618,0.29039160908734929,0.1795979901155621,VERIFIED_DOCUMENTED_VINTAGES_PARTIAL_RELEASE_HISTORY,2025Q2
DFM_B,conservative,PERMISSIVE_END_OF_DAY,LATEST_REVISED,DEVELOPMENT_PSEUDO_OOS,H2_H3,LEAVE_ONE_QUARTER_OUT,10,5,0.36947379209979825,0.32069628636423531,0.15450585790655449,VERIFIED_DOCUMENTED_VINTAGES_PARTIAL_RELEASE_HISTORY,2025Q2
DFM_B,conservative,PERMISSIVE_END_OF_DAY,LATEST_REVISED,POOLED_RESEARCH_ONLY,H1,LEAVE_ONE_QUARTER_OUT,9,9,0.68353715148367289,0.53966487778919459,0.53966487778919459,VERIFIED_DOCUMENTED_VINTAGES_PARTIAL_RELEASE_HISTORY,2025Q2
DFM_B,conservative,PERMISSIVE_END_OF_DAY,LATEST_REVISED,POOLED_RESEARCH_ONLY,H2,LEAVE_ONE_QUARTER_OUT,9,9,0.67869146413429082,0.54862766686035469,0.54862766686035469,VERIFIED_DOCUMENTED_VINTAGES_PARTIAL_RELEASE_HISTORY,2025Q2
DFM_B,conservative,PERMISSIVE_END_OF_DAY,LATEST_REVISED,POOLED_RESEARCH_ONLY,H3,LEAVE_ONE_QUARTER_OUT,9,9,0.72107770673558047,0.60840720898223211,0.42375117736258677,VERIFIED_DOCUMENTED_VINTAGES_PARTIAL_RELEASE_HISTORY,2025Q2
DFM_B,conservative,PERMISSIVE_END_OF_DAY,LATEST_REVISED,POOLED_RESEARCH_ONLY,ALL,LEAVE_ONE_QUARTER_OUT,27,9,0.69469374549706064,0.56556658454392705,0.50401457400404537,VERIFIED_DOCUMENTED_VINTAGES_PARTIAL_RELEASE_HISTORY,2025Q2
DFM_B,conservative,PERMISSIVE_END_OF_DAY,LATEST_REVISED,POOLED_RESEARCH_ONLY,H2_H3,LEAVE_ONE_QUARTER_OUT,18,9,0.7002053850977551,0.5785174379212934,0.48618942211147076,VERIFIED_DOCUMENTED_VINTAGES_PARTIAL_RELEASE_HISTORY,2025Q2
DFM_B,conservative,STRICT,FIRST_RELEASE,DEVELOPMENT_PSEUDO_OOS,H1,LEAVE_ONE_QUARTER_OUT,5,5,0.18745511995482908,0.13833177269839361,0.10978225453357844,VERIFIED_DOCUMENTED_VINTAGES_PARTIAL_RELEASE_HISTORY,2025Q2
DFM_B,conservative,STRICT,FIRST_RELEASE,DEVELOPMENT_PSEUDO_OOS,H2,LEAVE_ONE_QUARTER_OUT,5,5,0.18977763019656169,0.15013669383427891,0.14085833628779429,VERIFIED_DOCUMENTED_VINTAGES_PARTIAL_RELEASE_HISTORY,2025Q2
DFM_B,conservative,STRICT,FIRST_RELEASE,DEVELOPMENT_PSEUDO_OOS,H3,LEAVE_ONE_QUARTER_OUT,5,5,0.51156901816765044,0.35336332108234336,-0.071846620474683043,VERIFIED_DOCUMENTED_VINTAGES_PARTIAL_RELEASE_HISTORY,2025Q2
DFM_B,conservative,STRICT,FIRST_RELEASE,DEVELOPMENT_PSEUDO_OOS,ALL,LEAVE_ONE_QUARTER_OUT,15,5,0.33309549745246536,0.2139439292050053,0.059597990115563229,VERIFIED_DOCUMENTED_VINTAGES_PARTIAL_RELEASE_HISTORY,2025Q2
DFM_B,conservative,STRICT,FIRST_RELEASE,DEVELOPMENT_PSEUDO_OOS,H2_H3,LEAVE_ONE_QUARTER_OUT,10,5,0.38582276324242243,0.25175000745831111,0.034505857906555623,VERIFIED_DOCUMENTED_VINTAGES_PARTIAL_RELEASE_HISTORY,2025Q2
DFM_B,conservative,STRICT,FIRST_RELEASE,POOLED_RESEARCH_ONLY,H1,LEAVE_ONE_QUARTER_OUT,9,9,0.67485797821298754,0.48885905454742573,0.47299821112252843,VERIFIED_DOCUMENTED_VINTAGES_PARTIAL_RELEASE_HISTORY,2025Q2
DFM_B,conservative,STRICT,FIRST_RELEASE,POOLED_RESEARCH_ONLY,H2,LEAVE_ONE_QUARTER_OUT,9,9,0.66420946974474238,0.48711564327506884,0.48196100019368848,VERIFIED_DOCUMENTED_VINTAGES_PARTIAL_RELEASE_HISTORY,2025Q2
DFM_B,conservative,STRICT,FIRST_RELEASE,POOLED_RESEARCH_ONLY,H3,LEAVE_ONE_QUARTER_OUT,9,9,0.74372125172039161,0.59331225600537973,0.35708451069592062,VERIFIED_DOCUMENTED_VINTAGES_PARTIAL_RELEASE_HISTORY,2025Q2
DFM_B,conservative,STRICT,FIRST_RELEASE,POOLED_RESEARCH_ONLY,ALL,LEAVE_ONE_QUARTER_OUT,27,9,0.69515677145922972,0.52309565127595814,0.43734790733737916,VERIFIED_DOCUMENTED_VINTAGES_PARTIAL_RELEASE_HISTORY,2025Q2
DFM_B,conservative,STRICT,FIRST_RELEASE,POOLED_RESEARCH_ONLY,H2_H3,LEAVE_ONE_QUARTER_OUT,18,9,0.70508705843999786,0.54021394964022429,0.41952275544480455,VERIFIED_DOCUMENTED_VINTAGES_PARTIAL_RELEASE_HISTORY,2025Q2
DFM_B,conservative,STRICT,LATEST_REVISED,DEVELOPMENT_PSEUDO_OOS,H1,LEAVE_ONE_QUARTER_OUT,5,5,0.23740464624460167,0.22978225453357731,0.22978225453357731,VERIFIED_DOCUMENTED_VINTAGES_PARTIAL_RELEASE_HISTORY,2025Q2
DFM_B,conservative,STRICT,LATEST_REVISED,DEVELOPMENT_PSEUDO_OOS,H2,LEAVE_ONE_QUARTER_OUT,5,5,0.26649904267239261,0.26085833628779315,0.26085833628779315,VERIFIED_DOCUMENTED_VINTAGES_PARTIAL_RELEASE_HISTORY,2025Q2
DFM_B,conservative,STRICT,LATEST_REVISED,DEVELOPMENT_PSEUDO_OOS,H3,LEAVE_ONE_QUARTER_OUT,5,5,0.44944413040099679,0.38053423644067746,0.048153379525315822,VERIFIED_DOCUMENTED_VINTAGES_PARTIAL_RELEASE_HISTORY,2025Q2
DFM_B,conservative,STRICT,LATEST_REVISED,DEVELOPMENT_PSEUDO_OOS,ALL,LEAVE_ONE_QUARTER_OUT,15,5,0.33135214508421618,0.29039160908734929,0.1795979901155621,VERIFIED_DOCUMENTED_VINTAGES_PARTIAL_RELEASE_HISTORY,2025Q2
DFM_B,conservative,STRICT,LATEST_REVISED,DEVELOPMENT_PSEUDO_OOS,H2_H3,LEAVE_ONE_QUARTER_OUT,10,5,0.36947379209979825,0.32069628636423531,0.15450585790655449,VERIFIED_DOCUMENTED_VINTAGES_PARTIAL_RELEASE_HISTORY,2025Q2
DFM_B,conservative,STRICT,LATEST_REVISED,POOLED_RESEARCH_ONLY,H1,LEAVE_ONE_QUARTER_OUT,9,9,0.68353715148367289,0.53966487778919459,0.53966487778919459,VERIFIED_DOCUMENTED_VINTAGES_PARTIAL_RELEASE_HISTORY,2025Q2
DFM_B,conservative,STRICT,LATEST_REVISED,POOLED_RESEARCH_ONLY,H2,LEAVE_ONE_QUARTER_OUT,9,9,0.67869146413429082,0.54862766686035469,0.54862766686035469,VERIFIED_DOCUMENTED_VINTAGES_PARTIAL_RELEASE_HISTORY,2025Q2
DFM_B,conservative,STRICT,LATEST_REVISED,POOLED_RESEARCH_ONLY,H3,LEAVE_ONE_QUARTER_OUT,9,9,0.72107770673558047,0.60840720898223211,0.42375117736258677,VERIFIED_DOCUMENTED_VINTAGES_PARTIAL_RELEASE_HISTORY,2025Q2
DFM_B,conservative,STRICT,LATEST_REVISED,POOLED_RESEARCH_ONLY,ALL,LEAVE_ONE_QUARTER_OUT,27,9,0.69469374549706064,0.56556658454392705,0.50401457400404537,VERIFIED_DOCUMENTED_VINTAGES_PARTIAL_RELEASE_HISTORY,2025Q2
DFM_B,conservative,STRICT,LATEST_REVISED,POOLED_RESEARCH_ONLY,H2_H3,LEAVE_ONE_QUARTER_OUT,18,9,0.7002053850977551,0.5785174379212934,0.48618942211147076,VERIFIED_DOCUMENTED_VINTAGES_PARTIAL_RELEASE_HISTORY,2025Q2
DFM_B,standard,PERMISSIVE_END_OF_DAY,FIRST_RELEASE,DEVELOPMENT_PSEUDO_OOS,H1,LEAVE_ONE_QUARTER_OUT,5,5,0.16875497615498369,0.12713262835990502,0.10499779585228505,VERIFIED_DOCUMENTED_VINTAGES_PARTIAL_RELEASE_HISTORY,2025Q2
DFM_B,standard,PERMISSIVE_END_OF_DAY,FIRST_RELEASE,DEVELOPMENT_PSEUDO_OOS,H2,LEAVE_ONE_QUARTER_OUT,5,5,0.23518559471930356,0.18390105041578816,-0.013453629772634378,VERIFIED_DOCUMENTED_VINTAGES_PARTIAL_RELEASE_HISTORY,2025Q2
DFM_B,standard,PERMISSIVE_END_OF_DAY,FIRST_RELEASE,DEVELOPMENT_PSEUDO_OOS,H3,LEAVE_ONE_QUARTER_OUT,5,5,0.43205551166108086,0.28912574058046303,-0.089966821532281929,VERIFIED_DOCUMENTED_VINTAGES_PARTIAL_RELEASE_HISTORY,2025Q2
DFM_B,standard,PERMISSIVE_END_OF_DAY,FIRST_RELEASE,DEVELOPMENT_PSEUDO_OOS,ALL,LEAVE_ONE_QUARTER_OUT,15,5,0.30025681846116337,0.20005313978538541,0.00052578151578958434,VERIFIED_DOCUMENTED_VINTAGES_PARTIAL_RELEASE_HISTORY,2025Q2
DFM_B,standard,PERMISSIVE_END_OF_DAY,FIRST_RELEASE,DEVELOPMENT_PSEUDO_OOS,H2_H3,LEAVE_ONE_QUARTER_OUT,10,5,0.34783920791091888,0.23651339549812561,-0.051710225652458155,VERIFIED_DOCUMENTED_VINTAGES_PARTIAL_RELEASE_HISTORY,2025Q2
DFM_B,standard,PERMISSIVE_END_OF_DAY,FIRST_RELEASE,POOLED_RESEARCH_ONLY,H1,LEAVE_ONE_QUARTER_OUT,9,9,0.64127227535788167,0.45706609067476922,0.44476896150386924,VERIFIED_DOCUMENTED_VINTAGES_PARTIAL_RELEASE_HISTORY,2025Q2
DFM_B,standard,PERMISSIVE_END_OF_DAY,FIRST_RELEASE,POOLED_RESEARCH_ONLY,H2,LEAVE_ONE_QUARTER_OUT,9,9,0.63840461314218189,0.47821686251545853,0.3685753735218904,VERIFIED_DOCUMENTED_VINTAGES_PARTIAL_RELEASE_HISTORY,2025Q2
DFM_B,standard,PERMISSIVE_END_OF_DAY,FIRST_RELEASE,POOLED_RESEARCH_ONLY,H3,LEAVE_ONE_QUARTER_OUT,9,9,0.68567594559592304,0.53264142811821225,0.32203444916668722,VERIFIED_DOCUMENTED_VINTAGES_PARTIAL_RELEASE_HISTORY,2025Q2
DFM_B,standard,PERMISSIVE_END_OF_DAY,FIRST_RELEASE,POOLED_RESEARCH_ONLY,ALL,LEAVE_ONE_QUARTER_OUT,27,9,0.65547491271412184,0.4893081271028133,0.37845959473081558,VERIFIED_DOCUMENTED_VINTAGES_PARTIAL_RELEASE_HISTORY,2025Q2
DFM_B,standard,PERMISSIVE_END_OF_DAY,FIRST_RELEASE,POOLED_RESEARCH_ONLY,H2_H3,LEAVE_ONE_QUARTER_OUT,18,9,0.66246205644175649,0.50542914531683536,0.34530491134428881,VERIFIED_DOCUMENTED_VINTAGES_PARTIAL_RELEASE_HISTORY,2025Q2
DFM_B,standard,PERMISSIVE_END_OF_DAY,LATEST_REVISED,DEVELOPMENT_PSEUDO_OOS,H1,LEAVE_ONE_QUARTER_OUT,5,5,0.22962146406746992,0.22499779585228391,0.22499779585228391,VERIFIED_DOCUMENTED_VINTAGES_PARTIAL_RELEASE_HISTORY,2025Q2
DFM_B,standard,PERMISSIVE_END_OF_DAY,LATEST_REVISED,DEVELOPMENT_PSEUDO_OOS,H2,LEAVE_ONE_QUARTER_OUT,5,5,0.21751011474819723,0.20795780760855057,0.10654637022736449,VERIFIED_DOCUMENTED_VINTAGES_PARTIAL_RELEASE_HISTORY,2025Q2
DFM_B,standard,PERMISSIVE_END_OF_DAY,LATEST_REVISED,DEVELOPMENT_PSEUDO_OOS,H3,LEAVE_ONE_QUARTER_OUT,5,5,0.36722398169804599,0.30929712238023621,0.030033178467716935,VERIFIED_DOCUMENTED_VINTAGES_PARTIAL_RELEASE_HISTORY,2025Q2
DFM_B,standard,PERMISSIVE_END_OF_DAY,LATEST_REVISED,DEVELOPMENT_PSEUDO_OOS,ALL,LEAVE_ONE_QUARTER_OUT,15,5,0.27981548653379257,0.24741757528035688,0.12052578151578845,VERIFIED_DOCUMENTED_VINTAGES_PARTIAL_RELEASE_HISTORY,2025Q2
DFM_B,standard,PERMISSIVE_END_OF_DAY,LATEST_REVISED,DEVELOPMENT_PSEUDO_OOS,H2_H3,LEAVE_ONE_QUARTER_OUT,10,5,0.30179803076887424,0.25862746499439337,0.068289774347540716,VERIFIED_DOCUMENTED_VINTAGES_PARTIAL_RELEASE_HISTORY,2025Q2
DFM_B,standard,PERMISSIVE_END_OF_DAY,LATEST_REVISED,POOLED_RESEARCH_ONLY,H1,LEAVE_ONE_QUARTER_OUT,9,9,0.65169096750949673,0.51143562817053534,0.51143562817053534,VERIFIED_DOCUMENTED_VINTAGES_PARTIAL_RELEASE_HISTORY,2025Q2
DFM_B,standard,PERMISSIVE_END_OF_DAY,LATEST_REVISED,POOLED_RESEARCH_ONLY,H2,LEAVE_ONE_QUARTER_OUT,9,9,0.63491346575755969,0.49158172762254881,0.43524204018855656,VERIFIED_DOCUMENTED_VINTAGES_PARTIAL_RELEASE_HISTORY,2025Q2
DFM_B,standard,PERMISSIVE_END_OF_DAY,LATEST_REVISED,POOLED_RESEARCH_ONLY,H3,LEAVE_ONE_QUARTER_OUT,9,9,0.66435189464010014,0.54384775134030849,0.38870111583335337,VERIFIED_DOCUMENTED_VINTAGES_PARTIAL_RELEASE_HISTORY,2025Q2
DFM_B,standard,PERMISSIVE_END_OF_DAY,LATEST_REVISED,POOLED_RESEARCH_ONLY,ALL,LEAVE_ONE_QUARTER_OUT,27,9,0.65043054101254871,0.51562170237779759,0.44512626139748179,VERIFIED_DOCUMENTED_VINTAGES_PARTIAL_RELEASE_HISTORY,2025Q2
DFM_B,standard,PERMISSIVE_END_OF_DAY,LATEST_REVISED,POOLED_RESEARCH_ONLY,H2_H3,LEAVE_ONE_QUARTER_OUT,18,9,0.64979941093854754,0.51771473948142865,0.41197157801095496,VERIFIED_DOCUMENTED_VINTAGES_PARTIAL_RELEASE_HISTORY,2025Q2
DFM_B,standard,STRICT,FIRST_RELEASE,DEVELOPMENT_PSEUDO_OOS,H1,LEAVE_ONE_QUARTER_OUT,5,5,0.16875497615498369,0.12713262835990502,0.10499779585228505,VERIFIED_DOCUMENTED_VINTAGES_PARTIAL_RELEASE_HISTORY,2025Q2
DFM_B,standard,STRICT,FIRST_RELEASE,DEVELOPMENT_PSEUDO_OOS,H2,LEAVE_ONE_QUARTER_OUT,5,5,0.23518559471930356,0.18390105041578816,-0.013453629772634378,VERIFIED_DOCUMENTED_VINTAGES_PARTIAL_RELEASE_HISTORY,2025Q2
DFM_B,standard,STRICT,FIRST_RELEASE,DEVELOPMENT_PSEUDO_OOS,H3,LEAVE_ONE_QUARTER_OUT,5,5,0.43205551166108086,0.28912574058046303,-0.089966821532281929,VERIFIED_DOCUMENTED_VINTAGES_PARTIAL_RELEASE_HISTORY,2025Q2
DFM_B,standard,STRICT,FIRST_RELEASE,DEVELOPMENT_PSEUDO_OOS,ALL,LEAVE_ONE_QUARTER_OUT,15,5,0.30025681846116337,0.20005313978538541,0.00052578151578958434,VERIFIED_DOCUMENTED_VINTAGES_PARTIAL_RELEASE_HISTORY,2025Q2
DFM_B,standard,STRICT,FIRST_RELEASE,DEVELOPMENT_PSEUDO_OOS,H2_H3,LEAVE_ONE_QUARTER_OUT,10,5,0.34783920791091888,0.23651339549812561,-0.051710225652458155,VERIFIED_DOCUMENTED_VINTAGES_PARTIAL_RELEASE_HISTORY,2025Q2
DFM_B,standard,STRICT,FIRST_RELEASE,POOLED_RESEARCH_ONLY,H1,LEAVE_ONE_QUARTER_OUT,9,9,0.64127227535788167,0.45706609067476922,0.44476896150386924,VERIFIED_DOCUMENTED_VINTAGES_PARTIAL_RELEASE_HISTORY,2025Q2
DFM_B,standard,STRICT,FIRST_RELEASE,POOLED_RESEARCH_ONLY,H2,LEAVE_ONE_QUARTER_OUT,9,9,0.63840461314218189,0.47821686251545853,0.3685753735218904,VERIFIED_DOCUMENTED_VINTAGES_PARTIAL_RELEASE_HISTORY,2025Q2
DFM_B,standard,STRICT,FIRST_RELEASE,POOLED_RESEARCH_ONLY,H3,LEAVE_ONE_QUARTER_OUT,9,9,0.68567594559592304,0.53264142811821225,0.32203444916668722,VERIFIED_DOCUMENTED_VINTAGES_PARTIAL_RELEASE_HISTORY,2025Q2
DFM_B,standard,STRICT,FIRST_RELEASE,POOLED_RESEARCH_ONLY,ALL,LEAVE_ONE_QUARTER_OUT,27,9,0.65547491271412184,0.4893081271028133,0.37845959473081558,VERIFIED_DOCUMENTED_VINTAGES_PARTIAL_RELEASE_HISTORY,2025Q2
DFM_B,standard,STRICT,FIRST_RELEASE,POOLED_RESEARCH_ONLY,H2_H3,LEAVE_ONE_QUARTER_OUT,18,9,0.66246205644175649,0.50542914531683536,0.34530491134428881,VERIFIED_DOCUMENTED_VINTAGES_PARTIAL_RELEASE_HISTORY,2025Q2
DFM_B,standard,STRICT,LATEST_REVISED,DEVELOPMENT_PSEUDO_OOS,H1,LEAVE_ONE_QUARTER_OUT,5,5,0.22962146406746992,0.22499779585228391,0.22499779585228391,VERIFIED_DOCUMENTED_VINTAGES_PARTIAL_RELEASE_HISTORY,2025Q2
DFM_B,standard,STRICT,LATEST_REVISED,DEVELOPMENT_PSEUDO_OOS,H2,LEAVE_ONE_QUARTER_OUT,5,5,0.21751011474819723,0.20795780760855057,0.10654637022736449,VERIFIED_DOCUMENTED_VINTAGES_PARTIAL_RELEASE_HISTORY,2025Q2
DFM_B,standard,STRICT,LATEST_REVISED,DEVELOPMENT_PSEUDO_OOS,H3,LEAVE_ONE_QUARTER_OUT,5,5,0.36722398169804599,0.30929712238023621,0.030033178467716935,VERIFIED_DOCUMENTED_VINTAGES_PARTIAL_RELEASE_HISTORY,2025Q2
DFM_B,standard,STRICT,LATEST_REVISED,DEVELOPMENT_PSEUDO_OOS,ALL,LEAVE_ONE_QUARTER_OUT,15,5,0.27981548653379257,0.24741757528035688,0.12052578151578845,VERIFIED_DOCUMENTED_VINTAGES_PARTIAL_RELEASE_HISTORY,2025Q2
DFM_B,standard,STRICT,LATEST_REVISED,DEVELOPMENT_PSEUDO_OOS,H2_H3,LEAVE_ONE_QUARTER_OUT,10,5,0.30179803076887424,0.25862746499439337,0.068289774347540716,VERIFIED_DOCUMENTED_VINTAGES_PARTIAL_RELEASE_HISTORY,2025Q2
DFM_B,standard,STRICT,LATEST_REVISED,POOLED_RESEARCH_ONLY,H1,LEAVE_ONE_QUARTER_OUT,9,9,0.65169096750949673,0.51143562817053534,0.51143562817053534,VERIFIED_DOCUMENTED_VINTAGES_PARTIAL_RELEASE_HISTORY,2025Q2
DFM_B,standard,STRICT,LATEST_REVISED,POOLED_RESEARCH_ONLY,H2,LEAVE_ONE_QUARTER_OUT,9,9,0.63491346575755969,0.49158172762254881,0.43524204018855656,VERIFIED_DOCUMENTED_VINTAGES_PARTIAL_RELEASE_HISTORY,2025Q2
DFM_B,standard,STRICT,LATEST_REVISED,POOLED_RESEARCH_ONLY,H3,LEAVE_ONE_QUARTER_OUT,9,9,0.66435189464010014,0.54384775134030849,0.38870111583335337,VERIFIED_DOCUMENTED_VINTAGES_PARTIAL_RELEASE_HISTORY,2025Q2
DFM_B,standard,STRICT,LATEST_REVISED,POOLED_RESEARCH_ONLY,ALL,LEAVE_ONE_QUARTER_OUT,27,9,0.65043054101254871,0.51562170237779759,0.44512626139748179,VERIFIED_DOCUMENTED_VINTAGES_PARTIAL_RELEASE_HISTORY,2025Q2
DFM_B,standard,STRICT,LATEST_REVISED,POOLED_RESEARCH_ONLY,H2_H3,LEAVE_ONE_QUARTER_OUT,18,9,0.64979941093854754,0.51771473948142865,0.41197157801095496,VERIFIED_DOCUMENTED_VINTAGES_PARTIAL_RELEASE_HISTORY,2025Q2
PRODUCTION_ENSEMBLE,conservative,PERMISSIVE_END_OF_DAY,FIRST_RELEASE,DEVELOPMENT_PSEUDO_OOS,H1,LEAVE_ONE_QUARTER_OUT,5,5,0.40166111740751742,0.35753668218656925,0.35753668218656925,VERIFIED_DOCUMENTED_VINTAGES_PARTIAL_RELEASE_HISTORY,2025Q2
PRODUCTION_ENSEMBLE,conservative,PERMISSIVE_END_OF_DAY,FIRST_RELEASE,DEVELOPMENT_PSEUDO_OOS,H2,LEAVE_ONE_QUARTER_OUT,5,5,0.39394716732098889,0.35178906851416902,0.35178906851416902,VERIFIED_DOCUMENTED_VINTAGES_PARTIAL_RELEASE_HISTORY,2025Q2
PRODUCTION_ENSEMBLE,conservative,PERMISSIVE_END_OF_DAY,FIRST_RELEASE,DEVELOPMENT_PSEUDO_OOS,H3,LEAVE_ONE_QUARTER_OUT,5,5,0.4245360066370199,0.38086361846105932,0.38086361846105932,VERIFIED_DOCUMENTED_VINTAGES_PARTIAL_RELEASE_HISTORY,2025Q2
PRODUCTION_ENSEMBLE,conservative,PERMISSIVE_END_OF_DAY,FIRST_RELEASE,DEVELOPMENT_PSEUDO_OOS,ALL,LEAVE_ONE_QUARTER_OUT,15,5,0.40692212392077942,0.36339645638726586,0.36339645638726586,VERIFIED_DOCUMENTED_VINTAGES_PARTIAL_RELEASE_HISTORY,2025Q2
PRODUCTION_ENSEMBLE,conservative,PERMISSIVE_END_OF_DAY,FIRST_RELEASE,DEVELOPMENT_PSEUDO_OOS,H2_H3,LEAVE_ONE_QUARTER_OUT,10,5,0.40952728332282029,0.36632634348761417,0.36632634348761417,VERIFIED_DOCUMENTED_VINTAGES_PARTIAL_RELEASE_HISTORY,2025Q2
PRODUCTION_ENSEMBLE,conservative,PERMISSIVE_END_OF_DAY,FIRST_RELEASE,POOLED_RESEARCH_ONLY,H1,LEAVE_ONE_QUARTER_OUT,9,9,0.51585866476013642,0.38871845881474176,0.38871845881474176,VERIFIED_DOCUMENTED_VINTAGES_PARTIAL_RELEASE_HISTORY,2025Q2
PRODUCTION_ENSEMBLE,conservative,PERMISSIVE_END_OF_DAY,FIRST_RELEASE,POOLED_RESEARCH_ONLY,H2,LEAVE_ONE_QUARTER_OUT,9,9,0.59924951545022109,0.46696137365689366,0.42103249304642265,VERIFIED_DOCUMENTED_VINTAGES_PARTIAL_RELEASE_HISTORY,2025Q2
PRODUCTION_ENSEMBLE,conservative,PERMISSIVE_END_OF_DAY,FIRST_RELEASE,POOLED_RESEARCH_ONLY,H3,LEAVE_ONE_QUARTER_OUT,9,9,0.62179640677845571,0.46105613055263828,0.43346207647346396,VERIFIED_DOCUMENTED_VINTAGES_PARTIAL_RELEASE_HISTORY,2025Q2
PRODUCTION_ENSEMBLE,conservative,PERMISSIVE_END_OF_DAY,FIRST_RELEASE,POOLED_RESEARCH_ONLY,ALL,LEAVE_ONE_QUARTER_OUT,27,9,0.58075838787400347,0.43891198767475792,0.41440434277820948,VERIFIED_DOCUMENTED_VINTAGES_PARTIAL_RELEASE_HISTORY,2025Q2
PRODUCTION_ENSEMBLE,conservative,PERMISSIVE_END_OF_DAY,FIRST_RELEASE,POOLED_RESEARCH_ONLY,H2_H3,LEAVE_ONE_QUARTER_OUT,18,9,0.61062703561581821,0.464008752104766,0.42724728475994334,VERIFIED_DOCUMENTED_VINTAGES_PARTIAL_RELEASE_HISTORY,2025Q2
PRODUCTION_ENSEMBLE,conservative,PERMISSIVE_END_OF_DAY,LATEST_REVISED,DEVELOPMENT_PSEUDO_OOS,H1,LEAVE_ONE_QUARTER_OUT,5,5,0.49745069801618974,0.47753668218656814,0.47753668218656814,VERIFIED_DOCUMENTED_VINTAGES_PARTIAL_RELEASE_HISTORY,2025Q2
PRODUCTION_ENSEMBLE,conservative,PERMISSIVE_END_OF_DAY,LATEST_REVISED,DEVELOPMENT_PSEUDO_OOS,H2,LEAVE_ONE_QUARTER_OUT,5,5,0.5021259686926427,0.47178906851416791,0.47178906851416791,VERIFIED_DOCUMENTED_VINTAGES_PARTIAL_RELEASE_HISTORY,2025Q2
PRODUCTION_ENSEMBLE,conservative,PERMISSIVE_END_OF_DAY,LATEST_REVISED,DEVELOPMENT_PSEUDO_OOS,H3,LEAVE_ONE_QUARTER_OUT,5,5,0.53271946434648032,0.5008636184610582,0.5008636184610582,VERIFIED_DOCUMENTED_VINTAGES_PARTIAL_RELEASE_HISTORY,2025Q2
PRODUCTION_ENSEMBLE,conservative,PERMISSIVE_END_OF_DAY,LATEST_REVISED,DEVELOPMENT_PSEUDO_OOS,ALL,LEAVE_ONE_QUARTER_OUT,15,5,0.51100479876609117,0.48339645638726475,0.48339645638726475,VERIFIED_DOCUMENTED_VINTAGES_PARTIAL_RELEASE_HISTORY,2025Q2
PRODUCTION_ENSEMBLE,conservative,PERMISSIVE_END_OF_DAY,LATEST_REVISED,DEVELOPMENT_PSEUDO_OOS,H2_H3,LEAVE_ONE_QUARTER_OUT,10,5,0.51764877867581505,0.48632634348761306,0.48632634348761306,VERIFIED_DOCUMENTED_VINTAGES_PARTIAL_RELEASE_HISTORY,2025Q2
PRODUCTION_ENSEMBLE,conservative,PERMISSIVE_END_OF_DAY,LATEST_REVISED,POOLED_RESEARCH_ONLY,H1,LEAVE_ONE_QUARTER_OUT,9,9,0.56031927175214613,0.45538512548140786,0.45538512548140786,VERIFIED_DOCUMENTED_VINTAGES_PARTIAL_RELEASE_HISTORY,2025Q2
PRODUCTION_ENSEMBLE,conservative,PERMISSIVE_END_OF_DAY,LATEST_REVISED,POOLED_RESEARCH_ONLY,H2,LEAVE_ONE_QUARTER_OUT,9,9,0.64261448827620449,0.53362804032355926,0.4876991597130888,VERIFIED_DOCUMENTED_VINTAGES_PARTIAL_RELEASE_HISTORY,2025Q2
PRODUCTION_ENSEMBLE,conservative,PERMISSIVE_END_OF_DAY,LATEST_REVISED,POOLED_RESEARCH_ONLY,H3,LEAVE_ONE_QUARTER_OUT,9,9,0.66645604815945481,0.52772279721930382,0.50012874314013012,VERIFIED_DOCUMENTED_VINTAGES_PARTIAL_RELEASE_HISTORY,2025Q2
PRODUCTION_ENSEMBLE,conservative,PERMISSIVE_END_OF_DAY,LATEST_REVISED,POOLED_RESEARCH_ONLY,ALL,LEAVE_ONE_QUARTER_OUT,27,9,0.62478655847888331,0.50557865434142368,0.48107100944487557,VERIFIED_DOCUMENTED_VINTAGES_PARTIAL_RELEASE_HISTORY,2025Q2
PRODUCTION_ENSEMBLE,conservative,PERMISSIVE_END_OF_DAY,LATEST_REVISED,POOLED_RESEARCH_ONLY,H2_H3,LEAVE_ONE_QUARTER_OUT,18,9,0.65464381333317656,0.53067541877143154,0.49391395142660943,VERIFIED_DOCUMENTED_VINTAGES_PARTIAL_RELEASE_HISTORY,2025Q2
PRODUCTION_ENSEMBLE,conservative,STRICT,FIRST_RELEASE,DEVELOPMENT_PSEUDO_OOS,H1,LEAVE_ONE_QUARTER_OUT,5,5,0.40166111740751742,0.35753668218656925,0.35753668218656925,VERIFIED_DOCUMENTED_VINTAGES_PARTIAL_RELEASE_HISTORY,2025Q2
PRODUCTION_ENSEMBLE,conservative,STRICT,FIRST_RELEASE,DEVELOPMENT_PSEUDO_OOS,H2,LEAVE_ONE_QUARTER_OUT,5,5,0.39394716732098889,0.35178906851416902,0.35178906851416902,VERIFIED_DOCUMENTED_VINTAGES_PARTIAL_RELEASE_HISTORY,2025Q2
PRODUCTION_ENSEMBLE,conservative,STRICT,FIRST_RELEASE,DEVELOPMENT_PSEUDO_OOS,H3,LEAVE_ONE_QUARTER_OUT,5,5,0.4245360066370199,0.38086361846105932,0.38086361846105932,VERIFIED_DOCUMENTED_VINTAGES_PARTIAL_RELEASE_HISTORY,2025Q2
PRODUCTION_ENSEMBLE,conservative,STRICT,FIRST_RELEASE,DEVELOPMENT_PSEUDO_OOS,ALL,LEAVE_ONE_QUARTER_OUT,15,5,0.40692212392077942,0.36339645638726586,0.36339645638726586,VERIFIED_DOCUMENTED_VINTAGES_PARTIAL_RELEASE_HISTORY,2025Q2
PRODUCTION_ENSEMBLE,conservative,STRICT,FIRST_RELEASE,DEVELOPMENT_PSEUDO_OOS,H2_H3,LEAVE_ONE_QUARTER_OUT,10,5,0.40952728332282029,0.36632634348761417,0.36632634348761417,VERIFIED_DOCUMENTED_VINTAGES_PARTIAL_RELEASE_HISTORY,2025Q2
PRODUCTION_ENSEMBLE,conservative,STRICT,FIRST_RELEASE,POOLED_RESEARCH_ONLY,H1,LEAVE_ONE_QUARTER_OUT,9,9,0.51585866476013642,0.38871845881474176,0.38871845881474176,VERIFIED_DOCUMENTED_VINTAGES_PARTIAL_RELEASE_HISTORY,2025Q2
PRODUCTION_ENSEMBLE,conservative,STRICT,FIRST_RELEASE,POOLED_RESEARCH_ONLY,H2,LEAVE_ONE_QUARTER_OUT,9,9,0.59924951545022109,0.46696137365689366,0.42103249304642265,VERIFIED_DOCUMENTED_VINTAGES_PARTIAL_RELEASE_HISTORY,2025Q2
PRODUCTION_ENSEMBLE,conservative,STRICT,FIRST_RELEASE,POOLED_RESEARCH_ONLY,H3,LEAVE_ONE_QUARTER_OUT,9,9,0.62179640677845571,0.46105613055263828,0.43346207647346396,VERIFIED_DOCUMENTED_VINTAGES_PARTIAL_RELEASE_HISTORY,2025Q2
PRODUCTION_ENSEMBLE,conservative,STRICT,FIRST_RELEASE,POOLED_RESEARCH_ONLY,ALL,LEAVE_ONE_QUARTER_OUT,27,9,0.58075838787400347,0.43891198767475792,0.41440434277820948,VERIFIED_DOCUMENTED_VINTAGES_PARTIAL_RELEASE_HISTORY,2025Q2
PRODUCTION_ENSEMBLE,conservative,STRICT,FIRST_RELEASE,POOLED_RESEARCH_ONLY,H2_H3,LEAVE_ONE_QUARTER_OUT,18,9,0.61062703561581821,0.464008752104766,0.42724728475994334,VERIFIED_DOCUMENTED_VINTAGES_PARTIAL_RELEASE_HISTORY,2025Q2
PRODUCTION_ENSEMBLE,conservative,STRICT,LATEST_REVISED,DEVELOPMENT_PSEUDO_OOS,H1,LEAVE_ONE_QUARTER_OUT,5,5,0.49745069801618974,0.47753668218656814,0.47753668218656814,VERIFIED_DOCUMENTED_VINTAGES_PARTIAL_RELEASE_HISTORY,2025Q2
PRODUCTION_ENSEMBLE,conservative,STRICT,LATEST_REVISED,DEVELOPMENT_PSEUDO_OOS,H2,LEAVE_ONE_QUARTER_OUT,5,5,0.5021259686926427,0.47178906851416791,0.47178906851416791,VERIFIED_DOCUMENTED_VINTAGES_PARTIAL_RELEASE_HISTORY,2025Q2
PRODUCTION_ENSEMBLE,conservative,STRICT,LATEST_REVISED,DEVELOPMENT_PSEUDO_OOS,H3,LEAVE_ONE_QUARTER_OUT,5,5,0.53271946434648032,0.5008636184610582,0.5008636184610582,VERIFIED_DOCUMENTED_VINTAGES_PARTIAL_RELEASE_HISTORY,2025Q2
PRODUCTION_ENSEMBLE,conservative,STRICT,LATEST_REVISED,DEVELOPMENT_PSEUDO_OOS,ALL,LEAVE_ONE_QUARTER_OUT,15,5,0.51100479876609117,0.48339645638726475,0.48339645638726475,VERIFIED_DOCUMENTED_VINTAGES_PARTIAL_RELEASE_HISTORY,2025Q2
PRODUCTION_ENSEMBLE,conservative,STRICT,LATEST_REVISED,DEVELOPMENT_PSEUDO_OOS,H2_H3,LEAVE_ONE_QUARTER_OUT,10,5,0.51764877867581505,0.48632634348761306,0.48632634348761306,VERIFIED_DOCUMENTED_VINTAGES_PARTIAL_RELEASE_HISTORY,2025Q2
PRODUCTION_ENSEMBLE,conservative,STRICT,LATEST_REVISED,POOLED_RESEARCH_ONLY,H1,LEAVE_ONE_QUARTER_OUT,9,9,0.56031927175214613,0.45538512548140786,0.45538512548140786,VERIFIED_DOCUMENTED_VINTAGES_PARTIAL_RELEASE_HISTORY,2025Q2
PRODUCTION_ENSEMBLE,conservative,STRICT,LATEST_REVISED,POOLED_RESEARCH_ONLY,H2,LEAVE_ONE_QUARTER_OUT,9,9,0.64261448827620449,0.53362804032355926,0.4876991597130888,VERIFIED_DOCUMENTED_VINTAGES_PARTIAL_RELEASE_HISTORY,2025Q2
PRODUCTION_ENSEMBLE,conservative,STRICT,LATEST_REVISED,POOLED_RESEARCH_ONLY,H3,LEAVE_ONE_QUARTER_OUT,9,9,0.66645604815945481,0.52772279721930382,0.50012874314013012,VERIFIED_DOCUMENTED_VINTAGES_PARTIAL_RELEASE_HISTORY,2025Q2
PRODUCTION_ENSEMBLE,conservative,STRICT,LATEST_REVISED,POOLED_RESEARCH_ONLY,ALL,LEAVE_ONE_QUARTER_OUT,27,9,0.62478655847888331,0.50557865434142368,0.48107100944487557,VERIFIED_DOCUMENTED_VINTAGES_PARTIAL_RELEASE_HISTORY,2025Q2
PRODUCTION_ENSEMBLE,conservative,STRICT,LATEST_REVISED,POOLED_RESEARCH_ONLY,H2_H3,LEAVE_ONE_QUARTER_OUT,18,9,0.65464381333317656,0.53067541877143154,0.49391395142660943,VERIFIED_DOCUMENTED_VINTAGES_PARTIAL_RELEASE_HISTORY,2025Q2
PRODUCTION_ENSEMBLE,standard,PERMISSIVE_END_OF_DAY,FIRST_RELEASE,DEVELOPMENT_PSEUDO_OOS,H1,LEAVE_ONE_QUARTER_OUT,5,5,0.39394716732098889,0.35178906851416902,0.35178906851416902,VERIFIED_DOCUMENTED_VINTAGES_PARTIAL_RELEASE_HISTORY,2025Q2
PRODUCTION_ENSEMBLE,standard,PERMISSIVE_END_OF_DAY,FIRST_RELEASE,DEVELOPMENT_PSEUDO_OOS,H2,LEAVE_ONE_QUARTER_OUT,5,5,0.4245360066370199,0.38086361846105932,0.38086361846105932,VERIFIED_DOCUMENTED_VINTAGES_PARTIAL_RELEASE_HISTORY,2025Q2
PRODUCTION_ENSEMBLE,standard,PERMISSIVE_END_OF_DAY,FIRST_RELEASE,DEVELOPMENT_PSEUDO_OOS,H3,LEAVE_ONE_QUARTER_OUT,5,5,0.33407974792206202,0.31245340137732247,0.31245340137732247,VERIFIED_DOCUMENTED_VINTAGES_PARTIAL_RELEASE_HISTORY,2025Q2
PRODUCTION_ENSEMBLE,standard,PERMISSIVE_END_OF_DAY,FIRST_RELEASE,DEVELOPMENT_PSEUDO_OOS,ALL,LEAVE_ONE_QUARTER_OUT,15,5,0.38602006404814743,0.34836869611751697,0.34836869611751697,VERIFIED_DOCUMENTED_VINTAGES_PARTIAL_RELEASE_HISTORY,2025Q2
PRODUCTION_ENSEMBLE,standard,PERMISSIVE_END_OF_DAY,FIRST_RELEASE,DEVELOPMENT_PSEUDO_OOS,H2_H3,LEAVE_ONE_QUARTER_OUT,10,5,0.38199482908998672,0.34665850991919089,0.34665850991919089,VERIFIED_DOCUMENTED_VINTAGES_PARTIAL_RELEASE_HISTORY,2025Q2
PRODUCTION_ENSEMBLE,standard,PERMISSIVE_END_OF_DAY,FIRST_RELEASE,POOLED_RESEARCH_ONLY,H1,LEAVE_ONE_QUARTER_OUT,9,9,0.59924951545022109,0.46696137365689366,0.42103249304642265,VERIFIED_DOCUMENTED_VINTAGES_PARTIAL_RELEASE_HISTORY,2025Q2
PRODUCTION_ENSEMBLE,standard,PERMISSIVE_END_OF_DAY,FIRST_RELEASE,POOLED_RESEARCH_ONLY,H2,LEAVE_ONE_QUARTER_OUT,9,9,0.62179640677845571,0.46105613055263828,0.43346207647346396,VERIFIED_DOCUMENTED_VINTAGES_PARTIAL_RELEASE_HISTORY,2025Q2
PRODUCTION_ENSEMBLE,standard,PERMISSIVE_END_OF_DAY,FIRST_RELEASE,POOLED_RESEARCH_ONLY,H3,LEAVE_ONE_QUARTER_OUT,9,9,0.39629015689709401,0.30703362492341379,0.30703362492341379,VERIFIED_DOCUMENTED_VINTAGES_PARTIAL_RELEASE_HISTORY,2025Q2
PRODUCTION_ENSEMBLE,standard,PERMISSIVE_END_OF_DAY,FIRST_RELEASE,POOLED_RESEARCH_ONLY,ALL,LEAVE_ONE_QUARTER_OUT,27,9,0.54856681200605117,0.41168370971098195,0.38717606481443351,VERIFIED_DOCUMENTED_VINTAGES_PARTIAL_RELEASE_HISTORY,2025Q2
PRODUCTION_ENSEMBLE,standard,PERMISSIVE_END_OF_DAY,FIRST_RELEASE,POOLED_RESEARCH_ONLY,H2_H3,LEAVE_ONE_QUARTER_OUT,18,9,0.52138117531040673,0.38404487773802604,0.37024785069843891,VERIFIED_DOCUMENTED_VINTAGES_PARTIAL_RELEASE_HISTORY,2025Q2
PRODUCTION_ENSEMBLE,standard,PERMISSIVE_END_OF_DAY,LATEST_REVISED,DEVELOPMENT_PSEUDO_OOS,H1,LEAVE_ONE_QUARTER_OUT,5,5,0.5021259686926427,0.47178906851416791,0.47178906851416791,VERIFIED_DOCUMENTED_VINTAGES_PARTIAL_RELEASE_HISTORY,2025Q2
PRODUCTION_ENSEMBLE,standard,PERMISSIVE_END_OF_DAY,LATEST_REVISED,DEVELOPMENT_PSEUDO_OOS,H2,LEAVE_ONE_QUARTER_OUT,5,5,0.53271946434648032,0.5008636184610582,0.5008636184610582,VERIFIED_DOCUMENTED_VINTAGES_PARTIAL_RELEASE_HISTORY,2025Q2
PRODUCTION_ENSEMBLE,standard,PERMISSIVE_END_OF_DAY,LATEST_REVISED,DEVELOPMENT_PSEUDO_OOS,H3,LEAVE_ONE_QUARTER_OUT,5,5,0.44599073350771912,0.43245340137732136,0.43245340137732136,VERIFIED_DOCUMENTED_VINTAGES_PARTIAL_RELEASE_HISTORY,2025Q2
PRODUCTION_ENSEMBLE,standard,PERMISSIVE_END_OF_DAY,LATEST_REVISED,DEVELOPMENT_PSEUDO_OOS,ALL,LEAVE_ONE_QUARTER_OUT,15,5,0.49491691238829139,0.4683686961175158,0.4683686961175158,VERIFIED_DOCUMENTED_VINTAGES_PARTIAL_RELEASE_HISTORY,2025Q2
PRODUCTION_ENSEMBLE,standard,PERMISSIVE_END_OF_DAY,LATEST_REVISED,DEVELOPMENT_PSEUDO_OOS,H2_H3,LEAVE_ONE_QUARTER_OUT,10,5,0.49127271554013369,0.46665850991918978,0.46665850991918978,VERIFIED_DOCUMENTED_VINTAGES_PARTIAL_RELEASE_HISTORY,2025Q2
PRODUCTION_ENSEMBLE,standard,PERMISSIVE_END_OF_DAY,LATEST_REVISED,POOLED_RESEARCH_ONLY,H1,LEAVE_ONE_QUARTER_OUT,9,9,0.64261448827620449,0.53362804032355926,0.4876991597130888,VERIFIED_DOCUMENTED_VINTAGES_PARTIAL_RELEASE_HISTORY,2025Q2
PRODUCTION_ENSEMBLE,standard,PERMISSIVE_END_OF_DAY,LATEST_REVISED,POOLED_RESEARCH_ONLY,H2,LEAVE_ONE_QUARTER_OUT,9,9,0.66645604815945481,0.52772279721930382,0.50012874314013012,VERIFIED_DOCUMENTED_VINTAGES_PARTIAL_RELEASE_HISTORY,2025Q2
PRODUCTION_ENSEMBLE,standard,PERMISSIVE_END_OF_DAY,LATEST_REVISED,POOLED_RESEARCH_ONLY,H3,LEAVE_ONE_QUARTER_OUT,9,9,0.45337074332127153,0.37370029159007995,0.37370029159007995,VERIFIED_DOCUMENTED_VINTAGES_PARTIAL_RELEASE_HISTORY,2025Q2
PRODUCTION_ENSEMBLE,standard,PERMISSIVE_END_OF_DAY,LATEST_REVISED,POOLED_RESEARCH_ONLY,ALL,LEAVE_ONE_QUARTER_OUT,27,9,0.59516442421975235,0.47835037637764766,0.4538427314810996,VERIFIED_DOCUMENTED_VINTAGES_PARTIAL_RELEASE_HISTORY,2025Q2
PRODUCTION_ENSEMBLE,standard,PERMISSIVE_END_OF_DAY,LATEST_REVISED,POOLED_RESEARCH_ONLY,H2_H3,LEAVE_ONE_QUARTER_OUT,18,9,0.56995995255280874,0.45071154440469186,0.436914517365105,VERIFIED_DOCUMENTED_VINTAGES_PARTIAL_RELEASE_HISTORY,2025Q2
PRODUCTION_ENSEMBLE,standard,STRICT,FIRST_RELEASE,DEVELOPMENT_PSEUDO_OOS,H1,LEAVE_ONE_QUARTER_OUT,5,5,0.39394716732098889,0.35178906851416902,0.35178906851416902,VERIFIED_DOCUMENTED_VINTAGES_PARTIAL_RELEASE_HISTORY,2025Q2
PRODUCTION_ENSEMBLE,standard,STRICT,FIRST_RELEASE,DEVELOPMENT_PSEUDO_OOS,H2,LEAVE_ONE_QUARTER_OUT,5,5,0.4245360066370199,0.38086361846105932,0.38086361846105932,VERIFIED_DOCUMENTED_VINTAGES_PARTIAL_RELEASE_HISTORY,2025Q2
PRODUCTION_ENSEMBLE,standard,STRICT,FIRST_RELEASE,DEVELOPMENT_PSEUDO_OOS,H3,LEAVE_ONE_QUARTER_OUT,5,5,0.33407974792206202,0.31245340137732247,0.31245340137732247,VERIFIED_DOCUMENTED_VINTAGES_PARTIAL_RELEASE_HISTORY,2025Q2
PRODUCTION_ENSEMBLE,standard,STRICT,FIRST_RELEASE,DEVELOPMENT_PSEUDO_OOS,ALL,LEAVE_ONE_QUARTER_OUT,15,5,0.38602006404814743,0.34836869611751697,0.34836869611751697,VERIFIED_DOCUMENTED_VINTAGES_PARTIAL_RELEASE_HISTORY,2025Q2
PRODUCTION_ENSEMBLE,standard,STRICT,FIRST_RELEASE,DEVELOPMENT_PSEUDO_OOS,H2_H3,LEAVE_ONE_QUARTER_OUT,10,5,0.38199482908998672,0.34665850991919089,0.34665850991919089,VERIFIED_DOCUMENTED_VINTAGES_PARTIAL_RELEASE_HISTORY,2025Q2
PRODUCTION_ENSEMBLE,standard,STRICT,FIRST_RELEASE,POOLED_RESEARCH_ONLY,H1,LEAVE_ONE_QUARTER_OUT,9,9,0.59924951545022109,0.46696137365689366,0.42103249304642265,VERIFIED_DOCUMENTED_VINTAGES_PARTIAL_RELEASE_HISTORY,2025Q2
PRODUCTION_ENSEMBLE,standard,STRICT,FIRST_RELEASE,POOLED_RESEARCH_ONLY,H2,LEAVE_ONE_QUARTER_OUT,9,9,0.62179640677845571,0.46105613055263828,0.43346207647346396,VERIFIED_DOCUMENTED_VINTAGES_PARTIAL_RELEASE_HISTORY,2025Q2
PRODUCTION_ENSEMBLE,standard,STRICT,FIRST_RELEASE,POOLED_RESEARCH_ONLY,H3,LEAVE_ONE_QUARTER_OUT,9,9,0.39629015689709401,0.30703362492341379,0.30703362492341379,VERIFIED_DOCUMENTED_VINTAGES_PARTIAL_RELEASE_HISTORY,2025Q2
PRODUCTION_ENSEMBLE,standard,STRICT,FIRST_RELEASE,POOLED_RESEARCH_ONLY,ALL,LEAVE_ONE_QUARTER_OUT,27,9,0.54856681200605117,0.41168370971098195,0.38717606481443351,VERIFIED_DOCUMENTED_VINTAGES_PARTIAL_RELEASE_HISTORY,2025Q2
PRODUCTION_ENSEMBLE,standard,STRICT,FIRST_RELEASE,POOLED_RESEARCH_ONLY,H2_H3,LEAVE_ONE_QUARTER_OUT,18,9,0.52138117531040673,0.38404487773802604,0.37024785069843891,VERIFIED_DOCUMENTED_VINTAGES_PARTIAL_RELEASE_HISTORY,2025Q2
PRODUCTION_ENSEMBLE,standard,STRICT,LATEST_REVISED,DEVELOPMENT_PSEUDO_OOS,H1,LEAVE_ONE_QUARTER_OUT,5,5,0.5021259686926427,0.47178906851416791,0.47178906851416791,VERIFIED_DOCUMENTED_VINTAGES_PARTIAL_RELEASE_HISTORY,2025Q2
PRODUCTION_ENSEMBLE,standard,STRICT,LATEST_REVISED,DEVELOPMENT_PSEUDO_OOS,H2,LEAVE_ONE_QUARTER_OUT,5,5,0.53271946434648032,0.5008636184610582,0.5008636184610582,VERIFIED_DOCUMENTED_VINTAGES_PARTIAL_RELEASE_HISTORY,2025Q2
PRODUCTION_ENSEMBLE,standard,STRICT,LATEST_REVISED,DEVELOPMENT_PSEUDO_OOS,H3,LEAVE_ONE_QUARTER_OUT,5,5,0.44599073350771912,0.43245340137732136,0.43245340137732136,VERIFIED_DOCUMENTED_VINTAGES_PARTIAL_RELEASE_HISTORY,2025Q2
PRODUCTION_ENSEMBLE,standard,STRICT,LATEST_REVISED,DEVELOPMENT_PSEUDO_OOS,ALL,LEAVE_ONE_QUARTER_OUT,15,5,0.49491691238829139,0.4683686961175158,0.4683686961175158,VERIFIED_DOCUMENTED_VINTAGES_PARTIAL_RELEASE_HISTORY,2025Q2
PRODUCTION_ENSEMBLE,standard,STRICT,LATEST_REVISED,DEVELOPMENT_PSEUDO_OOS,H2_H3,LEAVE_ONE_QUARTER_OUT,10,5,0.49127271554013369,0.46665850991918978,0.46665850991918978,VERIFIED_DOCUMENTED_VINTAGES_PARTIAL_RELEASE_HISTORY,2025Q2
PRODUCTION_ENSEMBLE,standard,STRICT,LATEST_REVISED,POOLED_RESEARCH_ONLY,H1,LEAVE_ONE_QUARTER_OUT,9,9,0.64261448827620449,0.53362804032355926,0.4876991597130888,VERIFIED_DOCUMENTED_VINTAGES_PARTIAL_RELEASE_HISTORY,2025Q2
PRODUCTION_ENSEMBLE,standard,STRICT,LATEST_REVISED,POOLED_RESEARCH_ONLY,H2,LEAVE_ONE_QUARTER_OUT,9,9,0.66645604815945481,0.52772279721930382,0.50012874314013012,VERIFIED_DOCUMENTED_VINTAGES_PARTIAL_RELEASE_HISTORY,2025Q2
PRODUCTION_ENSEMBLE,standard,STRICT,LATEST_REVISED,POOLED_RESEARCH_ONLY,H3,LEAVE_ONE_QUARTER_OUT,9,9,0.45337074332127153,0.37370029159007995,0.37370029159007995,VERIFIED_DOCUMENTED_VINTAGES_PARTIAL_RELEASE_HISTORY,2025Q2
PRODUCTION_ENSEMBLE,standard,STRICT,LATEST_REVISED,POOLED_RESEARCH_ONLY,ALL,LEAVE_ONE_QUARTER_OUT,27,9,0.59516442421975235,0.47835037637764766,0.4538427314810996,VERIFIED_DOCUMENTED_VINTAGES_PARTIAL_RELEASE_HISTORY,2025Q2
PRODUCTION_ENSEMBLE,standard,STRICT,LATEST_REVISED,POOLED_RESEARCH_ONLY,H2_H3,LEAVE_ONE_QUARTER_OUT,18,9,0.56995995255280874,0.45071154440469186,0.436914517365105,VERIFIED_DOCUMENTED_VINTAGES_PARTIAL_RELEASE_HISTORY,2025Q2
UMIDAS_USD,conservative,PERMISSIVE_END_OF_DAY,FIRST_RELEASE,DEVELOPMENT_PSEUDO_OOS,H1,LEAVE_ONE_QUARTER_OUT,5,5,0.33591804054023133,0.29877554723418032,0.27097540257909858,VERIFIED_DOCUMENTED_VINTAGES_PARTIAL_RELEASE_HISTORY,2025Q2
UMIDAS_USD,conservative,PERMISSIVE_END_OF_DAY,FIRST_RELEASE,DEVELOPMENT_PSEUDO_OOS,H2,LEAVE_ONE_QUARTER_OUT,5,5,0.34843245092798392,0.27094417444213581,0.25948017523429845,VERIFIED_DOCUMENTED_VINTAGES_PARTIAL_RELEASE_HISTORY,2025Q2
UMIDAS_USD,conservative,PERMISSIVE_END_OF_DAY,FIRST_RELEASE,DEVELOPMENT_PSEUDO_OOS,H3,LEAVE_ONE_QUARTER_OUT,5,5,0.40523847384751627,0.33490974948487312,0.31762927512807904,VERIFIED_DOCUMENTED_VINTAGES_PARTIAL_RELEASE_HISTORY,2025Q2
UMIDAS_USD,conservative,PERMISSIVE_END_OF_DAY,FIRST_RELEASE,DEVELOPMENT_PSEUDO_OOS,ALL,LEAVE_ONE_QUARTER_OUT,15,5,0.36444676040373603,0.30154315705372975,0.28269495098049202,VERIFIED_DOCUMENTED_VINTAGES_PARTIAL_RELEASE_HISTORY,2025Q2
UMIDAS_USD,conservative,PERMISSIVE_END_OF_DAY,FIRST_RELEASE,DEVELOPMENT_PSEUDO_OOS,H2_H3,LEAVE_ONE_QUARTER_OUT,10,5,0.37790434870873479,0.30292696196350449,0.28855472518118874,VERIFIED_DOCUMENTED_VINTAGES_PARTIAL_RELEASE_HISTORY,2025Q2
UMIDAS_USD,conservative,PERMISSIVE_END_OF_DAY,FIRST_RELEASE,POOLED_RESEARCH_ONLY,H1,LEAVE_ONE_QUARTER_OUT,9,9,0.36584311383589285,0.29004995206349271,0.19649060955255829,VERIFIED_DOCUMENTED_VINTAGES_PARTIAL_RELEASE_HISTORY,2025Q2
UMIDAS_USD,conservative,PERMISSIVE_END_OF_DAY,FIRST_RELEASE,POOLED_RESEARCH_ONLY,H2,LEAVE_ONE_QUARTER_OUT,9,9,0.60102801778740211,0.48086461657902491,0.26111867801592009,VERIFIED_DOCUMENTED_VINTAGES_PARTIAL_RELEASE_HISTORY,2025Q2
UMIDAS_USD,conservative,PERMISSIVE_END_OF_DAY,FIRST_RELEASE,POOLED_RESEARCH_ONLY,H3,LEAVE_ONE_QUARTER_OUT,9,9,0.61457850167359573,0.47228550545326786,0.28597784487000283,VERIFIED_DOCUMENTED_VINTAGES_PARTIAL_RELEASE_HISTORY,2025Q2
UMIDAS_USD,conservative,PERMISSIVE_END_OF_DAY,FIRST_RELEASE,POOLED_RESEARCH_ONLY,ALL,LEAVE_ONE_QUARTER_OUT,27,9,0.53937698530371059,0.41440002469859522,0.24786237747949372,VERIFIED_DOCUMENTED_VINTAGES_PARTIAL_RELEASE_HISTORY,2025Q2
UMIDAS_USD,conservative,PERMISSIVE_END_OF_DAY,FIRST_RELEASE,POOLED_RESEARCH_ONLY,H2_H3,LEAVE_ONE_QUARTER_OUT,18,9,0.60784102069735946,0.47657506101614644,0.27354826144296146,VERIFIED_DOCUMENTED_VINTAGES_PARTIAL_RELEASE_HISTORY,2025Q2
UMIDAS_USD,conservative,PERMISSIVE_END_OF_DAY,LATEST_REVISED,DEVELOPMENT_PSEUDO_OOS,H1,LEAVE_ONE_QUARTER_OUT,5,5,0.42815041068792575,0.39097540257909741,0.39097540257909741,VERIFIED_DOCUMENTED_VINTAGES_PARTIAL_RELEASE_HISTORY,2025Q2
UMIDAS_USD,conservative,PERMISSIVE_END_OF_DAY,LATEST_REVISED,DEVELOPMENT_PSEUDO_OOS,H2,LEAVE_ONE_QUARTER_OUT,5,5,0.46205861665230591,0.3909441744421368,0.37948017523429733,VERIFIED_DOCUMENTED_VINTAGES_PARTIAL_RELEASE_HISTORY,2025Q2
UMIDAS_USD,conservative,PERMISSIVE_END_OF_DAY,LATEST_REVISED,DEVELOPMENT_PSEUDO_OOS,H3,LEAVE_ONE_QUARTER_OUT,5,5,0.51918916685850036,0.45490974948487412,0.43762927512807792,VERIFIED_DOCUMENTED_VINTAGES_PARTIAL_RELEASE_HISTORY,2025Q2
UMIDAS_USD,conservative,PERMISSIVE_END_OF_DAY,LATEST_REVISED,DEVELOPMENT_PSEUDO_OOS,ALL,LEAVE_ONE_QUARTER_OUT,15,5,0.47129903118158645,0.41227644216870279,0.40269495098049091,VERIFIED_DOCUMENTED_VINTAGES_PARTIAL_RELEASE_HISTORY,2025Q2
UMIDAS_USD,conservative,PERMISSIVE_END_OF_DAY,LATEST_REVISED,DEVELOPMENT_PSEUDO_OOS,H2_H3,LEAVE_ONE_QUARTER_OUT,10,5,0.49145475692370016,0.42292696196350549,0.40855472518118763,VERIFIED_DOCUMENTED_VINTAGES_PARTIAL_RELEASE_HISTORY,2025Q2
UMIDAS_USD,conservative,PERMISSIVE_END_OF_DAY,LATEST_REVISED,POOLED_RESEARCH_ONLY,H1,LEAVE_ONE_QUARTER_OUT,9,9,0.41592332046097419,0.34127209392178071,0.26315727621922441,VERIFIED_DOCUMENTED_VINTAGES_PARTIAL_RELEASE_HISTORY,2025Q2
UMIDAS_USD,conservative,PERMISSIVE_END_OF_DAY,LATEST_REVISED,POOLED_RESEARCH_ONLY,H2,LEAVE_ONE_QUARTER_OUT,9,9,0.64218179022799438,0.54753128324569156,0.32778534468258624,VERIFIED_DOCUMENTED_VINTAGES_PARTIAL_RELEASE_HISTORY,2025Q2
UMIDAS_USD,conservative,PERMISSIVE_END_OF_DAY,LATEST_REVISED,POOLED_RESEARCH_ONLY,H3,LEAVE_ONE_QUARTER_OUT,9,9,0.6604759617090169,0.53895217211993462,0.35264451153666898,VERIFIED_DOCUMENTED_VINTAGES_PARTIAL_RELEASE_HISTORY,2025Q2
UMIDAS_USD,conservative,PERMISSIVE_END_OF_DAY,LATEST_REVISED,POOLED_RESEARCH_ONLY,ALL,LEAVE_ONE_QUARTER_OUT,27,9,0.58355752535608818,0.47591851642913563,0.31452904414615984,VERIFIED_DOCUMENTED_VINTAGES_PARTIAL_RELEASE_HISTORY,2025Q2
UMIDAS_USD,conservative,PERMISSIVE_END_OF_DAY,LATEST_REVISED,POOLED_RESEARCH_ONLY,H2_H3,LEAVE_ONE_QUARTER_OUT,18,9,0.65139310239512149,0.54324172768281309,0.34021492810962761,VERIFIED_DOCUMENTED_VINTAGES_PARTIAL_RELEASE_HISTORY,2025Q2
UMIDAS_USD,conservative,STRICT,FIRST_RELEASE,DEVELOPMENT_PSEUDO_OOS,H1,LEAVE_ONE_QUARTER_OUT,5,5,0.33591804054023133,0.29877554723418032,0.27097540257909858,VERIFIED_DOCUMENTED_VINTAGES_PARTIAL_RELEASE_HISTORY,2025Q2
UMIDAS_USD,conservative,STRICT,FIRST_RELEASE,DEVELOPMENT_PSEUDO_OOS,H2,LEAVE_ONE_QUARTER_OUT,5,5,0.34843245092798392,0.27094417444213581,0.25948017523429845,VERIFIED_DOCUMENTED_VINTAGES_PARTIAL_RELEASE_HISTORY,2025Q2
UMIDAS_USD,conservative,STRICT,FIRST_RELEASE,DEVELOPMENT_PSEUDO_OOS,H3,LEAVE_ONE_QUARTER_OUT,5,5,0.40523847384751627,0.33490974948487312,0.31762927512807904,VERIFIED_DOCUMENTED_VINTAGES_PARTIAL_RELEASE_HISTORY,2025Q2
UMIDAS_USD,conservative,STRICT,FIRST_RELEASE,DEVELOPMENT_PSEUDO_OOS,ALL,LEAVE_ONE_QUARTER_OUT,15,5,0.36444676040373603,0.30154315705372975,0.28269495098049202,VERIFIED_DOCUMENTED_VINTAGES_PARTIAL_RELEASE_HISTORY,2025Q2
UMIDAS_USD,conservative,STRICT,FIRST_RELEASE,DEVELOPMENT_PSEUDO_OOS,H2_H3,LEAVE_ONE_QUARTER_OUT,10,5,0.37790434870873479,0.30292696196350449,0.28855472518118874,VERIFIED_DOCUMENTED_VINTAGES_PARTIAL_RELEASE_HISTORY,2025Q2
UMIDAS_USD,conservative,STRICT,FIRST_RELEASE,POOLED_RESEARCH_ONLY,H1,LEAVE_ONE_QUARTER_OUT,9,9,0.36584311383589285,0.29004995206349271,0.19649060955255829,VERIFIED_DOCUMENTED_VINTAGES_PARTIAL_RELEASE_HISTORY,2025Q2
UMIDAS_USD,conservative,STRICT,FIRST_RELEASE,POOLED_RESEARCH_ONLY,H2,LEAVE_ONE_QUARTER_OUT,9,9,0.60102801778740211,0.48086461657902491,0.26111867801592009,VERIFIED_DOCUMENTED_VINTAGES_PARTIAL_RELEASE_HISTORY,2025Q2
UMIDAS_USD,conservative,STRICT,FIRST_RELEASE,POOLED_RESEARCH_ONLY,H3,LEAVE_ONE_QUARTER_OUT,9,9,0.61457850167359573,0.47228550545326786,0.28597784487000283,VERIFIED_DOCUMENTED_VINTAGES_PARTIAL_RELEASE_HISTORY,2025Q2
UMIDAS_USD,conservative,STRICT,FIRST_RELEASE,POOLED_RESEARCH_ONLY,ALL,LEAVE_ONE_QUARTER_OUT,27,9,0.53937698530371059,0.41440002469859522,0.24786237747949372,VERIFIED_DOCUMENTED_VINTAGES_PARTIAL_RELEASE_HISTORY,2025Q2
UMIDAS_USD,conservative,STRICT,FIRST_RELEASE,POOLED_RESEARCH_ONLY,H2_H3,LEAVE_ONE_QUARTER_OUT,18,9,0.60784102069735946,0.47657506101614644,0.27354826144296146,VERIFIED_DOCUMENTED_VINTAGES_PARTIAL_RELEASE_HISTORY,2025Q2
UMIDAS_USD,conservative,STRICT,LATEST_REVISED,DEVELOPMENT_PSEUDO_OOS,H1,LEAVE_ONE_QUARTER_OUT,5,5,0.42815041068792575,0.39097540257909741,0.39097540257909741,VERIFIED_DOCUMENTED_VINTAGES_PARTIAL_RELEASE_HISTORY,2025Q2
UMIDAS_USD,conservative,STRICT,LATEST_REVISED,DEVELOPMENT_PSEUDO_OOS,H2,LEAVE_ONE_QUARTER_OUT,5,5,0.46205861665230591,0.3909441744421368,0.37948017523429733,VERIFIED_DOCUMENTED_VINTAGES_PARTIAL_RELEASE_HISTORY,2025Q2
UMIDAS_USD,conservative,STRICT,LATEST_REVISED,DEVELOPMENT_PSEUDO_OOS,H3,LEAVE_ONE_QUARTER_OUT,5,5,0.51918916685850036,0.45490974948487412,0.43762927512807792,VERIFIED_DOCUMENTED_VINTAGES_PARTIAL_RELEASE_HISTORY,2025Q2
UMIDAS_USD,conservative,STRICT,LATEST_REVISED,DEVELOPMENT_PSEUDO_OOS,ALL,LEAVE_ONE_QUARTER_OUT,15,5,0.47129903118158645,0.41227644216870279,0.40269495098049091,VERIFIED_DOCUMENTED_VINTAGES_PARTIAL_RELEASE_HISTORY,2025Q2
UMIDAS_USD,conservative,STRICT,LATEST_REVISED,DEVELOPMENT_PSEUDO_OOS,H2_H3,LEAVE_ONE_QUARTER_OUT,10,5,0.49145475692370016,0.42292696196350549,0.40855472518118763,VERIFIED_DOCUMENTED_VINTAGES_PARTIAL_RELEASE_HISTORY,2025Q2
UMIDAS_USD,conservative,STRICT,LATEST_REVISED,POOLED_RESEARCH_ONLY,H1,LEAVE_ONE_QUARTER_OUT,9,9,0.41592332046097419,0.34127209392178071,0.26315727621922441,VERIFIED_DOCUMENTED_VINTAGES_PARTIAL_RELEASE_HISTORY,2025Q2
UMIDAS_USD,conservative,STRICT,LATEST_REVISED,POOLED_RESEARCH_ONLY,H2,LEAVE_ONE_QUARTER_OUT,9,9,0.64218179022799438,0.54753128324569156,0.32778534468258624,VERIFIED_DOCUMENTED_VINTAGES_PARTIAL_RELEASE_HISTORY,2025Q2
UMIDAS_USD,conservative,STRICT,LATEST_REVISED,POOLED_RESEARCH_ONLY,H3,LEAVE_ONE_QUARTER_OUT,9,9,0.6604759617090169,0.53895217211993462,0.35264451153666898,VERIFIED_DOCUMENTED_VINTAGES_PARTIAL_RELEASE_HISTORY,2025Q2
UMIDAS_USD,conservative,STRICT,LATEST_REVISED,POOLED_RESEARCH_ONLY,ALL,LEAVE_ONE_QUARTER_OUT,27,9,0.58355752535608818,0.47591851642913563,0.31452904414615984,VERIFIED_DOCUMENTED_VINTAGES_PARTIAL_RELEASE_HISTORY,2025Q2
UMIDAS_USD,conservative,STRICT,LATEST_REVISED,POOLED_RESEARCH_ONLY,H2_H3,LEAVE_ONE_QUARTER_OUT,18,9,0.65139310239512149,0.54324172768281309,0.34021492810962761,VERIFIED_DOCUMENTED_VINTAGES_PARTIAL_RELEASE_HISTORY,2025Q2
UMIDAS_USD,standard,PERMISSIVE_END_OF_DAY,FIRST_RELEASE,DEVELOPMENT_PSEUDO_OOS,H1,LEAVE_ONE_QUARTER_OUT,5,5,0.34843245092798392,0.27094417444213581,0.25948017523429845,VERIFIED_DOCUMENTED_VINTAGES_PARTIAL_RELEASE_HISTORY,2025Q2
UMIDAS_USD,standard,PERMISSIVE_END_OF_DAY,FIRST_RELEASE,DEVELOPMENT_PSEUDO_OOS,H2,LEAVE_ONE_QUARTER_OUT,5,5,0.40523847384751627,0.33490974948487312,0.31762927512807904,VERIFIED_DOCUMENTED_VINTAGES_PARTIAL_RELEASE_HISTORY,2025Q2
UMIDAS_USD,standard,PERMISSIVE_END_OF_DAY,FIRST_RELEASE,DEVELOPMENT_PSEUDO_OOS,H3,LEAVE_ONE_QUARTER_OUT,5,5,0.2082007155135919,0.18360735710398846,0.18080884096060518,VERIFIED_DOCUMENTED_VINTAGES_PARTIAL_RELEASE_HISTORY,2025Q2
UMIDAS_USD,standard,PERMISSIVE_END_OF_DAY,FIRST_RELEASE,DEVELOPMENT_PSEUDO_OOS,ALL,LEAVE_ONE_QUARTER_OUT,15,5,0.33114494886998641,0.26315376034366583,0.25263943044099424,VERIFIED_DOCUMENTED_VINTAGES_PARTIAL_RELEASE_HISTORY,2025Q2
UMIDAS_USD,standard,PERMISSIVE_END_OF_DAY,FIRST_RELEASE,DEVELOPMENT_PSEUDO_OOS,H2_H3,LEAVE_ONE_QUARTER_OUT,10,5,0.32215350271775395,0.25925855329443082,0.24921905804434213,VERIFIED_DOCUMENTED_VINTAGES_PARTIAL_RELEASE_HISTORY,2025Q2
UMIDAS_USD,standard,PERMISSIVE_END_OF_DAY,FIRST_RELEASE,POOLED_RESEARCH_ONLY,H1,LEAVE_ONE_QUARTER_OUT,9,9,0.60102801778740211,0.48086461657902491,0.26111867801592009,VERIFIED_DOCUMENTED_VINTAGES_PARTIAL_RELEASE_HISTORY,2025Q2
UMIDAS_USD,standard,PERMISSIVE_END_OF_DAY,FIRST_RELEASE,POOLED_RESEARCH_ONLY,H2,LEAVE_ONE_QUARTER_OUT,9,9,0.61457850167359573,0.47228550545326786,0.28597784487000283,VERIFIED_DOCUMENTED_VINTAGES_PARTIAL_RELEASE_HISTORY,2025Q2
UMIDAS_USD,standard,PERMISSIVE_END_OF_DAY,FIRST_RELEASE,POOLED_RESEARCH_ONLY,H3,LEAVE_ONE_QUARTER_OUT,9,9,0.2674962098168529,0.23010770508188136,0.033120941769902226,VERIFIED_DOCUMENTED_VINTAGES_PARTIAL_RELEASE_HISTORY,2025Q2
UMIDAS_USD,standard,PERMISSIVE_END_OF_DAY,FIRST_RELEASE,POOLED_RESEARCH_ONLY,ALL,LEAVE_ONE_QUARTER_OUT,27,9,0.51977419300795014,0.39441927570472474,0.19340582155194172,VERIFIED_DOCUMENTED_VINTAGES_PARTIAL_RELEASE_HISTORY,2025Q2
UMIDAS_USD,standard,PERMISSIVE_END_OF_DAY,FIRST_RELEASE,POOLED_RESEARCH_ONLY,H2_H3,LEAVE_ONE_QUARTER_OUT,18,9,0.47395197910006848,0.35119660526757462,0.15954939331995252,VERIFIED_DOCUMENTED_VINTAGES_PARTIAL_RELEASE_HISTORY,2025Q2
UMIDAS_USD,standard,PERMISSIVE_END_OF_DAY,LATEST_REVISED,DEVELOPMENT_PSEUDO_OOS,H1,LEAVE_ONE_QUARTER_OUT,5,5,0.46205861665230591,0.3909441744421368,0.37948017523429733,VERIFIED_DOCUMENTED_VINTAGES_PARTIAL_RELEASE_HISTORY,2025Q2
UMIDAS_USD,standard,PERMISSIVE_END_OF_DAY,LATEST_REVISED,DEVELOPMENT_PSEUDO_OOS,H2,LEAVE_ONE_QUARTER_OUT,5,5,0.51918916685850036,0.45490974948487412,0.43762927512807792,VERIFIED_DOCUMENTED_VINTAGES_PARTIAL_RELEASE_HISTORY,2025Q2
UMIDAS_USD,standard,PERMISSIVE_END_OF_DAY,LATEST_REVISED,DEVELOPMENT_PSEUDO_OOS,H3,LEAVE_ONE_QUARTER_OUT,5,5,0.34083017401473492,0.30360735710398945,0.30080884096060406,VERIFIED_DOCUMENTED_VINTAGES_PARTIAL_RELEASE_HISTORY,2025Q2
UMIDAS_USD,standard,PERMISSIVE_END_OF_DAY,LATEST_REVISED,DEVELOPMENT_PSEUDO_OOS,ALL,LEAVE_ONE_QUARTER_OUT,15,5,0.44692309693606913,0.38315376034366683,0.37263943044099312,VERIFIED_DOCUMENTED_VINTAGES_PARTIAL_RELEASE_HISTORY,2025Q2
UMIDAS_USD,standard,PERMISSIVE_END_OF_DAY,LATEST_REVISED,DEVELOPMENT_PSEUDO_OOS,H2_H3,LEAVE_ONE_QUARTER_OUT,10,5,0.43915976506400167,0.37925855329443181,0.36921905804434096,VERIFIED_DOCUMENTED_VINTAGES_PARTIAL_RELEASE_HISTORY,2025Q2
UMIDAS_USD,standard,PERMISSIVE_END_OF_DAY,LATEST_REVISED,POOLED_RESEARCH_ONLY,H1,LEAVE_ONE_QUARTER_OUT,9,9,0.64218179022799438,0.54753128324569156,0.32778534468258624,VERIFIED_DOCUMENTED_VINTAGES_PARTIAL_RELEASE_HISTORY,2025Q2
UMIDAS_USD,standard,PERMISSIVE_END_OF_DAY,LATEST_REVISED,POOLED_RESEARCH_ONLY,H2,LEAVE_ONE_QUARTER_OUT,9,9,0.6604759617090169,0.53895217211993462,0.35264451153666898,VERIFIED_DOCUMENTED_VINTAGES_PARTIAL_RELEASE_HISTORY,2025Q2
UMIDAS_USD,standard,PERMISSIVE_END_OF_DAY,LATEST_REVISED,POOLED_RESEARCH_ONLY,H3,LEAVE_ONE_QUARTER_OUT,9,9,0.33467668449318438,0.29677437174854926,0.099787608436568365,VERIFIED_DOCUMENTED_VINTAGES_PARTIAL_RELEASE_HISTORY,2025Q2
UMIDAS_USD,standard,PERMISSIVE_END_OF_DAY,LATEST_REVISED,POOLED_RESEARCH_ONLY,ALL,LEAVE_ONE_QUARTER_OUT,27,9,0.56587231505562363,0.46108594237139183,0.26007248821860784,VERIFIED_DOCUMENTED_VINTAGES_PARTIAL_RELEASE_HISTORY,2025Q2
UMIDAS_USD,standard,PERMISSIVE_END_OF_DAY,LATEST_REVISED,POOLED_RESEARCH_ONLY,H2_H3,LEAVE_ONE_QUARTER_OUT,18,9,0.52356326224191918,0.41786327193424194,0.22621605998661865,VERIFIED_DOCUMENTED_VINTAGES_PARTIAL_RELEASE_HISTORY,2025Q2
UMIDAS_USD,standard,STRICT,FIRST_RELEASE,DEVELOPMENT_PSEUDO_OOS,H1,LEAVE_ONE_QUARTER_OUT,5,5,0.34843245092798392,0.27094417444213581,0.25948017523429845,VERIFIED_DOCUMENTED_VINTAGES_PARTIAL_RELEASE_HISTORY,2025Q2
UMIDAS_USD,standard,STRICT,FIRST_RELEASE,DEVELOPMENT_PSEUDO_OOS,H2,LEAVE_ONE_QUARTER_OUT,5,5,0.40523847384751627,0.33490974948487312,0.31762927512807904,VERIFIED_DOCUMENTED_VINTAGES_PARTIAL_RELEASE_HISTORY,2025Q2
UMIDAS_USD,standard,STRICT,FIRST_RELEASE,DEVELOPMENT_PSEUDO_OOS,H3,LEAVE_ONE_QUARTER_OUT,5,5,0.2082007155135919,0.18360735710398846,0.18080884096060518,VERIFIED_DOCUMENTED_VINTAGES_PARTIAL_RELEASE_HISTORY,2025Q2
UMIDAS_USD,standard,STRICT,FIRST_RELEASE,DEVELOPMENT_PSEUDO_OOS,ALL,LEAVE_ONE_QUARTER_OUT,15,5,0.33114494886998641,0.26315376034366583,0.25263943044099424,VERIFIED_DOCUMENTED_VINTAGES_PARTIAL_RELEASE_HISTORY,2025Q2
UMIDAS_USD,standard,STRICT,FIRST_RELEASE,DEVELOPMENT_PSEUDO_OOS,H2_H3,LEAVE_ONE_QUARTER_OUT,10,5,0.32215350271775395,0.25925855329443082,0.24921905804434213,VERIFIED_DOCUMENTED_VINTAGES_PARTIAL_RELEASE_HISTORY,2025Q2
UMIDAS_USD,standard,STRICT,FIRST_RELEASE,POOLED_RESEARCH_ONLY,H1,LEAVE_ONE_QUARTER_OUT,9,9,0.60102801778740211,0.48086461657902491,0.26111867801592009,VERIFIED_DOCUMENTED_VINTAGES_PARTIAL_RELEASE_HISTORY,2025Q2
UMIDAS_USD,standard,STRICT,FIRST_RELEASE,POOLED_RESEARCH_ONLY,H2,LEAVE_ONE_QUARTER_OUT,9,9,0.61457850167359573,0.47228550545326786,0.28597784487000283,VERIFIED_DOCUMENTED_VINTAGES_PARTIAL_RELEASE_HISTORY,2025Q2
UMIDAS_USD,standard,STRICT,FIRST_RELEASE,POOLED_RESEARCH_ONLY,H3,LEAVE_ONE_QUARTER_OUT,9,9,0.2674962098168529,0.23010770508188136,0.033120941769902226,VERIFIED_DOCUMENTED_VINTAGES_PARTIAL_RELEASE_HISTORY,2025Q2
UMIDAS_USD,standard,STRICT,FIRST_RELEASE,POOLED_RESEARCH_ONLY,ALL,LEAVE_ONE_QUARTER_OUT,27,9,0.51977419300795014,0.39441927570472474,0.19340582155194172,VERIFIED_DOCUMENTED_VINTAGES_PARTIAL_RELEASE_HISTORY,2025Q2
UMIDAS_USD,standard,STRICT,FIRST_RELEASE,POOLED_RESEARCH_ONLY,H2_H3,LEAVE_ONE_QUARTER_OUT,18,9,0.47395197910006848,0.35119660526757462,0.15954939331995252,VERIFIED_DOCUMENTED_VINTAGES_PARTIAL_RELEASE_HISTORY,2025Q2
UMIDAS_USD,standard,STRICT,LATEST_REVISED,DEVELOPMENT_PSEUDO_OOS,H1,LEAVE_ONE_QUARTER_OUT,5,5,0.46205861665230591,0.3909441744421368,0.37948017523429733,VERIFIED_DOCUMENTED_VINTAGES_PARTIAL_RELEASE_HISTORY,2025Q2
UMIDAS_USD,standard,STRICT,LATEST_REVISED,DEVELOPMENT_PSEUDO_OOS,H2,LEAVE_ONE_QUARTER_OUT,5,5,0.51918916685850036,0.45490974948487412,0.43762927512807792,VERIFIED_DOCUMENTED_VINTAGES_PARTIAL_RELEASE_HISTORY,2025Q2
UMIDAS_USD,standard,STRICT,LATEST_REVISED,DEVELOPMENT_PSEUDO_OOS,H3,LEAVE_ONE_QUARTER_OUT,5,5,0.34083017401473492,0.30360735710398945,0.30080884096060406,VERIFIED_DOCUMENTED_VINTAGES_PARTIAL_RELEASE_HISTORY,2025Q2
UMIDAS_USD,standard,STRICT,LATEST_REVISED,DEVELOPMENT_PSEUDO_OOS,ALL,LEAVE_ONE_QUARTER_OUT,15,5,0.44692309693606913,0.38315376034366683,0.37263943044099312,VERIFIED_DOCUMENTED_VINTAGES_PARTIAL_RELEASE_HISTORY,2025Q2
UMIDAS_USD,standard,STRICT,LATEST_REVISED,DEVELOPMENT_PSEUDO_OOS,H2_H3,LEAVE_ONE_QUARTER_OUT,10,5,0.43915976506400167,0.37925855329443181,0.36921905804434096,VERIFIED_DOCUMENTED_VINTAGES_PARTIAL_RELEASE_HISTORY,2025Q2
UMIDAS_USD,standard,STRICT,LATEST_REVISED,POOLED_RESEARCH_ONLY,H1,LEAVE_ONE_QUARTER_OUT,9,9,0.64218179022799438,0.54753128324569156,0.32778534468258624,VERIFIED_DOCUMENTED_VINTAGES_PARTIAL_RELEASE_HISTORY,2025Q2
UMIDAS_USD,standard,STRICT,LATEST_REVISED,POOLED_RESEARCH_ONLY,H2,LEAVE_ONE_QUARTER_OUT,9,9,0.6604759617090169,0.53895217211993462,0.35264451153666898,VERIFIED_DOCUMENTED_VINTAGES_PARTIAL_RELEASE_HISTORY,2025Q2
UMIDAS_USD,standard,STRICT,LATEST_REVISED,POOLED_RESEARCH_ONLY,H3,LEAVE_ONE_QUARTER_OUT,9,9,0.33467668449318438,0.29677437174854926,0.099787608436568365,VERIFIED_DOCUMENTED_VINTAGES_PARTIAL_RELEASE_HISTORY,2025Q2
UMIDAS_USD,standard,STRICT,LATEST_REVISED,POOLED_RESEARCH_ONLY,ALL,LEAVE_ONE_QUARTER_OUT,27,9,0.56587231505562363,0.46108594237139183,0.26007248821860784,VERIFIED_DOCUMENTED_VINTAGES_PARTIAL_RELEASE_HISTORY,2025Q2
UMIDAS_USD,standard,STRICT,LATEST_REVISED,POOLED_RESEARCH_ONLY,H2_H3,LEAVE_ONE_QUARTER_OUT,18,9,0.52356326224191918,0.41786327193424194,0.22621605998661865,VERIFIED_DOCUMENTED_VINTAGES_PARTIAL_RELEASE_HISTORY,2025Q2
COMBO_B,conservative,PERMISSIVE_END_OF_DAY,FIRST_RELEASE,HISTORICAL_POST_DEVELOPMENT_TEST,H1,LEAVE_ONE_QUARTER_OUT,3,3,0.71112249412233264,0.59125582624768713,0.59125582624768713,VERIFIED_DOCUMENTED_VINTAGES_PARTIAL_RELEASE_HISTORY,2025Q3
COMBO_B,conservative,PERMISSIVE_END_OF_DAY,FIRST_RELEASE,HISTORICAL_POST_DEVELOPMENT_TEST,H2,LEAVE_ONE_QUARTER_OUT,3,3,0.83825113018069153,0.6792686870869602,0.57474673264625287,VERIFIED_DOCUMENTED_VINTAGES_PARTIAL_RELEASE_HISTORY,2025Q3
COMBO_B,conservative,PERMISSIVE_END_OF_DAY,FIRST_RELEASE,HISTORICAL_POST_DEVELOPMENT_TEST,H3,LEAVE_ONE_QUARTER_OUT,3,3,0.84927333132613769,0.62652154743953936,0.57586449090287672,VERIFIED_DOCUMENTED_VINTAGES_PARTIAL_RELEASE_HISTORY,2025Q3
COMBO_B,conservative,PERMISSIVE_END_OF_DAY,FIRST_RELEASE,HISTORICAL_POST_DEVELOPMENT_TEST,ALL,LEAVE_ONE_QUARTER_OUT,9,3,0.80200277435051504,0.6323486869247289,0.58062234993227224,VERIFIED_DOCUMENTED_VINTAGES_PARTIAL_RELEASE_HISTORY,2025Q3
COMBO_B,conservative,PERMISSIVE_END_OF_DAY,FIRST_RELEASE,HISTORICAL_POST_DEVELOPMENT_TEST,H2_H3,LEAVE_ONE_QUARTER_OUT,6,3,0.84378022865880276,0.65289511726324978,0.57530561177456485,VERIFIED_DOCUMENTED_VINTAGES_PARTIAL_RELEASE_HISTORY,2025Q3
COMBO_B,conservative,PERMISSIVE_END_OF_DAY,FIRST_RELEASE,POOLED_RESEARCH_ONLY,H1,LEAVE_ONE_QUARTER_OUT,9,9,0.49081371002972013,0.37371113067986184,0.37006032340651795,VERIFIED_DOCUMENTED_VINTAGES_PARTIAL_RELEASE_HISTORY,2025Q3
COMBO_B,conservative,PERMISSIVE_END_OF_DAY,FIRST_RELEASE,POOLED_RESEARCH_ONLY,H2,LEAVE_ONE_QUARTER_OUT,9,9,0.54737134180435865,0.39771412134680151,0.36287346986656577,VERIFIED_DOCUMENTED_VINTAGES_PARTIAL_RELEASE_HISTORY,2025Q3
COMBO_B,conservative,PERMISSIVE_END_OF_DAY,FIRST_RELEASE,POOLED_RESEARCH_ONLY,H3,LEAVE_ONE_QUARTER_OUT,9,9,0.57805094625933695,0.42643440473768252,0.32484776719876851,VERIFIED_DOCUMENTED_VINTAGES_PARTIAL_RELEASE_HISTORY,2025Q3
COMBO_B,conservative,PERMISSIVE_END_OF_DAY,FIRST_RELEASE,POOLED_RESEARCH_ONLY,ALL,LEAVE_ONE_QUARTER_OUT,27,9,0.5399556710981489,0.39928655225478199,0.35259385349061745,VERIFIED_DOCUMENTED_VINTAGES_PARTIAL_RELEASE_HISTORY,2025Q3
COMBO_B,conservative,PERMISSIVE_END_OF_DAY,FIRST_RELEASE,POOLED_RESEARCH_ONLY,H2_H3,LEAVE_ONE_QUARTER_OUT,18,9,0.56292019074644095,0.41207426304224204,0.34386061853266714,VERIFIED_DOCUMENTED_VINTAGES_PARTIAL_RELEASE_HISTORY,2025Q3
COMBO_B,conservative,PERMISSIVE_END_OF_DAY,LATEST_REVISED,HISTORICAL_POST_DEVELOPMENT_TEST,H1,LEAVE_ONE_QUARTER_OUT,3,3,0.71112249412233497,0.59125582624768924,0.59125582624768924,VERIFIED_DOCUMENTED_VINTAGES_PARTIAL_RELEASE_HISTORY,2025Q3
COMBO_B,conservative,PERMISSIVE_END_OF_DAY,LATEST_REVISED,HISTORICAL_POST_DEVELOPMENT_TEST,H2,LEAVE_ONE_QUARTER_OUT,3,3,0.8382511301806933,0.67926868708696053,0.57474673264625498,VERIFIED_DOCUMENTED_VINTAGES_PARTIAL_RELEASE_HISTORY,2025Q3
COMBO_B,conservative,PERMISSIVE_END_OF_DAY,LATEST_REVISED,HISTORICAL_POST_DEVELOPMENT_TEST,H3,LEAVE_ONE_QUARTER_OUT,3,3,0.84927333132613958,0.62652154743953969,0.57586449090287883,VERIFIED_DOCUMENTED_VINTAGES_PARTIAL_RELEASE_HISTORY,2025Q3
COMBO_B,conservative,PERMISSIVE_END_OF_DAY,LATEST_REVISED,HISTORICAL_POST_DEVELOPMENT_TEST,ALL,LEAVE_ONE_QUARTER_OUT,9,3,0.80200277435051703,0.63234868692472979,0.58062234993227435,VERIFIED_DOCUMENTED_VINTAGES_PARTIAL_RELEASE_HISTORY,2025Q3
COMBO_B,conservative,PERMISSIVE_END_OF_DAY,LATEST_REVISED,HISTORICAL_POST_DEVELOPMENT_TEST,H2_H3,LEAVE_ONE_QUARTER_OUT,6,3,0.84378022865880442,0.65289511726325011,0.57530561177456685,VERIFIED_DOCUMENTED_VINTAGES_PARTIAL_RELEASE_HISTORY,2025Q3
COMBO_B,conservative,PERMISSIVE_END_OF_DAY,LATEST_REVISED,POOLED_RESEARCH_ONLY,H1,LEAVE_ONE_QUARTER_OUT,9,9,0.51610898421220608,0.436726990073185,0.436726990073185,VERIFIED_DOCUMENTED_VINTAGES_PARTIAL_RELEASE_HISTORY,2025Q3
COMBO_B,conservative,PERMISSIVE_END_OF_DAY,LATEST_REVISED,POOLED_RESEARCH_ONLY,H2,LEAVE_ONE_QUARTER_OUT,9,9,0.578723348838866,0.46438078801346794,0.42954013653323275,VERIFIED_DOCUMENTED_VINTAGES_PARTIAL_RELEASE_HISTORY,2025Q3
COMBO_B,conservative,PERMISSIVE_END_OF_DAY,LATEST_REVISED,POOLED_RESEARCH_ONLY,H3,LEAVE_ONE_QUARTER_OUT,9,9,0.58891396362678394,0.44865662695990327,0.39151443386543555,VERIFIED_DOCUMENTED_VINTAGES_PARTIAL_RELEASE_HISTORY,2025Q3
COMBO_B,conservative,PERMISSIVE_END_OF_DAY,LATEST_REVISED,POOLED_RESEARCH_ONLY,ALL,LEAVE_ONE_QUARTER_OUT,27,9,0.56217104592535894,0.4499214683488521,0.41926052015728438,VERIFIED_DOCUMENTED_VINTAGES_PARTIAL_RELEASE_HISTORY,2025Q3
COMBO_B,conservative,PERMISSIVE_END_OF_DAY,LATEST_REVISED,POOLED_RESEARCH_ONLY,H2_H3,LEAVE_ONE_QUARTER_OUT,18,9,0.58384089058830102,0.4565187074866856,0.41052728519933418,VERIFIED_DOCUMENTED_VINTAGES_PARTIAL_RELEASE_HISTORY,2025Q3
COMBO_B,conservative,STRICT,FIRST_RELEASE,HISTORICAL_POST_DEVELOPMENT_TEST,H1,LEAVE_ONE_QUARTER_OUT,3,3,0.71112249412233264,0.59125582624768713,0.59125582624768713,VERIFIED_DOCUMENTED_VINTAGES_PARTIAL_RELEASE_HISTORY,2025Q3
COMBO_B,conservative,STRICT,FIRST_RELEASE,HISTORICAL_POST_DEVELOPMENT_TEST,H2,LEAVE_ONE_QUARTER_OUT,3,3,0.83825113018069153,0.6792686870869602,0.57474673264625287,VERIFIED_DOCUMENTED_VINTAGES_PARTIAL_RELEASE_HISTORY,2025Q3
COMBO_B,conservative,STRICT,FIRST_RELEASE,HISTORICAL_POST_DEVELOPMENT_TEST,H3,LEAVE_ONE_QUARTER_OUT,3,3,0.84927333132613769,0.62652154743953936,0.57586449090287672,VERIFIED_DOCUMENTED_VINTAGES_PARTIAL_RELEASE_HISTORY,2025Q3
COMBO_B,conservative,STRICT,FIRST_RELEASE,HISTORICAL_POST_DEVELOPMENT_TEST,ALL,LEAVE_ONE_QUARTER_OUT,9,3,0.80200277435051504,0.6323486869247289,0.58062234993227224,VERIFIED_DOCUMENTED_VINTAGES_PARTIAL_RELEASE_HISTORY,2025Q3
COMBO_B,conservative,STRICT,FIRST_RELEASE,HISTORICAL_POST_DEVELOPMENT_TEST,H2_H3,LEAVE_ONE_QUARTER_OUT,6,3,0.84378022865880276,0.65289511726324978,0.57530561177456485,VERIFIED_DOCUMENTED_VINTAGES_PARTIAL_RELEASE_HISTORY,2025Q3
COMBO_B,conservative,STRICT,FIRST_RELEASE,POOLED_RESEARCH_ONLY,H1,LEAVE_ONE_QUARTER_OUT,9,9,0.49081371002972013,0.37371113067986184,0.37006032340651795,VERIFIED_DOCUMENTED_VINTAGES_PARTIAL_RELEASE_HISTORY,2025Q3
COMBO_B,conservative,STRICT,FIRST_RELEASE,POOLED_RESEARCH_ONLY,H2,LEAVE_ONE_QUARTER_OUT,9,9,0.54737134180435865,0.39771412134680151,0.36287346986656577,VERIFIED_DOCUMENTED_VINTAGES_PARTIAL_RELEASE_HISTORY,2025Q3
COMBO_B,conservative,STRICT,FIRST_RELEASE,POOLED_RESEARCH_ONLY,H3,LEAVE_ONE_QUARTER_OUT,9,9,0.57805094625933695,0.42643440473768252,0.32484776719876851,VERIFIED_DOCUMENTED_VINTAGES_PARTIAL_RELEASE_HISTORY,2025Q3
COMBO_B,conservative,STRICT,FIRST_RELEASE,POOLED_RESEARCH_ONLY,ALL,LEAVE_ONE_QUARTER_OUT,27,9,0.5399556710981489,0.39928655225478199,0.35259385349061745,VERIFIED_DOCUMENTED_VINTAGES_PARTIAL_RELEASE_HISTORY,2025Q3
COMBO_B,conservative,STRICT,FIRST_RELEASE,POOLED_RESEARCH_ONLY,H2_H3,LEAVE_ONE_QUARTER_OUT,18,9,0.56292019074644095,0.41207426304224204,0.34386061853266714,VERIFIED_DOCUMENTED_VINTAGES_PARTIAL_RELEASE_HISTORY,2025Q3
COMBO_B,conservative,STRICT,LATEST_REVISED,HISTORICAL_POST_DEVELOPMENT_TEST,H1,LEAVE_ONE_QUARTER_OUT,3,3,0.71112249412233497,0.59125582624768924,0.59125582624768924,VERIFIED_DOCUMENTED_VINTAGES_PARTIAL_RELEASE_HISTORY,2025Q3
COMBO_B,conservative,STRICT,LATEST_REVISED,HISTORICAL_POST_DEVELOPMENT_TEST,H2,LEAVE_ONE_QUARTER_OUT,3,3,0.8382511301806933,0.67926868708696053,0.57474673264625498,VERIFIED_DOCUMENTED_VINTAGES_PARTIAL_RELEASE_HISTORY,2025Q3
COMBO_B,conservative,STRICT,LATEST_REVISED,HISTORICAL_POST_DEVELOPMENT_TEST,H3,LEAVE_ONE_QUARTER_OUT,3,3,0.84927333132613958,0.62652154743953969,0.57586449090287883,VERIFIED_DOCUMENTED_VINTAGES_PARTIAL_RELEASE_HISTORY,2025Q3
COMBO_B,conservative,STRICT,LATEST_REVISED,HISTORICAL_POST_DEVELOPMENT_TEST,ALL,LEAVE_ONE_QUARTER_OUT,9,3,0.80200277435051703,0.63234868692472979,0.58062234993227435,VERIFIED_DOCUMENTED_VINTAGES_PARTIAL_RELEASE_HISTORY,2025Q3
COMBO_B,conservative,STRICT,LATEST_REVISED,HISTORICAL_POST_DEVELOPMENT_TEST,H2_H3,LEAVE_ONE_QUARTER_OUT,6,3,0.84378022865880442,0.65289511726325011,0.57530561177456685,VERIFIED_DOCUMENTED_VINTAGES_PARTIAL_RELEASE_HISTORY,2025Q3
COMBO_B,conservative,STRICT,LATEST_REVISED,POOLED_RESEARCH_ONLY,H1,LEAVE_ONE_QUARTER_OUT,9,9,0.51610898421220608,0.436726990073185,0.436726990073185,VERIFIED_DOCUMENTED_VINTAGES_PARTIAL_RELEASE_HISTORY,2025Q3
COMBO_B,conservative,STRICT,LATEST_REVISED,POOLED_RESEARCH_ONLY,H2,LEAVE_ONE_QUARTER_OUT,9,9,0.578723348838866,0.46438078801346794,0.42954013653323275,VERIFIED_DOCUMENTED_VINTAGES_PARTIAL_RELEASE_HISTORY,2025Q3
COMBO_B,conservative,STRICT,LATEST_REVISED,POOLED_RESEARCH_ONLY,H3,LEAVE_ONE_QUARTER_OUT,9,9,0.58891396362678394,0.44865662695990327,0.39151443386543555,VERIFIED_DOCUMENTED_VINTAGES_PARTIAL_RELEASE_HISTORY,2025Q3
COMBO_B,conservative,STRICT,LATEST_REVISED,POOLED_RESEARCH_ONLY,ALL,LEAVE_ONE_QUARTER_OUT,27,9,0.56217104592535894,0.4499214683488521,0.41926052015728438,VERIFIED_DOCUMENTED_VINTAGES_PARTIAL_RELEASE_HISTORY,2025Q3
COMBO_B,conservative,STRICT,LATEST_REVISED,POOLED_RESEARCH_ONLY,H2_H3,LEAVE_ONE_QUARTER_OUT,18,9,0.58384089058830102,0.4565187074866856,0.41052728519933418,VERIFIED_DOCUMENTED_VINTAGES_PARTIAL_RELEASE_HISTORY,2025Q3
COMBO_B,standard,PERMISSIVE_END_OF_DAY,FIRST_RELEASE,HISTORICAL_POST_DEVELOPMENT_TEST,H1,LEAVE_ONE_QUARTER_OUT,3,3,0.82773142205141148,0.6702485212092878,0.55259401146087972,VERIFIED_DOCUMENTED_VINTAGES_PARTIAL_RELEASE_HISTORY,2025Q3
COMBO_B,standard,PERMISSIVE_END_OF_DAY,FIRST_RELEASE,HISTORICAL_POST_DEVELOPMENT_TEST,H2,LEAVE_ONE_QUARTER_OUT,3,3,0.84117964484300434,0.62466535503058152,0.55211295078676681,VERIFIED_DOCUMENTED_VINTAGES_PARTIAL_RELEASE_HISTORY,2025Q3
COMBO_B,standard,PERMISSIVE_END_OF_DAY,FIRST_RELEASE,HISTORICAL_POST_DEVELOPMENT_TEST,H3,LEAVE_ONE_QUARTER_OUT,3,3,0.51172147710668348,0.42012506084183315,0.42012506084183315,VERIFIED_DOCUMENTED_VINTAGES_PARTIAL_RELEASE_HISTORY,2025Q3
COMBO_B,standard,PERMISSIVE_END_OF_DAY,FIRST_RELEASE,HISTORICAL_POST_DEVELOPMENT_TEST,ALL,LEAVE_ONE_QUARTER_OUT,9,3,0.74264872182427777,0.57167964569390084,0.50827734102982658,VERIFIED_DOCUMENTED_VINTAGES_PARTIAL_RELEASE_HISTORY,2025Q3
COMBO_B,standard,PERMISSIVE_END_OF_DAY,FIRST_RELEASE,HISTORICAL_POST_DEVELOPMENT_TEST,H2_H3,LEAVE_ONE_QUARTER_OUT,6,3,0.69621909806843452,0.52239520793620731,0.48611900581429995,VERIFIED_DOCUMENTED_VINTAGES_PARTIAL_RELEASE_HISTORY,2025Q3
COMBO_B,standard,PERMISSIVE_END_OF_DAY,FIRST_RELEASE,POOLED_RESEARCH_ONLY,H1,LEAVE_ONE_QUARTER_OUT,9,9,0.53625251233019411,0.38347472918860198,0.34425655927246596,VERIFIED_DOCUMENTED_VINTAGES_PARTIAL_RELEASE_HISTORY,2025Q3
COMBO_B,standard,PERMISSIVE_END_OF_DAY,FIRST_RELEASE,POOLED_RESEARCH_ONLY,H2,LEAVE_ONE_QUARTER_OUT,9,9,0.54830854652964478,0.37558744748057687,0.33086053279877209,VERIFIED_DOCUMENTED_VINTAGES_PARTIAL_RELEASE_HISTORY,2025Q3
COMBO_B,standard,PERMISSIVE_END_OF_DAY,FIRST_RELEASE,POOLED_RESEARCH_ONLY,H3,LEAVE_ONE_QUARTER_OUT,9,9,0.36141645791251753,0.28632020092257193,0.12064404889370195,VERIFIED_DOCUMENTED_VINTAGES_PARTIAL_RELEASE_HISTORY,2025Q3
COMBO_B,standard,PERMISSIVE_END_OF_DAY,FIRST_RELEASE,POOLED_RESEARCH_ONLY,ALL,LEAVE_ONE_QUARTER_OUT,27,9,0.48950004263803942,0.34846079253058354,0.26525371365498002,VERIFIED_DOCUMENTED_VINTAGES_PARTIAL_RELEASE_HISTORY,2025Q3
COMBO_B,standard,PERMISSIVE_END_OF_DAY,FIRST_RELEASE,POOLED_RESEARCH_ONLY,H2_H3,LEAVE_ONE_QUARTER_OUT,18,9,0.46436199147189156,0.33095382420157438,0.22575229084623702,VERIFIED_DOCUMENTED_VINTAGES_PARTIAL_RELEASE_HISTORY,2025Q3
COMBO_B,standard,PERMISSIVE_END_OF_DAY,LATEST_REVISED,HISTORICAL_POST_DEVELOPMENT_TEST,H1,LEAVE_ONE_QUARTER_OUT,3,3,0.82773142205141315,0.67024852120928813,0.55259401146088172,VERIFIED_DOCUMENTED_VINTAGES_PARTIAL_RELEASE_HISTORY,2025Q3
COMBO_B,standard,PERMISSIVE_END_OF_DAY,LATEST_REVISED,HISTORICAL_POST_DEVELOPMENT_TEST,H2,LEAVE_ONE_QUARTER_OUT,3,3,0.84117964484300622,0.62466535503058174,0.55211295078676892,VERIFIED_DOCUMENTED_VINTAGES_PARTIAL_RELEASE_HISTORY,2025Q3
COMBO_B,standard,PERMISSIVE_END_OF_DAY,LATEST_REVISED,HISTORICAL_POST_DEVELOPMENT_TEST,H3,LEAVE_ONE_QUARTER_OUT,3,3,0.51172147710668547,0.42012506084183521,0.42012506084183521,VERIFIED_DOCUMENTED_VINTAGES_PARTIAL_RELEASE_HISTORY,2025Q3
COMBO_B,standard,PERMISSIVE_END_OF_DAY,LATEST_REVISED,HISTORICAL_POST_DEVELOPMENT_TEST,ALL,LEAVE_ONE_QUARTER_OUT,9,3,0.74264872182427966,0.57167964569390173,0.50827734102982858,VERIFIED_DOCUMENTED_VINTAGES_PARTIAL_RELEASE_HISTORY,2025Q3
COMBO_B,standard,PERMISSIVE_END_OF_DAY,LATEST_REVISED,HISTORICAL_POST_DEVELOPMENT_TEST,H2_H3,LEAVE_ONE_QUARTER_OUT,6,3,0.69621909806843629,0.52239520793620853,0.48611900581430206,VERIFIED_DOCUMENTED_VINTAGES_PARTIAL_RELEASE_HISTORY,2025Q3
COMBO_B,standard,PERMISSIVE_END_OF_DAY,LATEST_REVISED,POOLED_RESEARCH_ONLY,H1,LEAVE_ONE_QUARTER_OUT,9,9,0.56558256403758556,0.45014139585526841,0.41092322593913294,VERIFIED_DOCUMENTED_VINTAGES_PARTIAL_RELEASE_HISTORY,2025Q3
COMBO_B,standard,PERMISSIVE_END_OF_DAY,LATEST_REVISED,POOLED_RESEARCH_ONLY,H2,LEAVE_ONE_QUARTER_OUT,9,9,0.57243381477252508,0.42171133421337675,0.39752719946543913,VERIFIED_DOCUMENTED_VINTAGES_PARTIAL_RELEASE_HISTORY,2025Q3
COMBO_B,standard,PERMISSIVE_END_OF_DAY,LATEST_REVISED,POOLED_RESEARCH_ONLY,H3,LEAVE_ONE_QUARTER_OUT,9,9,0.36939809861452805,0.30854242314479269,0.18731071556036896,VERIFIED_DOCUMENTED_VINTAGES_PARTIAL_RELEASE_HISTORY,2025Q3
COMBO_B,standard,PERMISSIVE_END_OF_DAY,LATEST_REVISED,POOLED_RESEARCH_ONLY,ALL,LEAVE_ONE_QUARTER_OUT,27,9,0.51121393574457774,0.39346505107114599,0.331920380321647,VERIFIED_DOCUMENTED_VINTAGES_PARTIAL_RELEASE_HISTORY,2025Q3
COMBO_B,standard,PERMISSIVE_END_OF_DAY,LATEST_REVISED,POOLED_RESEARCH_ONLY,H2_H3,LEAVE_ONE_QUARTER_OUT,18,9,0.48173406956279008,0.36512687867908472,0.29241895751290403,VERIFIED_DOCUMENTED_VINTAGES_PARTIAL_RELEASE_HISTORY,2025Q3
COMBO_B,standard,STRICT,FIRST_RELEASE,HISTORICAL_POST_DEVELOPMENT_TEST,H1,LEAVE_ONE_QUARTER_OUT,3,3,0.82773142205141148,0.6702485212092878,0.55259401146087972,VERIFIED_DOCUMENTED_VINTAGES_PARTIAL_RELEASE_HISTORY,2025Q3
COMBO_B,standard,STRICT,FIRST_RELEASE,HISTORICAL_POST_DEVELOPMENT_TEST,H2,LEAVE_ONE_QUARTER_OUT,3,3,0.84117964484300434,0.62466535503058152,0.55211295078676681,VERIFIED_DOCUMENTED_VINTAGES_PARTIAL_RELEASE_HISTORY,2025Q3
COMBO_B,standard,STRICT,FIRST_RELEASE,HISTORICAL_POST_DEVELOPMENT_TEST,H3,LEAVE_ONE_QUARTER_OUT,3,3,0.51172147710668348,0.42012506084183315,0.42012506084183315,VERIFIED_DOCUMENTED_VINTAGES_PARTIAL_RELEASE_HISTORY,2025Q3
COMBO_B,standard,STRICT,FIRST_RELEASE,HISTORICAL_POST_DEVELOPMENT_TEST,ALL,LEAVE_ONE_QUARTER_OUT,9,3,0.74264872182427777,0.57167964569390084,0.50827734102982658,VERIFIED_DOCUMENTED_VINTAGES_PARTIAL_RELEASE_HISTORY,2025Q3
COMBO_B,standard,STRICT,FIRST_RELEASE,HISTORICAL_POST_DEVELOPMENT_TEST,H2_H3,LEAVE_ONE_QUARTER_OUT,6,3,0.69621909806843452,0.52239520793620731,0.48611900581429995,VERIFIED_DOCUMENTED_VINTAGES_PARTIAL_RELEASE_HISTORY,2025Q3
COMBO_B,standard,STRICT,FIRST_RELEASE,POOLED_RESEARCH_ONLY,H1,LEAVE_ONE_QUARTER_OUT,9,9,0.53625251233019411,0.38347472918860198,0.34425655927246596,VERIFIED_DOCUMENTED_VINTAGES_PARTIAL_RELEASE_HISTORY,2025Q3
COMBO_B,standard,STRICT,FIRST_RELEASE,POOLED_RESEARCH_ONLY,H2,LEAVE_ONE_QUARTER_OUT,9,9,0.54830854652964478,0.37558744748057687,0.33086053279877209,VERIFIED_DOCUMENTED_VINTAGES_PARTIAL_RELEASE_HISTORY,2025Q3
COMBO_B,standard,STRICT,FIRST_RELEASE,POOLED_RESEARCH_ONLY,H3,LEAVE_ONE_QUARTER_OUT,9,9,0.36141645791251753,0.28632020092257193,0.12064404889370195,VERIFIED_DOCUMENTED_VINTAGES_PARTIAL_RELEASE_HISTORY,2025Q3
COMBO_B,standard,STRICT,FIRST_RELEASE,POOLED_RESEARCH_ONLY,ALL,LEAVE_ONE_QUARTER_OUT,27,9,0.48950004263803942,0.34846079253058354,0.26525371365498002,VERIFIED_DOCUMENTED_VINTAGES_PARTIAL_RELEASE_HISTORY,2025Q3
COMBO_B,standard,STRICT,FIRST_RELEASE,POOLED_RESEARCH_ONLY,H2_H3,LEAVE_ONE_QUARTER_OUT,18,9,0.46436199147189156,0.33095382420157438,0.22575229084623702,VERIFIED_DOCUMENTED_VINTAGES_PARTIAL_RELEASE_HISTORY,2025Q3
COMBO_B,standard,STRICT,LATEST_REVISED,HISTORICAL_POST_DEVELOPMENT_TEST,H1,LEAVE_ONE_QUARTER_OUT,3,3,0.82773142205141315,0.67024852120928813,0.55259401146088172,VERIFIED_DOCUMENTED_VINTAGES_PARTIAL_RELEASE_HISTORY,2025Q3
COMBO_B,standard,STRICT,LATEST_REVISED,HISTORICAL_POST_DEVELOPMENT_TEST,H2,LEAVE_ONE_QUARTER_OUT,3,3,0.84117964484300622,0.62466535503058174,0.55211295078676892,VERIFIED_DOCUMENTED_VINTAGES_PARTIAL_RELEASE_HISTORY,2025Q3
COMBO_B,standard,STRICT,LATEST_REVISED,HISTORICAL_POST_DEVELOPMENT_TEST,H3,LEAVE_ONE_QUARTER_OUT,3,3,0.51172147710668547,0.42012506084183521,0.42012506084183521,VERIFIED_DOCUMENTED_VINTAGES_PARTIAL_RELEASE_HISTORY,2025Q3
COMBO_B,standard,STRICT,LATEST_REVISED,HISTORICAL_POST_DEVELOPMENT_TEST,ALL,LEAVE_ONE_QUARTER_OUT,9,3,0.74264872182427966,0.57167964569390173,0.50827734102982858,VERIFIED_DOCUMENTED_VINTAGES_PARTIAL_RELEASE_HISTORY,2025Q3
COMBO_B,standard,STRICT,LATEST_REVISED,HISTORICAL_POST_DEVELOPMENT_TEST,H2_H3,LEAVE_ONE_QUARTER_OUT,6,3,0.69621909806843629,0.52239520793620853,0.48611900581430206,VERIFIED_DOCUMENTED_VINTAGES_PARTIAL_RELEASE_HISTORY,2025Q3
COMBO_B,standard,STRICT,LATEST_REVISED,POOLED_RESEARCH_ONLY,H1,LEAVE_ONE_QUARTER_OUT,9,9,0.56558256403758556,0.45014139585526841,0.41092322593913294,VERIFIED_DOCUMENTED_VINTAGES_PARTIAL_RELEASE_HISTORY,2025Q3
COMBO_B,standard,STRICT,LATEST_REVISED,POOLED_RESEARCH_ONLY,H2,LEAVE_ONE_QUARTER_OUT,9,9,0.57243381477252508,0.42171133421337675,0.39752719946543913,VERIFIED_DOCUMENTED_VINTAGES_PARTIAL_RELEASE_HISTORY,2025Q3
COMBO_B,standard,STRICT,LATEST_REVISED,POOLED_RESEARCH_ONLY,H3,LEAVE_ONE_QUARTER_OUT,9,9,0.36939809861452805,0.30854242314479269,0.18731071556036896,VERIFIED_DOCUMENTED_VINTAGES_PARTIAL_RELEASE_HISTORY,2025Q3
COMBO_B,standard,STRICT,LATEST_REVISED,POOLED_RESEARCH_ONLY,ALL,LEAVE_ONE_QUARTER_OUT,27,9,0.51121393574457774,0.39346505107114599,0.331920380321647,VERIFIED_DOCUMENTED_VINTAGES_PARTIAL_RELEASE_HISTORY,2025Q3
COMBO_B,standard,STRICT,LATEST_REVISED,POOLED_RESEARCH_ONLY,H2_H3,LEAVE_ONE_QUARTER_OUT,18,9,0.48173406956279008,0.36512687867908472,0.29241895751290403,VERIFIED_DOCUMENTED_VINTAGES_PARTIAL_RELEASE_HISTORY,2025Q3
DFM_B,conservative,PERMISSIVE_END_OF_DAY,FIRST_RELEASE,HISTORICAL_POST_DEVELOPMENT_TEST,H1,LEAVE_ONE_QUARTER_OUT,3,3,1.0581798466291477,0.98569803450322946,0.98569803450322946,VERIFIED_DOCUMENTED_VINTAGES_PARTIAL_RELEASE_HISTORY,2025Q3
DFM_B,conservative,PERMISSIVE_END_OF_DAY,FIRST_RELEASE,HISTORICAL_POST_DEVELOPMENT_TEST,H2,LEAVE_ONE_QUARTER_OUT,3,3,1.0382575016855193,0.9624438805406289,0.9624438805406289,VERIFIED_DOCUMENTED_VINTAGES_PARTIAL_RELEASE_HISTORY,2025Q3
DFM_B,conservative,PERMISSIVE_END_OF_DAY,FIRST_RELEASE,HISTORICAL_POST_DEVELOPMENT_TEST,H3,LEAVE_ONE_QUARTER_OUT,3,3,1.0189764319353189,0.9427510479193536,0.9427510479193536,VERIFIED_DOCUMENTED_VINTAGES_PARTIAL_RELEASE_HISTORY,2025Q3
DFM_B,conservative,PERMISSIVE_END_OF_DAY,FIRST_RELEASE,HISTORICAL_POST_DEVELOPMENT_TEST,ALL,LEAVE_ONE_QUARTER_OUT,9,3,1.0385945947060666,0.96363098765440391,0.96363098765440391,VERIFIED_DOCUMENTED_VINTAGES_PARTIAL_RELEASE_HISTORY,2025Q3
DFM_B,conservative,PERMISSIVE_END_OF_DAY,FIRST_RELEASE,HISTORICAL_POST_DEVELOPMENT_TEST,H2_H3,LEAVE_ONE_QUARTER_OUT,6,3,1.0286621429424458,0.95259746422999125,0.95259746422999125,VERIFIED_DOCUMENTED_VINTAGES_PARTIAL_RELEASE_HISTORY,2025Q3
DFM_B,conservative,PERMISSIVE_END_OF_DAY,FIRST_RELEASE,POOLED_RESEARCH_ONLY,H1,LEAVE_ONE_QUARTER_OUT,9,9,0.65818196356318603,0.47244385671461919,0.4565830132897219,VERIFIED_DOCUMENTED_VINTAGES_PARTIAL_RELEASE_HISTORY,2025Q3
DFM_B,conservative,PERMISSIVE_END_OF_DAY,FIRST_RELEASE,POOLED_RESEARCH_ONLY,H2,LEAVE_ONE_QUARTER_OUT,9,9,0.64713576097203729,0.47043051514339518,0.46527587206201482,VERIFIED_DOCUMENTED_VINTAGES_PARTIAL_RELEASE_HISTORY,2025Q3
DFM_B,conservative,PERMISSIVE_END_OF_DAY,FIRST_RELEASE,POOLED_RESEARCH_ONLY,H3,LEAVE_ONE_QUARTER_OUT,9,9,0.7289340977569071,0.57710495320236432,0.34087720789290521,VERIFIED_DOCUMENTED_VINTAGES_PARTIAL_RELEASE_HISTORY,2025Q3
DFM_B,conservative,PERMISSIVE_END_OF_DAY,FIRST_RELEASE,POOLED_RESEARCH_ONLY,ALL,LEAVE_ONE_QUARTER_OUT,27,9,0.67905157122794568,0.50665977502012627,0.42091203108154729,VERIFIED_DOCUMENTED_VINTAGES_PARTIAL_RELEASE_HISTORY,2025Q3
DFM_B,conservative,PERMISSIVE_END_OF_DAY,FIRST_RELEASE,POOLED_RESEARCH_ONLY,H2_H3,LEAVE_ONE_QUARTER_OUT,18,9,0.6892494512154268,0.5237677341728797,0.40307653997746001,VERIFIED_DOCUMENTED_VINTAGES_PARTIAL_RELEASE_HISTORY,2025Q3
DFM_B,conservative,PERMISSIVE_END_OF_DAY,LATEST_REVISED,HISTORICAL_POST_DEVELOPMENT_TEST,H1,LEAVE_ONE_QUARTER_OUT,3,3,1.0581798466291499,0.98569803450323157,0.98569803450323157,VERIFIED_DOCUMENTED_VINTAGES_PARTIAL_RELEASE_HISTORY,2025Q3
DFM_B,conservative,PERMISSIVE_END_OF_DAY,LATEST_REVISED,HISTORICAL_POST_DEVELOPMENT_TEST,H2,LEAVE_ONE_QUARTER_OUT,3,3,1.0382575016855216,0.96244388054063101,0.96244388054063101,VERIFIED_DOCUMENTED_VINTAGES_PARTIAL_RELEASE_HISTORY,2025Q3
DFM_B,conservative,PERMISSIVE_END_OF_DAY,LATEST_REVISED,HISTORICAL_POST_DEVELOPMENT_TEST,H3,LEAVE_ONE_QUARTER_OUT,3,3,1.0189764319353212,0.9427510479193556,0.9427510479193556,VERIFIED_DOCUMENTED_VINTAGES_PARTIAL_RELEASE_HISTORY,2025Q3
DFM_B,conservative,PERMISSIVE_END_OF_DAY,LATEST_REVISED,HISTORICAL_POST_DEVELOPMENT_TEST,ALL,LEAVE_ONE_QUARTER_OUT,9,3,1.0385945947060689,0.96363098765440602,0.96363098765440602,VERIFIED_DOCUMENTED_VINTAGES_PARTIAL_RELEASE_HISTORY,2025Q3
DFM_B,conservative,PERMISSIVE_END_OF_DAY,LATEST_REVISED,HISTORICAL_POST_DEVELOPMENT_TEST,H2_H3,LEAVE_ONE_QUARTER_OUT,6,3,1.0286621429424483,0.95259746422999336,0.95259746422999336,VERIFIED_DOCUMENTED_VINTAGES_PARTIAL_RELEASE_HISTORY,2025Q3
DFM_B,conservative,PERMISSIVE_END_OF_DAY,LATEST_REVISED,POOLED_RESEARCH_ONLY,H1,LEAVE_ONE_QUARTER_OUT,9,9,0.66707813924650905,0.52324967995638894,0.52324967995638894,VERIFIED_DOCUMENTED_VINTAGES_PARTIAL_RELEASE_HISTORY,2025Q3
DFM_B,conservative,PERMISSIVE_END_OF_DAY,LATEST_REVISED,POOLED_RESEARCH_ONLY,H2,LEAVE_ONE_QUARTER_OUT,9,9,0.66199137223910609,0.5319425387286818,0.5319425387286818,VERIFIED_DOCUMENTED_VINTAGES_PARTIAL_RELEASE_HISTORY,2025Q3
DFM_B,conservative,PERMISSIVE_END_OF_DAY,LATEST_REVISED,POOLED_RESEARCH_ONLY,H3,LEAVE_ONE_QUARTER_OUT,9,9,0.70581632013093532,0.59219990617921758,0.40754387455957225,VERIFIED_DOCUMENTED_VINTAGES_PARTIAL_RELEASE_HISTORY,2025Q3
DFM_B,conservative,PERMISSIVE_END_OF_DAY,LATEST_REVISED,POOLED_RESEARCH_ONLY,ALL,LEAVE_ONE_QUARTER_OUT,27,9,0.67857755600539738,0.54913070828809607,0.48757869774821433,VERIFIED_DOCUMENTED_VINTAGES_PARTIAL_RELEASE_HISTORY,2025Q3
DFM_B,conservative,PERMISSIVE_END_OF_DAY,LATEST_REVISED,POOLED_RESEARCH_ONLY,H2_H3,LEAVE_ONE_QUARTER_OUT,18,9,0.68425479709030523,0.56207122245394969,0.46974320664412705,VERIFIED_DOCUMENTED_VINTAGES_PARTIAL_RELEASE_HISTORY,2025Q3
DFM_B,conservative,STRICT,FIRST_RELEASE,HISTORICAL_POST_DEVELOPMENT_TEST,H1,LEAVE_ONE_QUARTER_OUT,3,3,1.0581798466291477,0.98569803450322946,0.98569803450322946,VERIFIED_DOCUMENTED_VINTAGES_PARTIAL_RELEASE_HISTORY,2025Q3
DFM_B,conservative,STRICT,FIRST_RELEASE,HISTORICAL_POST_DEVELOPMENT_TEST,H2,LEAVE_ONE_QUARTER_OUT,3,3,1.0382575016855193,0.9624438805406289,0.9624438805406289,VERIFIED_DOCUMENTED_VINTAGES_PARTIAL_RELEASE_HISTORY,2025Q3
DFM_B,conservative,STRICT,FIRST_RELEASE,HISTORICAL_POST_DEVELOPMENT_TEST,H3,LEAVE_ONE_QUARTER_OUT,3,3,1.0189764319353189,0.9427510479193536,0.9427510479193536,VERIFIED_DOCUMENTED_VINTAGES_PARTIAL_RELEASE_HISTORY,2025Q3
DFM_B,conservative,STRICT,FIRST_RELEASE,HISTORICAL_POST_DEVELOPMENT_TEST,ALL,LEAVE_ONE_QUARTER_OUT,9,3,1.0385945947060666,0.96363098765440391,0.96363098765440391,VERIFIED_DOCUMENTED_VINTAGES_PARTIAL_RELEASE_HISTORY,2025Q3
DFM_B,conservative,STRICT,FIRST_RELEASE,HISTORICAL_POST_DEVELOPMENT_TEST,H2_H3,LEAVE_ONE_QUARTER_OUT,6,3,1.0286621429424458,0.95259746422999125,0.95259746422999125,VERIFIED_DOCUMENTED_VINTAGES_PARTIAL_RELEASE_HISTORY,2025Q3
DFM_B,conservative,STRICT,FIRST_RELEASE,POOLED_RESEARCH_ONLY,H1,LEAVE_ONE_QUARTER_OUT,9,9,0.65818196356318603,0.47244385671461919,0.4565830132897219,VERIFIED_DOCUMENTED_VINTAGES_PARTIAL_RELEASE_HISTORY,2025Q3
DFM_B,conservative,STRICT,FIRST_RELEASE,POOLED_RESEARCH_ONLY,H2,LEAVE_ONE_QUARTER_OUT,9,9,0.64713576097203729,0.47043051514339518,0.46527587206201482,VERIFIED_DOCUMENTED_VINTAGES_PARTIAL_RELEASE_HISTORY,2025Q3
DFM_B,conservative,STRICT,FIRST_RELEASE,POOLED_RESEARCH_ONLY,H3,LEAVE_ONE_QUARTER_OUT,9,9,0.7289340977569071,0.57710495320236432,0.34087720789290521,VERIFIED_DOCUMENTED_VINTAGES_PARTIAL_RELEASE_HISTORY,2025Q3
DFM_B,conservative,STRICT,FIRST_RELEASE,POOLED_RESEARCH_ONLY,ALL,LEAVE_ONE_QUARTER_OUT,27,9,0.67905157122794568,0.50665977502012627,0.42091203108154729,VERIFIED_DOCUMENTED_VINTAGES_PARTIAL_RELEASE_HISTORY,2025Q3
DFM_B,conservative,STRICT,FIRST_RELEASE,POOLED_RESEARCH_ONLY,H2_H3,LEAVE_ONE_QUARTER_OUT,18,9,0.6892494512154268,0.5237677341728797,0.40307653997746001,VERIFIED_DOCUMENTED_VINTAGES_PARTIAL_RELEASE_HISTORY,2025Q3
DFM_B,conservative,STRICT,LATEST_REVISED,HISTORICAL_POST_DEVELOPMENT_TEST,H1,LEAVE_ONE_QUARTER_OUT,3,3,1.0581798466291499,0.98569803450323157,0.98569803450323157,VERIFIED_DOCUMENTED_VINTAGES_PARTIAL_RELEASE_HISTORY,2025Q3
DFM_B,conservative,STRICT,LATEST_REVISED,HISTORICAL_POST_DEVELOPMENT_TEST,H2,LEAVE_ONE_QUARTER_OUT,3,3,1.0382575016855216,0.96244388054063101,0.96244388054063101,VERIFIED_DOCUMENTED_VINTAGES_PARTIAL_RELEASE_HISTORY,2025Q3
DFM_B,conservative,STRICT,LATEST_REVISED,HISTORICAL_POST_DEVELOPMENT_TEST,H3,LEAVE_ONE_QUARTER_OUT,3,3,1.0189764319353212,0.9427510479193556,0.9427510479193556,VERIFIED_DOCUMENTED_VINTAGES_PARTIAL_RELEASE_HISTORY,2025Q3
DFM_B,conservative,STRICT,LATEST_REVISED,HISTORICAL_POST_DEVELOPMENT_TEST,ALL,LEAVE_ONE_QUARTER_OUT,9,3,1.0385945947060689,0.96363098765440602,0.96363098765440602,VERIFIED_DOCUMENTED_VINTAGES_PARTIAL_RELEASE_HISTORY,2025Q3
DFM_B,conservative,STRICT,LATEST_REVISED,HISTORICAL_POST_DEVELOPMENT_TEST,H2_H3,LEAVE_ONE_QUARTER_OUT,6,3,1.0286621429424483,0.95259746422999336,0.95259746422999336,VERIFIED_DOCUMENTED_VINTAGES_PARTIAL_RELEASE_HISTORY,2025Q3
DFM_B,conservative,STRICT,LATEST_REVISED,POOLED_RESEARCH_ONLY,H1,LEAVE_ONE_QUARTER_OUT,9,9,0.66707813924650905,0.52324967995638894,0.52324967995638894,VERIFIED_DOCUMENTED_VINTAGES_PARTIAL_RELEASE_HISTORY,2025Q3
DFM_B,conservative,STRICT,LATEST_REVISED,POOLED_RESEARCH_ONLY,H2,LEAVE_ONE_QUARTER_OUT,9,9,0.66199137223910609,0.5319425387286818,0.5319425387286818,VERIFIED_DOCUMENTED_VINTAGES_PARTIAL_RELEASE_HISTORY,2025Q3
DFM_B,conservative,STRICT,LATEST_REVISED,POOLED_RESEARCH_ONLY,H3,LEAVE_ONE_QUARTER_OUT,9,9,0.70581632013093532,0.59219990617921758,0.40754387455957225,VERIFIED_DOCUMENTED_VINTAGES_PARTIAL_RELEASE_HISTORY,2025Q3
DFM_B,conservative,STRICT,LATEST_REVISED,POOLED_RESEARCH_ONLY,ALL,LEAVE_ONE_QUARTER_OUT,27,9,0.67857755600539738,0.54913070828809607,0.48757869774821433,VERIFIED_DOCUMENTED_VINTAGES_PARTIAL_RELEASE_HISTORY,2025Q3
DFM_B,conservative,STRICT,LATEST_REVISED,POOLED_RESEARCH_ONLY,H2_H3,LEAVE_ONE_QUARTER_OUT,18,9,0.68425479709030523,0.56207122245394969,0.46974320664412705,VERIFIED_DOCUMENTED_VINTAGES_PARTIAL_RELEASE_HISTORY,2025Q3
DFM_B,standard,PERMISSIVE_END_OF_DAY,FIRST_RELEASE,HISTORICAL_POST_DEVELOPMENT_TEST,H1,LEAVE_ONE_QUARTER_OUT,3,3,1.0058502286710713,0.91813843816988283,0.91813843816988283,VERIFIED_DOCUMENTED_VINTAGES_PARTIAL_RELEASE_HISTORY,2025Q3
DFM_B,standard,PERMISSIVE_END_OF_DAY,FIRST_RELEASE,HISTORICAL_POST_DEVELOPMENT_TEST,H2,LEAVE_ONE_QUARTER_OUT,3,3,0.98375088262357768,0.89524796768713311,0.89524796768713311,VERIFIED_DOCUMENTED_VINTAGES_PARTIAL_RELEASE_HISTORY,2025Q3
DFM_B,standard,PERMISSIVE_END_OF_DAY,FIRST_RELEASE,HISTORICAL_POST_DEVELOPMENT_TEST,H3,LEAVE_ONE_QUARTER_OUT,3,3,0.96833715133128662,0.88391466416668829,0.88391466416668829,VERIFIED_DOCUMENTED_VINTAGES_PARTIAL_RELEASE_HISTORY,2025Q3
DFM_B,standard,PERMISSIVE_END_OF_DAY,FIRST_RELEASE,HISTORICAL_POST_DEVELOPMENT_TEST,ALL,LEAVE_ONE_QUARTER_OUT,9,3,0.98609960961164322,0.89910035667456811,0.89910035667456811,VERIFIED_DOCUMENTED_VINTAGES_PARTIAL_RELEASE_HISTORY,2025Q3
DFM_B,standard,PERMISSIVE_END_OF_DAY,FIRST_RELEASE,HISTORICAL_POST_DEVELOPMENT_TEST,H2_H3,LEAVE_ONE_QUARTER_OUT,6,3,0.97607444329596582,0.8895813159269107,0.8895813159269107,VERIFIED_DOCUMENTED_VINTAGES_PARTIAL_RELEASE_HISTORY,2025Q3
DFM_B,standard,PERMISSIVE_END_OF_DAY,FIRST_RELEASE,POOLED_RESEARCH_ONLY,H1,LEAVE_ONE_QUARTER_OUT,9,9,0.62413448071501931,0.44033918004471545,0.42804205087381547,VERIFIED_DOCUMENTED_VINTAGES_PARTIAL_RELEASE_HISTORY,2025Q3
DFM_B,standard,PERMISSIVE_END_OF_DAY,FIRST_RELEASE,POOLED_RESEARCH_ONLY,H2,LEAVE_ONE_QUARTER_OUT,9,9,0.6227921902423903,0.46254422808648027,0.3529027390929122,VERIFIED_DOCUMENTED_VINTAGES_PARTIAL_RELEASE_HISTORY,2025Q3
DFM_B,standard,PERMISSIVE_END_OF_DAY,FIRST_RELEASE,POOLED_RESEARCH_ONLY,H3,LEAVE_ONE_QUARTER_OUT,9,9,0.67224781531377586,0.51820234345851035,0.30759536450698532,VERIFIED_DOCUMENTED_VINTAGES_PARTIAL_RELEASE_HISTORY,2025Q3
DFM_B,standard,PERMISSIVE_END_OF_DAY,FIRST_RELEASE,POOLED_RESEARCH_ONLY,ALL,LEAVE_ONE_QUARTER_OUT,27,9,0.64013828907991044,0.47369525052990197,0.36284671815790431,VERIFIED_DOCUMENTED_VINTAGES_PARTIAL_RELEASE_HISTORY,2025Q3
DFM_B,standard,PERMISSIVE_END_OF_DAY,FIRST_RELEASE,POOLED_RESEARCH_ONLY,H2_H3,LEAVE_ONE_QUARTER_OUT,18,9,0.64799198969626859,0.49037328577249528,0.33024905179994879,VERIFIED_DOCUMENTED_VINTAGES_PARTIAL_RELEASE_HISTORY,2025Q3
DFM_B,standard,PERMISSIVE_END_OF_DAY,LATEST_REVISED,HISTORICAL_POST_DEVELOPMENT_TEST,H1,LEAVE_ONE_QUARTER_OUT,3,3,1.0058502286710738,0.91813843816988483,0.91813843816988483,VERIFIED_DOCUMENTED_VINTAGES_PARTIAL_RELEASE_HISTORY,2025Q3
DFM_B,standard,PERMISSIVE_END_OF_DAY,LATEST_REVISED,HISTORICAL_POST_DEVELOPMENT_TEST,H2,LEAVE_ONE_QUARTER_OUT,3,3,0.9837508826235799,0.89524796768713522,0.89524796768713522,VERIFIED_DOCUMENTED_VINTAGES_PARTIAL_RELEASE_HISTORY,2025Q3
DFM_B,standard,PERMISSIVE_END_OF_DAY,LATEST_REVISED,HISTORICAL_POST_DEVELOPMENT_TEST,H3,LEAVE_ONE_QUARTER_OUT,3,3,0.96833715133128884,0.8839146641666904,0.8839146641666904,VERIFIED_DOCUMENTED_VINTAGES_PARTIAL_RELEASE_HISTORY,2025Q3
DFM_B,standard,PERMISSIVE_END_OF_DAY,LATEST_REVISED,HISTORICAL_POST_DEVELOPMENT_TEST,ALL,LEAVE_ONE_QUARTER_OUT,9,3,0.98609960961164556,0.89910035667457011,0.89910035667457011,VERIFIED_DOCUMENTED_VINTAGES_PARTIAL_RELEASE_HISTORY,2025Q3
DFM_B,standard,PERMISSIVE_END_OF_DAY,LATEST_REVISED,HISTORICAL_POST_DEVELOPMENT_TEST,H2_H3,LEAVE_ONE_QUARTER_OUT,6,3,0.97607444329596804,0.88958131592691281,0.88958131592691281,VERIFIED_DOCUMENTED_VINTAGES_PARTIAL_RELEASE_HISTORY,2025Q3
DFM_B,standard,PERMISSIVE_END_OF_DAY,LATEST_REVISED,POOLED_RESEARCH_ONLY,H1,LEAVE_ONE_QUARTER_OUT,9,9,0.63483449497345146,0.49470871754048251,0.49470871754048251,VERIFIED_DOCUMENTED_VINTAGES_PARTIAL_RELEASE_HISTORY,2025Q3
DFM_B,standard,PERMISSIVE_END_OF_DAY,LATEST_REVISED,POOLED_RESEARCH_ONLY,H2,LEAVE_ONE_QUARTER_OUT,9,9,0.61921302565916025,0.47590909319357144,0.41956940575957918,VERIFIED_DOCUMENTED_VINTAGES_PARTIAL_RELEASE_HISTORY,2025Q3
DFM_B,standard,PERMISSIVE_END_OF_DAY,LATEST_REVISED,POOLED_RESEARCH_ONLY,H3,LEAVE_ONE_QUARTER_OUT,9,9,0.65048371442886488,0.52940866668060749,0.37426203117365237,VERIFIED_DOCUMENTED_VINTAGES_PARTIAL_RELEASE_HISTORY,2025Q3
DFM_B,standard,PERMISSIVE_END_OF_DAY,LATEST_REVISED,POOLED_RESEARCH_ONLY,ALL,LEAVE_ONE_QUARTER_OUT,27,9,0.63497209122169096,0.50000882580488715,0.42951338482457141,VERIFIED_DOCUMENTED_VINTAGES_PARTIAL_RELEASE_HISTORY,2025Q3
DFM_B,standard,PERMISSIVE_END_OF_DAY,LATEST_REVISED,POOLED_RESEARCH_ONLY,H2_H3,LEAVE_ONE_QUARTER_OUT,18,9,0.63504087816578592,0.50265887993708946,0.39691571846661577,VERIFIED_DOCUMENTED_VINTAGES_PARTIAL_RELEASE_HISTORY,2025Q3
DFM_B,standard,STRICT,FIRST_RELEASE,HISTORICAL_POST_DEVELOPMENT_TEST,H1,LEAVE_ONE_QUARTER_OUT,3,3,1.0058502286710713,0.91813843816988283,0.91813843816988283,VERIFIED_DOCUMENTED_VINTAGES_PARTIAL_RELEASE_HISTORY,2025Q3
DFM_B,standard,STRICT,FIRST_RELEASE,HISTORICAL_POST_DEVELOPMENT_TEST,H2,LEAVE_ONE_QUARTER_OUT,3,3,0.98375088262357768,0.89524796768713311,0.89524796768713311,VERIFIED_DOCUMENTED_VINTAGES_PARTIAL_RELEASE_HISTORY,2025Q3
DFM_B,standard,STRICT,FIRST_RELEASE,HISTORICAL_POST_DEVELOPMENT_TEST,H3,LEAVE_ONE_QUARTER_OUT,3,3,0.96833715133128662,0.88391466416668829,0.88391466416668829,VERIFIED_DOCUMENTED_VINTAGES_PARTIAL_RELEASE_HISTORY,2025Q3
DFM_B,standard,STRICT,FIRST_RELEASE,HISTORICAL_POST_DEVELOPMENT_TEST,ALL,LEAVE_ONE_QUARTER_OUT,9,3,0.98609960961164322,0.89910035667456811,0.89910035667456811,VERIFIED_DOCUMENTED_VINTAGES_PARTIAL_RELEASE_HISTORY,2025Q3
DFM_B,standard,STRICT,FIRST_RELEASE,HISTORICAL_POST_DEVELOPMENT_TEST,H2_H3,LEAVE_ONE_QUARTER_OUT,6,3,0.97607444329596582,0.8895813159269107,0.8895813159269107,VERIFIED_DOCUMENTED_VINTAGES_PARTIAL_RELEASE_HISTORY,2025Q3
DFM_B,standard,STRICT,FIRST_RELEASE,POOLED_RESEARCH_ONLY,H1,LEAVE_ONE_QUARTER_OUT,9,9,0.62413448071501931,0.44033918004471545,0.42804205087381547,VERIFIED_DOCUMENTED_VINTAGES_PARTIAL_RELEASE_HISTORY,2025Q3
DFM_B,standard,STRICT,FIRST_RELEASE,POOLED_RESEARCH_ONLY,H2,LEAVE_ONE_QUARTER_OUT,9,9,0.6227921902423903,0.46254422808648027,0.3529027390929122,VERIFIED_DOCUMENTED_VINTAGES_PARTIAL_RELEASE_HISTORY,2025Q3
DFM_B,standard,STRICT,FIRST_RELEASE,POOLED_RESEARCH_ONLY,H3,LEAVE_ONE_QUARTER_OUT,9,9,0.67224781531377586,0.51820234345851035,0.30759536450698532,VERIFIED_DOCUMENTED_VINTAGES_PARTIAL_RELEASE_HISTORY,2025Q3
DFM_B,standard,STRICT,FIRST_RELEASE,POOLED_RESEARCH_ONLY,ALL,LEAVE_ONE_QUARTER_OUT,27,9,0.64013828907991044,0.47369525052990197,0.36284671815790431,VERIFIED_DOCUMENTED_VINTAGES_PARTIAL_RELEASE_HISTORY,2025Q3
DFM_B,standard,STRICT,FIRST_RELEASE,POOLED_RESEARCH_ONLY,H2_H3,LEAVE_ONE_QUARTER_OUT,18,9,0.64799198969626859,0.49037328577249528,0.33024905179994879,VERIFIED_DOCUMENTED_VINTAGES_PARTIAL_RELEASE_HISTORY,2025Q3
DFM_B,standard,STRICT,LATEST_REVISED,HISTORICAL_POST_DEVELOPMENT_TEST,H1,LEAVE_ONE_QUARTER_OUT,3,3,1.0058502286710738,0.91813843816988483,0.91813843816988483,VERIFIED_DOCUMENTED_VINTAGES_PARTIAL_RELEASE_HISTORY,2025Q3
DFM_B,standard,STRICT,LATEST_REVISED,HISTORICAL_POST_DEVELOPMENT_TEST,H2,LEAVE_ONE_QUARTER_OUT,3,3,0.9837508826235799,0.89524796768713522,0.89524796768713522,VERIFIED_DOCUMENTED_VINTAGES_PARTIAL_RELEASE_HISTORY,2025Q3
DFM_B,standard,STRICT,LATEST_REVISED,HISTORICAL_POST_DEVELOPMENT_TEST,H3,LEAVE_ONE_QUARTER_OUT,3,3,0.96833715133128884,0.8839146641666904,0.8839146641666904,VERIFIED_DOCUMENTED_VINTAGES_PARTIAL_RELEASE_HISTORY,2025Q3
DFM_B,standard,STRICT,LATEST_REVISED,HISTORICAL_POST_DEVELOPMENT_TEST,ALL,LEAVE_ONE_QUARTER_OUT,9,3,0.98609960961164556,0.89910035667457011,0.89910035667457011,VERIFIED_DOCUMENTED_VINTAGES_PARTIAL_RELEASE_HISTORY,2025Q3
DFM_B,standard,STRICT,LATEST_REVISED,HISTORICAL_POST_DEVELOPMENT_TEST,H2_H3,LEAVE_ONE_QUARTER_OUT,6,3,0.97607444329596804,0.88958131592691281,0.88958131592691281,VERIFIED_DOCUMENTED_VINTAGES_PARTIAL_RELEASE_HISTORY,2025Q3
DFM_B,standard,STRICT,LATEST_REVISED,POOLED_RESEARCH_ONLY,H1,LEAVE_ONE_QUARTER_OUT,9,9,0.63483449497345146,0.49470871754048251,0.49470871754048251,VERIFIED_DOCUMENTED_VINTAGES_PARTIAL_RELEASE_HISTORY,2025Q3
DFM_B,standard,STRICT,LATEST_REVISED,POOLED_RESEARCH_ONLY,H2,LEAVE_ONE_QUARTER_OUT,9,9,0.61921302565916025,0.47590909319357144,0.41956940575957918,VERIFIED_DOCUMENTED_VINTAGES_PARTIAL_RELEASE_HISTORY,2025Q3
DFM_B,standard,STRICT,LATEST_REVISED,POOLED_RESEARCH_ONLY,H3,LEAVE_ONE_QUARTER_OUT,9,9,0.65048371442886488,0.52940866668060749,0.37426203117365237,VERIFIED_DOCUMENTED_VINTAGES_PARTIAL_RELEASE_HISTORY,2025Q3
DFM_B,standard,STRICT,LATEST_REVISED,POOLED_RESEARCH_ONLY,ALL,LEAVE_ONE_QUARTER_OUT,27,9,0.63497209122169096,0.50000882580488715,0.42951338482457141,VERIFIED_DOCUMENTED_VINTAGES_PARTIAL_RELEASE_HISTORY,2025Q3
DFM_B,standard,STRICT,LATEST_REVISED,POOLED_RESEARCH_ONLY,H2_H3,LEAVE_ONE_QUARTER_OUT,18,9,0.63504087816578592,0.50265887993708946,0.39691571846661577,VERIFIED_DOCUMENTED_VINTAGES_PARTIAL_RELEASE_HISTORY,2025Q3
PRODUCTION_ENSEMBLE,conservative,PERMISSIVE_END_OF_DAY,FIRST_RELEASE,HISTORICAL_POST_DEVELOPMENT_TEST,H1,LEAVE_ONE_QUARTER_OUT,3,3,0.70994504025487459,0.4782057829490105,0.4782057829490105,VERIFIED_DOCUMENTED_VINTAGES_PARTIAL_RELEASE_HISTORY,2025Q3
PRODUCTION_ENSEMBLE,conservative,PERMISSIVE_END_OF_DAY,FIRST_RELEASE,HISTORICAL_POST_DEVELOPMENT_TEST,H2,LEAVE_ONE_QUARTER_OUT,3,3,0.83334054074202613,0.61111040816028994,0.47332376632887679,VERIFIED_DOCUMENTED_VINTAGES_PARTIAL_RELEASE_HISTORY,2025Q3
PRODUCTION_ENSEMBLE,conservative,PERMISSIVE_END_OF_DAY,FIRST_RELEASE,HISTORICAL_POST_DEVELOPMENT_TEST,H3,LEAVE_ONE_QUARTER_OUT,3,3,0.87227902814645442,0.56707010313366146,0.48428794089613864,VERIFIED_DOCUMENTED_VINTAGES_PARTIAL_RELEASE_HISTORY,2025Q3
PRODUCTION_ENSEMBLE,conservative,PERMISSIVE_END_OF_DAY,FIRST_RELEASE,HISTORICAL_POST_DEVELOPMENT_TEST,ALL,LEAVE_ONE_QUARTER_OUT,9,3,0.80815615652150441,0.55212876474765393,0.47860583005800866,VERIFIED_DOCUMENTED_VINTAGES_PARTIAL_RELEASE_HISTORY,2025Q3
PRODUCTION_ENSEMBLE,conservative,PERMISSIVE_END_OF_DAY,FIRST_RELEASE,HISTORICAL_POST_DEVELOPMENT_TEST,H2_H3,LEAVE_ONE_QUARTER_OUT,6,3,0.85303199230402116,0.5890902556469757,0.47880585361250771,VERIFIED_DOCUMENTED_VINTAGES_PARTIAL_RELEASE_HISTORY,2025Q3
PRODUCTION_ENSEMBLE,conservative,PERMISSIVE_END_OF_DAY,FIRST_RELEASE,POOLED_RESEARCH_ONLY,H1,LEAVE_ONE_QUARTER_OUT,9,9,0.55106756816293245,0.4295561013170115,0.4295561013170115,VERIFIED_DOCUMENTED_VINTAGES_PARTIAL_RELEASE_HISTORY,2025Q3
PRODUCTION_ENSEMBLE,conservative,PERMISSIVE_END_OF_DAY,FIRST_RELEASE,POOLED_RESEARCH_ONLY,H2,LEAVE_ONE_QUARTER_OUT,9,9,0.59624444644360264,0.46395169900138394,0.41802281839091293,VERIFIED_DOCUMENTED_VINTAGES_PARTIAL_RELEASE_HISTORY,2025Q3
PRODUCTION_ENSEMBLE,conservative,PERMISSIVE_END_OF_DAY,FIRST_RELEASE,POOLED_RESEARCH_ONLY,H3,LEAVE_ONE_QUARTER_OUT,9,9,0.62993647690527965,0.46979050188684479,0.44219644780767048,VERIFIED_DOCUMENTED_VINTAGES_PARTIAL_RELEASE_HISTORY,2025Q3
PRODUCTION_ENSEMBLE,conservative,PERMISSIVE_END_OF_DAY,FIRST_RELEASE,POOLED_RESEARCH_ONLY,ALL,LEAVE_ONE_QUARTER_OUT,27,9,0.59329668506621613,0.45443276740174676,0.42992512250519826,VERIFIED_DOCUMENTED_VINTAGES_PARTIAL_RELEASE_HISTORY,2025Q3
PRODUCTION_ENSEMBLE,conservative,PERMISSIVE_END_OF_DAY,FIRST_RELEASE,POOLED_RESEARCH_ONLY,H2_H3,LEAVE_ONE_QUARTER_OUT,18,9,0.61332185875389855,0.4668711004441144,0.43010963309929173,VERIFIED_DOCUMENTED_VINTAGES_PARTIAL_RELEASE_HISTORY,2025Q3
PRODUCTION_ENSEMBLE,conservative,PERMISSIVE_END_OF_DAY,LATEST_REVISED,HISTORICAL_POST_DEVELOPMENT_TEST,H1,LEAVE_ONE_QUARTER_OUT,3,3,0.70994504025487692,0.47820578294901256,0.47820578294901256,VERIFIED_DOCUMENTED_VINTAGES_PARTIAL_RELEASE_HISTORY,2025Q3
PRODUCTION_ENSEMBLE,conservative,PERMISSIVE_END_OF_DAY,LATEST_REVISED,HISTORICAL_POST_DEVELOPMENT_TEST,H2,LEAVE_ONE_QUARTER_OUT,3,3,0.8333405407420279,0.61111040816029016,0.4733237663288789,VERIFIED_DOCUMENTED_VINTAGES_PARTIAL_RELEASE_HISTORY,2025Q3
PRODUCTION_ENSEMBLE,conservative,PERMISSIVE_END_OF_DAY,LATEST_REVISED,HISTORICAL_POST_DEVELOPMENT_TEST,H3,LEAVE_ONE_QUARTER_OUT,3,3,0.87227902814645619,0.5670701031336618,0.48428794089614069,VERIFIED_DOCUMENTED_VINTAGES_PARTIAL_RELEASE_HISTORY,2025Q3
PRODUCTION_ENSEMBLE,conservative,PERMISSIVE_END_OF_DAY,LATEST_REVISED,HISTORICAL_POST_DEVELOPMENT_TEST,ALL,LEAVE_ONE_QUARTER_OUT,9,3,0.80815615652150641,0.55212876474765482,0.47860583005801072,VERIFIED_DOCUMENTED_VINTAGES_PARTIAL_RELEASE_HISTORY,2025Q3
PRODUCTION_ENSEMBLE,conservative,PERMISSIVE_END_OF_DAY,LATEST_REVISED,HISTORICAL_POST_DEVELOPMENT_TEST,H2_H3,LEAVE_ONE_QUARTER_OUT,6,3,0.85303199230402316,0.58909025564697604,0.47880585361250977,VERIFIED_DOCUMENTED_VINTAGES_PARTIAL_RELEASE_HISTORY,2025Q3
PRODUCTION_ENSEMBLE,conservative,PERMISSIVE_END_OF_DAY,LATEST_REVISED,POOLED_RESEARCH_ONLY,H1,LEAVE_ONE_QUARTER_OUT,9,9,0.59289374171916631,0.49622276798367854,0.49622276798367854,VERIFIED_DOCUMENTED_VINTAGES_PARTIAL_RELEASE_HISTORY,2025Q3
PRODUCTION_ENSEMBLE,conservative,PERMISSIVE_END_OF_DAY,LATEST_REVISED,POOLED_RESEARCH_ONLY,H2,LEAVE_ONE_QUARTER_OUT,9,9,0.63981312794440426,0.53061836566805043,0.48468948505757997,VERIFIED_DOCUMENTED_VINTAGES_PARTIAL_RELEASE_HISTORY,2025Q3
PRODUCTION_ENSEMBLE,conservative,PERMISSIVE_END_OF_DAY,LATEST_REVISED,POOLED_RESEARCH_ONLY,H3,LEAVE_ONE_QUARTER_OUT,9,9,0.67405701359866876,0.53645716855351122,0.50886311447433752,VERIFIED_DOCUMENTED_VINTAGES_PARTIAL_RELEASE_HISTORY,2025Q3
PRODUCTION_ENSEMBLE,conservative,PERMISSIVE_END_OF_DAY,LATEST_REVISED,POOLED_RESEARCH_ONLY,ALL,LEAVE_ONE_QUARTER_OUT,27,9,0.63645808587874608,0.5210994340684133,0.49659178917186531,VERIFIED_DOCUMENTED_VINTAGES_PARTIAL_RELEASE_HISTORY,2025Q3
PRODUCTION_ENSEMBLE,conservative,PERMISSIVE_END_OF_DAY,LATEST_REVISED,POOLED_RESEARCH_ONLY,H2_H3,LEAVE_ONE_QUARTER_OUT,18,9,0.65715816067045785,0.53353776711078083,0.49677629976595877,VERIFIED_DOCUMENTED_VINTAGES_PARTIAL_RELEASE_HISTORY,2025Q3
PRODUCTION_ENSEMBLE,conservative,STRICT,FIRST_RELEASE,HISTORICAL_POST_DEVELOPMENT_TEST,H1,LEAVE_ONE_QUARTER_OUT,3,3,0.70994504025487459,0.4782057829490105,0.4782057829490105,VERIFIED_DOCUMENTED_VINTAGES_PARTIAL_RELEASE_HISTORY,2025Q3
PRODUCTION_ENSEMBLE,conservative,STRICT,FIRST_RELEASE,HISTORICAL_POST_DEVELOPMENT_TEST,H2,LEAVE_ONE_QUARTER_OUT,3,3,0.83334054074202613,0.61111040816028994,0.47332376632887679,VERIFIED_DOCUMENTED_VINTAGES_PARTIAL_RELEASE_HISTORY,2025Q3
PRODUCTION_ENSEMBLE,conservative,STRICT,FIRST_RELEASE,HISTORICAL_POST_DEVELOPMENT_TEST,H3,LEAVE_ONE_QUARTER_OUT,3,3,0.87227902814645442,0.56707010313366146,0.48428794089613864,VERIFIED_DOCUMENTED_VINTAGES_PARTIAL_RELEASE_HISTORY,2025Q3
PRODUCTION_ENSEMBLE,conservative,STRICT,FIRST_RELEASE,HISTORICAL_POST_DEVELOPMENT_TEST,ALL,LEAVE_ONE_QUARTER_OUT,9,3,0.80815615652150441,0.55212876474765393,0.47860583005800866,VERIFIED_DOCUMENTED_VINTAGES_PARTIAL_RELEASE_HISTORY,2025Q3
PRODUCTION_ENSEMBLE,conservative,STRICT,FIRST_RELEASE,HISTORICAL_POST_DEVELOPMENT_TEST,H2_H3,LEAVE_ONE_QUARTER_OUT,6,3,0.85303199230402116,0.5890902556469757,0.47880585361250771,VERIFIED_DOCUMENTED_VINTAGES_PARTIAL_RELEASE_HISTORY,2025Q3
PRODUCTION_ENSEMBLE,conservative,STRICT,FIRST_RELEASE,POOLED_RESEARCH_ONLY,H1,LEAVE_ONE_QUARTER_OUT,9,9,0.55106756816293245,0.4295561013170115,0.4295561013170115,VERIFIED_DOCUMENTED_VINTAGES_PARTIAL_RELEASE_HISTORY,2025Q3
PRODUCTION_ENSEMBLE,conservative,STRICT,FIRST_RELEASE,POOLED_RESEARCH_ONLY,H2,LEAVE_ONE_QUARTER_OUT,9,9,0.59624444644360264,0.46395169900138394,0.41802281839091293,VERIFIED_DOCUMENTED_VINTAGES_PARTIAL_RELEASE_HISTORY,2025Q3
PRODUCTION_ENSEMBLE,conservative,STRICT,FIRST_RELEASE,POOLED_RESEARCH_ONLY,H3,LEAVE_ONE_QUARTER_OUT,9,9,0.62993647690527965,0.46979050188684479,0.44219644780767048,VERIFIED_DOCUMENTED_VINTAGES_PARTIAL_RELEASE_HISTORY,2025Q3
PRODUCTION_ENSEMBLE,conservative,STRICT,FIRST_RELEASE,POOLED_RESEARCH_ONLY,ALL,LEAVE_ONE_QUARTER_OUT,27,9,0.59329668506621613,0.45443276740174676,0.42992512250519826,VERIFIED_DOCUMENTED_VINTAGES_PARTIAL_RELEASE_HISTORY,2025Q3
PRODUCTION_ENSEMBLE,conservative,STRICT,FIRST_RELEASE,POOLED_RESEARCH_ONLY,H2_H3,LEAVE_ONE_QUARTER_OUT,18,9,0.61332185875389855,0.4668711004441144,0.43010963309929173,VERIFIED_DOCUMENTED_VINTAGES_PARTIAL_RELEASE_HISTORY,2025Q3
PRODUCTION_ENSEMBLE,conservative,STRICT,LATEST_REVISED,HISTORICAL_POST_DEVELOPMENT_TEST,H1,LEAVE_ONE_QUARTER_OUT,3,3,0.70994504025487692,0.47820578294901256,0.47820578294901256,VERIFIED_DOCUMENTED_VINTAGES_PARTIAL_RELEASE_HISTORY,2025Q3
PRODUCTION_ENSEMBLE,conservative,STRICT,LATEST_REVISED,HISTORICAL_POST_DEVELOPMENT_TEST,H2,LEAVE_ONE_QUARTER_OUT,3,3,0.8333405407420279,0.61111040816029016,0.4733237663288789,VERIFIED_DOCUMENTED_VINTAGES_PARTIAL_RELEASE_HISTORY,2025Q3
PRODUCTION_ENSEMBLE,conservative,STRICT,LATEST_REVISED,HISTORICAL_POST_DEVELOPMENT_TEST,H3,LEAVE_ONE_QUARTER_OUT,3,3,0.87227902814645619,0.5670701031336618,0.48428794089614069,VERIFIED_DOCUMENTED_VINTAGES_PARTIAL_RELEASE_HISTORY,2025Q3
PRODUCTION_ENSEMBLE,conservative,STRICT,LATEST_REVISED,HISTORICAL_POST_DEVELOPMENT_TEST,ALL,LEAVE_ONE_QUARTER_OUT,9,3,0.80815615652150641,0.55212876474765482,0.47860583005801072,VERIFIED_DOCUMENTED_VINTAGES_PARTIAL_RELEASE_HISTORY,2025Q3
PRODUCTION_ENSEMBLE,conservative,STRICT,LATEST_REVISED,HISTORICAL_POST_DEVELOPMENT_TEST,H2_H3,LEAVE_ONE_QUARTER_OUT,6,3,0.85303199230402316,0.58909025564697604,0.47880585361250977,VERIFIED_DOCUMENTED_VINTAGES_PARTIAL_RELEASE_HISTORY,2025Q3
PRODUCTION_ENSEMBLE,conservative,STRICT,LATEST_REVISED,POOLED_RESEARCH_ONLY,H1,LEAVE_ONE_QUARTER_OUT,9,9,0.59289374171916631,0.49622276798367854,0.49622276798367854,VERIFIED_DOCUMENTED_VINTAGES_PARTIAL_RELEASE_HISTORY,2025Q3
PRODUCTION_ENSEMBLE,conservative,STRICT,LATEST_REVISED,POOLED_RESEARCH_ONLY,H2,LEAVE_ONE_QUARTER_OUT,9,9,0.63981312794440426,0.53061836566805043,0.48468948505757997,VERIFIED_DOCUMENTED_VINTAGES_PARTIAL_RELEASE_HISTORY,2025Q3
PRODUCTION_ENSEMBLE,conservative,STRICT,LATEST_REVISED,POOLED_RESEARCH_ONLY,H3,LEAVE_ONE_QUARTER_OUT,9,9,0.67405701359866876,0.53645716855351122,0.50886311447433752,VERIFIED_DOCUMENTED_VINTAGES_PARTIAL_RELEASE_HISTORY,2025Q3
PRODUCTION_ENSEMBLE,conservative,STRICT,LATEST_REVISED,POOLED_RESEARCH_ONLY,ALL,LEAVE_ONE_QUARTER_OUT,27,9,0.63645808587874608,0.5210994340684133,0.49659178917186531,VERIFIED_DOCUMENTED_VINTAGES_PARTIAL_RELEASE_HISTORY,2025Q3
PRODUCTION_ENSEMBLE,conservative,STRICT,LATEST_REVISED,POOLED_RESEARCH_ONLY,H2_H3,LEAVE_ONE_QUARTER_OUT,18,9,0.65715816067045785,0.53353776711078083,0.49677629976595877,VERIFIED_DOCUMENTED_VINTAGES_PARTIAL_RELEASE_HISTORY,2025Q3
PRODUCTION_ENSEMBLE,standard,PERMISSIVE_END_OF_DAY,FIRST_RELEASE,HISTORICAL_POST_DEVELOPMENT_TEST,H1,LEAVE_ONE_QUARTER_OUT,3,3,0.83334054074202613,0.61111040816028994,0.47332376632887679,VERIFIED_DOCUMENTED_VINTAGES_PARTIAL_RELEASE_HISTORY,2025Q3
PRODUCTION_ENSEMBLE,standard,PERMISSIVE_END_OF_DAY,FIRST_RELEASE,HISTORICAL_POST_DEVELOPMENT_TEST,H2,LEAVE_ONE_QUARTER_OUT,3,3,0.87227902814645442,0.56707010313366146,0.48428794089613864,VERIFIED_DOCUMENTED_VINTAGES_PARTIAL_RELEASE_HISTORY,2025Q3
PRODUCTION_ENSEMBLE,standard,PERMISSIVE_END_OF_DAY,FIRST_RELEASE,HISTORICAL_POST_DEVELOPMENT_TEST,H3,LEAVE_ONE_QUARTER_OUT,3,3,0.52889922433326364,0.35796670271142733,0.35796670271142733,VERIFIED_DOCUMENTED_VINTAGES_PARTIAL_RELEASE_HISTORY,2025Q3
PRODUCTION_ENSEMBLE,standard,PERMISSIVE_END_OF_DAY,FIRST_RELEASE,HISTORICAL_POST_DEVELOPMENT_TEST,ALL,LEAVE_ONE_QUARTER_OUT,9,3,0.76049579207441231,0.51204907133512623,0.4385261366454809,VERIFIED_DOCUMENTED_VINTAGES_PARTIAL_RELEASE_HISTORY,2025Q3
PRODUCTION_ENSEMBLE,standard,PERMISSIVE_END_OF_DAY,FIRST_RELEASE,HISTORICAL_POST_DEVELOPMENT_TEST,H2_H3,LEAVE_ONE_QUARTER_OUT,6,3,0.72132000264946583,0.46251840292254442,0.42112732180378298,VERIFIED_DOCUMENTED_VINTAGES_PARTIAL_RELEASE_HISTORY,2025Q3
PRODUCTION_ENSEMBLE,standard,PERMISSIVE_END_OF_DAY,FIRST_RELEASE,POOLED_RESEARCH_ONLY,H1,LEAVE_ONE_QUARTER_OUT,9,9,0.59624444644360264,0.46395169900138394,0.41802281839091293,VERIFIED_DOCUMENTED_VINTAGES_PARTIAL_RELEASE_HISTORY,2025Q3
PRODUCTION_ENSEMBLE,standard,PERMISSIVE_END_OF_DAY,FIRST_RELEASE,POOLED_RESEARCH_ONLY,H2,LEAVE_ONE_QUARTER_OUT,9,9,0.62993647690527965,0.46979050188684479,0.44219644780767048,VERIFIED_DOCUMENTED_VINTAGES_PARTIAL_RELEASE_HISTORY,2025Q3
PRODUCTION_ENSEMBLE,standard,PERMISSIVE_END_OF_DAY,FIRST_RELEASE,POOLED_RESEARCH_ONLY,H3,LEAVE_ONE_QUARTER_OUT,9,9,0.41040700405854413,0.33118126325352382,0.25463365119556386,VERIFIED_DOCUMENTED_VINTAGES_PARTIAL_RELEASE_HISTORY,2025Q3
PRODUCTION_ENSEMBLE,standard,PERMISSIVE_END_OF_DAY,FIRST_RELEASE,POOLED_RESEARCH_ONLY,ALL,LEAVE_ONE_QUARTER_OUT,27,9,0.55400400534983618,0.4216411547139175,0.3716176391313824,VERIFIED_DOCUMENTED_VINTAGES_PARTIAL_RELEASE_HISTORY,2025Q3
PRODUCTION_ENSEMBLE,standard,PERMISSIVE_END_OF_DAY,FIRST_RELEASE,POOLED_RESEARCH_ONLY,H2_H3,LEAVE_ONE_QUARTER_OUT,18,9,0.53162668947116731,0.4004858825701843,0.34841504950161717,VERIFIED_DOCUMENTED_VINTAGES_PARTIAL_RELEASE_HISTORY,2025Q3
PRODUCTION_ENSEMBLE,standard,PERMISSIVE_END_OF_DAY,LATEST_REVISED,HISTORICAL_POST_DEVELOPMENT_TEST,H1,LEAVE_ONE_QUARTER_OUT,3,3,0.8333405407420279,0.61111040816029016,0.4733237663288789,VERIFIED_DOCUMENTED_VINTAGES_PARTIAL_RELEASE_HISTORY,2025Q3
PRODUCTION_ENSEMBLE,standard,PERMISSIVE_END_OF_DAY,LATEST_REVISED,HISTORICAL_POST_DEVELOPMENT_TEST,H2,LEAVE_ONE_QUARTER_OUT,3,3,0.87227902814645619,0.5670701031336618,0.48428794089614069,VERIFIED_DOCUMENTED_VINTAGES_PARTIAL_RELEASE_HISTORY,2025Q3
PRODUCTION_ENSEMBLE,standard,PERMISSIVE_END_OF_DAY,LATEST_REVISED,HISTORICAL_POST_DEVELOPMENT_TEST,H3,LEAVE_ONE_QUARTER_OUT,3,3,0.52889922433326575,0.35796670271142944,0.35796670271142944,VERIFIED_DOCUMENTED_VINTAGES_PARTIAL_RELEASE_HISTORY,2025Q3
PRODUCTION_ENSEMBLE,standard,PERMISSIVE_END_OF_DAY,LATEST_REVISED,HISTORICAL_POST_DEVELOPMENT_TEST,ALL,LEAVE_ONE_QUARTER_OUT,9,3,0.7604957920744142,0.51204907133512712,0.43852613664548301,VERIFIED_DOCUMENTED_VINTAGES_PARTIAL_RELEASE_HISTORY,2025Q3
PRODUCTION_ENSEMBLE,standard,PERMISSIVE_END_OF_DAY,LATEST_REVISED,HISTORICAL_POST_DEVELOPMENT_TEST,H2_H3,LEAVE_ONE_QUARTER_OUT,6,3,0.72132000264946772,0.46251840292254559,0.42112732180378504,VERIFIED_DOCUMENTED_VINTAGES_PARTIAL_RELEASE_HISTORY,2025Q3
PRODUCTION_ENSEMBLE,standard,PERMISSIVE_END_OF_DAY,LATEST_REVISED,POOLED_RESEARCH_ONLY,H1,LEAVE_ONE_QUARTER_OUT,9,9,0.63981312794440426,0.53061836566805043,0.48468948505757997,VERIFIED_DOCUMENTED_VINTAGES_PARTIAL_RELEASE_HISTORY,2025Q3
PRODUCTION_ENSEMBLE,standard,PERMISSIVE_END_OF_DAY,LATEST_REVISED,POOLED_RESEARCH_ONLY,H2,LEAVE_ONE_QUARTER_OUT,9,9,0.67405701359866876,0.53645716855351122,0.50886311447433752,VERIFIED_DOCUMENTED_VINTAGES_PARTIAL_RELEASE_HISTORY,2025Q3
PRODUCTION_ENSEMBLE,standard,PERMISSIVE_END_OF_DAY,LATEST_REVISED,POOLED_RESEARCH_ONLY,H3,LEAVE_ONE_QUARTER_OUT,9,9,0.46576072336175867,0.39784792992019025,0.3213003178622309,VERIFIED_DOCUMENTED_VINTAGES_PARTIAL_RELEASE_HISTORY,2025Q3
PRODUCTION_ENSEMBLE,standard,PERMISSIVE_END_OF_DAY,LATEST_REVISED,POOLED_RESEARCH_ONLY,ALL,LEAVE_ONE_QUARTER_OUT,27,9,0.60017962525064861,0.48830782138058393,0.43828430579804945,VERIFIED_DOCUMENTED_VINTAGES_PARTIAL_RELEASE_HISTORY,2025Q3
PRODUCTION_ENSEMBLE,standard,PERMISSIVE_END_OF_DAY,LATEST_REVISED,POOLED_RESEARCH_ONLY,H2_H3,LEAVE_ONE_QUARTER_OUT,18,9,0.57934700698632446,0.46715254923685073,0.41508171616828421,VERIFIED_DOCUMENTED_VINTAGES_PARTIAL_RELEASE_HISTORY,2025Q3
PRODUCTION_ENSEMBLE,standard,STRICT,FIRST_RELEASE,HISTORICAL_POST_DEVELOPMENT_TEST,H1,LEAVE_ONE_QUARTER_OUT,3,3,0.83334054074202613,0.61111040816028994,0.47332376632887679,VERIFIED_DOCUMENTED_VINTAGES_PARTIAL_RELEASE_HISTORY,2025Q3
PRODUCTION_ENSEMBLE,standard,STRICT,FIRST_RELEASE,HISTORICAL_POST_DEVELOPMENT_TEST,H2,LEAVE_ONE_QUARTER_OUT,3,3,0.87227902814645442,0.56707010313366146,0.48428794089613864,VERIFIED_DOCUMENTED_VINTAGES_PARTIAL_RELEASE_HISTORY,2025Q3
PRODUCTION_ENSEMBLE,standard,STRICT,FIRST_RELEASE,HISTORICAL_POST_DEVELOPMENT_TEST,H3,LEAVE_ONE_QUARTER_OUT,3,3,0.52889922433326364,0.35796670271142733,0.35796670271142733,VERIFIED_DOCUMENTED_VINTAGES_PARTIAL_RELEASE_HISTORY,2025Q3
PRODUCTION_ENSEMBLE,standard,STRICT,FIRST_RELEASE,HISTORICAL_POST_DEVELOPMENT_TEST,ALL,LEAVE_ONE_QUARTER_OUT,9,3,0.76049579207441231,0.51204907133512623,0.4385261366454809,VERIFIED_DOCUMENTED_VINTAGES_PARTIAL_RELEASE_HISTORY,2025Q3
PRODUCTION_ENSEMBLE,standard,STRICT,FIRST_RELEASE,HISTORICAL_POST_DEVELOPMENT_TEST,H2_H3,LEAVE_ONE_QUARTER_OUT,6,3,0.72132000264946583,0.46251840292254442,0.42112732180378298,VERIFIED_DOCUMENTED_VINTAGES_PARTIAL_RELEASE_HISTORY,2025Q3
PRODUCTION_ENSEMBLE,standard,STRICT,FIRST_RELEASE,POOLED_RESEARCH_ONLY,H1,LEAVE_ONE_QUARTER_OUT,9,9,0.59624444644360264,0.46395169900138394,0.41802281839091293,VERIFIED_DOCUMENTED_VINTAGES_PARTIAL_RELEASE_HISTORY,2025Q3
PRODUCTION_ENSEMBLE,standard,STRICT,FIRST_RELEASE,POOLED_RESEARCH_ONLY,H2,LEAVE_ONE_QUARTER_OUT,9,9,0.62993647690527965,0.46979050188684479,0.44219644780767048,VERIFIED_DOCUMENTED_VINTAGES_PARTIAL_RELEASE_HISTORY,2025Q3
PRODUCTION_ENSEMBLE,standard,STRICT,FIRST_RELEASE,POOLED_RESEARCH_ONLY,H3,LEAVE_ONE_QUARTER_OUT,9,9,0.41040700405854413,0.33118126325352382,0.25463365119556386,VERIFIED_DOCUMENTED_VINTAGES_PARTIAL_RELEASE_HISTORY,2025Q3
PRODUCTION_ENSEMBLE,standard,STRICT,FIRST_RELEASE,POOLED_RESEARCH_ONLY,ALL,LEAVE_ONE_QUARTER_OUT,27,9,0.55400400534983618,0.4216411547139175,0.3716176391313824,VERIFIED_DOCUMENTED_VINTAGES_PARTIAL_RELEASE_HISTORY,2025Q3
PRODUCTION_ENSEMBLE,standard,STRICT,FIRST_RELEASE,POOLED_RESEARCH_ONLY,H2_H3,LEAVE_ONE_QUARTER_OUT,18,9,0.53162668947116731,0.4004858825701843,0.34841504950161717,VERIFIED_DOCUMENTED_VINTAGES_PARTIAL_RELEASE_HISTORY,2025Q3
PRODUCTION_ENSEMBLE,standard,STRICT,LATEST_REVISED,HISTORICAL_POST_DEVELOPMENT_TEST,H1,LEAVE_ONE_QUARTER_OUT,3,3,0.8333405407420279,0.61111040816029016,0.4733237663288789,VERIFIED_DOCUMENTED_VINTAGES_PARTIAL_RELEASE_HISTORY,2025Q3
PRODUCTION_ENSEMBLE,standard,STRICT,LATEST_REVISED,HISTORICAL_POST_DEVELOPMENT_TEST,H2,LEAVE_ONE_QUARTER_OUT,3,3,0.87227902814645619,0.5670701031336618,0.48428794089614069,VERIFIED_DOCUMENTED_VINTAGES_PARTIAL_RELEASE_HISTORY,2025Q3
PRODUCTION_ENSEMBLE,standard,STRICT,LATEST_REVISED,HISTORICAL_POST_DEVELOPMENT_TEST,H3,LEAVE_ONE_QUARTER_OUT,3,3,0.52889922433326575,0.35796670271142944,0.35796670271142944,VERIFIED_DOCUMENTED_VINTAGES_PARTIAL_RELEASE_HISTORY,2025Q3
PRODUCTION_ENSEMBLE,standard,STRICT,LATEST_REVISED,HISTORICAL_POST_DEVELOPMENT_TEST,ALL,LEAVE_ONE_QUARTER_OUT,9,3,0.7604957920744142,0.51204907133512712,0.43852613664548301,VERIFIED_DOCUMENTED_VINTAGES_PARTIAL_RELEASE_HISTORY,2025Q3
PRODUCTION_ENSEMBLE,standard,STRICT,LATEST_REVISED,HISTORICAL_POST_DEVELOPMENT_TEST,H2_H3,LEAVE_ONE_QUARTER_OUT,6,3,0.72132000264946772,0.46251840292254559,0.42112732180378504,VERIFIED_DOCUMENTED_VINTAGES_PARTIAL_RELEASE_HISTORY,2025Q3
PRODUCTION_ENSEMBLE,standard,STRICT,LATEST_REVISED,POOLED_RESEARCH_ONLY,H1,LEAVE_ONE_QUARTER_OUT,9,9,0.63981312794440426,0.53061836566805043,0.48468948505757997,VERIFIED_DOCUMENTED_VINTAGES_PARTIAL_RELEASE_HISTORY,2025Q3
PRODUCTION_ENSEMBLE,standard,STRICT,LATEST_REVISED,POOLED_RESEARCH_ONLY,H2,LEAVE_ONE_QUARTER_OUT,9,9,0.67405701359866876,0.53645716855351122,0.50886311447433752,VERIFIED_DOCUMENTED_VINTAGES_PARTIAL_RELEASE_HISTORY,2025Q3
PRODUCTION_ENSEMBLE,standard,STRICT,LATEST_REVISED,POOLED_RESEARCH_ONLY,H3,LEAVE_ONE_QUARTER_OUT,9,9,0.46576072336175867,0.39784792992019025,0.3213003178622309,VERIFIED_DOCUMENTED_VINTAGES_PARTIAL_RELEASE_HISTORY,2025Q3
PRODUCTION_ENSEMBLE,standard,STRICT,LATEST_REVISED,POOLED_RESEARCH_ONLY,ALL,LEAVE_ONE_QUARTER_OUT,27,9,0.60017962525064861,0.48830782138058393,0.43828430579804945,VERIFIED_DOCUMENTED_VINTAGES_PARTIAL_RELEASE_HISTORY,2025Q3
PRODUCTION_ENSEMBLE,standard,STRICT,LATEST_REVISED,POOLED_RESEARCH_ONLY,H2_H3,LEAVE_ONE_QUARTER_OUT,18,9,0.57934700698632446,0.46715254923685073,0.41508171616828421,VERIFIED_DOCUMENTED_VINTAGES_PARTIAL_RELEASE_HISTORY,2025Q3
UMIDAS_USD,conservative,PERMISSIVE_END_OF_DAY,FIRST_RELEASE,HISTORICAL_POST_DEVELOPMENT_TEST,H1,LEAVE_ONE_QUARTER_OUT,3,3,0.45058168083069228,0.31322315050054339,0.19681361799214483,VERIFIED_DOCUMENTED_VINTAGES_PARTIAL_RELEASE_HISTORY,2025Q3
UMIDAS_USD,conservative,PERMISSIVE_END_OF_DAY,FIRST_RELEASE,HISTORICAL_POST_DEVELOPMENT_TEST,H2,LEAVE_ONE_QUARTER_OUT,3,3,0.8948921408289916,0.82718073509479562,0.18704958475187686,VERIFIED_DOCUMENTED_VINTAGES_PARTIAL_RELEASE_HISTORY,2025Q3
UMIDAS_USD,conservative,PERMISSIVE_END_OF_DAY,FIRST_RELEASE,HISTORICAL_POST_DEVELOPMENT_TEST,H3,LEAVE_ONE_QUARTER_OUT,3,3,0.90362034148432857,0.73910012504153888,0.20897793388640049,VERIFIED_DOCUMENTED_VINTAGES_PARTIAL_RELEASE_HISTORY,2025Q3
UMIDAS_USD,conservative,PERMISSIVE_END_OF_DAY,FIRST_RELEASE,HISTORICAL_POST_DEVELOPMENT_TEST,ALL,LEAVE_ONE_QUARTER_OUT,9,3,0.77897058488793658,0.62650133687895926,0.19761371221014074,VERIFIED_DOCUMENTED_VINTAGES_PARTIAL_RELEASE_HISTORY,2025Q3
UMIDAS_USD,conservative,PERMISSIVE_END_OF_DAY,FIRST_RELEASE,HISTORICAL_POST_DEVELOPMENT_TEST,H2_H3,LEAVE_ONE_QUARTER_OUT,6,3,0.89926683060750934,0.78314043006816725,0.19801375931913867,VERIFIED_DOCUMENTED_VINTAGES_PARTIAL_RELEASE_HISTORY,2025Q3
UMIDAS_USD,conservative,PERMISSIVE_END_OF_DAY,FIRST_RELEASE,POOLED_RESEARCH_ONLY,H1,LEAVE_ONE_QUARTER_OUT,9,9,0.41380936649555045,0.33778533583449222,0.28353763352331396,VERIFIED_DOCUMENTED_VINTAGES_PARTIAL_RELEASE_HISTORY,2025Q3
UMIDAS_USD,conservative,PERMISSIVE_END_OF_DAY,FIRST_RELEASE,POOLED_RESEARCH_ONLY,H2,LEAVE_ONE_QUARTER_OUT,9,9,0.60050131379039584,0.48021700623422159,0.26047106767111683,VERIFIED_DOCUMENTED_VINTAGES_PARTIAL_RELEASE_HISTORY,2025Q3
UMIDAS_USD,conservative,PERMISSIVE_END_OF_DAY,FIRST_RELEASE,POOLED_RESEARCH_ONLY,H3,LEAVE_ONE_QUARTER_OUT,9,9,0.63149712411011627,0.49512598708789707,0.30881832650463203,VERIFIED_DOCUMENTED_VINTAGES_PARTIAL_RELEASE_HISTORY,2025Q3
UMIDAS_USD,conservative,PERMISSIVE_END_OF_DAY,FIRST_RELEASE,POOLED_RESEARCH_ONLY,ALL,LEAVE_ONE_QUARTER_OUT,27,9,0.55696458218417799,0.43770944305220361,0.28427567589968761,VERIFIED_DOCUMENTED_VINTAGES_PARTIAL_RELEASE_HISTORY,2025Q3
UMIDAS_USD,conservative,PERMISSIVE_END_OF_DAY,FIRST_RELEASE,POOLED_RESEARCH_ONLY,H2_H3,LEAVE_ONE_QUARTER_OUT,18,9,0.61619414376612625,0.48767149666105936,0.28464469708787443,VERIFIED_DOCUMENTED_VINTAGES_PARTIAL_RELEASE_HISTORY,2025Q3
UMIDAS_USD,conservative,PERMISSIVE_END_OF_DAY,LATEST_REVISED,HISTORICAL_POST_DEVELOPMENT_TEST,H1,LEAVE_ONE_QUARTER_OUT,3,3,0.450581680830694,0.31322315050054367,0.19681361799214692,VERIFIED_DOCUMENTED_VINTAGES_PARTIAL_RELEASE_HISTORY,2025Q3
UMIDAS_USD,conservative,PERMISSIVE_END_OF_DAY,LATEST_REVISED,HISTORICAL_POST_DEVELOPMENT_TEST,H2,LEAVE_ONE_QUARTER_OUT,3,3,0.89489214082899216,0.82718073509479595,0.18704958475187894,VERIFIED_DOCUMENTED_VINTAGES_PARTIAL_RELEASE_HISTORY,2025Q3
UMIDAS_USD,conservative,PERMISSIVE_END_OF_DAY,LATEST_REVISED,HISTORICAL_POST_DEVELOPMENT_TEST,H3,LEAVE_ONE_QUARTER_OUT,3,3,0.90362034148432957,0.7391001250415391,0.20897793388640254,VERIFIED_DOCUMENTED_VINTAGES_PARTIAL_RELEASE_HISTORY,2025Q3
UMIDAS_USD,conservative,PERMISSIVE_END_OF_DAY,LATEST_REVISED,HISTORICAL_POST_DEVELOPMENT_TEST,ALL,LEAVE_ONE_QUARTER_OUT,9,3,0.77897058488793747,0.62650133687895959,0.19761371221014279,VERIFIED_DOCUMENTED_VINTAGES_PARTIAL_RELEASE_HISTORY,2025Q3
UMIDAS_USD,conservative,PERMISSIVE_END_OF_DAY,LATEST_REVISED,HISTORICAL_POST_DEVELOPMENT_TEST,H2_H3,LEAVE_ONE_QUARTER_OUT,6,3,0.89926683060751023,0.78314043006816758,0.19801375931914075,VERIFIED_DOCUMENTED_VINTAGES_PARTIAL_RELEASE_HISTORY,2025Q3
UMIDAS_USD,conservative,PERMISSIVE_END_OF_DAY,LATEST_REVISED,POOLED_RESEARCH_ONLY,H1,LEAVE_ONE_QUARTER_OUT,9,9,0.45868204277210273,0.38900747769277988,0.35020430018998094,VERIFIED_DOCUMENTED_VINTAGES_PARTIAL_RELEASE_HISTORY,2025Q3
UMIDAS_USD,conservative,PERMISSIVE_END_OF_DAY,LATEST_REVISED,POOLED_RESEARCH_ONLY,H2,LEAVE_ONE_QUARTER_OUT,9,9,0.6416888665069469,0.54688367290088924,0.32713773433778381,VERIFIED_DOCUMENTED_VINTAGES_PARTIAL_RELEASE_HISTORY,2025Q3
UMIDAS_USD,conservative,PERMISSIVE_END_OF_DAY,LATEST_REVISED,POOLED_RESEARCH_ONLY,H3,LEAVE_ONE_QUARTER_OUT,9,9,0.67624727654567096,0.56179265375456466,0.37548499317129902,VERIFIED_DOCUMENTED_VINTAGES_PARTIAL_RELEASE_HISTORY,2025Q3
UMIDAS_USD,conservative,PERMISSIVE_END_OF_DAY,LATEST_REVISED,POOLED_RESEARCH_ONLY,ALL,LEAVE_ONE_QUARTER_OUT,27,9,0.59985114731239697,0.49922793478274452,0.35094234256635459,VERIFIED_DOCUMENTED_VINTAGES_PARTIAL_RELEASE_HISTORY,2025Q3
UMIDAS_USD,conservative,PERMISSIVE_END_OF_DAY,LATEST_REVISED,POOLED_RESEARCH_ONLY,H2_H3,LEAVE_ONE_QUARTER_OUT,18,9,0.65919457690214933,0.55433816332772701,0.35131136375454142,VERIFIED_DOCUMENTED_VINTAGES_PARTIAL_RELEASE_HISTORY,2025Q3
UMIDAS_USD,conservative,STRICT,FIRST_RELEASE,HISTORICAL_POST_DEVELOPMENT_TEST,H1,LEAVE_ONE_QUARTER_OUT,3,3,0.45058168083069228,0.31322315050054339,0.19681361799214483,VERIFIED_DOCUMENTED_VINTAGES_PARTIAL_RELEASE_HISTORY,2025Q3
UMIDAS_USD,conservative,STRICT,FIRST_RELEASE,HISTORICAL_POST_DEVELOPMENT_TEST,H2,LEAVE_ONE_QUARTER_OUT,3,3,0.8948921408289916,0.82718073509479562,0.18704958475187686,VERIFIED_DOCUMENTED_VINTAGES_PARTIAL_RELEASE_HISTORY,2025Q3
UMIDAS_USD,conservative,STRICT,FIRST_RELEASE,HISTORICAL_POST_DEVELOPMENT_TEST,H3,LEAVE_ONE_QUARTER_OUT,3,3,0.90362034148432857,0.73910012504153888,0.20897793388640049,VERIFIED_DOCUMENTED_VINTAGES_PARTIAL_RELEASE_HISTORY,2025Q3
UMIDAS_USD,conservative,STRICT,FIRST_RELEASE,HISTORICAL_POST_DEVELOPMENT_TEST,ALL,LEAVE_ONE_QUARTER_OUT,9,3,0.77897058488793658,0.62650133687895926,0.19761371221014074,VERIFIED_DOCUMENTED_VINTAGES_PARTIAL_RELEASE_HISTORY,2025Q3
UMIDAS_USD,conservative,STRICT,FIRST_RELEASE,HISTORICAL_POST_DEVELOPMENT_TEST,H2_H3,LEAVE_ONE_QUARTER_OUT,6,3,0.89926683060750934,0.78314043006816725,0.19801375931913867,VERIFIED_DOCUMENTED_VINTAGES_PARTIAL_RELEASE_HISTORY,2025Q3
UMIDAS_USD,conservative,STRICT,FIRST_RELEASE,POOLED_RESEARCH_ONLY,H1,LEAVE_ONE_QUARTER_OUT,9,9,0.41380936649555045,0.33778533583449222,0.28353763352331396,VERIFIED_DOCUMENTED_VINTAGES_PARTIAL_RELEASE_HISTORY,2025Q3
UMIDAS_USD,conservative,STRICT,FIRST_RELEASE,POOLED_RESEARCH_ONLY,H2,LEAVE_ONE_QUARTER_OUT,9,9,0.60050131379039584,0.48021700623422159,0.26047106767111683,VERIFIED_DOCUMENTED_VINTAGES_PARTIAL_RELEASE_HISTORY,2025Q3
UMIDAS_USD,conservative,STRICT,FIRST_RELEASE,POOLED_RESEARCH_ONLY,H3,LEAVE_ONE_QUARTER_OUT,9,9,0.63149712411011627,0.49512598708789707,0.30881832650463203,VERIFIED_DOCUMENTED_VINTAGES_PARTIAL_RELEASE_HISTORY,2025Q3
UMIDAS_USD,conservative,STRICT,FIRST_RELEASE,POOLED_RESEARCH_ONLY,ALL,LEAVE_ONE_QUARTER_OUT,27,9,0.55696458218417799,0.43770944305220361,0.28427567589968761,VERIFIED_DOCUMENTED_VINTAGES_PARTIAL_RELEASE_HISTORY,2025Q3
UMIDAS_USD,conservative,STRICT,FIRST_RELEASE,POOLED_RESEARCH_ONLY,H2_H3,LEAVE_ONE_QUARTER_OUT,18,9,0.61619414376612625,0.48767149666105936,0.28464469708787443,VERIFIED_DOCUMENTED_VINTAGES_PARTIAL_RELEASE_HISTORY,2025Q3
UMIDAS_USD,conservative,STRICT,LATEST_REVISED,HISTORICAL_POST_DEVELOPMENT_TEST,H1,LEAVE_ONE_QUARTER_OUT,3,3,0.450581680830694,0.31322315050054367,0.19681361799214692,VERIFIED_DOCUMENTED_VINTAGES_PARTIAL_RELEASE_HISTORY,2025Q3
UMIDAS_USD,conservative,STRICT,LATEST_REVISED,HISTORICAL_POST_DEVELOPMENT_TEST,H2,LEAVE_ONE_QUARTER_OUT,3,3,0.89489214082899216,0.82718073509479595,0.18704958475187894,VERIFIED_DOCUMENTED_VINTAGES_PARTIAL_RELEASE_HISTORY,2025Q3
UMIDAS_USD,conservative,STRICT,LATEST_REVISED,HISTORICAL_POST_DEVELOPMENT_TEST,H3,LEAVE_ONE_QUARTER_OUT,3,3,0.90362034148432957,0.7391001250415391,0.20897793388640254,VERIFIED_DOCUMENTED_VINTAGES_PARTIAL_RELEASE_HISTORY,2025Q3
UMIDAS_USD,conservative,STRICT,LATEST_REVISED,HISTORICAL_POST_DEVELOPMENT_TEST,ALL,LEAVE_ONE_QUARTER_OUT,9,3,0.77897058488793747,0.62650133687895959,0.19761371221014279,VERIFIED_DOCUMENTED_VINTAGES_PARTIAL_RELEASE_HISTORY,2025Q3
UMIDAS_USD,conservative,STRICT,LATEST_REVISED,HISTORICAL_POST_DEVELOPMENT_TEST,H2_H3,LEAVE_ONE_QUARTER_OUT,6,3,0.89926683060751023,0.78314043006816758,0.19801375931914075,VERIFIED_DOCUMENTED_VINTAGES_PARTIAL_RELEASE_HISTORY,2025Q3
UMIDAS_USD,conservative,STRICT,LATEST_REVISED,POOLED_RESEARCH_ONLY,H1,LEAVE_ONE_QUARTER_OUT,9,9,0.45868204277210273,0.38900747769277988,0.35020430018998094,VERIFIED_DOCUMENTED_VINTAGES_PARTIAL_RELEASE_HISTORY,2025Q3
UMIDAS_USD,conservative,STRICT,LATEST_REVISED,POOLED_RESEARCH_ONLY,H2,LEAVE_ONE_QUARTER_OUT,9,9,0.6416888665069469,0.54688367290088924,0.32713773433778381,VERIFIED_DOCUMENTED_VINTAGES_PARTIAL_RELEASE_HISTORY,2025Q3
UMIDAS_USD,conservative,STRICT,LATEST_REVISED,POOLED_RESEARCH_ONLY,H3,LEAVE_ONE_QUARTER_OUT,9,9,0.67624727654567096,0.56179265375456466,0.37548499317129902,VERIFIED_DOCUMENTED_VINTAGES_PARTIAL_RELEASE_HISTORY,2025Q3
UMIDAS_USD,conservative,STRICT,LATEST_REVISED,POOLED_RESEARCH_ONLY,ALL,LEAVE_ONE_QUARTER_OUT,27,9,0.59985114731239697,0.49922793478274452,0.35094234256635459,VERIFIED_DOCUMENTED_VINTAGES_PARTIAL_RELEASE_HISTORY,2025Q3
UMIDAS_USD,conservative,STRICT,LATEST_REVISED,POOLED_RESEARCH_ONLY,H2_H3,LEAVE_ONE_QUARTER_OUT,18,9,0.65919457690214933,0.55433816332772701,0.35131136375454142,VERIFIED_DOCUMENTED_VINTAGES_PARTIAL_RELEASE_HISTORY,2025Q3
UMIDAS_USD,standard,PERMISSIVE_END_OF_DAY,FIRST_RELEASE,HISTORICAL_POST_DEVELOPMENT_TEST,H1,LEAVE_ONE_QUARTER_OUT,3,3,0.8948921408289916,0.82718073509479562,0.18704958475187686,VERIFIED_DOCUMENTED_VINTAGES_PARTIAL_RELEASE_HISTORY,2025Q3
UMIDAS_USD,standard,PERMISSIVE_END_OF_DAY,FIRST_RELEASE,HISTORICAL_POST_DEVELOPMENT_TEST,H2,LEAVE_ONE_QUARTER_OUT,3,3,0.90362034148432857,0.73910012504153888,0.20897793388640049,VERIFIED_DOCUMENTED_VINTAGES_PARTIAL_RELEASE_HISTORY,2025Q3
UMIDAS_USD,standard,PERMISSIVE_END_OF_DAY,FIRST_RELEASE,HISTORICAL_POST_DEVELOPMENT_TEST,H3,LEAVE_ONE_QUARTER_OUT,3,3,0.25926904488431818,0.22599015293071734,-0.04366454248302265,VERIFIED_DOCUMENTED_VINTAGES_PARTIAL_RELEASE_HISTORY,2025Q3
UMIDAS_USD,standard,PERMISSIVE_END_OF_DAY,FIRST_RELEASE,HISTORICAL_POST_DEVELOPMENT_TEST,ALL,LEAVE_ONE_QUARTER_OUT,9,3,0.74935129787858878,0.59742367102235061,0.11745432538508489,VERIFIED_DOCUMENTED_VINTAGES_PARTIAL_RELEASE_HISTORY,2025Q3
UMIDAS_USD,standard,PERMISSIVE_END_OF_DAY,FIRST_RELEASE,HISTORICAL_POST_DEVELOPMENT_TEST,H2_H3,LEAVE_ONE_QUARTER_OUT,6,3,0.66473684988101911,0.48254513898612811,0.082656695701688918,VERIFIED_DOCUMENTED_VINTAGES_PARTIAL_RELEASE_HISTORY,2025Q3
UMIDAS_USD,standard,PERMISSIVE_END_OF_DAY,FIRST_RELEASE,POOLED_RESEARCH_ONLY,H1,LEAVE_ONE_QUARTER_OUT,9,9,0.60050131379039584,0.48021700623422159,0.26047106767111683,VERIFIED_DOCUMENTED_VINTAGES_PARTIAL_RELEASE_HISTORY,2025Q3
UMIDAS_USD,standard,PERMISSIVE_END_OF_DAY,FIRST_RELEASE,POOLED_RESEARCH_ONLY,H2,LEAVE_ONE_QUARTER_OUT,9,9,0.63149712411011627,0.49512598708789707,0.30881832650463203,VERIFIED_DOCUMENTED_VINTAGES_PARTIAL_RELEASE_HISTORY,2025Q3
UMIDAS_USD,standard,PERMISSIVE_END_OF_DAY,FIRST_RELEASE,POOLED_RESEARCH_ONLY,H3,LEAVE_ONE_QUARTER_OUT,9,9,0.50495267277971745,0.32953591357136514,-0.066307266719581551,VERIFIED_DOCUMENTED_VINTAGES_PARTIAL_RELEASE_HISTORY,2025Q3
UMIDAS_USD,standard,PERMISSIVE_END_OF_DAY,FIRST_RELEASE,POOLED_RESEARCH_ONLY,ALL,LEAVE_ONE_QUARTER_OUT,27,9,0.58148306004867689,0.43495963563116125,0.16766070915205575,VERIFIED_DOCUMENTED_VINTAGES_PARTIAL_RELEASE_HISTORY,2025Q3
UMIDAS_USD,standard,PERMISSIVE_END_OF_DAY,FIRST_RELEASE,POOLED_RESEARCH_ONLY,H2_H3,LEAVE_ONE_QUARTER_OUT,18,9,0.57173674864693091,0.41233095032963107,0.12125552989252524,VERIFIED_DOCUMENTED_VINTAGES_PARTIAL_RELEASE_HISTORY,2025Q3
UMIDAS_USD,standard,PERMISSIVE_END_OF_DAY,LATEST_REVISED,HISTORICAL_POST_DEVELOPMENT_TEST,H1,LEAVE_ONE_QUARTER_OUT,3,3,0.89489214082899216,0.82718073509479595,0.18704958475187894,VERIFIED_DOCUMENTED_VINTAGES_PARTIAL_RELEASE_HISTORY,2025Q3
UMIDAS_USD,standard,PERMISSIVE_END_OF_DAY,LATEST_REVISED,HISTORICAL_POST_DEVELOPMENT_TEST,H2,LEAVE_ONE_QUARTER_OUT,3,3,0.90362034148432957,0.7391001250415391,0.20897793388640254,VERIFIED_DOCUMENTED_VINTAGES_PARTIAL_RELEASE_HISTORY,2025Q3
UMIDAS_USD,standard,PERMISSIVE_END_OF_DAY,LATEST_REVISED,HISTORICAL_POST_DEVELOPMENT_TEST,H3,LEAVE_ONE_QUARTER_OUT,3,3,0.25926904488431751,0.22599015293071764,-0.043664542483020576,VERIFIED_DOCUMENTED_VINTAGES_PARTIAL_RELEASE_HISTORY,2025Q3
UMIDAS_USD,standard,PERMISSIVE_END_OF_DAY,LATEST_REVISED,HISTORICAL_POST_DEVELOPMENT_TEST,ALL,LEAVE_ONE_QUARTER_OUT,9,3,0.74935129787858934,0.59742367102235094,0.11745432538508697,VERIFIED_DOCUMENTED_VINTAGES_PARTIAL_RELEASE_HISTORY,2025Q3
UMIDAS_USD,standard,PERMISSIVE_END_OF_DAY,LATEST_REVISED,HISTORICAL_POST_DEVELOPMENT_TEST,H2_H3,LEAVE_ONE_QUARTER_OUT,6,3,0.66473684988101966,0.48254513898612839,0.082656695701690985,VERIFIED_DOCUMENTED_VINTAGES_PARTIAL_RELEASE_HISTORY,2025Q3
UMIDAS_USD,standard,PERMISSIVE_END_OF_DAY,LATEST_REVISED,POOLED_RESEARCH_ONLY,H1,LEAVE_ONE_QUARTER_OUT,9,9,0.6416888665069469,0.54688367290088924,0.32713773433778381,VERIFIED_DOCUMENTED_VINTAGES_PARTIAL_RELEASE_HISTORY,2025Q3
UMIDAS_USD,standard,PERMISSIVE_END_OF_DAY,LATEST_REVISED,POOLED_RESEARCH_ONLY,H2,LEAVE_ONE_QUARTER_OUT,9,9,0.67624727654567096,0.56179265375456466,0.37548499317129902,VERIFIED_DOCUMENTED_VINTAGES_PARTIAL_RELEASE_HISTORY,2025Q3
UMIDAS_USD,standard,PERMISSIVE_END_OF_DAY,LATEST_REVISED,POOLED_RESEARCH_ONLY,H3,LEAVE_ONE_QUARTER_OUT,9,9,0.54353607297432216,0.39620258023803218,0.00035939994708547276,VERIFIED_DOCUMENTED_VINTAGES_PARTIAL_RELEASE_HISTORY,2025Q3
UMIDAS_USD,standard,PERMISSIVE_END_OF_DAY,LATEST_REVISED,POOLED_RESEARCH_ONLY,ALL,LEAVE_ONE_QUARTER_OUT,27,9,0.62303195291487123,0.50162630229782867,0.23432737581872279,VERIFIED_DOCUMENTED_VINTAGES_PARTIAL_RELEASE_HISTORY,2025Q3
UMIDAS_USD,standard,PERMISSIVE_END_OF_DAY,LATEST_REVISED,POOLED_RESEARCH_ONLY,H2_H3,LEAVE_ONE_QUARTER_OUT,18,9,0.61349076670304703,0.47899761699629839,0.18792219655919226,VERIFIED_DOCUMENTED_VINTAGES_PARTIAL_RELEASE_HISTORY,2025Q3
UMIDAS_USD,standard,STRICT,FIRST_RELEASE,HISTORICAL_POST_DEVELOPMENT_TEST,H1,LEAVE_ONE_QUARTER_OUT,3,3,0.8948921408289916,0.82718073509479562,0.18704958475187686,VERIFIED_DOCUMENTED_VINTAGES_PARTIAL_RELEASE_HISTORY,2025Q3
UMIDAS_USD,standard,STRICT,FIRST_RELEASE,HISTORICAL_POST_DEVELOPMENT_TEST,H2,LEAVE_ONE_QUARTER_OUT,3,3,0.90362034148432857,0.73910012504153888,0.20897793388640049,VERIFIED_DOCUMENTED_VINTAGES_PARTIAL_RELEASE_HISTORY,2025Q3
UMIDAS_USD,standard,STRICT,FIRST_RELEASE,HISTORICAL_POST_DEVELOPMENT_TEST,H3,LEAVE_ONE_QUARTER_OUT,3,3,0.25926904488431818,0.22599015293071734,-0.04366454248302265,VERIFIED_DOCUMENTED_VINTAGES_PARTIAL_RELEASE_HISTORY,2025Q3
UMIDAS_USD,standard,STRICT,FIRST_RELEASE,HISTORICAL_POST_DEVELOPMENT_TEST,ALL,LEAVE_ONE_QUARTER_OUT,9,3,0.74935129787858878,0.59742367102235061,0.11745432538508489,VERIFIED_DOCUMENTED_VINTAGES_PARTIAL_RELEASE_HISTORY,2025Q3
UMIDAS_USD,standard,STRICT,FIRST_RELEASE,HISTORICAL_POST_DEVELOPMENT_TEST,H2_H3,LEAVE_ONE_QUARTER_OUT,6,3,0.66473684988101911,0.48254513898612811,0.082656695701688918,VERIFIED_DOCUMENTED_VINTAGES_PARTIAL_RELEASE_HISTORY,2025Q3
UMIDAS_USD,standard,STRICT,FIRST_RELEASE,POOLED_RESEARCH_ONLY,H1,LEAVE_ONE_QUARTER_OUT,9,9,0.60050131379039584,0.48021700623422159,0.26047106767111683,VERIFIED_DOCUMENTED_VINTAGES_PARTIAL_RELEASE_HISTORY,2025Q3
UMIDAS_USD,standard,STRICT,FIRST_RELEASE,POOLED_RESEARCH_ONLY,H2,LEAVE_ONE_QUARTER_OUT,9,9,0.63149712411011627,0.49512598708789707,0.30881832650463203,VERIFIED_DOCUMENTED_VINTAGES_PARTIAL_RELEASE_HISTORY,2025Q3
UMIDAS_USD,standard,STRICT,FIRST_RELEASE,POOLED_RESEARCH_ONLY,H3,LEAVE_ONE_QUARTER_OUT,9,9,0.50495267277971745,0.32953591357136514,-0.066307266719581551,VERIFIED_DOCUMENTED_VINTAGES_PARTIAL_RELEASE_HISTORY,2025Q3
UMIDAS_USD,standard,STRICT,FIRST_RELEASE,POOLED_RESEARCH_ONLY,ALL,LEAVE_ONE_QUARTER_OUT,27,9,0.58148306004867689,0.43495963563116125,0.16766070915205575,VERIFIED_DOCUMENTED_VINTAGES_PARTIAL_RELEASE_HISTORY,2025Q3
UMIDAS_USD,standard,STRICT,FIRST_RELEASE,POOLED_RESEARCH_ONLY,H2_H3,LEAVE_ONE_QUARTER_OUT,18,9,0.57173674864693091,0.41233095032963107,0.12125552989252524,VERIFIED_DOCUMENTED_VINTAGES_PARTIAL_RELEASE_HISTORY,2025Q3
UMIDAS_USD,standard,STRICT,LATEST_REVISED,HISTORICAL_POST_DEVELOPMENT_TEST,H1,LEAVE_ONE_QUARTER_OUT,3,3,0.89489214082899216,0.82718073509479595,0.18704958475187894,VERIFIED_DOCUMENTED_VINTAGES_PARTIAL_RELEASE_HISTORY,2025Q3
UMIDAS_USD,standard,STRICT,LATEST_REVISED,HISTORICAL_POST_DEVELOPMENT_TEST,H2,LEAVE_ONE_QUARTER_OUT,3,3,0.90362034148432957,0.7391001250415391,0.20897793388640254,VERIFIED_DOCUMENTED_VINTAGES_PARTIAL_RELEASE_HISTORY,2025Q3
UMIDAS_USD,standard,STRICT,LATEST_REVISED,HISTORICAL_POST_DEVELOPMENT_TEST,H3,LEAVE_ONE_QUARTER_OUT,3,3,0.25926904488431751,0.22599015293071764,-0.043664542483020576,VERIFIED_DOCUMENTED_VINTAGES_PARTIAL_RELEASE_HISTORY,2025Q3
UMIDAS_USD,standard,STRICT,LATEST_REVISED,HISTORICAL_POST_DEVELOPMENT_TEST,ALL,LEAVE_ONE_QUARTER_OUT,9,3,0.74935129787858934,0.59742367102235094,0.11745432538508697,VERIFIED_DOCUMENTED_VINTAGES_PARTIAL_RELEASE_HISTORY,2025Q3
UMIDAS_USD,standard,STRICT,LATEST_REVISED,HISTORICAL_POST_DEVELOPMENT_TEST,H2_H3,LEAVE_ONE_QUARTER_OUT,6,3,0.66473684988101966,0.48254513898612839,0.082656695701690985,VERIFIED_DOCUMENTED_VINTAGES_PARTIAL_RELEASE_HISTORY,2025Q3
UMIDAS_USD,standard,STRICT,LATEST_REVISED,POOLED_RESEARCH_ONLY,H1,LEAVE_ONE_QUARTER_OUT,9,9,0.6416888665069469,0.54688367290088924,0.32713773433778381,VERIFIED_DOCUMENTED_VINTAGES_PARTIAL_RELEASE_HISTORY,2025Q3
UMIDAS_USD,standard,STRICT,LATEST_REVISED,POOLED_RESEARCH_ONLY,H2,LEAVE_ONE_QUARTER_OUT,9,9,0.67624727654567096,0.56179265375456466,0.37548499317129902,VERIFIED_DOCUMENTED_VINTAGES_PARTIAL_RELEASE_HISTORY,2025Q3
UMIDAS_USD,standard,STRICT,LATEST_REVISED,POOLED_RESEARCH_ONLY,H3,LEAVE_ONE_QUARTER_OUT,9,9,0.54353607297432216,0.39620258023803218,0.00035939994708547276,VERIFIED_DOCUMENTED_VINTAGES_PARTIAL_RELEASE_HISTORY,2025Q3
UMIDAS_USD,standard,STRICT,LATEST_REVISED,POOLED_RESEARCH_ONLY,ALL,LEAVE_ONE_QUARTER_OUT,27,9,0.62303195291487123,0.50162630229782867,0.23432737581872279,VERIFIED_DOCUMENTED_VINTAGES_PARTIAL_RELEASE_HISTORY,2025Q3
UMIDAS_USD,standard,STRICT,LATEST_REVISED,POOLED_RESEARCH_ONLY,H2_H3,LEAVE_ONE_QUARTER_OUT,18,9,0.61349076670304703,0.47899761699629839,0.18792219655919226,VERIFIED_DOCUMENTED_VINTAGES_PARTIAL_RELEASE_HISTORY,2025Q3
COMBO_B,conservative,PERMISSIVE_END_OF_DAY,FIRST_RELEASE,HISTORICAL_POST_DEVELOPMENT_TEST,H1,LEAVE_ONE_QUARTER_OUT,3,3,0.71567407071601896,0.60333007129927074,0.60333007129927074,VERIFIED_DOCUMENTED_VINTAGES_PARTIAL_RELEASE_HISTORY,2025Q4
COMBO_B,conservative,PERMISSIVE_END_OF_DAY,FIRST_RELEASE,HISTORICAL_POST_DEVELOPMENT_TEST,H2,LEAVE_ONE_QUARTER_OUT,3,3,0.90669599189102823,0.83326506826635571,0.83326506826635571,VERIFIED_DOCUMENTED_VINTAGES_PARTIAL_RELEASE_HISTORY,2025Q4
COMBO_B,conservative,PERMISSIVE_END_OF_DAY,FIRST_RELEASE,HISTORICAL_POST_DEVELOPMENT_TEST,H3,LEAVE_ONE_QUARTER_OUT,3,3,0.90598533821475202,0.78510318273938606,0.78510318273938606,VERIFIED_DOCUMENTED_VINTAGES_PARTIAL_RELEASE_HISTORY,2025Q4
COMBO_B,conservative,PERMISSIVE_END_OF_DAY,FIRST_RELEASE,HISTORICAL_POST_DEVELOPMENT_TEST,ALL,LEAVE_ONE_QUARTER_OUT,9,3,0.84756443811401772,0.74056610743500417,0.74056610743500417,VERIFIED_DOCUMENTED_VINTAGES_PARTIAL_RELEASE_HISTORY,2025Q4
COMBO_B,conservative,PERMISSIVE_END_OF_DAY,FIRST_RELEASE,HISTORICAL_POST_DEVELOPMENT_TEST,H2_H3,LEAVE_ONE_QUARTER_OUT,6,3,0.90634073470504306,0.80918412550287089,0.80918412550287089,VERIFIED_DOCUMENTED_VINTAGES_PARTIAL_RELEASE_HISTORY,2025Q4
COMBO_B,conservative,PERMISSIVE_END_OF_DAY,FIRST_RELEASE,POOLED_RESEARCH_ONLY,H1,LEAVE_ONE_QUARTER_OUT,9,9,0.4930140186336438,0.37773587903038969,0.37408507175704586,VERIFIED_DOCUMENTED_VINTAGES_PARTIAL_RELEASE_HISTORY,2025Q4
COMBO_B,conservative,PERMISSIVE_END_OF_DAY,FIRST_RELEASE,POOLED_RESEARCH_ONLY,H2,LEAVE_ONE_QUARTER_OUT,9,9,0.58260301576864526,0.44904624840660001,0.44904624840660001,VERIFIED_DOCUMENTED_VINTAGES_PARTIAL_RELEASE_HISTORY,2025Q4
COMBO_B,conservative,PERMISSIVE_END_OF_DAY,FIRST_RELEASE,POOLED_RESEARCH_ONLY,H3,LEAVE_ONE_QUARTER_OUT,9,9,0.60607285897881058,0.47929494983763138,0.39459399781093829,VERIFIED_DOCUMENTED_VINTAGES_PARTIAL_RELEASE_HISTORY,2025Q4
COMBO_B,conservative,PERMISSIVE_END_OF_DAY,FIRST_RELEASE,POOLED_RESEARCH_ONLY,ALL,LEAVE_ONE_QUARTER_OUT,27,9,0.56267616706318879,0.43535902575820706,0.40590843932486137,VERIFIED_DOCUMENTED_VINTAGES_PARTIAL_RELEASE_HISTORY,2025Q4
COMBO_B,conservative,PERMISSIVE_END_OF_DAY,FIRST_RELEASE,POOLED_RESEARCH_ONLY,H2_H3,LEAVE_ONE_QUARTER_OUT,18,9,0.59445377632473217,0.46417059912211578,0.42182012310876915,VERIFIED_DOCUMENTED_VINTAGES_PARTIAL_RELEASE_HISTORY,2025Q4
COMBO_B,conservative,PERMISSIVE_END_OF_DAY,LATEST_REVISED,HISTORICAL_POST_DEVELOPMENT_TEST,H1,LEAVE_ONE_QUARTER_OUT,3,3,0.71567407071602007,0.60333007129927019,0.60333007129927019,VERIFIED_DOCUMENTED_VINTAGES_PARTIAL_RELEASE_HISTORY,2025Q4
COMBO_B,conservative,PERMISSIVE_END_OF_DAY,LATEST_REVISED,HISTORICAL_POST_DEVELOPMENT_TEST,H2,LEAVE_ONE_QUARTER_OUT,3,3,0.90669599189102879,0.83326506826635516,0.83326506826635516,VERIFIED_DOCUMENTED_VINTAGES_PARTIAL_RELEASE_HISTORY,2025Q4
COMBO_B,conservative,PERMISSIVE_END_OF_DAY,LATEST_REVISED,HISTORICAL_POST_DEVELOPMENT_TEST,H3,LEAVE_ONE_QUARTER_OUT,3,3,0.90598533821475269,0.7851031827393854,0.7851031827393854,VERIFIED_DOCUMENTED_VINTAGES_PARTIAL_RELEASE_HISTORY,2025Q4
COMBO_B,conservative,PERMISSIVE_END_OF_DAY,LATEST_REVISED,HISTORICAL_POST_DEVELOPMENT_TEST,ALL,LEAVE_ONE_QUARTER_OUT,9,3,0.84756443811401849,0.74056610743500362,0.74056610743500362,VERIFIED_DOCUMENTED_VINTAGES_PARTIAL_RELEASE_HISTORY,2025Q4
COMBO_B,conservative,PERMISSIVE_END_OF_DAY,LATEST_REVISED,HISTORICAL_POST_DEVELOPMENT_TEST,H2_H3,LEAVE_ONE_QUARTER_OUT,6,3,0.90634073470504362,0.80918412550287033,0.80918412550287033,VERIFIED_DOCUMENTED_VINTAGES_PARTIAL_RELEASE_HISTORY,2025Q4
COMBO_B,conservative,PERMISSIVE_END_OF_DAY,LATEST_REVISED,POOLED_RESEARCH_ONLY,H1,LEAVE_ONE_QUARTER_OUT,9,9,0.5182018990709234,0.44075173842371196,0.44075173842371196,VERIFIED_DOCUMENTED_VINTAGES_PARTIAL_RELEASE_HISTORY,2025Q4
COMBO_B,conservative,PERMISSIVE_END_OF_DAY,LATEST_REVISED,POOLED_RESEARCH_ONLY,H2,LEAVE_ONE_QUARTER_OUT,9,9,0.61215325094725048,0.51571291507326622,0.51571291507326622,VERIFIED_DOCUMENTED_VINTAGES_PARTIAL_RELEASE_HISTORY,2025Q4
COMBO_B,conservative,PERMISSIVE_END_OF_DAY,LATEST_REVISED,POOLED_RESEARCH_ONLY,H3,LEAVE_ONE_QUARTER_OUT,9,9,0.61644226856538864,0.50151717205985191,0.46126066447760444,VERIFIED_DOCUMENTED_VINTAGES_PARTIAL_RELEASE_HISTORY,2025Q4
COMBO_B,conservative,PERMISSIVE_END_OF_DAY,LATEST_REVISED,POOLED_RESEARCH_ONLY,ALL,LEAVE_ONE_QUARTER_OUT,27,9,0.58402793349863025,0.48599394185227668,0.47257510599152752,VERIFIED_DOCUMENTED_VINTAGES_PARTIAL_RELEASE_HISTORY,2025Q4
COMBO_B,conservative,PERMISSIVE_END_OF_DAY,LATEST_REVISED,POOLED_RESEARCH_ONLY,H2_H3,LEAVE_ONE_QUARTER_OUT,18,9,0.61430150297688924,0.50861504356655907,0.48848678977543536,VERIFIED_DOCUMENTED_VINTAGES_PARTIAL_RELEASE_HISTORY,2025Q4
COMBO_B,conservative,STRICT,FIRST_RELEASE,HISTORICAL_POST_DEVELOPMENT_TEST,H1,LEAVE_ONE_QUARTER_OUT,3,3,0.71567407071601896,0.60333007129927074,0.60333007129927074,VERIFIED_DOCUMENTED_VINTAGES_PARTIAL_RELEASE_HISTORY,2025Q4
COMBO_B,conservative,STRICT,FIRST_RELEASE,HISTORICAL_POST_DEVELOPMENT_TEST,H2,LEAVE_ONE_QUARTER_OUT,3,3,0.90669599189102823,0.83326506826635571,0.83326506826635571,VERIFIED_DOCUMENTED_VINTAGES_PARTIAL_RELEASE_HISTORY,2025Q4
COMBO_B,conservative,STRICT,FIRST_RELEASE,HISTORICAL_POST_DEVELOPMENT_TEST,H3,LEAVE_ONE_QUARTER_OUT,3,3,0.90598533821475202,0.78510318273938606,0.78510318273938606,VERIFIED_DOCUMENTED_VINTAGES_PARTIAL_RELEASE_HISTORY,2025Q4
COMBO_B,conservative,STRICT,FIRST_RELEASE,HISTORICAL_POST_DEVELOPMENT_TEST,ALL,LEAVE_ONE_QUARTER_OUT,9,3,0.84756443811401772,0.74056610743500417,0.74056610743500417,VERIFIED_DOCUMENTED_VINTAGES_PARTIAL_RELEASE_HISTORY,2025Q4
COMBO_B,conservative,STRICT,FIRST_RELEASE,HISTORICAL_POST_DEVELOPMENT_TEST,H2_H3,LEAVE_ONE_QUARTER_OUT,6,3,0.90634073470504306,0.80918412550287089,0.80918412550287089,VERIFIED_DOCUMENTED_VINTAGES_PARTIAL_RELEASE_HISTORY,2025Q4
COMBO_B,conservative,STRICT,FIRST_RELEASE,POOLED_RESEARCH_ONLY,H1,LEAVE_ONE_QUARTER_OUT,9,9,0.4930140186336438,0.37773587903038969,0.37408507175704586,VERIFIED_DOCUMENTED_VINTAGES_PARTIAL_RELEASE_HISTORY,2025Q4
COMBO_B,conservative,STRICT,FIRST_RELEASE,POOLED_RESEARCH_ONLY,H2,LEAVE_ONE_QUARTER_OUT,9,9,0.58260301576864526,0.44904624840660001,0.44904624840660001,VERIFIED_DOCUMENTED_VINTAGES_PARTIAL_RELEASE_HISTORY,2025Q4
COMBO_B,conservative,STRICT,FIRST_RELEASE,POOLED_RESEARCH_ONLY,H3,LEAVE_ONE_QUARTER_OUT,9,9,0.60607285897881058,0.47929494983763138,0.39459399781093829,VERIFIED_DOCUMENTED_VINTAGES_PARTIAL_RELEASE_HISTORY,2025Q4
COMBO_B,conservative,STRICT,FIRST_RELEASE,POOLED_RESEARCH_ONLY,ALL,LEAVE_ONE_QUARTER_OUT,27,9,0.56267616706318879,0.43535902575820706,0.40590843932486137,VERIFIED_DOCUMENTED_VINTAGES_PARTIAL_RELEASE_HISTORY,2025Q4
COMBO_B,conservative,STRICT,FIRST_RELEASE,POOLED_RESEARCH_ONLY,H2_H3,LEAVE_ONE_QUARTER_OUT,18,9,0.59445377632473217,0.46417059912211578,0.42182012310876915,VERIFIED_DOCUMENTED_VINTAGES_PARTIAL_RELEASE_HISTORY,2025Q4
COMBO_B,conservative,STRICT,LATEST_REVISED,HISTORICAL_POST_DEVELOPMENT_TEST,H1,LEAVE_ONE_QUARTER_OUT,3,3,0.71567407071602007,0.60333007129927019,0.60333007129927019,VERIFIED_DOCUMENTED_VINTAGES_PARTIAL_RELEASE_HISTORY,2025Q4
COMBO_B,conservative,STRICT,LATEST_REVISED,HISTORICAL_POST_DEVELOPMENT_TEST,H2,LEAVE_ONE_QUARTER_OUT,3,3,0.90669599189102879,0.83326506826635516,0.83326506826635516,VERIFIED_DOCUMENTED_VINTAGES_PARTIAL_RELEASE_HISTORY,2025Q4
COMBO_B,conservative,STRICT,LATEST_REVISED,HISTORICAL_POST_DEVELOPMENT_TEST,H3,LEAVE_ONE_QUARTER_OUT,3,3,0.90598533821475269,0.7851031827393854,0.7851031827393854,VERIFIED_DOCUMENTED_VINTAGES_PARTIAL_RELEASE_HISTORY,2025Q4
COMBO_B,conservative,STRICT,LATEST_REVISED,HISTORICAL_POST_DEVELOPMENT_TEST,ALL,LEAVE_ONE_QUARTER_OUT,9,3,0.84756443811401849,0.74056610743500362,0.74056610743500362,VERIFIED_DOCUMENTED_VINTAGES_PARTIAL_RELEASE_HISTORY,2025Q4
COMBO_B,conservative,STRICT,LATEST_REVISED,HISTORICAL_POST_DEVELOPMENT_TEST,H2_H3,LEAVE_ONE_QUARTER_OUT,6,3,0.90634073470504362,0.80918412550287033,0.80918412550287033,VERIFIED_DOCUMENTED_VINTAGES_PARTIAL_RELEASE_HISTORY,2025Q4
COMBO_B,conservative,STRICT,LATEST_REVISED,POOLED_RESEARCH_ONLY,H1,LEAVE_ONE_QUARTER_OUT,9,9,0.5182018990709234,0.44075173842371196,0.44075173842371196,VERIFIED_DOCUMENTED_VINTAGES_PARTIAL_RELEASE_HISTORY,2025Q4
COMBO_B,conservative,STRICT,LATEST_REVISED,POOLED_RESEARCH_ONLY,H2,LEAVE_ONE_QUARTER_OUT,9,9,0.61215325094725048,0.51571291507326622,0.51571291507326622,VERIFIED_DOCUMENTED_VINTAGES_PARTIAL_RELEASE_HISTORY,2025Q4
COMBO_B,conservative,STRICT,LATEST_REVISED,POOLED_RESEARCH_ONLY,H3,LEAVE_ONE_QUARTER_OUT,9,9,0.61644226856538864,0.50151717205985191,0.46126066447760444,VERIFIED_DOCUMENTED_VINTAGES_PARTIAL_RELEASE_HISTORY,2025Q4
COMBO_B,conservative,STRICT,LATEST_REVISED,POOLED_RESEARCH_ONLY,ALL,LEAVE_ONE_QUARTER_OUT,27,9,0.58402793349863025,0.48599394185227668,0.47257510599152752,VERIFIED_DOCUMENTED_VINTAGES_PARTIAL_RELEASE_HISTORY,2025Q4
COMBO_B,conservative,STRICT,LATEST_REVISED,POOLED_RESEARCH_ONLY,H2_H3,LEAVE_ONE_QUARTER_OUT,18,9,0.61430150297688924,0.50861504356655907,0.48848678977543536,VERIFIED_DOCUMENTED_VINTAGES_PARTIAL_RELEASE_HISTORY,2025Q4
COMBO_B,standard,PERMISSIVE_END_OF_DAY,FIRST_RELEASE,HISTORICAL_POST_DEVELOPMENT_TEST,H1,LEAVE_ONE_QUARTER_OUT,3,3,0.89318708722133477,0.81392707158173516,0.81392707158173516,VERIFIED_DOCUMENTED_VINTAGES_PARTIAL_RELEASE_HISTORY,2025Q4
COMBO_B,standard,PERMISSIVE_END_OF_DAY,FIRST_RELEASE,HISTORICAL_POST_DEVELOPMENT_TEST,H2,LEAVE_ONE_QUARTER_OUT,3,3,0.89264434637672496,0.76462632524687668,0.76462632524687668,VERIFIED_DOCUMENTED_VINTAGES_PARTIAL_RELEASE_HISTORY,2025Q4
COMBO_B,standard,PERMISSIVE_END_OF_DAY,FIRST_RELEASE,HISTORICAL_POST_DEVELOPMENT_TEST,H3,LEAVE_ONE_QUARTER_OUT,3,3,0.51322341584884801,0.42789477166464085,0.42789477166464085,VERIFIED_DOCUMENTED_VINTAGES_PARTIAL_RELEASE_HISTORY,2025Q4
COMBO_B,standard,PERMISSIVE_END_OF_DAY,FIRST_RELEASE,HISTORICAL_POST_DEVELOPMENT_TEST,ALL,LEAVE_ONE_QUARTER_OUT,9,3,0.78697636060914022,0.66881605616441753,0.66881605616441753,VERIFIED_DOCUMENTED_VINTAGES_PARTIAL_RELEASE_HISTORY,2025Q4
COMBO_B,standard,PERMISSIVE_END_OF_DAY,FIRST_RELEASE,HISTORICAL_POST_DEVELOPMENT_TEST,H2_H3,LEAVE_ONE_QUARTER_OUT,6,3,0.72808385632902539,0.59626054845575871,0.59626054845575871,VERIFIED_DOCUMENTED_VINTAGES_PARTIAL_RELEASE_HISTORY,2025Q4
COMBO_B,standard,PERMISSIVE_END_OF_DAY,FIRST_RELEASE,POOLED_RESEARCH_ONLY,H1,LEAVE_ONE_QUARTER_OUT,9,9,0.57018831294845485,0.4313675793127511,0.4313675793127511,VERIFIED_DOCUMENTED_VINTAGES_PARTIAL_RELEASE_HISTORY,2025Q4
COMBO_B,standard,PERMISSIVE_END_OF_DAY,FIRST_RELEASE,POOLED_RESEARCH_ONLY,H2,LEAVE_ONE_QUARTER_OUT,9,9,0.57479199739629949,0.42224110421934191,0.40169832428547536,VERIFIED_DOCUMENTED_VINTAGES_PARTIAL_RELEASE_HISTORY,2025Q4
COMBO_B,standard,PERMISSIVE_END_OF_DAY,FIRST_RELEASE,POOLED_RESEARCH_ONLY,H3,LEAVE_ONE_QUARTER_OUT,9,9,0.36212565618092907,0.28891010453017452,0.12323395250130452,VERIFIED_DOCUMENTED_VINTAGES_PARTIAL_RELEASE_HISTORY,2025Q4
COMBO_B,standard,PERMISSIVE_END_OF_DAY,FIRST_RELEASE,POOLED_RESEARCH_ONLY,ALL,LEAVE_ONE_QUARTER_OUT,27,9,0.51206625331699052,0.38083959602075584,0.31876661869984368,VERIFIED_DOCUMENTED_VINTAGES_PARTIAL_RELEASE_HISTORY,2025Q4
COMBO_B,standard,PERMISSIVE_END_OF_DAY,FIRST_RELEASE,POOLED_RESEARCH_ONLY,H2_H3,LEAVE_ONE_QUARTER_OUT,18,9,0.48037528617493219,0.35557560437475821,0.26246613839338995,VERIFIED_DOCUMENTED_VINTAGES_PARTIAL_RELEASE_HISTORY,2025Q4
COMBO_B,standard,PERMISSIVE_END_OF_DAY,LATEST_REVISED,HISTORICAL_POST_DEVELOPMENT_TEST,H1,LEAVE_ONE_QUARTER_OUT,3,3,0.89318708722133533,0.8139270715817345,0.8139270715817345,VERIFIED_DOCUMENTED_VINTAGES_PARTIAL_RELEASE_HISTORY,2025Q4
COMBO_B,standard,PERMISSIVE_END_OF_DAY,LATEST_REVISED,HISTORICAL_POST_DEVELOPMENT_TEST,H2,LEAVE_ONE_QUARTER_OUT,3,3,0.89264434637672574,0.76462632524687602,0.76462632524687602,VERIFIED_DOCUMENTED_VINTAGES_PARTIAL_RELEASE_HISTORY,2025Q4
COMBO_B,standard,PERMISSIVE_END_OF_DAY,LATEST_REVISED,HISTORICAL_POST_DEVELOPMENT_TEST,H3,LEAVE_ONE_QUARTER_OUT,3,3,0.51322341584884945,0.42789477166464024,0.42789477166464024,VERIFIED_DOCUMENTED_VINTAGES_PARTIAL_RELEASE_HISTORY,2025Q4
COMBO_B,standard,PERMISSIVE_END_OF_DAY,LATEST_REVISED,HISTORICAL_POST_DEVELOPMENT_TEST,ALL,LEAVE_ONE_QUARTER_OUT,9,3,0.786976360609141,0.66881605616441697,0.66881605616441697,VERIFIED_DOCUMENTED_VINTAGES_PARTIAL_RELEASE_HISTORY,2025Q4
COMBO_B,standard,PERMISSIVE_END_OF_DAY,LATEST_REVISED,HISTORICAL_POST_DEVELOPMENT_TEST,H2_H3,LEAVE_ONE_QUARTER_OUT,6,3,0.7280838563290265,0.59626054845575815,0.59626054845575815,VERIFIED_DOCUMENTED_VINTAGES_PARTIAL_RELEASE_HISTORY,2025Q4
COMBO_B,standard,PERMISSIVE_END_OF_DAY,LATEST_REVISED,POOLED_RESEARCH_ONLY,H1,LEAVE_ONE_QUARTER_OUT,9,9,0.59785582876299614,0.4980342459794172,0.4980342459794172,VERIFIED_DOCUMENTED_VINTAGES_PARTIAL_RELEASE_HISTORY,2025Q4
COMBO_B,standard,PERMISSIVE_END_OF_DAY,LATEST_REVISED,POOLED_RESEARCH_ONLY,H2,LEAVE_ONE_QUARTER_OUT,9,9,0.59784952150888337,0.46836499095214151,0.46836499095214151,VERIFIED_DOCUMENTED_VINTAGES_PARTIAL_RELEASE_HISTORY,2025Q4
COMBO_B,standard,PERMISSIVE_END_OF_DAY,LATEST_REVISED,POOLED_RESEARCH_ONLY,H3,LEAVE_ONE_QUARTER_OUT,9,9,0.37009200217576477,0.31113232675239438,0.18990061916797066,VERIFIED_DOCUMENTED_VINTAGES_PARTIAL_RELEASE_HISTORY,2025Q4
COMBO_B,standard,PERMISSIVE_END_OF_DAY,LATEST_REVISED,POOLED_RESEARCH_ONLY,ALL,LEAVE_ONE_QUARTER_OUT,27,9,0.5328613742268421,0.42584385456131774,0.38543328536650978,VERIFIED_DOCUMENTED_VINTAGES_PARTIAL_RELEASE_HISTORY,2025Q4
COMBO_B,standard,PERMISSIVE_END_OF_DAY,LATEST_REVISED,POOLED_RESEARCH_ONLY,H2_H3,LEAVE_ONE_QUARTER_OUT,18,9,0.49718816379861003,0.38974865885226795,0.3291328050600561,VERIFIED_DOCUMENTED_VINTAGES_PARTIAL_RELEASE_HISTORY,2025Q4
COMBO_B,standard,STRICT,FIRST_RELEASE,HISTORICAL_POST_DEVELOPMENT_TEST,H1,LEAVE_ONE_QUARTER_OUT,3,3,0.89318708722133477,0.81392707158173516,0.81392707158173516,VERIFIED_DOCUMENTED_VINTAGES_PARTIAL_RELEASE_HISTORY,2025Q4
COMBO_B,standard,STRICT,FIRST_RELEASE,HISTORICAL_POST_DEVELOPMENT_TEST,H2,LEAVE_ONE_QUARTER_OUT,3,3,0.89264434637672496,0.76462632524687668,0.76462632524687668,VERIFIED_DOCUMENTED_VINTAGES_PARTIAL_RELEASE_HISTORY,2025Q4
COMBO_B,standard,STRICT,FIRST_RELEASE,HISTORICAL_POST_DEVELOPMENT_TEST,H3,LEAVE_ONE_QUARTER_OUT,3,3,0.51322341584884801,0.42789477166464085,0.42789477166464085,VERIFIED_DOCUMENTED_VINTAGES_PARTIAL_RELEASE_HISTORY,2025Q4
COMBO_B,standard,STRICT,FIRST_RELEASE,HISTORICAL_POST_DEVELOPMENT_TEST,ALL,LEAVE_ONE_QUARTER_OUT,9,3,0.78697636060914022,0.66881605616441753,0.66881605616441753,VERIFIED_DOCUMENTED_VINTAGES_PARTIAL_RELEASE_HISTORY,2025Q4
COMBO_B,standard,STRICT,FIRST_RELEASE,HISTORICAL_POST_DEVELOPMENT_TEST,H2_H3,LEAVE_ONE_QUARTER_OUT,6,3,0.72808385632902539,0.59626054845575871,0.59626054845575871,VERIFIED_DOCUMENTED_VINTAGES_PARTIAL_RELEASE_HISTORY,2025Q4
COMBO_B,standard,STRICT,FIRST_RELEASE,POOLED_RESEARCH_ONLY,H1,LEAVE_ONE_QUARTER_OUT,9,9,0.57018831294845485,0.4313675793127511,0.4313675793127511,VERIFIED_DOCUMENTED_VINTAGES_PARTIAL_RELEASE_HISTORY,2025Q4
COMBO_B,standard,STRICT,FIRST_RELEASE,POOLED_RESEARCH_ONLY,H2,LEAVE_ONE_QUARTER_OUT,9,9,0.57479199739629949,0.42224110421934191,0.40169832428547536,VERIFIED_DOCUMENTED_VINTAGES_PARTIAL_RELEASE_HISTORY,2025Q4
COMBO_B,standard,STRICT,FIRST_RELEASE,POOLED_RESEARCH_ONLY,H3,LEAVE_ONE_QUARTER_OUT,9,9,0.36212565618092907,0.28891010453017452,0.12323395250130452,VERIFIED_DOCUMENTED_VINTAGES_PARTIAL_RELEASE_HISTORY,2025Q4
COMBO_B,standard,STRICT,FIRST_RELEASE,POOLED_RESEARCH_ONLY,ALL,LEAVE_ONE_QUARTER_OUT,27,9,0.51206625331699052,0.38083959602075584,0.31876661869984368,VERIFIED_DOCUMENTED_VINTAGES_PARTIAL_RELEASE_HISTORY,2025Q4
COMBO_B,standard,STRICT,FIRST_RELEASE,POOLED_RESEARCH_ONLY,H2_H3,LEAVE_ONE_QUARTER_OUT,18,9,0.48037528617493219,0.35557560437475821,0.26246613839338995,VERIFIED_DOCUMENTED_VINTAGES_PARTIAL_RELEASE_HISTORY,2025Q4
COMBO_B,standard,STRICT,LATEST_REVISED,HISTORICAL_POST_DEVELOPMENT_TEST,H1,LEAVE_ONE_QUARTER_OUT,3,3,0.89318708722133533,0.8139270715817345,0.8139270715817345,VERIFIED_DOCUMENTED_VINTAGES_PARTIAL_RELEASE_HISTORY,2025Q4
COMBO_B,standard,STRICT,LATEST_REVISED,HISTORICAL_POST_DEVELOPMENT_TEST,H2,LEAVE_ONE_QUARTER_OUT,3,3,0.89264434637672574,0.76462632524687602,0.76462632524687602,VERIFIED_DOCUMENTED_VINTAGES_PARTIAL_RELEASE_HISTORY,2025Q4
COMBO_B,standard,STRICT,LATEST_REVISED,HISTORICAL_POST_DEVELOPMENT_TEST,H3,LEAVE_ONE_QUARTER_OUT,3,3,0.51322341584884945,0.42789477166464024,0.42789477166464024,VERIFIED_DOCUMENTED_VINTAGES_PARTIAL_RELEASE_HISTORY,2025Q4
COMBO_B,standard,STRICT,LATEST_REVISED,HISTORICAL_POST_DEVELOPMENT_TEST,ALL,LEAVE_ONE_QUARTER_OUT,9,3,0.786976360609141,0.66881605616441697,0.66881605616441697,VERIFIED_DOCUMENTED_VINTAGES_PARTIAL_RELEASE_HISTORY,2025Q4
COMBO_B,standard,STRICT,LATEST_REVISED,HISTORICAL_POST_DEVELOPMENT_TEST,H2_H3,LEAVE_ONE_QUARTER_OUT,6,3,0.7280838563290265,0.59626054845575815,0.59626054845575815,VERIFIED_DOCUMENTED_VINTAGES_PARTIAL_RELEASE_HISTORY,2025Q4
COMBO_B,standard,STRICT,LATEST_REVISED,POOLED_RESEARCH_ONLY,H1,LEAVE_ONE_QUARTER_OUT,9,9,0.59785582876299614,0.4980342459794172,0.4980342459794172,VERIFIED_DOCUMENTED_VINTAGES_PARTIAL_RELEASE_HISTORY,2025Q4
COMBO_B,standard,STRICT,LATEST_REVISED,POOLED_RESEARCH_ONLY,H2,LEAVE_ONE_QUARTER_OUT,9,9,0.59784952150888337,0.46836499095214151,0.46836499095214151,VERIFIED_DOCUMENTED_VINTAGES_PARTIAL_RELEASE_HISTORY,2025Q4
COMBO_B,standard,STRICT,LATEST_REVISED,POOLED_RESEARCH_ONLY,H3,LEAVE_ONE_QUARTER_OUT,9,9,0.37009200217576477,0.31113232675239438,0.18990061916797066,VERIFIED_DOCUMENTED_VINTAGES_PARTIAL_RELEASE_HISTORY,2025Q4
COMBO_B,standard,STRICT,LATEST_REVISED,POOLED_RESEARCH_ONLY,ALL,LEAVE_ONE_QUARTER_OUT,27,9,0.5328613742268421,0.42584385456131774,0.38543328536650978,VERIFIED_DOCUMENTED_VINTAGES_PARTIAL_RELEASE_HISTORY,2025Q4
COMBO_B,standard,STRICT,LATEST_REVISED,POOLED_RESEARCH_ONLY,H2_H3,LEAVE_ONE_QUARTER_OUT,18,9,0.49718816379861003,0.38974865885226795,0.3291328050600561,VERIFIED_DOCUMENTED_VINTAGES_PARTIAL_RELEASE_HISTORY,2025Q4
DFM_B,conservative,PERMISSIVE_END_OF_DAY,FIRST_RELEASE,HISTORICAL_POST_DEVELOPMENT_TEST,H1,LEAVE_ONE_QUARTER_OUT,3,3,1.0793873186273368,1.0179590924704065,1.0179590924704065,VERIFIED_DOCUMENTED_VINTAGES_PARTIAL_RELEASE_HISTORY,2025Q4
DFM_B,conservative,PERMISSIVE_END_OF_DAY,FIRST_RELEASE,HISTORICAL_POST_DEVELOPMENT_TEST,H2,LEAVE_ONE_QUARTER_OUT,3,3,1.0602450598380091,0.99557548603732293,0.99557548603732293,VERIFIED_DOCUMENTED_VINTAGES_PARTIAL_RELEASE_HISTORY,2025Q4
DFM_B,conservative,PERMISSIVE_END_OF_DAY,FIRST_RELEASE,HISTORICAL_POST_DEVELOPMENT_TEST,H3,LEAVE_ONE_QUARTER_OUT,3,3,1.0417702198639831,0.97659386050466035,0.97659386050466035,VERIFIED_DOCUMENTED_VINTAGES_PARTIAL_RELEASE_HISTORY,2025Q4
DFM_B,conservative,PERMISSIVE_END_OF_DAY,FIRST_RELEASE,HISTORICAL_POST_DEVELOPMENT_TEST,ALL,LEAVE_ONE_QUARTER_OUT,9,3,1.0605787353327218,0.99670947967079648,0.99670947967079648,VERIFIED_DOCUMENTED_VINTAGES_PARTIAL_RELEASE_HISTORY,2025Q4
DFM_B,conservative,PERMISSIVE_END_OF_DAY,FIRST_RELEASE,HISTORICAL_POST_DEVELOPMENT_TEST,H2_H3,LEAVE_ONE_QUARTER_OUT,6,3,1.0510482334094746,0.9860846732709917,0.9860846732709917,VERIFIED_DOCUMENTED_VINTAGES_PARTIAL_RELEASE_HISTORY,2025Q4
DFM_B,conservative,PERMISSIVE_END_OF_DAY,FIRST_RELEASE,POOLED_RESEARCH_ONLY,H1,LEAVE_ONE_QUARTER_OUT,9,9,0.66956276461610853,0.48319754270367821,0.46733669927878085,VERIFIED_DOCUMENTED_VINTAGES_PARTIAL_RELEASE_HISTORY,2025Q4
DFM_B,conservative,PERMISSIVE_END_OF_DAY,FIRST_RELEASE,POOLED_RESEARCH_ONLY,H2,LEAVE_ONE_QUARTER_OUT,9,9,0.6589119886831678,0.48147438364229317,0.47631974056091281,VERIFIED_DOCUMENTED_VINTAGES_PARTIAL_RELEASE_HISTORY,2025Q4
DFM_B,conservative,PERMISSIVE_END_OF_DAY,FIRST_RELEASE,POOLED_RESEARCH_ONLY,H3,LEAVE_ONE_QUARTER_OUT,9,9,0.73959605614007218,0.58838589073079994,0.35215814542134083,VERIFIED_DOCUMENTED_VINTAGES_PARTIAL_RELEASE_HISTORY,2025Q4
DFM_B,conservative,PERMISSIVE_END_OF_DAY,FIRST_RELEASE,POOLED_RESEARCH_ONLY,ALL,LEAVE_ONE_QUARTER_OUT,27,9,0.69028535907229993,0.51768593902559046,0.43193819508701153,VERIFIED_DOCUMENTED_VINTAGES_PARTIAL_RELEASE_HISTORY,2025Q4
DFM_B,conservative,PERMISSIVE_END_OF_DAY,FIRST_RELEASE,POOLED_RESEARCH_ONLY,H2_H3,LEAVE_ONE_QUARTER_OUT,18,9,0.70041678131251106,0.53493013718654658,0.41423894299112685,VERIFIED_DOCUMENTED_VINTAGES_PARTIAL_RELEASE_HISTORY,2025Q4
DFM_B,conservative,PERMISSIVE_END_OF_DAY,LATEST_REVISED,HISTORICAL_POST_DEVELOPMENT_TEST,H1,LEAVE_ONE_QUARTER_OUT,3,3,1.0793873186273371,1.0179590924704058,1.0179590924704058,VERIFIED_DOCUMENTED_VINTAGES_PARTIAL_RELEASE_HISTORY,2025Q4
DFM_B,conservative,PERMISSIVE_END_OF_DAY,LATEST_REVISED,HISTORICAL_POST_DEVELOPMENT_TEST,H2,LEAVE_ONE_QUARTER_OUT,3,3,1.0602450598380095,0.99557548603732238,0.99557548603732238,VERIFIED_DOCUMENTED_VINTAGES_PARTIAL_RELEASE_HISTORY,2025Q4
DFM_B,conservative,PERMISSIVE_END_OF_DAY,LATEST_REVISED,HISTORICAL_POST_DEVELOPMENT_TEST,H3,LEAVE_ONE_QUARTER_OUT,3,3,1.0417702198639835,0.97659386050465979,0.97659386050465979,VERIFIED_DOCUMENTED_VINTAGES_PARTIAL_RELEASE_HISTORY,2025Q4
DFM_B,conservative,PERMISSIVE_END_OF_DAY,LATEST_REVISED,HISTORICAL_POST_DEVELOPMENT_TEST,ALL,LEAVE_ONE_QUARTER_OUT,9,3,1.0605787353327223,0.99670947967079604,0.99670947967079604,VERIFIED_DOCUMENTED_VINTAGES_PARTIAL_RELEASE_HISTORY,2025Q4
DFM_B,conservative,PERMISSIVE_END_OF_DAY,LATEST_REVISED,HISTORICAL_POST_DEVELOPMENT_TEST,H2_H3,LEAVE_ONE_QUARTER_OUT,6,3,1.0510482334094753,0.98608467327099103,0.98608467327099103,VERIFIED_DOCUMENTED_VINTAGES_PARTIAL_RELEASE_HISTORY,2025Q4
DFM_B,conservative,PERMISSIVE_END_OF_DAY,LATEST_REVISED,POOLED_RESEARCH_ONLY,H1,LEAVE_ONE_QUARTER_OUT,9,9,0.67830969509587491,0.53400336594544706,0.53400336594544706,VERIFIED_DOCUMENTED_VINTAGES_PARTIAL_RELEASE_HISTORY,2025Q4
DFM_B,conservative,PERMISSIVE_END_OF_DAY,LATEST_REVISED,POOLED_RESEARCH_ONLY,H2,LEAVE_ONE_QUARTER_OUT,9,9,0.67350790093402957,0.54298640722757896,0.54298640722757896,VERIFIED_DOCUMENTED_VINTAGES_PARTIAL_RELEASE_HISTORY,2025Q4
DFM_B,conservative,PERMISSIVE_END_OF_DAY,LATEST_REVISED,POOLED_RESEARCH_ONLY,H3,LEAVE_ONE_QUARTER_OUT,9,9,0.7168222130685169,0.60348084370765231,0.41882481208800698,VERIFIED_DOCUMENTED_VINTAGES_PARTIAL_RELEASE_HISTORY,2025Q4
DFM_B,conservative,PERMISSIVE_END_OF_DAY,LATEST_REVISED,POOLED_RESEARCH_ONLY,ALL,LEAVE_ONE_QUARTER_OUT,27,9,0.68981906328883746,0.56015687229355937,0.49860486175367769,VERIFIED_DOCUMENTED_VINTAGES_PARTIAL_RELEASE_HISTORY,2025Q4
DFM_B,conservative,PERMISSIVE_END_OF_DAY,LATEST_REVISED,POOLED_RESEARCH_ONLY,H2_H3,LEAVE_ONE_QUARTER_OUT,18,9,0.69550232845368998,0.57323362546761558,0.480905609657793,VERIFIED_DOCUMENTED_VINTAGES_PARTIAL_RELEASE_HISTORY,2025Q4
DFM_B,conservative,STRICT,FIRST_RELEASE,HISTORICAL_POST_DEVELOPMENT_TEST,H1,LEAVE_ONE_QUARTER_OUT,3,3,1.0793873186273368,1.0179590924704065,1.0179590924704065,VERIFIED_DOCUMENTED_VINTAGES_PARTIAL_RELEASE_HISTORY,2025Q4
DFM_B,conservative,STRICT,FIRST_RELEASE,HISTORICAL_POST_DEVELOPMENT_TEST,H2,LEAVE_ONE_QUARTER_OUT,3,3,1.0602450598380091,0.99557548603732293,0.99557548603732293,VERIFIED_DOCUMENTED_VINTAGES_PARTIAL_RELEASE_HISTORY,2025Q4
DFM_B,conservative,STRICT,FIRST_RELEASE,HISTORICAL_POST_DEVELOPMENT_TEST,H3,LEAVE_ONE_QUARTER_OUT,3,3,1.0417702198639831,0.97659386050466035,0.97659386050466035,VERIFIED_DOCUMENTED_VINTAGES_PARTIAL_RELEASE_HISTORY,2025Q4
DFM_B,conservative,STRICT,FIRST_RELEASE,HISTORICAL_POST_DEVELOPMENT_TEST,ALL,LEAVE_ONE_QUARTER_OUT,9,3,1.0605787353327218,0.99670947967079648,0.99670947967079648,VERIFIED_DOCUMENTED_VINTAGES_PARTIAL_RELEASE_HISTORY,2025Q4
DFM_B,conservative,STRICT,FIRST_RELEASE,HISTORICAL_POST_DEVELOPMENT_TEST,H2_H3,LEAVE_ONE_QUARTER_OUT,6,3,1.0510482334094746,0.9860846732709917,0.9860846732709917,VERIFIED_DOCUMENTED_VINTAGES_PARTIAL_RELEASE_HISTORY,2025Q4
DFM_B,conservative,STRICT,FIRST_RELEASE,POOLED_RESEARCH_ONLY,H1,LEAVE_ONE_QUARTER_OUT,9,9,0.66956276461610853,0.48319754270367821,0.46733669927878085,VERIFIED_DOCUMENTED_VINTAGES_PARTIAL_RELEASE_HISTORY,2025Q4
DFM_B,conservative,STRICT,FIRST_RELEASE,POOLED_RESEARCH_ONLY,H2,LEAVE_ONE_QUARTER_OUT,9,9,0.6589119886831678,0.48147438364229317,0.47631974056091281,VERIFIED_DOCUMENTED_VINTAGES_PARTIAL_RELEASE_HISTORY,2025Q4
DFM_B,conservative,STRICT,FIRST_RELEASE,POOLED_RESEARCH_ONLY,H3,LEAVE_ONE_QUARTER_OUT,9,9,0.73959605614007218,0.58838589073079994,0.35215814542134083,VERIFIED_DOCUMENTED_VINTAGES_PARTIAL_RELEASE_HISTORY,2025Q4
DFM_B,conservative,STRICT,FIRST_RELEASE,POOLED_RESEARCH_ONLY,ALL,LEAVE_ONE_QUARTER_OUT,27,9,0.69028535907229993,0.51768593902559046,0.43193819508701153,VERIFIED_DOCUMENTED_VINTAGES_PARTIAL_RELEASE_HISTORY,2025Q4
DFM_B,conservative,STRICT,FIRST_RELEASE,POOLED_RESEARCH_ONLY,H2_H3,LEAVE_ONE_QUARTER_OUT,18,9,0.70041678131251106,0.53493013718654658,0.41423894299112685,VERIFIED_DOCUMENTED_VINTAGES_PARTIAL_RELEASE_HISTORY,2025Q4
DFM_B,conservative,STRICT,LATEST_REVISED,HISTORICAL_POST_DEVELOPMENT_TEST,H1,LEAVE_ONE_QUARTER_OUT,3,3,1.0793873186273371,1.0179590924704058,1.0179590924704058,VERIFIED_DOCUMENTED_VINTAGES_PARTIAL_RELEASE_HISTORY,2025Q4
DFM_B,conservative,STRICT,LATEST_REVISED,HISTORICAL_POST_DEVELOPMENT_TEST,H2,LEAVE_ONE_QUARTER_OUT,3,3,1.0602450598380095,0.99557548603732238,0.99557548603732238,VERIFIED_DOCUMENTED_VINTAGES_PARTIAL_RELEASE_HISTORY,2025Q4
DFM_B,conservative,STRICT,LATEST_REVISED,HISTORICAL_POST_DEVELOPMENT_TEST,H3,LEAVE_ONE_QUARTER_OUT,3,3,1.0417702198639835,0.97659386050465979,0.97659386050465979,VERIFIED_DOCUMENTED_VINTAGES_PARTIAL_RELEASE_HISTORY,2025Q4
DFM_B,conservative,STRICT,LATEST_REVISED,HISTORICAL_POST_DEVELOPMENT_TEST,ALL,LEAVE_ONE_QUARTER_OUT,9,3,1.0605787353327223,0.99670947967079604,0.99670947967079604,VERIFIED_DOCUMENTED_VINTAGES_PARTIAL_RELEASE_HISTORY,2025Q4
DFM_B,conservative,STRICT,LATEST_REVISED,HISTORICAL_POST_DEVELOPMENT_TEST,H2_H3,LEAVE_ONE_QUARTER_OUT,6,3,1.0510482334094753,0.98608467327099103,0.98608467327099103,VERIFIED_DOCUMENTED_VINTAGES_PARTIAL_RELEASE_HISTORY,2025Q4
DFM_B,conservative,STRICT,LATEST_REVISED,POOLED_RESEARCH_ONLY,H1,LEAVE_ONE_QUARTER_OUT,9,9,0.67830969509587491,0.53400336594544706,0.53400336594544706,VERIFIED_DOCUMENTED_VINTAGES_PARTIAL_RELEASE_HISTORY,2025Q4
DFM_B,conservative,STRICT,LATEST_REVISED,POOLED_RESEARCH_ONLY,H2,LEAVE_ONE_QUARTER_OUT,9,9,0.67350790093402957,0.54298640722757896,0.54298640722757896,VERIFIED_DOCUMENTED_VINTAGES_PARTIAL_RELEASE_HISTORY,2025Q4
DFM_B,conservative,STRICT,LATEST_REVISED,POOLED_RESEARCH_ONLY,H3,LEAVE_ONE_QUARTER_OUT,9,9,0.7168222130685169,0.60348084370765231,0.41882481208800698,VERIFIED_DOCUMENTED_VINTAGES_PARTIAL_RELEASE_HISTORY,2025Q4
DFM_B,conservative,STRICT,LATEST_REVISED,POOLED_RESEARCH_ONLY,ALL,LEAVE_ONE_QUARTER_OUT,27,9,0.68981906328883746,0.56015687229355937,0.49860486175367769,VERIFIED_DOCUMENTED_VINTAGES_PARTIAL_RELEASE_HISTORY,2025Q4
DFM_B,conservative,STRICT,LATEST_REVISED,POOLED_RESEARCH_ONLY,H2_H3,LEAVE_ONE_QUARTER_OUT,18,9,0.69550232845368998,0.57323362546761558,0.480905609657793,VERIFIED_DOCUMENTED_VINTAGES_PARTIAL_RELEASE_HISTORY,2025Q4
DFM_B,standard,PERMISSIVE_END_OF_DAY,FIRST_RELEASE,HISTORICAL_POST_DEVELOPMENT_TEST,H1,LEAVE_ONE_QUARTER_OUT,3,3,1.0311721187961258,0.95689949266808139,0.95689949266808139,VERIFIED_DOCUMENTED_VINTAGES_PARTIAL_RELEASE_HISTORY,2025Q4
DFM_B,standard,PERMISSIVE_END_OF_DAY,FIRST_RELEASE,HISTORICAL_POST_DEVELOPMENT_TEST,H2,LEAVE_ONE_QUARTER_OUT,3,3,1.0096115366420715,0.9356401455196407,0.9356401455196407,VERIFIED_DOCUMENTED_VINTAGES_PARTIAL_RELEASE_HISTORY,2025Q4
DFM_B,standard,PERMISSIVE_END_OF_DAY,FIRST_RELEASE,HISTORICAL_POST_DEVELOPMENT_TEST,H3,LEAVE_ONE_QUARTER_OUT,3,3,0.99371576757361746,0.92294743858037942,0.92294743858037942,VERIFIED_DOCUMENTED_VINTAGES_PARTIAL_RELEASE_HISTORY,2025Q4
DFM_B,standard,PERMISSIVE_END_OF_DAY,FIRST_RELEASE,HISTORICAL_POST_DEVELOPMENT_TEST,ALL,LEAVE_ONE_QUARTER_OUT,9,3,1.0116162678650569,0.93849569225603391,0.93849569225603391,VERIFIED_DOCUMENTED_VINTAGES_PARTIAL_RELEASE_HISTORY,2025Q4
DFM_B,standard,PERMISSIVE_END_OF_DAY,FIRST_RELEASE,HISTORICAL_POST_DEVELOPMENT_TEST,H2_H3,LEAVE_ONE_QUARTER_OUT,6,3,1.0016951835875993,0.92929379205001006,0.92929379205001006,VERIFIED_DOCUMENTED_VINTAGES_PARTIAL_RELEASE_HISTORY,2025Q4
DFM_B,standard,PERMISSIVE_END_OF_DAY,FIRST_RELEASE,POOLED_RESEARCH_ONLY,H1,LEAVE_ONE_QUARTER_OUT,9,9,0.6377598310014686,0.45325953154411497,0.44096240237321499,VERIFIED_DOCUMENTED_VINTAGES_PARTIAL_RELEASE_HISTORY,2025Q4
DFM_B,standard,PERMISSIVE_END_OF_DAY,FIRST_RELEASE,POOLED_RESEARCH_ONLY,H2,LEAVE_ONE_QUARTER_OUT,9,9,0.63643800235865811,0.47600828736398282,0.36636679837041469,VERIFIED_DOCUMENTED_VINTAGES_PARTIAL_RELEASE_HISTORY,2025Q4
DFM_B,standard,PERMISSIVE_END_OF_DAY,FIRST_RELEASE,POOLED_RESEARCH_ONLY,H3,LEAVE_ONE_QUARTER_OUT,9,9,0.68448169287874694,0.53121326826307402,0.32060628931154905,VERIFIED_DOCUMENTED_VINTAGES_PARTIAL_RELEASE_HISTORY,2025Q4
DFM_B,standard,PERMISSIVE_END_OF_DAY,FIRST_RELEASE,POOLED_RESEARCH_ONLY,ALL,LEAVE_ONE_QUARTER_OUT,27,9,0.65327536837371947,0.48682702905705721,0.37597849668505956,VERIFIED_DOCUMENTED_VINTAGES_PARTIAL_RELEASE_HISTORY,2025Q4
DFM_B,standard,PERMISSIVE_END_OF_DAY,FIRST_RELEASE,POOLED_RESEARCH_ONLY,H2_H3,LEAVE_ONE_QUARTER_OUT,18,9,0.66089655723586371,0.50361077781352848,0.34348654384098187,VERIFIED_DOCUMENTED_VINTAGES_PARTIAL_RELEASE_HISTORY,2025Q4
DFM_B,standard,PERMISSIVE_END_OF_DAY,LATEST_REVISED,HISTORICAL_POST_DEVELOPMENT_TEST,H1,LEAVE_ONE_QUARTER_OUT,3,3,1.0311721187961262,0.95689949266808083,0.95689949266808083,VERIFIED_DOCUMENTED_VINTAGES_PARTIAL_RELEASE_HISTORY,2025Q4
DFM_B,standard,PERMISSIVE_END_OF_DAY,LATEST_REVISED,HISTORICAL_POST_DEVELOPMENT_TEST,H2,LEAVE_ONE_QUARTER_OUT,3,3,1.0096115366420719,0.93564014551964014,0.93564014551964014,VERIFIED_DOCUMENTED_VINTAGES_PARTIAL_RELEASE_HISTORY,2025Q4
DFM_B,standard,PERMISSIVE_END_OF_DAY,LATEST_REVISED,HISTORICAL_POST_DEVELOPMENT_TEST,H3,LEAVE_ONE_QUARTER_OUT,3,3,0.9937157675736179,0.92294743858037886,0.92294743858037886,VERIFIED_DOCUMENTED_VINTAGES_PARTIAL_RELEASE_HISTORY,2025Q4
DFM_B,standard,PERMISSIVE_END_OF_DAY,LATEST_REVISED,HISTORICAL_POST_DEVELOPMENT_TEST,ALL,LEAVE_ONE_QUARTER_OUT,9,3,1.0116162678650575,0.93849569225603324,0.93849569225603324,VERIFIED_DOCUMENTED_VINTAGES_PARTIAL_RELEASE_HISTORY,2025Q4
DFM_B,standard,PERMISSIVE_END_OF_DAY,LATEST_REVISED,HISTORICAL_POST_DEVELOPMENT_TEST,H2_H3,LEAVE_ONE_QUARTER_OUT,6,3,1.0016951835875998,0.9292937920500095,0.9292937920500095,VERIFIED_DOCUMENTED_VINTAGES_PARTIAL_RELEASE_HISTORY,2025Q4
DFM_B,standard,PERMISSIVE_END_OF_DAY,LATEST_REVISED,POOLED_RESEARCH_ONLY,H1,LEAVE_ONE_QUARTER_OUT,9,9,0.64823497902366467,0.50762906903988114,0.50762906903988114,VERIFIED_DOCUMENTED_VINTAGES_PARTIAL_RELEASE_HISTORY,2025Q4
DFM_B,standard,PERMISSIVE_END_OF_DAY,LATEST_REVISED,POOLED_RESEARCH_ONLY,H2,LEAVE_ONE_QUARTER_OUT,9,9,0.63293600763847868,0.4893731524710731,0.43303346503708084,VERIFIED_DOCUMENTED_VINTAGES_PARTIAL_RELEASE_HISTORY,2025Q4
DFM_B,standard,PERMISSIVE_END_OF_DAY,LATEST_REVISED,POOLED_RESEARCH_ONLY,H3,LEAVE_ONE_QUARTER_OUT,9,9,0.66311923922412541,0.54241959148517038,0.38727295597821521,VERIFIED_DOCUMENTED_VINTAGES_PARTIAL_RELEASE_HISTORY,2025Q4
DFM_B,standard,PERMISSIVE_END_OF_DAY,LATEST_REVISED,POOLED_RESEARCH_ONLY,ALL,LEAVE_ONE_QUARTER_OUT,27,9,0.6482138801415086,0.51314060433204156,0.44264516335172571,VERIFIED_DOCUMENTED_VINTAGES_PARTIAL_RELEASE_HISTORY,2025Q4
DFM_B,standard,PERMISSIVE_END_OF_DAY,LATEST_REVISED,POOLED_RESEARCH_ONLY,H2_H3,LEAVE_ONE_QUARTER_OUT,18,9,0.64820333044289391,0.51589637197812166,0.41015321050764803,VERIFIED_DOCUMENTED_VINTAGES_PARTIAL_RELEASE_HISTORY,2025Q4
DFM_B,standard,STRICT,FIRST_RELEASE,HISTORICAL_POST_DEVELOPMENT_TEST,H1,LEAVE_ONE_QUARTER_OUT,3,3,1.0311721187961258,0.95689949266808139,0.95689949266808139,VERIFIED_DOCUMENTED_VINTAGES_PARTIAL_RELEASE_HISTORY,2025Q4
DFM_B,standard,STRICT,FIRST_RELEASE,HISTORICAL_POST_DEVELOPMENT_TEST,H2,LEAVE_ONE_QUARTER_OUT,3,3,1.0096115366420715,0.9356401455196407,0.9356401455196407,VERIFIED_DOCUMENTED_VINTAGES_PARTIAL_RELEASE_HISTORY,2025Q4
DFM_B,standard,STRICT,FIRST_RELEASE,HISTORICAL_POST_DEVELOPMENT_TEST,H3,LEAVE_ONE_QUARTER_OUT,3,3,0.99371576757361746,0.92294743858037942,0.92294743858037942,VERIFIED_DOCUMENTED_VINTAGES_PARTIAL_RELEASE_HISTORY,2025Q4
DFM_B,standard,STRICT,FIRST_RELEASE,HISTORICAL_POST_DEVELOPMENT_TEST,ALL,LEAVE_ONE_QUARTER_OUT,9,3,1.0116162678650569,0.93849569225603391,0.93849569225603391,VERIFIED_DOCUMENTED_VINTAGES_PARTIAL_RELEASE_HISTORY,2025Q4
DFM_B,standard,STRICT,FIRST_RELEASE,HISTORICAL_POST_DEVELOPMENT_TEST,H2_H3,LEAVE_ONE_QUARTER_OUT,6,3,1.0016951835875993,0.92929379205001006,0.92929379205001006,VERIFIED_DOCUMENTED_VINTAGES_PARTIAL_RELEASE_HISTORY,2025Q4
DFM_B,standard,STRICT,FIRST_RELEASE,POOLED_RESEARCH_ONLY,H1,LEAVE_ONE_QUARTER_OUT,9,9,0.6377598310014686,0.45325953154411497,0.44096240237321499,VERIFIED_DOCUMENTED_VINTAGES_PARTIAL_RELEASE_HISTORY,2025Q4
DFM_B,standard,STRICT,FIRST_RELEASE,POOLED_RESEARCH_ONLY,H2,LEAVE_ONE_QUARTER_OUT,9,9,0.63643800235865811,0.47600828736398282,0.36636679837041469,VERIFIED_DOCUMENTED_VINTAGES_PARTIAL_RELEASE_HISTORY,2025Q4
DFM_B,standard,STRICT,FIRST_RELEASE,POOLED_RESEARCH_ONLY,H3,LEAVE_ONE_QUARTER_OUT,9,9,0.68448169287874694,0.53121326826307402,0.32060628931154905,VERIFIED_DOCUMENTED_VINTAGES_PARTIAL_RELEASE_HISTORY,2025Q4
DFM_B,standard,STRICT,FIRST_RELEASE,POOLED_RESEARCH_ONLY,ALL,LEAVE_ONE_QUARTER_OUT,27,9,0.65327536837371947,0.48682702905705721,0.37597849668505956,VERIFIED_DOCUMENTED_VINTAGES_PARTIAL_RELEASE_HISTORY,2025Q4
DFM_B,standard,STRICT,FIRST_RELEASE,POOLED_RESEARCH_ONLY,H2_H3,LEAVE_ONE_QUARTER_OUT,18,9,0.66089655723586371,0.50361077781352848,0.34348654384098187,VERIFIED_DOCUMENTED_VINTAGES_PARTIAL_RELEASE_HISTORY,2025Q4
DFM_B,standard,STRICT,LATEST_REVISED,HISTORICAL_POST_DEVELOPMENT_TEST,H1,LEAVE_ONE_QUARTER_OUT,3,3,1.0311721187961262,0.95689949266808083,0.95689949266808083,VERIFIED_DOCUMENTED_VINTAGES_PARTIAL_RELEASE_HISTORY,2025Q4
DFM_B,standard,STRICT,LATEST_REVISED,HISTORICAL_POST_DEVELOPMENT_TEST,H2,LEAVE_ONE_QUARTER_OUT,3,3,1.0096115366420719,0.93564014551964014,0.93564014551964014,VERIFIED_DOCUMENTED_VINTAGES_PARTIAL_RELEASE_HISTORY,2025Q4
DFM_B,standard,STRICT,LATEST_REVISED,HISTORICAL_POST_DEVELOPMENT_TEST,H3,LEAVE_ONE_QUARTER_OUT,3,3,0.9937157675736179,0.92294743858037886,0.92294743858037886,VERIFIED_DOCUMENTED_VINTAGES_PARTIAL_RELEASE_HISTORY,2025Q4
DFM_B,standard,STRICT,LATEST_REVISED,HISTORICAL_POST_DEVELOPMENT_TEST,ALL,LEAVE_ONE_QUARTER_OUT,9,3,1.0116162678650575,0.93849569225603324,0.93849569225603324,VERIFIED_DOCUMENTED_VINTAGES_PARTIAL_RELEASE_HISTORY,2025Q4
DFM_B,standard,STRICT,LATEST_REVISED,HISTORICAL_POST_DEVELOPMENT_TEST,H2_H3,LEAVE_ONE_QUARTER_OUT,6,3,1.0016951835875998,0.9292937920500095,0.9292937920500095,VERIFIED_DOCUMENTED_VINTAGES_PARTIAL_RELEASE_HISTORY,2025Q4
DFM_B,standard,STRICT,LATEST_REVISED,POOLED_RESEARCH_ONLY,H1,LEAVE_ONE_QUARTER_OUT,9,9,0.64823497902366467,0.50762906903988114,0.50762906903988114,VERIFIED_DOCUMENTED_VINTAGES_PARTIAL_RELEASE_HISTORY,2025Q4
DFM_B,standard,STRICT,LATEST_REVISED,POOLED_RESEARCH_ONLY,H2,LEAVE_ONE_QUARTER_OUT,9,9,0.63293600763847868,0.4893731524710731,0.43303346503708084,VERIFIED_DOCUMENTED_VINTAGES_PARTIAL_RELEASE_HISTORY,2025Q4
DFM_B,standard,STRICT,LATEST_REVISED,POOLED_RESEARCH_ONLY,H3,LEAVE_ONE_QUARTER_OUT,9,9,0.66311923922412541,0.54241959148517038,0.38727295597821521,VERIFIED_DOCUMENTED_VINTAGES_PARTIAL_RELEASE_HISTORY,2025Q4
DFM_B,standard,STRICT,LATEST_REVISED,POOLED_RESEARCH_ONLY,ALL,LEAVE_ONE_QUARTER_OUT,27,9,0.6482138801415086,0.51314060433204156,0.44264516335172571,VERIFIED_DOCUMENTED_VINTAGES_PARTIAL_RELEASE_HISTORY,2025Q4
DFM_B,standard,STRICT,LATEST_REVISED,POOLED_RESEARCH_ONLY,H2_H3,LEAVE_ONE_QUARTER_OUT,18,9,0.64820333044289391,0.51589637197812166,0.41015321050764803,VERIFIED_DOCUMENTED_VINTAGES_PARTIAL_RELEASE_HISTORY,2025Q4
PRODUCTION_ENSEMBLE,conservative,PERMISSIVE_END_OF_DAY,FIRST_RELEASE,HISTORICAL_POST_DEVELOPMENT_TEST,H1,LEAVE_ONE_QUARTER_OUT,3,3,0.71867251818903677,0.50454888568106571,0.50454888568106571,VERIFIED_DOCUMENTED_VINTAGES_PARTIAL_RELEASE_HISTORY,2025Q4
PRODUCTION_ENSEMBLE,conservative,PERMISSIVE_END_OF_DAY,FIRST_RELEASE,HISTORICAL_POST_DEVELOPMENT_TEST,H2,LEAVE_ONE_QUARTER_OUT,3,3,0.89688560692052877,0.74567568586469279,0.74567568586469279,VERIFIED_DOCUMENTED_VINTAGES_PARTIAL_RELEASE_HISTORY,2025Q4
PRODUCTION_ENSEMBLE,conservative,PERMISSIVE_END_OF_DAY,FIRST_RELEASE,HISTORICAL_POST_DEVELOPMENT_TEST,H3,LEAVE_ONE_QUARTER_OUT,3,3,0.92432026273747614,0.70700461310405449,0.70700461310405449,VERIFIED_DOCUMENTED_VINTAGES_PARTIAL_RELEASE_HISTORY,2025Q4
PRODUCTION_ENSEMBLE,conservative,PERMISSIVE_END_OF_DAY,FIRST_RELEASE,HISTORICAL_POST_DEVELOPMENT_TEST,ALL,LEAVE_ONE_QUARTER_OUT,9,3,0.85152058663868169,0.65240972821660437,0.65240972821660437,VERIFIED_DOCUMENTED_VINTAGES_PARTIAL_RELEASE_HISTORY,2025Q4
PRODUCTION_ENSEMBLE,conservative,PERMISSIVE_END_OF_DAY,FIRST_RELEASE,HISTORICAL_POST_DEVELOPMENT_TEST,H2_H3,LEAVE_ONE_QUARTER_OUT,6,3,0.91070624792198551,0.72634014948437364,0.72634014948437364,VERIFIED_DOCUMENTED_VINTAGES_PARTIAL_RELEASE_HISTORY,2025Q4
PRODUCTION_ENSEMBLE,conservative,PERMISSIVE_END_OF_DAY,FIRST_RELEASE,POOLED_RESEARCH_ONLY,H1,LEAVE_ONE_QUARTER_OUT,9,9,0.55482568501608398,0.43833713556102993,0.43833713556102993,VERIFIED_DOCUMENTED_VINTAGES_PARTIAL_RELEASE_HISTORY,2025Q4
PRODUCTION_ENSEMBLE,conservative,PERMISSIVE_END_OF_DAY,FIRST_RELEASE,POOLED_RESEARCH_ONLY,H2,LEAVE_ONE_QUARTER_OUT,9,9,0.6262240426560628,0.50880679156951825,0.50880679156951825,VERIFIED_DOCUMENTED_VINTAGES_PARTIAL_RELEASE_HISTORY,2025Q4
PRODUCTION_ENSEMBLE,conservative,PERMISSIVE_END_OF_DAY,FIRST_RELEASE,POOLED_RESEARCH_ONLY,H3,LEAVE_ONE_QUARTER_OUT,9,9,0.65420617034959805,0.51643533854364243,0.51643533854364243,VERIFIED_DOCUMENTED_VINTAGES_PARTIAL_RELEASE_HISTORY,2025Q4
PRODUCTION_ENSEMBLE,conservative,PERMISSIVE_END_OF_DAY,FIRST_RELEASE,POOLED_RESEARCH_ONLY,ALL,LEAVE_ONE_QUARTER_OUT,27,9,0.61318126892395008,0.48785975522473018,0.48785975522473018,VERIFIED_DOCUMENTED_VINTAGES_PARTIAL_RELEASE_HISTORY,2025Q4
PRODUCTION_ENSEMBLE,conservative,PERMISSIVE_END_OF_DAY,FIRST_RELEASE,POOLED_RESEARCH_ONLY,H2_H3,LEAVE_ONE_QUARTER_OUT,18,9,0.64036796645522087,0.51262106505658034,0.51262106505658034,VERIFIED_DOCUMENTED_VINTAGES_PARTIAL_RELEASE_HISTORY,2025Q4
PRODUCTION_ENSEMBLE,conservative,PERMISSIVE_END_OF_DAY,LATEST_REVISED,HISTORICAL_POST_DEVELOPMENT_TEST,H1,LEAVE_ONE_QUARTER_OUT,3,3,0.7186725181890381,0.50454888568106515,0.50454888568106515,VERIFIED_DOCUMENTED_VINTAGES_PARTIAL_RELEASE_HISTORY,2025Q4
PRODUCTION_ENSEMBLE,conservative,PERMISSIVE_END_OF_DAY,LATEST_REVISED,HISTORICAL_POST_DEVELOPMENT_TEST,H2,LEAVE_ONE_QUARTER_OUT,3,3,0.89688560692052943,0.74567568586469213,0.74567568586469213,VERIFIED_DOCUMENTED_VINTAGES_PARTIAL_RELEASE_HISTORY,2025Q4
PRODUCTION_ENSEMBLE,conservative,PERMISSIVE_END_OF_DAY,LATEST_REVISED,HISTORICAL_POST_DEVELOPMENT_TEST,H3,LEAVE_ONE_QUARTER_OUT,3,3,0.92432026273747703,0.70700461310405383,0.70700461310405383,VERIFIED_DOCUMENTED_VINTAGES_PARTIAL_RELEASE_HISTORY,2025Q4
PRODUCTION_ENSEMBLE,conservative,PERMISSIVE_END_OF_DAY,LATEST_REVISED,HISTORICAL_POST_DEVELOPMENT_TEST,ALL,LEAVE_ONE_QUARTER_OUT,9,3,0.85152058663868258,0.6524097282166037,0.6524097282166037,VERIFIED_DOCUMENTED_VINTAGES_PARTIAL_RELEASE_HISTORY,2025Q4
PRODUCTION_ENSEMBLE,conservative,PERMISSIVE_END_OF_DAY,LATEST_REVISED,HISTORICAL_POST_DEVELOPMENT_TEST,H2_H3,LEAVE_ONE_QUARTER_OUT,6,3,0.91070624792198629,0.72634014948437298,0.72634014948437298,VERIFIED_DOCUMENTED_VINTAGES_PARTIAL_RELEASE_HISTORY,2025Q4
PRODUCTION_ENSEMBLE,conservative,PERMISSIVE_END_OF_DAY,LATEST_REVISED,POOLED_RESEARCH_ONLY,H1,LEAVE_ONE_QUARTER_OUT,9,9,0.59638835086067177,0.50500380222769603,0.50500380222769603,VERIFIED_DOCUMENTED_VINTAGES_PARTIAL_RELEASE_HISTORY,2025Q4
PRODUCTION_ENSEMBLE,conservative,PERMISSIVE_END_OF_DAY,LATEST_REVISED,POOLED_RESEARCH_ONLY,H2,LEAVE_ONE_QUARTER_OUT,9,9,0.66783976399707301,0.57547345823618434,0.57547345823618434,VERIFIED_DOCUMENTED_VINTAGES_PARTIAL_RELEASE_HISTORY,2025Q4
PRODUCTION_ENSEMBLE,conservative,PERMISSIVE_END_OF_DAY,LATEST_REVISED,POOLED_RESEARCH_ONLY,H3,LEAVE_ONE_QUARTER_OUT,9,9,0.69679165176486335,0.58310200521030853,0.58310200521030853,VERIFIED_DOCUMENTED_VINTAGES_PARTIAL_RELEASE_HISTORY,2025Q4
PRODUCTION_ENSEMBLE,conservative,PERMISSIVE_END_OF_DAY,LATEST_REVISED,POOLED_RESEARCH_ONLY,ALL,LEAVE_ONE_QUARTER_OUT,27,9,0.6550337450307897,0.55452642189139634,0.55452642189139634,VERIFIED_DOCUMENTED_VINTAGES_PARTIAL_RELEASE_HISTORY,2025Q4
PRODUCTION_ENSEMBLE,conservative,PERMISSIVE_END_OF_DAY,LATEST_REVISED,POOLED_RESEARCH_ONLY,H2_H3,LEAVE_ONE_QUARTER_OUT,18,9,0.68246925071569087,0.57928773172324655,0.57928773172324655,VERIFIED_DOCUMENTED_VINTAGES_PARTIAL_RELEASE_HISTORY,2025Q4
PRODUCTION_ENSEMBLE,conservative,STRICT,FIRST_RELEASE,HISTORICAL_POST_DEVELOPMENT_TEST,H1,LEAVE_ONE_QUARTER_OUT,3,3,0.71867251818903677,0.50454888568106571,0.50454888568106571,VERIFIED_DOCUMENTED_VINTAGES_PARTIAL_RELEASE_HISTORY,2025Q4
PRODUCTION_ENSEMBLE,conservative,STRICT,FIRST_RELEASE,HISTORICAL_POST_DEVELOPMENT_TEST,H2,LEAVE_ONE_QUARTER_OUT,3,3,0.89688560692052877,0.74567568586469279,0.74567568586469279,VERIFIED_DOCUMENTED_VINTAGES_PARTIAL_RELEASE_HISTORY,2025Q4
PRODUCTION_ENSEMBLE,conservative,STRICT,FIRST_RELEASE,HISTORICAL_POST_DEVELOPMENT_TEST,H3,LEAVE_ONE_QUARTER_OUT,3,3,0.92432026273747614,0.70700461310405449,0.70700461310405449,VERIFIED_DOCUMENTED_VINTAGES_PARTIAL_RELEASE_HISTORY,2025Q4
PRODUCTION_ENSEMBLE,conservative,STRICT,FIRST_RELEASE,HISTORICAL_POST_DEVELOPMENT_TEST,ALL,LEAVE_ONE_QUARTER_OUT,9,3,0.85152058663868169,0.65240972821660437,0.65240972821660437,VERIFIED_DOCUMENTED_VINTAGES_PARTIAL_RELEASE_HISTORY,2025Q4
PRODUCTION_ENSEMBLE,conservative,STRICT,FIRST_RELEASE,HISTORICAL_POST_DEVELOPMENT_TEST,H2_H3,LEAVE_ONE_QUARTER_OUT,6,3,0.91070624792198551,0.72634014948437364,0.72634014948437364,VERIFIED_DOCUMENTED_VINTAGES_PARTIAL_RELEASE_HISTORY,2025Q4
PRODUCTION_ENSEMBLE,conservative,STRICT,FIRST_RELEASE,POOLED_RESEARCH_ONLY,H1,LEAVE_ONE_QUARTER_OUT,9,9,0.55482568501608398,0.43833713556102993,0.43833713556102993,VERIFIED_DOCUMENTED_VINTAGES_PARTIAL_RELEASE_HISTORY,2025Q4
PRODUCTION_ENSEMBLE,conservative,STRICT,FIRST_RELEASE,POOLED_RESEARCH_ONLY,H2,LEAVE_ONE_QUARTER_OUT,9,9,0.6262240426560628,0.50880679156951825,0.50880679156951825,VERIFIED_DOCUMENTED_VINTAGES_PARTIAL_RELEASE_HISTORY,2025Q4
PRODUCTION_ENSEMBLE,conservative,STRICT,FIRST_RELEASE,POOLED_RESEARCH_ONLY,H3,LEAVE_ONE_QUARTER_OUT,9,9,0.65420617034959805,0.51643533854364243,0.51643533854364243,VERIFIED_DOCUMENTED_VINTAGES_PARTIAL_RELEASE_HISTORY,2025Q4
PRODUCTION_ENSEMBLE,conservative,STRICT,FIRST_RELEASE,POOLED_RESEARCH_ONLY,ALL,LEAVE_ONE_QUARTER_OUT,27,9,0.61318126892395008,0.48785975522473018,0.48785975522473018,VERIFIED_DOCUMENTED_VINTAGES_PARTIAL_RELEASE_HISTORY,2025Q4
PRODUCTION_ENSEMBLE,conservative,STRICT,FIRST_RELEASE,POOLED_RESEARCH_ONLY,H2_H3,LEAVE_ONE_QUARTER_OUT,18,9,0.64036796645522087,0.51262106505658034,0.51262106505658034,VERIFIED_DOCUMENTED_VINTAGES_PARTIAL_RELEASE_HISTORY,2025Q4
PRODUCTION_ENSEMBLE,conservative,STRICT,LATEST_REVISED,HISTORICAL_POST_DEVELOPMENT_TEST,H1,LEAVE_ONE_QUARTER_OUT,3,3,0.7186725181890381,0.50454888568106515,0.50454888568106515,VERIFIED_DOCUMENTED_VINTAGES_PARTIAL_RELEASE_HISTORY,2025Q4
PRODUCTION_ENSEMBLE,conservative,STRICT,LATEST_REVISED,HISTORICAL_POST_DEVELOPMENT_TEST,H2,LEAVE_ONE_QUARTER_OUT,3,3,0.89688560692052943,0.74567568586469213,0.74567568586469213,VERIFIED_DOCUMENTED_VINTAGES_PARTIAL_RELEASE_HISTORY,2025Q4
PRODUCTION_ENSEMBLE,conservative,STRICT,LATEST_REVISED,HISTORICAL_POST_DEVELOPMENT_TEST,H3,LEAVE_ONE_QUARTER_OUT,3,3,0.92432026273747703,0.70700461310405383,0.70700461310405383,VERIFIED_DOCUMENTED_VINTAGES_PARTIAL_RELEASE_HISTORY,2025Q4
PRODUCTION_ENSEMBLE,conservative,STRICT,LATEST_REVISED,HISTORICAL_POST_DEVELOPMENT_TEST,ALL,LEAVE_ONE_QUARTER_OUT,9,3,0.85152058663868258,0.6524097282166037,0.6524097282166037,VERIFIED_DOCUMENTED_VINTAGES_PARTIAL_RELEASE_HISTORY,2025Q4
PRODUCTION_ENSEMBLE,conservative,STRICT,LATEST_REVISED,HISTORICAL_POST_DEVELOPMENT_TEST,H2_H3,LEAVE_ONE_QUARTER_OUT,6,3,0.91070624792198629,0.72634014948437298,0.72634014948437298,VERIFIED_DOCUMENTED_VINTAGES_PARTIAL_RELEASE_HISTORY,2025Q4
PRODUCTION_ENSEMBLE,conservative,STRICT,LATEST_REVISED,POOLED_RESEARCH_ONLY,H1,LEAVE_ONE_QUARTER_OUT,9,9,0.59638835086067177,0.50500380222769603,0.50500380222769603,VERIFIED_DOCUMENTED_VINTAGES_PARTIAL_RELEASE_HISTORY,2025Q4
PRODUCTION_ENSEMBLE,conservative,STRICT,LATEST_REVISED,POOLED_RESEARCH_ONLY,H2,LEAVE_ONE_QUARTER_OUT,9,9,0.66783976399707301,0.57547345823618434,0.57547345823618434,VERIFIED_DOCUMENTED_VINTAGES_PARTIAL_RELEASE_HISTORY,2025Q4
PRODUCTION_ENSEMBLE,conservative,STRICT,LATEST_REVISED,POOLED_RESEARCH_ONLY,H3,LEAVE_ONE_QUARTER_OUT,9,9,0.69679165176486335,0.58310200521030853,0.58310200521030853,VERIFIED_DOCUMENTED_VINTAGES_PARTIAL_RELEASE_HISTORY,2025Q4
PRODUCTION_ENSEMBLE,conservative,STRICT,LATEST_REVISED,POOLED_RESEARCH_ONLY,ALL,LEAVE_ONE_QUARTER_OUT,27,9,0.6550337450307897,0.55452642189139634,0.55452642189139634,VERIFIED_DOCUMENTED_VINTAGES_PARTIAL_RELEASE_HISTORY,2025Q4
PRODUCTION_ENSEMBLE,conservative,STRICT,LATEST_REVISED,POOLED_RESEARCH_ONLY,H2_H3,LEAVE_ONE_QUARTER_OUT,18,9,0.68246925071569087,0.57928773172324655,0.57928773172324655,VERIFIED_DOCUMENTED_VINTAGES_PARTIAL_RELEASE_HISTORY,2025Q4
PRODUCTION_ENSEMBLE,standard,PERMISSIVE_END_OF_DAY,FIRST_RELEASE,HISTORICAL_POST_DEVELOPMENT_TEST,H1,LEAVE_ONE_QUARTER_OUT,3,3,0.89688560692052877,0.74567568586469279,0.74567568586469279,VERIFIED_DOCUMENTED_VINTAGES_PARTIAL_RELEASE_HISTORY,2025Q4
PRODUCTION_ENSEMBLE,standard,PERMISSIVE_END_OF_DAY,FIRST_RELEASE,HISTORICAL_POST_DEVELOPMENT_TEST,H2,LEAVE_ONE_QUARTER_OUT,3,3,0.92432026273747614,0.70700461310405449,0.70700461310405449,VERIFIED_DOCUMENTED_VINTAGES_PARTIAL_RELEASE_HISTORY,2025Q4
PRODUCTION_ENSEMBLE,standard,PERMISSIVE_END_OF_DAY,FIRST_RELEASE,HISTORICAL_POST_DEVELOPMENT_TEST,H3,LEAVE_ONE_QUARTER_OUT,3,3,0.5323846939386303,0.37661941299144913,0.37661941299144913,VERIFIED_DOCUMENTED_VINTAGES_PARTIAL_RELEASE_HISTORY,2025Q4
PRODUCTION_ENSEMBLE,standard,PERMISSIVE_END_OF_DAY,FIRST_RELEASE,HISTORICAL_POST_DEVELOPMENT_TEST,ALL,LEAVE_ONE_QUARTER_OUT,9,3,0.80461278520549073,0.60976657065339879,0.60976657065339879,VERIFIED_DOCUMENTED_VINTAGES_PARTIAL_RELEASE_HISTORY,2025Q4
PRODUCTION_ENSEMBLE,standard,PERMISSIVE_END_OF_DAY,FIRST_RELEASE,HISTORICAL_POST_DEVELOPMENT_TEST,H2_H3,LEAVE_ONE_QUARTER_OUT,6,3,0.75425506642223028,0.54181201304775184,0.54181201304775184,VERIFIED_DOCUMENTED_VINTAGES_PARTIAL_RELEASE_HISTORY,2025Q4
PRODUCTION_ENSEMBLE,standard,PERMISSIVE_END_OF_DAY,FIRST_RELEASE,POOLED_RESEARCH_ONLY,H1,LEAVE_ONE_QUARTER_OUT,9,9,0.6262240426560628,0.50880679156951825,0.50880679156951825,VERIFIED_DOCUMENTED_VINTAGES_PARTIAL_RELEASE_HISTORY,2025Q4
PRODUCTION_ENSEMBLE,standard,PERMISSIVE_END_OF_DAY,FIRST_RELEASE,POOLED_RESEARCH_ONLY,H2,LEAVE_ONE_QUARTER_OUT,9,9,0.65420617034959805,0.51643533854364243,0.51643533854364243,VERIFIED_DOCUMENTED_VINTAGES_PARTIAL_RELEASE_HISTORY,2025Q4
PRODUCTION_ENSEMBLE,standard,PERMISSIVE_END_OF_DAY,FIRST_RELEASE,POOLED_RESEARCH_ONLY,H3,LEAVE_ONE_QUARTER_OUT,9,9,0.41190646178500717,0.33739883334686444,0.26085122128890448,VERIFIED_DOCUMENTED_VINTAGES_PARTIAL_RELEASE_HISTORY,2025Q4
PRODUCTION_ENSEMBLE,standard,PERMISSIVE_END_OF_DAY,FIRST_RELEASE,POOLED_RESEARCH_ONLY,ALL,LEAVE_ONE_QUARTER_OUT,27,9,0.57440090476490757,0.45421365448667506,0.42869778380068835,VERIFIED_DOCUMENTED_VINTAGES_PARTIAL_RELEASE_HISTORY,2025Q4
PRODUCTION_ENSEMBLE,standard,PERMISSIVE_END_OF_DAY,FIRST_RELEASE,POOLED_RESEARCH_ONLY,H2_H3,LEAVE_ONE_QUARTER_OUT,18,9,0.54665009219048477,0.42691708594525341,0.38864327991627345,VERIFIED_DOCUMENTED_VINTAGES_PARTIAL_RELEASE_HISTORY,2025Q4
PRODUCTION_ENSEMBLE,standard,PERMISSIVE_END_OF_DAY,LATEST_REVISED,HISTORICAL_POST_DEVELOPMENT_TEST,H1,LEAVE_ONE_QUARTER_OUT,3,3,0.89688560692052943,0.74567568586469213,0.74567568586469213,VERIFIED_DOCUMENTED_VINTAGES_PARTIAL_RELEASE_HISTORY,2025Q4
PRODUCTION_ENSEMBLE,standard,PERMISSIVE_END_OF_DAY,LATEST_REVISED,HISTORICAL_POST_DEVELOPMENT_TEST,H2,LEAVE_ONE_QUARTER_OUT,3,3,0.92432026273747703,0.70700461310405383,0.70700461310405383,VERIFIED_DOCUMENTED_VINTAGES_PARTIAL_RELEASE_HISTORY,2025Q4
PRODUCTION_ENSEMBLE,standard,PERMISSIVE_END_OF_DAY,LATEST_REVISED,HISTORICAL_POST_DEVELOPMENT_TEST,H3,LEAVE_ONE_QUARTER_OUT,3,3,0.53238469393863186,0.37661941299144858,0.37661941299144858,VERIFIED_DOCUMENTED_VINTAGES_PARTIAL_RELEASE_HISTORY,2025Q4
PRODUCTION_ENSEMBLE,standard,PERMISSIVE_END_OF_DAY,LATEST_REVISED,HISTORICAL_POST_DEVELOPMENT_TEST,ALL,LEAVE_ONE_QUARTER_OUT,9,3,0.80461278520549162,0.60976657065339823,0.60976657065339823,VERIFIED_DOCUMENTED_VINTAGES_PARTIAL_RELEASE_HISTORY,2025Q4
PRODUCTION_ENSEMBLE,standard,PERMISSIVE_END_OF_DAY,LATEST_REVISED,HISTORICAL_POST_DEVELOPMENT_TEST,H2_H3,LEAVE_ONE_QUARTER_OUT,6,3,0.75425506642223139,0.54181201304775117,0.54181201304775117,VERIFIED_DOCUMENTED_VINTAGES_PARTIAL_RELEASE_HISTORY,2025Q4
PRODUCTION_ENSEMBLE,standard,PERMISSIVE_END_OF_DAY,LATEST_REVISED,POOLED_RESEARCH_ONLY,H1,LEAVE_ONE_QUARTER_OUT,9,9,0.66783976399707301,0.57547345823618434,0.57547345823618434,VERIFIED_DOCUMENTED_VINTAGES_PARTIAL_RELEASE_HISTORY,2025Q4
PRODUCTION_ENSEMBLE,standard,PERMISSIVE_END_OF_DAY,LATEST_REVISED,POOLED_RESEARCH_ONLY,H2,LEAVE_ONE_QUARTER_OUT,9,9,0.69679165176486335,0.58310200521030853,0.58310200521030853,VERIFIED_DOCUMENTED_VINTAGES_PARTIAL_RELEASE_HISTORY,2025Q4
PRODUCTION_ENSEMBLE,standard,PERMISSIVE_END_OF_DAY,LATEST_REVISED,POOLED_RESEARCH_ONLY,H3,LEAVE_ONE_QUARTER_OUT,9,9,0.46708251487976105,0.40406550001352998,0.32751788795557057,VERIFIED_DOCUMENTED_VINTAGES_PARTIAL_RELEASE_HISTORY,2025Q4
PRODUCTION_ENSEMBLE,standard,PERMISSIVE_END_OF_DAY,LATEST_REVISED,POOLED_RESEARCH_ONLY,ALL,LEAVE_ONE_QUARTER_OUT,27,9,0.61905697962069017,0.52088032115334093,0.4953644504673545,VERIFIED_DOCUMENTED_VINTAGES_PARTIAL_RELEASE_HISTORY,2025Q4
PRODUCTION_ENSEMBLE,standard,PERMISSIVE_END_OF_DAY,LATEST_REVISED,POOLED_RESEARCH_ONLY,H2_H3,LEAVE_ONE_QUARTER_OUT,18,9,0.5931629968548312,0.49358375261191928,0.45530994658293955,VERIFIED_DOCUMENTED_VINTAGES_PARTIAL_RELEASE_HISTORY,2025Q4
PRODUCTION_ENSEMBLE,standard,STRICT,FIRST_RELEASE,HISTORICAL_POST_DEVELOPMENT_TEST,H1,LEAVE_ONE_QUARTER_OUT,3,3,0.89688560692052877,0.74567568586469279,0.74567568586469279,VERIFIED_DOCUMENTED_VINTAGES_PARTIAL_RELEASE_HISTORY,2025Q4
PRODUCTION_ENSEMBLE,standard,STRICT,FIRST_RELEASE,HISTORICAL_POST_DEVELOPMENT_TEST,H2,LEAVE_ONE_QUARTER_OUT,3,3,0.92432026273747614,0.70700461310405449,0.70700461310405449,VERIFIED_DOCUMENTED_VINTAGES_PARTIAL_RELEASE_HISTORY,2025Q4
PRODUCTION_ENSEMBLE,standard,STRICT,FIRST_RELEASE,HISTORICAL_POST_DEVELOPMENT_TEST,H3,LEAVE_ONE_QUARTER_OUT,3,3,0.5323846939386303,0.37661941299144913,0.37661941299144913,VERIFIED_DOCUMENTED_VINTAGES_PARTIAL_RELEASE_HISTORY,2025Q4
PRODUCTION_ENSEMBLE,standard,STRICT,FIRST_RELEASE,HISTORICAL_POST_DEVELOPMENT_TEST,ALL,LEAVE_ONE_QUARTER_OUT,9,3,0.80461278520549073,0.60976657065339879,0.60976657065339879,VERIFIED_DOCUMENTED_VINTAGES_PARTIAL_RELEASE_HISTORY,2025Q4
PRODUCTION_ENSEMBLE,standard,STRICT,FIRST_RELEASE,HISTORICAL_POST_DEVELOPMENT_TEST,H2_H3,LEAVE_ONE_QUARTER_OUT,6,3,0.75425506642223028,0.54181201304775184,0.54181201304775184,VERIFIED_DOCUMENTED_VINTAGES_PARTIAL_RELEASE_HISTORY,2025Q4
PRODUCTION_ENSEMBLE,standard,STRICT,FIRST_RELEASE,POOLED_RESEARCH_ONLY,H1,LEAVE_ONE_QUARTER_OUT,9,9,0.6262240426560628,0.50880679156951825,0.50880679156951825,VERIFIED_DOCUMENTED_VINTAGES_PARTIAL_RELEASE_HISTORY,2025Q4
PRODUCTION_ENSEMBLE,standard,STRICT,FIRST_RELEASE,POOLED_RESEARCH_ONLY,H2,LEAVE_ONE_QUARTER_OUT,9,9,0.65420617034959805,0.51643533854364243,0.51643533854364243,VERIFIED_DOCUMENTED_VINTAGES_PARTIAL_RELEASE_HISTORY,2025Q4
PRODUCTION_ENSEMBLE,standard,STRICT,FIRST_RELEASE,POOLED_RESEARCH_ONLY,H3,LEAVE_ONE_QUARTER_OUT,9,9,0.41190646178500717,0.33739883334686444,0.26085122128890448,VERIFIED_DOCUMENTED_VINTAGES_PARTIAL_RELEASE_HISTORY,2025Q4
PRODUCTION_ENSEMBLE,standard,STRICT,FIRST_RELEASE,POOLED_RESEARCH_ONLY,ALL,LEAVE_ONE_QUARTER_OUT,27,9,0.57440090476490757,0.45421365448667506,0.42869778380068835,VERIFIED_DOCUMENTED_VINTAGES_PARTIAL_RELEASE_HISTORY,2025Q4
PRODUCTION_ENSEMBLE,standard,STRICT,FIRST_RELEASE,POOLED_RESEARCH_ONLY,H2_H3,LEAVE_ONE_QUARTER_OUT,18,9,0.54665009219048477,0.42691708594525341,0.38864327991627345,VERIFIED_DOCUMENTED_VINTAGES_PARTIAL_RELEASE_HISTORY,2025Q4
PRODUCTION_ENSEMBLE,standard,STRICT,LATEST_REVISED,HISTORICAL_POST_DEVELOPMENT_TEST,H1,LEAVE_ONE_QUARTER_OUT,3,3,0.89688560692052943,0.74567568586469213,0.74567568586469213,VERIFIED_DOCUMENTED_VINTAGES_PARTIAL_RELEASE_HISTORY,2025Q4
PRODUCTION_ENSEMBLE,standard,STRICT,LATEST_REVISED,HISTORICAL_POST_DEVELOPMENT_TEST,H2,LEAVE_ONE_QUARTER_OUT,3,3,0.92432026273747703,0.70700461310405383,0.70700461310405383,VERIFIED_DOCUMENTED_VINTAGES_PARTIAL_RELEASE_HISTORY,2025Q4
PRODUCTION_ENSEMBLE,standard,STRICT,LATEST_REVISED,HISTORICAL_POST_DEVELOPMENT_TEST,H3,LEAVE_ONE_QUARTER_OUT,3,3,0.53238469393863186,0.37661941299144858,0.37661941299144858,VERIFIED_DOCUMENTED_VINTAGES_PARTIAL_RELEASE_HISTORY,2025Q4
PRODUCTION_ENSEMBLE,standard,STRICT,LATEST_REVISED,HISTORICAL_POST_DEVELOPMENT_TEST,ALL,LEAVE_ONE_QUARTER_OUT,9,3,0.80461278520549162,0.60976657065339823,0.60976657065339823,VERIFIED_DOCUMENTED_VINTAGES_PARTIAL_RELEASE_HISTORY,2025Q4
PRODUCTION_ENSEMBLE,standard,STRICT,LATEST_REVISED,HISTORICAL_POST_DEVELOPMENT_TEST,H2_H3,LEAVE_ONE_QUARTER_OUT,6,3,0.75425506642223139,0.54181201304775117,0.54181201304775117,VERIFIED_DOCUMENTED_VINTAGES_PARTIAL_RELEASE_HISTORY,2025Q4
PRODUCTION_ENSEMBLE,standard,STRICT,LATEST_REVISED,POOLED_RESEARCH_ONLY,H1,LEAVE_ONE_QUARTER_OUT,9,9,0.66783976399707301,0.57547345823618434,0.57547345823618434,VERIFIED_DOCUMENTED_VINTAGES_PARTIAL_RELEASE_HISTORY,2025Q4
PRODUCTION_ENSEMBLE,standard,STRICT,LATEST_REVISED,POOLED_RESEARCH_ONLY,H2,LEAVE_ONE_QUARTER_OUT,9,9,0.69679165176486335,0.58310200521030853,0.58310200521030853,VERIFIED_DOCUMENTED_VINTAGES_PARTIAL_RELEASE_HISTORY,2025Q4
PRODUCTION_ENSEMBLE,standard,STRICT,LATEST_REVISED,POOLED_RESEARCH_ONLY,H3,LEAVE_ONE_QUARTER_OUT,9,9,0.46708251487976105,0.40406550001352998,0.32751788795557057,VERIFIED_DOCUMENTED_VINTAGES_PARTIAL_RELEASE_HISTORY,2025Q4
PRODUCTION_ENSEMBLE,standard,STRICT,LATEST_REVISED,POOLED_RESEARCH_ONLY,ALL,LEAVE_ONE_QUARTER_OUT,27,9,0.61905697962069017,0.52088032115334093,0.4953644504673545,VERIFIED_DOCUMENTED_VINTAGES_PARTIAL_RELEASE_HISTORY,2025Q4
PRODUCTION_ENSEMBLE,standard,STRICT,LATEST_REVISED,POOLED_RESEARCH_ONLY,H2_H3,LEAVE_ONE_QUARTER_OUT,18,9,0.5931629968548312,0.49358375261191928,0.45530994658293955,VERIFIED_DOCUMENTED_VINTAGES_PARTIAL_RELEASE_HISTORY,2025Q4
UMIDAS_USD,conservative,PERMISSIVE_END_OF_DAY,FIRST_RELEASE,HISTORICAL_POST_DEVELOPMENT_TEST,H1,LEAVE_ONE_QUARTER_OUT,3,3,0.45353795317355938,0.32133571836455282,0.18870105012813543,VERIFIED_DOCUMENTED_VINTAGES_PARTIAL_RELEASE_HISTORY,2025Q4
UMIDAS_USD,conservative,PERMISSIVE_END_OF_DAY,FIRST_RELEASE,HISTORICAL_POST_DEVELOPMENT_TEST,H2,LEAVE_ONE_QUARTER_OUT,3,3,0.75765174222772902,0.67095465049538883,0.67095465049538883,VERIFIED_DOCUMENTED_VINTAGES_PARTIAL_RELEASE_HISTORY,2025Q4
UMIDAS_USD,conservative,PERMISSIVE_END_OF_DAY,FIRST_RELEASE,HISTORICAL_POST_DEVELOPMENT_TEST,H3,LEAVE_ONE_QUARTER_OUT,3,3,0.80538873627251262,0.59361250497411255,0.59361250497411255,VERIFIED_DOCUMENTED_VINTAGES_PARTIAL_RELEASE_HISTORY,2025Q4
UMIDAS_USD,conservative,PERMISSIVE_END_OF_DAY,FIRST_RELEASE,HISTORICAL_POST_DEVELOPMENT_TEST,ALL,LEAVE_ONE_QUARTER_OUT,9,3,0.69002025428828528,0.52863429127801809,0.48442273519921231,VERIFIED_DOCUMENTED_VINTAGES_PARTIAL_RELEASE_HISTORY,2025Q4
UMIDAS_USD,conservative,PERMISSIVE_END_OF_DAY,FIRST_RELEASE,HISTORICAL_POST_DEVELOPMENT_TEST,H2_H3,LEAVE_ONE_QUARTER_OUT,6,3,0.78188463951383136,0.63228357773475075,0.63228357773475075,VERIFIED_DOCUMENTED_VINTAGES_PARTIAL_RELEASE_HISTORY,2025Q4
UMIDAS_USD,conservative,PERMISSIVE_END_OF_DAY,FIRST_RELEASE,POOLED_RESEARCH_ONLY,H1,LEAVE_ONE_QUARTER_OUT,9,9,0.41488448161988267,0.34048952512249531,0.28083344423531081,VERIFIED_DOCUMENTED_VINTAGES_PARTIAL_RELEASE_HISTORY,2025Q4
UMIDAS_USD,conservative,PERMISSIVE_END_OF_DAY,FIRST_RELEASE,POOLED_RESEARCH_ONLY,H2,LEAVE_ONE_QUARTER_OUT,9,9,0.5338569416286203,0.42814164470108601,0.4217727562522875,VERIFIED_DOCUMENTED_VINTAGES_PARTIAL_RELEASE_HISTORY,2025Q4
UMIDAS_USD,conservative,PERMISSIVE_END_OF_DAY,FIRST_RELEASE,POOLED_RESEARCH_ONLY,H3,LEAVE_ONE_QUARTER_OUT,9,9,0.58551605393545025,0.44663011373208827,0.43702985020053603,VERIFIED_DOCUMENTED_VINTAGES_PARTIAL_RELEASE_HISTORY,2025Q4
UMIDAS_USD,conservative,PERMISSIVE_END_OF_DAY,FIRST_RELEASE,POOLED_RESEARCH_ONLY,ALL,LEAVE_ONE_QUARTER_OUT,27,9,0.51638532661511727,0.40508709451855657,0.37987868356271148,VERIFIED_DOCUMENTED_VINTAGES_PARTIAL_RELEASE_HISTORY,2025Q4
UMIDAS_USD,conservative,PERMISSIVE_END_OF_DAY,FIRST_RELEASE,POOLED_RESEARCH_ONLY,H2_H3,LEAVE_ONE_QUARTER_OUT,18,9,0.56028219833455573,0.43738587921658717,0.42940130322641173,VERIFIED_DOCUMENTED_VINTAGES_PARTIAL_RELEASE_HISTORY,2025Q4
UMIDAS_USD,conservative,PERMISSIVE_END_OF_DAY,LATEST_REVISED,HISTORICAL_POST_DEVELOPMENT_TEST,H1,LEAVE_ONE_QUARTER_OUT,3,3,0.4535379531735621,0.32133571836455577,0.18870105012813485,VERIFIED_DOCUMENTED_VINTAGES_PARTIAL_RELEASE_HISTORY,2025Q4
UMIDAS_USD,conservative,PERMISSIVE_END_OF_DAY,LATEST_REVISED,HISTORICAL_POST_DEVELOPMENT_TEST,H2,LEAVE_ONE_QUARTER_OUT,3,3,0.7576517422277298,0.67095465049538827,0.67095465049538827,VERIFIED_DOCUMENTED_VINTAGES_PARTIAL_RELEASE_HISTORY,2025Q4
UMIDAS_USD,conservative,PERMISSIVE_END_OF_DAY,LATEST_REVISED,HISTORICAL_POST_DEVELOPMENT_TEST,H3,LEAVE_ONE_QUARTER_OUT,3,3,0.80538873627251373,0.593612504974112,0.593612504974112,VERIFIED_DOCUMENTED_VINTAGES_PARTIAL_RELEASE_HISTORY,2025Q4
UMIDAS_USD,conservative,PERMISSIVE_END_OF_DAY,LATEST_REVISED,HISTORICAL_POST_DEVELOPMENT_TEST,ALL,LEAVE_ONE_QUARTER_OUT,9,3,0.69002025428828662,0.52863429127801864,0.4844227351992117,VERIFIED_DOCUMENTED_VINTAGES_PARTIAL_RELEASE_HISTORY,2025Q4
UMIDAS_USD,conservative,PERMISSIVE_END_OF_DAY,LATEST_REVISED,HISTORICAL_POST_DEVELOPMENT_TEST,H2_H3,LEAVE_ONE_QUARTER_OUT,6,3,0.78188463951383236,0.63228357773475008,0.63228357773475008,VERIFIED_DOCUMENTED_VINTAGES_PARTIAL_RELEASE_HISTORY,2025Q4
UMIDAS_USD,conservative,PERMISSIVE_END_OF_DAY,LATEST_REVISED,POOLED_RESEARCH_ONLY,H1,LEAVE_ONE_QUARTER_OUT,9,9,0.45965221379988952,0.39171166698078391,0.34750011090197691,VERIFIED_DOCUMENTED_VINTAGES_PARTIAL_RELEASE_HISTORY,2025Q4
UMIDAS_USD,conservative,PERMISSIVE_END_OF_DAY,LATEST_REVISED,POOLED_RESEARCH_ONLY,H2,LEAVE_ONE_QUARTER_OUT,9,9,0.57979824737579433,0.49480831136775333,0.48843942291895359,VERIFIED_DOCUMENTED_VINTAGES_PARTIAL_RELEASE_HISTORY,2025Q4
UMIDAS_USD,conservative,PERMISSIVE_END_OF_DAY,LATEST_REVISED,POOLED_RESEARCH_ONLY,H3,LEAVE_ONE_QUARTER_OUT,9,9,0.63352254158177412,0.51329678039875559,0.50369651686720218,VERIFIED_DOCUMENTED_VINTAGES_PARTIAL_RELEASE_HISTORY,2025Q4
UMIDAS_USD,conservative,PERMISSIVE_END_OF_DAY,LATEST_REVISED,POOLED_RESEARCH_ONLY,ALL,LEAVE_ONE_QUARTER_OUT,27,9,0.56237501604161289,0.46660558624909759,0.44654535022937758,VERIFIED_DOCUMENTED_VINTAGES_PARTIAL_RELEASE_HISTORY,2025Q4
UMIDAS_USD,conservative,PERMISSIVE_END_OF_DAY,LATEST_REVISED,POOLED_RESEARCH_ONLY,H2_H3,LEAVE_ONE_QUARTER_OUT,18,9,0.60725481404113779,0.50405254588325443,0.49606796989307789,VERIFIED_DOCUMENTED_VINTAGES_PARTIAL_RELEASE_HISTORY,2025Q4
UMIDAS_USD,conservative,STRICT,FIRST_RELEASE,HISTORICAL_POST_DEVELOPMENT_TEST,H1,LEAVE_ONE_QUARTER_OUT,3,3,0.45353795317355938,0.32133571836455282,0.18870105012813543,VERIFIED_DOCUMENTED_VINTAGES_PARTIAL_RELEASE_HISTORY,2025Q4
UMIDAS_USD,conservative,STRICT,FIRST_RELEASE,HISTORICAL_POST_DEVELOPMENT_TEST,H2,LEAVE_ONE_QUARTER_OUT,3,3,0.75765174222772902,0.67095465049538883,0.67095465049538883,VERIFIED_DOCUMENTED_VINTAGES_PARTIAL_RELEASE_HISTORY,2025Q4
UMIDAS_USD,conservative,STRICT,FIRST_RELEASE,HISTORICAL_POST_DEVELOPMENT_TEST,H3,LEAVE_ONE_QUARTER_OUT,3,3,0.80538873627251262,0.59361250497411255,0.59361250497411255,VERIFIED_DOCUMENTED_VINTAGES_PARTIAL_RELEASE_HISTORY,2025Q4
UMIDAS_USD,conservative,STRICT,FIRST_RELEASE,HISTORICAL_POST_DEVELOPMENT_TEST,ALL,LEAVE_ONE_QUARTER_OUT,9,3,0.69002025428828528,0.52863429127801809,0.48442273519921231,VERIFIED_DOCUMENTED_VINTAGES_PARTIAL_RELEASE_HISTORY,2025Q4
UMIDAS_USD,conservative,STRICT,FIRST_RELEASE,HISTORICAL_POST_DEVELOPMENT_TEST,H2_H3,LEAVE_ONE_QUARTER_OUT,6,3,0.78188463951383136,0.63228357773475075,0.63228357773475075,VERIFIED_DOCUMENTED_VINTAGES_PARTIAL_RELEASE_HISTORY,2025Q4
UMIDAS_USD,conservative,STRICT,FIRST_RELEASE,POOLED_RESEARCH_ONLY,H1,LEAVE_ONE_QUARTER_OUT,9,9,0.41488448161988267,0.34048952512249531,0.28083344423531081,VERIFIED_DOCUMENTED_VINTAGES_PARTIAL_RELEASE_HISTORY,2025Q4
UMIDAS_USD,conservative,STRICT,FIRST_RELEASE,POOLED_RESEARCH_ONLY,H2,LEAVE_ONE_QUARTER_OUT,9,9,0.5338569416286203,0.42814164470108601,0.4217727562522875,VERIFIED_DOCUMENTED_VINTAGES_PARTIAL_RELEASE_HISTORY,2025Q4
UMIDAS_USD,conservative,STRICT,FIRST_RELEASE,POOLED_RESEARCH_ONLY,H3,LEAVE_ONE_QUARTER_OUT,9,9,0.58551605393545025,0.44663011373208827,0.43702985020053603,VERIFIED_DOCUMENTED_VINTAGES_PARTIAL_RELEASE_HISTORY,2025Q4
UMIDAS_USD,conservative,STRICT,FIRST_RELEASE,POOLED_RESEARCH_ONLY,ALL,LEAVE_ONE_QUARTER_OUT,27,9,0.51638532661511727,0.40508709451855657,0.37987868356271148,VERIFIED_DOCUMENTED_VINTAGES_PARTIAL_RELEASE_HISTORY,2025Q4
UMIDAS_USD,conservative,STRICT,FIRST_RELEASE,POOLED_RESEARCH_ONLY,H2_H3,LEAVE_ONE_QUARTER_OUT,18,9,0.56028219833455573,0.43738587921658717,0.42940130322641173,VERIFIED_DOCUMENTED_VINTAGES_PARTIAL_RELEASE_HISTORY,2025Q4
UMIDAS_USD,conservative,STRICT,LATEST_REVISED,HISTORICAL_POST_DEVELOPMENT_TEST,H1,LEAVE_ONE_QUARTER_OUT,3,3,0.4535379531735621,0.32133571836455577,0.18870105012813485,VERIFIED_DOCUMENTED_VINTAGES_PARTIAL_RELEASE_HISTORY,2025Q4
UMIDAS_USD,conservative,STRICT,LATEST_REVISED,HISTORICAL_POST_DEVELOPMENT_TEST,H2,LEAVE_ONE_QUARTER_OUT,3,3,0.7576517422277298,0.67095465049538827,0.67095465049538827,VERIFIED_DOCUMENTED_VINTAGES_PARTIAL_RELEASE_HISTORY,2025Q4
UMIDAS_USD,conservative,STRICT,LATEST_REVISED,HISTORICAL_POST_DEVELOPMENT_TEST,H3,LEAVE_ONE_QUARTER_OUT,3,3,0.80538873627251373,0.593612504974112,0.593612504974112,VERIFIED_DOCUMENTED_VINTAGES_PARTIAL_RELEASE_HISTORY,2025Q4
UMIDAS_USD,conservative,STRICT,LATEST_REVISED,HISTORICAL_POST_DEVELOPMENT_TEST,ALL,LEAVE_ONE_QUARTER_OUT,9,3,0.69002025428828662,0.52863429127801864,0.4844227351992117,VERIFIED_DOCUMENTED_VINTAGES_PARTIAL_RELEASE_HISTORY,2025Q4
UMIDAS_USD,conservative,STRICT,LATEST_REVISED,HISTORICAL_POST_DEVELOPMENT_TEST,H2_H3,LEAVE_ONE_QUARTER_OUT,6,3,0.78188463951383236,0.63228357773475008,0.63228357773475008,VERIFIED_DOCUMENTED_VINTAGES_PARTIAL_RELEASE_HISTORY,2025Q4
UMIDAS_USD,conservative,STRICT,LATEST_REVISED,POOLED_RESEARCH_ONLY,H1,LEAVE_ONE_QUARTER_OUT,9,9,0.45965221379988952,0.39171166698078391,0.34750011090197691,VERIFIED_DOCUMENTED_VINTAGES_PARTIAL_RELEASE_HISTORY,2025Q4
UMIDAS_USD,conservative,STRICT,LATEST_REVISED,POOLED_RESEARCH_ONLY,H2,LEAVE_ONE_QUARTER_OUT,9,9,0.57979824737579433,0.49480831136775333,0.48843942291895359,VERIFIED_DOCUMENTED_VINTAGES_PARTIAL_RELEASE_HISTORY,2025Q4
UMIDAS_USD,conservative,STRICT,LATEST_REVISED,POOLED_RESEARCH_ONLY,H3,LEAVE_ONE_QUARTER_OUT,9,9,0.63352254158177412,0.51329678039875559,0.50369651686720218,VERIFIED_DOCUMENTED_VINTAGES_PARTIAL_RELEASE_HISTORY,2025Q4
UMIDAS_USD,conservative,STRICT,LATEST_REVISED,POOLED_RESEARCH_ONLY,ALL,LEAVE_ONE_QUARTER_OUT,27,9,0.56237501604161289,0.46660558624909759,0.44654535022937758,VERIFIED_DOCUMENTED_VINTAGES_PARTIAL_RELEASE_HISTORY,2025Q4
UMIDAS_USD,conservative,STRICT,LATEST_REVISED,POOLED_RESEARCH_ONLY,H2_H3,LEAVE_ONE_QUARTER_OUT,18,9,0.60725481404113779,0.50405254588325443,0.49606796989307789,VERIFIED_DOCUMENTED_VINTAGES_PARTIAL_RELEASE_HISTORY,2025Q4
UMIDAS_USD,standard,PERMISSIVE_END_OF_DAY,FIRST_RELEASE,HISTORICAL_POST_DEVELOPMENT_TEST,H1,LEAVE_ONE_QUARTER_OUT,3,3,0.75765174222772902,0.67095465049538883,0.67095465049538883,VERIFIED_DOCUMENTED_VINTAGES_PARTIAL_RELEASE_HISTORY,2025Q4
UMIDAS_USD,standard,PERMISSIVE_END_OF_DAY,FIRST_RELEASE,HISTORICAL_POST_DEVELOPMENT_TEST,H2,LEAVE_ONE_QUARTER_OUT,3,3,0.80538873627251262,0.59361250497411255,0.59361250497411255,VERIFIED_DOCUMENTED_VINTAGES_PARTIAL_RELEASE_HISTORY,2025Q4
UMIDAS_USD,standard,PERMISSIVE_END_OF_DAY,FIRST_RELEASE,HISTORICAL_POST_DEVELOPMENT_TEST,H3,LEAVE_ONE_QUARTER_OUT,3,3,0.29644818967713671,0.24948350569879332,-0.067157895251098651,VERIFIED_DOCUMENTED_VINTAGES_PARTIAL_RELEASE_HISTORY,2025Q4
UMIDAS_USD,standard,PERMISSIVE_END_OF_DAY,FIRST_RELEASE,HISTORICAL_POST_DEVELOPMENT_TEST,ALL,LEAVE_ONE_QUARTER_OUT,9,3,0.66095100881941315,0.50468355372276497,0.39913642007280092,VERIFIED_DOCUMENTED_VINTAGES_PARTIAL_RELEASE_HISTORY,2025Q4
UMIDAS_USD,standard,PERMISSIVE_END_OF_DAY,FIRST_RELEASE,HISTORICAL_POST_DEVELOPMENT_TEST,H2_H3,LEAVE_ONE_QUARTER_OUT,6,3,0.60684946472642076,0.42154800533645292,0.26322730486150697,VERIFIED_DOCUMENTED_VINTAGES_PARTIAL_RELEASE_HISTORY,2025Q4
UMIDAS_USD,standard,PERMISSIVE_END_OF_DAY,FIRST_RELEASE,POOLED_RESEARCH_ONLY,H1,LEAVE_ONE_QUARTER_OUT,9,9,0.5338569416286203,0.42814164470108601,0.4217727562522875,VERIFIED_DOCUMENTED_VINTAGES_PARTIAL_RELEASE_HISTORY,2025Q4
UMIDAS_USD,standard,PERMISSIVE_END_OF_DAY,FIRST_RELEASE,POOLED_RESEARCH_ONLY,H2,LEAVE_ONE_QUARTER_OUT,9,9,0.58551605393545025,0.44663011373208827,0.43702985020053603,VERIFIED_DOCUMENTED_VINTAGES_PARTIAL_RELEASE_HISTORY,2025Q4
UMIDAS_USD,standard,PERMISSIVE_END_OF_DAY,FIRST_RELEASE,POOLED_RESEARCH_ONLY,H3,LEAVE_ONE_QUARTER_OUT,9,9,0.51172671637954248,0.33736703116072381,-0.074138384308940208,VERIFIED_DOCUMENTED_VINTAGES_PARTIAL_RELEASE_HISTORY,2025Q4
UMIDAS_USD,standard,PERMISSIVE_END_OF_DAY,FIRST_RELEASE,POOLED_RESEARCH_ONLY,ALL,LEAVE_ONE_QUARTER_OUT,27,9,0.54457828203659686,0.40404626319796605,0.26155474071462775,VERIFIED_DOCUMENTED_VINTAGES_PARTIAL_RELEASE_HISTORY,2025Q4
UMIDAS_USD,standard,PERMISSIVE_END_OF_DAY,FIRST_RELEASE,POOLED_RESEARCH_ONLY,H2_H3,LEAVE_ONE_QUARTER_OUT,18,9,0.54986056490383528,0.39199857244640607,0.18144573294579791,VERIFIED_DOCUMENTED_VINTAGES_PARTIAL_RELEASE_HISTORY,2025Q4
UMIDAS_USD,standard,PERMISSIVE_END_OF_DAY,LATEST_REVISED,HISTORICAL_POST_DEVELOPMENT_TEST,H1,LEAVE_ONE_QUARTER_OUT,3,3,0.7576517422277298,0.67095465049538827,0.67095465049538827,VERIFIED_DOCUMENTED_VINTAGES_PARTIAL_RELEASE_HISTORY,2025Q4
UMIDAS_USD,standard,PERMISSIVE_END_OF_DAY,LATEST_REVISED,HISTORICAL_POST_DEVELOPMENT_TEST,H2,LEAVE_ONE_QUARTER_OUT,3,3,0.80538873627251373,0.593612504974112,0.593612504974112,VERIFIED_DOCUMENTED_VINTAGES_PARTIAL_RELEASE_HISTORY,2025Q4
UMIDAS_USD,standard,PERMISSIVE_END_OF_DAY,LATEST_REVISED,HISTORICAL_POST_DEVELOPMENT_TEST,H3,LEAVE_ONE_QUARTER_OUT,3,3,0.29644818967714015,0.24948350569879629,-0.067157895251099234,VERIFIED_DOCUMENTED_VINTAGES_PARTIAL_RELEASE_HISTORY,2025Q4
UMIDAS_USD,standard,PERMISSIVE_END_OF_DAY,LATEST_REVISED,HISTORICAL_POST_DEVELOPMENT_TEST,ALL,LEAVE_ONE_QUARTER_OUT,9,3,0.66095100881941449,0.50468355372276552,0.39913642007280031,VERIFIED_DOCUMENTED_VINTAGES_PARTIAL_RELEASE_HISTORY,2025Q4
UMIDAS_USD,standard,PERMISSIVE_END_OF_DAY,LATEST_REVISED,HISTORICAL_POST_DEVELOPMENT_TEST,H2_H3,LEAVE_ONE_QUARTER_OUT,6,3,0.60684946472642243,0.42154800533645415,0.26322730486150636,VERIFIED_DOCUMENTED_VINTAGES_PARTIAL_RELEASE_HISTORY,2025Q4
UMIDAS_USD,standard,PERMISSIVE_END_OF_DAY,LATEST_REVISED,POOLED_RESEARCH_ONLY,H1,LEAVE_ONE_QUARTER_OUT,9,9,0.57979824737579433,0.49480831136775333,0.48843942291895359,VERIFIED_DOCUMENTED_VINTAGES_PARTIAL_RELEASE_HISTORY,2025Q4
UMIDAS_USD,standard,PERMISSIVE_END_OF_DAY,LATEST_REVISED,POOLED_RESEARCH_ONLY,H2,LEAVE_ONE_QUARTER_OUT,9,9,0.63352254158177412,0.51329678039875559,0.50369651686720218,VERIFIED_DOCUMENTED_VINTAGES_PARTIAL_RELEASE_HISTORY,2025Q4
UMIDAS_USD,standard,PERMISSIVE_END_OF_DAY,LATEST_REVISED,POOLED_RESEARCH_ONLY,H3,LEAVE_ONE_QUARTER_OUT,9,9,0.54983496899847761,0.40403369782739174,-0.0074717176422740804,VERIFIED_DOCUMENTED_VINTAGES_PARTIAL_RELEASE_HISTORY,2025Q4
UMIDAS_USD,standard,PERMISSIVE_END_OF_DAY,LATEST_REVISED,POOLED_RESEARCH_ONLY,ALL,LEAVE_ONE_QUARTER_OUT,27,9,0.58873743765389741,0.47071292986463359,0.32822140738129385,VERIFIED_DOCUMENTED_VINTAGES_PARTIAL_RELEASE_HISTORY,2025Q4
UMIDAS_USD,standard,PERMISSIVE_END_OF_DAY,LATEST_REVISED,POOLED_RESEARCH_ONLY,H2_H3,LEAVE_ONE_QUARTER_OUT,18,9,0.59315651552764204,0.45866523911307361,0.24811239961246404,VERIFIED_DOCUMENTED_VINTAGES_PARTIAL_RELEASE_HISTORY,2025Q4
UMIDAS_USD,standard,STRICT,FIRST_RELEASE,HISTORICAL_POST_DEVELOPMENT_TEST,H1,LEAVE_ONE_QUARTER_OUT,3,3,0.75765174222772902,0.67095465049538883,0.67095465049538883,VERIFIED_DOCUMENTED_VINTAGES_PARTIAL_RELEASE_HISTORY,2025Q4
UMIDAS_USD,standard,STRICT,FIRST_RELEASE,HISTORICAL_POST_DEVELOPMENT_TEST,H2,LEAVE_ONE_QUARTER_OUT,3,3,0.80538873627251262,0.59361250497411255,0.59361250497411255,VERIFIED_DOCUMENTED_VINTAGES_PARTIAL_RELEASE_HISTORY,2025Q4
UMIDAS_USD,standard,STRICT,FIRST_RELEASE,HISTORICAL_POST_DEVELOPMENT_TEST,H3,LEAVE_ONE_QUARTER_OUT,3,3,0.29644818967713671,0.24948350569879332,-0.067157895251098651,VERIFIED_DOCUMENTED_VINTAGES_PARTIAL_RELEASE_HISTORY,2025Q4
UMIDAS_USD,standard,STRICT,FIRST_RELEASE,HISTORICAL_POST_DEVELOPMENT_TEST,ALL,LEAVE_ONE_QUARTER_OUT,9,3,0.66095100881941315,0.50468355372276497,0.39913642007280092,VERIFIED_DOCUMENTED_VINTAGES_PARTIAL_RELEASE_HISTORY,2025Q4
UMIDAS_USD,standard,STRICT,FIRST_RELEASE,HISTORICAL_POST_DEVELOPMENT_TEST,H2_H3,LEAVE_ONE_QUARTER_OUT,6,3,0.60684946472642076,0.42154800533645292,0.26322730486150697,VERIFIED_DOCUMENTED_VINTAGES_PARTIAL_RELEASE_HISTORY,2025Q4
UMIDAS_USD,standard,STRICT,FIRST_RELEASE,POOLED_RESEARCH_ONLY,H1,LEAVE_ONE_QUARTER_OUT,9,9,0.5338569416286203,0.42814164470108601,0.4217727562522875,VERIFIED_DOCUMENTED_VINTAGES_PARTIAL_RELEASE_HISTORY,2025Q4
UMIDAS_USD,standard,STRICT,FIRST_RELEASE,POOLED_RESEARCH_ONLY,H2,LEAVE_ONE_QUARTER_OUT,9,9,0.58551605393545025,0.44663011373208827,0.43702985020053603,VERIFIED_DOCUMENTED_VINTAGES_PARTIAL_RELEASE_HISTORY,2025Q4
UMIDAS_USD,standard,STRICT,FIRST_RELEASE,POOLED_RESEARCH_ONLY,H3,LEAVE_ONE_QUARTER_OUT,9,9,0.51172671637954248,0.33736703116072381,-0.074138384308940208,VERIFIED_DOCUMENTED_VINTAGES_PARTIAL_RELEASE_HISTORY,2025Q4
UMIDAS_USD,standard,STRICT,FIRST_RELEASE,POOLED_RESEARCH_ONLY,ALL,LEAVE_ONE_QUARTER_OUT,27,9,0.54457828203659686,0.40404626319796605,0.26155474071462775,VERIFIED_DOCUMENTED_VINTAGES_PARTIAL_RELEASE_HISTORY,2025Q4
UMIDAS_USD,standard,STRICT,FIRST_RELEASE,POOLED_RESEARCH_ONLY,H2_H3,LEAVE_ONE_QUARTER_OUT,18,9,0.54986056490383528,0.39199857244640607,0.18144573294579791,VERIFIED_DOCUMENTED_VINTAGES_PARTIAL_RELEASE_HISTORY,2025Q4
UMIDAS_USD,standard,STRICT,LATEST_REVISED,HISTORICAL_POST_DEVELOPMENT_TEST,H1,LEAVE_ONE_QUARTER_OUT,3,3,0.7576517422277298,0.67095465049538827,0.67095465049538827,VERIFIED_DOCUMENTED_VINTAGES_PARTIAL_RELEASE_HISTORY,2025Q4
UMIDAS_USD,standard,STRICT,LATEST_REVISED,HISTORICAL_POST_DEVELOPMENT_TEST,H2,LEAVE_ONE_QUARTER_OUT,3,3,0.80538873627251373,0.593612504974112,0.593612504974112,VERIFIED_DOCUMENTED_VINTAGES_PARTIAL_RELEASE_HISTORY,2025Q4
UMIDAS_USD,standard,STRICT,LATEST_REVISED,HISTORICAL_POST_DEVELOPMENT_TEST,H3,LEAVE_ONE_QUARTER_OUT,3,3,0.29644818967714015,0.24948350569879629,-0.067157895251099234,VERIFIED_DOCUMENTED_VINTAGES_PARTIAL_RELEASE_HISTORY,2025Q4
UMIDAS_USD,standard,STRICT,LATEST_REVISED,HISTORICAL_POST_DEVELOPMENT_TEST,ALL,LEAVE_ONE_QUARTER_OUT,9,3,0.66095100881941449,0.50468355372276552,0.39913642007280031,VERIFIED_DOCUMENTED_VINTAGES_PARTIAL_RELEASE_HISTORY,2025Q4
UMIDAS_USD,standard,STRICT,LATEST_REVISED,HISTORICAL_POST_DEVELOPMENT_TEST,H2_H3,LEAVE_ONE_QUARTER_OUT,6,3,0.60684946472642243,0.42154800533645415,0.26322730486150636,VERIFIED_DOCUMENTED_VINTAGES_PARTIAL_RELEASE_HISTORY,2025Q4
UMIDAS_USD,standard,STRICT,LATEST_REVISED,POOLED_RESEARCH_ONLY,H1,LEAVE_ONE_QUARTER_OUT,9,9,0.57979824737579433,0.49480831136775333,0.48843942291895359,VERIFIED_DOCUMENTED_VINTAGES_PARTIAL_RELEASE_HISTORY,2025Q4
UMIDAS_USD,standard,STRICT,LATEST_REVISED,POOLED_RESEARCH_ONLY,H2,LEAVE_ONE_QUARTER_OUT,9,9,0.63352254158177412,0.51329678039875559,0.50369651686720218,VERIFIED_DOCUMENTED_VINTAGES_PARTIAL_RELEASE_HISTORY,2025Q4
UMIDAS_USD,standard,STRICT,LATEST_REVISED,POOLED_RESEARCH_ONLY,H3,LEAVE_ONE_QUARTER_OUT,9,9,0.54983496899847761,0.40403369782739174,-0.0074717176422740804,VERIFIED_DOCUMENTED_VINTAGES_PARTIAL_RELEASE_HISTORY,2025Q4
UMIDAS_USD,standard,STRICT,LATEST_REVISED,POOLED_RESEARCH_ONLY,ALL,LEAVE_ONE_QUARTER_OUT,27,9,0.58873743765389741,0.47071292986463359,0.32822140738129385,VERIFIED_DOCUMENTED_VINTAGES_PARTIAL_RELEASE_HISTORY,2025Q4
UMIDAS_USD,standard,STRICT,LATEST_REVISED,POOLED_RESEARCH_ONLY,H2_H3,LEAVE_ONE_QUARTER_OUT,18,9,0.59315651552764204,0.45866523911307361,0.24811239961246404,VERIFIED_DOCUMENTED_VINTAGES_PARTIAL_RELEASE_HISTORY,2025Q4
COMBO_B,conservative,PERMISSIVE_END_OF_DAY,FIRST_RELEASE,HISTORICAL_POST_DEVELOPMENT_TEST,H1,LEAVE_ONE_QUARTER_OUT,3,3,0.30983709376532154,0.30520238195509969,0.30520238195509969,VERIFIED_DOCUMENTED_VINTAGES_PARTIAL_RELEASE_HISTORY,2026Q1
COMBO_B,conservative,PERMISSIVE_END_OF_DAY,FIRST_RELEASE,HISTORICAL_POST_DEVELOPMENT_TEST,H2,LEAVE_ONE_QUARTER_OUT,3,3,0.4842522254160605,0.43988379991636872,0.33536184547566145,VERIFIED_DOCUMENTED_VINTAGES_PARTIAL_RELEASE_HISTORY,2026Q1
COMBO_B,conservative,PERMISSIVE_END_OF_DAY,FIRST_RELEASE,HISTORICAL_POST_DEVELOPMENT_TEST,H3,LEAVE_ONE_QUARTER_OUT,3,3,0.39130775120868,0.33798690649371438,0.28732984995705174,VERIFIED_DOCUMENTED_VINTAGES_PARTIAL_RELEASE_HISTORY,2026Q1
COMBO_B,conservative,PERMISSIVE_END_OF_DAY,FIRST_RELEASE,HISTORICAL_POST_DEVELOPMENT_TEST,ALL,LEAVE_ONE_QUARTER_OUT,9,3,0.40150591471332103,0.36102436278839423,0.30929802579593763,VERIFIED_DOCUMENTED_VINTAGES_PARTIAL_RELEASE_HISTORY,2026Q1
COMBO_B,conservative,PERMISSIVE_END_OF_DAY,FIRST_RELEASE,HISTORICAL_POST_DEVELOPMENT_TEST,H2_H3,LEAVE_ONE_QUARTER_OUT,6,3,0.44023969265412749,0.38893535320504152,0.31134584771635659,VERIFIED_DOCUMENTED_VINTAGES_PARTIAL_RELEASE_HISTORY,2026Q1
COMBO_B,conservative,PERMISSIVE_END_OF_DAY,FIRST_RELEASE,POOLED_RESEARCH_ONLY,H1,LEAVE_ONE_QUARTER_OUT,9,9,0.32300573621613815,0.27835998258233263,0.27470917530898881,VERIFIED_DOCUMENTED_VINTAGES_PARTIAL_RELEASE_HISTORY,2026Q1
COMBO_B,conservative,PERMISSIVE_END_OF_DAY,FIRST_RELEASE,POOLED_RESEARCH_ONLY,H2,LEAVE_ONE_QUARTER_OUT,9,9,0.37889374854406183,0.31791915895660439,0.28307850747636859,VERIFIED_DOCUMENTED_VINTAGES_PARTIAL_RELEASE_HISTORY,2026Q1
COMBO_B,conservative,PERMISSIVE_END_OF_DAY,FIRST_RELEASE,POOLED_RESEARCH_ONLY,H3,LEAVE_ONE_QUARTER_OUT,9,9,0.38047569097475115,0.33025619108907417,0.22866955355016019,VERIFIED_DOCUMENTED_VINTAGES_PARTIAL_RELEASE_HISTORY,2026Q1
COMBO_B,conservative,PERMISSIVE_END_OF_DAY,FIRST_RELEASE,POOLED_RESEARCH_ONLY,ALL,LEAVE_ONE_QUARTER_OUT,27,9,0.36178028771480186,0.30884511087600369,0.26215241211183921,VERIFIED_DOCUMENTED_VINTAGES_PARTIAL_RELEASE_HISTORY,2026Q1
COMBO_B,conservative,PERMISSIVE_END_OF_DAY,FIRST_RELEASE,POOLED_RESEARCH_ONLY,H2_H3,LEAVE_ONE_QUARTER_OUT,18,9,0.37968554364663731,0.32408767502283925,0.25587403051326441,VERIFIED_DOCUMENTED_VINTAGES_PARTIAL_RELEASE_HISTORY,2026Q1
COMBO_B,conservative,PERMISSIVE_END_OF_DAY,LATEST_REVISED,HISTORICAL_POST_DEVELOPMENT_TEST,H1,LEAVE_ONE_QUARTER_OUT,3,3,0.30983709376532059,0.3052023819550988,0.3052023819550988,VERIFIED_DOCUMENTED_VINTAGES_PARTIAL_RELEASE_HISTORY,2026Q1
COMBO_B,conservative,PERMISSIVE_END_OF_DAY,LATEST_REVISED,HISTORICAL_POST_DEVELOPMENT_TEST,H2,LEAVE_ONE_QUARTER_OUT,3,3,0.48425222541605789,0.43988379991636606,0.33536184547566056,VERIFIED_DOCUMENTED_VINTAGES_PARTIAL_RELEASE_HISTORY,2026Q1
COMBO_B,conservative,PERMISSIVE_END_OF_DAY,LATEST_REVISED,HISTORICAL_POST_DEVELOPMENT_TEST,H3,LEAVE_ONE_QUARTER_OUT,3,3,0.39130775120867728,0.33798690649371171,0.28732984995705085,VERIFIED_DOCUMENTED_VINTAGES_PARTIAL_RELEASE_HISTORY,2026Q1
COMBO_B,conservative,PERMISSIVE_END_OF_DAY,LATEST_REVISED,HISTORICAL_POST_DEVELOPMENT_TEST,ALL,LEAVE_ONE_QUARTER_OUT,9,3,0.40150591471331887,0.36102436278839217,0.30929802579593674,VERIFIED_DOCUMENTED_VINTAGES_PARTIAL_RELEASE_HISTORY,2026Q1
COMBO_B,conservative,PERMISSIVE_END_OF_DAY,LATEST_REVISED,HISTORICAL_POST_DEVELOPMENT_TEST,H2_H3,LEAVE_ONE_QUARTER_OUT,6,3,0.44023969265412488,0.38893535320503886,0.31134584771635571,VERIFIED_DOCUMENTED_VINTAGES_PARTIAL_RELEASE_HISTORY,2026Q1
COMBO_B,conservative,PERMISSIVE_END_OF_DAY,LATEST_REVISED,POOLED_RESEARCH_ONLY,H1,LEAVE_ONE_QUARTER_OUT,9,9,0.36028196077509234,0.34137584197565485,0.34137584197565485,VERIFIED_DOCUMENTED_VINTAGES_PARTIAL_RELEASE_HISTORY,2026Q1
COMBO_B,conservative,PERMISSIVE_END_OF_DAY,LATEST_REVISED,POOLED_RESEARCH_ONLY,H2,LEAVE_ONE_QUARTER_OUT,9,9,0.42292529050452488,0.38458582562326982,0.34974517414303463,VERIFIED_DOCUMENTED_VINTAGES_PARTIAL_RELEASE_HISTORY,2026Q1
COMBO_B,conservative,PERMISSIVE_END_OF_DAY,LATEST_REVISED,POOLED_RESEARCH_ONLY,H3,LEAVE_ONE_QUARTER_OUT,9,9,0.39678522087649226,0.35247841331129393,0.29533622021682621,VERIFIED_DOCUMENTED_VINTAGES_PARTIAL_RELEASE_HISTORY,2026Q1
COMBO_B,conservative,PERMISSIVE_END_OF_DAY,LATEST_REVISED,POOLED_RESEARCH_ONLY,ALL,LEAVE_ONE_QUARTER_OUT,27,9,0.39416891646191854,0.35948002697007292,0.32881907877850519,VERIFIED_DOCUMENTED_VINTAGES_PARTIAL_RELEASE_HISTORY,2026Q1
COMBO_B,conservative,PERMISSIVE_END_OF_DAY,LATEST_REVISED,POOLED_RESEARCH_ONLY,H2_H3,LEAVE_ONE_QUARTER_OUT,18,9,0.41006360046603957,0.36853211946728187,0.32254069717993045,VERIFIED_DOCUMENTED_VINTAGES_PARTIAL_RELEASE_HISTORY,2026Q1
COMBO_B,conservative,STRICT,FIRST_RELEASE,HISTORICAL_POST_DEVELOPMENT_TEST,H1,LEAVE_ONE_QUARTER_OUT,3,3,0.30983709376532154,0.30520238195509969,0.30520238195509969,VERIFIED_DOCUMENTED_VINTAGES_PARTIAL_RELEASE_HISTORY,2026Q1
COMBO_B,conservative,STRICT,FIRST_RELEASE,HISTORICAL_POST_DEVELOPMENT_TEST,H2,LEAVE_ONE_QUARTER_OUT,3,3,0.4842522254160605,0.43988379991636872,0.33536184547566145,VERIFIED_DOCUMENTED_VINTAGES_PARTIAL_RELEASE_HISTORY,2026Q1
COMBO_B,conservative,STRICT,FIRST_RELEASE,HISTORICAL_POST_DEVELOPMENT_TEST,H3,LEAVE_ONE_QUARTER_OUT,3,3,0.39130775120868,0.33798690649371438,0.28732984995705174,VERIFIED_DOCUMENTED_VINTAGES_PARTIAL_RELEASE_HISTORY,2026Q1
COMBO_B,conservative,STRICT,FIRST_RELEASE,HISTORICAL_POST_DEVELOPMENT_TEST,ALL,LEAVE_ONE_QUARTER_OUT,9,3,0.40150591471332103,0.36102436278839423,0.30929802579593763,VERIFIED_DOCUMENTED_VINTAGES_PARTIAL_RELEASE_HISTORY,2026Q1
COMBO_B,conservative,STRICT,FIRST_RELEASE,HISTORICAL_POST_DEVELOPMENT_TEST,H2_H3,LEAVE_ONE_QUARTER_OUT,6,3,0.44023969265412749,0.38893535320504152,0.31134584771635659,VERIFIED_DOCUMENTED_VINTAGES_PARTIAL_RELEASE_HISTORY,2026Q1
COMBO_B,conservative,STRICT,FIRST_RELEASE,POOLED_RESEARCH_ONLY,H1,LEAVE_ONE_QUARTER_OUT,9,9,0.32300573621613815,0.27835998258233263,0.27470917530898881,VERIFIED_DOCUMENTED_VINTAGES_PARTIAL_RELEASE_HISTORY,2026Q1
COMBO_B,conservative,STRICT,FIRST_RELEASE,POOLED_RESEARCH_ONLY,H2,LEAVE_ONE_QUARTER_OUT,9,9,0.37889374854406183,0.31791915895660439,0.28307850747636859,VERIFIED_DOCUMENTED_VINTAGES_PARTIAL_RELEASE_HISTORY,2026Q1
COMBO_B,conservative,STRICT,FIRST_RELEASE,POOLED_RESEARCH_ONLY,H3,LEAVE_ONE_QUARTER_OUT,9,9,0.38047569097475115,0.33025619108907417,0.22866955355016019,VERIFIED_DOCUMENTED_VINTAGES_PARTIAL_RELEASE_HISTORY,2026Q1
COMBO_B,conservative,STRICT,FIRST_RELEASE,POOLED_RESEARCH_ONLY,ALL,LEAVE_ONE_QUARTER_OUT,27,9,0.36178028771480186,0.30884511087600369,0.26215241211183921,VERIFIED_DOCUMENTED_VINTAGES_PARTIAL_RELEASE_HISTORY,2026Q1
COMBO_B,conservative,STRICT,FIRST_RELEASE,POOLED_RESEARCH_ONLY,H2_H3,LEAVE_ONE_QUARTER_OUT,18,9,0.37968554364663731,0.32408767502283925,0.25587403051326441,VERIFIED_DOCUMENTED_VINTAGES_PARTIAL_RELEASE_HISTORY,2026Q1
COMBO_B,conservative,STRICT,LATEST_REVISED,HISTORICAL_POST_DEVELOPMENT_TEST,H1,LEAVE_ONE_QUARTER_OUT,3,3,0.30983709376532059,0.3052023819550988,0.3052023819550988,VERIFIED_DOCUMENTED_VINTAGES_PARTIAL_RELEASE_HISTORY,2026Q1
COMBO_B,conservative,STRICT,LATEST_REVISED,HISTORICAL_POST_DEVELOPMENT_TEST,H2,LEAVE_ONE_QUARTER_OUT,3,3,0.48425222541605789,0.43988379991636606,0.33536184547566056,VERIFIED_DOCUMENTED_VINTAGES_PARTIAL_RELEASE_HISTORY,2026Q1
COMBO_B,conservative,STRICT,LATEST_REVISED,HISTORICAL_POST_DEVELOPMENT_TEST,H3,LEAVE_ONE_QUARTER_OUT,3,3,0.39130775120867728,0.33798690649371171,0.28732984995705085,VERIFIED_DOCUMENTED_VINTAGES_PARTIAL_RELEASE_HISTORY,2026Q1
COMBO_B,conservative,STRICT,LATEST_REVISED,HISTORICAL_POST_DEVELOPMENT_TEST,ALL,LEAVE_ONE_QUARTER_OUT,9,3,0.40150591471331887,0.36102436278839217,0.30929802579593674,VERIFIED_DOCUMENTED_VINTAGES_PARTIAL_RELEASE_HISTORY,2026Q1
COMBO_B,conservative,STRICT,LATEST_REVISED,HISTORICAL_POST_DEVELOPMENT_TEST,H2_H3,LEAVE_ONE_QUARTER_OUT,6,3,0.44023969265412488,0.38893535320503886,0.31134584771635571,VERIFIED_DOCUMENTED_VINTAGES_PARTIAL_RELEASE_HISTORY,2026Q1
COMBO_B,conservative,STRICT,LATEST_REVISED,POOLED_RESEARCH_ONLY,H1,LEAVE_ONE_QUARTER_OUT,9,9,0.36028196077509234,0.34137584197565485,0.34137584197565485,VERIFIED_DOCUMENTED_VINTAGES_PARTIAL_RELEASE_HISTORY,2026Q1
COMBO_B,conservative,STRICT,LATEST_REVISED,POOLED_RESEARCH_ONLY,H2,LEAVE_ONE_QUARTER_OUT,9,9,0.42292529050452488,0.38458582562326982,0.34974517414303463,VERIFIED_DOCUMENTED_VINTAGES_PARTIAL_RELEASE_HISTORY,2026Q1
COMBO_B,conservative,STRICT,LATEST_REVISED,POOLED_RESEARCH_ONLY,H3,LEAVE_ONE_QUARTER_OUT,9,9,0.39678522087649226,0.35247841331129393,0.29533622021682621,VERIFIED_DOCUMENTED_VINTAGES_PARTIAL_RELEASE_HISTORY,2026Q1
COMBO_B,conservative,STRICT,LATEST_REVISED,POOLED_RESEARCH_ONLY,ALL,LEAVE_ONE_QUARTER_OUT,27,9,0.39416891646191854,0.35948002697007292,0.32881907877850519,VERIFIED_DOCUMENTED_VINTAGES_PARTIAL_RELEASE_HISTORY,2026Q1
COMBO_B,conservative,STRICT,LATEST_REVISED,POOLED_RESEARCH_ONLY,H2_H3,LEAVE_ONE_QUARTER_OUT,18,9,0.41006360046603957,0.36853211946728187,0.32254069717993045,VERIFIED_DOCUMENTED_VINTAGES_PARTIAL_RELEASE_HISTORY,2026Q1
COMBO_B,standard,PERMISSIVE_END_OF_DAY,FIRST_RELEASE,HISTORICAL_POST_DEVELOPMENT_TEST,H1,LEAVE_ONE_QUARTER_OUT,3,3,0.46684774279045066,0.42920113701920543,0.31154662727079724,VERIFIED_DOCUMENTED_VINTAGES_PARTIAL_RELEASE_HISTORY,2026Q1
COMBO_B,standard,PERMISSIVE_END_OF_DAY,FIRST_RELEASE,HISTORICAL_POST_DEVELOPMENT_TEST,H2,LEAVE_ONE_QUARTER_OUT,3,3,0.37356462295550547,0.33143073548787666,0.25887833124406195,VERIFIED_DOCUMENTED_VINTAGES_PARTIAL_RELEASE_HISTORY,2026Q1
COMBO_B,standard,PERMISSIVE_END_OF_DAY,FIRST_RELEASE,HISTORICAL_POST_DEVELOPMENT_TEST,H3,LEAVE_ONE_QUARTER_OUT,3,3,0.23095936532873726,0.19082166412242429,0.19082166412242429,VERIFIED_DOCUMENTED_VINTAGES_PARTIAL_RELEASE_HISTORY,2026Q1
COMBO_B,standard,PERMISSIVE_END_OF_DAY,FIRST_RELEASE,HISTORICAL_POST_DEVELOPMENT_TEST,ALL,LEAVE_ONE_QUARTER_OUT,9,3,0.37006286443678771,0.31715117887650213,0.25374887421242787,VERIFIED_DOCUMENTED_VINTAGES_PARTIAL_RELEASE_HISTORY,2026Q1
COMBO_B,standard,PERMISSIVE_END_OF_DAY,FIRST_RELEASE,HISTORICAL_POST_DEVELOPMENT_TEST,H2_H3,LEAVE_ONE_QUARTER_OUT,6,3,0.31055817164980709,0.26112619980515045,0.22484999768324312,VERIFIED_DOCUMENTED_VINTAGES_PARTIAL_RELEASE_HISTORY,2026Q1
COMBO_B,standard,PERMISSIVE_END_OF_DAY,FIRST_RELEASE,POOLED_RESEARCH_ONLY,H1,LEAVE_ONE_QUARTER_OUT,9,9,0.36309217325569088,0.30312560112524117,0.26390743120910515,VERIFIED_DOCUMENTED_VINTAGES_PARTIAL_RELEASE_HISTORY,2026Q1
COMBO_B,standard,PERMISSIVE_END_OF_DAY,FIRST_RELEASE,POOLED_RESEARCH_ONLY,H2,LEAVE_ONE_QUARTER_OUT,9,9,0.33361360844448024,0.27784257429967529,0.23311565961787048,VERIFIED_DOCUMENTED_VINTAGES_PARTIAL_RELEASE_HISTORY,2026Q1
COMBO_B,standard,PERMISSIVE_END_OF_DAY,FIRST_RELEASE,POOLED_RESEARCH_ONLY,H3,LEAVE_ONE_QUARTER_OUT,9,9,0.24721712889071074,0.20988573534943564,0.044209583320565668,VERIFIED_DOCUMENTED_VINTAGES_PARTIAL_RELEASE_HISTORY,2026Q1
COMBO_B,standard,PERMISSIVE_END_OF_DAY,FIRST_RELEASE,POOLED_RESEARCH_ONLY,ALL,LEAVE_ONE_QUARTER_OUT,27,9,0.31845997908468493,0.26361797025811734,0.18041089138251376,VERIFIED_DOCUMENTED_VINTAGES_PARTIAL_RELEASE_HISTORY,2026Q1
COMBO_B,standard,PERMISSIVE_END_OF_DAY,FIRST_RELEASE,POOLED_RESEARCH_ONLY,H2_H3,LEAVE_ONE_QUARTER_OUT,18,9,0.29361058270804308,0.24386415482455545,0.13866262146921807,VERIFIED_DOCUMENTED_VINTAGES_PARTIAL_RELEASE_HISTORY,2026Q1
COMBO_B,standard,PERMISSIVE_END_OF_DAY,LATEST_REVISED,HISTORICAL_POST_DEVELOPMENT_TEST,H1,LEAVE_ONE_QUARTER_OUT,3,3,0.46684774279044805,0.42920113701920276,0.31154662727079635,VERIFIED_DOCUMENTED_VINTAGES_PARTIAL_RELEASE_HISTORY,2026Q1
COMBO_B,standard,PERMISSIVE_END_OF_DAY,LATEST_REVISED,HISTORICAL_POST_DEVELOPMENT_TEST,H2,LEAVE_ONE_QUARTER_OUT,3,3,0.37356462295550275,0.331430735487874,0.25887833124406107,VERIFIED_DOCUMENTED_VINTAGES_PARTIAL_RELEASE_HISTORY,2026Q1
COMBO_B,standard,PERMISSIVE_END_OF_DAY,LATEST_REVISED,HISTORICAL_POST_DEVELOPMENT_TEST,H3,LEAVE_ONE_QUARTER_OUT,3,3,0.23095936532873673,0.19082166412242341,0.19082166412242341,VERIFIED_DOCUMENTED_VINTAGES_PARTIAL_RELEASE_HISTORY,2026Q1
COMBO_B,standard,PERMISSIVE_END_OF_DAY,LATEST_REVISED,HISTORICAL_POST_DEVELOPMENT_TEST,ALL,LEAVE_ONE_QUARTER_OUT,9,3,0.37006286443678549,0.31715117887650002,0.25374887421242698,VERIFIED_DOCUMENTED_VINTAGES_PARTIAL_RELEASE_HISTORY,2026Q1
COMBO_B,standard,PERMISSIVE_END_OF_DAY,LATEST_REVISED,HISTORICAL_POST_DEVELOPMENT_TEST,H2_H3,LEAVE_ONE_QUARTER_OUT,6,3,0.31055817164980526,0.26112619980514867,0.22484999768324224,VERIFIED_DOCUMENTED_VINTAGES_PARTIAL_RELEASE_HISTORY,2026Q1
COMBO_B,standard,PERMISSIVE_END_OF_DAY,LATEST_REVISED,POOLED_RESEARCH_ONLY,H1,LEAVE_ONE_QUARTER_OUT,9,9,0.40515775451350228,0.3697922677919066,0.33057409787577119,VERIFIED_DOCUMENTED_VINTAGES_PARTIAL_RELEASE_HISTORY,2026Q1
COMBO_B,standard,PERMISSIVE_END_OF_DAY,LATEST_REVISED,POOLED_RESEARCH_ONLY,H2,LEAVE_ONE_QUARTER_OUT,9,9,0.37193581413587901,0.32396646103247417,0.29978232628453649,VERIFIED_DOCUMENTED_VINTAGES_PARTIAL_RELEASE_HISTORY,2026Q1
COMBO_B,standard,PERMISSIVE_END_OF_DAY,LATEST_REVISED,POOLED_RESEARCH_ONLY,H3,LEAVE_ONE_QUARTER_OUT,9,9,0.25874583673358598,0.23210795757165542,0.11087624998723171,VERIFIED_DOCUMENTED_VINTAGES_PARTIAL_RELEASE_HISTORY,2026Q1
COMBO_B,standard,PERMISSIVE_END_OF_DAY,LATEST_REVISED,POOLED_RESEARCH_ONLY,ALL,LEAVE_ONE_QUARTER_OUT,27,9,0.3509218640031358,0.30862222879867879,0.2470775580491798,VERIFIED_DOCUMENTED_VINTAGES_PARTIAL_RELEASE_HISTORY,2026Q1
COMBO_B,standard,PERMISSIVE_END_OF_DAY,LATEST_REVISED,POOLED_RESEARCH_ONLY,H2_H3,LEAVE_ONE_QUARTER_OUT,18,9,0.3203791955354488,0.27803720930206477,0.20532928813588411,VERIFIED_DOCUMENTED_VINTAGES_PARTIAL_RELEASE_HISTORY,2026Q1
COMBO_B,standard,STRICT,FIRST_RELEASE,HISTORICAL_POST_DEVELOPMENT_TEST,H1,LEAVE_ONE_QUARTER_OUT,3,3,0.46684774279045066,0.42920113701920543,0.31154662727079724,VERIFIED_DOCUMENTED_VINTAGES_PARTIAL_RELEASE_HISTORY,2026Q1
COMBO_B,standard,STRICT,FIRST_RELEASE,HISTORICAL_POST_DEVELOPMENT_TEST,H2,LEAVE_ONE_QUARTER_OUT,3,3,0.37356462295550547,0.33143073548787666,0.25887833124406195,VERIFIED_DOCUMENTED_VINTAGES_PARTIAL_RELEASE_HISTORY,2026Q1
COMBO_B,standard,STRICT,FIRST_RELEASE,HISTORICAL_POST_DEVELOPMENT_TEST,H3,LEAVE_ONE_QUARTER_OUT,3,3,0.23095936532873726,0.19082166412242429,0.19082166412242429,VERIFIED_DOCUMENTED_VINTAGES_PARTIAL_RELEASE_HISTORY,2026Q1
COMBO_B,standard,STRICT,FIRST_RELEASE,HISTORICAL_POST_DEVELOPMENT_TEST,ALL,LEAVE_ONE_QUARTER_OUT,9,3,0.37006286443678771,0.31715117887650213,0.25374887421242787,VERIFIED_DOCUMENTED_VINTAGES_PARTIAL_RELEASE_HISTORY,2026Q1
COMBO_B,standard,STRICT,FIRST_RELEASE,HISTORICAL_POST_DEVELOPMENT_TEST,H2_H3,LEAVE_ONE_QUARTER_OUT,6,3,0.31055817164980709,0.26112619980515045,0.22484999768324312,VERIFIED_DOCUMENTED_VINTAGES_PARTIAL_RELEASE_HISTORY,2026Q1
COMBO_B,standard,STRICT,FIRST_RELEASE,POOLED_RESEARCH_ONLY,H1,LEAVE_ONE_QUARTER_OUT,9,9,0.36309217325569088,0.30312560112524117,0.26390743120910515,VERIFIED_DOCUMENTED_VINTAGES_PARTIAL_RELEASE_HISTORY,2026Q1
COMBO_B,standard,STRICT,FIRST_RELEASE,POOLED_RESEARCH_ONLY,H2,LEAVE_ONE_QUARTER_OUT,9,9,0.33361360844448024,0.27784257429967529,0.23311565961787048,VERIFIED_DOCUMENTED_VINTAGES_PARTIAL_RELEASE_HISTORY,2026Q1
COMBO_B,standard,STRICT,FIRST_RELEASE,POOLED_RESEARCH_ONLY,H3,LEAVE_ONE_QUARTER_OUT,9,9,0.24721712889071074,0.20988573534943564,0.044209583320565668,VERIFIED_DOCUMENTED_VINTAGES_PARTIAL_RELEASE_HISTORY,2026Q1
COMBO_B,standard,STRICT,FIRST_RELEASE,POOLED_RESEARCH_ONLY,ALL,LEAVE_ONE_QUARTER_OUT,27,9,0.31845997908468493,0.26361797025811734,0.18041089138251376,VERIFIED_DOCUMENTED_VINTAGES_PARTIAL_RELEASE_HISTORY,2026Q1
COMBO_B,standard,STRICT,FIRST_RELEASE,POOLED_RESEARCH_ONLY,H2_H3,LEAVE_ONE_QUARTER_OUT,18,9,0.29361058270804308,0.24386415482455545,0.13866262146921807,VERIFIED_DOCUMENTED_VINTAGES_PARTIAL_RELEASE_HISTORY,2026Q1
COMBO_B,standard,STRICT,LATEST_REVISED,HISTORICAL_POST_DEVELOPMENT_TEST,H1,LEAVE_ONE_QUARTER_OUT,3,3,0.46684774279044805,0.42920113701920276,0.31154662727079635,VERIFIED_DOCUMENTED_VINTAGES_PARTIAL_RELEASE_HISTORY,2026Q1
COMBO_B,standard,STRICT,LATEST_REVISED,HISTORICAL_POST_DEVELOPMENT_TEST,H2,LEAVE_ONE_QUARTER_OUT,3,3,0.37356462295550275,0.331430735487874,0.25887833124406107,VERIFIED_DOCUMENTED_VINTAGES_PARTIAL_RELEASE_HISTORY,2026Q1
COMBO_B,standard,STRICT,LATEST_REVISED,HISTORICAL_POST_DEVELOPMENT_TEST,H3,LEAVE_ONE_QUARTER_OUT,3,3,0.23095936532873673,0.19082166412242341,0.19082166412242341,VERIFIED_DOCUMENTED_VINTAGES_PARTIAL_RELEASE_HISTORY,2026Q1
COMBO_B,standard,STRICT,LATEST_REVISED,HISTORICAL_POST_DEVELOPMENT_TEST,ALL,LEAVE_ONE_QUARTER_OUT,9,3,0.37006286443678549,0.31715117887650002,0.25374887421242698,VERIFIED_DOCUMENTED_VINTAGES_PARTIAL_RELEASE_HISTORY,2026Q1
COMBO_B,standard,STRICT,LATEST_REVISED,HISTORICAL_POST_DEVELOPMENT_TEST,H2_H3,LEAVE_ONE_QUARTER_OUT,6,3,0.31055817164980526,0.26112619980514867,0.22484999768324224,VERIFIED_DOCUMENTED_VINTAGES_PARTIAL_RELEASE_HISTORY,2026Q1
COMBO_B,standard,STRICT,LATEST_REVISED,POOLED_RESEARCH_ONLY,H1,LEAVE_ONE_QUARTER_OUT,9,9,0.40515775451350228,0.3697922677919066,0.33057409787577119,VERIFIED_DOCUMENTED_VINTAGES_PARTIAL_RELEASE_HISTORY,2026Q1
COMBO_B,standard,STRICT,LATEST_REVISED,POOLED_RESEARCH_ONLY,H2,LEAVE_ONE_QUARTER_OUT,9,9,0.37193581413587901,0.32396646103247417,0.29978232628453649,VERIFIED_DOCUMENTED_VINTAGES_PARTIAL_RELEASE_HISTORY,2026Q1
COMBO_B,standard,STRICT,LATEST_REVISED,POOLED_RESEARCH_ONLY,H3,LEAVE_ONE_QUARTER_OUT,9,9,0.25874583673358598,0.23210795757165542,0.11087624998723171,VERIFIED_DOCUMENTED_VINTAGES_PARTIAL_RELEASE_HISTORY,2026Q1
COMBO_B,standard,STRICT,LATEST_REVISED,POOLED_RESEARCH_ONLY,ALL,LEAVE_ONE_QUARTER_OUT,27,9,0.3509218640031358,0.30862222879867879,0.2470775580491798,VERIFIED_DOCUMENTED_VINTAGES_PARTIAL_RELEASE_HISTORY,2026Q1
COMBO_B,standard,STRICT,LATEST_REVISED,POOLED_RESEARCH_ONLY,H2_H3,LEAVE_ONE_QUARTER_OUT,18,9,0.3203791955354488,0.27803720930206477,0.20532928813588411,VERIFIED_DOCUMENTED_VINTAGES_PARTIAL_RELEASE_HISTORY,2026Q1
DFM_B,conservative,PERMISSIVE_END_OF_DAY,FIRST_RELEASE,HISTORICAL_POST_DEVELOPMENT_TEST,H1,LEAVE_ONE_QUARTER_OUT,3,3,0.72950561779281087,0.72757699046403312,0.72757699046403312,VERIFIED_DOCUMENTED_VINTAGES_PARTIAL_RELEASE_HISTORY,2026Q1
DFM_B,conservative,PERMISSIVE_END_OF_DAY,FIRST_RELEASE,HISTORICAL_POST_DEVELOPMENT_TEST,H2,LEAVE_ONE_QUARTER_OUT,3,3,0.70874146517824543,0.70740547126966857,0.70740547126966857,VERIFIED_DOCUMENTED_VINTAGES_PARTIAL_RELEASE_HISTORY,2026Q1
DFM_B,conservative,PERMISSIVE_END_OF_DAY,FIRST_RELEASE,HISTORICAL_POST_DEVELOPMENT_TEST,H3,LEAVE_ONE_QUARTER_OUT,3,3,0.69598001363077178,0.69474383575259202,0.69474383575259202,VERIFIED_DOCUMENTED_VINTAGES_PARTIAL_RELEASE_HISTORY,2026Q1
DFM_B,conservative,PERMISSIVE_END_OF_DAY,FIRST_RELEASE,HISTORICAL_POST_DEVELOPMENT_TEST,ALL,LEAVE_ONE_QUARTER_OUT,9,3,0.71154317981594672,0.70990876582876461,0.70990876582876461,VERIFIED_DOCUMENTED_VINTAGES_PARTIAL_RELEASE_HISTORY,2026Q1
DFM_B,conservative,PERMISSIVE_END_OF_DAY,FIRST_RELEASE,HISTORICAL_POST_DEVELOPMENT_TEST,H2_H3,LEAVE_ONE_QUARTER_OUT,6,3,0.70238972224702123,0.7010746535111303,0.7010746535111303,VERIFIED_DOCUMENTED_VINTAGES_PARTIAL_RELEASE_HISTORY,2026Q1
DFM_B,conservative,PERMISSIVE_END_OF_DAY,FIRST_RELEASE,POOLED_RESEARCH_ONLY,H1,LEAVE_ONE_QUARTER_OUT,9,9,0.48718386332706665,0.38640350870155377,0.37054266527665647,VERIFIED_DOCUMENTED_VINTAGES_PARTIAL_RELEASE_HISTORY,2026Q1
DFM_B,conservative,PERMISSIVE_END_OF_DAY,FIRST_RELEASE,POOLED_RESEARCH_ONLY,H2,LEAVE_ONE_QUARTER_OUT,9,9,0.4763366820654355,0.38541771205307501,0.38026306897169465,VERIFIED_DOCUMENTED_VINTAGES_PARTIAL_RELEASE_HISTORY,2026Q1
DFM_B,conservative,PERMISSIVE_END_OF_DAY,FIRST_RELEASE,POOLED_RESEARCH_ONLY,H3,LEAVE_ONE_QUARTER_OUT,9,9,0.58881518525252152,0.4944358824801105,0.25820813717065139,VERIFIED_DOCUMENTED_VINTAGES_PARTIAL_RELEASE_HISTORY,2026Q1
DFM_B,conservative,PERMISSIVE_END_OF_DAY,FIRST_RELEASE,POOLED_RESEARCH_ONLY,ALL,LEAVE_ONE_QUARTER_OUT,27,9,0.51991924813742474,0.42208570107824639,0.33633795713966752,VERIFIED_DOCUMENTED_VINTAGES_PARTIAL_RELEASE_HISTORY,2026Q1
DFM_B,conservative,PERMISSIVE_END_OF_DAY,FIRST_RELEASE,POOLED_RESEARCH_ONLY,H2_H3,LEAVE_ONE_QUARTER_OUT,18,9,0.53553709351690526,0.43992679726659278,0.31923560307117305,VERIFIED_DOCUMENTED_VINTAGES_PARTIAL_RELEASE_HISTORY,2026Q1
DFM_B,conservative,PERMISSIVE_END_OF_DAY,LATEST_REVISED,HISTORICAL_POST_DEVELOPMENT_TEST,H1,LEAVE_ONE_QUARTER_OUT,3,3,0.72950561779280976,0.72757699046403224,0.72757699046403224,VERIFIED_DOCUMENTED_VINTAGES_PARTIAL_RELEASE_HISTORY,2026Q1
DFM_B,conservative,PERMISSIVE_END_OF_DAY,LATEST_REVISED,HISTORICAL_POST_DEVELOPMENT_TEST,H2,LEAVE_ONE_QUARTER_OUT,3,3,0.70874146517824432,0.70740547126966768,0.70740547126966768,VERIFIED_DOCUMENTED_VINTAGES_PARTIAL_RELEASE_HISTORY,2026Q1
DFM_B,conservative,PERMISSIVE_END_OF_DAY,LATEST_REVISED,HISTORICAL_POST_DEVELOPMENT_TEST,H3,LEAVE_ONE_QUARTER_OUT,3,3,0.69598001363077078,0.69474383575259113,0.69474383575259113,VERIFIED_DOCUMENTED_VINTAGES_PARTIAL_RELEASE_HISTORY,2026Q1
DFM_B,conservative,PERMISSIVE_END_OF_DAY,LATEST_REVISED,HISTORICAL_POST_DEVELOPMENT_TEST,ALL,LEAVE_ONE_QUARTER_OUT,9,3,0.71154317981594561,0.70990876582876372,0.70990876582876372,VERIFIED_DOCUMENTED_VINTAGES_PARTIAL_RELEASE_HISTORY,2026Q1
DFM_B,conservative,PERMISSIVE_END_OF_DAY,LATEST_REVISED,HISTORICAL_POST_DEVELOPMENT_TEST,H2_H3,LEAVE_ONE_QUARTER_OUT,6,3,0.70238972224702023,0.70107465351112941,0.70107465351112941,VERIFIED_DOCUMENTED_VINTAGES_PARTIAL_RELEASE_HISTORY,2026Q1
DFM_B,conservative,PERMISSIVE_END_OF_DAY,LATEST_REVISED,POOLED_RESEARCH_ONLY,H1,LEAVE_ONE_QUARTER_OUT,9,9,0.49913711882305201,0.43720933194332251,0.43720933194332251,VERIFIED_DOCUMENTED_VINTAGES_PARTIAL_RELEASE_HISTORY,2026Q1
DFM_B,conservative,PERMISSIVE_END_OF_DAY,LATEST_REVISED,POOLED_RESEARCH_ONLY,H2,LEAVE_ONE_QUARTER_OUT,9,9,0.49633105733095384,0.44692973563836069,0.44692973563836069,VERIFIED_DOCUMENTED_VINTAGES_PARTIAL_RELEASE_HISTORY,2026Q1
DFM_B,conservative,PERMISSIVE_END_OF_DAY,LATEST_REVISED,POOLED_RESEARCH_ONLY,H3,LEAVE_ONE_QUARTER_OUT,9,9,0.55994203385212837,0.50953083545696276,0.32487480383731743,VERIFIED_DOCUMENTED_VINTAGES_PARTIAL_RELEASE_HISTORY,2026Q1
DFM_B,conservative,PERMISSIVE_END_OF_DAY,LATEST_REVISED,POOLED_RESEARCH_ONLY,ALL,LEAVE_ONE_QUARTER_OUT,27,9,0.5192999977959748,0.4645566343462153,0.40300462380633356,VERIFIED_DOCUMENTED_VINTAGES_PARTIAL_RELEASE_HISTORY,2026Q1
DFM_B,conservative,PERMISSIVE_END_OF_DAY,LATEST_REVISED,POOLED_RESEARCH_ONLY,H2_H3,LEAVE_ONE_QUARTER_OUT,18,9,0.52909337538175649,0.47823028554766167,0.38590226973783909,VERIFIED_DOCUMENTED_VINTAGES_PARTIAL_RELEASE_HISTORY,2026Q1
DFM_B,conservative,STRICT,FIRST_RELEASE,HISTORICAL_POST_DEVELOPMENT_TEST,H1,LEAVE_ONE_QUARTER_OUT,3,3,0.72950561779281087,0.72757699046403312,0.72757699046403312,VERIFIED_DOCUMENTED_VINTAGES_PARTIAL_RELEASE_HISTORY,2026Q1
DFM_B,conservative,STRICT,FIRST_RELEASE,HISTORICAL_POST_DEVELOPMENT_TEST,H2,LEAVE_ONE_QUARTER_OUT,3,3,0.70874146517824543,0.70740547126966857,0.70740547126966857,VERIFIED_DOCUMENTED_VINTAGES_PARTIAL_RELEASE_HISTORY,2026Q1
DFM_B,conservative,STRICT,FIRST_RELEASE,HISTORICAL_POST_DEVELOPMENT_TEST,H3,LEAVE_ONE_QUARTER_OUT,3,3,0.69598001363077178,0.69474383575259202,0.69474383575259202,VERIFIED_DOCUMENTED_VINTAGES_PARTIAL_RELEASE_HISTORY,2026Q1
DFM_B,conservative,STRICT,FIRST_RELEASE,HISTORICAL_POST_DEVELOPMENT_TEST,ALL,LEAVE_ONE_QUARTER_OUT,9,3,0.71154317981594672,0.70990876582876461,0.70990876582876461,VERIFIED_DOCUMENTED_VINTAGES_PARTIAL_RELEASE_HISTORY,2026Q1
DFM_B,conservative,STRICT,FIRST_RELEASE,HISTORICAL_POST_DEVELOPMENT_TEST,H2_H3,LEAVE_ONE_QUARTER_OUT,6,3,0.70238972224702123,0.7010746535111303,0.7010746535111303,VERIFIED_DOCUMENTED_VINTAGES_PARTIAL_RELEASE_HISTORY,2026Q1
DFM_B,conservative,STRICT,FIRST_RELEASE,POOLED_RESEARCH_ONLY,H1,LEAVE_ONE_QUARTER_OUT,9,9,0.48718386332706665,0.38640350870155377,0.37054266527665647,VERIFIED_DOCUMENTED_VINTAGES_PARTIAL_RELEASE_HISTORY,2026Q1
DFM_B,conservative,STRICT,FIRST_RELEASE,POOLED_RESEARCH_ONLY,H2,LEAVE_ONE_QUARTER_OUT,9,9,0.4763366820654355,0.38541771205307501,0.38026306897169465,VERIFIED_DOCUMENTED_VINTAGES_PARTIAL_RELEASE_HISTORY,2026Q1
DFM_B,conservative,STRICT,FIRST_RELEASE,POOLED_RESEARCH_ONLY,H3,LEAVE_ONE_QUARTER_OUT,9,9,0.58881518525252152,0.4944358824801105,0.25820813717065139,VERIFIED_DOCUMENTED_VINTAGES_PARTIAL_RELEASE_HISTORY,2026Q1
DFM_B,conservative,STRICT,FIRST_RELEASE,POOLED_RESEARCH_ONLY,ALL,LEAVE_ONE_QUARTER_OUT,27,9,0.51991924813742474,0.42208570107824639,0.33633795713966752,VERIFIED_DOCUMENTED_VINTAGES_PARTIAL_RELEASE_HISTORY,2026Q1
DFM_B,conservative,STRICT,FIRST_RELEASE,POOLED_RESEARCH_ONLY,H2_H3,LEAVE_ONE_QUARTER_OUT,18,9,0.53553709351690526,0.43992679726659278,0.31923560307117305,VERIFIED_DOCUMENTED_VINTAGES_PARTIAL_RELEASE_HISTORY,2026Q1
DFM_B,conservative,STRICT,LATEST_REVISED,HISTORICAL_POST_DEVELOPMENT_TEST,H1,LEAVE_ONE_QUARTER_OUT,3,3,0.72950561779280976,0.72757699046403224,0.72757699046403224,VERIFIED_DOCUMENTED_VINTAGES_PARTIAL_RELEASE_HISTORY,2026Q1
DFM_B,conservative,STRICT,LATEST_REVISED,HISTORICAL_POST_DEVELOPMENT_TEST,H2,LEAVE_ONE_QUARTER_OUT,3,3,0.70874146517824432,0.70740547126966768,0.70740547126966768,VERIFIED_DOCUMENTED_VINTAGES_PARTIAL_RELEASE_HISTORY,2026Q1
DFM_B,conservative,STRICT,LATEST_REVISED,HISTORICAL_POST_DEVELOPMENT_TEST,H3,LEAVE_ONE_QUARTER_OUT,3,3,0.69598001363077078,0.69474383575259113,0.69474383575259113,VERIFIED_DOCUMENTED_VINTAGES_PARTIAL_RELEASE_HISTORY,2026Q1
DFM_B,conservative,STRICT,LATEST_REVISED,HISTORICAL_POST_DEVELOPMENT_TEST,ALL,LEAVE_ONE_QUARTER_OUT,9,3,0.71154317981594561,0.70990876582876372,0.70990876582876372,VERIFIED_DOCUMENTED_VINTAGES_PARTIAL_RELEASE_HISTORY,2026Q1
DFM_B,conservative,STRICT,LATEST_REVISED,HISTORICAL_POST_DEVELOPMENT_TEST,H2_H3,LEAVE_ONE_QUARTER_OUT,6,3,0.70238972224702023,0.70107465351112941,0.70107465351112941,VERIFIED_DOCUMENTED_VINTAGES_PARTIAL_RELEASE_HISTORY,2026Q1
DFM_B,conservative,STRICT,LATEST_REVISED,POOLED_RESEARCH_ONLY,H1,LEAVE_ONE_QUARTER_OUT,9,9,0.49913711882305201,0.43720933194332251,0.43720933194332251,VERIFIED_DOCUMENTED_VINTAGES_PARTIAL_RELEASE_HISTORY,2026Q1
DFM_B,conservative,STRICT,LATEST_REVISED,POOLED_RESEARCH_ONLY,H2,LEAVE_ONE_QUARTER_OUT,9,9,0.49633105733095384,0.44692973563836069,0.44692973563836069,VERIFIED_DOCUMENTED_VINTAGES_PARTIAL_RELEASE_HISTORY,2026Q1
DFM_B,conservative,STRICT,LATEST_REVISED,POOLED_RESEARCH_ONLY,H3,LEAVE_ONE_QUARTER_OUT,9,9,0.55994203385212837,0.50953083545696276,0.32487480383731743,VERIFIED_DOCUMENTED_VINTAGES_PARTIAL_RELEASE_HISTORY,2026Q1
DFM_B,conservative,STRICT,LATEST_REVISED,POOLED_RESEARCH_ONLY,ALL,LEAVE_ONE_QUARTER_OUT,27,9,0.5192999977959748,0.4645566343462153,0.40300462380633356,VERIFIED_DOCUMENTED_VINTAGES_PARTIAL_RELEASE_HISTORY,2026Q1
DFM_B,conservative,STRICT,LATEST_REVISED,POOLED_RESEARCH_ONLY,H2_H3,LEAVE_ONE_QUARTER_OUT,18,9,0.52909337538175649,0.47823028554766167,0.38590226973783909,VERIFIED_DOCUMENTED_VINTAGES_PARTIAL_RELEASE_HISTORY,2026Q1
DFM_B,standard,PERMISSIVE_END_OF_DAY,FIRST_RELEASE,HISTORICAL_POST_DEVELOPMENT_TEST,H1,LEAVE_ONE_QUARTER_OUT,3,3,0.66152810967485809,0.65977503485993994,0.65977503485993994,VERIFIED_DOCUMENTED_VINTAGES_PARTIAL_RELEASE_HISTORY,2026Q1
DFM_B,standard,PERMISSIVE_END_OF_DAY,FIRST_RELEASE,HISTORICAL_POST_DEVELOPMENT_TEST,H2,LEAVE_ONE_QUARTER_OUT,3,3,0.63975645811974691,0.63784079832661167,0.63784079832661167,VERIFIED_DOCUMENTED_VINTAGES_PARTIAL_RELEASE_HISTORY,2026Q1
DFM_B,standard,PERMISSIVE_END_OF_DAY,FIRST_RELEASE,HISTORICAL_POST_DEVELOPMENT_TEST,H3,LEAVE_ONE_QUARTER_OUT,3,3,0.63706120699060731,0.63525440626393426,0.63525440626393426,VERIFIED_DOCUMENTED_VINTAGES_PARTIAL_RELEASE_HISTORY,2026Q1
DFM_B,standard,PERMISSIVE_END_OF_DAY,FIRST_RELEASE,HISTORICAL_POST_DEVELOPMENT_TEST,ALL,LEAVE_ONE_QUARTER_OUT,9,3,0.64620810555327146,0.64429007981682862,0.64429007981682862,VERIFIED_DOCUMENTED_VINTAGES_PARTIAL_RELEASE_HISTORY,2026Q1
DFM_B,standard,PERMISSIVE_END_OF_DAY,FIRST_RELEASE,HISTORICAL_POST_DEVELOPMENT_TEST,H2_H3,LEAVE_ONE_QUARTER_OUT,6,3,0.63841025491381831,0.63654760229527296,0.63654760229527296,VERIFIED_DOCUMENTED_VINTAGES_PARTIAL_RELEASE_HISTORY,2026Q1
DFM_B,standard,PERMISSIVE_END_OF_DAY,FIRST_RELEASE,POOLED_RESEARCH_ONLY,H1,LEAVE_ONE_QUARTER_OUT,9,9,0.44516525299584542,0.3542180456080678,0.34192091643716782,VERIFIED_DOCUMENTED_VINTAGES_PARTIAL_RELEASE_HISTORY,2026Q1
DFM_B,standard,PERMISSIVE_END_OF_DAY,FIRST_RELEASE,POOLED_RESEARCH_ONLY,H2,LEAVE_ONE_QUARTER_OUT,9,9,0.44912242700775051,0.37674183829963975,0.26710034930607168,VERIFIED_DOCUMENTED_VINTAGES_PARTIAL_RELEASE_HISTORY,2026Q1
DFM_B,standard,PERMISSIVE_END_OF_DAY,FIRST_RELEASE,POOLED_RESEARCH_ONLY,H3,LEAVE_ONE_QUARTER_OUT,9,9,0.5240615480349522,0.43531559082425897,0.224708611872734,VERIFIED_DOCUMENTED_VINTAGES_PARTIAL_RELEASE_HISTORY,2026Q1
DFM_B,standard,PERMISSIVE_END_OF_DAY,FIRST_RELEASE,POOLED_RESEARCH_ONLY,ALL,LEAVE_ONE_QUARTER_OUT,27,9,0.47417421659307796,0.38875849157732217,0.27790995920532452,VERIFIED_DOCUMENTED_VINTAGES_PARTIAL_RELEASE_HISTORY,2026Q1
DFM_B,standard,PERMISSIVE_END_OF_DAY,FIRST_RELEASE,POOLED_RESEARCH_ONLY,H2_H3,LEAVE_ONE_QUARTER_OUT,18,9,0.48803250945511956,0.40602871456194939,0.24590448058940284,VERIFIED_DOCUMENTED_VINTAGES_PARTIAL_RELEASE_HISTORY,2026Q1
DFM_B,standard,PERMISSIVE_END_OF_DAY,LATEST_REVISED,HISTORICAL_POST_DEVELOPMENT_TEST,H1,LEAVE_ONE_QUARTER_OUT,3,3,0.66152810967485709,0.65977503485993905,0.65977503485993905,VERIFIED_DOCUMENTED_VINTAGES_PARTIAL_RELEASE_HISTORY,2026Q1
DFM_B,standard,PERMISSIVE_END_OF_DAY,LATEST_REVISED,HISTORICAL_POST_DEVELOPMENT_TEST,H2,LEAVE_ONE_QUARTER_OUT,3,3,0.6397564581197458,0.63784079832661078,0.63784079832661078,VERIFIED_DOCUMENTED_VINTAGES_PARTIAL_RELEASE_HISTORY,2026Q1
DFM_B,standard,PERMISSIVE_END_OF_DAY,LATEST_REVISED,HISTORICAL_POST_DEVELOPMENT_TEST,H3,LEAVE_ONE_QUARTER_OUT,3,3,0.6370612069906062,0.63525440626393337,0.63525440626393337,VERIFIED_DOCUMENTED_VINTAGES_PARTIAL_RELEASE_HISTORY,2026Q1
DFM_B,standard,PERMISSIVE_END_OF_DAY,LATEST_REVISED,HISTORICAL_POST_DEVELOPMENT_TEST,ALL,LEAVE_ONE_QUARTER_OUT,9,3,0.64620810555327035,0.64429007981682773,0.64429007981682773,VERIFIED_DOCUMENTED_VINTAGES_PARTIAL_RELEASE_HISTORY,2026Q1
DFM_B,standard,PERMISSIVE_END_OF_DAY,LATEST_REVISED,HISTORICAL_POST_DEVELOPMENT_TEST,H2_H3,LEAVE_ONE_QUARTER_OUT,6,3,0.6384102549138172,0.63654760229527207,0.63654760229527207,VERIFIED_DOCUMENTED_VINTAGES_PARTIAL_RELEASE_HISTORY,2026Q1
DFM_B,standard,PERMISSIVE_END_OF_DAY,LATEST_REVISED,POOLED_RESEARCH_ONLY,H1,LEAVE_ONE_QUARTER_OUT,9,9,0.46004683290469828,0.40858758310383386,0.40858758310383386,VERIFIED_DOCUMENTED_VINTAGES_PARTIAL_RELEASE_HISTORY,2026Q1
DFM_B,standard,PERMISSIVE_END_OF_DAY,LATEST_REVISED,POOLED_RESEARCH_ONLY,H2,LEAVE_ONE_QUARTER_OUT,9,9,0.44414593700763305,0.39010670340672998,0.33376701597273772,VERIFIED_DOCUMENTED_VINTAGES_PARTIAL_RELEASE_HISTORY,2026Q1
DFM_B,standard,PERMISSIVE_END_OF_DAY,LATEST_REVISED,POOLED_RESEARCH_ONLY,H3,LEAVE_ONE_QUARTER_OUT,9,9,0.49583509725695823,0.44652191404635516,0.29137527853940004,VERIFIED_DOCUMENTED_VINTAGES_PARTIAL_RELEASE_HISTORY,2026Q1
DFM_B,standard,PERMISSIVE_END_OF_DAY,LATEST_REVISED,POOLED_RESEARCH_ONLY,ALL,LEAVE_ONE_QUARTER_OUT,27,9,0.46717632128132275,0.41507206685230635,0.34457662587199056,VERIFIED_DOCUMENTED_VINTAGES_PARTIAL_RELEASE_HISTORY,2026Q1
DFM_B,standard,PERMISSIVE_END_OF_DAY,LATEST_REVISED,POOLED_RESEARCH_ONLY,H2_H3,LEAVE_ONE_QUARTER_OUT,18,9,0.47070057203715276,0.41831430872654257,0.31257114725606888,VERIFIED_DOCUMENTED_VINTAGES_PARTIAL_RELEASE_HISTORY,2026Q1
DFM_B,standard,STRICT,FIRST_RELEASE,HISTORICAL_POST_DEVELOPMENT_TEST,H1,LEAVE_ONE_QUARTER_OUT,3,3,0.66152810967485809,0.65977503485993994,0.65977503485993994,VERIFIED_DOCUMENTED_VINTAGES_PARTIAL_RELEASE_HISTORY,2026Q1
DFM_B,standard,STRICT,FIRST_RELEASE,HISTORICAL_POST_DEVELOPMENT_TEST,H2,LEAVE_ONE_QUARTER_OUT,3,3,0.63975645811974691,0.63784079832661167,0.63784079832661167,VERIFIED_DOCUMENTED_VINTAGES_PARTIAL_RELEASE_HISTORY,2026Q1
DFM_B,standard,STRICT,FIRST_RELEASE,HISTORICAL_POST_DEVELOPMENT_TEST,H3,LEAVE_ONE_QUARTER_OUT,3,3,0.63706120699060731,0.63525440626393426,0.63525440626393426,VERIFIED_DOCUMENTED_VINTAGES_PARTIAL_RELEASE_HISTORY,2026Q1
DFM_B,standard,STRICT,FIRST_RELEASE,HISTORICAL_POST_DEVELOPMENT_TEST,ALL,LEAVE_ONE_QUARTER_OUT,9,3,0.64620810555327146,0.64429007981682862,0.64429007981682862,VERIFIED_DOCUMENTED_VINTAGES_PARTIAL_RELEASE_HISTORY,2026Q1
DFM_B,standard,STRICT,FIRST_RELEASE,HISTORICAL_POST_DEVELOPMENT_TEST,H2_H3,LEAVE_ONE_QUARTER_OUT,6,3,0.63841025491381831,0.63654760229527296,0.63654760229527296,VERIFIED_DOCUMENTED_VINTAGES_PARTIAL_RELEASE_HISTORY,2026Q1
DFM_B,standard,STRICT,FIRST_RELEASE,POOLED_RESEARCH_ONLY,H1,LEAVE_ONE_QUARTER_OUT,9,9,0.44516525299584542,0.3542180456080678,0.34192091643716782,VERIFIED_DOCUMENTED_VINTAGES_PARTIAL_RELEASE_HISTORY,2026Q1
DFM_B,standard,STRICT,FIRST_RELEASE,POOLED_RESEARCH_ONLY,H2,LEAVE_ONE_QUARTER_OUT,9,9,0.44912242700775051,0.37674183829963975,0.26710034930607168,VERIFIED_DOCUMENTED_VINTAGES_PARTIAL_RELEASE_HISTORY,2026Q1
DFM_B,standard,STRICT,FIRST_RELEASE,POOLED_RESEARCH_ONLY,H3,LEAVE_ONE_QUARTER_OUT,9,9,0.5240615480349522,0.43531559082425897,0.224708611872734,VERIFIED_DOCUMENTED_VINTAGES_PARTIAL_RELEASE_HISTORY,2026Q1
DFM_B,standard,STRICT,FIRST_RELEASE,POOLED_RESEARCH_ONLY,ALL,LEAVE_ONE_QUARTER_OUT,27,9,0.47417421659307796,0.38875849157732217,0.27790995920532452,VERIFIED_DOCUMENTED_VINTAGES_PARTIAL_RELEASE_HISTORY,2026Q1
DFM_B,standard,STRICT,FIRST_RELEASE,POOLED_RESEARCH_ONLY,H2_H3,LEAVE_ONE_QUARTER_OUT,18,9,0.48803250945511956,0.40602871456194939,0.24590448058940284,VERIFIED_DOCUMENTED_VINTAGES_PARTIAL_RELEASE_HISTORY,2026Q1
DFM_B,standard,STRICT,LATEST_REVISED,HISTORICAL_POST_DEVELOPMENT_TEST,H1,LEAVE_ONE_QUARTER_OUT,3,3,0.66152810967485709,0.65977503485993905,0.65977503485993905,VERIFIED_DOCUMENTED_VINTAGES_PARTIAL_RELEASE_HISTORY,2026Q1
DFM_B,standard,STRICT,LATEST_REVISED,HISTORICAL_POST_DEVELOPMENT_TEST,H2,LEAVE_ONE_QUARTER_OUT,3,3,0.6397564581197458,0.63784079832661078,0.63784079832661078,VERIFIED_DOCUMENTED_VINTAGES_PARTIAL_RELEASE_HISTORY,2026Q1
DFM_B,standard,STRICT,LATEST_REVISED,HISTORICAL_POST_DEVELOPMENT_TEST,H3,LEAVE_ONE_QUARTER_OUT,3,3,0.6370612069906062,0.63525440626393337,0.63525440626393337,VERIFIED_DOCUMENTED_VINTAGES_PARTIAL_RELEASE_HISTORY,2026Q1
DFM_B,standard,STRICT,LATEST_REVISED,HISTORICAL_POST_DEVELOPMENT_TEST,ALL,LEAVE_ONE_QUARTER_OUT,9,3,0.64620810555327035,0.64429007981682773,0.64429007981682773,VERIFIED_DOCUMENTED_VINTAGES_PARTIAL_RELEASE_HISTORY,2026Q1
DFM_B,standard,STRICT,LATEST_REVISED,HISTORICAL_POST_DEVELOPMENT_TEST,H2_H3,LEAVE_ONE_QUARTER_OUT,6,3,0.6384102549138172,0.63654760229527207,0.63654760229527207,VERIFIED_DOCUMENTED_VINTAGES_PARTIAL_RELEASE_HISTORY,2026Q1
DFM_B,standard,STRICT,LATEST_REVISED,POOLED_RESEARCH_ONLY,H1,LEAVE_ONE_QUARTER_OUT,9,9,0.46004683290469828,0.40858758310383386,0.40858758310383386,VERIFIED_DOCUMENTED_VINTAGES_PARTIAL_RELEASE_HISTORY,2026Q1
DFM_B,standard,STRICT,LATEST_REVISED,POOLED_RESEARCH_ONLY,H2,LEAVE_ONE_QUARTER_OUT,9,9,0.44414593700763305,0.39010670340672998,0.33376701597273772,VERIFIED_DOCUMENTED_VINTAGES_PARTIAL_RELEASE_HISTORY,2026Q1
DFM_B,standard,STRICT,LATEST_REVISED,POOLED_RESEARCH_ONLY,H3,LEAVE_ONE_QUARTER_OUT,9,9,0.49583509725695823,0.44652191404635516,0.29137527853940004,VERIFIED_DOCUMENTED_VINTAGES_PARTIAL_RELEASE_HISTORY,2026Q1
DFM_B,standard,STRICT,LATEST_REVISED,POOLED_RESEARCH_ONLY,ALL,LEAVE_ONE_QUARTER_OUT,27,9,0.46717632128132275,0.41507206685230635,0.34457662587199056,VERIFIED_DOCUMENTED_VINTAGES_PARTIAL_RELEASE_HISTORY,2026Q1
DFM_B,standard,STRICT,LATEST_REVISED,POOLED_RESEARCH_ONLY,H2_H3,LEAVE_ONE_QUARTER_OUT,18,9,0.47070057203715276,0.41831430872654257,0.31257114725606888,VERIFIED_DOCUMENTED_VINTAGES_PARTIAL_RELEASE_HISTORY,2026Q1
PRODUCTION_ENSEMBLE,conservative,PERMISSIVE_END_OF_DAY,FIRST_RELEASE,HISTORICAL_POST_DEVELOPMENT_TEST,H1,LEAVE_ONE_QUARTER_OUT,3,3,0.19638747003745732,0.16575447482544448,0.16575447482544448,VERIFIED_DOCUMENTED_VINTAGES_PARTIAL_RELEASE_HISTORY,2026Q1
PRODUCTION_ENSEMBLE,conservative,PERMISSIVE_END_OF_DAY,FIRST_RELEASE,HISTORICAL_POST_DEVELOPMENT_TEST,H2,LEAVE_ONE_QUARTER_OUT,3,3,0.39208889584163736,0.34378633977460193,0.20599969794318884,VERIFIED_DOCUMENTED_VINTAGES_PARTIAL_RELEASE_HISTORY,2026Q1
PRODUCTION_ENSEMBLE,conservative,PERMISSIVE_END_OF_DAY,FIRST_RELEASE,HISTORICAL_POST_DEVELOPMENT_TEST,H3,LEAVE_ONE_QUARTER_OUT,3,3,0.32489596753571837,0.24708068242064041,0.16429852018311752,VERIFIED_DOCUMENTED_VINTAGES_PARTIAL_RELEASE_HISTORY,2026Q1
PRODUCTION_ENSEMBLE,conservative,PERMISSIVE_END_OF_DAY,FIRST_RELEASE,HISTORICAL_POST_DEVELOPMENT_TEST,ALL,LEAVE_ONE_QUARTER_OUT,9,3,0.31509740840518835,0.25220716567356227,0.17868423098391695,VERIFIED_DOCUMENTED_VINTAGES_PARTIAL_RELEASE_HISTORY,2026Q1
PRODUCTION_ENSEMBLE,conservative,PERMISSIVE_END_OF_DAY,FIRST_RELEASE,HISTORICAL_POST_DEVELOPMENT_TEST,H2_H3,LEAVE_ONE_QUARTER_OUT,6,3,0.36006325275101664,0.29543351109762117,0.18514910906315318,VERIFIED_DOCUMENTED_VINTAGES_PARTIAL_RELEASE_HISTORY,2026Q1
PRODUCTION_ENSEMBLE,conservative,PERMISSIVE_END_OF_DAY,FIRST_RELEASE,POOLED_RESEARCH_ONLY,H1,LEAVE_ONE_QUARTER_OUT,9,9,0.38538832029017284,0.32540566527582282,0.32540566527582282,VERIFIED_DOCUMENTED_VINTAGES_PARTIAL_RELEASE_HISTORY,2026Q1
PRODUCTION_ENSEMBLE,conservative,PERMISSIVE_END_OF_DAY,FIRST_RELEASE,POOLED_RESEARCH_ONLY,H2,LEAVE_ONE_QUARTER_OUT,9,9,0.41864844644905269,0.37484367620615466,0.3289147955956836,VERIFIED_DOCUMENTED_VINTAGES_PARTIAL_RELEASE_HISTORY,2026Q1
PRODUCTION_ENSEMBLE,conservative,PERMISSIVE_END_OF_DAY,FIRST_RELEASE,POOLED_RESEARCH_ONLY,H3,LEAVE_ONE_QUARTER_OUT,9,9,0.4223531624854393,0.36312736164917109,0.33553330756999677,VERIFIED_DOCUMENTED_VINTAGES_PARTIAL_RELEASE_HISTORY,2026Q1
PRODUCTION_ENSEMBLE,conservative,PERMISSIVE_END_OF_DAY,FIRST_RELEASE,POOLED_RESEARCH_ONLY,ALL,LEAVE_ONE_QUARTER_OUT,27,9,0.40913440048951238,0.35445890104371619,0.32995125614716775,VERIFIED_DOCUMENTED_VINTAGES_PARTIAL_RELEASE_HISTORY,2026Q1
PRODUCTION_ENSEMBLE,conservative,PERMISSIVE_END_OF_DAY,FIRST_RELEASE,POOLED_RESEARCH_ONLY,H2_H3,LEAVE_ONE_QUARTER_OUT,18,9,0.42050488438046552,0.36898551892766285,0.33222405158284019,VERIFIED_DOCUMENTED_VINTAGES_PARTIAL_RELEASE_HISTORY,2026Q1
PRODUCTION_ENSEMBLE,conservative,PERMISSIVE_END_OF_DAY,LATEST_REVISED,HISTORICAL_POST_DEVELOPMENT_TEST,H1,LEAVE_ONE_QUARTER_OUT,3,3,0.19638747003745574,0.16575447482544359,0.16575447482544359,VERIFIED_DOCUMENTED_VINTAGES_PARTIAL_RELEASE_HISTORY,2026Q1
PRODUCTION_ENSEMBLE,conservative,PERMISSIVE_END_OF_DAY,LATEST_REVISED,HISTORICAL_POST_DEVELOPMENT_TEST,H2,LEAVE_ONE_QUARTER_OUT,3,3,0.39208889584163414,0.34378633977459927,0.20599969794318795,VERIFIED_DOCUMENTED_VINTAGES_PARTIAL_RELEASE_HISTORY,2026Q1
PRODUCTION_ENSEMBLE,conservative,PERMISSIVE_END_OF_DAY,LATEST_REVISED,HISTORICAL_POST_DEVELOPMENT_TEST,H3,LEAVE_ONE_QUARTER_OUT,3,3,0.32489596753571509,0.24708068242063774,0.16429852018311664,VERIFIED_DOCUMENTED_VINTAGES_PARTIAL_RELEASE_HISTORY,2026Q1
PRODUCTION_ENSEMBLE,conservative,PERMISSIVE_END_OF_DAY,LATEST_REVISED,HISTORICAL_POST_DEVELOPMENT_TEST,ALL,LEAVE_ONE_QUARTER_OUT,9,3,0.31509740840518558,0.25220716567356022,0.17868423098391606,VERIFIED_DOCUMENTED_VINTAGES_PARTIAL_RELEASE_HISTORY,2026Q1
PRODUCTION_ENSEMBLE,conservative,PERMISSIVE_END_OF_DAY,LATEST_REVISED,HISTORICAL_POST_DEVELOPMENT_TEST,H2_H3,LEAVE_ONE_QUARTER_OUT,6,3,0.36006325275101342,0.29543351109761851,0.1851491090631523,VERIFIED_DOCUMENTED_VINTAGES_PARTIAL_RELEASE_HISTORY,2026Q1
PRODUCTION_ENSEMBLE,conservative,PERMISSIVE_END_OF_DAY,LATEST_REVISED,POOLED_RESEARCH_ONLY,H1,LEAVE_ONE_QUARTER_OUT,9,9,0.44313844530217056,0.39207233194248886,0.39207233194248886,VERIFIED_DOCUMENTED_VINTAGES_PARTIAL_RELEASE_HISTORY,2026Q1
PRODUCTION_ENSEMBLE,conservative,PERMISSIVE_END_OF_DAY,LATEST_REVISED,POOLED_RESEARCH_ONLY,H2,LEAVE_ONE_QUARTER_OUT,9,9,0.47866472659824016,0.44151034287282009,0.39558146226234964,VERIFIED_DOCUMENTED_VINTAGES_PARTIAL_RELEASE_HISTORY,2026Q1
PRODUCTION_ENSEMBLE,conservative,PERMISSIVE_END_OF_DAY,LATEST_REVISED,POOLED_RESEARCH_ONLY,H3,LEAVE_ONE_QUARTER_OUT,9,9,0.48571090836748759,0.42979402831583652,0.40219997423666282,VERIFIED_DOCUMENTED_VINTAGES_PARTIAL_RELEASE_HISTORY,2026Q1
PRODUCTION_ENSEMBLE,conservative,PERMISSIVE_END_OF_DAY,LATEST_REVISED,POOLED_RESEARCH_ONLY,ALL,LEAVE_ONE_QUARTER_OUT,27,9,0.46954115499473276,0.42112556771038184,0.39661792281383379,VERIFIED_DOCUMENTED_VINTAGES_PARTIAL_RELEASE_HISTORY,2026Q1
PRODUCTION_ENSEMBLE,conservative,PERMISSIVE_END_OF_DAY,LATEST_REVISED,POOLED_RESEARCH_ONLY,H2_H3,LEAVE_ONE_QUARTER_OUT,18,9,0.48220068799024851,0.43565218559432828,0.39889071824950623,VERIFIED_DOCUMENTED_VINTAGES_PARTIAL_RELEASE_HISTORY,2026Q1
PRODUCTION_ENSEMBLE,conservative,STRICT,FIRST_RELEASE,HISTORICAL_POST_DEVELOPMENT_TEST,H1,LEAVE_ONE_QUARTER_OUT,3,3,0.19638747003745732,0.16575447482544448,0.16575447482544448,VERIFIED_DOCUMENTED_VINTAGES_PARTIAL_RELEASE_HISTORY,2026Q1
PRODUCTION_ENSEMBLE,conservative,STRICT,FIRST_RELEASE,HISTORICAL_POST_DEVELOPMENT_TEST,H2,LEAVE_ONE_QUARTER_OUT,3,3,0.39208889584163736,0.34378633977460193,0.20599969794318884,VERIFIED_DOCUMENTED_VINTAGES_PARTIAL_RELEASE_HISTORY,2026Q1
PRODUCTION_ENSEMBLE,conservative,STRICT,FIRST_RELEASE,HISTORICAL_POST_DEVELOPMENT_TEST,H3,LEAVE_ONE_QUARTER_OUT,3,3,0.32489596753571837,0.24708068242064041,0.16429852018311752,VERIFIED_DOCUMENTED_VINTAGES_PARTIAL_RELEASE_HISTORY,2026Q1
PRODUCTION_ENSEMBLE,conservative,STRICT,FIRST_RELEASE,HISTORICAL_POST_DEVELOPMENT_TEST,ALL,LEAVE_ONE_QUARTER_OUT,9,3,0.31509740840518835,0.25220716567356227,0.17868423098391695,VERIFIED_DOCUMENTED_VINTAGES_PARTIAL_RELEASE_HISTORY,2026Q1
PRODUCTION_ENSEMBLE,conservative,STRICT,FIRST_RELEASE,HISTORICAL_POST_DEVELOPMENT_TEST,H2_H3,LEAVE_ONE_QUARTER_OUT,6,3,0.36006325275101664,0.29543351109762117,0.18514910906315318,VERIFIED_DOCUMENTED_VINTAGES_PARTIAL_RELEASE_HISTORY,2026Q1
PRODUCTION_ENSEMBLE,conservative,STRICT,FIRST_RELEASE,POOLED_RESEARCH_ONLY,H1,LEAVE_ONE_QUARTER_OUT,9,9,0.38538832029017284,0.32540566527582282,0.32540566527582282,VERIFIED_DOCUMENTED_VINTAGES_PARTIAL_RELEASE_HISTORY,2026Q1
PRODUCTION_ENSEMBLE,conservative,STRICT,FIRST_RELEASE,POOLED_RESEARCH_ONLY,H2,LEAVE_ONE_QUARTER_OUT,9,9,0.41864844644905269,0.37484367620615466,0.3289147955956836,VERIFIED_DOCUMENTED_VINTAGES_PARTIAL_RELEASE_HISTORY,2026Q1
PRODUCTION_ENSEMBLE,conservative,STRICT,FIRST_RELEASE,POOLED_RESEARCH_ONLY,H3,LEAVE_ONE_QUARTER_OUT,9,9,0.4223531624854393,0.36312736164917109,0.33553330756999677,VERIFIED_DOCUMENTED_VINTAGES_PARTIAL_RELEASE_HISTORY,2026Q1
PRODUCTION_ENSEMBLE,conservative,STRICT,FIRST_RELEASE,POOLED_RESEARCH_ONLY,ALL,LEAVE_ONE_QUARTER_OUT,27,9,0.40913440048951238,0.35445890104371619,0.32995125614716775,VERIFIED_DOCUMENTED_VINTAGES_PARTIAL_RELEASE_HISTORY,2026Q1
PRODUCTION_ENSEMBLE,conservative,STRICT,FIRST_RELEASE,POOLED_RESEARCH_ONLY,H2_H3,LEAVE_ONE_QUARTER_OUT,18,9,0.42050488438046552,0.36898551892766285,0.33222405158284019,VERIFIED_DOCUMENTED_VINTAGES_PARTIAL_RELEASE_HISTORY,2026Q1
PRODUCTION_ENSEMBLE,conservative,STRICT,LATEST_REVISED,HISTORICAL_POST_DEVELOPMENT_TEST,H1,LEAVE_ONE_QUARTER_OUT,3,3,0.19638747003745574,0.16575447482544359,0.16575447482544359,VERIFIED_DOCUMENTED_VINTAGES_PARTIAL_RELEASE_HISTORY,2026Q1
PRODUCTION_ENSEMBLE,conservative,STRICT,LATEST_REVISED,HISTORICAL_POST_DEVELOPMENT_TEST,H2,LEAVE_ONE_QUARTER_OUT,3,3,0.39208889584163414,0.34378633977459927,0.20599969794318795,VERIFIED_DOCUMENTED_VINTAGES_PARTIAL_RELEASE_HISTORY,2026Q1
PRODUCTION_ENSEMBLE,conservative,STRICT,LATEST_REVISED,HISTORICAL_POST_DEVELOPMENT_TEST,H3,LEAVE_ONE_QUARTER_OUT,3,3,0.32489596753571509,0.24708068242063774,0.16429852018311664,VERIFIED_DOCUMENTED_VINTAGES_PARTIAL_RELEASE_HISTORY,2026Q1
PRODUCTION_ENSEMBLE,conservative,STRICT,LATEST_REVISED,HISTORICAL_POST_DEVELOPMENT_TEST,ALL,LEAVE_ONE_QUARTER_OUT,9,3,0.31509740840518558,0.25220716567356022,0.17868423098391606,VERIFIED_DOCUMENTED_VINTAGES_PARTIAL_RELEASE_HISTORY,2026Q1
PRODUCTION_ENSEMBLE,conservative,STRICT,LATEST_REVISED,HISTORICAL_POST_DEVELOPMENT_TEST,H2_H3,LEAVE_ONE_QUARTER_OUT,6,3,0.36006325275101342,0.29543351109761851,0.1851491090631523,VERIFIED_DOCUMENTED_VINTAGES_PARTIAL_RELEASE_HISTORY,2026Q1
PRODUCTION_ENSEMBLE,conservative,STRICT,LATEST_REVISED,POOLED_RESEARCH_ONLY,H1,LEAVE_ONE_QUARTER_OUT,9,9,0.44313844530217056,0.39207233194248886,0.39207233194248886,VERIFIED_DOCUMENTED_VINTAGES_PARTIAL_RELEASE_HISTORY,2026Q1
PRODUCTION_ENSEMBLE,conservative,STRICT,LATEST_REVISED,POOLED_RESEARCH_ONLY,H2,LEAVE_ONE_QUARTER_OUT,9,9,0.47866472659824016,0.44151034287282009,0.39558146226234964,VERIFIED_DOCUMENTED_VINTAGES_PARTIAL_RELEASE_HISTORY,2026Q1
PRODUCTION_ENSEMBLE,conservative,STRICT,LATEST_REVISED,POOLED_RESEARCH_ONLY,H3,LEAVE_ONE_QUARTER_OUT,9,9,0.48571090836748759,0.42979402831583652,0.40219997423666282,VERIFIED_DOCUMENTED_VINTAGES_PARTIAL_RELEASE_HISTORY,2026Q1
PRODUCTION_ENSEMBLE,conservative,STRICT,LATEST_REVISED,POOLED_RESEARCH_ONLY,ALL,LEAVE_ONE_QUARTER_OUT,27,9,0.46954115499473276,0.42112556771038184,0.39661792281383379,VERIFIED_DOCUMENTED_VINTAGES_PARTIAL_RELEASE_HISTORY,2026Q1
PRODUCTION_ENSEMBLE,conservative,STRICT,LATEST_REVISED,POOLED_RESEARCH_ONLY,H2_H3,LEAVE_ONE_QUARTER_OUT,18,9,0.48220068799024851,0.43565218559432828,0.39889071824950623,VERIFIED_DOCUMENTED_VINTAGES_PARTIAL_RELEASE_HISTORY,2026Q1
PRODUCTION_ENSEMBLE,standard,PERMISSIVE_END_OF_DAY,FIRST_RELEASE,HISTORICAL_POST_DEVELOPMENT_TEST,H1,LEAVE_ONE_QUARTER_OUT,3,3,0.39208889584163736,0.34378633977460193,0.20599969794318884,VERIFIED_DOCUMENTED_VINTAGES_PARTIAL_RELEASE_HISTORY,2026Q1
PRODUCTION_ENSEMBLE,standard,PERMISSIVE_END_OF_DAY,FIRST_RELEASE,HISTORICAL_POST_DEVELOPMENT_TEST,H2,LEAVE_ONE_QUARTER_OUT,3,3,0.32489596753571837,0.24708068242064041,0.16429852018311752,VERIFIED_DOCUMENTED_VINTAGES_PARTIAL_RELEASE_HISTORY,2026Q1
PRODUCTION_ENSEMBLE,standard,PERMISSIVE_END_OF_DAY,FIRST_RELEASE,HISTORICAL_POST_DEVELOPMENT_TEST,H3,LEAVE_ONE_QUARTER_OUT,3,3,0.10020094333273401,0.097535049092818404,0.097535049092818404,VERIFIED_DOCUMENTED_VINTAGES_PARTIAL_RELEASE_HISTORY,2026Q1
PRODUCTION_ENSEMBLE,standard,PERMISSIVE_END_OF_DAY,FIRST_RELEASE,HISTORICAL_POST_DEVELOPMENT_TEST,ALL,LEAVE_ONE_QUARTER_OUT,9,3,0.29962828137992065,0.22946735709602026,0.15594442240637493,VERIFIED_DOCUMENTED_VINTAGES_PARTIAL_RELEASE_HISTORY,2026Q1
PRODUCTION_ENSEMBLE,standard,PERMISSIVE_END_OF_DAY,FIRST_RELEASE,HISTORICAL_POST_DEVELOPMENT_TEST,H2_H3,LEAVE_ONE_QUARTER_OUT,6,3,0.24041382943347953,0.17230786575672941,0.13091678463796796,VERIFIED_DOCUMENTED_VINTAGES_PARTIAL_RELEASE_HISTORY,2026Q1
PRODUCTION_ENSEMBLE,standard,PERMISSIVE_END_OF_DAY,FIRST_RELEASE,POOLED_RESEARCH_ONLY,H1,LEAVE_ONE_QUARTER_OUT,9,9,0.41864844644905269,0.37484367620615466,0.3289147955956836,VERIFIED_DOCUMENTED_VINTAGES_PARTIAL_RELEASE_HISTORY,2026Q1
PRODUCTION_ENSEMBLE,standard,PERMISSIVE_END_OF_DAY,FIRST_RELEASE,POOLED_RESEARCH_ONLY,H2,LEAVE_ONE_QUARTER_OUT,9,9,0.4223531624854393,0.36312736164917109,0.33553330756999677,VERIFIED_DOCUMENTED_VINTAGES_PARTIAL_RELEASE_HISTORY,2026Q1
PRODUCTION_ENSEMBLE,standard,PERMISSIVE_END_OF_DAY,FIRST_RELEASE,POOLED_RESEARCH_ONLY,H3,LEAVE_ONE_QUARTER_OUT,9,9,0.28024249409239105,0.24437071204732083,0.16782309998936087,VERIFIED_DOCUMENTED_VINTAGES_PARTIAL_RELEASE_HISTORY,2026Q1
PRODUCTION_ENSEMBLE,standard,PERMISSIVE_END_OF_DAY,FIRST_RELEASE,POOLED_RESEARCH_ONLY,ALL,LEAVE_ONE_QUARTER_OUT,27,9,0.37955437514308854,0.32744724996754887,0.27742373438501378,VERIFIED_DOCUMENTED_VINTAGES_PARTIAL_RELEASE_HISTORY,2026Q1
PRODUCTION_ENSEMBLE,standard,PERMISSIVE_END_OF_DAY,FIRST_RELEASE,POOLED_RESEARCH_ONLY,H2_H3,LEAVE_ONE_QUARTER_OUT,18,9,0.35841180878744477,0.30374903684824595,0.25167820377967881,VERIFIED_DOCUMENTED_VINTAGES_PARTIAL_RELEASE_HISTORY,2026Q1
PRODUCTION_ENSEMBLE,standard,PERMISSIVE_END_OF_DAY,LATEST_REVISED,HISTORICAL_POST_DEVELOPMENT_TEST,H1,LEAVE_ONE_QUARTER_OUT,3,3,0.39208889584163414,0.34378633977459927,0.20599969794318795,VERIFIED_DOCUMENTED_VINTAGES_PARTIAL_RELEASE_HISTORY,2026Q1
PRODUCTION_ENSEMBLE,standard,PERMISSIVE_END_OF_DAY,LATEST_REVISED,HISTORICAL_POST_DEVELOPMENT_TEST,H2,LEAVE_ONE_QUARTER_OUT,3,3,0.32489596753571509,0.24708068242063774,0.16429852018311664,VERIFIED_DOCUMENTED_VINTAGES_PARTIAL_RELEASE_HISTORY,2026Q1
PRODUCTION_ENSEMBLE,standard,PERMISSIVE_END_OF_DAY,LATEST_REVISED,HISTORICAL_POST_DEVELOPMENT_TEST,H3,LEAVE_ONE_QUARTER_OUT,3,3,0.10020094333273237,0.097535049092817516,0.097535049092817516,VERIFIED_DOCUMENTED_VINTAGES_PARTIAL_RELEASE_HISTORY,2026Q1
PRODUCTION_ENSEMBLE,standard,PERMISSIVE_END_OF_DAY,LATEST_REVISED,HISTORICAL_POST_DEVELOPMENT_TEST,ALL,LEAVE_ONE_QUARTER_OUT,9,3,0.29962828137991787,0.22946735709601818,0.15594442240637404,VERIFIED_DOCUMENTED_VINTAGES_PARTIAL_RELEASE_HISTORY,2026Q1
PRODUCTION_ENSEMBLE,standard,PERMISSIVE_END_OF_DAY,LATEST_REVISED,HISTORICAL_POST_DEVELOPMENT_TEST,H2_H3,LEAVE_ONE_QUARTER_OUT,6,3,0.24041382943347692,0.17230786575672763,0.13091678463796708,VERIFIED_DOCUMENTED_VINTAGES_PARTIAL_RELEASE_HISTORY,2026Q1
PRODUCTION_ENSEMBLE,standard,PERMISSIVE_END_OF_DAY,LATEST_REVISED,POOLED_RESEARCH_ONLY,H1,LEAVE_ONE_QUARTER_OUT,9,9,0.47866472659824016,0.44151034287282009,0.39558146226234964,VERIFIED_DOCUMENTED_VINTAGES_PARTIAL_RELEASE_HISTORY,2026Q1
PRODUCTION_ENSEMBLE,standard,PERMISSIVE_END_OF_DAY,LATEST_REVISED,POOLED_RESEARCH_ONLY,H2,LEAVE_ONE_QUARTER_OUT,9,9,0.48571090836748759,0.42979402831583652,0.40219997423666282,VERIFIED_DOCUMENTED_VINTAGES_PARTIAL_RELEASE_HISTORY,2026Q1
PRODUCTION_ENSEMBLE,standard,PERMISSIVE_END_OF_DAY,LATEST_REVISED,POOLED_RESEARCH_ONLY,H3,LEAVE_ONE_QUARTER_OUT,9,9,0.35641969353738268,0.31103737871398629,0.23448976665602692,VERIFIED_DOCUMENTED_VINTAGES_PARTIAL_RELEASE_HISTORY,2026Q1
PRODUCTION_ENSEMBLE,standard,PERMISSIVE_END_OF_DAY,LATEST_REVISED,POOLED_RESEARCH_ONLY,ALL,LEAVE_ONE_QUARTER_OUT,27,9,0.44424843084990923,0.3941139166342143,0.34409040105167982,VERIFIED_DOCUMENTED_VINTAGES_PARTIAL_RELEASE_HISTORY,2026Q1
PRODUCTION_ENSEMBLE,standard,PERMISSIVE_END_OF_DAY,LATEST_REVISED,POOLED_RESEARCH_ONLY,H2_H3,LEAVE_ONE_QUARTER_OUT,18,9,0.42599887584854712,0.37041570351491138,0.31834487044634485,VERIFIED_DOCUMENTED_VINTAGES_PARTIAL_RELEASE_HISTORY,2026Q1
PRODUCTION_ENSEMBLE,standard,STRICT,FIRST_RELEASE,HISTORICAL_POST_DEVELOPMENT_TEST,H1,LEAVE_ONE_QUARTER_OUT,3,3,0.39208889584163736,0.34378633977460193,0.20599969794318884,VERIFIED_DOCUMENTED_VINTAGES_PARTIAL_RELEASE_HISTORY,2026Q1
PRODUCTION_ENSEMBLE,standard,STRICT,FIRST_RELEASE,HISTORICAL_POST_DEVELOPMENT_TEST,H2,LEAVE_ONE_QUARTER_OUT,3,3,0.32489596753571837,0.24708068242064041,0.16429852018311752,VERIFIED_DOCUMENTED_VINTAGES_PARTIAL_RELEASE_HISTORY,2026Q1
PRODUCTION_ENSEMBLE,standard,STRICT,FIRST_RELEASE,HISTORICAL_POST_DEVELOPMENT_TEST,H3,LEAVE_ONE_QUARTER_OUT,3,3,0.10020094333273401,0.097535049092818404,0.097535049092818404,VERIFIED_DOCUMENTED_VINTAGES_PARTIAL_RELEASE_HISTORY,2026Q1
PRODUCTION_ENSEMBLE,standard,STRICT,FIRST_RELEASE,HISTORICAL_POST_DEVELOPMENT_TEST,ALL,LEAVE_ONE_QUARTER_OUT,9,3,0.29962828137992065,0.22946735709602026,0.15594442240637493,VERIFIED_DOCUMENTED_VINTAGES_PARTIAL_RELEASE_HISTORY,2026Q1
PRODUCTION_ENSEMBLE,standard,STRICT,FIRST_RELEASE,HISTORICAL_POST_DEVELOPMENT_TEST,H2_H3,LEAVE_ONE_QUARTER_OUT,6,3,0.24041382943347953,0.17230786575672941,0.13091678463796796,VERIFIED_DOCUMENTED_VINTAGES_PARTIAL_RELEASE_HISTORY,2026Q1
PRODUCTION_ENSEMBLE,standard,STRICT,FIRST_RELEASE,POOLED_RESEARCH_ONLY,H1,LEAVE_ONE_QUARTER_OUT,9,9,0.41864844644905269,0.37484367620615466,0.3289147955956836,VERIFIED_DOCUMENTED_VINTAGES_PARTIAL_RELEASE_HISTORY,2026Q1
PRODUCTION_ENSEMBLE,standard,STRICT,FIRST_RELEASE,POOLED_RESEARCH_ONLY,H2,LEAVE_ONE_QUARTER_OUT,9,9,0.4223531624854393,0.36312736164917109,0.33553330756999677,VERIFIED_DOCUMENTED_VINTAGES_PARTIAL_RELEASE_HISTORY,2026Q1
PRODUCTION_ENSEMBLE,standard,STRICT,FIRST_RELEASE,POOLED_RESEARCH_ONLY,H3,LEAVE_ONE_QUARTER_OUT,9,9,0.28024249409239105,0.24437071204732083,0.16782309998936087,VERIFIED_DOCUMENTED_VINTAGES_PARTIAL_RELEASE_HISTORY,2026Q1
PRODUCTION_ENSEMBLE,standard,STRICT,FIRST_RELEASE,POOLED_RESEARCH_ONLY,ALL,LEAVE_ONE_QUARTER_OUT,27,9,0.37955437514308854,0.32744724996754887,0.27742373438501378,VERIFIED_DOCUMENTED_VINTAGES_PARTIAL_RELEASE_HISTORY,2026Q1
PRODUCTION_ENSEMBLE,standard,STRICT,FIRST_RELEASE,POOLED_RESEARCH_ONLY,H2_H3,LEAVE_ONE_QUARTER_OUT,18,9,0.35841180878744477,0.30374903684824595,0.25167820377967881,VERIFIED_DOCUMENTED_VINTAGES_PARTIAL_RELEASE_HISTORY,2026Q1
PRODUCTION_ENSEMBLE,standard,STRICT,LATEST_REVISED,HISTORICAL_POST_DEVELOPMENT_TEST,H1,LEAVE_ONE_QUARTER_OUT,3,3,0.39208889584163414,0.34378633977459927,0.20599969794318795,VERIFIED_DOCUMENTED_VINTAGES_PARTIAL_RELEASE_HISTORY,2026Q1
PRODUCTION_ENSEMBLE,standard,STRICT,LATEST_REVISED,HISTORICAL_POST_DEVELOPMENT_TEST,H2,LEAVE_ONE_QUARTER_OUT,3,3,0.32489596753571509,0.24708068242063774,0.16429852018311664,VERIFIED_DOCUMENTED_VINTAGES_PARTIAL_RELEASE_HISTORY,2026Q1
PRODUCTION_ENSEMBLE,standard,STRICT,LATEST_REVISED,HISTORICAL_POST_DEVELOPMENT_TEST,H3,LEAVE_ONE_QUARTER_OUT,3,3,0.10020094333273237,0.097535049092817516,0.097535049092817516,VERIFIED_DOCUMENTED_VINTAGES_PARTIAL_RELEASE_HISTORY,2026Q1
PRODUCTION_ENSEMBLE,standard,STRICT,LATEST_REVISED,HISTORICAL_POST_DEVELOPMENT_TEST,ALL,LEAVE_ONE_QUARTER_OUT,9,3,0.29962828137991787,0.22946735709601818,0.15594442240637404,VERIFIED_DOCUMENTED_VINTAGES_PARTIAL_RELEASE_HISTORY,2026Q1
PRODUCTION_ENSEMBLE,standard,STRICT,LATEST_REVISED,HISTORICAL_POST_DEVELOPMENT_TEST,H2_H3,LEAVE_ONE_QUARTER_OUT,6,3,0.24041382943347692,0.17230786575672763,0.13091678463796708,VERIFIED_DOCUMENTED_VINTAGES_PARTIAL_RELEASE_HISTORY,2026Q1
PRODUCTION_ENSEMBLE,standard,STRICT,LATEST_REVISED,POOLED_RESEARCH_ONLY,H1,LEAVE_ONE_QUARTER_OUT,9,9,0.47866472659824016,0.44151034287282009,0.39558146226234964,VERIFIED_DOCUMENTED_VINTAGES_PARTIAL_RELEASE_HISTORY,2026Q1
PRODUCTION_ENSEMBLE,standard,STRICT,LATEST_REVISED,POOLED_RESEARCH_ONLY,H2,LEAVE_ONE_QUARTER_OUT,9,9,0.48571090836748759,0.42979402831583652,0.40219997423666282,VERIFIED_DOCUMENTED_VINTAGES_PARTIAL_RELEASE_HISTORY,2026Q1
PRODUCTION_ENSEMBLE,standard,STRICT,LATEST_REVISED,POOLED_RESEARCH_ONLY,H3,LEAVE_ONE_QUARTER_OUT,9,9,0.35641969353738268,0.31103737871398629,0.23448976665602692,VERIFIED_DOCUMENTED_VINTAGES_PARTIAL_RELEASE_HISTORY,2026Q1
PRODUCTION_ENSEMBLE,standard,STRICT,LATEST_REVISED,POOLED_RESEARCH_ONLY,ALL,LEAVE_ONE_QUARTER_OUT,27,9,0.44424843084990923,0.3941139166342143,0.34409040105167982,VERIFIED_DOCUMENTED_VINTAGES_PARTIAL_RELEASE_HISTORY,2026Q1
PRODUCTION_ENSEMBLE,standard,STRICT,LATEST_REVISED,POOLED_RESEARCH_ONLY,H2_H3,LEAVE_ONE_QUARTER_OUT,18,9,0.42599887584854712,0.37041570351491138,0.31834487044634485,VERIFIED_DOCUMENTED_VINTAGES_PARTIAL_RELEASE_HISTORY,2026Q1
UMIDAS_USD,conservative,PERMISSIVE_END_OF_DAY,FIRST_RELEASE,HISTORICAL_POST_DEVELOPMENT_TEST,H1,LEAVE_ONE_QUARTER_OUT,3,3,0.1354703152426045,0.11717222655383353,-0.11717222655383353,VERIFIED_DOCUMENTED_VINTAGES_PARTIAL_RELEASE_HISTORY,2026Q1
UMIDAS_USD,conservative,PERMISSIVE_END_OF_DAY,FIRST_RELEASE,HISTORICAL_POST_DEVELOPMENT_TEST,H2,LEAVE_ONE_QUARTER_OUT,3,3,0.6562991507691972,0.60344937002457344,-0.036681780318345382,VERIFIED_DOCUMENTED_VINTAGES_PARTIAL_RELEASE_HISTORY,2026Q1
UMIDAS_USD,conservative,PERMISSIVE_END_OF_DAY,FIRST_RELEASE,HISTORICAL_POST_DEVELOPMENT_TEST,H3,LEAVE_ONE_QUARTER_OUT,3,3,0.50557058096370466,0.41003805531665066,-0.12008413583848772,VERIFIED_DOCUMENTED_VINTAGES_PARTIAL_RELEASE_HISTORY,2026Q1
UMIDAS_USD,conservative,PERMISSIVE_END_OF_DAY,FIRST_RELEASE,HISTORICAL_POST_DEVELOPMENT_TEST,ALL,LEAVE_ONE_QUARTER_OUT,9,3,0.4846587782307184,0.37688655063168586,-0.091312714236888873,VERIFIED_DOCUMENTED_VINTAGES_PARTIAL_RELEASE_HISTORY,2026Q1
UMIDAS_USD,conservative,PERMISSIVE_END_OF_DAY,FIRST_RELEASE,HISTORICAL_POST_DEVELOPMENT_TEST,H2_H3,LEAVE_ONE_QUARTER_OUT,6,3,0.58580294794254295,0.50674371267061202,-0.078382958078416554,VERIFIED_DOCUMENTED_VINTAGES_PARTIAL_RELEASE_HISTORY,2026Q1
UMIDAS_USD,conservative,PERMISSIVE_END_OF_DAY,FIRST_RELEASE,POOLED_RESEARCH_ONLY,H1,LEAVE_ONE_QUARTER_OUT,9,9,0.33118118435385441,0.2724350278522556,0.17887568534132114,VERIFIED_DOCUMENTED_VINTAGES_PARTIAL_RELEASE_HISTORY,2026Q1
UMIDAS_USD,conservative,PERMISSIVE_END_OF_DAY,FIRST_RELEASE,POOLED_RESEARCH_ONLY,H2,LEAVE_ONE_QUARTER_OUT,9,9,0.48706676995214537,0.40563988454414751,0.18589394598104272,VERIFIED_DOCUMENTED_VINTAGES_PARTIAL_RELEASE_HISTORY,2026Q1
UMIDAS_USD,conservative,PERMISSIVE_END_OF_DAY,FIRST_RELEASE,POOLED_RESEARCH_ONLY,H3,LEAVE_ONE_QUARTER_OUT,9,9,0.46023100868649502,0.38543863051293431,0.19913096992966928,VERIFIED_DOCUMENTED_VINTAGES_PARTIAL_RELEASE_HISTORY,2026Q1
UMIDAS_USD,conservative,PERMISSIVE_END_OF_DAY,FIRST_RELEASE,POOLED_RESEARCH_ONLY,ALL,LEAVE_ONE_QUARTER_OUT,27,9,0.43155826050033552,0.35450451430311247,0.18796686708401106,VERIFIED_DOCUMENTED_VINTAGES_PARTIAL_RELEASE_HISTORY,2026Q1
UMIDAS_USD,conservative,PERMISSIVE_END_OF_DAY,FIRST_RELEASE,POOLED_RESEARCH_ONLY,H2_H3,LEAVE_ONE_QUARTER_OUT,18,9,0.47383890709195919,0.39553925752854091,0.19251245795535599,VERIFIED_DOCUMENTED_VINTAGES_PARTIAL_RELEASE_HISTORY,2026Q1
UMIDAS_USD,conservative,PERMISSIVE_END_OF_DAY,LATEST_REVISED,HISTORICAL_POST_DEVELOPMENT_TEST,H1,LEAVE_ONE_QUARTER_OUT,3,3,0.1354703152426058,0.11717222655383441,-0.11717222655383441,VERIFIED_DOCUMENTED_VINTAGES_PARTIAL_RELEASE_HISTORY,2026Q1
UMIDAS_USD,conservative,PERMISSIVE_END_OF_DAY,LATEST_REVISED,HISTORICAL_POST_DEVELOPMENT_TEST,H2,LEAVE_ONE_QUARTER_OUT,3,3,0.65629915076919454,0.60344937002457077,-0.03668178031834627,VERIFIED_DOCUMENTED_VINTAGES_PARTIAL_RELEASE_HISTORY,2026Q1
UMIDAS_USD,conservative,PERMISSIVE_END_OF_DAY,LATEST_REVISED,HISTORICAL_POST_DEVELOPMENT_TEST,H3,LEAVE_ONE_QUARTER_OUT,3,3,0.505570580963702,0.410038055316648,-0.12008413583848861,VERIFIED_DOCUMENTED_VINTAGES_PARTIAL_RELEASE_HISTORY,2026Q1
UMIDAS_USD,conservative,PERMISSIVE_END_OF_DAY,LATEST_REVISED,HISTORICAL_POST_DEVELOPMENT_TEST,ALL,LEAVE_ONE_QUARTER_OUT,9,3,0.4846587782307164,0.37688655063168436,-0.091312714236889761,VERIFIED_DOCUMENTED_VINTAGES_PARTIAL_RELEASE_HISTORY,2026Q1
UMIDAS_USD,conservative,PERMISSIVE_END_OF_DAY,LATEST_REVISED,HISTORICAL_POST_DEVELOPMENT_TEST,H2_H3,LEAVE_ONE_QUARTER_OUT,6,3,0.5858029479425404,0.50674371267060936,-0.078382958078417442,VERIFIED_DOCUMENTED_VINTAGES_PARTIAL_RELEASE_HISTORY,2026Q1
UMIDAS_USD,conservative,PERMISSIVE_END_OF_DAY,LATEST_REVISED,POOLED_RESEARCH_ONLY,H1,LEAVE_ONE_QUARTER_OUT,9,9,0.38578750813389695,0.32365716971054348,0.24554235200798719,VERIFIED_DOCUMENTED_VINTAGES_PARTIAL_RELEASE_HISTORY,2026Q1
UMIDAS_USD,conservative,PERMISSIVE_END_OF_DAY,LATEST_REVISED,POOLED_RESEARCH_ONLY,H2,LEAVE_ONE_QUARTER_OUT,9,9,0.5370258950242468,0.47230655121081416,0.25256061264770874,VERIFIED_DOCUMENTED_VINTAGES_PARTIAL_RELEASE_HISTORY,2026Q1
UMIDAS_USD,conservative,PERMISSIVE_END_OF_DAY,LATEST_REVISED,POOLED_RESEARCH_ONLY,H3,LEAVE_ONE_QUARTER_OUT,9,9,0.51993686408320461,0.45210529717960096,0.26579763659633532,VERIFIED_DOCUMENTED_VINTAGES_PARTIAL_RELEASE_HISTORY,2026Q1
UMIDAS_USD,conservative,PERMISSIVE_END_OF_DAY,LATEST_REVISED,POOLED_RESEARCH_ONLY,ALL,LEAVE_ONE_QUARTER_OUT,27,9,0.48564841740756987,0.41602300603365283,0.2546335337506771,VERIFIED_DOCUMENTED_VINTAGES_PARTIAL_RELEASE_HISTORY,2026Q1
UMIDAS_USD,conservative,PERMISSIVE_END_OF_DAY,LATEST_REVISED,POOLED_RESEARCH_ONLY,H2_H3,LEAVE_ONE_QUARTER_OUT,18,9,0.52855044913388838,0.46220592419520756,0.25917912462202203,VERIFIED_DOCUMENTED_VINTAGES_PARTIAL_RELEASE_HISTORY,2026Q1
UMIDAS_USD,conservative,STRICT,FIRST_RELEASE,HISTORICAL_POST_DEVELOPMENT_TEST,H1,LEAVE_ONE_QUARTER_OUT,3,3,0.1354703152426045,0.11717222655383353,-0.11717222655383353,VERIFIED_DOCUMENTED_VINTAGES_PARTIAL_RELEASE_HISTORY,2026Q1
UMIDAS_USD,conservative,STRICT,FIRST_RELEASE,HISTORICAL_POST_DEVELOPMENT_TEST,H2,LEAVE_ONE_QUARTER_OUT,3,3,0.6562991507691972,0.60344937002457344,-0.036681780318345382,VERIFIED_DOCUMENTED_VINTAGES_PARTIAL_RELEASE_HISTORY,2026Q1
UMIDAS_USD,conservative,STRICT,FIRST_RELEASE,HISTORICAL_POST_DEVELOPMENT_TEST,H3,LEAVE_ONE_QUARTER_OUT,3,3,0.50557058096370466,0.41003805531665066,-0.12008413583848772,VERIFIED_DOCUMENTED_VINTAGES_PARTIAL_RELEASE_HISTORY,2026Q1
UMIDAS_USD,conservative,STRICT,FIRST_RELEASE,HISTORICAL_POST_DEVELOPMENT_TEST,ALL,LEAVE_ONE_QUARTER_OUT,9,3,0.4846587782307184,0.37688655063168586,-0.091312714236888873,VERIFIED_DOCUMENTED_VINTAGES_PARTIAL_RELEASE_HISTORY,2026Q1
UMIDAS_USD,conservative,STRICT,FIRST_RELEASE,HISTORICAL_POST_DEVELOPMENT_TEST,H2_H3,LEAVE_ONE_QUARTER_OUT,6,3,0.58580294794254295,0.50674371267061202,-0.078382958078416554,VERIFIED_DOCUMENTED_VINTAGES_PARTIAL_RELEASE_HISTORY,2026Q1
UMIDAS_USD,conservative,STRICT,FIRST_RELEASE,POOLED_RESEARCH_ONLY,H1,LEAVE_ONE_QUARTER_OUT,9,9,0.33118118435385441,0.2724350278522556,0.17887568534132114,VERIFIED_DOCUMENTED_VINTAGES_PARTIAL_RELEASE_HISTORY,2026Q1
UMIDAS_USD,conservative,STRICT,FIRST_RELEASE,POOLED_RESEARCH_ONLY,H2,LEAVE_ONE_QUARTER_OUT,9,9,0.48706676995214537,0.40563988454414751,0.18589394598104272,VERIFIED_DOCUMENTED_VINTAGES_PARTIAL_RELEASE_HISTORY,2026Q1
UMIDAS_USD,conservative,STRICT,FIRST_RELEASE,POOLED_RESEARCH_ONLY,H3,LEAVE_ONE_QUARTER_OUT,9,9,0.46023100868649502,0.38543863051293431,0.19913096992966928,VERIFIED_DOCUMENTED_VINTAGES_PARTIAL_RELEASE_HISTORY,2026Q1
UMIDAS_USD,conservative,STRICT,FIRST_RELEASE,POOLED_RESEARCH_ONLY,ALL,LEAVE_ONE_QUARTER_OUT,27,9,0.43155826050033552,0.35450451430311247,0.18796686708401106,VERIFIED_DOCUMENTED_VINTAGES_PARTIAL_RELEASE_HISTORY,2026Q1
UMIDAS_USD,conservative,STRICT,FIRST_RELEASE,POOLED_RESEARCH_ONLY,H2_H3,LEAVE_ONE_QUARTER_OUT,18,9,0.47383890709195919,0.39553925752854091,0.19251245795535599,VERIFIED_DOCUMENTED_VINTAGES_PARTIAL_RELEASE_HISTORY,2026Q1
UMIDAS_USD,conservative,STRICT,LATEST_REVISED,HISTORICAL_POST_DEVELOPMENT_TEST,H1,LEAVE_ONE_QUARTER_OUT,3,3,0.1354703152426058,0.11717222655383441,-0.11717222655383441,VERIFIED_DOCUMENTED_VINTAGES_PARTIAL_RELEASE_HISTORY,2026Q1
UMIDAS_USD,conservative,STRICT,LATEST_REVISED,HISTORICAL_POST_DEVELOPMENT_TEST,H2,LEAVE_ONE_QUARTER_OUT,3,3,0.65629915076919454,0.60344937002457077,-0.03668178031834627,VERIFIED_DOCUMENTED_VINTAGES_PARTIAL_RELEASE_HISTORY,2026Q1
UMIDAS_USD,conservative,STRICT,LATEST_REVISED,HISTORICAL_POST_DEVELOPMENT_TEST,H3,LEAVE_ONE_QUARTER_OUT,3,3,0.505570580963702,0.410038055316648,-0.12008413583848861,VERIFIED_DOCUMENTED_VINTAGES_PARTIAL_RELEASE_HISTORY,2026Q1
UMIDAS_USD,conservative,STRICT,LATEST_REVISED,HISTORICAL_POST_DEVELOPMENT_TEST,ALL,LEAVE_ONE_QUARTER_OUT,9,3,0.4846587782307164,0.37688655063168436,-0.091312714236889761,VERIFIED_DOCUMENTED_VINTAGES_PARTIAL_RELEASE_HISTORY,2026Q1
UMIDAS_USD,conservative,STRICT,LATEST_REVISED,HISTORICAL_POST_DEVELOPMENT_TEST,H2_H3,LEAVE_ONE_QUARTER_OUT,6,3,0.5858029479425404,0.50674371267060936,-0.078382958078417442,VERIFIED_DOCUMENTED_VINTAGES_PARTIAL_RELEASE_HISTORY,2026Q1
UMIDAS_USD,conservative,STRICT,LATEST_REVISED,POOLED_RESEARCH_ONLY,H1,LEAVE_ONE_QUARTER_OUT,9,9,0.38578750813389695,0.32365716971054348,0.24554235200798719,VERIFIED_DOCUMENTED_VINTAGES_PARTIAL_RELEASE_HISTORY,2026Q1
UMIDAS_USD,conservative,STRICT,LATEST_REVISED,POOLED_RESEARCH_ONLY,H2,LEAVE_ONE_QUARTER_OUT,9,9,0.5370258950242468,0.47230655121081416,0.25256061264770874,VERIFIED_DOCUMENTED_VINTAGES_PARTIAL_RELEASE_HISTORY,2026Q1
UMIDAS_USD,conservative,STRICT,LATEST_REVISED,POOLED_RESEARCH_ONLY,H3,LEAVE_ONE_QUARTER_OUT,9,9,0.51993686408320461,0.45210529717960096,0.26579763659633532,VERIFIED_DOCUMENTED_VINTAGES_PARTIAL_RELEASE_HISTORY,2026Q1
UMIDAS_USD,conservative,STRICT,LATEST_REVISED,POOLED_RESEARCH_ONLY,ALL,LEAVE_ONE_QUARTER_OUT,27,9,0.48564841740756987,0.41602300603365283,0.2546335337506771,VERIFIED_DOCUMENTED_VINTAGES_PARTIAL_RELEASE_HISTORY,2026Q1
UMIDAS_USD,conservative,STRICT,LATEST_REVISED,POOLED_RESEARCH_ONLY,H2_H3,LEAVE_ONE_QUARTER_OUT,18,9,0.52855044913388838,0.46220592419520756,0.25917912462202203,VERIFIED_DOCUMENTED_VINTAGES_PARTIAL_RELEASE_HISTORY,2026Q1
UMIDAS_USD,standard,PERMISSIVE_END_OF_DAY,FIRST_RELEASE,HISTORICAL_POST_DEVELOPMENT_TEST,H1,LEAVE_ONE_QUARTER_OUT,3,3,0.6562991507691972,0.60344937002457344,-0.036681780318345382,VERIFIED_DOCUMENTED_VINTAGES_PARTIAL_RELEASE_HISTORY,2026Q1
UMIDAS_USD,standard,PERMISSIVE_END_OF_DAY,FIRST_RELEASE,HISTORICAL_POST_DEVELOPMENT_TEST,H2,LEAVE_ONE_QUARTER_OUT,3,3,0.50557058096370466,0.41003805531665066,-0.12008413583848772,VERIFIED_DOCUMENTED_VINTAGES_PARTIAL_RELEASE_HISTORY,2026Q1
UMIDAS_USD,standard,PERMISSIVE_END_OF_DAY,FIRST_RELEASE,HISTORICAL_POST_DEVELOPMENT_TEST,H3,LEAVE_ONE_QUARTER_OUT,3,3,0.36663481789729957,0.33268501834454539,-0.25361107801908656,VERIFIED_DOCUMENTED_VINTAGES_PARTIAL_RELEASE_HISTORY,2026Q1
UMIDAS_USD,standard,PERMISSIVE_END_OF_DAY,FIRST_RELEASE,HISTORICAL_POST_DEVELOPMENT_TEST,ALL,LEAVE_ONE_QUARTER_OUT,9,3,0.52305234834604386,0.4487241478952565,-0.13679233139197322,VERIFIED_DOCUMENTED_VINTAGES_PARTIAL_RELEASE_HISTORY,2026Q1
UMIDAS_USD,standard,PERMISSIVE_END_OF_DAY,FIRST_RELEASE,HISTORICAL_POST_DEVELOPMENT_TEST,H2_H3,LEAVE_ONE_QUARTER_OUT,6,3,0.44160089562327876,0.37136153683059803,-0.18684760692878713,VERIFIED_DOCUMENTED_VINTAGES_PARTIAL_RELEASE_HISTORY,2026Q1
UMIDAS_USD,standard,PERMISSIVE_END_OF_DAY,FIRST_RELEASE,POOLED_RESEARCH_ONLY,H1,LEAVE_ONE_QUARTER_OUT,9,9,0.48706676995214537,0.40563988454414751,0.18589394598104272,VERIFIED_DOCUMENTED_VINTAGES_PARTIAL_RELEASE_HISTORY,2026Q1
UMIDAS_USD,standard,PERMISSIVE_END_OF_DAY,FIRST_RELEASE,POOLED_RESEARCH_ONLY,H2,LEAVE_ONE_QUARTER_OUT,9,9,0.46023100868649502,0.38543863051293431,0.19913096992966928,VERIFIED_DOCUMENTED_VINTAGES_PARTIAL_RELEASE_HISTORY,2026Q1
UMIDAS_USD,standard,PERMISSIVE_END_OF_DAY,FIRST_RELEASE,POOLED_RESEARCH_ONLY,H3,LEAVE_ONE_QUARTER_OUT,9,9,0.52666632615015385,0.3651008687093078,-0.13628944523160286,VERIFIED_DOCUMENTED_VINTAGES_PARTIAL_RELEASE_HISTORY,2026Q1
UMIDAS_USD,standard,PERMISSIVE_END_OF_DAY,FIRST_RELEASE,POOLED_RESEARCH_ONLY,ALL,LEAVE_ONE_QUARTER_OUT,27,9,0.49207859766799616,0.38539312792212993,0.082911823559703043,VERIFIED_DOCUMENTED_VINTAGES_PARTIAL_RELEASE_HISTORY,2026Q1
UMIDAS_USD,standard,PERMISSIVE_END_OF_DAY,FIRST_RELEASE,POOLED_RESEARCH_ONLY,H2_H3,LEAVE_ONE_QUARTER_OUT,18,9,0.49456546606950264,0.37526974961112108,0.03142076234903321,VERIFIED_DOCUMENTED_VINTAGES_PARTIAL_RELEASE_HISTORY,2026Q1
UMIDAS_USD,standard,PERMISSIVE_END_OF_DAY,LATEST_REVISED,HISTORICAL_POST_DEVELOPMENT_TEST,H1,LEAVE_ONE_QUARTER_OUT,3,3,0.65629915076919454,0.60344937002457077,-0.03668178031834627,VERIFIED_DOCUMENTED_VINTAGES_PARTIAL_RELEASE_HISTORY,2026Q1
UMIDAS_USD,standard,PERMISSIVE_END_OF_DAY,LATEST_REVISED,HISTORICAL_POST_DEVELOPMENT_TEST,H2,LEAVE_ONE_QUARTER_OUT,3,3,0.505570580963702,0.410038055316648,-0.12008413583848861,VERIFIED_DOCUMENTED_VINTAGES_PARTIAL_RELEASE_HISTORY,2026Q1
UMIDAS_USD,standard,PERMISSIVE_END_OF_DAY,LATEST_REVISED,HISTORICAL_POST_DEVELOPMENT_TEST,H3,LEAVE_ONE_QUARTER_OUT,3,3,0.3666348178973009,0.33268501834454628,-0.25361107801908744,VERIFIED_DOCUMENTED_VINTAGES_PARTIAL_RELEASE_HISTORY,2026Q1
UMIDAS_USD,standard,PERMISSIVE_END_OF_DAY,LATEST_REVISED,HISTORICAL_POST_DEVELOPMENT_TEST,ALL,LEAVE_ONE_QUARTER_OUT,9,3,0.52305234834604208,0.448724147895255,-0.13679233139197411,VERIFIED_DOCUMENTED_VINTAGES_PARTIAL_RELEASE_HISTORY,2026Q1
UMIDAS_USD,standard,PERMISSIVE_END_OF_DAY,LATEST_REVISED,HISTORICAL_POST_DEVELOPMENT_TEST,H2_H3,LEAVE_ONE_QUARTER_OUT,6,3,0.4416008956232777,0.37136153683059714,-0.18684760692878802,VERIFIED_DOCUMENTED_VINTAGES_PARTIAL_RELEASE_HISTORY,2026Q1
UMIDAS_USD,standard,PERMISSIVE_END_OF_DAY,LATEST_REVISED,POOLED_RESEARCH_ONLY,H1,LEAVE_ONE_QUARTER_OUT,9,9,0.5370258950242468,0.47230655121081416,0.25256061264770874,VERIFIED_DOCUMENTED_VINTAGES_PARTIAL_RELEASE_HISTORY,2026Q1
UMIDAS_USD,standard,PERMISSIVE_END_OF_DAY,LATEST_REVISED,POOLED_RESEARCH_ONLY,H2,LEAVE_ONE_QUARTER_OUT,9,9,0.51993686408320461,0.45210529717960096,0.26579763659633532,VERIFIED_DOCUMENTED_VINTAGES_PARTIAL_RELEASE_HISTORY,2026Q1
UMIDAS_USD,standard,PERMISSIVE_END_OF_DAY,LATEST_REVISED,POOLED_RESEARCH_ONLY,H3,LEAVE_ONE_QUARTER_OUT,9,9,0.56376562504064387,0.43176753537597506,-0.069622778564936816,VERIFIED_DOCUMENTED_VINTAGES_PARTIAL_RELEASE_HISTORY,2026Q1
UMIDAS_USD,standard,PERMISSIVE_END_OF_DAY,LATEST_REVISED,POOLED_RESEARCH_ONLY,ALL,LEAVE_ONE_QUARTER_OUT,27,9,0.54054381090920467,0.45205979458879675,0.14957849022636907,VERIFIED_DOCUMENTED_VINTAGES_PARTIAL_RELEASE_HISTORY,2026Q1
UMIDAS_USD,standard,PERMISSIVE_END_OF_DAY,LATEST_REVISED,POOLED_RESEARCH_ONLY,H2_H3,LEAVE_ONE_QUARTER_OUT,18,9,0.54229421101932518,0.44193641627778801,0.098087429015699251,VERIFIED_DOCUMENTED_VINTAGES_PARTIAL_RELEASE_HISTORY,2026Q1
UMIDAS_USD,standard,STRICT,FIRST_RELEASE,HISTORICAL_POST_DEVELOPMENT_TEST,H1,LEAVE_ONE_QUARTER_OUT,3,3,0.6562991507691972,0.60344937002457344,-0.036681780318345382,VERIFIED_DOCUMENTED_VINTAGES_PARTIAL_RELEASE_HISTORY,2026Q1
UMIDAS_USD,standard,STRICT,FIRST_RELEASE,HISTORICAL_POST_DEVELOPMENT_TEST,H2,LEAVE_ONE_QUARTER_OUT,3,3,0.50557058096370466,0.41003805531665066,-0.12008413583848772,VERIFIED_DOCUMENTED_VINTAGES_PARTIAL_RELEASE_HISTORY,2026Q1
UMIDAS_USD,standard,STRICT,FIRST_RELEASE,HISTORICAL_POST_DEVELOPMENT_TEST,H3,LEAVE_ONE_QUARTER_OUT,3,3,0.36663481789729957,0.33268501834454539,-0.25361107801908656,VERIFIED_DOCUMENTED_VINTAGES_PARTIAL_RELEASE_HISTORY,2026Q1
UMIDAS_USD,standard,STRICT,FIRST_RELEASE,HISTORICAL_POST_DEVELOPMENT_TEST,ALL,LEAVE_ONE_QUARTER_OUT,9,3,0.52305234834604386,0.4487241478952565,-0.13679233139197322,VERIFIED_DOCUMENTED_VINTAGES_PARTIAL_RELEASE_HISTORY,2026Q1
UMIDAS_USD,standard,STRICT,FIRST_RELEASE,HISTORICAL_POST_DEVELOPMENT_TEST,H2_H3,LEAVE_ONE_QUARTER_OUT,6,3,0.44160089562327876,0.37136153683059803,-0.18684760692878713,VERIFIED_DOCUMENTED_VINTAGES_PARTIAL_RELEASE_HISTORY,2026Q1
UMIDAS_USD,standard,STRICT,FIRST_RELEASE,POOLED_RESEARCH_ONLY,H1,LEAVE_ONE_QUARTER_OUT,9,9,0.48706676995214537,0.40563988454414751,0.18589394598104272,VERIFIED_DOCUMENTED_VINTAGES_PARTIAL_RELEASE_HISTORY,2026Q1
UMIDAS_USD,standard,STRICT,FIRST_RELEASE,POOLED_RESEARCH_ONLY,H2,LEAVE_ONE_QUARTER_OUT,9,9,0.46023100868649502,0.38543863051293431,0.19913096992966928,VERIFIED_DOCUMENTED_VINTAGES_PARTIAL_RELEASE_HISTORY,2026Q1
UMIDAS_USD,standard,STRICT,FIRST_RELEASE,POOLED_RESEARCH_ONLY,H3,LEAVE_ONE_QUARTER_OUT,9,9,0.52666632615015385,0.3651008687093078,-0.13628944523160286,VERIFIED_DOCUMENTED_VINTAGES_PARTIAL_RELEASE_HISTORY,2026Q1
UMIDAS_USD,standard,STRICT,FIRST_RELEASE,POOLED_RESEARCH_ONLY,ALL,LEAVE_ONE_QUARTER_OUT,27,9,0.49207859766799616,0.38539312792212993,0.082911823559703043,VERIFIED_DOCUMENTED_VINTAGES_PARTIAL_RELEASE_HISTORY,2026Q1
UMIDAS_USD,standard,STRICT,FIRST_RELEASE,POOLED_RESEARCH_ONLY,H2_H3,LEAVE_ONE_QUARTER_OUT,18,9,0.49456546606950264,0.37526974961112108,0.03142076234903321,VERIFIED_DOCUMENTED_VINTAGES_PARTIAL_RELEASE_HISTORY,2026Q1
UMIDAS_USD,standard,STRICT,LATEST_REVISED,HISTORICAL_POST_DEVELOPMENT_TEST,H1,LEAVE_ONE_QUARTER_OUT,3,3,0.65629915076919454,0.60344937002457077,-0.03668178031834627,VERIFIED_DOCUMENTED_VINTAGES_PARTIAL_RELEASE_HISTORY,2026Q1
UMIDAS_USD,standard,STRICT,LATEST_REVISED,HISTORICAL_POST_DEVELOPMENT_TEST,H2,LEAVE_ONE_QUARTER_OUT,3,3,0.505570580963702,0.410038055316648,-0.12008413583848861,VERIFIED_DOCUMENTED_VINTAGES_PARTIAL_RELEASE_HISTORY,2026Q1
UMIDAS_USD,standard,STRICT,LATEST_REVISED,HISTORICAL_POST_DEVELOPMENT_TEST,H3,LEAVE_ONE_QUARTER_OUT,3,3,0.3666348178973009,0.33268501834454628,-0.25361107801908744,VERIFIED_DOCUMENTED_VINTAGES_PARTIAL_RELEASE_HISTORY,2026Q1
UMIDAS_USD,standard,STRICT,LATEST_REVISED,HISTORICAL_POST_DEVELOPMENT_TEST,ALL,LEAVE_ONE_QUARTER_OUT,9,3,0.52305234834604208,0.448724147895255,-0.13679233139197411,VERIFIED_DOCUMENTED_VINTAGES_PARTIAL_RELEASE_HISTORY,2026Q1
UMIDAS_USD,standard,STRICT,LATEST_REVISED,HISTORICAL_POST_DEVELOPMENT_TEST,H2_H3,LEAVE_ONE_QUARTER_OUT,6,3,0.4416008956232777,0.37136153683059714,-0.18684760692878802,VERIFIED_DOCUMENTED_VINTAGES_PARTIAL_RELEASE_HISTORY,2026Q1
UMIDAS_USD,standard,STRICT,LATEST_REVISED,POOLED_RESEARCH_ONLY,H1,LEAVE_ONE_QUARTER_OUT,9,9,0.5370258950242468,0.47230655121081416,0.25256061264770874,VERIFIED_DOCUMENTED_VINTAGES_PARTIAL_RELEASE_HISTORY,2026Q1
UMIDAS_USD,standard,STRICT,LATEST_REVISED,POOLED_RESEARCH_ONLY,H2,LEAVE_ONE_QUARTER_OUT,9,9,0.51993686408320461,0.45210529717960096,0.26579763659633532,VERIFIED_DOCUMENTED_VINTAGES_PARTIAL_RELEASE_HISTORY,2026Q1
UMIDAS_USD,standard,STRICT,LATEST_REVISED,POOLED_RESEARCH_ONLY,H3,LEAVE_ONE_QUARTER_OUT,9,9,0.56376562504064387,0.43176753537597506,-0.069622778564936816,VERIFIED_DOCUMENTED_VINTAGES_PARTIAL_RELEASE_HISTORY,2026Q1
UMIDAS_USD,standard,STRICT,LATEST_REVISED,POOLED_RESEARCH_ONLY,ALL,LEAVE_ONE_QUARTER_OUT,27,9,0.54054381090920467,0.45205979458879675,0.14957849022636907,VERIFIED_DOCUMENTED_VINTAGES_PARTIAL_RELEASE_HISTORY,2026Q1
UMIDAS_USD,standard,STRICT,LATEST_REVISED,POOLED_RESEARCH_ONLY,H2_H3,LEAVE_ONE_QUARTER_OUT,18,9,0.54229421101932518,0.44193641627778801,0.098087429015699251,VERIFIED_DOCUMENTED_VINTAGES_PARTIAL_RELEASE_HISTORY,2026Q1
COMBO_B,conservative,PERMISSIVE_END_OF_DAY,FIRST_RELEASE,HISTORICAL_POST_DEVELOPMENT_TEST,H1,LEAVE_ONE_QUARTER_OUT,3,3,0.69684493082990595,0.56101727075413965,0.56101727075413965,VERIFIED_DOCUMENTED_VINTAGES_PARTIAL_RELEASE_HISTORY,2026Q2
COMBO_B,conservative,PERMISSIVE_END_OF_DAY,FIRST_RELEASE,HISTORICAL_POST_DEVELOPMENT_TEST,H2,LEAVE_ONE_QUARTER_OUT,3,3,0.85534259569668003,0.70416058119044356,0.59963862674973623,VERIFIED_DOCUMENTED_VINTAGES_PARTIAL_RELEASE_HISTORY,2026Q2
COMBO_B,conservative,PERMISSIVE_END_OF_DAY,FIRST_RELEASE,HISTORICAL_POST_DEVELOPMENT_TEST,H3,LEAVE_ONE_QUARTER_OUT,3,3,0.87920744296244702,0.68168349635051229,0.63102643981384965,VERIFIED_DOCUMENTED_VINTAGES_PARTIAL_RELEASE_HISTORY,2026Q2
COMBO_B,conservative,PERMISSIVE_END_OF_DAY,FIRST_RELEASE,HISTORICAL_POST_DEVELOPMENT_TEST,ALL,LEAVE_ONE_QUARTER_OUT,9,3,0.81449566018836361,0.64895378276503179,0.59722744577257514,VERIFIED_DOCUMENTED_VINTAGES_PARTIAL_RELEASE_HISTORY,2026Q2
COMBO_B,conservative,PERMISSIVE_END_OF_DAY,FIRST_RELEASE,HISTORICAL_POST_DEVELOPMENT_TEST,H2_H3,LEAVE_ONE_QUARTER_OUT,6,3,0.86735710171004499,0.69292203877047787,0.61533253328179294,VERIFIED_DOCUMENTED_VINTAGES_PARTIAL_RELEASE_HISTORY,2026Q2
COMBO_B,conservative,PERMISSIVE_END_OF_DAY,FIRST_RELEASE,POOLED_RESEARCH_ONLY,H1,LEAVE_ONE_QUARTER_OUT,9,9,0.48393937286812561,0.36363161218201268,0.35998080490866879,VERIFIED_DOCUMENTED_VINTAGES_PARTIAL_RELEASE_HISTORY,2026Q2
COMBO_B,conservative,PERMISSIVE_END_OF_DAY,FIRST_RELEASE,POOLED_RESEARCH_ONLY,H2,LEAVE_ONE_QUARTER_OUT,9,9,0.55611514282866503,0.40601141938129598,0.37117076790106018,VERIFIED_DOCUMENTED_VINTAGES_PARTIAL_RELEASE_HISTORY,2026Q2
COMBO_B,conservative,PERMISSIVE_END_OF_DAY,FIRST_RELEASE,POOLED_RESEARCH_ONLY,H3,LEAVE_ONE_QUARTER_OUT,9,9,0.59278136100721923,0.44482172104134016,0.34323508350242615,VERIFIED_DOCUMENTED_VINTAGES_PARTIAL_RELEASE_HISTORY,2026Q2
COMBO_B,conservative,PERMISSIVE_END_OF_DAY,FIRST_RELEASE,POOLED_RESEARCH_ONLY,ALL,LEAVE_ONE_QUARTER_OUT,27,9,0.5461535530882965,0.40482158420154957,0.35812888543738503,VERIFIED_DOCUMENTED_VINTAGES_PARTIAL_RELEASE_HISTORY,2026Q2
COMBO_B,conservative,PERMISSIVE_END_OF_DAY,FIRST_RELEASE,POOLED_RESEARCH_ONLY,H2_H3,LEAVE_ONE_QUARTER_OUT,18,9,0.57474072156099987,0.42541657021131807,0.35720292570174317,VERIFIED_DOCUMENTED_VINTAGES_PARTIAL_RELEASE_HISTORY,2026Q2
COMBO_B,conservative,PERMISSIVE_END_OF_DAY,LATEST_REVISED,HISTORICAL_POST_DEVELOPMENT_TEST,H1,LEAVE_ONE_QUARTER_OUT,3,3,0.69684493082990751,0.56101727075413999,0.56101727075413999,VERIFIED_DOCUMENTED_VINTAGES_PARTIAL_RELEASE_HISTORY,2026Q2
COMBO_B,conservative,PERMISSIVE_END_OF_DAY,LATEST_REVISED,HISTORICAL_POST_DEVELOPMENT_TEST,H2,LEAVE_ONE_QUARTER_OUT,3,3,0.85534259569668036,0.704160581190442,0.59963862674973656,VERIFIED_DOCUMENTED_VINTAGES_PARTIAL_RELEASE_HISTORY,2026Q2
COMBO_B,conservative,PERMISSIVE_END_OF_DAY,LATEST_REVISED,HISTORICAL_POST_DEVELOPMENT_TEST,H3,LEAVE_ONE_QUARTER_OUT,3,3,0.87920744296244757,0.68168349635051084,0.63102643981384998,VERIFIED_DOCUMENTED_VINTAGES_PARTIAL_RELEASE_HISTORY,2026Q2
COMBO_B,conservative,PERMISSIVE_END_OF_DAY,LATEST_REVISED,HISTORICAL_POST_DEVELOPMENT_TEST,ALL,LEAVE_ONE_QUARTER_OUT,9,3,0.8144956601883645,0.64895378276503091,0.59722744577257547,VERIFIED_DOCUMENTED_VINTAGES_PARTIAL_RELEASE_HISTORY,2026Q2
COMBO_B,conservative,PERMISSIVE_END_OF_DAY,LATEST_REVISED,HISTORICAL_POST_DEVELOPMENT_TEST,H2_H3,LEAVE_ONE_QUARTER_OUT,6,3,0.86735710171004554,0.69292203877047642,0.61533253328179327,VERIFIED_DOCUMENTED_VINTAGES_PARTIAL_RELEASE_HISTORY,2026Q2
COMBO_B,conservative,PERMISSIVE_END_OF_DAY,LATEST_REVISED,POOLED_RESEARCH_ONLY,H1,LEAVE_ONE_QUARTER_OUT,9,9,0.50957600242104351,0.42664747157533522,0.42664747157533522,VERIFIED_DOCUMENTED_VINTAGES_PARTIAL_RELEASE_HISTORY,2026Q2
COMBO_B,conservative,PERMISSIVE_END_OF_DAY,LATEST_REVISED,POOLED_RESEARCH_ONLY,H2,LEAVE_ONE_QUARTER_OUT,9,9,0.5870003243149986,0.4726780860479618,0.43783743456772661,VERIFIED_DOCUMENTED_VINTAGES_PARTIAL_RELEASE_HISTORY,2026Q2
COMBO_B,conservative,PERMISSIVE_END_OF_DAY,LATEST_REVISED,POOLED_RESEARCH_ONLY,H3,LEAVE_ONE_QUARTER_OUT,9,9,0.60337923567261131,0.4670439432635603,0.40990175016909258,VERIFIED_DOCUMENTED_VINTAGES_PARTIAL_RELEASE_HISTORY,2026Q2
COMBO_B,conservative,PERMISSIVE_END_OF_DAY,LATEST_REVISED,POOLED_RESEARCH_ONLY,ALL,LEAVE_ONE_QUARTER_OUT,27,9,0.56812662468566799,0.45545650029561907,0.42479555210405145,VERIFIED_DOCUMENTED_VINTAGES_PARTIAL_RELEASE_HISTORY,2026Q2
COMBO_B,conservative,PERMISSIVE_END_OF_DAY,LATEST_REVISED,POOLED_RESEARCH_ONLY,H2_H3,LEAVE_ONE_QUARTER_OUT,18,9,0.59524611833542351,0.46986101465576113,0.4238695923684096,VERIFIED_DOCUMENTED_VINTAGES_PARTIAL_RELEASE_HISTORY,2026Q2
COMBO_B,conservative,STRICT,FIRST_RELEASE,HISTORICAL_POST_DEVELOPMENT_TEST,H1,LEAVE_ONE_QUARTER_OUT,3,3,0.69684493082990595,0.56101727075413965,0.56101727075413965,VERIFIED_DOCUMENTED_VINTAGES_PARTIAL_RELEASE_HISTORY,2026Q2
COMBO_B,conservative,STRICT,FIRST_RELEASE,HISTORICAL_POST_DEVELOPMENT_TEST,H2,LEAVE_ONE_QUARTER_OUT,3,3,0.85534259569668003,0.70416058119044356,0.59963862674973623,VERIFIED_DOCUMENTED_VINTAGES_PARTIAL_RELEASE_HISTORY,2026Q2
COMBO_B,conservative,STRICT,FIRST_RELEASE,HISTORICAL_POST_DEVELOPMENT_TEST,H3,LEAVE_ONE_QUARTER_OUT,3,3,0.87920744296244702,0.68168349635051229,0.63102643981384965,VERIFIED_DOCUMENTED_VINTAGES_PARTIAL_RELEASE_HISTORY,2026Q2
COMBO_B,conservative,STRICT,FIRST_RELEASE,HISTORICAL_POST_DEVELOPMENT_TEST,ALL,LEAVE_ONE_QUARTER_OUT,9,3,0.81449566018836361,0.64895378276503179,0.59722744577257514,VERIFIED_DOCUMENTED_VINTAGES_PARTIAL_RELEASE_HISTORY,2026Q2
COMBO_B,conservative,STRICT,FIRST_RELEASE,HISTORICAL_POST_DEVELOPMENT_TEST,H2_H3,LEAVE_ONE_QUARTER_OUT,6,3,0.86735710171004499,0.69292203877047787,0.61533253328179294,VERIFIED_DOCUMENTED_VINTAGES_PARTIAL_RELEASE_HISTORY,2026Q2
COMBO_B,conservative,STRICT,FIRST_RELEASE,POOLED_RESEARCH_ONLY,H1,LEAVE_ONE_QUARTER_OUT,9,9,0.48393937286812561,0.36363161218201268,0.35998080490866879,VERIFIED_DOCUMENTED_VINTAGES_PARTIAL_RELEASE_HISTORY,2026Q2
COMBO_B,conservative,STRICT,FIRST_RELEASE,POOLED_RESEARCH_ONLY,H2,LEAVE_ONE_QUARTER_OUT,9,9,0.55611514282866503,0.40601141938129598,0.37117076790106018,VERIFIED_DOCUMENTED_VINTAGES_PARTIAL_RELEASE_HISTORY,2026Q2
COMBO_B,conservative,STRICT,FIRST_RELEASE,POOLED_RESEARCH_ONLY,H3,LEAVE_ONE_QUARTER_OUT,9,9,0.59278136100721923,0.44482172104134016,0.34323508350242615,VERIFIED_DOCUMENTED_VINTAGES_PARTIAL_RELEASE_HISTORY,2026Q2
COMBO_B,conservative,STRICT,FIRST_RELEASE,POOLED_RESEARCH_ONLY,ALL,LEAVE_ONE_QUARTER_OUT,27,9,0.5461535530882965,0.40482158420154957,0.35812888543738503,VERIFIED_DOCUMENTED_VINTAGES_PARTIAL_RELEASE_HISTORY,2026Q2
COMBO_B,conservative,STRICT,FIRST_RELEASE,POOLED_RESEARCH_ONLY,H2_H3,LEAVE_ONE_QUARTER_OUT,18,9,0.57474072156099987,0.42541657021131807,0.35720292570174317,VERIFIED_DOCUMENTED_VINTAGES_PARTIAL_RELEASE_HISTORY,2026Q2
COMBO_B,conservative,STRICT,LATEST_REVISED,HISTORICAL_POST_DEVELOPMENT_TEST,H1,LEAVE_ONE_QUARTER_OUT,3,3,0.69684493082990751,0.56101727075413999,0.56101727075413999,VERIFIED_DOCUMENTED_VINTAGES_PARTIAL_RELEASE_HISTORY,2026Q2
COMBO_B,conservative,STRICT,LATEST_REVISED,HISTORICAL_POST_DEVELOPMENT_TEST,H2,LEAVE_ONE_QUARTER_OUT,3,3,0.85534259569668036,0.704160581190442,0.59963862674973656,VERIFIED_DOCUMENTED_VINTAGES_PARTIAL_RELEASE_HISTORY,2026Q2
COMBO_B,conservative,STRICT,LATEST_REVISED,HISTORICAL_POST_DEVELOPMENT_TEST,H3,LEAVE_ONE_QUARTER_OUT,3,3,0.87920744296244757,0.68168349635051084,0.63102643981384998,VERIFIED_DOCUMENTED_VINTAGES_PARTIAL_RELEASE_HISTORY,2026Q2
COMBO_B,conservative,STRICT,LATEST_REVISED,HISTORICAL_POST_DEVELOPMENT_TEST,ALL,LEAVE_ONE_QUARTER_OUT,9,3,0.8144956601883645,0.64895378276503091,0.59722744577257547,VERIFIED_DOCUMENTED_VINTAGES_PARTIAL_RELEASE_HISTORY,2026Q2
COMBO_B,conservative,STRICT,LATEST_REVISED,HISTORICAL_POST_DEVELOPMENT_TEST,H2_H3,LEAVE_ONE_QUARTER_OUT,6,3,0.86735710171004554,0.69292203877047642,0.61533253328179327,VERIFIED_DOCUMENTED_VINTAGES_PARTIAL_RELEASE_HISTORY,2026Q2
COMBO_B,conservative,STRICT,LATEST_REVISED,POOLED_RESEARCH_ONLY,H1,LEAVE_ONE_QUARTER_OUT,9,9,0.50957600242104351,0.42664747157533522,0.42664747157533522,VERIFIED_DOCUMENTED_VINTAGES_PARTIAL_RELEASE_HISTORY,2026Q2
COMBO_B,conservative,STRICT,LATEST_REVISED,POOLED_RESEARCH_ONLY,H2,LEAVE_ONE_QUARTER_OUT,9,9,0.5870003243149986,0.4726780860479618,0.43783743456772661,VERIFIED_DOCUMENTED_VINTAGES_PARTIAL_RELEASE_HISTORY,2026Q2
COMBO_B,conservative,STRICT,LATEST_REVISED,POOLED_RESEARCH_ONLY,H3,LEAVE_ONE_QUARTER_OUT,9,9,0.60337923567261131,0.4670439432635603,0.40990175016909258,VERIFIED_DOCUMENTED_VINTAGES_PARTIAL_RELEASE_HISTORY,2026Q2
COMBO_B,conservative,STRICT,LATEST_REVISED,POOLED_RESEARCH_ONLY,ALL,LEAVE_ONE_QUARTER_OUT,27,9,0.56812662468566799,0.45545650029561907,0.42479555210405145,VERIFIED_DOCUMENTED_VINTAGES_PARTIAL_RELEASE_HISTORY,2026Q2
COMBO_B,conservative,STRICT,LATEST_REVISED,POOLED_RESEARCH_ONLY,H2_H3,LEAVE_ONE_QUARTER_OUT,18,9,0.59524611833542351,0.46986101465576113,0.4238695923684096,VERIFIED_DOCUMENTED_VINTAGES_PARTIAL_RELEASE_HISTORY,2026Q2
COMBO_B,standard,PERMISSIVE_END_OF_DAY,FIRST_RELEASE,HISTORICAL_POST_DEVELOPMENT_TEST,H1,LEAVE_ONE_QUARTER_OUT,3,3,0.85066211670814684,0.70488624955758927,0.58723173980918109,VERIFIED_DOCUMENTED_VINTAGES_PARTIAL_RELEASE_HISTORY,2026Q2
COMBO_B,standard,PERMISSIVE_END_OF_DAY,FIRST_RELEASE,HISTORICAL_POST_DEVELOPMENT_TEST,H2,LEAVE_ONE_QUARTER_OUT,3,3,0.87082593058433566,0.68198516634101713,0.60943276209720254,VERIFIED_DOCUMENTED_VINTAGES_PARTIAL_RELEASE_HISTORY,2026Q2
COMBO_B,standard,PERMISSIVE_END_OF_DAY,FIRST_RELEASE,HISTORICAL_POST_DEVELOPMENT_TEST,H3,LEAVE_ONE_QUARTER_OUT,3,3,0.46822637734684541,0.33225271401494744,0.33225271401494744,VERIFIED_DOCUMENTED_VINTAGES_PARTIAL_RELEASE_HISTORY,2026Q2
COMBO_B,standard,PERMISSIVE_END_OF_DAY,FIRST_RELEASE,HISTORICAL_POST_DEVELOPMENT_TEST,ALL,LEAVE_ONE_QUARTER_OUT,9,3,0.75303824130956531,0.57304137663785126,0.509639071973777,VERIFIED_DOCUMENTED_VINTAGES_PARTIAL_RELEASE_HISTORY,2026Q2
COMBO_B,standard,PERMISSIVE_END_OF_DAY,FIRST_RELEASE,HISTORICAL_POST_DEVELOPMENT_TEST,H2_H3,LEAVE_ONE_QUARTER_OUT,6,3,0.69913294222966804,0.50711894017798231,0.47084273805607496,VERIFIED_DOCUMENTED_VINTAGES_PARTIAL_RELEASE_HISTORY,2026Q2
COMBO_B,standard,PERMISSIVE_END_OF_DAY,FIRST_RELEASE,POOLED_RESEARCH_ONLY,H1,LEAVE_ONE_QUARTER_OUT,9,9,0.54808363129862703,0.39502063863803577,0.35580246872189975,VERIFIED_DOCUMENTED_VINTAGES_PARTIAL_RELEASE_HISTORY,2026Q2
COMBO_B,standard,PERMISSIVE_END_OF_DAY,FIRST_RELEASE,POOLED_RESEARCH_ONLY,H2,LEAVE_ONE_QUARTER_OUT,9,9,0.56352503436618384,0.3946940512507221,0.34996713656891731,VERIFIED_DOCUMENTED_VINTAGES_PARTIAL_RELEASE_HISTORY,2026Q2
COMBO_B,standard,PERMISSIVE_END_OF_DAY,FIRST_RELEASE,POOLED_RESEARCH_ONLY,H3,LEAVE_ONE_QUARTER_OUT,9,9,0.34119527080602791,0.25702941864694334,0.091353266618073387,VERIFIED_DOCUMENTED_VINTAGES_PARTIAL_RELEASE_HISTORY,2026Q2
COMBO_B,standard,PERMISSIVE_END_OF_DAY,FIRST_RELEASE,POOLED_RESEARCH_ONLY,ALL,LEAVE_ONE_QUARTER_OUT,27,9,0.4947626852257207,0.34891470284523374,0.26570762396963016,VERIFIED_DOCUMENTED_VINTAGES_PARTIAL_RELEASE_HISTORY,2026Q2
COMBO_B,standard,PERMISSIVE_END_OF_DAY,FIRST_RELEASE,POOLED_RESEARCH_ONLY,H2_H3,LEAVE_ONE_QUARTER_OUT,18,9,0.46581899766851903,0.32586173494883275,0.22066020159349536,VERIFIED_DOCUMENTED_VINTAGES_PARTIAL_RELEASE_HISTORY,2026Q2
COMBO_B,standard,PERMISSIVE_END_OF_DAY,LATEST_REVISED,HISTORICAL_POST_DEVELOPMENT_TEST,H1,LEAVE_ONE_QUARTER_OUT,3,3,0.85066211670814729,0.70488624955758772,0.58723173980918142,VERIFIED_DOCUMENTED_VINTAGES_PARTIAL_RELEASE_HISTORY,2026Q2
COMBO_B,standard,PERMISSIVE_END_OF_DAY,LATEST_REVISED,HISTORICAL_POST_DEVELOPMENT_TEST,H2,LEAVE_ONE_QUARTER_OUT,3,3,0.87082593058433644,0.68198516634101569,0.60943276209720276,VERIFIED_DOCUMENTED_VINTAGES_PARTIAL_RELEASE_HISTORY,2026Q2
COMBO_B,standard,PERMISSIVE_END_OF_DAY,LATEST_REVISED,HISTORICAL_POST_DEVELOPMENT_TEST,H3,LEAVE_ONE_QUARTER_OUT,3,3,0.46822637734684719,0.33225271401494777,0.33225271401494777,VERIFIED_DOCUMENTED_VINTAGES_PARTIAL_RELEASE_HISTORY,2026Q2
COMBO_B,standard,PERMISSIVE_END_OF_DAY,LATEST_REVISED,HISTORICAL_POST_DEVELOPMENT_TEST,ALL,LEAVE_ONE_QUARTER_OUT,9,3,0.7530382413095662,0.57304137663785037,0.50963907197377734,VERIFIED_DOCUMENTED_VINTAGES_PARTIAL_RELEASE_HISTORY,2026Q2
COMBO_B,standard,PERMISSIVE_END_OF_DAY,LATEST_REVISED,HISTORICAL_POST_DEVELOPMENT_TEST,H2_H3,LEAVE_ONE_QUARTER_OUT,6,3,0.69913294222966904,0.50711894017798176,0.47084273805607529,VERIFIED_DOCUMENTED_VINTAGES_PARTIAL_RELEASE_HISTORY,2026Q2
COMBO_B,standard,PERMISSIVE_END_OF_DAY,LATEST_REVISED,POOLED_RESEARCH_ONLY,H1,LEAVE_ONE_QUARTER_OUT,9,9,0.57681240161804181,0.46168730530470165,0.42246913538856617,VERIFIED_DOCUMENTED_VINTAGES_PARTIAL_RELEASE_HISTORY,2026Q2
COMBO_B,standard,PERMISSIVE_END_OF_DAY,LATEST_REVISED,POOLED_RESEARCH_ONLY,H2,LEAVE_ONE_QUARTER_OUT,9,9,0.58702527582292574,0.44081793798352137,0.41663380323558374,VERIFIED_DOCUMENTED_VINTAGES_PARTIAL_RELEASE_HISTORY,2026Q2
COMBO_B,standard,PERMISSIVE_END_OF_DAY,LATEST_REVISED,POOLED_RESEARCH_ONLY,H3,LEAVE_ONE_QUARTER_OUT,9,9,0.34963883083890523,0.27925164086916354,0.15801993328473982,VERIFIED_DOCUMENTED_VINTAGES_PARTIAL_RELEASE_HISTORY,2026Q2
COMBO_B,standard,PERMISSIVE_END_OF_DAY,LATEST_REVISED,POOLED_RESEARCH_ONLY,ALL,LEAVE_ONE_QUARTER_OUT,27,9,0.51625527701766294,0.39391896138579552,0.33237429063629664,VERIFIED_DOCUMENTED_VINTAGES_PARTIAL_RELEASE_HISTORY,2026Q2
COMBO_B,standard,PERMISSIVE_END_OF_DAY,LATEST_REVISED,POOLED_RESEARCH_ONLY,H2_H3,LEAVE_ONE_QUARTER_OUT,18,9,0.48313868944919874,0.36003478942634248,0.28732686826016179,VERIFIED_DOCUMENTED_VINTAGES_PARTIAL_RELEASE_HISTORY,2026Q2
COMBO_B,standard,STRICT,FIRST_RELEASE,HISTORICAL_POST_DEVELOPMENT_TEST,H1,LEAVE_ONE_QUARTER_OUT,3,3,0.85066211670814684,0.70488624955758927,0.58723173980918109,VERIFIED_DOCUMENTED_VINTAGES_PARTIAL_RELEASE_HISTORY,2026Q2
COMBO_B,standard,STRICT,FIRST_RELEASE,HISTORICAL_POST_DEVELOPMENT_TEST,H2,LEAVE_ONE_QUARTER_OUT,3,3,0.87082593058433566,0.68198516634101713,0.60943276209720254,VERIFIED_DOCUMENTED_VINTAGES_PARTIAL_RELEASE_HISTORY,2026Q2
COMBO_B,standard,STRICT,FIRST_RELEASE,HISTORICAL_POST_DEVELOPMENT_TEST,H3,LEAVE_ONE_QUARTER_OUT,3,3,0.46822637734684541,0.33225271401494744,0.33225271401494744,VERIFIED_DOCUMENTED_VINTAGES_PARTIAL_RELEASE_HISTORY,2026Q2
COMBO_B,standard,STRICT,FIRST_RELEASE,HISTORICAL_POST_DEVELOPMENT_TEST,ALL,LEAVE_ONE_QUARTER_OUT,9,3,0.75303824130956531,0.57304137663785126,0.509639071973777,VERIFIED_DOCUMENTED_VINTAGES_PARTIAL_RELEASE_HISTORY,2026Q2
COMBO_B,standard,STRICT,FIRST_RELEASE,HISTORICAL_POST_DEVELOPMENT_TEST,H2_H3,LEAVE_ONE_QUARTER_OUT,6,3,0.69913294222966804,0.50711894017798231,0.47084273805607496,VERIFIED_DOCUMENTED_VINTAGES_PARTIAL_RELEASE_HISTORY,2026Q2
COMBO_B,standard,STRICT,FIRST_RELEASE,POOLED_RESEARCH_ONLY,H1,LEAVE_ONE_QUARTER_OUT,9,9,0.54808363129862703,0.39502063863803577,0.35580246872189975,VERIFIED_DOCUMENTED_VINTAGES_PARTIAL_RELEASE_HISTORY,2026Q2
COMBO_B,standard,STRICT,FIRST_RELEASE,POOLED_RESEARCH_ONLY,H2,LEAVE_ONE_QUARTER_OUT,9,9,0.56352503436618384,0.3946940512507221,0.34996713656891731,VERIFIED_DOCUMENTED_VINTAGES_PARTIAL_RELEASE_HISTORY,2026Q2
COMBO_B,standard,STRICT,FIRST_RELEASE,POOLED_RESEARCH_ONLY,H3,LEAVE_ONE_QUARTER_OUT,9,9,0.34119527080602791,0.25702941864694334,0.091353266618073387,VERIFIED_DOCUMENTED_VINTAGES_PARTIAL_RELEASE_HISTORY,2026Q2
COMBO_B,standard,STRICT,FIRST_RELEASE,POOLED_RESEARCH_ONLY,ALL,LEAVE_ONE_QUARTER_OUT,27,9,0.4947626852257207,0.34891470284523374,0.26570762396963016,VERIFIED_DOCUMENTED_VINTAGES_PARTIAL_RELEASE_HISTORY,2026Q2
COMBO_B,standard,STRICT,FIRST_RELEASE,POOLED_RESEARCH_ONLY,H2_H3,LEAVE_ONE_QUARTER_OUT,18,9,0.46581899766851903,0.32586173494883275,0.22066020159349536,VERIFIED_DOCUMENTED_VINTAGES_PARTIAL_RELEASE_HISTORY,2026Q2
COMBO_B,standard,STRICT,LATEST_REVISED,HISTORICAL_POST_DEVELOPMENT_TEST,H1,LEAVE_ONE_QUARTER_OUT,3,3,0.85066211670814729,0.70488624955758772,0.58723173980918142,VERIFIED_DOCUMENTED_VINTAGES_PARTIAL_RELEASE_HISTORY,2026Q2
COMBO_B,standard,STRICT,LATEST_REVISED,HISTORICAL_POST_DEVELOPMENT_TEST,H2,LEAVE_ONE_QUARTER_OUT,3,3,0.87082593058433644,0.68198516634101569,0.60943276209720276,VERIFIED_DOCUMENTED_VINTAGES_PARTIAL_RELEASE_HISTORY,2026Q2
COMBO_B,standard,STRICT,LATEST_REVISED,HISTORICAL_POST_DEVELOPMENT_TEST,H3,LEAVE_ONE_QUARTER_OUT,3,3,0.46822637734684719,0.33225271401494777,0.33225271401494777,VERIFIED_DOCUMENTED_VINTAGES_PARTIAL_RELEASE_HISTORY,2026Q2
COMBO_B,standard,STRICT,LATEST_REVISED,HISTORICAL_POST_DEVELOPMENT_TEST,ALL,LEAVE_ONE_QUARTER_OUT,9,3,0.7530382413095662,0.57304137663785037,0.50963907197377734,VERIFIED_DOCUMENTED_VINTAGES_PARTIAL_RELEASE_HISTORY,2026Q2
COMBO_B,standard,STRICT,LATEST_REVISED,HISTORICAL_POST_DEVELOPMENT_TEST,H2_H3,LEAVE_ONE_QUARTER_OUT,6,3,0.69913294222966904,0.50711894017798176,0.47084273805607529,VERIFIED_DOCUMENTED_VINTAGES_PARTIAL_RELEASE_HISTORY,2026Q2
COMBO_B,standard,STRICT,LATEST_REVISED,POOLED_RESEARCH_ONLY,H1,LEAVE_ONE_QUARTER_OUT,9,9,0.57681240161804181,0.46168730530470165,0.42246913538856617,VERIFIED_DOCUMENTED_VINTAGES_PARTIAL_RELEASE_HISTORY,2026Q2
COMBO_B,standard,STRICT,LATEST_REVISED,POOLED_RESEARCH_ONLY,H2,LEAVE_ONE_QUARTER_OUT,9,9,0.58702527582292574,0.44081793798352137,0.41663380323558374,VERIFIED_DOCUMENTED_VINTAGES_PARTIAL_RELEASE_HISTORY,2026Q2
COMBO_B,standard,STRICT,LATEST_REVISED,POOLED_RESEARCH_ONLY,H3,LEAVE_ONE_QUARTER_OUT,9,9,0.34963883083890523,0.27925164086916354,0.15801993328473982,VERIFIED_DOCUMENTED_VINTAGES_PARTIAL_RELEASE_HISTORY,2026Q2
COMBO_B,standard,STRICT,LATEST_REVISED,POOLED_RESEARCH_ONLY,ALL,LEAVE_ONE_QUARTER_OUT,27,9,0.51625527701766294,0.39391896138579552,0.33237429063629664,VERIFIED_DOCUMENTED_VINTAGES_PARTIAL_RELEASE_HISTORY,2026Q2
COMBO_B,standard,STRICT,LATEST_REVISED,POOLED_RESEARCH_ONLY,H2_H3,LEAVE_ONE_QUARTER_OUT,18,9,0.48313868944919874,0.36003478942634248,0.28732686826016179,VERIFIED_DOCUMENTED_VINTAGES_PARTIAL_RELEASE_HISTORY,2026Q2
DFM_B,conservative,PERMISSIVE_END_OF_DAY,FIRST_RELEASE,HISTORICAL_POST_DEVELOPMENT_TEST,H1,LEAVE_ONE_QUARTER_OUT,3,3,1.0517616122564206,0.97683850999719457,0.97683850999719457,VERIFIED_DOCUMENTED_VINTAGES_PARTIAL_RELEASE_HISTORY,2026Q2
DFM_B,conservative,PERMISSIVE_END_OF_DAY,FIRST_RELEASE,HISTORICAL_POST_DEVELOPMENT_TEST,H2,LEAVE_ONE_QUARTER_OUT,3,3,1.0421504409115057,0.96793248245660468,0.96793248245660468,VERIFIED_DOCUMENTED_VINTAGES_PARTIAL_RELEASE_HISTORY,2026Q2
DFM_B,conservative,PERMISSIVE_END_OF_DAY,FIRST_RELEASE,HISTORICAL_POST_DEVELOPMENT_TEST,H3,LEAVE_ONE_QUARTER_OUT,3,3,1.0303354120825272,0.95890495446009483,0.95890495446009483,VERIFIED_DOCUMENTED_VINTAGES_PARTIAL_RELEASE_HISTORY,2026Q2
DFM_B,conservative,PERMISSIVE_END_OF_DAY,FIRST_RELEASE,HISTORICAL_POST_DEVELOPMENT_TEST,ALL,LEAVE_ONE_QUARTER_OUT,9,3,1.041452686059164,0.96789198230463136,0.96789198230463136,VERIFIED_DOCUMENTED_VINTAGES_PARTIAL_RELEASE_HISTORY,2026Q2
DFM_B,conservative,PERMISSIVE_END_OF_DAY,FIRST_RELEASE,HISTORICAL_POST_DEVELOPMENT_TEST,H2_H3,LEAVE_ONE_QUARTER_OUT,6,3,1.0362597654264389,0.9634187184583497,0.9634187184583497,VERIFIED_DOCUMENTED_VINTAGES_PARTIAL_RELEASE_HISTORY,2026Q2
DFM_B,conservative,PERMISSIVE_END_OF_DAY,FIRST_RELEASE,POOLED_RESEARCH_ONLY,H1,LEAVE_ONE_QUARTER_OUT,9,9,0.65474381572332363,0.46949068187927423,0.45362983845437693,VERIFIED_DOCUMENTED_VINTAGES_PARTIAL_RELEASE_HISTORY,2026Q2
DFM_B,conservative,PERMISSIVE_END_OF_DAY,FIRST_RELEASE,POOLED_RESEARCH_ONLY,H2,LEAVE_ONE_QUARTER_OUT,9,9,0.64921824298468467,0.47226004911538705,0.46710540603400674,VERIFIED_DOCUMENTED_VINTAGES_PARTIAL_RELEASE_HISTORY,2026Q2
DFM_B,conservative,PERMISSIVE_END_OF_DAY,FIRST_RELEASE,POOLED_RESEARCH_ONLY,H3,LEAVE_ONE_QUARTER_OUT,9,9,0.73423721170787537,0.58248958871594469,0.34626184340648564,VERIFIED_DOCUMENTED_VINTAGES_PARTIAL_RELEASE_HISTORY,2026Q2
DFM_B,conservative,PERMISSIVE_END_OF_DAY,FIRST_RELEASE,POOLED_RESEARCH_ONLY,ALL,LEAVE_ONE_QUARTER_OUT,27,9,0.6805091413318447,0.50808010657020197,0.42233236263162305,VERIFIED_DOCUMENTED_VINTAGES_PARTIAL_RELEASE_HISTORY,2026Q2
DFM_B,conservative,PERMISSIVE_END_OF_DAY,FIRST_RELEASE,POOLED_RESEARCH_ONLY,H2_H3,LEAVE_ONE_QUARTER_OUT,18,9,0.69303268684841857,0.52737481891566595,0.40668362472024616,VERIFIED_DOCUMENTED_VINTAGES_PARTIAL_RELEASE_HISTORY,2026Q2
DFM_B,conservative,PERMISSIVE_END_OF_DAY,LATEST_REVISED,HISTORICAL_POST_DEVELOPMENT_TEST,H1,LEAVE_ONE_QUARTER_OUT,3,3,1.0517616122564217,0.9768385099971949,0.9768385099971949,VERIFIED_DOCUMENTED_VINTAGES_PARTIAL_RELEASE_HISTORY,2026Q2
DFM_B,conservative,PERMISSIVE_END_OF_DAY,LATEST_REVISED,HISTORICAL_POST_DEVELOPMENT_TEST,H2,LEAVE_ONE_QUARTER_OUT,3,3,1.0421504409115068,0.96793248245660501,0.96793248245660501,VERIFIED_DOCUMENTED_VINTAGES_PARTIAL_RELEASE_HISTORY,2026Q2
DFM_B,conservative,PERMISSIVE_END_OF_DAY,LATEST_REVISED,HISTORICAL_POST_DEVELOPMENT_TEST,H3,LEAVE_ONE_QUARTER_OUT,3,3,1.0303354120825283,0.95890495446009505,0.95890495446009505,VERIFIED_DOCUMENTED_VINTAGES_PARTIAL_RELEASE_HISTORY,2026Q2
DFM_B,conservative,PERMISSIVE_END_OF_DAY,LATEST_REVISED,HISTORICAL_POST_DEVELOPMENT_TEST,ALL,LEAVE_ONE_QUARTER_OUT,9,3,1.0414526860591649,0.96789198230463169,0.96789198230463169,VERIFIED_DOCUMENTED_VINTAGES_PARTIAL_RELEASE_HISTORY,2026Q2
DFM_B,conservative,PERMISSIVE_END_OF_DAY,LATEST_REVISED,HISTORICAL_POST_DEVELOPMENT_TEST,H2_H3,LEAVE_ONE_QUARTER_OUT,6,3,1.03625976542644,0.96341871845835003,0.96341871845835003,VERIFIED_DOCUMENTED_VINTAGES_PARTIAL_RELEASE_HISTORY,2026Q2
DFM_B,conservative,PERMISSIVE_END_OF_DAY,LATEST_REVISED,POOLED_RESEARCH_ONLY,H1,LEAVE_ONE_QUARTER_OUT,9,9,0.66368607860089268,0.52029650512104331,0.52029650512104331,VERIFIED_DOCUMENTED_VINTAGES_PARTIAL_RELEASE_HISTORY,2026Q2
DFM_B,conservative,PERMISSIVE_END_OF_DAY,LATEST_REVISED,POOLED_RESEARCH_ONLY,H2,LEAVE_ONE_QUARTER_OUT,9,9,0.66402726661958478,0.53377207270067317,0.53377207270067317,VERIFIED_DOCUMENTED_VINTAGES_PARTIAL_RELEASE_HISTORY,2026Q2
DFM_B,conservative,PERMISSIVE_END_OF_DAY,LATEST_REVISED,POOLED_RESEARCH_ONLY,H3,LEAVE_ONE_QUARTER_OUT,9,9,0.71129181209054648,0.5975845416927974,0.41292851007315207,VERIFIED_DOCUMENTED_VINTAGES_PARTIAL_RELEASE_HISTORY,2026Q2
DFM_B,conservative,PERMISSIVE_END_OF_DAY,LATEST_REVISED,POOLED_RESEARCH_ONLY,ALL,LEAVE_ONE_QUARTER_OUT,27,9,0.68003614210078589,0.55055103983817133,0.48899902929828953,VERIFIED_DOCUMENTED_VINTAGES_PARTIAL_RELEASE_HISTORY,2026Q2
DFM_B,conservative,PERMISSIVE_END_OF_DAY,LATEST_REVISED,POOLED_RESEARCH_ONLY,H2_H3,LEAVE_ONE_QUARTER_OUT,18,9,0.68806549570565245,0.56567830719673529,0.47335029138691254,VERIFIED_DOCUMENTED_VINTAGES_PARTIAL_RELEASE_HISTORY,2026Q2
DFM_B,conservative,STRICT,FIRST_RELEASE,HISTORICAL_POST_DEVELOPMENT_TEST,H1,LEAVE_ONE_QUARTER_OUT,3,3,1.0517616122564206,0.97683850999719457,0.97683850999719457,VERIFIED_DOCUMENTED_VINTAGES_PARTIAL_RELEASE_HISTORY,2026Q2
DFM_B,conservative,STRICT,FIRST_RELEASE,HISTORICAL_POST_DEVELOPMENT_TEST,H2,LEAVE_ONE_QUARTER_OUT,3,3,1.0421504409115057,0.96793248245660468,0.96793248245660468,VERIFIED_DOCUMENTED_VINTAGES_PARTIAL_RELEASE_HISTORY,2026Q2
DFM_B,conservative,STRICT,FIRST_RELEASE,HISTORICAL_POST_DEVELOPMENT_TEST,H3,LEAVE_ONE_QUARTER_OUT,3,3,1.0303354120825272,0.95890495446009483,0.95890495446009483,VERIFIED_DOCUMENTED_VINTAGES_PARTIAL_RELEASE_HISTORY,2026Q2
DFM_B,conservative,STRICT,FIRST_RELEASE,HISTORICAL_POST_DEVELOPMENT_TEST,ALL,LEAVE_ONE_QUARTER_OUT,9,3,1.041452686059164,0.96789198230463136,0.96789198230463136,VERIFIED_DOCUMENTED_VINTAGES_PARTIAL_RELEASE_HISTORY,2026Q2
DFM_B,conservative,STRICT,FIRST_RELEASE,HISTORICAL_POST_DEVELOPMENT_TEST,H2_H3,LEAVE_ONE_QUARTER_OUT,6,3,1.0362597654264389,0.9634187184583497,0.9634187184583497,VERIFIED_DOCUMENTED_VINTAGES_PARTIAL_RELEASE_HISTORY,2026Q2
DFM_B,conservative,STRICT,FIRST_RELEASE,POOLED_RESEARCH_ONLY,H1,LEAVE_ONE_QUARTER_OUT,9,9,0.65474381572332363,0.46949068187927423,0.45362983845437693,VERIFIED_DOCUMENTED_VINTAGES_PARTIAL_RELEASE_HISTORY,2026Q2
DFM_B,conservative,STRICT,FIRST_RELEASE,POOLED_RESEARCH_ONLY,H2,LEAVE_ONE_QUARTER_OUT,9,9,0.64921824298468467,0.47226004911538705,0.46710540603400674,VERIFIED_DOCUMENTED_VINTAGES_PARTIAL_RELEASE_HISTORY,2026Q2
DFM_B,conservative,STRICT,FIRST_RELEASE,POOLED_RESEARCH_ONLY,H3,LEAVE_ONE_QUARTER_OUT,9,9,0.73423721170787537,0.58248958871594469,0.34626184340648564,VERIFIED_DOCUMENTED_VINTAGES_PARTIAL_RELEASE_HISTORY,2026Q2
DFM_B,conservative,STRICT,FIRST_RELEASE,POOLED_RESEARCH_ONLY,ALL,LEAVE_ONE_QUARTER_OUT,27,9,0.6805091413318447,0.50808010657020197,0.42233236263162305,VERIFIED_DOCUMENTED_VINTAGES_PARTIAL_RELEASE_HISTORY,2026Q2
DFM_B,conservative,STRICT,FIRST_RELEASE,POOLED_RESEARCH_ONLY,H2_H3,LEAVE_ONE_QUARTER_OUT,18,9,0.69303268684841857,0.52737481891566595,0.40668362472024616,VERIFIED_DOCUMENTED_VINTAGES_PARTIAL_RELEASE_HISTORY,2026Q2
DFM_B,conservative,STRICT,LATEST_REVISED,HISTORICAL_POST_DEVELOPMENT_TEST,H1,LEAVE_ONE_QUARTER_OUT,3,3,1.0517616122564217,0.9768385099971949,0.9768385099971949,VERIFIED_DOCUMENTED_VINTAGES_PARTIAL_RELEASE_HISTORY,2026Q2
DFM_B,conservative,STRICT,LATEST_REVISED,HISTORICAL_POST_DEVELOPMENT_TEST,H2,LEAVE_ONE_QUARTER_OUT,3,3,1.0421504409115068,0.96793248245660501,0.96793248245660501,VERIFIED_DOCUMENTED_VINTAGES_PARTIAL_RELEASE_HISTORY,2026Q2
DFM_B,conservative,STRICT,LATEST_REVISED,HISTORICAL_POST_DEVELOPMENT_TEST,H3,LEAVE_ONE_QUARTER_OUT,3,3,1.0303354120825283,0.95890495446009505,0.95890495446009505,VERIFIED_DOCUMENTED_VINTAGES_PARTIAL_RELEASE_HISTORY,2026Q2
DFM_B,conservative,STRICT,LATEST_REVISED,HISTORICAL_POST_DEVELOPMENT_TEST,ALL,LEAVE_ONE_QUARTER_OUT,9,3,1.0414526860591649,0.96789198230463169,0.96789198230463169,VERIFIED_DOCUMENTED_VINTAGES_PARTIAL_RELEASE_HISTORY,2026Q2
DFM_B,conservative,STRICT,LATEST_REVISED,HISTORICAL_POST_DEVELOPMENT_TEST,H2_H3,LEAVE_ONE_QUARTER_OUT,6,3,1.03625976542644,0.96341871845835003,0.96341871845835003,VERIFIED_DOCUMENTED_VINTAGES_PARTIAL_RELEASE_HISTORY,2026Q2
DFM_B,conservative,STRICT,LATEST_REVISED,POOLED_RESEARCH_ONLY,H1,LEAVE_ONE_QUARTER_OUT,9,9,0.66368607860089268,0.52029650512104331,0.52029650512104331,VERIFIED_DOCUMENTED_VINTAGES_PARTIAL_RELEASE_HISTORY,2026Q2
DFM_B,conservative,STRICT,LATEST_REVISED,POOLED_RESEARCH_ONLY,H2,LEAVE_ONE_QUARTER_OUT,9,9,0.66402726661958478,0.53377207270067317,0.53377207270067317,VERIFIED_DOCUMENTED_VINTAGES_PARTIAL_RELEASE_HISTORY,2026Q2
DFM_B,conservative,STRICT,LATEST_REVISED,POOLED_RESEARCH_ONLY,H3,LEAVE_ONE_QUARTER_OUT,9,9,0.71129181209054648,0.5975845416927974,0.41292851007315207,VERIFIED_DOCUMENTED_VINTAGES_PARTIAL_RELEASE_HISTORY,2026Q2
DFM_B,conservative,STRICT,LATEST_REVISED,POOLED_RESEARCH_ONLY,ALL,LEAVE_ONE_QUARTER_OUT,27,9,0.68003614210078589,0.55055103983817133,0.48899902929828953,VERIFIED_DOCUMENTED_VINTAGES_PARTIAL_RELEASE_HISTORY,2026Q2
DFM_B,conservative,STRICT,LATEST_REVISED,POOLED_RESEARCH_ONLY,H2_H3,LEAVE_ONE_QUARTER_OUT,18,9,0.68806549570565245,0.56567830719673529,0.47335029138691254,VERIFIED_DOCUMENTED_VINTAGES_PARTIAL_RELEASE_HISTORY,2026Q2
DFM_B,standard,PERMISSIVE_END_OF_DAY,FIRST_RELEASE,HISTORICAL_POST_DEVELOPMENT_TEST,H1,LEAVE_ONE_QUARTER_OUT,3,3,1.0227462585649472,0.94311870857549385,0.94311870857549385,VERIFIED_DOCUMENTED_VINTAGES_PARTIAL_RELEASE_HISTORY,2026Q2
DFM_B,standard,PERMISSIVE_END_OF_DAY,FIRST_RELEASE,HISTORICAL_POST_DEVELOPMENT_TEST,H2,LEAVE_ONE_QUARTER_OUT,3,3,0.99755358313438536,0.91571759902680017,0.91571759902680017,VERIFIED_DOCUMENTED_VINTAGES_PARTIAL_RELEASE_HISTORY,2026Q2
DFM_B,standard,PERMISSIVE_END_OF_DAY,FIRST_RELEASE,HISTORICAL_POST_DEVELOPMENT_TEST,H3,LEAVE_ONE_QUARTER_OUT,3,3,0.98336608072021303,0.90602764115059264,0.90602764115059264,VERIFIED_DOCUMENTED_VINTAGES_PARTIAL_RELEASE_HISTORY,2026Q2
DFM_B,standard,PERMISSIVE_END_OF_DAY,FIRST_RELEASE,HISTORICAL_POST_DEVELOPMENT_TEST,ALL,LEAVE_ONE_QUARTER_OUT,9,3,1.0013544010229147,0.92162131625096222,0.92162131625096222,VERIFIED_DOCUMENTED_VINTAGES_PARTIAL_RELEASE_HISTORY,2026Q2
DFM_B,standard,PERMISSIVE_END_OF_DAY,FIRST_RELEASE,HISTORICAL_POST_DEVELOPMENT_TEST,H2_H3,LEAVE_ONE_QUARTER_OUT,6,3,0.99048523460354609,0.91087262008869641,0.91087262008869641,VERIFIED_DOCUMENTED_VINTAGES_PARTIAL_RELEASE_HISTORY,2026Q2
DFM_B,standard,PERMISSIVE_END_OF_DAY,FIRST_RELEASE,POOLED_RESEARCH_ONLY,H1,LEAVE_ONE_QUARTER_OUT,9,9,0.63322107170223252,0.44866593684658579,0.43636880767568581,VERIFIED_DOCUMENTED_VINTAGES_PARTIAL_RELEASE_HISTORY,2026Q2
DFM_B,standard,PERMISSIVE_END_OF_DAY,FIRST_RELEASE,POOLED_RESEARCH_ONLY,H2,LEAVE_ONE_QUARTER_OUT,9,9,0.63006816796341547,0.46936743853303597,0.35972594953946785,VERIFIED_DOCUMENTED_VINTAGES_PARTIAL_RELEASE_HISTORY,2026Q2
DFM_B,standard,PERMISSIVE_END_OF_DAY,FIRST_RELEASE,POOLED_RESEARCH_ONLY,H3,LEAVE_ONE_QUARTER_OUT,9,9,0.67948102393053744,0.52557333578647847,0.31496635683495344,VERIFIED_DOCUMENTED_VINTAGES_PARTIAL_RELEASE_HISTORY,2026Q2
DFM_B,standard,PERMISSIVE_END_OF_DAY,FIRST_RELEASE,POOLED_RESEARCH_ONLY,ALL,LEAVE_ONE_QUARTER_OUT,27,9,0.64798386909196803,0.48120223705536674,0.37035370468336903,VERIFIED_DOCUMENTED_VINTAGES_PARTIAL_RELEASE_HISTORY,2026Q2
DFM_B,standard,PERMISSIVE_END_OF_DAY,FIRST_RELEASE,POOLED_RESEARCH_ONLY,H2_H3,LEAVE_ONE_QUARTER_OUT,18,9,0.65524055054707442,0.49747038715975717,0.33734615318721067,VERIFIED_DOCUMENTED_VINTAGES_PARTIAL_RELEASE_HISTORY,2026Q2
DFM_B,standard,PERMISSIVE_END_OF_DAY,LATEST_REVISED,HISTORICAL_POST_DEVELOPMENT_TEST,H1,LEAVE_ONE_QUARTER_OUT,3,3,1.0227462585649483,0.94311870857549407,0.94311870857549407,VERIFIED_DOCUMENTED_VINTAGES_PARTIAL_RELEASE_HISTORY,2026Q2
DFM_B,standard,PERMISSIVE_END_OF_DAY,LATEST_REVISED,HISTORICAL_POST_DEVELOPMENT_TEST,H2,LEAVE_ONE_QUARTER_OUT,3,3,0.99755358313438636,0.9157175990268005,0.9157175990268005,VERIFIED_DOCUMENTED_VINTAGES_PARTIAL_RELEASE_HISTORY,2026Q2
DFM_B,standard,PERMISSIVE_END_OF_DAY,LATEST_REVISED,HISTORICAL_POST_DEVELOPMENT_TEST,H3,LEAVE_ONE_QUARTER_OUT,3,3,0.98336608072021403,0.90602764115059298,0.90602764115059298,VERIFIED_DOCUMENTED_VINTAGES_PARTIAL_RELEASE_HISTORY,2026Q2
DFM_B,standard,PERMISSIVE_END_OF_DAY,LATEST_REVISED,HISTORICAL_POST_DEVELOPMENT_TEST,ALL,LEAVE_ONE_QUARTER_OUT,9,3,1.0013544010229158,0.92162131625096244,0.92162131625096244,VERIFIED_DOCUMENTED_VINTAGES_PARTIAL_RELEASE_HISTORY,2026Q2
DFM_B,standard,PERMISSIVE_END_OF_DAY,LATEST_REVISED,HISTORICAL_POST_DEVELOPMENT_TEST,H2_H3,LEAVE_ONE_QUARTER_OUT,6,3,0.99048523460354709,0.91087262008869674,0.91087262008869674,VERIFIED_DOCUMENTED_VINTAGES_PARTIAL_RELEASE_HISTORY,2026Q2
DFM_B,standard,PERMISSIVE_END_OF_DAY,LATEST_REVISED,POOLED_RESEARCH_ONLY,H1,LEAVE_ONE_QUARTER_OUT,9,9,0.64377007668772035,0.50303547434235218,0.50303547434235218,VERIFIED_DOCUMENTED_VINTAGES_PARTIAL_RELEASE_HISTORY,2026Q2
DFM_B,standard,PERMISSIVE_END_OF_DAY,LATEST_REVISED,POOLED_RESEARCH_ONLY,H2,LEAVE_ONE_QUARTER_OUT,9,9,0.62653057004413759,0.48273230364012654,0.42639261620613428,VERIFIED_DOCUMENTED_VINTAGES_PARTIAL_RELEASE_HISTORY,2026Q2
DFM_B,standard,PERMISSIVE_END_OF_DAY,LATEST_REVISED,POOLED_RESEARCH_ONLY,H3,LEAVE_ONE_QUARTER_OUT,9,9,0.65795622911005214,0.53677965900857505,0.38163302350161987,VERIFIED_DOCUMENTED_VINTAGES_PARTIAL_RELEASE_HISTORY,2026Q2
DFM_B,standard,PERMISSIVE_END_OF_DAY,LATEST_REVISED,POOLED_RESEARCH_ONLY,ALL,LEAVE_ONE_QUARTER_OUT,27,9,0.64288072150881015,0.50751581233035126,0.43702037135003552,VERIFIED_DOCUMENTED_VINTAGES_PARTIAL_RELEASE_HISTORY,2026Q2
DFM_B,standard,PERMISSIVE_END_OF_DAY,LATEST_REVISED,POOLED_RESEARCH_ONLY,H2_H3,LEAVE_ONE_QUARTER_OUT,18,9,0.64243558222772479,0.50975598132435074,0.4040128198538771,VERIFIED_DOCUMENTED_VINTAGES_PARTIAL_RELEASE_HISTORY,2026Q2
DFM_B,standard,STRICT,FIRST_RELEASE,HISTORICAL_POST_DEVELOPMENT_TEST,H1,LEAVE_ONE_QUARTER_OUT,3,3,1.0227462585649472,0.94311870857549385,0.94311870857549385,VERIFIED_DOCUMENTED_VINTAGES_PARTIAL_RELEASE_HISTORY,2026Q2
DFM_B,standard,STRICT,FIRST_RELEASE,HISTORICAL_POST_DEVELOPMENT_TEST,H2,LEAVE_ONE_QUARTER_OUT,3,3,0.99755358313438536,0.91571759902680017,0.91571759902680017,VERIFIED_DOCUMENTED_VINTAGES_PARTIAL_RELEASE_HISTORY,2026Q2
DFM_B,standard,STRICT,FIRST_RELEASE,HISTORICAL_POST_DEVELOPMENT_TEST,H3,LEAVE_ONE_QUARTER_OUT,3,3,0.98336608072021303,0.90602764115059264,0.90602764115059264,VERIFIED_DOCUMENTED_VINTAGES_PARTIAL_RELEASE_HISTORY,2026Q2
DFM_B,standard,STRICT,FIRST_RELEASE,HISTORICAL_POST_DEVELOPMENT_TEST,ALL,LEAVE_ONE_QUARTER_OUT,9,3,1.0013544010229147,0.92162131625096222,0.92162131625096222,VERIFIED_DOCUMENTED_VINTAGES_PARTIAL_RELEASE_HISTORY,2026Q2
DFM_B,standard,STRICT,FIRST_RELEASE,HISTORICAL_POST_DEVELOPMENT_TEST,H2_H3,LEAVE_ONE_QUARTER_OUT,6,3,0.99048523460354609,0.91087262008869641,0.91087262008869641,VERIFIED_DOCUMENTED_VINTAGES_PARTIAL_RELEASE_HISTORY,2026Q2
DFM_B,standard,STRICT,FIRST_RELEASE,POOLED_RESEARCH_ONLY,H1,LEAVE_ONE_QUARTER_OUT,9,9,0.63322107170223252,0.44866593684658579,0.43636880767568581,VERIFIED_DOCUMENTED_VINTAGES_PARTIAL_RELEASE_HISTORY,2026Q2
DFM_B,standard,STRICT,FIRST_RELEASE,POOLED_RESEARCH_ONLY,H2,LEAVE_ONE_QUARTER_OUT,9,9,0.63006816796341547,0.46936743853303597,0.35972594953946785,VERIFIED_DOCUMENTED_VINTAGES_PARTIAL_RELEASE_HISTORY,2026Q2
DFM_B,standard,STRICT,FIRST_RELEASE,POOLED_RESEARCH_ONLY,H3,LEAVE_ONE_QUARTER_OUT,9,9,0.67948102393053744,0.52557333578647847,0.31496635683495344,VERIFIED_DOCUMENTED_VINTAGES_PARTIAL_RELEASE_HISTORY,2026Q2
DFM_B,standard,STRICT,FIRST_RELEASE,POOLED_RESEARCH_ONLY,ALL,LEAVE_ONE_QUARTER_OUT,27,9,0.64798386909196803,0.48120223705536674,0.37035370468336903,VERIFIED_DOCUMENTED_VINTAGES_PARTIAL_RELEASE_HISTORY,2026Q2
DFM_B,standard,STRICT,FIRST_RELEASE,POOLED_RESEARCH_ONLY,H2_H3,LEAVE_ONE_QUARTER_OUT,18,9,0.65524055054707442,0.49747038715975717,0.33734615318721067,VERIFIED_DOCUMENTED_VINTAGES_PARTIAL_RELEASE_HISTORY,2026Q2
DFM_B,standard,STRICT,LATEST_REVISED,HISTORICAL_POST_DEVELOPMENT_TEST,H1,LEAVE_ONE_QUARTER_OUT,3,3,1.0227462585649483,0.94311870857549407,0.94311870857549407,VERIFIED_DOCUMENTED_VINTAGES_PARTIAL_RELEASE_HISTORY,2026Q2
DFM_B,standard,STRICT,LATEST_REVISED,HISTORICAL_POST_DEVELOPMENT_TEST,H2,LEAVE_ONE_QUARTER_OUT,3,3,0.99755358313438636,0.9157175990268005,0.9157175990268005,VERIFIED_DOCUMENTED_VINTAGES_PARTIAL_RELEASE_HISTORY,2026Q2
DFM_B,standard,STRICT,LATEST_REVISED,HISTORICAL_POST_DEVELOPMENT_TEST,H3,LEAVE_ONE_QUARTER_OUT,3,3,0.98336608072021403,0.90602764115059298,0.90602764115059298,VERIFIED_DOCUMENTED_VINTAGES_PARTIAL_RELEASE_HISTORY,2026Q2
DFM_B,standard,STRICT,LATEST_REVISED,HISTORICAL_POST_DEVELOPMENT_TEST,ALL,LEAVE_ONE_QUARTER_OUT,9,3,1.0013544010229158,0.92162131625096244,0.92162131625096244,VERIFIED_DOCUMENTED_VINTAGES_PARTIAL_RELEASE_HISTORY,2026Q2
DFM_B,standard,STRICT,LATEST_REVISED,HISTORICAL_POST_DEVELOPMENT_TEST,H2_H3,LEAVE_ONE_QUARTER_OUT,6,3,0.99048523460354709,0.91087262008869674,0.91087262008869674,VERIFIED_DOCUMENTED_VINTAGES_PARTIAL_RELEASE_HISTORY,2026Q2
DFM_B,standard,STRICT,LATEST_REVISED,POOLED_RESEARCH_ONLY,H1,LEAVE_ONE_QUARTER_OUT,9,9,0.64377007668772035,0.50303547434235218,0.50303547434235218,VERIFIED_DOCUMENTED_VINTAGES_PARTIAL_RELEASE_HISTORY,2026Q2
DFM_B,standard,STRICT,LATEST_REVISED,POOLED_RESEARCH_ONLY,H2,LEAVE_ONE_QUARTER_OUT,9,9,0.62653057004413759,0.48273230364012654,0.42639261620613428,VERIFIED_DOCUMENTED_VINTAGES_PARTIAL_RELEASE_HISTORY,2026Q2
DFM_B,standard,STRICT,LATEST_REVISED,POOLED_RESEARCH_ONLY,H3,LEAVE_ONE_QUARTER_OUT,9,9,0.65795622911005214,0.53677965900857505,0.38163302350161987,VERIFIED_DOCUMENTED_VINTAGES_PARTIAL_RELEASE_HISTORY,2026Q2
DFM_B,standard,STRICT,LATEST_REVISED,POOLED_RESEARCH_ONLY,ALL,LEAVE_ONE_QUARTER_OUT,27,9,0.64288072150881015,0.50751581233035126,0.43702037135003552,VERIFIED_DOCUMENTED_VINTAGES_PARTIAL_RELEASE_HISTORY,2026Q2
DFM_B,standard,STRICT,LATEST_REVISED,POOLED_RESEARCH_ONLY,H2_H3,LEAVE_ONE_QUARTER_OUT,18,9,0.64243558222772479,0.50975598132435074,0.4040128198538771,VERIFIED_DOCUMENTED_VINTAGES_PARTIAL_RELEASE_HISTORY,2026Q2
PRODUCTION_ENSEMBLE,conservative,PERMISSIVE_END_OF_DAY,FIRST_RELEASE,HISTORICAL_POST_DEVELOPMENT_TEST,H1,LEAVE_ONE_QUARTER_OUT,3,3,0.72749776969922031,0.56227357494430874,0.56227357494430874,VERIFIED_DOCUMENTED_VINTAGES_PARTIAL_RELEASE_HISTORY,2026Q2
PRODUCTION_ENSEMBLE,conservative,PERMISSIVE_END_OF_DAY,FIRST_RELEASE,HISTORICAL_POST_DEVELOPMENT_TEST,H2,LEAVE_ONE_QUARTER_OUT,3,3,0.89628903358070522,0.74313458654161335,0.60534794471020026,VERIFIED_DOCUMENTED_VINTAGES_PARTIAL_RELEASE_HISTORY,2026Q2
PRODUCTION_ENSEMBLE,conservative,PERMISSIVE_END_OF_DAY,FIRST_RELEASE,HISTORICAL_POST_DEVELOPMENT_TEST,H3,LEAVE_ONE_QUARTER_OUT,3,3,0.92613541013972644,0.72403168401009133,0.64124952177256844,VERIFIED_DOCUMENTED_VINTAGES_PARTIAL_RELEASE_HISTORY,2026Q2
PRODUCTION_ENSEMBLE,conservative,PERMISSIVE_END_OF_DAY,FIRST_RELEASE,HISTORICAL_POST_DEVELOPMENT_TEST,ALL,LEAVE_ONE_QUARTER_OUT,9,3,0.85446159159809587,0.6764799484986711,0.60295701380902578,VERIFIED_DOCUMENTED_VINTAGES_PARTIAL_RELEASE_HISTORY,2026Q2
PRODUCTION_ENSEMBLE,conservative,PERMISSIVE_END_OF_DAY,FIRST_RELEASE,HISTORICAL_POST_DEVELOPMENT_TEST,H2_H3,LEAVE_ONE_QUARTER_OUT,6,3,0.91133441437040918,0.73358313527585228,0.6232987332413843,VERIFIED_DOCUMENTED_VINTAGES_PARTIAL_RELEASE_HISTORY,2026Q2
PRODUCTION_ENSEMBLE,conservative,PERMISSIVE_END_OF_DAY,FIRST_RELEASE,POOLED_RESEARCH_ONLY,H1,LEAVE_ONE_QUARTER_OUT,9,9,0.55864641136049231,0.45757869864877754,0.45757869864877754,VERIFIED_DOCUMENTED_VINTAGES_PARTIAL_RELEASE_HISTORY,2026Q2
PRODUCTION_ENSEMBLE,conservative,PERMISSIVE_END_OF_DAY,FIRST_RELEASE,POOLED_RESEARCH_ONLY,H2,LEAVE_ONE_QUARTER_OUT,9,9,0.62593926612127904,0.50795975846182506,0.46203087785135405,VERIFIED_DOCUMENTED_VINTAGES_PARTIAL_RELEASE_HISTORY,2026Q2
PRODUCTION_ENSEMBLE,conservative,PERMISSIVE_END_OF_DAY,FIRST_RELEASE,POOLED_RESEARCH_ONLY,H3,LEAVE_ONE_QUARTER_OUT,9,9,0.65506131768409392,0.52211102884565475,0.49451697476648043,VERIFIED_DOCUMENTED_VINTAGES_PARTIAL_RELEASE_HISTORY,2026Q2
PRODUCTION_ENSEMBLE,conservative,PERMISSIVE_END_OF_DAY,FIRST_RELEASE,POOLED_RESEARCH_ONLY,ALL,LEAVE_ONE_QUARTER_OUT,27,9,0.61454349119879847,0.49588316198541921,0.47137551708887077,VERIFIED_DOCUMENTED_VINTAGES_PARTIAL_RELEASE_HISTORY,2026Q2
PRODUCTION_ENSEMBLE,conservative,PERMISSIVE_END_OF_DAY,FIRST_RELEASE,POOLED_RESEARCH_ONLY,H2_H3,LEAVE_ONE_QUARTER_OUT,18,9,0.6406657844767687,0.51503539365373996,0.4782739263089173,VERIFIED_DOCUMENTED_VINTAGES_PARTIAL_RELEASE_HISTORY,2026Q2
PRODUCTION_ENSEMBLE,conservative,PERMISSIVE_END_OF_DAY,LATEST_REVISED,HISTORICAL_POST_DEVELOPMENT_TEST,H1,LEAVE_ONE_QUARTER_OUT,3,3,0.72749776969922186,0.56227357494430896,0.56227357494430896,VERIFIED_DOCUMENTED_VINTAGES_PARTIAL_RELEASE_HISTORY,2026Q2
PRODUCTION_ENSEMBLE,conservative,PERMISSIVE_END_OF_DAY,LATEST_REVISED,HISTORICAL_POST_DEVELOPMENT_TEST,H2,LEAVE_ONE_QUARTER_OUT,3,3,0.89628903358070555,0.7431345865416118,0.60534794471020048,VERIFIED_DOCUMENTED_VINTAGES_PARTIAL_RELEASE_HISTORY,2026Q2
PRODUCTION_ENSEMBLE,conservative,PERMISSIVE_END_OF_DAY,LATEST_REVISED,HISTORICAL_POST_DEVELOPMENT_TEST,H3,LEAVE_ONE_QUARTER_OUT,3,3,0.92613541013972711,0.72403168401008988,0.64124952177256878,VERIFIED_DOCUMENTED_VINTAGES_PARTIAL_RELEASE_HISTORY,2026Q2
PRODUCTION_ENSEMBLE,conservative,PERMISSIVE_END_OF_DAY,LATEST_REVISED,HISTORICAL_POST_DEVELOPMENT_TEST,ALL,LEAVE_ONE_QUARTER_OUT,9,3,0.85446159159809665,0.67647994849867021,0.60295701380902611,VERIFIED_DOCUMENTED_VINTAGES_PARTIAL_RELEASE_HISTORY,2026Q2
PRODUCTION_ENSEMBLE,conservative,PERMISSIVE_END_OF_DAY,LATEST_REVISED,HISTORICAL_POST_DEVELOPMENT_TEST,H2_H3,LEAVE_ONE_QUARTER_OUT,6,3,0.91133441437040996,0.73358313527585084,0.62329873324138463,VERIFIED_DOCUMENTED_VINTAGES_PARTIAL_RELEASE_HISTORY,2026Q2
PRODUCTION_ENSEMBLE,conservative,PERMISSIVE_END_OF_DAY,LATEST_REVISED,POOLED_RESEARCH_ONLY,H1,LEAVE_ONE_QUARTER_OUT,9,9,0.59994444510696265,0.52424536531544397,0.52424536531544397,VERIFIED_DOCUMENTED_VINTAGES_PARTIAL_RELEASE_HISTORY,2026Q2
PRODUCTION_ENSEMBLE,conservative,PERMISSIVE_END_OF_DAY,LATEST_REVISED,POOLED_RESEARCH_ONLY,H2,LEAVE_ONE_QUARTER_OUT,9,9,0.66757274034191139,0.57462642512849094,0.52869754451802053,VERIFIED_DOCUMENTED_VINTAGES_PARTIAL_RELEASE_HISTORY,2026Q2
PRODUCTION_ENSEMBLE,conservative,PERMISSIVE_END_OF_DAY,LATEST_REVISED,POOLED_RESEARCH_ONLY,H3,LEAVE_ONE_QUARTER_OUT,9,9,0.69759459757923925,0.58877769551232051,0.56118364143314681,VERIFIED_DOCUMENTED_VINTAGES_PARTIAL_RELEASE_HISTORY,2026Q2
PRODUCTION_ENSEMBLE,conservative,PERMISSIVE_END_OF_DAY,LATEST_REVISED,POOLED_RESEARCH_ONLY,ALL,LEAVE_ONE_QUARTER_OUT,27,9,0.65630910487717886,0.56254982865208525,0.53804218375553725,VERIFIED_DOCUMENTED_VINTAGES_PARTIAL_RELEASE_HISTORY,2026Q2
PRODUCTION_ENSEMBLE,conservative,PERMISSIVE_END_OF_DAY,LATEST_REVISED,POOLED_RESEARCH_ONLY,H2_H3,LEAVE_ONE_QUARTER_OUT,18,9,0.68274870421676737,0.58170206032040583,0.54494059297558373,VERIFIED_DOCUMENTED_VINTAGES_PARTIAL_RELEASE_HISTORY,2026Q2
PRODUCTION_ENSEMBLE,conservative,STRICT,FIRST_RELEASE,HISTORICAL_POST_DEVELOPMENT_TEST,H1,LEAVE_ONE_QUARTER_OUT,3,3,0.72749776969922031,0.56227357494430874,0.56227357494430874,VERIFIED_DOCUMENTED_VINTAGES_PARTIAL_RELEASE_HISTORY,2026Q2
PRODUCTION_ENSEMBLE,conservative,STRICT,FIRST_RELEASE,HISTORICAL_POST_DEVELOPMENT_TEST,H2,LEAVE_ONE_QUARTER_OUT,3,3,0.89628903358070522,0.74313458654161335,0.60534794471020026,VERIFIED_DOCUMENTED_VINTAGES_PARTIAL_RELEASE_HISTORY,2026Q2
PRODUCTION_ENSEMBLE,conservative,STRICT,FIRST_RELEASE,HISTORICAL_POST_DEVELOPMENT_TEST,H3,LEAVE_ONE_QUARTER_OUT,3,3,0.92613541013972644,0.72403168401009133,0.64124952177256844,VERIFIED_DOCUMENTED_VINTAGES_PARTIAL_RELEASE_HISTORY,2026Q2
PRODUCTION_ENSEMBLE,conservative,STRICT,FIRST_RELEASE,HISTORICAL_POST_DEVELOPMENT_TEST,ALL,LEAVE_ONE_QUARTER_OUT,9,3,0.85446159159809587,0.6764799484986711,0.60295701380902578,VERIFIED_DOCUMENTED_VINTAGES_PARTIAL_RELEASE_HISTORY,2026Q2
PRODUCTION_ENSEMBLE,conservative,STRICT,FIRST_RELEASE,HISTORICAL_POST_DEVELOPMENT_TEST,H2_H3,LEAVE_ONE_QUARTER_OUT,6,3,0.91133441437040918,0.73358313527585228,0.6232987332413843,VERIFIED_DOCUMENTED_VINTAGES_PARTIAL_RELEASE_HISTORY,2026Q2
PRODUCTION_ENSEMBLE,conservative,STRICT,FIRST_RELEASE,POOLED_RESEARCH_ONLY,H1,LEAVE_ONE_QUARTER_OUT,9,9,0.55864641136049231,0.45757869864877754,0.45757869864877754,VERIFIED_DOCUMENTED_VINTAGES_PARTIAL_RELEASE_HISTORY,2026Q2
PRODUCTION_ENSEMBLE,conservative,STRICT,FIRST_RELEASE,POOLED_RESEARCH_ONLY,H2,LEAVE_ONE_QUARTER_OUT,9,9,0.62593926612127904,0.50795975846182506,0.46203087785135405,VERIFIED_DOCUMENTED_VINTAGES_PARTIAL_RELEASE_HISTORY,2026Q2
PRODUCTION_ENSEMBLE,conservative,STRICT,FIRST_RELEASE,POOLED_RESEARCH_ONLY,H3,LEAVE_ONE_QUARTER_OUT,9,9,0.65506131768409392,0.52211102884565475,0.49451697476648043,VERIFIED_DOCUMENTED_VINTAGES_PARTIAL_RELEASE_HISTORY,2026Q2
PRODUCTION_ENSEMBLE,conservative,STRICT,FIRST_RELEASE,POOLED_RESEARCH_ONLY,ALL,LEAVE_ONE_QUARTER_OUT,27,9,0.61454349119879847,0.49588316198541921,0.47137551708887077,VERIFIED_DOCUMENTED_VINTAGES_PARTIAL_RELEASE_HISTORY,2026Q2
PRODUCTION_ENSEMBLE,conservative,STRICT,FIRST_RELEASE,POOLED_RESEARCH_ONLY,H2_H3,LEAVE_ONE_QUARTER_OUT,18,9,0.6406657844767687,0.51503539365373996,0.4782739263089173,VERIFIED_DOCUMENTED_VINTAGES_PARTIAL_RELEASE_HISTORY,2026Q2
PRODUCTION_ENSEMBLE,conservative,STRICT,LATEST_REVISED,HISTORICAL_POST_DEVELOPMENT_TEST,H1,LEAVE_ONE_QUARTER_OUT,3,3,0.72749776969922186,0.56227357494430896,0.56227357494430896,VERIFIED_DOCUMENTED_VINTAGES_PARTIAL_RELEASE_HISTORY,2026Q2
PRODUCTION_ENSEMBLE,conservative,STRICT,LATEST_REVISED,HISTORICAL_POST_DEVELOPMENT_TEST,H2,LEAVE_ONE_QUARTER_OUT,3,3,0.89628903358070555,0.7431345865416118,0.60534794471020048,VERIFIED_DOCUMENTED_VINTAGES_PARTIAL_RELEASE_HISTORY,2026Q2
PRODUCTION_ENSEMBLE,conservative,STRICT,LATEST_REVISED,HISTORICAL_POST_DEVELOPMENT_TEST,H3,LEAVE_ONE_QUARTER_OUT,3,3,0.92613541013972711,0.72403168401008988,0.64124952177256878,VERIFIED_DOCUMENTED_VINTAGES_PARTIAL_RELEASE_HISTORY,2026Q2
PRODUCTION_ENSEMBLE,conservative,STRICT,LATEST_REVISED,HISTORICAL_POST_DEVELOPMENT_TEST,ALL,LEAVE_ONE_QUARTER_OUT,9,3,0.85446159159809665,0.67647994849867021,0.60295701380902611,VERIFIED_DOCUMENTED_VINTAGES_PARTIAL_RELEASE_HISTORY,2026Q2
PRODUCTION_ENSEMBLE,conservative,STRICT,LATEST_REVISED,HISTORICAL_POST_DEVELOPMENT_TEST,H2_H3,LEAVE_ONE_QUARTER_OUT,6,3,0.91133441437040996,0.73358313527585084,0.62329873324138463,VERIFIED_DOCUMENTED_VINTAGES_PARTIAL_RELEASE_HISTORY,2026Q2
PRODUCTION_ENSEMBLE,conservative,STRICT,LATEST_REVISED,POOLED_RESEARCH_ONLY,H1,LEAVE_ONE_QUARTER_OUT,9,9,0.59994444510696265,0.52424536531544397,0.52424536531544397,VERIFIED_DOCUMENTED_VINTAGES_PARTIAL_RELEASE_HISTORY,2026Q2
PRODUCTION_ENSEMBLE,conservative,STRICT,LATEST_REVISED,POOLED_RESEARCH_ONLY,H2,LEAVE_ONE_QUARTER_OUT,9,9,0.66757274034191139,0.57462642512849094,0.52869754451802053,VERIFIED_DOCUMENTED_VINTAGES_PARTIAL_RELEASE_HISTORY,2026Q2
PRODUCTION_ENSEMBLE,conservative,STRICT,LATEST_REVISED,POOLED_RESEARCH_ONLY,H3,LEAVE_ONE_QUARTER_OUT,9,9,0.69759459757923925,0.58877769551232051,0.56118364143314681,VERIFIED_DOCUMENTED_VINTAGES_PARTIAL_RELEASE_HISTORY,2026Q2
PRODUCTION_ENSEMBLE,conservative,STRICT,LATEST_REVISED,POOLED_RESEARCH_ONLY,ALL,LEAVE_ONE_QUARTER_OUT,27,9,0.65630910487717886,0.56254982865208525,0.53804218375553725,VERIFIED_DOCUMENTED_VINTAGES_PARTIAL_RELEASE_HISTORY,2026Q2
PRODUCTION_ENSEMBLE,conservative,STRICT,LATEST_REVISED,POOLED_RESEARCH_ONLY,H2_H3,LEAVE_ONE_QUARTER_OUT,18,9,0.68274870421676737,0.58170206032040583,0.54494059297558373,VERIFIED_DOCUMENTED_VINTAGES_PARTIAL_RELEASE_HISTORY,2026Q2
PRODUCTION_ENSEMBLE,standard,PERMISSIVE_END_OF_DAY,FIRST_RELEASE,HISTORICAL_POST_DEVELOPMENT_TEST,H1,LEAVE_ONE_QUARTER_OUT,3,3,0.89628903358070522,0.74313458654161335,0.60534794471020026,VERIFIED_DOCUMENTED_VINTAGES_PARTIAL_RELEASE_HISTORY,2026Q2
PRODUCTION_ENSEMBLE,standard,PERMISSIVE_END_OF_DAY,FIRST_RELEASE,HISTORICAL_POST_DEVELOPMENT_TEST,H2,LEAVE_ONE_QUARTER_OUT,3,3,0.92613541013972644,0.72403168401009133,0.64124952177256844,VERIFIED_DOCUMENTED_VINTAGES_PARTIAL_RELEASE_HISTORY,2026Q2
PRODUCTION_ENSEMBLE,standard,PERMISSIVE_END_OF_DAY,FIRST_RELEASE,HISTORICAL_POST_DEVELOPMENT_TEST,H3,LEAVE_ONE_QUARTER_OUT,3,3,0.53118596116439432,0.36891445262841699,0.36891445262841699,VERIFIED_DOCUMENTED_VINTAGES_PARTIAL_RELEASE_HISTORY,2026Q2
PRODUCTION_ENSEMBLE,standard,PERMISSIVE_END_OF_DAY,FIRST_RELEASE,HISTORICAL_POST_DEVELOPMENT_TEST,ALL,LEAVE_ONE_QUARTER_OUT,9,3,0.80482282832307361,0.6120269077267072,0.53850397303706188,VERIFIED_DOCUMENTED_VINTAGES_PARTIAL_RELEASE_HISTORY,2026Q2
PRODUCTION_ENSEMBLE,standard,PERMISSIVE_END_OF_DAY,FIRST_RELEASE,HISTORICAL_POST_DEVELOPMENT_TEST,H2_H3,LEAVE_ONE_QUARTER_OUT,6,3,0.7549454693064992,0.54647306831925413,0.50508198720049269,VERIFIED_DOCUMENTED_VINTAGES_PARTIAL_RELEASE_HISTORY,2026Q2
PRODUCTION_ENSEMBLE,standard,PERMISSIVE_END_OF_DAY,FIRST_RELEASE,POOLED_RESEARCH_ONLY,H1,LEAVE_ONE_QUARTER_OUT,9,9,0.62593926612127904,0.50795975846182506,0.46203087785135405,VERIFIED_DOCUMENTED_VINTAGES_PARTIAL_RELEASE_HISTORY,2026Q2
PRODUCTION_ENSEMBLE,standard,PERMISSIVE_END_OF_DAY,FIRST_RELEASE,POOLED_RESEARCH_ONLY,H2,LEAVE_ONE_QUARTER_OUT,9,9,0.65506131768409392,0.52211102884565475,0.49451697476648043,VERIFIED_DOCUMENTED_VINTAGES_PARTIAL_RELEASE_HISTORY,2026Q2
PRODUCTION_ENSEMBLE,standard,PERMISSIVE_END_OF_DAY,FIRST_RELEASE,POOLED_RESEARCH_ONLY,H3,LEAVE_ONE_QUARTER_OUT,9,9,0.4113902700108269,0.33483051322585372,0.25828290116789376,VERIFIED_DOCUMENTED_VINTAGES_PARTIAL_RELEASE_HISTORY,2026Q2
PRODUCTION_ENSEMBLE,standard,PERMISSIVE_END_OF_DAY,FIRST_RELEASE,POOLED_RESEARCH_ONLY,ALL,LEAVE_ONE_QUARTER_OUT,27,9,0.57449898435014601,0.45496710017777781,0.40494358459524277,VERIFIED_DOCUMENTED_VINTAGES_PARTIAL_RELEASE_HISTORY,2026Q2
PRODUCTION_ENSEMBLE,standard,PERMISSIVE_END_OF_DAY,FIRST_RELEASE,POOLED_RESEARCH_ONLY,H2_H3,LEAVE_ONE_QUARTER_OUT,18,9,0.54696767920307798,0.42847077103575421,0.37639993796718707,VERIFIED_DOCUMENTED_VINTAGES_PARTIAL_RELEASE_HISTORY,2026Q2
PRODUCTION_ENSEMBLE,standard,PERMISSIVE_END_OF_DAY,LATEST_REVISED,HISTORICAL_POST_DEVELOPMENT_TEST,H1,LEAVE_ONE_QUARTER_OUT,3,3,0.89628903358070555,0.7431345865416118,0.60534794471020048,VERIFIED_DOCUMENTED_VINTAGES_PARTIAL_RELEASE_HISTORY,2026Q2
PRODUCTION_ENSEMBLE,standard,PERMISSIVE_END_OF_DAY,LATEST_REVISED,HISTORICAL_POST_DEVELOPMENT_TEST,H2,LEAVE_ONE_QUARTER_OUT,3,3,0.92613541013972711,0.72403168401008988,0.64124952177256878,VERIFIED_DOCUMENTED_VINTAGES_PARTIAL_RELEASE_HISTORY,2026Q2
PRODUCTION_ENSEMBLE,standard,PERMISSIVE_END_OF_DAY,LATEST_REVISED,HISTORICAL_POST_DEVELOPMENT_TEST,H3,LEAVE_ONE_QUARTER_OUT,3,3,0.53118596116439598,0.36891445262841732,0.36891445262841732,VERIFIED_DOCUMENTED_VINTAGES_PARTIAL_RELEASE_HISTORY,2026Q2
PRODUCTION_ENSEMBLE,standard,PERMISSIVE_END_OF_DAY,LATEST_REVISED,HISTORICAL_POST_DEVELOPMENT_TEST,ALL,LEAVE_ONE_QUARTER_OUT,9,3,0.8048228283230745,0.61202690772670632,0.53850397303706221,VERIFIED_DOCUMENTED_VINTAGES_PARTIAL_RELEASE_HISTORY,2026Q2
PRODUCTION_ENSEMBLE,standard,PERMISSIVE_END_OF_DAY,LATEST_REVISED,HISTORICAL_POST_DEVELOPMENT_TEST,H2_H3,LEAVE_ONE_QUARTER_OUT,6,3,0.75494546930650031,0.54647306831925357,0.50508198720049302,VERIFIED_DOCUMENTED_VINTAGES_PARTIAL_RELEASE_HISTORY,2026Q2
PRODUCTION_ENSEMBLE,standard,PERMISSIVE_END_OF_DAY,LATEST_REVISED,POOLED_RESEARCH_ONLY,H1,LEAVE_ONE_QUARTER_OUT,9,9,0.66757274034191139,0.57462642512849094,0.52869754451802053,VERIFIED_DOCUMENTED_VINTAGES_PARTIAL_RELEASE_HISTORY,2026Q2
PRODUCTION_ENSEMBLE,standard,PERMISSIVE_END_OF_DAY,LATEST_REVISED,POOLED_RESEARCH_ONLY,H2,LEAVE_ONE_QUARTER_OUT,9,9,0.69759459757923925,0.58877769551232051,0.56118364143314681,VERIFIED_DOCUMENTED_VINTAGES_PARTIAL_RELEASE_HISTORY,2026Q2
PRODUCTION_ENSEMBLE,standard,PERMISSIVE_END_OF_DAY,LATEST_REVISED,POOLED_RESEARCH_ONLY,H3,LEAVE_ONE_QUARTER_OUT,9,9,0.46662736386300763,0.40149717989251954,0.32494956783456019,VERIFIED_DOCUMENTED_VINTAGES_PARTIAL_RELEASE_HISTORY,2026Q2
PRODUCTION_ENSEMBLE,standard,PERMISSIVE_END_OF_DAY,LATEST_REVISED,POOLED_RESEARCH_ONLY,ALL,LEAVE_ONE_QUARTER_OUT,27,9,0.61914798525206916,0.52163376684444374,0.4716102512619092,VERIFIED_DOCUMENTED_VINTAGES_PARTIAL_RELEASE_HISTORY,2026Q2
PRODUCTION_ENSEMBLE,standard,PERMISSIVE_END_OF_DAY,LATEST_REVISED,POOLED_RESEARCH_ONLY,H2_H3,LEAVE_ONE_QUARTER_OUT,18,9,0.59345569307130264,0.49513743770242002,0.4430666046338535,VERIFIED_DOCUMENTED_VINTAGES_PARTIAL_RELEASE_HISTORY,2026Q2
PRODUCTION_ENSEMBLE,standard,STRICT,FIRST_RELEASE,HISTORICAL_POST_DEVELOPMENT_TEST,H1,LEAVE_ONE_QUARTER_OUT,3,3,0.89628903358070522,0.74313458654161335,0.60534794471020026,VERIFIED_DOCUMENTED_VINTAGES_PARTIAL_RELEASE_HISTORY,2026Q2
PRODUCTION_ENSEMBLE,standard,STRICT,FIRST_RELEASE,HISTORICAL_POST_DEVELOPMENT_TEST,H2,LEAVE_ONE_QUARTER_OUT,3,3,0.92613541013972644,0.72403168401009133,0.64124952177256844,VERIFIED_DOCUMENTED_VINTAGES_PARTIAL_RELEASE_HISTORY,2026Q2
PRODUCTION_ENSEMBLE,standard,STRICT,FIRST_RELEASE,HISTORICAL_POST_DEVELOPMENT_TEST,H3,LEAVE_ONE_QUARTER_OUT,3,3,0.53118596116439432,0.36891445262841699,0.36891445262841699,VERIFIED_DOCUMENTED_VINTAGES_PARTIAL_RELEASE_HISTORY,2026Q2
PRODUCTION_ENSEMBLE,standard,STRICT,FIRST_RELEASE,HISTORICAL_POST_DEVELOPMENT_TEST,ALL,LEAVE_ONE_QUARTER_OUT,9,3,0.80482282832307361,0.6120269077267072,0.53850397303706188,VERIFIED_DOCUMENTED_VINTAGES_PARTIAL_RELEASE_HISTORY,2026Q2
PRODUCTION_ENSEMBLE,standard,STRICT,FIRST_RELEASE,HISTORICAL_POST_DEVELOPMENT_TEST,H2_H3,LEAVE_ONE_QUARTER_OUT,6,3,0.7549454693064992,0.54647306831925413,0.50508198720049269,VERIFIED_DOCUMENTED_VINTAGES_PARTIAL_RELEASE_HISTORY,2026Q2
PRODUCTION_ENSEMBLE,standard,STRICT,FIRST_RELEASE,POOLED_RESEARCH_ONLY,H1,LEAVE_ONE_QUARTER_OUT,9,9,0.62593926612127904,0.50795975846182506,0.46203087785135405,VERIFIED_DOCUMENTED_VINTAGES_PARTIAL_RELEASE_HISTORY,2026Q2
PRODUCTION_ENSEMBLE,standard,STRICT,FIRST_RELEASE,POOLED_RESEARCH_ONLY,H2,LEAVE_ONE_QUARTER_OUT,9,9,0.65506131768409392,0.52211102884565475,0.49451697476648043,VERIFIED_DOCUMENTED_VINTAGES_PARTIAL_RELEASE_HISTORY,2026Q2
PRODUCTION_ENSEMBLE,standard,STRICT,FIRST_RELEASE,POOLED_RESEARCH_ONLY,H3,LEAVE_ONE_QUARTER_OUT,9,9,0.4113902700108269,0.33483051322585372,0.25828290116789376,VERIFIED_DOCUMENTED_VINTAGES_PARTIAL_RELEASE_HISTORY,2026Q2
PRODUCTION_ENSEMBLE,standard,STRICT,FIRST_RELEASE,POOLED_RESEARCH_ONLY,ALL,LEAVE_ONE_QUARTER_OUT,27,9,0.57449898435014601,0.45496710017777781,0.40494358459524277,VERIFIED_DOCUMENTED_VINTAGES_PARTIAL_RELEASE_HISTORY,2026Q2
PRODUCTION_ENSEMBLE,standard,STRICT,FIRST_RELEASE,POOLED_RESEARCH_ONLY,H2_H3,LEAVE_ONE_QUARTER_OUT,18,9,0.54696767920307798,0.42847077103575421,0.37639993796718707,VERIFIED_DOCUMENTED_VINTAGES_PARTIAL_RELEASE_HISTORY,2026Q2
PRODUCTION_ENSEMBLE,standard,STRICT,LATEST_REVISED,HISTORICAL_POST_DEVELOPMENT_TEST,H1,LEAVE_ONE_QUARTER_OUT,3,3,0.89628903358070555,0.7431345865416118,0.60534794471020048,VERIFIED_DOCUMENTED_VINTAGES_PARTIAL_RELEASE_HISTORY,2026Q2
PRODUCTION_ENSEMBLE,standard,STRICT,LATEST_REVISED,HISTORICAL_POST_DEVELOPMENT_TEST,H2,LEAVE_ONE_QUARTER_OUT,3,3,0.92613541013972711,0.72403168401008988,0.64124952177256878,VERIFIED_DOCUMENTED_VINTAGES_PARTIAL_RELEASE_HISTORY,2026Q2
PRODUCTION_ENSEMBLE,standard,STRICT,LATEST_REVISED,HISTORICAL_POST_DEVELOPMENT_TEST,H3,LEAVE_ONE_QUARTER_OUT,3,3,0.53118596116439598,0.36891445262841732,0.36891445262841732,VERIFIED_DOCUMENTED_VINTAGES_PARTIAL_RELEASE_HISTORY,2026Q2
PRODUCTION_ENSEMBLE,standard,STRICT,LATEST_REVISED,HISTORICAL_POST_DEVELOPMENT_TEST,ALL,LEAVE_ONE_QUARTER_OUT,9,3,0.8048228283230745,0.61202690772670632,0.53850397303706221,VERIFIED_DOCUMENTED_VINTAGES_PARTIAL_RELEASE_HISTORY,2026Q2
PRODUCTION_ENSEMBLE,standard,STRICT,LATEST_REVISED,HISTORICAL_POST_DEVELOPMENT_TEST,H2_H3,LEAVE_ONE_QUARTER_OUT,6,3,0.75494546930650031,0.54647306831925357,0.50508198720049302,VERIFIED_DOCUMENTED_VINTAGES_PARTIAL_RELEASE_HISTORY,2026Q2
PRODUCTION_ENSEMBLE,standard,STRICT,LATEST_REVISED,POOLED_RESEARCH_ONLY,H1,LEAVE_ONE_QUARTER_OUT,9,9,0.66757274034191139,0.57462642512849094,0.52869754451802053,VERIFIED_DOCUMENTED_VINTAGES_PARTIAL_RELEASE_HISTORY,2026Q2
PRODUCTION_ENSEMBLE,standard,STRICT,LATEST_REVISED,POOLED_RESEARCH_ONLY,H2,LEAVE_ONE_QUARTER_OUT,9,9,0.69759459757923925,0.58877769551232051,0.56118364143314681,VERIFIED_DOCUMENTED_VINTAGES_PARTIAL_RELEASE_HISTORY,2026Q2
PRODUCTION_ENSEMBLE,standard,STRICT,LATEST_REVISED,POOLED_RESEARCH_ONLY,H3,LEAVE_ONE_QUARTER_OUT,9,9,0.46662736386300763,0.40149717989251954,0.32494956783456019,VERIFIED_DOCUMENTED_VINTAGES_PARTIAL_RELEASE_HISTORY,2026Q2
PRODUCTION_ENSEMBLE,standard,STRICT,LATEST_REVISED,POOLED_RESEARCH_ONLY,ALL,LEAVE_ONE_QUARTER_OUT,27,9,0.61914798525206916,0.52163376684444374,0.4716102512619092,VERIFIED_DOCUMENTED_VINTAGES_PARTIAL_RELEASE_HISTORY,2026Q2
PRODUCTION_ENSEMBLE,standard,STRICT,LATEST_REVISED,POOLED_RESEARCH_ONLY,H2_H3,LEAVE_ONE_QUARTER_OUT,18,9,0.59345569307130264,0.49513743770242002,0.4430666046338535,VERIFIED_DOCUMENTED_VINTAGES_PARTIAL_RELEASE_HISTORY,2026Q2
UMIDAS_USD,conservative,PERMISSIVE_END_OF_DAY,FIRST_RELEASE,HISTORICAL_POST_DEVELOPMENT_TEST,H1,LEAVE_ONE_QUARTER_OUT,3,3,0.46183684704377126,0.36484073698160319,0.14519603151108504,VERIFIED_DOCUMENTED_VINTAGES_PARTIAL_RELEASE_HISTORY,2026Q2
UMIDAS_USD,conservative,PERMISSIVE_END_OF_DAY,FIRST_RELEASE,HISTORICAL_POST_DEVELOPMENT_TEST,H2,LEAVE_ONE_QUARTER_OUT,3,3,0.91569075438823544,0.87147592138578689,0.23134477104286807,VERIFIED_DOCUMENTED_VINTAGES_PARTIAL_RELEASE_HISTORY,2026Q2
UMIDAS_USD,conservative,PERMISSIVE_END_OF_DAY,FIRST_RELEASE,HISTORICAL_POST_DEVELOPMENT_TEST,H3,LEAVE_ONE_QUARTER_OUT,3,3,0.9260060251683403,0.83327011632274317,0.3031479251676048,VERIFIED_DOCUMENTED_VINTAGES_PARTIAL_RELEASE_HISTORY,2026Q2
UMIDAS_USD,conservative,PERMISSIVE_END_OF_DAY,FIRST_RELEASE,HISTORICAL_POST_DEVELOPMENT_TEST,ALL,LEAVE_ONE_QUARTER_OUT,9,3,0.79776144922474501,0.68986225823004443,0.22656290924051931,VERIFIED_DOCUMENTED_VINTAGES_PARTIAL_RELEASE_HISTORY,2026Q2
UMIDAS_USD,conservative,PERMISSIVE_END_OF_DAY,FIRST_RELEASE,HISTORICAL_POST_DEVELOPMENT_TEST,H2_H3,LEAVE_ONE_QUARTER_OUT,6,3,0.92086283352086828,0.85237301885426497,0.26724634810523645,VERIFIED_DOCUMENTED_VINTAGES_PARTIAL_RELEASE_HISTORY,2026Q2
UMIDAS_USD,conservative,PERMISSIVE_END_OF_DAY,FIRST_RELEASE,POOLED_RESEARCH_ONLY,H1,LEAVE_ONE_QUARTER_OUT,9,9,0.41792503218698057,0.35499119799484546,0.26633177136296066,VERIFIED_DOCUMENTED_VINTAGES_PARTIAL_RELEASE_HISTORY,2026Q2
UMIDAS_USD,conservative,PERMISSIVE_END_OF_DAY,FIRST_RELEASE,POOLED_RESEARCH_ONLY,H2,LEAVE_ONE_QUARTER_OUT,9,9,0.61086362295430396,0.49498206833121866,0.27523612976811385,VERIFIED_DOCUMENTED_VINTAGES_PARTIAL_RELEASE_HISTORY,2026Q2
UMIDAS_USD,conservative,PERMISSIVE_END_OF_DAY,FIRST_RELEASE,POOLED_RESEARCH_ONLY,H3,LEAVE_ONE_QUARTER_OUT,9,9,0.64221577121241147,0.52651598418163181,0.34020832359836678,VERIFIED_DOCUMENTED_VINTAGES_PARTIAL_RELEASE_HISTORY,2026Q2
UMIDAS_USD,conservative,PERMISSIVE_END_OF_DAY,FIRST_RELEASE,POOLED_RESEARCH_ONLY,ALL,LEAVE_ONE_QUARTER_OUT,27,9,0.56576107889323135,0.458829750169232,0.29392540824314711,VERIFIED_DOCUMENTED_VINTAGES_PARTIAL_RELEASE_HISTORY,2026Q2
UMIDAS_USD,conservative,PERMISSIVE_END_OF_DAY,FIRST_RELEASE,POOLED_RESEARCH_ONLY,H2_H3,LEAVE_ONE_QUARTER_OUT,18,9,0.62673577472600472,0.51074902625642526,0.30772222668324034,VERIFIED_DOCUMENTED_VINTAGES_PARTIAL_RELEASE_HISTORY,2026Q2
UMIDAS_USD,conservative,PERMISSIVE_END_OF_DAY,LATEST_REVISED,HISTORICAL_POST_DEVELOPMENT_TEST,H1,LEAVE_ONE_QUARTER_OUT,3,3,0.46183684704377359,0.3648407369816053,0.14519603151108532,VERIFIED_DOCUMENTED_VINTAGES_PARTIAL_RELEASE_HISTORY,2026Q2
UMIDAS_USD,conservative,PERMISSIVE_END_OF_DAY,LATEST_REVISED,HISTORICAL_POST_DEVELOPMENT_TEST,H2,LEAVE_ONE_QUARTER_OUT,3,3,0.915690754388235,0.87147592138578533,0.23134477104286835,VERIFIED_DOCUMENTED_VINTAGES_PARTIAL_RELEASE_HISTORY,2026Q2
UMIDAS_USD,conservative,PERMISSIVE_END_OF_DAY,LATEST_REVISED,HISTORICAL_POST_DEVELOPMENT_TEST,H3,LEAVE_ONE_QUARTER_OUT,3,3,0.92600602516834052,0.83327011632274173,0.30314792516760508,VERIFIED_DOCUMENTED_VINTAGES_PARTIAL_RELEASE_HISTORY,2026Q2
UMIDAS_USD,conservative,PERMISSIVE_END_OF_DAY,LATEST_REVISED,HISTORICAL_POST_DEVELOPMENT_TEST,ALL,LEAVE_ONE_QUARTER_OUT,9,3,0.79776144922474546,0.6898622582300441,0.22656290924051958,VERIFIED_DOCUMENTED_VINTAGES_PARTIAL_RELEASE_HISTORY,2026Q2
UMIDAS_USD,conservative,PERMISSIVE_END_OF_DAY,LATEST_REVISED,HISTORICAL_POST_DEVELOPMENT_TEST,H2_H3,LEAVE_ONE_QUARTER_OUT,6,3,0.92086283352086828,0.85237301885426353,0.26724634810523673,VERIFIED_DOCUMENTED_VINTAGES_PARTIAL_RELEASE_HISTORY,2026Q2
UMIDAS_USD,conservative,PERMISSIVE_END_OF_DAY,LATEST_REVISED,POOLED_RESEARCH_ONLY,H1,LEAVE_ONE_QUARTER_OUT,9,9,0.46239848301073533,0.40621333985313374,0.33299843802962709,VERIFIED_DOCUMENTED_VINTAGES_PARTIAL_RELEASE_HISTORY,2026Q2
UMIDAS_USD,conservative,PERMISSIVE_END_OF_DAY,LATEST_REVISED,POOLED_RESEARCH_ONLY,H2,LEAVE_ONE_QUARTER_OUT,9,9,0.65139629979286529,0.5616487349978857,0.34190279643478028,VERIFIED_DOCUMENTED_VINTAGES_PARTIAL_RELEASE_HISTORY,2026Q2
UMIDAS_USD,conservative,PERMISSIVE_END_OF_DAY,LATEST_REVISED,POOLED_RESEARCH_ONLY,H3,LEAVE_ONE_QUARTER_OUT,9,9,0.68626733717265143,0.59318265084829891,0.40687499026503321,VERIFIED_DOCUMENTED_VINTAGES_PARTIAL_RELEASE_HISTORY,2026Q2
UMIDAS_USD,conservative,PERMISSIVE_END_OF_DAY,LATEST_REVISED,POOLED_RESEARCH_ONLY,ALL,LEAVE_ONE_QUARTER_OUT,27,9,0.60802750884712098,0.5203482418997728,0.36059207490981354,VERIFIED_DOCUMENTED_VINTAGES_PARTIAL_RELEASE_HISTORY,2026Q2
UMIDAS_USD,conservative,PERMISSIVE_END_OF_DAY,LATEST_REVISED,POOLED_RESEARCH_ONLY,H2_H3,LEAVE_ONE_QUARTER_OUT,18,9,0.66905903979166059,0.57741569292309225,0.37438889334990677,VERIFIED_DOCUMENTED_VINTAGES_PARTIAL_RELEASE_HISTORY,2026Q2
UMIDAS_USD,conservative,STRICT,FIRST_RELEASE,HISTORICAL_POST_DEVELOPMENT_TEST,H1,LEAVE_ONE_QUARTER_OUT,3,3,0.46183684704377126,0.36484073698160319,0.14519603151108504,VERIFIED_DOCUMENTED_VINTAGES_PARTIAL_RELEASE_HISTORY,2026Q2
UMIDAS_USD,conservative,STRICT,FIRST_RELEASE,HISTORICAL_POST_DEVELOPMENT_TEST,H2,LEAVE_ONE_QUARTER_OUT,3,3,0.91569075438823544,0.87147592138578689,0.23134477104286807,VERIFIED_DOCUMENTED_VINTAGES_PARTIAL_RELEASE_HISTORY,2026Q2
UMIDAS_USD,conservative,STRICT,FIRST_RELEASE,HISTORICAL_POST_DEVELOPMENT_TEST,H3,LEAVE_ONE_QUARTER_OUT,3,3,0.9260060251683403,0.83327011632274317,0.3031479251676048,VERIFIED_DOCUMENTED_VINTAGES_PARTIAL_RELEASE_HISTORY,2026Q2
UMIDAS_USD,conservative,STRICT,FIRST_RELEASE,HISTORICAL_POST_DEVELOPMENT_TEST,ALL,LEAVE_ONE_QUARTER_OUT,9,3,0.79776144922474501,0.68986225823004443,0.22656290924051931,VERIFIED_DOCUMENTED_VINTAGES_PARTIAL_RELEASE_HISTORY,2026Q2
UMIDAS_USD,conservative,STRICT,FIRST_RELEASE,HISTORICAL_POST_DEVELOPMENT_TEST,H2_H3,LEAVE_ONE_QUARTER_OUT,6,3,0.92086283352086828,0.85237301885426497,0.26724634810523645,VERIFIED_DOCUMENTED_VINTAGES_PARTIAL_RELEASE_HISTORY,2026Q2
UMIDAS_USD,conservative,STRICT,FIRST_RELEASE,POOLED_RESEARCH_ONLY,H1,LEAVE_ONE_QUARTER_OUT,9,9,0.41792503218698057,0.35499119799484546,0.26633177136296066,VERIFIED_DOCUMENTED_VINTAGES_PARTIAL_RELEASE_HISTORY,2026Q2
UMIDAS_USD,conservative,STRICT,FIRST_RELEASE,POOLED_RESEARCH_ONLY,H2,LEAVE_ONE_QUARTER_OUT,9,9,0.61086362295430396,0.49498206833121866,0.27523612976811385,VERIFIED_DOCUMENTED_VINTAGES_PARTIAL_RELEASE_HISTORY,2026Q2
UMIDAS_USD,conservative,STRICT,FIRST_RELEASE,POOLED_RESEARCH_ONLY,H3,LEAVE_ONE_QUARTER_OUT,9,9,0.64221577121241147,0.52651598418163181,0.34020832359836678,VERIFIED_DOCUMENTED_VINTAGES_PARTIAL_RELEASE_HISTORY,2026Q2
UMIDAS_USD,conservative,STRICT,FIRST_RELEASE,POOLED_RESEARCH_ONLY,ALL,LEAVE_ONE_QUARTER_OUT,27,9,0.56576107889323135,0.458829750169232,0.29392540824314711,VERIFIED_DOCUMENTED_VINTAGES_PARTIAL_RELEASE_HISTORY,2026Q2
UMIDAS_USD,conservative,STRICT,FIRST_RELEASE,POOLED_RESEARCH_ONLY,H2_H3,LEAVE_ONE_QUARTER_OUT,18,9,0.62673577472600472,0.51074902625642526,0.30772222668324034,VERIFIED_DOCUMENTED_VINTAGES_PARTIAL_RELEASE_HISTORY,2026Q2
UMIDAS_USD,conservative,STRICT,LATEST_REVISED,HISTORICAL_POST_DEVELOPMENT_TEST,H1,LEAVE_ONE_QUARTER_OUT,3,3,0.46183684704377359,0.3648407369816053,0.14519603151108532,VERIFIED_DOCUMENTED_VINTAGES_PARTIAL_RELEASE_HISTORY,2026Q2
UMIDAS_USD,conservative,STRICT,LATEST_REVISED,HISTORICAL_POST_DEVELOPMENT_TEST,H2,LEAVE_ONE_QUARTER_OUT,3,3,0.915690754388235,0.87147592138578533,0.23134477104286835,VERIFIED_DOCUMENTED_VINTAGES_PARTIAL_RELEASE_HISTORY,2026Q2
UMIDAS_USD,conservative,STRICT,LATEST_REVISED,HISTORICAL_POST_DEVELOPMENT_TEST,H3,LEAVE_ONE_QUARTER_OUT,3,3,0.92600602516834052,0.83327011632274173,0.30314792516760508,VERIFIED_DOCUMENTED_VINTAGES_PARTIAL_RELEASE_HISTORY,2026Q2
UMIDAS_USD,conservative,STRICT,LATEST_REVISED,HISTORICAL_POST_DEVELOPMENT_TEST,ALL,LEAVE_ONE_QUARTER_OUT,9,3,0.79776144922474546,0.6898622582300441,0.22656290924051958,VERIFIED_DOCUMENTED_VINTAGES_PARTIAL_RELEASE_HISTORY,2026Q2
UMIDAS_USD,conservative,STRICT,LATEST_REVISED,HISTORICAL_POST_DEVELOPMENT_TEST,H2_H3,LEAVE_ONE_QUARTER_OUT,6,3,0.92086283352086828,0.85237301885426353,0.26724634810523673,VERIFIED_DOCUMENTED_VINTAGES_PARTIAL_RELEASE_HISTORY,2026Q2
UMIDAS_USD,conservative,STRICT,LATEST_REVISED,POOLED_RESEARCH_ONLY,H1,LEAVE_ONE_QUARTER_OUT,9,9,0.46239848301073533,0.40621333985313374,0.33299843802962709,VERIFIED_DOCUMENTED_VINTAGES_PARTIAL_RELEASE_HISTORY,2026Q2
UMIDAS_USD,conservative,STRICT,LATEST_REVISED,POOLED_RESEARCH_ONLY,H2,LEAVE_ONE_QUARTER_OUT,9,9,0.65139629979286529,0.5616487349978857,0.34190279643478028,VERIFIED_DOCUMENTED_VINTAGES_PARTIAL_RELEASE_HISTORY,2026Q2
UMIDAS_USD,conservative,STRICT,LATEST_REVISED,POOLED_RESEARCH_ONLY,H3,LEAVE_ONE_QUARTER_OUT,9,9,0.68626733717265143,0.59318265084829891,0.40687499026503321,VERIFIED_DOCUMENTED_VINTAGES_PARTIAL_RELEASE_HISTORY,2026Q2
UMIDAS_USD,conservative,STRICT,LATEST_REVISED,POOLED_RESEARCH_ONLY,ALL,LEAVE_ONE_QUARTER_OUT,27,9,0.60802750884712098,0.5203482418997728,0.36059207490981354,VERIFIED_DOCUMENTED_VINTAGES_PARTIAL_RELEASE_HISTORY,2026Q2
UMIDAS_USD,conservative,STRICT,LATEST_REVISED,POOLED_RESEARCH_ONLY,H2_H3,LEAVE_ONE_QUARTER_OUT,18,9,0.66905903979166059,0.57741569292309225,0.37438889334990677,VERIFIED_DOCUMENTED_VINTAGES_PARTIAL_RELEASE_HISTORY,2026Q2
UMIDAS_USD,standard,PERMISSIVE_END_OF_DAY,FIRST_RELEASE,HISTORICAL_POST_DEVELOPMENT_TEST,H1,LEAVE_ONE_QUARTER_OUT,3,3,0.91569075438823544,0.87147592138578689,0.23134477104286807,VERIFIED_DOCUMENTED_VINTAGES_PARTIAL_RELEASE_HISTORY,2026Q2
UMIDAS_USD,standard,PERMISSIVE_END_OF_DAY,FIRST_RELEASE,HISTORICAL_POST_DEVELOPMENT_TEST,H2,LEAVE_ONE_QUARTER_OUT,3,3,0.9260060251683403,0.83327011632274317,0.3031479251676048,VERIFIED_DOCUMENTED_VINTAGES_PARTIAL_RELEASE_HISTORY,2026Q2
UMIDAS_USD,standard,PERMISSIVE_END_OF_DAY,FIRST_RELEASE,HISTORICAL_POST_DEVELOPMENT_TEST,H3,LEAVE_ONE_QUARTER_OUT,3,3,0.37111622735056149,0.3447738832429339,-0.24152221312069808,VERIFIED_DOCUMENTED_VINTAGES_PARTIAL_RELEASE_HISTORY,2026Q2
UMIDAS_USD,standard,PERMISSIVE_END_OF_DAY,FIRST_RELEASE,HISTORICAL_POST_DEVELOPMENT_TEST,ALL,LEAVE_ONE_QUARTER_OUT,9,3,0.78181497609154693,0.68317330698382128,0.097656827696591605,VERIFIED_DOCUMENTED_VINTAGES_PARTIAL_RELEASE_HISTORY,2026Q2
UMIDAS_USD,standard,PERMISSIVE_END_OF_DAY,FIRST_RELEASE,HISTORICAL_POST_DEVELOPMENT_TEST,H2_H3,LEAVE_ONE_QUARTER_OUT,6,3,0.7054127915096885,0.58902199978283853,0.030812856023453367,VERIFIED_DOCUMENTED_VINTAGES_PARTIAL_RELEASE_HISTORY,2026Q2
UMIDAS_USD,standard,PERMISSIVE_END_OF_DAY,FIRST_RELEASE,POOLED_RESEARCH_ONLY,H1,LEAVE_ONE_QUARTER_OUT,9,9,0.61086362295430396,0.49498206833121866,0.27523612976811385,VERIFIED_DOCUMENTED_VINTAGES_PARTIAL_RELEASE_HISTORY,2026Q2
UMIDAS_USD,standard,PERMISSIVE_END_OF_DAY,FIRST_RELEASE,POOLED_RESEARCH_ONLY,H2,LEAVE_ONE_QUARTER_OUT,9,9,0.64221577121241147,0.52651598418163181,0.34020832359836678,VERIFIED_DOCUMENTED_VINTAGES_PARTIAL_RELEASE_HISTORY,2026Q2
UMIDAS_USD,standard,PERMISSIVE_END_OF_DAY,FIRST_RELEASE,POOLED_RESEARCH_ONLY,H3,LEAVE_ONE_QUARTER_OUT,9,9,0.52771154425179034,0.36913049034210399,-0.1322598235988067,VERIFIED_DOCUMENTED_VINTAGES_PARTIAL_RELEASE_HISTORY,2026Q2
UMIDAS_USD,standard,PERMISSIVE_END_OF_DAY,FIRST_RELEASE,POOLED_RESEARCH_ONLY,ALL,LEAVE_ONE_QUARTER_OUT,27,9,0.59555994284914193,0.46354284761831821,0.16106154325589131,VERIFIED_DOCUMENTED_VINTAGES_PARTIAL_RELEASE_HISTORY,2026Q2
UMIDAS_USD,standard,PERMISSIVE_END_OF_DAY,FIRST_RELEASE,POOLED_RESEARCH_ONLY,H2_H3,LEAVE_ONE_QUARTER_OUT,18,9,0.58775869654585366,0.44782323726186785,0.10397424999978006,VERIFIED_DOCUMENTED_VINTAGES_PARTIAL_RELEASE_HISTORY,2026Q2
UMIDAS_USD,standard,PERMISSIVE_END_OF_DAY,LATEST_REVISED,HISTORICAL_POST_DEVELOPMENT_TEST,H1,LEAVE_ONE_QUARTER_OUT,3,3,0.915690754388235,0.87147592138578533,0.23134477104286835,VERIFIED_DOCUMENTED_VINTAGES_PARTIAL_RELEASE_HISTORY,2026Q2
UMIDAS_USD,standard,PERMISSIVE_END_OF_DAY,LATEST_REVISED,HISTORICAL_POST_DEVELOPMENT_TEST,H2,LEAVE_ONE_QUARTER_OUT,3,3,0.92600602516834052,0.83327011632274173,0.30314792516760508,VERIFIED_DOCUMENTED_VINTAGES_PARTIAL_RELEASE_HISTORY,2026Q2
UMIDAS_USD,standard,PERMISSIVE_END_OF_DAY,LATEST_REVISED,HISTORICAL_POST_DEVELOPMENT_TEST,H3,LEAVE_ONE_QUARTER_OUT,3,3,0.37111622735056327,0.34477388324293595,-0.24152221312069777,VERIFIED_DOCUMENTED_VINTAGES_PARTIAL_RELEASE_HISTORY,2026Q2
UMIDAS_USD,standard,PERMISSIVE_END_OF_DAY,LATEST_REVISED,HISTORICAL_POST_DEVELOPMENT_TEST,ALL,LEAVE_ONE_QUARTER_OUT,9,3,0.78181497609154715,0.68317330698382106,0.097656827696591897,VERIFIED_DOCUMENTED_VINTAGES_PARTIAL_RELEASE_HISTORY,2026Q2
UMIDAS_USD,standard,PERMISSIVE_END_OF_DAY,LATEST_REVISED,HISTORICAL_POST_DEVELOPMENT_TEST,H2_H3,LEAVE_ONE_QUARTER_OUT,6,3,0.70541279150968916,0.58902199978283887,0.030812856023453666,VERIFIED_DOCUMENTED_VINTAGES_PARTIAL_RELEASE_HISTORY,2026Q2
UMIDAS_USD,standard,PERMISSIVE_END_OF_DAY,LATEST_REVISED,POOLED_RESEARCH_ONLY,H1,LEAVE_ONE_QUARTER_OUT,9,9,0.65139629979286529,0.5616487349978857,0.34190279643478028,VERIFIED_DOCUMENTED_VINTAGES_PARTIAL_RELEASE_HISTORY,2026Q2
UMIDAS_USD,standard,PERMISSIVE_END_OF_DAY,LATEST_REVISED,POOLED_RESEARCH_ONLY,H2,LEAVE_ONE_QUARTER_OUT,9,9,0.68626733717265143,0.59318265084829891,0.40687499026503321,VERIFIED_DOCUMENTED_VINTAGES_PARTIAL_RELEASE_HISTORY,2026Q2
UMIDAS_USD,standard,PERMISSIVE_END_OF_DAY,LATEST_REVISED,POOLED_RESEARCH_ONLY,H3,LEAVE_ONE_QUARTER_OUT,9,9,0.56474218437582402,0.43579715700877159,-0.065593156932140254,VERIFIED_DOCUMENTED_VINTAGES_PARTIAL_RELEASE_HISTORY,2026Q2
UMIDAS_USD,standard,PERMISSIVE_END_OF_DAY,LATEST_REVISED,POOLED_RESEARCH_ONLY,ALL,LEAVE_ONE_QUARTER_OUT,27,9,0.63619015298558212,0.53020951428498542,0.22772820992255774,VERIFIED_DOCUMENTED_VINTAGES_PARTIAL_RELEASE_HISTORY,2026Q2
UMIDAS_USD,standard,PERMISSIVE_END_OF_DAY,LATEST_REVISED,POOLED_RESEARCH_ONLY,H2_H3,LEAVE_ONE_QUARTER_OUT,18,9,0.62844912001037079,0.51448990392853533,0.17064091666644648,VERIFIED_DOCUMENTED_VINTAGES_PARTIAL_RELEASE_HISTORY,2026Q2
UMIDAS_USD,standard,STRICT,FIRST_RELEASE,HISTORICAL_POST_DEVELOPMENT_TEST,H1,LEAVE_ONE_QUARTER_OUT,3,3,0.91569075438823544,0.87147592138578689,0.23134477104286807,VERIFIED_DOCUMENTED_VINTAGES_PARTIAL_RELEASE_HISTORY,2026Q2
UMIDAS_USD,standard,STRICT,FIRST_RELEASE,HISTORICAL_POST_DEVELOPMENT_TEST,H2,LEAVE_ONE_QUARTER_OUT,3,3,0.9260060251683403,0.83327011632274317,0.3031479251676048,VERIFIED_DOCUMENTED_VINTAGES_PARTIAL_RELEASE_HISTORY,2026Q2
UMIDAS_USD,standard,STRICT,FIRST_RELEASE,HISTORICAL_POST_DEVELOPMENT_TEST,H3,LEAVE_ONE_QUARTER_OUT,3,3,0.37111622735056149,0.3447738832429339,-0.24152221312069808,VERIFIED_DOCUMENTED_VINTAGES_PARTIAL_RELEASE_HISTORY,2026Q2
UMIDAS_USD,standard,STRICT,FIRST_RELEASE,HISTORICAL_POST_DEVELOPMENT_TEST,ALL,LEAVE_ONE_QUARTER_OUT,9,3,0.78181497609154693,0.68317330698382128,0.097656827696591605,VERIFIED_DOCUMENTED_VINTAGES_PARTIAL_RELEASE_HISTORY,2026Q2
UMIDAS_USD,standard,STRICT,FIRST_RELEASE,HISTORICAL_POST_DEVELOPMENT_TEST,H2_H3,LEAVE_ONE_QUARTER_OUT,6,3,0.7054127915096885,0.58902199978283853,0.030812856023453367,VERIFIED_DOCUMENTED_VINTAGES_PARTIAL_RELEASE_HISTORY,2026Q2
UMIDAS_USD,standard,STRICT,FIRST_RELEASE,POOLED_RESEARCH_ONLY,H1,LEAVE_ONE_QUARTER_OUT,9,9,0.61086362295430396,0.49498206833121866,0.27523612976811385,VERIFIED_DOCUMENTED_VINTAGES_PARTIAL_RELEASE_HISTORY,2026Q2
UMIDAS_USD,standard,STRICT,FIRST_RELEASE,POOLED_RESEARCH_ONLY,H2,LEAVE_ONE_QUARTER_OUT,9,9,0.64221577121241147,0.52651598418163181,0.34020832359836678,VERIFIED_DOCUMENTED_VINTAGES_PARTIAL_RELEASE_HISTORY,2026Q2
UMIDAS_USD,standard,STRICT,FIRST_RELEASE,POOLED_RESEARCH_ONLY,H3,LEAVE_ONE_QUARTER_OUT,9,9,0.52771154425179034,0.36913049034210399,-0.1322598235988067,VERIFIED_DOCUMENTED_VINTAGES_PARTIAL_RELEASE_HISTORY,2026Q2
UMIDAS_USD,standard,STRICT,FIRST_RELEASE,POOLED_RESEARCH_ONLY,ALL,LEAVE_ONE_QUARTER_OUT,27,9,0.59555994284914193,0.46354284761831821,0.16106154325589131,VERIFIED_DOCUMENTED_VINTAGES_PARTIAL_RELEASE_HISTORY,2026Q2
UMIDAS_USD,standard,STRICT,FIRST_RELEASE,POOLED_RESEARCH_ONLY,H2_H3,LEAVE_ONE_QUARTER_OUT,18,9,0.58775869654585366,0.44782323726186785,0.10397424999978006,VERIFIED_DOCUMENTED_VINTAGES_PARTIAL_RELEASE_HISTORY,2026Q2
UMIDAS_USD,standard,STRICT,LATEST_REVISED,HISTORICAL_POST_DEVELOPMENT_TEST,H1,LEAVE_ONE_QUARTER_OUT,3,3,0.915690754388235,0.87147592138578533,0.23134477104286835,VERIFIED_DOCUMENTED_VINTAGES_PARTIAL_RELEASE_HISTORY,2026Q2
UMIDAS_USD,standard,STRICT,LATEST_REVISED,HISTORICAL_POST_DEVELOPMENT_TEST,H2,LEAVE_ONE_QUARTER_OUT,3,3,0.92600602516834052,0.83327011632274173,0.30314792516760508,VERIFIED_DOCUMENTED_VINTAGES_PARTIAL_RELEASE_HISTORY,2026Q2
UMIDAS_USD,standard,STRICT,LATEST_REVISED,HISTORICAL_POST_DEVELOPMENT_TEST,H3,LEAVE_ONE_QUARTER_OUT,3,3,0.37111622735056327,0.34477388324293595,-0.24152221312069777,VERIFIED_DOCUMENTED_VINTAGES_PARTIAL_RELEASE_HISTORY,2026Q2
UMIDAS_USD,standard,STRICT,LATEST_REVISED,HISTORICAL_POST_DEVELOPMENT_TEST,ALL,LEAVE_ONE_QUARTER_OUT,9,3,0.78181497609154715,0.68317330698382106,0.097656827696591897,VERIFIED_DOCUMENTED_VINTAGES_PARTIAL_RELEASE_HISTORY,2026Q2
UMIDAS_USD,standard,STRICT,LATEST_REVISED,HISTORICAL_POST_DEVELOPMENT_TEST,H2_H3,LEAVE_ONE_QUARTER_OUT,6,3,0.70541279150968916,0.58902199978283887,0.030812856023453666,VERIFIED_DOCUMENTED_VINTAGES_PARTIAL_RELEASE_HISTORY,2026Q2
UMIDAS_USD,standard,STRICT,LATEST_REVISED,POOLED_RESEARCH_ONLY,H1,LEAVE_ONE_QUARTER_OUT,9,9,0.65139629979286529,0.5616487349978857,0.34190279643478028,VERIFIED_DOCUMENTED_VINTAGES_PARTIAL_RELEASE_HISTORY,2026Q2
UMIDAS_USD,standard,STRICT,LATEST_REVISED,POOLED_RESEARCH_ONLY,H2,LEAVE_ONE_QUARTER_OUT,9,9,0.68626733717265143,0.59318265084829891,0.40687499026503321,VERIFIED_DOCUMENTED_VINTAGES_PARTIAL_RELEASE_HISTORY,2026Q2
UMIDAS_USD,standard,STRICT,LATEST_REVISED,POOLED_RESEARCH_ONLY,H3,LEAVE_ONE_QUARTER_OUT,9,9,0.56474218437582402,0.43579715700877159,-0.065593156932140254,VERIFIED_DOCUMENTED_VINTAGES_PARTIAL_RELEASE_HISTORY,2026Q2
UMIDAS_USD,standard,STRICT,LATEST_REVISED,POOLED_RESEARCH_ONLY,ALL,LEAVE_ONE_QUARTER_OUT,27,9,0.63619015298558212,0.53020951428498542,0.22772820992255774,VERIFIED_DOCUMENTED_VINTAGES_PARTIAL_RELEASE_HISTORY,2026Q2
UMIDAS_USD,standard,STRICT,LATEST_REVISED,POOLED_RESEARCH_ONLY,H2_H3,LEAVE_ONE_QUARTER_OUT,18,9,0.62844912001037079,0.51448990392853533,0.17064091666644648,VERIFIED_DOCUMENTED_VINTAGES_PARTIAL_RELEASE_HISTORY,2026Q2
